ticker,company_name,actionable_rank,target_weight_pct,tier_any,tier_any_reason,tier_dev,tier_reason,tier_commercial,alpha_cohort_pct,commercial_quality_pct,has_commercial_quality,clinical_optionality_pct_dev,has_clinical_optionality_dev,clinical_rank_pct_dev,catalyst_days,catalyst_in_window,catalyst_mode,cat_priority,mom_state,risk_flags,size_band,size_reasons,top_3_drivers,catalyst_reason_detail,decision_engine_version,decision_engine_ruleset_id,eligible,ineligible_reasons,alpha_cohort_key,alpha_cohort_raw,commercial_quality,clinical_alpha_z,clinical_readout_days,clinical_coverage_flag,clinical_score_z,clinical_score_z_tier,sponsor_tier1_count,sponsor_overlap_count,sponsor_net_buying,coinvest_score_z,coinvest_tag,coinvest_conviction,coinvest_tier1_conviction,coinvest_max_position_pct,coinvest_filing_age_days,coinvest_recency_state,inst_delta_z,inst_delta_net,inst_delta_new,inst_delta_exit,has_coinvest_signal,has_inst_delta,has_catalyst_signal,catalyst_strength,catalyst_decay_w,runway_bucket,cost_bucket,est_cost_bps,cost_mult,cost_haircut_applied,dd_rel_margin_rescued,catalyst_tilt_mult,catalyst_tilt_applied,mom_state_tilt_mult,mom_state_tilt_applied,de_catalyst_days,de_catalyst_in_window,de_catalyst_mode,de_alpha_60d,de_alpha_60d_source,de_alpha_60d_missing_reason,de_tier1_count,de_beta_xbi_60d,de_beta_xbi_60d_source,de_beta_xbi_60d_missing_reason,de_drawdown,de_drawdown_missing_reason,de_rsi_14d,de_drawdown_xbi,de_drawdown_rel_xbi,stage_bucket,market_cap_bucket,severity,archetype,returns_source,catalyst_source,catalyst_event_type,missing_components,missingness_penalty,confidence_overall,momentum_score,catalyst_score,smart_money_score,valuation_score,clinical_score,financial_score,composite_rank,composite_score,score_rank_pct,score_z,composite_score_attn,score_rank_pct_attn,score_z_attn,clinical_score_v2,competitive_intensity_z,sizing_multiplier_clinical,clinical_score_v2_z,de_vol_60d
SION,"Sionna Therapeutics, Inc.",1,0.33,A,high_opt+catalyst_near,A,high_opt+catalyst_near,,0.819489,,0,0.980226,1,0.019774,97,0,specific_days,3,headwind,,M,tier_a_dev|sponsor_confirmed|momentum_headwind|runway_short,smart_money_score:+48.3;clinical_score:-31.7;financial_score:-31.7,tier=A;reason=high_opt+catalyst_near;cat_days=97;strength=near;decay_w=1.0,v1.3.0,88d7ae9a,1,,mid|near_91_180|nonpos,0.0646411489361702,,-1.1191,97,1,-1.5192,-1.3428,6,6,buying,1.1101,elite_6,7.241,7.241,3.79,102,stale,0.0,0,0,0,True,False,True,near,1.0,short,<=1000bps,947.98,0.85,1,0,1.0,0,1.0,0,97,False,specific_days,-0.272577,price_history,,6,1.7044,price_history,,-0.160971,,45.7427,-0.018317,-0.142654,mid,small,sev2,drug_developer,morningstar,CTGOV_CALENDAR,CT_PRIMARY_COMPLETION,,0,0.7647878277350742339686216700,45.87,42.42204844444444444444444444,85,50,5,5,257,0.0646411489361702,0.180511,-0.9134,9.17,0.036741,-1.7898,5,0,1.0,0,
PEPG,PepGen Inc.,2,0.45,A,high_opt+catalyst_mid,A,high_opt+catalyst_mid,,0.816294,,0,0.935028,1,0.064972,158,0,specific_days,3,tailwind,,L,tier_a_dev|sponsor_confirmed|momentum_tailwind|cost_haircut_<=2000bps,clinical_score:-47.6;momentum_score:+43.9;smart_money_score:+22.6,tier=A;reason=high_opt+catalyst_mid;cat_days=158;strength=mid;decay_w=0.7,v1.3.0,88d7ae9a,1,,mid|near_91_180|nonpos,0.0646411489361702,,-0.1479,0,1,-1.5133,-1.3271,7,7,buying,1.4932,elite_7,4.8137,4.8137,1.14,102,stale,0.0,0,0,0,True,False,True,mid,0.7,adequate,<=2000bps,1511.81,0.7,1,0,1.0,0,1.0,0,158,False,specific_days,-0.034018,price_history,,7,1.1616,price_history,,-0.118549,,56.1977,-0.018317,-0.100232,mid,small,none,drug_developer,morningstar,CTGOV_CALENDAR,CT_PRIMARY_COMPLETION,,0,0.7936724370503597122302158273,96.55,50.768,75.31380245796648810829988052,46.23,5.138063152331880036992997754,35.69444444444444444444444444,256,0.0646411489361702,0.183706,-0.9013,11.72,0.08147,-1.3953,5.138063152331880036992997754,0,1.0,0,
ORKA,"Oruka Therapeutics, Inc.",3,0.54,A,high_opt+catalyst_near,A,high_opt+catalyst_near,,0.813099,,0,0.872881,1,0.127119,97,0,specific_days,3,tailwind,,L,tier_a_dev|sponsor_confirmed|momentum_tailwind,clinical_score:-41.7;smart_money_score:+33.9;momentum_score:+26.2,tier=A;reason=high_opt+catalyst_near;cat_days=97;strength=near;decay_w=1.0,v1.3.0,88d7ae9a,1,,mid|near_91_180|nonpos,0.0646411489361702,,-1.1065,97,1,-1.3309,-0.8404,7,7,buying,1.4932,elite_7,8.1186,8.1186,2.89,102,stale,0.0,0,0,0,True,False,True,near,1.0,adequate,<=1000bps,758.09,0.85,1,0,1.0,0,1.0,0,97,False,specific_days,0.060324,price_history,,7,1.5481,price_history,,0.0,,63.351,-0.018317,0.018317,mid,small,none,drug_developer,morningstar,CTGOV_CALENDAR,CT_PRIMARY_COMPLETION,,0,0.8420740964529484166946402596,77.21,42.42204844444444444444444444,85,10.38,9.402827321971198308891531248,41.25000000000000000000000000,255,0.0646411489361702,0.186901,-0.8894,22.87,0.410543,-0.2261,9.402827321971198308891531248,0,1.0,0,
OCGN,"Ocugen, Inc.",4,0.27,A,high_opt+catalyst_near,A,high_opt+catalyst_near,,0.694888,,0,0.799435,1,0.200565,94,0,specific_days,3,tailwind,,M,tier_a_dev|momentum_tailwind|runway_short|cost_haircut_<=2000bps,momentum_score:+41.1;financial_score:-27.9;clinical_score:-16.9,tier=A;reason=high_opt+catalyst_near;cat_days=94;strength=near;decay_w=1.0,v1.3.0,88d7ae9a,1,,late|near_91_180|nonpos,0.0743638577586207,,0.4872,0,1,-1.0478,-0.0853,0,0,neutral,-1.1884,,0.0,0.0,0.0,,,0.0,0,0,0,True,False,True,near,1.0,short,<=2000bps,1173.26,0.7,1,0,1.0,0,1.0,0,94,False,specific_days,0.45065,price_history,,0,1.0445,price_history,,-0.068063,,68.2625,-0.018317,-0.049746,late,small,sev2,drug_developer,morningstar,CTGOV_CALENDAR,CT_STUDY_COMPLETION,,0,0.8569526884272997032640949555,74.05,36.65610844444444444444444444,,78.32,16.02040816326530612244897959,5,218,0.0743638577586207,0.305112,-0.5098,3.07,0.001597,-2.9483,16.02040816326530612244897959,0,1.0,0,
KOD,Kodiak Sciences Inc,5,0.54,A,high_opt+catalyst_mid,A,high_opt+catalyst_mid,,0.688498,,0,0.968927,1,0.031073,158,0,specific_days,3,tailwind,high_beta,L,tier_a_dev|sponsor_confirmed|momentum_tailwind|high_risk,momentum_score:+47.3;clinical_score:-39.0;financial_score:-34.7,tier=A;reason=high_opt+catalyst_mid;cat_days=158;strength=mid;decay_w=0.7,v1.3.0,88d7ae9a,1,,late|near_91_180|nonpos,0.0743638577586207,,0.4425,0,1,-1.5192,-1.3428,3,3,buying,-0.0392,elite_3,2.8918,2.8918,2.05,102,stale,0.0,0,0,0,True,False,True,mid,0.7,adequate,<=1000bps,676.53,0.85,1,0,1.0,0,1.0,0,158,False,specific_days,0.091885,price_history,,3,1.8487,price_history,,-0.099743,,59.5423,-0.018317,-0.081426,late,small,sev1,drug_developer,morningstar,CTGOV_CALENDAR,CT_PRIMARY_COMPLETION,,0,0.8719901153980650425457512531,91.31,47.77154177777777777777777778,66.61501877008606998240600369,46.17,5,9.343436782997222557662118109,216,0.0743638577586207,0.311502,-0.4916,8.89,0.033546,-1.8311,5,0,1.0,0,
FDMT,"4D Molecular Therapeutics, Inc.",6,0.13,A,high_opt+catalyst_near,A,high_opt+catalyst_near,,0.675719,,0,0.90678,1,0.09322,97,0,specific_days,3,neutral,high_beta,S,tier_a_dev|high_risk|cost_haircut_<=2000bps,clinical_score:-33.1;financial_score:+11.6;catalyst_score:+10.3,tier=A;reason=high_opt+catalyst_near;cat_days=97;strength=near;decay_w=1.0,v1.3.0,88d7ae9a,1,,late|near_91_180|nonpos,0.0743638577586207,,0.4653,0,1,-1.445,-1.1449,1,1,neutral,-0.8054,elite_1,0.8155,0.8155,0.49,102,stale,0.0,0,0,0,True,False,True,near,1.0,adequate,<=2000bps,1082.81,0.7,1,0,1.0,0,1.0,0,97,False,specific_days,-0.198998,price_history,,1,2.0956,price_history,,-0.179299,,64.532,-0.018317,-0.160982,late,small,none,drug_developer,morningstar,CTGOV_CALENDAR,CT_PRIMARY_COMPLETION,,0,0.8168019514483405652632813416,48.77,50.120,42.07257354308630073585895109,71.68,6.734693877551020408163265306,51.38461538461538461538461539,212,0.0743638577586207,0.324281,-0.4558,16.29,0.228435,-0.744,6.734693877551020408163265306,0,1.0,0,
DNTH,"Dianthus Therapeutics, Inc.",7,0.54,A,high_opt+catalyst_mid,A,high_opt+catalyst_mid,,0.669329,,0,0.951977,1,0.048023,126,0,specific_days,3,tailwind,,L,tier_a_dev|sponsor_confirmed|momentum_tailwind,clinical_score:-46.2;smart_money_score:+33.8;momentum_score:+22.4,tier=A;reason=high_opt+catalyst_mid;cat_days=126;strength=mid;decay_w=0.7,v1.3.0,88d7ae9a,1,,late|near_91_180|nonpos,0.0743638577586207,,0.4396,0,1,-1.5192,-1.3428,8,8,buying,1.8763,elite_8,11.6832,11.6832,28.7,102,stale,0.0,0,0,0,True,False,True,mid,0.7,adequate,<=1000bps,514.06,0.85,1,0,1.0,0,1.0,0,126,False,specific_days,0.109331,price_history,,8,1.3231,price_history,,-0.009927,,60.0525,-0.018317,0.00839,late,mid,none,drug_developer,morningstar,CTGOV_CALENDAR,CT_PRIMARY_COMPLETION,,0,0.8481678661087866108786610879,73.62,36.88661377777777777777777778,85,10.00,5,55.44067796610169491525423729,210,0.0743638577586207,0.330671,-0.4381,20.27,0.346645,-0.3944,5,0,1.0,0,
COGT,"Cogent Biosciences, Inc.",8,0.64,A,high_opt+catalyst_near,A,high_opt+catalyst_near,,0.662939,,0,0.833333,1,0.166667,97,0,specific_days,3,tailwind,high_vol,L,tier_a_dev|sponsor_confirmed|momentum_tailwind|high_risk,clinical_score:-40.4;smart_money_score:+31.5;momentum_score:+28.9,tier=A;reason=high_opt+catalyst_near;cat_days=97;strength=near;decay_w=1.0,v1.3.0,88d7ae9a,1,,late|near_91_180|nonpos,0.0743638577586207,,0.48,0,1,-1.1754,-0.4257,7,7,buying,1.4932,elite_7,9.5657,9.5657,3.09,102,stale,0.0,0,0,0,True,False,True,near,1.0,adequate,<=400bps,349.47,1.0,0,0,1.0,0,1.0,0,97,False,specific_days,-0.084739,price_history,,7,1.0508,price_history,,-0.06958,,57.6085,-0.018317,-0.051263,late,mid,none,drug_developer,morningstar,CTGOV_CALENDAR,CT_PRIMARY_COMPLETION,,0,0.8194949981921176328793539834,82.34,48.21000000000000000000000000,85,22.19,13.03721828867601462353648942,38.82160298764722780810112037,208,0.0743638577586207,0.337061,-0.4205,15.92,0.20607,-0.8201,13.03721828867601462353648942,0,1.0,0,
CGON,"CG Oncology, Inc.",9,0.54,A,high_opt+catalyst_near,A,high_opt+catalyst_near,,0.659744,,0,0.867232,1,0.132768,97,0,specific_days,3,tailwind,,L,tier_a_dev|sponsor_confirmed|momentum_tailwind,clinical_score:-43.3;smart_money_score:+32.0;momentum_score:+18.6,tier=A;reason=high_opt+catalyst_near;cat_days=97;strength=near;decay_w=1.0,v1.3.0,88d7ae9a,1,,late|near_91_180|nonpos,0.0743638577586207,,0.4721,0,1,-1.3174,-0.8046,6,6,buying,1.1101,elite_6,8.8006,8.8006,14.68,102,stale,0.0,0,0,0,True,False,True,near,1.0,adequate,<=1000bps,409.3,0.85,1,0,1.0,0,1.0,0,97,False,specific_days,0.200034,price_history,,6,1.2094,price_history,,0.0,,66.2257,-0.018317,0.018317,late,mid,none,drug_developer,morningstar,CTGOV_CALENDAR,CT_PRIMARY_COMPLETION,,0,0.8630416496822922910921951804,71.65,45.92459377777777777777777778,85,15.56,9.716553287981859410430838996,52.84745762711864406779661017,207,0.0743638577586207,0.340256,-0.4118,17.46,0.269968,-0.6129,9.716553287981859410430838996,0,1.0,0,
VRDN,"Viridian Therapeutics, Inc.",10,0.54,A,high_opt+catalyst_near,A,high_opt+catalyst_near,,0.599042,,0,0.771186,1,0.228814,5,1,specific_days,3,neutral,,L,tier_a_dev|sponsor_confirmed|runway_short,smart_money_score:+35.0;financial_score:-33.5;clinical_score:-21.7,tier=A;reason=high_opt+catalyst_near;cat_days=5;strength=near;decay_w=1.0,v1.3.0,88d7ae9a,1,,late|near_0_30|pos,0.09254273684210526,,0.4898,0,1,-0.9875,0.0756,4,4,buying,0.3439,elite_4,5.6152,5.6152,3.24,102,stale,0.0,0,0,0,True,False,True,near,1.0,short,<=1000bps,492.1,0.85,1,0,1.0,0,1.0,0,5,True,specific_days,-0.10863,price_history,,4,0.6593,price_history,,-0.129663,,46.086,-0.018317,-0.111346,late,mid,sev2,drug_developer,morningstar,CTGOV_CALENDAR,CT_PRIMARY_COMPLETION,,0,0.9,47.50,50.954,74.08684919049562961869688008,26.79,17.43023740108288213244481466,5.612754955472565354783108299,188,0.09254273684210526,0.400958,-0.2509,10.64,0.055911,-1.5901,17.43023740108288213244481466,0,1.0,0,
PVLA,"Palvella Therapeutics, Inc.",11,0.54,A,high_opt+catalyst_near,A,high_opt+catalyst_near,,0.576677,,0,0.658192,1,0.341808,5,1,specific_days,3,tailwind,high_beta|overbought_rsi,L,tier_a_dev|sponsor_confirmed|momentum_tailwind|high_risk,financial_score:-37.7;smart_money_score:+33.4;momentum_score:+28.9,tier=A;reason=high_opt+catalyst_near;cat_days=5;strength=near;decay_w=1.0,v1.3.0,88d7ae9a,1,,late|near_0_30|pos,0.09254273684210526,,0.5119,0,1,-0.585,1.1496,4,4,buying,0.3439,elite_4,5.4634,5.4634,1.9,102,stale,0.0,0,0,0,True,False,True,near,1.0,adequate,<=1000bps,648.72,0.85,1,0,1.0,0,1.0,0,5,True,specific_days,0.138893,price_history,,4,1.9248,price_history,,0.0,,74.0099,-0.018317,0.018317,late,small,none,drug_developer,morningstar,CTGOV_CALENDAR,CT_STUDY_COMPLETION,,0,0.8523330932744801951446160994,79.16,49.15024044444444444444444444,83.65976165201671901887491496,43.62,26.84275070572446665741126382,12.56967086637416307745978075,181,0.09254273684210526,0.423323,-0.1934,17.56,0.279553,-0.5842,26.84275070572446665741126382,0,1.0,0,
NMRA,"Neumora Therapeutics, Inc.",12,0.27,A,high_opt+catalyst_near,A,high_opt+catalyst_near,,0.573482,,0,0.641243,1,0.358757,5,1,specific_days,3,tailwind,overbought_rsi,M,tier_a_dev|momentum_tailwind|runway_short|cost_haircut_<=2000bps,momentum_score:+46.2;financial_score:-33.7;clinical_score:-13.6,tier=A;reason=high_opt+catalyst_near;cat_days=5;strength=near;decay_w=1.0,v1.3.0,88d7ae9a,1,,late|near_0_30|pos,0.09254273684210526,,0.5126,0,1,-0.5405,1.2682,1,1,neutral,-0.8054,elite_1,0.5833,0.5833,0.1,102,stale,0.0,0,0,0,True,False,True,near,1.0,short,<=2000bps,1309.36,0.7,1,0,1.0,0,1.0,0,5,True,specific_days,0.420708,price_history,,1,1.5322,price_history,,-0.044568,,73.1779,-0.018317,-0.026251,late,small,sev2,drug_developer,morningstar,CTGOV_CALENDAR,CT_STUDY_COMPLETION,,0,0.7892647078651685393258426966,87.67,44.24984177777777777777777778,39.79555756191337465627111426,58.93,27.88213244481466055810079134,7.776851963665150478337291523,180,0.09254273684210526,0.426518,-0.1852,5.61,0.011182,-2.2841,27.88213244481466055810079134,0,1.0,0,
IMVT,"Immunovant, Inc.",13,0.54,A,high_opt+catalyst_near,A,high_opt+catalyst_near,,0.554313,,0,0.70904,1,0.29096,5,1,specific_days,3,tailwind,,L,tier_a_dev|sponsor_confirmed|momentum_tailwind,clinical_score:-28.8;smart_money_score:+14.5;momentum_score:+8.4,tier=A;reason=high_opt+catalyst_near;cat_days=5;strength=near;decay_w=1.0,v1.3.0,88d7ae9a,1,,late|near_0_30|pos,0.09254273684210526,,0.5025,0,1,-0.7588,0.6858,6,6,selling,1.1101,elite_6,6.278,6.278,4.38,102,stale,0.0,0,0,0,True,False,True,near,1.0,adequate,<=1000bps,482.84,0.85,1,0,1.0,0,1.0,0,5,True,specific_days,0.055427,price_history,,6,1.3028,price_history,,-0.005447,,58.2111,-0.018317,0.01287,late,mid,none,drug_developer,morningstar,CTGOV_CALENDAR,CT_PRIMARY_COMPLETION,,0,0.9,59.93,51.824,66.04060182298325421093610931,32.40,22.77777777777777777777777778,57.16949152542372881355932203,174,0.09254273684210526,0.445687,-0.1366,30.17,0.560703,0.1528,22.77777777777777777777777778,0,1.0,0,
VERA,"Vera Therapeutics, Inc.",14,0.54,A,high_opt+catalyst_near,A,high_opt+catalyst_near,,0.410543,,0,0.918079,1,0.081921,19,1,specific_days,9,tailwind,,L,tier_a_dev|sponsor_confirmed|momentum_tailwind,clinical_score:-40.9;smart_money_score:+33.8;catalyst_score:-23.5,tier=A;reason=high_opt+catalyst_near;cat_days=19;strength=near;decay_w=1.0,v1.3.0,88d7ae9a,1,,late|near_0_30|nonpos,0.09603160592255125,,0.4622,0,1,-1.4628,-1.1924,5,5,buying,0.727,elite_5,6.9594,6.9594,4.44,102,stale,0.0,0,0,0,True,False,True,near,1.0,adequate,<=1000bps,425.71,0.85,1,0,1.0,0,1.0,0,19,True,specific_days,0.337569,price_history,,5,1.5083,price_history,,-0.238908,,44.3015,-0.018317,-0.220591,late,mid,none,drug_developer,morningstar,,,,0,0.8221753753753753753753753754,68.72,23.72054044444444444444444444,81.01952765849482240217299947,16.07,6.317969364616594937294645750,56.30508474576271186440677966,129,0.09603160592255125,0.589457,0.2261,20.68,0.359425,-0.36,6.317969364616594937294645750,0,1.0,0,
REPL,"Replimune Group, Inc.",15,0.54,A,high_opt+catalyst_near,A,high_opt+catalyst_near,,0.397764,,0,0.855932,1,0.144068,5,1,specific_days,9,headwind,deep_drawdown|deep_drawdown_rel_xbi,L,tier_a_dev|sponsor_confirmed|momentum_headwind,clinical_score:-34.3;smart_money_score:+17.3;catalyst_score:+10.0,tier=A;reason=high_opt+catalyst_near;cat_days=5;strength=near;decay_w=1.0,v1.3.0,88d7ae9a,1,,late|near_0_30|nonpos,0.09603160592255125,,0.4757,0,1,-1.2801,-0.705,5,5,selling,0.727,elite_5,4.2769,4.2769,4.72,102,stale,0.0,0,0,0,True,False,True,near,1.0,adequate,<=1000bps,911.95,0.85,1,0,1.0,0,1.0,0,5,True,specific_days,-0.205803,price_history,,5,1.2264,price_history,,-0.385746,,55.8498,-0.018317,-0.367429,late,small,none,drug_developer,morningstar,,,,0,0.8339424527207332637196890591,44.86,54.896,62.20669549498968717808693736,81.38,10.58933777592669720949604332,51.94505494505494505494505494,125,0.09603160592255125,0.602236,0.2591,14.71,0.161342,-0.989,10.58933777592669720949604332,0,1.0,0,
OLMA,"Olema Pharmaceuticals, Inc.",16,0.54,A,high_opt+catalyst_near,A,high_opt+catalyst_near,,0.394569,,0,0.810734,1,0.189266,5,1,specific_days,3,tailwind,high_vol|deep_drawdown_rel_xbi,L,tier_a_dev|sponsor_confirmed|momentum_tailwind|high_risk,clinical_score:-39.2;momentum_score:+36.6;smart_money_score:+31.2,tier=A;reason=high_opt+catalyst_near;cat_days=5;strength=near;decay_w=1.0,v1.3.0,88d7ae9a,1,,late|near_0_30|nonpos,0.09603160592255125,,0.4817,0,1,-1.1072,-0.2438,3,3,buying,-0.0392,elite_3,5.427,5.427,4.45,102,stale,0.0,0,0,0,True,False,True,near,1.0,adequate,<=1000bps,464.47,0.85,1,0,1.0,0,1.0,0,5,True,specific_days,-0.114024,price_history,,3,0.9023,price_history,,-0.310913,,49.7499,-0.018317,-0.292596,late,small,none,drug_developer,morningstar,CTGOV_CALENDAR,CT_PRIMARY_COMPLETION,,0,0.8176734693877551020408163265,90.37,48.48316844444444444444444444,85,29.85,14.63140358184089962515618492,30.56213017751479289940828402,124,0.09603160592255125,0.605431,0.2674,12.31,0.100639,-1.2779,14.63140358184089962515618492,0,1.0,0,
NUVL,"Nuvalent, Inc.",17,0.54,A,high_opt+catalyst_near,A,high_opt+catalyst_near,,0.388179,,0,0.929379,1,0.070621,5,1,specific_days,3,headwind,,L,tier_a_dev|sponsor_confirmed|momentum_headwind,clinical_score:-42.0;smart_money_score:+36.2;catalyst_score:+5.3,tier=A;reason=high_opt+catalyst_near;cat_days=5;strength=near;decay_w=1.0,v1.3.0,88d7ae9a,1,,late|near_0_30|nonpos,0.09603160592255125,,0.378,5,1,-1.4893,-1.2633,5,5,buying,0.727,elite_5,7.149,7.149,23.75,102,stale,0.0,0,0,0,True,False,True,near,1.0,adequate,<=1000bps,430.29,0.85,1,0,1.0,0,1.0,0,5,True,specific_days,-0.12864,price_history,,5,1.2399,price_history,,-0.062863,,53.5005,-0.018317,-0.044546,late,mid,none,drug_developer,morningstar,CTGOV_CALENDAR,CT_PRIMARY_COMPLETION,,0,0.9,44.90,52.976,83.88580934093244102421367216,10.00,5.697221065296867046138183160,51.11864406779661016949152542,122,0.09603160592255125,0.611821,0.2841,19.03,0.308307,-0.5007,5.697221065296867046138183160,0,1.0,0,
ADCT,ADC Therapeutics SA,18,0.45,A,high_opt+catalyst_near,A,high_opt+catalyst_near,,0.34984,,0,0.884181,1,0.115819,4,1,specific_days,3,neutral,,L,tier_a_dev|sponsor_confirmed|cost_haircut_<=2000bps,clinical_score:-38.1;smart_money_score:+36.0;momentum_score:+3.6,tier=A;reason=high_opt+catalyst_near;cat_days=4;strength=near;decay_w=1.0,v1.3.0,88d7ae9a,1,,late|near_0_30|nonpos,0.09603160592255125,,0.4704,0,1,-1.3818,-0.9764,3,3,buying,-0.0392,elite_3,3.9275,3.9275,6.1,102,stale,0.0,0,0,0,True,False,True,near,1.0,adequate,<=2000bps,1414.62,0.7,1,0,1.0,0,1.0,0,4,True,specific_days,-0.024597,price_history,,3,0.3633,price_history,,-0.051836,,65.4085,-0.018317,-0.033519,late,small,none,drug_developer,morningstar,CTGOV_CALENDAR,CT_PRIMARY_COMPLETION,,0,0.8176398601398601398601398601,49.95,46.22894400000000000000000000,82.29750348886642976117052827,90.00,8.211451247165532879818594108,45.00262984878369493754109138,110,0.09603160592255125,0.65016,0.3858,14.89,0.177316,-0.9256,8.211451247165532879818594108,0,1.0,0,
ZBIO,"Zenas BioPharma, Inc.",19,0.33,A,high_opt+catalyst_near,A,high_opt+catalyst_near,,0.314696,,0,0.669492,1,0.330508,97,0,specific_days,3,headwind,high_vol|deep_drawdown|deep_drawdown_rel_xbi,M,tier_a_dev|sponsor_confirmed|momentum_headwind|high_risk,smart_money_score:+26.9;clinical_score:-17.6;financial_score:-14.8,tier=A;reason=high_opt+catalyst_near;cat_days=97;strength=near;decay_w=1.0,v1.3.0,88d7ae9a,1,,late|near_91_180|pos,0.1,,0.5072,0,1,-0.629,1.0321,3,3,buying,-0.0392,elite_3,3.5454,3.5454,2.08,102,stale,0.0,0,0,0,True,False,True,near,1.0,adequate,<=1000bps,701.88,0.85,1,0,1.0,0,1.0,0,97,False,specific_days,-0.443862,price_history,,3,1.446,price_history,,-0.396108,,56.7843,-0.018317,-0.377791,late,small,none,drug_developer,morningstar,CTGOV_CALENDAR,CT_PRIMARY_COMPLETION,,0,0.8188672607879924953095684803,43.73,48.50694444444444444444444444,70.35495264301726931754213700,48.72,25.81262436947568142903419872,28.62328757933153537549141944,99,0.1,0.685304,0.4826,16.74,0.241214,-0.7024,25.81262436947568142903419872,0,1.0,0,
SYRE,"Spyre Therapeutics, Inc.",20,0.54,A,high_opt+catalyst_near,A,high_opt+catalyst_near,,0.279553,,0,0.629944,1,0.370056,38,1,specific_days,3,tailwind,overbought_rsi,L,tier_a_dev|sponsor_confirmed|momentum_tailwind,momentum_score:+32.9;clinical_score:-27.2;financial_score:-13.1,tier=A;reason=high_opt+catalyst_near;cat_days=38;strength=near;decay_w=1.0,v1.3.0,88d7ae9a,1,,mid|near_31_90|pos,0.1,,-0.1061,0,1,-0.4995,1.3775,6,6,buying,1.1101,elite_6,4.9752,4.9752,2.06,102,stale,0.0,0,0,0,True,False,True,near,1.0,adequate,<=1000bps,555.92,0.85,1,0,1.0,0,1.0,0,38,True,specific_days,0.418501,price_history,,6,1.0267,price_history,,-0.016523,,74.7216,-0.018317,0.001794,mid,mid,none,drug_developer,morningstar,CTGOV_CALENDAR,CT_PRIMARY_COMPLETION,,0,0.8425971969006381039197812215,88.93,63.398,56.05372958794098791072572129,10.00,28.84000528471396485665213370,42.92046505482890738538776589,88,0.1,0.720447,0.5842,31.29,0.599042,0.2509,28.84000528471396485665213370,0,1.0,0,
RVMD,"Revolution Medicines, Inc.",21,0.64,A,high_opt+catalyst_near,A,high_opt+catalyst_near,,0.257188,,0,0.70339,1,0.29661,65,0,specific_days,3,tailwind,,L,tier_a_dev|sponsor_confirmed|momentum_tailwind,clinical_score:-32.6;momentum_score:+30.7;smart_money_score:+29.2,tier=A;reason=high_opt+catalyst_near;cat_days=65;strength=near;decay_w=1.0,v1.3.0,88d7ae9a,1,,late|near_31_90|pos,0.1,,0.5043,0,1,-0.7374,0.7428,8,8,buying,1.8763,elite_8,12.8369,12.8369,10.31,102,stale,0.0,0,0,0,True,False,True,near,1.0,adequate,<=400bps,176.68,1.0,0,0,1.0,0,1.0,0,65,False,specific_days,0.293363,price_history,,8,1.1845,price_history,,-0.14959,,60.3938,-0.018317,-0.131273,late,large,none,drug_developer,morningstar,CTGOV_CALENDAR,CT_PRIMARY_COMPLETION,,0,0.8897512801391996022868506090,86.55,39.81783511111111111111111111,85,10.00,23.27780091628488129945855894,44.49679012345679012345679012,81,0.1,0.742812,0.652,24.77,0.432907,-0.169,23.27780091628488129945855894,0,1.0,0,
RNA,"Avidity Biosciences, Inc.",22,0.64,A,high_opt+catalyst_mid,A,high_opt+catalyst_mid,,0.250799,,0,0.635593,1,0.364407,158,0,specific_days,3,neutral,,L,tier_a_dev|sponsor_confirmed|runway_short,smart_money_score:+41.7;financial_score:-38.3;clinical_score:-14.9,tier=A;reason=high_opt+catalyst_mid;cat_days=158;strength=mid;decay_w=0.7,v1.3.0,88d7ae9a,1,,late|near_91_180|pos,0.1,,0.5127,0,1,-0.5181,1.3279,11,11,buying,3.0256,elite_11,16.9569,16.9569,6.47,102,stale,0.0,0,0,0,True,False,True,mid,0.7,short,<=400bps,254.06,1.0,0,0,1.0,0,1.0,0,158,False,specific_days,0.014591,price_history,,11,0.0322,price_history,,-0.002468,,55.5998,-0.018317,0.015849,late,large,sev2,drug_developer,morningstar,CTGOV_CALENDAR,CT_PRIMARY_COMPLETION,,0,0.8868460772104607721046077210,51.06,47.14560000000000000000000000,85,10.00,28.40529409042528576056272850,5,79,0.1,0.749201,0.672,11.24,0.07508,-1.439,28.40529409042528576056272850,0,1.0,0,
PRAX,"Praxis Precision Medicines, Inc",23,0.64,A,high_opt+catalyst_near,A,high_opt+catalyst_near,,0.231629,,0,0.663842,1,0.336158,97,0,specific_days,3,tailwind,,L,tier_a_dev|sponsor_confirmed|momentum_tailwind,financial_score:-45.3;momentum_score:+43.3;smart_money_score:+31.4,tier=A;reason=high_opt+catalyst_near;cat_days=97;strength=near;decay_w=1.0,v1.3.0,88d7ae9a,1,,late|near_91_180|pos,0.1,,0.5116,0,1,-0.607,1.0907,8,8,buying,1.8763,elite_8,9.3222,9.3222,3.66,102,stale,0.0,0,0,0,True,False,True,near,1.0,adequate,<=400bps,211.87,1.0,0,0,1.0,0,1.0,0,97,False,specific_days,0.816398,price_history,,8,0.6444,price_history,,0.0,,64.9066,-0.018317,0.018317,late,mid,sev1,drug_developer,morningstar,CTGOV_CALENDAR,CT_PRIMARY_COMPLETION,,0,0.8156330562582821346825683653,96.55,50.912,84.64394938456868991355328135,14.03,26.32653061224489795918367346,7.974273037760541351463500274,73,0.1,0.768371,0.7335,10.38,0.052716,-1.6191,26.32653061224489795918367346,0,1.0,0,
PHVS,Pharvaris N.V.,24,0.27,A,high_opt+catalyst_near,A,high_opt+catalyst_near,,0.228435,,0,0.69209,1,0.30791,36,1,specific_days,3,headwind,,M,tier_a_dev|sponsor_confirmed|momentum_headwind|cost_haircut_<=2000bps,financial_score:-40.8;smart_money_score:+39.2;catalyst_score:+24.1,tier=A;reason=high_opt+catalyst_near;cat_days=36;strength=near;decay_w=1.0,v1.3.0,88d7ae9a,1,,late|near_31_90|pos,0.1,,0.5045,0,1,-0.716,0.8002,9,9,buying,2.2594,elite_9,12.5963,12.5963,65.62,102,stale,0.0,0,0,0,True,False,True,near,1.0,adequate,<=2000bps,1125.76,0.7,1,0,1.0,0,1.0,0,36,True,specific_days,-0.004286,price_history,,9,1.5142,price_history,,-0.048187,,57.1252,-0.018317,-0.02987,late,small,none,drug_developer,morningstar,CTGOV_CALENDAR,CT_STUDY_COMPLETION,,0,0.7958747241259147403879660820,45.42,69.986,85,38.52,23.78013790550233698921745569,5,72,0.1,0.771565,0.744,18.83,0.301917,-0.5189,23.78013790550233698921745569,0,1.0,0,
KURA,"Kura Oncology, Inc.",25,0.54,A,high_opt+catalyst_mid,A,high_opt+catalyst_mid,,0.183706,,0,0.714689,1,0.285311,158,0,specific_days,3,headwind,deep_drawdown_rel_xbi,L,tier_a_dev|sponsor_confirmed|momentum_headwind,smart_money_score:+35.3;financial_score:-15.4;clinical_score:-14.3,tier=A;reason=high_opt+catalyst_mid;cat_days=158;strength=mid;decay_w=0.7,v1.3.0,88d7ae9a,1,,late|near_91_180|pos,0.1,,0.5019,0,1,-0.7801,0.629,4,4,buying,0.3439,elite_4,4.3069,4.3069,2.16,102,stale,0.0,0,0,0,True,False,True,mid,0.7,adequate,<=1000bps,894.92,0.85,1,0,1.0,0,1.0,0,158,False,specific_days,-0.392786,price_history,,4,1.7015,price_history,,-0.30972,,46.9195,-0.018317,-0.291403,late,small,sev1,drug_developer,morningstar,CTGOV_CALENDAR,CT_PRIMARY_COMPLETION,,0,0.8779831452832383389554495754,27.89,39.59360400000000000000000000,71.82491461400427711085022377,84.44,22.28006848998102642417511222,21.17813200230782648365065947,58,0.1,0.816294,0.9013,17.20,0.257188,-0.652,22.28006848998102642417511222,0,1.0,0,
IRON,"Disc Medicine, Inc.",26,0.54,A,high_opt+catalyst_near,A,high_opt+catalyst_near,,0.167732,,0,0.618644,1,0.381356,66,0,specific_days,3,headwind,deep_drawdown_rel_xbi,L,tier_a_dev|sponsor_confirmed|momentum_headwind,smart_money_score:+34.5;momentum_score:-23.1;clinical_score:-20.5,tier=A;reason=high_opt+catalyst_near;cat_days=66;strength=near;decay_w=1.0,v1.3.0,88d7ae9a,1,,late|near_31_90|pos,0.1,,0.5144,0,1,-0.4504,1.5086,8,8,buying,1.8763,elite_8,9.9863,9.9863,2.74,102,stale,0.0,0,0,0,True,False,True,near,1.0,adequate,<=1000bps,472.42,0.85,1,0,1.0,0,1.0,0,66,False,specific_days,-0.344753,price_history,,8,0.8891,price_history,,-0.296568,,42.8336,-0.018317,-0.278251,late,mid,none,drug_developer,morningstar,CTGOV_CALENDAR,CT_STUDY_COMPLETION,,0,0.8989183806919510165259778861,27.40,47.92545600000000000000000000,85,36.99,29.98866213151927437641723356,62.35593220338983050847457627,53,0.1,0.832268,0.9632,36.39,0.691693,0.5007,29.98866213151927437641723356,0,1.0,0,
CRSP,CRISPR Therapeutics AG,27,0.64,A,high_opt+catalyst_near,A,high_opt+catalyst_near,,0.097444,,0,0.759887,1,0.240113,96,0,specific_days,3,headwind,,L,tier_a_dev|sponsor_confirmed|momentum_headwind,clinical_score:-29.5;financial_score:+20.5;smart_money_score:+16.7,tier=A;reason=high_opt+catalyst_near;cat_days=96;strength=near;decay_w=1.0,v1.3.0,88d7ae9a,1,,late|near_91_180|pos,0.1,,0.4913,0,1,-0.9468,0.1841,3,3,buying,-0.0392,elite_3,3.737,3.737,4.32,102,stale,0.0,0,0,0,True,False,True,near,1.0,adequate,<=400bps,333.04,1.0,0,0,1.0,0,1.0,0,96,False,specific_days,-0.043447,price_history,,3,1.524,price_history,,-0.260615,,60.4156,-0.018317,-0.242298,late,mid,none,drug_developer,morningstar,CTGOV_CALENDAR,CT_PRIMARY_COMPLETION,,0,0.8883479156684235745088643987,44.23,43.79943511111111111111111111,64.54597231309934641238468885,65.59,18.38169281317969364616594938,68.40677966101694915254237288,31,0.1,0.902556,1.2963,29.44,0.557508,0.1447,18.38169281317969364616594938,0,1.0,0,
CNTA,Centessa Pharmaceuticals plc,28,0.54,A,high_opt+catalyst_near,A,high_opt+catalyst_near,,0.091054,,0,0.946328,1,0.053672,65,0,specific_days,3,neutral,,L,tier_a_dev|sponsor_confirmed,smart_money_score:+45.3;clinical_score:-33.9;financial_score:-32.1,tier=A;reason=high_opt+catalyst_near;cat_days=65;strength=near;decay_w=1.0,v1.3.0,88d7ae9a,1,,late|near_31_90|nonpos,0.1,,0.4385,0,1,-1.5192,-1.3428,7,7,buying,1.4932,elite_7,8.1247,8.1247,3.22,102,stale,0.0,0,0,0,True,False,True,near,1.0,adequate,<=1000bps,534.81,0.85,1,0,1.0,0,1.0,0,65,False,specific_days,-0.129244,price_history,,7,0.6645,price_history,,-0.11334,,65.4864,-0.018317,-0.095023,late,mid,sev1,drug_developer,morningstar,CTGOV_CALENDAR,CT_PRIMARY_COMPLETION,,0,0.8925465735590010652148183217,51.56,46.87474177777777777777777778,84.15416924364543938668774573,38.01,5,6.784289316607615946886271507,29,0.1,0.908946,1.3343,13.92,0.145367,-1.0565,5,0,1.0,0,
CLYM,"Climb Bio, Inc.",29,0.45,A,high_opt+catalyst_near,A,high_opt+catalyst_near,,0.084665,,0,0.737288,1,0.262712,36,1,specific_days,3,tailwind,high_beta,L,tier_a_dev|sponsor_confirmed|momentum_tailwind|high_risk|cost_haircut_<=2000bps,momentum_score:+48.8;clinical_score:-27.4;financial_score:-22.5,tier=A;reason=high_opt+catalyst_near;cat_days=36;strength=near;decay_w=1.0,v1.3.0,88d7ae9a,1,,mid|near_31_90|pos,0.1,,-0.5956,36,1,-0.8657,0.4006,3,3,buying,-0.0392,elite_3,1.5167,1.5167,0.08,102,stale,0.0,0,0,0,True,False,True,near,1.0,adequate,<=2000bps,1159.34,0.7,1,0,1.0,0,1.0,0,36,True,specific_days,2.396049,price_history,,3,2.0277,price_history,,0.0,,66.6081,-0.018317,0.018317,mid,small,none,drug_developer,morningstar,CTGOV_CALENDAR,CT_PRIMARY_COMPLETION,,0,0.7920514548927086844174811819,96.55,57.788,38.69778331570609145497379905,48.11,20.27876866164618840005284714,25.25000000000000000000000000,27,0.1,0.915335,1.3744,18.48,0.285942,-0.5653,20.27876866164618840005284714,0,1.0,0,
CELC,Celcuity Inc.,30,0.64,A,high_opt+catalyst_near,A,high_opt+catalyst_near,,0.078275,,0,0.844633,1,0.155367,35,1,specific_days,2,tailwind,,L,tier_a_dev|sponsor_confirmed|momentum_tailwind,clinical_score:-38.2;smart_money_score:+34.4;financial_score:-10.2,tier=A;reason=high_opt+catalyst_near;cat_days=35;strength=near;decay_w=1.0,v1.3.0,88d7ae9a,1,,late|near_31_90|nonpos,0.1,,0.4785,0,1,-1.2043,-0.5027,6,6,buying,1.1101,elite_6,8.4359,8.4359,4.22,102,stale,0.0,0,0,0,True,False,True,near,1.0,adequate,<=400bps,351.92,1.0,0,0,1.0,0,1.0,0,35,True,specific_days,-0.001187,price_history,,6,1.0178,price_history,,-0.09774,,48.9173,-0.018317,-0.079423,late,mid,none,drug_developer,morningstar,SEC_8K_FILING,DATA_READOUT,,0,0.8148069894929191411603471905,60.29,54.956,85,19.13,12.36267296034059882456383914,40.43592198921127389958185707,25,0.1,0.921725,1.4168,17.42,0.263578,-0.6324,12.36267296034059882456383914,0,1.0,0,
CCCC,"C4 Therapeutics, Inc.",31,0.27,A,high_opt+catalyst_near,A,high_opt+catalyst_near,,0.07508,,0,0.675141,1,0.324859,35,1,specific_days,3,headwind,deep_drawdown_rel_xbi,M,tier_a_dev|sponsor_confirmed|momentum_headwind|cost_haircut_<=2000bps,smart_money_score:+37.2;clinical_score:-22.5;momentum_score:-13.8,tier=A;reason=high_opt+catalyst_near;cat_days=35;strength=near;decay_w=1.0,v1.3.0,88d7ae9a,1,,mid|near_31_90|pos,0.1,,-0.1071,0,1,-0.6494,0.9777,3,3,buying,-0.0392,elite_3,1.7764,1.7764,0.27,102,stale,0.0,0,0,0,True,False,True,near,1.0,adequate,<=2000bps,1714.23,0.7,1,0,1.0,0,1.0,0,35,True,specific_days,-0.140914,price_history,,3,1.5453,price_history,,-0.330532,,66.6311,-0.018317,-0.312215,mid,micro,none,drug_developer,morningstar,CTGOV_CALENDAR,CT_STUDY_COMPLETION,,0,0.7837859633827375762859633827,34.02,56.858,85,63.21,25.33623992601400449200687013,37.96634297793631919672347735,24,0.1,0.92492,1.439,22.69,0.407348,-0.2344,25.33623992601400449200687013,0,1.0,0,
ARTV,"Artiva Biotherapeutics, Inc.",32,0.45,A,high_opt+catalyst_near,A,high_opt+catalyst_near,,0.049521,,0,0.754237,1,0.245763,36,1,specific_days,3,tailwind,,L,tier_a_dev|sponsor_confirmed|momentum_tailwind|cost_haircut_<=2000bps,smart_money_score:+44.4;catalyst_score:-27.3;momentum_score:+26.2,tier=A;reason=high_opt+catalyst_near;cat_days=36;strength=near;decay_w=1.0,v1.3.0,88d7ae9a,1,,mid|near_31_90|pos,0.1,,-0.1192,0,1,-0.9355,0.2143,2,2,neutral,-0.4223,elite_2,2.2838,2.2838,1.87,102,stale,0.0,0,0,0,True,False,True,near,1.0,adequate,<=2000bps,1435.9,0.7,1,0,1.0,0,1.0,0,36,True,specific_days,0.398748,price_history,,2,1.3421,price_history,,-0.203175,,65.2429,-0.018317,-0.184858,mid,micro,sev1,drug_developer,morningstar,CTGOV_CALENDAR,CT_PRIMARY_COMPLETION,,0,0.7953323903818953323903818953,66.39,12.97458177777777777777777778,84.6750,87.74,18.64579204650548289073853877,18.48394768133174791914387633,16,0.1,0.950479,1.6495,17.48,0.273163,-0.6033,18.64579204650548289073853877,0,1.0,0,
ALMS,Alumis Inc.,33,0.64,A,high_opt+catalyst_near,A,high_opt+catalyst_near,,0.017572,,0,0.624294,1,0.375706,35,1,specific_days,2,tailwind,high_vol|high_beta,L,tier_a_dev|sponsor_confirmed|momentum_tailwind|runway_short|high_risk,financial_score:-45.8;momentum_score:+45.8;smart_money_score:+27.4,tier=A;reason=high_opt+catalyst_near;cat_days=35;strength=near;decay_w=1.0,v1.3.0,88d7ae9a,1,,late|near_31_90|pos,0.1,,0.5134,0,1,-0.4844,1.418,7,7,buying,1.4932,elite_7,7.3067,7.3067,10.45,102,stale,0.0,0,0,0,True,False,True,near,1.0,short,<=400bps,355.79,1.0,0,0,1.0,0,1.0,0,35,True,specific_days,2.688192,price_history,,7,2.1068,price_history,,-0.059769,,62.7172,-0.018317,-0.041452,late,mid,sev2,drug_developer,morningstar,SEC_8K_FILING,DATA_READOUT,,0,0.8228419851682829435253850542,96.55,45.07328400000000000000000000,78.16319764579302661764965247,32.91,29.19437502892313387940210098,5,6,0.1,0.982428,2.1067,8.58,0.027157,-1.9243,29.19437502892313387940210098,0,1.0,0,
RAPT,"RAPT Therapeutics, Inc.",34,0.64,B,high_opt+catalyst_far,B,high_opt+catalyst_far,,0.998403,,0,0.69774,1,0.30226,401,0,specific_days,9,tailwind,high_vol|overbought_rsi,L,catalyst_far_lift|sponsor_confirmed|momentum_tailwind|high_risk,momentum_score:+47.5;financial_score:-37.8;clinical_score:-25.4,tier=B;reason=high_opt+catalyst_far;cat_days=401;strength=far;decay_w=0.3,v1.3.0,88d7ae9a,1,,mid|far_271_540|nonpos,-0.012862136363636364,,-0.11,0,1,-0.7226,-0.3023,5,5,buying,0.727,elite_5,4.5594,4.5594,1.39,102,stale,0.0,0,0,0,True,False,True,far,0.3,adequate,<=400bps,275.6,1.0,0,0,1.0,0,1.0,0,401,False,specific_days,0.85575,price_history,,5,1.14,price_history,,0.0,,78.7929,-0.018317,0.018317,mid,small,none,drug_developer,morningstar,,,,0,0.7846543985637342908438061041,96.55,42.42204844444444444444444444,71.47593965302963070188774145,19.81,23.62399260140044920068701282,11.25000000000000000000000000,313,-0.012862136363636364,0.001597,-2.9483,13.62,0.132588,-1.1142,23.62399260140044920068701282,0,1.0,0,
CTMX,"CytomX Therapeutics, Inc.",35,0.54,B,high_opt+catalyst_far,B,high_opt+catalyst_far,,0.988818,,0,0.720339,1,0.279661,644,0,specific_days,9,tailwind,,L,catalyst_far_lift|sponsor_confirmed|momentum_tailwind,momentum_score:+30.7;clinical_score:-29.6;smart_money_score:+26.2,tier=B;reason=high_opt+catalyst_far;cat_days=644;strength=far;decay_w=0.3,v1.3.0,88d7ae9a,1,,mid|far_271_540|nonpos,-0.012862136363636364,,-0.1132,0,1,-0.7947,-0.4094,6,6,buying,1.1101,elite_6,5.1408,5.1408,1.36,102,stale,0.0,0,0,0,True,False,True,far,0.3,adequate,<=1000bps,775.96,0.85,1,0,1.0,0,1.0,0,644,False,specific_days,0.215258,price_history,,6,1.4118,price_history,,-0.106732,,52.5905,-0.018317,-0.088415,mid,small,none,drug_developer,morningstar,,,,0,0.7861125434368344356013899787,82.20,42.42204844444444444444444444,77.74544785118255597160074835,44.34,21.93816884661117717003567181,33.31410995770857362552864283,310,-0.012862136363636364,0.011182,-2.2841,16.06,0.215655,-0.787,21.93816884661117717003567181,0,1.0,0,
CNTX,Context Therapeutics Inc.,36,0.45,B,high_opt+catalyst_far,B,high_opt+catalyst_far,,0.985623,,0,0.793785,1,0.206215,280,0,specific_days,9,tailwind,,L,catalyst_far_lift|momentum_tailwind|cost_haircut_<=2000bps,momentum_score:+41.2;clinical_score:-39.1;catalyst_score:-4.5,tier=B;reason=high_opt+catalyst_far;cat_days=280;strength=far;decay_w=0.3,v1.3.0,88d7ae9a,1,,mid|far_271_540|nonpos,-0.012862136363636364,,-0.1197,0,1,-1.0382,-0.7713,0,0,neutral,-1.1884,,0.0,0.0,0.0,,,0.0,0,0,0,True,False,True,far,0.3,adequate,<=2000bps,1726.21,0.7,1,0,1.0,0,1.0,0,280,False,specific_days,1.173589,price_history,,0,0.6011,price_history,,-0.049808,,64.5298,-0.018317,-0.031491,mid,micro,none,drug_developer,morningstar,,,,0,0.7599702348142431925917759894,96.55,50.828,,78.30,16.24587131721495574052054433,57.81034482758620689655172413,309,-0.012862136363636364,0.014377,-2.1868,16.14,0.21885,-0.7761,16.24587131721495574052054433,0,1.0,0,
BCAX,Bicara Therapeutics Inc.,37,0.27,B,high_opt+catalyst_far,B,high_opt+catalyst_far,,0.979233,,0,0.788136,1,0.211864,310,0,specific_days,9,headwind,,M,catalyst_far_lift|sponsor_confirmed|momentum_headwind|cost_haircut_<=2000bps,clinical_score:-30.1;smart_money_score:+25.4;financial_score:+12.7,tier=B;reason=high_opt+catalyst_far;cat_days=310;strength=far;decay_w=0.3,v1.3.0,88d7ae9a,1,,mid|far_271_540|nonpos,-0.012862136363636364,,-1.5356,310,1,-1.0382,-0.7713,4,4,buying,0.3439,elite_4,5.1261,5.1261,2.6,102,stale,0.0,0,0,0,True,False,True,far,0.3,adequate,<=2000bps,1072.96,0.7,1,0,1.0,0,1.0,0,310,False,specific_days,-0.215744,price_history,,4,1.4103,price_history,,-0.150183,,53.984,-0.018317,-0.131866,mid,small,none,drug_developer,morningstar,,,,0,0.7412152485256950294860994103,42.23,42.42204844444444444444444444,71.76088598239540770626744735,50,16.24587131721495574052054433,59.00000000000000000000000000,307,-0.012862136363636364,0.020767,-2.0382,20.90,0.36901,-0.3345,16.24587131721495574052054433,0,1.0,0,
CMPX,"Compass Therapeutics, Inc.",38,0.54,B,high_opt+catalyst_far,B,high_opt+catalyst_far,,0.883387,,0,0.940678,1,0.059322,280,0,specific_days,9,tailwind,,L,catalyst_far_lift|momentum_tailwind,clinical_score:-29.1;momentum_score:+22.8;catalyst_score:+12.2,tier=B;reason=high_opt+catalyst_far;cat_days=280;strength=far;decay_w=0.3,v1.3.0,88d7ae9a,1,,early|far_271_540|nonpos,0.0,,,,,-1.5192,-1.4863,0,0,neutral,-1.1884,,0.0,0.0,0.0,,,0.0,0,0,0,True,False,True,far,0.3,adequate,<=1000bps,896.47,0.85,1,0,1.0,0,1.0,0,280,False,specific_days,0.100435,price_history,,0,1.4352,price_history,,-0.103139,,46.8027,-0.018317,-0.084822,early,small,none,drug_developer,morningstar,,,,0,0.6456325632563256325632563256,56.87,46.25238044444444444444444444,,50,5,28.14342403628117913832199546,277,0.0,0.116613,-1.1921,9.84,0.043131,-1.7155,5,0,1.0,0,
CLLS,Cellectis S.A.,39,0.05,B,mod_opt+catalyst_mid,B,mod_opt+catalyst_mid,,0.880192,,0,0.370056,1,0.629944,126,0,specific_days,3,headwind,,XS,momentum_headwind|cost_haircut_>2000bps,financial_score:-30.4;clinical_score:+15.0;catalyst_score:+10.2,tier=B;reason=mod_opt+catalyst_mid;cat_days=126;strength=mid;decay_w=0.7,v1.3.0,88d7ae9a,1,,early|near_91_180|pos,0.0,,-0.7667,0,1,0.4971,1.5108,0,0,neutral,-1.1884,,0.0,0.0,0.0,,,0.0,0,0,0,True,False,True,mid,0.7,adequate,>2000bps,2050.0,0.55,1,0,1.0,0,1.0,0,126,False,specific_days,-0.310478,price_history,,0,1.0342,price_history,,-0.256075,,50.876,-0.018317,-0.237758,early,small,none,drug_developer,morningstar,CTGOV_CALENDAR,CT_PRIMARY_COMPLETION,,0,0.6683415977961432506887052342,42.19,47.34610177777777777777777778,,67.31,52.14285714285714285714285714,6.734693877551020408163265306,276,0.0,0.119808,-1.1759,25.25,0.448882,-0.1285,52.14285714285714285714285714,0,1.0,0,
TECX,"Tectonic Therapeutic, Inc.",40,0.27,B,high_opt+catalyst_far,B,high_opt+catalyst_far,,0.861022,,0,0.912429,1,0.087571,227,0,specific_days,3,headwind,,M,catalyst_far_lift|sponsor_confirmed|momentum_headwind|cost_haircut_<=2000bps,clinical_score:-32.3;financial_score:+23.9;momentum_score:+6.5,tier=B;reason=high_opt+catalyst_far;cat_days=227;strength=far;decay_w=0.3,v1.3.0,88d7ae9a,1,,mid|near_181_270|nonpos,0.00506,,-1.49,227,1,-1.4536,-1.3888,4,4,selling,0.3439,elite_4,3.0996,3.0996,1.87,102,stale,0.0,0,0,0,True,False,True,far,0.3,adequate,<=2000bps,1126.13,0.7,1,0,1.0,0,1.0,0,227,False,specific_days,-0.076959,price_history,,4,1.2062,price_history,,-0.217088,,49.8878,-0.018317,-0.198771,mid,small,none,drug_developer,morningstar,CTGOV_CALENDAR,CT_PRIMARY_COMPLETION,,0,0.7485274586275956572151365026,45.34,42.42204844444444444444444444,37.27842835673853969960523804,50,6.533227639054036200290659263,62.75000000000000000000000000,270,0.00506,0.138978,-1.0849,16.05,0.21246,-0.7979,6.533227639054036200290659263,0,1.0,0,
APGE,"Apogee Therapeutics, Inc.",41,0.64,B,high_opt+catalyst_far,B,high_opt+catalyst_far,,0.848243,,0,0.89548,1,0.10452,189,0,specific_days,3,tailwind,,L,catalyst_far_lift|sponsor_confirmed|momentum_tailwind,clinical_score:-34.1;smart_money_score:+32.9;momentum_score:+16.9,tier=B;reason=high_opt+catalyst_far;cat_days=189;strength=far;decay_w=0.3,v1.3.0,88d7ae9a,1,,mid|near_181_270|nonpos,0.00506,,-1.4281,189,1,-1.3928,-1.2984,6,6,buying,1.1101,elite_6,8.0468,8.0468,4.98,102,stale,0.0,0,0,0,True,False,True,far,0.3,adequate,<=400bps,386.88,1.0,0,0,1.0,0,1.0,0,189,False,specific_days,-0.057096,price_history,,6,0.9162,price_history,,-0.135388,,53.2895,-0.018317,-0.117071,mid,mid,none,drug_developer,morningstar,CTGOV_CALENDAR,CT_PRIMARY_COMPLETION,,0,0.8530206888686131386861313869,58.99,36.89760000000000000000000000,75.02747807024779558483575646,10.00,7.954815695600475624256837106,31.62812128418549346016646849,266,0.00506,0.151757,-1.0289,21.89,0.381789,-0.3008,7.954815695600475624256837106,0,1.0,0,
STRO,"Sutro Biopharma, Inc.",42,0.21,B,high_opt+catalyst_far,B,high_opt+catalyst_far,,0.832268,,0,0.607345,1,0.392655,309,0,specific_days,9,tailwind,high_beta|overbought_rsi,M,catalyst_far_lift|sponsor_confirmed|momentum_tailwind|runway_short|high_risk|cost_haircut_>2000bps,momentum_score:+49.4;financial_score:-38.5;clinical_score:-12.8,tier=B;reason=high_opt+catalyst_far;cat_days=309;strength=far;decay_w=0.3,v1.3.0,88d7ae9a,1,,mid|far_271_540|pos,0.05133853608247423,,-0.1054,0,1,-0.4229,0.1432,3,3,buying,-0.0392,elite_3,1.75,1.75,0.25,102,stale,0.0,0,0,0,True,False,True,far,0.3,short,>2000bps,2020.0,0.55,1,0,1.0,0,1.0,0,309,False,specific_days,1.127762,price_history,,3,2.0459,price_history,,0.0,,73.3522,-0.018317,0.018317,mid,small,sev2,drug_developer,morningstar,,,,0,0.7816762225969645868465430017,92.88,42.42204844444444444444444444,46.46484345094702276805265098,68.87,30.63152331880036992997753997,5,261,0.05133853608247423,0.167732,-0.9632,6.05,0.014377,-2.1868,30.63152331880036992997753997,0,1.0,0,
KYTX,"Kyverna Therapeutics, Inc.",43,0.33,B,mod_opt+catalyst_near,B,mod_opt+catalyst_near,,0.65016,,0,0.330508,1,0.669492,5,1,specific_days,3,tailwind,high_vol|high_beta,M,momentum_tailwind|high_risk,financial_score:-28.0;momentum_score:+19.4;clinical_score:+9.1,tier=B;reason=mod_opt+catalyst_near;cat_days=5;strength=near;decay_w=1.0,v1.3.0,88d7ae9a,1,,mid|near_0_30|pos,0.07679787341772153,,-0.0811,0,1,0.6267,1.7034,1,1,buying,-0.8054,elite_1,1.3512,1.3512,1.34,102,stale,0.0,0,0,0,True,False,True,near,1.0,adequate,<=1000bps,932.14,0.85,1,0,1.0,0,1.0,0,5,True,specific_days,-0.097695,price_history,,1,2.5622,price_history,,-0.26525,,48.8941,-0.018317,-0.246933,mid,small,sev1,drug_developer,morningstar,CTGOV_CALENDAR,CT_PRIMARY_COMPLETION,,0,0.7631127159883067236339105015,65.47,50.600,40.89574322834057867179955989,70.75,55.17241379310344827586206897,18.00000000000000000000000000,204,0.07679787341772153,0.34984,-0.3858,20.32,0.34984,-0.3858,55.17241379310344827586206897,0,1.0,0,
SRRK,Scholar Rock Holding Corporatio,44,0.54,B,high_opt+catalyst_far,B,high_opt+catalyst_far,,0.63738,,0,0.646893,1,0.353107,250,0,specific_days,3,neutral,,L,catalyst_far_lift|sponsor_confirmed,smart_money_score:+38.0;financial_score:-31.7;clinical_score:-14.7,tier=B;reason=high_opt+catalyst_far;cat_days=250;strength=far;decay_w=0.3,v1.3.0,88d7ae9a,1,,late|near_181_270|nonpos,0.08571638372093023,,0.5123,0,1,-0.5628,-0.0647,7,7,buying,1.4932,elite_7,7.7015,7.7015,27.29,102,stale,0.0,0,0,0,True,False,True,far,0.3,adequate,<=1000bps,438.32,0.85,1,0,1.0,0,1.0,0,250,False,specific_days,0.040589,price_history,,7,1.3772,price_history,,-0.020417,,53.8743,-0.018317,-0.0021,late,mid,sev1,drug_developer,morningstar,CTGOV_CALENDAR,CT_PRIMARY_COMPLETION,,0,0.8852452746990823501370516029,52.81,39.70567511111111111111111111,80.11877679634796997293451427,13.01,27.36128464991438752371696978,10.40958856012001659804015448,200,0.08571638372093023,0.36262,-0.3515,18.83,0.298722,-0.5281,27.36128464991438752371696978,0,1.0,0,
SLDB,Solid Biosciences Inc.,45,0.13,B,high_opt+catalyst_far,B,high_opt+catalyst_far,,0.634185,,0,0.742938,1,0.257062,233,0,specific_days,3,headwind,,S,catalyst_far_lift|sponsor_confirmed|momentum_headwind|runway_short|cost_haircut_<=2000bps,smart_money_score:+44.7;financial_score:-34.8;clinical_score:-20.4,tier=B;reason=high_opt+catalyst_far;cat_days=233;strength=far;decay_w=0.3,v1.3.0,88d7ae9a,1,,late|near_181_270|nonpos,0.08571638372093023,,-0.8608,233,1,-0.8851,-0.5437,6,6,buying,1.1101,elite_6,8.9674,8.9674,3.24,102,stale,0.0,0,0,0,True,False,True,far,0.3,short,<=2000bps,1276.72,0.7,1,0,1.0,0,1.0,0,233,False,specific_days,0.079384,price_history,,6,1.7815,price_history,,-0.125884,,51.4681,-0.018317,-0.107567,late,small,sev2,drug_developer,morningstar,CTGOV_CALENDAR,CT_PRIMARY_COMPLETION,,0,0.8173769725306838106370543542,46.22,44.80604444444444444444444444,85,65.05,19.82622981165255217733351843,5.485140012612540085067557590,199,0.08571638372093023,0.365815,-0.343,7.86,0.020767,-2.0382,19.82622981165255217733351843,0,1.0,0,
VIR,"Vir Biotechnology, Inc.",46,0.54,B,mod_opt+catalyst_near,B,mod_opt+catalyst_near,,0.592652,,0,0.49435,1,0.50565,5,1,specific_days,3,tailwind,high_beta|overbought_rsi,L,sponsor_confirmed|momentum_tailwind|high_risk,momentum_score:+29.7;financial_score:-26.5;clinical_score:-6.9,tier=B;reason=mod_opt+catalyst_near;cat_days=5;strength=near;decay_w=1.0,v1.3.0,88d7ae9a,1,,late|near_0_30|pos,0.09254273684210526,,0.5334,0,1,0.0859,0.8995,2,2,buying,-0.4223,elite_2,1.2427,1.2427,0.32,102,stale,0.0,0,0,0,True,False,True,near,1.0,adequate,<=1000bps,858.08,0.85,1,0,1.0,0,1.0,0,5,True,specific_days,0.343671,price_history,,2,1.9191,price_history,,0.0,,73.6055,-0.018317,0.018317,late,small,sev1,drug_developer,morningstar,CTGOV_CALENDAR,CT_PRIMARY_COMPLETION,,0,0.8760495899756352245040027845,79.17,52.616,50.04301379785406137840814960,80.87,42.52770836225646721273543431,22.99288867420735552603684471,186,0.09254273684210526,0.407348,-0.2344,22.90,0.413738,-0.2179,42.52770836225646721273543431,0,1.0,0,
RCUS,"Arcus Biosciences, Inc.",47,0.33,B,mod_opt+catalyst_near,B,mod_opt+catalyst_near,,0.579872,,0,0.522599,1,0.477401,5,1,specific_days,3,headwind,,M,sponsor_confirmed|momentum_headwind,smart_money_score:+17.2;clinical_score:-15.9;financial_score:+12.6,tier=B;reason=mod_opt+catalyst_near;cat_days=5;strength=near;decay_w=1.0,v1.3.0,88d7ae9a,1,,late|near_0_30|pos,0.09254273684210526,,0.528,0,1,-0.0985,0.6255,4,4,buying,0.3439,elite_4,5.0684,5.0684,3.09,102,stale,0.0,0,0,0,True,False,True,near,1.0,adequate,<=1000bps,581.32,0.85,1,0,1.0,0,1.0,0,5,True,specific_days,-0.273515,price_history,,4,1.5518,price_history,,-0.226437,,46.9533,-0.018317,-0.20812,late,mid,none,drug_developer,morningstar,CTGOV_CALENDAR,CT_PRIMARY_COMPLETION,,0,0.8738890082348728965270318654,45.92,48.25747377777777777777777778,71.31441868439388983741080503,59.44,38.21787218288676014623536490,66.67796610169491525423728814,182,0.09254273684210526,0.420128,-0.2016,30.50,0.573482,0.1852,38.21787218288676014623536490,0,1.0,0,
DNLI,Denali Therapeutics Inc.,48,0.54,B,mod_opt+catalyst_near,B,mod_opt+catalyst_near,,0.538339,,0,0.466102,1,0.533898,1,1,specific_days,3,neutral,,L,sponsor_confirmed,financial_score:+14.2;catalyst_score:-12.2;clinical_score:-5.0,tier=B;reason=mod_opt+catalyst_near;cat_days=1;strength=near;decay_w=1.0,v1.3.0,88d7ae9a,1,,late|near_0_30|pos,0.09254273684210526,,0.5353,0,1,0.1485,0.9927,3,3,buying,-0.0392,elite_3,2.7744,2.7744,1.1,102,stale,0.0,0,0,0,True,False,True,near,1.0,adequate,<=1000bps,539.07,0.85,1,0,1.0,0,1.0,0,1,True,specific_days,0.03109,price_history,,3,1.3166,price_history,,-0.057608,,60.5665,-0.018317,-0.039291,late,mid,sev1,drug_developer,morningstar,CTGOV_CALENDAR,CT_PRIMARY_COMPLETION,,0,0.8948108778625954198473282443,53.14,36.88661377777777777777777778,47.95555697810751262769929046,51.28,43.99324355592577166921190245,63.22033898305084745762711865,169,0.09254273684210526,0.461661,-0.0962,33.99,0.65655,0.4031,43.99324355592577166921190245,0,1.0,0,
CLDX,"Celldex Therapeutics, Inc.",49,0.33,B,mod_opt+catalyst_near,B,mod_opt+catalyst_near,,0.531949,,0,0.488701,1,0.511299,5,1,specific_days,3,headwind,,M,sponsor_confirmed|momentum_headwind,smart_money_score:+19.4;momentum_score:-16.1;clinical_score:-10.9,tier=B;reason=mod_opt+catalyst_near;cat_days=5;strength=near;decay_w=1.0,v1.3.0,88d7ae9a,1,,late|near_0_30|pos,0.09254273684210526,,0.5334,0,1,0.0859,0.8995,4,4,buying,0.3439,elite_4,4.2621,4.2621,1.44,102,stale,0.0,0,0,0,True,False,True,near,1.0,adequate,<=1000bps,775.42,0.85,1,0,1.0,0,1.0,0,5,True,specific_days,-0.158239,price_history,,4,1.4434,price_history,,-0.166443,,52.254,-0.018317,-0.148126,late,small,none,drug_developer,morningstar,CTGOV_CALENDAR,CT_PRIMARY_COMPLETION,,0,0.8892037015615962984384037016,37.31,54.614,72.77370739627582281125704939,73.21,42.52770836225646721273543431,59.79120879120879120879120879,167,0.09254273684210526,0.468051,-0.0802,33.37,0.63738,0.3515,42.52770836225646721273543431,0,1.0,0,
AMLX,"Amylyx Pharmaceuticals, Inc.",50,0.54,B,mod_opt+catalyst_near,B,mod_opt+catalyst_near,,0.515974,,0,0.584746,1,0.415254,5,1,specific_days,3,neutral,,L,sponsor_confirmed,smart_money_score:+38.5;financial_score:-26.2;clinical_score:-13.8,tier=B;reason=mod_opt+catalyst_near;cat_days=5;strength=near;decay_w=1.0,v1.3.0,88d7ae9a,1,,late|near_0_30|pos,0.09254273684210526,,0.5197,0,1,-0.3356,0.2731,9,9,buying,2.2594,elite_9,13.324,13.324,9.53,102,stale,0.0,0,0,0,True,False,True,near,1.0,adequate,<=1000bps,707.33,0.85,1,0,1.0,0,1.0,0,5,True,specific_days,-0.113225,price_history,,9,1.5036,price_history,,-0.130615,,55.8196,-0.018317,-0.112298,late,small,none,drug_developer,morningstar,CTGOV_CALENDAR,CT_PRIMARY_COMPLETION,,0,0.8841761723700887198986058302,48.67,45.92459377777777777777777778,85,50.77,32.67388588088296543107038733,20.28238672194716150760106803,162,0.09254273684210526,0.484026,-0.0401,26.85,0.484026,-0.0401,32.67388588088296543107038733,0,1.0,0,
ABVX,Abivax SA,51,0.38,B,mod_opt+catalyst_near,B,mod_opt+catalyst_near,,0.503195,,0,0.358757,1,0.641243,5,1,specific_days,3,neutral,,M,sponsor_confirmed|runway_short,financial_score:-45.5;smart_money_score:+34.5;catalyst_score:+6.3,tier=B;reason=mod_opt+catalyst_near;cat_days=5;strength=near;decay_w=1.0,v1.3.0,88d7ae9a,1,,late|near_0_30|pos,0.09254273684210526,,0.5497,0,1,0.5364,1.5692,8,8,buying,1.8763,elite_8,11.5225,11.5225,11.42,102,stale,0.0,0,0,0,True,False,True,near,1.0,short,<=400bps,228.48,1.0,0,0,1.0,0,1.0,0,5,True,specific_days,-0.079864,price_history,,8,1.1865,price_history,,-0.117129,,57.3951,-0.018317,-0.098812,late,mid,sev2,drug_developer,morningstar,CTGOV_CALENDAR,CT_PRIMARY_COMPLETION,,0,0.7645066026410564225690276110,52.62,56.750,85,18.62,53.06122448979591836734693878,5,158,0.09254273684210526,0.496805,-0.008,12.55,0.107029,-1.2425,53.06122448979591836734693878,0,1.0,0,
AARD,"Aardvark Therapeutics, Inc.",52,0.21,B,mod_opt+catalyst_near,B,mod_opt+catalyst_near,,0.5,,0,0.573446,1,0.426554,5,1,specific_days,3,tailwind,deep_drawdown_rel_xbi,M,momentum_tailwind|cost_haircut_>2000bps,clinical_score:-13.1;financial_score:+11.9;momentum_score:+11.3,tier=B;reason=mod_opt+catalyst_near;cat_days=5;strength=near;decay_w=1.0,v1.3.0,88d7ae9a,1,,late|near_0_30|pos,0.09254273684210526,,0.5215,0,1,-0.2889,0.3424,0,0,neutral,-1.1884,,0.0,0.0,0.0,,,0.0,0,0,0,True,False,True,near,1.0,adequate,>2000bps,2020.0,0.55,1,0,1.0,0,1.0,0,5,True,specific_days,0.242897,price_history,,0,1.63,price_history,,-0.271683,,46.5902,-0.018317,-0.253366,late,micro,none,drug_developer,morningstar,CTGOV_CALENDAR,CT_PRIMARY_COMPLETION,,0,0.8198991158467467694400362730,58.12,36.80973511111111111111111111,,78.83,33.76417233560090702947845804,58.77040816326530612244897959,157,0.09254273684210526,0.5,0.0,24.95,0.442492,-0.1447,33.76417233560090702947845804,0,1.0,0,
ZVRA,"Zevra Therapeutics, Inc.",53,0.13,B,high_opt+catalyst_far,B,high_opt+catalyst_far,,0.49361,,0,0.725989,1,0.274011,311,0,specific_days,9,headwind,deep_drawdown_rel_xbi,S,catalyst_far_lift|momentum_headwind|cost_haircut_<=2000bps,financial_score:-13.3;momentum_score:+12.1;catalyst_score:+9.5,tier=B;reason=high_opt+catalyst_far;cat_days=311;strength=far;decay_w=0.3,v1.3.0,88d7ae9a,1,,late|far_271_540|nonpos,0.0930939801980198,,0.5012,0,1,-0.8013,-0.4192,0,0,neutral,-1.1884,,0.0,0.0,0.0,,,0.0,0,0,0,True,False,True,far,0.3,adequate,<=2000bps,1106.56,0.7,1,0,1.0,0,1.0,0,311,False,specific_days,0.013815,price_history,,0,0.7982,price_history,,-0.298671,,55.9906,-0.018317,-0.280354,late,small,none,drug_developer,morningstar,,,,0,0.8891054639660857277437588318,42.16,39.59360400000000000000000000,,55.87,21.78467305289462723865056227,16.77695930443183190435937689,155,0.0930939801980198,0.50639,0.016,16.82,0.244409,-0.6922,21.78467305289462723865056227,0,1.0,0,
TSHA,"Taysha Gene Therapies, Inc.",54,0.54,B,high_opt+catalyst_far,B,high_opt+catalyst_far,,0.484026,,0,0.985876,1,0.014124,381,0,specific_days,9,neutral,high_beta,L,catalyst_far_lift|sponsor_confirmed|high_risk,clinical_score:-41.0;smart_money_score:+39.0;catalyst_score:-6.4,tier=B;reason=high_opt+catalyst_far;cat_days=381;strength=far;decay_w=0.3,v1.3.0,88d7ae9a,1,,late|far_271_540|nonpos,0.0930939801980198,,-1.0309,381,1,-1.5192,-1.4863,9,9,buying,2.2594,elite_9,10.4507,10.4507,3.78,102,stale,0.0,0,0,0,True,False,True,far,0.3,adequate,<=1000bps,840.05,0.85,1,0,1.0,0,1.0,0,381,False,specific_days,-0.059908,price_history,,9,1.8502,price_history,,-0.172589,,55.4003,-0.018317,-0.154272,late,small,none,drug_developer,morningstar,,,,0,0.8346376811594202898550724638,52.03,39.59360400000000000000000000,85,29.34,5,48.29478458049886621315192743,152,0.0930939801980198,0.515974,0.0401,19.29,0.321086,-0.4647,5,0,1.0,0,
PCVX,"Vaxcyte, Inc.",55,0.64,B,high_opt+catalyst_far,B,high_opt+catalyst_far,,0.474441,,0,0.776836,1,0.223164,311,0,specific_days,9,tailwind,,L,catalyst_far_lift|sponsor_confirmed|momentum_tailwind,clinical_score:-36.9;smart_money_score:+31.2;catalyst_score:-17.1,tier=B;reason=high_opt+catalyst_far;cat_days=311;strength=far;decay_w=0.3,v1.3.0,88d7ae9a,1,,late|far_271_540|nonpos,0.0930939801980198,,0.4885,0,1,-1.0077,-0.7261,8,8,buying,1.8763,elite_8,9.2884,9.2884,5.31,102,stale,0.0,0,0,0,True,False,True,far,0.3,adequate,<=400bps,350.34,1.0,0,0,1.0,0,1.0,0,311,False,specific_days,0.129636,price_history,,8,1.3515,price_history,,-0.248898,,69.6689,-0.018317,-0.230581,late,mid,none,drug_developer,morningstar,,,,0,0.8277112465638819170550974065,70.78,36.72192711111111111111111111,85,10.00,16.95798047110000462770142071,59.76271186440677966101694915,149,0.0930939801980198,0.525559,0.0641,27.90,0.525559,0.0641,16.95798047110000462770142071,0,1.0,0,
LQDA,Liquidia Corporation,56,0.54,B,high_opt+catalyst_far,B,high_opt+catalyst_far,,0.461661,,0,0.782486,1,0.217514,1223,0,specific_days,9,headwind,deep_drawdown_rel_xbi,L,catalyst_far_lift|sponsor_confirmed|momentum_headwind,smart_money_score:+31.3;financial_score:-25.3;clinical_score:-18.0,tier=B;reason=high_opt+catalyst_far;cat_days=1223;strength=far;decay_w=0.3,v1.3.0,88d7ae9a,1,,late|far_271_540|nonpos,0.0930939801980198,,0.4877,0,1,-1.0278,-0.7559,3,3,buying,-0.0392,elite_3,4.1512,4.1512,8.41,102,stale,0.0,0,0,0,True,False,True,far,0.3,adequate,<=1000bps,426.3,0.85,1,0,1.0,0,1.0,0,1223,False,specific_days,-0.026,price_history,,3,0.9838,price_history,,-0.280077,,38.4298,-0.018317,-0.26176,late,mid,sev1,drug_developer,morningstar,,,,0,0.8707210765007757488960496479,41.26,39.64962844444444444444444444,65.76999062990135924597776180,26.28,16.48803739182747929103614235,9.182706118931341568514794592,145,0.0930939801980198,0.538339,0.0962,13.19,0.119808,-1.1759,16.48803739182747929103614235,0,1.0,0,
LBRX,LB Pharmaceuticals Inc,57,0.45,B,high_opt+catalyst_far,B,high_opt+catalyst_far,,0.458466,,0,0.816384,1,0.183616,462,0,specific_days,9,tailwind,drawdown_data_missing,L,catalyst_far_lift|momentum_tailwind|cost_haircut_<=2000bps,clinical_score:-31.4;momentum_score:+22.7;financial_score:+14.7,tier=B;reason=high_opt+catalyst_far;cat_days=462;strength=far;decay_w=0.3,v1.3.0,88d7ae9a,1,,late|far_271_540|nonpos,0.0930939801980198,,0.4815,0,1,-1.1268,-0.9031,0,0,neutral,-1.1884,,0.0,0.0,0.0,,,0.0,0,0,0,True,False,True,far,0.3,adequate,<=2000bps,1184.26,0.7,1,0,1.0,0,1.0,0,462,False,specific_days,0.499308,price_history,,0,0.4205,price_history,,,series_too_short,61.0595,-0.018317,,late,small,none,drug_developer,morningstar,,,drawdown,1,0.8413337904942066682430834713,68.29,39.59360400000000000000000000,,53.32,14.17302975612013512888148456,60.35164835164835164835164835,144,0.0930939801980198,0.541534,0.1043,17.34,0.260383,-0.6422,14.17302975612013512888148456,0,1.0,0,
IKT,"Inhibikase Therapeutics, Inc.",58,0.35,B,high_opt+catalyst_far,B,high_opt+catalyst_far,,0.452077,,0,0.957627,1,0.042373,491,0,specific_days,9,tailwind,,L,catalyst_far_lift|momentum_tailwind|cost_haircut_>2000bps,clinical_score:-35.2;momentum_score:+19.4;financial_score:+15.7,tier=B;reason=high_opt+catalyst_far;cat_days=491;strength=far;decay_w=0.3,v1.3.0,88d7ae9a,1,,late|far_271_540|nonpos,0.0930939801980198,,0.4402,0,1,-1.5192,-1.4863,1,1,selling,-0.8054,elite_1,0.3525,0.3525,0.25,102,stale,0.0,0,0,0,True,False,True,far,0.3,adequate,>2000bps,2020.0,0.55,1,0,1.0,0,1.0,0,491,False,specific_days,0.244798,price_history,,1,0.9,price_history,,-0.173387,,68.6425,-0.018317,-0.15507,late,micro,none,drug_developer,morningstar,,,,0,0.7473128014424160468785215236,59.61,39.59360400000000000000000000,41.03909799732152246270709615,60.97,5,55.90816326530612244897959184,142,0.0930939801980198,0.547923,0.1204,14.85,0.170927,-0.9505,5,0,1.0,0,
ERAS,"Erasca, Inc.",59,0.64,B,high_opt+catalyst_far,B,high_opt+catalyst_far,,0.442492,,0,0.861582,1,0.138418,767,0,specific_days,9,tailwind,high_vol|overbought_rsi,L,catalyst_far_lift|sponsor_confirmed|momentum_tailwind|high_risk,momentum_score:+48.8;clinical_score:-37.6;financial_score:-21.2,tier=B;reason=high_opt+catalyst_far;cat_days=767;strength=far;decay_w=0.3,v1.3.0,88d7ae9a,1,,late|far_271_540|nonpos,0.0930939801980198,,0.4722,0,1,-1.2988,-1.1588,3,3,buying,-0.0392,elite_3,3.6401,3.6401,2.96,102,stale,0.0,0,0,0,True,False,True,far,0.3,adequate,<=400bps,386.43,1.0,0,0,1.0,0,1.0,0,767,False,specific_days,3.334931,price_history,,3,1.4518,price_history,,0.0,,79.065,-0.018317,0.018317,late,mid,none,drug_developer,morningstar,,,,0,0.8080289330922242314647377939,96.55,43.44238400000000000000000000,62.10434417476493056599364885,21.68,10.15178860659910222592438336,26.57122793577835232532158702,139,0.0930939801980198,0.557508,0.1447,8.75,0.030351,-1.8757,10.15178860659910222592438336,0,1.0,0,
AVBP,"ArriVent BioPharma, Inc.",60,0.54,B,high_opt+catalyst_far,B,high_opt+catalyst_far,,0.429712,,0,0.90113,1,0.09887,721,0,specific_days,9,headwind,,L,catalyst_far_lift|sponsor_confirmed|momentum_headwind,clinical_score:-30.7;smart_money_score:+16.5;momentum_score:+6.3,tier=B;reason=high_opt+catalyst_far;cat_days=721;strength=far;decay_w=0.3,v1.3.0,88d7ae9a,1,,late|far_271_540|nonpos,0.0930939801980198,,0.4674,0,1,-1.409,-1.3226,4,4,selling,0.3439,elite_4,3.576,3.576,1.75,102,stale,0.0,0,0,0,True,False,True,far,0.3,adequate,<=1000bps,971.16,0.85,1,0,1.0,0,1.0,0,721,False,specific_days,-0.067058,price_history,,4,1.3276,price_history,,-0.083399,,57.1986,-0.018317,-0.065082,late,small,none,drug_developer,morningstar,,,,0,0.8812281539888682745825602968,44.56,40.43630400000000000000000000,54.70153614441215104896068914,41.07,7.575084455550927854134851226,43.92075567899743723919548096,135,0.0930939801980198,0.570288,0.1771,17.50,0.276358,-0.5937,7.575084455550927854134851226,0,1.0,0,
AURA,"Aura Biosciences, Inc.",61,0.21,B,high_opt+catalyst_far,B,high_opt+catalyst_far,,0.426518,,0,0.805085,1,0.194915,279,0,specific_days,9,headwind,,M,catalyst_far_lift|sponsor_confirmed|momentum_headwind|cost_haircut_>2000bps,clinical_score:-17.4;smart_money_score:+9.5;catalyst_score:+7.1,tier=B;reason=high_opt+catalyst_far;cat_days=279;strength=far;decay_w=0.3,v1.3.0,88d7ae9a,1,,late|far_271_540|nonpos,0.0930939801980198,,0.4821,0,1,-1.0875,-0.8447,2,2,selling,-0.4223,elite_2,1.2571,1.2571,0.69,102,stale,0.0,0,0,0,True,False,True,far,0.3,adequate,>2000bps,2020.0,0.55,1,0,1.0,0,1.0,0,279,False,specific_days,-0.167417,price_history,,2,1.4333,price_history,,-0.246684,,54.2019,-0.018317,-0.228367,late,small,none,drug_developer,morningstar,,,,0,0.8894983147396497738606053578,31.25,39.59360400000000000000000000,42.04875897498106454613452708,79.34,15.09209125827201628950900088,34.53287981859410430839002268,134,0.0930939801980198,0.573482,0.1852,16.67,0.234824,-0.7231,15.09209125827201628950900088,0,1.0,0,
ACLX,"Arcellx, Inc.",62,0.64,B,high_opt+catalyst_far,B,high_opt+catalyst_far,,0.423323,,0,0.923729,1,0.076271,280,0,specific_days,9,tailwind,overbought_rsi,L,catalyst_far_lift|sponsor_confirmed|momentum_tailwind,clinical_score:-40.7;smart_money_score:+38.6;momentum_score:+35.3,tier=B;reason=high_opt+catalyst_far;cat_days=280;strength=far;decay_w=0.3,v1.3.0,88d7ae9a,1,,late|far_271_540|nonpos,0.0930939801980198,,0.457,0,1,-1.4893,-1.4419,7,7,buying,1.4932,elite_7,10.5319,10.5319,5.85,102,stale,0.0,0,0,0,True,False,True,far,0.3,adequate,<=400bps,290.84,1.0,0,0,1.0,0,1.0,0,280,False,specific_days,0.45153,price_history,,7,1.5758,price_history,,0.0,,83.5228,-0.018317,0.018317,late,mid,none,drug_developer,morningstar,,,,0,0.8867859298871063576945929887,81.74,42.86829511111111111111111111,85,10.00,5.697221065296867046138183160,16.82074116633151393277793738,133,0.0930939801980198,0.576677,0.1934,11.15,0.06869,-1.4856,5.697221065296867046138183160,0,1.0,0,
ABEO,Abeona Therapeutics Inc.,63,0.27,B,high_opt+catalyst_far,B,high_opt+catalyst_far,,0.416933,,0,0.748588,1,0.251412,492,0,specific_days,9,headwind,,M,catalyst_far_lift|sponsor_confirmed|momentum_headwind|cost_haircut_<=2000bps,clinical_score:-22.8;financial_score:+22.5;smart_money_score:+7.0,tier=B;reason=high_opt+catalyst_far;cat_days=492;strength=far;decay_w=0.3,v1.3.0,88d7ae9a,1,,late|far_271_540|nonpos,0.0930939801980198,,0.4919,0,1,-0.9161,-0.5898,2,2,neutral,-0.4223,elite_2,1.028,1.028,0.36,102,stale,0.0,0,0,0,True,False,True,far,0.3,adequate,<=2000bps,1287.17,0.7,1,0,1.0,0,1.0,0,492,False,specific_days,0.033809,price_history,,2,1.0745,price_history,,-0.253112,,59.4786,-0.018317,-0.234795,late,micro,none,drug_developer,morningstar,,,,0,0.8792218815642458100558659218,37.61,39.59360400000000000000000000,48.90536814875938778799396296,87.50,19.10135823036697672266185386,64.38775510204081632653061225,131,0.0930939801980198,0.583067,0.2097,27.56,0.51278,0.032,19.10135823036697672266185386,0,1.0,0,
SVRA,"Savara, Inc.",64,0.54,B,high_opt+catalyst_far,B,high_opt+catalyst_far,,0.340256,,0,0.612994,1,0.387006,311,0,specific_days,9,neutral,,L,catalyst_far_lift|sponsor_confirmed,smart_money_score:+37.5;financial_score:-30.7;clinical_score:-11.1,tier=B;reason=high_opt+catalyst_far;cat_days=311;strength=far;decay_w=0.3,v1.3.0,88d7ae9a,1,,late|far_271_540|pos,0.0961064745762712,,0.515,0,1,-0.4276,0.1362,3,3,buying,-0.0392,elite_3,3.9051,3.9051,4.17,102,stale,0.0,0,0,0,True,False,True,far,0.3,adequate,<=1000bps,851.15,0.85,1,0,1.0,0,1.0,0,311,False,specific_days,0.012973,price_history,,3,1.2137,price_history,,-0.18732,,49.8446,-0.018317,-0.169003,late,small,sev1,drug_developer,morningstar,,,,0,0.8591413692897826339648959665,47.89,39.59360400000000000000000000,79.05939988000220261137394108,59.95,30.52107917997130825119163312,10.94104308390022675736961452,107,0.0961064745762712,0.659744,0.4118,15.14,0.183706,-0.9013,30.52107917997130825119163312,0,1.0,0,
XENE,Xenon Pharmaceuticals Inc.,65,0.33,B,mod_opt+catalyst_mid,B,mod_opt+catalyst_mid,,0.311502,,0,0.460452,1,0.539548,158,0,specific_days,3,headwind,,M,sponsor_confirmed|momentum_headwind,smart_money_score:+34.6;financial_score:-21.0;momentum_score:-5.0,tier=B;reason=mod_opt+catalyst_mid;cat_days=158;strength=mid;decay_w=0.7,v1.3.0,88d7ae9a,1,,late|near_91_180|pos,0.1,,0.5364,0,1,0.1738,1.0302,8,8,buying,1.8763,elite_8,7.8935,7.8935,3.31,102,stale,0.0,0,0,0,True,False,True,mid,0.7,adequate,<=1000bps,523.95,0.85,1,0,1.0,0,1.0,0,158,False,specific_days,-0.04138,price_history,,8,0.8969,price_history,,-0.027995,,63.7055,-0.018317,-0.009678,late,mid,none,drug_developer,morningstar,CTGOV_CALENDAR,CT_PRIMARY_COMPLETION,,0,0.8941044021415823914336704343,44.01,44.84087511111111111111111111,83.55725824691771034968456257,47.70,44.58350687213660974593919201,28.03795205719939991700979923,98,0.1,0.688498,0.4916,31.75,0.605431,0.2674,44.58350687213660974593919201,0,1.0,0,
WVE,Wave Life Sciences Ltd.,66,0.64,B,mod_opt+catalyst_mid,B,mod_opt+catalyst_mid,,0.308307,,0,0.539548,1,0.460452,123,0,specific_days,3,tailwind,high_vol|deep_drawdown_rel_xbi,L,sponsor_confirmed|momentum_tailwind|high_risk,momentum_score:+37.7;financial_score:-36.7;smart_money_score:+11.4,tier=B;reason=mod_opt+catalyst_mid;cat_days=123;strength=mid;decay_w=0.7,v1.3.0,88d7ae9a,1,,mid|near_91_180|pos,0.1,,-0.0985,0,1,-0.1458,0.5551,5,5,buying,0.727,elite_5,4.0662,4.0662,1.64,102,stale,0.0,0,0,0,True,False,True,mid,0.7,adequate,<=400bps,332.89,1.0,0,0,1.0,0,1.0,0,123,False,specific_days,0.808523,price_history,,5,1.1583,price_history,,-0.342093,,55.9862,-0.018317,-0.323776,mid,mid,sev1,drug_developer,morningstar,CTGOV_CALENDAR,CT_PRIMARY_COMPLETION,,0,0.8026378814047207829591249280,83.72,42.62784044444444444444444444,57.39366891258713709168482340,29.25,37.10992205046901836438102788,9.329799180869335447218919277,97,0.1,0.691693,0.5007,15.55,0.193291,-0.8658,37.10992205046901836438102788,0,1.0,0,
VTYX,"Ventyx Biosciences, Inc.",67,0.54,B,high_opt+no_catalyst_data,B,high_opt+no_catalyst_data,,0.305112,,0,0.997175,1,0.002825,,0,no_upcoming,9,tailwind,high_vol|high_beta|overbought_rsi,L,sponsor_confirmed|momentum_tailwind|high_risk,momentum_score:+48.5;clinical_score:-43.1;smart_money_score:+17.1,tier=B;reason=high_opt+no_catalyst_data;cat_days=NA;strength=missing;decay_w=0.0,v1.3.0,88d7ae9a,1,,mid|none|nonpos,0.1,,-0.2395,0,1,-1.5192,-1.4863,4,4,buying,0.3439,elite_4,3.6598,3.6598,2.13,102,stale,0.0,0,0,0,True,False,True,missing,0.0,adequate,<=1000bps,468.9,0.85,1,0,1.0,0,1.0,0,,False,no_upcoming,0.209456,price_history,,4,1.8485,price_history,,-0.004989,,71.4079,-0.018317,0.013328,mid,small,none,drug_developer,morningstar,,,,0,0.7413741833746339265600360442,96.55,35.22704400000000000000000000,65.15098338357938719890559316,12.26,5,38.44444444444444444444444444,96,0.1,0.694888,0.5098,14.22,0.151757,-1.0289,5,0,1.0,0,
TENX,"Tenax Therapeutics, Inc.",68,0.45,B,high_opt+catalyst_far,B,high_opt+catalyst_far,,0.292332,,0,0.601695,1,0.398305,219,0,specific_days,3,tailwind,deep_drawdown|deep_drawdown_rel_xbi,L,catalyst_far_lift|momentum_tailwind|cost_haircut_<=2000bps,momentum_score:+17.8;clinical_score:-17.5;financial_score:+8.0,tier=B;reason=high_opt+catalyst_far;cat_days=219;strength=far;decay_w=0.3,v1.3.0,88d7ae9a,1,,late|near_181_270|pos,0.1,,0.5166,0,1,-0.4048,0.1702,1,1,buying,-0.8054,elite_1,0.5833,0.5833,0.04,102,stale,0.0,0,0,0,True,False,True,far,0.3,adequate,<=2000bps,1877.84,0.7,1,0,1.0,0,1.0,0,219,False,specific_days,0.191339,price_history,,1,0.7093,price_history,,-0.362343,,37.6873,-0.018317,-0.344026,late,micro,none,drug_developer,morningstar,CTGOV_CALENDAR,CT_PRIMARY_COMPLETION,,0,0.8581678108259553961672083380,66.34,40.54904177777777777777777778,48.08281028592531123706121733,90.00,31.05581007913369429404414827,56.55867346938775510204081633,92,0.1,0.707668,0.5466,29.13,0.547923,0.1204,31.05581007913369429404414827,0,1.0,0,
RAPP,"Rapport Therapeutics, Inc.",69,0.54,B,mod_opt+catalyst_mid,B,mod_opt+catalyst_mid,,0.241214,,0,0.50565,1,0.49435,126,0,specific_days,2,tailwind,,L,sponsor_confirmed|momentum_tailwind,smart_money_score:+22.1;catalyst_score:-19.8;clinical_score:-16.4,tier=B;reason=mod_opt+catalyst_mid;cat_days=126;strength=mid;decay_w=0.7,v1.3.0,88d7ae9a,1,,mid|near_91_180|pos,0.1,,-0.0981,0,1,-0.0229,0.7379,5,5,neutral,0.727,elite_5,6.392,6.392,6.54,102,stale,0.0,0,0,0,True,False,True,mid,0.7,adequate,<=1000bps,947.92,0.85,1,0,1.0,0,1.0,0,126,False,specific_days,-0.081937,price_history,,5,1.4221,price_history,,-0.091223,,54.554,-0.018317,-0.072906,mid,small,sev1,drug_developer,morningstar,SEC_8K_FILING,DATA_READOUT,,0,0.7419683003597122302158273381,58.86,36.65610844444444444444444444,78.54298596182744778010593280,10.00,39.98546703659664420663231602,68.00000000000000000000000000,76,0.1,0.758786,0.7024,27.56,0.509585,0.024,39.98546703659664420663231602,0,1.0,0,
PTGX,"Protagonist Therapeutics, Inc.",70,0.64,B,mod_opt+catalyst_near,B,mod_opt+catalyst_near,,0.234824,,0,0.449153,1,0.550847,36,1,specific_days,3,neutral,,L,sponsor_confirmed,smart_money_score:+38.5;catalyst_score:-34.5;financial_score:-7.3,tier=B;reason=mod_opt+catalyst_near;cat_days=36;strength=near;decay_w=1.0,v1.3.0,88d7ae9a,1,,late|near_31_90|pos,0.1,,0.541,0,1,0.2758,1.1818,5,5,buying,0.727,elite_5,7.9396,7.9396,4.71,102,stale,0.0,0,0,0,True,False,True,near,1.0,adequate,<=400bps,379.78,1.0,0,0,1.0,0,1.0,0,36,True,specific_days,-0.081218,price_history,,5,0.7936,price_history,,-0.083482,,60.4668,-0.018317,-0.065165,late,mid,none,drug_developer,morningstar,CTGOV_CALENDAR,CT_PRIMARY_COMPLETION,,0,0.8825838598164262724997019907,49.47,12.05109511111111111111111111,85,15.13,46.96769864408348373362950622,39.19978294870567206102971688,74,0.1,0.765176,0.7231,38.96,0.723642,0.5937,46.96769864408348373362950622,0,1.0,0,
KALV,"KalVista Pharmaceuticals, Inc.",71,0.33,B,mod_opt+catalyst_mid,B,mod_opt+catalyst_mid,,0.177316,,0,0.579096,1,0.420904,126,0,specific_days,3,headwind,,M,sponsor_confirmed|momentum_headwind,financial_score:-23.4;smart_money_score:+13.5;catalyst_score:+12.4,tier=B;reason=mod_opt+catalyst_mid;cat_days=126;strength=mid;decay_w=0.7,v1.3.0,88d7ae9a,1,,late|near_91_180|pos,0.1,,0.5213,0,1,-0.3123,0.3076,2,2,selling,-0.4223,elite_2,2.573,2.573,2.36,102,stale,0.0,0,0,0,True,False,True,mid,0.7,adequate,<=1000bps,753.93,0.85,1,0,1.0,0,1.0,0,126,False,specific_days,0.092639,price_history,,2,1.4011,price_history,,-0.067416,,54.1682,-0.018317,-0.049099,late,small,sev1,drug_developer,morningstar,CTGOV_CALENDAR,CT_PRIMARY_COMPLETION,,0,0.8896379262190154777144187129,44.54,52.556,53.60241026535769429690814675,70.66,33.21787218288676014623536489,16.77695930443183190435937689,56,0.1,0.822684,0.9256,20.38,0.353035,-0.3771,33.21787218288676014623536489,0,1.0,0,
INBX,"Inhibrx Biosciences, Inc.",72,0.54,B,mod_opt+catalyst_near,B,mod_opt+catalyst_near,,0.151757,,0,0.387006,1,0.612994,97,0,specific_days,3,tailwind,,L,sponsor_confirmed|momentum_tailwind,financial_score:-40.6;momentum_score:+32.1;smart_money_score:+10.1,tier=B;reason=mod_opt+catalyst_near;cat_days=97;strength=near;decay_w=1.0,v1.3.0,88d7ae9a,1,,mid|near_91_180|pos,0.1,,-0.0896,0,1,0.4497,1.4403,3,3,buying,-0.0392,elite_3,3.2568,3.2568,1.29,102,stale,0.0,0,0,0,True,False,True,near,1.0,adequate,<=1000bps,797.96,0.85,1,0,1.0,0,1.0,0,97,False,specific_days,-0.101278,price_history,,3,0.9278,price_history,,-0.149824,,50.3361,-0.018317,-0.131507,mid,small,sev1,drug_developer,morningstar,CTGOV_CALENDAR,CT_PRIMARY_COMPLETION,,0,0.7885135440180586907449209932,79.71,42.42204844444444444444444444,57.73272262703375788398584466,31.13,51.03448275862068965517241380,7.027777777777777777777777778,48,0.1,0.848243,1.0289,15.71,0.196486,-0.8542,51.03448275862068965517241380,0,1.0,0,
IMMP,Immutep Limited,73,0.21,B,mod_opt+catalyst_near,B,mod_opt+catalyst_near,,0.148562,,0,0.545198,1,0.454802,36,1,specific_days,3,tailwind,,M,momentum_tailwind|cost_haircut_>2000bps,financial_score:-37.6;catalyst_score:+23.8;momentum_score:+23.0,tier=B;reason=mod_opt+catalyst_near;cat_days=36;strength=near;decay_w=1.0,v1.3.0,88d7ae9a,1,,late|near_31_90|pos,0.1,,0.5249,0,1,-0.1706,0.5182,0,0,neutral,-1.1884,,0.0,0.0,0.0,,,0.0,0,0,0,True,False,True,near,1.0,adequate,>2000bps,2020.0,0.55,1,0,1.0,0,1.0,0,36,True,specific_days,0.505398,price_history,,0,0.6139,price_history,,-0.119497,,49.8106,-0.018317,-0.10118,late,small,none,drug_developer,morningstar,CTGOV_CALENDAR,CT_PRIMARY_COMPLETION,,0,0.7600157988800190635053020374,68.76,69.506,,88.01,36.53038085982692396686565783,8.096848206738316628426518535,47,0.1,0.851438,1.0426,14.36,0.158147,-1.0021,36.53038085982692396686565783,0,1.0,0,
FATE,"Fate Therapeutics, Inc.",74,0.21,B,mod_opt+catalyst_near,B,mod_opt+catalyst_near,,0.123003,,0,0.347458,1,0.652542,66,0,specific_days,9,tailwind,high_beta|overbought_rsi,M,sponsor_confirmed|momentum_tailwind|high_risk|cost_haircut_>2000bps,smart_money_score:+25.9;financial_score:-19.5;catalyst_score:-16.3,tier=B;reason=mod_opt+catalyst_near;cat_days=66;strength=near;decay_w=1.0,v1.3.0,88d7ae9a,1,,mid|near_31_90|pos,0.1,,-0.0843,0,1,0.5824,1.6376,2,2,buying,-0.4223,elite_2,2.0489,2.0489,1.58,102,stale,0.0,0,0,0,True,False,True,near,1.0,adequate,>2000bps,2020.0,0.55,1,0,1.0,0,1.0,0,66,False,specific_days,0.40508,price_history,,2,1.82,price_history,,-0.02994,,74.2419,-0.018317,-0.011623,mid,micro,none,drug_developer,morningstar,,,,0,0.7837991932846397034775972964,73.97,42.82246400000000000000000000,85,90.00,54.13793103448275862068965517,39.59862597436913727044523715,39,0.1,0.876997,1.1601,31.15,0.592652,0.2344,54.13793103448275862068965517,0,1.0,0,
CYTK,"Cytokinetics, Incorporated",75,0.64,B,mod_opt+catalyst_near,B,mod_opt+catalyst_near,,0.103834,,0,0.364407,1,0.635593,97,0,specific_days,3,neutral,,L,sponsor_confirmed,financial_score:-37.0;smart_money_score:+33.8;catalyst_score:+1.8,tier=B;reason=mod_opt+catalyst_near;cat_days=97;strength=near;decay_w=1.0,v1.3.0,88d7ae9a,1,,late|near_91_180|pos,0.1,,0.5482,0,1,0.5233,1.5497,5,5,buying,0.727,elite_5,7.3385,7.3385,6.6,102,stale,0.0,0,0,0,True,False,True,near,1.0,adequate,<=400bps,286.93,1.0,0,0,1.0,0,1.0,0,97,False,specific_days,-0.028601,price_history,,5,0.98,price_history,,0.0,,64.3066,-0.018317,0.018317,late,mid,none,drug_developer,morningstar,CTGOV_CALENDAR,CT_PRIMARY_COMPLETION,,0,0.8790342221690780820279803898,50.94,52.976,85,33.93,52.75510204081632653061224490,14.20093204379329056146062753,33,0.1,0.896166,1.26,31.10,0.589457,0.2261,52.75510204081632653061224490,0,1.0,0,
CRVS,"Corvus Pharmaceuticals, Inc.",76,0.54,B,mod_opt+catalyst_near,B,mod_opt+catalyst_near,,0.100639,,0,0.516949,1,0.483051,65,0,specific_days,3,tailwind,high_beta|deep_drawdown_rel_xbi,L,sponsor_confirmed|momentum_tailwind|high_risk,momentum_score:+46.6;financial_score:-34.9;catalyst_score:-13.3,tier=B;reason=mod_opt+catalyst_near;cat_days=65;strength=near;decay_w=1.0,v1.3.0,88d7ae9a,1,,late|near_31_90|pos,0.1,,0.5287,0,1,-0.062,0.6797,3,3,buying,-0.0392,elite_3,2.5285,2.5285,1.24,102,stale,0.0,0,0,0,True,False,True,near,1.0,adequate,<=1000bps,407.86,0.85,1,0,1.0,0,1.0,0,65,False,specific_days,0.841484,price_history,,3,2.4745,price_history,,-0.301724,,52.0468,-0.018317,-0.283407,late,small,none,drug_developer,morningstar,CTGOV_CALENDAR,CT_PRIMARY_COMPLETION,,0,0.8120149602618045815801776531,96.55,36.71095511111111111111111111,62.55288523881938589664260524,44.64,39.06942709056411680318385859,15.07077781803056528331253606,32,0.1,0.899361,1.2779,13.44,0.129393,-1.1293,39.06942709056411680318385859,0,1.0,0,
CMPS,COMPASS Pathways Plc - American,77,0.54,B,mod_opt+catalyst_near,B,mod_opt+catalyst_near,,0.087859,,0,0.562147,1,0.437853,36,1,specific_days,3,tailwind,high_beta,L,sponsor_confirmed|momentum_tailwind|high_risk,financial_score:-36.9;smart_money_score:+32.2;clinical_score:-18.5,tier=B;reason=mod_opt+catalyst_near;cat_days=36;strength=near;decay_w=1.0,v1.3.0,88d7ae9a,1,,late|near_31_90|pos,0.1,,0.5227,0,1,-0.2655,0.3773,5,5,buying,0.727,elite_5,5.9514,5.9514,4.0,102,stale,0.0,0,0,0,True,False,True,near,1.0,adequate,<=1000bps,745.88,0.85,1,0,1.0,0,1.0,0,36,True,specific_days,0.413181,price_history,,5,1.822,price_history,,-0.054438,,61.0412,-0.018317,-0.036121,late,small,sev1,drug_developer,morningstar,CTGOV_CALENDAR,CT_STUDY_COMPLETION,,0,0.8095709455520578290777661187,70.92,57.788,85,74.74,34.31278633902540608079966680,15.91999087603483207878812275,28,0.1,0.912141,1.3541,14.89,0.174121,-0.938,34.31278633902540608079966680,0,1.0,0,
ABUS,Arbutus Biopharma Corporation,78,0.07,B,mod_opt+catalyst_near,B,mod_opt+catalyst_near,,0.001597,,0,0.567797,1,0.432203,36,1,specific_days,3,headwind,,XS,momentum_headwind|cost_haircut_<=2000bps,financial_score:-17.6;catalyst_score:+15.5;momentum_score:+5.6,tier=B;reason=mod_opt+catalyst_near;cat_days=36;strength=near;decay_w=1.0,v1.3.0,88d7ae9a,1,,mid|near_31_90|pos,0.1,,-0.101,0,1,-0.2663,0.3761,0,0,neutral,-1.1884,,0.0,0.0,0.0,,,0.0,0,0,0,True,False,True,near,1.0,adequate,<=2000bps,1217.87,0.7,1,0,1.0,0,1.0,0,36,True,specific_days,-0.044471,price_history,,0,1.1355,price_history,,-0.09899,,57.9785,-0.018317,-0.080673,mid,small,none,drug_developer,morningstar,CTGOV_CALENDAR,CT_STUDY_COMPLETION,,0,0.8535651228626429622919261692,43.57,53.456,,53.77,34.29383009644602985863390144,20.36111111111111111111111111,1,0.1,0.998403,2.9483,22.22,0.397764,-0.2591,34.29383009644602985863390144,0,1.0,0,
LRMR,"Larimar Therapeutics, Inc.",79,0.13,C,low_opt,C,low_opt,,0.995208,,0,0.245763,1,0.754237,311,0,specific_days,9,headwind,deep_drawdown_rel_xbi,S,catalyst_far_lift|sponsor_confirmed|momentum_headwind|runway_short|cost_haircut_<=2000bps,financial_score:-37.8;smart_money_score:+22.3;clinical_score:+18.5,tier=C;reason=low_opt;cat_days=311;strength=far;decay_w=0.3,v1.3.0,88d7ae9a,1,,mid|far_271_540|nonpos,-0.012862136363636364,,-0.0693,0,1,0.8921,-0.04,5,5,buying,0.727,elite_5,4.4479,4.4479,1.51,102,stale,0.0,0,0,0,True,False,True,far,0.3,short,<=2000bps,1743.52,0.7,1,0,1.0,0,1.0,0,311,False,specific_days,-0.101409,price_history,,5,1.5783,price_history,,-0.276471,,60.1406,-0.018317,-0.258154,mid,small,sev2,drug_developer,morningstar,,,,0,0.7846285072951739618406285073,40.30,42.42204844444444444444444444,65.13453500202507073014195495,65.09,61.37931034482758620689655173,5,312,-0.012862136363636364,0.004792,-2.5905,12.61,0.110224,-1.2253,61.37931034482758620689655173,0,1.0,0,
EPRX,Eupraxia Pharmaceuticals Inc.,80,0.35,C,low_opt,C,low_opt,,0.992013,,0,0.29661,1,0.70339,280,0,specific_days,9,tailwind,,L,catalyst_far_lift|sponsor_confirmed|momentum_tailwind|cost_haircut_>2000bps,financial_score:-20.1;smart_money_score:+19.5;catalyst_score:-10.7,tier=C;reason=low_opt;cat_days=280;strength=far;decay_w=0.3,v1.3.0,88d7ae9a,1,,mid|far_271_540|nonpos,-0.012862136363636364,,-0.0794,0,1,0.7152,-0.3937,3,3,buying,-0.0392,elite_3,4.9137,4.9137,3.29,102,stale,0.0,0,0,0,True,False,True,far,0.3,adequate,>2000bps,2020.0,0.55,1,0,1.0,0,1.0,0,280,False,specific_days,0.323084,price_history,,3,-0.0494,price_history,,-0.108048,,47.8781,-0.018317,-0.089731,mid,small,none,drug_developer,morningstar,,,,0,0.8136431451612903225806451613,60.15,42.42204844444444444444444444,72.62655326604232664798220025,33.02,57.24137931034482758620689655,33.00000000000000000000000000,311,-0.012862136363636364,0.007987,-2.4095,39.06,0.726837,0.6033,57.24137931034482758620689655,0,1.0,0,
CABA,"Cabaletta Bio, Inc.",81,0.45,C,low_opt,C,low_opt,,0.982428,,0,0.268362,1,0.731638,858,0,specific_days,9,tailwind,high_vol,L,catalyst_far_lift|sponsor_confirmed|momentum_tailwind|high_risk|cost_haircut_<=2000bps,financial_score:-33.7;smart_money_score:+27.2;momentum_score:+18.9,tier=C;reason=low_opt;cat_days=858;strength=far;decay_w=0.3,v1.3.0,88d7ae9a,1,,mid|far_271_540|nonpos,-0.012862136363636364,,-0.0777,0,1,0.8036,-0.2168,3,3,buying,-0.0392,elite_3,3.082,3.082,1.5,102,stale,0.0,0,0,0,True,False,True,far,0.3,adequate,<=2000bps,1098.78,0.7,1,0,1.0,0,1.0,0,858,False,specific_days,0.401054,price_history,,3,1.3943,price_history,,-0.088643,,65.6675,-0.018317,-0.070326,mid,micro,sev1,drug_developer,morningstar,,,,0,0.7938745508003920287487749102,76.69,43.91479511111111111111111111,85,66.98,59.31034482758620689655172414,24.13489232395296604571277579,308,-0.012862136363636364,0.017572,-2.1067,26.91,0.48722,-0.032,59.31034482758620689655172414,0,1.0,0,
ALLO,"Allogene Therapeutics, Inc.",82,0.45,C,mod_opt+catalyst_far,C,mod_opt+catalyst_far,,0.976038,,0,0.454802,1,0.545198,546,0,specific_days,9,tailwind,,L,catalyst_far_lift|momentum_tailwind|cost_haircut_<=2000bps,momentum_score:+30.7;catalyst_score:-13.9;clinical_score:-10.4,tier=C;reason=mod_opt+catalyst_far;cat_days=546;strength=far;decay_w=0.3,v1.3.0,88d7ae9a,1,,mid|far_271_540|nonpos,-0.012862136363636364,,-0.0932,0,1,0.2307,-1.3618,0,0,neutral,-1.1884,,0.0,0.0,0.0,,,0.0,0,0,0,True,False,True,far,0.3,adequate,<=2000bps,1037.81,0.7,1,0,1.0,0,1.0,0,546,False,specific_days,0.567243,price_history,,0,1.7219,price_history,,0.0,,67.5369,-0.018317,0.018317,mid,small,none,drug_developer,morningstar,,,,0,0.7591693290734824281150159744,87.01,42.42204844444444444444444444,,55.66,45.91491610516580790064737746,50,306,-0.012862136363636364,0.023962,-1.978,24.81,0.436102,-0.1609,45.91491610516580790064737746,0,1.0,0,
NRIX,"Nurix Therapeutics, Inc.",83,0.54,C,low_opt,C,low_opt,,0.972843,,0,0.257062,1,0.742938,36,1,specific_days,3,neutral,,L,sponsor_confirmed,clinical_score:+8.6;smart_money_score:-7.6;catalyst_score:+5.1,tier=C;reason=low_opt;cat_days=36;strength=near;decay_w=1.0,v1.3.0,88d7ae9a,1,,mid|near_31_90|nonpos,-0.00679275,,-0.0738,0,1,0.8479,-0.1284,4,4,selling,0.3439,elite_4,3.0779,3.0779,3.31,102,stale,0.0,0,0,0,True,False,True,near,1.0,adequate,<=1000bps,674.07,0.85,1,0,1.0,0,1.0,0,36,True,specific_days,-0.148094,price_history,,4,1.3359,price_history,,-0.253843,,43.737,-0.018317,-0.235526,mid,small,none,drug_developer,morningstar,CTGOV_CALENDAR,CT_PRIMARY_COMPLETION,,0,0.8348287472035794183445190157,50.14,56.834,44.14109893138608273649417466,21.70,60.34482758620689655172413793,47.02777777777777777777777778,305,-0.00679275,0.027157,-1.9243,36.68,0.698083,0.5189,60.34482758620689655172413793,0,1.0,0,
XNCR,"Xencor, Inc.",84,0.27,C,low_opt,C,low_opt,,0.963259,,0,0.132768,1,0.867232,219,0,specific_days,3,headwind,deep_drawdown_rel_xbi,M,catalyst_far_lift|sponsor_confirmed|momentum_headwind|cost_haircut_<=2000bps,momentum_score:-24.4;clinical_score:+11.5;smart_money_score:+11.3,tier=C;reason=low_opt;cat_days=219;strength=far;decay_w=0.3,v1.3.0,88d7ae9a,1,,mid|near_181_270|pos,-0.0007759772727272727,,-0.044,0,1,1.2903,0.7558,4,4,buying,0.3439,elite_4,4.4427,4.4427,3.46,102,stale,0.0,0,0,0,True,False,True,far,0.3,adequate,<=2000bps,1127.7,0.7,1,0,1.0,0,1.0,0,219,False,specific_days,-0.416943,price_history,,4,1.4945,price_history,,-0.348953,,43.8472,-0.018317,-0.330636,mid,small,none,drug_developer,morningstar,CTGOV_CALENDAR,CT_PRIMARY_COMPLETION,,0,0.8371280300482116829240946294,34.84,51.644,70.55462196000512712607847432,76.42,70.68965517241379310344827586,68.450,302,-0.0007759772727272727,0.036741,-1.7898,51.42,0.960064,1.7514,70.68965517241379310344827586,0,1.0,0,
SLN,Silence Therapeutics Plc - Amer,85,0.11,C,low_opt,C,low_opt,,0.960064,,0,0.076271,1,0.923729,189,0,specific_days,3,headwind,deep_drawdown_rel_xbi,S,catalyst_far_lift|momentum_headwind|cost_haircut_>2000bps,clinical_score:+24.6;momentum_score:-18.0;catalyst_score:-7.8,tier=C;reason=low_opt;cat_days=189;strength=far;decay_w=0.3,v1.3.0,88d7ae9a,1,,mid|near_181_270|pos,-0.0007759772727272727,,-0.0279,0,1,1.4673,1.1095,1,1,selling,-0.8054,elite_1,0.7319,0.7319,1.09,102,stale,0.0,0,0,0,True,False,True,far,0.3,adequate,>2000bps,2020.0,0.55,1,0,1.0,0,1.0,0,189,False,specific_days,-0.236229,price_history,,1,1.1166,price_history,,-0.27973,,55.7389,-0.018317,-0.261413,mid,micro,none,drug_developer,morningstar,CTGOV_CALENDAR,CT_PRIMARY_COMPLETION,,0,0.7581885361636940584309005362,32.26,42.42204844444444444444444444,57.08333497962797951802738711,72.64,74.82758620689655172413793103,44.61002113885585942660853481,301,-0.0007759772727272727,0.039936,-1.7514,42.68,0.809904,0.8775,74.82758620689655172413793103,0,1.0,0,
VYGR,"Voyager Therapeutics, Inc.",86,0.11,C,low_opt,C,low_opt,,0.950479,,0,0.036723,1,0.963277,431,0,specific_days,9,headwind,deep_drawdown_rel_xbi,S,catalyst_far_lift|momentum_headwind|cost_haircut_>2000bps,clinical_score:+27.2;momentum_score:-14.7;catalyst_score:-6.0,tier=C;reason=low_opt;cat_days=431;strength=far;decay_w=0.3,v1.3.0,88d7ae9a,1,,early|far_271_540|pos,0.0,,-0.6672,0,1,1.5602,1.2952,1,1,selling,-0.8054,elite_1,0.35,0.35,0.15,102,stale,0.0,0,0,0,True,False,True,far,0.3,adequate,>2000bps,2020.0,0.55,1,0,1.0,0,1.0,0,431,False,specific_days,-0.139978,price_history,,1,1.3606,price_history,,-0.290807,,53.0395,-0.018317,-0.27249,early,micro,none,drug_developer,morningstar,,,,0,0.8078271276595744680851063830,35.04,43.75331600000000000000000000,47.375,82.69,77.000,45.61459219104308390022675736,298,0.0,0.049521,-1.6495,49.27,0.934505,1.5102,77.000,0,1.0,0,
TRDA,"Entrada Therapeutics, Inc.",87,0.35,C,mod_opt+catalyst_far,C,mod_opt+catalyst_far,,0.947284,,0,0.30791,1,0.69209,1101,0,specific_days,9,tailwind,,L,catalyst_far_lift|momentum_tailwind|cost_haircut_>2000bps,financial_score:-26.3;momentum_score:+23.2;clinical_score:+8.0,tier=C;reason=mod_opt+catalyst_far;cat_days=1101;strength=far;decay_w=0.3,v1.3.0,88d7ae9a,1,,early|far_271_540|nonpos,0.0,,-2.2068,1101,1,0.6804,-0.4632,1,1,selling,-0.8054,elite_1,0.35,0.35,0.2,102,stale,0.0,0,0,0,True,False,True,far,0.3,adequate,>2000bps,2020.0,0.55,1,0,1.0,0,1.0,0,1101,False,specific_days,0.069005,price_history,,1,0.9657,price_history,,-0.106615,,57.9451,-0.018317,-0.088298,early,small,none,drug_developer,morningstar,,,,0,0.7692004778972520908004778973,71.61,44.45817777777777777777777778,47.50,40.38,56.42857142857142857142857143,22.08163265306122448979591837,297,0.0,0.052716,-1.6191,30.40,0.567093,0.169,56.42857142857142857142857143,0,1.0,0,
TNGX,"Tango Therapeutics, Inc.",88,0.54,C,low_opt,C,low_opt,,0.940895,,0,0.194915,1,0.805085,66,0,specific_days,3,tailwind,,L,sponsor_confirmed|momentum_tailwind,financial_score:-47.8;smart_money_score:+21.5;momentum_score:+14.7,tier=C;reason=low_opt;cat_days=66;strength=near;decay_w=1.0,v1.3.0,88d7ae9a,1,,early|near_31_90|pos,0.0,,-0.7126,0,1,1.047,0.2695,5,5,buying,0.727,elite_5,6.0192,6.0192,4.29,102,stale,0.0,0,0,0,True,False,True,near,1.0,adequate,<=1000bps,532.57,0.85,1,0,1.0,0,1.0,0,66,False,specific_days,0.099938,price_history,,5,1.7518,price_history,,-0.009992,,59.1827,-0.018317,0.008325,early,small,sev1,drug_developer,morningstar,CTGOV_CALENDAR,CT_PRIMARY_COMPLETION,,0,0.7757299468142841636817540432,67.50,52.154,74.3375,32.69,65.00000000000000000000000000,5,295,0.0,0.059105,-1.5623,27.26,0.5,0.0,65.00000000000000000000000000,0,1.0,0,
SANA,"Sana Biotechnology, Inc.",89,0.33,C,low_opt,C,low_opt,,0.93131,,0,0.183616,1,0.816384,645,0,specific_days,9,headwind,high_beta|deep_drawdown_rel_xbi,M,catalyst_far_lift|sponsor_confirmed|momentum_headwind|high_risk,financial_score:-37.8;clinical_score:+19.9;smart_money_score:+12.4,tier=C;reason=low_opt;cat_days=645;strength=far;decay_w=0.3,v1.3.0,88d7ae9a,1,,early|far_271_540|pos,0.0,,-0.7119,0,1,1.0928,0.3611,2,2,buying,-0.4223,elite_2,1.7644,1.7644,1.02,102,stale,0.0,0,0,0,True,False,True,far,0.3,adequate,<=1000bps,841.06,0.85,1,0,1.0,0,1.0,0,645,False,specific_days,0.045291,price_history,,2,2.3608,price_history,,-0.285473,,51.3909,-0.018317,-0.267156,early,small,sev1,drug_developer,morningstar,,,,0,0.7650182490483958673191952148,46.03,51.878,58.550,36.54,66.07142857142857142857142857,8.360685941043083900226757365,292,0.0,0.06869,-1.4856,25.70,0.455272,-0.1124,66.07142857142857142857142857,0,1.0,0,
ORIC,"Oric Pharmaceuticals, Inc.",90,0.54,C,low_opt,C,low_opt,,0.92492,,0,0.053672,1,0.946328,66,0,specific_days,3,neutral,overbought_rsi,L,sponsor_confirmed,financial_score:-45.2;clinical_score:+26.6;smart_money_score:+16.6,tier=C;reason=low_opt;cat_days=66;strength=near;decay_w=1.0,v1.3.0,88d7ae9a,1,,early|near_31_90|pos,0.0,,-0.6852,0,1,1.5511,1.2769,3,3,buying,-0.0392,elite_3,5.2989,5.2989,3.87,102,stale,0.0,0,0,0,True,False,True,near,1.0,adequate,<=1000bps,763.34,0.85,1,0,1.0,0,1.0,0,66,False,specific_days,0.044371,price_history,,3,1.6326,price_history,,-0.068702,,71.7584,-0.018317,-0.050385,early,small,sev1,drug_developer,morningstar,CTGOV_CALENDAR,CT_PRIMARY_COMPLETION,,0,0.8130765796033380296954589791,51.24,51.128,66.7625,44.23,76.78571428571428571428571428,5,290,0.0,0.07508,-1.439,32.96,0.63099,0.3345,76.78571428571428571428571428,0,1.0,0,
NKTX,"Nkarta, Inc.",91,0.35,C,low_opt,C,low_opt,,0.921725,,0,0.155367,1,0.844633,401,0,specific_days,9,tailwind,,L,catalyst_far_lift|sponsor_confirmed|momentum_tailwind|cost_haircut_>2000bps,catalyst_score:-13.1;clinical_score:+10.5;smart_money_score:+3.8,tier=C;reason=low_opt;cat_days=401;strength=far;decay_w=0.3,v1.3.0,88d7ae9a,1,,early|far_271_540|pos,0.0,,-0.7103,0,1,1.1845,0.5442,3,3,buying,-0.0392,elite_3,2.6646,2.6646,1.02,102,stale,0.0,0,0,0,True,False,True,far,0.3,adequate,>2000bps,2020.0,0.55,1,0,1.0,0,1.0,0,401,False,specific_days,0.304655,price_history,,3,1.2124,price_history,,-0.045627,,67.893,-0.018317,-0.02731,early,micro,none,drug_developer,morningstar,,,,0,0.8186870151949845924981404739,55.19,44.70160044444444444444444444,61.550,71.15,68.21428571428571428571428572,59.16071428571428571428571429,289,0.0,0.078275,-1.4168,51.25,0.953674,1.6816,68.21428571428571428571428572,0,1.0,0,
LXEO,"Lexeo Therapeutics, Inc.",92,0.13,C,low_opt,C,low_opt,,0.91853,,0,0.138418,1,0.861582,280,0,specific_days,9,headwind,deep_drawdown|deep_drawdown_rel_xbi,S,catalyst_far_lift|momentum_headwind|cost_haircut_<=2000bps,clinical_score:+29.6;financial_score:-27.2;smart_money_score:+9.3,tier=C;reason=low_opt;cat_days=280;strength=far;decay_w=0.3,v1.3.0,88d7ae9a,1,,early|far_271_540|pos,0.0,,-0.7034,0,1,1.2761,0.7274,1,1,neutral,-0.8054,elite_1,0.5833,0.5833,0.03,102,stale,0.0,0,0,0,True,False,True,far,0.3,adequate,<=2000bps,1150.84,0.7,1,0,1.0,0,1.0,0,280,False,specific_days,-0.421572,price_history,,1,1.6224,price_history,,-0.370649,,41.2818,-0.018317,-0.352332,early,small,sev1,drug_developer,morningstar,,,,0,0.7701808365019011406844106464,33.08,36.65610844444444444444444444,50.075,63.46,70.35714285714285714285714286,13.60331632653061224489795919,288,0.0,0.08147,-1.3953,26.79,0.480831,-0.0481,70.35714285714285714285714286,0,1.0,0,
LCTX,"Lineage Cell Therapeutics, Inc.",93,0.35,C,low_opt,C,low_opt,,0.915335,,0,0.019774,1,0.980226,532,0,specific_days,9,tailwind,,L,catalyst_far_lift|momentum_tailwind|cost_haircut_>2000bps,financial_score:-31.5;clinical_score:+29.1;momentum_score:+5.9,tier=C;reason=low_opt;cat_days=532;strength=far;decay_w=0.3,v1.3.0,88d7ae9a,1,,early|far_271_540|pos,0.0,,-0.685,0,1,1.5602,1.2952,0,0,neutral,-1.1884,,0.0,0.0,0.0,,,0.0,0,0,0,True,False,True,far,0.3,adequate,>2000bps,2020.0,0.55,1,0,1.0,0,1.0,0,532,False,specific_days,-0.009757,price_history,,0,0.8232,price_history,,-0.071429,,57.8588,-0.018317,-0.053112,early,small,none,drug_developer,morningstar,,,,0,0.8044109397221310578711300733,53.76,44.45817777777777777777777778,,51.92,77.000,16.34750566893424036281179138,287,0.0,0.084665,-1.3744,41.03,0.777955,0.7653,77.000,0,1.0,0,
GLUE,"Monte Rosa Therapeutics, Inc.",94,0.54,C,low_opt,C,low_opt,,0.902556,,0,0.10452,1,0.89548,5,1,specific_days,3,tailwind,high_vol|high_beta,L,sponsor_confirmed|momentum_tailwind|high_risk,momentum_score:+27.9;catalyst_score:-15.4;financial_score:-12.7,tier=C;reason=low_opt;cat_days=5;strength=near;decay_w=1.0,v1.3.0,88d7ae9a,1,,early|near_0_30|pos,0.0,,-0.6946,0,1,1.4136,1.0021,3,3,buying,-0.0392,elite_3,2.1133,2.1133,0.64,102,stale,0.0,0,0,0,True,False,True,near,1.0,adequate,<=1000bps,570.46,0.85,1,0,1.0,0,1.0,0,5,True,specific_days,0.06459,price_history,,3,1.9871,price_history,,-0.241011,,47.2101,-0.018317,-0.222694,early,small,none,drug_developer,morningstar,CTGOV_CALENDAR,CT_STUDY_COMPLETION,,0,0.7277632581944898181422193183,94.90,51.596,60.600,30.92,73.57142857142857142857142857,54.28571428571428571428571428,283,0.0,0.097444,-1.2963,42.77,0.816294,0.9013,73.57142857142857142857142857,0,1.0,0,
FHTX,Foghorn Therapeutics Inc.,95,0.21,C,mod_opt+catalyst_far,C,mod_opt+catalyst_far,,0.899361,,0,0.353107,1,0.646893,462,0,specific_days,9,neutral,,M,catalyst_far_lift|cost_haircut_>2000bps,clinical_score:+6.0;financial_score:-6.0;catalyst_score:-3.5,tier=C;reason=mod_opt+catalyst_far;cat_days=462;strength=far;decay_w=0.3,v1.3.0,88d7ae9a,1,,early|far_271_540|nonpos,0.0,,-0.7661,0,1,0.5429,-0.7379,1,1,neutral,-0.8054,elite_1,0.4667,0.4667,0.24,102,stale,0.0,0,0,0,True,False,True,far,0.3,adequate,>2000bps,2036.0,0.55,1,0,1.0,0,1.0,0,462,False,specific_days,0.119626,price_history,,1,1.2059,price_history,,-0.151198,,51.8933,-0.018317,-0.132881,early,small,none,drug_developer,morningstar,,,,0,0.7851653397004558280876926416,47.23,43.75331600000000000000000000,50.600,55.77,53.21428571428571428571428572,41.25000000000000000000000000,282,0.0,0.100639,-1.2779,35.73,0.682109,0.4736,53.21428571428571428571428572,0,1.0,0,
ELVN,"Enliven Therapeutics, Inc.",96,0.54,C,low_opt,C,low_opt,,0.892971,,0,0.223164,1,0.776836,127,0,specific_days,3,tailwind,high_vol,L,sponsor_confirmed|momentum_tailwind|high_risk,catalyst_score:-13.5;clinical_score:+6.1;momentum_score:+4.4,tier=C;reason=low_opt;cat_days=127;strength=mid;decay_w=0.7,v1.3.0,88d7ae9a,1,,early|near_91_180|pos,0.0,,-1.8198,127,1,0.9783,0.1321,6,6,selling,1.1101,elite_6,5.3149,5.3149,3.83,102,stale,0.0,0,0,0,True,False,True,mid,0.7,adequate,<=1000bps,600.51,0.85,1,0,1.0,0,1.0,0,127,False,specific_days,0.275279,price_history,,6,0.44,price_history,,-0.03739,,61.9371,-0.018317,-0.019073,early,small,none,drug_developer,morningstar,CTGOV_CALENDAR,CT_PRIMARY_COMPLETION,,0,0.8176150216450216450216450216,61.67,43.75331600000000000000000000,57.6125,17.31,63.39285714285714285714285714,60.07142857142857142857142857,280,0.0,0.107029,-1.2425,47.82,0.912141,1.3541,63.39285714285714285714285714,0,1.0,0,
DYN,"Dyne Therapeutics, Inc.",97,0.33,C,low_opt,C,low_opt,,0.889776,,0,0.262712,1,0.737288,126,0,specific_days,2,headwind,deep_drawdown|deep_drawdown_rel_xbi,M,sponsor_confirmed|momentum_headwind,momentum_score:-27.7;smart_money_score:+22.2;financial_score:+8.8,tier=C;reason=low_opt;cat_days=126;strength=mid;decay_w=0.7,v1.3.0,88d7ae9a,1,,early|near_91_180|nonpos,0.0,,-2.1973,1223,1,0.8179,-0.1884,8,8,buying,1.8763,elite_8,8.8853,8.8853,2.96,102,stale,0.0,0,0,0,True,False,True,mid,0.7,adequate,<=1000bps,520.3,0.85,1,0,1.0,0,1.0,0,126,False,specific_days,-0.371442,price_history,,8,1.7511,price_history,,-0.360231,,38.7996,-0.018317,-0.341914,early,mid,none,drug_developer,morningstar,SEC_8K_FILING,DATA_READOUT,,0,0.7754144278038184520406996685,29.94,52.478,79.83255054140753586180582564,10.00,59.64285714285714285714285714,66.44642857142857142857142857,279,0.0,0.110224,-1.2253,44.56,0.861022,1.0849,59.64285714285714285714285714,0,1.0,0,
CRBU,"Caribou Biosciences, Inc.",98,0.11,C,mod_opt+catalyst_far,C,mod_opt+catalyst_far,,0.886581,,0,0.324859,1,0.675141,645,0,specific_days,9,neutral,high_beta|overbought_rsi,S,catalyst_far_lift|high_risk|cost_haircut_>2000bps,financial_score:-21.3;clinical_score:+12.0;momentum_score:+8.9,tier=C;reason=mod_opt+catalyst_far;cat_days=645;strength=far;decay_w=0.3,v1.3.0,88d7ae9a,1,,early|far_271_540|nonpos,0.0,,-0.7586,0,1,0.6346,-0.5547,0,0,neutral,-1.1884,,0.0,0.0,0.0,,,0.0,0,0,0,True,False,True,far,0.3,adequate,>2000bps,2020.0,0.55,1,0,1.0,0,1.0,0,645,False,specific_days,0.020797,price_history,,0,1.8254,price_history,,-0.246479,,72.7119,-0.018317,-0.228162,early,micro,sev1,drug_developer,morningstar,,,,0,0.7560492505353319057815845824,52.27,43.75331600000000000000000000,,78.85,55.35714285714285714285714286,22.08163265306122448979591837,278,0.0,0.113419,-1.2085,26.68,0.477636,-0.0561,55.35714285714285714285714286,0,1.0,0,
CGEM,"Cullinan Therapeutics, Inc.",99,0.54,C,low_opt,C,low_opt,,0.876997,,0,0.127119,1,0.872881,5,1,specific_days,3,tailwind,,L,sponsor_confirmed|momentum_tailwind,smart_money_score:-20.3;momentum_score:+19.4;clinical_score:+15.5,tier=C;reason=low_opt;cat_days=5;strength=near;decay_w=1.0,v1.3.0,88d7ae9a,1,,early|near_0_30|pos,0.0,,-0.7004,0,1,1.3219,0.819,4,4,selling,0.3439,elite_4,1.4269,1.4269,0.27,102,stale,0.0,0,0,0,True,False,True,near,1.0,adequate,<=1000bps,849.94,0.85,1,0,1.0,0,1.0,0,5,True,specific_days,0.119238,price_history,,4,1.3457,price_history,,0.0,,69.9065,-0.018317,0.018317,early,small,none,drug_developer,morningstar,CTGOV_CALENDAR,CT_PRIMARY_COMPLETION,,0,0.8310357220177527603377354406,75.33,52.478,35.675,59.62,71.42857142857142857142857143,44.73143424036281179138321995,275,0.0,0.123003,-1.1601,46.43,0.896166,1.26,71.42857142857142857142857143,0,1.0,0,
BBOT,BridgeBio Oncology Therapeutics,100,0.27,C,low_opt,C,low_opt,,0.867412,,0,0.217514,1,0.782486,523,0,specific_days,9,headwind,,M,catalyst_far_lift|sponsor_confirmed|momentum_headwind|cost_haircut_<=2000bps,smart_money_score:+24.3;momentum_score:-22.8;catalyst_score:-15.9,tier=C;reason=low_opt;cat_days=523;strength=far;decay_w=0.3,v1.3.0,88d7ae9a,1,,early|far_271_540|pos,0.0,,-2.1721,523,1,0.9783,0.1321,4,4,buying,0.3439,elite_4,5.4879,5.4879,14.29,102,stale,0.0,0,0,0,True,False,True,far,0.3,adequate,<=2000bps,1920.92,0.7,1,0,1.0,0,1.0,0,523,False,specific_days,-0.217919,price_history,,4,0.7809,price_history,,-0.248361,,41.7011,-0.018317,-0.230044,early,small,none,drug_developer,morningstar,,,,0,0.7709257980456026058631921824,29.85,36.74387377777777777777777778,77.0,25.00,63.39285714285714285714285714,56.42857142857142857142857143,272,0.0,0.132588,-1.1142,45.15,0.870607,1.1293,63.39285714285714285714285714,0,1.0,0,
TYRA,"Tyra Biosciences, Inc.",101,0.54,C,mod_opt+catalyst_far,C,mod_opt+catalyst_far,,0.864217,,0,0.403955,1,0.596045,189,0,specific_days,3,tailwind,,L,catalyst_far_lift|sponsor_confirmed|momentum_tailwind,momentum_score:+38.2;financial_score:-22.3;catalyst_score:-8.7,tier=C;reason=mod_opt+catalyst_far;cat_days=189;strength=far;decay_w=0.3,v1.3.0,88d7ae9a,1,,mid|near_181_270|nonpos,0.00506,,-0.0926,0,1,0.4055,-1.0126,2,2,buying,-0.4223,elite_2,2.2751,2.2751,2.1,102,stale,0.0,0,0,0,True,False,True,far,0.3,adequate,<=1000bps,687.05,0.85,1,0,1.0,0,1.0,0,189,False,specific_days,0.450011,price_history,,2,1.433,price_history,,0.0,,66.6828,-0.018317,0.018317,mid,small,none,drug_developer,morningstar,CTGOV_CALENDAR,CT_PRIMARY_COMPLETION,,0,0.8448631130063965884861407249,90.80,43.91479511111111111111111111,48.11048544415325093992451188,16.04,50,30.36111111111111111111111111,271,0.00506,0.135783,-1.0995,27.10,0.496805,-0.008,50,0,1.0,0,
MAZE,"Maze Therapeutics, Inc.",102,0.54,C,mod_opt+catalyst_far,C,mod_opt+catalyst_far,,0.857827,,0,0.483051,1,0.516949,189,0,specific_days,3,tailwind,,L,catalyst_far_lift|sponsor_confirmed|momentum_tailwind,momentum_score:+31.3;catalyst_score:-13.3;clinical_score:-12.8,tier=C;reason=mod_opt+catalyst_far;cat_days=189;strength=far;decay_w=0.3,v1.3.0,88d7ae9a,1,,mid|near_181_270|nonpos,0.00506,,-0.0964,0,1,0.1027,-1.6178,3,3,buying,-0.0392,elite_3,5.4369,5.4369,2.86,102,stale,0.0,0,0,0,True,False,True,far,0.3,adequate,<=1000bps,704.95,0.85,1,0,1.0,0,1.0,0,189,False,specific_days,0.144502,price_history,,3,1.3268,price_history,,-0.063469,,51.3414,-0.018317,-0.045152,mid,mid,none,drug_developer,morningstar,CTGOV_CALENDAR,CT_PRIMARY_COMPLETION,,0,0.7455854413491301099370263635,87.04,42.42204844444444444444444444,59.88735446562071609901085062,50,42.92046505482890738538776589,46.31866825208085612366230677,269,0.00506,0.142173,-1.0706,33.62,0.64377,0.3686,42.92046505482890738538776589,0,1.0,0,
DSGN,"Design Therapeutics, Inc.",103,0.45,C,mod_opt+catalyst_far,C,mod_opt+catalyst_far,,0.854633,,0,0.432203,1,0.567797,189,0,specific_days,3,tailwind,,L,catalyst_far_lift|sponsor_confirmed|momentum_tailwind|cost_haircut_<=2000bps,smart_money_score:+12.3;catalyst_score:-12.3;clinical_score:-6.8,tier=C;reason=mod_opt+catalyst_far;cat_days=189;strength=far;decay_w=0.3,v1.3.0,88d7ae9a,1,,mid|near_181_270|nonpos,0.00506,,-0.0928,0,1,0.3175,-1.1884,4,4,buying,0.3439,elite_4,3.8373,3.8373,2.47,102,stale,0.0,0,0,0,True,False,True,far,0.3,adequate,<=2000bps,1673.56,0.7,1,0,1.0,0,1.0,0,189,False,specific_days,0.009441,price_history,,4,1.7284,price_history,,-0.001883,,59.6932,-0.018317,0.016434,mid,small,none,drug_developer,morningstar,CTGOV_CALENDAR,CT_PRIMARY_COMPLETION,,0,0.7899053627760252365930599369,60.22,42.42204844444444444444444444,67.02205356791400060684171068,38.68,47.94424626767076231998943057,56.00000000000000000000000000,268,0.00506,0.145367,-1.0565,32.75,0.624601,0.3176,47.94424626767076231998943057,0,1.0,0,
DRUG,Bright Minds Biosciences Inc.,104,0.54,C,mod_opt+catalyst_far,C,mod_opt+catalyst_far,,0.851438,,0,0.477401,1,0.522599,250,0,specific_days,3,tailwind,,L,catalyst_far_lift|sponsor_confirmed|momentum_tailwind,financial_score:-37.8;smart_money_score:+32.4;momentum_score:+22.4,tier=C;reason=mod_opt+catalyst_far;cat_days=250;strength=far;decay_w=0.3,v1.3.0,88d7ae9a,1,,mid|near_181_270|nonpos,0.00506,,-0.0964,0,1,0.1027,-1.6178,3,3,buying,-0.0392,elite_3,5.7016,5.7016,5.32,102,stale,0.0,0,0,0,True,False,True,far,0.3,adequate,<=1000bps,804.89,0.85,1,0,1.0,0,1.0,0,250,False,specific_days,0.267743,price_history,,3,1.3557,price_history,,-0.071834,,60.2602,-0.018317,-0.053517,mid,small,none,drug_developer,morningstar,CTGOV_CALENDAR,CT_PRIMARY_COMPLETION,,0,0.7809633269469176152372365604,73.62,42.42204844444444444444444444,83.57145438287185850213919739,14.15,42.92046505482890738538776589,13.44444444444444444444444444,267,0.00506,0.148562,-1.0426,24.65,0.426518,-0.1852,42.92046505482890738538776589,0,1.0,0,
ABOS,"Acumen Pharmaceuticals, Inc.",105,0.21,C,mod_opt+catalyst_far,C,mod_opt+catalyst_far,,0.845048,,0,0.375706,1,0.624294,219,0,specific_days,3,tailwind,,M,catalyst_far_lift|momentum_tailwind|runway_short|cost_haircut_>2000bps,financial_score:-40.8;momentum_score:+31.3;smart_money_score:+10.4,tier=C;reason=mod_opt+catalyst_far;cat_days=219;strength=far;decay_w=0.3,v1.3.0,88d7ae9a,1,,mid|near_181_270|nonpos,0.00506,,-0.0881,0,1,0.4939,-0.8358,1,1,buying,-0.8054,elite_1,0.6544,0.6544,0.31,102,stale,0.0,0,0,0,True,False,True,far,0.3,short,>2000bps,2020.0,0.55,1,0,1.0,0,1.0,0,219,False,specific_days,0.32918,price_history,,1,1.381,price_history,,-0.017794,,64.1443,-0.018317,0.000523,mid,micro,sev2,drug_developer,morningstar,CTGOV_CALENDAR,CT_PRIMARY_COMPLETION,,0,0.7102161474007457775828032463,79.01,42.42204844444444444444444444,58.12103741967613912523395404,57.55,52.06896551724137931034482759,6.886147443519619500594530326,265,0.00506,0.154952,-1.0154,12.01,0.097444,-1.2963,52.06896551724137931034482759,0,1.0,0,
SABS,"SAB Biotherapeutics, Inc.",106,0.21,C,low_opt,C,low_opt,,0.829073,,0,0.121469,1,0.878531,615,0,specific_days,9,neutral,,M,catalyst_far_lift|cost_haircut_>2000bps,clinical_score:+15.6;catalyst_score:-13.1;momentum_score:-6.0,tier=C;reason=low_opt;cat_days=615;strength=far;decay_w=0.3,v1.3.0,88d7ae9a,1,,mid|far_271_540|pos,0.05133853608247423,,-0.0408,0,1,1.3346,0.8442,1,1,buying,-0.8054,elite_1,0.5833,0.5833,0.11,102,stale,0.0,0,0,0,True,False,True,far,0.3,adequate,>2000bps,2020.0,0.55,1,0,1.0,0,1.0,0,615,False,specific_days,-0.090959,price_history,,1,0.6294,price_history,,-0.159551,,41.5823,-0.018317,-0.141234,mid,micro,none,drug_developer,morningstar,,,,0,0.7617612324465765372873964239,50.11,43.01734444444444444444444444,54.85749733564290232616797866,83.96,71.72413793103448275862068966,60.86206896551724137931034483,260,0.05133853608247423,0.170927,-0.9505,44.86,0.864217,1.0995,71.72413793103448275862068966,0,1.0,0,
KYMR,"Kymera Therapeutics, Inc.",107,0.64,C,low_opt,C,low_opt,,0.825879,,0,0.110169,1,0.889831,280,0,specific_days,9,tailwind,overbought_rsi,L,catalyst_far_lift|sponsor_confirmed|momentum_tailwind,financial_score:-26.1;momentum_score:+21.6;clinical_score:+13.5,tier=C;reason=low_opt;cat_days=280;strength=far;decay_w=0.3,v1.3.0,88d7ae9a,1,,mid|far_271_540|pos,0.05133853608247423,,-0.034,0,1,1.3788,0.9327,5,5,buying,0.727,elite_5,5.974,5.974,2.72,102,stale,0.0,0,0,0,True,False,True,far,0.3,adequate,<=400bps,343.36,1.0,0,0,1.0,0,1.0,0,280,False,specific_days,0.295471,price_history,,5,1.2205,price_history,,-0.034889,,73.0198,-0.018317,-0.016572,mid,mid,none,drug_developer,morningstar,,,,0,0.8221424657534246575342465753,80.82,50.852,58.67042772055201783158166058,10.00,72.75862068965517241379310345,33.18404016382613291055621614,259,0.05133853608247423,0.174121,-0.938,39.07,0.730032,0.6129,72.75862068965517241379310345,0,1.0,0,
CTNM,"Contineum Therapeutics, Inc.",108,0.45,C,low_opt,C,low_opt,,0.822684,,0,0.008475,1,0.991525,797,0,specific_days,9,tailwind,,L,catalyst_far_lift|sponsor_confirmed|momentum_tailwind|cost_haircut_<=2000bps,smart_money_score:+18.3;catalyst_score:-16.1;financial_score:-13.7,tier=C;reason=low_opt;cat_days=797;strength=far;decay_w=0.3,v1.3.0,88d7ae9a,1,,mid|far_271_540|pos,0.05133853608247423,,-0.0194,0,1,1.5602,1.2952,7,7,buying,1.4932,elite_7,6.4278,6.4278,5.81,102,stale,0.0,0,0,0,True,False,True,far,0.3,adequate,<=2000bps,1638.15,0.7,1,0,1.0,0,1.0,0,797,False,specific_days,0.418858,price_history,,7,1.0123,price_history,,0.0,,67.0448,-0.018317,0.018317,mid,small,none,drug_developer,morningstar,,,,0,0.7830119941710570563838134738,68.04,50.648,85,51.89,77.000,53.00000000000000000000000000,258,0.05133853608247423,0.177316,-0.9256,46.75,0.899361,1.2779,77.000,0,1.0,0,
GPCR,Structure Therapeutics Inc.,109,0.64,C,low_opt,C,low_opt,,0.809904,,0,0.279661,1,0.720339,127,0,specific_days,3,tailwind,high_vol,L,sponsor_confirmed|momentum_tailwind|high_risk,momentum_score:+28.9;financial_score:-19.6;smart_money_score:+17.4,tier=C;reason=low_opt;cat_days=127;strength=mid;decay_w=0.7,v1.3.0,88d7ae9a,1,,mid|near_91_180|nonpos,0.0646411489361702,,-0.0784,0,1,0.7594,-0.3053,9,9,buying,2.2594,elite_9,12.6147,12.6147,3.83,102,stale,0.0,0,0,0,True,False,True,mid,0.7,adequate,<=400bps,317.28,1.0,0,0,1.0,0,1.0,0,127,False,specific_days,0.948144,price_history,,9,1.0123,price_history,,-0.265273,,40.9139,-0.018317,-0.246956,mid,mid,none,drug_developer,morningstar,CTGOV_CALENDAR,CT_PRIMARY_COMPLETION,,0,0.7897491121548860121434299462,96.55,50.318,85,10.00,58.27586206896551724137931034,48.04640639450389747654908179,254,0.0646411489361702,0.190096,-0.8775,38.45,0.717252,0.5747,58.27586206896551724137931034,0,1.0,0,
PGEN,"Precigen, Inc.",110,0.16,C,low_opt,C,low_opt,,0.701278,,0,0.251412,1,0.748588,101,0,specific_days,3,headwind,,S,momentum_headwind,financial_score:-31.8;clinical_score:+20.9;smart_money_score:+16.6,tier=C;reason=low_opt;cat_days=101;strength=near;decay_w=1.0,v1.3.0,88d7ae9a,1,,late|near_91_180|nonpos,0.0743638577586207,,0.8274,0,1,0.8833,-0.0576,1,1,buying,-0.8054,elite_1,1.462,1.462,1.57,102,stale,0.0,0,0,0,True,False,True,near,1.0,adequate,<=1000bps,760.78,0.85,1,0,1.0,0,1.0,0,101,False,specific_days,-0.016506,price_history,,1,1.4914,price_history,,-0.236084,,39.5249,-0.018317,-0.217767,late,small,sev1,drug_developer,morningstar,CTGOV_CALENDAR,CT_STUDY_COMPLETION,,0,0.8336789774436090225563909774,35.30,39.59360400000000000000000000,56.9250,42.60,61.17346938775510204081632653,8.556266688134820002951871085,220,0.0743638577586207,0.298722,-0.5281,21.06,0.372204,-0.326,61.17346938775510204081632653,0,1.0,0,
ACIU,AC Immune SA,111,0.05,C,low_opt,C,low_opt,,0.646965,,0,0.149718,1,0.850282,5,1,specific_days,3,headwind,deep_drawdown_rel_xbi,XS,momentum_headwind|cost_haircut_>2000bps,financial_score:-29.3;clinical_score:+23.9;catalyst_score:+12.0,tier=C;reason=low_opt;cat_days=5;strength=near;decay_w=1.0,v1.3.0,88d7ae9a,1,,mid|near_0_30|pos,0.07679787341772153,,-0.0527,0,1,1.2018,0.579,0,0,neutral,-1.1884,,0.0,0.0,0.0,,,0.0,0,0,0,True,False,True,near,1.0,adequate,>2000bps,2020.0,0.55,1,0,1.0,0,1.0,0,5,True,specific_days,-0.156172,price_history,,0,1.3899,price_history,,-0.318296,,39.5987,-0.018317,-0.299979,mid,micro,none,drug_developer,morningstar,CTGOV_CALENDAR,CT_PRIMARY_COMPLETION,,0,0.7333989632734090658431675306,38.22,56.750,,74.53,68.62068965517241379310344827,15.45910952569692165411547100,203,0.07679787341772153,0.353035,-0.3771,35.41,0.678914,0.4647,68.62068965517241379310344827,0,1.0,0,
URGN,UroGen Pharma Ltd.,112,0.33,C,mod_opt+catalyst_far,C,mod_opt+catalyst_far,,0.64377,,0,0.596045,1,0.403955,189,0,specific_days,3,headwind,deep_drawdown_rel_xbi,M,catalyst_far_lift|sponsor_confirmed|momentum_headwind|runway_short,smart_money_score:+33.7;financial_score:-32.0;catalyst_score:+10.5,tier=C;reason=mod_opt+catalyst_far;cat_days=189;strength=far;decay_w=0.3,v1.3.0,88d7ae9a,1,,late|near_181_270|nonpos,0.08571638372093023,,0.5178,0,1,-0.3818,-2.586,4,4,buying,0.3439,elite_4,3.5018,3.5018,1.12,102,stale,0.0,0,0,0,True,False,True,far,0.3,short,<=1000bps,791.64,0.85,1,0,1.0,0,1.0,0,189,False,specific_days,-0.296427,price_history,,4,0.6764,price_history,,-0.294697,,47.8623,-0.018317,-0.27638,late,small,sev2,drug_developer,morningstar,CTGOV_CALENDAR,CT_STUDY_COMPLETION,,0,0.8284024361677207776996954790,30.09,47.49960000000000000000000000,70.71047419004939861525949408,77.81,31.59285482900643250497477903,5,202,0.08571638372093023,0.35623,-0.3686,6.36,0.017572,-2.1067,31.59285482900643250497477903,0,1.0,0,
NAMS,NewAmsterdam Pharma Company N.V,113,0.54,C,mod_opt+catalyst_far,C,mod_opt+catalyst_far,,0.63099,,0,0.319209,1,0.680791,189,0,specific_days,3,headwind,,L,catalyst_far_lift|sponsor_confirmed|momentum_headwind,smart_money_score:+27.8;momentum_score:-11.9;catalyst_score:-7.4,tier=C;reason=mod_opt+catalyst_far;cat_days=189;strength=far;decay_w=0.3,v1.3.0,88d7ae9a,1,,late|near_181_270|nonpos,0.08571638372093023,,0.5601,0,1,0.6411,-0.5417,5,5,buying,0.727,elite_5,9.6146,9.6146,20.23,102,stale,0.0,0,0,0,True,False,True,far,0.3,adequate,<=1000bps,589.7,0.85,1,0,1.0,0,1.0,0,189,False,specific_days,-0.173431,price_history,,5,0.9436,price_history,,-0.131243,,58.6859,-0.018317,-0.112926,late,mid,none,drug_developer,morningstar,CTGOV_CALENDAR,CT_PRIMARY_COMPLETION,,0,0.8878739540999282811379392780,45.29,49.73621511111111111111111111,85,39.54,55.51020408163265306122448980,50.25423728813559322033898305,198,0.08571638372093023,0.36901,-0.3345,43.61,0.832268,0.9632,55.51020408163265306122448980,0,1.0,0,
MESO,Mesoblast Limited,114,0.13,C,low_opt,C,low_opt,,0.627796,,0,0.29096,1,0.70904,219,0,specific_days,3,headwind,,S,catalyst_far_lift|momentum_headwind|cost_haircut_<=2000bps,financial_score:-31.2;clinical_score:+21.4;catalyst_score:+5.1,tier=C;reason=low_opt;cat_days=219;strength=far;decay_w=0.3,v1.3.0,88d7ae9a,1,,late|near_181_270|nonpos,0.08571638372093023,,0.5652,0,1,0.7328,-0.3585,0,0,neutral,-1.1884,,0.0,0.0,0.0,,,0.0,0,0,0,True,False,True,far,0.3,adequate,<=2000bps,1664.83,0.7,1,0,1.0,0,1.0,0,219,False,specific_days,-0.021337,price_history,,0,0.7382,price_history,,-0.211832,,42.958,-0.018317,-0.193515,late,mid,none,drug_developer,morningstar,CTGOV_CALENDAR,CT_PRIMARY_COMPLETION,,0,0.7851068829406685580362649562,41.01,41.29534044444444444444444444,,63.01,57.65306122448979591836734694,5,197,0.08571638372093023,0.372204,-0.326,25.21,0.445687,-0.1366,57.65306122448979591836734694,0,1.0,0,
CRNX,"Crinetics Pharmaceuticals, Inc.",115,0.54,C,mod_opt+catalyst_far,C,mod_opt+catalyst_far,,0.624601,,0,0.528249,1,0.471751,219,0,specific_days,3,headwind,,L,catalyst_far_lift|sponsor_confirmed|momentum_headwind,smart_money_score:+24.8;catalyst_score:-14.9;clinical_score:-13.9,tier=C;reason=mod_opt+catalyst_far;cat_days=219;strength=far;decay_w=0.3,v1.3.0,88d7ae9a,1,,late|near_181_270|nonpos,0.08571638372093023,,0.5279,0,1,-0.1226,-2.068,5,5,buying,0.727,elite_5,5.2981,5.2981,8.57,102,stale,0.0,0,0,0,True,False,True,far,0.3,adequate,<=1000bps,442.4,0.85,1,0,1.0,0,1.0,0,219,False,specific_days,-0.076484,price_history,,5,1.0669,price_history,,-0.211058,,40.3303,-0.018317,-0.192741,late,mid,none,drug_developer,morningstar,CTGOV_CALENDAR,CT_PRIMARY_COMPLETION,,0,0.8796119688809096349491322561,43.05,36.67804444444444444444444444,76.40526732603904277772062843,36.48,37.65306122448979591836734695,64.08474576271186440677966102,196,0.08571638372093023,0.375399,-0.3176,30.44,0.570288,0.1771,37.65306122448979591836734695,0,1.0,0,
ANNX,"Annexon, Inc.",116,0.54,C,mod_opt+catalyst_far,C,mod_opt+catalyst_far,,0.621406,,0,0.336158,1,0.663842,249,0,specific_days,3,tailwind,deep_drawdown_rel_xbi,L,catalyst_far_lift|sponsor_confirmed|momentum_tailwind,financial_score:-33.7;smart_money_score:+24.5;momentum_score:+17.7,tier=C;reason=mod_opt+catalyst_far;cat_days=249;strength=far;decay_w=0.3,v1.3.0,88d7ae9a,1,,late|near_181_270|nonpos,0.08571638372093023,,0.5576,0,1,0.6018,-0.6202,4,4,buying,0.3439,elite_4,4.6165,4.6165,1.87,102,stale,0.0,0,0,0,True,False,True,far,0.3,adequate,<=1000bps,898.0,0.85,1,0,1.0,0,1.0,0,249,False,specific_days,0.010266,price_history,,4,1.5782,price_history,,-0.287356,,38.228,-0.018317,-0.269039,late,small,sev1,drug_developer,morningstar,CTGOV_CALENDAR,CT_PRIMARY_COMPLETION,,0,0.8328795138483113240621713217,69.08,39.59360400000000000000000000,75.83593592223484521696733954,76.79,54.59183673469387755102040816,17.64168310322156476002629849,195,0.08571638372093023,0.378594,-0.3092,27.88,0.522364,0.0561,54.59183673469387755102040816,0,1.0,0,
TRVI,"Trevi Therapeutics, Inc.",117,0.54,C,low_opt+no_catalyst_data,C,low_opt+no_catalyst_data,,0.615016,,0,0.031073,1,0.968927,,0,no_upcoming,9,neutral,,L,sponsor_confirmed,financial_score:-30.2;clinical_score:+24.0;smart_money_score:+11.9,tier=C;reason=low_opt+no_catalyst_data;cat_days=NA;strength=missing;decay_w=0.0,v1.3.0,88d7ae9a,1,,mid|none|pos,0.08701244092219021,,-0.0056,0,1,1.5602,1.2952,4,4,buying,0.3439,elite_4,4.2822,4.2822,1.8,102,stale,0.0,0,0,0,True,False,True,missing,0.0,adequate,<=1000bps,721.15,0.85,1,0,1.0,0,1.0,0,,False,no_upcoming,-0.095634,price_history,,4,1.3085,price_history,,-0.203952,,54.2296,-0.018317,-0.185635,mid,small,none,drug_developer,morningstar,,,,0,0.8464959035606652528183949101,47.00,53.282,64.90634441304340626988835116,42.45,77.000,22.77777777777777777777777778,193,0.08701244092219021,0.384984,-0.2924,43.92,0.845048,1.0154,77.000,0,1.0,0,
PRLD,Prelude Therapeutics Incorporated,118,0.11,C,low_opt+no_catalyst_data,C,low_opt+no_catalyst_data,,0.611821,,0,0.09887,1,0.90113,,0,no_upcoming,9,tailwind,high_beta|deep_drawdown_rel_xbi,S,sponsor_confirmed|momentum_tailwind|runway_short|high_risk|cost_haircut_>2000bps,financial_score:-53.4;momentum_score:+34.7;smart_money_score:+26.6,tier=C;reason=low_opt+no_catalyst_data;cat_days=NA;strength=missing;decay_w=0.0,v1.3.0,88d7ae9a,1,,mid|none|pos,0.08701244092219021,,-0.0289,0,1,1.4231,1.0211,2,2,buying,-0.4223,elite_2,1.2922,1.2922,0.37,102,stale,0.0,0,0,0,True,False,True,missing,0.0,short,>2000bps,2020.0,0.55,1,0,1.0,0,1.0,0,,False,no_upcoming,0.665635,price_history,,2,1.966,price_history,,-0.281407,,67.2295,-0.018317,-0.26309,mid,micro,sev2,drug_developer,morningstar,,,,0,0.7697018207197382769901853871,93.09,35.22704400000000000000000000,85,90.00,73.79310344827586206896551724,5,192,0.08701244092219021,0.388179,-0.2841,11.05,0.0623,-1.5357,73.79310344827586206896551724,0,1.0,0,
ENTA,"Enanta Pharmaceuticals, Inc.",119,0.27,C,low_opt+no_catalyst_data,C,low_opt+no_catalyst_data,,0.608626,,0,0.014124,1,0.985876,,0,no_upcoming,9,tailwind,,M,momentum_tailwind|cost_haircut_<=2000bps,clinical_score:+24.9;smart_money_score:-18.8;catalyst_score:-16.9,tier=C;reason=low_opt+no_catalyst_data;cat_days=NA;strength=missing;decay_w=0.0,v1.3.0,88d7ae9a,1,,mid|none|pos,0.08701244092219021,,0.0052,0,1,1.5602,1.2952,1,1,buying,-0.8054,elite_1,0.5833,0.5833,0.06,102,stale,0.0,0,0,0,True,False,True,missing,0.0,adequate,<=2000bps,1613.46,0.7,1,0,1.0,0,1.0,0,,False,no_upcoming,0.016214,price_history,,1,0.9391,price_history,,-0.124629,,62.3694,-0.018317,-0.106312,mid,small,none,drug_developer,morningstar,,,,0,0.7620844226398109598289636548,57.50,35.22704400000000000000000000,33.27839227312621452557902670,90.00,77.000,57.50000000000000000000000000,191,0.08701244092219021,0.391374,-0.2757,42.50,0.806709,0.8658,77.000,0,1.0,0,
ASMB,"Assembly Biosciences, Inc.",120,0.07,C,low_opt+no_catalyst_data,C,low_opt+no_catalyst_data,,0.605431,,0,0.161017,1,0.838983,,0,no_upcoming,9,headwind,,XS,momentum_headwind|cost_haircut_<=2000bps,clinical_score:+19.0;smart_money_score:-14.2;momentum_score:-10.3,tier=C;reason=low_opt+no_catalyst_data;cat_days=NA;strength=missing;decay_w=0.0,v1.3.0,88d7ae9a,1,,mid|none|pos,0.08701244092219021,,-0.0541,0,1,1.1576,0.4906,1,1,buying,-0.8054,elite_1,0.6619,0.6619,0.32,102,stale,0.0,0,0,0,True,False,True,missing,0.0,adequate,<=2000bps,1698.75,0.7,1,0,1.0,0,1.0,0,,False,no_upcoming,-0.29401,price_history,,1,1.2717,price_history,,-0.23013,,54.9802,-0.018317,-0.211813,mid,small,none,drug_developer,morningstar,,,,0,0.8231733339307718158395877674,38.29,48.24560400000000000000000000,34.38053940827382361776933001,85.85,67.58620689655172413793103448,54.50000000000000000000000000,190,0.08701244092219021,0.394569,-0.2674,45.80,0.883387,1.1921,67.58620689655172413793103448,0,1.0,0,
GLPG,Galapagos NV,121,0.13,C,low_opt,C,low_opt,,0.547923,,0,0.042373,1,0.957627,5,1,specific_days,3,headwind,,S,sponsor_confirmed|momentum_headwind|cost_haircut_<=2000bps,financial_score:-38.2;clinical_score:+23.5;smart_money_score:+20.6,tier=C;reason=low_opt;cat_days=5;strength=near;decay_w=1.0,v1.3.0,88d7ae9a,1,,late|near_0_30|pos,0.09254273684210526,,0.8733,0,1,1.5576,1.29,3,3,buying,-0.0392,elite_3,4.8588,4.8588,5.54,102,stale,0.0,0,0,0,True,False,True,near,1.0,adequate,<=2000bps,1751.0,0.7,1,0,1.0,0,1.0,0,5,True,specific_days,0.078643,price_history,,3,0.3762,price_history,,-0.086656,,56.1419,-0.018317,-0.068339,late,mid,none,drug_developer,morningstar,CTGOV_CALENDAR,CT_STUDY_COMPLETION,,0,0.8497829195372416482516573508,44.73,56.198,74.0,61.99,76.93877551020408163265306122,15.19390979603562194771617351,172,0.09254273684210526,0.452077,-0.1204,36.27,0.685304,0.4826,76.93877551020408163265306122,0,1.0,0,
BNTX,BioNTech SE,122,0.38,C,low_opt,C,low_opt,,0.525559,,0,0.228814,1,0.771186,5,1,specific_days,3,headwind,,M,sponsor_confirmed|momentum_headwind,financial_score:-16.9;clinical_score:+14.4;catalyst_score:+6.3,tier=C;reason=low_opt;cat_days=5;strength=near;decay_w=1.0,v1.3.0,88d7ae9a,1,,late|near_0_30|pos,0.09254273684210526,,0.8327,0,1,0.9422,0.0602,4,4,selling,0.3439,elite_4,2.81,2.81,1.07,102,stale,0.0,0,0,0,True,False,True,near,1.0,adequate,<=400bps,291.22,1.0,0,0,1.0,0,1.0,0,5,True,specific_days,0.067079,price_history,,4,0.6646,price_history,,-0.080098,,55.9266,-0.018317,-0.061781,late,large,none,drug_developer,morningstar,CTGOV_CALENDAR,CT_PRIMARY_COMPLETION,,0,0.8288749480681346073950976319,42.92,54.440,49.6750,28.54,62.55102040816326530612244898,31.23456790123456790123456790,165,0.09254273684210526,0.474441,-0.0641,33.95,0.653355,0.3944,62.55102040816326530612244898,0,1.0,0,
AGIO,"Agios Pharmaceuticals, Inc.",123,0.33,C,low_opt,C,low_opt,,0.50639,,0,0.09322,1,0.90678,5,1,specific_days,3,headwind,deep_drawdown_rel_xbi,M,sponsor_confirmed|momentum_headwind,clinical_score:+18.3;momentum_score:-18.0;catalyst_score:-6.3,tier=C;reason=low_opt;cat_days=5;strength=near;decay_w=1.0,v1.3.0,88d7ae9a,1,,late|near_0_30|pos,0.09254273684210526,,0.8699,0,1,1.4398,1.0545,3,3,buying,-0.0392,elite_3,3.9709,3.9709,2.25,102,stale,0.0,0,0,0,True,False,True,near,1.0,adequate,<=1000bps,517.49,0.85,1,0,1.0,0,1.0,0,5,True,specific_days,0.010512,price_history,,3,0.863,price_history,,-0.331941,,65.8303,-0.018317,-0.313624,late,small,none,drug_developer,morningstar,CTGOV_CALENDAR,CT_PRIMARY_COMPLETION,,0,0.8511080813088745661874070402,37.96,49.56857600000000000000000000,58.6250,69.64,74.18367346938775510204081633,59.23076923076923076923076923,159,0.09254273684210526,0.49361,-0.016,43.76,0.838658,0.989,74.18367346938775510204081633,0,1.0,0,
VKTX,"Viking Therapeutics, Inc.",124,0.64,C,mod_opt+catalyst_far,C,mod_opt+catalyst_far,,0.48722,,0,0.381356,1,0.618644,492,0,specific_days,9,headwind,,L,catalyst_far_lift|sponsor_confirmed|momentum_headwind,financial_score:-26.5;clinical_score:+13.0;smart_money_score:+6.2,tier=C;reason=mod_opt+catalyst_far;cat_days=492;strength=far;decay_w=0.3,v1.3.0,88d7ae9a,1,,late|far_271_540|nonpos,0.0930939801980198,,0.5455,0,1,0.4578,-0.908,3,3,buying,-0.0392,elite_3,2.0278,2.0278,0.88,102,stale,0.0,0,0,0,True,False,True,far,0.3,adequate,<=400bps,318.5,1.0,0,0,1.0,0,1.0,0,492,False,specific_days,-0.162732,price_history,,3,1.6913,price_history,,-0.198147,,58.803,-0.018317,-0.17983,late,mid,sev1,drug_developer,morningstar,,,,0,0.8166425644733670764039527597,43.66,40.04242177777777777777777778,44.38812077500663676685769640,20.66,51.22448979591836734693877551,11.65492036132656644003957994,153,0.0930939801980198,0.51278,0.032,20.63,0.35623,-0.3686,51.22448979591836734693877551,0,1.0,0,
MLYS,"Mineralys Therapeutics, Inc.",125,0.54,C,mod_opt+catalyst_far,C,mod_opt+catalyst_far,,0.468051,,0,0.471751,1,0.528249,280,0,specific_days,9,headwind,deep_drawdown|deep_drawdown_rel_xbi,L,catalyst_far_lift|sponsor_confirmed|momentum_headwind,smart_money_score:+31.4;momentum_score:-29.4;financial_score:+14.0,tier=C;reason=mod_opt+catalyst_far;cat_days=280;strength=far;decay_w=0.3,v1.3.0,88d7ae9a,1,,late|far_271_540|nonpos,0.0930939801980198,,0.5336,0,1,0.1234,-1.5763,7,7,buying,1.4932,elite_7,9.8683,9.8683,31.01,102,stale,0.0,0,0,0,True,False,True,far,0.3,adequate,<=1000bps,518.91,0.85,1,0,1.0,0,1.0,0,280,False,specific_days,-0.376276,price_history,,7,1.2736,price_history,,-0.366998,,47.0948,-0.018317,-0.348681,late,mid,none,drug_developer,morningstar,,,,0,0.8293832335329341317365269461,24.22,47.77154177777777777777777778,85,24.74,43.40529409042528576056272849,67.54237288135593220338983050,147,0.0930939801980198,0.531949,0.0802,32.30,0.615016,0.2924,43.40529409042528576056272849,0,1.0,0,
IMTX,Immatics N.V.,126,0.45,C,mod_opt+catalyst_far,C,mod_opt+catalyst_far,,0.455272,,0,0.409605,1,0.590395,554,0,specific_days,9,tailwind,,L,catalyst_far_lift|momentum_tailwind|cost_haircut_<=2000bps,catalyst_score:-6.2;financial_score:+4.3;momentum_score:+3.9,tier=C;reason=mod_opt+catalyst_far;cat_days=554;strength=far;decay_w=0.3,v1.3.0,88d7ae9a,1,,late|far_271_540|nonpos,0.0930939801980198,,0.5439,0,1,0.3924,-1.0388,0,0,neutral,-1.1884,,0.0,0.0,0.0,,,0.0,0,0,0,True,False,True,far,0.3,adequate,<=2000bps,1507.08,0.7,1,0,1.0,0,1.0,0,554,False,specific_days,-0.173252,price_history,,0,1.5626,price_history,,-0.138163,,54.9549,-0.018317,-0.119846,late,small,none,drug_developer,morningstar,,,,0,0.8509272211720226843100189036,55.52,45.38760000000000000000000000,,62.50,49.69416678235920218427507057,55.86813186813186813186813187,143,0.0930939801980198,0.544728,0.1124,27.61,0.515974,0.0401,49.69416678235920218427507057,0,1.0,0,
BLTE,"Belite Bio, Inc",127,0.54,C,mod_opt+catalyst_far,C,mod_opt+catalyst_far,,0.432907,,0,0.511299,1,0.488701,491,0,specific_days,9,tailwind,,L,catalyst_far_lift|sponsor_confirmed|momentum_tailwind|runway_short,momentum_score:+43.8;financial_score:-40.2;smart_money_score:+5.8,tier=C;reason=mod_opt+catalyst_far;cat_days=491;strength=far;decay_w=0.3,v1.3.0,88d7ae9a,1,,late|far_271_540|nonpos,0.0930939801980198,,0.529,0,1,-0.0254,-1.8737,3,3,buying,-0.0392,elite_3,2.2482,2.2482,0.8,102,stale,0.0,0,0,0,True,False,True,far,0.3,short,<=1000bps,464.38,0.85,1,0,1.0,0,1.0,0,491,False,specific_days,0.448929,price_history,,3,0.1129,price_history,,-0.016432,,63.0943,-0.018317,0.001885,late,mid,sev2,drug_developer,morningstar,,,,0,0.8212800288565588553564987375,89.13,41.29534044444444444444444444,51.07888281513981790766868934,10.00,39.92618816233976583830811236,5.067828529477480928213476328,136,0.0930939801980198,0.567093,0.169,11.99,0.094249,-1.315,39.92618816233976583830811236,0,1.0,0,
ANRO,"Alto Neuroscience, Inc.",128,0.45,C,low_opt,C,low_opt,,0.353035,,0,0.285311,1,0.714689,5,1,specific_days,3,tailwind,,L,sponsor_confirmed|momentum_tailwind|cost_haircut_<=2000bps,momentum_score:+35.1;financial_score:-15.4;catalyst_score:-10.7,tier=C;reason=low_opt;cat_days=5;strength=near;decay_w=1.0,v1.3.0,88d7ae9a,1,,late|near_0_30|nonpos,0.09603160592255125,,0.8159,0,1,0.7459,-0.3323,2,2,buying,-0.4223,elite_2,1.1667,1.1667,0.02,102,stale,0.0,0,0,0,True,False,True,near,1.0,adequate,<=2000bps,1376.43,0.7,1,0,1.0,0,1.0,0,5,True,specific_days,0.355641,price_history,,2,1.3362,price_history,,-0.035928,,61.8702,-0.018317,-0.017611,late,small,none,drug_developer,morningstar,CTGOV_CALENDAR,CT_STUDY_COMPLETION,,0,0.8357893034156070805285464971,96.55,50.804,56.050,73.72,57.95918367346938775510204081,46.09225938896268566598236928,111,0.09603160592255125,0.646965,0.3771,30.80,0.583067,0.2097,57.95918367346938775510204081,0,1.0,0,
ALDX,"Aldeyra Therapeutics, Inc.",129,0.27,C,low_opt,C,low_opt,,0.317891,,0,0.206215,1,0.793785,280,0,specific_days,9,headwind,,M,catalyst_far_lift|sponsor_confirmed|momentum_headwind|cost_haircut_<=2000bps,clinical_score:+15.2;momentum_score:-13.3;financial_score:-9.7,tier=C;reason=low_opt;cat_days=280;strength=far;decay_w=0.3,v1.3.0,88d7ae9a,1,,late|far_271_540|pos,0.0961064745762712,,0.5907,0,1,0.9815,0.1387,2,2,buying,-0.4223,elite_2,1.6184,1.6184,0.79,102,stale,0.0,0,0,0,True,False,True,far,0.3,adequate,<=2000bps,1377.75,0.7,1,0,1.0,0,1.0,0,280,False,specific_days,-0.0796,price_history,,2,1.0353,price_history,,-0.253582,,52.7961,-0.018317,-0.235265,late,small,none,drug_developer,morningstar,,,,0,0.8161761065420560747663551402,35.03,51.110,53.32467789831344263638037311,90.00,63.46938775510204081632653061,38.62771538595714419890244065,100,0.0961064745762712,0.682109,0.4736,27.94,0.528754,0.0721,63.46938775510204081632653061,0,1.0,0,
TBPH,"Theravance Biopharma, Inc.",130,0.07,C,low_opt,C,low_opt,,0.289137,,0,0.025424,1,0.974576,35,1,specific_days,2,headwind,,XS,momentum_headwind|cost_haircut_<=2000bps,clinical_score:+22.0;smart_money_score:-21.4;momentum_score:-10.3,tier=C;reason=low_opt;cat_days=35;strength=near;decay_w=1.0,v1.3.0,88d7ae9a,1,,late|near_31_90|pos,0.1,,0.8733,0,1,1.5602,1.2952,1,1,buying,-0.8054,elite_1,0.5833,0.5833,0.15,102,stale,0.0,0,0,0,True,False,True,near,1.0,adequate,<=2000bps,1073.03,0.7,1,0,1.0,0,1.0,0,35,True,specific_days,-0.038363,price_history,,1,0.6602,price_history,,-0.081003,,46.3444,-0.018317,-0.062686,late,small,none,drug_developer,morningstar,SEC_8K_FILING,DATA_READOUT,,0,0.8967171808759612169842861919,44.65,55.424,33.50339227312621452557902670,90.00,77.000,64.17582417582417582417582418,91,0.1,0.710863,0.5559,54.85,0.992013,2.4095,77.000,0,1.0,0,
ROIV,Roivant Sciences Ltd.,131,0.64,C,mod_opt+no_catalyst_data,C,mod_opt+no_catalyst_data,,0.253994,,0,0.415254,1,0.584746,,0,no_upcoming,9,tailwind,overbought_rsi,L,sponsor_confirmed|momentum_tailwind,catalyst_score:-35.0;momentum_score:+23.1;smart_money_score:+13.8,tier=C;reason=mod_opt+no_catalyst_data;cat_days=NA;strength=missing;decay_w=0.0,v1.3.0,88d7ae9a,1,,mid|none|nonpos,0.1,,-0.086,0,1,0.3878,-1.048,5,5,buying,0.727,elite_5,6.6687,6.6687,3.22,102,stale,0.0,0,0,0,True,False,True,missing,0.0,adequate,<=400bps,230.22,1.0,0,0,1.0,0,1.0,0,,False,no_upcoming,0.268998,price_history,,5,1.2665,price_history,,0.0,,72.638,-0.018317,0.018317,mid,large,none,drug_developer,morningstar,,,,0,0.8492002584814216478190630048,82.61,24.50250000000000000000000000,73.325,50,49.58673536794820980314440481,67.48275862068965517241379310,80,0.1,0.746006,0.662,40.16,0.755591,0.6922,49.58673536794820980314440481,0,1.0,0,
MBX,"MBX Biosciences, Inc.",132,0.54,C,low_opt,C,low_opt,,0.190096,,0,0.211864,1,0.788136,95,0,specific_days,3,tailwind,high_beta,L,sponsor_confirmed|momentum_tailwind|high_risk,smart_money_score:+18.7;catalyst_score:-16.8;momentum_score:+15.6,tier=C;reason=low_opt;cat_days=95;strength=near;decay_w=1.0,v1.3.0,88d7ae9a,1,,mid|near_91_180|pos,0.1,,-0.0665,0,1,0.9806,0.1369,8,8,buying,1.8763,elite_8,9.7471,9.7471,2.11,102,stale,0.0,0,0,0,True,False,True,near,1.0,adequate,<=1000bps,602.88,0.85,1,0,1.0,0,1.0,0,95,False,specific_days,0.025809,price_history,,8,2.0166,price_history,,-0.148586,,49.7192,-0.018317,-0.130269,mid,small,none,drug_developer,morningstar,CTGOV_CALENDAR,CT_PRIMARY_COMPLETION,,0,0.7961539324582071132054302704,81.84,49.48482177777777777777777778,85,17.92,63.44827586206896551724137931,51.50000000000000000000000000,60,0.1,0.809904,0.8775,39.71,0.739617,0.6422,63.44827586206896551724137931,0,1.0,0,
GHRS,GH Research PLC,133,0.13,C,mod_opt+no_catalyst_data,C,mod_opt+no_catalyst_data,,0.129393,,0,0.313559,1,0.686441,,0,no_upcoming,9,headwind,,S,sponsor_confirmed|momentum_headwind|cost_haircut_<=2000bps,financial_score:-33.2;smart_money_score:+26.5;clinical_score:+12.4,tier=C;reason=mod_opt+no_catalyst_data;cat_days=NA;strength=missing;decay_w=0.0,v1.3.0,88d7ae9a,1,,mid|none|nonpos,0.1,,-0.0803,0,1,0.6709,-0.4821,5,5,buying,0.727,elite_5,5.1947,5.1947,1.89,102,stale,0.0,0,0,0,True,False,True,missing,0.0,adequate,<=2000bps,1312.85,0.7,1,0,1.0,0,1.0,0,,False,no_upcoming,-0.09237,price_history,,5,1.756,price_history,,-0.215897,,48.7982,-0.018317,-0.19758,mid,small,none,drug_developer,morningstar,,,,0,0.7604768548658659782242675946,41.09,40.95563377777777777777777778,70.38050803673543294448951869,40.57,56.20689655172413793103448276,10.61514801999231064975009612,41,0.1,0.870607,1.1293,31.26,0.595847,0.2426,56.20689655172413793103448276,0,1.0,0,
EYPT,"EyePoint, Inc.",134,0.54,C,low_opt,C,low_opt,,0.119808,,0,0.189266,1,0.810734,35,1,specific_days,2,tailwind,,L,sponsor_confirmed|momentum_tailwind|runway_short,financial_score:-48.3;smart_money_score:+31.7;clinical_score:+12.0,tier=C;reason=low_opt;cat_days=35;strength=near;decay_w=1.0,v1.3.0,88d7ae9a,1,,late|near_31_90|pos,0.1,,0.8481,0,1,1.0601,0.2957,4,4,buying,0.3439,elite_4,5.5739,5.5739,8.18,102,stale,0.0,0,0,0,True,False,True,near,1.0,short,<=1000bps,686.55,0.85,1,0,1.0,0,1.0,0,35,True,specific_days,0.069662,price_history,,4,1.2858,price_history,,-0.095491,,63.9411,-0.018317,-0.077174,late,small,sev2,drug_developer,morningstar,SEC_8K_FILING,DATA_READOUT,,0,0.9,55.61,55.424,85,61.48,65.30612244897959183673469388,5,38,0.1,0.880192,1.1759,18.70,0.292332,-0.5466,65.30612244897959183673469388,0,1.0,0,
EWTX,"Edgewise Therapeutics, Inc.",135,0.54,C,low_opt,C,low_opt,,0.116613,,0,0.070621,1,0.929379,66,0,specific_days,3,tailwind,,L,sponsor_confirmed|momentum_tailwind,smart_money_score:+17.9;financial_score:-17.3;catalyst_score:-14.8,tier=C;reason=low_opt;cat_days=66;strength=near;decay_w=1.0,v1.3.0,88d7ae9a,1,,mid|near_31_90|pos,0.1,,-0.0267,0,1,1.5116,1.1979,9,9,buying,2.2594,elite_9,11.3552,11.3552,5.92,102,stale,0.0,0,0,0,True,False,True,near,1.0,adequate,<=1000bps,499.69,0.85,1,0,1.0,0,1.0,0,66,False,specific_days,0.168165,price_history,,9,1.7213,price_history,,-0.002903,,60.6141,-0.018317,0.015414,mid,mid,none,drug_developer,morningstar,CTGOV_CALENDAR,CT_PRIMARY_COMPLETION,,0,0.8184405997035685782692965454,72.44,52.274,85,23.58,75.86206896551724137931034483,49.79323556612498348526885983,37,0.1,0.883387,1.1921,48.26,0.91853,1.3953,75.86206896551724137931034483,0,1.0,0,
ACRS,"Aclaris Therapeutics, Inc.",136,0.27,C,low_opt,C,low_opt,,0.007987,,0,0.064972,1,0.935028,158,0,specific_days,3,tailwind,high_vol,M,sponsor_confirmed|momentum_tailwind|high_risk|cost_haircut_<=2000bps,clinical_score:+18.1;catalyst_score:-9.8;financial_score:-7.7,tier=C;reason=low_opt;cat_days=158;strength=mid;decay_w=0.7,v1.3.0,88d7ae9a,1,,late|near_91_180|pos,0.1,,0.8733,0,1,1.5183,1.2115,3,3,buying,-0.0392,elite_3,2.1722,2.1722,0.55,102,stale,0.0,0,0,0,True,False,True,mid,0.7,adequate,<=2000bps,1309.31,0.7,1,0,1.0,0,1.0,0,158,False,specific_days,0.130702,price_history,,3,1.478,price_history,,-0.258278,,50.2558,-0.018317,-0.239961,late,small,none,drug_developer,morningstar,CTGOV_CALENDAR,CT_PRIMARY_COMPLETION,,0,0.8633316708229426433915211970,58.00,48.16254044444444444444444444,57.375,90.00,76.02040816326530612244897959,50.26373626373626373626373626,3,0.1,0.992013,2.4095,41.17,0.78115,0.7761,76.02040816326530612244897959,0,1.0,0,
ETON,"Eton Pharmaceuticals, Inc.",137,0.27,C,low_quality,,,C,0.896166,0.180147,1,,0,,1,1,specific_days,1,neutral,overbought_rsi,M,sponsor_confirmed|cost_haircut_<=2000bps,smart_money_score:+33.6;financial_score:-29.3;clinical_score:-22.0,tier=;reason=;cat_days=1;strength=near;decay_w=1.0,v1.3.0,88d7ae9a,1,,early|near_0_30|nonpos,0.0,32.183806,-2.4631,,0,-1.4534,-1.314,2,2,buying,-0.4223,elite_2,4.031,4.031,8.79,102,stale,0.0,0,0,0,True,False,True,near,1.0,adequate,<=2000bps,1538.88,0.7,1,0,1.0,0,1.0,0,1,True,specific_days,0.088368,price_history,,2,0.5093,price_history,,-0.186833,,74.6923,-0.018317,-0.168516,early,small,sev1,commercial_pharma,morningstar,SEC_8K_FILING,FDA_PDUFA_DATE,,0,0.7589472420899502970056976603,48.04,54.020,75.72958565679334683893071922,48.03,20.19061791383219954648526076,12.81179138321995464852607710,281,0.0,0.103834,-1.26,15.17,0.186901,-0.8894,20.19061791383219954648526076,0,1.0,0,
CATX,"Perspective Therapeutics, Inc.",138,0.54,B,mod_quality+catalyst_near,,,B,0.873802,0.775735,1,,0,,65,0,specific_days,3,tailwind,high_beta,L,sponsor_confirmed|momentum_tailwind|high_risk,momentum_score:+32.1;catalyst_score:-27.8;clinical_score:+11.2,tier=;reason=;cat_days=65;strength=near;decay_w=1.0,v1.3.0,88d7ae9a,1,,early|near_31_90|nonpos,0.0,60.711214,-0.6871,0,1,,0.0,2,2,buying,-0.4223,elite_2,2.2503,2.2503,2.34,102,stale,0.0,0,0,0,True,False,True,near,1.0,adequate,<=1000bps,729.54,0.85,1,0,1.0,0,1.0,0,65,False,specific_days,1.333553,price_history,,2,2.0875,price_history,,-0.040708,,67.0217,-0.018317,-0.022391,early,small,none,platform_devices,morningstar,CTGOV_CALENDAR,CT_PRIMARY_COMPLETION,,0,0.7682945731375747688961392061,96.55,36.65610844444444444444444444,58.850,48.08,75.71428571428571428571428572,54.60714285714285714285714286,274,0.0,0.126198,-1.1445,42.94,0.819489,0.9134,75.71428571428571428571428572,0,1.0,0,
BEAM,Beam Therapeutics Inc.,139,0.54,B,mod_quality+catalyst_near,,,B,0.870607,0.606618,1,,0,,94,0,specific_days,3,tailwind,high_beta,L,sponsor_confirmed|momentum_tailwind|high_risk,catalyst_score:-13.3;clinical_score:+5.2;financial_score:+4.4,tier=;reason=;cat_days=94;strength=near;decay_w=1.0,v1.3.0,88d7ae9a,1,,early|near_91_180|pos,0.0,51.657,-0.7089,0,1,0.9467,0.7059,4,4,buying,0.3439,elite_4,5.345,5.345,3.28,102,stale,0.0,0,0,0,True,False,True,near,1.0,adequate,<=1000bps,449.66,0.85,1,0,1.0,0,1.0,0,94,False,specific_days,0.177425,price_history,,4,1.9259,price_history,,-0.088111,,64.1269,-0.018317,-0.069794,early,mid,none,commercial_biotech,morningstar,CTGOV_CALENDAR,CT_STUDY_COMPLETION,,0,0.8257814872021182700794351280,67.26,50.750,64.550,21.15,69.28571428571428571428571428,68.450,273,0.0,0.129393,-1.1293,52.42,0.972843,1.9243,69.28571428571428571428571428,0,1.0,0,
XERS,"Xeris Biopharma Holdings, Inc.",140,0.33,C,low_quality+no_catalyst_data,,,C,0.797125,0.047794,1,,0,,,0,no_upcoming,9,headwind,deep_drawdown_rel_xbi,M,sponsor_confirmed|momentum_headwind,smart_money_score:+24.1;clinical_score:-15.6;financial_score:-13.0,tier=;reason=;cat_days=NA;strength=missing;decay_w=0.0,v1.3.0,88d7ae9a,1,,early|none|nonpos,0.06969944897959185,21.8055,-2.4631,,0,-1.3604,-1.0611,3,3,buying,-0.0392,elite_3,1.864,1.864,0.36,102,stale,0.0,0,0,0,True,False,True,missing,0.0,adequate,<=1000bps,878.01,0.85,1,0,1.0,0,1.0,0,,False,no_upcoming,-0.09061,price_history,,3,0.4646,price_history,,-0.325253,,40.4173,-0.018317,-0.306936,early,small,sev1,commercial_biotech,morningstar,,,,0,0.7123897738446411012782694199,31.30,44.73640711111111111111111111,59.900,15.13,20.19061791383219954648526076,22.77777777777777777777777778,250,0.06969944897959185,0.202875,-0.8314,15.81,0.199681,-0.8428,20.19061791383219954648526076,0,1.0,0,
VTRS,Viatris Inc.,141,0.64,C,low_quality+no_catalyst_data,,,C,0.79393,0.540441,1,,0,,,0,no_upcoming,9,tailwind,overbought_rsi,L,sponsor_confirmed|momentum_tailwind,clinical_score:-28.2;momentum_score:+26.2;smart_money_score:+14.5,tier=;reason=;cat_days=NA;strength=missing;decay_w=0.0,v1.3.0,88d7ae9a,1,,early|none|nonpos,0.06969944897959185,47.99101,-2.4631,,0,-1.4534,-1.314,2,2,buying,-0.4223,elite_2,2.8098,2.8098,3.64,102,stale,0.0,0,0,0,True,False,True,missing,0.0,adequate,<=400bps,271.55,1.0,0,0,1.0,0,1.0,0,,False,no_upcoming,0.509899,price_history,,2,0.1685,price_history,,-0.00403,,78.0155,-0.018317,0.014287,early,large,sev1,commercial_pharma,morningstar,,,,0,0.7615398995089642571656960146,74.64,44.73640711111111111111111111,62.900,43.50,20.19061791383219954648526076,39.64002267573696145124716553,249,0.06969944897959185,0.20607,-0.8201,19.59,0.333866,-0.4293,20.19061791383219954648526076,0,1.0,0,
VCYT,"Veracyte, Inc.",142,0.33,C,low_quality+no_catalyst_data,,,C,0.790735,0.4375,1,,0,,,0,no_upcoming,9,headwind,deep_drawdown_rel_xbi,M,sponsor_confirmed|momentum_headwind,clinical_score:-20.6;smart_money_score:+17.2;momentum_score:-9.6,tier=;reason=;cat_days=NA;strength=missing;decay_w=0.0,v1.3.0,88d7ae9a,1,,early|none|nonpos,0.06969944897959185,44.172,-2.4631,,0,,0.0,2,2,buying,-0.4223,elite_2,1.7572,1.7572,0.79,102,stale,0.0,0,0,0,True,False,True,missing,0.0,adequate,<=1000bps,588.82,0.85,1,0,1.0,0,1.0,0,,False,no_upcoming,-0.321814,price_history,,2,0.6584,price_history,,-0.277238,,37.5221,-0.018317,-0.258921,early,mid,sev1,platform_diagnostics,morningstar,,,,0,0.7091485287484648877972535447,31.22,44.73640711111111111111111111,57.975,44.08,20.19061791383219954648526076,50,248,0.06969944897959185,0.209265,-0.809,18.36,0.282748,-0.5747,20.19061791383219954648526076,0,1.0,0,
TWST,Twist Bioscience Corporation,143,0.64,C,low_quality+no_catalyst_data,,,C,0.78754,0.128676,1,,0,,,0,no_upcoming,9,tailwind,,L,momentum_tailwind,financial_score:-29.1;momentum_score:+27.4;clinical_score:+8.1,tier=;reason=;cat_days=NA;strength=missing;decay_w=0.0,v1.3.0,88d7ae9a,1,,early|none|nonpos,0.06969944897959185,30.102863,-2.3268,,0,,0.0,1,1,selling,-0.8054,elite_1,0.35,0.35,0.01,102,stale,0.0,0,0,0,True,False,True,missing,0.0,adequate,<=400bps,394.31,1.0,0,0,1.0,0,1.0,0,,False,no_upcoming,0.485585,price_history,,1,1.1031,price_history,,-0.116169,,55.4995,-0.018317,-0.097852,early,mid,none,platform_diagnostics,morningstar,,,,0,0.8055816977591345623137211613,79.99,51.878,47.025,10.00,60.71428571428571428571428572,23.56636196145124716553287982,247,0.06969944897959185,0.21246,-0.7979,29.29,0.551118,0.1285,60.71428571428571428571428572,0,1.0,0,
RPRX,Royalty Pharma plc,144,0.38,C,low_quality+no_catalyst_data,,,C,0.77476,0.547794,1,,0,,,0,no_upcoming,9,neutral,overbought_rsi,M,,clinical_score:-23.0;catalyst_score:+17.0;financial_score:-9.4,tier=;reason=;cat_days=NA;strength=missing;decay_w=0.0,v1.3.0,88d7ae9a,1,,early|none|nonpos,0.06969944897959185,49.161378,-2.4631,,0,-1.3604,-1.0611,1,1,neutral,-0.8054,elite_1,0.4667,0.4667,0.2,102,stale,0.0,0,0,0,True,False,True,missing,0.0,adequate,<=400bps,238.7,1.0,0,0,1.0,0,1.0,0,,False,no_upcoming,0.136593,price_history,,1,0.1715,price_history,,-0.001539,,72.8013,-0.018317,0.016778,early,large,sev1,commercial_biotech,morningstar,,,,0,0.7576988126721763085399449036,51.31,60.176,50.50,67.73,20.19061791383219954648526076,33.76417233560090702947845804,243,0.06969944897959185,0.22524,-0.7546,16.42,0.231629,-0.7335,20.19061791383219954648526076,0,1.0,0,
RGEN,Repligen Corporation,145,0.38,C,low_quality+no_catalyst_data,,,C,0.771565,0.378676,1,,0,,,0,no_upcoming,9,headwind,,M,sponsor_confirmed|momentum_headwind,clinical_score:-18.4;smart_money_score:+17.0;momentum_score:-7.6,tier=;reason=;cat_days=NA;strength=missing;decay_w=0.0,v1.3.0,88d7ae9a,1,,early|none|nonpos,0.06969944897959185,41.122398,-2.4631,,0,,0.0,3,3,buying,-0.0392,elite_3,2.3646,2.3646,1.04,102,stale,0.0,0,0,0,True,False,True,missing,0.0,adequate,<=400bps,337.31,1.0,0,0,1.0,0,1.0,0,,False,no_upcoming,-0.249434,price_history,,3,0.4947,price_history,,-0.218217,,33.2281,-0.018317,-0.1999,early,mid,sev1,platform_devices,morningstar,,,,0,0.7204189048095079417971787182,31.02,44.73640711111111111111111111,55.600,46.21,20.19061791383219954648526076,41.65532879818594104308390023,242,0.06969944897959185,0.228435,-0.744,19.08,0.311502,-0.4916,20.19061791383219954648526076,0,1.0,0,
PSNL,"Personalis, Inc.",146,0.08,C,low_quality+no_catalyst_data,,,C,0.768371,0.341912,1,,0,,,0,no_upcoming,9,headwind,high_beta,XS,momentum_headwind|high_risk,clinical_score:-14.4;catalyst_score:+10.1;momentum_score:+7.6,tier=;reason=;cat_days=NA;strength=missing;decay_w=0.0,v1.3.0,88d7ae9a,1,,early|none|nonpos,0.06969944897959185,40.035737,-2.4631,,0,,0.0,0,0,neutral,-1.1884,,0.0,0.0,0.0,,,0.0,0,0,0,True,False,True,missing,0.0,adequate,<=1000bps,941.21,0.85,1,0,1.0,0,1.0,0,,False,no_upcoming,-0.397814,price_history,,0,2.0284,price_history,,-0.263111,,45.1846,-0.018317,-0.244794,early,small,sev1,platform_diagnostics,morningstar,,,,0,0.6159024441194902861917693754,42.26,44.73640711111111111111111111,,50,20.19061791383219954648526076,31.29719387755102040816326531,241,0.06969944897959185,0.231629,-0.7335,11.91,0.091054,-1.3343,20.19061791383219954648526076,0,1.0,0,
PRVA,"Privia Health Group, Inc.",147,0.16,C,low_quality+no_catalyst_data,,,C,0.765176,0.253676,1,,0,,,0,no_upcoming,9,headwind,,S,momentum_headwind,clinical_score:-21.2;financial_score:+14.0;smart_money_score:+13.0,tier=;reason=;cat_days=NA;strength=missing;decay_w=0.0,v1.3.0,88d7ae9a,1,,early|none|nonpos,0.06969944897959185,36.654214,-2.4631,,0,,0.0,1,1,buying,-0.8054,elite_1,0.8738,0.8738,0.56,102,stale,0.0,0,0,0,True,False,True,missing,0.0,adequate,<=1000bps,825.91,0.85,1,0,1.0,0,1.0,0,,False,no_upcoming,-0.133554,price_history,,1,0.1504,price_history,,-0.18447,,40.8142,-0.018317,-0.166153,early,mid,sev1,platform_services,morningstar,,,,0,0.7322899315572399955411882733,32.24,44.73640711111111111111111111,54.400,15.13,20.19061791383219954648526076,55.35714285714285714285714286,240,0.06969944897959185,0.234824,-0.7231,19.36,0.324281,-0.4558,20.19061791383219954648526076,0,1.0,0,
PAHC,Phibro Animal Health Corporatio,148,0.54,C,low_quality+no_catalyst_data,,,C,0.761981,0.091912,1,,0,,,0,no_upcoming,9,tailwind,,L,momentum_tailwind,momentum_score:+22.9;clinical_score:-16.1;financial_score:-15.2,tier=;reason=;cat_days=NA;strength=missing;decay_w=0.0,v1.3.0,88d7ae9a,1,,early|none|nonpos,0.06969944897959185,26.608163,-2.4631,,0,-1.4534,-1.314,0,0,neutral,-1.1884,,0.0,0.0,0.0,,,0.0,0,0,0,True,False,True,missing,0.0,adequate,<=1000bps,856.64,0.85,1,0,1.0,0,1.0,0,,False,no_upcoming,0.178438,price_history,,0,-0.2134,price_history,,-0.030337,,66.0294,-0.018317,-0.01202,early,mid,sev1,commercial_pharma,morningstar,,,,0,0.6976672586265033157244014836,59.21,44.73640711111111111111111111,,15.13,20.19061791383219954648526076,21.04591836734693877551020408,239,0.06969944897959185,0.238019,-0.7127,13.67,0.135783,-1.0995,20.19061791383219954648526076,0,1.0,0,
PACB,Pacific Biosciences of Californ,149,0.33,C,mod_quality+no_catalyst_data,,,C,0.758786,0.643382,1,,0,,,0,no_upcoming,9,headwind,deep_drawdown|deep_drawdown_rel_xbi,M,sponsor_confirmed|momentum_headwind,financial_score:+25.0;clinical_score:-23.3;momentum_score:-12.8,tier=;reason=;cat_days=NA;strength=missing;decay_w=0.0,v1.3.0,88d7ae9a,1,,early|none|nonpos,0.06969944897959185,54.4325,-2.4631,,0,,0.0,2,2,buying,-0.4223,elite_2,1.05,1.05,0.08,102,stale,0.0,0,0,0,True,False,True,missing,0.0,adequate,<=1000bps,908.33,0.85,1,0,1.0,0,1.0,0,,False,no_upcoming,-0.444028,price_history,,2,1.1108,price_history,,-0.378277,,38.3189,-0.018317,-0.35996,early,small,sev1,platform_devices,morningstar,,,,0,0.6333887215702565167722504933,30.65,44.73640711111111111111111111,53.200,50,20.19061791383219954648526076,68.450,238,0.06969944897959185,0.241214,-0.7024,19.18,0.314696,-0.4826,20.19061791383219954648526076,0,1.0,0,
OPCH,"Option Care Health, Inc.",150,0.16,C,low_quality+no_catalyst_data,,,C,0.755591,0.268382,1,,0,,,0,no_upcoming,9,headwind,,S,momentum_headwind,clinical_score:-15.0;momentum_score:+10.8;catalyst_score:+9.5,tier=;reason=;cat_days=NA;strength=missing;decay_w=0.0,v1.3.0,88d7ae9a,1,,early|none|nonpos,0.06969944897959185,37.202398,-2.4631,,0,,0.0,0,0,neutral,-1.1884,,0.0,0.0,0.0,,,0.0,0,0,0,True,False,True,missing,0.0,adequate,<=1000bps,402.21,0.85,1,0,1.0,0,1.0,0,,False,no_upcoming,0.088265,price_history,,0,-0.076,price_history,,-0.07584,,45.4603,-0.018317,-0.057523,early,mid,sev1,platform_services,morningstar,,,,0,0.7367074128069978692385331389,46.00,44.73640711111111111111111111,,41.45,20.19061791383219954648526076,29.98866213151927437641723356,237,0.06969944897959185,0.244409,-0.6922,15.00,0.180511,-0.9134,20.19061791383219954648526076,0,1.0,0,
MRVI,"Maravai LifeSciences Holdings, Inc.",151,0.07,C,low_quality+no_catalyst_data,,,C,0.749201,0.363971,1,,0,,,0,no_upcoming,9,headwind,,XS,momentum_headwind|cost_haircut_<=2000bps,clinical_score:-14.3;catalyst_score:+10.2;momentum_score:+4.0,tier=;reason=;cat_days=NA;strength=missing;decay_w=0.0,v1.3.0,88d7ae9a,1,,early|none|nonpos,0.06969944897959185,40.739796,-2.4631,,0,-1.3604,-1.0611,0,0,neutral,-1.1884,,0.0,0.0,0.0,,,0.0,0,0,0,True,False,True,missing,0.0,adequate,<=2000bps,1709.67,0.7,1,0,1.0,0,1.0,0,,False,no_upcoming,-0.206726,price_history,,0,0.5393,price_history,,-0.223881,,43.5003,-0.018317,-0.205564,early,small,sev1,commercial_biotech,morningstar,,,,0,0.6664154496140204464844564991,38.50,44.73640711111111111111111111,,50,20.19061791383219954648526076,34.53287981859410430839002268,235,0.06969944897959185,0.250799,-0.672,12.76,0.113419,-1.2085,20.19061791383219954648526076,0,1.0,0,
MEDP,"Medpace Holdings, Inc.",152,0.19,C,low_quality+no_catalyst_data,,,C,0.746006,0.1875,1,,0,,,0,no_upcoming,9,headwind,deep_drawdown_rel_xbi,S,momentum_headwind,clinical_score:+18.3;momentum_score:-15.4;financial_score:-1.5,tier=;reason=;cat_days=NA;strength=missing;decay_w=0.0,v1.3.0,88d7ae9a,1,,early|none|nonpos,0.06969944897959185,32.555878,-2.3308,,0,,0.0,0,0,neutral,-1.1884,,0.0,0.0,0.0,,,0.0,0,0,0,True,False,True,missing,0.0,adequate,<=400bps,273.47,1.0,0,0,1.0,0,1.0,0,,False,no_upcoming,-0.304214,price_history,,0,0.3986,price_history,,-0.287452,,32.2853,-0.018317,-0.269135,early,large,none,platform_diagnostics,morningstar,,,,0,0.8520086716503737780333525014,23.81,37.75726400000000000000000000,,31.00,57.50000000000000000000000000,37.65306122448979591836734695,234,0.06969944897959185,0.253994,-0.662,30.24,0.563898,0.1609,57.50000000000000000000000000,0,1.0,0,
LGND,Ligand Pharmaceuticals Incorporated,153,0.16,C,low_quality+no_catalyst_data,,,C,0.742812,0.305147,1,,0,,,0,no_upcoming,9,headwind,,S,momentum_headwind,clinical_score:-20.3;financial_score:+17.0;catalyst_score:+4.3,tier=;reason=;cat_days=NA;strength=missing;decay_w=0.0,v1.3.0,88d7ae9a,1,,early|none|nonpos,0.06969944897959185,39.0585,-2.4631,,0,-1.3604,-1.0611,0,0,neutral,-1.1884,,0.0,0.0,0.0,,,0.0,0,0,0,True,False,True,missing,0.0,adequate,<=1000bps,509.91,0.85,1,0,1.0,0,1.0,0,,False,no_upcoming,-0.104256,price_history,,0,0.4861,price_history,,-0.096947,,48.1754,-0.018317,-0.07863,early,mid,sev1,commercial_biotech,morningstar,,,,0,0.7290474500112334306897326443,39.44,44.73640711111111111111111111,,15.13,20.19061791383219954648526076,57.50000000000000000000000000,233,0.06969944897959185,0.257188,-0.652,18.74,0.295527,-0.5373,20.19061791383219954648526076,0,1.0,0,
LFCR,"Lifecore Biomedical, Inc.",154,0.05,C,low_quality+no_catalyst_data,,,C,0.739617,0.018382,1,,0,,,0,no_upcoming,9,headwind,,XS,momentum_headwind|cost_haircut_>2000bps,catalyst_score:+17.5;financial_score:-14.4;clinical_score:-7.1,tier=;reason=;cat_days=NA;strength=missing;decay_w=0.0,v1.3.0,88d7ae9a,1,,early|none|nonpos,0.06969944897959185,17.308806,-2.4631,,0,-1.4534,-1.314,0,0,neutral,-1.1884,,0.0,0.0,0.0,,,0.0,0,0,0,True,False,True,missing,0.0,adequate,>2000bps,2020.0,0.55,1,0,1.0,0,1.0,0,,False,no_upcoming,-0.1024,price_history,,0,0.2411,price_history,,-0.181406,,38.9738,-0.018317,-0.163089,early,micro,sev1,commercial_pharma,morningstar,,,,0,0.7122230379473911168607158258,31.24,44.73640711111111111111111111,,15.13,20.19061791383219954648526076,12.81179138321995464852607710,232,0.06969944897959185,0.260383,-0.6422,11.19,0.071885,-1.4619,20.19061791383219954648526076,0,1.0,0,
ILMN,"Illumina, Inc.",155,0.38,C,low_quality+no_catalyst_data,,,C,0.736422,0.599265,1,,0,,,0,no_upcoming,9,headwind,,M,sponsor_confirmed|momentum_headwind,smart_money_score:+12.5;catalyst_score:-8.6;momentum_score:-6.1,tier=;reason=;cat_days=NA;strength=missing;decay_w=0.0,v1.3.0,88d7ae9a,1,,early|none|nonpos,0.06969944897959185,51.638143,-2.4626,,0,,0.0,2,2,selling,-0.4223,elite_2,1.8667,1.8667,4.16,102,stale,0.0,0,0,0,True,False,True,missing,0.0,adequate,<=400bps,211.76,1.0,0,0,1.0,0,1.0,0,,False,no_upcoming,-0.060947,price_history,,2,0.1323,price_history,,-0.201689,,42.6058,-0.018317,-0.183372,early,large,none,platform_diagnostics,morningstar,,,,0,0.8156133132024066295833806334,40.17,37.75726400000000000000000000,58.850,58.92,43.69897959183673469387755102,51.07142857142857142857142857,231,0.06969944897959185,0.263578,-0.6324,33.68,0.65016,0.3858,43.69897959183673469387755102,0,1.0,0,
FLGT,"Fulgent Genetics, Inc.",156,0.07,B,high_quality+no_catalyst_data,,,B,0.730032,0.886029,1,,0,,,0,no_upcoming,9,headwind,,XS,momentum_headwind|cost_haircut_<=2000bps,financial_score:+26.9;clinical_score:-20.3;momentum_score:-10.9,tier=;reason=;cat_days=NA;strength=missing;decay_w=0.0,v1.3.0,88d7ae9a,1,,early|none|nonpos,0.06969944897959185,67.361714,-2.4631,,0,,0.0,0,0,neutral,-1.1884,,0.0,0.0,0.0,,,0.0,0,0,0,True,False,True,missing,0.0,adequate,<=2000bps,1455.29,0.7,1,0,1.0,0,1.0,0,,False,no_upcoming,-0.279949,price_history,,0,0.4196,price_history,,-0.25154,,29.3837,-0.018317,-0.233223,early,small,sev1,platform_diagnostics,morningstar,,,,0,0.7165275041140976412506856829,29.61,44.73640711111111111111111111,,88.94,20.19061791383219954648526076,67.35714285714285714285714286,229,0.06969944897959185,0.269968,-0.6129,22.61,0.404153,-0.2426,20.19061791383219954648526076,0,1.0,0,
CTKB,"Cytek Biosciences, Inc.",157,0.07,C,mod_quality+no_catalyst_data,,,C,0.726837,0.636029,1,,0,,,0,no_upcoming,9,headwind,,XS,momentum_headwind|cost_haircut_<=2000bps,financial_score:+25.4;clinical_score:-20.0;momentum_score:-10.0,tier=;reason=;cat_days=NA;strength=missing;decay_w=0.0,v1.3.0,88d7ae9a,1,,early|none|nonpos,0.06969944897959185,53.035071,-2.4631,,0,,0.0,0,0,neutral,-1.1884,,0.0,0.0,0.0,,,0.0,0,0,0,True,False,True,missing,0.0,adequate,<=2000bps,1526.26,0.7,1,0,1.0,0,1.0,0,,False,no_upcoming,-0.287751,price_history,,0,0.5449,price_history,,-0.258503,,38.3132,-0.018317,-0.240186,early,small,sev1,platform_devices,morningstar,,,,0,0.6839965808401959762326696550,30.22,44.73640711111111111111111111,,50,20.19061791383219954648526076,65.53571428571428571428571429,228,0.06969944897959185,0.273163,-0.6033,19.60,0.337061,-0.4205,20.19061791383219954648526076,0,1.0,0,
CSTL,"Castle Biosciences, Inc.",158,0.16,C,mod_quality+no_catalyst_data,,,C,0.723642,0.753676,1,,0,,,0,no_upcoming,9,headwind,deep_drawdown_rel_xbi,S,momentum_headwind,financial_score:+29.4;clinical_score:-21.8;momentum_score:-10.2,tier=;reason=;cat_days=NA;strength=missing;decay_w=0.0,v1.3.0,88d7ae9a,1,,early|none|nonpos,0.06969944897959185,59.455357,-2.4631,,0,,0.0,0,0,neutral,-1.1884,,0.0,0.0,0.0,,,0.0,0,0,0,True,False,True,missing,0.0,adequate,<=1000bps,942.7,0.85,1,0,1.0,0,1.0,0,,False,no_upcoming,-0.299788,price_history,,0,0.7326,price_history,,-0.304368,,29.6988,-0.018317,-0.286051,early,small,sev1,platform_diagnostics,morningstar,,,,0,0.6988138661956281739898432325,31.79,44.73640711111111111111111111,,59.87,20.19061791383219954648526076,71.42857142857142857142857143,227,0.06969944897959185,0.276358,-0.5937,19.57,0.330671,-0.4381,20.19061791383219954648526076,0,1.0,0,
BRKR,Bruker Corporation,159,0.19,C,low_quality+no_catalyst_data,,,C,0.720447,0.584559,1,,0,,,0,no_upcoming,9,headwind,deep_drawdown_rel_xbi,S,momentum_headwind,clinical_score:-15.3;catalyst_score:+9.3;financial_score:+4.1,tier=;reason=;cat_days=NA;strength=missing;decay_w=0.0,v1.3.0,88d7ae9a,1,,early|none|nonpos,0.06969944897959185,50.810501,-2.4631,,0,,0.0,0,0,neutral,-1.1884,,0.0,0.0,0.0,,,0.0,0,0,0,True,False,True,missing,0.0,adequate,<=400bps,331.86,1.0,0,0,1.0,0,1.0,0,,False,no_upcoming,-0.24255,price_history,,0,0.7325,price_history,,-0.269739,,40.619,-0.018317,-0.251422,early,mid,sev1,platform_devices,morningstar,,,,0,0.6994987393066186402521386763,37.32,44.73640711111111111111111111,,73.01,20.19061791383219954648526076,39.54000141723356009070294784,226,0.06969944897959185,0.279553,-0.5842,14.79,0.167732,-0.9632,20.19061791383219954648526076,0,1.0,0,
ADPT,Adaptive Biotechnologies Corpor,160,0.16,C,low_quality+no_catalyst_data,,,C,0.714058,0.143382,1,,0,,,0,no_upcoming,9,headwind,,S,momentum_headwind,clinical_score:-17.6;smart_money_score:+15.2;catalyst_score:+6.9,tier=;reason=;cat_days=NA;strength=missing;decay_w=0.0,v1.3.0,88d7ae9a,1,,early|none|nonpos,0.06969944897959185,31.477149,-2.4631,,0,-1.3604,-1.0611,1,1,buying,-0.8054,elite_1,0.5833,0.5833,0.01,102,stale,0.0,0,0,0,True,False,True,missing,0.0,adequate,<=1000bps,542.3,0.85,1,0,1.0,0,1.0,0,,False,no_upcoming,-0.242358,price_history,,1,0.4759,price_history,,-0.215543,,45.3657,-0.018317,-0.197226,early,mid,sev1,commercial_biotech,morningstar,,,,0,0.6678146375741300212599306255,34.94,44.73640711111111111111111111,53.025,23.45,20.19061791383219954648526076,36.18144132653061224489795918,224,0.06969944897959185,0.285942,-0.5653,14.73,0.164537,-0.976,20.19061791383219954648526076,0,1.0,0,
RIGL,"Rigel Pharmaceuticals, Inc.",161,0.16,B,mod_quality+catalyst_mid,,,B,0.710863,0.768382,1,,0,,127,0,specific_days,3,headwind,deep_drawdown_rel_xbi,S,momentum_headwind,momentum_score:-20.9;financial_score:+12.2;clinical_score:+5.7,tier=;reason=;cat_days=127;strength=mid;decay_w=0.7,v1.3.0,88d7ae9a,1,,late|near_91_180|nonpos,0.0743638577586207,60.113681,0.5439,0,1,0.026,-0.5039,1,1,buying,-0.8054,elite_1,0.5833,0.5833,0.15,102,stale,0.0,0,0,0,True,False,True,mid,0.7,adequate,<=1000bps,806.54,0.85,1,0,1.0,0,1.0,0,127,False,specific_days,-0.395487,price_history,,1,1.3561,price_history,,-0.322802,,41.5802,-0.018317,-0.304485,late,small,none,commercial_biotech,morningstar,CTGOV_CALENDAR,CT_STUDY_COMPLETION,,0,0.8510283418164837730562689703,23.16,48.13881600000000000000000000,42.92055756191337465627111426,86.18,49.69416678235920218427507057,56.26373626373626373626373626,223,0.0743638577586207,0.289137,-0.5559,41.03,0.77476,0.7546,49.69416678235920218427507057,0,1.0,0,
PTCT,"PTC Therapeutics, Inc.",162,0.64,A,high_quality+catalyst_mid,,,A,0.704473,0.981618,1,,0,,126,0,specific_days,3,headwind,,L,tier_a_commercial|sponsor_confirmed|momentum_headwind,smart_money_score:+28.7;momentum_score:-21.7;financial_score:+20.7,tier=;reason=;cat_days=126;strength=mid;decay_w=0.7,v1.3.0,88d7ae9a,1,,late|near_91_180|nonpos,0.0743638577586207,72.659,0.5378,0,1,-0.1863,-1.402,5,5,buying,0.727,elite_5,8.0806,8.0806,9.8,102,stale,0.0,0,0,0,True,False,True,mid,0.7,adequate,<=400bps,305.71,1.0,0,0,1.0,0,1.0,0,126,False,specific_days,-0.213942,price_history,,5,0.6754,price_history,,-0.200232,,36.1319,-0.018317,-0.181915,late,mid,none,commercial_biotech,morningstar,CTGOV_CALENDAR,CT_PRIMARY_COMPLETION,,0,0.9,34.61,39.70567511111111111111111111,85,88.82,45.17608403905779999074459716,77.000,221,0.0743638577586207,0.295527,-0.5373,41.52,0.784345,0.787,45.17608403905779999074459716,0,1.0,0,
PBYI,Puma Biotechnology Inc,163,0.27,B,mod_quality+catalyst_near,,,B,0.698083,0.8125,1,,0,,96,0,specific_days,3,tailwind,,M,momentum_tailwind|cost_haircut_<=2000bps,momentum_score:+17.9;smart_money_score:-9.7;catalyst_score:-5.5,tier=;reason=;cat_days=96;strength=near;decay_w=1.0,v1.3.0,88d7ae9a,1,,late|near_91_180|nonpos,0.0743638577586207,63.983324,0.5526,0,1,0.2274,-0.2393,1,1,buying,-0.8054,elite_1,0.5833,0.5833,0.04,102,stale,0.0,0,0,0,True,False,True,near,1.0,adequate,<=2000bps,1902.23,0.7,1,0,1.0,0,1.0,0,96,False,specific_days,0.453253,price_history,,1,0.8844,price_history,,0.0,,69.7279,-0.018317,0.018317,late,small,none,commercial_biotech,morningstar,CTGOV_CALENDAR,CT_PRIMARY_COMPLETION,,0,0.8394717378504672897196261682,70.23,46.87474177777777777777777778,42.64555756191337465627111426,80.92,53.97959183673469387755102041,48.03405385822968240550658133,219,0.0743638577586207,0.301917,-0.5189,31.31,0.602236,0.2591,53.97959183673469387755102041,0,1.0,0,
IMCR,Immunocore Holdings plc,164,0.33,C,low_quality,,,C,0.685304,0.466912,1,,0,,158,0,specific_days,3,headwind,,M,sponsor_confirmed|momentum_headwind,clinical_score:-42.1;smart_money_score:+35.7;financial_score:+24.1,tier=;reason=;cat_days=158;strength=mid;decay_w=0.7,v1.3.0,88d7ae9a,1,,late|near_91_180|nonpos,0.0743638577586207,44.710467,0.4673,0,1,-1.973,-1.6171,6,6,buying,1.1101,elite_6,8.8451,8.8451,3.22,102,stale,0.0,0,0,0,True,False,True,mid,0.7,adequate,<=1000bps,885.68,0.85,1,0,1.0,0,1.0,0,158,False,specific_days,-0.22021,price_history,,6,0.9594,price_history,,-0.162502,,54.2546,-0.018317,-0.144185,late,small,none,commercial_biotech,morningstar,CTGOV_CALENDAR,CT_STUDY_COMPLETION,,0,0.9,31.91,48.93552044444444444444444444,85,15.13,7.153732241195798047110000466,73.40659340659340659340659341,215,0.0743638577586207,0.314696,-0.4826,22.12,0.391374,-0.2757,7.153732241195798047110000466,0,1.0,0,
IDYA,"IDEAYA Biosciences, Inc.",165,0.33,C,low_quality,,,C,0.682109,0.525735,1,,0,,118,0,specific_days,3,headwind,,M,sponsor_confirmed|momentum_headwind,clinical_score:-32.3;smart_money_score:+25.8;financial_score:+19.7,tier=;reason=;cat_days=118;strength=near;decay_w=1.0,v1.3.0,88d7ae9a,1,,late|near_91_180|nonpos,0.0743638577586207,47.648619,-0.5885,118,1,-1.6965,-1.3662,6,6,neutral,1.1101,elite_6,6.2087,6.2087,5.49,102,stale,0.0,0,0,0,True,False,True,near,1.0,adequate,<=1000bps,589.16,0.85,1,0,1.0,0,1.0,0,118,False,specific_days,-0.169385,price_history,,6,1.0785,price_history,,-0.152932,,45.2811,-0.018317,-0.134615,late,mid,none,commercial_biotech,morningstar,CTGOV_CALENDAR,CT_PRIMARY_COMPLETION,,0,0.8859855470616340181557572862,40.22,37.15052844444444444444444444,71.08552101816823854370288875,29.65,13.03721828867601462353648942,64.94915254237288135593220339,214,0.0743638577586207,0.317891,-0.4736,21.90,0.384984,-0.2924,13.03721828867601462353648942,0,1.0,0,
GERN,Geron Corporation,166,0.54,A,high_quality+catalyst_near,,,A,0.678914,0.944853,1,,0,,97,0,specific_days,3,tailwind,overbought_rsi,L,tier_a_commercial|sponsor_confirmed|momentum_tailwind,momentum_score:+21.1;catalyst_score:-18.0;financial_score:+8.9,tier=;reason=;cat_days=97;strength=near;decay_w=1.0,v1.3.0,88d7ae9a,1,,late|near_91_180|nonpos,0.0743638577586207,71.129418,0.5547,0,1,0.2418,-0.5686,2,2,selling,-0.4223,elite_2,2.1122,2.1122,1.57,102,stale,0.0,0,0,0,True,False,True,near,1.0,adequate,<=1000bps,732.23,0.85,1,0,1.0,0,1.0,0,97,False,specific_days,0.606993,price_history,,2,1.0936,price_history,,-0.1841,,71.0819,-0.018317,-0.165783,late,small,none,commercial_biotech,morningstar,CTGOV_CALENDAR,CT_STUDY_COMPLETION,,0,0.8599544934640522875816993464,78.76,39.59360400000000000000000000,49.04356459729359292966406746,72.70,54.28571428571428571428571428,66.51648351648351648351648352,213,0.0743638577586207,0.321086,-0.4647,32.75,0.621406,0.3092,54.28571428571428571428571428,0,1.0,0,
DVAX,Dynavax Technologies Corporation,167,0.54,B,mod_quality+catalyst_near,,,B,0.672524,0.694853,1,,0,,94,0,specific_days,3,tailwind,overbought_rsi,L,sponsor_confirmed|momentum_tailwind,catalyst_score:-17.3;financial_score:+15.8;momentum_score:+6.7,tier=;reason=;cat_days=94;strength=near;decay_w=1.0,v1.3.0,88d7ae9a,1,,late|near_91_180|nonpos,0.0743638577586207,56.748264,0.5443,0,1,-0.1638,-0.4293,2,2,selling,-0.4223,elite_2,2.2057,2.2057,4.36,102,stale,0.0,0,0,0,True,False,True,near,1.0,adequate,<=1000bps,453.41,0.85,1,0,1.0,0,1.0,0,94,False,specific_days,0.329255,price_history,,2,0.4635,price_history,,-0.013995,,75.9954,-0.018317,0.004322,late,small,none,commercial_pharma,morningstar,CTGOV_CALENDAR,CT_PRIMARY_COMPLETION,,0,0.9,63.64,39.59360400000000000000000000,58.24284751822239822010964344,32.24,50.30612244897959183673469388,72.74725274725274725274725275,211,0.0743638577586207,0.327476,-0.4469,45.15,0.867412,1.1142,50.30612244897959183673469388,0,1.0,0,
CRL,Charles River Laboratories Inte,168,0.19,C,low_quality,,,C,0.666134,0.246324,1,,0,,97,0,specific_days,3,headwind,,S,momentum_headwind,clinical_score:+19.3;financial_score:-14.8;momentum_score:-11.4,tier=;reason=;cat_days=97;strength=near;decay_w=1.0,v1.3.0,88d7ae9a,1,,late|near_91_180|nonpos,0.0743638577586207,36.577269,0.8421,0,1,,0.0,0,0,neutral,-1.1884,,0.0,0.0,0.0,,,0.0,0,0,0,True,False,True,near,1.0,adequate,<=400bps,271.18,1.0,0,0,1.0,0,1.0,0,97,False,specific_days,-0.11034,price_history,,0,0.6351,price_history,,-0.267716,,35.8127,-0.018317,-0.249399,late,mid,none,platform_diagnostics,morningstar,CTGOV_CALENDAR,CT_STUDY_COMPLETION,,0,0.9,33.37,51.752,,46.80,64.08163265306122448979591837,30.05170927894283251939097960,209,0.0743638577586207,0.333866,-0.4293,33.36,0.634185,0.343,64.08163265306122448979591837,0,1.0,0,
CERS,Cerus Corporation,169,0.27,B,mod_quality+catalyst_mid,,,B,0.65655,0.731618,1,,0,,156,0,specific_days,3,tailwind,,M,momentum_tailwind|cost_haircut_<=2000bps,financial_score:-23.2;momentum_score:+18.9;clinical_score:+10.7,tier=;reason=;cat_days=156;strength=mid;decay_w=0.7,v1.3.0,88d7ae9a,1,,late|near_91_180|nonpos,0.0743638577586207,57.917475,0.8285,0,1,,0.0,1,1,selling,-0.8054,elite_1,0.35,0.35,0.11,102,stale,0.0,0,0,0,True,False,True,mid,0.7,adequate,<=2000bps,1716.11,0.7,1,0,1.0,0,1.0,0,156,False,specific_days,0.296048,price_history,,1,0.7176,price_history,,-0.131387,,54.4409,-0.018317,-0.11307,late,small,none,platform_devices,morningstar,CTGOV_CALENDAR,CT_PRIMARY_COMPLETION,,0,0.8951403846153846153846153846,69.84,48.13881600000000000000000000,47.275,90.00,61.63265306122448979591836734,27.66549933582900615867648835,206,0.0743638577586207,0.34345,-0.4031,32.26,0.611821,0.2841,61.63265306122448979591836734,0,1.0,0,
AVIR,"Atea Pharmaceuticals, Inc.",170,0.35,A,high_quality+catalyst_near,,,A,0.653355,0.988971,1,,0,,94,0,specific_days,3,tailwind,,L,tier_a_commercial|sponsor_confirmed|momentum_tailwind|cost_haircut_>2000bps,smart_money_score:-17.2;momentum_score:+14.9;financial_score:+7.6,tier=;reason=;cat_days=94;strength=near;decay_w=1.0,v1.3.0,88d7ae9a,1,,late|near_91_180|nonpos,0.0743638577586207,73.280835,0.5462,0,1,0.1267,-0.7927,2,2,selling,-0.4223,elite_2,0.998,0.998,0.54,102,stale,0.0,0,0,0,True,False,True,near,1.0,adequate,>2000bps,2020.0,0.55,1,0,1.0,0,1.0,0,94,False,specific_days,0.523306,price_history,,2,0.1676,price_history,,-0.002146,,68.7973,-0.018317,0.016171,late,small,none,commercial_biotech,morningstar,CTGOV_CALENDAR,CT_PRIMARY_COMPLETION,,0,0.8960764308121296619031021262,69.33,51.878,37.22090651709172282683561010,90.00,51.83673469387755102040816327,62.03296703296703296703296704,205,0.0743638577586207,0.346645,-0.3944,43.91,0.841853,1.0021,51.83673469387755102040816327,0,1.0,0,
TXG,"10x Genomics, Inc.",171,0.54,C,mod_quality+catalyst_far,,,C,0.640575,0.738971,1,,0,,244,0,specific_days,3,neutral,,L,catalyst_far_lift,clinical_score:-31.7;financial_score:+20.9;momentum_score:+10.7,tier=;reason=;cat_days=244;strength=far;decay_w=0.3,v1.3.0,88d7ae9a,1,,late|near_181_270|nonpos,0.08571638372093023,59.122203,-0.9255,244,1,,0.0,1,1,neutral,-0.8054,elite_1,0.5833,0.5833,0.05,102,stale,0.0,0,0,0,True,False,True,far,0.3,adequate,<=1000bps,461.07,0.85,1,0,1.0,0,1.0,0,244,False,specific_days,-0.059198,price_history,,1,0.8976,price_history,,-0.176369,,49.5318,-0.018317,-0.158052,late,mid,none,platform_services,morningstar,CTGOV_CALENDAR,CT_PRIMARY_COMPLETION,,0,0.8494568950981572925448633024,47.37,39.93008400000000000000000000,33.47507283048585565115225490,67.76,5,57.62711864406779661016949152,201,0.08571638372093023,0.359425,-0.36,14.03,0.148562,-1.0426,5,0,1.0,0,
VRTX,Vertex Pharmaceuticals Incorporated,172,0.64,C,low_quality,,,C,0.602236,0.408088,1,,0,,7,1,specific_days,3,neutral,,L,sponsor_confirmed,clinical_score:+19.6;momentum_score:-7.9;financial_score:-7.4,tier=;reason=;cat_days=7;strength=near;decay_w=1.0,v1.3.0,88d7ae9a,1,,late|near_0_30|pos,0.09254273684210526,42.1175,0.8733,0,1,1.3092,1.3615,3,3,buying,-0.0392,elite_3,4.4094,4.4094,2.52,102,stale,0.0,0,0,0,True,False,True,near,1.0,adequate,<=400bps,125.3,1.0,0,0,1.0,0,1.0,0,7,True,specific_days,0.091047,price_history,,3,0.6349,price_history,,-0.05125,,58.9072,-0.018317,-0.032933,late,large,none,commercial_biotech,morningstar,CTGOV_CALENDAR,CT_PRIMARY_COMPLETION,,0,0.9,49.49,51.362,59.300,27.77,77.000,50,189,0.09254273684210526,0.397764,-0.2591,48.33,0.921725,1.4168,77.000,0,1.0,0,
VNDA,Vanda Pharmaceuticals Inc.,173,0.54,A,high_quality+catalyst_near,,,A,0.595847,0.959559,1,,0,,5,1,specific_days,3,tailwind,high_beta,L,tier_a_commercial|momentum_tailwind|high_risk,momentum_score:+15.9;catalyst_score:-15.6;clinical_score:+14.3,tier=;reason=;cat_days=5;strength=near;decay_w=1.0,v1.3.0,88d7ae9a,1,,late|near_0_30|pos,0.09254273684210526,71.664462,0.8709,0,1,1.2056,1.3077,1,1,neutral,-0.8054,elite_1,0.6275,0.6275,0.45,102,stale,0.0,0,0,0,True,False,True,near,1.0,adequate,<=1000bps,834.8,0.85,1,0,1.0,0,1.0,0,5,True,specific_days,0.490568,price_history,,1,2.1185,price_history,,-0.073696,,60.499,-0.018317,-0.055379,late,small,none,commercial_biotech,morningstar,CTGOV_CALENDAR,CT_PRIMARY_COMPLETION,,0,0.8915975757575757575757575758,76.38,44.84087511111111111111111111,51.125,90.00,74.79591836734693877551020408,55.30769230769230769230769231,187,0.09254273684210526,0.404153,-0.2426,47.23,0.902556,1.2963,74.79591836734693877551020408,0,1.0,0,
TECH,Bio-Techne Corporation,174,0.19,C,low_quality,,,C,0.589457,0.150735,1,,0,,1,1,specific_days,3,headwind,,S,momentum_headwind,financial_score:-23.8;clinical_score:+22.9;momentum_score:-12.3,tier=;reason=;cat_days=1;strength=near;decay_w=1.0,v1.3.0,88d7ae9a,1,,late|near_0_30|pos,0.09254273684210526,31.5928,0.8609,0,1,0.9755,1.0587,1,1,buying,-0.8054,elite_1,0.5833,0.5833,0.02,102,stale,0.0,0,0,0,True,False,True,near,1.0,adequate,<=400bps,298.61,1.0,0,0,1.0,0,1.0,0,1,True,specific_days,-0.150214,price_history,,1,0.3682,price_history,,-0.193051,,38.7798,-0.018317,-0.174734,late,mid,none,commercial_biotech,morningstar,CTGOV_CALENDAR,CT_PRIMARY_COMPLETION,,0,0.9,34.73,54.218,53.050,40.60,69.89795918367346938775510204,23.19288837817996105844425293,185,0.09254273684210526,0.410543,-0.2261,38.48,0.720447,0.5842,69.89795918367346938775510204,0,1.0,0,
SNY,Sanofi,175,0.19,C,low_quality,,,C,0.586262,0.297794,1,,0,,5,1,specific_days,3,headwind,,S,momentum_headwind,financial_score:-31.6;clinical_score:+29.2;catalyst_score:+10.0,tier=;reason=;cat_days=5;strength=near;decay_w=1.0,v1.3.0,88d7ae9a,1,,late|near_0_30|pos,0.09254273684210526,39.003222,0.8733,0,1,0.9243,0.9982,1,1,selling,-0.8054,elite_1,0.35,0.35,0.18,102,stale,0.0,0,0,0,True,False,True,near,1.0,adequate,<=400bps,251.83,1.0,0,0,1.0,0,1.0,0,5,True,specific_days,-0.073043,price_history,,1,0.2064,price_history,,-0.168522,,50.1651,-0.018317,-0.150205,late,large,none,commercial_pharma,morningstar,CTGOV_CALENDAR,CT_PRIMARY_COMPLETION,,0,0.8357342017738359201773835920,38.10,56.582,47.450,70.46,75.71428571428571428571428572,14.93827160493827160493827160,184,0.09254273684210526,0.413738,-0.2179,31.06,0.586262,0.2179,75.71428571428571428571428572,0,1.0,0,
REGN,"Regeneron Pharmaceuticals, Inc.",176,0.64,B,mod_quality+catalyst_near,,,B,0.583067,0.724265,1,,0,,1,1,specific_days,3,neutral,,L,sponsor_confirmed,momentum_score:-11.9;clinical_score:+8.8;financial_score:+6.9,tier=;reason=;cat_days=1;strength=near;decay_w=1.0,v1.3.0,88d7ae9a,1,,late|near_0_30|pos,0.09254273684210526,57.513,0.8576,0,1,0.882,0.6208,4,4,buying,0.3439,elite_4,2.9937,2.9937,1.38,102,stale,0.0,0,0,0,True,False,True,near,1.0,adequate,<=400bps,126.24,1.0,0,0,1.0,0,1.0,0,1,True,specific_days,-0.052568,price_history,,4,0.4926,price_history,,-0.049343,,49.8793,-0.018317,-0.031026,late,large,none,commercial_biotech,morningstar,CTGOV_CALENDAR,CT_PRIMARY_COMPLETION,,0,0.9,47.19,54.884,59.450,52.50,67.90816326530612244897959184,66.00000000000000000000000000,183,0.09254273684210526,0.416933,-0.2097,49.22,0.93131,1.4856,67.90816326530612244897959184,0,1.0,0,
NBIX,"Neurocrine Biosciences, Inc.",177,0.38,B,mod_quality+catalyst_near,,,B,0.570288,0.650735,1,,0,,5,1,specific_days,3,headwind,,M,sponsor_confirmed|momentum_headwind,momentum_score:-24.0;smart_money_score:+18.4;clinical_score:+13.5,tier=;reason=;cat_days=5;strength=near;decay_w=1.0,v1.3.0,88d7ae9a,1,,late|near_0_30|pos,0.09254273684210526,54.829,0.8608,0,1,0.6555,0.4168,8,8,buying,1.8763,elite_8,9.4663,9.4663,2.54,102,stale,0.0,0,0,0,True,False,True,near,1.0,adequate,<=400bps,268.72,1.0,0,0,1.0,0,1.0,0,5,True,specific_days,-0.13516,price_history,,8,0.7028,price_history,,-0.158517,,44.9279,-0.018317,-0.1402,late,large,none,commercial_pharma,morningstar,CTGOV_CALENDAR,CT_PRIMARY_COMPLETION,,0,0.9,31.96,45.91290000000000000000000000,74.350,63.82,69.43877551020408163265306122,58.00000000000000000000000000,179,0.09254273684210526,0.429712,-0.1771,50.61,0.944089,1.5901,69.43877551020408163265306122,0,1.0,0,
MRNA,"Moderna, Inc.",178,0.64,C,low_quality,,,C,0.567093,0.518382,1,,0,,9,1,specific_days,3,tailwind,,L,sponsor_confirmed|momentum_tailwind,financial_score:-36.4;momentum_score:+34.4;clinical_score:+15.1,tier=;reason=;cat_days=9;strength=near;decay_w=1.0,v1.3.0,88d7ae9a,1,,late|near_0_30|pos,0.09254273684210526,47.467222,0.8643,0,1,1.0762,1.15,3,3,selling,-0.0392,elite_3,1.567,1.567,0.39,102,stale,0.0,0,0,0,True,False,True,near,1.0,adequate,<=400bps,136.44,1.0,0,0,1.0,0,1.0,0,9,True,specific_days,0.945979,price_history,,3,1.4066,price_history,,-0.026027,,69.6464,-0.018317,-0.00771,late,large,sev1,commercial_biotech,morningstar,CTGOV_CALENDAR,CT_PRIMARY_COMPLETION,,0,0.9,91.31,52.784,47.975,57.06,72.04081632653061224489795919,20.52049382716049382716049383,178,0.09254273684210526,0.432907,-0.169,26.31,0.468051,-0.0802,72.04081632653061224489795919,0,1.0,0,
MDGL,"Madrigal Pharmaceuticals, Inc.",179,0.38,C,low_quality,,,C,0.563898,0.099265,1,,0,,5,1,specific_days,3,headwind,deep_drawdown_rel_xbi,M,sponsor_confirmed|momentum_headwind,smart_money_score:+36.1;financial_score:-25.6;momentum_score:-21.1,tier=;reason=;cat_days=5;strength=near;decay_w=1.0,v1.3.0,88d7ae9a,1,,late|near_0_30|pos,0.09254273684210526,27.0195,0.561,0,1,0.3137,0.4581,6,6,buying,1.1101,elite_6,11.3238,11.3238,11.27,102,stale,0.0,0,0,0,True,False,True,near,1.0,adequate,<=400bps,264.53,1.0,0,0,1.0,0,1.0,0,5,True,specific_days,-0.307775,price_history,,6,0.7528,price_history,,-0.270109,,34.2367,-0.018317,-0.251792,late,large,none,commercial_biotech,morningstar,CTGOV_CALENDAR,CT_PRIMARY_COMPLETION,,0,0.9,27.76,52.478,85,31.42,55.81632653061224489795918367,23.26777777777777777777777778,177,0.09254273684210526,0.436102,-0.1609,32.85,0.627796,0.326,55.81632653061224489795918367,0,1.0,0,
INSM,Insmed Incorporated,180,0.38,C,low_quality,,,C,0.560703,0.055147,1,,0,,18,1,specific_days,3,headwind,,M,sponsor_confirmed|momentum_headwind,smart_money_score:+36.2;financial_score:-19.8;momentum_score:-16.4,tier=;reason=;cat_days=18;strength=near;decay_w=1.0,v1.3.0,88d7ae9a,1,,late|near_0_30|pos,0.09254273684210526,23.005389,0.5641,0,1,0.3857,0.5234,14,14,buying,4.1749,elite_14,20.5541,20.5541,13.11,102,stale,0.0,0,0,0,True,False,True,near,1.0,adequate,<=400bps,147.26,1.0,0,0,1.0,0,1.0,0,18,True,specific_days,-0.268302,price_history,,14,0.4014,price_history,,-0.249704,,50.8905,-0.018317,-0.231387,late,large,none,commercial_biotech,morningstar,CTGOV_CALENDAR,CT_PRIMARY_COMPLETION,,0,0.9,32.33,40.14360177777777777777777778,85,10.00,57.34693877551020408163265306,28.97641975308641975308641975,176,0.09254273684210526,0.439297,-0.1528,36.70,0.701278,0.5281,57.34693877551020408163265306,0,1.0,0,
INCY,Incyte Corporation,181,0.38,B,mod_quality+catalyst_near,,,B,0.557508,0.709559,1,,0,,1,1,specific_days,3,headwind,,M,sponsor_confirmed|momentum_headwind,momentum_score:-18.6;financial_score:+16.3;smart_money_score:+7.3,tier=;reason=;cat_days=1;strength=near;decay_w=1.0,v1.3.0,88d7ae9a,1,,late|near_0_30|pos,0.09254273684210526,57.405,0.8336,0,1,0.6446,0.3089,3,3,buying,-0.0392,elite_3,3.6644,3.6644,18.84,102,stale,0.0,0,0,0,True,False,True,near,1.0,adequate,<=400bps,226.68,1.0,0,0,1.0,0,1.0,0,1,True,specific_days,-0.088639,price_history,,3,0.6795,price_history,,-0.086099,,47.5295,-0.018317,-0.067782,late,large,none,commercial_biotech,morningstar,CTGOV_CALENDAR,CT_PRIMARY_COMPLETION,,0,0.9,42.13,53.492,68.0,40.94,62.85714285714285714285714286,77.000,175,0.09254273684210526,0.442492,-0.1447,52.55,0.979233,2.0382,62.85714285714285714285714286,0,1.0,0,
GMAB,Genmab A/S,182,0.33,C,low_quality,,,C,0.551118,0.371324,1,,0,,30,1,specific_days,3,headwind,,M,sponsor_confirmed|momentum_headwind,financial_score:-25.4;catalyst_score:+15.5;momentum_score:-11.4,tier=;reason=;cat_days=30;strength=near;decay_w=1.0,v1.3.0,88d7ae9a,1,,late|near_0_30|pos,0.09254273684210526,40.860722,0.8114,0,1,0.3713,0.5104,3,3,buying,-0.0392,elite_3,2.2533,2.2533,1.73,102,stale,0.0,0,0,0,True,False,True,near,1.0,adequate,<=1000bps,455.63,0.85,1,0,1.0,0,1.0,0,30,True,specific_days,-0.115861,price_history,,3,0.7705,price_history,,-0.168082,,39.4586,-0.018317,-0.149765,late,large,none,commercial_biotech,morningstar,CTGOV_CALENDAR,CT_PRIMARY_COMPLETION,,0,0.8312011092623405435385468663,35.12,62.090,57.3250,69.47,57.04081632653061224489795919,21.16049382716049382716049383,173,0.09254273684210526,0.448882,-0.1285,28.09,0.535144,0.0882,57.04081632653061224489795919,0,1.0,0,
GILD,"Gilead Sciences, Inc.",183,0.64,C,low_quality,,,C,0.544728,0.430147,1,,0,,5,1,specific_days,3,tailwind,,L,sponsor_confirmed|momentum_tailwind,financial_score:-12.0;clinical_score:+10.9;smart_money_score:+9.9,tier=;reason=;cat_days=5;strength=near;decay_w=1.0,v1.3.0,88d7ae9a,1,,late|near_0_30|pos,0.09254273684210526,43.610222,0.8606,0,1,0.6359,0.7178,2,2,buying,-0.4223,elite_2,3.4135,3.4135,7.6,102,stale,0.0,0,0,0,True,False,True,near,1.0,adequate,<=400bps,101.72,1.0,0,0,1.0,0,1.0,0,5,True,specific_days,0.151145,price_history,,2,0.2651,price_history,,-0.052375,,55.8398,-0.018317,-0.034058,late,large,none,commercial_pharma,morningstar,CTGOV_CALENDAR,CT_PRIMARY_COMPLETION,,0,0.9,53.96,53.426,68.0,34.56,68.97959183673469387755102041,46.04938271604938271604938272,171,0.09254273684210526,0.455272,-0.1124,44.21,0.854633,1.0565,68.97959183673469387755102041,0,1.0,0,
EXEL,"Exelixis, Inc.",184,0.19,B,mod_quality+catalyst_near,,,B,0.541534,0.805147,1,,0,,5,1,specific_days,3,headwind,,S,momentum_headwind,momentum_score:-7.6;financial_score:+7.0;clinical_score:+6.5,tier=;reason=;cat_days=5;strength=near;decay_w=1.0,v1.3.0,88d7ae9a,1,,late|near_0_30|pos,0.09254273684210526,63.4875,0.8237,0,1,0.4864,0.101,0,0,neutral,-1.1884,,0.0,0.0,0.0,,,0.0,0,0,0,True,False,True,near,1.0,adequate,<=400bps,300.9,1.0,0,0,1.0,0,1.0,0,5,True,specific_days,-0.008745,price_history,,0,0.8175,price_history,,-0.031538,,59.3171,-0.018317,-0.013221,late,large,none,commercial_biotech,morningstar,CTGOV_CALENDAR,CT_STUDY_COMPLETION,,0,0.9,45.43,47.14560000000000000000000000,,78.29,59.48979591836734693877551020,60.00000000000000000000000000,170,0.09254273684210526,0.458466,-0.1043,42.69,0.813099,0.8894,59.48979591836734693877551020,0,1.0,0,
AZN,Astrazeneca PLC,185,0.64,C,low_quality,,,C,0.522364,0.113971,1,,0,,2,1,specific_days,3,tailwind,overbought_rsi,L,sponsor_confirmed|momentum_tailwind|runway_short,financial_score:-54.3;momentum_score:+35.9;clinical_score:+14.8,tier=;reason=;cat_days=2;strength=near;decay_w=1.0,v1.3.0,88d7ae9a,1,,late|near_0_30|pos,0.09254273684210526,28.826056,0.8733,0,1,0.9112,0.9855,4,4,buying,0.3439,elite_4,4.4962,4.4962,3.46,102,stale,0.0,0,0,0,True,False,True,near,1.0,short,<=400bps,278.78,1.0,0,0,1.0,0,1.0,0,2,True,specific_days,1.290965,price_history,,4,-1.1088,price_history,,-0.013701,,80.4059,-0.018317,0.004616,late,large,sev2,commercial_pharma,morningstar,CTGOV_CALENDAR,CT_PRIMARY_COMPLETION,,0,0.8418963372494816862474084312,96.55,56.504,68.225,19.03,75.40816326530612244897959184,6.345679012345679012345679012,164,0.09254273684210526,0.477636,-0.0561,13.89,0.138978,-1.0849,75.40816326530612244897959184,0,1.0,0,
ARGX,argenx SE,186,0.38,C,low_quality,,,C,0.519169,0.040441,1,,0,,15,1,specific_days,3,headwind,,M,sponsor_confirmed|momentum_headwind,financial_score:-39.1;smart_money_score:+28.9;clinical_score:+13.9,tier=;reason=;cat_days=15;strength=near;decay_w=1.0,v1.3.0,88d7ae9a,1,,late|near_0_30|pos,0.09254273684210526,19.570389,0.8435,0,1,0.7453,0.8498,6,6,buying,1.1101,elite_6,10.6853,10.6853,6.15,102,stale,0.0,0,0,0,True,False,True,near,1.0,adequate,<=400bps,192.61,1.0,0,0,1.0,0,1.0,0,15,True,specific_days,-0.109582,price_history,,6,0.3691,price_history,,-0.096094,,51.9561,-0.018317,-0.077777,late,large,none,commercial_biotech,morningstar,CTGOV_CALENDAR,CT_PRIMARY_COMPLETION,,0,0.8512616072657217558827576717,39.60,58.964,80.0,17.89,65.00000000000000000000000000,11.97530864197530864197530864,163,0.09254273684210526,0.480831,-0.0481,29.32,0.554313,0.1366,65.00000000000000000000000000,0,1.0,0,
AMGN,Amgen Inc.,187,0.38,B,mod_quality+catalyst_near,,,B,0.51278,0.746324,1,,0,,4,1,specific_days,3,neutral,,M,,financial_score:+13.6;clinical_score:+11.3;momentum_score:-9.4,tier=;reason=;cat_days=4;strength=near;decay_w=1.0,v1.3.0,88d7ae9a,1,,late|near_0_30|pos,0.09254273684210526,59.182,0.8693,0,1,0.8391,0.6063,1,1,neutral,-0.8054,elite_1,1.2526,1.2526,1.8,102,stale,0.0,0,0,0,True,False,True,near,1.0,adequate,<=400bps,101.54,1.0,0,0,1.0,0,1.0,0,4,True,specific_days,0.087631,price_history,,1,0.5139,price_history,,-0.003773,,66.8039,-0.018317,0.014544,late,large,none,commercial_pharma,morningstar,CTGOV_CALENDAR,CT_PRIMARY_COMPLETION,,0,0.9,53.02,54.896,54.50,41.08,73.72448979591836734693877551,76.00000000000000000000000000,161,0.09254273684210526,0.48722,-0.032,52.49,0.976038,1.978,73.72448979591836734693877551,0,1.0,0,
ALNY,"Alnylam Pharmaceuticals, Inc.",188,0.38,C,low_quality,,,C,0.509585,0.327206,1,,0,,1,1,specific_days,3,headwind,deep_drawdown_rel_xbi,M,sponsor_confirmed|momentum_headwind,momentum_score:-26.8;smart_money_score:+21.6;financial_score:+4.6,tier=;reason=;cat_days=1;strength=near;decay_w=1.0,v1.3.0,88d7ae9a,1,,late|near_0_30|pos,0.09254273684210526,39.7655,0.5403,0,1,-0.1303,0.0552,6,6,neutral,1.1101,elite_6,7.5169,7.5169,3.23,102,stale,0.0,0,0,0,True,False,True,near,1.0,adequate,<=400bps,144.93,1.0,0,0,1.0,0,1.0,0,1,True,specific_days,-0.272794,price_history,,6,0.6975,price_history,,-0.322401,,43.4915,-0.018317,-0.304084,late,large,none,commercial_biotech,morningstar,CTGOV_CALENDAR,CT_STUDY_COMPLETION,,0,0.9,22.64,53.168,70.98353526731115190765960088,31.25,46.36817992503123698458975426,54.00000000000000000000000000,160,0.09254273684210526,0.490415,-0.024,42.24,0.797125,0.8314,46.36817992503123698458975426,0,1.0,0,
ZYME,Zymeworks Inc.,189,0.54,C,low_quality,,,C,0.496805,0.283088,1,,0,,280,0,specific_days,9,neutral,,L,catalyst_far_lift|sponsor_confirmed,smart_money_score:+40.9;clinical_score:-32.2;financial_score:-10.6,tier=;reason=;cat_days=280;strength=far;decay_w=0.3,v1.3.0,88d7ae9a,1,,late|far_271_540|nonpos,0.0930939801980198,37.763352,0.4781,0,1,-1.7492,-1.414,7,7,buying,1.4932,elite_7,9.2166,9.2166,18.83,102,stale,0.0,0,0,0,True,False,True,far,0.3,adequate,<=1000bps,742.76,0.85,1,0,1.0,0,1.0,0,280,False,specific_days,-0.158249,price_history,,7,0.8987,price_history,,-0.144461,,53.4156,-0.018317,-0.126144,late,small,none,commercial_biotech,morningstar,,,,0,0.8837325635103926096997690531,50.43,39.59360400000000000000000000,85,35.97,11.91586838817159516867971678,33.52855935273517691100108683,156,0.0930939801980198,0.503195,0.008,19.92,0.34345,-0.4031,11.91586838817159516867971678,0,1.0,0,
STOK,"Stoke Therapeutics, Inc.",190,0.54,C,low_quality,,,C,0.480831,0.3125,1,,0,,370,0,specific_days,9,tailwind,,L,catalyst_far_lift|sponsor_confirmed|momentum_tailwind,smart_money_score:+41.5;clinical_score:-38.5;momentum_score:+22.8,tier=;reason=;cat_days=370;strength=far;decay_w=0.3,v1.3.0,88d7ae9a,1,,late|far_271_540|nonpos,0.0930939801980198,39.29841,0.4504,0,1,-2.0742,-1.7089,6,6,buying,1.1101,elite_6,8.12,8.12,9.55,102,stale,0.0,0,0,0,True,False,True,far,0.3,adequate,<=1000bps,596.71,0.85,1,0,1.0,0,1.0,0,370,False,specific_days,0.110192,price_history,,6,1.1858,price_history,,-0.020149,,63.1878,-0.018317,-0.001832,late,mid,none,commercial_biotech,morningstar,,,,0,0.8261440296721703756879636277,66.28,39.64962844444444444444444444,85,46.71,5,21.54202176896804877270260781,151,0.0930939801980198,0.519169,0.0481,16.82,0.247604,-0.682,5,0,1.0,0,
DAWN,"Day One Biopharmaceuticals, Inc.",191,0.54,C,mod_quality+catalyst_far,,,C,0.439297,0.761029,1,,0,,370,0,specific_days,9,tailwind,,L,catalyst_far_lift|momentum_tailwind,clinical_score:-40.1;financial_score:+23.3;momentum_score:+17.9,tier=;reason=;cat_days=370;strength=far;decay_w=0.3,v1.3.0,88d7ae9a,1,,late|far_271_540|nonpos,0.0930939801980198,59.931,0.4559,0,1,-2.0704,-1.7054,1,1,neutral,-0.8054,elite_1,0.8302,0.8302,0.51,102,stale,0.0,0,0,0,True,False,True,far,0.3,adequate,<=1000bps,584.88,0.85,1,0,1.0,0,1.0,0,370,False,specific_days,0.202834,price_history,,1,1.0608,price_history,,-0.025932,,58.6954,-0.018317,-0.007615,late,small,none,commercial_biotech,morningstar,,,,0,0.8386367845419625189151437551,63.06,47.03955600000000000000000000,42.20500091140344980291296143,47.19,5.081678930075431533157480678,68.450,138,0.0930939801980198,0.560703,0.1528,16.68,0.238019,-0.7127,5.081678930075431533157480678,0,1.0,0,
LAB,Standard BioTools Inc.,192,0.05,B,mod_quality+catalyst_near,,,B,0.384984,0.628676,1,,0,,23,1,specific_days,3,headwind,deep_drawdown_rel_xbi,XS,momentum_headwind|cost_haircut_>2000bps,momentum_score:-25.4;clinical_score:+20.9;financial_score:-13.3,tier=;reason=;cat_days=23;strength=near;decay_w=1.0,v1.3.0,88d7ae9a,1,,late|near_0_30|nonpos,0.09603160592255125,52.864154,0.8615,0,1,,0.0,1,1,buying,-0.8054,elite_1,0.5833,0.5833,0.0,102,stale,0.0,0,0,0,True,False,True,near,1.0,adequate,>2000bps,2020.0,0.55,1,0,1.0,0,1.0,0,23,True,specific_days,-0.217676,price_history,,1,0.4067,price_history,,-0.315476,,36.1844,-0.018317,-0.297159,late,small,none,platform_devices,morningstar,CTGOV_CALENDAR,CT_STUDY_COMPLETION,,0,0.8228907635455680399500624220,24.55,62.138,55.5,90.00,70.81632653061224489795918367,36.56478686149015819345489675,121,0.09603160592255125,0.615016,0.2924,27.26,0.503195,0.008,70.81632653061224489795918367,0,1.0,0,
KRYS,"Krystal Biotech, Inc.",193,0.64,C,low_quality,,,C,0.381789,0.459559,1,,0,,5,1,specific_days,3,tailwind,,L,sponsor_confirmed|momentum_tailwind,clinical_score:-29.8;smart_money_score:+27.5;momentum_score:+16.0,tier=;reason=;cat_days=5;strength=near;decay_w=1.0,v1.3.0,88d7ae9a,1,,late|near_0_30|nonpos,0.09603160592255125,44.604702,0.4919,0,1,-1.4116,-1.1076,4,4,buying,0.3439,elite_4,5.2986,5.2986,11.36,102,stale,0.0,0,0,0,True,False,True,near,1.0,adequate,<=400bps,348.97,1.0,0,0,1.0,0,1.0,0,5,True,specific_days,0.192338,price_history,,4,0.5581,price_history,,-0.08574,,47.5019,-0.018317,-0.067423,late,mid,none,commercial_biotech,morningstar,CTGOV_CALENDAR,CT_PRIMARY_COMPLETION,,0,0.9,64.91,42.87975511111111111111111111,76.40728811106656814328508168,37.50,19.10135823036697672266185386,41.10600402183280666475150818,120,0.09603160592255125,0.618211,0.3008,23.46,0.416933,-0.2097,19.10135823036697672266185386,0,1.0,0,
IBRX,"ImmunityBio, Inc.",194,0.19,C,low_quality,,,C,0.375399,0.136029,1,,0,,19,1,specific_days,3,tailwind,high_vol|overbought_rsi,S,momentum_tailwind|runway_short|high_risk,momentum_score:+55.7;financial_score:-35.8;clinical_score:-25.3,tier=;reason=;cat_days=19;strength=near;decay_w=1.0,v1.3.0,88d7ae9a,1,,late|near_0_30|nonpos,0.09603160592255125,30.5795,0.4844,0,1,-1.5782,-1.2588,1,1,neutral,-0.8054,elite_1,0.4667,0.4667,0.22,102,stale,0.0,0,0,0,True,False,True,near,1.0,short,<=400bps,189.44,1.0,0,0,1.0,0,1.0,0,19,True,specific_days,4.447821,price_history,,1,1.5518,price_history,,0.0,,78.097,-0.018317,0.018317,late,large,sev2,commercial_biotech,morningstar,CTGOV_CALENDAR,CT_PRIMARY_COMPLETION,,0,0.7923167957371225577264653641,96.55,50.606,36.40928189194265993283859946,25.77,15.55509278541348512193993243,5,118,0.09603160592255125,0.624601,0.3176,3.99,0.004792,-2.5905,15.55509278541348512193993243,0,1.0,0,
GH,"Guardant Health, Inc.",195,0.38,C,low_quality,,,C,0.372204,0.319853,1,,0,,1,1,specific_days,3,headwind,,M,sponsor_confirmed|momentum_headwind,momentum_score:-15.6;smart_money_score:+13.5;clinical_score:+10.9,tier=;reason=;cat_days=1;strength=near;decay_w=1.0,v1.3.0,88d7ae9a,1,,late|near_0_30|nonpos,0.09603160592255125,39.4485,0.8623,0,1,,0.0,3,3,buying,-0.0392,elite_3,4.4211,4.4211,7.24,102,stale,0.0,0,0,0,True,False,True,near,1.0,adequate,<=400bps,235.98,1.0,0,0,1.0,0,1.0,0,1,True,specific_days,-0.173181,price_history,,3,0.7376,price_history,,-0.186562,,36.2082,-0.018317,-0.168245,late,large,none,platform_diagnostics,morningstar,CTGOV_CALENDAR,CT_PRIMARY_COMPLETION,,0,0.9,44.94,54.818,74.0,13.23,71.42857142857142857142857143,57.40000000000000000000000000,117,0.09603160592255125,0.627796,0.326,43.60,0.829073,0.9505,71.42857142857142857142857143,0,1.0,0,
CDNA,"CareDx, Inc.",196,0.54,C,low_quality,,,C,0.36901,0.393382,1,,0,,5,1,specific_days,3,neutral,,L,sponsor_confirmed,clinical_score:+12.7;financial_score:-10.6;catalyst_score:-1.9,tier=;reason=;cat_days=5;strength=near;decay_w=1.0,v1.3.0,88d7ae9a,1,,late|near_0_30|nonpos,0.09603160592255125,41.389823,0.8509,0,1,,0.0,3,3,buying,-0.0392,elite_3,2.2397,2.2397,0.85,102,stale,0.0,0,0,0,True,False,True,near,1.0,adequate,<=1000bps,861.8,0.85,1,0,1.0,0,1.0,0,5,True,specific_days,0.018933,price_history,,3,0.8343,price_history,,-0.130925,,47.4506,-0.018317,-0.112608,late,small,none,platform_diagnostics,morningstar,CTGOV_CALENDAR,CT_PRIMARY_COMPLETION,,0,0.8937300655210780071702311781,51.69,51.674,55.125,33.55,66.22448979591836734693877551,42.90960565685840411115136390,116,0.09603160592255125,0.63099,0.3345,39.68,0.736422,0.6324,66.22448979591836734693877551,0,1.0,0,
BIIB,Biogen Inc.,197,0.64,A,high_quality+catalyst_near,,,A,0.365815,0.863971,1,,0,,1,1,specific_days,3,neutral,,L,tier_a_commercial|sponsor_confirmed,momentum_score:-12.3;catalyst_score:-10.0;financial_score:+9.1,tier=;reason=;cat_days=1;strength=near;decay_w=1.0,v1.3.0,88d7ae9a,1,,late|near_0_30|nonpos,0.09603160592255125,65.9365,0.8657,0,1,0.7932,-1.0,5,5,buying,0.727,elite_5,4.7237,4.7237,4.81,102,stale,0.0,0,0,0,True,False,True,near,1.0,adequate,<=400bps,171.04,1.0,0,0,1.0,0,1.0,0,1,True,specific_days,0.042907,price_history,,5,0.4353,price_history,,-0.030073,,60.3124,-0.018317,-0.011756,late,large,none,commercial_pharma,morningstar,CTGOV_CALENDAR,CT_PRIMARY_COMPLETION,,0,0.9,52.53,54.896,70.2875,63.23,72.65306122448979591836734694,74.00000000000000000000000000,115,0.09603160592255125,0.634185,0.343,54.17,0.988818,2.2841,72.65306122448979591836734694,0,1.0,0,
ASND,Ascendis Pharma A/S,198,0.64,C,low_quality,,,C,0.36262,0.011029,1,,0,,5,1,specific_days,3,neutral,,L,sponsor_confirmed,smart_money_score:+39.1;financial_score:-36.8;clinical_score:-5.4,tier=;reason=;cat_days=5;strength=near;decay_w=1.0,v1.3.0,88d7ae9a,1,,late|near_0_30|nonpos,0.09603160592255125,17.066,0.53,0,1,-0.406,-0.195,9,9,buying,2.2594,elite_9,14.993,14.993,25.19,102,stale,0.0,0,0,0,True,False,True,near,1.0,adequate,<=400bps,250.53,1.0,0,0,1.0,0,1.0,0,5,True,specific_days,0.089706,price_history,,9,0.7006,price_history,,-0.015955,,62.4433,-0.018317,0.002362,late,large,none,commercial_biotech,morningstar,CTGOV_CALENDAR,CT_PRIMARY_COMPLETION,,0,0.8424918574108818011257035647,47.33,47.57049600000000000000000000,85,10.00,40.50025452357813873848859272,9.111111111111111111111111112,114,0.09603160592255125,0.63738,0.3515,24.91,0.439297,-0.1528,40.50025452357813873848859272,0,1.0,0,
ARWR,"Arrowhead Pharmaceuticals, Inc.",199,0.64,C,low_quality,,,C,0.359425,0.452206,1,,0,,5,1,specific_days,3,tailwind,,L,sponsor_confirmed|momentum_tailwind,momentum_score:+24.5;clinical_score:-21.5;smart_money_score:-6.0,tier=;reason=;cat_days=5;strength=near;decay_w=1.0,v1.3.0,88d7ae9a,1,,late|near_0_30|nonpos,0.09603160592255125,44.439195,0.5134,0,1,-0.9373,-0.6771,2,2,buying,-0.4223,elite_2,1.5964,1.5964,0.52,102,stale,0.0,0,0,0,True,False,True,near,1.0,adequate,<=400bps,229.13,1.0,0,0,1.0,0,1.0,0,5,True,specific_days,0.306022,price_history,,2,0.8085,price_history,,-0.127808,,46.3803,-0.018317,-0.109491,late,mid,none,commercial_biotech,morningstar,CTGOV_CALENDAR,CT_STUDY_COMPLETION,,0,0.8639332375478927203065134100,75.21,50.828,44.74458745325775135784743163,15.13,29.19437502892313387940210098,53.55932203389830508474576271,113,0.09603160592255125,0.640575,0.36,28.53,0.544728,0.1124,29.19437502892313387940210098,0,1.0,0,
ARVN,"Arvinas, Inc.",200,0.54,A,high_quality+catalyst_near,,,A,0.35623,0.974265,1,,0,,3,1,specific_days,3,neutral,deep_drawdown_rel_xbi,L,tier_a_commercial|sponsor_confirmed,smart_money_score:+25.5;catalyst_score:-21.7;financial_score:+10.1,tier=;reason=;cat_days=3;strength=near;decay_w=1.0,v1.3.0,88d7ae9a,1,,late|near_0_30|nonpos,0.09603160592255125,72.5545,0.5459,0,1,0.1123,-0.8207,4,4,buying,0.3439,elite_4,5.2433,5.2433,4.26,102,stale,0.0,0,0,0,True,False,True,near,1.0,adequate,<=1000bps,967.91,0.85,1,0,1.0,0,1.0,0,3,True,specific_days,-0.060016,price_history,,4,1.1911,price_history,,-0.323304,,48.5683,-0.018317,-0.304987,late,small,none,commercial_biotech,morningstar,CTGOV_CALENDAR,CT_STUDY_COMPLETION,,0,0.8131766215585627624825011666,51.26,36.67804444444444444444444444,83.90059404884634421216827032,90.00,51.53061224489795918367346939,68.450,112,0.09603160592255125,0.64377,0.3686,30.68,0.579872,0.2016,51.53061224489795918367346939,0,1.0,0,
VCEL,Vericel Corporation,201,0.33,C,low_quality,,,C,0.346645,0.0625,1,,0,,462,0,specific_days,9,headwind,deep_drawdown_rel_xbi,M,catalyst_far_lift|momentum_headwind,clinical_score:+27.6;financial_score:-21.6;catalyst_score:-4.0,tier=;reason=;cat_days=462;strength=far;decay_w=0.3,v1.3.0,88d7ae9a,1,,late|far_271_540|pos,0.0961064745762712,23.484221,0.8618,0,1,1.033,1.1109,0,0,neutral,-1.1884,,0.0,0.0,0.0,,,0.0,0,0,0,True,False,True,far,0.3,adequate,<=1000bps,697.49,0.85,1,0,1.0,0,1.0,0,462,False,specific_days,-0.136168,price_history,,0,0.5217,price_history,,-0.276254,,57.3873,-0.018317,-0.257937,late,small,none,commercial_biotech,morningstar,,,,0,0.9,41.50,39.59360400000000000000000000,,15.13,71.12244897959183673469387755,21.97493593097988702384306781,109,0.0961064745762712,0.653355,0.3944,35.24,0.672524,0.4469,71.12244897959183673469387755,0,1.0,0,
TGTX,"TG Therapeutics, Inc.",202,0.54,C,low_quality,,,C,0.34345,0.106618,1,,0,,280,0,specific_days,9,headwind,deep_drawdown_rel_xbi,L,catalyst_far_lift|sponsor_confirmed|momentum_headwind,financial_score:-18.2;smart_money_score:+16.8;clinical_score:+13.1,tier=;reason=;cat_days=280;strength=far;decay_w=0.3,v1.3.0,88d7ae9a,1,,late|far_271_540|pos,0.0961064745762712,27.299681,0.8102,0,1,0.3281,0.4712,3,3,buying,-0.0392,elite_3,2.5928,2.5928,2.73,102,stale,0.0,0,0,0,True,False,True,far,0.3,adequate,<=1000bps,432.26,0.85,1,0,1.0,0,1.0,0,280,False,specific_days,-0.131637,price_history,,3,0.8381,price_history,,-0.329598,,56.597,-0.018317,-0.311281,late,mid,none,commercial_biotech,morningstar,,,,0,0.9,34.85,39.59360400000000000000000000,59.8250,26.11,56.12244897959183673469387755,24.86929043378339557598391266,108,0.0961064745762712,0.65655,0.4031,32.47,0.618211,0.3008,56.12244897959183673469387755,0,1.0,0,
KNSA,"Kiniksa Pharmaceuticals, Ltd.",203,0.54,C,low_quality,,,C,0.333866,0.481618,1,,0,,675,0,specific_days,9,headwind,,L,catalyst_far_lift|sponsor_confirmed|momentum_headwind,catalyst_score:-10.0;smart_money_score:+8.8;momentum_score:-5.4,tier=;reason=;cat_days=675;strength=far;decay_w=0.3,v1.3.0,88d7ae9a,1,,late|far_271_540|pos,0.0961064745762712,44.852568,0.5593,0,1,0.0394,0.1377,2,2,buying,-0.4223,elite_2,3.2152,3.2152,3.48,102,stale,0.0,0,0,0,True,False,True,far,0.3,adequate,<=1000bps,648.11,0.85,1,0,1.0,0,1.0,0,675,False,specific_days,-0.021076,price_history,,2,0.5845,price_history,,-0.089387,,47.2029,-0.018317,-0.07107,late,mid,none,commercial_pharma,morningstar,,,,0,0.9,45.02,40.43630400000000000000000000,59.28708105837387490932127634,34.87,55.05102040816326530612244898,52.54237288135593220338983051,105,0.0961064745762712,0.666134,0.4293,43.67,0.835463,0.976,55.05102040816326530612244898,0,1.0,0,
KMDA,Kamada Ltd.,204,0.35,C,low_quality,,,C,0.330671,0.503676,1,,0,,1011,0,specific_days,9,tailwind,,L,catalyst_far_lift|momentum_tailwind|cost_haircut_>2000bps,financial_score:-34.6;clinical_score:+25.9;momentum_score:+13.8,tier=;reason=;cat_days=1011;strength=far;decay_w=0.3,v1.3.0,88d7ae9a,1,,late|far_271_540|pos,0.0961064745762712,46.570301,0.8644,0,1,0.7801,0.858,0,0,neutral,-1.1884,,0.0,0.0,0.0,,,0.0,0,0,0,True,False,True,far,0.3,adequate,>2000bps,2036.0,0.55,1,0,1.0,0,1.0,0,1011,False,specific_days,0.332907,price_history,,0,0.2959,price_history,,0.0,,67.2258,-0.018317,0.018317,late,small,none,commercial_pharma,morningstar,,,,0,0.8433529262731188244236128705,60.21,41.29534044444444444444444444,,83.42,72.34693877551020408163265306,11.84733459458734184008909284,104,0.0961064745762712,0.669329,0.4381,32.11,0.608626,0.2757,72.34693877551020408163265306,0,1.0,0,
HALO,"Halozyme Therapeutics, Inc.",205,0.38,C,low_quality,,,C,0.327476,0.334559,1,,0,,736,0,specific_days,9,headwind,,M,catalyst_far_lift|momentum_headwind,clinical_score:+28.8;financial_score:-17.9;momentum_score:-6.9,tier=;reason=;cat_days=736;strength=far;decay_w=0.3,v1.3.0,88d7ae9a,1,,late|far_271_540|pos,0.0961064745762712,39.981553,0.8684,0,1,1.1337,1.2023,0,0,neutral,-1.1884,,0.0,0.0,0.0,,,0.0,0,0,0,True,False,True,far,0.3,adequate,<=400bps,261.29,1.0,0,0,1.0,0,1.0,0,736,False,specific_days,-0.065474,price_history,,0,0.4681,price_history,,-0.133818,,40.772,-0.018317,-0.115501,late,mid,none,commercial_biotech,morningstar,,,,0,0.9,37.66,40.54904177777777777777777778,,58.55,73.26530612244897959183673469,26.57122793577835232532158702,103,0.0961064745762712,0.672524,0.4469,33.53,0.640575,0.36,73.26530612244897959183673469,0,1.0,0,
AXSM,"Axsome Therapeutics, Inc.",206,0.64,C,low_quality,,,C,0.324281,0.165441,1,,0,,280,0,specific_days,9,neutral,,L,catalyst_far_lift|sponsor_confirmed,financial_score:-17.5;clinical_score:+17.4;smart_money_score:+10.6,tier=;reason=;cat_days=280;strength=far;decay_w=0.3,v1.3.0,88d7ae9a,1,,late|far_271_540|pos,0.0961064745762712,31.891241,0.8614,0,1,1.0042,1.0848,7,7,buying,1.4932,elite_7,8.4238,8.4238,3.05,102,stale,0.0,0,0,0,True,False,True,far,0.3,adequate,<=400bps,307.53,1.0,0,0,1.0,0,1.0,0,280,False,specific_days,0.094702,price_history,,7,0.5256,price_history,,-0.101269,,37.5643,-0.018317,-0.082952,late,mid,none,commercial_biotech,morningstar,,,,0,0.9,50.60,45.10817600000000000000000000,63.6875,16.37,70.51020408163265306122448980,35.64831306457276006256184366,102,0.0961064745762712,0.675719,0.4558,42.13,0.790735,0.809,70.51020408163265306122448980,0,1.0,0,
APLS,"Apellis Pharmaceuticals, Inc.",207,0.54,C,low_quality,,,C,0.321086,0.496324,1,,0,,462,0,specific_days,9,headwind,,L,catalyst_far_lift|sponsor_confirmed|momentum_headwind,smart_money_score:+25.0;momentum_score:-22.8;financial_score:+15.5,tier=;reason=;cat_days=462;strength=far;decay_w=0.3,v1.3.0,88d7ae9a,1,,late|far_271_540|pos,0.0961064745762712,45.677737,0.5513,0,1,0.213,0.3668,6,6,buying,1.1101,elite_6,7.7889,7.7889,5.05,102,stale,0.0,0,0,0,True,False,True,far,0.3,adequate,<=1000bps,405.08,0.85,1,0,1.0,0,1.0,0,462,False,specific_days,0.001765,price_history,,6,0.7687,price_history,,-0.263561,,46.6282,-0.018317,-0.245244,late,mid,none,commercial_biotech,morningstar,,,,0,0.8678932021466905187835420394,35.64,45.45753600000000000000000000,83.47201001915940387360094251,15.13,53.67346938775510204081632653,73.89830508474576271186440678,101,0.0961064745762712,0.678914,0.4647,42.29,0.800319,0.8428,53.67346938775510204081632653,0,1.0,0,
UTHR,United Therapeutics Corporation,208,0.38,B,mod_quality+catalyst_near,,,B,0.301917,0.834559,1,,0,,34,1,specific_days,3,headwind,,M,sponsor_confirmed|momentum_headwind,momentum_score:-19.5;smart_money_score:+11.8;financial_score:+8.6,tier=;reason=;cat_days=34;strength=near;decay_w=1.0,v1.3.0,88d7ae9a,1,,late|near_31_90|pos,0.1,64.4455,0.8413,0,1,0.413,0.1663,7,7,buying,1.4932,elite_7,9.231,9.231,4.51,102,stale,0.0,0,0,0,True,False,True,near,1.0,adequate,<=400bps,241.84,1.0,0,0,1.0,0,1.0,0,34,True,specific_days,-0.047434,price_history,,7,0.3254,price_history,,-0.084505,,46.3284,-0.018317,-0.066188,late,large,none,commercial_pharma,morningstar,CTGOV_CALENDAR,CT_PRIMARY_COMPLETION,,0,0.9,43.94,62.108,75.1625,66.45,63.77551020408163265306122449,72.00000000000000000000000000,95,0.1,0.698083,0.5189,50.14,0.940895,1.5623,63.77551020408163265306122449,0,1.0,0,
TVTX,"Travere Therapeutics, Inc.",209,0.38,C,low_quality,,,C,0.295527,0.386029,1,,0,,97,0,specific_days,3,headwind,,M,sponsor_confirmed|momentum_headwind,smart_money_score:+16.0;catalyst_score:-11.7;momentum_score:-11.1,tier=;reason=;cat_days=97;strength=near;decay_w=1.0,v1.3.0,88d7ae9a,1,,late|near_91_180|pos,0.1,41.230958,0.8269,0,1,0.5295,0.654,5,5,buying,0.727,elite_5,6.348,6.348,3.02,102,stale,0.0,0,0,0,True,False,True,near,1.0,adequate,<=400bps,397.34,1.0,0,0,1.0,0,1.0,0,97,False,specific_days,-0.204728,price_history,,5,0.9197,price_history,,-0.233366,,51.1219,-0.018317,-0.215049,late,mid,none,commercial_biotech,morningstar,CTGOV_CALENDAR,CT_PRIMARY_COMPLETION,,0,0.9,45.44,44.84087511111111111111111111,72.575,15.13,60.40816326530612244897959184,59.66101694915254237288135593,93,0.1,0.704473,0.5373,40.55,0.758786,0.7024,60.40816326530612244897959184,0,1.0,0,
TARS,"Tarsus Pharmaceuticals, Inc.",210,0.33,C,low_quality+no_catalyst_data,,,C,0.285942,0.591912,1,,0,,,0,no_upcoming,9,headwind,,M,sponsor_confirmed|momentum_headwind,catalyst_score:-27.4;smart_money_score:+25.7;clinical_score:+12.9,tier=;reason=;cat_days=NA;strength=missing;decay_w=0.0,v1.3.0,88d7ae9a,1,,late|none|pos,0.1,51.174254,0.8611,0,1,0.9898,1.0717,8,8,buying,1.8763,elite_8,11.5999,11.5999,5.62,102,stale,0.0,0,0,0,True,False,True,missing,0.0,adequate,<=1000bps,502.0,0.85,1,0,1.0,0,1.0,0,,False,no_upcoming,-0.105446,price_history,,8,0.8328,price_history,,-0.090898,,65.3335,-0.018317,-0.072581,late,mid,none,commercial_biotech,morningstar,,,,0,0.9,45.53,29.89201111111111111111111111,83.0,45.58,70.20408163265306122448979592,58.03389830508474576271186441,90,0.1,0.714058,0.5653,51.58,0.963259,1.7898,70.20408163265306122448979592,0,1.0,0,
SUPN,"Supernus Pharmaceuticals, Inc.",211,0.54,C,low_quality,,,C,0.276358,0.488971,1,,0,,189,0,specific_days,3,neutral,,L,catalyst_far_lift|sponsor_confirmed,clinical_score:+17.1;catalyst_score:-16.1;financial_score:+9.1,tier=;reason=;cat_days=189;strength=far;decay_w=0.3,v1.3.0,88d7ae9a,1,,late|near_181_270|pos,0.1,45.01872,0.8693,0,1,0.8391,0.9154,2,2,neutral,-0.4223,elite_2,1.2782,1.2782,0.99,102,stale,0.0,0,0,0,True,False,True,far,0.3,adequate,<=1000bps,548.25,0.85,1,0,1.0,0,1.0,0,189,False,specific_days,0.118783,price_history,,2,0.5598,price_history,,-0.064912,,64.5722,-0.018317,-0.046595,late,mid,none,commercial_pharma,morningstar,CTGOV_CALENDAR,CT_PRIMARY_COMPLETION,,0,0.9,50.65,40.54904177777777777777777778,52.475,15.13,73.72448979591836734693877551,65.76271186440677966101694915,87,0.1,0.723642,0.5937,51.21,0.950479,1.6495,73.72448979591836734693877551,0,1.0,0,
SIGA,SIGA Technologies Inc.,212,0.05,C,mod_quality+no_catalyst_data,,,C,0.266773,0.819853,1,,0,,,0,no_upcoming,9,headwind,deep_drawdown_rel_xbi,XS,momentum_headwind|cost_haircut_>2000bps,momentum_score:-10.4;clinical_score:+10.4;financial_score:+5.2,tier=;reason=;cat_days=NA;strength=missing;decay_w=0.0,v1.3.0,88d7ae9a,1,,late|none|pos,0.1,64.091275,0.8259,0,1,0.2557,0.3481,0,0,neutral,-1.1884,,0.0,0.0,0.0,,,0.0,0,0,0,True,False,True,missing,0.0,adequate,>2000bps,2020.0,0.55,1,0,1.0,0,1.0,0,,False,no_upcoming,0.093433,price_history,,0,0.6307,price_history,,-0.28692,,53.1586,-0.018317,-0.268603,late,small,none,commercial_pharma,morningstar,,,,0,0.9,39.33,44.56245377777777777777777778,,90.00,60.10204081632653061224489796,54.94505494505494505494505494,84,0.1,0.733227,0.6226,46.11,0.889776,1.2253,60.10204081632653061224489796,0,1.0,0,
RYTM,"Rhythm Pharmaceuticals, Inc.",213,0.64,C,low_quality,,,C,0.260383,0.349265,1,,0,,249,0,specific_days,3,headwind,,L,catalyst_far_lift|sponsor_confirmed|momentum_headwind,momentum_score:-23.5;smart_money_score:+20.3;clinical_score:+19.6,tier=;reason=;cat_days=249;strength=far;decay_w=0.3,v1.3.0,88d7ae9a,1,,late|near_181_270|pos,0.1,40.333459,0.8733,0,1,1.2775,1.3328,9,9,buying,2.2594,elite_9,13.9156,13.9156,7.07,102,stale,0.0,0,0,0,True,False,True,far,0.3,adequate,<=400bps,375.77,1.0,0,0,1.0,0,1.0,0,249,False,specific_days,-0.167694,price_history,,9,1.1051,price_history,,-0.161282,,44.0298,-0.018317,-0.142965,late,mid,none,commercial_biotech,morningstar,CTGOV_CALENDAR,CT_PRIMARY_COMPLETION,,0,0.9,33.21,53.330,77.0,40.05,76.32653061224489795918367347,43.71990807239299051996552715,82,0.1,0.739617,0.6422,44.35,0.857827,1.0706,76.32653061224489795918367347,0,1.0,0,
PCRX,"Pacira BioSciences, Inc.",214,0.16,B,high_quality+no_catalyst_data,,,B,0.22524,0.856618,1,,0,,,0,no_upcoming,9,headwind,,S,momentum_headwind,financial_score:+27.6;clinical_score:-26.4;catalyst_score:-5.3,tier=;reason=;cat_days=NA;strength=missing;decay_w=0.0,v1.3.0,88d7ae9a,1,,late|none|nonpos,0.1,64.939714,-0.7434,,0,-1.9389,-2.2624,0,0,neutral,-1.1884,,0.0,0.0,0.0,,,0.0,0,0,0,True,False,True,missing,0.0,adequate,<=1000bps,710.93,0.85,1,0,1.0,0,1.0,0,,False,no_upcoming,-0.026913,price_history,,0,0.5505,price_history,,-0.139971,,61.9784,-0.018317,-0.121654,late,small,none,commercial_pharma,morningstar,,,,0,0.8990025176233635448136958711,39.35,29.89201111111111111111111111,,82.24,8.853024202878430283678097084,62.85714285714285714285714286,71,0.1,0.77476,0.7546,22.56,0.400958,-0.2509,8.853024202878430283678097084,0,1.0,0,
ONC,BeOne Medicines Ltd.,215,0.64,C,low_quality,,,C,0.21885,0.415441,1,,0,,36,1,specific_days,3,neutral,,L,sponsor_confirmed,momentum_score:-11.8;smart_money_score:+11.7;financial_score:+2.7,tier=;reason=;cat_days=36;strength=near;decay_w=1.0,v1.3.0,88d7ae9a,1,,late|near_31_90|pos,0.1,42.6975,0.8185,0,1,0.4576,0.5887,2,2,buying,-0.4223,elite_2,3.769,3.769,21.66,102,stale,0.0,0,0,0,True,False,True,near,1.0,adequate,<=400bps,319.75,1.0,0,0,1.0,0,1.0,0,36,True,specific_days,0.069722,price_history,,2,0.461,price_history,,-0.022439,,65.7019,-0.018317,-0.004122,late,large,none,commercial_biotech,morningstar,CTGOV_CALENDAR,CT_PRIMARY_COMPLETION,,0,0.9,47.51,57.200,71.0,15.13,58.87755102040816326530612245,62.00000000000000000000000000,69,0.1,0.78115,0.7761,45.72,0.880192,1.1759,58.87755102040816326530612245,0,1.0,0,
NVAX,"Novavax, Inc.",216,0.54,A,high_quality+catalyst_near,,,A,0.21246,0.996324,1,,0,,51,1,specific_days,3,tailwind,,L,tier_a_commercial|momentum_tailwind,clinical_score:+15.9;financial_score:+15.9;smart_money_score:-14.0,tier=;reason=;cat_days=51;strength=near;decay_w=1.0,v1.3.0,88d7ae9a,1,,late|near_31_90|pos,0.1,77.37,0.8733,0,1,1.3092,1.5093,1,1,selling,-0.8054,elite_1,0.5833,0.5833,0.02,102,stale,0.0,0,0,0,True,False,True,near,1.0,adequate,<=1000bps,503.34,0.85,1,0,1.0,0,1.0,0,51,True,specific_days,0.335412,price_history,,1,1.1615,price_history,,-0.044444,,61.8698,-0.018317,-0.026127,late,small,none,commercial_biotech,morningstar,CTGOV_CALENDAR,CT_PRIMARY_COMPLETION,,0,0.9,56.10,48.12695511111111111111111111,47.050,90.00,77.000,77.000,67,0.1,0.78754,0.7979,52.30,0.969649,1.8757,77.000,0,1.0,0,
NTRA,"Natera, Inc.",217,0.38,C,low_quality,,,C,0.209265,0.172794,1,,0,,34,1,specific_days,3,headwind,,M,sponsor_confirmed|momentum_headwind,clinical_score:+20.2;momentum_score:-14.4;financial_score:-10.6,tier=;reason=;cat_days=34;strength=near;decay_w=1.0,v1.3.0,88d7ae9a,1,,late|near_31_90|nonpos,0.1,31.964389,0.8678,0,1,,0.0,5,5,selling,0.727,elite_5,5.7437,5.7437,13.65,102,stale,0.0,0,0,0,True,False,True,near,1.0,adequate,<=400bps,208.35,1.0,0,0,1.0,0,1.0,0,34,True,specific_days,-0.165104,price_history,,5,0.7548,price_history,,-0.176376,,40.2618,-0.018317,-0.158059,late,large,none,platform_diagnostics,morningstar,CTGOV_CALENDAR,CT_PRIMARY_COMPLETION,,0,0.9,38.40,54.344,56.0,15.13,72.95918367346938775510204081,42.19753086419753086419753086,66,0.1,0.790735,0.809,39.97,0.746006,0.662,72.95918367346938775510204081,0,1.0,0,
MNKD,MannKind Corporation,218,0.16,C,low_quality,,,C,0.202875,0.121324,1,,0,,36,1,specific_days,3,headwind,,S,momentum_headwind,clinical_score:+22.9;financial_score:-16.7;momentum_score:-10.6,tier=;reason=;cat_days=36;strength=near;decay_w=1.0,v1.3.0,88d7ae9a,1,,late|near_31_90|pos,0.1,29.62073,0.872,0,1,1.22,1.2806,0,0,neutral,-1.1884,,0.0,0.0,0.0,,,0.0,0,0,0,True,False,True,near,1.0,adequate,<=1000bps,730.73,0.85,1,0,1.0,0,1.0,0,36,True,specific_days,-0.010812,price_history,,0,0.6557,price_history,,-0.107891,,46.1157,-0.018317,-0.089574,late,small,none,commercial_biotech,morningstar,CTGOV_CALENDAR,CT_PRIMARY_COMPLETION,,0,0.9,41.65,56.576,,15.13,75.10204081632653061224489796,35.54495565484576473587462598,64,0.1,0.797125,0.8314,40.02,0.749201,0.672,75.10204081632653061224489796,0,1.0,0,
MIRM,"Mirum Pharmaceuticals, Inc.",219,0.64,C,low_quality,,,C,0.196486,0.224265,1,,0,,97,0,specific_days,3,tailwind,overbought_rsi,L,sponsor_confirmed|momentum_tailwind,financial_score:-20.7;catalyst_score:-15.7;momentum_score:+12.4,tier=;reason=;cat_days=97;strength=near;decay_w=1.0,v1.3.0,88d7ae9a,1,,late|near_91_180|pos,0.1,34.960276,0.8576,0,1,0.882,0.9738,3,3,buying,-0.0392,elite_3,5.3784,5.3784,3.49,102,stale,0.0,0,0,0,True,False,True,near,1.0,adequate,<=400bps,359.12,1.0,0,0,1.0,0,1.0,0,97,False,specific_days,0.434629,price_history,,3,0.9326,price_history,,0.0,,72.8901,-0.018317,0.018317,late,mid,none,commercial_biotech,morningstar,CTGOV_CALENDAR,CT_PRIMARY_COMPLETION,,0,0.9,68.53,40.43630400000000000000000000,68.3375,15.13,67.90816326530612244897959184,35.46394714162596954898017811,62,0.1,0.803514,0.8542,40.59,0.761981,0.7127,67.90816326530612244897959184,0,1.0,0,
KROS,"Keros Therapeutics, Inc.",220,0.13,B,high_quality+no_catalyst_data,,,B,0.180511,0.952206,1,,0,,,0,no_upcoming,9,headwind,deep_drawdown_rel_xbi,S,sponsor_confirmed|momentum_headwind|cost_haircut_<=2000bps,financial_score:+34.6;clinical_score:-29.3;smart_money_score:+16.6,tier=;reason=;cat_days=NA;strength=missing;decay_w=0.0,v1.3.0,88d7ae9a,1,,mid|none|nonpos,0.1,71.619647,-0.1407,0,1,-1.798,-2.9009,4,4,buying,0.3439,elite_4,3.6468,3.6468,1.21,102,stale,0.0,0,0,0,True,False,True,missing,0.0,adequate,<=2000bps,1091.98,0.7,1,0,1.0,0,1.0,0,,False,no_upcoming,-0.166472,price_history,,4,0.9238,price_history,,-0.289377,,26.984,-0.018317,-0.27106,mid,small,none,commercial_biotech,morningstar,,,,0,0.8285019239373601789709172260,32.51,25.77120177777777777777777778,56.77620077852952818874689160,90.00,10.87726251816620425419474172,74.70588235294117647058823529,57,0.1,0.819489,0.9134,20.68,0.36262,-0.3515,10.87726251816620425419474172,0,1.0,0,
JAZZ,Jazz Pharmaceuticals plc,221,0.64,B,mod_quality+catalyst_near,,,B,0.174121,0.849265,1,,0,,36,1,specific_days,9,neutral,,L,sponsor_confirmed,catalyst_score:-19.3;smart_money_score:+14.3;momentum_score:-12.3,tier=;reason=;cat_days=36;strength=near;decay_w=1.0,v1.3.0,88d7ae9a,1,,late|near_31_90|pos,0.1,64.883,0.8524,0,1,0.8172,0.5357,6,6,buying,1.1101,elite_6,9.1625,9.1625,10.79,102,stale,0.0,0,0,0,True,False,True,near,1.0,adequate,<=400bps,247.3,1.0,0,0,1.0,0,1.0,0,36,True,specific_days,-0.067904,price_history,,6,0.4927,price_history,,-0.039082,,65.5397,-0.018317,-0.020765,late,large,none,commercial_biotech,morningstar,,,,0,0.9,47.39,40.35744044444444444444444444,74.0,68.30,66.53061224489795918367346939,70.00000000000000000000000000,55,0.1,0.825879,0.938,47.88,0.915335,1.3744,66.53061224489795918367346939,0,1.0,0,
IRWD,"Ironwood Pharmaceuticals, Inc.",222,0.33,B,high_quality+no_catalyst_data,,,B,0.170927,0.915441,1,,0,,,0,no_upcoming,9,tailwind,high_vol|deep_drawdown_rel_xbi,M,momentum_tailwind|high_risk,catalyst_score:-36.6;momentum_score:+21.3;clinical_score:+10.5,tier=;reason=;cat_days=NA;strength=missing;decay_w=0.0,v1.3.0,88d7ae9a,1,,late|none|pos,0.1,68.356357,0.8733,0,1,0.9793,0.7511,0,0,neutral,-1.1884,,0.0,0.0,0.0,,,0.0,0,0,0,True,False,True,missing,0.0,adequate,<=1000bps,805.43,0.85,1,0,1.0,0,1.0,0,,False,no_upcoming,0.173205,price_history,,0,0.5562,price_history,,-0.296846,,36.7966,-0.018317,-0.278529,late,small,none,commercial_pharma,morningstar,,,,0,0.8450716368708000507163687080,87.81,29.89201111111111111111111111,,53.29,77.000,71.42857142857142857142857143,54,0.1,0.829073,0.9505,40.73,0.768371,0.7335,77.000,0,1.0,0,
IOVA,"Iovance Biotherapeutics, Inc.",223,0.54,C,low_quality,,,C,0.164537,0.533088,1,,0,,66,0,specific_days,3,tailwind,high_beta|deep_drawdown_rel_xbi|overbought_rsi,L,sponsor_confirmed|momentum_tailwind|high_risk,momentum_score:+32.5;financial_score:-27.0;clinical_score:-21.1,tier=;reason=;cat_days=66;strength=near;decay_w=1.0,v1.3.0,88d7ae9a,1,,late|near_31_90|nonpos,0.1,47.880979,0.5071,0,1,-1.1202,-0.8432,2,2,neutral,-0.4223,elite_2,2.3905,2.3905,3.06,102,stale,0.0,0,0,0,True,False,True,near,1.0,adequate,<=1000bps,563.27,0.85,1,0,1.0,0,1.0,0,66,False,specific_days,0.389739,price_history,,2,1.9859,price_history,,-0.318919,,79.3502,-0.018317,-0.300602,late,small,sev1,commercial_biotech,morningstar,CTGOV_CALENDAR,CT_PRIMARY_COMPLETION,,0,0.8089097787662413672012173709,78.85,50.978,57.40407729135227220593148774,66.81,25.30103197741681706696283956,19.39439681197922956164714406,52,0.1,0.835463,0.976,9.50,0.039936,-1.7514,25.30103197741681706696283956,0,1.0,0,
IONS,"Ionis Pharmaceuticals, Inc.",224,0.38,C,low_quality,,,C,0.161342,0.5625,1,,0,,36,1,specific_days,3,neutral,,M,,catalyst_score:-20.6;financial_score:+15.8;clinical_score:+6.5,tier=;reason=;cat_days=36;strength=near;decay_w=1.0,v1.3.0,88d7ae9a,1,,late|near_31_90|pos,0.1,49.293,0.5719,0,1,0.472,0.6017,0,0,neutral,-1.1884,,0.0,0.0,0.0,,,0.0,0,0,0,True,False,True,near,1.0,adequate,<=400bps,244.15,1.0,0,0,1.0,0,1.0,0,36,True,specific_days,0.008254,price_history,,0,0.703,price_history,,-0.012139,,59.2858,-0.018317,0.006178,late,large,none,commercial_biotech,morningstar,CTGOV_CALENDAR,CT_PRIMARY_COMPLETION,,0,0.9,50.96,32.00126044444444444444444444,,23.71,59.18367346938775510204081633,68.450,51,0.1,0.838658,0.989,46.21,0.892971,1.2425,59.18367346938775510204081633,0,1.0,0,
INVA,"Innoviva, Inc.",225,0.33,B,high_quality+no_catalyst_data,,,B,0.158147,0.893382,1,,0,,,0,no_upcoming,9,neutral,overbought_rsi,M,,catalyst_score:-17.6;financial_score:+16.0;clinical_score:+1.3,tier=;reason=;cat_days=NA;strength=missing;decay_w=0.0,v1.3.0,88d7ae9a,1,,late|none|nonpos,0.1,67.380918,-0.6703,,0,-0.0169,-0.5604,0,0,neutral,-1.1884,,0.0,0.0,0.0,,,0.0,0,0,0,True,False,True,missing,0.0,adequate,<=1000bps,729.47,0.85,1,0,1.0,0,1.0,0,,False,no_upcoming,0.065337,price_history,,0,0.191,price_history,,-0.018029,,75.8587,-0.018317,0.000288,late,small,none,commercial_biotech,morningstar,,,,0,0.9,47.78,29.89201111111111111111111111,,83.55,48.78013790550233698921745569,63.51648351648351648351648352,50,0.1,0.841853,1.0021,42.18,0.79393,0.8201,48.78013790550233698921745569,0,1.0,0,
INDV,Indivior PLC,226,0.19,C,mod_quality+no_catalyst_data,,,C,0.154952,0.613971,1,,0,,,0,no_upcoming,9,headwind,,S,momentum_headwind,clinical_score:+21.5;catalyst_score:-11.6;momentum_score:-9.8,tier=;reason=;cat_days=NA;strength=missing;decay_w=0.0,v1.3.0,88d7ae9a,1,,late|none|pos,0.1,51.888822,0.8733,0,1,0.9793,1.0518,1,1,neutral,-0.8054,elite_1,1.4967,1.4967,2.57,102,stale,0.0,0,0,0,True,False,True,missing,0.0,adequate,<=400bps,368.15,1.0,0,0,1.0,0,1.0,0,,False,no_upcoming,-0.010288,price_history,,1,0.1341,price_history,,-0.096721,,40.6594,-0.018317,-0.078404,late,mid,none,commercial_pharma,morningstar,,,,0,0.9,45.70,43.90325511111111111111111111,56.4250,51.97,77.000,54.57627118644067796610169492,49,0.1,0.845048,1.0154,48.65,0.92492,1.439,77.000,0,1.0,0,
HROW,"Harrow, Inc.",227,0.54,C,low_quality+no_catalyst_data,,,C,0.138978,0.069853,1,,0,,,0,no_upcoming,9,tailwind,,L,momentum_tailwind,financial_score:-31.5;smart_money_score:+20.7;catalyst_score:-17.4,tier=;reason=;cat_days=NA;strength=missing;decay_w=0.0,v1.3.0,88d7ae9a,1,,late|none|pos,0.1,24.999805,-0.6369,,0,0.2426,0.3353,1,1,buying,-0.8054,elite_1,2.3333,2.3333,26.6,102,stale,0.0,0,0,0,True,False,True,missing,0.0,adequate,<=1000bps,605.95,0.85,1,0,1.0,0,1.0,0,,False,no_upcoming,0.246006,price_history,,1,0.6009,price_history,,-0.036861,,65.0608,-0.018317,-0.018544,late,small,none,commercial_pharma,morningstar,,,,0,0.9,63.04,29.89201111111111111111111111,68.0,15.13,59.79591836734693877551020408,15.76956620912664868708824753,44,0.1,0.861022,1.0849,26.92,0.490415,-0.024,59.79591836734693877551020408,0,1.0,0,
HRMY,"Harmony Biosciences Holdings, I",228,0.54,A,high_quality+catalyst_near,,,A,0.135783,0.9375,1,,0,,36,1,specific_days,3,headwind,deep_drawdown_rel_xbi,L,tier_a_commercial|sponsor_confirmed|momentum_headwind,momentum_score:-32.1;financial_score:+20.9;smart_money_score:+6.9,tier=;reason=;cat_days=36;strength=near;decay_w=1.0,v1.3.0,88d7ae9a,1,,late|near_31_90|pos,0.1,70.31378,0.8294,0,1,0.6014,0.1315,3,3,selling,-0.0392,elite_3,2.929,2.929,7.64,102,stale,0.0,0,0,0,True,False,True,near,1.0,adequate,<=1000bps,709.1,0.85,1,0,1.0,0,1.0,0,36,True,specific_days,-0.235821,price_history,,3,0.4948,price_history,,-0.304122,,26.7907,-0.018317,-0.285805,late,small,none,commercial_biotech,morningstar,CTGOV_CALENDAR,CT_PRIMARY_COMPLETION,,0,0.9,22.97,52.646,62.0,90.00,61.93877551020408163265306122,76.04395604395604395604395605,43,0.1,0.864217,1.0995,52.99,0.982428,2.1067,61.93877551020408163265306122,0,1.0,0,
GRFS,"Grifols, S.A.",229,0.07,C,low_quality,,,C,0.132588,0.555147,1,,0,,35,1,specific_days,3,headwind,,XS,momentum_headwind|cost_haircut_<=2000bps,momentum_score:-13.7;clinical_score:+9.2;catalyst_score:+5.5,tier=;reason=;cat_days=35;strength=near;decay_w=1.0,v1.3.0,88d7ae9a,1,,late|near_31_90|pos,0.1,49.171314,0.8272,0,1,0.2819,0.3736,0,0,neutral,-1.1884,,0.0,0.0,0.0,,,0.0,0,0,0,True,False,True,near,1.0,adequate,<=2000bps,1516.69,0.7,1,0,1.0,0,1.0,0,35,True,specific_days,0.008262,price_history,,0,0.5594,price_history,,-0.155493,,44.8181,-0.018317,-0.137176,late,mid,none,commercial_pharma,morningstar,CTGOV_CALENDAR,CT_PRIMARY_COMPLETION,,0,0.9,37.80,56.948,,53.95,60.71428571428571428571428572,50.50847457627118644067796610,42,0.1,0.867412,1.1142,40.69,0.765176,0.7231,60.71428571428571428571428572,0,1.0,0,
FOLD,"Amicus Therapeutics, Inc.",230,0.64,C,low_quality,,,C,0.126198,0.261029,1,,0,,97,0,specific_days,3,tailwind,overbought_rsi,L,sponsor_confirmed|momentum_tailwind,smart_money_score:+25.5;financial_score:-19.6;momentum_score:+17.2,tier=;reason=;cat_days=97;strength=near;decay_w=1.0,v1.3.0,88d7ae9a,1,,late|near_91_180|pos,0.1,36.915094,0.5449,0,1,0.0836,0.2493,6,6,buying,1.1101,elite_6,6.7862,6.7862,7.83,102,stale,0.0,0,0,0,True,False,True,near,1.0,adequate,<=400bps,255.25,1.0,0,0,1.0,0,1.0,0,97,False,specific_days,0.413066,price_history,,6,0.6181,price_history,,-0.001391,,78.1686,-0.018317,0.016926,late,mid,none,commercial_biotech,morningstar,CTGOV_CALENDAR,CT_PRIMARY_COMPLETION,,0,0.9,74.13,39.93008400000000000000000000,82.41952772496003577064639340,15.13,50.91836734693877551020408163,37.31909732197005968910594019,40,0.1,0.873802,1.1445,35.24,0.675719,0.4558,50.91836734693877551020408163,0,1.0,0,
ESPR,"Esperion Therapeutics, Inc.",231,0.16,C,mod_quality+no_catalyst_data,,,C,0.113419,0.658088,1,,0,,,0,no_upcoming,9,headwind,,S,momentum_headwind,clinical_score:+19.3;momentum_score:-18.3;financial_score:+9.4,tier=;reason=;cat_days=NA;strength=missing;decay_w=0.0,v1.3.0,88d7ae9a,1,,late|none|pos,0.1,54.943115,0.8733,0,1,0.9793,1.0518,1,1,buying,-0.8054,elite_1,0.5833,0.5833,0.18,102,stale,0.0,0,0,0,True,False,True,missing,0.0,adequate,<=1000bps,758.91,0.85,1,0,1.0,0,1.0,0,,False,no_upcoming,-0.184709,price_history,,1,1.1671,price_history,,-0.191176,,44.5183,-0.018317,-0.172859,late,small,none,commercial_pharma,morningstar,,,,0,0.8261885470426753181931619666,39.39,51.446,53.450,48.23,77.000,67.07692307692307692307692308,36,0.1,0.886581,1.2085,45.59,0.876997,1.1601,77.000,0,1.0,0,
EBS,Emergent BioSolutions Inc.,232,0.13,B,high_quality+no_catalyst_data,,,B,0.107029,0.930147,1,,0,,,0,no_upcoming,9,neutral,,S,cost_haircut_<=2000bps,catalyst_score:-25.6;clinical_score:+21.5;financial_score:+12.6,tier=;reason=;cat_days=NA;strength=missing;decay_w=0.0,v1.3.0,88d7ae9a,1,,late|none|pos,0.1,69.755841,0.8733,0,1,0.9793,0.7511,1,1,buying,-0.8054,elite_1,0.5833,0.5833,0.0,102,stale,0.0,0,0,0,True,False,True,missing,0.0,adequate,<=2000bps,1075.07,0.7,1,0,1.0,0,1.0,0,,False,no_upcoming,-0.093,price_history,,1,1.3871,price_history,,-0.211511,,44.8504,-0.018317,-0.193194,late,small,none,commercial_pharma,morningstar,,,,0,0.9,46.96,29.89201111111111111111111111,55.5,84.87,77.000,68.13186813186813186813186813,34,0.1,0.892971,1.2425,56.63,0.998403,2.9483,77.000,0,1.0,0,
COLL,"Collegium Pharmaceutical, Inc.",233,0.16,C,mod_quality+no_catalyst_data,,,C,0.094249,0.797794,1,,0,,,0,no_upcoming,9,headwind,,S,momentum_headwind,clinical_score:-23.0;financial_score:+19.6;momentum_score:+7.7,tier=;reason=;cat_days=NA;strength=missing;decay_w=0.0,v1.3.0,88d7ae9a,1,,late|none|nonpos,0.1,63.106868,0.7247,0,1,-1.8457,-1.6955,0,0,neutral,-1.1884,,0.0,0.0,0.0,,,0.0,0,0,0,True,False,True,missing,0.0,adequate,<=1000bps,693.0,0.85,1,0,1.0,0,1.0,0,,False,no_upcoming,-0.023418,price_history,,0,0.2066,price_history,,-0.0937,,44.9507,-0.018317,-0.075383,late,small,none,commercial_pharma,morningstar,,,,0,0.9,41.75,29.89201111111111111111111111,,87.50,11.02920079596464436114581887,53.62637362637362637362637362,30,0.1,0.905751,1.315,22.12,0.394569,-0.2674,11.02920079596464436114581887,0,1.0,0,
CHRS,"Coherus Oncology, Inc.",234,0.27,B,high_quality+catalyst_far,,,B,0.08147,0.966912,1,,0,,250,0,specific_days,3,neutral,deep_drawdown_rel_xbi,M,catalyst_far_lift|cost_haircut_<=2000bps,financial_score:+13.0;catalyst_score:-12.4;clinical_score:+7.6,tier=;reason=;cat_days=250;strength=far;decay_w=0.3,v1.3.0,88d7ae9a,1,,late|near_181_270|pos,0.1,72.138184,0.8391,0,1,0.659,0.3278,1,1,buying,-0.8054,elite_1,0.6618,0.6618,0.32,102,stale,0.0,0,0,0,True,False,True,far,0.3,adequate,<=2000bps,1743.78,0.7,1,0,1.0,0,1.0,0,250,False,specific_days,0.285933,price_history,,1,0.277,price_history,,-0.334661,,43.295,-0.018317,-0.316344,late,micro,none,commercial_biotech,morningstar,CTGOV_CALENDAR,CT_PRIMARY_COMPLETION,,0,0.8291535402081362346263008515,49.02,43.08618711111111111111111111,53.800,90.00,63.16326530612244897959183673,68.52040816326530612244897959,26,0.1,0.91853,1.3953,43.47,0.825879,0.938,63.16326530612244897959183673,0,1.0,0,
BMRN,BioMarin Pharmaceutical Inc.,235,0.64,A,high_quality+catalyst_near,,,A,0.06869,0.871324,1,,0,,97,0,specific_days,3,neutral,,L,tier_a_commercial|sponsor_confirmed,momentum_score:-11.8;catalyst_score:-10.1;financial_score:+8.5,tier=;reason=;cat_days=97;strength=near;decay_w=1.0,v1.3.0,88d7ae9a,1,,late|near_91_180|pos,0.1,66.208,0.857,0,1,0.8604,0.6356,3,3,neutral,-0.0392,elite_3,2.8371,2.8371,7.56,102,stale,0.0,0,0,0,True,False,True,near,1.0,adequate,<=400bps,247.71,1.0,0,0,1.0,0,1.0,0,97,False,specific_days,0.072223,price_history,,3,0.5942,price_history,,-0.14019,,64.325,-0.018317,-0.121873,late,large,none,commercial_biotech,morningstar,CTGOV_CALENDAR,CT_PRIMARY_COMPLETION,,0,0.9,47.70,49.46090000000000000000000000,65.0,74.48,67.44897959183673469387755102,68.00000000000000000000000000,22,0.1,0.93131,1.4856,53.22,0.985623,2.1868,67.44897959183673469387755102,0,1.0,0,
BIOA,"BioAge Labs, Inc.",236,0.54,C,mod_quality+no_catalyst_data,,,C,0.065495,0.716912,1,,0,,,0,no_upcoming,9,tailwind,,L,sponsor_confirmed|momentum_tailwind,clinical_score:-47.4;momentum_score:+44.1;catalyst_score:-17.2,tier=;reason=;cat_days=NA;strength=missing;decay_w=0.0,v1.3.0,88d7ae9a,1,,mid|none|nonpos,0.1,57.4745,-0.1919,0,1,-2.1039,-1.9466,4,4,buying,0.3439,elite_4,3.3746,3.3746,0.87,102,stale,0.0,0,0,0,True,False,True,missing,0.0,adequate,<=1000bps,829.54,0.85,1,0,1.0,0,1.0,0,,False,no_upcoming,1.31454,price_history,,4,1.1966,price_history,,-0.059337,,66.9326,-0.018317,-0.04102,mid,small,none,commercial_pharma,morningstar,,,,0,0.8361592219986586183769282361,96.55,35.22704400000000000000000000,60.36036807894709568373161730,25.47,5,65.00000000000000000000000000,21,0.1,0.934505,1.5102,21.82,0.378594,-0.3092,5,0,1.0,0,
BCRX,"BioCryst Pharmaceuticals, Inc.",237,0.33,C,low_quality,,,C,0.0623,0.202206,1,,0,,66,0,specific_days,3,headwind,deep_drawdown_rel_xbi,M,sponsor_confirmed|momentum_headwind,financial_score:-19.2;smart_money_score:+10.3;clinical_score:+6.9,tier=;reason=;cat_days=66;strength=near;decay_w=1.0,v1.3.0,88d7ae9a,1,,late|near_31_90|pos,0.1,32.897939,0.5474,0,1,-0.072,0.0294,3,3,buying,-0.0392,elite_3,2.3187,2.3187,1.41,102,stale,0.0,0,0,0,True,False,True,near,1.0,adequate,<=1000bps,567.95,0.85,1,0,1.0,0,1.0,0,66,False,specific_days,0.060841,price_history,,3,0.7401,price_history,,-0.319928,,66.9389,-0.018317,-0.301611,late,small,none,commercial_pharma,morningstar,CTGOV_CALENDAR,CT_PRIMARY_COMPLETION,,0,0.9,41.94,50.990,55.80147286651068696685135560,36.18,52.44897959183673469387755102,26.32653061224489795918367346,20,0.1,0.9377,1.5357,33.67,0.646965,0.3771,52.44897959183673469387755102,0,1.0,0,
BBIO,"BridgeBio Pharma, Inc.",238,0.38,C,low_quality,,,C,0.059105,0.077206,1,,0,,65,0,specific_days,3,headwind,,M,sponsor_confirmed|momentum_headwind,smart_money_score:+35.5;financial_score:-24.3;clinical_score:-19.2,tier=;reason=;cat_days=65;strength=near;decay_w=1.0,v1.3.0,88d7ae9a,1,,late|near_31_90|nonpos,0.1,25.423,0.4941,0,1,-1.3547,-1.0559,5,5,buying,0.727,elite_5,6.0499,6.0499,5.02,102,stale,0.0,0,0,0,True,False,True,near,1.0,adequate,<=400bps,240.59,1.0,0,0,1.0,0,1.0,0,65,False,specific_days,-0.107742,price_history,,5,1.1062,price_history,,-0.145163,,39.4895,-0.018317,-0.126846,late,large,sev1,commercial_biotech,morningstar,CTGOV_CALENDAR,CT_STUDY_COMPLETION,,0,0.8981611945905334335086401202,42.95,44.21514711111111111111111111,75.05247094265857783500032752,28.50,20.31236984589754269054560599,15.24000000000000000000000000,19,0.1,0.940895,1.5623,13.39,0.126198,-1.1445,20.31236984589754269054560599,0,1.0,0,
AUPH,Aurinia Pharmaceuticals Inc,239,0.16,C,low_quality+no_catalyst_data,,,C,0.052716,0.474265,1,,0,,,0,no_upcoming,9,headwind,,S,momentum_headwind,smart_money_score:+21.1;catalyst_score:-15.5;clinical_score:+6.5,tier=;reason=;cat_days=NA;strength=missing;decay_w=0.0,v1.3.0,88d7ae9a,1,,late|none|pos,0.1,44.71404,0.5468,0,1,0.1411,0.3015,1,1,buying,-0.8054,elite_1,2.3333,2.3333,4.82,102,stale,0.0,0,0,0,True,False,True,missing,0.0,adequate,<=1000bps,798.5,0.85,1,0,1.0,0,1.0,0,,False,no_upcoming,-0.1389,price_history,,1,0.5183,price_history,,-0.108736,,48.2864,-0.018317,-0.090419,late,small,none,commercial_biotech,morningstar,,,,0,0.8931870752812898735645516761,39.85,30.11070044444444444444444444,66.68333950443112073412948832,54.61,52.14285714285714285714285714,39.17897731084544271357458171,17,0.1,0.947284,1.6191,38.16,0.714058,0.5653,52.14285714285714285714285714,0,1.0,0,
ARQT,"Arcutis Biotherapeutics, Inc.",240,0.54,C,low_quality,,,C,0.046326,0.209559,1,,0,,80,0,specific_days,3,neutral,,L,sponsor_confirmed,smart_money_score:+23.4;financial_score:-16.0;catalyst_score:-7.8,tier=;reason=;cat_days=80;strength=near;decay_w=1.0,v1.3.0,88d7ae9a,1,,late|near_31_90|pos,0.1,33.73808,0.5625,0,1,0.3569,0.4973,4,4,buying,0.3439,elite_4,6.0744,6.0744,5.06,102,stale,0.0,0,0,0,True,False,True,near,1.0,adequate,<=1000bps,484.98,0.85,1,0,1.0,0,1.0,0,80,False,specific_days,-0.171651,price_history,,4,0.7329,price_history,,-0.135256,,52.0498,-0.018317,-0.116939,late,mid,none,commercial_biotech,morningstar,CTGOV_CALENDAR,CT_PRIMARY_COMPLETION,,0,0.8813577735353776398997732967,50.09,45.35264400000000000000000000,76.54273815977492535309074559,19.91,56.73469387755102040816326531,37.22573334610105652909444924,15,0.1,0.953674,1.6816,37.90,0.704473,0.5373,56.73469387755102040816326531,0,1.0,0,
ARDX,"Ardelyx, Inc.",241,0.16,B,mod_quality+catalyst_near,,,B,0.043131,0.702206,1,,0,,97,0,specific_days,3,headwind,,S,momentum_headwind,clinical_score:+22.0;momentum_score:-13.0;catalyst_score:-8.1,tier=;reason=;cat_days=97;strength=near;decay_w=1.0,v1.3.0,88d7ae9a,1,,late|near_91_180|pos,0.1,56.777066,0.8733,0,1,1.3092,1.1822,1,1,buying,-0.8054,elite_1,1.0009,1.0009,0.74,102,stale,0.0,0,0,0,True,False,True,near,1.0,adequate,<=1000bps,637.41,0.85,1,0,1.0,0,1.0,0,97,False,specific_days,0.095641,price_history,,1,0.7564,price_history,,-0.178974,,45.3013,-0.018317,-0.160657,late,small,none,commercial_biotech,morningstar,CTGOV_CALENDAR,CT_PRIMARY_COMPLETION,,0,0.8915893841380166315005585205,41.95,46.92181377777777777777777778,54.850,68.58,77.000,54.18681318681318681318681319,14,0.1,0.956869,1.7155,45.92,0.886581,1.2085,77.000,0,1.0,0,
ANIP,"ANI Pharmaceuticals, Inc.",242,0.33,C,low_quality,,,C,0.036741,0.569853,1,,0,,127,0,specific_days,3,headwind,,M,sponsor_confirmed|momentum_headwind,momentum_score:-15.0;clinical_score:+13.1;smart_money_score:+10.7,tier=;reason=;cat_days=127;strength=mid;decay_w=0.7,v1.3.0,88d7ae9a,1,,late|near_91_180|pos,0.1,49.597606,-0.2883,127,1,0.1771,0.2716,2,2,buying,-0.4223,elite_2,2.2354,2.2354,1.15,102,stale,0.0,0,0,0,True,False,True,mid,0.7,adequate,<=1000bps,553.89,0.85,1,0,1.0,0,1.0,0,127,False,specific_days,-0.084359,price_history,,2,0.0888,price_history,,-0.223763,,41.7194,-0.018317,-0.205446,late,small,none,commercial_pharma,morningstar,CTGOV_CALENDAR,CT_PRIMARY_COMPLETION,,0,0.9,30.18,43.44238400000000000000000000,55.8750,75.66,58.26530612244897959183673469,37.95690268217740745213272686,12,0.1,0.963259,1.7898,39.29,0.733227,0.6226,58.26530612244897959183673469,0,1.0,0,
ANAB,"AnaptysBio, Inc.",243,0.54,C,low_quality,,,C,0.033546,0.511029,1,,0,,66,0,specific_days,3,tailwind,,L,sponsor_confirmed|momentum_tailwind,financial_score:-22.4;momentum_score:+19.4;smart_money_score:+18.5,tier=;reason=;cat_days=66;strength=near;decay_w=1.0,v1.3.0,88d7ae9a,1,,mid|near_31_90|pos,0.1,46.608,-0.0615,0,1,0.7696,0.8718,5,5,buying,0.727,elite_5,8.7687,8.7687,11.58,102,stale,0.0,0,0,0,True,False,True,near,1.0,adequate,<=1000bps,627.18,0.85,1,0,1.0,0,1.0,0,66,False,specific_days,0.264748,price_history,,5,1.0403,price_history,,0.0,,64.0301,-0.018317,0.018317,mid,small,none,commercial_biotech,morningstar,CTGOV_CALENDAR,CT_STUDY_COMPLETION,,0,0.8383336136338154501625742796,85.91,51.914,85,27.36,65.51724137931034482758620690,44.11111111111111111111111111,11,0.1,0.966454,1.8311,45.29,0.873802,1.1445,65.51724137931034482758620690,0,1.0,0,
AMRX,"Amneal Pharmaceuticals, Inc.",244,0.54,C,low_quality+no_catalyst_data,,,C,0.030351,0.290441,1,,0,,,0,no_upcoming,9,tailwind,,L,momentum_tailwind,clinical_score:+22.9;financial_score:-20.6;catalyst_score:-11.7,tier=;reason=;cat_days=NA;strength=missing;decay_w=0.0,v1.3.0,88d7ae9a,1,,late|none|pos,0.1,37.975415,0.8633,0,1,0.7539,0.8325,0,0,neutral,-1.1884,,0.0,0.0,0.0,,,0.0,0,0,0,True,False,True,missing,0.0,adequate,<=1000bps,534.8,0.85,1,0,1.0,0,1.0,0,,False,no_upcoming,0.16501,price_history,,0,0.1986,price_history,,-0.034891,,58.8143,-0.018317,-0.016574,late,mid,none,commercial_pharma,morningstar,,,,0,0.9,58.27,37.16153600000000000000000000,,38.82,71.73469387755102040816326531,28.29870088416483130645727600,10,0.1,0.969649,1.8757,36.49,0.694888,0.5098,71.73469387755102040816326531,0,1.0,0,
AMPH,"Amphastar Pharmaceuticals, Inc.",245,0.07,C,mod_quality+no_catalyst_data,,,C,0.027157,0.680147,1,,0,,,0,no_upcoming,9,headwind,,XS,momentum_headwind|cost_haircut_<=2000bps,catalyst_score:-12.6;clinical_score:+9.0;financial_score:+6.8,tier=;reason=;cat_days=NA;strength=missing;decay_w=0.0,v1.3.0,88d7ae9a,1,,late|none|nonpos,0.1,55.6264,0.808,0,1,-0.1107,-0.0082,0,0,neutral,-1.1884,,0.0,0.0,0.0,,,0.0,0,0,0,True,False,True,missing,0.0,adequate,<=2000bps,1033.01,0.7,1,0,1.0,0,1.0,0,,False,no_upcoming,-0.018021,price_history,,0,0.2555,price_history,,-0.143078,,48.8515,-0.018317,-0.124761,late,small,none,commercial_pharma,morningstar,,,,0,0.9,39.31,29.89201111111111111111111111,,73.03,51.54591836734693877551020408,49.34200110024285848461672637,9,0.1,0.972843,1.9243,38.09,0.710863,0.5559,51.54591836734693877551020408,0,1.0,0,
ALKS,Alkermes plc,246,0.54,A,high_quality+catalyst_near,,,A,0.014377,0.900735,1,,0,,97,0,specific_days,3,neutral,,L,tier_a_commercial|sponsor_confirmed,clinical_score:+17.7;catalyst_score:-13.9;momentum_score:-11.7,tier=;reason=;cat_days=97;strength=near;decay_w=1.0,v1.3.0,88d7ae9a,1,,late|near_91_180|pos,0.1,67.429602,0.8733,0,1,0.9793,1.0,6,6,buying,1.1101,elite_6,5.7898,5.7898,1.91,102,stale,0.0,0,0,0,True,False,True,near,1.0,adequate,<=1000bps,415.22,0.85,1,0,1.0,0,1.0,0,97,False,specific_days,0.100341,price_history,,6,0.7597,price_history,,-0.059966,,54.5788,-0.018317,-0.041649,late,mid,none,commercial_pharma,morningstar,CTGOV_CALENDAR,CT_PRIMARY_COMPLETION,,0,0.9,47.62,45.38760000000000000000000000,57.7750,76.97,77.000,68.81355932203389830508474576,5,0.1,0.985623,2.1868,55.04,0.995208,2.5905,77.000,0,1.0,0,
ADMA,ADMA Biologics Inc,247,0.33,C,low_quality+no_catalyst_data,,,C,0.011182,0.033088,1,,0,,,0,no_upcoming,9,headwind,deep_drawdown|deep_drawdown_rel_xbi,M,sponsor_confirmed|momentum_headwind,smart_money_score:+13.7;financial_score:-13.5;clinical_score:+4.5,tier=;reason=;cat_days=NA;strength=missing;decay_w=0.0,v1.3.0,88d7ae9a,1,,late|none|nonpos,0.1,19.344103,-0.6831,,0,-0.6004,-0.3715,2,2,selling,-0.4223,elite_2,1.028,1.028,0.59,102,stale,0.0,0,0,0,True,False,True,missing,0.0,adequate,<=1000bps,514.29,0.85,1,0,1.0,0,1.0,0,,False,no_upcoming,-0.243922,price_history,,2,0.7656,price_history,,-0.366789,,37.2705,-0.018317,-0.348472,late,mid,none,commercial_biotech,morningstar,,,,0,0.9,29.03,29.89201111111111111111111111,45.475,15.13,36.36277708362256467212735434,18.31689488971879089661336142,4,0.1,0.988818,2.2841,26.19,0.464856,-0.0882,36.36277708362256467212735434,0,1.0,0,
ACAD,ACADIA Pharmaceuticals Inc.,248,0.33,B,mod_quality+catalyst_near,,,B,0.004792,0.665441,1,,0,,80,0,specific_days,3,headwind,,M,sponsor_confirmed|momentum_headwind,momentum_score:-21.2;smart_money_score:+13.1;financial_score:+9.9,tier=;reason=;cat_days=80;strength=near;decay_w=1.0,v1.3.0,88d7ae9a,1,,late|near_31_90|pos,0.1,55.115475,0.8432,0,1,0.7309,0.4223,7,7,buying,1.4932,elite_7,7.8711,7.8711,9.74,102,stale,0.0,0,0,0,True,False,True,near,1.0,adequate,<=1000bps,545.38,0.85,1,0,1.0,0,1.0,0,80,False,specific_days,-0.042856,price_history,,7,0.7541,price_history,,-0.123664,,51.412,-0.018317,-0.105347,late,mid,none,commercial_biotech,morningstar,CTGOV_CALENDAR,CT_PRIMARY_COMPLETION,,0,0.9,36.69,49.32939377777777777777777778,71.0,49.34,64.69387755102040816326530612,67.79661016949152542372881356,2,0.1,0.995208,2.5905,51.97,0.966454,1.8311,64.69387755102040816326530612,0,1.0,0,
SGMO,"Sangamo Therapeutics, Inc.",,,D,ineligible,D,ineligible,,0.956869,,0,0.048023,1,0.951977,181,0,specific_days,3,headwind,deep_drawdown|deep_drawdown_rel_xbi,XS,ineligible,clinical_score:+32.7;financial_score:-28.5;momentum_score:-2.4,tier=D;reason=ineligible;cat_days=181;strength=far;decay_w=0.3,v1.3.0,88d7ae9a,0,deep_drawdown,mid|near_181_270|pos,-0.0007759772727272727,,-0.0215,0,1,1.5558,1.4302,0,0,neutral,-1.1884,,0.0,0.0,0.0,,,0.0,0,0,0,True,False,True,far,0.3,adequate,>2000bps,2020.0,0.55,1,0,1.0,0,1.0,0,181,False,specific_days,0.004391,price_history,,0,1.7814,price_history,,-0.545673,,59.7807,-0.018317,-0.527356,mid,micro,sev1,drug_developer,morningstar,CTGOV_CALENDAR,CT_PRIMARY_COMPLETION,,0,0.7850712156343159986750579662,41.84,42.42204844444444444444444444,,90.00,76.89655172413793103448275862,15.77302153520940679085744484,300,-0.0007759772727272727,0.043131,-1.7155,28.15,0.538339,0.0962,76.89655172413793103448275862,0,1.0,0,
QURE,uniQure N.V.,,,D,ineligible,D,ineligible,,0.953674,,0,0.144068,1,0.855932,218,0,specific_days,3,headwind,high_vol|deep_drawdown|deep_drawdown_rel_xbi,XS,ineligible,smart_money_score:+21.6;momentum_score:-20.8;catalyst_score:-12.1,tier=D;reason=ineligible;cat_days=218;strength=far;decay_w=0.3,v1.3.0,88d7ae9a,0,deep_drawdown,mid|near_181_270|pos,-0.0007759772727272727,,-0.0515,0,1,1.2461,1.1265,9,9,buying,2.2594,elite_9,10.6934,10.6934,11.17,102,stale,0.0,0,0,0,True,False,True,far,0.3,adequate,<=1000bps,431.69,0.85,1,0,1.0,0,1.0,0,218,False,specific_days,-0.210903,price_history,,9,1.039,price_history,,-0.659583,,50.4615,-0.018317,-0.641266,mid,small,none,drug_developer,morningstar,CTGOV_CALENDAR,CT_PRIMARY_COMPLETION,,0,0.8056213548676536563481381786,42.62,51.368,85,34.91,69.65517241379310344827586207,68.450,299,-0.0007759772727272727,0.046326,-1.6816,37.91,0.707668,0.5466,69.65517241379310344827586207,0,1.0,0,
TNYA,"Tenaya Therapeutics, Inc.",,,D,ineligible,D,ineligible,,0.944089,,0,0.341808,1,0.658192,66,0,specific_days,3,headwind,high_beta|deep_drawdown|deep_drawdown_rel_xbi,XS,ineligible,financial_score:-27.1;clinical_score:+22.2;smart_money_score:+21.0,tier=D;reason=ineligible;cat_days=66;strength=near;decay_w=1.0,v1.3.0,88d7ae9a,0,deep_drawdown,early|near_31_90|pos,0.0,,-1.52,66,1,0.5887,0.482,1,1,buying,-0.8054,elite_1,0.5833,0.5833,0.05,102,stale,0.0,0,0,0,True,False,True,near,1.0,short,<=2000bps,1889.07,0.7,1,0,1.0,0,1.0,0,66,False,specific_days,-0.661166,price_history,,1,2.3384,price_history,,-0.708809,,38.0948,-0.018317,-0.690492,early,micro,sev2,drug_developer,morningstar,CTGOV_CALENDAR,CT_PRIMARY_COMPLETION,,0,0.7492238184530151289154059237,11.34,36.65610844444444444444444444,53.125,86.54,54.28571428571428571428571428,5,296,0.0,0.055911,-1.5901,11.87,0.087859,-1.3541,54.28571428571428571428571428,0,1.0,0,
TCRX,"TScan Therapeutics, Inc.",,,D,ineligible,D,ineligible,,0.9377,,0,0.115819,1,0.884181,97,0,specific_days,3,headwind,deep_drawdown|deep_drawdown_rel_xbi,XS,ineligible,financial_score:-28.3;clinical_score:+27.9;momentum_score:-18.6,tier=D;reason=ineligible;cat_days=97;strength=near;decay_w=1.0,v1.3.0,88d7ae9a,0,deep_drawdown,early|near_91_180|pos,0.0,,-0.7001,0,1,1.3678,1.2458,2,2,buying,-0.4223,elite_2,1.1667,1.1667,0.04,102,stale,0.0,0,0,0,True,False,True,near,1.0,adequate,>2000bps,2036.0,0.55,1,0,1.0,0,1.0,0,97,False,specific_days,-0.041356,price_history,,2,1.682,price_history,,-0.583333,,52.9175,-0.018317,-0.565016,early,micro,sev1,drug_developer,morningstar,CTGOV_CALENDAR,CT_STUDY_COMPLETION,,0,0.7661231769722814498933901919,26.02,52.154,56.100,90.00,72.50000000000000000000000000,16.34750566893424036281179138,294,0.0,0.0623,-1.5357,30.60,0.576677,0.1934,72.50000000000000000000000000,0,1.0,0,
SEPN,"Septerna, Inc.",,,D,ineligible,D,ineligible,,0.934505,,0,0.437853,1,0.562147,5,1,specific_days,3,tailwind,,XS,ineligible,smart_money_score:+15.5;clinical_score:-13.7;momentum_score:+10.2,tier=D;reason=ineligible;cat_days=5;strength=near;decay_w=1.0,v1.3.0,88d7ae9a,0,fundamental_red_flag,early|near_0_30|pos,0.0,,-0.8594,5,1,0.3144,0.213,5,5,buying,0.727,elite_5,6.1217,6.1217,7.73,102,stale,0.0,0,0,0,True,False,True,near,1.0,adequate,<=2000bps,1100.33,0.7,1,0,1.0,0,1.0,0,5,True,specific_days,0.024361,price_history,,5,1.1663,price_history,,0.0,,64.345,-0.018317,0.018317,early,small,none,drug_developer,morningstar,CTGOV_CALENDAR,CT_PRIMARY_COMPLETION,,0,0.7365522485335650662611340430,71.79,52.478,77.0,90.00,47.87131519274376417233560090,58.57142857142857142857142857,293,0.0,0.065495,-1.5102,35.00,0.666134,0.4293,47.87131519274376417233560090,0,1.0,0,
PYXS,"Pyxis Oncology, Inc.",,,D,ineligible,D,ineligible,,0.928115,,0,0.274011,1,0.725989,66,0,specific_days,3,headwind,high_vol|deep_drawdown|deep_drawdown_rel_xbi,XS,ineligible,momentum_score:-27.2;financial_score:-21.6;smart_money_score:+19.3,tier=D;reason=ineligible;cat_days=66;strength=near;decay_w=1.0,v1.3.0,88d7ae9a,0,deep_drawdown,early|near_31_90|pos,0.0,,-1.4965,66,1,0.772,0.6617,3,3,buying,-0.0392,elite_3,1.9283,1.9283,0.43,102,stale,0.0,0,0,0,True,False,True,near,1.0,adequate,>2000bps,2020.0,0.55,1,0,1.0,0,1.0,0,66,False,specific_days,-0.809305,price_history,,3,1.277,price_history,,-0.722846,,45.3244,-0.018317,-0.704529,early,micro,sev1,drug_developer,morningstar,CTGOV_CALENDAR,CT_PRIMARY_COMPLETION,,0,0.7732648499041941664892484565,13.62,52.436,60.075,90.00,58.57142857142857142857142857,19.17361111111111111111111111,291,0.0,0.071885,-1.4619,26.45,0.474441,-0.0641,58.57142857142857142857142857,0,1.0,0,
JBIO,"Jade Biosciences, Inc.",,,D,ineligible,D,ineligible,,0.912141,,0,0.398305,1,0.601695,219,0,specific_days,3,tailwind,deep_drawdown|deep_drawdown_rel_xbi,XS,ineligible,smart_money_score:-17.6;momentum_score:+11.5;financial_score:+4.8,tier=D;reason=ineligible;cat_days=219;strength=far;decay_w=0.3,v1.3.0,88d7ae9a,0,fundamental_red_flag|deep_drawdown,early|near_181_270|pos,0.0,,-2.1051,219,1,0.4055,0.3022,10,10,selling,2.6425,elite_10,5.7389,5.7389,2.25,102,stale,0.0,0,0,0,True,False,True,far,0.3,adequate,<=2000bps,1548.57,0.7,1,0,1.0,0,1.0,0,219,False,specific_days,0.020189,price_history,,10,1.2801,price_history,,-0.856833,,43.5139,-0.018317,-0.838516,early,small,none,drug_developer,morningstar,CTGOV_CALENDAR,CT_PRIMARY_COMPLETION,,0,0.7409064569536423841059602649,57.66,43.75331600000000000000000000,28.6250,50,50,50.96428571428571428571428571,286,0.0,0.087859,-1.3541,34.91,0.662939,0.4205,50,0,1.0,0,
JANX,"Janux Therapeutics, Inc.",,,D,ineligible,D,ineligible,,0.908946,,0,0.240113,1,0.759887,219,0,specific_days,3,headwind,high_vol|deep_drawdown|deep_drawdown_rel_xbi,XS,ineligible,momentum_score:-38.0;financial_score:+18.5;clinical_score:+11.9,tier=D;reason=ineligible;cat_days=219;strength=far;decay_w=0.3,v1.3.0,88d7ae9a,0,deep_drawdown,early|near_181_270|pos,0.0,,-0.7216,0,1,0.9095,0.7965,7,7,selling,1.4932,elite_7,6.384,6.384,3.37,102,stale,0.0,0,0,0,True,False,True,far,0.3,adequate,<=1000bps,595.46,0.85,1,0,1.0,0,1.0,0,219,False,specific_days,-0.722477,price_history,,7,1.7044,price_history,,-0.607081,,48.6581,-0.018317,-0.588764,early,small,none,drug_developer,morningstar,CTGOV_CALENDAR,CT_PRIMARY_COMPLETION,,0,0.7370352250489236790606653620,11.91,51.596,55.8875,28.85,61.78571428571428571428571428,68.450,285,0.0,0.091054,-1.3343,42.43,0.803514,0.8542,61.78571428571428571428571428,0,1.0,0,
IMRX,Immuneering Corporation,,,D,ineligible,D,ineligible,,0.905751,,0,0.081921,1,0.918079,97,0,specific_days,3,headwind,high_beta|deep_drawdown|deep_drawdown_rel_xbi,XS,ineligible,momentum_score:-27.1;clinical_score:+22.9;catalyst_score:-8.0,tier=D;reason=ineligible;cat_days=97;strength=near;decay_w=1.0,v1.3.0,88d7ae9a,0,deep_drawdown,early|near_91_180|pos,0.0,,-0.6899,0,1,1.4594,1.3357,2,2,buying,-0.4223,elite_2,1.484,1.484,0.6,102,stale,0.0,0,0,0,True,False,True,near,1.0,adequate,<=2000bps,1091.39,0.7,1,0,1.0,0,1.0,0,97,False,specific_days,-0.478849,price_history,,2,2.4272,price_history,,-0.449244,,50.0783,-0.018317,-0.430927,early,small,none,drug_developer,morningstar,CTGOV_CALENDAR,CT_PRIMARY_COMPLETION,,0,0.7207723737426112205745100073,24.69,43.75331600000000000000000000,57.50,50,74.64285714285714285714285714,58.25000000000000000000000000,284,0.0,0.094249,-1.315,40.79,0.771565,0.744,74.64285714285714285714285714,0,1.0,0,
OABI,"OmniAb, Inc.",,,D,ineligible,D,ineligible,,0.841853,,0,0.420904,1,0.579096,,0,no_upcoming,9,headwind,deep_drawdown|deep_drawdown_rel_xbi,XS,ineligible,financial_score:-27.3;clinical_score:+16.7;catalyst_score:+5.4,tier=D;reason=ineligible;cat_days=NA;strength=missing;decay_w=0.0,v1.3.0,88d7ae9a,0,fundamental_red_flag|deep_drawdown,early|none|pos,0.023322922839506172,,-2.3618,,0,0.3643,0.2619,0,0,neutral,-1.1884,,0.0,0.0,0.0,,,0.0,0,0,0,True,False,True,missing,0.0,short,>2000bps,2036.0,0.55,1,0,1.0,0,1.0,0,,False,no_upcoming,-0.148491,price_history,,0,1.1609,price_history,,-0.524725,,44.1562,-0.018317,-0.506408,early,micro,sev2,drug_developer,morningstar,,,,0,0.7794360799258420022659388197,37.51,37.75726400000000000000000000,,50,49.03858418367346938775510206,5,264,0.023322922839506172,0.158147,-1.0021,10.95,0.059105,-1.5623,49.03858418367346938775510206,0,1.0,0,
EDIT,"Editas Medicine, Inc.",,,D,ineligible,D,ineligible,,0.838658,,0,0.166667,1,0.833333,,0,no_upcoming,9,headwind,high_beta|deep_drawdown|deep_drawdown_rel_xbi,XS,ineligible,clinical_score:+32.0;financial_score:-30.1;momentum_score:-4.5,tier=D;reason=ineligible;cat_days=NA;strength=missing;decay_w=0.0,v1.3.0,88d7ae9a,0,deep_drawdown,early|none|pos,0.023322922839506172,,-0.7111,0,1,1.1386,1.0211,0,0,neutral,-1.1884,,0.0,0.0,0.0,,,0.0,0,0,0,True,False,True,missing,0.0,short,<=2000bps,1790.0,0.7,1,0,1.0,0,1.0,0,,False,no_upcoming,-0.270533,price_history,,0,2.2654,price_history,,-0.491566,,58.6113,-0.018317,-0.473249,early,micro,sev2,drug_developer,morningstar,,,,0,0.7700374531835205992509363296,30.68,37.75726400000000000000000000,,75.00,67.14285714285714285714285714,5,263,0.023322922839506172,0.161342,-0.989,13.30,0.123003,-1.1601,67.14285714285714285714285714,0,1.0,0,
BCYC,Bicycle Therapeutics plc,,,D,ineligible,D,ineligible,,0.835463,,0,0.002825,1,0.997175,,0,no_upcoming,9,headwind,deep_drawdown|deep_drawdown_rel_xbi,XS,ineligible,clinical_score:+31.6;momentum_score:-22.7;catalyst_score:-7.6,tier=D;reason=ineligible;cat_days=NA;strength=missing;decay_w=0.0,v1.3.0,88d7ae9a,0,fundamental_red_flag|deep_drawdown,early|none|pos,0.023322922839506172,,-0.6669,0,1,1.5602,1.4345,2,2,neutral,-0.4223,elite_2,1.4355,1.4355,0.61,102,stale,0.0,0,0,0,True,False,True,missing,0.0,adequate,>2000bps,2020.0,0.55,1,0,1.0,0,1.0,0,,False,no_upcoming,-0.288111,price_history,,2,1.568,price_history,,-0.503534,,42.7157,-0.018317,-0.485217,early,small,none,drug_developer,morningstar,,,,0,0.7937588247465342437409476516,22.63,37.75726400000000000000000000,51.525,50,77.000,37.85048185941043083900226758,262,0.023322922839506172,0.164537,-0.976,47.72,0.908946,1.3343,77.000,0,1.0,0,
ELDN,"Eledon Pharmaceuticals, Inc.",,,D,ineligible,D,ineligible,,0.806709,,0,0.652542,1,0.347458,97,0,specific_days,9,tailwind,deep_drawdown|deep_drawdown_rel_xbi,XS,ineligible,financial_score:-21.3;momentum_score:+19.7;clinical_score:-11.3,tier=D;reason=ineligible;cat_days=97;strength=near;decay_w=1.0,v1.3.0,88d7ae9a,0,deep_drawdown,mid|near_91_180|nonpos,0.0646411489361702,,-0.107,0,1,-0.575,-0.6592,1,1,neutral,-0.8054,elite_1,0.4667,0.4667,0.11,102,stale,0.0,0,0,0,True,False,True,near,1.0,adequate,>2000bps,2020.0,0.55,1,0,1.0,0,1.0,0,97,False,specific_days,0.375787,price_history,,1,1.3482,price_history,,-0.438073,,68.8914,-0.018317,-0.419756,mid,micro,sev1,drug_developer,morningstar,,,,0,0.7561326181699203839022794198,58.12,42.42204844444444444444444444,47.32544707125084310294585871,82.08,27.07491082045184304399524376,17.11893909367155502708415907,253,0.0646411489361702,0.193291,-0.8658,18.95,0.305112,-0.5098,27.07491082045184304399524376,0,1.0,0,
BDTX,"Black Diamond Therapeutics, Inc.",,,D,ineligible,D,ineligible,,0.803514,,0,0.838983,1,0.161017,97,0,specific_days,3,headwind,deep_drawdown|deep_drawdown_rel_xbi,XS,ineligible,clinical_score:-28.8;financial_score:+19.7;momentum_score:-17.2,tier=D;reason=ineligible;cat_days=97;strength=near;decay_w=1.0,v1.3.0,88d7ae9a,0,deep_drawdown,mid|near_91_180|nonpos,0.0646411489361702,,-0.1336,0,1,-1.2036,-1.2755,1,1,buying,-0.8054,elite_1,0.6412,0.6412,0.3,102,stale,0.0,0,0,0,True,False,True,near,1.0,adequate,<=2000bps,1967.77,0.7,1,0,1.0,0,1.0,0,97,False,specific_days,-0.395804,price_history,,1,0.8082,price_history,,-0.476386,,56.9192,-0.018317,-0.458069,mid,micro,none,drug_developer,morningstar,CTGOV_CALENDAR,CT_STUDY_COMPLETION,,0,0.7532475391846103399278609684,23.96,51.176,57.58297512559401921317107253,90.00,12.37812128418549346016646849,60.86206896551724137931034483,252,0.0646411489361702,0.196486,-0.8542,19.78,0.340256,-0.4118,12.37812128418549346016646849,0,1.0,0,
ACRV,"Acrivon Therapeutics, Inc.",,,D,ineligible,D,ineligible,,0.800319,,0,0.822034,1,0.177966,169,0,specific_days,3,headwind,deep_drawdown|deep_drawdown_rel_xbi,XS,ineligible,smart_money_score:+36.9;clinical_score:-29.9;momentum_score:-18.6,tier=D;reason=ineligible;cat_days=169;strength=mid;decay_w=0.7,v1.3.0,88d7ae9a,0,deep_drawdown,mid|near_91_180|nonpos,0.0646411489361702,,-1.3649,169,1,-1.1383,-1.2115,2,2,buying,-0.4223,elite_2,1.1667,1.1667,0.19,102,stale,0.0,0,0,0,True,False,True,mid,0.7,adequate,>2000bps,2020.0,0.55,1,0,1.0,0,1.0,0,169,False,specific_days,-0.459447,price_history,,2,1.5656,price_history,,-0.73262,,35.7051,-0.018317,-0.714303,mid,micro,none,drug_developer,morningstar,CTGOV_CALENDAR,CT_PRIMARY_COMPLETION,,0,0.7332419868536371603856266433,25.19,42.42204844444444444444444444,80.73329599984811116688654454,89.62,13.90540362002906592680671159,56.93103448275862068965517241,251,0.0646411489361702,0.199681,-0.8428,17.44,0.266773,-0.6226,13.90540362002906592680671159,0,1.0,0,
NUVB,Nuvation Bio Inc.,,,D,ineligible,D,ineligible,,0.691693,,0,0.765537,1,0.234463,127,0,specific_days,2,headwind,high_vol|deep_drawdown|deep_drawdown_rel_xbi,XS,ineligible,clinical_score:-20.4;financial_score:+14.7;momentum_score:+4.7,tier=D;reason=ineligible;cat_days=127;strength=mid;decay_w=0.7,v1.3.0,88d7ae9a,0,deep_drawdown,late|near_91_180|nonpos,0.0743638577586207,,0.4904,0,1,-0.9672,-1.0438,6,6,selling,1.1101,elite_6,2.3333,2.3333,0.17,102,stale,0.0,0,0,0,True,False,True,mid,0.7,adequate,<=1000bps,563.77,0.85,1,0,1.0,0,1.0,0,127,False,specific_days,-0.368895,price_history,,6,1.25,price_history,,-0.408805,,41.6923,-0.018317,-0.390488,late,small,none,drug_developer,morningstar,SEC_8K_FILING,DATA_READOUT,,0,0.8221800116890707188778492110,43.08,39.81783511111111111111111111,37.78333950443112073412948832,54.85,17.90480818177611180526632422,53.06593406593406593406593407,217,0.0743638577586207,0.308307,-0.5007,15.37,0.190096,-0.8775,17.90480818177611180526632422,0,1.0,0,
ABCL,AbCellera Biologics Inc.,,,D,ineligible,D,ineligible,,0.618211,,0,0.590395,1,0.409605,250,0,specific_days,3,headwind,high_beta|deep_drawdown|deep_drawdown_rel_xbi,XS,ineligible,financial_score:+16.4;momentum_score:-15.9;smart_money_score:+11.2,tier=D;reason=ineligible;cat_days=250;strength=far;decay_w=0.3,v1.3.0,88d7ae9a,0,deep_drawdown,late|near_181_270|nonpos,0.08571638372093023,,-0.8536,250,1,-0.3587,-0.4471,2,2,buying,-0.4223,elite_2,1.9947,1.9947,1.0,102,stale,0.0,0,0,0,True,False,True,far,0.3,adequate,<=1000bps,894.22,0.85,1,0,1.0,0,1.0,0,250,False,specific_days,-0.243706,price_history,,2,1.9675,price_history,,-0.47812,,44.8813,-0.018317,-0.459803,late,small,none,drug_developer,morningstar,CTGOV_CALENDAR,CT_PRIMARY_COMPLETION,,0,0.8727397201166180758017492711,25.88,39.59360400000000000000000000,52.95970638115311569300786234,54.34,32.13221342958952288398352539,58.10989010989010989010989011,194,0.08571638372093023,0.381789,-0.3008,27.69,0.519169,0.0481,32.13221342958952288398352539,0,1.0,0,
VOR,Vor Biopharma Inc.,,,D,ineligible,D,ineligible,,0.490415,,0,0.991525,1,0.008475,431,0,specific_days,9,tailwind,high_vol|high_beta|deep_drawdown|deep_drawdown_rel_xbi,XS,ineligible,clinical_score:-27.2;momentum_score:+25.4;catalyst_score:+8.2,tier=D;reason=ineligible;cat_days=431;strength=far;decay_w=0.3,v1.3.0,88d7ae9a,0,deep_drawdown,late|far_271_540|nonpos,0.0930939801980198,,0.3972,0,1,-1.5192,-1.5849,0,0,neutral,-1.1884,,0.0,0.0,0.0,,,0.0,0,0,0,True,False,True,far,0.3,adequate,<=1000bps,611.53,0.85,1,0,1.0,0,1.0,0,431,False,specific_days,0.793477,price_history,,0,1.9927,price_history,,-0.712547,,59.7796,-0.018317,-0.69423,late,small,sev1,drug_developer,morningstar,,,,0,0.7949833571088920589633856396,57.60,40.43630400000000000000000000,,58.42,5,25.77318896000214681533362851,154,0.0930939801980198,0.509585,0.024,5.33,0.007987,-2.4095,5,0,1.0,0,
PRTA,Prothena Corporation plc,,,D,ineligible,D,ineligible,,0.477636,,0,0.731638,1,0.268362,309,0,specific_days,9,headwind,deep_drawdown|deep_drawdown_rel_xbi,XS,ineligible,clinical_score:-18.7;smart_money_score:+14.3;catalyst_score:+7.8,tier=D;reason=ineligible;cat_days=309;strength=far;decay_w=0.3,v1.3.0,88d7ae9a,0,deep_drawdown,late|far_271_540|nonpos,0.0930939801980198,,0.5004,0,1,-0.8224,-0.9017,2,2,neutral,-0.4223,elite_2,2.1541,2.1541,2.39,102,stale,0.0,0,0,0,True,False,True,far,0.3,adequate,<=2000bps,1385.11,0.7,1,0,1.0,0,1.0,0,309,False,specific_days,-0.221422,price_history,,2,1.1182,price_history,,-0.432638,,46.4374,-0.018317,-0.414321,late,small,none,drug_developer,morningstar,,,,0,0.8619521786877617496510004653,33.75,47.84256044444444444444444444,54.32851063351730353575679081,86.48,21.29159146651858022120412791,42.84663687960391257094553798,150,0.0930939801980198,0.522364,0.0561,21.17,0.375399,-0.3176,21.29159146651858022120412791,0,1.0,0,
NGNE,Neurogene Inc.,,,D,ineligible,D,ineligible,,0.471246,,0,0.878531,1,0.121469,981,0,specific_days,9,headwind,deep_drawdown|deep_drawdown_rel_xbi,XS,ineligible,smart_money_score:+39.6;clinical_score:-36.1;financial_score:+14.1,tier=D;reason=ineligible;cat_days=981;strength=far;decay_w=0.3,v1.3.0,88d7ae9a,0,deep_drawdown,late|far_271_540|nonpos,0.0930939801980198,,0.4713,0,1,-1.336,-1.4053,8,8,buying,1.8763,elite_8,10.2857,10.2857,3.89,102,stale,0.0,0,0,0,True,False,True,far,0.3,adequate,<=2000bps,1880.7,0.7,1,0,1.0,0,1.0,0,981,False,specific_days,-0.192211,price_history,,8,1.5286,price_history,,-0.450102,,56.4276,-0.018317,-0.431785,late,micro,none,drug_developer,morningstar,,,,0,0.8329460395486537817003686739,33.63,39.59360400000000000000000000,85,77.30,9.283631820074968763015410244,59.55102040816326530612244898,148,0.0930939801980198,0.528754,0.0721,22.03,0.388179,-0.2841,9.283631820074968763015410244,0,1.0,0,
LYEL,"Lyell Immunopharma, Inc.",,,D,ineligible,D,ineligible,,0.464856,,0,0.974576,1,0.025424,1041,0,specific_days,9,tailwind,deep_drawdown|deep_drawdown_rel_xbi,XS,ineligible,clinical_score:-40.7;smart_money_score:+25.5;momentum_score:+12.3,tier=D;reason=ineligible;cat_days=1041;strength=far;decay_w=0.3,v1.3.0,88d7ae9a,0,deep_drawdown,late|far_271_540|nonpos,0.0930939801980198,,0.4145,0,1,-1.5192,-1.5849,2,2,buying,-0.4223,elite_2,2.9167,2.9167,4.36,102,stale,0.0,0,0,0,True,False,True,far,0.3,adequate,>2000bps,2020.0,0.55,1,0,1.0,0,1.0,0,1041,False,specific_days,-0.075781,price_history,,2,1.4733,price_history,,-0.402332,,44.1036,-0.018317,-0.384015,late,small,none,drug_developer,morningstar,,,,0,0.8108349900596421471172962227,57.96,39.59360400000000000000000000,71.22964063886817962659953142,60.46,5,54.74725274725274725274725275,146,0.0930939801980198,0.535144,0.0882,14.28,0.154952,-1.0154,5,0,1.0,0,
GOSS,"Gossamer Bio, Inc.",,,D,ineligible,D,ineligible,,0.448882,,0,0.556497,1,0.443503,280,0,specific_days,9,headwind,deep_drawdown|deep_drawdown_rel_xbi,XS,ineligible,smart_money_score:+48.0;momentum_score:-29.8;financial_score:-23.4,tier=D;reason=ineligible;cat_days=280;strength=far;decay_w=0.3,v1.3.0,88d7ae9a,0,deep_drawdown,late|far_271_540|nonpos,0.0930939801980198,,0.5232,0,1,-0.2419,-0.3325,6,6,buying,1.1101,elite_6,6.8073,6.8073,2.66,102,stale,0.0,0,0,0,True,False,True,far,0.3,adequate,>2000bps,2020.0,0.55,1,0,1.0,0,1.0,0,280,False,specific_days,-0.877591,price_history,,6,0.0683,price_history,,-0.890396,,14.2648,-0.018317,-0.872079,late,micro,sev1,drug_developer,morningstar,,,,0,0.8148510971786833855799373041,7.25,44.34240000000000000000000000,85,90.00,34.86371419316025730019899116,13.60331632653061224489795919,141,0.0930939801980198,0.551118,0.1285,15.96,0.209265,-0.809,34.86371419316025730019899116,0,1.0,0,
FULC,"Fulcrum Therapeutics, Inc.",,,D,ineligible,D,ineligible,,0.445687,,0,0.889831,1,0.110169,1441,0,specific_days,9,headwind,deep_drawdown|deep_drawdown_rel_xbi,XS,ineligible,clinical_score:-34.9;smart_money_score:+24.6;financial_score:+20.1,tier=D;reason=ineligible;cat_days=1441;strength=far;decay_w=0.3,v1.3.0,88d7ae9a,0,deep_drawdown,late|far_271_540|nonpos,0.0930939801980198,,0.4704,0,1,-1.3818,-1.4503,3,3,buying,-0.0392,elite_3,3.4295,3.4295,1.27,102,stale,0.0,0,0,0,True,False,True,far,0.3,adequate,<=1000bps,836.21,0.85,1,0,1.0,0,1.0,0,1441,False,specific_days,-0.280175,price_history,,3,0.3497,price_history,,-0.412329,,32.9321,-0.018317,-0.394012,late,small,none,drug_developer,morningstar,,,,0,0.8120151869158878504672897196,33.28,43.17802711111111111111111111,67.68006611322423687729997383,66.07,8.211451247165532879818594108,63.15384615384615384615384616,140,0.0930939801980198,0.554313,0.1366,16.29,0.22524,-0.7546,8.211451247165532879818594108,0,1.0,0,
ABSI,Absci Corporation,,,D,ineligible,D,ineligible,,0.420128,,0,0.550847,1,0.449153,523,0,specific_days,9,headwind,high_beta|deep_drawdown|deep_drawdown_rel_xbi,XS,ineligible,smart_money_score:+28.1;momentum_score:-8.1;clinical_score:-7.9,tier=D;reason=ineligible;cat_days=523;strength=far;decay_w=0.3,v1.3.0,88d7ae9a,0,deep_drawdown,late|far_271_540|nonpos,0.0930939801980198,,-0.9348,523,1,-0.2183,-0.3093,3,3,buying,-0.0392,elite_3,3.5719,3.5719,2.44,102,stale,0.0,0,0,0,True,False,True,far,0.3,adequate,<=2000bps,1042.07,0.7,1,0,1.0,0,1.0,0,523,False,specific_days,-0.250168,price_history,,3,1.963,price_history,,-0.458,,44.8243,-0.018317,-0.439683,late,small,none,drug_developer,morningstar,,,,0,0.8120191745586343972875014615,35.18,36.76582400000000000000000000,71.40354619814682375814970666,90.00,35.41695589800546068767643111,37.59237343852728468113083498,132,0.0930939801980198,0.579872,0.2016,23.66,0.423323,-0.1934,35.41695589800546068767643111,0,1.0,0,
SMMT,Summit Therapeutics Inc.,,,D,ineligible,D,ineligible,,0.400958,,0,0.680791,1,0.319209,28,1,specific_days,3,headwind,deep_drawdown|deep_drawdown_rel_xbi,XS,ineligible,smart_money_score:+39.0;clinical_score:-16.4;momentum_score:-13.0,tier=D;reason=ineligible;cat_days=28;strength=near;decay_w=1.0,v1.3.0,88d7ae9a,0,deep_drawdown,late|near_0_30|nonpos,0.09603160592255125,,0.5057,0,1,-0.6727,-0.7549,5,5,buying,0.727,elite_5,5.8125,5.8125,5.03,102,stale,0.0,0,0,0,True,False,True,near,1.0,adequate,<=1000bps,490.9,0.85,1,0,1.0,0,1.0,0,28,True,specific_days,-0.184001,price_history,,5,1.445,price_history,,-0.560763,,52.7975,-0.018317,-0.542446,late,large,none,drug_developer,morningstar,CTGOV_CALENDAR,CT_PRIMARY_COMPLETION,,0,0.8190512238203381276810497098,28.22,40.80867600000000000000000000,80.15132767703313742269677503,23.72,24.79175343606830487296959600,31.93777777777777777777777778,126,0.09603160592255125,0.599042,0.2509,19.24,0.317891,-0.4736,24.79175343606830487296959600,0,1.0,0,
IVVD,"Invivyd, Inc.",,,D,ineligible,D,ineligible,,0.378594,,0,0.963277,1,0.036723,5,1,specific_days,3,headwind,high_vol|deep_drawdown|deep_drawdown_rel_xbi,XS,ineligible,clinical_score:-26.8;financial_score:-20.0;catalyst_score:+19.4,tier=D;reason=ineligible;cat_days=5;strength=near;decay_w=1.0,v1.3.0,88d7ae9a,0,deep_drawdown,late|near_0_30|nonpos,0.09603160592255125,,0.4376,0,1,-1.5192,-1.5849,3,3,buying,-0.0392,elite_3,1.75,1.75,0.24,102,stale,0.0,0,0,0,True,False,True,near,1.0,adequate,<=2000bps,1292.82,0.7,1,0,1.0,0,1.0,0,5,True,specific_days,-0.324132,price_history,,3,1.0136,price_history,,-0.413194,,44.0778,-0.018317,-0.394877,late,small,sev1,drug_developer,morningstar,CTGOV_CALENDAR,CT_PRIMARY_COMPLETION,,0,0.8328068749274184183021716409,41.30,51.128,49.68759910039077714143532284,65.56,5,11.75147928994082840236686389,119,0.09603160592255125,0.621406,0.3092,10.36,0.049521,-1.6495,5,0,1.0,0,
UPB,"Upstream Bio, Inc.",,,D,ineligible,D,ineligible,,0.298722,,0,0.200565,1,0.799435,107,0,specific_days,3,headwind,deep_drawdown|deep_drawdown_rel_xbi,XS,ineligible,momentum_score:-46.8;smart_money_score:+31.0;clinical_score:+10.5,tier=D;reason=ineligible;cat_days=107;strength=near;decay_w=1.0,v1.3.0,88d7ae9a,0,deep_drawdown,mid|near_91_180|pos,0.1,,-0.0644,0,1,1.0249,0.9096,4,4,buying,0.3439,elite_4,7.4599,7.4599,3.05,102,stale,0.0,0,0,0,True,False,True,near,1.0,adequate,<=2000bps,1075.25,0.7,1,0,1.0,0,1.0,0,107,False,specific_days,-0.82467,price_history,,4,1.4679,price_history,,-0.757055,,17.9417,-0.018317,-0.738738,mid,small,none,drug_developer,morningstar,CTGOV_CALENDAR,CT_STUDY_COMPLETION,,0,0.8267558405196550565572852503,7.25,50.636,85,50.00,64.48275862068965517241379310,62.75000000000000000000000000,94,0.1,0.701278,0.5281,51.27,0.956869,1.7155,64.48275862068965517241379310,0,1.0,0,
TARA,"Protara Therapeutics, Inc.",,,D,ineligible,D,ineligible,,0.282748,,0,0.177966,1,0.822034,66,0,specific_days,3,headwind,deep_drawdown_rel_xbi,XS,ineligible,smart_money_score:-21.7;clinical_score:+17.7;financial_score:+11.6,tier=D;reason=ineligible;cat_days=66;strength=near;decay_w=1.0,v1.3.0,88d7ae9a,0,fundamental_red_flag,mid|near_31_90|pos,0.1,,-0.0591,0,1,1.1134,0.9964,1,1,selling,-0.8054,elite_1,0.5833,0.5833,0.02,102,stale,0.0,0,0,0,True,False,True,near,1.0,critical,<=2000bps,1178.0,0.7,1,0,1.0,0,1.0,0,66,False,specific_days,-0.332697,price_history,,1,0.8307,price_history,,-0.276455,,37.9975,-0.018317,-0.258138,mid,small,none,drug_developer,morningstar,CTGOV_CALENDAR,CT_STUDY_COMPLETION,,0,0.8249623955969897787262720431,42.49,47.68872711111111111111111111,27.17839227312621452557902670,59.43,66.55172413793103448275862069,60.50000000000000000000000000,89,0.1,0.717252,0.5747,44.08,0.851438,1.0426,66.55172413793103448275862069,0,1.0,0,
SPRY,"ARS Pharmaceuticals, Inc.",,,D,ineligible,D,ineligible,,0.269968,,0,0.30226,1,0.69774,97,0,specific_days,3,headwind,deep_drawdown|deep_drawdown_rel_xbi,XS,ineligible,clinical_score:+12.6;momentum_score:-11.6;catalyst_score:+2.1,tier=D;reason=ineligible;cat_days=97;strength=near;decay_w=1.0,v1.3.0,88d7ae9a,0,deep_drawdown,late|near_91_180|pos,0.1,,0.8105,0,1,0.6804,0.5718,6,6,selling,1.1101,elite_6,4.9751,4.9751,1.96,102,stale,0.0,0,0,0,True,False,True,near,1.0,adequate,<=1000bps,826.89,0.85,1,0,1.0,0,1.0,0,97,False,specific_days,-0.113068,price_history,,6,1.4472,price_history,,-0.501907,,40.992,-0.018317,-0.48359,late,small,none,drug_developer,morningstar,CTGOV_CALENDAR,CT_PRIMARY_COMPLETION,,0,0.9,32.21,45.92459377777777777777777778,42.900,43.11,56.42857142857142857142857143,41.78027345060312093279126246,85,0.1,0.730032,0.6129,35.11,0.669329,0.4381,56.42857142857142857142857143,0,1.0,0,
SGMT,Sagimet Biosciences Inc. - Seri,,,D,ineligible,D,ineligible,,0.263578,,0,0.5,1,0.5,66,0,specific_days,3,headwind,deep_drawdown|deep_drawdown_rel_xbi,XS,ineligible,momentum_score:-14.9;financial_score:+14.0;smart_money_score:+1.7,tier=D;reason=ineligible;cat_days=66;strength=near;decay_w=1.0,v1.3.0,88d7ae9a,0,deep_drawdown,late|near_31_90|nonpos,0.1,,0.5323,0,1,0.0486,-0.0477,1,1,neutral,-0.8054,elite_1,0.4667,0.4667,0.05,102,stale,0.0,0,0,0,True,False,True,near,1.0,adequate,<=2000bps,1722.77,0.7,1,0,1.0,0,1.0,0,66,False,specific_days,-0.243237,price_history,,1,1.3496,price_history,,-0.421875,,54.7833,-0.018317,-0.403558,late,micro,none,drug_developer,morningstar,CTGOV_CALENDAR,CT_PRIMARY_COMPLETION,,0,0.7909012508714719442257955695,27.67,42.77664711111111111111111111,44.31529792521819784412494987,90.00,41.65532879818594104308390023,56.55867346938775510204081633,83,0.1,0.736422,0.6324,27.53,0.50639,0.016,41.65532879818594104308390023,0,1.0,0,
RCKT,"Rocket Pharmaceuticals, Inc.",,,D,ineligible,D,ineligible,,0.247604,,0,0.234463,1,0.765537,70,0,specific_days,3,tailwind,deep_drawdown|deep_drawdown_rel_xbi|overbought_rsi,XS,ineligible,financial_score:-28.3;clinical_score:+18.5;momentum_score:+13.7,tier=D;reason=ineligible;cat_days=70;strength=near;decay_w=1.0,v1.3.0,88d7ae9a,0,deep_drawdown,mid|near_31_90|pos,0.1,,-0.0688,0,1,0.9364,0.8228,3,3,buying,-0.0392,elite_3,2.2274,2.2274,0.71,102,stale,0.0,0,0,0,True,False,True,near,1.0,adequate,<=2000bps,1122.09,0.7,1,0,1.0,0,1.0,0,70,False,specific_days,0.255884,price_history,,3,1.6998,price_history,,-0.577114,,74.485,-0.018317,-0.558797,mid,small,sev1,drug_developer,morningstar,CTGOV_CALENDAR,CT_PRIMARY_COMPLETION,,0,0.7982329182093571188152137327,57.62,36.65610844444444444444444444,47.36109080870107595649604536,80.19,62.41379310344827586206896552,15.69444444444444444444444444,78,0.1,0.752396,0.682,26.97,0.49361,-0.016,62.41379310344827586206896552,0,1.0,0,
OCUL,"Ocular Therapeutix, Inc.",,,D,ineligible,D,ineligible,,0.215655,,0,0.172316,1,0.827684,64,0,specific_days,3,headwind,deep_drawdown|deep_drawdown_rel_xbi,XS,ineligible,momentum_score:-34.8;smart_money_score:+21.4;clinical_score:+11.6,tier=D;reason=ineligible;cat_days=64;strength=near;decay_w=1.0,v1.3.0,88d7ae9a,0,deep_drawdown,late|near_31_90|pos,0.1,,0.855,0,1,1.1386,1.0211,5,5,buying,0.727,elite_5,8.8052,8.8052,14.08,102,stale,0.0,0,0,0,True,False,True,near,1.0,adequate,<=1000bps,468.54,0.85,1,0,1.0,0,1.0,0,64,False,specific_days,-0.302046,price_history,,5,0.5952,price_history,,-0.444134,,47.392,-0.018317,-0.425817,late,small,none,drug_developer,morningstar,CTGOV_CALENDAR,CT_PRIMARY_COMPLETION,,0,0.9,20.76,51.524,77.0,67.60,67.14285714285714285714285714,61.47252747252747252747252747,68,0.1,0.784345,0.787,48.78,0.928115,1.4619,67.14285714285714285714285714,0,1.0,0,
NTLA,"Intellia Therapeutics, Inc.",,,D,ineligible,D,ineligible,,0.20607,,0,0.850282,1,0.149718,35,1,specific_days,3,tailwind,high_vol|high_beta|deep_drawdown|deep_drawdown_rel_xbi,XS,ineligible,momentum_score:+30.8;catalyst_score:-18.9;clinical_score:-18.2,tier=D;reason=ineligible;cat_days=35;strength=near;decay_w=1.0,v1.3.0,88d7ae9a,0,deep_drawdown,late|near_31_90|nonpos,0.1,,0.4768,0,1,-1.2424,-1.3136,1,1,neutral,-0.8054,elite_1,0.683,0.683,0.34,102,stale,0.0,0,0,0,True,False,True,near,1.0,adequate,<=1000bps,411.01,0.85,1,0,1.0,0,1.0,0,35,True,specific_days,0.44454,price_history,,1,2.1234,price_history,,-0.514653,,60.0372,-0.018317,-0.496336,late,small,sev1,drug_developer,morningstar,CTGOV_CALENDAR,CT_STUDY_COMPLETION,,0,0.8120813926860614557775441056,60.51,10.75744400000000000000000000,40.95460576743852853282110277,73.07,11.47137766671294368087371003,24.83866682767781668880569980,65,0.1,0.79393,0.8201,13.90,0.142173,-1.0706,11.47137766671294368087371003,0,1.0,0,
MLTX,MoonLake Immunotherapeutics,,,D,ineligible,D,ineligible,,0.199681,,0,0.827684,1,0.172316,31,1,specific_days,3,headwind,deep_drawdown|deep_drawdown_rel_xbi,XS,ineligible,financial_score:+22.9;clinical_score:-22.0;catalyst_score:-9.4,tier=D;reason=ineligible;cat_days=31;strength=near;decay_w=1.0,v1.3.0,88d7ae9a,0,deep_drawdown,late|near_31_90|nonpos,0.1,,0.4806,0,1,-1.1463,-1.2194,4,4,selling,0.3439,elite_4,2.269,2.269,0.99,102,stale,0.0,0,0,0,True,False,True,near,1.0,adequate,<=1000bps,493.42,0.85,1,0,1.0,0,1.0,0,31,True,specific_days,0.29451,price_history,,4,0.6313,price_history,,-0.706404,,62.9617,-0.018317,-0.688087,late,small,none,drug_developer,morningstar,CTGOV_CALENDAR,CT_PRIMARY_COMPLETION,,0,0.8278859333255894993611336973,37.47,26.30490000000000000000000000,42.47278985934318297824017777,50.26,13.71696978110972280068489982,58.67032967032967032967032967,63,0.1,0.800319,0.8428,16.16,0.222045,-0.7653,13.71696978110972280068489982,0,1.0,0,
MCRB,"Seres Therapeutics, Inc.",,,D,ineligible,D,ineligible,,0.193291,,0,0.686441,1,0.313559,,0,no_upcoming,9,headwind,deep_drawdown|deep_drawdown_rel_xbi,XS,ineligible,financial_score:+23.9;momentum_score:-19.7;clinical_score:-4.9,tier=D;reason=ineligible;cat_days=NA;strength=missing;decay_w=0.0,v1.3.0,88d7ae9a,0,deep_drawdown,late|none|nonpos,0.1,,0.5049,0,1,-0.6944,-0.7762,0,0,neutral,-1.1884,,0.0,0.0,0.0,,,0.0,0,0,0,True,False,True,missing,0.0,adequate,>2000bps,2036.0,0.55,1,0,1.0,0,1.0,0,,False,no_upcoming,-0.569928,price_history,,0,1.1987,price_history,,-0.697869,,28.622,-0.018317,-0.679552,late,micro,none,drug_developer,morningstar,,,,0,0.7951882607211921283130474349,9.48,29.89201111111111111111111111,,90.00,24.28478874543014484705446805,53.06122448979591836734693878,61,0.1,0.806709,0.8658,16.94,0.250799,-0.672,24.28478874543014484705446805,0,1.0,0,
LENZ,"LENZ Therapeutics, Inc.",,,D,ineligible,D,ineligible,,0.186901,,0,0.533898,1,0.466102,,0,no_upcoming,9,headwind,deep_drawdown|deep_drawdown_rel_xbi,XS,ineligible,smart_money_score:+52.0;financial_score:-28.0;momentum_score:-25.2,tier=D;reason=ineligible;cat_days=NA;strength=missing;decay_w=0.0,v1.3.0,88d7ae9a,0,fundamental_red_flag|deep_drawdown,late|none|nonpos,0.1,,0.5503,0,1,-0.1395,-0.2321,6,6,buying,1.1101,elite_6,8.1286,8.1286,4.97,102,stale,0.0,0,0,0,True,False,True,missing,0.0,short,<=1000bps,886.09,0.85,1,0,1.0,0,1.0,0,,False,no_upcoming,-0.660253,price_history,,6,1.319,price_history,,-0.738634,,36.1161,-0.018317,-0.720317,late,small,sev2,drug_developer,morningstar,,,,0,0.8295397489539748953974895397,7.74,29.89201111111111111111111111,85,81.89,37.25907029478458049886621316,5,59,0.1,0.813099,0.8894,11.83,0.084665,-1.3744,37.25907029478458049886621316,0,1.0,0,
HUMA,"Humacyte, Inc.",,,D,ineligible,D,ineligible,,0.145367,,0,0.426554,1,0.573446,219,0,specific_days,3,headwind,deep_drawdown|deep_drawdown_rel_xbi,XS,ineligible,clinical_score:+11.7;momentum_score:-7.8;financial_score:-7.0,tier=D;reason=ineligible;cat_days=219;strength=far;decay_w=0.3,v1.3.0,88d7ae9a,0,deep_drawdown,late|near_181_270|pos,0.1,,0.543,0,1,0.3273,0.2256,0,0,neutral,-1.1884,,0.0,0.0,0.0,,,0.0,0,0,0,True,False,True,far,0.3,adequate,<=2000bps,1310.58,0.7,1,0,1.0,0,1.0,0,219,False,specific_days,-0.253519,price_history,,0,1.5066,price_history,,-0.673469,,53.1896,-0.018317,-0.655152,late,micro,sev1,drug_developer,morningstar,CTGOV_CALENDAR,CT_PRIMARY_COMPLETION,,0,0.8067062179121505989731888192,28.67,39.59360400000000000000000000,,90.00,48.17367763431903373594335693,29.48500913971030589106390856,46,0.1,0.854633,1.0565,18.64,0.289137,-0.5559,48.17367763431903373594335693,0,1.0,0,
HRTX,"Heron Therapeutics, Inc.",,,D,ineligible,D,ineligible,,0.142173,,0,0.059322,1,0.940678,,0,no_upcoming,9,headwind,deep_drawdown|deep_drawdown_rel_xbi,XS,ineligible,clinical_score:+26.4;momentum_score:-20.8;catalyst_score:-19.7,tier=D;reason=ineligible;cat_days=NA;strength=missing;decay_w=0.0,v1.3.0,88d7ae9a,0,deep_drawdown,late|none|pos,0.1,,0.8733,0,1,1.5445,1.4191,2,2,buying,-0.4223,elite_2,1.05,1.05,0.17,102,stale,0.0,0,0,0,True,False,True,missing,0.0,adequate,>2000bps,2020.0,0.55,1,0,1.0,0,1.0,0,,False,no_upcoming,-0.062823,price_history,,2,0.9279,price_history,,-0.572549,,32.2892,-0.018317,-0.554232,late,micro,none,drug_developer,morningstar,,,,0,0.8854893916305239713984292580,29.49,30.52833600000000000000000000,53.425,90.00,76.63265306122448979591836734,61.24234693877551020408163265,45,0.1,0.857827,1.0706,47.68,0.905751,1.315,76.63265306122448979591836734,0,1.0,0,
CADL,"Candel Therapeutics, Inc.",,,D,ineligible,D,ineligible,,0.071885,,0,0.443503,1,0.556497,97,0,specific_days,3,headwind,deep_drawdown|deep_drawdown_rel_xbi,XS,ineligible,momentum_score:-7.9;financial_score:+6.7;catalyst_score:+2.1,tier=D;reason=ineligible;cat_days=97;strength=near;decay_w=1.0,v1.3.0,88d7ae9a,0,deep_drawdown,late|near_91_180|pos,0.1,,0.5425,0,1,0.3015,0.2003,0,0,neutral,-1.1884,,0.0,0.0,0.0,,,0.0,0,0,0,True,False,True,near,1.0,adequate,<=2000bps,1510.66,0.7,1,0,1.0,0,1.0,0,97,False,specific_days,0.031506,price_history,,0,1.5833,price_history,,-0.535584,,39.1318,-0.018317,-0.517267,late,micro,none,drug_developer,morningstar,CTGOV_CALENDAR,CT_PRIMARY_COMPLETION,,0,0.8410944962474414373436433932,40.59,50.510,,88.52,47.56953121384608265074737378,55.12755102040816326530612245,23,0.1,0.928115,1.4619,26.44,0.471246,-0.0721,47.56953121384608265074737378,0,1.0,0,
AVXL,Anavex Life Sciences Corp.,,,D,ineligible,D,ineligible,,0.055911,,0,0.392655,1,0.607345,,0,no_upcoming,9,headwind,deep_drawdown|deep_drawdown_rel_xbi,XS,ineligible,financial_score:+12.6;catalyst_score:-11.2;momentum_score:-10.9,tier=D;reason=ineligible;cat_days=NA;strength=missing;decay_w=0.0,v1.3.0,88d7ae9a,0,deep_drawdown,late|none|pos,0.1,,0.5448,0,1,0.4316,0.3279,0,0,neutral,-1.1884,,0.0,0.0,0.0,,,0.0,0,0,0,True,False,True,missing,0.0,adequate,<=2000bps,1118.25,0.7,1,0,1.0,0,1.0,0,,False,no_upcoming,0.185742,price_history,,0,1.0985,price_history,,-0.674869,,52.4259,-0.018317,-0.656552,late,small,none,drug_developer,morningstar,,,,0,0.7895879480766940574014528998,30.13,29.89201111111111111111111111,,84.95,50.61224489795918367346938775,53.62637362637362637362637362,18,0.1,0.944089,1.5901,28.02,0.531949,0.0802,50.61224489795918367346938775,0,1.0,0,
ALT,"Altimmune, Inc.",,,D,ineligible,D,ineligible,,0.020767,,0,0.087571,1,0.912429,66,0,specific_days,3,headwind,deep_drawdown|deep_drawdown_rel_xbi,XS,ineligible,clinical_score:+20.6;momentum_score:-17.2;smart_money_score:-9.1,tier=D;reason=ineligible;cat_days=66;strength=near;decay_w=1.0,v1.3.0,88d7ae9a,0,deep_drawdown,late|near_31_90|pos,0.1,,0.8708,0,1,1.4529,1.3293,1,1,selling,-0.8054,elite_1,0.3893,0.3893,0.31,102,stale,0.0,0,0,0,True,False,True,near,1.0,adequate,<=1000bps,675.04,0.85,1,0,1.0,0,1.0,0,66,False,specific_days,-0.158586,price_history,,1,0.7044,price_history,,-0.407263,,46.602,-0.018317,-0.388946,late,small,none,drug_developer,morningstar,CTGOV_CALENDAR,CT_PRIMARY_COMPLETION,,0,0.8388515092788641175737949931,36.65,50.990,44.775,85.46,74.48979591836734693877551020,62.59340659340659340659340659,7,0.1,0.979233,2.0382,39.86,0.742812,0.652,74.48979591836734693877551020,0,1.0,0,
LEGN,Legend Biotech Corporation,,,D,ineligible,,,D,0.969649,0.025735,1,,0,,66,0,specific_days,3,headwind,deep_drawdown|deep_drawdown_rel_xbi,XS,ineligible,catalyst_score:+25.9;financial_score:-25.8;momentum_score:-10.7,tier=;reason=;cat_days=66;strength=near;decay_w=1.0,v1.3.0,88d7ae9a,0,deep_drawdown,mid|near_31_90|nonpos,-0.00679275,18.1825,-0.1017,0,1,-0.7843,-0.8121,4,4,selling,0.3439,elite_4,4.6169,4.6169,3.19,102,stale,0.0,0,0,0,True,False,True,near,1.0,adequate,<=1000bps,447.68,0.85,1,0,1.0,0,1.0,0,66,False,specific_days,-0.357893,price_history,,4,0.733,price_history,,-0.560018,,53.3958,-0.018317,-0.541701,mid,mid,none,commercial_biotech,morningstar,CTGOV_CALENDAR,CT_PRIMARY_COMPLETION,,0,0.7968827586206896551724137931,20.04,56.726,39.69325407641262185081114075,34.07,32.44946492271105826397146254,5,304,-0.00679275,0.030351,-1.8757,19.50,0.327476,-0.4469,32.44946492271105826397146254,0,1.0,0,
BMEA,"Biomea Fusion, Inc.",,,D,ineligible,,,D,0.966454,0.422794,1,,0,,66,0,specific_days,3,headwind,deep_drawdown|deep_drawdown_rel_xbi,XS,ineligible,financial_score:-32.5;smart_money_score:+24.6;catalyst_score:+11.0,tier=;reason=;cat_days=66;strength=near;decay_w=1.0,v1.3.0,88d7ae9a,0,deep_drawdown,mid|near_31_90|nonpos,-0.00679275,43.332293,-0.0985,0,1,-0.5653,-0.5474,1,1,buying,-0.8054,elite_1,0.8231,0.8231,0.5,102,stale,0.0,0,0,0,True,False,True,near,1.0,short,>2000bps,2020.0,0.55,1,0,1.0,0,1.0,0,66,False,specific_days,0.176083,price_history,,1,1.4144,price_history,,-0.607784,,52.2404,-0.018317,-0.589467,mid,micro,sev2,commercial_biotech,morningstar,CTGOV_CALENDAR,CT_PRIMARY_COMPLETION,,0,0.7519433931456013970748744816,40.94,51.590,65.15312901146808072864365932,90.00,37.10992205046901836438102788,8.098427797595455145990223278,303,-0.00679275,0.033546,-1.8311,7.93,0.023962,-1.978,37.10992205046901836438102788,0,1.0,0,
TKNO,"Alpha Teknova, Inc.",,,D,ineligible,,,D,0.784345,0.158088,1,,0,,,0,no_upcoming,9,headwind,deep_drawdown|deep_drawdown_rel_xbi,XS,ineligible,catalyst_score:+19.0;momentum_score:-14.3;clinical_score:-5.6,tier=;reason=;cat_days=NA;strength=missing;decay_w=0.0,v1.3.0,88d7ae9a,0,deep_drawdown,early|none|nonpos,0.06969944897959185,31.758766,-2.4631,,0,-1.4534,-1.4004,0,0,neutral,-1.1884,,0.0,0.0,0.0,,,0.0,0,0,0,True,False,True,missing,0.0,adequate,>2000bps,2050.0,0.55,1,0,1.0,0,1.0,0,,False,no_upcoming,-0.553491,price_history,,0,0.5836,price_history,,-0.68169,,34.8039,-0.018317,-0.663373,early,micro,sev1,commercial_pharma,morningstar,,,,0,0.6797257308129325482904658610,11.45,44.73640711111111111111111111,,50,20.19061791383219954648526076,26.59725765306122448979591837,246,0.06969944897959185,0.215655,-0.787,12.53,0.103834,-1.26,20.19061791383219954648526076,0,1.0,0,
STVN,Stevanato Group S.p.A.,,,D,ineligible,,,D,0.78115,0.084559,1,,0,,,0,no_upcoming,9,headwind,deep_drawdown|deep_drawdown_rel_xbi,XS,ineligible,catalyst_score:+21.0;financial_score:-12.5;momentum_score:-4.8,tier=;reason=;cat_days=NA;strength=missing;decay_w=0.0,v1.3.0,88d7ae9a,0,deep_drawdown,early|none|nonpos,0.06969944897959185,26.3545,-2.4631,,0,,0.0,0,0,neutral,-1.1884,,0.0,0.0,0.0,,,0.0,0,0,0,True,False,True,missing,0.0,adequate,<=2000bps,1064.96,0.7,1,0,1.0,0,1.0,0,,False,no_upcoming,-0.395391,price_history,,0,0.8113,price_history,,-0.448301,,37.0846,-0.018317,-0.429984,early,mid,sev1,platform_devices,morningstar,,,,0,0.7048840290190305961518242036,18.96,44.73640711111111111111111111,,50,20.19061791383219954648526076,11.25000000000000000000000000,245,0.06969944897959185,0.21885,-0.7761,11.37,0.078275,-1.4168,20.19061791383219954648526076,0,1.0,0,
SERA,"Sera Prognostics, Inc.",,,D,ineligible,,,D,0.777955,0.621324,1,,0,,,0,no_upcoming,9,headwind,deep_drawdown|deep_drawdown_rel_xbi,XS,ineligible,momentum_score:-20.9;smart_money_score:+14.8;clinical_score:+7.3,tier=;reason=;cat_days=NA;strength=missing;decay_w=0.0,v1.3.0,88d7ae9a,0,deep_drawdown,early|none|nonpos,0.06969944897959185,52.050717,-2.4036,,0,,0.0,1,1,buying,-0.8054,elite_1,0.5833,0.5833,0.12,102,stale,0.0,0,0,0,True,False,True,missing,0.0,adequate,>2000bps,2050.0,0.55,1,0,1.0,0,1.0,0,,False,no_upcoming,-0.416658,price_history,,1,1.1583,price_history,,-0.479167,,29.9964,-0.018317,-0.46085,early,micro,none,platform_devices,morningstar,,,,0,0.7536913534878752270056617883,17.59,37.75726400000000000000000000,53.300,90.00,45.77097505668934240362811792,37.85048185941043083900226758,244,0.06969944897959185,0.222045,-0.7653,25.71,0.458466,-0.1043,45.77097505668934240362811792,0,1.0,0,
MYGN,"Myriad Genetics, Inc.",,,D,ineligible,,,D,0.752396,0.783088,1,,0,,,0,no_upcoming,9,headwind,deep_drawdown|deep_drawdown_rel_xbi,XS,ineligible,momentum_score:-24.3;financial_score:+22.4;clinical_score:-19.3,tier=;reason=;cat_days=NA;strength=missing;decay_w=0.0,v1.3.0,88d7ae9a,0,deep_drawdown,early|none|nonpos,0.06969944897959185,62.395786,-2.4631,,0,,0.0,1,1,buying,-0.8054,elite_1,0.5833,0.5833,0.0,102,stale,0.0,0,0,0,True,False,True,missing,0.0,adequate,<=2000bps,1555.13,0.7,1,0,1.0,0,1.0,0,,False,no_upcoming,-0.485569,price_history,,1,0.6738,price_history,,-0.67852,,25.0198,-0.018317,-0.660203,early,small,sev1,platform_diagnostics,morningstar,,,,0,0.6198881771120167419319308294,15.22,44.73640711111111111111111111,55.5,90.00,20.19061791383219954648526076,61.89285714285714285714285714,236,0.06969944897959185,0.247604,-0.682,15.90,0.202875,-0.8314,20.19061791383219954648526076,0,1.0,0,
FTRE,Fortrea Holdings Inc.,,,D,ineligible,,,D,0.733227,0.275735,1,,0,,,0,no_upcoming,9,headwind,deep_drawdown|deep_drawdown_rel_xbi,XS,ineligible,smart_money_score:+19.3;clinical_score:-13.5;catalyst_score:+11.0,tier=;reason=;cat_days=NA;strength=missing;decay_w=0.0,v1.3.0,88d7ae9a,0,deep_drawdown,early|none|nonpos,0.06969944897959185,37.312707,-2.4631,,0,-1.3604,-1.5085,1,1,buying,-0.8054,elite_1,0.5833,0.5833,0.03,102,stale,0.0,0,0,0,True,False,True,missing,0.0,adequate,<=1000bps,774.88,0.85,1,0,1.0,0,1.0,0,,False,no_upcoming,-0.288663,price_history,,1,1.4205,price_history,,-0.43913,,32.0331,-0.018317,-0.420813,early,small,sev1,commercial_biotech,morningstar,,,,0,0.6194200965547509326311169629,25.59,44.73640711111111111111111111,53.075,59.75,20.19061791383219954648526076,25.07157029478458049886621315,230,0.06969944897959185,0.266773,-0.6226,12.90,0.116613,-1.1921,20.19061791383219954648526076,0,1.0,0,
AVTR,"Avantor, Inc.",,,D,ineligible,,,D,0.717252,0.400735,1,,0,,,0,no_upcoming,9,headwind,deep_drawdown|deep_drawdown_rel_xbi,XS,ineligible,smart_money_score:+15.7;clinical_score:-14.2;momentum_score:-13.2,tier=;reason=;cat_days=NA;strength=missing;decay_w=0.0,v1.3.0,88d7ae9a,0,deep_drawdown,early|none|nonpos,0.06969944897959185,41.7055,-2.4631,,0,,0.0,1,1,neutral,-0.8054,elite_1,0.4667,0.4667,0.02,102,stale,0.0,0,0,0,True,False,True,missing,0.0,adequate,<=400bps,314.11,1.0,0,0,1.0,0,1.0,0,,False,no_upcoming,-0.260303,price_history,,1,0.4295,price_history,,-0.481207,,31.9319,-0.018317,-0.46289,early,mid,sev1,platform_devices,morningstar,,,,0,0.6856282110407641897145395979,21.15,44.73640711111111111111111111,50.050,61.18,20.19061791383219954648526076,35.69444444444444444444444444,225,0.06969944897959185,0.282748,-0.5747,17.04,0.253994,-0.662,20.19061791383219954648526076,0,1.0,0,
RGNX,REGENXBIO Inc.,,,D,ineligible,,,D,0.707668,0.841912,1,,0,,97,0,specific_days,3,headwind,high_beta|deep_drawdown|deep_drawdown_rel_xbi,XS,ineligible,momentum_score:-27.3;clinical_score:-23.8;financial_score:+21.4,tier=;reason=;cat_days=97;strength=near;decay_w=1.0,v1.3.0,88d7ae9a,0,deep_drawdown,late|near_91_180|nonpos,0.0743638577586207,64.63622,0.4975,0,1,-1.3317,-1.4738,1,1,buying,-0.8054,elite_1,2.3333,2.3333,4.41,102,stale,0.0,0,0,0,True,False,True,near,1.0,adequate,<=2000bps,1192.65,0.7,1,0,1.0,0,1.0,0,97,False,specific_days,-0.524645,price_history,,1,1.852,price_history,,-0.494368,,28.8028,-0.018317,-0.476051,late,small,none,commercial_biotech,morningstar,CTGOV_CALENDAR,CT_PRIMARY_COMPLETION,,0,0.8206376116459262737731861939,17.28,53.816,65.14583950443112073412948832,90.00,20.80082373085288537183580915,65.95604395604395604395604395,222,0.0743638577586207,0.292332,-0.5466,23.60,0.420128,-0.2016,20.80082373085288537183580915,0,1.0,0,
DNA,"Ginkgo Bioworks Holdings, Inc.",,,D,ineligible,,,D,0.535144,0.922794,1,,0,,5,1,specific_days,2,headwind,deep_drawdown|deep_drawdown_rel_xbi,XS,ineligible,momentum_score:-23.3;financial_score:+14.6;clinical_score:+12.1,tier=;reason=;cat_days=5;strength=near;decay_w=1.0,v1.3.0,88d7ae9a,0,deep_drawdown,late|near_0_30|pos,0.09254273684210526,68.4165,0.85,0,1,0.7884,1.0891,1,1,neutral,-0.8054,elite_1,0.5833,0.5833,0.04,102,stale,0.0,0,0,0,True,False,True,near,1.0,adequate,<=2000bps,1066.87,0.7,1,0,1.0,0,1.0,0,5,True,specific_days,-0.102203,price_history,,1,1.7639,price_history,,-0.451053,,46.2204,-0.018317,-0.432736,late,small,none,commercial_biotech,morningstar,CTGOV_CALENDAR,DATA_READOUT,,0,0.8371969729729729729729729730,30.57,54.284,50.100,90.00,65.91836734693877551020408163,68.450,168,0.09254273684210526,0.464856,-0.0882,40.15,0.752396,0.682,65.91836734693877551020408163,0,1.0,0,
CAI,"Caris Life Sciences, Inc.",,,D,ineligible,,,D,0.528754,0.238971,1,,0,,5,1,specific_days,3,headwind,deep_drawdown|deep_drawdown_rel_xbi,XS,ineligible,momentum_score:-36.5;clinical_score:+16.2;smart_money_score:+9.2,tier=;reason=;cat_days=5;strength=near;decay_w=1.0,v1.3.0,88d7ae9a,0,deep_drawdown,late|near_0_30|pos,0.09254273684210526,35.742585,0.8584,0,1,0.9035,1.2282,3,3,buying,-0.0392,elite_3,4.238,4.238,2.16,102,stale,0.0,0,0,0,True,False,True,near,1.0,adequate,<=1000bps,488.24,0.85,1,0,1.0,0,1.0,0,5,True,specific_days,-0.328506,price_history,,3,0.5908,price_history,,-0.536896,,26.1981,-0.018317,-0.518579,late,mid,none,commercial_biotech,morningstar,CTGOV_CALENDAR,CT_PRIMARY_COMPLETION,,0,0.9,15.71,54.896,61.400,15.13,68.36734693877551020408163266,60.67796610169491525423728814,166,0.09254273684210526,0.471246,-0.0721,49.93,0.9377,1.5357,68.36734693877551020408163266,0,1.0,0,
CRMD,CorMedix Inc.,,,D,ineligible,,,D,0.436102,0.577206,1,,0,,311,0,specific_days,9,headwind,deep_drawdown|deep_drawdown_rel_xbi,XS,ineligible,momentum_score:-21.8;smart_money_score:+16.9;financial_score:-8.6,tier=;reason=;cat_days=311;strength=far;decay_w=0.3,v1.3.0,88d7ae9a,0,deep_drawdown,late|far_271_540|nonpos,0.0930939801980198,49.653393,0.7874,0,1,-0.1583,-0.0554,2,2,buying,-0.4223,elite_2,1.4795,1.4795,0.59,102,stale,0.0,0,0,0,True,False,True,far,0.3,adequate,<=1000bps,699.15,0.85,1,0,1.0,0,1.0,0,311,False,specific_days,-0.327777,price_history,,2,1.1802,price_history,,-0.573068,,35.5577,-0.018317,-0.554751,late,small,none,commercial_biotech,morningstar,,,,0,0.8461511919292564453854776435,18.75,48.82826844444444444444444444,57.475,90.00,45.77097505668934240362811792,32.00754068885937017805149673,137,0.0930939801980198,0.563898,0.1609,28.46,0.541534,0.1043,45.77097505668934240362811792,0,1.0,0,
ZLAB,Zai Lab Limited,,,D,ineligible,,,D,0.413738,0.356618,1,,0,,4,1,specific_days,3,headwind,deep_drawdown|deep_drawdown_rel_xbi,XS,ineligible,financial_score:+25.4;smart_money_score:-12.3;momentum_score:-11.8,tier=;reason=;cat_days=4;strength=near;decay_w=1.0,v1.3.0,88d7ae9a,0,deep_drawdown,late|near_0_30|nonpos,0.09603160592255125,40.5385,0.5247,0,1,-0.6188,-0.612,3,3,selling,-0.0392,elite_3,1.9201,1.9201,1.57,102,stale,0.0,0,0,0,True,False,True,near,1.0,adequate,<=1000bps,791.21,0.85,1,0,1.0,0,1.0,0,4,True,specific_days,-0.062828,price_history,,3,0.5346,price_history,,-0.549849,,55.146,-0.018317,-0.531532,late,mid,none,commercial_biotech,morningstar,CTGOV_CALENDAR,CT_PRIMARY_COMPLETION,,0,0.8784734606205250596658711217,31.18,48.79253377777777777777777778,30.67784368007767302427446618,10.00,35.97251145356101624323198667,68.450,130,0.09603160592255125,0.586262,0.2179,24.71,0.429712,-0.1771,35.97251145356101624323198667,0,1.0,0,
TEM,"Tempus AI, Inc.",,,D,ineligible,,,D,0.407348,0.216912,1,,0,,5,1,specific_days,9,headwind,deep_drawdown|deep_drawdown_rel_xbi,XS,ineligible,momentum_score:-28.4;clinical_score:+16.4;smart_money_score:+10.5,tier=;reason=;cat_days=5;strength=near;decay_w=1.0,v1.3.0,88d7ae9a,0,deep_drawdown,late|near_0_30|nonpos,0.09603160592255125,34.776,0.8547,0,1,,0.0,4,4,buying,0.3439,elite_4,3.158,3.158,1.98,102,stale,0.0,0,0,0,True,False,True,near,1.0,adequate,<=400bps,196.01,1.0,0,0,1.0,0,1.0,0,5,True,specific_days,-0.309092,price_history,,4,0.9343,price_history,,-0.438741,,47.7352,-0.018317,-0.420424,late,large,none,platform_services,morningstar,,,,0,0.8460376054196045900732752661,22.09,51.902,60.950,21.68,66.83673469387755102040816327,50.60000000000000000000000000,128,0.09603160592255125,0.592652,0.2344,34.86,0.659744,0.4118,66.83673469387755102040816327,0,1.0,0,
SNDX,"Syndax Pharmaceuticals, Inc.",,,D,ineligible,,,D,0.404153,0.444853,1,,0,,6,1,specific_days,3,headwind,,XS,ineligible,financial_score:-20.4;smart_money_score:+14.5;catalyst_score:+9.1,tier=;reason=;cat_days=6;strength=near;decay_w=1.0,v1.3.0,88d7ae9a,0,fundamental_red_flag,late|near_0_30|nonpos,0.09603160592255125,44.205855,0.5287,0,1,-0.4732,-0.4361,3,3,neutral,-0.0392,elite_3,3.1897,3.1897,1.86,102,stale,0.0,0,0,0,True,False,True,near,1.0,critical,<=1000bps,592.68,0.85,1,0,1.0,0,1.0,0,6,True,specific_days,-0.025353,price_history,,3,1.1946,price_history,,-0.071461,,49.4319,-0.018317,-0.053144,late,small,sev1,commercial_biotech,morningstar,CTGOV_CALENDAR,CT_PRIMARY_COMPLETION,,0,0.8752841277186487737158722814,46.25,53.366,58.81043462190094801474543777,69.13,39.06942709056411680318385859,23.91190006574621959237343852,127,0.09603160592255125,0.595847,0.2426,20.82,0.365815,-0.343,39.06942709056411680318385859,0,1.0,0,
NVCR,NovoCure Limited,,,D,ineligible,,,D,0.391374,0.878676,1,,0,,5,1,specific_days,3,headwind,deep_drawdown|deep_drawdown_rel_xbi,XS,ineligible,momentum_score:-19.5;financial_score:+15.0;clinical_score:+5.1,tier=;reason=;cat_days=5;strength=near;decay_w=1.0,v1.3.0,88d7ae9a,0,deep_drawdown,late|near_0_30|nonpos,0.09603160592255125,66.5555,0.8181,0,1,,0.0,1,1,selling,-0.8054,elite_1,1.6175,1.6175,3.0,102,stale,0.0,0,0,0,True,False,True,near,1.0,adequate,<=1000bps,710.55,0.85,1,0,1.0,0,1.0,0,5,True,specific_days,-0.13559,price_history,,1,0.951,price_history,,-0.465392,,49.5669,-0.018317,-0.447075,late,small,none,platform_devices,morningstar,CTGOV_CALENDAR,CT_STUDY_COMPLETION,,0,0.9,33.97,51.800,54.50,82.74,58.57142857142857142857142857,68.450,123,0.09603160592255125,0.608626,0.2757,43.99,0.848243,1.0289,58.57142857142857142857142857,0,1.0,0,
PHAT,"Phathom Pharmaceuticals, Inc.",,,D,ineligible,,,D,0.337061,0.194853,1,,0,,280,0,specific_days,9,headwind,deep_drawdown|deep_drawdown_rel_xbi,XS,ineligible,financial_score:-32.8;clinical_score:+30.9;momentum_score:-11.9,tier=;reason=;cat_days=280;strength=far;decay_w=0.3,v1.3.0,88d7ae9a,0,fundamental_red_flag,late|far_271_540|pos,0.0961064745762712,32.6905,0.859,0,1,0.9179,1.2456,1,1,selling,-0.8054,elite_1,0.6338,0.6338,0.82,102,stale,0.0,0,0,0,True,False,True,far,0.3,short,<=1000bps,920.03,0.85,1,0,1.0,0,1.0,0,280,False,specific_days,-0.307151,price_history,,1,1.2522,price_history,,-0.357854,,36.2297,-0.018317,-0.339537,late,small,sev2,commercial_biotech,morningstar,,,,0,0.8368283153692614770459081836,25.87,40.43630400000000000000000000,49.050,72.19,68.67346938775510204081632653,5,106,0.0961064745762712,0.662939,0.4205,9.89,0.046326,-1.6816,68.67346938775510204081632653,0,1.0,0,
SRPT,"Sarepta Therapeutics, Inc.",,,D,ineligible,,,D,0.273163,0.908088,1,,0,,249,0,specific_days,3,headwind,deep_drawdown|deep_drawdown_rel_xbi,XS,ineligible,momentum_score:-19.5;financial_score:+15.8;clinical_score:+9.9,tier=;reason=;cat_days=249;strength=far;decay_w=0.3,v1.3.0,88d7ae9a,0,deep_drawdown,late|near_181_270|pos,0.1,67.770511,0.8307,0,1,0.6158,0.8804,3,3,neutral,-0.0392,elite_3,2.8345,2.8345,1.59,102,stale,0.0,0,0,0,True,False,True,far,0.3,adequate,<=1000bps,445.96,0.85,1,0,1.0,0,1.0,0,249,False,specific_days,-0.14033,price_history,,3,1.6834,price_history,,-0.825021,,46.6187,-0.018317,-0.806704,late,small,none,commercial_biotech,morningstar,CTGOV_CALENDAR,CT_PRIMARY_COMPLETION,,0,0.8668635007458975634012928891,32.86,44.57404444444444444444444444,53.9750,87.17,62.24489795918367346938775510,68.19780219780219780219780220,86,0.1,0.726837,0.6033,36.30,0.688498,0.4916,62.24489795918367346938775510,0,1.0,0,
RARE,Ultragenyx Pharmaceutical Inc.,,,D,ineligible,,,D,0.244409,0.6875,1,,0,,127,0,specific_days,2,headwind,high_vol|deep_drawdown|deep_drawdown_rel_xbi,XS,ineligible,momentum_score:-28.7;financial_score:+19.8;clinical_score:+15.8,tier=;reason=;cat_days=127;strength=mid;decay_w=0.7,v1.3.0,88d7ae9a,0,deep_drawdown,late|near_91_180|pos,0.1,56.0035,0.8426,0,1,0.7165,1.0021,5,5,selling,0.727,elite_5,5.4075,5.4075,2.19,102,stale,0.0,0,0,0,True,False,True,mid,0.7,adequate,<=1000bps,409.76,0.85,1,0,1.0,0,1.0,0,127,False,specific_days,-0.395816,price_history,,5,1.0991,price_history,,-0.469944,,45.5155,-0.018317,-0.451627,late,mid,none,commercial_biotech,morningstar,SEC_8K_FILING,DATA_READOUT,,0,0.9,19.92,49.78414400000000000000000000,40.4750,60.62,64.38775510204081632653061225,68.450,77,0.1,0.755591,0.6922,43.32,0.822684,0.9256,64.38775510204081632653061225,0,1.0,0,
QSI,Quantum-Si Incorporated,,,D,ineligible,,,D,0.238019,0.790441,1,,0,,35,1,specific_days,3,headwind,deep_drawdown|deep_drawdown_rel_xbi,XS,ineligible,momentum_score:-31.5;clinical_score:+24.9;financial_score:+7.5,tier=;reason=;cat_days=35;strength=near;decay_w=1.0,v1.3.0,88d7ae9a,0,deep_drawdown,late|near_31_90|nonpos,0.1,62.411959,0.8733,0,1,,0.0,0,0,neutral,-1.1884,,0.0,0.0,0.0,,,0.0,0,0,0,True,False,True,near,1.0,adequate,<=2000bps,1538.52,0.7,1,0,1.0,0,1.0,0,35,True,specific_days,-0.412581,price_history,,0,1.5009,price_history,,-0.646312,,37.4378,-0.018317,-0.627995,late,micro,none,platform_devices,morningstar,CTGOV_CALENDAR,CT_PRIMARY_COMPLETION,,0,0.8498331545703730187105231796,20.57,51.230,,90.00,77.000,59.55102040816326530612244898,75,0.1,0.761981,0.7127,41.88,0.78754,0.7979,77.000,0,1.0,0,
OPK,"Opko Health, Inc.",,,D,ineligible,,,D,0.222045,0.827206,1,,0,,,0,no_upcoming,9,headwind,deep_drawdown|deep_drawdown_rel_xbi,XS,ineligible,clinical_score:+21.2;momentum_score:-20.4;catalyst_score:-16.8,tier=;reason=;cat_days=NA;strength=missing;decay_w=0.0,v1.3.0,88d7ae9a,0,deep_drawdown,late|none|nonpos,0.1,64.375626,0.8608,0,1,,0.0,0,0,neutral,-1.1884,,0.0,0.0,0.0,,,0.0,0,0,0,True,False,True,missing,0.0,adequate,<=2000bps,1661.65,0.7,1,0,1.0,0,1.0,0,,False,no_upcoming,-0.171703,price_history,,0,0.3479,price_history,,-0.407217,,30.3377,-0.018317,-0.3889,late,small,none,platform_diagnostics,morningstar,,,,0,0.9,27.81,31.48375511111111111111111111,,85.40,69.43877551020408163265306122,64.27472527472527472527472527,70,0.1,0.777955,0.7653,50.89,0.947284,1.6191,69.43877551020408163265306122,0,1.0,0,
EOLS,"Evolus, Inc. Common Stock",,,D,ineligible,,,D,0.110224,0.231618,1,,0,,,0,no_upcoming,9,headwind,deep_drawdown|deep_drawdown_rel_xbi,XS,ineligible,clinical_score:+30.7;financial_score:-29.9;momentum_score:-19.2,tier=;reason=;cat_days=NA;strength=missing;decay_w=0.0,v1.3.0,88d7ae9a,0,fundamental_red_flag|deep_drawdown,late|none|pos,0.1,34.9645,0.8499,0,1,0.4917,1.0626,1,1,selling,-0.8054,elite_1,0.7972,0.7972,1.3,102,stale,0.0,0,0,0,True,False,True,missing,0.0,short,<=2000bps,1480.5,0.7,1,0,1.0,0,1.0,0,,False,no_upcoming,-0.401639,price_history,,1,0.2612,price_history,,-0.705278,,34.9873,-0.018317,-0.686961,late,micro,sev2,commercial_pharma,morningstar,,,,0,0.9,15.68,43.90325511111111111111111111,44.250,84.51,65.61224489795918367346938775,5,35,0.1,0.889776,1.2253,11.10,0.065495,-1.5102,65.61224489795918367346938775,0,1.0,0,
AQST,"Aquestive Therapeutics, Inc.",,,D,ineligible,,,D,0.039936,0.672794,1,,0,,,0,no_upcoming,9,headwind,deep_drawdown|deep_drawdown_rel_xbi,XS,ineligible,smart_money_score:+27.7;momentum_score:-24.1;clinical_score:-11.7,tier=;reason=;cat_days=NA;strength=missing;decay_w=0.0,v1.3.0,88d7ae9a,0,deep_drawdown,late|none|nonpos,0.1,55.269473,0.5255,0,1,-0.7297,-0.484,4,4,buying,0.3439,elite_4,4.2293,4.2293,1.82,102,stale,0.0,0,0,0,True,False,True,missing,0.0,adequate,<=1000bps,723.29,0.85,1,0,1.0,0,1.0,0,,False,no_upcoming,-0.421359,price_history,,4,1.3729,price_history,,-0.453939,,51.9492,-0.018317,-0.435622,late,small,none,commercial_pharma,morningstar,,,,0,0.8083866448750875554517861312,24.72,53.324,76.53978782615320448476918958,76.28,37.09056411680318385857744459,52.50549450549450549450549451,13,0.1,0.960064,1.7514,25.47,0.452077,-0.1204,37.09056411680318385857744459,0,1.0,0,
ALVO,Alvotech,,,D,ineligible,,,D,0.023962,0.003676,1,,0,,,0,no_upcoming,9,headwind,deep_drawdown|deep_drawdown_rel_xbi,XS,ineligible,financial_score:-27.8;clinical_score:+26.2;catalyst_score:+17.6,tier=;reason=;cat_days=NA;strength=missing;decay_w=0.0,v1.3.0,88d7ae9a,0,deep_drawdown,late|none|pos,0.1,14.291728,0.5788,0,1,0.3016,0.8219,0,0,neutral,-1.1884,,0.0,0.0,0.0,,,0.0,0,0,0,True,False,True,missing,0.0,adequate,>2000bps,2020.0,0.55,1,0,1.0,0,1.0,0,,False,no_upcoming,-0.278021,price_history,,0,0.7043,price_history,,-0.653749,,27.8378,-0.018317,-0.635432,late,small,none,commercial_pharma,morningstar,,,,0,0.7747946804712602641913602285,18.89,52.604,,20.80,61.17346938775510204081632653,7.186061801446416831032215646,8,0.1,0.976038,1.978,26.18,0.461661,-0.0962,61.17346938775510204081632653,0,1.0,0,
