ticker,company_name,actionable_rank,target_weight_pct,tier_any,tier_any_reason,tier_dev,tier_reason,tier_commercial,alpha_cohort_pct,commercial_quality_pct,has_commercial_quality,clinical_optionality_pct_dev,has_clinical_optionality_dev,clinical_rank_pct_dev,catalyst_days,catalyst_in_window,catalyst_mode,cat_priority,mom_state,risk_flags,size_band,size_reasons,top_3_drivers,catalyst_reason_detail,decision_engine_version,decision_engine_ruleset_id,eligible,ineligible_reasons,fundamental_red_flag,fundamental_red_flag_reasons,fundamental_red_flag_inputs,alpha_cohort_key,alpha_cohort_raw,commercial_quality,clinical_alpha_z,clinical_readout_days,clinical_coverage_flag,clinical_score_z,clinical_score_z_tier,sponsor_tier1_count,sponsor_overlap_count,sponsor_net_buying,coinvest_score_z,coinvest_tag,coinvest_conviction,coinvest_tier1_conviction,coinvest_max_position_pct,coinvest_filing_age_days,coinvest_recency_state,inst_delta_z,inst_delta_net,inst_delta_new,inst_delta_exit,has_coinvest_signal,has_inst_delta,has_catalyst_signal,catalyst_strength,catalyst_decay_w,runway_bucket,cost_bucket,est_cost_bps,cost_mult,cost_haircut_applied,dd_rel_margin_rescued,catalyst_tilt_mult,catalyst_tilt_applied,mom_state_tilt_mult,mom_state_tilt_applied,de_catalyst_days,de_catalyst_in_window,de_catalyst_mode,de_alpha_60d,de_alpha_60d_source,de_alpha_60d_missing_reason,de_tier1_count,de_beta_xbi_60d,de_beta_xbi_60d_source,de_beta_xbi_60d_missing_reason,de_drawdown,de_drawdown_missing_reason,de_rsi_14d,de_vol_60d,de_drawdown_xbi,de_drawdown_rel_xbi,stage_bucket,market_cap_bucket,severity,archetype,returns_source,catalyst_source,catalyst_event_type,missing_components,missingness_penalty,confidence_overall,momentum_score,catalyst_score,smart_money_score,valuation_score,clinical_score,financial_score,clinical_score_v2,clinical_score_v2_z,lead_program_phase,lead_program_readout_days,program_count,program_diversification,readout_curve_score,readout_density_90,late_stage_readouts_180,execution_momentum,design_quality_score,endpoint_strength_score,therapeutic_area,competitive_intensity_z,crowding_level,sizing_multiplier_clinical,composite_rank,composite_score,score_rank_pct,score_z,composite_score_attn,score_rank_pct_attn,score_z_attn,de_sort_total_adj,de_sort_contrib_clinical,de_sort_contrib_coinvest,de_sort_contrib_institutional,de_sort_contrib_calendar_alpha,de_sort_contrib_alpha_modifier,de_sort_contrib_catalyst_bonus
CELC,Celcuity Inc.,1,1.1,A,high_opt+catalyst_near,A,high_opt+catalyst_near,,0.973684,,0,0.932258,1,0.067742,24,1,specific_days,9,tailwind,deep_drawdown,L,tier_a_dev|sponsor_confirmed|momentum_tailwind,clinical_score:-41.5;smart_money_score:+36.0;catalyst_score:-9.1,tier=A;reason=high_opt+catalyst_near;cat_days=24;strength=near;decay_w=1.0,v1.3.0,31f399e0,1,,0,,"{""burn_ttm"": 116881000.0, ""cash_total"": 454978000.0, ""dilution_risk"": null, ""has_revenue"": null, ""lead_phase"": null, ""runway_months"": 46.71192067145216, ""stage_bucket"": ""late"", ""surv_score"": ""4.0"", ""tier1_count"": 6}",late|near_0_30|nonpos,-0.008674363636363636,,0.6913,0,1,-1.6331,0.0,6,6,buying,1.1662,elite_6,0.0,0.0,0.0,,,0.0,0,0,0,True,False,True,near,1.0,adequate,<=400bps,347.34,1.0,0,0,1.0,0,1.0,0,24,True,specific_days,0.001378,price_history,,6,0.4952,price_history,,-0.359743,,38.0128,,-0.214608,-0.145135,late,mid,none,drug_developer,morningstar,,,,0,0.8124562462281231140615570308,53.89,37.92320400000000000000000000,83.0,15.03,5.501736111111111111111111110,54.66666666666666666666666667,6.2496,-1.5825,3.0,998,7,1.0,0.9866,1,1,0.0,0.3,0.95,oncology,-0.4844,uncrowded,1.0,278,-0.008674363636363636,0.026316,-1.9379,14.91,0.191228,-0.8734,-0.000434,0.0,0.0,0.0,0.0,-0.000434,0.0
VTYX,"Ventyx Biosciences, Inc.",2,0.56,B,high_opt+no_catalyst_data,B,high_opt+no_catalyst_data,,0.735088,,0,0.996774,1,0.003226,,0,no_upcoming,9,neutral,high_vol|deep_drawdown,M,sponsor_confirmed|high_risk,clinical_score:-41.4;smart_money_score:+25.6;financial_score:+15.7,tier=B;reason=high_opt+no_catalyst_data;cat_days=NA;strength=missing;decay_w=0.0,v1.3.0,31f399e0,1,,0,,"{""burn_ttm"": 64503000.0, ""cash_total"": 192638000.0, ""dilution_risk"": null, ""has_revenue"": null, ""lead_phase"": null, ""runway_months"": 35.8379610250686, ""stage_bucket"": ""mid"", ""surv_score"": ""5.0"", ""tier1_count"": 4}",mid|none|nonpos,0.004395499999999999,,0.1072,0,1,-1.6545,-1.0324,4,4,buying,0.3887,elite_4,0.0,0.0,0.0,,,0.0,0,0,0,True,False,True,missing,0.0,adequate,<=1000bps,449.97,0.85,1,0,1.0,0,1.0,0,,False,no_upcoming,0.046136,price_history,,4,1.3011,price_history,,-0.351125,,39.4832,1.2298,-0.214608,-0.136517,mid,small,none,drug_developer,morningstar,,,,0,0.7407673183410554864956492259,51.69,41.25000000000000000000000000,72.0,28.38,5,62.12765957446808510638297872,5.2849,-1.6232,2.0,75,3,0.6667,1.1255,2,2,0.0,0.4,0.6,autoimmune,0.6955,highly_crowded,1.0,210,0.004395499999999999,0.264912,-0.6283,15.32,0.219298,-0.7746,0.00022,0.0,0.0,0.0,0.0,0.00022,0.0
VERA,"Vera Therapeutics, Inc.",3,0.94,B,high_opt+no_catalyst_data,B,high_opt+no_catalyst_data,,0.194737,,0,0.983871,1,0.016129,,0,no_upcoming,9,tailwind,deep_drawdown,L,sponsor_confirmed|momentum_tailwind,clinical_score:-45.9;smart_money_score:+20.6;financial_score:+19.7,tier=B;reason=high_opt+no_catalyst_data;cat_days=NA;strength=missing;decay_w=0.0,v1.3.0,31f399e0,1,,0,,"{""burn_ttm"": 171110000.0, ""cash_total"": 497389000.0, ""dilution_risk"": null, ""has_revenue"": null, ""lead_phase"": null, ""runway_months"": 34.88205248086027, ""stage_bucket"": ""late"", ""surv_score"": ""4.0"", ""tier1_count"": 5}",late|none|nonpos,0.06036250933786078,,-0.567,587,1,-1.6545,-1.0324,5,5,buying,0.7775,elite_5,0.0,0.0,0.0,,,0.0,0,0,0,True,False,True,missing,0.0,adequate,<=1000bps,439.3,0.85,1,0,1.0,0,1.0,0,,False,no_upcoming,-0.084091,price_history,,5,1.2205,price_history,,-0.396392,,30.5016,0.7858,-0.214608,-0.181784,late,mid,none,drug_developer,morningstar,,,,0,0.7847545752030056962792388801,66.33,41.25000000000000000000000000,71.5,10.00,5,70.66666666666666666666666666,3.5349,-1.6971,3.0,587,3,0.6667,0.0122,0,0,0.0,0.4,0.55,infectious_disease,0.6955,highly_crowded,1.0,56,0.06036250933786078,0.805263,0.8606,17.72,0.32807,-0.4452,0.003018,0.0,0.0,0.0,0.0,0.003018,0.0
TSHA,"Taysha Gene Therapies, Inc.",4,0.94,B,high_opt+catalyst_far,B,high_opt+catalyst_far,,0.019298,,0,0.977419,1,0.022581,1253,0,specific_days,9,tailwind,high_beta,L,catalyst_far_lift|sponsor_confirmed|momentum_tailwind|high_risk,clinical_score:-53.8;momentum_score:+37.8;smart_money_score:+26.2,tier=B;reason=high_opt+catalyst_far;cat_days=1253;strength=far;decay_w=0.3,v1.3.0,31f399e0,1,,0,,"{""burn_ttm"": 66368000.0, ""cash_total"": 297344000.0, ""dilution_risk"": null, ""has_revenue"": null, ""lead_phase"": null, ""runway_months"": 53.76277724204436, ""stage_bucket"": ""late"", ""surv_score"": ""5.0"", ""tier1_count"": 9}",late|far_271_540|nonpos,0.06727435433070866,,-0.6039,1253,1,-1.6545,-1.0324,9,9,buying,2.3324,elite_9,0.0,0.0,0.0,,,0.0,0,0,0,True,False,True,far,0.3,adequate,<=1000bps,881.38,0.85,1,0,1.0,0,1.0,0,1253,False,specific_days,3.259097,price_history,,9,2.8311,price_history,,-0.265027,,47.4452,0.7836,-0.214608,-0.050419,late,small,none,drug_developer,morningstar,,,,0,0.7976474022183304144775248103,96.55,45.56250000000000000000000000,85,23.43,5,61.73913043478260869565217391,3.5297,-1.6973,3.0,2795,3,0.6667,0.0,0,0,0.0,0.3,0.5,other,-1.1923,uncrowded,1.0,6,0.06727435433070866,0.980702,2.0685,19.32,0.384211,-0.2944,0.003364,0.0,0.0,0.0,0.0,0.003364,0.0
TRDA,"Entrada Therapeutics, Inc.",5,0.18,B,high_opt+no_catalyst_data,B,high_opt+no_catalyst_data,,0.896491,,0,0.970968,1,0.029032,,0,no_upcoming,9,tailwind,,S,momentum_tailwind|runway_short|cost_haircut_>2000bps,clinical_score:-25.9;financial_score:-25.9;momentum_score:+22.8,tier=B;reason=high_opt+no_catalyst_data;cat_days=NA;strength=missing;decay_w=0.0,v1.3.0,31f399e0,1,,0,,"{""burn_ttm"": 128512000.0, ""cash_total"": 90394000.0, ""dilution_risk"": null, ""has_revenue"": null, ""lead_phase"": null, ""runway_months"": 8.440674800796813, ""stage_bucket"": ""early"", ""surv_score"": ""-2.0"", ""tier1_count"": 1}",early|none|nonpos,0.003309939393939394,,-1.777,,0,-1.6545,-1.0324,1,1,selling,-0.7775,elite_1,0.0,0.0,0.0,,,0.0,0,0,0,True,False,True,missing,0.0,short,>2000bps,2020.0,0.55,1,0,1.0,0,1.0,0,,False,no_upcoming,0.068959,price_history,,1,1.0204,price_history,,-0.348398,,48.3476,0.5606,-0.214608,-0.13379,early,small,sev2,drug_developer,morningstar,,,,0,0.7763785017638514214567337622,53.63,41.25000000000000000000000000,49.5,50,5,5,3.5297,-1.6973,0.0,484,1,0.0,0.0,0,0,0.0,0.0,0.5,other,-0.4844,uncrowded,1.0,256,0.003309939393939394,0.103509,-1.2618,4.79,0.012281,-2.2482,0.000165,0.0,0.0,0.0,0.0,0.000165,0.0
CNTA,Centessa Pharmaceuticals plc,6,0.94,B,high_opt+no_catalyst_data,B,high_opt+no_catalyst_data,,0.089474,,0,0.951613,1,0.048387,,0,no_upcoming,9,tailwind,high_beta,L,sponsor_confirmed|momentum_tailwind|high_risk,smart_money_score:+39.7;clinical_score:-32.3;financial_score:-32.3,tier=B;reason=high_opt+no_catalyst_data;cat_days=NA;strength=missing;decay_w=0.0,v1.3.0,31f399e0,1,,0,,"{""burn_ttm"": 138010000.0, ""cash_total"": 246214000.0, ""dilution_risk"": null, ""has_revenue"": null, ""lead_phase"": null, ""runway_months"": 21.408361712919355, ""stage_bucket"": ""late"", ""surv_score"": ""0.0"", ""tier1_count"": 7}",late|none|nonpos,0.06036250933786078,,0.6495,0,1,-1.6545,-1.0324,7,7,buying,1.5549,elite_7,0.0,0.0,0.0,,,0.0,0,0,0,True,False,True,missing,0.0,adequate,<=1000bps,533.65,0.85,1,0,1.0,0,1.0,0,,False,no_upcoming,0.180519,price_history,,7,2.5645,price_history,,-0.270631,,45.1352,0.5724,-0.214608,-0.056023,late,mid,sev1,drug_developer,morningstar,,,,0,0.8882535922099513121957012231,58.10,41.25000000000000000000000000,77.0,27.62,5,5,4.2349,-1.6675,3.0,,7,1.0,0.086,0,0,0.0,0.4,0.95,oncology,0.6955,highly_crowded,1.0,26,0.06036250933786078,0.910526,1.344,12.61,0.12807,-1.1356,0.003018,0.0,0.0,0.0,0.0,0.003018,0.0
AVBP,"ArriVent BioPharma, Inc.",7,0.94,B,high_opt+no_catalyst_data,B,high_opt+no_catalyst_data,,0.061404,,0,0.945161,1,0.054839,,0,no_upcoming,9,neutral,drawdown_data_missing,L,sponsor_confirmed,clinical_score:-36.9;financial_score:+17.3;smart_money_score:+12.1,tier=B;reason=high_opt+no_catalyst_data;cat_days=NA;strength=missing;decay_w=0.0,v1.3.0,31f399e0,1,,0,,"{""burn_ttm"": 129930000.0, ""cash_total"": 300266000.0, ""dilution_risk"": null, ""has_revenue"": null, ""lead_phase"": null, ""runway_months"": 27.731794042946202, ""stage_bucket"": ""late"", ""surv_score"": ""5.0"", ""tier1_count"": 4}",late|none|nonpos,0.06036250933786078,,-0.5674,606,1,-1.6545,-1.0324,4,4,selling,0.3887,elite_4,0.0,0.0,0.0,,,0.0,0,0,0,True,False,True,missing,0.0,adequate,<=1000bps,986.33,0.85,1,0,1.0,0,1.0,0,,False,no_upcoming,,,beta_missing:series_too_short,4,,,series_too_short,,no_price_series,,0.6474,-0.214608,,late,small,none,drug_developer,morningstar,,,drawdown,1,0.8370803742292153944290878163,50,41.25000000000000000000000000,54.0,50,5,59.13043478260869565217391304,3.8797,-1.6825,3.0,679,2,0.3333,0.0068,0,0,0.0,0.3,0.95,oncology,0.6955,highly_crowded,1.0,18,0.06036250933786078,0.938596,1.5431,18.58,0.366667,-0.3407,0.003018,0.0,0.0,0.0,0.0,0.003018,0.0
ARTV,"Artiva Biotherapeutics, Inc.",8,0.46,B,high_opt+no_catalyst_data,B,high_opt+no_catalyst_data,,0.682456,,0,0.93871,1,0.06129,,0,no_upcoming,9,neutral,drawdown_data_missing,M,sponsor_confirmed|cost_haircut_<=2000bps,clinical_score:-35.0;smart_money_score:+20.0;momentum_score:+10.0,tier=B;reason=high_opt+no_catalyst_data;cat_days=NA;strength=missing;decay_w=0.0,v1.3.0,31f399e0,1,,0,,"{""burn_ttm"": 62025000.0, ""cash_total"": 122968000.0, ""dilution_risk"": null, ""has_revenue"": null, ""lead_phase"": null, ""runway_months"": 23.790665054413545, ""stage_bucket"": ""mid"", ""surv_score"": ""4.0"", ""tier1_count"": 2}",mid|none|nonpos,0.004395499999999999,,-1.0677,330,1,-1.6545,-1.0324,2,2,neutral,-0.3887,elite_2,0.0,0.0,0.0,,,0.0,0,0,0,True,False,True,missing,0.0,adequate,<=2000bps,1301.68,0.7,1,0,1.0,0,1.0,0,,False,no_upcoming,,,beta_missing:series_too_short,2,,,series_too_short,,no_price_series,,,-0.214608,,mid,micro,sev1,drug_developer,morningstar,,,drawdown,1,0.7549362536776724419745014711,50,41.25000000000000000000000000,60.0,77.03,5,43.74276947839645893063729189,3.8797,-1.6825,2.0,398,3,0.6667,0.0523,0,0,0.0,0.3,0.95,oncology,0.6955,highly_crowded,1.0,195,0.004395499999999999,0.317544,-0.4746,12.54,0.124561,-1.1525,0.00022,0.0,0.0,0.0,0.0,0.00022,0.0
CGON,"CG Oncology, Inc.",9,0.94,B,high_opt+no_catalyst_data,B,high_opt+no_catalyst_data,,0.078947,,0,0.925806,1,0.074194,,0,no_upcoming,9,neutral,drawdown_data_missing,L,sponsor_confirmed,clinical_score:-43.1;smart_money_score:+33.9;financial_score:+16.2,tier=B;reason=high_opt+no_catalyst_data;cat_days=NA;strength=missing;decay_w=0.0,v1.3.0,31f399e0,1,,0,,"{""burn_ttm"": 96130000.0, ""cash_total"": 680263000.0, ""dilution_risk"": null, ""has_revenue"": null, ""lead_phase"": null, ""runway_months"": 84.91788203474462, ""stage_bucket"": ""late"", ""surv_score"": ""5.0"", ""tier1_count"": 6}",late|none|nonpos,0.06036250933786078,,0.6934,0,1,-1.6115,-0.9338,6,6,buying,1.1662,elite_6,0.0,0.0,0.0,,,0.0,0,0,0,True,False,True,missing,0.0,adequate,<=1000bps,407.78,0.85,1,0,1.0,0,1.0,0,,False,no_upcoming,,,beta_missing:series_too_short,6,,,series_too_short,,no_price_series,,0.7795,-0.214608,,late,mid,none,drug_developer,morningstar,,,drawdown,1,0.8569030382461575122125580841,50,41.25000000000000000000000000,83.0,10.00,6.006944444444444444444444442,65.33333333333333333333333334,4.8866,-1.64,3.0,1540,6,1.0,0.1461,0,0,0.0,0.3,0.95,oncology,0.6955,highly_crowded,1.0,23,0.06036250933786078,0.921053,1.4122,16.95,0.278947,-0.586,0.003018,0.0,0.0,0.0,0.0,0.003018,0.0
COGT,"Cogent Biosciences, Inc.",10,0.66,B,high_opt+no_catalyst_data,B,high_opt+no_catalyst_data,,0.092982,,0,0.912903,1,0.087097,,0,no_upcoming,9,neutral,high_vol,M,sponsor_confirmed|high_risk,smart_money_score:+47.9;financial_score:-32.1;clinical_score:-30.6,tier=B;reason=high_opt+no_catalyst_data;cat_days=NA;strength=missing;decay_w=0.0,v1.3.0,31f399e0,1,,0,,"{""burn_ttm"": 264444000.0, ""cash_total"": 312012000.0, ""dilution_risk"": null, ""has_revenue"": null, ""lead_phase"": null, ""runway_months"": 14.158551526977357, ""stage_bucket"": ""late"", ""surv_score"": ""0.0"", ""tier1_count"": 7}",late|none|nonpos,0.06036250933786078,,0.697,0,1,-1.5898,-0.884,7,7,buying,1.5549,elite_7,0.0,0.0,0.0,,,0.0,0,0,0,True,False,True,missing,0.0,adequate,<=400bps,346.16,1.0,0,0,1.0,0,1.0,0,,False,no_upcoming,0.019455,price_history,,7,1.378,price_history,,-0.349677,,40.6043,2.489,-0.214608,-0.135069,late,mid,sev1,drug_developer,morningstar,,,,0,0.8131084337349397590361445783,47.82,41.25000000000000000000000000,85,10.84,6.515624999999999999999999997,5,6.4453,-1.5742,3.0,725,5,1.0,0.0137,0,0,0.0,0.5,0.95,oncology,-0.4844,uncrowded,1.0,27,0.06036250933786078,0.907018,1.3226,9.95,0.075439,-1.4364,0.003018,0.0,0.0,0.0,0.0,0.003018,0.0
NMRA,"Neumora Therapeutics, Inc.",11,0.12,B,high_opt+no_catalyst_data,B,high_opt+no_catalyst_data,,0.149123,,0,0.906452,1,0.093548,,0,no_upcoming,9,neutral,drawdown_data_missing,XS,runway_short|cost_haircut_<=2000bps,clinical_score:-27.0;smart_money_score:+21.0;financial_score:-17.1,tier=B;reason=high_opt+no_catalyst_data;cat_days=NA;strength=missing;decay_w=0.0,v1.3.0,31f399e0,1,,0,,"{""burn_ttm"": 158485000.0, ""cash_total"": 171525000.0, ""dilution_risk"": null, ""has_revenue"": null, ""lead_phase"": null, ""runway_months"": 11.473010064043915, ""stage_bucket"": ""late"", ""surv_score"": ""0.0"", ""tier1_count"": 1}",late|none|nonpos,0.06036250933786078,,-0.5374,424,1,-1.5679,-0.8338,1,1,neutral,-0.7775,elite_1,0.0,0.0,0.0,,,0.0,0,0,0,True,False,True,missing,0.0,short,<=2000bps,1324.22,0.7,1,0,1.0,0,1.0,0,,False,no_upcoming,,,beta_missing:insufficient_overlap,1,,,insufficient_overlap,,series_too_short,34.0105,0.9459,-0.214608,,late,small,sev2,drug_developer,morningstar,,,drawdown,1,0.7912624196376388077147866745,50,41.25000000000000000000000000,55.0,54.90,7.027777777777777777777777778,16.92384886461761067936241219,5.5627,-1.6115,3.0,424,1,0.0,0.0457,0,0,0.0,0.4,0.5,other,0.6955,highly_crowded,1.0,43,0.06036250933786078,0.850877,1.0402,5.78,0.029825,-1.8834,0.003018,0.0,0.0,0.0,0.0,0.003018,0.0
OLMA,"Olema Pharmaceuticals, Inc.",12,0.94,B,high_opt+no_catalyst_data,B,high_opt+no_catalyst_data,,0.152632,,0,0.880645,1,0.119355,,0,no_upcoming,9,tailwind,high_vol,L,sponsor_confirmed|momentum_tailwind|high_risk,clinical_score:-44.4;momentum_score:+43.5;smart_money_score:+13.5,tier=B;reason=high_opt+no_catalyst_data;cat_days=NA;strength=missing;decay_w=0.0,v1.3.0,31f399e0,1,,0,,"{""burn_ttm"": 108389000.0, ""cash_total"": 328960000.0, ""dilution_risk"": null, ""has_revenue"": null, ""lead_phase"": null, ""runway_months"": 36.41993191190988, ""stage_bucket"": ""late"", ""surv_score"": ""5.0"", ""tier1_count"": 3}",late|none|nonpos,0.06036250933786078,,-0.5005,298,1,-1.5014,-0.6813,3,3,buying,0.0,elite_3,0.0,0.0,0.0,,,0.0,0,0,0,True,False,True,missing,0.0,adequate,<=1000bps,486.91,0.85,1,0,1.0,0,1.0,0,,False,no_upcoming,0.621501,price_history,,3,1.115,price_history,,-0.020801,,58.315,2.891,-0.214608,0.193807,late,small,none,drug_developer,morningstar,,,,0,0.8089114369501466275659824047,96.55,41.25000000000000000000000000,66.5,17.13,8.585069444444444444444444442,52.17391304347826086956521739,7.4648,-1.5312,3.0,998,4,1.0,0.0214,0,0,0.0,0.3,0.95,oncology,0.6955,highly_crowded,1.0,44,0.06036250933786078,0.847368,1.0252,12.43,0.117544,-1.1874,0.003018,0.0,0.0,0.0,0.0,0.003018,0.0
NGNE,Neurogene Inc.,13,0.77,B,high_opt+no_catalyst_data,B,high_opt+no_catalyst_data,,0.145614,,0,0.874194,1,0.125806,,0,no_upcoming,9,tailwind,,L,sponsor_confirmed|momentum_tailwind|cost_haircut_<=2000bps,clinical_score:-42.8;smart_money_score:+33.0;financial_score:+13.3,tier=B;reason=high_opt+no_catalyst_data;cat_days=NA;strength=missing;decay_w=0.0,v1.3.0,31f399e0,1,,0,,"{""burn_ttm"": 59744000.0, ""cash_total"": 265410000.0, ""dilution_risk"": null, ""has_revenue"": null, ""lead_phase"": null, ""runway_months"": 53.30945366898768, ""stage_bucket"": ""late"", ""surv_score"": ""5.0"", ""tier1_count"": 8}",late|none|nonpos,0.06036250933786078,,0.7023,0,1,-1.4789,-0.6298,8,8,buying,1.9437,elite_8,0.0,0.0,0.0,,,0.0,0,0,0,True,False,True,missing,0.0,adequate,<=2000bps,1586.17,0.7,1,0,1.0,0,1.0,0,,False,no_upcoming,-0.056573,price_history,,8,-0.17,price_history,,-0.104865,,61.7471,0.823,-0.214608,0.109743,late,small,none,drug_developer,morningstar,,,,0,0.8335079753172662708115030853,59.18,41.25000000000000000000000000,85,70.28,9.111111111111111111111111112,65.21739130434782608695652174,7.8164,-1.5164,3.0,2248,6,1.0,0.0183,0,0,0.0,0.3,0.75,rare_disease,0.6955,highly_crowded,1.0,42,0.06036250933786078,0.854386,1.0554,19.57,0.391228,-0.2761,0.003018,0.0,0.0,0.0,0.0,0.003018,0.0
CNTX,Context Therapeutics Inc.,14,0.23,B,high_opt+no_catalyst_data,B,high_opt+no_catalyst_data,,0.689474,,0,0.867742,1,0.132258,,0,no_upcoming,9,tailwind,high_beta,S,momentum_tailwind|high_risk|cost_haircut_<=2000bps,clinical_score:-42.3;momentum_score:+35.0;financial_score:+17.9,tier=B;reason=high_opt+no_catalyst_data;cat_days=NA;strength=missing;decay_w=0.0,v1.3.0,31f399e0,1,,0,,"{""burn_ttm"": 17442425.0, ""cash_total"": 76938183.0, ""dilution_risk"": null, ""has_revenue"": null, ""lead_phase"": null, ""runway_months"": 52.93175667947548, ""stage_bucket"": ""mid"", ""surv_score"": ""3.0"", ""tier1_count"": 0}",mid|none|nonpos,0.004395499999999999,,0.1844,0,1,-1.4558,-0.5768,0,0,neutral,-1.1662,,0.0,0.0,0.0,,,0.0,0,0,0,True,False,True,missing,0.0,adequate,<=2000bps,1735.81,0.7,1,0,1.0,0,1.0,0,,False,no_upcoming,0.409472,price_history,,0,2.1215,price_history,,-0.15625,,58.397,,-0.214608,0.058358,mid,micro,none,drug_developer,morningstar,,,,0,0.7678496406854615809839690437,86.93,41.25000000000000000000000000,,82.43,9.651928977415622956591720737,69.78723404255319148936170213,8.5316,-1.4862,2.0,333,5,1.0,0.0635,0,0,0.0,0.3,0.95,oncology,0.6955,highly_crowded,1.0,197,0.004395499999999999,0.310526,-0.4944,14.50,0.177193,-0.9261,0.00022,0.0,0.0,0.0,0.0,0.00022,0.0
AURA,"Aura Biosciences, Inc.",15,0.18,B,high_opt+no_catalyst_data,B,high_opt+no_catalyst_data,,0.057895,,0,0.86129,1,0.13871,,0,no_upcoming,9,neutral,deep_drawdown,S,sponsor_confirmed|runway_short|cost_haircut_>2000bps,financial_score:-25.9;clinical_score:-20.8;smart_money_score:+20.5,tier=B;reason=high_opt+no_catalyst_data;cat_days=NA;strength=missing;decay_w=0.0,v1.3.0,31f399e0,1,,0,,"{""burn_ttm"": 64273000.0, ""cash_total"": 47553000.0, ""dilution_risk"": null, ""has_revenue"": null, ""lead_phase"": null, ""runway_months"": 8.878315933595756, ""stage_bucket"": ""late"", ""surv_score"": ""-2.0"", ""tier1_count"": 2}",late|none|nonpos,0.06036250933786078,,-0.4002,199,1,-1.4106,-0.4732,2,2,selling,-0.3887,elite_2,0.0,0.0,0.0,,,0.0,0,0,0,True,False,True,missing,0.0,short,>2000bps,2020.0,0.55,1,0,1.0,0,1.0,0,,False,no_upcoming,-0.190084,price_history,,2,0.5696,price_history,,-0.379572,,41.4303,0.5411,-0.214608,-0.164964,late,small,sev2,drug_developer,morningstar,,,,0,0.8794298861259586335115036021,48.04,41.25000000000000000000000000,52.0,68.18,10.71006944444444444444444444,5.640505029288898223995892548,10.3101,-1.4111,3.0,1501,6,1.0,0.1905,0,0,0.0,0.5,0.95,oncology,0.6955,highly_crowded,1.0,17,0.06036250933786078,0.942105,1.5727,4.90,0.015789,-2.1497,0.003018,0.0,0.0,0.0,0.0,0.003018,0.0
ACLX,"Arcellx, Inc.",16,1.1,B,high_opt+no_catalyst_data,B,high_opt+no_catalyst_data,,0.67193,,0,0.841935,1,0.158065,,0,no_upcoming,9,tailwind,,L,sponsor_confirmed|momentum_tailwind,clinical_score:-33.6;smart_money_score:+33.1;momentum_score:+18.9,tier=B;reason=high_opt+no_catalyst_data;cat_days=NA;strength=missing;decay_w=0.0,v1.3.0,31f399e0,1,,0,,"{""burn_ttm"": 152083000.0, ""cash_total"": 461383000.0, ""dilution_risk"": null, ""has_revenue"": null, ""lead_phase"": null, ""runway_months"": 36.40509458650868, ""stage_bucket"": ""mid"", ""surv_score"": ""5.0"", ""tier1_count"": 7}",mid|none|nonpos,0.004395499999999999,,-1.0352,363,1,-1.2979,-0.2147,7,7,buying,1.5549,elite_7,0.0,0.0,0.0,,,0.0,0,0,0,True,False,True,missing,0.0,adequate,<=400bps,207.9,1.0,0,0,1.0,0,1.0,0,,False,no_upcoming,0.178716,price_history,,7,0.8069,price_history,,-0.228702,,56.1048,0.5575,-0.214608,-0.014094,mid,mid,none,drug_developer,morningstar,,,,0,0.8080746794871794871794871795,65.85,41.25000000000000000000000000,80.0,10.00,13.34993209597102761430511543,34.25431316332176449876766762,12.2296,-1.3301,2.0,1152,3,0.6667,0.0128,0,0,0.0,0.3,0.95,oncology,0.6955,highly_crowded,1.0,192,0.004395499999999999,0.32807,-0.4452,20.13,0.401754,-0.2488,0.00022,0.0,0.0,0.0,0.0,0.00022,0.0
LQDA,Liquidia Corporation,17,0.94,B,high_opt+no_catalyst_data,B,high_opt+no_catalyst_data,,0.135088,,0,0.829032,1,0.170968,,0,no_upcoming,9,neutral,,L,sponsor_confirmed,smart_money_score:+29.4;financial_score:-27.9;clinical_score:-22.3,tier=B;reason=high_opt+no_catalyst_data;cat_days=NA;strength=missing;decay_w=0.0,v1.3.0,31f399e0,1,,0,,"{""burn_ttm"": 79930000.0, ""cash_total"": 157496000.0, ""dilution_risk"": null, ""has_revenue"": null, ""lead_phase"": null, ""runway_months"": 23.645089453271613, ""stage_bucket"": ""late"", ""surv_score"": ""0.0"", ""tier1_count"": 3}",late|none|nonpos,0.06036250933786078,,0.7157,0,1,-1.2819,-0.1782,3,3,buying,0.0,elite_3,0.0,0.0,0.0,,,0.0,0,0,0,True,False,True,missing,0.0,adequate,<=1000bps,430.35,0.85,1,0,1.0,0,1.0,0,,False,no_upcoming,-0.035312,price_history,,3,0.9331,price_history,,-0.331313,,49.2635,0.5778,-0.214608,-0.116705,late,mid,sev1,drug_developer,morningstar,,,,0,0.8688328621061459206900682880,51.68,41.25000000000000000000000000,65.5,17.83,13.72265625000000000000000000,8.178326474622770919067215367,11.9023,-1.3439,3.0,531,4,1.0,0.0278,0,0,0.0,0.3,0.5,respiratory,0.6955,highly_crowded,1.0,39,0.06036250933786078,0.864912,1.1027,11.47,0.103509,-1.2618,0.003018,0.0,0.0,0.0,0.0,0.003018,0.0
CRSP,CRISPR Therapeutics AG,18,0.66,B,high_opt+no_catalyst_data,B,high_opt+no_catalyst_data,,0.415789,,0,0.809677,1,0.190323,,0,no_upcoming,9,headwind,deep_drawdown,M,sponsor_confirmed|momentum_headwind,clinical_score:-33.1;financial_score:+28.2;smart_money_score:+17.2,tier=B;reason=high_opt+no_catalyst_data;cat_days=NA;strength=missing;decay_w=0.0,v1.3.0,31f399e0,1,,0,,"{""burn_ttm"": 345014000.0, ""cash_total"": 1975828000.0, ""dilution_risk"": null, ""has_revenue"": null, ""lead_phase"": null, ""runway_months"": 68.7216634687288, ""stage_bucket"": ""late"", ""surv_score"": ""3.0"", ""tier1_count"": 3}",late|none|pos,0.03406975903614458,,0.7196,0,1,-1.1977,0.0149,3,3,buying,0.0,elite_3,0.0,0.0,0.0,,,0.0,0,0,0,True,False,True,missing,0.0,adequate,<=400bps,316.61,1.0,0,0,1.0,0,1.0,0,,False,no_upcoming,-0.066909,price_history,,3,1.3825,price_history,,-0.364616,,35.8758,0.5582,-0.214608,-0.150008,late,mid,none,drug_developer,morningstar,,,,0,0.8829993291806420699568758984,44.02,41.25000000000000000000000000,66.0,61.32,15.69444444444444444444444444,77.000,15.1055,-1.2087,3.0,640,9,1.0,0.1677,1,0,0.0,0.3,0.95,oncology,0.2236,moderate,1.0,119,0.03406975903614458,0.584211,0.2127,27.82,0.570175,0.1768,0.024053,0.02235,0.0,0.0,0.0,0.001703,0.0
ABEO,Abeona Therapeutics Inc.,19,0.77,B,high_opt+no_catalyst_data,B,high_opt+no_catalyst_data,,0.335088,,0,0.803226,1,0.196774,,0,no_upcoming,9,tailwind,,L,sponsor_confirmed|momentum_tailwind|cost_haircut_<=2000bps,clinical_score:-34.0;momentum_score:+21.1;financial_score:+18.3,tier=B;reason=high_opt+no_catalyst_data;cat_days=NA;strength=missing;decay_w=0.0,v1.3.0,31f399e0,1,,0,,"{""burn_ttm"": 58373000.0, ""cash_total"": 207117000.0, ""dilution_risk"": null, ""has_revenue"": null, ""lead_phase"": null, ""runway_months"": 38.84982606281337, ""stage_bucket"": ""late"", ""surv_score"": ""2.0"", ""tier1_count"": 2}",late|none|pos,0.03406975903614458,,0.7219,0,1,-1.1488,0.1271,2,2,neutral,-0.3887,elite_2,0.0,0.0,0.0,,,0.0,0,0,0,True,False,True,missing,0.0,adequate,<=2000bps,1317.16,0.7,1,0,1.0,0,1.0,0,,False,no_upcoming,0.207546,price_history,,2,1.1389,price_history,,-0.265487,,53.9863,,-0.214608,-0.050879,late,micro,none,drug_developer,morningstar,,,,0,0.8741792361966625601971105387,71.94,41.25000000000000000000000000,55.0,87.06,16.84027777777777777777777778,69.12500000000000000000000000,15.37,-1.1976,3.0,725,9,1.0,0.0036,0,0,0.0,0.3,0.5,other,-1.6642,uncrowded,1.0,96,0.03406975903614458,0.664912,0.4259,26.45,0.542105,0.1057,0.192353,0.19065,0.0,0.0,0.0,0.001703,0.0
WVE,Wave Life Sciences Ltd.,20,1.1,B,high_opt+no_catalyst_data,B,high_opt+no_catalyst_data,,0.640351,,0,0.796774,1,0.203226,,0,no_upcoming,9,tailwind,high_vol,L,sponsor_confirmed|momentum_tailwind|high_risk,clinical_score:-39.3;momentum_score:+24.1;smart_money_score:+21.0,tier=B;reason=high_opt+no_catalyst_data;cat_days=NA;strength=missing;decay_w=0.0,v1.3.0,31f399e0,1,,0,,"{""burn_ttm"": 187493000.0, ""cash_total"": 602068000.0, ""dilution_risk"": null, ""has_revenue"": null, ""lead_phase"": null, ""runway_months"": 38.533790594848874, ""stage_bucket"": ""mid"", ""surv_score"": ""5.0"", ""tier1_count"": 5}",mid|none|pos,0.021834,,0.1963,0,1,-1.133,0.1632,5,5,buying,0.7775,elite_5,0.0,0.0,0.0,,,0.0,0,0,0,True,False,True,missing,0.0,adequate,<=400bps,327.67,1.0,0,0,1.0,0,1.0,0,,False,no_upcoming,0.503286,price_history,,5,0.8289,price_history,,-0.192857,,59.1144,3.1359,-0.214608,0.021751,mid,mid,none,drug_developer,morningstar,,,,0,0.7964720782959124928036845135,80.58,41.25000000000000000000000000,77.5,41.89,17.20889291283134651174488205,65.95744680851063829787234042,16.2694,-1.1596,2.0,,7,1.0,0.0365,0,0,0.0,0.4,0.75,rare_disease,0.6955,highly_crowded,1.0,183,0.021834,0.359649,-0.3594,22.19,0.468421,-0.0792,0.164292,0.1632,0.0,0.0,0.0,0.001092,0.0
IMVT,"Immunovant, Inc.",21,0.94,B,high_opt+no_catalyst_data,B,high_opt+no_catalyst_data,,0.461404,,0,0.790323,1,0.209677,,0,no_upcoming,9,tailwind,high_beta,L,sponsor_confirmed|momentum_tailwind|high_risk,clinical_score:-39.9;momentum_score:+39.2;catalyst_score:-16.1,tier=B;reason=high_opt+no_catalyst_data;cat_days=NA;strength=missing;decay_w=0.0,v1.3.0,31f399e0,1,,0,,"{""burn_ttm"": 312251000.0, ""cash_total"": 994525000.0, ""dilution_risk"": null, ""has_revenue"": null, ""lead_phase"": null, ""runway_months"": 38.220213866408756, ""stage_bucket"": ""late"", ""surv_score"": ""3.0"", ""tier1_count"": 6}",late|none|pos,0.03406975903614458,,-0.5201,512,1,-1.1241,0.1837,6,6,selling,1.1662,elite_6,0.0,0.0,0.0,,,0.0,0,0,0,True,False,True,missing,0.0,adequate,<=1000bps,478.91,0.85,1,0,1.0,0,1.0,0,,False,no_upcoming,1.322773,price_history,,6,3.6416,price_history,,-0.093343,,67.7605,0.5723,-0.214608,0.121265,late,mid,none,drug_developer,morningstar,,,,0,0.8870170169572486267016957249,96.55,41.25000000000000000000000000,62.0,15.73,17.41840277777777777777777778,69.33333333333333333333333333,16.0165,-1.1703,3.0,512,7,1.0,0.0303,0,0,0.0,0.4,0.6,autoimmune,0.2236,moderate,1.0,132,0.03406975903614458,0.538596,0.0969,26.50,0.549123,0.1234,0.277253,0.27555,0.0,0.0,0.0,0.001703,0.0
PRTA,Prothena Corporation plc,22,0.23,B,high_opt+no_catalyst_data,B,high_opt+no_catalyst_data,,0.521053,,0,0.783871,1,0.216129,,0,no_upcoming,9,headwind,deep_drawdown,S,sponsor_confirmed|momentum_headwind|cost_haircut_<=2000bps,clinical_score:-23.5;smart_money_score:+12.3;financial_score:+11.2,tier=B;reason=high_opt+no_catalyst_data;cat_days=NA;strength=missing;decay_w=0.0,v1.3.0,31f399e0,1,,0,,"{""burn_ttm"": 140268000.0, ""cash_total"": 330843000.0, ""dilution_risk"": null, ""has_revenue"": null, ""lead_phase"": null, ""runway_months"": 28.303789887928822, ""stage_bucket"": ""late"", ""surv_score"": ""5.0"", ""tier1_count"": 2}",late|none|pos,0.03406975903614458,,0.7246,0,1,-1.0491,0.3556,2,2,neutral,-0.3887,elite_2,0.0,0.0,0.0,,,0.0,0,0,0,True,False,True,missing,0.0,adequate,<=2000bps,1434.82,0.7,1,0,1.0,0,1.0,0,,False,no_upcoming,-0.192539,price_history,,2,0.8382,price_history,,-0.401705,,36.1256,0.4848,-0.214608,-0.187097,late,small,none,drug_developer,morningstar,,,,0,0.8475046085637615214094038035,44.15,41.25000000000000000000000000,55.0,84.97,19.17361111111111111111111111,53.91304347826086956521739130,17.7086,-1.0989,3.0,544,9,1.0,0.0744,0,0,0.0,0.4,0.6,cns,0.6955,highly_crowded,1.0,149,0.03406975903614458,0.478947,-0.0528,19.89,0.398246,-0.2579,0.535103,0.5334,0.0,0.0,0.0,0.001703,0.0
REPL,"Replimune Group, Inc.",23,0.94,B,high_opt+no_catalyst_data,B,high_opt+no_catalyst_data,,0.608772,,0,0.758065,1,0.241935,,0,no_upcoming,9,neutral,deep_drawdown,L,sponsor_confirmed,clinical_score:-21.9;smart_money_score:+9.8;financial_score:+8.7,tier=B;reason=high_opt+no_catalyst_data;cat_days=NA;strength=missing;decay_w=0.0,v1.3.0,31f399e0,1,,0,,"{""burn_ttm"": 224183000.0, ""cash_total"": 269137000.0, ""dilution_risk"": null, ""has_revenue"": null, ""lead_phase"": null, ""runway_months"": 14.12718492467587, ""stage_bucket"": ""mid"", ""surv_score"": ""2.0"", ""tier1_count"": 5}",mid|none|pos,0.021834,,-1.042,579,1,-0.9613,0.5569,5,5,selling,0.7775,elite_5,0.0,0.0,0.0,,,0.0,0,0,0,True,False,True,missing,0.0,adequate,<=1000bps,964.73,0.85,1,0,1.0,0,1.0,0,,False,no_upcoming,-0.042518,price_history,,5,1.1422,price_history,,-0.444139,,37.3023,0.5897,-0.214608,-0.229531,mid,small,sev1,drug_developer,morningstar,,,,0,0.8014295339696799550814149354,48.44,41.25000000000000000000000000,53.0,66.22,21.22881142799657964891102057,51.91489361702127659574468085,20.1085,-0.9976,2.0,682,8,1.0,0.0092,0,0,0.0,0.3,0.95,oncology,0.6955,highly_crowded,1.0,174,0.021834,0.391228,-0.2761,17.22,0.3,-0.5244,0.557992,0.5569,0.0,0.0,0.0,0.001092,0.0
ZBIO,"Zenas BioPharma, Inc.",24,0.56,B,high_opt+no_catalyst_data,B,high_opt+no_catalyst_data,,0.559649,,0,0.751613,1,0.248387,,0,no_upcoming,9,neutral,high_vol|drawdown_data_missing,M,sponsor_confirmed|high_risk,clinical_score:-23.8;smart_money_score:+21.2;momentum_score:+4.7,tier=B;reason=high_opt+no_catalyst_data;cat_days=NA;strength=missing;decay_w=0.0,v1.3.0,31f399e0,1,,0,,"{""burn_ttm"": 119919000.0, ""cash_total"": 290884000.0, ""dilution_risk"": null, ""has_revenue"": null, ""lead_phase"": null, ""runway_months"": 29.10804793235434, ""stage_bucket"": ""late"", ""surv_score"": ""5.0"", ""tier1_count"": 3}",late|none|pos,0.03406975903614458,,0.7302,0,1,-0.947,0.5895,3,3,buying,0.0,elite_3,0.0,0.0,0.0,,,0.0,0,0,0,True,False,True,missing,0.0,adequate,<=1000bps,681.58,0.85,1,0,1.0,0,1.0,0,,False,no_upcoming,,,beta_missing:series_too_short,3,,,series_too_short,,no_price_series,,1.5048,-0.214608,,late,small,none,drug_developer,morningstar,,,drawdown,1,0.8089584306398879028491359178,50,41.25000000000000000000000000,66.5,37.41,21.56250000000000000000000000,47.41230833858433102289434993,20.0974,-0.9981,3.0,769,5,1.0,0.1159,0,0,0.0,0.4,0.6,autoimmune,0.6955,highly_crowded,1.0,160,0.03406975903614458,0.440351,-0.1501,16.35,0.257895,-0.6498,0.885953,0.88425,0.0,0.0,0.0,0.001703,0.0
URGN,UroGen Pharma Ltd.,25,0.94,B,high_opt+no_catalyst_data,B,high_opt+no_catalyst_data,,0.549123,,0,0.732258,1,0.267742,,0,no_upcoming,9,tailwind,deep_drawdown,L,sponsor_confirmed|momentum_tailwind|runway_short,momentum_score:+34.5;financial_score:-34.2;smart_money_score:+26.1,tier=B;reason=high_opt+no_catalyst_data;cat_days=NA;strength=missing;decay_w=0.0,v1.3.0,31f399e0,1,,0,,"{""burn_ttm"": 124119000.0, ""cash_total"": 153829000.0, ""dilution_risk"": null, ""has_revenue"": null, ""lead_phase"": null, ""runway_months"": 14.872404708384696, ""stage_bucket"": ""late"", ""surv_score"": ""0.0"", ""tier1_count"": 4}",late|none|pos,0.03406975903614458,,0.7407,0,1,-0.8426,0.8289,4,4,buying,0.3887,elite_4,0.0,0.0,0.0,,,0.0,0,0,0,True,False,True,missing,0.0,short,<=1000bps,785.74,0.85,1,0,1.0,0,1.0,0,,False,no_upcoming,0.572963,price_history,,4,0.3336,price_history,,-0.394876,,32.4326,0.7699,-0.214608,-0.180268,late,small,sev2,drug_developer,morningstar,,,,0,0.8225052705551651440618411806,80.41,41.25000000000000000000000000,72.0,73.08,24.00694444444444444444444444,11.72232724217601344255408528,22.8866,-0.8804,3.0,1579,13,1.0,0.0003,0,0,0.0,0.3,0.95,oncology,0.6955,highly_crowded,1.0,157,0.03406975903614458,0.450877,-0.1234,4.67,0.008772,-2.3751,1.245053,1.24335,0.0,0.0,0.0,0.001703,0.0
KALV,"KalVista Pharmaceuticals, Inc.",26,0.94,B,high_opt+no_catalyst_data,B,high_opt+no_catalyst_data,,0.478947,,0,0.719355,1,0.280645,,0,no_upcoming,9,tailwind,,L,sponsor_confirmed|momentum_tailwind,clinical_score:-17.7;momentum_score:+16.9;smart_money_score:+10.9,tier=B;reason=high_opt+no_catalyst_data;cat_days=NA;strength=missing;decay_w=0.0,v1.3.0,31f399e0,1,,0,,"{""burn_ttm"": 126985000.0, ""cash_total"": 243497000.0, ""dilution_risk"": null, ""has_revenue"": null, ""lead_phase"": null, ""runway_months"": 23.010308304130408, ""stage_bucket"": ""late"", ""surv_score"": ""1.0"", ""tier1_count"": 2}",late|none|pos,0.03406975903614458,,0.7436,0,1,-0.7627,1.012,2,2,selling,-0.3887,elite_2,0.0,0.0,0.0,,,0.0,0,0,0,True,False,True,missing,0.0,adequate,<=1000bps,753.69,0.85,1,0,1.0,0,1.0,0,,False,no_upcoming,0.094453,price_history,,2,0.8515,price_history,,-0.16652,,45.9144,0.6376,-0.214608,0.048088,late,small,sev1,drug_developer,morningstar,,,,0,0.8797717560805306644943558711,60.51,41.25000000000000000000000000,54.5,60.49,25.87673611111111111111111111,35.89185278536255221825480175,25.6094,-0.7654,3.0,86,4,1.0,0.7333,1,1,0.0,0.4,0.55,ophthalmology,0.6955,highly_crowded,1.0,137,0.03406975903614458,0.521053,0.0528,21.03,0.433333,-0.1679,1.519703,1.518,0.0,0.0,0.0,0.001703,0.0
SVRA,"Savara, Inc.",27,0.94,B,high_opt+no_catalyst_data,B,high_opt+no_catalyst_data,,0.538596,,0,0.712903,1,0.287097,,0,no_upcoming,9,tailwind,,L,sponsor_confirmed|momentum_tailwind,momentum_score:+39.8;financial_score:-28.9;clinical_score:-21.4,tier=B;reason=high_opt+no_catalyst_data;cat_days=NA;strength=missing;decay_w=0.0,v1.3.0,31f399e0,1,,0,,"{""burn_ttm"": 75980000.0, ""cash_total"": 124386000.0, ""dilution_risk"": null, ""has_revenue"": null, ""lead_phase"": null, ""runway_months"": 19.645064490655436, ""stage_bucket"": ""late"", ""surv_score"": ""0.0"", ""tier1_count"": 3}",late|none|pos,0.03406975903614458,,0.7441,0,1,-0.7088,1.1358,3,3,buying,0.0,elite_3,0.0,0.0,0.0,,,0.0,0,0,0,True,False,True,missing,0.0,adequate,<=1000bps,844.9,0.85,1,0,1.0,0,1.0,0,,False,no_upcoming,0.316648,price_history,,3,1.0499,price_history,,-0.030928,,52.8437,0.6811,-0.214608,0.18368,late,small,sev1,drug_developer,morningstar,,,,0,0.8537484194564329872856642949,88.40,41.25000000000000000000000000,66.5,58.39,27.14062500000000000000000000,19.63663095988237765175383322,27.1545,-0.7002,3.0,55,9,1.0,0.9485,1,1,0.0,0.4,0.5,respiratory,0.6955,highly_crowded,1.0,154,0.03406975903614458,0.461404,-0.0969,12.48,0.121053,-1.1697,1.705403,1.7037,0.0,0.0,0.0,0.001703,0.0
INBX,"Inhibrx Biosciences, Inc.",28,0.94,B,high_opt+no_catalyst_data,B,high_opt+no_catalyst_data,,0.584211,,0,0.687097,1,0.312903,,0,no_upcoming,9,neutral,drawdown_data_missing,L,sponsor_confirmed,smart_money_score:+23.9;financial_score:-19.3;clinical_score:-10.6,tier=B;reason=high_opt+no_catalyst_data;cat_days=NA;strength=missing;decay_w=0.0,v1.3.0,31f399e0,1,,0,,"{""burn_ttm"": 99672000.0, ""cash_total"": 153088000.0, ""dilution_risk"": null, ""has_revenue"": null, ""lead_phase"": null, ""runway_months"": 18.431013725018058, ""stage_bucket"": ""mid"", ""surv_score"": ""3.0"", ""tier1_count"": 3}",mid|none|pos,0.021834,,0.2182,0,1,-0.5019,1.61,3,3,buying,0.0,elite_3,0.0,0.0,0.0,,,0.0,0,0,0,True,False,True,missing,0.0,adequate,<=1000bps,811.15,0.85,1,0,1.0,0,1.0,0,,False,no_upcoming,,,beta_missing:series_too_short,3,,,series_too_short,,no_price_series,,0.7023,-0.214608,,mid,small,sev1,drug_developer,morningstar,,,drawdown,1,0.7778532089468360121389232326,50,41.25000000000000000000000000,66.5,44.59,31.98279764599366229062924399,23.29912982244353905739147930,31.2177,-0.5288,2.0,725,5,1.0,0.0146,0,0,0.0,0.4,0.95,oncology,0.6955,highly_crowded,1.0,167,0.021834,0.415789,-0.2127,16.72,0.275439,-0.5964,1.611092,1.61,0.0,0.0,0.0,0.001092,0.0
CRNX,"Crinetics Pharmaceuticals, Inc.",29,0.94,B,high_opt+no_catalyst_data,B,high_opt+no_catalyst_data,,0.412281,,0,0.654839,1,0.345161,,0,no_upcoming,9,tailwind,,L,sponsor_confirmed|momentum_tailwind,clinical_score:-27.7;momentum_score:+27.0;catalyst_score:-21.4,tier=B;reason=high_opt+no_catalyst_data;cat_days=NA;strength=missing;decay_w=0.0,v1.3.0,31f399e0,1,,0,,"{""burn_ttm"": 285021000.0, ""cash_total"": 1092291000.0, ""dilution_risk"": null, ""has_revenue"": null, ""lead_phase"": null, ""runway_months"": 45.98781142442136, ""stage_bucket"": ""late"", ""surv_score"": ""5.0"", ""tier1_count"": 5}",late|none|pos,0.03406975903614458,,0.7563,0,1,-0.3724,1.907,5,5,buying,0.7775,elite_5,0.0,0.0,0.0,,,0.0,0,0,0,True,False,True,missing,0.0,adequate,<=1000bps,459.18,0.85,1,0,1.0,0,1.0,0,,False,no_upcoming,0.47991,price_history,,5,1.1453,price_history,,-0.121935,,54.7488,0.6688,-0.214608,0.092673,late,mid,none,drug_developer,morningstar,,,,0,0.8739125269461077844311377246,89.64,41.25000000000000000000000000,71.5,28.32,35.01562500000000000000000000,76.00000000000000000000000000,35.5465,-0.3461,3.0,106,7,1.0,0.9029,0,2,0.0,0.5,0.95,oncology,0.6955,highly_crowded,1.0,118,0.03406975903614458,0.587719,0.2217,26.96,0.55614,0.1412,2.862203,2.8605,0.0,0.0,0.0,0.001703,0.0
CLDX,"Celldex Therapeutics, Inc.",30,0.94,B,high_opt+no_catalyst_data,B,high_opt+no_catalyst_data,,0.408772,,0,0.641935,1,0.358065,,0,no_upcoming,9,neutral,deep_drawdown,L,sponsor_confirmed,smart_money_score:+18.9;clinical_score:-16.2;financial_score:+13.5,tier=B;reason=high_opt+no_catalyst_data;cat_days=NA;strength=missing;decay_w=0.0,v1.3.0,31f399e0,1,,0,,"{""burn_ttm"": 210945000.0, ""cash_total"": 518573000.0, ""dilution_risk"": null, ""has_revenue"": null, ""lead_phase"": null, ""runway_months"": 29.49999288914172, ""stage_bucket"": ""late"", ""surv_score"": ""5.0"", ""tier1_count"": 4}",late|none|pos,0.03406975903614458,,0.7577,0,1,-0.3142,2.0403,4,4,buying,0.3887,elite_4,0.0,0.0,0.0,,,0.0,0,0,0,True,False,True,missing,0.0,adequate,<=1000bps,652.37,0.85,1,0,1.0,0,1.0,0,,False,no_upcoming,-0.14533,price_history,,4,0.7437,price_history,,-0.411343,,51.2743,0.4801,-0.214608,-0.196735,late,small,none,drug_developer,morningstar,,,,0,0.8764550731367541211980496866,47.67,41.25000000000000000000000000,71.5,65.38,36.37673611111111111111111111,66.08695652173913043478260870,37.4799,-0.2645,3.0,,57,1.0,1.1226,1,1,0.0,0.4,0.95,oncology,-0.4844,uncrowded,1.0,117,0.03406975903614458,0.591228,0.2307,29.55,0.594737,0.2397,3.001703,3.0,0.0,0.0,0.0,0.001703,0.0
DNLI,Denali Therapeutics Inc.,31,0.56,B,high_opt+no_catalyst_data,B,high_opt+no_catalyst_data,,0.419298,,0,0.622581,1,0.377419,,0,no_upcoming,9,headwind,deep_drawdown,M,sponsor_confirmed|momentum_headwind,financial_score:+23.5;clinical_score:-14.1;catalyst_score:-10.0,tier=B;reason=high_opt+no_catalyst_data;cat_days=NA;strength=missing;decay_w=0.0,v1.3.0,31f399e0,1,,0,,"{""burn_ttm"": 314062000.0, ""cash_total"": 848204000.0, ""dilution_risk"": null, ""has_revenue"": null, ""lead_phase"": null, ""runway_months"": 32.40904025319841, ""stage_bucket"": ""late"", ""surv_score"": ""5.0"", ""tier1_count"": 3}",late|none|pos,0.03406975903614458,,0.7578,0,1,-0.2849,2.1074,3,3,buying,0.0,elite_3,0.0,0.0,0.0,,,0.0,0,0,0,True,False,True,missing,0.0,adequate,<=1000bps,533.31,0.85,1,0,1.0,0,1.0,0,,False,no_upcoming,-0.158579,price_history,,3,0.874,price_history,,-0.383549,,38.1319,0.5691,-0.214608,-0.168941,late,mid,none,drug_developer,morningstar,,,,0,0.8798122047716101186908044599,42.54,41.25000000000000000000000000,60.5,45.80,37.06250000000000000000000000,74.66666666666666666666666667,35.9474,-0.3291,3.0,873,11,1.0,0.0728,0,0,0.0,0.4,0.6,cns,-0.4844,uncrowded,1.0,120,0.03406975903614458,0.580702,0.2037,35.00,0.7,0.5244,3.001703,3.0,0.0,0.0,0.0,0.001703,0.0
RCKT,"Rocket Pharmaceuticals, Inc.",32,0.94,C,mod_opt+catalyst_far,C,mod_opt+catalyst_far,,0.566667,,0,0.596774,1,0.403226,535,0,specific_days,9,tailwind,,L,catalyst_far_lift|sponsor_confirmed|momentum_tailwind,clinical_score:-13.6;smart_money_score:+13.4;momentum_score:+9.1,tier=C;reason=mod_opt+catalyst_far;cat_days=535;strength=far;decay_w=0.3,v1.3.0,31f399e0,1,,0,,"{""burn_ttm"": 155174000.0, ""cash_total"": 222758000.0, ""dilution_risk"": null, ""has_revenue"": null, ""lead_phase"": null, ""runway_months"": 17.070450597731686, ""stage_bucket"": ""mid"", ""surv_score"": ""2.0"", ""tier1_count"": 3}",mid|far_271_540|nonpos,0.02878225,,0.2331,0,1,-0.2057,-1.9509,3,3,buying,0.0,elite_3,0.0,0.0,0.0,,,0.0,0,0,0,True,False,True,far,0.3,adequate,<=1000bps,956.37,0.85,1,0,1.0,0,1.0,0,535,False,specific_days,0.094301,price_history,,3,0.9487,price_history,,-0.209148,,47.9389,0.6262,-0.214608,0.00546,mid,small,sev1,drug_developer,morningstar,,,,0,0.7990352358437464820443543848,61.64,45.56250000000000000000000000,66.0,79.73,38.91806247170665459483929379,50.63829787234042553191489362,38.1477,-0.2363,2.0,484,9,1.0,0.0233,0,0,0.0,0.3,0.95,oncology,-1.6642,uncrowded,1.0,162,0.02878225,0.433333,-0.1679,27.08,0.559649,0.1501,0.001439,0.0,0.0,0.0,0.0,0.001439,0.0
XENE,Xenon Pharmaceuticals Inc.,33,0.94,C,mod_opt+no_catalyst_data,C,mod_opt+no_catalyst_data,,0.205263,,0,0.558065,1,0.441935,,0,no_upcoming,9,tailwind,,L,sponsor_confirmed|momentum_tailwind,smart_money_score:+24.3;catalyst_score:-11.5;clinical_score:-10.4,tier=C;reason=mod_opt+no_catalyst_data;cat_days=NA;strength=missing;decay_w=0.0,v1.3.0,31f399e0,1,,0,,"{""burn_ttm"": 197637000.0, ""cash_total"": 462268000.0, ""dilution_risk"": null, ""has_revenue"": null, ""lead_phase"": null, ""runway_months"": 28.067699874011446, ""stage_bucket"": ""late"", ""surv_score"": ""5.0"", ""tier1_count"": 8}",late|none|nonpos,0.06036250933786078,,0.7652,0,1,-0.0605,-1.6667,8,8,buying,1.9437,elite_8,0.0,0.0,0.0,,,0.0,0,0,0,True,False,True,missing,0.0,adequate,<=1000bps,519.29,0.85,1,0,1.0,0,1.0,0,,False,no_upcoming,0.088825,price_history,,8,1.047,price_history,,-0.182131,,48.2646,0.341,-0.214608,0.032477,late,mid,none,drug_developer,morningstar,,,,0,0.8874476502082093991671624033,54.33,41.25000000000000000000000000,77.0,40.91,42.31640625000000000000000000,48.67215363511659807956104253,42.9461,-0.0338,3.0,42,12,1.0,1.9794,2,2,0.0,0.6,0.6,cns,0.6955,highly_crowded,1.0,59,0.06036250933786078,0.794737,0.823,32.17,0.657895,0.4067,0.003018,0.0,0.0,0.0,0.0,0.003018,0.0
NUVL,"Nuvalent, Inc.",34,0.94,C,mod_opt+no_catalyst_data,C,mod_opt+no_catalyst_data,,0.84386,,0,0.545161,1,0.454839,,0,no_upcoming,9,tailwind,overbought_rsi,L,sponsor_confirmed|momentum_tailwind,momentum_score:+32.3;catalyst_score:-22.4;clinical_score:-20.7,tier=C;reason=mod_opt+no_catalyst_data;cat_days=NA;strength=missing;decay_w=0.0,v1.3.0,31f399e0,1,,0,,"{""burn_ttm"": 275209000.0, ""cash_total"": 1371952000.0, ""dilution_risk"": null, ""has_revenue"": null, ""lead_phase"": null, ""runway_months"": 59.82153199931688, ""stage_bucket"": ""early"", ""surv_score"": ""5.0"", ""tier1_count"": 5}",early|none|nonpos,0.003309939393939394,,-1.5892,1517,1,-0.033,-1.6129,5,5,buying,0.7775,elite_5,0.0,0.0,0.0,,,0.0,0,0,0,True,False,True,missing,0.0,adequate,<=1000bps,435.14,0.85,1,0,1.0,0,1.0,0,,False,no_upcoming,0.661506,price_history,,5,0.8374,price_history,,0.0,,77.6459,0.5143,-0.214608,0.214608,early,mid,none,drug_developer,morningstar,,,,0,0.8090419593538301198540906722,95.99,41.25000000000000000000000000,74.0,50,42.96000000000000000000000000,64.00000000000000000000000000,41.8397,-0.0805,1.0,1517,2,0.3333,0.0,0,0,0.0,0.3,0.85,oncology,0.6955,highly_crowded,1.0,241,0.003309939393939394,0.15614,-1.0104,40.55,0.780702,0.7746,0.000165,0.0,0.0,0.0,0.0,0.000165,0.0
RVMD,"Revolution Medicines, Inc.",35,1.1,C,mod_opt+no_catalyst_data,C,mod_opt+no_catalyst_data,,0.724561,,0,0.493548,1,0.506452,,0,no_upcoming,9,tailwind,,L,sponsor_confirmed|momentum_tailwind,smart_money_score:+21.9;catalyst_score:-13.8;clinical_score:-6.4,tier=C;reason=mod_opt+no_catalyst_data;cat_days=NA;strength=missing;decay_w=0.0,v1.3.0,31f399e0,1,,0,,"{""burn_ttm"": 897741000.0, ""cash_total"": 2025679000.0, ""dilution_risk"": null, ""has_revenue"": null, ""lead_phase"": null, ""runway_months"": 27.077016645112565, ""stage_bucket"": ""mid"", ""surv_score"": ""5.0"", ""tier1_count"": 8}",mid|none|nonpos,0.004395499999999999,,0.2391,0,1,0.2134,-1.1306,8,8,buying,1.9437,elite_8,0.0,0.0,0.0,,,0.0,0,0,0,True,False,True,missing,0.0,adequate,<=400bps,174.63,1.0,0,0,1.0,0,1.0,0,,False,no_upcoming,0.077026,price_history,,8,0.9059,price_history,,-0.285592,,28.2199,0.4254,-0.214608,-0.070984,mid,large,none,drug_developer,morningstar,,,,0,0.8553846190250828206341694274,55.27,41.25000000000000000000000000,77.0,10.00,48.72843418339117750616166189,53.19148936170212765957446809,47.6564,0.165,2.0,271,7,1.0,0.2119,0,0,0.0,0.3,0.95,oncology,0.6955,highly_crowded,1.0,207,0.004395499999999999,0.275439,-0.5964,35.03,0.703509,0.5345,0.04972,0.0,0.0,0.0,0.0495,0.00022,0.0
ANRO,"Alto Neuroscience, Inc.",36,0.46,C,mod_opt+no_catalyst_data,C,mod_opt+no_catalyst_data,,0.036842,,0,0.474194,1,0.525806,,0,no_upcoming,9,neutral,drawdown_data_missing,M,sponsor_confirmed|cost_haircut_<=2000bps,catalyst_score:-10.7;smart_money_score:+9.1;financial_score:+5.5,tier=C;reason=mod_opt+no_catalyst_data;cat_days=NA;strength=missing;decay_w=0.0,v1.3.0,31f399e0,1,,0,,"{""burn_ttm"": 40253000.0, ""cash_total"": 137816000.0, ""dilution_risk"": null, ""has_revenue"": null, ""lead_phase"": null, ""runway_months"": 41.08493776861352, ""stage_bucket"": ""late"", ""surv_score"": ""5.0"", ""tier1_count"": 2}",late|none|nonpos,0.06036250933786078,,0.9808,0,1,0.2677,-1.0242,2,2,buying,-0.3887,elite_2,0.0,0.0,0.0,,,0.0,0,0,0,True,False,True,missing,0.0,adequate,<=2000bps,1346.61,0.7,1,0,1.0,0,1.0,0,,False,no_upcoming,,,beta_missing:series_too_short,2,,,series_too_short,,no_price_series,,0.9516,-0.214608,,late,small,none,drug_developer,morningstar,,,drawdown,1,0.8333573290306565719250341318,50,41.25000000000000000000000000,61.0,61.19,50,57.39130434782608695652173913,48.5349,0.2021,2.0,335,3,0.0,0.0614,0,0,0.0,0.4,0.5,other,0.6955,highly_crowded,1.0,11,0.06036250933786078,0.963158,1.7886,31.51,0.64386,0.3688,0.063648,0.0,0.0,0.0,0.06063,0.003018,0.0
TNGX,"Tango Therapeutics, Inc.",37,0.94,C,mod_opt+no_catalyst_data,C,mod_opt+no_catalyst_data,,0.889474,,0,0.448387,1,0.551613,,0,no_upcoming,9,tailwind,,L,sponsor_confirmed|momentum_tailwind,financial_score:-45.2;momentum_score:+41.3;smart_money_score:+21.8,tier=C;reason=mod_opt+no_catalyst_data;cat_days=NA;strength=missing;decay_w=0.0,v1.3.0,31f399e0,1,,0,,"{""burn_ttm"": 109168000.0, ""cash_total"": 152811000.0, ""dilution_risk"": null, ""has_revenue"": null, ""lead_phase"": null, ""runway_months"": 16.79733987981826, ""stage_bucket"": ""early"", ""surv_score"": ""2.0"", ""tier1_count"": 5}",early|none|nonpos,0.003309939393939394,,-1.4773,229,1,0.319,-0.9239,5,5,buying,0.7775,elite_5,0.0,0.0,0.0,,,0.0,0,0,0,True,False,True,missing,0.0,adequate,<=1000bps,564.69,0.85,1,0,1.0,0,1.0,0,,False,no_upcoming,2.444943,price_history,,5,0.9957,price_history,,-0.052456,,66.5268,0.8943,-0.214608,0.162152,early,small,sev1,drug_developer,morningstar,,,,0,0.7737365503749592435604825562,96.55,41.25000000000000000000000000,77.0,25.00,51.20000000000000000000000000,10.05486968449931412894375857,50.0797,0.2673,1.0,229,4,1.0,0.0378,0,0,0.0,0.3,0.85,oncology,0.6955,highly_crowded,1.0,254,0.003309939393939394,0.110526,-1.2237,19.46,0.387719,-0.2853,0.080355,0.0,0.0,0.0,0.08019,0.000165,0.0
TYRA,"Tyra Biosciences, Inc.",38,0.94,C,mod_opt+no_catalyst_data,C,mod_opt+no_catalyst_data,,0.903509,,0,0.390323,1,0.609677,,0,no_upcoming,9,tailwind,,L,sponsor_confirmed|momentum_tailwind|runway_short,financial_score:-38.2;smart_money_score:+17.3;clinical_score:+12.4,tier=C;reason=mod_opt+no_catalyst_data;cat_days=NA;strength=missing;decay_w=0.0,v1.3.0,31f399e0,1,,0,,"{""burn_ttm"": 71518000.0, ""cash_total"": 61951000.0, ""dilution_risk"": null, ""has_revenue"": null, ""lead_phase"": null, ""runway_months"": 10.394753768282111, ""stage_bucket"": ""early"", ""surv_score"": ""0.0"", ""tier1_count"": 2}",early|none|nonpos,0.003309939393939394,,-1.5639,573,1,0.507,-0.556,2,2,buying,-0.3887,elite_2,0.0,0.0,0.0,,,0.0,0,0,0,True,False,True,missing,0.0,short,<=1000bps,678.57,0.85,1,0,1.0,0,1.0,0,,False,no_upcoming,0.128255,price_history,,2,1.3481,price_history,,-0.179897,,50.8706,0.7452,-0.214608,0.034711,early,small,sev2,drug_developer,morningstar,,,,0,0.7853921532091097308488612836,53.64,41.25000000000000000000000000,60.5,50,55.60000000000000000000000000,5,54.4797,0.453,1.0,573,1,0.0,0.0021,0,0,0.0,0.3,0.85,oncology,0.6955,highly_crowded,1.0,258,0.003309939393939394,0.096491,-1.3018,15.92,0.24386,-0.6939,0.136065,0.0,0.0,0.0,0.1359,0.000165,0.0
PTGX,"Protagonist Therapeutics, Inc.",39,0.66,C,mod_opt+no_catalyst_data,C,mod_opt+no_catalyst_data,,0.166667,,0,0.519355,1,0.480645,,0,no_upcoming,9,headwind,deep_drawdown,M,sponsor_confirmed|momentum_headwind,smart_money_score:+22.5;financial_score:-8.1;catalyst_score:-7.7,tier=C;reason=mod_opt+no_catalyst_data;cat_days=NA;strength=missing;decay_w=0.0,v1.3.0,31f399e0,1,,0,,"{""burn_ttm"": 0.0, ""cash_total"": 567364000.0, ""dilution_risk"": null, ""has_revenue"": null, ""lead_phase"": null, ""runway_months"": null, ""stage_bucket"": ""late"", ""surv_score"": ""5.0"", ""tier1_count"": 5}",late|none|nonpos,0.06036250933786078,,0.7664,0,1,0.0782,-1.3953,5,5,buying,0.7775,elite_5,0.0,0.0,0.0,,,0.0,0,0,0,True,False,True,missing,0.0,adequate,<=400bps,371.54,1.0,0,0,1.0,0,1.0,0,,False,no_upcoming,-0.138263,price_history,,5,0.6984,price_history,,-0.446867,,30.3058,0.6429,-0.214608,-0.232259,late,mid,none,drug_developer,morningstar,,,,0,0.8801873653984206748025843503,45.75,41.25000000000000000000000000,71.5,15.33,45.56250000000000000000000000,40.93552812071330589849108367,44.1606,0.0175,3.0,504,9,1.0,0.1427,0,0,0.0,0.4,0.6,autoimmune,0.2236,moderate,1.0,48,0.06036250933786078,0.833333,0.9674,37.67,0.745614,0.6608,0.008268,0.0,0.0,0.0,0.00525,0.003018,0.0
ROIV,Roivant Sciences Ltd.,40,1.1,C,mod_opt+no_catalyst_data,C,mod_opt+no_catalyst_data,,0.721053,,0,0.435484,1,0.564516,,0,no_upcoming,9,tailwind,high_beta,L,sponsor_confirmed|momentum_tailwind|high_risk,catalyst_score:-20.9;smart_money_score:+15.4;financial_score:+11.5,tier=C;reason=mod_opt+no_catalyst_data;cat_days=NA;strength=missing;decay_w=0.0,v1.3.0,31f399e0,1,,0,,"{""burn_ttm"": 586531000.0, ""cash_total"": 4529978000.0, ""dilution_risk"": null, ""has_revenue"": null, ""lead_phase"": null, ""runway_months"": 92.68007317601287, ""stage_bucket"": ""mid"", ""surv_score"": ""4.0"", ""tier1_count"": 5}",mid|none|nonpos,0.004395499999999999,,0.2522,0,1,0.3604,-0.8428,5,5,buying,0.7775,elite_5,0.0,0.0,0.0,,,0.0,0,0,0,True,False,True,missing,0.0,adequate,<=400bps,227.11,1.0,0,0,1.0,0,1.0,0,,False,no_upcoming,0.234889,price_history,,5,2.0667,price_history,,-0.181198,,47.5235,0.3407,-0.214608,0.03341,mid,large,none,drug_developer,morningstar,,,,0,0.8416273883976709079145999569,66.20,41.25000000000000000000000000,77.5,50,52.17021276595744680851063830,73.61702127659574468085106383,50.7052,0.2937,2.0,,2,0.3333,0.0,0,0,0.0,0.4,0.55,infectious_disease,0.6955,highly_crowded,1.0,206,0.004395499999999999,0.278947,-0.586,41.88,0.822807,0.9261,0.08833,0.0,0.0,0.0,0.08811,0.00022,0.0
DYN,"Dyne Therapeutics, Inc.",41,0.94,C,mod_opt+no_catalyst_data,C,mod_opt+no_catalyst_data,,0.798246,,0,0.409677,1,0.590323,,0,no_upcoming,9,neutral,deep_drawdown,L,sponsor_confirmed,smart_money_score:+28.5;financial_score:-18.8;catalyst_score:-10.2,tier=C;reason=mod_opt+no_catalyst_data;cat_days=NA;strength=missing;decay_w=0.0,v1.3.0,31f399e0,1,,0,,"{""burn_ttm"": 291375000.0, ""cash_total"": 573610000.0, ""dilution_risk"": null, ""has_revenue"": null, ""lead_phase"": null, ""runway_months"": 23.382986890781424, ""stage_bucket"": ""early"", ""surv_score"": ""3.0"", ""tier1_count"": 8}",early|none|nonpos,0.003309939393939394,,-1.5725,2095,1,0.4215,-0.7232,8,8,buying,1.9437,elite_8,0.0,0.0,0.0,,,0.0,0,0,0,True,False,True,missing,0.0,adequate,<=1000bps,520.7,0.85,1,0,1.0,0,1.0,0,,False,no_upcoming,0.075777,price_history,,8,1.7321,price_history,,-0.372667,,48.4503,0.7655,-0.214608,-0.158059,early,mid,sev1,drug_developer,morningstar,,,,0,0.7847193117900077203044005735,49.96,41.25000000000000000000000000,80.0,10.00,53.60000000000000000000000000,32.64493827160493827160493827,52.4849,0.3688,1.0,2095,3,0.0,0.0,0,0,0.0,0.4,0.65,rare_disease,-0.4844,uncrowded,1.0,228,0.003309939393939394,0.201754,-0.8354,32.74,0.664912,0.4259,0.110805,0.0,0.0,0.0,0.11064,0.000165,0.0
ALMS,Alumis Inc.,42,0.33,C,mod_opt+no_catalyst_data,C,mod_opt+no_catalyst_data,,0.678947,,0,0.506452,1,0.493548,,0,no_upcoming,9,neutral,high_vol|drawdown_data_missing,S,sponsor_confirmed|runway_short|high_risk,financial_score:-32.2;smart_money_score:+31.4;momentum_score:+4.4,tier=C;reason=mod_opt+no_catalyst_data;cat_days=NA;strength=missing;decay_w=0.0,v1.3.0,31f399e0,1,,0,,"{""burn_ttm"": 297616000.0, ""cash_total"": 377724000.0, ""dilution_risk"": null, ""has_revenue"": null, ""lead_phase"": null, ""runway_months"": 15.229987635073384, ""stage_bucket"": ""mid"", ""surv_score"": ""2.0"", ""tier1_count"": 7}",mid|none|nonpos,0.004395499999999999,,0.2366,0,1,0.1061,-1.3407,7,7,buying,1.5549,elite_7,0.0,0.0,0.0,,,0.0,0,0,0,True,False,True,missing,0.0,short,<=400bps,343.6,1.0,0,0,1.0,0,1.0,0,,False,no_upcoming,,,beta_missing:series_too_short,7,,,series_too_short,,no_price_series,,2.1586,-0.214608,,mid,mid,sev2,drug_developer,morningstar,,,drawdown,1,0.7941176470588235294117647059,50,41.25000000000000000000000000,77.0,17.57,46.21548211860570393843368039,13.34993209597102761430511543,44.7504,0.0424,2.0,312,5,1.0,0.0746,0,0,0.0,0.4,0.6,autoimmune,0.6955,highly_crowded,1.0,194,0.004395499999999999,0.321053,-0.4648,13.92,0.170175,-0.9535,0.01294,0.0,0.0,0.0,0.01272,0.00022,0.0
KYTX,"Kyverna Therapeutics, Inc.",43,0.28,C,mod_opt+no_catalyst_data,C,mod_opt+no_catalyst_data,,0.819298,,0,0.512903,1,0.487097,,0,no_upcoming,9,neutral,high_vol|drawdown_data_missing,S,high_risk,financial_score:-15.9;smart_money_score:+11.3;momentum_score:+5.8,tier=C;reason=mod_opt+no_catalyst_data;cat_days=NA;strength=missing;decay_w=0.0,v1.3.0,31f399e0,1,,0,,"{""burn_ttm"": 120185000.0, ""cash_total"": 171138000.0, ""dilution_risk"": null, ""has_revenue"": null, ""lead_phase"": null, ""runway_months"": 17.08745683737571, ""stage_bucket"": ""early"", ""surv_score"": ""2.0"", ""tier1_count"": 1}",early|none|nonpos,0.003309939393939394,,-1.583,1030,1,0.099,-1.3546,1,1,buying,-0.7775,elite_1,0.0,0.0,0.0,,,0.0,0,0,0,True,False,True,missing,0.0,adequate,<=1000bps,916.58,0.85,1,0,1.0,0,1.0,0,,False,no_upcoming,,,beta_missing:series_too_short,1,,,series_too_short,,no_price_series,,1.2661,-0.214608,,early,small,sev1,drug_developer,morningstar,,,drawdown,1,0.7022076310619377520421879847,50,41.25000000000000000000000000,55.5,50,46.04938271604938271604938272,28.34705075445816186556927298,44.2291,0.0204,1.0,1030,1,0.0,0.0,0,0,0.0,0.3,0.6,autoimmune,0.6955,highly_crowded,1.0,234,0.003309939393939394,0.180702,-0.9127,22.52,0.475439,-0.0616,0.006285,0.0,0.0,0.0,0.00612,0.000165,0.0
BCAX,Bicara Therapeutics Inc.,44,0.46,C,mod_opt+no_catalyst_data,C,mod_opt+no_catalyst_data,,0.766667,,0,0.422581,1,0.577419,,0,no_upcoming,9,neutral,drawdown_data_missing,M,sponsor_confirmed|cost_haircut_<=2000bps,smart_money_score:+15.8;catalyst_score:-14.4;financial_score:+7.6,tier=C;reason=mod_opt+no_catalyst_data;cat_days=NA;strength=missing;decay_w=0.0,v1.3.0,31f399e0,1,,0,,"{""burn_ttm"": 82948000.0, ""cash_total"": 290167000.0, ""dilution_risk"": null, ""has_revenue"": null, ""lead_phase"": null, ""runway_months"": 41.9781549886676, ""stage_bucket"": ""early"", ""surv_score"": ""5.0"", ""tier1_count"": 4}",early|none|nonpos,0.003309939393939394,,-1.5732,1182,1,0.3703,-0.8236,4,4,buying,0.3887,elite_4,0.0,0.0,0.0,,,0.0,0,0,0,True,False,True,missing,0.0,adequate,<=2000bps,1066.54,0.7,1,0,1.0,0,1.0,0,,False,no_upcoming,,,beta_missing:series_too_short,4,,,series_too_short,,no_price_series,,0.6287,-0.214608,,early,small,none,drug_developer,morningstar,,,drawdown,1,0.7275480669836675625387636965,50,41.25000000000000000000000000,71.5,50,52.40000000000000000000000000,63.33333333333333333333333333,51.2797,0.3179,1.0,1182,1,0.0,0.0,0,0,0.0,0.3,0.85,oncology,0.6955,highly_crowded,1.0,219,0.003309939393939394,0.233333,-0.7279,37.38,0.738596,0.639,0.095535,0.0,0.0,0.0,0.09537,0.000165,0.0
IRON,"Disc Medicine, Inc.",45,0.94,C,mod_opt+no_catalyst_data,C,mod_opt+no_catalyst_data,,0.707018,,0,0.325806,1,0.674194,,0,no_upcoming,9,tailwind,,L,sponsor_confirmed|momentum_tailwind,catalyst_score:-25.8;smart_money_score:+12.9;momentum_score:+11.9,tier=C;reason=mod_opt+no_catalyst_data;cat_days=NA;strength=missing;decay_w=0.0,v1.3.0,31f399e0,1,,0,,"{""burn_ttm"": 180393000.0, ""cash_total"": 791152000.0, ""dilution_risk"": null, ""has_revenue"": null, ""lead_phase"": null, ""runway_months"": 52.62856097520414, ""stage_bucket"": ""mid"", ""surv_score"": ""5.0"", ""tier1_count"": 8}",mid|none|nonpos,0.004395499999999999,,0.2548,0,1,0.6222,-0.3304,8,8,buying,1.9437,elite_8,0.0,0.0,0.0,,,0.0,0,0,0,True,False,True,missing,0.0,adequate,<=1000bps,463.13,0.85,1,0,1.0,0,1.0,0,,False,no_upcoming,0.065509,price_history,,8,0.7329,price_history,,-0.251724,,35.3182,0.4392,-0.214608,-0.037116,mid,mid,none,drug_developer,morningstar,,,,0,0.8605400250512411751309496698,78.95,41.25000000000000000000000000,80.0,25.68,58.29787234042553191489361702,77.000,57.4044,0.5764,2.0,137,4,1.0,0.3445,0,1,0.0,0.4,0.5,other,-0.4844,uncrowded,1.0,202,0.004395499999999999,0.292982,-0.5447,52.24,0.984211,2.1497,0.17314,0.0,0.0,0.0,0.17292,0.00022,0.0
EYPT,"EyePoint, Inc.",46,0.56,C,low_opt+no_catalyst_data,C,low_opt+no_catalyst_data,,0.436842,,0,0.235484,1,0.764516,,0,no_upcoming,9,tailwind,high_beta|deep_drawdown,M,sponsor_confirmed|momentum_tailwind|runway_short|high_risk,financial_score:-44.3;momentum_score:+23.8;smart_money_score:+19.7,tier=C;reason=low_opt+no_catalyst_data;cat_days=NA;strength=missing;decay_w=0.0,v1.3.0,31f399e0,1,,0,,"{""burn_ttm"": 175063000.0, ""cash_total"": 204022000.0, ""dilution_risk"": null, ""has_revenue"": null, ""lead_phase"": null, ""runway_months"": 13.985045383661882, ""stage_bucket"": ""late"", ""surv_score"": ""2.0"", ""tier1_count"": 4}",late|none|pos,0.03406975903614458,,1.0198,0,1,0.8765,0.1673,4,4,buying,0.3887,elite_4,0.0,0.0,0.0,,,0.0,0,0,0,True,False,True,missing,0.0,short,<=1000bps,660.09,0.85,1,0,1.0,0,1.0,0,,False,no_upcoming,0.087685,price_history,,4,2.0006,price_history,,-0.439453,,43.2555,0.7147,-0.214608,-0.224845,late,small,sev2,drug_developer,morningstar,,,,0,0.9,76.11,41.25000000000000000000000000,72.0,59.09,64.25000000000000000000000000,8.017223272421760134425540846,64.3663,0.8702,3.0,,9,1.0,0.9789,1,2,0.0,0.4,0.55,ophthalmology,0.2236,moderate,1.0,125,0.03406975903614458,0.563158,0.159,13.34,0.145614,-1.0554,0.513713,0.25095,0.0,0.0,0.26106,0.001703,0.0
CGEM,"Cullinan Therapeutics, Inc.",47,0.94,C,mod_opt+no_catalyst_data,C,mod_opt+no_catalyst_data,,0.784211,,0,0.3,1,0.7,,0,no_upcoming,9,neutral,deep_drawdown,L,sponsor_confirmed,clinical_score:+10.0;catalyst_score:-8.7;financial_score:+3.4,tier=C;reason=mod_opt+no_catalyst_data;cat_days=NA;strength=missing;decay_w=0.0,v1.3.0,31f399e0,1,,0,,"{""burn_ttm"": 137641000.0, ""cash_total"": 332596000.0, ""dilution_risk"": null, ""has_revenue"": null, ""lead_phase"": null, ""runway_months"": 28.996825073924192, ""stage_bucket"": ""early"", ""surv_score"": ""5.0"", ""tier1_count"": 4}",early|none|nonpos,0.003309939393939394,,-1.5609,848,1,0.6949,-0.188,4,4,selling,0.3887,elite_4,0.0,0.0,0.0,,,0.0,0,0,0,True,False,True,missing,0.0,adequate,<=1000bps,848.87,0.85,1,0,1.0,0,1.0,0,,False,no_upcoming,-0.081724,price_history,,4,1.0737,price_history,,-0.356828,,39.5267,1.1117,-0.214608,-0.14222,early,small,none,drug_developer,morningstar,,,,0,0.8225459353999566442662042055,47.69,41.25000000000000000000000000,47.5,43.18,60.00000000000000000000000000,53.33333333333333333333333334,58.8797,0.6387,1.0,848,6,1.0,0.0004,0,0,0.0,0.3,0.85,oncology,0.6955,highly_crowded,1.0,224,0.003309939393939394,0.215789,-0.7865,43.72,0.854386,1.0554,0.191775,0.0,0.0,0.0,0.19161,0.000165,0.0
UPB,"Upstream Bio, Inc.",48,0.46,C,low_opt+no_catalyst_data,C,low_opt+no_catalyst_data,,0.310526,,0,0.151613,1,0.848387,,0,no_upcoming,9,neutral,drawdown_data_missing,M,sponsor_confirmed|cost_haircut_<=2000bps,catalyst_score:-20.1;momentum_score:-11.4;financial_score:+11.1,tier=C;reason=low_opt+no_catalyst_data;cat_days=NA;strength=missing;decay_w=0.0,v1.3.0,31f399e0,1,,0,,"{""burn_ttm"": 102644000.0, ""cash_total"": 372427000.0, ""dilution_risk"": null, ""has_revenue"": null, ""lead_phase"": null, ""runway_months"": 43.540041307821205, ""stage_bucket"": ""early"", ""surv_score"": ""5.0"", ""tier1_count"": 4}",early|none|pos,0.0511918449197861,,-1.5072,,0,1.1904,0.7819,4,4,buying,0.3887,elite_4,0.0,0.0,0.0,,,0.0,0,0,0,True,False,True,missing,0.0,adequate,<=2000bps,1072.05,0.7,1,0,1.0,0,1.0,0,,False,no_upcoming,,,beta_missing:series_too_short,4,,,series_too_short,,no_price_series,,0.6702,-0.214608,,early,small,none,drug_developer,morningstar,,,drawdown,1,0.7738801197357555739058629232,50,41.25000000000000000000000000,71.5,50,71.60000,72.50000000000000000000000000,70.1981,1.1163,1.0,,1,0.0,0.0,0,0,0.0,0.4,0.5,respiratory,0.2236,moderate,1.0,89,0.0511918449197861,0.689474,0.4944,54.75,0.994737,2.558,0.33745,0.0,0.0,0.0,0.33489,0.00256,0.0
SLN,Silence Therapeutics Plc - Amer,49,0.36,C,low_opt+no_catalyst_data,C,low_opt+no_catalyst_data,,0.622807,,0,0.093548,1,0.906452,,0,no_upcoming,9,tailwind,deep_drawdown,M,momentum_tailwind|cost_haircut_>2000bps,momentum_score:+25.4;catalyst_score:-20.5;clinical_score:+13.2,tier=C;reason=low_opt+no_catalyst_data;cat_days=NA;strength=missing;decay_w=0.0,v1.3.0,31f399e0,1,,0,,"{""burn_ttm"": 44984000.0, ""cash_total"": 102192000.0, ""dilution_risk"": null, ""has_revenue"": null, ""lead_phase"": null, ""runway_months"": 27.26089276187089, ""stage_bucket"": ""mid"", ""surv_score"": ""4.0"", ""tier1_count"": 1}",mid|none|pos,0.021834,,0.2788,0,1,1.3311,1.0573,1,1,selling,-0.7775,elite_1,0.0,0.0,0.0,,,0.0,0,0,0,True,False,True,missing,0.0,adequate,>2000bps,2020.0,0.55,1,0,1.0,0,1.0,0,,False,no_upcoming,0.636275,price_history,,1,0.4199,price_history,,-0.449971,,52.6748,0.6409,-0.214608,-0.235363,mid,micro,none,drug_developer,morningstar,,,,0,0.7518393697341065762118393697,87.15,41.25000000000000000000000000,49.5,90.00,74.89361702127659574468085107,55.74468085106382978723404256,74.4822,1.2972,2.0,97,7,1.0,0.4456,0,1,0.0,0.4,0.95,oncology,0.6955,highly_crowded,1.0,178,0.021834,0.377193,-0.3129,42.94,0.840351,0.9959,1.447552,1.0573,0.0,0.0,0.38916,0.001092,0.0
AARD,"Aardvark Therapeutics, Inc.",50,0.18,C,low_opt+no_catalyst_data,C,low_opt+no_catalyst_data,,0.570175,,0,0.132258,1,0.867742,,0,no_upcoming,9,neutral,drawdown_data_missing,S,cost_haircut_>2000bps,catalyst_score:-17.4;clinical_score:+13.7;financial_score:+12.4,tier=C;reason=low_opt+no_catalyst_data;cat_days=NA;strength=missing;decay_w=0.0,v1.3.0,31f399e0,1,,0,,"{""burn_ttm"": 37362000.0, ""cash_total"": 126350000.0, ""dilution_risk"": null, ""has_revenue"": null, ""lead_phase"": null, ""runway_months"": 40.581339328729726, ""stage_bucket"": ""mid"", ""surv_score"": ""5.0"", ""tier1_count"": 0}",mid|none|pos,0.021834,,-0.9466,354,1,1.2221,0.8439,0,0,neutral,-1.1662,,0.0,0.0,0.0,,,0.0,0,0,0,True,False,True,missing,0.0,adequate,>2000bps,2020.0,0.55,1,0,1.0,0,1.0,0,,False,no_upcoming,,,beta_missing:series_too_short,0,,,series_too_short,,no_price_series,,0.9146,-0.214608,,mid,micro,none,drug_developer,morningstar,,,drawdown,1,0.7382386050104844939852113453,50,41.25000000000000000000000000,,60.81,72.34042553191489361702127660,71.06382978723404255319148936,71.2254,1.1597,2.0,354,3,0.6667,0.0523,0,0,0.0,0.4,0.55,metabolic,-0.4844,uncrowded,1.0,163,0.021834,0.429825,-0.1768,43.60,0.850877,1.0402,1.192902,0.8439,0.0,0.0,0.34791,0.001092,0.0
MLTX,MoonLake Immunotherapeutics,51,0.94,C,low_opt+no_catalyst_data,C,low_opt+no_catalyst_data,,0.594737,,0,0.229032,1,0.770968,,0,no_upcoming,9,tailwind,,L,sponsor_confirmed|momentum_tailwind,momentum_score:+32.9;catalyst_score:-22.4;smart_money_score:-7.6,tier=C;reason=low_opt+no_catalyst_data;cat_days=NA;strength=missing;decay_w=0.0,v1.3.0,31f399e0,1,,0,,"{""burn_ttm"": 196007000.0, ""cash_total"": 334517000.0, ""dilution_risk"": null, ""has_revenue"": null, ""lead_phase"": null, ""runway_months"": 20.47990122801737, ""stage_bucket"": ""mid"", ""surv_score"": ""3.0"", ""tier1_count"": 4}",mid|none|pos,0.021834,,0.2621,0,1,0.8949,0.2034,4,4,selling,0.3887,elite_4,0.0,0.0,0.0,,,0.0,0,0,0,True,False,True,missing,0.0,adequate,<=1000bps,513.23,0.85,1,0,1.0,0,1.0,0,,False,no_upcoming,0.34212,price_history,,4,0.921,price_history,,-0.032661,,60.4853,,-0.214608,0.181947,mid,small,none,drug_developer,morningstar,,,,0,0.7538429142977468940829648347,96.55,41.25000000000000000000000000,56.0,50,64.68085106382978723404255319,59.57446808510638297872340426,63.5504,0.8358,2.0,101,2,0.3333,0.431,0,1,0.0,0.4,0.5,dermatology,0.6955,crowded,1.0,170,0.021834,0.405263,-0.2397,33.26,0.675439,0.455,0.455232,0.2034,0.0,0.0,0.25074,0.001092,0.0
LXEO,"Lexeo Therapeutics, Inc.",52,0.23,C,low_opt+no_catalyst_data,C,low_opt+no_catalyst_data,,0.27193,,0,0.241935,1,0.758065,,0,no_upcoming,9,neutral,drawdown_data_missing,S,cost_haircut_<=2000bps,financial_score:-26.0;clinical_score:+17.9;smart_money_score:+8.9,tier=C;reason=low_opt+no_catalyst_data;cat_days=NA;strength=missing;decay_w=0.0,v1.3.0,31f399e0,1,,0,,"{""burn_ttm"": 78482000.0, ""cash_total"": 111914000.0, ""dilution_risk"": null, ""has_revenue"": null, ""lead_phase"": null, ""runway_months"": 17.111796335465456, ""stage_bucket"": ""early"", ""surv_score"": ""2.0"", ""tier1_count"": 1}",early|none|pos,0.0511918449197861,,-1.5335,398,1,0.8658,0.1464,1,1,neutral,-0.7775,elite_1,0.0,0.0,0.0,,,0.0,0,0,0,True,False,True,missing,0.0,adequate,<=2000bps,1098.2,0.7,1,0,1.0,0,1.0,0,,False,no_upcoming,,,beta_missing:series_too_short,1,,,series_too_short,,no_price_series,,0.8592,-0.214608,,early,small,sev1,drug_developer,morningstar,,,drawdown,1,0.7257200304314748396913378981,50,41.25000000000000000000000000,55.0,34.09,64.00000000000000000000000000,20.09602194787379972565157750,62.5297,0.7927,1.0,398,2,0.3333,0.0091,0,0,0.0,0.3,0.6,cns,-0.4844,uncrowded,1.0,78,0.0511918449197861,0.72807,0.607,26.40,0.538596,0.0969,0.24037,0.0,0.0,0.0,0.23781,0.00256,0.0
PCVX,"Vaxcyte, Inc.",53,1.1,C,low_opt+no_catalyst_data,C,low_opt+no_catalyst_data,,0.598246,,0,0.248387,1,0.751613,,0,no_upcoming,9,tailwind,,L,sponsor_confirmed|momentum_tailwind,smart_money_score:+22.3;catalyst_score:-21.4;financial_score:-5.6,tier=C;reason=low_opt+no_catalyst_data;cat_days=NA;strength=missing;decay_w=0.0,v1.3.0,31f399e0,1,,0,,"{""burn_ttm"": 655577000.0, ""cash_total"": 1560959000.0, ""dilution_risk"": null, ""has_revenue"": null, ""lead_phase"": null, ""runway_months"": 28.57255211821037, ""stage_bucket"": ""mid"", ""surv_score"": ""5.0"", ""tier1_count"": 8}",mid|none|pos,0.021834,,-0.9856,689,1,0.8403,0.0966,8,8,buying,1.9437,elite_8,0.0,0.0,0.0,,,0.0,0,0,0,True,False,True,missing,0.0,adequate,<=400bps,341.6,1.0,0,0,1.0,0,1.0,0,,False,no_upcoming,0.098315,price_history,,8,0.5999,price_history,,-0.095062,,44.6535,0.4931,-0.214608,0.119546,mid,mid,none,drug_developer,morningstar,,,,0,0.7543752159391915236669353910,66.68,41.25000000000000000000000000,85,10.00,63.40425531914893617021276596,57.02127659574468085106382979,61.9339,0.7676,2.0,689,2,0.3333,0.0032,0,0,0.0,0.3,0.5,other,-3.552,uncrowded,1.0,171,0.021834,0.401754,-0.2488,43.58,0.84386,1.0104,0.327972,0.0966,0.0,0.0,0.23028,0.001092,0.0
TCRX,"TScan Therapeutics, Inc.",54,0.61,C,low_opt+no_catalyst_data,C,low_opt+no_catalyst_data,,0.307018,,0,0.216129,1,0.783871,,0,no_upcoming,9,tailwind,overbought_rsi,L,sponsor_confirmed|momentum_tailwind|cost_haircut_>2000bps,momentum_score:+32.2;financial_score:-28.7;catalyst_score:-15.9,tier=C;reason=low_opt+no_catalyst_data;cat_days=NA;strength=missing;decay_w=0.0,v1.3.0,31f399e0,1,,0,,"{""burn_ttm"": 103317000.0, ""cash_total"": 184453000.0, ""dilution_risk"": null, ""has_revenue"": null, ""lead_phase"": null, ""runway_months"": 21.003529947620134, ""stage_bucket"": ""early"", ""surv_score"": ""3.0"", ""tier1_count"": 2}",early|none|pos,0.0511918449197861,,-1.5433,787,1,0.9341,0.2802,2,2,buying,-0.3887,elite_2,0.0,0.0,0.0,,,0.0,0,0,0,True,False,True,missing,0.0,adequate,>2000bps,2036.0,0.55,1,0,1.0,0,1.0,0,,False,no_upcoming,0.610414,price_history,,2,0.5978,price_history,,-0.303093,,72.6328,,-0.214608,-0.088485,early,micro,sev1,drug_developer,morningstar,,,,0,0.7584115138592750533049040512,89.28,41.25000000000000000000000000,61.0,90.00,65.60000000000000000000000000,28.46123456790123456790123457,64.4797,0.875,1.0,787,6,1.0,0.0004,0,0,0.0,0.3,0.85,oncology,0.6955,highly_crowded,1.0,88,0.0511918449197861,0.692982,0.5043,28.64,0.580702,0.2037,0.26506,0.0,0.0,0.0,0.2625,0.00256,0.0
MAZE,"Maze Therapeutics, Inc.",55,0.94,C,low_opt+no_catalyst_data,C,low_opt+no_catalyst_data,,0.275439,,0,0.1,1,0.9,,0,no_upcoming,9,neutral,drawdown_data_missing,L,sponsor_confirmed,catalyst_score:-17.5;clinical_score:+15.7;momentum_score:-8.8,tier=C;reason=low_opt+no_catalyst_data;cat_days=NA;strength=missing;decay_w=0.0,v1.3.0,31f399e0,1,,0,,"{""burn_ttm"": 84210000.0, ""cash_total"": 383935000.0, ""dilution_risk"": null, ""has_revenue"": null, ""lead_phase"": null, ""runway_months"": 54.71107944424653, ""stage_bucket"": ""early"", ""surv_score"": ""5.0"", ""tier1_count"": 3}",early|none|pos,0.0511918449197861,,-0.258,0,1,1.31,1.0161,3,3,buying,0.0,elite_3,0.0,0.0,0.0,,,0.0,0,0,0,True,False,True,missing,0.0,adequate,<=1000bps,700.63,0.85,1,0,1.0,0,1.0,0,,False,no_upcoming,,,beta_missing:series_too_short,3,,,series_too_short,,no_price_series,,0.5761,-0.214608,,early,mid,none,drug_developer,morningstar,,,drawdown,1,0.7230626691651051426191963356,50,41.25000000000000000000000000,66.5,50,74.40000000000000000000000000,61.60000000000000000000000000,73.6297,1.2612,1.0,,1,0.0,0.0,0,0,0.0,0.6,0.5,other,-0.4844,uncrowded,1.0,79,0.0511918449197861,0.724561,0.5964,47.76,0.917544,1.3887,0.38092,0.0,0.0,0.0,0.37836,0.00256,0.0
LCTX,"Lineage Cell Therapeutics, Inc.",56,0.36,C,low_opt+no_catalyst_data,C,low_opt+no_catalyst_data,,0.268421,,0,0.177419,1,0.822581,,0,no_upcoming,9,tailwind,,M,momentum_tailwind|cost_haircut_>2000bps,financial_score:-24.5;clinical_score:+21.6;momentum_score:+8.9,tier=C;reason=low_opt+no_catalyst_data;cat_days=NA;strength=missing;decay_w=0.0,v1.3.0,31f399e0,1,,0,,"{""burn_ttm"": 14041000.0, ""cash_total"": 40486000.0, ""dilution_risk"": null, ""has_revenue"": null, ""lead_phase"": null, ""runway_months"": 34.60095434798091, ""stage_bucket"": ""early"", ""surv_score"": ""2.0"", ""tier1_count"": 0}",early|none|pos,0.0511918449197861,,-0.2869,0,1,1.0708,0.5478,0,0,neutral,-1.1662,,0.0,0.0,0.0,,,0.0,0,0,0,True,False,True,missing,0.0,adequate,>2000bps,2020.0,0.55,1,0,1.0,0,1.0,0,,False,no_upcoming,0.088181,price_history,,0,0.7955,price_history,,-0.117647,,58.798,0.5717,-0.214608,0.096961,early,small,none,drug_developer,morningstar,,,,0,0.8074176380368098159509202454,56.09,41.25000000000000000000000000,,61.36,68.80000000000000000000000000,22.77777777777777777777777778,67.3297,0.9953,1.0,,3,0.6667,0.0,0,0,0.0,0.3,0.5,other,-2.3722,uncrowded,1.0,77,0.0511918449197861,0.731579,0.6176,39.31,0.770175,0.7394,0.30115,0.0,0.0,0.0,0.29859,0.00256,0.0
PGEN,"Precigen, Inc.",57,0.56,C,low_opt+no_catalyst_data,C,low_opt+no_catalyst_data,,0.292982,,0,0.087097,1,0.912903,,0,no_upcoming,9,tailwind,high_beta|deep_drawdown,M,momentum_tailwind|high_risk,financial_score:-42.1;clinical_score:+25.4;momentum_score:+19.6,tier=C;reason=low_opt+no_catalyst_data;cat_days=NA;strength=missing;decay_w=0.0,v1.3.0,31f399e0,1,,0,,"{""burn_ttm"": 64371000.0, ""cash_total"": 121135000.0, ""dilution_risk"": null, ""has_revenue"": null, ""lead_phase"": null, ""runway_months"": 22.581908002050614, ""stage_bucket"": ""early"", ""surv_score"": ""0.0"", ""tier1_count"": 1}",early|none|pos,0.0511918449197861,,-0.2554,0,1,1.3442,1.083,1,1,buying,-0.7775,elite_1,0.0,0.0,0.0,,,0.0,0,0,0,True,False,True,missing,0.0,adequate,<=1000bps,775.44,0.85,1,0,1.0,0,1.0,0,,False,no_upcoming,0.46785,price_history,,1,2.1446,price_history,,-0.378995,,44.2598,0.8424,-0.214608,-0.164387,early,small,sev1,drug_developer,morningstar,,,,0,0.7473850512094138156461102637,69.45,41.25000000000000000000000000,55.5,29.55,75.20000000000000000000000000,7.716049382716049382716049384,74.4349,1.2952,1.0,195,6,1.0,0.1094,0,0,0.0,0.4,0.85,oncology,0.6955,highly_crowded,1.0,84,0.0511918449197861,0.707018,0.5447,28.63,0.577193,0.1947,0.39112,0.0,0.0,0.0,0.38856,0.00256,0.0
SGMT,Sagimet Biosciences Inc. - Seri,58,0.23,C,low_opt+no_catalyst_data,C,low_opt+no_catalyst_data,,0.619298,,0,0.067742,1,0.932258,,0,no_upcoming,9,neutral,drawdown_data_missing,S,cost_haircut_<=2000bps,clinical_score:+18.6;catalyst_score:-16.3;financial_score:+10.3,tier=C;reason=low_opt+no_catalyst_data;cat_days=NA;strength=missing;decay_w=0.0,v1.3.0,31f399e0,1,,0,,"{""burn_ttm"": 33817000.0, ""cash_total"": 116693000.0, ""dilution_risk"": null, ""has_revenue"": null, ""lead_phase"": null, ""runway_months"": 41.40864062453795, ""stage_bucket"": ""mid"", ""surv_score"": ""5.0"", ""tier1_count"": 1}",mid|none|pos,0.021834,,0.2904,0,1,1.3857,1.1641,1,1,neutral,-0.7775,elite_1,0.0,0.0,0.0,,,0.0,0,0,0,True,False,True,missing,0.0,adequate,<=2000bps,1650.31,0.7,1,0,1.0,0,1.0,0,,False,no_upcoming,-0.313929,price_history,,1,1.1996,price_history,,,series_too_short,33.8296,0.6734,-0.214608,,mid,micro,none,drug_developer,morningstar,,,drawdown,1,0.7593805888767720828789531080,50,41.25000000000000000000000000,52.5,90.00,76.17021276595744680851063830,67.87234042553191489361702128,75.8734,1.3559,2.0,73,5,1.0,0.1467,1,0,0.0,0.4,0.95,oncology,0.6955,highly_crowded,1.0,177,0.021834,0.380702,-0.3036,46.71,0.9,1.2816,1.571962,1.1641,0.0,0.0,0.40677,0.001092,0.0
EDIT,"Editas Medicine, Inc.",59,0.12,C,low_opt,C,low_opt,,0.963158,,0,0.190323,1,0.809677,595,0,specific_days,9,headwind,deep_drawdown,XS,catalyst_far_lift|momentum_headwind|runway_short|cost_haircut_<=2000bps,financial_score:-30.1;clinical_score:+24.7;momentum_score:+3.0,tier=C;reason=low_opt;cat_days=595;strength=far;decay_w=0.3,v1.3.0,31f399e0,1,,0,,"{""burn_ttm"": 128854000.0, ""cash_total"": 165648000.0, ""dilution_risk"": null, ""has_revenue"": null, ""lead_phase"": null, ""runway_months"": 14.22828421495472, ""stage_bucket"": ""early"", ""surv_score"": ""0.0"", ""tier1_count"": 0}",early|far_271_540|pos,-0.005173941176470589,,-1.5335,595,1,1.0366,0.4809,0,0,neutral,-1.1662,,0.0,0.0,0.0,,,0.0,0,0,0,True,False,True,far,0.3,short,<=2000bps,1626.3,0.7,1,0,1.0,0,1.0,0,595,False,specific_days,-0.041508,price_history,,0,1.0856,price_history,,-0.458743,,38.5562,0.8096,-0.214608,-0.244135,early,micro,sev2,drug_developer,morningstar,,,,0,0.7741647033626044120796744485,46.29,45.56250000000000000000000000,,70.45,68.00000000000000000000000000,13.14864197530864197530864197,66.1797,0.9468,1.0,595,3,0.6667,0.0035,0,0,0.0,0.3,0.55,ophthalmology,0.6955,highly_crowded,1.0,275,-0.005173941176470589,0.036842,-1.7886,13.74,0.163158,-0.9816,0.283781,0.0,0.0,0.0,0.28404,-0.000259,0.0
MBX,"MBX Biosciences, Inc.",60,0.94,C,low_opt+no_catalyst_data,C,low_opt+no_catalyst_data,,0.278947,,0,0.112903,1,0.887097,,0,no_upcoming,9,neutral,drawdown_data_missing,L,sponsor_confirmed,smart_money_score:+22.0;catalyst_score:-21.7;momentum_score:-13.0,tier=C;reason=low_opt+no_catalyst_data;cat_days=NA;strength=missing;decay_w=0.0,v1.3.0,31f399e0,1,,0,,"{""burn_ttm"": 61648000.0, ""cash_total"": 391673000.0, ""dilution_risk"": null, ""has_revenue"": null, ""lead_phase"": null, ""runway_months"": 76.2405268621853, ""stage_bucket"": ""early"", ""surv_score"": ""5.0"", ""tier1_count"": 8}",early|none|pos,0.0511918449197861,,-0.2584,0,1,1.2759,0.9492,8,8,buying,1.9437,elite_8,0.0,0.0,0.0,,,0.0,0,0,0,True,False,True,missing,0.0,adequate,<=1000bps,642.63,0.85,1,0,1.0,0,1.0,0,,False,no_upcoming,,,beta_missing:series_too_short,8,,,series_too_short,,no_price_series,,0.9974,-0.214608,,early,small,none,drug_developer,morningstar,,,drawdown,1,0.7385901537826401073382185984,50,41.25000000000000000000000000,85,50,73.60000000000000000000000000,65.00000000000000000000000000,72.1981,1.2008,1.0,405,1,0.0,0.0086,0,0,0.0,0.4,0.5,other,0.2236,moderate,1.0,80,0.0511918449197861,0.721053,0.586,47.26,0.910526,1.344,0.3628,0.0,0.0,0.0,0.36024,0.00256,0.0
LBRX,LB Pharmaceuticals Inc,61,0.23,C,low_opt+no_catalyst_data,C,low_opt+no_catalyst_data,,0.264912,,0,0.158065,1,0.841935,,0,no_upcoming,9,neutral,drawdown_data_missing,S,cost_haircut_<=2000bps,catalyst_score:-17.9;financial_score:+15.8;clinical_score:+11.2,tier=C;reason=low_opt+no_catalyst_data;cat_days=NA;strength=missing;decay_w=0.0,v1.3.0,31f399e0,1,,0,,"{""burn_ttm"": 17105000.0, ""cash_total"": 314479000.0, ""dilution_risk"": null, ""has_revenue"": null, ""lead_phase"": null, ""runway_months"": 220.6225080385852, ""stage_bucket"": ""early"", ""surv_score"": ""4.0"", ""tier1_count"": 0}",early|none|pos,0.0511918449197861,,-0.267,0,1,1.1392,0.6816,0,0,neutral,-1.1662,,0.0,0.0,0.0,,,0.0,0,0,0,True,False,True,missing,0.0,adequate,<=2000bps,1164.84,0.7,1,0,1.0,0,1.0,0,,False,no_upcoming,,,beta_missing:series_too_short,0,,,series_too_short,,no_price_series,,,-0.214608,,early,small,none,drug_developer,morningstar,,,drawdown,1,0.7639655165267847891410216558,50,41.25000000000000000000000000,,50,70.40000000000000000000000000,75.00000000000000000000000000,68.5797,1.048,1.0,,1,0.0,0.0,0,0,0.0,0.3,0.6,cns,0.6955,highly_crowded,1.0,76,0.0511918449197861,0.735088,0.6283,53.39,0.991228,2.3751,0.31696,0.0,0.0,0.0,0.3144,0.00256,0.0
CABA,"Cabaletta Bio, Inc.",62,0.94,C,low_opt+no_catalyst_data,C,low_opt+no_catalyst_data,,0.226316,,0,0.222581,1,0.777419,,0,no_upcoming,9,tailwind,high_vol,L,sponsor_confirmed|momentum_tailwind|high_risk,momentum_score:+29.2;financial_score:-24.8;catalyst_score:-17.7,tier=C;reason=low_opt+no_catalyst_data;cat_days=NA;strength=missing;decay_w=0.0,v1.3.0,31f399e0,1,,0,,"{""burn_ttm"": 95737000.0, ""cash_total"": 159931000.0, ""dilution_risk"": null, ""has_revenue"": null, ""lead_phase"": null, ""runway_months"": 19.747412178708867, ""stage_bucket"": ""early"", ""surv_score"": ""4.0"", ""tier1_count"": 3}",early|none|pos,0.0511918449197861,,-1.5438,657,1,0.8999,0.2133,3,3,buying,0.0,elite_3,0.0,0.0,0.0,,,0.0,0,0,0,True,False,True,missing,0.0,adequate,<=1000bps,998.61,0.85,1,0,1.0,0,1.0,0,,False,no_upcoming,0.380988,price_history,,3,0.6616,price_history,,-0.163003,,54.602,1.3399,-0.214608,0.051605,early,small,sev1,drug_developer,morningstar,,,,0,0.7316276176653535144101181837,88.14,41.25000000000000000000000000,66.5,50,64.80000000000000000000000000,34.19067215363511659807956104,62.9797,0.8117,1.0,657,2,0.3333,0.001,0,0,0.0,0.3,0.6,autoimmune,0.6955,highly_crowded,1.0,65,0.0511918449197861,0.773684,0.751,28.22,0.573684,0.1858,0.24607,0.0,0.0,0.0,0.24351,0.00256,0.0
GPCR,Structure Therapeutics Inc.,63,1.1,C,low_opt+no_catalyst_data,C,low_opt+no_catalyst_data,,0.250877,,0,0.054839,1,0.945161,,0,no_upcoming,9,tailwind,high_vol|overbought_rsi,L,sponsor_confirmed|momentum_tailwind|high_risk,catalyst_score:-30.9;momentum_score:+24.4;smart_money_score:+10.8,tier=C;reason=low_opt+no_catalyst_data;cat_days=NA;strength=missing;decay_w=0.0,v1.3.0,31f399e0,1,,0,,"{""burn_ttm"": 157783000.0, ""cash_total"": 799043000.0, ""dilution_risk"": null, ""has_revenue"": null, ""lead_phase"": null, ""runway_months"": 60.77027309659469, ""stage_bucket"": ""early"", ""surv_score"": ""5.0"", ""tier1_count"": 9}",early|none|pos,0.0511918449197861,,-0.2484,0,1,1.4126,1.2168,9,9,buying,2.3324,elite_9,0.0,0.0,0.0,,,0.0,0,0,0,True,False,True,missing,0.0,adequate,<=400bps,330.68,1.0,0,0,1.0,0,1.0,0,,False,no_upcoming,0.823509,price_history,,9,0.4935,price_history,,-0.064812,,76.6297,2.1948,-0.214608,0.149796,early,mid,none,drug_developer,morningstar,,,,0,0.7329591730186906129268038008,96.55,41.25000000000000000000000000,83.0,50,76.80000000000000000000000000,63.20000000000000000000000000,75.3349,1.3331,1.0,188,1,0.0,0.0522,0,0,0.0,0.4,0.55,metabolic,0.6955,highly_crowded,1.0,72,0.0511918449197861,0.749123,0.6717,48.01,0.921053,1.4122,0.40249,0.0,0.0,0.0,0.39993,0.00256,0.0
TRVI,"Trevi Therapeutics, Inc.",64,0.94,C,low_opt+no_catalyst_data,C,low_opt+no_catalyst_data,,0.633333,,0,0.041935,1,0.958065,,0,no_upcoming,9,tailwind,deep_drawdown,L,sponsor_confirmed|momentum_tailwind,clinical_score:+18.2;catalyst_score:-17.6;smart_money_score:+12.7,tier=C;reason=low_opt+no_catalyst_data;cat_days=NA;strength=missing;decay_w=0.0,v1.3.0,31f399e0,1,,0,,"{""burn_ttm"": 34458000.0, ""cash_total"": 194927000.0, ""dilution_risk"": null, ""has_revenue"": null, ""lead_phase"": null, ""runway_months"": 67.88333623541703, ""stage_bucket"": ""mid"", ""surv_score"": ""5.0"", ""tier1_count"": 4}",mid|none|pos,0.021834,,0.2974,0,1,1.4211,1.2335,4,4,buying,0.3887,elite_4,0.0,0.0,0.0,,,0.0,0,0,0,True,False,True,missing,0.0,adequate,<=1000bps,718.24,0.85,1,0,1.0,0,1.0,0,,False,no_upcoming,0.053898,price_history,,4,0.9461,price_history,,-0.406977,,41.4728,0.6685,-0.214608,-0.192369,mid,small,none,drug_developer,morningstar,,,,0,0.8441713901947615849563465413,55.70,41.25000000000000000000000000,71.5,50.00,77.000,48.72843418339117750616166189,75.8849,1.3563,2.0,458,6,1.0,0.0309,0,0,0.0,0.4,0.5,respiratory,-0.4844,uncrowded,1.0,181,0.021834,0.366667,-0.3407,50.94,0.966667,1.8339,1.641482,1.2335,0.0,0.0,0.40689,0.001092,0.0
TBPH,"Theravance Biopharma, Inc.",65,0.23,C,low_opt+no_catalyst_data,C,low_opt+no_catalyst_data,,0.545614,,0,0.035484,1,0.964516,,0,no_upcoming,9,neutral,,S,cost_haircut_<=2000bps,clinical_score:+22.6;catalyst_score:-13.2;financial_score:-5.3,tier=C;reason=low_opt+no_catalyst_data;cat_days=NA;strength=missing;decay_w=0.0,v1.3.0,31f399e0,1,,0,,"{""burn_ttm"": 0.0, ""cash_total"": 174773000.0, ""dilution_risk"": null, ""has_revenue"": null, ""lead_phase"": null, ""runway_months"": null, ""stage_bucket"": ""late"", ""surv_score"": ""3.0"", ""tier1_count"": 1}",late|none|pos,0.03406975903614458,,1.0493,0,1,1.4211,1.2335,1,1,buying,-0.7775,elite_1,0.0,0.0,0.0,,,0.0,0,0,0,True,False,True,missing,0.0,adequate,<=2000bps,1103.1,0.7,1,0,1.0,0,1.0,0,,False,no_upcoming,-0.028518,price_history,,1,0.2963,price_history,,-0.233221,,49.5778,0.5264,-0.214608,-0.018613,late,small,none,drug_developer,morningstar,,,,0,0.9,49.20,41.25000000000000000000000000,55.5,90.00,77.000,49.13276855935961165954864758,75.8797,1.3561,3.0,38,43,1.0,0.0246,0,0,0.0,0.9,0.5,respiratory,0.6955,highly_crowded,1.0,156,0.03406975903614458,0.454386,-0.1146,47.43,0.914035,1.366,2.258783,1.85025,0.0,0.0,0.40683,0.001703,0.0
BCYC,Bicycle Therapeutics plc,66,0.61,C,low_opt+no_catalyst_data,C,low_opt+no_catalyst_data,,0.219298,,0,0.009677,1,0.990323,,0,no_upcoming,9,tailwind,,L,sponsor_confirmed|momentum_tailwind|cost_haircut_>2000bps,clinical_score:+18.8;catalyst_score:-17.0;financial_score:-6.6,tier=C;reason=low_opt+no_catalyst_data;cat_days=NA;strength=missing;decay_w=0.0,v1.3.0,31f399e0,1,,0,,"{""burn_ttm"": 230329000.0, ""cash_total"": 648325000.0, ""dilution_risk"": null, ""has_revenue"": null, ""lead_phase"": null, ""runway_months"": 33.777335897781, ""stage_bucket"": ""early"", ""surv_score"": ""5.0"", ""tier1_count"": 2}",early|none|pos,0.0511918449197861,,-0.7352,45,1,1.4211,1.2335,2,2,neutral,-0.3887,elite_2,0.0,0.0,0.0,,,0.0,0,0,0,True,False,True,missing,0.0,adequate,>2000bps,2020.0,0.55,1,0,1.0,0,1.0,0,,False,no_upcoming,-0.070291,price_history,,2,0.5713,price_history,,-0.325228,,58.2292,0.6162,-0.214608,-0.11062,early,small,none,drug_developer,morningstar,,,,0,0.7868656521739130434782608696,63.77,41.25000000000000000000000000,57.5,50,77.000,51.66666666666666666666666667,76.3479,1.3759,1.0,45,1,0.0,0.1718,1,0,0.0,0.3,0.85,oncology,0.6955,highly_crowded,1.0,63,0.0511918449197861,0.780702,0.7746,51.86,0.977193,1.9989,0.41533,0.0,0.0,0.0,0.41277,0.00256,0.0
CTNM,"Contineum Therapeutics, Inc.",67,0.46,C,low_opt+no_catalyst_data,C,low_opt+no_catalyst_data,,0.233333,,0,0.016129,1,0.983871,,0,no_upcoming,9,neutral,drawdown_data_missing,M,sponsor_confirmed|cost_haircut_<=2000bps,catalyst_score:-19.7;smart_money_score:+19.0;clinical_score:+16.0,tier=C;reason=low_opt+no_catalyst_data;cat_days=NA;strength=missing;decay_w=0.0,v1.3.0,31f399e0,1,,0,,"{""burn_ttm"": 42270000.0, ""cash_total"": 182407000.0, ""dilution_risk"": null, ""has_revenue"": null, ""lead_phase"": null, ""runway_months"": 51.783392476934, ""stage_bucket"": ""early"", ""surv_score"": ""5.0"", ""tier1_count"": 7}",early|none|pos,0.0511918449197861,,-0.2477,0,1,1.4211,1.2335,7,7,buying,1.5549,elite_7,0.0,0.0,0.0,,,0.0,0,0,0,True,False,True,missing,0.0,adequate,<=2000bps,1652.63,0.7,1,0,1.0,0,1.0,0,,False,no_upcoming,,,beta_missing:series_too_short,7,,,series_too_short,,no_price_series,,0.783,-0.214608,,early,small,none,drug_developer,morningstar,,,drawdown,1,0.7756699913269731136166522116,50,41.25000000000000000000000000,80.0,47.73,77.000,56.66666666666666666666666667,75.5349,1.3416,1.0,118,2,0.3333,0.0935,0,0,0.0,0.4,0.6,autoimmune,0.6955,highly_crowded,1.0,67,0.0511918449197861,0.766667,0.7279,48.23,0.92807,1.4616,0.40504,0.0,0.0,0.0,0.40248,0.00256,0.0
ALKS,Alkermes plc,68,0.94,B,high_quality+no_catalyst_data,,,B,0.35614,0.880769,1,,0,,,0,no_upcoming,9,tailwind,,L,sponsor_confirmed|momentum_tailwind,catalyst_score:-18.7;clinical_score:+17.1;smart_money_score:+8.1,tier=;reason=;cat_days=NA;strength=missing;decay_w=0.0,v1.3.0,31f399e0,1,,0,,"{""burn_ttm"": 0.0, ""cash_total"": 388570000.0, ""dilution_risk"": null, ""has_revenue"": null, ""lead_phase"": null, ""runway_months"": null, ""stage_bucket"": ""late"", ""surv_score"": ""2.0"", ""tier1_count"": 6}",late|none|pos,0.03406975903614458,66.6405,1.0493,0,1,1.0854,1.0493,6,6,buying,1.1662,elite_6,0.0,0.0,0.0,,,0.0,0,0,0,True,False,True,missing,0.0,adequate,<=1000bps,422.31,0.85,1,0,1.0,0,1.0,0,,False,no_upcoming,-0.040834,price_history,,6,0.0237,price_history,,-0.14719,,48.2371,0.3674,-0.214608,0.067418,late,mid,none,commercial_pharma,morningstar,,,,0,0.9,56.03,41.25000000000000000000000000,68.0,84.67,77.000,57.33333333333333333333333333,77.1077,1.408,3.0,1061,53,1.0,0.4886,1,1,0.0,0.5,0.5,respiratory,-0.4844,uncrowded,1.0,102,0.03406975903614458,0.64386,0.3688,51.64,0.973684,1.9379,1.998053,1.57395,0.0,0.0,0.4224,0.001703,0.0
SRPT,"Sarepta Therapeutics, Inc.",69,0.94,B,high_quality+no_catalyst_data,,,B,0.535088,0.996154,1,,0,,,0,no_upcoming,9,tailwind,,L,sponsor_confirmed|momentum_tailwind,catalyst_score:-20.5;financial_score:+12.2;smart_money_score:+3.3,tier=;reason=;cat_days=NA;strength=missing;decay_w=0.0,v1.3.0,31f399e0,1,,0,,"{""burn_ttm"": 336685000.0, ""cash_total"": 850993000.0, ""dilution_risk"": null, ""has_revenue"": null, ""lead_phase"": null, ""runway_months"": 28.848768719225042, ""stage_bucket"": ""late"", ""surv_score"": ""0.0"", ""tier1_count"": 3}",late|none|pos,0.03406975903614458,77.75487,1.0173,0,1,0.7997,0.6004,3,3,neutral,0.0,elite_3,0.0,0.0,0.0,,,0.0,0,0,0,True,False,True,missing,0.0,adequate,<=1000bps,463.86,0.85,1,0,1.0,0,1.0,0,,False,no_upcoming,0.270406,price_history,,3,0.8713,price_history,,-0.211527,,58.6934,1.0694,-0.214608,0.003081,late,small,none,commercial_biotech,morningstar,,,,0,0.8614184485330681253107906514,64.97,41.25000000000000000000000000,65.0,90.00,63.500000,73.91304347826086956521739131,64.3709,0.8704,3.0,385,22,1.0,0.9383,1,1,0.0,0.8,0.75,rare_disease,0.6955,highly_crowded,1.0,153,0.03406975903614458,0.464912,-0.0881,38.07,0.752632,0.6828,1.163423,0.9006,0.0,0.0,0.26112,0.001703,0.0
BMRN,BioMarin Pharmaceutical Inc.,70,1.1,B,high_quality+no_catalyst_data,,,B,0.401754,0.865385,1,,0,,,0,no_upcoming,9,tailwind,,L,sponsor_confirmed|momentum_tailwind,catalyst_score:-15.4;clinical_score:+11.0;financial_score:+3.5,tier=;reason=;cat_days=NA;strength=missing;decay_w=0.0,v1.3.0,31f399e0,1,,0,,"{""burn_ttm"": 0.0, ""cash_total"": 1311679000.0, ""dilution_risk"": null, ""has_revenue"": null, ""lead_phase"": null, ""runway_months"": null, ""stage_bucket"": ""late"", ""surv_score"": ""3.0"", ""tier1_count"": 3}",late|none|pos,0.03406975903614458,65.41325,1.0341,0,1,0.9829,0.7584,3,3,neutral,0.0,elite_3,0.0,0.0,0.0,,,0.0,0,0,0,True,False,True,missing,0.0,adequate,<=400bps,260.52,1.0,0,0,1.0,0,1.0,0,,False,no_upcoming,0.092133,price_history,,3,0.4362,price_history,,-0.248657,,48.0384,0.4294,-0.214608,-0.034049,late,large,none,commercial_biotech,morningstar,,,,0,0.9,56.65,41.25000000000000000000000000,57.5,77.22,67.62500000000000000000000000,60.12500000,67.0566,0.9838,3.0,306,101,1.0,0.1951,0,0,0.0,0.6,0.75,rare_disease,0.6955,highly_crowded,1.0,115,0.03406975903614458,0.598246,0.2488,46.57,0.889474,1.2237,1.434443,1.1376,0.0,0.0,0.29514,0.001703,0.0
NBIX,"Neurocrine Biosciences, Inc.",71,1.1,C,mod_quality+no_catalyst_data,,,C,0.507018,0.765385,1,,0,,,0,no_upcoming,9,tailwind,,L,sponsor_confirmed|momentum_tailwind,catalyst_score:-22.5;smart_money_score:+19.3;financial_score:-9.6,tier=;reason=;cat_days=NA;strength=missing;decay_w=0.0,v1.3.0,31f399e0,1,,0,,"{""burn_ttm"": 0.0, ""cash_total"": 713000000.0, ""dilution_risk"": null, ""has_revenue"": null, ""lead_phase"": null, ""runway_months"": null, ""stage_bucket"": ""late"", ""surv_score"": ""3.0"", ""tier1_count"": 8}",late|none|pos,0.03406975903614458,60.17175,1.0428,0,1,0.8752,1.0706,8,8,buying,1.9437,elite_8,0.0,0.0,0.0,,,0.0,0,0,0,True,False,True,missing,0.0,adequate,<=400bps,265.05,1.0,0,0,1.0,0,1.0,0,,False,no_upcoming,0.266175,price_history,,8,0.5426,price_history,,-0.103337,,56.0938,0.3467,-0.214608,0.111271,late,large,none,commercial_pharma,morningstar,,,,0,0.9,68.25,41.25000000000000000000000000,83.0,63.33,71.937500000,54.12500000000000000000000000,72.6854,1.2213,3.0,33,37,1.0,2.1206,1,3,0.0,0.8,0.6,cns,-0.4844,uncrowded,1.0,145,0.03406975903614458,0.492982,-0.0176,49.74,0.95614,1.7076,1.973993,1.6059,0.0,0.0,0.36639,0.001703,0.0
UTHR,United Therapeutics Corporation,72,1.1,B,high_quality+catalyst_far,,,B,0.022807,0.857692,1,,0,,634,0,specific_days,9,tailwind,,L,catalyst_far_lift|sponsor_confirmed|momentum_tailwind,catalyst_score:-16.1;smart_money_score:+15.3;clinical_score:+2.2,tier=;reason=;cat_days=634;strength=far;decay_w=0.3,v1.3.0,31f399e0,1,,0,,"{""burn_ttm"": 0.0, ""cash_total"": 2920300000.0, ""dilution_risk"": null, ""has_revenue"": null, ""lead_phase"": null, ""runway_months"": null, ""stage_bucket"": ""late"", ""surv_score"": ""3.0"", ""tier1_count"": 7}",late|far_271_540|nonpos,0.06727435433070866,65.3265,1.0193,0,1,0.5404,-1.3458,7,7,buying,1.5549,elite_7,0.0,0.0,0.0,,,0.0,0,0,0,True,False,True,far,0.3,adequate,<=400bps,229.51,1.0,0,0,1.0,0,1.0,0,634,False,specific_days,0.085152,price_history,,7,0.4451,price_history,,-0.164355,,61.3582,0.2791,-0.214608,0.050253,late,large,none,commercial_pharma,morningstar,,,,0,0.9,59.96,45.56250000000000000000000000,77.0,72.67,63.87500000000000000000000000,62.00000000000000000000000000,63.5827,0.8372,3.0,633,82,1.0,0.2729,0,0,0.0,0.5,0.95,oncology,0.6955,highly_crowded,1.0,7,0.06727435433070866,0.977193,1.9989,47.10,0.903509,1.3018,0.254524,0.0,0.0,0.0,0.25116,0.003364,0.0
JAZZ,Jazz Pharmaceuticals plc,73,1.1,C,mod_quality+catalyst_far,,,C,0.657895,0.803846,1,,0,,331,0,specific_days,9,tailwind,,L,catalyst_far_lift|sponsor_confirmed|momentum_tailwind,catalyst_score:-15.1;smart_money_score:+13.3;clinical_score:+5.8,tier=;reason=;cat_days=331;strength=far;decay_w=0.3,v1.3.0,31f399e0,1,,0,,"{""burn_ttm"": 0.0, ""cash_total"": 1391899000.0, ""dilution_risk"": null, ""has_revenue"": null, ""lead_phase"": null, ""runway_months"": null, ""stage_bucket"": ""late"", ""surv_score"": ""1.0"", ""tier1_count"": 6}",late|far_271_540|pos,0.00967575,63.6355,1.0295,0,1,0.9329,0.9498,6,6,buying,1.1662,elite_6,0.0,0.0,0.0,,,0.0,0,0,0,True,False,True,far,0.3,adequate,<=400bps,227.35,1.0,0,0,1.0,0,1.0,0,331,False,specific_days,0.05903,price_history,,6,0.2856,price_history,,-0.19661,,38.0288,0.4687,-0.214608,0.017998,late,large,none,commercial_biotech,morningstar,,,,0,0.9,55.94,45.56250000000000000000000000,74.0,71.10,66.50000000000000000000000000,61.25000000000000000000000000,67.8297,1.0164,3.0,297,175,1.0,2.9712,6,4,0.0,0.6,0.95,oncology,0.6955,highly_crowded,1.0,188,0.00967575,0.342105,-0.4067,45.71,0.882456,1.1874,1.730104,1.4247,0.0,0.0,0.30492,0.000484,0.0
RYTM,"Rhythm Pharmaceuticals, Inc.",74,1.1,C,mod_quality+no_catalyst_data,,,C,0.52807,0.680769,1,,0,,,0,no_upcoming,9,tailwind,,L,sponsor_confirmed|momentum_tailwind,catalyst_score:-25.1;momentum_score:+11.5;clinical_score:+10.6,tier=;reason=;cat_days=NA;strength=missing;decay_w=0.0,v1.3.0,31f399e0,1,,0,,"{""burn_ttm"": 90286000.0, ""cash_total"": 416052000.0, ""dilution_risk"": null, ""has_revenue"": null, ""lead_phase"": null, ""runway_months"": 54.55942228030924, ""stage_bucket"": ""late"", ""surv_score"": ""4.0"", ""tier1_count"": 9}",late|none|pos,0.03406975903614458,54.8305,1.0493,0,1,1.3993,1.4132,9,9,buying,2.3324,elite_9,0.0,0.0,0.0,,,0.0,0,0,0,True,False,True,missing,0.0,adequate,<=400bps,378.27,1.0,0,0,1.0,0,1.0,0,,False,no_upcoming,0.615072,price_history,,9,1.0772,price_history,,-0.317173,,48.779,0.4754,-0.214608,-0.102565,late,mid,none,commercial_biotech,morningstar,,,,0,0.9,77.91,41.25000000000000000000000000,77.0,36.71,77.000,58.66666666666666666666666666,77.0531,1.4057,3.0,13,18,1.0,1.492,1,1,0.0,0.4,0.55,metabolic,0.6955,highly_crowded,1.0,151,0.03406975903614458,0.47193,-0.0704,49.66,0.952632,1.6709,2.543213,2.1198,0.0,0.0,0.42171,0.001703,0.0
REGN,"Regeneron Pharmaceuticals, Inc.",75,1.1,B,mod_quality+catalyst_near,,,B,0.938596,0.703846,1,,0,,26,1,specific_days,9,tailwind,,L,sponsor_confirmed|momentum_tailwind,catalyst_score:-23.0;clinical_score:+11.4;smart_money_score:+6.6,tier=;reason=;cat_days=26;strength=near;decay_w=1.0,v1.3.0,31f399e0,1,,0,,"{""burn_ttm"": 0.0, ""cash_total"": 8605200000.0, ""dilution_risk"": null, ""has_revenue"": null, ""lead_phase"": null, ""runway_months"": null, ""stage_bucket"": ""late"", ""surv_score"": ""4.0"", ""tier1_count"": 4}",late|near_0_30|pos,-0.0009896862745098038,57.92475,1.0402,0,1,1.1245,0.8805,4,4,buying,0.3887,elite_4,0.0,0.0,0.0,,,0.0,0,0,0,True,False,True,near,1.0,adequate,<=400bps,128.53,1.0,0,0,1.0,0,1.0,0,26,True,specific_days,0.193801,price_history,,4,0.2277,price_history,,-0.009238,,57.9574,0.388,-0.214608,0.20537,late,large,none,commercial_biotech,morningstar,,,,0,0.9,65.16,36.45884444444444444444444444,66.0,52.89,70.81250000000000000000000000,58.62500000000000000000000000,72.3463,1.207,3.0,12,306,1.0,5.6171,10,12,0.0034,0.6,0.95,oncology,0.6955,highly_crowded,1.0,268,-0.0009896862745098038,0.061404,-1.5431,46.60,0.892982,1.2425,1.682801,1.32075,0.0,0.0,0.3621,-4.9e-05,0.0
AMGN,Amgen Inc.,76,1.1,B,mod_quality+catalyst_near,,,B,0.92807,0.634615,1,,0,,26,1,specific_days,9,tailwind,,L,momentum_tailwind,catalyst_score:-20.2;clinical_score:+16.2;momentum_score:+11.8,tier=;reason=;cat_days=26;strength=near;decay_w=1.0,v1.3.0,31f399e0,1,,0,,"{""burn_ttm"": 0.0, ""cash_total"": 9129000000.0, ""dilution_risk"": null, ""has_revenue"": null, ""lead_phase"": null, ""runway_months"": null, ""stage_bucket"": ""late"", ""surv_score"": ""1.0"", ""tier1_count"": 1}",late|near_0_30|pos,-0.0009896862745098038,51.606,1.0449,0,1,0.9141,0.2965,1,1,neutral,-0.7775,elite_1,0.0,0.0,0.0,,,0.0,0,0,0,True,False,True,near,1.0,adequate,<=400bps,100.2,1.0,0,0,1.0,0,1.0,0,26,True,specific_days,0.173844,price_history,,1,-0.0717,price_history,,-0.054438,,56.9759,0.2777,-0.214608,0.16017,late,large,none,commercial_pharma,morningstar,,,,0,0.9,68.50,36.45884444444444444444444444,52.5,40.16,72.87500000000000000000000000,53.00000000000000000000000000,74.2047,1.2854,3.0,20,558,1.0,3.1452,11,10,0.0,0.8,0.95,oncology,0.6955,highly_crowded,1.0,265,-0.0009896862745098038,0.07193,-1.4616,44.49,0.857895,1.0709,0.830321,0.44475,0.0,0.0,0.38562,-4.9e-05,0.0
RGNX,REGENXBIO Inc.,77,0.23,B,high_quality+no_catalyst_data,,,B,0.170175,0.934615,1,,0,,,0,no_upcoming,9,neutral,deep_drawdown,S,cost_haircut_<=2000bps,clinical_score:-29.4;financial_score:+27.8;smart_money_score:+8.1,tier=;reason=;cat_days=NA;strength=missing;decay_w=0.0,v1.3.0,31f399e0,1,,0,,"{""burn_ttm"": 71673000.0, ""cash_total"": 274205000.0, ""dilution_risk"": null, ""has_revenue"": null, ""lead_phase"": null, ""runway_months"": 45.90933824452723, ""stage_bucket"": ""late"", ""surv_score"": ""5.0"", ""tier1_count"": 1}",late|none|nonpos,0.06036250933786078,73.505826,0.7225,0,1,-1.2214,-1.1422,1,1,buying,-0.7775,elite_1,0.0,0.0,0.0,,,0.0,0,0,0,True,False,True,missing,0.0,adequate,<=2000bps,1127.96,0.7,1,0,1.0,0,1.0,0,,False,no_upcoming,-0.012908,price_history,,1,1.0464,price_history,,-0.357461,,38.6252,0.6963,-0.214608,-0.142853,late,small,none,commercial_biotech,morningstar,,,,0,0.8029201877934272300469483568,47.16,41.25000000000000000000000000,55.5,86.36,18.00000000000000000000000000,75.21739130434782608695652174,17.3958,-1.1121,3.0,1091,15,1.0,0.699,1,1,0.0,0.3,0.55,ophthalmology,0.2236,moderate,1.0,49,0.06036250933786078,0.829825,0.9535,22.76,0.485965,-0.0352,0.003018,0.0,0.0,0.0,0.0,0.003018,0.0
KNSA,"Kiniksa Pharmaceuticals, Ltd.",78,0.94,C,mod_quality+no_catalyst_data,,,C,0.485965,0.734615,1,,0,,,0,no_upcoming,9,tailwind,,L,sponsor_confirmed|momentum_tailwind,catalyst_score:-18.4;momentum_score:+14.9;financial_score:+1.7,tier=;reason=;cat_days=NA;strength=missing;decay_w=0.0,v1.3.0,31f399e0,1,,0,,"{""burn_ttm"": 0.0, ""cash_total"": 414074000.0, ""dilution_risk"": null, ""has_revenue"": null, ""lead_phase"": null, ""runway_months"": null, ""stage_bucket"": ""late"", ""surv_score"": ""3.0"", ""tier1_count"": 2}",late|none|pos,0.03406975903614458,59.0835,0.7922,0,1,0.3846,0.6254,2,2,buying,-0.3887,elite_2,0.0,0.0,0.0,,,0.0,0,0,0,True,False,True,missing,0.0,adequate,<=1000bps,643.76,0.85,1,0,1.0,0,1.0,0,,False,no_upcoming,0.342313,price_history,,2,1.0814,price_history,,-0.185149,,45.9752,0.3477,-0.214608,0.029459,late,mid,none,commercial_pharma,morningstar,,,,0,0.8893164513041397463508016272,74.59,41.25000000000000000000000000,61.0,47.33,60.12500000,61.33333333333333333333333333,59.2425,0.654,3.0,,9,1.0,0.3529,0,1,0.0,0.4,0.6,autoimmune,-0.4844,uncrowded,1.0,139,0.03406975903614458,0.514035,0.0352,48.43,0.931579,1.4877,1.136003,0.9381,0.0,0.0,0.1962,0.001703,0.0
VRTX,Vertex Pharmaceuticals Incorporated,79,1.1,C,low_quality,,,C,0.668421,0.488462,1,,0,,391,0,specific_days,9,tailwind,,L,catalyst_far_lift|sponsor_confirmed|momentum_tailwind,clinical_score:+16.6;catalyst_score:-14.9;financial_score:-6.7,tier=;reason=;cat_days=391;strength=far;decay_w=0.3,v1.3.0,31f399e0,1,,0,,"{""burn_ttm"": 0.0, ""cash_total"": 6608100000.0, ""dilution_risk"": null, ""has_revenue"": null, ""lead_phase"": null, ""runway_months"": null, ""stage_bucket"": ""late"", ""surv_score"": ""3.0"", ""tier1_count"": 3}",late|far_271_540|pos,0.00967575,46.1405,1.0493,0,1,1.3993,1.4132,3,3,buying,0.0,elite_3,0.0,0.0,0.0,,,0.0,0,0,0,True,False,True,far,0.3,adequate,<=400bps,123.8,1.0,0,0,1.0,0,1.0,0,391,False,specific_days,0.064008,price_history,,3,0.2093,price_history,,-0.005076,,62.3693,0.2519,-0.214608,0.209532,late,large,none,commercial_biotech,morningstar,,,,0,0.9,62.83,45.56250000000000000000000000,63.0,26.82,77.000,53.75000000000000000000000000,78.3297,1.4595,3.0,46,86,1.0,5.2401,8,6,0.0,0.9,0.95,oncology,0.6955,highly_crowded,1.0,191,0.00967575,0.331579,-0.4356,49.43,0.945614,1.6037,2.558134,2.1198,0.0,0.0,0.43785,0.000484,0.0
ANIP,"ANI Pharmaceuticals, Inc.",80,0.94,C,mod_quality+no_catalyst_data,,,C,0.373684,0.788462,1,,0,,,0,no_upcoming,9,tailwind,,L,sponsor_confirmed|momentum_tailwind,momentum_score:+19.1;catalyst_score:-14.6;financial_score:-5.4,tier=;reason=;cat_days=NA;strength=missing;decay_w=0.0,v1.3.0,31f399e0,1,,0,,"{""burn_ttm"": 0.0, ""cash_total"": 262610000.0, ""dilution_risk"": null, ""has_revenue"": null, ""lead_phase"": null, ""runway_months"": null, ""stage_bucket"": ""late"", ""surv_score"": ""1.0"", ""tier1_count"": 2}",late|none|pos,0.03406975903614458,62.173652,-0.2557,999,1,0.151,0.4134,2,2,buying,-0.3887,elite_2,0.0,0.0,0.0,,,0.0,0,0,0,True,False,True,missing,0.0,adequate,<=1000bps,562.25,0.85,1,0,1.0,0,1.0,0,,False,no_upcoming,0.242691,price_history,,2,0.5958,price_history,,-0.09627,,45.295,0.3545,-0.214608,0.118338,late,small,none,commercial_pharma,morningstar,,,,0,0.9,74.89,41.25000000000000000000000000,58.0,70.00,54.50000000000000000000000000,50.43478260869565217391304348,53.0297,0.3918,3.0,999,9,1.0,0.0004,0,0,0.0,0.3,0.55,ophthalmology,-0.4844,uncrowded,1.0,107,0.03406975903614458,0.626316,0.3221,42.63,0.836842,0.9816,0.739343,0.6201,0.0,0.0,0.11754,0.001703,0.0
INCY,Incyte Corporation,81,1.1,B,mod_quality+catalyst_near,,,B,0.998246,0.65,1,,0,,55,1,specific_days,9,neutral,,L,sponsor_confirmed,catalyst_score:-12.8;financial_score:+10.6;momentum_score:-7.7,tier=;reason=;cat_days=55;strength=near;decay_w=1.0,v1.3.0,31f399e0,1,,0,,"{""burn_ttm"": 0.0, ""cash_total"": 3097817000.0, ""dilution_risk"": null, ""has_revenue"": null, ""lead_phase"": null, ""runway_months"": null, ""stage_bucket"": ""late"", ""surv_score"": ""5.0"", ""tier1_count"": 3}",late|near_31_90|pos,-0.013394150943396228,53.48175,1.0119,0,1,0.733,0.543,3,3,buying,0.0,elite_3,0.0,0.0,0.0,,,0.0,0,0,0,True,False,True,near,1.0,adequate,<=400bps,225.9,1.0,0,0,1.0,0,1.0,0,55,True,specific_days,-0.048183,price_history,,3,0.1785,price_history,,-0.33345,,33.4725,0.3319,-0.214608,-0.118842,late,large,none,commercial_biotech,morningstar,,,,0,0.9,48.62,43.51142400000000000000000000,60.5,39.04,62.00000000000000000000000000,66.87500000,63.8417,0.8481,3.0,7,246,1.0,6.2665,12,19,0.0027,0.7,0.95,oncology,-0.4844,uncrowded,1.0,285,-0.013394150943396228,0.001754,-2.9192,50.78,0.963158,1.7886,1.06826,0.8145,0.0,0.0,0.25443,-0.00067,0.0
IMCR,Immunocore Holdings plc,82,0.56,B,high_quality+no_catalyst_data,,,B,0.117544,0.903846,1,,0,,,0,no_upcoming,9,headwind,,M,sponsor_confirmed|momentum_headwind,clinical_score:-44.4;smart_money_score:+30.6;financial_score:+27.6,tier=;reason=;cat_days=NA;strength=missing;decay_w=0.0,v1.3.0,31f399e0,1,,0,,"{""burn_ttm"": 10712000.0, ""cash_total"": 864153000.0, ""dilution_risk"": null, ""has_revenue"": null, ""lead_phase"": null, ""runway_months"": 453.2667191188041, ""stage_bucket"": ""late"", ""surv_score"": ""4.0"", ""tier1_count"": 6}",late|none|nonpos,0.06036250933786078,69.1525,0.6815,0,1,-1.7988,-1.6401,6,6,buying,1.1662,elite_6,0.0,0.0,0.0,,,0.0,0,0,0,True,False,True,missing,0.0,adequate,<=1000bps,888.71,0.85,1,0,1.0,0,1.0,0,,False,no_upcoming,-0.138253,price_history,,6,0.7201,price_history,,-0.29009,,32.2337,0.4195,-0.214608,-0.075482,late,small,none,commercial_biotech,morningstar,,,,0,0.8953852743690669136374160685,43.52,41.25000000000000000000000000,80.0,73.71,5,77.000,3.8797,-1.6825,3.0,1608,9,1.0,0.0164,0,0,0.0,0.3,0.95,oncology,0.6955,highly_crowded,1.0,34,0.06036250933786078,0.882456,1.1874,20.50,0.412281,-0.2217,0.003018,0.0,0.0,0.0,0.0,0.003018,0.0
GILD,"Gilead Sciences, Inc.",83,1.1,C,low_quality,,,C,0.991228,0.480769,1,,0,,86,0,specific_days,9,tailwind,,L,sponsor_confirmed|momentum_tailwind,clinical_score:+13.3;catalyst_score:-9.5;financial_score:-7.3,tier=;reason=;cat_days=86;strength=near;decay_w=1.0,v1.3.0,31f399e0,1,,0,,"{""burn_ttm"": 0.0, ""cash_total"": 68000000.0, ""dilution_risk"": null, ""has_revenue"": null, ""lead_phase"": null, ""runway_months"": null, ""stage_bucket"": ""late"", ""surv_score"": ""1.0"", ""tier1_count"": 2}",late|near_31_90|pos,-0.013394150943396228,46.094031,1.0365,0,1,0.7272,0.9363,2,2,buying,-0.3887,elite_2,0.0,0.0,0.0,,,0.0,0,0,0,True,False,True,near,1.0,adequate,<=400bps,101.32,1.0,0,0,1.0,0,1.0,0,86,False,specific_days,0.017458,price_history,,2,0.2285,price_history,,-0.133069,,46.1654,0.2352,-0.214608,0.081539,late,large,none,commercial_pharma,morningstar,,,,0,0.8434765813616610333172380493,55.85,45.56250000000000000000000000,58.0,38.37,68.37500000000000000000000000,47.76562500000000000000000000,70.0547,1.1103,3.0,6,552,1.0,6.5473,13,16,0.0,0.8,0.95,oncology,-0.4844,uncrowded,1.0,283,-0.013394150943396228,0.008772,-2.3751,33.36,0.678947,0.4648,1.73687,1.40445,0.0,0.0,0.33309,-0.00067,0.0
INDV,Indivior PLC,84,1.1,C,low_quality+no_catalyst_data,,,C,0.464912,0.396154,1,,0,,,0,no_upcoming,9,tailwind,,L,momentum_tailwind,clinical_score:+19.2;catalyst_score:-16.6;smart_money_score:-5.3,tier=;reason=;cat_days=NA;strength=missing;decay_w=0.0,v1.3.0,31f399e0,1,,0,,"{""burn_ttm"": 0.0, ""cash_total"": 445000000.0, ""dilution_risk"": null, ""has_revenue"": null, ""lead_phase"": null, ""runway_months"": null, ""stage_bucket"": ""late"", ""surv_score"": ""3.0"", ""tier1_count"": 1}",late|none|pos,0.03406975903614458,44.0275,1.0493,0,1,1.0854,1.2614,1,1,neutral,-0.7775,elite_1,0.0,0.0,0.0,,,0.0,0,0,0,True,False,True,missing,0.0,adequate,<=400bps,364.37,1.0,0,0,1.0,0,1.0,0,,False,no_upcoming,-0.065541,price_history,,1,0.218,price_history,,-0.152775,,44.19,0.4169,-0.214608,0.061833,late,mid,none,commercial_pharma,morningstar,,,,0,0.9,58.31,41.25000000000000000000000000,52.5,15.33,77.000,60.00000000000000000000000000,75.9429,1.3588,3.0,,38,1.0,0.0,0,0,0.0,0.8,0.55,infectious_disease,0.2236,moderate,1.0,133,0.03406975903614458,0.535088,0.0881,49.28,0.938596,1.5431,2.301443,1.8921,0.0,0.0,0.40764,0.001703,0.0
TARS,"Tarsus Pharmaceuticals, Inc.",85,0.94,C,mod_quality+no_catalyst_data,,,C,0.542105,0.711538,1,,0,,,0,no_upcoming,9,tailwind,,L,sponsor_confirmed|momentum_tailwind,catalyst_score:-21.8;smart_money_score:+20.0;clinical_score:-12.6,tier=;reason=;cat_days=NA;strength=missing;decay_w=0.0,v1.3.0,31f399e0,1,,0,,"{""burn_ttm"": 12451000.0, ""cash_total"": 417267000.0, ""dilution_risk"": null, ""has_revenue"": null, ""lead_phase"": null, ""runway_months"": 234.13466753951184, ""stage_bucket"": ""late"", ""surv_score"": ""0.0"", ""tier1_count"": 8}",late|none|pos,0.03406975903614458,58.631,0.7719,0,1,0.2167,0.2381,8,8,buying,1.9437,elite_8,0.0,0.0,0.0,,,0.0,0,0,0,True,False,True,missing,0.0,adequate,<=1000bps,462.33,0.85,1,0,1.0,0,1.0,0,,False,no_upcoming,0.012162,price_history,,8,0.0672,price_history,,-0.286353,,53.7877,0.4256,-0.214608,-0.071745,late,mid,none,commercial_biotech,morningstar,,,,0,0.8917618945614661430441508985,72.50,41.25000000000000000000000000,83.0,38.66,50.37500000000000000000000000,68.00000000000000000000000000,50.755,0.2958,3.0,,5,1.0,0.9608,1,1,0.0,0.4,0.55,ophthalmology,-0.4844,uncrowded,1.0,155,0.03406975903614458,0.457895,-0.1057,41.40,0.798246,0.8354,0.447593,0.35715,0.0,0.0,0.08874,0.001703,0.0
CAI,"Caris Life Sciences, Inc.",86,0.94,C,low_quality,,,C,0.987719,0.442308,1,,0,,56,1,specific_days,9,neutral,drawdown_data_missing,L,sponsor_confirmed,catalyst_score:-15.6;clinical_score:+10.9;momentum_score:-9.3,tier=;reason=;cat_days=56;strength=near;decay_w=1.0,v1.3.0,31f399e0,1,,0,,"{""burn_ttm"": 0.0, ""cash_total"": 755493000.0, ""dilution_risk"": null, ""has_revenue"": null, ""lead_phase"": null, ""runway_months"": null, ""stage_bucket"": ""late"", ""surv_score"": ""-1.0"", ""tier1_count"": 3}",late|near_31_90|pos,-0.013394150943396228,45.3655,1.0396,0,1,1.0995,1.1153,3,3,buying,0.0,elite_3,0.0,0.0,0.0,,,0.0,0,0,0,True,False,True,near,1.0,adequate,<=1000bps,447.67,0.85,1,0,1.0,0,1.0,0,56,True,specific_days,,,beta_missing:series_too_short,3,,,series_too_short,,no_price_series,,0.5606,-0.214608,,late,mid,none,commercial_biotech,morningstar,,,drawdown,1,0.9,50,43.76484444444444444444444444,66.0,15.33,70.2500000,66.66666666666666666666666667,71.9297,1.1894,3.0,118,655,1.0,4.0574,6,8,0.0,0.5,0.95,oncology,-0.4844,uncrowded,1.0,282,-0.013394150943396228,0.012281,-2.2482,52.89,0.987719,2.2482,2.0291,1.67295,0.0,0.0,0.35682,-0.00067,0.0
CRMD,CorMedix Inc.,87,0.94,C,mod_quality+no_catalyst_data,,,C,0.1,0.773077,1,,0,,,0,no_upcoming,9,neutral,deep_drawdown,L,sponsor_confirmed,clinical_score:-30.1;smart_money_score:+19.6;momentum_score:+6.2,tier=;reason=;cat_days=NA;strength=missing;decay_w=0.0,v1.3.0,31f399e0,1,,0,,"{""burn_ttm"": 0.0, ""cash_total"": 55716811.0, ""dilution_risk"": null, ""has_revenue"": null, ""lead_phase"": null, ""runway_months"": null, ""stage_bucket"": ""late"", ""surv_score"": ""1.0"", ""tier1_count"": 2}",late|none|nonpos,0.06036250933786078,60.643233,0.71,0,1,-1.5212,-1.4886,2,2,buying,-0.3887,elite_2,0.0,0.0,0.0,,,0.0,0,0,0,True,False,True,missing,0.0,adequate,<=1000bps,707.46,0.85,1,0,1.0,0,1.0,0,,False,no_upcoming,0.103128,price_history,,2,1.2944,price_history,,-0.386207,,40.5817,0.8522,-0.214608,-0.171599,late,small,none,commercial_biotech,morningstar,,,,0,0.7657396728257031893609509239,47.54,41.25000000000000000000000000,61.0,87.33,11.25000000000000000000000000,45.71051833181637844523792854,10.1349,-1.4185,3.0,,3,0.6667,0.0,0,0,0.0,0.4,0.55,infectious_disease,-2.1362,uncrowded,1.0,29,0.06036250933786078,0.9,1.2816,17.91,0.335088,-0.4259,0.003018,0.0,0.0,0.0,0.0,0.003018,0.0
IDYA,"IDEAYA Biosciences, Inc.",88,0.94,C,mod_quality+no_catalyst_data,,,C,0.703509,0.75,1,,0,,,0,no_upcoming,9,tailwind,,L,sponsor_confirmed|momentum_tailwind,clinical_score:-31.2;momentum_score:+24.4;financial_score:+18.2,tier=;reason=;cat_days=NA;strength=missing;decay_w=0.0,v1.3.0,31f399e0,1,,0,,"{""burn_ttm"": 71098000.0, ""cash_total"": 639388000.0, ""dilution_risk"": null, ""has_revenue"": null, ""lead_phase"": null, ""runway_months"": 107.9166221272047, ""stage_bucket"": ""mid"", ""surv_score"": ""5.0"", ""tier1_count"": 6}",mid|none|nonpos,0.004395499999999999,59.7645,-1.0345,1091,1,-0.7967,-0.7688,6,6,neutral,1.1662,elite_6,0.0,0.0,0.0,,,0.0,0,0,0,True,False,True,missing,0.0,adequate,<=1000bps,591.25,0.85,1,0,1.0,0,1.0,0,,False,no_upcoming,0.302763,price_history,,6,0.8838,price_history,,-0.104132,,47.2626,0.3864,-0.214608,0.110476,mid,mid,none,commercial_biotech,morningstar,,,,0,0.8493134789070538470332685492,83.17,41.25000000000000000000000000,65.0,24.23,27.56048488506614355414717570,77.000,26.4402,-0.7304,2.0,1197,5,1.0,0.0001,0,0,0.0,0.3,0.95,oncology,0.6955,highly_crowded,1.0,201,0.004395499999999999,0.296491,-0.5345,27.65,0.563158,0.159,0.00022,0.0,0.0,0.0,0.0,0.00022,0.0
BIOA,"BioAge Labs, Inc.",89,0.94,C,mod_quality+catalyst_far,,,C,0.917544,0.673077,1,,0,,269,0,specific_days,9,neutral,drawdown_data_missing,L,catalyst_far_lift|sponsor_confirmed,clinical_score:-44.5;financial_score:+25.4;smart_money_score:+22.5,tier=;reason=;cat_days=269;strength=far;decay_w=0.3,v1.3.0,31f399e0,1,,0,,"{""burn_ttm"": 53376000.0, ""cash_total"": 285778000.0, ""dilution_risk"": null, ""has_revenue"": null, ""lead_phase"": null, ""runway_months"": 63.32104316546763, ""stage_bucket"": ""mid"", ""surv_score"": ""5.0"", ""tier1_count"": 4}",mid|near_181_270|nonpos,0.0030751372549019606,54.580128,0.1224,0,1,-1.9046,-1.452,4,4,buying,0.3887,elite_4,0.0,0.0,0.0,,,0.0,0,0,0,True,False,True,far,0.3,adequate,<=1000bps,809.82,0.85,1,0,1.0,0,1.0,0,269,False,specific_days,,,beta_missing:series_too_short,4,,,series_too_short,,no_price_series,,1.0312,-0.214608,,mid,small,none,commercial_pharma,morningstar,,,drawdown,1,0.7916148247676631956107938641,50,45.56250000000000000000000000,72.0,31.08,5,74.89361702127659574468085107,3.5349,-1.6971,2.0,269,3,0.6667,0.1063,0,0,0.0,0.4,0.55,infectious_disease,0.6955,highly_crowded,1.0,262,0.0030751372549019606,0.082456,-1.3887,20.80,0.429825,-0.1768,0.000154,0.0,0.0,0.0,0.0,0.000154,0.0
AXSM,"Axsome Therapeutics, Inc.",90,1.1,C,low_quality+no_catalyst_data,,,C,0.398246,0.288462,1,,0,,,0,no_upcoming,9,neutral,,L,sponsor_confirmed,catalyst_score:-17.4;clinical_score:+15.7;smart_money_score:+12.3,tier=;reason=;cat_days=NA;strength=missing;decay_w=0.0,v1.3.0,31f399e0,1,,0,,"{""burn_ttm"": 93405000.0, ""cash_total"": 322933000.0, ""dilution_risk"": null, ""has_revenue"": null, ""lead_phase"": null, ""runway_months"": 27.761023661657504, ""stage_bucket"": ""late"", ""surv_score"": ""1.0"", ""tier1_count"": 7}",late|none|pos,0.03406975903614458,39.8945,1.0491,0,1,1.2827,1.2973,7,7,buying,1.5549,elite_7,0.0,0.0,0.0,,,0.0,0,0,0,True,False,True,missing,0.0,adequate,<=400bps,308.96,1.0,0,0,1.0,0,1.0,0,,False,no_upcoming,0.084236,price_history,,7,0.9829,price_history,,-0.24073,,41.7644,0.5091,-0.214608,-0.026122,late,mid,none,commercial_biotech,morningstar,,,,0,0.9,53.31,41.25000000000000000000000000,71.0,14.95,74.37500000000000000000000000,53.33333333333333333333333334,73.5372,1.2573,3.0,161,13,1.0,0.6066,0,1,0.0,0.4,0.6,cns,0.2236,moderate,1.0,114,0.03406975903614458,0.601754,0.2579,48.10,0.924561,1.4364,2.324843,1.94595,0.0,0.0,0.37719,0.001703,0.0
RPRX,Royalty Pharma plc,91,0.66,C,mod_quality+no_catalyst_data,,,C,0.875439,0.657692,1,,0,,,0,no_upcoming,9,neutral,deep_drawdown,M,,clinical_score:-27.0;smart_money_score:+10.0;catalyst_score:+7.5,tier=;reason=;cat_days=NA;strength=missing;decay_w=0.0,v1.3.0,31f399e0,1,,0,,"{""burn_ttm"": 0.0, ""cash_total"": 618696000.0, ""dilution_risk"": null, ""has_revenue"": null, ""lead_phase"": null, ""runway_months"": null, ""stage_bucket"": ""early"", ""surv_score"": ""3.0"", ""tier1_count"": 1}",early|none|nonpos,0.003309939393939394,54.078,-1.777,,0,-1.3305,-1.2992,1,1,neutral,-0.7775,elite_1,0.0,0.0,0.0,,,0.0,0,0,0,True,False,True,missing,0.0,adequate,<=400bps,240.28,1.0,0,0,1.0,0,1.0,0,,False,no_upcoming,-0.073237,price_history,,1,0.283,price_history,,-0.375708,,39.7226,0.257,-0.214608,-0.1611,early,large,sev1,commercial_biotech,morningstar,,,,0,0.7531851085832471561530506722,47.05,50,52.5,66.40,15.54271604938271604938271605,47.61777777777777777777777778,15.7177,-1.1829,,,,,,,,,,,,-1.6642,unknown,1.0,250,0.003309939393939394,0.124561,-1.1525,17.02,0.289474,-0.5549,0.000165,0.0,0.0,0.0,0.0,0.000165,0.0
FTRE,Fortrea Holdings Inc.,92,0.56,C,mod_quality+no_catalyst_data,,,C,0.812281,0.626923,1,,0,,,0,no_upcoming,9,neutral,drawdown_data_missing,M,,clinical_score:-28.0;smart_money_score:+12.0;momentum_score:+9.6,tier=;reason=;cat_days=NA;strength=missing;decay_w=0.0,v1.3.0,31f399e0,1,,0,,"{""burn_ttm"": 15600000.0, ""cash_total"": 131300000.0, ""dilution_risk"": null, ""has_revenue"": null, ""lead_phase"": null, ""runway_months"": 43.69230769230769, ""stage_bucket"": ""early"", ""surv_score"": ""1.0"", ""tier1_count"": 1}",early|none|nonpos,0.003309939393939394,51.088228,-1.777,,0,-1.3305,-1.2992,1,1,buying,-0.7775,elite_1,0.0,0.0,0.0,,,0.0,0,0,0,True,False,True,missing,0.0,adequate,<=1000bps,770.09,0.85,1,0,1.0,0,1.0,0,,False,no_upcoming,-0.170036,price_history,,1,-0.0838,price_history,,,series_too_short,43.8607,0.8315,-0.214608,,early,small,sev1,commercial_biotech,morningstar,,,drawdown,1,0.6175263620386643233743409490,53.07,50,55.5,59.75,15.54271604938271604938271605,43.47050754458161865569272976,15.7177,-1.1829,,,,,,,,,,,,-1.6642,unknown,1.0,232,0.003309939393939394,0.187719,-0.8863,15.18,0.208772,-0.8107,0.000165,0.0,0.0,0.0,0.0,0.000165,0.0
VTRS,Viatris Inc.,93,1.1,C,mod_quality+no_catalyst_data,,,C,0.910526,0.603846,1,,0,,,0,no_upcoming,9,tailwind,,L,sponsor_confirmed|momentum_tailwind,clinical_score:-31.2;smart_money_score:+13.7;momentum_score:+9.1,tier=;reason=;cat_days=NA;strength=missing;decay_w=0.0,v1.3.0,31f399e0,1,,0,,"{""burn_ttm"": 0.0, ""cash_total"": 975300000.0, ""dilution_risk"": null, ""has_revenue"": null, ""lead_phase"": null, ""runway_months"": null, ""stage_bucket"": ""early"", ""surv_score"": ""-1.0"", ""tier1_count"": 2}",early|none|nonpos,0.003309939393939394,49.6995,-1.777,,0,-1.4668,-1.0547,2,2,buying,-0.3887,elite_2,0.0,0.0,0.0,,,0.0,0,0,0,True,False,True,missing,0.0,adequate,<=400bps,271.14,1.0,0,0,1.0,0,1.0,0,,False,no_upcoming,-0.077735,price_history,,2,-0.1817,price_history,,-0.184161,,39.396,0.337,-0.214608,0.030447,early,large,sev1,commercial_pharma,morningstar,,,,0,0.7535252171925011431184270690,55.88,50,60.5,43.21,15.54271604938271604938271605,52.00000000000000000000000000,15.7177,-1.1829,,,,,,,,,,,,-1.6642,unknown,1.0,260,0.003309939393939394,0.089474,-1.344,20.21,0.405263,-0.2397,0.000165,0.0,0.0,0.0,0.0,0.000165,0.0
ACAD,ACADIA Pharmaceuticals Inc.,94,0.94,C,low_quality+no_catalyst_data,,,C,0.342105,0.319231,1,,0,,,0,no_upcoming,9,tailwind,deep_drawdown,L,sponsor_confirmed|momentum_tailwind,financial_score:-17.6;smart_money_score:+17.4;catalyst_score:-12.3,tier=;reason=;cat_days=NA;strength=missing;decay_w=0.0,v1.3.0,31f399e0,1,,0,,"{""burn_ttm"": 0.0, ""cash_total"": 177695000.0, ""dilution_risk"": null, ""has_revenue"": null, ""lead_phase"": null, ""runway_months"": null, ""stage_bucket"": ""late"", ""surv_score"": ""3.0"", ""tier1_count"": 7}",late|none|pos,0.03406975903614458,41.265265,1.023,0,1,0.8829,0.9001,7,7,buying,1.5549,elite_7,0.0,0.0,0.0,,,0.0,0,0,0,True,False,True,missing,0.0,adequate,<=1000bps,531.5,0.85,1,0,1.0,0,1.0,0,,False,no_upcoming,-0.072034,price_history,,7,0.5962,price_history,,-0.352256,,37.4596,0.3548,-0.214608,-0.137648,late,mid,none,commercial_biotech,morningstar,,,,0,0.9,54.16,41.25000000000000000000000000,71.0,40.67,65.37500000000000000000000000,35.99725651577503429355281208,65.3047,0.9098,3.0,111,20,1.0,1.1586,0,1,0.0,0.6,0.6,cns,0.6955,highly_crowded,1.0,98,0.03406975903614458,0.657895,0.4067,41.87,0.819298,0.9127,1.624793,1.35015,0.0,0.0,0.27294,0.001703,0.0
AUPH,Aurinia Pharmaceuticals Inc,95,0.28,C,low_quality+no_catalyst_data,,,C,0.054386,0.526923,1,,0,,,0,no_upcoming,9,headwind,deep_drawdown,S,momentum_headwind,smart_money_score:+14.6;financial_score:-11.2;momentum_score:-7.2,tier=;reason=;cat_days=NA;strength=missing;decay_w=0.0,v1.3.0,31f399e0,1,,0,,"{""burn_ttm"": 0.0, ""cash_total"": 80160000.0, ""dilution_risk"": null, ""has_revenue"": null, ""lead_phase"": null, ""runway_months"": null, ""stage_bucket"": ""late"", ""surv_score"": ""1.0"", ""tier1_count"": 1}",late|none|nonpos,0.06036250933786078,46.952266,0.7658,0,1,-0.0455,-0.0224,1,1,buying,-0.7775,elite_1,0.0,0.0,0.0,,,0.0,0,0,0,True,False,True,missing,0.0,adequate,<=1000bps,819.87,0.85,1,0,1.0,0,1.0,0,,False,no_upcoming,-0.199174,price_history,,1,0.929,price_history,,-0.405053,,26.8142,0.4141,-0.214608,-0.190445,late,small,none,commercial_biotech,morningstar,,,,0,0.8763407441860465116279069767,33.72,41.25000000000000000000000000,55.5,76.67,44.47265625000000000000000000,29.71948003453989591355690915,43.3523,-0.0166,3.0,636,11,1.0,0.0149,0,0,0.0,0.6,0.55,ophthalmology,0.6955,highly_crowded,1.0,16,0.06036250933786078,0.945614,1.6037,33.09,0.67193,0.4452,0.003018,0.0,0.0,0.0,0.0,0.003018,0.0
TECH,Bio-Techne Corporation,96,0.33,C,low_quality,,,C,0.942105,0.173077,1,,0,,24,1,specific_days,9,headwind,,S,momentum_headwind,financial_score:-25.7;clinical_score:+23.4;smart_money_score:+9.7,tier=;reason=;cat_days=24;strength=near;decay_w=1.0,v1.3.0,31f399e0,1,,0,,"{""burn_ttm"": 0.0, ""cash_total"": 172879000.0, ""dilution_risk"": null, ""has_revenue"": null, ""lead_phase"": null, ""runway_months"": null, ""stage_bucket"": ""late"", ""surv_score"": ""3.0"", ""tier1_count"": 1}",late|near_0_30|pos,-0.0009896862745098038,32.52671,1.038,0,1,1.0495,1.0656,1,1,buying,-0.7775,elite_1,0.0,0.0,0.0,,,0.0,0,0,0,True,False,True,near,1.0,adequate,<=400bps,284.71,1.0,0,0,1.0,0,1.0,0,24,True,specific_days,-0.132991,price_history,,1,0.3958,price_history,,-0.236228,,35.6304,0.3925,-0.214608,-0.02162,late,mid,none,commercial_biotech,morningstar,,,,0,0.9,46.21,37.92320400000000000000000000,55.5,40.69,69.12500000000000000000000000,20.09602194787379972565157750,71.0448,1.1521,3.0,19,782,1.0,5.4095,13,11,0.004,0.9,0.95,oncology,-0.4844,uncrowded,1.0,269,-0.0009896862745098038,0.057895,-1.5727,35.79,0.707018,0.5447,1.943981,1.5984,0.0,0.0,0.34563,-4.9e-05,0.0
DVAX,Dynavax Technologies Corporation,97,0.94,C,low_quality+no_catalyst_data,,,C,0.422807,0.426923,1,,0,,,0,no_upcoming,9,tailwind,,L,sponsor_confirmed|momentum_tailwind,momentum_score:+19.4;catalyst_score:-10.2;financial_score:-9.1,tier=;reason=;cat_days=NA;strength=missing;decay_w=0.0,v1.3.0,31f399e0,1,,0,,"{""burn_ttm"": 0.0, ""cash_total"": 160247000.0, ""dilution_risk"": null, ""has_revenue"": null, ""lead_phase"": null, ""runway_months"": null, ""stage_bucket"": ""late"", ""surv_score"": ""2.0"", ""tier1_count"": 2}",late|none|pos,0.03406975903614458,44.675827,0.7723,0,1,-0.0047,0.2721,2,2,selling,-0.3887,elite_2,0.0,0.0,0.0,,,0.0,0,0,0,True,False,True,missing,0.0,adequate,<=1000bps,453.41,0.85,1,0,1.0,0,1.0,0,,False,no_upcoming,0.108975,price_history,,2,0.3531,price_history,,-0.011341,,59.6393,0.7250,-0.214608,0.203267,late,small,none,commercial_pharma,morningstar,,,,0,0.8861010221860843303519572540,70.89,41.25000000000000000000000000,52.0,32.67,50.75000000000000000000000000,42.36294896030245746691871456,50.5047,0.2852,3.0,312,19,1.0,0.3049,0,0,0.0,0.4,0.95,oncology,-0.4844,uncrowded,1.0,121,0.03406975903614458,0.577193,0.1947,39.05,0.763158,0.7165,0.495413,0.40815,0.0,0.0,0.08556,0.001703,0.0
KRYS,"Krystal Biotech, Inc.",98,1.1,C,low_quality,,,C,0.317544,0.45,1,,0,,147,0,specific_days,9,tailwind,,L,sponsor_confirmed|momentum_tailwind,clinical_score:-32.0;smart_money_score:+23.2;momentum_score:+13.8,tier=;reason=;cat_days=147;strength=mid;decay_w=0.7,v1.3.0,31f399e0,1,,0,,"{""burn_ttm"": 0.0, ""cash_total"": 496304000.0, ""dilution_risk"": null, ""has_revenue"": null, ""lead_phase"": null, ""runway_months"": null, ""stage_bucket"": ""late"", ""surv_score"": ""2.0"", ""tier1_count"": 4}",late|near_91_180|nonpos,0.04309519565217391,45.505722,0.721,0,1,-1.2984,-1.2673,4,4,buying,0.3887,elite_4,0.0,0.0,0.0,,,0.0,0,0,0,True,False,True,mid,0.7,adequate,<=400bps,347.42,1.0,0,0,1.0,0,1.0,0,147,False,specific_days,0.138536,price_history,,4,1.5036,price_history,,-0.117096,,45.5353,0.3475,-0.214608,0.097512,late,mid,none,commercial_biotech,morningstar,,,,0,0.8911124716282403536017202246,62.09,45.56250000000000000000000000,71.5,35.33,16.26562500000000000000000000,46.04938271604938271604938272,16.0602,-1.1684,3.0,,9,1.0,0.3354,0,1,0.0,0.4,0.95,oncology,-0.4844,uncrowded,1.0,91,0.04309519565217391,0.682456,0.4746,21.46,0.44386,-0.1412,0.002155,0.0,0.0,0.0,0.0,0.002155,0.0
MIRM,"Mirum Pharmaceuticals, Inc.",99,1.1,C,low_quality+no_catalyst_data,,,C,0.496491,0.334615,1,,0,,,0,no_upcoming,9,tailwind,,L,sponsor_confirmed|momentum_tailwind,catalyst_score:-14.8;momentum_score:+12.4;smart_money_score:+10.5,tier=;reason=;cat_days=NA;strength=missing;decay_w=0.0,v1.3.0,31f399e0,1,,0,,"{""burn_ttm"": 0.0, ""cash_total"": 383327000.0, ""dilution_risk"": null, ""has_revenue"": null, ""lead_phase"": null, ""runway_months"": null, ""stage_bucket"": ""late"", ""surv_score"": ""3.0"", ""tier1_count"": 3}",late|none|pos,0.03406975903614458,42.4515,0.7738,0,1,0.2833,0.3043,3,3,buying,0.0,elite_3,0.0,0.0,0.0,,,0.0,0,0,0,True,False,True,missing,0.0,adequate,<=400bps,372.43,1.0,0,0,1.0,0,1.0,0,,False,no_upcoming,0.272781,price_history,,3,0.8389,price_history,,-0.089193,,51.3299,0.4303,-0.214608,0.125415,late,mid,none,commercial_biotech,morningstar,,,,0,0.8998348834429169157202630006,68.43,41.25000000000000000000000000,66.5,15.33,51.87500000000000000000000000,52.00000000000000000000000000,52.3088,0.3614,3.0,438,16,1.0,0.8676,1,1,0.0,0.4,0.75,rare_disease,0.6955,highly_crowded,1.0,142,0.03406975903614458,0.503509,0.0088,37.56,0.742105,0.6498,0.566573,0.45645,0.0,0.0,0.10842,0.001703,0.0
SUPN,"Supernus Pharmaceuticals, Inc.",100,0.94,C,low_quality,,,C,0.75614,0.057692,1,,0,,269,0,specific_days,9,neutral,,L,catalyst_far_lift|sponsor_confirmed,financial_score:-24.7;clinical_score:+23.4;smart_money_score:+5.9,tier=;reason=;cat_days=269;strength=far;decay_w=0.3,v1.3.0,31f399e0,1,,0,,"{""burn_ttm"": 0.0, ""cash_total"": 151371000.0, ""dilution_risk"": null, ""has_revenue"": null, ""lead_phase"": null, ""runway_months"": null, ""stage_bucket"": ""late"", ""surv_score"": ""1.0"", ""tier1_count"": 2}",late|near_181_270|pos,0.0038268039215686275,25.932389,1.0435,0,1,0.8985,1.0918,2,2,neutral,-0.3887,elite_2,0.0,0.0,0.0,,,0.0,0,0,0,True,False,True,far,0.3,adequate,<=1000bps,505.15,0.85,1,0,1.0,0,1.0,0,269,False,specific_days,-0.007096,price_history,,2,0.5917,price_history,,-0.347133,,38.328,0.4534,-0.214608,-0.132525,late,mid,none,commercial_pharma,morningstar,,,,0,0.9,47.89,45.56250000000000000000000000,55.0,15.33,72.50000000000000000000000000,24.41975308641975308641975309,72.5531,1.2157,3.0,334,37,1.0,1.8574,1,3,0.0,0.4,0.6,cns,0.6955,highly_crowded,1.0,216,0.0038268039215686275,0.24386,-0.6939,36.43,0.717544,0.5756,2.002601,1.6377,0.0,0.0,0.36471,0.000191,0.0
ALNY,"Alnylam Pharmaceuticals, Inc.",101,1.1,C,low_quality,,,C,0.945614,0.411538,1,,0,,87,0,specific_days,9,neutral,,L,sponsor_confirmed,smart_money_score:+13.9;clinical_score:-7.7;catalyst_score:-5.6,tier=;reason=;cat_days=87;strength=near;decay_w=1.0,v1.3.0,31f399e0,1,,0,,"{""burn_ttm"": 0.0, ""cash_total"": 1657250000.0, ""dilution_risk"": null, ""has_revenue"": null, ""lead_phase"": null, ""runway_months"": null, ""stage_bucket"": ""late"", ""surv_score"": ""3.0"", ""tier1_count"": 6}",late|near_31_90|nonpos,-0.0018424761904761904,44.46625,0.7654,0,1,-0.0936,-0.0701,6,6,neutral,1.1662,elite_6,0.0,0.0,0.0,,,0.0,0,0,0,True,False,True,near,1.0,adequate,<=400bps,144.92,1.0,0,0,1.0,0,1.0,0,87,False,specific_days,-0.02873,price_history,,6,0.704,price_history,,-0.266835,,44.6083,0.3472,-0.214608,-0.052227,late,large,none,commercial_biotech,morningstar,,,,0,0.9,49.08,45.56250000000000000000000000,65.0,31.34,43.39062500000000000000000000,52.62500000000000000000000000,44.0256,0.0118,3.0,98,47,1.0,2.5055,3,4,0.0,0.4,0.55,metabolic,-0.4844,uncrowded,1.0,270,-0.0018424761904761904,0.054386,-1.6037,41.65,0.808772,0.8734,0.003448,0.0,0.0,0.0,0.00354,-9.2e-05,0.0
NTRA,"Natera, Inc.",102,1.1,C,low_quality,,,C,0.008772,0.211538,1,,0,,1061,0,specific_days,9,neutral,,L,catalyst_far_lift|sponsor_confirmed,clinical_score:+21.5;catalyst_score:-8.0;momentum_score:-6.9,tier=;reason=;cat_days=1061;strength=far;decay_w=0.3,v1.3.0,31f399e0,1,,0,,"{""burn_ttm"": 0.0, ""cash_total"": 1000000.0, ""dilution_risk"": null, ""has_revenue"": null, ""lead_phase"": null, ""runway_months"": null, ""stage_bucket"": ""late"", ""surv_score"": ""2.0"", ""tier1_count"": 5}",late|far_271_540|nonpos,0.06727435433070866,35.866,1.0493,0,1,,0.0,5,5,selling,0.7775,elite_5,0.0,0.0,0.0,,,0.0,0,0,0,True,False,True,far,0.3,adequate,<=400bps,210.15,1.0,0,0,1.0,0,1.0,0,1061,False,specific_days,0.028823,price_history,,5,1.1656,price_history,,-0.303423,,32.2948,0.3255,-0.214608,-0.088815,late,large,none,platform_diagnostics,morningstar,,,,0,0.8245760992108229988726042841,46.69,45.56250000000000000000000000,53.5,15.33,75.12500000000000000000000000,47.02777777777777777777777778,76.2861,1.3733,3.0,40,61,1.0,1.2952,1,1,0.0,0.8,0.95,oncology,0.2236,moderate,1.0,3,0.06727435433070866,0.991228,2.3751,33.51,0.682456,0.4746,0.415354,0.0,0.0,0.0,0.41199,0.003364,0.0
ANAB,"AnaptysBio, Inc.",103,0.94,C,low_quality+no_catalyst_data,,,C,0.573684,0.226923,1,,0,,,0,no_upcoming,9,neutral,deep_drawdown,L,sponsor_confirmed,financial_score:-28.1;smart_money_score:+22.2;clinical_score:+10.3,tier=;reason=;cat_days=NA;strength=missing;decay_w=0.0,v1.3.0,31f399e0,1,,0,,"{""burn_ttm"": 78300000.0, ""cash_total"": 109833000.0, ""dilution_risk"": null, ""has_revenue"": null, ""lead_phase"": null, ""runway_months"": 16.83264367816092, ""stage_bucket"": ""mid"", ""surv_score"": ""2.0"", ""tier1_count"": 5}",mid|none|pos,0.021834,36.715965,0.2552,0,1,0.6253,0.6441,5,5,buying,0.7775,elite_5,0.0,0.0,0.0,,,0.0,0,0,0,True,False,True,missing,0.0,adequate,<=1000bps,634.48,0.85,1,0,1.0,0,1.0,0,,False,no_upcoming,0.176692,price_history,,5,0.9641,price_history,,-0.388501,,54.5856,0.5912,-0.214608,-0.173893,mid,small,sev1,commercial_biotech,morningstar,,,,0,0.8316715246636771300448430493,53.04,41.25000000000000000000000000,71.5,47.30,59.57446808510638297872340426,21.22881142799657964891102057,58.1094,0.6062,2.0,376,8,1.0,0.0738,0,0,0.0,0.4,0.5,dermatology,0.6955,highly_crowded,1.0,164,0.021834,0.426316,-0.1858,31.18,0.633333,0.3407,0.827052,0.6441,0.0,0.0,0.18186,0.001092,0.0
RARE,Ultragenyx Pharmaceutical Inc.,104,0.28,C,low_quality+no_catalyst_data,,,C,0.524561,0.119231,1,,0,,,0,no_upcoming,9,neutral,high_vol,S,sponsor_confirmed|runway_short|high_risk,financial_score:-35.6;clinical_score:+22.7;smart_money_score:+8.1,tier=;reason=;cat_days=NA;strength=missing;decay_w=0.0,v1.3.0,31f399e0,1,,0,,"{""burn_ttm"": 466000000.0, ""cash_total"": 421000000.0, ""dilution_risk"": null, ""has_revenue"": null, ""lead_phase"": null, ""runway_months"": 10.841201716738198, ""stage_bucket"": ""late"", ""surv_score"": ""-1.0"", ""tier1_count"": 5}",late|none|pos,0.03406975903614458,31.249556,1.0202,0,1,0.8496,0.867,5,5,selling,0.7775,elite_5,0.0,0.0,0.0,,,0.0,0,0,0,True,False,True,missing,0.0,short,<=1000bps,402.93,0.85,1,0,1.0,0,1.0,0,,False,no_upcoming,-0.083163,price_history,,5,0.811,price_history,,-0.324449,,41.7317,1.2539,-0.214608,-0.109841,late,mid,sev2,commercial_biotech,morningstar,,,,0,0.8980125498264112125498264112,47.26,41.25000000000000000000000000,50.0,54.12,64.62500000000000000000000000,6.345679012345679012345679012,64.8379,0.8901,3.0,137,57,1.0,0.5252,0,1,0.0,0.8,0.75,rare_disease,-0.4844,uncrowded,1.0,150,0.03406975903614458,0.475439,-0.0616,13.90,0.166667,-0.9674,1.569233,1.3005,0.0,0.0,0.26703,0.001703,0.0
INSM,Insmed Incorporated,105,1.1,C,low_quality+no_catalyst_data,,,C,0.468421,0.196154,1,,0,,,0,no_upcoming,9,tailwind,,L,sponsor_confirmed|momentum_tailwind,financial_score:-20.8;smart_money_score:+19.1;momentum_score:+17.7,tier=;reason=;cat_days=NA;strength=missing;decay_w=0.0,v1.3.0,31f399e0,1,,0,,"{""burn_ttm"": 935014000.0, ""cash_total"": 1430047000.0, ""dilution_risk"": null, ""has_revenue"": null, ""lead_phase"": null, ""runway_months"": 16.84374990798079, ""stage_bucket"": ""late"", ""surv_score"": ""-1.0"", ""tier1_count"": 14}",late|none|pos,0.03406975903614458,35.292125,0.7858,0,1,0.5748,0.5939,14,14,buying,4.2761,elite_14,0.0,0.0,0.0,,,0.0,0,0,0,True,False,True,missing,0.0,adequate,<=400bps,156.57,1.0,0,0,1.0,0,1.0,0,,False,no_upcoming,0.225504,price_history,,14,0.4083,price_history,,-0.092462,,45.8884,0.5709,-0.214608,0.122146,late,large,none,commercial_biotech,morningstar,,,,0,0.8953065198564889273784485958,75.57,41.25000000000000000000000000,77.0,10.00,58.437500000,37.06250000000000000000000000,57.1873,0.5672,3.0,388,19,1.0,0.3394,0,1,0.0,0.4,0.5,respiratory,0.6955,highly_crowded,1.0,134,0.03406975903614458,0.531579,0.0792,33.02,0.668421,0.4356,1.062713,0.89085,0.0,0.0,0.17016,0.001703,0.0
ONC,BeOne Medicines Ltd.,106,1.1,C,low_quality,,,C,0.015789,0.35,1,,0,,380,0,specific_days,9,headwind,deep_drawdown,L,catalyst_far_lift|sponsor_confirmed|momentum_headwind,clinical_score:-23.4;financial_score:+15.1;smart_money_score:+12.9,tier=;reason=;cat_days=380;strength=far;decay_w=0.3,v1.3.0,31f399e0,1,,0,,"{""burn_ttm"": 0.0, ""cash_total"": 4547530000.0, ""dilution_risk"": null, ""has_revenue"": null, ""lead_phase"": null, ""runway_months"": null, ""stage_bucket"": ""late"", ""surv_score"": ""3.0"", ""tier1_count"": 2}",late|far_271_540|nonpos,0.06727435433070866,42.96575,0.7411,0,1,-0.927,-0.8983,2,2,buying,-0.3887,elite_2,0.0,0.0,0.0,,,0.0,0,0,0,True,False,True,far,0.3,adequate,<=400bps,342.35,1.0,0,0,1.0,0,1.0,0,380,False,specific_days,0.035715,price_history,,2,1.0766,price_history,,-0.366557,,37.4522,0.415,-0.214608,-0.151949,late,large,none,commercial_biotech,morningstar,,,,0,0.8800411779511704002013591744,45.97,45.56250000000000000000000000,61.0,15.33,24.62673611111111111111111111,63.12500000000000000000000000,24.3604,-0.8182,3.0,434,31,1.0,0.2888,0,0,0.0,0.4,0.95,oncology,-0.4844,uncrowded,1.0,5,0.06727435433070866,0.984211,2.1497,25.27,0.524561,0.0616,0.003364,0.0,0.0,0.0,0.0,0.003364,0.0
LGND,Ligand Pharmaceuticals Incorporated,107,0.56,C,low_quality+no_catalyst_data,,,C,0.826316,0.342308,1,,0,,,0,no_upcoming,9,neutral,,M,,clinical_score:-28.1;financial_score:+18.7;catalyst_score:+6.3,tier=;reason=;cat_days=NA;strength=missing;decay_w=0.0,v1.3.0,31f399e0,1,,0,,"{""burn_ttm"": 0.0, ""cash_total"": 664522000.0, ""dilution_risk"": null, ""has_revenue"": null, ""lead_phase"": null, ""runway_months"": null, ""stage_bucket"": ""early"", ""surv_score"": ""3.0"", ""tier1_count"": 0}",early|none|nonpos,0.003309939393939394,42.7915,-1.777,,0,-1.3305,-1.2992,0,0,neutral,-1.1662,,0.0,0.0,0.0,,,0.0,0,0,0,True,False,True,missing,0.0,adequate,<=1000bps,494.19,0.85,1,0,1.0,0,1.0,0,,False,no_upcoming,-0.080725,price_history,,0,0.4761,price_history,,-0.291199,,32.4065,0.2960,-0.214608,-0.076591,early,mid,sev1,commercial_biotech,morningstar,,,,0,0.7264388707681925542683612642,46.73,50,,15.33,15.54271604938271604938271605,62.40000000000000000000000000,15.7177,-1.1829,,,,,,,,,,,,-1.6642,unknown,1.0,236,0.003309939393939394,0.173684,-0.9397,17.45,0.321053,-0.4648,0.000165,0.0,0.0,0.0,0.0,0.000165,0.0
LAB,Standard BioTools Inc.,108,0.18,B,mod_quality+catalyst_near,,,B,0.959649,0.696154,1,,0,,56,1,specific_days,9,neutral,deep_drawdown,S,cost_haircut_>2000bps,clinical_score:+18.4;financial_score:-16.1;catalyst_score:-6.6,tier=;reason=;cat_days=56;strength=near;decay_w=1.0,v1.3.0,31f399e0,1,,0,,"{""burn_ttm"": 73153000.0, ""cash_total"": 129418000.0, ""dilution_risk"": null, ""has_revenue"": null, ""lead_phase"": null, ""runway_months"": 21.229696663158037, ""stage_bucket"": ""late"", ""surv_score"": ""0.0"", ""tier1_count"": 1}",late|near_31_90|nonpos,-0.0018424761904761904,56.850339,1.0374,0,1,,0.0,1,1,buying,-0.7775,elite_1,0.0,0.0,0.0,,,0.0,0,0,0,True,False,True,near,1.0,adequate,>2000bps,2020.0,0.55,1,0,1.0,0,1.0,0,56,True,specific_days,0.00436,price_history,,1,1.3172,price_history,,-0.354098,,24.7308,0.7324,-0.214608,-0.13949,late,small,sev1,platform_devices,morningstar,,,,0,0.8246337798923250281707775135,49.53,43.76484444444444444444444444,55.5,90.00,68.75000000000000000000000000,34.32075427664589605358351420,70.5,1.1291,3.0,377,795,1.0,3.2685,13,5,0.0455,0.8,0.95,oncology,0.6955,highly_crowded,1.0,274,-0.0018424761904761904,0.040351,-1.7466,23.41,0.489474,-0.0264,0.338638,0.0,0.0,0.0,0.33873,-9.2e-05,0.0
TEM,"Tempus AI, Inc.",109,1.1,C,low_quality,,,C,0.324561,0.565385,1,,0,,147,0,specific_days,9,neutral,drawdown_data_missing,L,sponsor_confirmed,catalyst_score:-12.9;clinical_score:+9.6;momentum_score:-8.4,tier=;reason=;cat_days=147;strength=mid;decay_w=0.7,v1.3.0,31f399e0,1,,0,,"{""burn_ttm"": 218090000.0, ""cash_total"": 604787000.0, ""dilution_risk"": null, ""has_revenue"": null, ""lead_phase"": null, ""runway_months"": 25.16826017748832, ""stage_bucket"": ""late"", ""surv_score"": ""1.0"", ""tier1_count"": 4}",late|near_91_180|nonpos,0.04309519565217391,48.483,1.0342,0,1,,0.0,4,4,buying,0.3887,elite_4,0.0,0.0,0.0,,,0.0,0,0,0,True,False,True,mid,0.7,adequate,<=400bps,199.47,1.0,0,0,1.0,0,1.0,0,147,False,specific_days,,,beta_missing:series_too_short,4,,,series_too_short,,no_price_series,,0.5816,-0.214608,,late,mid,none,platform_services,morningstar,,,drawdown,1,0.8459278417173154015259278417,50,45.56250000000000000000000000,66.0,29.38,68.00000000000000000000000000,62.66666666666666666666666667,68.9797,1.0649,3.0,157,187,1.0,1.065,0,2,0.0,0.8,0.95,oncology,-0.4844,uncrowded,1.0,93,0.04309519565217391,0.675439,0.455,40.30,0.773684,0.751,0.321625,0.0,0.0,0.0,0.31947,0.002155,0.0
FOLD,"Amicus Therapeutics, Inc.",110,1.1,C,low_quality+no_catalyst_data,,,C,0.440351,0.265385,1,,0,,,0,no_upcoming,9,neutral,,L,sponsor_confirmed,smart_money_score:+20.7;catalyst_score:-12.1;clinical_score:-4.8,tier=;reason=;cat_days=NA;strength=missing;decay_w=0.0,v1.3.0,31f399e0,1,,0,,"{""burn_ttm"": 0.0, ""cash_total"": 293536000.0, ""dilution_risk"": null, ""has_revenue"": null, ""lead_phase"": null, ""runway_months"": null, ""stage_bucket"": ""late"", ""surv_score"": ""1.0"", ""tier1_count"": 6}",late|none|pos,0.03406975903614458,38.6035,0.7676,0,1,0.1337,0.1557,6,6,buying,1.1662,elite_6,0.0,0.0,0.0,,,0.0,0,0,0,True,False,True,missing,0.0,adequate,<=400bps,259.01,1.0,0,0,1.0,0,1.0,0,,False,no_upcoming,0.024245,price_history,,6,1.2005,price_history,,-0.200577,,37.1717,0.6001,-0.214608,0.014031,late,mid,none,commercial_biotech,morningstar,,,,0,0.9,52.19,41.25000000000000000000000000,74.0,15.33,48.50694444444444444444444444,50.66666666666666666666666667,47.9122,0.1758,3.0,420,27,1.0,0.0978,0,0,0.0,0.7,0.75,rare_disease,0.6955,highly_crowded,1.0,126,0.03406975903614458,0.559649,0.1501,41.24,0.794737,0.823,0.287993,0.23355,0.0,0.0,0.05274,0.001703,0.0
ARWR,"Arrowhead Pharmaceuticals, Inc.",111,0.66,C,low_quality+no_catalyst_data,,,C,0.047368,0.273077,1,,0,,,0,no_upcoming,9,headwind,deep_drawdown,M,sponsor_confirmed|momentum_headwind,clinical_score:-19.0;smart_money_score:+15.5;financial_score:+10.5,tier=;reason=;cat_days=NA;strength=missing;decay_w=0.0,v1.3.0,31f399e0,1,,0,,"{""burn_ttm"": 0.0, ""cash_total"": 714967000.0, ""dilution_risk"": null, ""has_revenue"": null, ""lead_phase"": null, ""runway_months"": null, ""stage_bucket"": ""late"", ""surv_score"": ""5.0"", ""tier1_count"": 2}",late|none|nonpos,0.06036250933786078,39.1415,0.7437,0,1,-0.8435,-0.8153,2,2,buying,-0.3887,elite_2,0.0,0.0,0.0,,,0.0,0,0,0,True,False,True,missing,0.0,adequate,<=400bps,234.38,1.0,0,0,1.0,0,1.0,0,,False,no_upcoming,-0.199822,price_history,,2,0.4749,price_history,,-0.391252,,38.2132,0.7267,-0.214608,-0.176644,late,mid,none,commercial_biotech,morningstar,,,,0,0.7957586865215731195112638412,42.88,41.25000000000000000000000000,61.0,15.33,26.50694444444444444444444444,56.00000000000000000000000000,27.1419,-0.7008,3.0,206,20,1.0,1.109,2,1,0.0,0.4,0.5,respiratory,-0.4844,uncrowded,1.0,14,0.06036250933786078,0.952632,1.6709,21.56,0.447368,-0.1323,0.003018,0.0,0.0,0.0,0.0,0.003018,0.0
MEDP,"Medpace Holdings, Inc.",112,1.1,C,low_quality+no_catalyst_data,,,C,0.833333,0.511538,1,,0,,,0,no_upcoming,9,tailwind,,L,momentum_tailwind,catalyst_score:-14.5;clinical_score:+10.6;momentum_score:+8.5,tier=;reason=;cat_days=NA;strength=missing;decay_w=0.0,v1.3.0,31f399e0,1,,0,,"{""burn_ttm"": 0.0, ""cash_total"": 497049000.0, ""dilution_risk"": null, ""has_revenue"": null, ""lead_phase"": null, ""runway_months"": null, ""stage_bucket"": ""early"", ""surv_score"": ""3.0"", ""tier1_count"": 0}",early|none|nonpos,0.003309939393939394,46.8595,-1.6539,,0,,0.0,0,0,neutral,-1.1662,,0.0,0.0,0.0,,,0.0,0,0,0,True,False,True,missing,0.0,adequate,<=400bps,270.97,1.0,0,0,1.0,0,1.0,0,,False,no_upcoming,0.080514,price_history,,0,0.3875,price_history,,-0.126354,,42.7563,0.2643,-0.214608,0.088254,early,large,none,platform_diagnostics,morningstar,,,,0,0.8532027413038470398525685326,64.27,41.25000000000000000000000000,,31.33,66.40000000000000000000000000,51.20000000000000000000000000,64.9297,0.894,0.0,,6,0.0,0.0,0,0,0.0,0.0,0.5,dermatology,-3.552,uncrowded,1.0,238,0.003309939393939394,0.166667,-0.9674,38.64,0.759649,0.7052,0.268365,0.0,0.0,0.0,0.2682,0.000165,0.0
ADMA,ADMA Biologics Inc,113,0.94,C,low_quality+no_catalyst_data,,,C,0.349123,0.05,1,,0,,,0,no_upcoming,9,tailwind,,L,sponsor_confirmed|momentum_tailwind,financial_score:-28.9;clinical_score:+16.8;momentum_score:+11.4,tier=;reason=;cat_days=NA;strength=missing;decay_w=0.0,v1.3.0,31f399e0,1,,0,,"{""burn_ttm"": 0.0, ""cash_total"": 87630000.0, ""dilution_risk"": null, ""has_revenue"": null, ""lead_phase"": null, ""runway_months"": null, ""stage_bucket"": ""late"", ""surv_score"": ""-1.0"", ""tier1_count"": 2}",late|none|pos,0.03406975903614458,23.786043,-0.2366,,0,0.7164,0.7346,2,2,selling,-0.3887,elite_2,0.0,0.0,0.0,,,0.0,0,0,0,True,False,True,missing,0.0,adequate,<=1000bps,517.31,0.85,1,0,1.0,0,1.0,0,,False,no_upcoming,0.049673,price_history,,2,0.6107,price_history,,-0.273319,,34.337,0.4754,-0.214608,-0.058711,late,mid,none,commercial_biotech,morningstar,,,,0,0.9,56.22,41.25000000000000000000000000,49.0,15.33,61.62500000000000000000000000,15.94787379972565157750342936,60.8547,0.722,3.0,,7,1.0,0.0,0,0,0.0,0.5,0.55,infectious_disease,-0.4844,uncrowded,1.0,100,0.03406975903614458,0.650877,0.3877,30.85,0.619298,0.3036,1.320203,1.1019,0.0,0.0,0.2166,0.001703,0.0
ETON,"Eton Pharmaceuticals, Inc.",114,0.77,C,low_quality+no_catalyst_data,,,C,0.801754,0.25,1,,0,,,0,no_upcoming,9,tailwind,,L,sponsor_confirmed|momentum_tailwind|cost_haircut_<=2000bps,momentum_score:+27.8;financial_score:-27.4;clinical_score:-26.8,tier=;reason=;cat_days=NA;strength=missing;decay_w=0.0,v1.3.0,31f399e0,1,,0,,"{""burn_ttm"": 0.0, ""cash_total"": 37121000.0, ""dilution_risk"": null, ""has_revenue"": null, ""lead_phase"": null, ""runway_months"": null, ""stage_bucket"": ""early"", ""surv_score"": ""-1.0"", ""tier1_count"": 2}",early|none|nonpos,0.003309939393939394,37.772722,-1.777,,0,-1.4668,-1.0547,2,2,buying,-0.3887,elite_2,0.0,0.0,0.0,,,0.0,0,0,0,True,False,True,missing,0.0,adequate,<=2000bps,1543.73,0.7,1,0,1.0,0,1.0,0,,False,no_upcoming,0.4083,price_history,,2,0.7779,price_history,,-0.280639,,42.8408,0.4387,-0.214608,-0.066031,early,small,sev1,commercial_pharma,morningstar,,,,0,0.7060664257555847568988173456,70.08,50,61.0,48.67,15.54271604938271604938271605,14.93827160493827160493827160,15.7177,-1.1829,,,,,,,,,,,,-1.6642,unknown,1.0,229,0.003309939393939394,0.198246,-0.8479,9.54,0.068421,-1.4877,0.000165,0.0,0.0,0.0,0.0,0.000165,0.0
ZYME,Zymeworks Inc.,115,0.56,C,low_quality+no_catalyst_data,,,C,0.212281,0.15,1,,0,,,0,no_upcoming,9,headwind,deep_drawdown,M,sponsor_confirmed|momentum_headwind,smart_money_score:+34.0;clinical_score:-24.4;financial_score:-5.5,tier=;reason=;cat_days=NA;strength=missing;decay_w=0.0,v1.3.0,31f399e0,1,,0,,"{""burn_ttm"": 22746000.0, ""cash_total"": 64834000.0, ""dilution_risk"": null, ""has_revenue"": null, ""lead_phase"": null, ""runway_months"": 34.204167765761014, ""stage_bucket"": ""late"", ""surv_score"": ""3.0"", ""tier1_count"": 7}",late|none|nonpos,0.06036250933786078,31.95823,-0.2986,154,1,-1.1954,-1.1649,7,7,buying,1.5549,elite_7,0.0,0.0,0.0,,,0.0,0,0,0,True,False,True,missing,0.0,adequate,<=1000bps,781.08,0.85,1,0,1.0,0,1.0,0,,False,no_upcoming,-0.119884,price_history,,7,0.7479,price_history,,-0.373777,,40.1613,0.7975,-0.214608,-0.159169,late,small,none,commercial_biotech,morningstar,,,,0,0.8788968279694373697615188701,40.58,41.25000000000000000000000000,77.0,19.93,18.58506944444444444444444444,37.48162150808653644192396555,17.965,-1.0881,3.0,1334,4,1.0,0.2899,0,1,0.0,0.3,0.95,oncology,-0.4844,uncrowded,1.0,61,0.06036250933786078,0.787719,0.7985,21.99,0.464912,-0.0881,0.003018,0.0,0.0,0.0,0.0,0.003018,0.0
PAHC,Phibro Animal Health Corporatio,116,0.56,C,low_quality+no_catalyst_data,,,C,0.857895,0.088462,1,,0,,,0,no_upcoming,9,neutral,,M,,clinical_score:-20.9;momentum_score:+13.8;catalyst_score:+13.6,tier=;reason=;cat_days=NA;strength=missing;decay_w=0.0,v1.3.0,31f399e0,1,,0,,"{""burn_ttm"": 0.0, ""cash_total"": 74508000.0, ""dilution_risk"": null, ""has_revenue"": null, ""lead_phase"": null, ""runway_months"": null, ""stage_bucket"": ""early"", ""surv_score"": ""1.0"", ""tier1_count"": 0}",early|none|nonpos,0.003309939393939394,28.8435,-1.777,,0,-1.4668,-1.0547,0,0,neutral,-1.1662,,0.0,0.0,0.0,,,0.0,0,0,0,True,False,True,missing,0.0,adequate,<=1000bps,831.95,0.85,1,0,1.0,0,1.0,0,,False,no_upcoming,-0.070248,price_history,,0,0.3793,price_history,,-0.201431,,43.2254,0.4021,-0.214608,0.013177,early,mid,sev1,commercial_pharma,morningstar,,,,0,0.6964777665203197118090735112,50.25,50,,15.33,15.54271604938271604938271605,29.84000000000000000000000000,15.7177,-1.1829,,,,,,,,,,,,-1.6642,unknown,1.0,245,0.003309939393939394,0.142105,-1.0709,11.85,0.107018,-1.2425,0.000165,0.0,0.0,0.0,0.0,0.000165,0.0
LFCR,"Lifecore Biomedical, Inc.",117,0.36,C,low_quality+no_catalyst_data,,,C,0.822807,0.080769,1,,0,,,0,no_upcoming,9,tailwind,,M,momentum_tailwind|cost_haircut_>2000bps,momentum_score:+27.7;clinical_score:-22.8;financial_score:-16.5,tier=;reason=;cat_days=NA;strength=missing;decay_w=0.0,v1.3.0,31f399e0,1,,0,,"{""burn_ttm"": 0.0, ""cash_total"": 18856000.0, ""dilution_risk"": null, ""has_revenue"": null, ""lead_phase"": null, ""runway_months"": null, ""stage_bucket"": ""early"", ""surv_score"": ""1.0"", ""tier1_count"": 0}",early|none|nonpos,0.003309939393939394,28.3895,-1.777,,0,-1.4668,-1.0547,0,0,neutral,-1.1662,,0.0,0.0,0.0,,,0.0,0,0,0,True,False,True,missing,0.0,adequate,>2000bps,2020.0,0.55,1,0,1.0,0,1.0,0,,False,no_upcoming,-0.264433,price_history,,0,0.1526,price_history,,-0.348709,,33.7381,0.4595,-0.214608,-0.134101,early,micro,sev1,commercial_pharma,morningstar,,,,0,0.7115350097129289876969566156,66.06,50,,15.33,15.54271604938271604938271605,21.80444444444444444444444444,15.7177,-1.1829,,,,,,,,,,,,-1.6642,unknown,1.0,235,0.003309939393939394,0.177193,-0.9261,11.00,0.092982,-1.3226,0.000165,0.0,0.0,0.0,0.0,0.000165,0.0
XERS,"Xeris Biopharma Holdings, Inc.",118,0.94,C,low_quality+no_catalyst_data,,,C,0.914035,0.065385,1,,0,,,0,no_upcoming,9,neutral,drawdown_data_missing,L,sponsor_confirmed,clinical_score:-26.0;smart_money_score:+25.0;financial_score:-16.0,tier=;reason=;cat_days=NA;strength=missing;decay_w=0.0,v1.3.0,31f399e0,1,,0,,"{""burn_ttm"": 0.0, ""cash_total"": 91598000.0, ""dilution_risk"": null, ""has_revenue"": null, ""lead_phase"": null, ""runway_months"": null, ""stage_bucket"": ""early"", ""surv_score"": ""-1.0"", ""tier1_count"": 3}",early|none|nonpos,0.003309939393939394,26.853154,-1.777,,0,-1.3305,-1.2992,3,3,buying,0.0,elite_3,0.0,0.0,0.0,,,0.0,0,0,0,True,False,True,missing,0.0,adequate,<=1000bps,895.88,0.85,1,0,1.0,0,1.0,0,,False,no_upcoming,,,beta_missing:series_too_short,3,,,series_too_short,,no_price_series,,0.6845,-0.214608,,early,small,sev1,commercial_biotech,morningstar,,,drawdown,1,0.7038885059978189749182115594,50,50,66.5,15.33,15.54271604938271604938271605,25.52812071330589849108367628,15.7177,-1.1829,,,,,,,,,,,,-1.6642,unknown,1.0,261,0.003309939393939394,0.085965,-1.366,14.78,0.187719,-0.8863,0.000165,0.0,0.0,0.0,0.0,0.000165,0.0
CMPS,COMPASS Pathways Plc - American,119,0.56,C,low_quality+no_catalyst_data,,,C,0.085965,0.55,1,,0,,,0,no_upcoming,9,headwind,deep_drawdown,M,sponsor_confirmed|momentum_headwind,smart_money_score:+33.7;clinical_score:-14.7;financial_score:-11.0,tier=;reason=;cat_days=NA;strength=missing;decay_w=0.0,v1.3.0,31f399e0,1,,0,,"{""burn_ttm"": 119452000.0, ""cash_total"": 185937000.0, ""dilution_risk"": null, ""has_revenue"": null, ""lead_phase"": null, ""runway_months"": 16.924559632728812, ""stage_bucket"": ""late"", ""surv_score"": ""1.0"", ""tier1_count"": 5}",late|none|nonpos,0.06036250933786078,48.230747,0.7484,0,1,,0.0,5,5,buying,0.7775,elite_5,0.0,0.0,0.0,,,0.0,0,0,0,True,False,True,missing,0.0,adequate,<=1000bps,762.54,0.85,1,0,1.0,0,1.0,0,,False,no_upcoming,-0.108109,price_history,,5,1.156,price_history,,-0.410959,,31.3462,0.7735,-0.214608,-0.196351,late,small,sev1,platform_services,morningstar,,,,0,0.8100316011235955056179775281,38.31,41.25000000000000000000000000,77.5,73.78,29.06250000000000000000000000,32.76832598193656794791010292,28.2402,-0.6544,3.0,584,6,1.0,0.403,0,1,0.0,0.7,0.6,cns,0.6955,highly_crowded,1.0,25,0.06036250933786078,0.914035,1.366,18.09,0.342105,-0.4067,0.003018,0.0,0.0,0.0,0.0,0.003018,0.0
RGEN,Repligen Corporation,120,1.1,C,low_quality+no_catalyst_data,,,C,0.87193,0.434615,1,,0,,,0,no_upcoming,9,tailwind,,L,sponsor_confirmed|momentum_tailwind,clinical_score:-28.8;smart_money_score:+16.2;momentum_score:+11.4,tier=;reason=;cat_days=NA;strength=missing;decay_w=0.0,v1.3.0,31f399e0,1,,0,,"{""burn_ttm"": 0.0, ""cash_total"": 748747000.0, ""dilution_risk"": null, ""has_revenue"": null, ""lead_phase"": null, ""runway_months"": null, ""stage_bucket"": ""early"", ""surv_score"": ""-1.0"", ""tier1_count"": 3}",early|none|nonpos,0.003309939393939394,45.319222,-1.777,,0,,0.0,3,3,buying,0.0,elite_3,0.0,0.0,0.0,,,0.0,0,0,0,True,False,True,missing,0.0,adequate,<=400bps,336.3,1.0,0,0,1.0,0,1.0,0,,False,no_upcoming,0.113528,price_history,,3,0.5683,price_history,,-0.296703,,40.5706,0.4218,-0.214608,-0.082095,early,mid,sev1,platform_devices,morningstar,,,,0,0.7119082823790994997220678155,55.72,50,60.5,46.30,15.54271604938271604938271605,39.93382716049382716049382716,15.7177,-1.1829,,,,,,,,,,,,-1.6642,unknown,1.0,249,0.003309939393939394,0.12807,-1.1356,17.45,0.317544,-0.4746,0.000165,0.0,0.0,0.0,0.0,0.000165,0.0
VCYT,"Veracyte, Inc.",121,0.94,C,low_quality+no_catalyst_data,,,C,0.907018,0.588462,1,,0,,,0,no_upcoming,9,neutral,,L,sponsor_confirmed,clinical_score:-30.3;smart_money_score:+15.2;financial_score:+9.4,tier=;reason=;cat_days=NA;strength=missing;decay_w=0.0,v1.3.0,31f399e0,1,,0,,"{""burn_ttm"": 0.0, ""cash_total"": 315573000.0, ""dilution_risk"": null, ""has_revenue"": null, ""lead_phase"": null, ""runway_months"": null, ""stage_bucket"": ""early"", ""surv_score"": ""2.0"", ""tier1_count"": 2}",early|none|nonpos,0.003309939393939394,49.012,-1.777,,0,,0.0,2,2,buying,-0.3887,elite_2,0.0,0.0,0.0,,,0.0,0,0,0,True,False,True,missing,0.0,adequate,<=1000bps,583.25,0.85,1,0,1.0,0,1.0,0,,False,no_upcoming,-0.094719,price_history,,2,1.018,price_history,,-0.280227,,28.7611,0.6453,-0.214608,-0.065619,early,mid,sev1,platform_diagnostics,morningstar,,,,0,0.6976690923317683881064162754,47.36,50,61.0,42.00,15.54271604938271604938271605,55.20000000000000000000000000,15.7177,-1.1829,,,,,,,,,,,,-1.6642,unknown,1.0,259,0.003309939393939394,0.092982,-1.3226,17.33,0.307018,-0.5043,0.000165,0.0,0.0,0.0,0.0,0.000165,0.0
ILMN,"Illumina, Inc.",122,0.66,C,low_quality+no_catalyst_data,,,C,0.815789,0.534615,1,,0,,,0,no_upcoming,9,headwind,deep_drawdown,M,sponsor_confirmed|momentum_headwind,smart_money_score:+10.7;clinical_score:-8.7;momentum_score:-3.6,tier=;reason=;cat_days=NA;strength=missing;decay_w=0.0,v1.3.0,31f399e0,1,,0,,"{""burn_ttm"": 0.0, ""cash_total"": 215000000.0, ""dilution_risk"": null, ""has_revenue"": null, ""lead_phase"": null, ""runway_months"": null, ""stage_bucket"": ""early"", ""surv_score"": ""4.0"", ""tier1_count"": 2}",early|none|nonpos,0.003309939393939394,47.002,-1.7663,,0,,0.0,2,2,selling,-0.3887,elite_2,0.0,0.0,0.0,,,0.0,0,0,0,True,False,True,missing,0.0,adequate,<=400bps,196.98,1.0,0,0,1.0,0,1.0,0,,False,no_upcoming,-0.189223,price_history,,2,0.4711,price_history,,-0.423169,,41.9918,0.6123,-0.214608,-0.208561,early,large,none,platform_diagnostics,morningstar,,,,0,0.6753268307322929171668667467,37.76,41.25000000000000000000000000,52.0,57.48,32.64493827160493827160493827,42.96000000000000000000000000,31.1746,-0.5306,0.0,452,1,0.0,0.0,0,0,0.0,0.0,0.5,other,-2.8441,uncrowded,1.0,233,0.003309939393939394,0.184211,-0.8994,20.65,0.419298,-0.2037,0.000165,0.0,0.0,0.0,0.0,0.000165,0.0
PACB,Pacific Biosciences of Californ,123,0.56,C,mod_quality+no_catalyst_data,,,C,0.854386,0.719231,1,,0,,,0,no_upcoming,9,headwind,deep_drawdown,M,sponsor_confirmed|momentum_headwind,clinical_score:-31.2;financial_score:+30.2;momentum_score:-13.4,tier=;reason=;cat_days=NA;strength=missing;decay_w=0.0,v1.3.0,31f399e0,1,,0,,"{""burn_ttm"": 111209000.0, ""cash_total"": 279506000.0, ""dilution_risk"": null, ""has_revenue"": null, ""lead_phase"": null, ""runway_months"": 30.160076972187504, ""stage_bucket"": ""early"", ""surv_score"": ""1.0"", ""tier1_count"": 2}",early|none|nonpos,0.003309939393939394,58.834,-1.777,,0,,0.0,2,2,buying,-0.3887,elite_2,0.0,0.0,0.0,,,0.0,0,0,0,True,False,True,missing,0.0,adequate,<=1000bps,913.25,0.85,1,0,1.0,0,1.0,0,,False,no_upcoming,-0.255832,price_history,,2,1.0776,price_history,,-0.421352,,32.0926,1.0113,-0.214608,-0.206744,early,small,sev1,platform_devices,morningstar,,,,0,0.6283799231009040839654993245,33.42,50,58.0,50,15.54271604938271604938271605,77.000,15.7177,-1.1829,,,,,,,,,,,,-1.6642,unknown,1.0,244,0.003309939393939394,0.145614,-1.0554,18.61,0.370175,-0.3314,0.000165,0.0,0.0,0.0,0.0,0.000165,0.0
AVTR,"Avantor, Inc.",124,1.1,C,mod_quality+no_catalyst_data,,,C,0.763158,0.688462,1,,0,,,0,no_upcoming,9,tailwind,,L,momentum_tailwind,clinical_score:-29.8;momentum_score:+12.8;smart_money_score:+7.2,tier=;reason=;cat_days=NA;strength=missing;decay_w=0.0,v1.3.0,31f399e0,1,,0,,"{""burn_ttm"": 0.0, ""cash_total"": 365400000.0, ""dilution_risk"": null, ""has_revenue"": null, ""lead_phase"": null, ""runway_months"": null, ""stage_bucket"": ""early"", ""surv_score"": ""1.0"", ""tier1_count"": 1}",early|none|nonpos,0.003309939393939394,55.5305,-1.777,,0,,0.0,1,1,neutral,-0.7775,elite_1,0.0,0.0,0.0,,,0.0,0,0,0,True,False,True,missing,0.0,adequate,<=400bps,310.61,1.0,0,0,1.0,0,1.0,0,,False,no_upcoming,-0.007927,price_history,,1,0.0307,price_history,,-0.177689,,42.89,0.5928,-0.214608,0.036919,early,mid,sev1,platform_devices,morningstar,,,,0,0.6823054832610388165943721499,58.08,50,52.5,60.67,15.54271604938271604938271605,50.40000000000000000000000000,15.7177,-1.1829,,,,,,,,,,,,-1.6642,unknown,1.0,218,0.003309939393939394,0.236842,-0.7165,17.82,0.331579,-0.4356,0.000165,0.0,0.0,0.0,0.0,0.000165,0.0
PRVA,"Privia Health Group, Inc.",125,0.94,C,low_quality+no_catalyst_data,,,C,0.864912,0.296154,1,,0,,,0,no_upcoming,9,tailwind,,L,momentum_tailwind,clinical_score:-30.2;smart_money_score:+9.8;momentum_score:+8.2,tier=;reason=;cat_days=NA;strength=missing;decay_w=0.0,v1.3.0,31f399e0,1,,0,,"{""burn_ttm"": 0.0, ""cash_total"": 441352000.0, ""dilution_risk"": null, ""has_revenue"": null, ""lead_phase"": null, ""runway_months"": null, ""stage_bucket"": ""early"", ""surv_score"": ""3.0"", ""tier1_count"": 1}",early|none|nonpos,0.003309939393939394,40.2735,-1.777,,0,,0.0,1,1,buying,-0.7775,elite_1,0.0,0.0,0.0,,,0.0,0,0,0,True,False,True,missing,0.0,adequate,<=1000bps,754.69,0.85,1,0,1.0,0,1.0,0,,False,no_upcoming,0.043523,price_history,,1,0.7834,price_history,,-0.342914,,48.3817,0.2771,-0.214608,-0.128306,early,mid,sev1,platform_services,morningstar,,,,0,0.7247679982146842222718143272,53.94,50,55.5,15.33,15.54271604938271604938271605,53.60000000000000000000000000,15.7177,-1.1829,,,,,,,,,,,,-1.6642,unknown,1.0,247,0.003309939393939394,0.135088,-1.1027,17.54,0.324561,-0.455,0.000165,0.0,0.0,0.0,0.0,0.000165,0.0
MYGN,"Myriad Genetics, Inc.",126,0.12,C,low_quality+no_catalyst_data,,,C,0.840351,0.388462,1,,0,,,0,no_upcoming,9,headwind,deep_drawdown,XS,momentum_headwind|cost_haircut_<=2000bps,clinical_score:-29.9;financial_score:+22.9;smart_money_score:+10.1,tier=;reason=;cat_days=NA;strength=missing;decay_w=0.0,v1.3.0,31f399e0,1,,0,,"{""burn_ttm"": 0.0, ""cash_total"": 149600000.0, ""dilution_risk"": null, ""has_revenue"": null, ""lead_phase"": null, ""runway_months"": null, ""stage_bucket"": ""early"", ""surv_score"": ""-1.0"", ""tier1_count"": 1}",early|none|nonpos,0.003309939393939394,43.6615,-1.777,,0,,0.0,1,1,buying,-0.7775,elite_1,0.0,0.0,0.0,,,0.0,0,0,0,True,False,True,missing,0.0,adequate,<=2000bps,1416.19,0.7,1,0,1.0,0,1.0,0,,False,no_upcoming,-0.179157,price_history,,1,1.0417,price_history,,-0.358165,,35.3235,0.6452,-0.214608,-0.143557,early,small,sev1,platform_diagnostics,morningstar,,,,0,0.6180549426301853486319505737,37.73,50,55.5,15.33,15.54271604938271604938271605,68.33333333333333333333333334,15.7177,-1.1829,,,,,,,,,,,,-1.6642,unknown,1.0,240,0.003309939393939394,0.159649,-0.9959,15.30,0.215789,-0.7865,0.000165,0.0,0.0,0.0,0.0,0.000165,0.0
OPCH,"Option Care Health, Inc.",127,0.94,C,low_quality+no_catalyst_data,,,C,0.850877,0.580769,1,,0,,,0,no_upcoming,9,tailwind,,L,momentum_tailwind,clinical_score:-27.4;momentum_score:+17.2;catalyst_score:+7.1,tier=;reason=;cat_days=NA;strength=missing;decay_w=0.0,v1.3.0,31f399e0,1,,0,,"{""burn_ttm"": 0.0, ""cash_total"": 232624000.0, ""dilution_risk"": null, ""has_revenue"": null, ""lead_phase"": null, ""runway_months"": null, ""stage_bucket"": ""early"", ""surv_score"": ""1.0"", ""tier1_count"": 0}",early|none|nonpos,0.003309939393939394,48.854222,-1.777,,0,,0.0,0,0,neutral,-1.1662,,0.0,0.0,0.0,,,0.0,0,0,0,True,False,True,missing,0.0,adequate,<=1000bps,411.44,0.85,1,0,1.0,0,1.0,0,,False,no_upcoming,0.036133,price_history,,0,-0.0035,price_history,,-0.08237,,40.2364,0.3048,-0.214608,0.132238,early,mid,sev1,platform_services,morningstar,,,,0,0.7335701459034792368125701459,60.16,50,,46.00,15.54271604938271604938271605,46.04938271604938271604938272,15.7177,-1.1829,,,,,,,,,,,,-1.6642,unknown,1.0,243,0.003309939393939394,0.149123,-1.0402,15.38,0.226316,-0.751,0.000165,0.0,0.0,0.0,0.0,0.000165,0.0
BRKR,Bruker Corporation,128,0.66,C,mod_quality+no_catalyst_data,,,C,0.777193,0.726923,1,,0,,,0,no_upcoming,9,neutral,,M,,clinical_score:-26.7;financial_score:+13.8;catalyst_score:+7.8,tier=;reason=;cat_days=NA;strength=missing;decay_w=0.0,v1.3.0,31f399e0,1,,0,,"{""burn_ttm"": 95700000.0, ""cash_total"": 293100000.0, ""dilution_risk"": null, ""has_revenue"": null, ""lead_phase"": null, ""runway_months"": 36.75235109717868, ""stage_bucket"": ""early"", ""surv_score"": ""-1.0"", ""tier1_count"": 0}",early|none|nonpos,0.003309939393939394,59.0125,-1.777,,0,,0.0,0,0,neutral,-1.1662,,0.0,0.0,0.0,,,0.0,0,0,0,True,False,True,missing,0.0,adequate,<=400bps,329.83,1.0,0,0,1.0,0,1.0,0,,False,no_upcoming,-0.11568,price_history,,0,0.2673,price_history,,-0.251702,,47.2891,0.4312,-0.214608,-0.037094,early,mid,sev1,platform_devices,morningstar,,,,0,0.6982677637511271415689810640,47.28,50,,69.59,15.54271604938271604938271605,56.00000000000000000000000000,15.7177,-1.1829,,,,,,,,,,,,-1.6642,unknown,1.0,222,0.003309939393939394,0.222807,-0.7627,14.93,0.194737,-0.8606,0.000165,0.0,0.0,0.0,0.0,0.000165,0.0
FLGT,"Fulgent Genetics, Inc.",129,0.12,C,mod_quality+no_catalyst_data,,,C,0.808772,0.842308,1,,0,,,0,no_upcoming,9,headwind,,XS,momentum_headwind|cost_haircut_<=2000bps,clinical_score:-25.2;financial_score:+14.3;catalyst_score:+9.3,tier=;reason=;cat_days=NA;strength=missing;decay_w=0.0,v1.3.0,31f399e0,1,,0,,"{""burn_ttm"": 23495000.0, ""cash_total"": 117641000.0, ""dilution_risk"": null, ""has_revenue"": null, ""lead_phase"": null, ""runway_months"": 60.08478399659502, ""stage_bucket"": ""early"", ""surv_score"": ""2.0"", ""tier1_count"": 0}",early|none|nonpos,0.003309939393939394,64.718,-1.777,,0,,0.0,0,0,neutral,-1.1662,,0.0,0.0,0.0,,,0.0,0,0,0,True,False,True,missing,0.0,adequate,<=2000bps,1631.39,0.7,1,0,1.0,0,1.0,0,,False,no_upcoming,-0.237573,price_history,,0,0.5169,price_history,,-0.341828,,24.2271,0.4849,-0.214608,-0.12722,early,small,sev1,platform_diagnostics,morningstar,,,,0,0.7149474967061923583662714097,42.34,50,,90.00,15.54271604938271604938271605,55.00000000000000000000000000,15.7177,-1.1829,,,,,,,,,,,,-1.6642,unknown,1.0,231,0.003309939393939394,0.191228,-0.8734,18.55,0.363158,-0.35,0.000165,0.0,0.0,0.0,0.0,0.000165,0.0
VOR,Vor Biopharma Inc.,,,D,ineligible,D,ineligible,,0.201754,,0,0.990323,1,0.009677,,0,no_upcoming,9,headwind,high_vol|deep_drawdown|deep_drawdown_rel_xbi,XS,ineligible,clinical_score:-24.1;catalyst_score:+12.2;financial_score:+11.7,tier=D;reason=ineligible;cat_days=NA;strength=missing;decay_w=0.0,v1.3.0,31f399e0,0,fundamental_red_flag|deep_drawdown,1,sponsor_absent_late_stage,"{""burn_ttm"": 119912000.0, ""cash_total"": 170462000.0, ""dilution_risk"": null, ""has_revenue"": null, ""lead_phase"": null, ""runway_months"": 17.05870972046167, ""stage_bucket"": ""late"", ""surv_score"": ""2.0"", ""tier1_count"": 0}",late|none|nonpos,0.06036250933786078,,-0.638,458,1,-1.6545,-1.9702,0,0,neutral,-1.1662,,0.0,0.0,0.0,,,0.0,0,0,0,True,False,True,missing,0.0,adequate,<=1000bps,610.22,0.85,1,0,1.0,0,1.0,0,,False,no_upcoming,-0.157787,price_history,,0,1.2169,price_history,,-0.734859,,30.716,1.6831,-0.214608,-0.520251,late,small,sev1,drug_developer,morningstar,,,,0,0.8026212085025077621208502508,29.25,41.25000000000000000000000000,,47.90,5,40.71716959555648906625592196,4.2349,-1.6675,3.0,458,4,1.0,0.0364,0,0,0.0,0.4,0.95,oncology,0.6955,highly_crowded,1.0,58,0.06036250933786078,0.798246,0.8354,5.66,0.026316,-1.9379,0.003018,0.0,0.0,0.0,0.0,0.003018,0.0
KOD,Kodiak Sciences Inc,,,D,ineligible,D,ineligible,,0.131579,,0,0.964516,1,0.035484,,0,no_upcoming,9,headwind,high_beta|deep_drawdown|deep_drawdown_rel_xbi,XS,ineligible,smart_money_score:+39.8;clinical_score:-21.7;financial_score:-21.7,tier=D;reason=ineligible;cat_days=NA;strength=missing;decay_w=0.0,v1.3.0,31f399e0,0,deep_drawdown,0,,"{""burn_ttm"": 96630000.0, ""cash_total"": 72038000.0, ""dilution_risk"": null, ""has_revenue"": null, ""lead_phase"": null, ""runway_months"": 8.94604160198696, ""stage_bucket"": ""late"", ""surv_score"": ""-2.0"", ""tier1_count"": 3}",late|none|nonpos,0.06036250933786078,,0.6629,0,1,-1.6545,-1.9702,3,3,buying,0.0,elite_3,0.0,0.0,0.0,,,0.0,0,0,0,True,False,True,missing,0.0,short,<=1000bps,676.83,0.85,1,0,1.0,0,1.0,0,,False,no_upcoming,-0.481829,price_history,,3,1.8969,price_history,,-0.817511,,31.8751,0.8241,-0.214608,-0.602903,late,small,sev2,drug_developer,morningstar,,,,0,0.8621078447371488518475346777,15.53,41.25000000000000000000000000,66.5,38.11,5,5,3.1797,-1.712,3.0,,4,1.0,0.0,0,0,0.0,0.3,0.55,ophthalmology,0.6955,highly_crowded,1.0,38,0.06036250933786078,0.868421,1.119,6.26,0.033333,-1.8339,0.003018,0.0,0.0,0.0,0.0,0.003018,0.0
IVVD,"Invivyd, Inc.",,,D,ineligible,D,ineligible,,0.12807,,0,0.958065,1,0.041935,,0,no_upcoming,9,tailwind,high_vol|deep_drawdown|deep_drawdown_rel_xbi,XS,ineligible,clinical_score:-37.2;momentum_score:+33.3;smart_money_score:+23.3,tier=D;reason=ineligible;cat_days=NA;strength=missing;decay_w=0.0,v1.3.0,31f399e0,0,deep_drawdown,0,,"{""burn_ttm"": 42680000.0, ""cash_total"": 84967000.0, ""dilution_risk"": null, ""has_revenue"": null, ""lead_phase"": null, ""runway_months"": 23.88950328022493, ""stage_bucket"": ""late"", ""surv_score"": ""2.0"", ""tier1_count"": 3}",late|none|nonpos,0.06036250933786078,,-0.4628,215,1,-1.6545,-1.9702,3,3,buying,0.0,elite_3,0.0,0.0,0.0,,,0.0,0,0,0,True,False,True,missing,0.0,adequate,<=2000bps,1286.76,0.7,1,0,1.0,0,1.0,0,,False,no_upcoming,0.23773,price_history,,3,0.2862,price_history,,-0.592593,,45.6881,1.2594,-0.214608,-0.377985,late,small,sev1,drug_developer,morningstar,,,,0,0.8283508526045316514832982948,75.55,41.25000000000000000000000000,65.5,59.79,5,23.84583070783448855282503676,3.5349,-1.6971,3.0,410,3,0.6667,0.0909,0,0,0.0,0.4,0.55,infectious_disease,0.6955,highly_crowded,1.0,37,0.06036250933786078,0.87193,1.1356,8.85,0.050877,-1.6364,0.003018,0.0,0.0,0.0,0.0,0.003018,0.0
ACRV,"Acrivon Therapeutics, Inc.",,,D,ineligible,D,ineligible,,0.675439,,0,0.919355,1,0.080645,,0,no_upcoming,9,headwind,deep_drawdown|deep_drawdown_rel_xbi,XS,ineligible,clinical_score:-36.0;financial_score:+25.7;smart_money_score:+18.9,tier=D;reason=ineligible;cat_days=NA;strength=missing;decay_w=0.0,v1.3.0,31f399e0,0,deep_drawdown,0,,"{""burn_ttm"": 48428000.0, ""cash_total"": 129254000.0, ""dilution_risk"": null, ""has_revenue"": null, ""lead_phase"": null, ""runway_months"": 32.02791773354258, ""stage_bucket"": ""mid"", ""surv_score"": ""5.0"", ""tier1_count"": 2}",mid|none|nonpos,0.004395499999999999,,-1.0825,1121,1,-1.6069,-1.9169,2,2,buying,-0.3887,elite_2,0.0,0.0,0.0,,,0.0,0,0,0,True,False,True,missing,0.0,adequate,>2000bps,2020.0,0.55,1,0,1.0,0,1.0,0,,False,no_upcoming,-0.333741,price_history,,2,0.5029,price_history,,-0.6875,,20.2488,,-0.214608,-0.472892,mid,micro,none,drug_developer,morningstar,,,,0,0.7221632865314612584503380135,34.46,41.25000000000000000000000000,61.0,50,6.114883557165132538604697950,67.87234042553191489361702128,4.9946,-1.6355,2.0,1121,1,0.0,0.0001,0,0,0.0,0.3,0.95,oncology,0.6955,highly_crowded,1.0,193,0.004395499999999999,0.324561,-0.455,16.09,0.250877,-0.6717,0.00022,0.0,0.0,0.0,0.0,0.00022,0.0
ADCT,ADC Therapeutics SA,,,D,ineligible,D,ineligible,,0.314035,,0,0.9,1,0.1,157,0,specific_days,9,headwind,deep_drawdown|deep_drawdown_rel_xbi,XS,ineligible,clinical_score:-32.4;smart_money_score:+26.5;financial_score:+15.7,tier=D;reason=ineligible;cat_days=157;strength=mid;decay_w=0.7,v1.3.0,31f399e0,0,deep_drawdown,0,,"{""burn_ttm"": 110051000.0, ""cash_total"": 234738000.0, ""dilution_risk"": null, ""has_revenue"": null, ""lead_phase"": null, ""runway_months"": 23.035925450397038, ""stage_bucket"": ""late"", ""surv_score"": ""3.0"", ""tier1_count"": 3}",late|near_91_180|nonpos,0.04309519565217391,,0.6986,0,1,-1.5459,-1.8486,3,3,buying,0.0,elite_3,0.0,0.0,0.0,,,0.0,0,0,0,True,False,True,mid,0.7,adequate,<=2000bps,1472.59,0.7,1,0,1.0,0,1.0,0,157,False,specific_days,-0.237646,price_history,,3,1.4992,price_history,,-0.845872,,40.1299,0.7505,-0.214608,-0.631264,late,small,none,drug_developer,morningstar,,,,0,0.8089258911819887429643527205,24.61,45.56250000000000000000000000,66.5,90.00,7.543402777777777777777777777,55.65217391304347826086956522,6.9461,-1.5531,3.0,876,19,1.0,0.5752,0,1,0.0,0.3,0.95,oncology,0.6955,highly_crowded,1.0,90,0.04309519565217391,0.685965,0.4844,14.94,0.198246,-0.8479,0.002155,0.0,0.0,0.0,0.0,0.002155,0.0
RAPT,"RAPT Therapeutics, Inc.",,,D,ineligible,D,ineligible,,0.717544,,0,0.893548,1,0.106452,,0,no_upcoming,9,headwind,high_vol|deep_drawdown|deep_drawdown_rel_xbi,XS,ineligible,smart_money_score:+37.1;clinical_score:-32.6;financial_score:-8.4,tier=D;reason=ineligible;cat_days=NA;strength=missing;decay_w=0.0,v1.3.0,31f399e0,0,deep_drawdown,0,,"{""burn_ttm"": 76143000.0, ""cash_total"": 157344000.0, ""dilution_risk"": null, ""has_revenue"": null, ""lead_phase"": null, ""runway_months"": 24.797131712698476, ""stage_bucket"": ""mid"", ""surv_score"": ""5.0"", ""tier1_count"": 5}",mid|none|nonpos,0.004395499999999999,,0.18,0,1,-1.5322,-1.8333,5,5,buying,0.7775,elite_5,0.0,0.0,0.0,,,0.0,0,0,0,True,False,True,missing,0.0,adequate,<=400bps,273.59,1.0,0,0,1.0,0,1.0,0,,False,no_upcoming,-0.073993,price_history,,5,1.3968,price_history,,-0.505844,,30.6759,1.4599,-0.214608,-0.291236,mid,small,none,drug_developer,morningstar,,,,0,0.7846415306696679797411367473,43.56,41.25000000000000000000000000,77.5,36.49,7.863286555002263467632412855,31.98279764599366229062924399,7.2188,-1.5416,2.0,231,5,1.0,0.2672,0,0,0.0,0.4,0.95,oncology,0.6955,highly_crowded,1.0,205,0.004395499999999999,0.282456,-0.5756,14.65,0.180702,-0.9127,0.00022,0.0,0.0,0.0,0.0,0.00022,0.0
FULC,"Fulcrum Therapeutics, Inc.",,,D,ineligible,D,ineligible,,0.110526,,0,0.887097,1,0.112903,,0,no_upcoming,9,tailwind,high_beta|deep_drawdown|deep_drawdown_rel_xbi,XS,ineligible,clinical_score:-44.4;momentum_score:+24.4;financial_score:+17.1,tier=D;reason=ineligible;cat_days=NA;strength=missing;decay_w=0.0,v1.3.0,31f399e0,0,deep_drawdown,0,,"{""burn_ttm"": 60065000.0, ""cash_total"": 197533000.0, ""dilution_risk"": null, ""has_revenue"": null, ""lead_phase"": null, ""runway_months"": 39.463847498543245, ""stage_bucket"": ""late"", ""surv_score"": ""5.0"", ""tier1_count"": 3}",late|none|nonpos,0.06036250933786078,,0.699,0,1,-1.5237,-1.8238,3,3,buying,0.0,elite_3,0.0,0.0,0.0,,,0.0,0,0,0,True,False,True,missing,0.0,adequate,<=1000bps,919.56,0.85,1,0,1.0,0,1.0,0,,False,no_upcoming,0.446241,price_history,,3,2.1941,price_history,,-0.701215,,43.7781,1.1313,-0.214608,-0.486607,late,small,none,drug_developer,morningstar,,,,0,0.8089258911819887429643527205,76.81,41.25000000000000000000000000,66.5,64.69,8.062499999999999999999999999,69.56521739130434782608695652,6.9474,-1.553,3.0,391,4,1.0,0.1242,0,0,0.0,0.4,0.55,infectious_disease,-0.4844,uncrowded,1.0,32,0.06036250933786078,0.889474,1.2237,16.65,0.27193,-0.607,0.003018,0.0,0.0,0.0,0.0,0.003018,0.0
NUVB,Nuvation Bio Inc.,,,D,ineligible,D,ineligible,,0.012281,,0,0.854839,1,0.145161,453,0,specific_days,9,headwind,high_vol|deep_drawdown|deep_drawdown_rel_xbi,XS,ineligible,clinical_score:-31.7;financial_score:+29.3;smart_money_score:+9.0,tier=D;reason=ineligible;cat_days=453;strength=far;decay_w=0.3,v1.3.0,31f399e0,0,deep_drawdown,0,,"{""burn_ttm"": 143694000.0, ""cash_total"": 549045000.0, ""dilution_risk"": null, ""has_revenue"": null, ""lead_phase"": null, ""runway_months"": 44.273359540368915, ""stage_bucket"": ""late"", ""surv_score"": ""3.0"", ""tier1_count"": 6}",late|far_271_540|nonpos,0.06727435433070866,,0.7142,0,1,-1.341,-1.6192,6,6,selling,1.1662,elite_6,0.0,0.0,0.0,,,0.0,0,0,0,True,False,True,far,0.3,adequate,<=1000bps,551.15,0.85,1,0,1.0,0,1.0,0,453,False,specific_days,-0.225042,price_history,,6,0.4979,price_history,,-0.52,,28.4834,1.2485,-0.214608,-0.305392,late,mid,none,drug_developer,morningstar,,,,0,0.8124607582709490461241246076,36.01,45.56250000000000000000000000,53.0,49.30,12.34027777777777777777777778,73.33333333333333333333333333,11.6018,-1.3566,3.0,1883,11,1.0,0.1953,0,0,0.0,0.4,0.95,oncology,0.6955,highly_crowded,1.0,4,0.06727435433070866,0.987719,2.2482,15.80,0.240351,-0.7052,0.003364,0.0,0.0,0.0,0.0,0.003364,0.0
OCGN,"Ocugen, Inc.",,,D,ineligible,D,ineligible,,0.977193,,0,0.848387,1,0.151613,25,1,specific_days,9,headwind,deep_drawdown|deep_drawdown_rel_xbi,XS,ineligible,financial_score:-17.5;catalyst_score:+14.7;momentum_score:+12.4,tier=D;reason=ineligible;cat_days=25;strength=near;decay_w=1.0,v1.3.0,31f399e0,0,fundamental_red_flag|deep_drawdown,1,sponsor_absent_late_stage,"{""burn_ttm"": 43003000.0, ""cash_total"": 37800000.0, ""dilution_risk"": null, ""has_revenue"": null, ""lead_phase"": null, ""runway_months"": 10.2385842945173, ""stage_bucket"": ""late"", ""surv_score"": ""0.0"", ""tier1_count"": 0}",late|near_0_30|nonpos,-0.008674363636363636,,0.7151,0,1,-1.3175,-1.5929,0,0,neutral,-1.1662,,0.0,0.0,0.0,,,0.0,0,0,0,True,False,True,near,1.0,short,<=2000bps,1069.58,0.7,1,0,1.0,0,1.0,0,25,True,specific_days,-0.207848,price_history,,0,0.7118,price_history,,-0.773889,,42.6008,0.7585,-0.214608,-0.559281,late,small,sev2,drug_developer,morningstar,,,,0,0.8569526884272997032640949555,34.93,37.21658711111111111111111111,,70.98,12.89062500000000000000000000,5,13.0766,-1.2944,3.0,,9,1.0,0.8123,1,1,0.0,0.4,0.55,ophthalmology,-0.4844,uncrowded,1.0,279,-0.008674363636363636,0.022807,-1.9989,4.31,0.001754,-2.9192,-0.000434,0.0,0.0,0.0,0.0,-0.000434,0.0
MLYS,"Mineralys Therapeutics, Inc.",,,D,ineligible,D,ineligible,,0.142105,,0,0.835484,1,0.164516,,0,no_upcoming,9,headwind,deep_drawdown|deep_drawdown_rel_xbi,XS,ineligible,smart_money_score:+43.1;clinical_score:-23.2;financial_score:-23.0,tier=D;reason=ineligible;cat_days=NA;strength=missing;decay_w=0.0,v1.3.0,31f399e0,0,deep_drawdown,0,,"{""burn_ttm"": 104528000.0, ""cash_total"": 217597000.0, ""dilution_risk"": null, ""has_revenue"": null, ""lead_phase"": null, ""runway_months"": 24.9805219654064, ""stage_bucket"": ""late"", ""surv_score"": ""5.0"", ""tier1_count"": 7}",late|none|nonpos,0.06036250933786078,,-0.5239,467,1,-1.2819,-1.5531,7,7,buying,1.5549,elite_7,0.0,0.0,0.0,,,0.0,0,0,0,True,False,True,missing,0.0,adequate,<=1000bps,521.81,0.85,1,0,1.0,0,1.0,0,,False,no_upcoming,-0.205777,price_history,,7,1.1302,price_history,,-0.490073,,36.3629,0.6287,-0.214608,-0.275465,late,mid,none,drug_developer,morningstar,,,,0,0.7922384633969557864218410244,35.83,41.25000000000000000000000000,80.0,10.00,13.72265625000000000000000000,13.93964334705075445816186557,12.9576,-1.2994,3.0,467,2,0.3333,0.0221,0,0,0.0,0.4,0.85,cardiovascular,0.6955,highly_crowded,1.0,41,0.06036250933786078,0.857895,1.0709,15.49,0.229825,-0.7394,0.003018,0.0,0.0,0.0,0.0,0.003018,0.0
TENX,"Tenax Therapeutics, Inc.",,,D,ineligible,D,ineligible,,0.180702,,0,0.822581,1,0.177419,,0,no_upcoming,9,headwind,deep_drawdown|deep_drawdown_rel_xbi,XS,ineligible,clinical_score:-29.8;financial_score:+23.4;smart_money_score:+10.6,tier=D;reason=ineligible;cat_days=NA;strength=missing;decay_w=0.0,v1.3.0,31f399e0,0,deep_drawdown,0,,"{""burn_ttm"": 22385000.0, ""cash_total"": 99400000.0, ""dilution_risk"": null, ""has_revenue"": null, ""lead_phase"": null, ""runway_months"": 53.28568237659147, ""stage_bucket"": ""late"", ""surv_score"": ""5.0"", ""tier1_count"": 1}",late|none|nonpos,0.06036250933786078,,0.7177,0,1,-1.222,-1.486,1,1,buying,-0.7775,elite_1,0.0,0.0,0.0,,,0.0,0,0,0,True,False,True,missing,0.0,adequate,<=2000bps,1850.21,0.7,1,0,1.0,0,1.0,0,,False,no_upcoming,-0.11784,price_history,,1,0.543,price_history,,-0.927368,,41.2473,,-0.214608,-0.71276,late,micro,none,drug_developer,morningstar,,,,0,0.8539473778574630210667861945,44.48,41.25000000000000000000000000,55.5,90.00,15.12673611111111111111111111,68.37500000000000000000000000,14.6924,-1.2262,3.0,1091,5,1.0,0.3742,0,1,-0.1429,0.4,0.85,cardiovascular,-0.4844,uncrowded,1.0,52,0.06036250933786078,0.819298,0.9127,24.04,0.5,0.0,0.003018,0.0,0.0,0.0,0.0,0.003018,0.0
CTMX,"CytomX Therapeutics, Inc.",,,D,ineligible,D,ineligible,,0.692982,,0,0.816129,1,0.183871,,0,no_upcoming,9,headwind,deep_drawdown|deep_drawdown_rel_xbi,XS,ineligible,smart_money_score:+41.4;clinical_score:-26.4;financial_score:-14.1,tier=D;reason=ineligible;cat_days=NA;strength=missing;decay_w=0.0,v1.3.0,31f399e0,0,deep_drawdown,0,,"{""burn_ttm"": 52344000.0, ""cash_total"": 34185000.0, ""dilution_risk"": null, ""has_revenue"": null, ""lead_phase"": null, ""runway_months"": 7.837001375515818, ""stage_bucket"": ""mid"", ""surv_score"": ""-2.0"", ""tier1_count"": 6}",mid|none|nonpos,0.004395499999999999,,0.1946,0,1,-1.2163,-1.4797,6,6,buying,1.1662,elite_6,0.0,0.0,0.0,,,0.0,0,0,0,True,False,True,missing,0.0,adequate,<=1000bps,786.14,0.85,1,0,1.0,0,1.0,0,,False,no_upcoming,-0.190004,price_history,,6,0.6993,price_history,,-0.555556,,39.0303,0.9241,-0.214608,-0.340948,mid,small,none,drug_developer,morningstar,,,,0,0.7856791095120305824151113110,41.11,41.25000000000000000000000000,83.0,52.70,15.25929279211307278305920226,27.56048488506614355414717570,14.139,-1.2495,2.0,,7,1.0,0.0016,0,0,0.0,0.3,0.95,oncology,0.6955,highly_crowded,1.0,198,0.004395499999999999,0.307018,-0.5043,16.04,0.247368,-0.6828,0.00022,0.0,0.0,0.0,0.0,0.00022,0.0
ELDN,"Eledon Pharmaceuticals, Inc.",,,D,ineligible,D,ineligible,,0.921053,,0,0.777419,1,0.222581,239,0,specific_days,9,tailwind,deep_drawdown|deep_drawdown_rel_xbi,XS,ineligible,clinical_score:-23.2;momentum_score:+13.6;smart_money_score:+10.1,tier=D;reason=ineligible;cat_days=239;strength=far;decay_w=0.3,v1.3.0,31f399e0,0,deep_drawdown,0,,"{""burn_ttm"": 48250000.0, ""cash_total"": 93401000.0, ""dilution_risk"": null, ""has_revenue"": null, ""lead_phase"": null, ""runway_months"": 23.229264248704663, ""stage_bucket"": ""mid"", ""surv_score"": ""4.0"", ""tier1_count"": 1}",mid|near_181_270|nonpos,0.0030751372549019606,,0.198,0,1,-1.048,-1.2913,1,1,neutral,-0.7775,elite_1,0.0,0.0,0.0,,,0.0,0,0,0,True,False,True,far,0.3,adequate,>2000bps,2020.0,0.55,1,0,1.0,0,1.0,0,239,False,specific_days,-0.061782,price_history,,1,-0.9471,price_history,,-0.558442,,58.4363,,-0.214608,-0.343834,mid,micro,sev1,drug_developer,morningstar,,,,0,0.7592904001749398644216050733,56.05,45.56250000000000000000000000,52.5,85.14,19.19873245812584880036215482,38.91806247170665459483929379,17.7284,-1.098,2.0,239,6,1.0,0.1598,0,0,0.0,0.3,0.55,metabolic,-0.4844,uncrowded,1.0,263,0.0030751372549019606,0.078947,-1.4122,18.67,0.373684,-0.3221,0.000154,0.0,0.0,0.0,0.0,0.000154,0.0
PHVS,Pharvaris N.V.,,,D,ineligible,D,ineligible,,0.159649,,0,0.770968,1,0.229032,,0,no_upcoming,9,tailwind,,XS,ineligible,financial_score:-43.3;momentum_score:+41.8;smart_money_score:+36.7,tier=D;reason=ineligible;cat_days=NA;strength=missing;decay_w=0.0,v1.3.0,31f399e0,0,financials_missing,1,"cash_runway_lt_6m,survivability_critical","{""burn_ttm"": 0.0, ""cash_total"": 0.0, ""dilution_risk"": null, ""has_revenue"": null, ""lead_phase"": null, ""runway_months"": 0.0, ""stage_bucket"": ""late"", ""surv_score"": ""-5.0"", ""tier1_count"": 9}",late|none|nonpos,0.06036250933786078,,-0.519,633,1,-0.9984,-1.2357,9,9,buying,2.3324,elite_9,0.0,0.0,0.0,,,0.0,0,0,0,True,False,True,missing,0.0,critical,<=2000bps,1159.38,0.7,1,0,1.0,0,1.0,0,,False,no_upcoming,0.49916,price_history,,9,1.4763,price_history,,-0.062383,,51.5846,0.7535,-0.214608,0.152225,late,unknown,sev2,drug_developer,morningstar,,,,0,0.7979579396762031492570414726,90.13,41.25000000000000000000000000,85,50,20.36111111111111111111111111,5,18.8961,-1.0488,3.0,849,3,0.6667,0.0064,0,0,0.0,0.4,0.5,other,0.6955,highly_crowded,1.0,46,0.06036250933786078,0.840351,0.9959,7.22,0.040351,-1.7466,0.003018,0.0,0.0,0.0,0.0,0.003018,0.0
SMMT,Summit Therapeutics Inc.,,,D,ineligible,D,ineligible,,0.173684,,0,0.764516,1,0.235484,,0,no_upcoming,9,tailwind,deep_drawdown|deep_drawdown_rel_xbi,XS,ineligible,clinical_score:-25.5;smart_money_score:+25.0;momentum_score:+10.3,tier=D;reason=ineligible;cat_days=NA;strength=missing;decay_w=0.0,v1.3.0,31f399e0,0,deep_drawdown,0,,"{""burn_ttm"": 322930000.0, ""cash_total"": 713448000.0, ""dilution_risk"": null, ""has_revenue"": null, ""lead_phase"": null, ""runway_months"": 26.511553587464775, ""stage_bucket"": ""late"", ""surv_score"": ""3.0"", ""tier1_count"": 5}",late|none|nonpos,0.06036250933786078,,0.729,0,1,-0.9728,-1.207,5,5,buying,0.7775,elite_5,0.0,0.0,0.0,,,0.0,0,0,0,True,False,True,missing,0.0,adequate,<=1000bps,484.44,0.85,1,0,1.0,0,1.0,0,,False,no_upcoming,-0.052373,price_history,,5,1.0041,price_history,,-0.674677,,45.9016,0.5984,-0.214608,-0.460069,late,large,none,drug_developer,morningstar,,,,0,0.8150565653997711961357569595,56.85,41.25000000000000000000000000,71.5,10.00,20.96006944444444444444444444,41.96006944444444444444444444,19.6654,-1.0163,3.0,1913,7,1.0,0.0004,0,0,0.0,0.3,0.75,rare_disease,0.6955,highly_crowded,1.0,50,0.06036250933786078,0.826316,0.9397,15.56,0.233333,-0.7279,0.003018,0.0,0.0,0.0,0.0,0.003018,0.0
LEGN,Legend Biotech Corporation,,,D,ineligible,D,ineligible,,0.714035,,0,0.745161,1,0.254839,56,1,specific_days,9,tailwind,,XS,ineligible,financial_score:-33.1;momentum_score:+25.0;smart_money_score:+17.7,tier=D;reason=ineligible;cat_days=56;strength=near;decay_w=1.0,v1.3.0,31f399e0,0,financials_missing,1,"cash_runway_lt_6m,survivability_critical","{""burn_ttm"": 0.0, ""cash_total"": 0.0, ""dilution_risk"": null, ""has_revenue"": null, ""lead_phase"": null, ""runway_months"": 0.0, ""stage_bucket"": ""mid"", ""surv_score"": ""-5.0"", ""tier1_count"": 4}",mid|near_31_90|nonpos,0.004395499999999999,,0.2032,0,1,-0.8729,-1.0952,4,4,selling,0.3887,elite_4,0.0,0.0,0.0,,,0.0,0,0,0,True,False,True,near,1.0,critical,<=1000bps,455.48,0.85,1,0,1.0,0,1.0,0,56,True,specific_days,0.046117,price_history,,4,0.4842,price_history,,-0.120654,,52.6022,0.3634,-0.214608,0.093954,mid,unknown,sev2,drug_developer,morningstar,,,,0,0.7872667745764540843854537607,63.36,43.76484444444444444444444444,56.0,50,23.29912982244353905739147930,5.255771842462652784065187867,23.0623,-0.8729,2.0,643,17,1.0,0.3154,2,0,0.0,0.3,0.95,oncology,0.6955,highly_crowded,1.0,204,0.004395499999999999,0.285965,-0.5652,10.46,0.082456,-1.3887,0.00022,0.0,0.0,0.0,0.0,0.00022,0.0
ABCL,AbCellera Biologics Inc.,,,D,ineligible,D,ineligible,,0.026316,,0,0.73871,1,0.26129,,0,no_upcoming,9,headwind,deep_drawdown|deep_drawdown_rel_xbi,XS,ineligible,smart_money_score:+27.4;financial_score:-23.8;clinical_score:-9.7,tier=D;reason=ineligible;cat_days=NA;strength=missing;decay_w=0.0,v1.3.0,31f399e0,0,deep_drawdown,0,,"{""burn_ttm"": 131295000.0, ""cash_total"": 128513000.0, ""dilution_risk"": null, ""has_revenue"": null, ""lead_phase"": null, ""runway_months"": 11.74573289158003, ""stage_bucket"": ""late"", ""surv_score"": ""0.0"", ""tier1_count"": 2}",late|none|nonpos,0.06036250933786078,,-0.5074,,0,-0.8689,-1.0908,2,2,buying,-0.3887,elite_2,0.0,0.0,0.0,,,0.0,0,0,0,True,False,True,missing,0.0,short,<=1000bps,821.91,0.85,1,0,1.0,0,1.0,0,,False,no_upcoming,-0.295574,price_history,,2,0.7396,price_history,,-0.695592,,25.9287,0.7022,-0.214608,-0.480984,late,small,sev2,drug_developer,morningstar,,,,0,0.8628528396501457725947521866,30.92,41.25000000000000000000000000,60.5,45.10,23.39062500000000000000000000,9.233587714999183178137179397,21.9256,-0.9209,3.0,,3,0.6667,0.0,0,0,0.0,0.4,0.55,infectious_disease,0.6955,highly_crowded,1.0,8,0.06036250933786078,0.973684,1.9379,9.24,0.064912,-1.5148,0.003018,0.0,0.0,0.0,0.0,0.003018,0.0
FDMT,"4D Molecular Therapeutics, Inc.",,,D,ineligible,D,ineligible,,0.7,,0,0.725806,1,0.274194,,0,no_upcoming,9,headwind,deep_drawdown|deep_drawdown_rel_xbi,XS,ineligible,financial_score:+20.3;clinical_score:-19.0;smart_money_score:+10.6,tier=D;reason=ineligible;cat_days=NA;strength=missing;decay_w=0.0,v1.3.0,31f399e0,0,deep_drawdown,0,,"{""burn_ttm"": 137633000.0, ""cash_total"": 305063000.0, ""dilution_risk"": null, ""has_revenue"": null, ""lead_phase"": null, ""runway_months"": 26.597952525920384, ""stage_bucket"": ""mid"", ""surv_score"": ""3.0"", ""tier1_count"": 1}",mid|none|nonpos,0.004395499999999999,,-1.0423,818,1,-0.7827,-0.9943,1,1,neutral,-0.7775,elite_1,0.0,0.0,0.0,,,0.0,0,0,0,True,False,True,missing,0.0,adequate,<=2000bps,1082.73,0.7,1,0,1.0,0,1.0,0,,False,no_upcoming,-0.194728,price_history,,1,1.1302,price_history,,-0.517282,,24.0544,0.8446,-0.214608,-0.302674,mid,small,none,drug_developer,morningstar,,,,0,0.7763454812140358794990409568,35.52,41.25000000000000000000000000,55.0,68.92,25.40968764146672702580353100,64.68085106382978723404255319,23.6526,-0.848,2.0,1152,7,1.0,0.0005,0,0,0.0,0.3,0.5,respiratory,0.2236,moderate,1.0,200,0.004395499999999999,0.3,-0.5244,27.76,0.566667,0.1679,0.00022,0.0,0.0,0.0,0.0,0.00022,0.0
ZVRA,"Zevra Therapeutics, Inc.",,,D,ineligible,D,ineligible,,0.208772,,0,0.706452,1,0.293548,,0,no_upcoming,9,neutral,,XS,ineligible,momentum_score:+12.9;clinical_score:-9.9;financial_score:-6.5,tier=D;reason=ineligible;cat_days=NA;strength=missing;decay_w=0.0,v1.3.0,31f399e0,0,fundamental_red_flag,1,sponsor_absent_late_stage,"{""burn_ttm"": 7114000.0, ""cash_total"": 54439000.0, ""dilution_risk"": null, ""has_revenue"": null, ""lead_phase"": null, ""runway_months"": 91.8285071689626, ""stage_bucket"": ""late"", ""surv_score"": ""0.0"", ""tier1_count"": 0}",late|none|nonpos,0.06036250933786078,,-0.2523,145,1,-0.6815,-0.881,0,0,neutral,-1.1662,,0.0,0.0,0.0,,,0.0,0,0,0,True,False,True,missing,0.0,adequate,<=2000bps,1120.07,0.7,1,0,1.0,0,1.0,0,,False,no_upcoming,0.134168,price_history,,0,1.1093,price_history,,-0.252782,,41.4929,0.4964,-0.214608,-0.038174,late,small,none,drug_developer,morningstar,,,,0,0.8486085822664770033191085823,50.58,41.25000000000000000000000000,,46.50,27.77777777777777777777777778,31.23456790123456790123456790,27.1692,-0.6996,3.0,,2,0.3333,0.2987,0,1,0.0,0.6,0.6,cns,-0.9563,moderate,1.0,60,0.06036250933786078,0.791228,0.8107,21.27,0.440351,-0.1501,0.003018,0.0,0.0,0.0,0.0,0.003018,0.0
SRRK,Scholar Rock Holding Corporatio,,,D,ineligible,D,ineligible,,0.177193,,0,0.7,1,0.3,,0,no_upcoming,9,tailwind,deep_drawdown,XS,ineligible,financial_score:-35.9;smart_money_score:+27.1;momentum_score:+20.9,tier=D;reason=ineligible;cat_days=NA;strength=missing;decay_w=0.0,v1.3.0,31f399e0,0,financials_missing,1,"cash_runway_lt_6m,survivability_critical","{""burn_ttm"": 0.0, ""cash_total"": 0.0, ""dilution_risk"": null, ""has_revenue"": null, ""lead_phase"": null, ""runway_months"": 0.0, ""stage_bucket"": ""late"", ""surv_score"": ""-5.0"", ""tier1_count"": 7}",late|none|nonpos,0.06036250933786078,,-0.4911,439,1,-0.6542,-0.8504,7,7,buying,1.5549,elite_7,0.0,0.0,0.0,,,0.0,0,0,0,True,False,True,missing,0.0,critical,<=1000bps,460.05,0.85,1,0,1.0,0,1.0,0,,False,no_upcoming,0.304698,price_history,,7,1.6821,price_history,,-0.420598,,60.9699,0.7098,-0.214608,-0.20599,late,unknown,sev2,drug_developer,morningstar,,,,0,0.8183840430250609891328454203,61.81,41.25000000000000000000000000,68.0,50,28.41840277777777777777777778,5,27.6945,-0.6774,3.0,439,3,0.6667,0.3399,0,1,0.0,0.4,0.75,rare_disease,0.6955,highly_crowded,1.0,51,0.06036250933786078,0.822807,0.9261,11.16,0.096491,-1.3018,0.003018,0.0,0.0,0.0,0.0,0.003018,0.0
GOSS,"Gossamer Bio, Inc.",,,D,ineligible,D,ineligible,,0.114035,,0,0.693548,1,0.306452,,0,no_upcoming,9,headwind,deep_drawdown|deep_drawdown_rel_xbi,XS,ineligible,smart_money_score:+41.2;momentum_score:-18.6;financial_score:-11.4,tier=D;reason=ineligible;cat_days=NA;strength=missing;decay_w=0.0,v1.3.0,31f399e0,0,deep_drawdown,0,,"{""burn_ttm"": 122952000.0, ""cash_total"": 180224000.0, ""dilution_risk"": null, ""has_revenue"": null, ""lead_phase"": null, ""runway_months"": 17.589693538942026, ""stage_bucket"": ""late"", ""surv_score"": ""0.0"", ""tier1_count"": 6}",late|none|nonpos,0.06036250933786078,,0.7496,0,1,-0.5432,-0.7262,6,6,buying,1.1662,elite_6,0.0,0.0,0.0,,,0.0,0,0,0,True,False,True,missing,0.0,adequate,<=2000bps,1384.72,0.7,1,0,1.0,0,1.0,0,,False,no_upcoming,-0.350027,price_history,,6,1.4713,price_history,,-0.947941,,25.6075,0.8648,-0.214608,-0.733333,late,micro,sev1,drug_developer,morningstar,,,,0,0.8153941163260723108017067146,23.20,41.25000000000000000000000000,83.0,90.00,31.01562500000000000000000000,30.36111111111111111111111111,30.2506,-0.5696,3.0,783,7,1.0,0.0022,0,0,0.0,0.4,0.95,oncology,0.6955,highly_crowded,1.0,33,0.06036250933786078,0.885965,1.2053,17.09,0.292982,-0.5447,0.003018,0.0,0.0,0.0,0.0,0.003018,0.0
ABSI,Absci Corporation,,,D,ineligible,D,ineligible,,0.029825,,0,0.680645,1,0.319355,,0,no_upcoming,9,headwind,high_beta|deep_drawdown|deep_drawdown_rel_xbi,XS,ineligible,smart_money_score:+18.8;clinical_score:-14.7;financial_score:+8.8,tier=D;reason=ineligible;cat_days=NA;strength=missing;decay_w=0.0,v1.3.0,31f399e0,0,deep_drawdown,0,,"{""burn_ttm"": 63743000.0, ""cash_total"": 152475000.0, ""dilution_risk"": null, ""has_revenue"": null, ""lead_phase"": null, ""runway_months"": 28.70432831840359, ""stage_bucket"": ""late"", ""surv_score"": ""5.0"", ""tier1_count"": 3}",late|none|nonpos,0.06036250933786078,,-0.4936,,0,-0.4585,-0.6313,3,3,buying,0.0,elite_3,0.0,0.0,0.0,,,0.0,0,0,0,True,False,True,missing,0.0,adequate,<=2000bps,1036.19,0.7,1,0,1.0,0,1.0,0,,False,no_upcoming,-0.039635,price_history,,3,2.304,price_history,,-0.614525,,43.5771,0.9218,-0.214608,-0.399917,late,small,none,drug_developer,morningstar,,,,0,0.8089242139840450492726419521,41.39,41.25000000000000000000000000,66.5,80.07,33.00000000000000000000000000,56.52173913043478260869565218,32.2349,-0.4858,3.0,,11,1.0,0.0,0,0,0.0,0.4,0.95,oncology,0.6955,highly_crowded,1.0,9,0.06036250933786078,0.970175,1.8834,21.18,0.436842,-0.159,0.003018,0.0,0.0,0.0,0.0,0.003018,0.0
PVLA,"Palvella Therapeutics, Inc.",,,D,ineligible,D,ineligible,,0.980702,,0,0.674194,1,0.325806,26,1,specific_days,9,tailwind,deep_drawdown|deep_drawdown_rel_xbi,XS,ineligible,smart_money_score:+24.4;momentum_score:+20.0;financial_score:-19.4,tier=D;reason=ineligible;cat_days=26;strength=near;decay_w=1.0,v1.3.0,31f399e0,0,deep_drawdown,0,,"{""burn_ttm"": 20080000.0, ""cash_total"": 63567000.0, ""dilution_risk"": null, ""has_revenue"": null, ""lead_phase"": null, ""runway_months"": 37.98824701195219, ""stage_bucket"": ""late"", ""surv_score"": ""5.0"", ""tier1_count"": 4}",late|near_0_30|nonpos,-0.008674363636363636,,0.7545,0,1,-0.4299,-0.5993,4,4,buying,0.3887,elite_4,0.0,0.0,0.0,,,0.0,0,0,0,True,False,True,near,1.0,adequate,<=1000bps,491.35,0.85,1,0,1.0,0,1.0,0,26,True,specific_days,0.664144,price_history,,4,0.8134,price_history,,-0.841624,,51.1702,,-0.214608,-0.627016,late,small,none,drug_developer,morningstar,,,,0,0.8521463044998834227092562369,67.60,36.45884444444444444444444444,72.0,36.01,33.66840277777777777777777778,28.22306238185255198487712666,34.4163,-0.3938,3.0,26,4,1.0,1.2078,1,1,0.0,0.7,0.5,other,-3.552,uncrowded,1.0,280,-0.008674363636363636,0.019298,-2.0685,23.78,0.492982,-0.0176,-0.000434,0.0,0.0,0.0,0.0,-0.000434,0.0
STRO,"Sutro Biopharma, Inc.",,,D,ineligible,D,ineligible,,0.731579,,0,0.667742,1,0.332258,,0,no_upcoming,9,headwind,deep_drawdown|deep_drawdown_rel_xbi,XS,ineligible,smart_money_score:+25.4;financial_score:-21.9;clinical_score:-6.8,tier=D;reason=ineligible;cat_days=NA;strength=missing;decay_w=0.0,v1.3.0,31f399e0,0,deep_drawdown,0,,"{""burn_ttm"": 150796000.0, ""cash_total"": 167594000.0, ""dilution_risk"": null, ""has_revenue"": null, ""lead_phase"": null, ""runway_months"": 13.336746332793973, ""stage_bucket"": ""mid"", ""surv_score"": ""2.0"", ""tier1_count"": 3}",mid|none|nonpos,0.004395499999999999,,-0.7401,132,1,-0.4049,-0.5713,3,3,buying,0.0,elite_3,0.0,0.0,0.0,,,0.0,0,0,0,True,False,True,missing,0.0,short,<=2000bps,1967.55,0.7,1,0,1.0,0,1.0,0,,False,no_upcoming,-0.087296,price_history,,3,0.9682,price_history,,-0.563314,,47.9671,1.0735,-0.214608,-0.348706,mid,small,sev2,drug_developer,morningstar,,,,0,0.7778256456524190819893988948,44.28,41.25000000000000000000000000,66.5,63.51,34.25431316332176449876766762,19.19873245812584880036215482,33.134,-0.4479,2.0,690,4,1.0,0.1213,0,0,0.0,0.3,0.95,oncology,0.6955,highly_crowded,1.0,209,0.004395499999999999,0.268421,-0.6176,8.84,0.047368,-1.6709,0.00022,0.0,0.0,0.0,0.0,0.00022,0.0
MCRB,"Seres Therapeutics, Inc.",,,D,ineligible,D,ineligible,,0.138596,,0,0.66129,1,0.33871,,0,no_upcoming,9,headwind,deep_drawdown|deep_drawdown_rel_xbi,XS,ineligible,financial_score:+22.9;momentum_score:-21.0;clinical_score:-4.4,tier=D;reason=ineligible;cat_days=NA;strength=missing;decay_w=0.0,v1.3.0,31f399e0,0,fundamental_red_flag|deep_drawdown,1,sponsor_absent_late_stage,"{""burn_ttm"": 0.0, ""cash_total"": 47638000.0, ""dilution_risk"": null, ""has_revenue"": null, ""lead_phase"": null, ""runway_months"": null, ""stage_bucket"": ""late"", ""surv_score"": ""4.0"", ""tier1_count"": 0}",late|none|nonpos,0.06036250933786078,,0.755,0,1,-0.4012,-0.5672,0,0,neutral,-1.1662,,0.0,0.0,0.0,,,0.0,0,0,0,True,False,True,missing,0.0,adequate,>2000bps,2036.0,0.55,1,0,1.0,0,1.0,0,,False,no_upcoming,-0.359267,price_history,,0,1.4736,price_history,,-0.783978,,19.0409,1.1067,-0.214608,-0.56937,late,micro,none,drug_developer,morningstar,,,,0,0.8030069610863859408878238046,17.80,41.25000000000000000000000000,,90.00,34.34027777777777777777777778,61.62500000000000000000000000,33.9252,-0.4145,3.0,,5,1.0,0.0221,0,0,0.0,0.4,0.95,oncology,-0.4844,uncrowded,1.0,40,0.06036250933786078,0.861404,1.0866,19.70,0.394737,-0.267,0.003018,0.0,0.0,0.0,0.0,0.003018,0.0
FHTX,Foghorn Therapeutics Inc.,,,D,ineligible,D,ineligible,,0.805263,,0,0.648387,1,0.351613,,0,no_upcoming,9,headwind,deep_drawdown|deep_drawdown_rel_xbi,XS,ineligible,smart_money_score:+17.7;financial_score:-17.3;momentum_score:-7.7,tier=D;reason=ineligible;cat_days=NA;strength=missing;decay_w=0.0,v1.3.0,31f399e0,0,deep_drawdown,0,,"{""burn_ttm"": 63828000.0, ""cash_total"": 89334000.0, ""dilution_risk"": null, ""has_revenue"": null, ""lead_phase"": null, ""runway_months"": 16.795262267343485, ""stage_bucket"": ""early"", ""surv_score"": ""2.0"", ""tier1_count"": 1}",early|none|nonpos,0.003309939393939394,,-0.9376,55,1,-0.3511,-0.5111,1,1,neutral,-0.7775,elite_1,0.0,0.0,0.0,,,0.0,0,0,0,True,False,True,missing,0.0,adequate,>2000bps,2036.0,0.55,1,0,1.0,0,1.0,0,,False,no_upcoming,-0.250927,price_history,,1,1.3476,price_history,,-0.556231,,27.686,0.9327,-0.214608,-0.341623,early,small,sev1,drug_developer,morningstar,,,,0,0.7395278509966234614965690012,27.11,41.25000000000000000000000000,52.5,56.82,35.51308641975308641975308642,17.48285322359396433470507544,35.2715,-0.3577,1.0,55,3,0.6667,0.3117,2,0,0.0,0.3,0.85,oncology,0.6955,highly_crowded,1.0,230,0.003309939393939394,0.194737,-0.8606,18.37,0.359649,-0.3594,0.000165,0.0,0.0,0.0,0.0,0.000165,0.0
FATE,"Fate Therapeutics, Inc.",,,D,ineligible,D,ineligible,,0.563158,,0,0.635484,1,0.364516,938,0,specific_days,9,headwind,deep_drawdown|deep_drawdown_rel_xbi,XS,ineligible,momentum_score:-26.0;smart_money_score:+17.7;financial_score:+11.7,tier=D;reason=ineligible;cat_days=938;strength=far;decay_w=0.3,v1.3.0,31f399e0,0,deep_drawdown,0,,"{""burn_ttm"": 106084000.0, ""cash_total"": 203657000.0, ""dilution_risk"": null, ""has_revenue"": null, ""lead_phase"": null, ""runway_months"": 23.037253497228612, ""stage_bucket"": ""mid"", ""surv_score"": ""4.0"", ""tier1_count"": 2}",mid|far_271_540|nonpos,0.02878225,,0.2262,0,1,-0.3061,-0.4608,2,2,buying,-0.3887,elite_2,0.0,0.0,0.0,,,0.0,0,0,0,True,False,True,far,0.3,adequate,>2000bps,2020.0,0.55,1,0,1.0,0,1.0,0,938,False,specific_days,-0.431643,price_history,,2,1.405,price_history,,-0.923342,,28.9541,0.8890,-0.214608,-0.708734,mid,micro,none,drug_developer,morningstar,,,,0,0.7794034090909090909090909091,16.76,45.56250000000000000000000000,60.5,90.00,36.56606810522609526683768422,54.46808510638297872340425532,36.3406,-0.3125,2.0,,18,1.0,0.2336,1,0,0.0,0.3,0.95,oncology,-0.4844,uncrowded,1.0,161,0.02878225,0.436842,-0.159,25.56,0.52807,0.0704,0.001439,0.0,0.0,0.0,0.0,0.001439,0.0
LYEL,"Lyell Immunopharma, Inc.",,,D,ineligible,D,ineligible,,0.829825,,0,0.629032,1,0.370968,,0,no_upcoming,9,headwind,high_beta|deep_drawdown|deep_drawdown_rel_xbi,XS,ineligible,financial_score:+23.0;momentum_score:-21.1;smart_money_score:+14.0,tier=D;reason=ineligible;cat_days=NA;strength=missing;decay_w=0.0,v1.3.0,31f399e0,0,deep_drawdown,0,,"{""burn_ttm"": 117773000.0, ""cash_total"": 319624000.0, ""dilution_risk"": null, ""has_revenue"": null, ""lead_phase"": null, ""runway_months"": 32.56678525638304, ""stage_bucket"": ""early"", ""surv_score"": ""5.0"", ""tier1_count"": 2}",early|none|nonpos,0.003309939393939394,,-1.5936,418,1,-0.2888,-0.4414,2,2,buying,-0.3887,elite_2,0.0,0.0,0.0,,,0.0,0,0,0,True,False,True,missing,0.0,adequate,<=2000bps,1990.72,0.7,1,0,1.0,0,1.0,0,,False,no_upcoming,-0.232749,price_history,,2,2.1111,price_history,,-0.823239,,33.9899,0.9083,-0.214608,-0.608631,early,small,none,drug_developer,morningstar,,,,0,0.7565962773484271252857298356,25.93,41.25000000000000000000000000,61.0,52.27,36.97086419753086419753086420,70.00000000000000000000000000,35.8505,-0.3332,1.0,418,4,1.0,0.013,0,0,0.0,0.3,0.85,oncology,0.6955,highly_crowded,1.0,237,0.003309939393939394,0.170175,-0.9535,29.06,0.591228,0.2307,0.000165,0.0,0.0,0.0,0.0,0.000165,0.0
BLTE,"Belite Bio, Inc",,,D,ineligible,D,ineligible,,0.068421,,0,0.616129,1,0.383871,,0,no_upcoming,9,tailwind,,XS,ineligible,momentum_score:+46.8;financial_score:-44.3;smart_money_score:+17.2,tier=D;reason=ineligible;cat_days=NA;strength=missing;decay_w=0.0,v1.3.0,31f399e0,0,financials_missing,1,"cash_runway_lt_6m,survivability_critical","{""burn_ttm"": 0.0, ""cash_total"": 0.0, ""dilution_risk"": null, ""has_revenue"": null, ""lead_phase"": null, ""runway_months"": 0.0, ""stage_bucket"": ""late"", ""surv_score"": ""-5.0"", ""tier1_count"": 3}",late|none|nonpos,0.06036250933786078,,0.759,0,1,-0.2555,-0.4041,3,3,buying,0.0,elite_3,0.0,0.0,0.0,,,0.0,0,0,0,True,False,True,missing,0.0,critical,<=1000bps,466.09,0.85,1,0,1.0,0,1.0,0,,False,no_upcoming,1.501103,price_history,,3,1.0535,price_history,,-0.171397,,50.1534,,-0.214608,0.043211,late,unknown,sev2,drug_developer,morningstar,,,,0,0.8224580695323780961901588359,96.09,41.25000000000000000000000000,66.5,50,37.75173611111111111111111111,5,36.6946,-0.2976,3.0,668,5,1.0,0.0058,0,0,0.0,0.6,0.55,ophthalmology,0.2236,moderate,1.0,20,0.06036250933786078,0.931579,1.4877,13.60,0.152632,-1.0252,0.003018,0.0,0.0,0.0,0.0,0.003018,0.0
BDTX,"Black Diamond Therapeutics, Inc.",,,D,ineligible,D,ineligible,,0.770175,,0,0.609677,1,0.390323,,0,no_upcoming,9,tailwind,deep_drawdown|deep_drawdown_rel_xbi,XS,ineligible,clinical_score:-10.3;catalyst_score:-7.5;smart_money_score:+6.8,tier=D;reason=ineligible;cat_days=NA;strength=missing;decay_w=0.0,v1.3.0,31f399e0,0,deep_drawdown,0,,"{""burn_ttm"": 0.0, ""cash_total"": 30864000.0, ""dilution_risk"": null, ""has_revenue"": null, ""lead_phase"": null, ""runway_months"": null, ""stage_bucket"": ""early"", ""surv_score"": ""5.0"", ""tier1_count"": 1}",early|none|nonpos,0.003309939393939394,,-1.5988,759,1,-0.2259,-0.371,1,1,buying,-0.7775,elite_1,0.0,0.0,0.0,,,0.0,0,0,0,True,False,True,missing,0.0,adequate,<=2000bps,1969.35,0.7,1,0,1.0,0,1.0,0,,False,no_upcoming,-0.263032,price_history,,1,1.3795,price_history,,-0.576052,,30.3598,0.7908,-0.214608,-0.361444,early,micro,none,drug_developer,morningstar,,,,0,0.7487466695086859213471171267,54.07,41.25000000000000000000000000,55.5,90.00,38.44444444444444444444444444,54.40000000000000000000000000,37.3241,-0.271,1.0,759,2,0.3333,0.0004,0,0,0.0,0.3,0.85,oncology,0.6955,highly_crowded,1.0,220,0.003309939393939394,0.229825,-0.7394,30.90,0.622807,0.3129,0.000165,0.0,0.0,0.0,0.0,0.000165,0.0
ASND,Ascendis Pharma A/S,,,D,ineligible,D,ineligible,,0.050877,,0,0.603226,1,0.396774,,0,no_upcoming,9,tailwind,,XS,ineligible,financial_score:-41.3;smart_money_score:+38.7;momentum_score:+15.5,tier=D;reason=ineligible;cat_days=NA;strength=missing;decay_w=0.0,v1.3.0,31f399e0,0,financials_missing,1,"cash_runway_lt_6m,survivability_critical","{""burn_ttm"": 0.0, ""cash_total"": 0.0, ""dilution_risk"": null, ""has_revenue"": null, ""lead_phase"": null, ""runway_months"": 0.0, ""stage_bucket"": ""late"", ""surv_score"": ""-5.0"", ""tier1_count"": 9}",late|none|nonpos,0.06036250933786078,,0.7599,0,1,-0.2259,-0.371,9,9,buying,2.3324,elite_9,0.0,0.0,0.0,,,0.0,0,0,0,True,False,True,missing,0.0,critical,<=400bps,248.3,1.0,0,0,1.0,0,1.0,0,,False,no_upcoming,0.158247,price_history,,9,0.8471,price_history,,-0.31439,,42.0386,0.4165,-0.214608,-0.099782,late,unknown,sev2,drug_developer,morningstar,,,,0,0.8447945205479452054794520548,61.83,41.25000000000000000000000000,85,50,38.44444444444444444444444444,5,39.9679,-0.1595,3.0,27,12,1.0,1.738,1,2,0.0417,0.4,0.95,oncology,-0.4844,uncrowded,1.0,15,0.06036250933786078,0.949123,1.6364,15.00,0.205263,-0.823,0.003018,0.0,0.0,0.0,0.0,0.003018,0.0
VIR,"Vir Biotechnology, Inc.",,,D,ineligible,D,ineligible,,0.198246,,0,0.590323,1,0.409677,,0,no_upcoming,9,headwind,deep_drawdown|deep_drawdown_rel_xbi,XS,ineligible,momentum_score:-22.1;smart_money_score:+20.0;financial_score:+3.0,tier=D;reason=ineligible;cat_days=NA;strength=missing;decay_w=0.0,v1.3.0,31f399e0,0,deep_drawdown,0,,"{""burn_ttm"": 391781000.0, ""cash_total"": 460938000.0, ""dilution_risk"": null, ""has_revenue"": null, ""lead_phase"": null, ""runway_months"": 14.118234421781557, ""stage_bucket"": ""late"", ""surv_score"": ""2.0"", ""tier1_count"": 2}",late|none|nonpos,0.06036250933786078,,0.7608,0,1,-0.1663,-0.3042,2,2,buying,-0.3887,elite_2,0.0,0.0,0.0,,,0.0,0,0,0,True,False,True,missing,0.0,adequate,<=1000bps,599.02,0.85,1,0,1.0,0,1.0,0,,False,no_upcoming,-0.389261,price_history,,2,1.5783,price_history,,-0.713128,,24.4752,0.7493,-0.214608,-0.49852,late,small,sev1,drug_developer,morningstar,,,,0,0.8609403099871809812376179932,18.88,41.25000000000000000000000000,61.0,78.67,39.84027777777777777777777778,44.02739853905575392657938341,39.734,-0.1693,3.0,31,15,1.0,0.8565,1,2,0.0,0.4,0.55,infectious_disease,0.6955,highly_crowded,1.0,57,0.06036250933786078,0.801754,0.8479,30.43,0.608772,0.2761,0.003018,0.0,0.0,0.0,0.0,0.003018,0.0
TNYA,"Tenaya Therapeutics, Inc.",,,D,ineligible,D,ineligible,,0.892982,,0,0.583871,1,0.416129,,0,no_upcoming,9,headwind,deep_drawdown|deep_drawdown_rel_xbi,XS,ineligible,financial_score:-22.5;smart_money_score:+18.7;catalyst_score:+4.4,tier=D;reason=ineligible;cat_days=NA;strength=missing;decay_w=0.0,v1.3.0,31f399e0,0,deep_drawdown,0,,"{""burn_ttm"": 54324000.0, ""cash_total"": 65308000.0, ""dilution_risk"": null, ""has_revenue"": null, ""lead_phase"": null, ""runway_months"": 14.426330903468081, ""stage_bucket"": ""early"", ""surv_score"": ""2.0"", ""tier1_count"": 1}",early|none|nonpos,0.003309939393939394,,-1.5964,1395,1,-0.1623,-0.2997,1,1,buying,-0.7775,elite_1,0.0,0.0,0.0,,,0.0,0,0,0,True,False,True,missing,0.0,short,<=2000bps,1908.19,0.7,1,0,1.0,0,1.0,0,,False,no_upcoming,-0.333139,price_history,,1,1.4419,price_history,,-0.663613,,39.1418,1.1737,-0.214608,-0.449005,early,micro,sev2,drug_developer,morningstar,,,,0,0.7051903292181069958847736626,33.03,41.25000000000000000000000000,55.5,50,39.93382716049382716049382716,14.33777777777777777777777778,38.4635,-0.223,1.0,1395,2,0.0,0.0,0,0,0.0,0.3,0.5,other,-2.1362,uncrowded,1.0,255,0.003309939393939394,0.107018,-1.2425,10.72,0.089474,-1.344,0.000165,0.0,0.0,0.0,0.0,0.000165,0.0
IMTX,Immatics N.V.,,,D,ineligible,D,ineligible,,0.121053,,0,0.577419,1,0.422581,,0,no_upcoming,9,tailwind,,XS,ineligible,financial_score:-33.0;momentum_score:+27.3;catalyst_score:+3.2,tier=D;reason=ineligible;cat_days=NA;strength=missing;decay_w=0.0,v1.3.0,31f399e0,0,financials_missing,1,"cash_runway_lt_6m,sponsor_absent_late_stage,survivability_critical","{""burn_ttm"": 0.0, ""cash_total"": 0.0, ""dilution_risk"": null, ""has_revenue"": null, ""lead_phase"": null, ""runway_months"": 0.0, ""stage_bucket"": ""late"", ""surv_score"": ""-5.0"", ""tier1_count"": 0}",late|none|nonpos,0.06036250933786078,,0.7621,0,1,-0.1362,-0.2706,0,0,neutral,-1.1662,,0.0,0.0,0.0,,,0.0,0,0,0,True,False,True,missing,0.0,critical,<=2000bps,1507.41,0.7,1,0,1.0,0,1.0,0,,False,no_upcoming,0.029221,price_history,,0,0.907,price_history,,-0.215409,,32.9821,,-0.214608,-0.000801,late,unknown,sev2,drug_developer,morningstar,,,,0,0.7767624324324324324324324324,65.35,41.25000000000000000000000000,,50,40.54340277777777777777777778,5,39.4231,-0.1825,3.0,,15,1.0,0.0005,0,0,0.0,0.3,0.95,oncology,0.6955,highly_crowded,1.0,35,0.06036250933786078,0.878947,1.1697,9.10,0.061404,-1.5431,0.003018,0.0,0.0,0.0,0.0,0.003018,0.0
EPRX,Eupraxia Pharmaceuticals Inc.,,,D,ineligible,D,ineligible,,0.696491,,0,0.570968,1,0.429032,,0,no_upcoming,9,neutral,overbought_rsi,XS,ineligible,financial_score:-35.6;smart_money_score:+25.6;momentum_score:+9.1,tier=D;reason=ineligible;cat_days=NA;strength=missing;decay_w=0.0,v1.3.0,31f399e0,0,financials_missing,1,"cash_runway_lt_6m,survivability_critical","{""burn_ttm"": 0.0, ""cash_total"": 0.0, ""dilution_risk"": null, ""has_revenue"": null, ""lead_phase"": null, ""runway_months"": 0.0, ""stage_bucket"": ""mid"", ""surv_score"": ""-5.0"", ""tier1_count"": 3}",mid|none|nonpos,0.004395499999999999,,0.2354,0,1,-0.1035,-0.2339,3,3,buying,0.0,elite_3,0.0,0.0,0.0,,,0.0,0,0,0,True,False,True,missing,0.0,critical,>2000bps,2020.0,0.55,1,0,1.0,0,1.0,0,,False,no_upcoming,,,beta_missing:series_too_short,3,0.8122,,series_too_short,-0.0272,,82.0755,0.6009,-0.214608,0.187408,mid,unknown,sev2,drug_developer,morningstar,,,,0,0.7231718598904050714515955732,50,41.25000000000000000000000000,66.5,50,41.31029626276344248277249635,5.255771842462652784065187867,39.49,-0.1796,2.0,,2,0.3333,0.0,0,0,0.0,0.3,0.6,autoimmune,0.6955,crowded,1.0,199,0.004395499999999999,0.303509,-0.5143,15.00,0.201754,-0.8354,0.00022,0.0,0.0,0.0,0.0,0.00022,0.0
CLLS,Cellectis S.A.,,,D,ineligible,D,ineligible,,0.787719,,0,0.564516,1,0.435484,,0,no_upcoming,9,headwind,deep_drawdown|deep_drawdown_rel_xbi,XS,ineligible,financial_score:-25.8;clinical_score:+10.7;catalyst_score:+10.5,tier=D;reason=ineligible;cat_days=NA;strength=missing;decay_w=0.0,v1.3.0,31f399e0,0,financials_missing|deep_drawdown,1,"cash_runway_lt_6m,survivability_critical","{""burn_ttm"": 0.0, ""cash_total"": 0.0, ""dilution_risk"": null, ""has_revenue"": null, ""lead_phase"": null, ""runway_months"": 0.0, ""stage_bucket"": ""early"", ""surv_score"": ""-5.0"", ""tier1_count"": 0}",early|none|nonpos,0.003309939393939394,,-0.3454,0,1,-0.098,-0.2278,0,0,neutral,-1.1662,,0.0,0.0,0.0,,,0.0,0,0,0,True,False,True,missing,0.0,critical,>2000bps,2050.0,0.55,1,0,1.0,0,1.0,0,,False,no_upcoming,-0.249493,price_history,,0,0.9257,price_history,,-0.622396,,33.5469,0.8122,-0.214608,-0.407788,early,unknown,sev2,drug_developer,morningstar,,,,0,0.6775471095496646438837432130,35.46,41.25000000000000000000000000,,50,41.43901234567901234567901235,5,40.3187,-0.1447,1.0,445,6,1.0,0.0062,0,0,0.0,0.3,0.85,oncology,0.6955,highly_crowded,1.0,225,0.003309939393939394,0.212281,-0.7985,10.65,0.085965,-1.366,0.000165,0.0,0.0,0.0,0.0,0.000165,0.0
ARGX,argenx SE,,,D,ineligible,D,ineligible,,0.647368,,0,0.5,1,0.5,480,0,specific_days,9,tailwind,,XS,ineligible,financial_score:-46.1;smart_money_score:+28.9;momentum_score:+26.3,tier=D;reason=ineligible;cat_days=480;strength=far;decay_w=0.3,v1.3.0,31f399e0,0,financials_missing,1,"cash_runway_lt_6m,survivability_critical","{""burn_ttm"": 0.0, ""cash_total"": 0.0, ""dilution_risk"": null, ""has_revenue"": null, ""lead_phase"": null, ""runway_months"": 0.0, ""stage_bucket"": ""late"", ""surv_score"": ""-5.0"", ""tier1_count"": 6}",late|far_271_540|pos,0.00967575,,0.7671,0,1,0.1723,0.0748,6,6,buying,1.1662,elite_6,0.0,0.0,0.0,,,0.0,0,0,0,True,False,True,far,0.3,critical,<=400bps,197.05,1.0,0,0,1.0,0,1.0,0,480,False,specific_days,0.474312,price_history,,6,0.9471,price_history,,-0.095837,,49.2156,0.2190,-0.214608,0.118771,late,unknown,sev2,drug_developer,morningstar,,,,0,0.8454570812126576676255808807,77.42,45.56250000000000000000000000,80.0,50,47.76562500000000000000000000,5,47.882,0.1745,3.0,3,26,1.0,2.6672,1,3,0.0,0.4,0.6,autoimmune,0.2236,moderate,1.0,185,0.00967575,0.352632,-0.3782,16.98,0.285965,-0.5652,0.165034,0.1122,0.0,0.0,0.05235,0.000484,0.0
CADL,"Candel Therapeutics, Inc.",,,D,ineligible,D,ineligible,,0.07193,,0,0.551613,1,0.448387,,0,no_upcoming,9,headwind,deep_drawdown|deep_drawdown_rel_xbi,XS,ineligible,financial_score:+20.5;momentum_score:-7.7;catalyst_score:-7.0,tier=D;reason=ineligible;cat_days=NA;strength=missing;decay_w=0.0,v1.3.0,31f399e0,0,fundamental_red_flag|deep_drawdown,1,sponsor_absent_late_stage,"{""burn_ttm"": 27743000.0, ""cash_total"": 86963000.0, ""dilution_risk"": null, ""has_revenue"": null, ""lead_phase"": null, ""runway_months"": 34.903184982071295, ""stage_bucket"": ""late"", ""surv_score"": ""5.0"", ""tier1_count"": 0}",late|none|nonpos,0.06036250933786078,,0.7652,0,1,-0.0605,-0.1858,0,0,neutral,-1.1662,,0.0,0.0,0.0,,,0.0,0,0,0,True,False,True,missing,0.0,adequate,<=2000bps,1387.28,0.7,1,0,1.0,0,1.0,0,,False,no_upcoming,-0.320051,price_history,,0,-0.6465,price_history,,-0.706625,,39.2064,0.6596,-0.214608,-0.492017,late,micro,none,drug_developer,morningstar,,,,0,0.8410944962474414373436433932,40.51,41.25000000000000000000000000,,87.76,42.31640625000000000000000000,68.75000000000000000000000000,41.9107,-0.0775,3.0,300,11,1.0,0.1861,0,0,0.0,0.6,0.95,oncology,0.6955,highly_crowded,1.0,21,0.06036250933786078,0.92807,1.4616,26.04,0.531579,0.0792,0.003018,0.0,0.0,0.0,0.0,0.003018,0.0
PRQR,ProQR Therapeutics N.V.,,,D,ineligible,D,ineligible,,0.64386,,0,0.46129,1,0.53871,56,1,specific_days,9,headwind,deep_drawdown|deep_drawdown_rel_xbi,XS,ineligible,financial_score:-33.3;smart_money_score:+16.9;clinical_score:+12.1,tier=D;reason=ineligible;cat_days=56;strength=near;decay_w=1.0,v1.3.0,31f399e0,0,financials_missing|deep_drawdown,1,"cash_runway_lt_6m,survivability_critical","{""burn_ttm"": 0.0, ""cash_total"": 0.0, ""dilution_risk"": null, ""has_revenue"": null, ""lead_phase"": null, ""runway_months"": 0.0, ""stage_bucket"": ""mid"", ""surv_score"": ""-5.0"", ""tier1_count"": 1}",mid|near_31_90|pos,0.00975246153846154,,0.2461,0,1,0.295,0.2121,1,1,buying,-0.7775,elite_1,0.0,0.0,0.0,,,0.0,0,0,0,True,False,True,near,1.0,critical,>2000bps,2036.0,0.55,1,0,1.0,0,1.0,0,56,True,specific_days,-0.103161,price_history,,1,0.8368,price_history,,-0.648649,,38.0318,,-0.214608,-0.434041,mid,unknown,sev2,drug_developer,morningstar,,,,0,0.7467380601861874864689326694,37.61,43.76484444444444444444444444,55.5,50,50.63829787234042553191489362,5.255771842462652784065187867,50.577,0.2883,2.0,56,5,1.0,0.6271,1,1,0.0,0.5,0.55,ophthalmology,0.6955,highly_crowded,1.0,184,0.00975246153846154,0.35614,-0.3688,16.53,0.264912,-0.6283,0.299078,0.2121,0.0,0.0,0.08649,0.000488,0.0
PYXS,"Pyxis Oncology, Inc.",,,D,ineligible,D,ineligible,,0.3,,0,0.487097,1,0.512903,,0,no_upcoming,9,headwind,high_vol|deep_drawdown|deep_drawdown_rel_xbi,XS,ineligible,smart_money_score:+20.7;financial_score:-14.5;momentum_score:-5.1,tier=D;reason=ineligible;cat_days=NA;strength=missing;decay_w=0.0,v1.3.0,31f399e0,0,deep_drawdown,0,,"{""burn_ttm"": 53075000.0, ""cash_total"": 76256000.0, ""dilution_risk"": null, ""has_revenue"": null, ""lead_phase"": null, ""runway_months"": 17.24111163447951, ""stage_bucket"": ""early"", ""surv_score"": ""1.0"", ""tier1_count"": 3}",early|none|pos,0.0511918449197861,,-1.5732,521,1,0.2336,0.1434,3,3,buying,0.0,elite_3,0.0,0.0,0.0,,,0.0,0,0,0,True,False,True,missing,0.0,adequate,>2000bps,2020.0,0.55,1,0,1.0,0,1.0,0,,False,no_upcoming,-0.03878,price_history,,3,1.4244,price_history,,-0.651667,,52.194,1.6279,-0.214608,-0.437059,early,micro,sev1,drug_developer,morningstar,,,,0,0.7689420413381632218197315150,40.65,41.25000000000000000000000000,66.5,84.09,49.20197530864197530864197531,31.23456790123456790123456790,48.0817,0.183,1.0,521,4,1.0,0.0035,0,0,0.0,0.3,0.85,oncology,0.6955,highly_crowded,1.0,86,0.0511918449197861,0.7,0.5244,23.87,0.496491,-0.0088,0.05746,0.0,0.0,0.0,0.0549,0.00256,0.0
LENZ,"LENZ Therapeutics, Inc.",,,D,ineligible,D,ineligible,,0.489474,,0,0.370968,1,0.629032,,0,no_upcoming,9,neutral,,XS,ineligible,financial_score:-41.0;smart_money_score:+28.0;clinical_score:+10.5,tier=D;reason=ineligible;cat_days=NA;strength=missing;decay_w=0.0,v1.3.0,31f399e0,0,fundamental_red_flag,1,survivability_critical,"{""burn_ttm"": 36145000.0, ""cash_total"": 25399000.0, ""dilution_risk"": null, ""has_revenue"": null, ""lead_phase"": null, ""runway_months"": 8.432369622354406, ""stage_bucket"": ""late"", ""surv_score"": ""-5.0"", ""tier1_count"": 6}",late|none|pos,0.03406975903614458,,0.7836,0,1,0.5481,0.4954,6,6,buying,1.1662,elite_6,0.0,0.0,0.0,,,0.0,0,0,0,True,False,True,missing,0.0,short,<=1000bps,831.52,0.85,1,0,1.0,0,1.0,0,,False,no_upcoming,-0.126935,price_history,,6,-0.1651,price_history,,-0.34626,,47.3442,1.0281,-0.214608,-0.131652,late,small,sev2,drug_developer,morningstar,,,,0,0.8295300839552238805970149254,53.40,41.25000000000000000000000000,74.0,77.97,56.56250000000000000000000000,5,57.1974,0.5677,3.0,69,4,1.0,2.312,2,3,0.0,0.4,0.55,ophthalmology,-2.8441,uncrowded,1.0,140,0.03406975903614458,0.510526,0.0264,13.01,0.138596,-1.0866,0.915113,0.7431,0.0,0.0,0.17031,0.001703,0.0
CMPX,"Compass Therapeutics, Inc.",,,D,ineligible,D,ineligible,,0.685965,,0,0.53871,1,0.46129,,0,no_upcoming,9,headwind,deep_drawdown|deep_drawdown_rel_xbi,XS,ineligible,financial_score:+17.3;momentum_score:-10.1;catalyst_score:-4.8,tier=D;reason=ineligible;cat_days=NA;strength=missing;decay_w=0.0,v1.3.0,31f399e0,0,deep_drawdown,0,,"{""burn_ttm"": 35889000.0, ""cash_total"": 219895000.0, ""dilution_risk"": null, ""has_revenue"": null, ""lead_phase"": null, ""runway_months"": 73.5250355262058, ""stage_bucket"": ""mid"", ""surv_score"": ""5.0"", ""tier1_count"": 0}",mid|none|nonpos,0.004395499999999999,,-0.5721,94,1,0.0004,-0.1176,0,0,neutral,-1.1662,,0.0,0.0,0.0,,,0.0,0,0,0,True,False,True,missing,0.0,adequate,<=1000bps,913.08,0.85,1,0,1.0,0,1.0,0,,False,no_upcoming,-0.180645,price_history,,0,0.9192,price_history,,-0.644161,,36.1479,,-0.214608,-0.429553,mid,small,none,drug_developer,morningstar,,,,0,0.8411800818553888130968622101,35.98,41.25000000000000000000000000,,39.19,43.74276947839645893063729189,63.40425531914893617021276596,42.6225,-0.0474,2.0,570,4,1.0,0.1297,0,0,0.0,0.3,0.95,oncology,0.6955,highly_crowded,1.0,196,0.004395499999999999,0.314035,-0.4844,30.43,0.612281,0.2853,0.00022,0.0,0.0,0.0,0.0,0.00022,0.0
IMRX,Immuneering Corporation,,,D,ineligible,D,ineligible,,0.257895,,0,0.467742,1,0.532258,,0,no_upcoming,9,headwind,deep_drawdown|deep_drawdown_rel_xbi,XS,ineligible,financial_score:+19.5;momentum_score:-13.1;catalyst_score:-11.8,tier=D;reason=ineligible;cat_days=NA;strength=missing;decay_w=0.0,v1.3.0,31f399e0,0,deep_drawdown,0,,"{""burn_ttm"": 35503997.0, ""cash_total"": 227563077.0, ""dilution_risk"": null, ""has_revenue"": null, ""lead_phase"": null, ""runway_months"": 76.91407037917449, ""stage_bucket"": ""early"", ""surv_score"": ""5.0"", ""tier1_count"": 2}",early|none|pos,0.0511918449197861,,-1.5767,969,1,0.2848,0.2007,2,2,buying,-0.3887,elite_2,0.0,0.0,0.0,,,0.0,0,0,0,True,False,True,missing,0.0,adequate,<=2000bps,1094.84,0.7,1,0,1.0,0,1.0,0,,False,no_upcoming,-0.041326,price_history,,2,1.3117,price_history,,-0.47957,,39.366,1.1957,-0.214608,-0.264962,early,small,none,drug_developer,morningstar,,,,0,0.7112637362637362637362637363,39.88,41.25000000000000000000000000,61.0,50,50.40000000000000000000000000,72.50000000000000000000000000,49.2797,0.2335,1.0,969,1,0.0,0.0001,0,0,0.0,0.3,0.85,oncology,0.6955,highly_crowded,1.0,74,0.0511918449197861,0.742105,0.6498,32.02,0.654386,0.3972,0.07261,0.0,0.0,0.0,0.07005,0.00256,0.0
CHRS,"Coherus Oncology, Inc.",,,D,ineligible,D,ineligible,,0.082456,,0,0.532258,1,0.467742,,0,no_upcoming,9,headwind,deep_drawdown|deep_drawdown_rel_xbi,XS,ineligible,financial_score:+18.2;momentum_score:-12.1;catalyst_score:-7.8,tier=D;reason=ineligible;cat_days=NA;strength=missing;decay_w=0.0,v1.3.0,31f399e0,0,deep_drawdown,0,,"{""burn_ttm"": 118797000.0, ""cash_total"": 191663000.0, ""dilution_risk"": null, ""has_revenue"": null, ""lead_phase"": null, ""runway_months"": 18.31919011700611, ""stage_bucket"": ""late"", ""surv_score"": ""2.0"", ""tier1_count"": 1}",late|none|nonpos,0.06036250933786078,,0.7658,0,1,0.0316,-0.0827,1,1,buying,-0.7775,elite_1,0.0,0.0,0.0,,,0.0,0,0,0,True,False,True,missing,0.0,adequate,<=2000bps,1725.6,0.7,1,0,1.0,0,1.0,0,,False,no_upcoming,0.109121,price_history,,1,1.5705,price_history,,-0.643536,,41.549,0.9928,-0.214608,-0.428928,late,micro,none,drug_developer,morningstar,,,,0,0.7863167400383790495541257478,36.99,41.25000000000000000000000000,55.5,90.00,44.47265625000000000000000000,67.25000000000000000000000000,44.0576,0.0131,3.0,,13,1.0,0.0278,0,0,0.0,0.4,0.95,oncology,-0.4844,uncrowded,1.0,24,0.06036250933786078,0.917544,1.3887,26.88,0.552632,0.1323,0.006948,0.0,0.0,0.0,0.00393,0.003018,0.0
AVIR,"Atea Pharmaceuticals, Inc.",,,D,ineligible,D,ineligible,,0.391228,,0,0.480645,1,0.519355,,0,no_upcoming,9,neutral,deep_drawdown|deep_drawdown_rel_xbi,XS,ineligible,financial_score:-29.0;clinical_score:+9.8;smart_money_score:+9.6,tier=D;reason=ineligible;cat_days=NA;strength=missing;decay_w=0.0,v1.3.0,31f399e0,0,deep_drawdown,0,,"{""burn_ttm"": 103808000.0, ""cash_total"": 77344000.0, ""dilution_risk"": null, ""has_revenue"": null, ""lead_phase"": null, ""runway_months"": 8.940813810110974, ""stage_bucket"": ""late"", ""surv_score"": ""-2.0"", ""tier1_count"": 2}",late|none|pos,0.03406975903614458,,0.7684,0,1,0.2358,0.1458,2,2,selling,-0.3887,elite_2,0.0,0.0,0.0,,,0.0,0,0,0,True,False,True,missing,0.0,short,>2000bps,2020.0,0.55,1,0,1.0,0,1.0,0,,False,no_upcoming,-0.158144,price_history,,2,0.3391,price_history,,-0.509901,,30.0105,0.5268,-0.214608,-0.295293,late,small,sev2,drug_developer,morningstar,,,,0,0.8879600371747211895910780669,47.22,41.25000000000000000000000000,49.0,90.00,49.25173611111111111111111111,10.46862237158393428084669420,48.0598,0.182,3.0,202,15,1.0,0.384,0,0,0.0,0.4,0.55,infectious_disease,0.6955,highly_crowded,1.0,112,0.03406975903614458,0.608772,0.2761,12.98,0.135088,-1.1027,0.275003,0.2187,0.0,0.0,0.0546,0.001703,0.0
GHRS,GH Research PLC,,,D,ineligible,D,ineligible,,0.580702,,0,0.441935,1,0.558065,,0,no_upcoming,9,neutral,deep_drawdown,XS,ineligible,financial_score:-38.0;smart_money_score:+28.2;clinical_score:+8.6,tier=D;reason=ineligible;cat_days=NA;strength=missing;decay_w=0.0,v1.3.0,31f399e0,0,financials_missing,1,"cash_runway_lt_6m,survivability_critical","{""burn_ttm"": 0.0, ""cash_total"": 0.0, ""dilution_risk"": null, ""has_revenue"": null, ""lead_phase"": null, ""runway_months"": 0.0, ""stage_bucket"": ""mid"", ""surv_score"": ""-5.0"", ""tier1_count"": 5}",mid|none|pos,0.021834,,0.2472,0,1,0.3495,0.2732,5,5,buying,0.7775,elite_5,0.0,0.0,0.0,,,0.0,0,0,0,True,False,True,missing,0.0,critical,<=2000bps,1358.9,0.7,1,0,1.0,0,1.0,0,,False,no_upcoming,-0.266079,price_history,,5,0.3878,price_history,,-0.384806,,35.8641,0.9535,-0.214608,-0.170198,mid,unknown,sev2,drug_developer,morningstar,,,,0,0.7621238815647287659390533823,46.46,41.25000000000000000000000000,71.5,50,51.91489361702127659574468085,5.255771842462652784065187867,51.1121,0.3109,2.0,301,3,0.6667,0.3235,1,0,0.0,0.4,0.6,cns,0.6955,highly_crowded,1.0,166,0.021834,0.419298,-0.2037,17.34,0.310526,-0.4944,0.367562,0.2732,0.0,0.0,0.09327,0.001092,0.0
ABVX,Abivax SA,,,D,ineligible,D,ineligible,,0.338596,,0,0.454839,1,0.545161,,0,no_upcoming,9,neutral,drawdown_data_missing,XS,ineligible,financial_score:-41.5;smart_money_score:+38.5;catalyst_score:-5.2,tier=D;reason=ineligible;cat_days=NA;strength=missing;decay_w=0.0,v1.3.0,31f399e0,0,financials_missing,1,"cash_runway_lt_6m,survivability_critical","{""burn_ttm"": 0.0, ""cash_total"": 0.0, ""dilution_risk"": null, ""has_revenue"": null, ""lead_phase"": null, ""runway_months"": 0.0, ""stage_bucket"": ""late"", ""surv_score"": ""-5.0"", ""tier1_count"": 8}",late|none|pos,0.03406975903614458,,0.7726,0,1,0.3158,0.2354,8,8,buying,1.9437,elite_8,0.0,0.0,0.0,,,0.0,0,0,0,True,False,True,missing,0.0,critical,<=400bps,240.42,1.0,0,0,1.0,0,1.0,0,,False,no_upcoming,,,beta_missing:series_too_short,8,,,series_too_short,,no_price_series,,0.7549,-0.214608,,late,unknown,sev2,drug_developer,morningstar,,,drawdown,1,0.7756764803175653324512074099,50,41.25000000000000000000000000,85,50,51.12500000000000000000000000,5,49.7959,0.2553,3.0,161,9,1.0,0.279,0,1,0.0,0.4,0.55,infectious_disease,0.6955,highly_crowded,1.0,97,0.03406975903614458,0.661404,0.4163,13.43,0.149123,-1.0402,0.431393,0.3531,0.0,0.0,0.07659,0.001703,0.0
GMAB,Genmab A/S,,,D,ineligible,D,ineligible,,0.447368,,0,0.364516,1,0.635484,,0,no_upcoming,9,neutral,,XS,ineligible,financial_score:-37.8;smart_money_score:+17.7;clinical_score:+13.8,tier=D;reason=ineligible;cat_days=NA;strength=missing;decay_w=0.0,v1.3.0,31f399e0,0,financials_missing,1,"cash_runway_lt_6m,survivability_critical","{""burn_ttm"": 0.0, ""cash_total"": 0.0, ""dilution_risk"": null, ""has_revenue"": null, ""lead_phase"": null, ""runway_months"": 0.0, ""stage_bucket"": ""late"", ""surv_score"": ""-5.0"", ""tier1_count"": 3}",late|none|pos,0.03406975903614458,,0.9956,0,1,0.5481,0.4954,3,3,buying,0.0,elite_3,0.0,0.0,0.0,,,0.0,0,0,0,True,False,True,missing,0.0,critical,<=1000bps,453.45,0.85,1,0,1.0,0,1.0,0,,False,no_upcoming,-0.007629,price_history,,3,0.5749,price_history,,-0.252656,,40.5514,0.3342,-0.214608,-0.038048,late,unknown,sev2,drug_developer,morningstar,,,,0,0.8430982962612399432087079981,50.60,41.25000000000000000000000000,60.5,50,56.56250000000000000000000000,5,56.5625,0.5409,3.0,543,42,1.0,0.0901,0,0,0.0175,0.5,0.95,oncology,0.6955,highly_crowded,1.0,128,0.03406975903614458,0.552632,0.1323,17.36,0.314035,-0.4844,0.907073,0.7431,0.0,0.0,0.16227,0.001703,0.0
OABI,"OmniAb, Inc.",,,D,ineligible,D,ineligible,,0.847368,,0,0.525806,1,0.474194,,0,no_upcoming,9,tailwind,deep_drawdown|deep_drawdown_rel_xbi,XS,ineligible,financial_score:-34.4;momentum_score:+27.3;clinical_score:+5.4,tier=D;reason=ineligible;cat_days=NA;strength=missing;decay_w=0.0,v1.3.0,31f399e0,0,deep_drawdown,0,,"{""burn_ttm"": 30781000.0, ""cash_total"": 28537000.0, ""dilution_risk"": null, ""has_revenue"": null, ""lead_phase"": null, ""runway_months"": 11.125174620707579, ""stage_bucket"": ""early"", ""surv_score"": ""-1.0"", ""tier1_count"": 0}",early|none|nonpos,0.003309939393939394,,-1.6907,,0,0.0459,-0.0668,0,0,neutral,-1.1662,,0.0,0.0,0.0,,,0.0,0,0,0,True,False,True,missing,0.0,short,>2000bps,2036.0,0.55,1,0,1.0,0,1.0,0,,False,no_upcoming,0.076844,price_history,,0,0.4134,price_history,,-0.509214,,43.8154,0.5798,-0.214608,-0.294606,early,micro,sev2,drug_developer,morningstar,,,,0,0.7808184666117065127782357791,66.71,41.25000000000000000000000000,,50,44.80604444444444444444444444,5,43.3357,-0.0173,0.0,,1,0.0,0.0,0,0,0.0,0.0,0.5,other,-2.6081,uncrowded,1.0,242,0.003309939393939394,0.152632,-1.0252,10.30,0.078947,-1.4122,0.000165,0.0,0.0,0.0,0.0,0.000165,0.0
GLUE,"Monte Rosa Therapeutics, Inc.",,,D,ineligible,D,ineligible,,0.247368,,0,0.429032,1,0.570968,,0,no_upcoming,9,headwind,high_vol|deep_drawdown|deep_drawdown_rel_xbi,XS,ineligible,smart_money_score:+19.1;financial_score:-10.2;momentum_score:-7.8,tier=D;reason=ineligible;cat_days=NA;strength=missing;decay_w=0.0,v1.3.0,31f399e0,0,deep_drawdown,0,,"{""burn_ttm"": 0.0, ""cash_total"": 208343000.0, ""dilution_risk"": null, ""has_revenue"": null, ""lead_phase"": null, ""runway_months"": null, ""stage_bucket"": ""early"", ""surv_score"": ""5.0"", ""tier1_count"": 3}",early|none|pos,0.0511918449197861,,-1.5731,938,1,0.3703,0.2964,3,3,buying,0.0,elite_3,0.0,0.0,0.0,,,0.0,0,0,0,True,False,True,missing,0.0,adequate,<=1000bps,598.18,0.85,1,0,1.0,0,1.0,0,,False,no_upcoming,-0.154978,price_history,,3,0.938,price_history,,-0.478395,,42.037,1.2054,-0.214608,-0.263787,early,small,none,drug_developer,morningstar,,,,0,0.7225784997819450501526384649,39.65,41.25000000000000000000000000,66.5,31.33,52.40000000000000000000000000,37.21536351165980795610425240,51.2797,0.3179,1.0,938,1,0.0,0.0001,0,0,0.0,0.3,0.85,oncology,0.6955,highly_crowded,1.0,71,0.0511918449197861,0.752632,0.6828,30.82,0.615789,0.2944,0.09793,0.0,0.0,0.0,0.09537,0.00256,0.0
NRIX,"Nurix Therapeutics, Inc.",,,D,ineligible,D,ineligible,,0.285965,,0,0.403226,1,0.596774,,0,no_upcoming,9,headwind,deep_drawdown|deep_drawdown_rel_xbi,XS,ineligible,financial_score:-31.9;clinical_score:+17.1;smart_money_score:+13.7,tier=D;reason=ineligible;cat_days=NA;strength=missing;decay_w=0.0,v1.3.0,31f399e0,0,deep_drawdown,0,,"{""burn_ttm"": 249465000.0, ""cash_total"": 246960000.0, ""dilution_risk"": null, ""has_revenue"": null, ""lead_phase"": null, ""runway_months"": 11.879502134567975, ""stage_bucket"": ""early"", ""surv_score"": ""0.0"", ""tier1_count"": 4}",early|none|pos,0.0511918449197861,,-0.3234,0,1,0.4557,0.392,4,4,selling,0.3887,elite_4,0.0,0.0,0.0,,,0.0,0,0,0,True,False,True,missing,0.0,short,<=1000bps,674.93,0.85,1,0,1.0,0,1.0,0,,False,no_upcoming,-0.097418,price_history,,4,1.3347,price_history,,-0.511995,,32.8782,0.7197,-0.214608,-0.297387,early,small,sev2,drug_developer,morningstar,,,,0,0.8269203490893321769297484822,34.45,41.25000000000000000000000000,51.0,15.91,54.40000000000000000000000000,5.445816186556927297668038411,53.2797,0.4023,1.0,787,4,1.0,0.0004,0,0,0.0,0.3,0.85,oncology,0.6955,highly_crowded,1.0,82,0.0511918449197861,0.714035,0.5652,15.63,0.236842,-0.7165,0.12325,0.0,0.0,0.0,0.12069,0.00256,0.0
MESO,Mesoblast Limited,,,D,ineligible,D,ineligible,,0.935088,,0,0.377419,1,0.622581,26,1,specific_days,9,headwind,deep_drawdown|deep_drawdown_rel_xbi,XS,ineligible,clinical_score:+27.4;financial_score:-23.2;momentum_score:-12.4,tier=D;reason=ineligible;cat_days=26;strength=near;decay_w=1.0,v1.3.0,31f399e0,0,financials_missing|deep_drawdown,1,"cash_runway_lt_6m,sponsor_absent_late_stage,survivability_critical","{""burn_ttm"": 0.0, ""cash_total"": 0.0, ""dilution_risk"": null, ""has_revenue"": null, ""lead_phase"": null, ""runway_months"": 0.0, ""stage_bucket"": ""late"", ""surv_score"": ""-5.0"", ""tier1_count"": 0}",late|near_0_30|pos,-0.0009896862745098038,,0.7829,0,1,0.508,0.4506,0,0,neutral,-1.1662,,0.0,0.0,0.0,,,0.0,0,0,0,True,False,True,near,1.0,critical,<=2000bps,1723.07,0.7,1,0,1.0,0,1.0,0,26,True,specific_days,-0.65864,price_history,,0,0.5995,price_history,,-0.755694,,29.3662,0.5347,-0.214608,-0.541086,late,unknown,sev2,drug_developer,morningstar,,,,0,0.7992575876798561151079136691,15.89,36.45884444444444444444444444,,50,55.62500000000000000000000000,5,55.0126,0.4755,3.0,,32,1.0,0.2013,1,0,0.0,0.4,0.6,autoimmune,-0.4844,uncrowded,1.0,267,-0.0009896862745098038,0.064912,-1.5148,16.96,0.282456,-0.5756,0.818501,0.6759,0.0,0.0,0.14265,-4.9e-05,0.0
ELVN,"Enliven Therapeutics, Inc.",,,D,ineligible,D,ineligible,,0.24386,,0,0.383871,1,0.616129,,0,no_upcoming,9,headwind,high_vol|deep_drawdown|deep_drawdown_rel_xbi,XS,ineligible,financial_score:+13.6;momentum_score:-13.4;catalyst_score:-11.8,tier=D;reason=ineligible;cat_days=NA;strength=missing;decay_w=0.0,v1.3.0,31f399e0,0,deep_drawdown,0,,"{""burn_ttm"": 54463000.0, ""cash_total"": 477565000.0, ""dilution_risk"": null, ""has_revenue"": null, ""lead_phase"": null, ""runway_months"": 105.22336264987239, ""stage_bucket"": ""early"", ""surv_score"": ""5.0"", ""tier1_count"": 6}",early|none|pos,0.0511918449197861,,-1.566,999,1,0.507,0.4494,6,6,selling,1.1662,elite_6,0.0,0.0,0.0,,,0.0,0,0,0,True,False,True,missing,0.0,adequate,<=1000bps,575.35,0.85,1,0,1.0,0,1.0,0,,False,no_upcoming,-0.166571,price_history,,6,0.7709,price_history,,-0.481013,,37.1801,1.2673,-0.214608,-0.266405,early,small,none,drug_developer,morningstar,,,,0,0.7705932953957578892912571133,39.69,41.25000000000000000000000000,62.0,50,55.60000000000000000000000000,66.66666666666666666666666667,54.4797,0.453,1.0,999,2,0.3333,0.0001,0,0,0.0,0.3,0.85,oncology,0.6955,highly_crowded,1.0,70,0.0511918449197861,0.75614,0.6939,44.67,0.861404,1.0866,0.13846,0.0,0.0,0.0,0.1359,0.00256,0.0
PRAX,"Praxis Precision Medicines, Inc",,,D,ineligible,D,ineligible,,0.601754,,0,0.416129,1,0.583871,,0,no_upcoming,9,tailwind,deep_drawdown|deep_drawdown_rel_xbi,XS,ineligible,momentum_score:+20.3;catalyst_score:-16.7;smart_money_score:+13.0,tier=D;reason=ineligible;cat_days=NA;strength=missing;decay_w=0.0,v1.3.0,31f399e0,0,deep_drawdown,0,,"{""burn_ttm"": 249068000.0, ""cash_total"": 599331000.0, ""dilution_risk"": null, ""has_revenue"": null, ""lead_phase"": null, ""runway_months"": 28.875535998201293, ""stage_bucket"": ""mid"", ""surv_score"": ""5.0"", ""tier1_count"": 8}",mid|none|pos,0.021834,,0.2501,0,1,0.4041,0.3342,8,8,buying,1.9437,elite_8,0.0,0.0,0.0,,,0.0,0,0,0,True,False,True,missing,0.0,adequate,<=400bps,221.16,1.0,0,0,1.0,0,1.0,0,,False,no_upcoming,0.343992,price_history,,8,1.3169,price_history,,-0.692771,,52.9038,0.9863,-0.214608,-0.478163,mid,mid,none,drug_developer,morningstar,,,,0,0.7792174913693901035673187572,78.24,41.25000000000000000000000000,71.0,12.16,53.19148936170212765957446809,46.21548211860570393843368039,51.8884,0.3436,2.0,146,7,1.0,0.2989,0,1,0.0,0.4,0.6,cns,0.6955,highly_crowded,1.0,172,0.021834,0.398246,-0.2579,29.03,0.587719,0.2217,0.438372,0.3342,0.0,0.0,0.10308,0.001092,0.0
BNTX,BioNTech SE,,,D,ineligible,D,ineligible,,0.405263,,0,0.26129,1,0.73871,,0,no_upcoming,9,tailwind,deep_drawdown,XS,ineligible,financial_score:-39.2;clinical_score:+18.9;smart_money_score:+12.8,tier=D;reason=ineligible;cat_days=NA;strength=missing;decay_w=0.0,v1.3.0,31f399e0,0,financials_missing,1,"cash_runway_lt_6m,survivability_critical","{""burn_ttm"": 0.0, ""cash_total"": 0.0, ""dilution_risk"": null, ""has_revenue"": null, ""lead_phase"": null, ""runway_months"": 0.0, ""stage_bucket"": ""late"", ""surv_score"": ""-5.0"", ""tier1_count"": 4}",late|none|pos,0.03406975903614458,,1.0169,0,1,0.8284,0.8092,4,4,selling,0.3887,elite_4,0.0,0.0,0.0,,,0.0,0,0,0,True,False,True,missing,0.0,critical,<=400bps,298.62,1.0,0,0,1.0,0,1.0,0,,False,no_upcoming,0.073922,price_history,,4,0.3972,price_history,,-0.402257,,51.4753,0.3086,-0.214608,-0.187649,late,unknown,sev2,drug_developer,morningstar,,,,0,0.8558148498462993615511941357,54.74,41.25000000000000000000000000,57.0,50,63.12500000000000000000000000,5,64.1099,0.8594,3.0,63,63,1.0,2.0522,3,4,0.0,0.4,0.95,oncology,0.6955,highly_crowded,1.0,116,0.03406975903614458,0.594737,0.2397,20.25,0.408772,-0.2307,1.473323,1.2138,0.0,0.0,0.25782,0.001703,0.0
ACIU,AC Immune SA,,,D,ineligible,D,ineligible,,0.738596,,0,0.396774,1,0.603226,178,0,specific_days,9,neutral,,XS,ineligible,financial_score:-33.4;clinical_score:+15.8;momentum_score:+10.8,tier=D;reason=ineligible;cat_days=178;strength=mid;decay_w=0.7,v1.3.0,31f399e0,0,financials_missing,1,"cash_runway_lt_6m,survivability_critical","{""burn_ttm"": 0.0, ""cash_total"": 0.0, ""dilution_risk"": null, ""has_revenue"": null, ""lead_phase"": null, ""runway_months"": 0.0, ""stage_bucket"": ""mid"", ""surv_score"": ""-5.0"", ""tier1_count"": 0}",mid|near_91_180|pos,0.004296113207547169,,-0.8231,178,1,0.4586,0.3953,0,0,neutral,-1.1662,,0.0,0.0,0.0,,,0.0,0,0,0,True,False,True,mid,0.7,critical,>2000bps,2020.0,0.55,1,0,1.0,0,1.0,0,178,False,specific_days,-0.098185,price_history,,0,0.5668,price_history,,-0.270588,,22.9381,0.7916,-0.214608,-0.05598,mid,unknown,sev2,drug_developer,morningstar,,,,0,0.7305621314697532212273422145,49.53,45.56250000000000000000000000,,50,54.46808510638297872340425532,5.255771842462652784065187867,53.071,0.3935,2.0,178,5,1.0,0.227,0,1,0.0,0.4,0.6,cns,0.6955,highly_crowded,1.0,211,0.004296113207547169,0.261404,-0.639,16.56,0.268421,-0.6176,0.513565,0.3953,0.0,0.0,0.11805,0.000215,0.0
TARA,"Protara Therapeutics, Inc.",,,D,ineligible,D,ineligible,,0.629825,,0,0.351613,1,0.648387,,0,no_upcoming,9,headwind,deep_drawdown|deep_drawdown_rel_xbi,XS,ineligible,financial_score:+20.5;momentum_score:-17.8;catalyst_score:-10.6,tier=D;reason=ineligible;cat_days=NA;strength=missing;decay_w=0.0,v1.3.0,31f399e0,0,deep_drawdown,0,,"{""burn_ttm"": 39415000.0, ""cash_total"": 132670000.0, ""dilution_risk"": null, ""has_revenue"": null, ""lead_phase"": null, ""runway_months"": 40.39172903716859, ""stage_bucket"": ""mid"", ""surv_score"": ""5.0"", ""tier1_count"": 1}",mid|none|pos,0.021834,,-0.9627,333,1,0.5677,0.5174,1,1,selling,-0.7775,elite_1,0.0,0.0,0.0,,,0.0,0,0,0,True,False,True,missing,0.0,adequate,<=2000bps,1168.53,0.7,1,0,1.0,0,1.0,0,,False,no_upcoming,-0.342765,price_history,,1,0.2494,price_history,,-0.55243,,40.9387,,-0.214608,-0.337822,mid,small,none,drug_developer,morningstar,,,,0,0.8194652886991687261289597843,34.07,41.25000000000000000000000000,54.5,71.62,57.02127659574468085106382979,72.34042553191489361702127660,56.251,0.5277,2.0,333,3,0.6667,0.0315,0,0,0.0,0.3,0.95,oncology,-0.4844,uncrowded,1.0,180,0.021834,0.370175,-0.3314,43.60,0.847368,1.0252,0.676802,0.5174,0.0,0.0,0.15831,0.001092,0.0
ALDX,"Aldeyra Therapeutics, Inc.",,,D,ineligible,D,ineligible,,0.352632,,0,0.267742,1,0.732258,,0,no_upcoming,9,headwind,deep_drawdown|deep_drawdown_rel_xbi,XS,ineligible,momentum_score:-14.9;clinical_score:+11.5;catalyst_score:-10.0,tier=D;reason=ineligible;cat_days=NA;strength=missing;decay_w=0.0,v1.3.0,31f399e0,0,deep_drawdown,0,,"{""burn_ttm"": 28046337.0, ""cash_total"": 75297339.0, ""dilution_risk"": null, ""has_revenue"": null, ""lead_phase"": null, ""runway_months"": 25.71376390435585, ""stage_bucket"": ""late"", ""surv_score"": ""2.0"", ""tier1_count"": 2}",late|none|pos,0.03406975903614458,,0.8047,0,1,0.8124,0.7913,2,2,buying,-0.3887,elite_2,0.0,0.0,0.0,,,0.0,0,0,0,True,False,True,missing,0.0,adequate,<=2000bps,1320.43,0.7,1,0,1.0,0,1.0,0,,False,no_upcoming,-0.041484,price_history,,2,1.3855,price_history,,-0.505467,,36.0398,,-0.214608,-0.290859,late,small,none,drug_developer,morningstar,,,,0,0.8101043621013133208255159475,36.27,41.25000000000000000000000000,61.0,90.00,62.75000000000000000000000000,54.78260869565217391304347826,62.8231,0.8051,3.0,,19,1.0,0.6816,1,1,0.0,0.8,0.55,ophthalmology,0.2236,moderate,1.0,101,0.03406975903614458,0.647368,0.3782,31.38,0.640351,0.3594,1.430183,1.18695,0.0,0.0,0.24153,0.001703,0.0
BMEA,"Biomea Fusion, Inc.",,,D,ineligible,D,ineligible,,0.222807,,0,0.358065,1,0.641935,,0,no_upcoming,9,headwind,deep_drawdown|deep_drawdown_rel_xbi,XS,ineligible,financial_score:-26.9;clinical_score:+17.9;smart_money_score:+16.6,tier=D;reason=ineligible;cat_days=NA;strength=missing;decay_w=0.0,v1.3.0,31f399e0,0,deep_drawdown,0,,"{""burn_ttm"": 56429000.0, ""cash_total"": 46642000.0, ""dilution_risk"": null, ""has_revenue"": null, ""lead_phase"": null, ""runway_months"": 9.918729731166598, ""stage_bucket"": ""early"", ""surv_score"": ""0.0"", ""tier1_count"": 1}",early|none|pos,0.0511918449197861,,-1.5522,409,1,0.5582,0.5068,1,1,buying,-0.7775,elite_1,0.0,0.0,0.0,,,0.0,0,0,0,True,False,True,missing,0.0,short,>2000bps,2020.0,0.55,1,0,1.0,0,1.0,0,,False,no_upcoming,-0.241647,price_history,,1,1.2784,price_history,,-0.697608,,32.9932,,-0.214608,-0.483,early,micro,sev2,drug_developer,morningstar,,,,0,0.7493653333333333333333333333,28.82,41.25000000000000000000000000,55.5,79.55,56.80000000000000000000000000,11.97530864197530864197530864,55.6797,0.5036,1.0,409,4,1.0,0.0175,0,0,0.0,0.3,0.85,oncology,0.6955,highly_crowded,1.0,64,0.0511918449197861,0.777193,0.7627,12.93,0.131579,-1.119,0.15364,0.0,0.0,0.0,0.15108,0.00256,0.0
IMMP,Immutep Limited,,,D,ineligible,D,ineligible,,0.331579,,0,0.287097,1,0.712903,604,0,specific_days,9,tailwind,,XS,ineligible,financial_score:-36.5;clinical_score:+19.1;momentum_score:+13.7,tier=D;reason=ineligible;cat_days=604;strength=far;decay_w=0.3,v1.3.0,31f399e0,0,financials_missing,1,"cash_runway_lt_6m,survivability_critical","{""burn_ttm"": 0.0, ""cash_total"": 0.0, ""dilution_risk"": null, ""has_revenue"": null, ""lead_phase"": null, ""runway_months"": 0.0, ""stage_bucket"": ""mid"", ""surv_score"": ""-5.0"", ""tier1_count"": 0}",mid|far_271_540|pos,0.034964015873015876,,0.2593,0,1,0.7313,0.7005,0,0,neutral,-1.1662,,0.0,0.0,0.0,,,0.0,0,0,0,True,False,True,far,0.3,critical,>2000bps,2020.0,0.55,1,0,1.0,0,1.0,0,604,False,specific_days,-0.142061,price_history,,0,0.0414,price_history,,-0.29771,,42.0355,0.7295,-0.214608,-0.083102,mid,unknown,sev2,drug_developer,morningstar,,,,0,0.7435914475837242282098832770,55.47,45.56250000000000000000000000,,50,60.85106382978723404255319149,5.255771842462652784065187867,61.0186,0.7289,2.0,157,11,1.0,0.3032,0,1,0.0769,0.5,0.95,oncology,0.6955,highly_crowded,1.0,95,0.034964015873015876,0.668421,0.4356,16.15,0.254386,-0.6608,0.920918,0.7005,0.0,0.0,0.21867,0.001748,0.0
NAMS,NewAmsterdam Pharma Company N.V,,,D,ineligible,D,ineligible,,0.503509,,0,0.33871,1,0.66129,,0,no_upcoming,9,headwind,deep_drawdown|deep_drawdown_rel_xbi,XS,ineligible,smart_money_score:+23.0;momentum_score:-22.2;catalyst_score:-13.3,tier=D;reason=ineligible;cat_days=NA;strength=missing;decay_w=0.0,v1.3.0,31f399e0,0,deep_drawdown,0,,"{""burn_ttm"": 147783000.0, ""cash_total"": 636241000.0, ""dilution_risk"": null, ""has_revenue"": null, ""lead_phase"": null, ""runway_months"": 51.66285702685695, ""stage_bucket"": ""late"", ""surv_score"": ""5.0"", ""tier1_count"": 5}",late|none|pos,0.03406975903614458,,-0.2463,158,1,0.5881,0.5403,5,5,buying,0.7775,elite_5,0.0,0.0,0.0,,,0.0,0,0,0,True,False,True,missing,0.0,adequate,<=1000bps,596.34,0.85,1,0,1.0,0,1.0,0,,False,no_upcoming,-0.306919,price_history,,5,0.2835,price_history,,-0.566347,,19.6747,0.4954,-0.214608,-0.351739,late,mid,none,drug_developer,morningstar,,,,0,0.8821963529833791701542508669,32.36,41.25000000000000000000000000,77.5,29.02,57.50000000000000000000000000,64.00000000000000000000000000,56.8053,0.5511,3.0,235,7,1.0,0.5007,0,0,0.0,0.6,0.55,metabolic,0.6955,highly_crowded,1.0,144,0.03406975903614458,0.496491,-0.0088,45.08,0.868421,1.119,0.977483,0.81045,0.0,0.0,0.16533,0.001703,0.0
OCUL,"Ocular Therapeutix, Inc.",,,D,ineligible,D,ineligible,,0.514035,,0,0.196774,1,0.803226,,0,no_upcoming,9,headwind,deep_drawdown|deep_drawdown_rel_xbi,XS,ineligible,momentum_score:-25.7;smart_money_score:+17.1;catalyst_score:-16.1,tier=D;reason=ineligible;cat_days=NA;strength=missing;decay_w=0.0,v1.3.0,31f399e0,0,deep_drawdown,0,,"{""burn_ttm"": 204883000.0, ""cash_total"": 737060000.0, ""dilution_risk"": null, ""has_revenue"": null, ""lead_phase"": null, ""runway_months"": 43.169613877188446, ""stage_bucket"": ""late"", ""surv_score"": ""5.0"", ""tier1_count"": 5}",late|none|pos,0.03406975903614458,,1.0305,0,1,1.0046,1.0065,5,5,buying,0.7775,elite_5,0.0,0.0,0.0,,,0.0,0,0,0,True,False,True,missing,0.0,adequate,<=1000bps,442.9,0.85,1,0,1.0,0,1.0,0,,False,no_upcoming,-0.195213,price_history,,5,1.0919,price_history,,-0.611257,,34.355,0.7517,-0.214608,-0.396649,late,small,none,drug_developer,morningstar,,,,0,0.9,31.63,41.25000000000000000000000000,74.5,66.78,67.25000000000000000000000000,72.17391304347826086956521739,67.8849,1.0187,3.0,76,37,1.0,1.7139,3,2,0.0,0.4,0.55,ophthalmology,-0.4844,uncrowded,1.0,147,0.03406975903614458,0.485965,-0.0352,50.53,0.959649,1.7466,1.817063,1.50975,0.0,0.0,0.30561,0.001703,0.0
ANNX,"Annexon, Inc.",,,D,ineligible,D,ineligible,,0.377193,,0,0.306452,1,0.693548,,0,no_upcoming,9,headwind,deep_drawdown|deep_drawdown_rel_xbi,XS,ineligible,smart_money_score:+29.5;financial_score:-29.0;clinical_score:+17.0,tier=D;reason=ineligible;cat_days=NA;strength=missing;decay_w=0.0,v1.3.0,31f399e0,0,deep_drawdown,0,,"{""burn_ttm"": 140430000.0, ""cash_total"": 139419000.0, ""dilution_risk"": null, ""has_revenue"": null, ""lead_phase"": null, ""runway_months"": 11.913608203375347, ""stage_bucket"": ""late"", ""surv_score"": ""0.0"", ""tier1_count"": 4}",late|none|pos,0.03406975903614458,,0.7864,0,1,0.6522,0.612,4,4,buying,0.3887,elite_4,0.0,0.0,0.0,,,0.0,0,0,0,True,False,True,missing,0.0,short,<=1000bps,834.55,0.85,1,0,1.0,0,1.0,0,,False,no_upcoming,-0.380293,price_history,,4,0.6089,price_history,,-0.729223,,36.1424,0.9497,-0.214608,-0.514615,late,small,sev2,drug_developer,morningstar,,,,0,0.8266156363211405866542012388,25.16,41.25000000000000000000000000,71.5,67.48,59.00000000000000000000000000,12.99470232677542066325935262,59.0172,0.6445,3.0,197,11,1.0,0.951,1,1,0.0,0.4,0.6,autoimmune,0.6955,highly_crowded,1.0,108,0.03406975903614458,0.622807,0.3129,15.27,0.212281,-0.7985,1.113053,0.918,0.0,0.0,0.19335,0.001703,0.0
SANA,"Sana Biotechnology, Inc.",,,D,ineligible,D,ineligible,,0.303509,,0,0.274194,1,0.725806,,0,no_upcoming,9,headwind,deep_drawdown|deep_drawdown_rel_xbi,XS,ineligible,financial_score:-29.6;clinical_score:+20.4;smart_money_score:+19.0,tier=D;reason=ineligible;cat_days=NA;strength=missing;decay_w=0.0,v1.3.0,31f399e0,0,deep_drawdown,0,,"{""burn_ttm"": 111187000.0, ""cash_total"": 153054000.0, ""dilution_risk"": null, ""has_revenue"": null, ""lead_phase"": null, ""runway_months"": 16.51854983046579, ""stage_bucket"": ""early"", ""surv_score"": ""1.0"", ""tier1_count"": 2}",early|none|pos,0.0511918449197861,,-1.5577,760,1,0.7974,0.7746,2,2,buying,-0.3887,elite_2,0.0,0.0,0.0,,,0.0,0,0,0,True,False,True,missing,0.0,adequate,<=1000bps,861.68,0.85,1,0,1.0,0,1.0,0,,False,no_upcoming,-0.174528,price_history,,2,1.256,price_history,,-0.495352,,34.8722,1.1156,-0.214608,-0.280744,early,small,sev1,drug_developer,morningstar,,,,0,0.7112407926133416329494760867,32.96,41.25000000000000000000000000,61.0,50,62.40000000000000000000000000,12.46227709190672153635116598,61.2797,0.74,1.0,760,2,0.0,0.0004,0,0,0.0,0.3,0.85,oncology,0.6955,highly_crowded,1.0,87,0.0511918449197861,0.696491,0.5143,25.05,0.514035,0.0352,0.22456,0.0,0.0,0.0,0.222,0.00256,0.0
AVXL,Anavex Life Sciences Corp.,,,D,ineligible,D,ineligible,,0.394737,,0,0.345161,1,0.654839,,0,no_upcoming,9,headwind,deep_drawdown|deep_drawdown_rel_xbi,XS,ineligible,financial_score:+13.0;momentum_score:-10.4;catalyst_score:-9.2,tier=D;reason=ineligible;cat_days=NA;strength=missing;decay_w=0.0,v1.3.0,31f399e0,0,fundamental_red_flag|deep_drawdown,1,sponsor_absent_late_stage,"{""burn_ttm"": 7151000.0, ""cash_total"": 131749000.0, ""dilution_risk"": null, ""has_revenue"": null, ""lead_phase"": null, ""runway_months"": 221.0862816389316, ""stage_bucket"": ""late"", ""surv_score"": ""5.0"", ""tier1_count"": 0}",late|none|pos,0.03406975903614458,,0.7845,0,1,0.5721,0.5223,0,0,neutral,-1.1662,,0.0,0.0,0.0,,,0.0,0,0,0,True,False,True,missing,0.0,adequate,<=2000bps,1131.52,0.7,1,0,1.0,0,1.0,0,,False,no_upcoming,-0.124099,price_history,,0,1.0153,price_history,,-0.574498,,25.2668,1.1868,-0.214608,-0.35989,late,small,none,drug_developer,morningstar,,,,0,0.7970878661087866108786610879,40.07,41.25000000000000000000000000,,81.47,57.12500000000000000000000000,63.47826086956521739130434783,55.6599,0.5028,3.0,,8,1.0,0.1225,0,0,0.0,0.4,0.6,cns,0.6955,highly_crowded,1.0,113,0.03406975903614458,0.605263,0.267,32.58,0.661404,0.4163,0.935993,0.78345,0.0,0.0,0.15084,0.001703,0.0
NKTX,"Nkarta, Inc.",,,D,ineligible,D,ineligible,,0.282456,,0,0.319355,1,0.680645,,0,no_upcoming,9,headwind,deep_drawdown|deep_drawdown_rel_xbi,XS,ineligible,momentum_score:-25.1;financial_score:+15.0;smart_money_score:+14.3,tier=D;reason=ineligible;cat_days=NA;strength=missing;decay_w=0.0,v1.3.0,31f399e0,0,deep_drawdown,0,,"{""burn_ttm"": 67052000.0, ""cash_total"": 282331000.0, ""dilution_risk"": null, ""has_revenue"": null, ""lead_phase"": null, ""runway_months"": 50.52753087156237, ""stage_bucket"": ""early"", ""surv_score"": ""5.0"", ""tier1_count"": 3}",early|none|pos,0.0511918449197861,,-1.5402,362,1,0.6436,0.6024,3,3,buying,0.0,elite_3,0.0,0.0,0.0,,,0.0,0,0,0,True,False,True,missing,0.0,adequate,>2000bps,2020.0,0.55,1,0,1.0,0,1.0,0,,False,no_upcoming,-0.205266,price_history,,3,0.9589,price_history,,-0.90493,,32.7763,,-0.214608,-0.690322,early,micro,none,drug_developer,morningstar,,,,0,0.7691021479958890030832476876,27.10,41.25000000000000000000000000,66.5,50,58.80000000000000000000000000,67.20000000000000000000000000,57.6797,0.588,1.0,362,2,0.3333,0.0157,0,0,0.0,0.3,0.85,oncology,0.6955,highly_crowded,1.0,81,0.0511918449197861,0.717544,0.5756,46.36,0.885965,1.2053,0.17896,0.0,0.0,0.0,0.1764,0.00256,0.0
NTLA,"Intellia Therapeutics, Inc.",,,D,ineligible,D,ineligible,,0.289474,,0,0.293548,1,0.706452,,0,no_upcoming,9,headwind,high_vol|deep_drawdown|deep_drawdown_rel_xbi,XS,ineligible,clinical_score:+15.6;financial_score:-13.9;smart_money_score:+9.8,tier=D;reason=ineligible;cat_days=NA;strength=missing;decay_w=0.0,v1.3.0,31f399e0,0,deep_drawdown,0,,"{""burn_ttm"": 325451000.0, ""cash_total"": 511044000.0, ""dilution_risk"": null, ""has_revenue"": null, ""lead_phase"": null, ""runway_months"": 18.843168403231207, ""stage_bucket"": ""early"", ""surv_score"": ""3.0"", ""tier1_count"": 1}",early|none|pos,0.0511918449197861,,-1.3933,181,1,0.7291,0.6981,1,1,neutral,-0.7775,elite_1,0.0,0.0,0.0,,,0.0,0,0,0,True,False,True,missing,0.0,adequate,<=1000bps,404.59,0.85,1,0,1.0,0,1.0,0,,False,no_upcoming,-0.176167,price_history,,1,1.1403,price_history,,-0.520817,,29.1191,1.2984,-0.214608,-0.306209,early,small,sev1,drug_developer,morningstar,,,,0,0.7699466927763272410791993037,37.55,41.25000000000000000000000000,55.0,61.87,60.80000,31.23456790123456790123456790,59.6797,0.6724,1.0,181,4,1.0,0.056,0,0,0.0,0.3,0.85,oncology,0.6955,highly_crowded,1.0,83,0.0511918449197861,0.710526,0.5549,31.30,0.636842,0.35,0.20428,0.0,0.0,0.0,0.20172,0.00256,0.0
CCCC,"C4 Therapeutics, Inc.",,,D,ineligible,D,ineligible,,0.229825,,0,0.312903,1,0.687097,,0,no_upcoming,9,headwind,deep_drawdown|deep_drawdown_rel_xbi,XS,ineligible,financial_score:-29.4;smart_money_score:+26.2;clinical_score:+18.5,tier=D;reason=ineligible;cat_days=NA;strength=missing;decay_w=0.0,v1.3.0,31f399e0,0,deep_drawdown,0,,"{""burn_ttm"": 98694000.0, ""cash_total"": 74603000.0, ""dilution_risk"": null, ""has_revenue"": null, ""lead_phase"": null, ""runway_months"": 9.070824974162564, ""stage_bucket"": ""early"", ""surv_score"": ""0.0"", ""tier1_count"": 3}",early|none|pos,0.0511918449197861,,-1.0147,74,1,0.6436,0.6024,3,3,buying,0.0,elite_3,0.0,0.0,0.0,,,0.0,0,0,0,True,False,True,missing,0.0,short,<=2000bps,1461.59,0.7,1,0,1.0,0,1.0,0,,False,no_upcoming,-0.3637,price_history,,3,1.1326,price_history,,-0.833008,,25.9847,0.7106,-0.214608,-0.6184,early,micro,sev2,drug_developer,morningstar,,,,0,0.7251189840998826165830754455,23.89,41.25000000000000000000000000,66.5,65.91,58.80000000000000000000000000,10.81777777777777777777777778,58.1479,0.6078,1.0,74,3,0.6667,0.1357,1,0,0.0,0.3,0.85,oncology,0.6955,highly_crowded,1.0,66,0.0511918449197861,0.770175,0.7394,14.70,0.184211,-0.8994,0.1849,0.0,0.0,0.0,0.18234,0.00256,0.0
QURE,uniQure N.V.,,,D,ineligible,D,ineligible,,0.605263,,0,0.280645,1,0.719355,,0,no_upcoming,9,headwind,high_vol|deep_drawdown|deep_drawdown_rel_xbi,XS,ineligible,momentum_score:-30.5;smart_money_score:+24.8;financial_score:+18.8,tier=D;reason=ineligible;cat_days=NA;strength=missing;decay_w=0.0,v1.3.0,31f399e0,0,deep_drawdown,0,,"{""burn_ttm"": 100394000.0, ""cash_total"": 597056000.0, ""dilution_risk"": null, ""has_revenue"": null, ""lead_phase"": null, ""runway_months"": 71.36553977329322, ""stage_bucket"": ""mid"", ""surv_score"": ""5.0"", ""tier1_count"": 9}",mid|none|pos,0.021834,,0.2598,0,1,0.7858,0.7615,9,9,buying,2.3324,elite_9,0.0,0.0,0.0,,,0.0,0,0,0,True,False,True,missing,0.0,adequate,<=1000bps,501.73,0.85,1,0,1.0,0,1.0,0,,False,no_upcoming,-0.120103,price_history,,9,1.6615,price_history,,-0.745242,,43.7348,1.3016,-0.214608,-0.530634,mid,small,none,drug_developer,morningstar,,,,0,0.8014266472106858233247278033,27.72,41.25000000000000000000000000,83.0,55.41,62.12765957446808510638297872,77.000,60.6573,0.7137,2.0,,9,1.0,0.0,0,0,0.0,0.3,0.6,cns,-0.4844,uncrowded,1.0,173,0.021834,0.394737,-0.267,35.89,0.710526,0.5549,0.976702,0.7615,0.0,0.0,0.21411,0.001092,0.0
LRMR,"Larimar Therapeutics, Inc.",,,D,ineligible,D,ineligible,,0.591228,,0,0.164516,1,0.835484,,0,no_upcoming,9,tailwind,high_beta|deep_drawdown|deep_drawdown_rel_xbi,XS,ineligible,financial_score:-33.8;smart_money_score:+20.5;clinical_score:+18.8,tier=D;reason=ineligible;cat_days=NA;strength=missing;decay_w=0.0,v1.3.0,31f399e0,0,deep_drawdown,0,,"{""burn_ttm"": 45921000.0, ""cash_total"": 90140000.0, ""dilution_risk"": null, ""has_revenue"": null, ""lead_phase"": null, ""runway_months"": 23.55523616645979, ""stage_bucket"": ""mid"", ""surv_score"": ""4.0"", ""tier1_count"": 5}",mid|none|pos,0.021834,,0.271,0,1,1.113,1.1278,5,5,buying,0.7775,elite_5,0.0,0.0,0.0,,,0.0,0,0,0,True,False,True,missing,0.0,short,<=1000bps,704.31,0.85,1,0,1.0,0,1.0,0,,False,no_upcoming,0.396955,price_history,,5,2.2171,price_history,,-0.480539,,36.6565,0.7621,-0.214608,-0.265931,mid,small,sev2,drug_developer,morningstar,,,,0,0.7846481252111248733250760050,55.27,41.25000000000000000000000000,71.5,58.11,69.78723404255319148936170213,17.20889291283134651174488205,69.7689,1.0982,2.0,59,2,0.0,0.6116,1,1,0.0,0.6,0.5,other,0.2236,crowded,1.0,169,0.021834,0.408772,-0.2307,17.14,0.296491,-0.5345,1.458352,1.1278,0.0,0.0,0.32946,0.001092,0.0
JANX,"Janux Therapeutics, Inc.",,,D,ineligible,D,ineligible,,0.261404,,0,0.332258,1,0.667742,,0,no_upcoming,9,headwind,high_vol|deep_drawdown|deep_drawdown_rel_xbi,XS,ineligible,financial_score:+20.7;catalyst_score:-15.1;momentum_score:-12.6,tier=D;reason=ineligible;cat_days=NA;strength=missing;decay_w=0.0,v1.3.0,31f399e0,0,deep_drawdown,0,,"{""burn_ttm"": 53693000.0, ""cash_total"": 988993000.0, ""dilution_risk"": null, ""has_revenue"": null, ""lead_phase"": null, ""runway_months"": 221.0328348201814, ""stage_bucket"": ""early"", ""surv_score"": ""5.0"", ""tier1_count"": 7}",early|none|pos,0.0511918449197861,,-1.565,818,1,0.5924,0.545,7,7,selling,1.5549,elite_7,0.0,0.0,0.0,,,0.0,0,0,0,True,False,True,missing,0.0,adequate,<=1000bps,600.15,0.85,1,0,1.0,0,1.0,0,,False,no_upcoming,-0.064455,price_history,,7,0.9349,price_history,,-0.547951,,47.7191,1.2694,-0.214608,-0.333343,early,small,none,drug_developer,morningstar,,,,0,0.7309516412964688826757792275,43.75,41.25000000000000000000000000,62.0,50,57.60000000000000000000000000,77.000,56.4797,0.5374,1.0,818,2,0.3333,0.0003,0,0,0.0,0.3,0.85,oncology,0.6955,highly_crowded,1.0,75,0.0511918449197861,0.738596,0.639,41.77,0.815789,0.8994,0.16378,0.0,0.0,0.0,0.16122,0.00256,0.0
RNA,"Avidity Biosciences, Inc.",,,D,ineligible,D,ineligible,,0.612281,,0,0.203226,1,0.796774,,0,no_upcoming,9,headwind,deep_drawdown|deep_drawdown_rel_xbi,XS,ineligible,smart_money_score:+37.9;financial_score:-31.9;momentum_score:-20.3,tier=D;reason=ineligible;cat_days=NA;strength=missing;decay_w=0.0,v1.3.0,31f399e0,0,deep_drawdown,0,,"{""burn_ttm"": 650441000.0, ""cash_total"": 382517000.0, ""dilution_risk"": null, ""has_revenue"": null, ""lead_phase"": null, ""runway_months"": 7.0570643609489565, ""stage_bucket"": ""mid"", ""surv_score"": ""-2.0"", ""tier1_count"": 11}",mid|none|pos,0.021834,,0.269,0,1,1.0039,1.0057,11,11,buying,3.1099,elite_11,0.0,0.0,0.0,,,0.0,0,0,0,True,False,True,missing,0.0,short,<=400bps,298.2,1.0,0,0,1.0,0,1.0,0,,False,no_upcoming,-0.209494,price_history,,11,1.5769,price_history,,-0.758674,,39.6147,0.7513,-0.214608,-0.544066,mid,mid,sev2,drug_developer,morningstar,,,,0,0.8427691956645750142612664005,26.81,41.25000000000000000000000000,85,22.97,67.23404255319148936170212766,15.25929279211307278305920226,66.6446,0.9664,2.0,700,5,1.0,0.0108,0,0,0.0,0.4,0.75,rare_disease,-0.4844,uncrowded,1.0,175,0.021834,0.387719,-0.2853,20.67,0.422807,-0.1947,1.296712,1.0057,0.0,0.0,0.28992,0.001092,0.0
SPRY,"ARS Pharmaceuticals, Inc.",,,D,ineligible,D,ineligible,,0.626316,,0,0.183871,1,0.816129,,0,no_upcoming,9,headwind,deep_drawdown|deep_drawdown_rel_xbi,XS,ineligible,momentum_score:-18.7;clinical_score:+17.9;catalyst_score:-9.3,tier=D;reason=ineligible;cat_days=NA;strength=missing;decay_w=0.0,v1.3.0,31f399e0,0,deep_drawdown,0,,"{""burn_ttm"": 127381000.0, ""cash_total"": 288209000.0, ""dilution_risk"": null, ""has_revenue"": null, ""lead_phase"": null, ""runway_months"": 27.150893775366814, ""stage_bucket"": ""mid"", ""surv_score"": ""0.0"", ""tier1_count"": 6}",mid|none|pos,0.021834,,0.2702,0,1,1.0585,1.0668,6,6,selling,1.1662,elite_6,0.0,0.0,0.0,,,0.0,0,0,0,True,False,True,missing,0.0,adequate,<=1000bps,859.01,0.85,1,0,1.0,0,1.0,0,,False,no_upcoming,-0.152767,price_history,,6,1.5412,price_history,,-0.531284,,38.0855,0.7229,-0.214608,-0.316676,mid,small,none,drug_developer,morningstar,,,,0,0.7939737403209516328133767254,31.91,41.25000000000000000000000000,53.0,33.78,68.51063829787234042553191489,58.29787234042553191489361702,68.0388,1.0252,2.0,119,3,0.6667,0.6672,0,2,0.0,0.4,0.5,respiratory,-0.4844,uncrowded,1.0,179,0.021834,0.373684,-0.3221,46.70,0.896491,1.2618,1.375452,1.0668,0.0,0.0,0.30756,0.001092,0.0
GLPG,Galapagos NV,,,D,ineligible,D,ineligible,,0.749123,,0,0.080645,1,0.919355,239,0,specific_days,9,neutral,,XS,ineligible,financial_score:-43.8;clinical_score:+27.1;smart_money_score:+17.7,tier=D;reason=ineligible;cat_days=239;strength=far;decay_w=0.3,v1.3.0,31f399e0,0,financials_missing,1,"cash_runway_lt_6m,survivability_critical","{""burn_ttm"": 0.0, ""cash_total"": 0.0, ""dilution_risk"": null, ""has_revenue"": null, ""lead_phase"": null, ""runway_months"": 0.0, ""stage_bucket"": ""late"", ""surv_score"": ""-5.0"", ""tier1_count"": 3}",late|near_181_270|pos,0.0038268039215686275,,1.0493,0,1,1.373,1.4189,3,3,buying,0.0,elite_3,0.0,0.0,0.0,,,0.0,0,0,0,True,False,True,far,0.3,critical,<=2000bps,1708.51,0.7,1,0,1.0,0,1.0,0,239,False,specific_days,-0.076453,price_history,,3,0.5073,price_history,,-0.25875,,47.7887,0.3097,-0.214608,-0.044142,late,unknown,sev2,drug_developer,morningstar,,,,0,0.8503392434988179669030732861,50.89,45.56250000000000000000000000,66.5,50,75.87500000000000000000000000,5,76.1599,1.368,3.0,3,56,1.0,2.8377,3,2,0.0,0.4,0.6,autoimmune,0.6955,highly_crowded,1.0,214,0.0038268039215686275,0.250877,-0.6717,21.90,0.457895,-0.1057,2.538941,2.12835,0.0,0.0,0.4104,0.000191,0.0
ERAS,"Erasca, Inc.",,,D,ineligible,D,ineligible,,0.966667,,0,0.254839,1,0.745161,512,0,specific_days,9,headwind,high_vol|deep_drawdown|deep_drawdown_rel_xbi,XS,ineligible,smart_money_score:+15.4;financial_score:-14.1;clinical_score:+12.1,tier=D;reason=ineligible;cat_days=512;strength=far;decay_w=0.3,v1.3.0,31f399e0,0,deep_drawdown,0,,"{""burn_ttm"": 73744000.0, ""cash_total"": 288400000.0, ""dilution_risk"": null, ""has_revenue"": null, ""lead_phase"": null, ""runway_months"": 46.92991972228249, ""stage_bucket"": ""early"", ""surv_score"": ""3.0"", ""tier1_count"": 3}",early|far_271_540|pos,-0.005173941176470589,,-0.3046,0,1,0.8316,0.8128,3,3,buying,0.0,elite_3,0.0,0.0,0.0,,,0.0,0,0,0,True,False,True,far,0.3,adequate,<=400bps,374.33,1.0,0,0,1.0,0,1.0,0,512,False,specific_days,-0.015071,price_history,,3,1.1524,price_history,,-0.739079,,46.5744,1.2457,-0.214608,-0.524471,early,mid,none,drug_developer,morningstar,,,,0,0.7635127949484878697241608508,43.31,45.56250000000000000000000000,66.5,11.36,63.20000000000000000000000000,36.97086419753086419753086420,62.0797,0.7737,1.0,512,6,1.0,0.0091,0,0,0.0,0.3,0.85,oncology,0.6955,highly_crowded,1.0,276,-0.005173941176470589,0.033333,-1.8339,36.92,0.72807,0.607,0.231851,0.0,0.0,0.0,0.23211,-0.000259,0.0
HRTX,"Heron Therapeutics, Inc.",,,D,ineligible,D,ineligible,,0.654386,,0,0.13871,1,0.86129,757,0,specific_days,9,headwind,deep_drawdown|deep_drawdown_rel_xbi,XS,ineligible,clinical_score:+26.9;financial_score:-26.5;momentum_score:-13.9,tier=D;reason=ineligible;cat_days=757;strength=far;decay_w=0.3,v1.3.0,31f399e0,0,deep_drawdown,0,,"{""burn_ttm"": 27591000.0, ""cash_total"": 28647000.0, ""dilution_risk"": null, ""has_revenue"": null, ""lead_phase"": null, ""runway_months"": 12.459280200065239, ""stage_bucket"": ""late"", ""surv_score"": ""-2.0"", ""tier1_count"": 2}",late|far_271_540|pos,0.00967575,,1.0428,0,1,1.2048,1.2306,2,2,buying,-0.3887,elite_2,0.0,0.0,0.0,,,0.0,0,0,0,True,False,True,far,0.3,adequate,>2000bps,2020.0,0.55,1,0,1.0,0,1.0,0,757,False,specific_days,-0.085368,price_history,,2,1.0289,price_history,,-0.779249,,35.4323,0.4900,-0.214608,-0.564641,late,micro,sev1,drug_developer,morningstar,,,,0,0.8825854541181999765009987076,31.10,45.56250000000000000000000000,58.0,90.00,71.937500000,18.58506944444444444444444444,71.1724,1.1575,3.0,239,16,1.0,0.0018,0,0,0.0,0.4,0.95,oncology,0.6955,highly_crowded,1.0,187,0.00967575,0.345614,-0.3972,26.33,0.535088,0.0881,2.193634,1.8459,0.0,0.0,0.34725,0.000484,0.0
ACRS,"Aclaris Therapeutics, Inc.",,,D,ineligible,D,ineligible,,0.345614,,0,0.06129,1,0.93871,,0,no_upcoming,9,headwind,high_vol|deep_drawdown|deep_drawdown_rel_xbi,XS,ineligible,financial_score:-38.5;clinical_score:+32.8;smart_money_score:+20.0,tier=D;reason=ineligible;cat_days=NA;strength=missing;decay_w=0.0,v1.3.0,31f399e0,0,deep_drawdown,0,,"{""burn_ttm"": 33982000.0, ""cash_total"": 25256000.0, ""dilution_risk"": null, ""has_revenue"": null, ""lead_phase"": null, ""runway_months"": 8.918603966805955, ""stage_bucket"": ""late"", ""surv_score"": ""-2.0"", ""tier1_count"": 3}",late|none|pos,0.03406975903614458,,1.0493,0,1,1.3891,1.4369,3,3,buying,0.0,elite_3,0.0,0.0,0.0,,,0.0,0,0,0,True,False,True,missing,0.0,short,<=2000bps,1385.71,0.7,1,0,1.0,0,1.0,0,,False,no_upcoming,-0.276072,price_history,,3,1.1285,price_history,,-0.670114,,31.3684,1.5686,-0.214608,-0.455506,late,small,sev2,drug_developer,morningstar,,,,0,0.8552912560808282399900212049,31.42,41.25000000000000000000000000,63.5,90.00,76.25000000000000000000000000,5,77.2297,1.4131,3.0,,15,1.0,2.4084,3,3,0.0,0.7,0.5,dermatology,-0.4844,uncrowded,1.0,99,0.03406975903614458,0.654386,0.3972,12.26,0.114035,-1.2053,2.580983,2.15535,0.0,0.0,0.42393,0.001703,0.0
DSGN,"Design Therapeutics, Inc.",,,D,ineligible,D,ineligible,,0.240351,,0,0.145161,1,0.854839,,0,no_upcoming,9,headwind,deep_drawdown|deep_drawdown_rel_xbi,XS,ineligible,momentum_score:-32.7;smart_money_score:+19.4;clinical_score:+19.0,tier=D;reason=ineligible;cat_days=NA;strength=missing;decay_w=0.0,v1.3.0,31f399e0,0,deep_drawdown,0,,"{""burn_ttm"": 42392000.0, ""cash_total"": 205970000.0, ""dilution_risk"": null, ""has_revenue"": null, ""lead_phase"": null, ""runway_months"": 58.30439705604831, ""stage_bucket"": ""early"", ""surv_score"": ""5.0"", ""tier1_count"": 4}",early|none|pos,0.0511918449197861,,-0.2607,0,1,1.1904,1.2145,4,4,buying,0.3887,elite_4,0.0,0.0,0.0,,,0.0,0,0,0,True,False,True,missing,0.0,adequate,<=2000bps,1688.6,0.7,1,0,1.0,0,1.0,0,,False,no_upcoming,-0.493561,price_history,,4,1.1774,price_history,,-0.859927,,31.6956,0.7359,-0.214608,-0.645319,early,small,none,drug_developer,morningstar,,,,0,0.7264303482587064676616915423,19.91,41.25000000000000000000000000,72.0,50,71.60000,58.33333333333333333333333333,70.4849,1.1285,1.0,,1,0.0,0.0,0,0,0.0,0.4,0.5,other,-1.1923,uncrowded,1.0,69,0.0511918449197861,0.759649,0.7052,48.49,0.935088,1.5148,0.34111,0.0,0.0,0.0,0.33855,0.00256,0.0
KYMR,"Kymera Therapeutics, Inc.",,,D,ineligible,D,ineligible,,0.587719,,0,0.209677,1,0.790323,,0,no_upcoming,9,headwind,deep_drawdown|deep_drawdown_rel_xbi,XS,ineligible,smart_money_score:+24.3;financial_score:-21.2;clinical_score:+19.3,tier=D;reason=ineligible;cat_days=NA;strength=missing;decay_w=0.0,v1.3.0,31f399e0,0,deep_drawdown,0,,"{""burn_ttm"": 232891000.0, ""cash_total"": 357011000.0, ""dilution_risk"": null, ""has_revenue"": null, ""lead_phase"": null, ""runway_months"": 18.39543820929104, ""stage_bucket"": ""mid"", ""surv_score"": ""3.0"", ""tier1_count"": 5}",mid|none|pos,0.021834,,0.2642,0,1,0.9494,0.9447,5,5,buying,0.7775,elite_5,0.0,0.0,0.0,,,0.0,0,0,0,True,False,True,missing,0.0,adequate,<=400bps,334.94,1.0,0,0,1.0,0,1.0,0,,False,no_upcoming,-0.18525,price_history,,5,1.0011,price_history,,-0.616,,35.0793,0.8541,-0.214608,-0.401392,mid,mid,none,drug_developer,morningstar,,,,0,0.8204026819484240687679083095,29.65,41.25000000000000000000000000,71.0,10.00,65.95744680851063829787234042,25.40968764146672702580353100,65.1924,0.9051,2.0,734,6,1.0,0.0141,0,0,0.0,0.4,0.95,oncology,0.6955,crowded,1.0,168,0.021834,0.412281,-0.2217,36.19,0.714035,0.5652,1.217322,0.9447,0.0,0.0,0.27153,0.001092,0.0
ALT,"Altimmune, Inc.",,,D,ineligible,D,ineligible,,0.359649,,0,0.119355,1,0.880645,,0,no_upcoming,9,headwind,deep_drawdown|deep_drawdown_rel_xbi,XS,ineligible,clinical_score:+18.4;financial_score:+16.4;momentum_score:-15.2,tier=D;reason=ineligible;cat_days=NA;strength=missing;decay_w=0.0,v1.3.0,31f399e0,0,deep_drawdown,0,,"{""burn_ttm"": 48087000.0, ""cash_total"": 210776000.0, ""dilution_risk"": null, ""has_revenue"": null, ""lead_phase"": null, ""runway_months"": 52.5986649198328, ""stage_bucket"": ""late"", ""surv_score"": ""5.0"", ""tier1_count"": 1}",late|none|pos,0.03406975903614458,,1.0461,0,1,1.2609,1.2934,1,1,selling,-0.7775,elite_1,0.0,0.0,0.0,,,0.0,0,0,0,True,False,True,missing,0.0,adequate,<=1000bps,696.34,0.85,1,0,1.0,0,1.0,0,,False,no_upcoming,-0.090956,price_history,,1,1.1269,price_history,,-0.850267,,45.7573,0.8891,-0.214608,-0.635659,late,small,none,drug_developer,morningstar,,,,0,0.8417039350405996252342286071,39.67,41.25000000000000000000000000,49.0,84.27,73.25000000000000000000000000,71.30434782608695652173913043,71.8766,1.1872,2.0,173,14,1.0,0.2451,0,1,0.0,0.4,0.55,metabolic,0.6955,highly_crowded,1.0,103,0.03406975903614458,0.640351,0.3594,40.72,0.784211,0.7865,2.297963,1.9401,0.0,0.0,0.35616,0.001703,0.0
IKT,"Inhibikase Therapeutics, Inc.",,,D,ineligible,D,ineligible,,0.254386,,0,0.170968,1,0.829032,,0,no_upcoming,9,headwind,deep_drawdown|deep_drawdown_rel_xbi,XS,ineligible,clinical_score:+31.2;momentum_score:-25.9;financial_score:-19.2,tier=D;reason=ineligible;cat_days=NA;strength=missing;decay_w=0.0,v1.3.0,31f399e0,0,deep_drawdown,0,,"{""burn_ttm"": 20270491.0, ""cash_total"": 39052511.0, ""dilution_risk"": null, ""has_revenue"": null, ""lead_phase"": null, ""runway_months"": 23.118834763301983, ""stage_bucket"": ""early"", ""surv_score"": ""4.0"", ""tier1_count"": 1}",early|none|pos,0.0511918449197861,,-1.4514,268,1,1.105,1.1189,1,1,selling,-0.7775,elite_1,0.0,0.0,0.0,,,0.0,0,0,0,True,False,True,missing,0.0,adequate,<=2000bps,1865.77,0.7,1,0,1.0,0,1.0,0,,False,no_upcoming,-0.755618,price_history,,1,-0.3668,price_history,,-0.838278,,26.1532,,-0.214608,-0.62367,early,micro,sev1,drug_developer,morningstar,,,,0,0.6056019144729996878576630944,12.49,41.25000000000000000000000000,49.5,50,69.60000000000000000000000000,19.25234567901234567901234568,67.7797,1.0143,1.0,268,1,0.0,0.0268,0,0,0.0,0.3,0.5,other,0.6955,highly_crowded,1.0,73,0.0511918449197861,0.745614,0.6608,30.98,0.629825,0.3314,0.30685,0.0,0.0,0.0,0.30429,0.00256,0.0
VYGR,"Voyager Therapeutics, Inc.",,,D,ineligible,D,ineligible,,0.970175,,0,0.125806,1,0.874194,451,0,specific_days,9,headwind,deep_drawdown|deep_drawdown_rel_xbi,XS,ineligible,clinical_score:+18.5;momentum_score:-9.3;catalyst_score:-8.7,tier=D;reason=ineligible;cat_days=451;strength=far;decay_w=0.3,v1.3.0,31f399e0,0,deep_drawdown,0,,"{""burn_ttm"": 102204000.0, ""cash_total"": 208930000.0, ""dilution_risk"": null, ""has_revenue"": null, ""lead_phase"": null, ""runway_months"": 24.530938123752495, ""stage_bucket"": ""early"", ""surv_score"": ""5.0"", ""tier1_count"": 1}",early|far_271_540|pos,-0.005173941176470589,,-0.259,0,1,1.2417,1.2719,1,1,selling,-0.7775,elite_1,0.0,0.0,0.0,,,0.0,0,0,0,True,False,True,far,0.3,adequate,>2000bps,2020.0,0.55,1,0,1.0,0,1.0,0,451,False,specific_days,-0.040902,price_history,,1,1.2293,price_history,,-0.470336,,36.0884,0.56,-0.214608,-0.255728,early,micro,none,drug_developer,morningstar,,,,0,0.8078380536626916524701873935,45.00,45.56250000000000000000000000,49.5,75.00,72.80000000000000000000000000,58.40000000000000000000000000,71.3349,1.1643,1.0,390,5,1.0,0.0155,0,0,0.0,0.4,0.6,cns,0.6955,highly_crowded,1.0,277,-0.005173941176470589,0.029825,-1.8834,51.93,0.980702,2.0685,0.349031,0.0,0.0,0.0,0.34929,-0.000259,0.0
SABS,"SAB Biotherapeutics, Inc.",,,D,ineligible,D,ineligible,,0.615789,,0,0.106452,1,0.893548,,0,no_upcoming,9,neutral,deep_drawdown|deep_drawdown_rel_xbi,XS,ineligible,clinical_score:+17.8;catalyst_score:-14.6;momentum_score:-7.8,tier=D;reason=ineligible;cat_days=NA;strength=missing;decay_w=0.0,v1.3.0,31f399e0,0,deep_drawdown,0,,"{""burn_ttm"": 27998784.0, ""cash_total"": 110880633.0, ""dilution_risk"": null, ""has_revenue"": null, ""lead_phase"": null, ""runway_months"": 47.52233511283919, ""stage_bucket"": ""mid"", ""surv_score"": ""5.0"", ""tier1_count"": 1}",mid|none|pos,0.021834,,0.2764,0,1,1.2766,1.3109,1,1,buying,-0.7775,elite_1,0.0,0.0,0.0,,,0.0,0,0,0,True,False,True,missing,0.0,adequate,>2000bps,2020.0,0.55,1,0,1.0,0,1.0,0,,False,no_upcoming,-0.306979,price_history,,1,-0.2853,price_history,,-0.472,,52.7669,,-0.214608,-0.257392,mid,micro,none,drug_developer,morningstar,,,,0,0.7639814207650273224043715847,48.06,41.25000000000000000000000000,55.5,87.84,73.61702127659574468085106383,60.85106382978723404255319149,72.152,1.1988,2.0,,4,1.0,0.0,0,0,0.0,0.4,0.55,infectious_disease,0.6955,highly_crowded,1.0,176,0.021834,0.384211,-0.2944,45.61,0.875439,1.1525,1.671632,1.3109,0.0,0.0,0.35964,0.001092,0.0
VKTX,"Viking Therapeutics, Inc.",,,D,ineligible,D,ineligible,,0.636842,,0,0.048387,1,0.951613,,0,no_upcoming,9,headwind,deep_drawdown|deep_drawdown_rel_xbi,XS,ineligible,financial_score:-34.0;clinical_score:+31.5;smart_money_score:+15.0,tier=D;reason=ineligible;cat_days=NA;strength=missing;decay_w=0.0,v1.3.0,31f399e0,0,deep_drawdown,0,,"{""burn_ttm"": 278685000.0, ""cash_total"": 165810000.0, ""dilution_risk"": null, ""has_revenue"": null, ""lead_phase"": null, ""runway_months"": 7.139673825286614, ""stage_bucket"": ""mid"", ""surv_score"": ""-2.0"", ""tier1_count"": 3}",mid|none|pos,0.021834,,0.2939,0,1,1.4211,1.4727,3,3,buying,0.0,elite_3,0.0,0.0,0.0,,,0.0,0,0,0,True,False,True,missing,0.0,short,<=400bps,319.17,1.0,0,0,1.0,0,1.0,0,,False,no_upcoming,-0.049916,price_history,,3,1.3933,price_history,,-0.526825,,40.1969,,-0.214608,-0.312217,mid,mid,sev2,drug_developer,morningstar,,,,0,0.7821440129449838187702265372,37.05,41.25000000000000000000000000,60.5,14.86,77.000,11.48081082440521100548262160,76.591,1.3861,2.0,112,5,1.0,0.7153,0,2,0.0,0.4,0.55,metabolic,-0.4844,uncrowded,1.0,182,0.021834,0.363158,-0.35,18.17,0.349123,-0.3877,1.889622,1.4727,0.0,0.0,0.41583,0.001092,0.0
DRUG,Bright Minds Biosciences Inc.,,,D,ineligible,D,ineligible,,0.236842,,0,0.074194,1,0.925806,,0,no_upcoming,9,headwind,deep_drawdown|deep_drawdown_rel_xbi,XS,ineligible,financial_score:-39.3;clinical_score:+31.7;smart_money_score:+22.2,tier=D;reason=ineligible;cat_days=NA;strength=missing;decay_w=0.0,v1.3.0,31f399e0,0,financials_missing|deep_drawdown,1,"cash_runway_lt_6m,survivability_critical","{""burn_ttm"": 0.0, ""cash_total"": 0.0, ""dilution_risk"": null, ""has_revenue"": null, ""lead_phase"": null, ""runway_months"": 0.0, ""stage_bucket"": ""early"", ""surv_score"": ""-5.0"", ""tier1_count"": 3}",early|none|pos,0.0511918449197861,,-0.2506,0,1,1.3784,1.4249,3,3,buying,0.0,elite_3,0.0,0.0,0.0,,,0.0,0,0,0,True,False,True,missing,0.0,critical,<=1000bps,819.19,0.85,1,0,1.0,0,1.0,0,,False,no_upcoming,-0.3404,price_history,,3,1.1028,price_history,,-0.744348,,33.0799,,-0.214608,-0.52974,early,unknown,sev2,drug_developer,morningstar,,,,0,0.6632225183140460770782460983,32.67,41.25000000000000000000000000,66.5,50,76.00000000000000000000000000,5,74.5349,1.2994,1.0,,1,0.0,0.0,0,0,0.0,0.4,0.5,other,0.6955,highly_crowded,1.0,68,0.0511918449197861,0.763158,0.7165,22.25,0.47193,-0.0704,0.39238,0.0,0.0,0.0,0.38982,0.00256,0.0
PRLD,Prelude Therapeutics Incorporated,,,D,ineligible,D,ineligible,,0.296491,,0,0.029032,1,0.970968,,0,no_upcoming,9,headwind,deep_drawdown|deep_drawdown_rel_xbi,XS,ineligible,clinical_score:+34.5;financial_score:-32.9;momentum_score:-18.8,tier=D;reason=ineligible;cat_days=NA;strength=missing;decay_w=0.0,v1.3.0,31f399e0,0,deep_drawdown,0,,"{""burn_ttm"": 79421000.0, ""cash_total"": 54957000.0, ""dilution_risk"": null, ""has_revenue"": null, ""lead_phase"": null, ""runway_months"": 8.303647649865905, ""stage_bucket"": ""early"", ""surv_score"": ""-2.0"", ""tier1_count"": 2}",early|none|pos,0.0511918449197861,,-0.2207,0,1,1.4211,1.4727,2,2,buying,-0.3887,elite_2,0.0,0.0,0.0,,,0.0,0,0,0,True,False,True,missing,0.0,short,>2000bps,2020.0,0.55,1,0,1.0,0,1.0,0,,False,no_upcoming,-0.314622,price_history,,2,0.7185,price_history,,-0.683529,,34.7162,,-0.214608,-0.468921,early,micro,sev2,drug_developer,morningstar,,,,0,0.7584115138592750533049040512,23.72,41.25000000000000000000000000,61.0,90.00,77.000,9.676049382716049382716049382,76.4909,1.3819,1.0,61,9,1.0,0.2844,1,0,0.0,0.3,0.85,oncology,0.6955,highly_crowded,1.0,85,0.0511918449197861,0.703509,0.5345,13.73,0.159649,-0.9959,0.41713,0.0,0.0,0.0,0.41457,0.00256,0.0
ENTA,"Enanta Pharmaceuticals, Inc.",,,D,ineligible,D,ineligible,,0.577193,,0,0.022581,1,0.977419,,0,no_upcoming,9,headwind,deep_drawdown|deep_drawdown_rel_xbi,XS,ineligible,clinical_score:+32.1;momentum_score:-24.1;financial_score:-15.1,tier=D;reason=ineligible;cat_days=NA;strength=missing;decay_w=0.0,v1.3.0,31f399e0,0,deep_drawdown,0,,"{""burn_ttm"": 11699000.0, ""cash_total"": 37437000.0, ""dilution_risk"": null, ""has_revenue"": null, ""lead_phase"": null, ""runway_months"": 38.40020514573895, ""stage_bucket"": ""mid"", ""surv_score"": ""5.0"", ""tier1_count"": 1}",mid|none|pos,0.021834,,0.3092,0,1,1.4211,1.4727,1,1,buying,-0.7775,elite_1,0.0,0.0,0.0,,,0.0,0,0,0,True,False,True,missing,0.0,adequate,<=2000bps,1593.49,0.7,1,0,1.0,0,1.0,0,,False,no_upcoming,-0.364397,price_history,,1,0.8373,price_history,,-0.819747,,25.4225,0.5086,-0.214608,-0.605139,mid,small,none,drug_developer,morningstar,,,,0,0.7644078130292424071355989613,20.76,41.25000000000000000000000000,55.5,90.00,77.000,29.75152155324178864242241336,76.2297,1.3709,2.0,318,20,1.0,0.0761,0,0,0.0,0.8,0.55,infectious_disease,-0.4844,uncrowded,1.0,165,0.021834,0.422807,-0.1947,37.20,0.735088,0.6283,1.885062,1.4727,0.0,0.0,0.41127,0.001092,0.0
ABOS,"Acumen Pharmaceuticals, Inc.",,,D,ineligible,D,ineligible,,0.215789,,0,0.003226,1,0.996774,,0,no_upcoming,9,neutral,high_beta|deep_drawdown|deep_drawdown_rel_xbi,XS,ineligible,financial_score:-32.0;clinical_score:+29.4;smart_money_score:+7.9,tier=D;reason=ineligible;cat_days=NA;strength=missing;decay_w=0.0,v1.3.0,31f399e0,0,deep_drawdown,0,,"{""burn_ttm"": 96442000.0, ""cash_total"": 126609000.0, ""dilution_risk"": null, ""has_revenue"": null, ""lead_phase"": null, ""runway_months"": 15.753592832998072, ""stage_bucket"": ""early"", ""surv_score"": ""1.0"", ""tier1_count"": 1}",early|none|pos,0.0511918449197861,,-0.2466,0,1,1.4211,1.4727,1,1,buying,-0.7775,elite_1,0.0,0.0,0.0,,,0.0,0,0,0,True,False,True,missing,0.0,short,>2000bps,2020.0,0.55,1,0,1.0,0,1.0,0,,False,no_upcoming,0.076907,price_history,,1,2.4291,price_history,,-0.562562,,33.2298,,-0.214608,-0.347954,early,micro,sev2,drug_developer,morningstar,,,,0,0.7056030047334842560197571517,48.67,41.25000000000000000000000000,55.5,50,77.000,15.54271604938271604938271605,75.5349,1.3416,1.0,,1,0.0,0.0,0,0,0.0,0.4,0.6,cns,0.6955,highly_crowded,1.0,62,0.0511918449197861,0.784211,0.7865,18.29,0.352632,-0.3782,0.40504,0.0,0.0,0.0,0.40248,0.00256,0.0
NVAX,"Novavax, Inc.",,,D,ineligible,,,D,0.510526,0.965385,1,,0,,,0,no_upcoming,9,headwind,deep_drawdown|deep_drawdown_rel_xbi,XS,ineligible,clinical_score:+17.9;financial_score:+17.9;catalyst_score:-17.8,tier=;reason=;cat_days=NA;strength=missing;decay_w=0.0,v1.3.0,31f399e0,0,deep_drawdown,0,,"{""burn_ttm"": 244635000.0, ""cash_total"": 735084000.0, ""dilution_risk"": null, ""has_revenue"": null, ""lead_phase"": null, ""runway_months"": 34.435271429798334, ""stage_bucket"": ""late"", ""surv_score"": ""4.0"", ""tier1_count"": 1}",late|none|pos,0.03406975903614458,75.294,1.0493,0,1,1.3993,1.4541,1,1,selling,-0.7775,elite_1,0.0,0.0,0.0,,,0.0,0,0,0,True,False,True,missing,0.0,adequate,<=1000bps,459.51,0.85,1,0,1.0,0,1.0,0,,False,no_upcoming,-0.014921,price_history,,1,1.091,price_history,,-0.695687,,50.5873,0.4814,-0.214608,-0.481079,late,small,none,commercial_biotech,morningstar,,,,0,0.9,45.72,41.25000000000000000000000000,54.5,90.00,77.000,77.000,77.6929,1.4327,3.0,36,23,1.0,4.4613,4,6,0.0,0.6,0.55,infectious_disease,0.2236,moderate,1.0,146,0.03406975903614458,0.489474,-0.0264,51.43,0.970175,1.8834,2.612663,2.18115,0.0,0.0,0.42981,0.001703,0.0
DNA,"Ginkgo Bioworks Holdings, Inc.",,,D,ineligible,,,D,0.931579,0.980769,1,,0,,12,1,specific_days,9,tailwind,high_beta|deep_drawdown|deep_drawdown_rel_xbi,XS,ineligible,financial_score:+15.8;catalyst_score:-15.4;clinical_score:+7.5,tier=;reason=;cat_days=12;strength=near;decay_w=1.0,v1.3.0,31f399e0,0,deep_drawdown,0,,"{""burn_ttm"": 123381000.0, ""cash_total"": 495484000.0, ""dilution_risk"": null, ""has_revenue"": null, ""lead_phase"": null, ""runway_months"": 48.19062902715977, ""stage_bucket"": ""late"", ""surv_score"": ""4.0"", ""tier1_count"": 1}",late|near_0_30|pos,-0.0009896862745098038,76.515826,1.0301,0,1,0.9496,0.987,1,1,neutral,-0.7775,elite_1,0.0,0.0,0.0,,,0.0,0,0,0,True,False,True,near,1.0,adequate,<=2000bps,1199.57,0.7,1,0,1.0,0,1.0,0,12,True,specific_days,0.069202,price_history,,1,1.8562,price_history,,-0.467492,,43.4341,0.7795,-0.214608,-0.252884,late,small,none,commercial_biotech,morningstar,,,,0,0.8332774580935701776332249187,55.84,44.00714711111111111111111111,55.0,90.00,66.87500000,75.21739130434782608695652174,68.625,1.05,3.0,12,799,1.0,4.3869,6,9,0.0286,0.8,0.95,oncology,0.6955,highly_crowded,1.0,266,-0.0009896862745098038,0.068421,-1.4877,40.98,0.787719,0.7985,1.795451,1.4805,0.0,0.0,0.315,-4.9e-05,0.0
EBS,Emergent BioSolutions Inc.,,,D,ineligible,,,D,0.426316,0.811538,1,,0,,,0,no_upcoming,9,headwind,deep_drawdown|deep_drawdown_rel_xbi,XS,ineligible,momentum_score:-35.2;clinical_score:+25.2;financial_score:+16.9,tier=;reason=;cat_days=NA;strength=missing;decay_w=0.0,v1.3.0,31f399e0,0,deep_drawdown,0,,"{""burn_ttm"": 0.0, ""cash_total"": 245500000.0, ""dilution_risk"": null, ""has_revenue"": null, ""lead_phase"": null, ""runway_months"": null, ""stage_bucket"": ""late"", ""surv_score"": ""-1.0"", ""tier1_count"": 1}",late|none|pos,0.03406975903614458,64.331043,1.0493,0,1,1.0854,1.1185,1,1,buying,-0.7775,elite_1,0.0,0.0,0.0,,,0.0,0,0,0,True,False,True,missing,0.0,adequate,<=2000bps,1186.43,0.7,1,0,1.0,0,1.0,0,,False,no_upcoming,-0.453436,price_history,,1,0.924,price_history,,-0.860606,,28.6954,1.0204,-0.214608,-0.645998,late,small,none,commercial_pharma,morningstar,,,,0,0.9,16.59,41.25000000000000000000000000,55.5,86.00,77.000,68.69565217391304347826086956,77.3251,1.4171,3.0,,48,1.0,0.4776,2,0,0.0,0.6,0.55,infectious_disease,-0.4844,uncrowded,1.0,122,0.03406975903614458,0.573684,0.1858,55.53,0.998246,2.9192,2.104583,1.67775,0.0,0.0,0.42513,0.001703,0.0
IRWD,"Ironwood Pharmaceuticals, Inc.",,,D,ineligible,,,D,0.475439,0.757692,1,,0,,,0,no_upcoming,9,tailwind,high_vol,XS,ineligible,catalyst_score:-18.1;clinical_score:+17.2;financial_score:+5.0,tier=;reason=;cat_days=NA;strength=missing;decay_w=0.0,v1.3.0,31f399e0,0,fundamental_red_flag,1,sponsor_absent_late_stage,"{""burn_ttm"": 0.0, ""cash_total"": 140407000.0, ""dilution_risk"": null, ""has_revenue"": null, ""lead_phase"": null, ""runway_months"": null, ""stage_bucket"": ""late"", ""surv_score"": ""2.0"", ""tier1_count"": 0}",late|none|pos,0.03406975903614458,59.859022,1.0493,0,1,1.0698,1.1016,0,0,neutral,-1.1662,,0.0,0.0,0.0,,,0.0,0,0,0,True,False,True,missing,0.0,adequate,<=1000bps,819.43,0.85,1,0,1.0,0,1.0,0,,False,no_upcoming,-0.015259,price_history,,0,0.3637,price_history,,-0.234076,,54.8327,1.2561,-0.214608,-0.019468,late,small,none,commercial_pharma,morningstar,,,,0,0.8509832103790384126176545408,55.34,41.25000000000000000000000000,,56.67,76.62500000000000000000000000,64.34782608695652173913043478,75.9729,1.3601,3.0,227,19,1.0,0.2654,0,0,0.0,0.9,0.55,metabolic,-0.4844,uncrowded,1.0,136,0.03406975903614458,0.524561,0.0616,39.10,0.766667,0.7279,2.062133,1.6524,0.0,0.0,0.40803,0.001703,0.0
AMPH,"Amphastar Pharmaceuticals, Inc.",,,D,ineligible,,,D,0.366667,0.896154,1,,0,,,0,no_upcoming,9,tailwind,,XS,ineligible,catalyst_score:-16.0;financial_score:+9.7;clinical_score:+8.5,tier=;reason=;cat_days=NA;strength=missing;decay_w=0.0,v1.3.0,31f399e0,0,fundamental_red_flag,1,sponsor_absent_late_stage,"{""burn_ttm"": 0.0, ""cash_total"": 276209000.0, ""dilution_risk"": null, ""has_revenue"": null, ""lead_phase"": null, ""runway_months"": null, ""stage_bucket"": ""late"", ""surv_score"": ""3.0"", ""tier1_count"": 0}",late|none|pos,0.03406975903614458,68.869935,1.024,0,1,0.6182,0.611,0,0,neutral,-1.1662,,0.0,0.0,0.0,,,0.0,0,0,0,True,False,True,missing,0.0,adequate,<=2000bps,1139.42,0.7,1,0,1.0,0,1.0,0,,False,no_upcoming,-0.108061,price_history,,0,0.2604,price_history,,-0.274,,45.8617,0.4149,-0.214608,-0.059392,late,small,none,commercial_pharma,morningstar,,,,0,0.9,54.87,41.25000000000000000000000000,,79.33,65.75000000000000000000000000,66.95652173913043478260869565,64.6297,0.8813,3.0,,11,1.0,0.0,0,0,0.0,0.6,0.5,respiratory,0.6955,highly_crowded,1.0,105,0.03406975903614458,0.633333,0.3407,49.42,0.942105,1.5727,1.182593,0.9165,0.0,0.0,0.26439,0.001703,0.0
HRMY,"Harmony Biosciences Holdings, I",,,D,ineligible,,,D,0.454386,0.988462,1,,0,,,0,no_upcoming,9,tailwind,deep_drawdown|deep_drawdown_rel_xbi,XS,ineligible,financial_score:+20.0;catalyst_score:-15.3;momentum_score:-2.1,tier=;reason=;cat_days=NA;strength=missing;decay_w=0.0,v1.3.0,31f399e0,0,deep_drawdown,0,,"{""burn_ttm"": 0.0, ""cash_total"": 775340000.0, ""dilution_risk"": null, ""has_revenue"": null, ""lead_phase"": null, ""runway_months"": null, ""stage_bucket"": ""late"", ""surv_score"": ""2.0"", ""tier1_count"": 3}",late|none|pos,0.03406975903614458,76.814783,0.9949,0,1,0.4665,0.4852,3,3,selling,0.0,elite_3,0.0,0.0,0.0,,,0.0,0,0,0,True,False,True,missing,0.0,adequate,<=1000bps,643.37,0.85,1,0,1.0,0,1.0,0,,False,no_upcoming,0.035373,price_history,,3,0.6711,price_history,,-0.467903,,39.7309,0.3158,-0.214608,-0.253295,late,small,none,commercial_biotech,morningstar,,,,0,0.9,54.40,41.25000000000000000000000000,54.5,90.00,56.00000000000000000000000000,76.52173913043478260869565217,56.7479,0.5487,3.0,726,7,1.0,1.0044,1,1,0.0,0.6,0.6,autoimmune,-0.4844,uncrowded,1.0,130,0.03406975903614458,0.545614,0.1146,49.51,0.949123,1.6364,0.894113,0.7278,0.0,0.0,0.16461,0.001703,0.0
SIGA,SIGA Technologies Inc.,,,D,ineligible,,,D,0.531579,0.926923,1,,0,,,0,no_upcoming,9,tailwind,deep_drawdown|overbought_rsi,XS,ineligible,catalyst_score:-15.0;momentum_score:+6.9;financial_score:+4.6,tier=;reason=;cat_days=NA;strength=missing;decay_w=0.0,v1.3.0,31f399e0,0,fundamental_red_flag,1,sponsor_absent_late_stage,"{""burn_ttm"": 0.0, ""cash_total"": 171955584.0, ""dilution_risk"": null, ""has_revenue"": null, ""lead_phase"": null, ""runway_months"": null, ""stage_bucket"": ""late"", ""surv_score"": ""2.0"", ""tier1_count"": 0}",late|none|pos,0.03406975903614458,71.521304,-0.2253,383,1,0.3691,0.3404,0,0,neutral,-1.1662,,0.0,0.0,0.0,,,0.0,0,0,0,True,False,True,missing,0.0,adequate,>2000bps,2020.0,0.55,1,0,1.0,0,1.0,0,,False,no_upcoming,0.177199,price_history,,0,0.7165,price_history,,-0.400146,,70.3635,0.5084,-0.214608,-0.185538,late,small,none,commercial_pharma,morningstar,,,,0,0.9,63.15,41.25000000000000000000000000,,90.00,59.75000000000000000000000000,60.86956521739130434782608695,58.2849,0.6136,3.0,360,6,1.0,0.0628,0,0,0.0,0.4,0.55,infectious_disease,0.6955,highly_crowded,1.0,152,0.03406975903614458,0.468421,-0.0792,44.98,0.864912,1.1027,0.696383,0.5106,0.0,0.0,0.18408,0.001703,0.0
EXEL,"Exelixis, Inc.",,,D,ineligible,,,D,0.433333,0.85,1,,0,,,0,no_upcoming,9,tailwind,,XS,ineligible,catalyst_score:-15.3;momentum_score:+10.9;clinical_score:+3.9,tier=;reason=;cat_days=NA;strength=missing;decay_w=0.0,v1.3.0,31f399e0,0,fundamental_red_flag,1,sponsor_absent_late_stage,"{""burn_ttm"": 0.0, ""cash_total"": 1059091000.0, ""dilution_risk"": null, ""has_revenue"": null, ""lead_phase"": null, ""runway_months"": null, ""stage_bucket"": ""late"", ""surv_score"": ""5.0"", ""tier1_count"": 0}",late|none|pos,0.03406975903614458,65.10625,1.0048,0,1,0.6664,0.6928,0,0,neutral,-1.1662,,0.0,0.0,0.0,,,0.0,0,0,0,True,False,True,missing,0.0,adequate,<=400bps,299.43,1.0,0,0,1.0,0,1.0,0,,False,no_upcoming,0.184091,price_history,,0,0.2433,price_history,,-0.022867,,56.2299,0.4304,-0.214608,0.191741,late,large,none,commercial_biotech,morningstar,,,,0,0.9,67.50,41.25000000000000000000000000,,74.00,60.50000000000000000000000000,57.12500000000000000000000000,61.2053,0.7368,3.0,196,80,1.0,1.9265,3,2,-0.0088,0.4,0.95,oncology,0.6955,highly_crowded,1.0,124,0.03406975903614458,0.566667,0.1679,41.18,0.791228,0.8107,1.261943,1.0392,0.0,0.0,0.22104,0.001703,0.0
PBYI,Puma Biotechnology Inc,,,D,ineligible,,,D,0.752632,0.911538,1,,0,,269,0,specific_days,9,headwind,deep_drawdown|deep_drawdown_rel_xbi,XS,ineligible,financial_score:+17.1;momentum_score:-12.3;catalyst_score:-6.9,tier=;reason=;cat_days=269;strength=far;decay_w=0.3,v1.3.0,31f399e0,0,deep_drawdown,0,,"{""burn_ttm"": 0.0, ""cash_total"": 94388000.0, ""dilution_risk"": null, ""has_revenue"": null, ""lead_phase"": null, ""runway_months"": null, ""stage_bucket"": ""late"", ""surv_score"": ""1.0"", ""tier1_count"": 1}",late|near_181_270|pos,0.0038268039215686275,70.3375,0.7732,0,1,0.2666,0.2776,1,1,buying,-0.7775,elite_1,0.0,0.0,0.0,,,0.0,0,0,0,True,False,True,far,0.3,adequate,>2000bps,2020.0,0.55,1,0,1.0,0,1.0,0,269,False,specific_days,-0.224375,price_history,,1,0.5261,price_history,,-0.521654,,17.0584,0.7739,-0.214608,-0.307046,late,micro,none,commercial_biotech,morningstar,,,,0,0.8365158154675047704568413963,40.14,45.56250000000000000000000000,55.5,88.67,51.50000000000000000000000000,69.50000000000000000000000000,51.344,0.3206,3.0,269,18,1.0,0.3772,0,0,0.0,0.5,0.95,oncology,0.6955,highly_crowded,1.0,215,0.0038268039215686275,0.247368,-0.6828,34.63,0.692982,0.5043,0.512771,0.4164,0.0,0.0,0.09618,0.000191,0.0
SNDX,"Syndax Pharmaceuticals, Inc.",,,D,ineligible,,,D,0.742105,0.619231,1,,0,,178,0,specific_days,9,headwind,deep_drawdown|deep_drawdown_rel_xbi,XS,ineligible,clinical_score:+20.0;momentum_score:-18.8;smart_money_score:+14.0,tier=;reason=;cat_days=178;strength=mid;decay_w=0.7,v1.3.0,31f399e0,0,fundamental_red_flag|deep_drawdown,1,"cash_runway_lt_6m,survivability_critical","{""burn_ttm"": 253492000.0, ""cash_total"": 435979000.0, ""dilution_risk"": null, ""has_revenue"": null, ""lead_phase"": null, ""runway_months"": 5.155381629400534, ""stage_bucket"": ""mid"", ""surv_score"": ""-5.0"", ""tier1_count"": 3}",mid|near_91_180|pos,0.004296113207547169,51.039633,0.2726,0,1,1.1356,1.1802,3,3,neutral,0.0,elite_3,0.0,0.0,0.0,,,0.0,0,0,0,True,False,True,mid,0.7,critical,<=1000bps,584.59,0.85,1,0,1.0,0,1.0,0,178,False,specific_days,-0.203473,price_history,,3,1.1758,price_history,,-0.559696,,24.9622,0.5965,-0.214608,-0.345088,mid,small,sev1,commercial_biotech,morningstar,,,,0,0.8340389741292417963937730989,32.19,45.56250000000000000000000000,65.0,74.32,71.06382978723404255319148936,41.31029626276344248277249635,71.6935,1.1795,2.0,123,34,1.0,1.2273,0,4,0.0,0.6,0.95,oncology,0.6955,highly_crowded,1.0,212,0.004296113207547169,0.257895,-0.6498,36.97,0.731579,0.6176,1.534265,1.1802,0.0,0.0,0.35385,0.000215,0.0
INVA,"Innoviva, Inc.",,,D,ineligible,,,D,0.124561,0.973077,1,,0,,,0,no_upcoming,9,tailwind,,XS,ineligible,financial_score:+16.2;catalyst_score:-13.0;clinical_score:-13.0,tier=;reason=;cat_days=NA;strength=missing;decay_w=0.0,v1.3.0,31f399e0,0,fundamental_red_flag,1,sponsor_absent_late_stage,"{""burn_ttm"": 0.0, ""cash_total"": 550941000.0, ""dilution_risk"": null, ""has_revenue"": null, ""lead_phase"": null, ""runway_months"": null, ""stage_bucket"": ""late"", ""surv_score"": ""2.0"", ""tier1_count"": 0}",late|none|nonpos,0.06036250933786078,76.017652,-0.2718,,0,-0.1887,-0.1953,0,0,neutral,-1.1662,,0.0,0.0,0.0,,,0.0,0,0,0,True,False,True,missing,0.0,adequate,<=1000bps,731.28,0.85,1,0,1.0,0,1.0,0,,False,no_upcoming,0.105406,price_history,,0,0.2311,price_history,,-0.038877,,61.6484,0.3385,-0.214608,0.175731,late,small,none,commercial_biotech,morningstar,,,,0,0.9,64.11,41.25000000000000000000000000,,90.00,41.25000000000000000000000000,70.43478260869565217391304348,40.1297,-0.1526,3.0,,4,0.0,0.0,0,0,0.0,0.3,0.95,oncology,0.6955,highly_crowded,1.0,36,0.06036250933786078,0.875439,1.1525,40.41,0.777193,0.7627,0.003018,0.0,0.0,0.0,0.0,0.003018,0.0
COLL,"Collegium Pharmaceutical, Inc.",,,D,ineligible,,,D,0.096491,0.957692,1,,0,,,0,no_upcoming,9,tailwind,,XS,ineligible,clinical_score:-34.1;financial_score:+21.9;momentum_score:+16.8,tier=;reason=;cat_days=NA;strength=missing;decay_w=0.0,v1.3.0,31f399e0,0,fundamental_red_flag,1,sponsor_absent_late_stage,"{""burn_ttm"": 0.0, ""cash_total"": 386679000.0, ""dilution_risk"": null, ""has_revenue"": null, ""lead_phase"": null, ""runway_months"": null, ""stage_bucket"": ""late"", ""surv_score"": ""3.0"", ""tier1_count"": 0}",late|none|nonpos,0.06036250933786078,74.569739,-0.3222,,0,-1.6224,-1.823,0,0,neutral,-1.1662,,0.0,0.0,0.0,,,0.0,0,0,0,True,False,True,missing,0.0,adequate,<=1000bps,731.17,0.85,1,0,1.0,0,1.0,0,,False,no_upcoming,0.130527,price_history,,0,0.1285,price_history,,-0.210174,,57.2966,0.4474,-0.214608,0.004434,late,small,none,commercial_pharma,morningstar,,,,0,0.9,62.74,41.25000000000000000000000000,,90.00,11.79340277777777777777777778,67.82608695652173913043478261,10.6783,-1.3956,3.0,,2,0.0,0.0,0,0,0.0,0.4,0.5,other,-1.4283,uncrowded,1.0,28,0.06036250933786078,0.903509,1.3018,25.01,0.510526,0.0264,0.003018,0.0,0.0,0.0,0.0,0.003018,0.0
KROS,"Keros Therapeutics, Inc.",,,D,ineligible,,,D,0.710526,0.95,1,,0,,,0,no_upcoming,9,headwind,deep_drawdown|deep_drawdown_rel_xbi,XS,ineligible,clinical_score:-36.2;financial_score:+28.5;smart_money_score:+18.3,tier=;reason=;cat_days=NA;strength=missing;decay_w=0.0,v1.3.0,31f399e0,0,deep_drawdown,0,,"{""burn_ttm"": 0.0, ""cash_total"": 693472000.0, ""dilution_risk"": null, ""has_revenue"": null, ""lead_phase"": null, ""runway_months"": null, ""stage_bucket"": ""mid"", ""surv_score"": ""5.0"", ""tier1_count"": 4}",mid|none|nonpos,0.004395499999999999,74.488596,-1.0554,516,1,-1.511,-1.5687,4,4,buying,0.3887,elite_4,0.0,0.0,0.0,,,0.0,0,0,0,True,False,True,missing,0.0,adequate,<=2000bps,1232.31,0.7,1,0,1.0,0,1.0,0,,False,no_upcoming,-0.045838,price_history,,4,1.2603,price_history,,-0.477916,,37.4423,0.4961,-0.214608,-0.263308,mid,small,none,commercial_biotech,morningstar,,,,0,0.8214679515912147019273868221,43.56,41.25000000000000000000000000,66.0,90.00,11.48081082440521100548262160,76.17021276595744680851063830,10.3658,-1.4088,2.0,516,2,0.3333,0.0167,0,0,0.0,0.4,0.5,respiratory,-0.4844,uncrowded,1.0,203,0.004395499999999999,0.289474,-0.5549,22.54,0.478947,-0.0528,0.00022,0.0,0.0,0.0,0.0,0.00022,0.0
RIGL,"Rigel Pharmaceuticals, Inc.",,,D,ineligible,,,D,0.924561,0.826923,1,,0,,178,0,specific_days,9,headwind,deep_drawdown|deep_drawdown_rel_xbi,XS,ineligible,financial_score:+7.9;catalyst_score:-6.6;momentum_score:-6.3,tier=;reason=;cat_days=178;strength=mid;decay_w=0.7,v1.3.0,31f399e0,0,deep_drawdown,0,,"{""burn_ttm"": 0.0, ""cash_total"": 137143000.0, ""dilution_risk"": null, ""has_revenue"": null, ""lead_phase"": null, ""runway_months"": null, ""stage_bucket"": ""late"", ""surv_score"": ""1.0"", ""tier1_count"": 1}",late|near_91_180|pos,0.0005635555555555555,64.3905,0.7767,0,1,0.3666,0.3814,1,1,buying,-0.7775,elite_1,0.0,0.0,0.0,,,0.0,0,0,0,True,False,True,mid,0.7,adequate,<=1000bps,815.97,0.85,1,0,1.0,0,1.0,0,178,False,specific_days,-0.006381,price_history,,1,1.4623,price_history,,-0.49,,39.5918,0.9981,-0.214608,-0.275392,late,small,none,commercial_biotech,morningstar,,,,0,0.8465545465156997782187463523,45.78,45.56250000000000000000000000,55.5,80.67,53.75000000000000000000000000,60.00000000000000000000000000,53.1969,0.3988,3.0,178,18,1.0,0.3412,0,1,0.0,0.8,0.6,autoimmune,-0.4844,uncrowded,1.0,264,0.0005635555555555555,0.075439,-1.4364,41.91,0.826316,0.9397,0.691768,0.5721,0.0,0.0,0.11964,2.8e-05,0.0
ARVN,"Arvinas, Inc.",,,D,ineligible,,,D,0.04386,0.942308,1,,0,,,0,no_upcoming,9,headwind,deep_drawdown|deep_drawdown_rel_xbi,XS,ineligible,financial_score:+26.1;clinical_score:-20.8;smart_money_score:+15.1,tier=;reason=;cat_days=NA;strength=missing;decay_w=0.0,v1.3.0,31f399e0,0,deep_drawdown,0,,"{""burn_ttm"": 273800000.0, ""cash_total"": 685400000.0, ""dilution_risk"": null, ""has_revenue"": null, ""lead_phase"": null, ""runway_months"": 30.030679327976625, ""stage_bucket"": ""late"", ""surv_score"": ""5.0"", ""tier1_count"": 4}",late|none|nonpos,0.06036250933786078,74.152,0.7493,0,1,-0.6868,-0.7127,4,4,buying,0.3887,elite_4,0.0,0.0,0.0,,,0.0,0,0,0,True,False,True,missing,0.0,adequate,<=1000bps,932.46,0.85,1,0,1.0,0,1.0,0,,False,no_upcoming,-0.078684,price_history,,4,0.9947,price_history,,-0.666492,,29.8454,0.6174,-0.214608,-0.451884,late,small,none,commercial_biotech,morningstar,,,,0,0.8141042154566744730679156909,40.01,41.25000000000000000000000000,66.0,90.00,30.03515625000000000000000000,77.000,29.8505,-0.5865,3.0,483,6,1.0,0.5327,1,0,0.0,0.3,0.95,oncology,0.6955,highly_crowded,1.0,13,0.06036250933786078,0.95614,1.7076,22.58,0.482456,-0.044,0.003018,0.0,0.0,0.0,0.0,0.003018,0.0
HALO,"Halozyme Therapeutics, Inc.",,,D,ineligible,,,D,0.450877,0.573077,1,,0,,,0,no_upcoming,9,tailwind,deep_drawdown,XS,ineligible,clinical_score:+20.1;financial_score:-17.6;catalyst_score:-10.0,tier=;reason=;cat_days=NA;strength=missing;decay_w=0.0,v1.3.0,31f399e0,0,fundamental_red_flag,1,sponsor_absent_late_stage,"{""burn_ttm"": 0.0, ""cash_total"": 133820000.0, ""dilution_risk"": null, ""has_revenue"": null, ""lead_phase"": null, ""runway_months"": null, ""stage_bucket"": ""late"", ""surv_score"": ""-1.0"", ""tier1_count"": 0}",late|none|pos,0.03406975903614458,48.567284,1.041,0,1,1.1494,1.1946,0,0,neutral,-1.1662,,0.0,0.0,0.0,,,0.0,0,0,0,True,False,True,missing,0.0,adequate,<=400bps,268.65,1.0,0,0,1.0,0,1.0,0,,False,no_upcoming,0.030122,price_history,,0,0.5414,price_history,,-0.372981,,36.6635,0.2835,-0.214608,-0.158373,late,mid,none,commercial_biotech,morningstar,,,,0,0.9,58.75,41.25000000000000000000000000,,62.00,71.37500000000000000000000000,33.59396433470507544581618656,71.4411,1.1688,3.0,,29,1.0,0.1889,1,0,0.0,0.7,0.95,oncology,0.6955,highly_crowded,1.0,129,0.03406975903614458,0.549123,0.1234,34.82,0.696491,0.5143,2.144243,1.7919,0.0,0.0,0.35064,0.001703,0.0
VNDA,Vanda Pharmaceuticals Inc.,,,D,ineligible,,,D,0.55614,0.519231,1,,0,,,0,no_upcoming,9,headwind,deep_drawdown|deep_drawdown_rel_xbi,XS,ineligible,financial_score:-29.7;clinical_score:+29.5;smart_money_score:+7.2,tier=;reason=;cat_days=NA;strength=missing;decay_w=0.0,v1.3.0,31f399e0,0,deep_drawdown,0,,"{""burn_ttm"": 109442000.0, ""cash_total"": 84851000.0, ""dilution_risk"": null, ""has_revenue"": null, ""lead_phase"": null, ""runway_months"": 9.303667696131285, ""stage_bucket"": ""late"", ""surv_score"": ""-3.0"", ""tier1_count"": 1}",late|none|pos,0.03406975903614458,46.949958,1.0493,0,1,1.2994,1.3503,1,1,neutral,-0.7775,elite_1,0.0,0.0,0.0,,,0.0,0,0,0,True,False,True,missing,0.0,short,<=1000bps,634.63,0.85,1,0,1.0,0,1.0,0,,False,no_upcoming,-0.172642,price_history,,1,0.4613,price_history,,-0.582117,,47.165,1.0382,-0.214608,-0.367509,late,small,sev2,commercial_biotech,morningstar,,,,0,0.8839970836435840158848349466,42.16,41.25000000000000000000000000,52.5,90.00,74.75000000000000000000000000,15.59546313799621928166351607,75.0981,1.3231,3.0,125,39,1.0,1.7972,2,2,0.0,0.4,0.6,cns,0.2236,moderate,1.0,159,0.03406975903614458,0.44386,-0.1412,15.37,0.222807,-0.7627,2.424083,2.02545,0.0,0.0,0.39693,0.001703,0.0
PTCT,"PTC Therapeutics, Inc.",,,D,ineligible,,,D,0.163158,0.888462,1,,0,,,0,no_upcoming,9,headwind,deep_drawdown|deep_drawdown_rel_xbi,XS,ineligible,momentum_score:-28.4;financial_score:+26.9;smart_money_score:+21.4,tier=;reason=;cat_days=NA;strength=missing;decay_w=0.0,v1.3.0,31f399e0,0,deep_drawdown,0,,"{""burn_ttm"": 0.0, ""cash_total"": 1945371000.0, ""dilution_risk"": null, ""has_revenue"": null, ""lead_phase"": null, ""runway_months"": null, ""stage_bucket"": ""late"", ""surv_score"": ""3.0"", ""tier1_count"": 5}",late|none|nonpos,0.06036250933786078,68.1675,0.7601,0,1,-0.2824,-0.2926,5,5,buying,0.7775,elite_5,0.0,0.0,0.0,,,0.0,0,0,0,True,False,True,missing,0.0,adequate,<=400bps,343.08,1.0,0,0,1.0,0,1.0,0,,False,no_upcoming,-0.235038,price_history,,5,1.5135,price_history,,-0.634518,,26.6596,0.3495,-0.214608,-0.41991,late,mid,none,commercial_biotech,morningstar,,,,0,0.8992316505549588256355173648,21.76,41.25000000000000000000000000,71.5,83.33,39.14062500000000000000000000,77.000,40.6091,-0.1324,3.0,328,39,1.0,1.7807,2,2,0.0139,0.4,0.95,oncology,0.2236,moderate,1.0,47,0.06036250933786078,0.836842,0.9816,37.70,0.749123,0.6717,0.003018,0.0,0.0,0.0,0.0,0.003018,0.0
BIIB,Biogen Inc.,,,D,ineligible,,,D,0.650877,0.542308,1,,0,,348,0,specific_days,9,tailwind,,XS,ineligible,financial_score:-21.3;clinical_score:+15.4;smart_money_score:+14.2,tier=;reason=;cat_days=348;strength=far;decay_w=0.3,v1.3.0,31f399e0,0,financials_missing,1,"cash_runway_lt_6m,survivability_critical","{""burn_ttm"": 0.0, ""cash_total"": 0.0, ""dilution_risk"": null, ""has_revenue"": null, ""lead_phase"": null, ""runway_months"": 0.0, ""stage_bucket"": ""late"", ""surv_score"": ""-5.0"", ""tier1_count"": 5}",late|far_271_540|pos,0.00967575,47.6395,1.0389,0,1,0.7817,0.7887,5,5,buying,0.7775,elite_5,0.0,0.0,0.0,,,0.0,0,0,0,True,False,True,far,0.3,critical,<=400bps,177.15,1.0,0,0,1.0,0,1.0,0,348,False,specific_days,-0.011862,price_history,,5,0.2795,price_history,,-0.172326,,56.3236,0.3103,-0.214608,0.042282,late,large,none,commercial_pharma,morningstar,,,,0,0.8253604890604890604890604891,54.66,45.56250000000000000000000000,68.5,62.45,69.68750000000000000000000000,33.00000000000000000000000000,70.8814,1.1452,3.0,3,355,1.0,2.395,1,4,0.0016,0.8,0.95,oncology,0.6955,highly_crowded,1.0,186,0.00967575,0.349123,-0.3877,31.62,0.647368,0.3782,1.527094,1.18305,0.0,0.0,0.34356,0.000484,0.0
IONS,"Ionis Pharmaceuticals, Inc.",,,D,ineligible,,,D,0.47193,0.665385,1,,0,,,0,no_upcoming,9,tailwind,,XS,ineligible,catalyst_score:-19.3;financial_score:+11.2;momentum_score:+9.2,tier=;reason=;cat_days=NA;strength=missing;decay_w=0.0,v1.3.0,31f399e0,0,fundamental_red_flag,1,sponsor_absent_late_stage,"{""burn_ttm"": 130874000.0, ""cash_total"": 2240171000.0, ""dilution_risk"": null, ""has_revenue"": null, ""lead_phase"": null, ""runway_months"": 187.5823540904904, ""stage_bucket"": ""late"", ""surv_score"": ""3.0"", ""tier1_count"": 0}",late|none|pos,0.03406975903614458,54.2335,0.7914,0,1,0.6164,0.6409,0,0,neutral,-1.1662,,0.0,0.0,0.0,,,0.0,0,0,0,True,False,True,missing,0.0,adequate,<=400bps,247.51,1.0,0,0,1.0,0,1.0,0,,False,no_upcoming,0.255322,price_history,,0,1.1419,price_history,,-0.015701,,63.3384,0.2985,-0.214608,0.198907,late,large,none,commercial_biotech,morningstar,,,,0,0.9,69.76,41.25000000000000000000000000,,22.84,59.37500000000000000000000000,71.75000000000000000000000000,60.0679,0.6888,3.0,11,85,1.0,4.2569,3,5,0.0,0.5,0.55,metabolic,0.2236,moderate,1.0,135,0.03406975903614458,0.52807,0.0704,47.14,0.907018,1.3226,1.169693,0.96135,0.0,0.0,0.20664,0.001703,0.0
AQST,"Aquestive Therapeutics, Inc.",,,D,ineligible,,,D,0.040351,0.834615,1,,0,,,0,no_upcoming,9,neutral,deep_drawdown|deep_drawdown_rel_xbi,XS,ineligible,clinical_score:-27.7;smart_money_score:+22.2;financial_score:+12.8,tier=;reason=;cat_days=NA;strength=missing;decay_w=0.0,v1.3.0,31f399e0,0,deep_drawdown,0,,"{""burn_ttm"": 43963000.0, ""cash_total"": 129063000.0, ""dilution_risk"": null, ""has_revenue"": null, ""lead_phase"": null, ""runway_months"": 35.22862407024088, ""stage_bucket"": ""late"", ""surv_score"": ""0.0"", ""tier1_count"": 4}",late|none|nonpos,0.06036250933786078,64.701413,0.7338,0,1,-1.1916,-1.355,4,4,buying,0.3887,elite_4,0.0,0.0,0.0,,,0.0,0,0,0,True,False,True,missing,0.0,adequate,<=1000bps,726.16,0.85,1,0,1.0,0,1.0,0,,False,no_upcoming,-0.062613,price_history,,4,0.8598,price_history,,-0.465863,,33.5504,0.9486,-0.214608,-0.251255,late,small,none,commercial_pharma,morningstar,,,,0,0.8092350046860356138706654171,51.09,41.25000000000000000000000000,72.0,75.17,22.16840277777777777777777778,62.60869565217391304347826087,20.3481,-0.9875,3.0,,4,1.0,0.0,0,0,0.0,0.3,0.6,cns,0.6955,highly_crowded,1.0,12,0.06036250933786078,0.959649,1.7466,20.58,0.415789,-0.2127,0.003018,0.0,0.0,0.0,0.0,0.003018,0.0
PCRX,"Pacira BioSciences, Inc.",,,D,ineligible,,,D,0.861404,0.819231,1,,0,,,0,no_upcoming,9,headwind,deep_drawdown|deep_drawdown_rel_xbi,XS,ineligible,clinical_score:-24.5;financial_score:+20.0;momentum_score:+3.3,tier=;reason=;cat_days=NA;strength=missing;decay_w=0.0,v1.3.0,31f399e0,0,deep_drawdown,0,,"{""burn_ttm"": 0.0, ""cash_total"": 246334000.0, ""dilution_risk"": null, ""has_revenue"": null, ""lead_phase"": null, ""runway_months"": null, ""stage_bucket"": ""early"", ""surv_score"": ""-1.0"", ""tier1_count"": 0}",early|none|nonpos,0.003309939393939394,64.376,-1.777,,0,-1.4668,-1.6539,0,0,neutral,-1.1662,,0.0,0.0,0.0,,,0.0,0,0,0,True,False,True,missing,0.0,adequate,<=1000bps,713.74,0.85,1,0,1.0,0,1.0,0,,False,no_upcoming,-0.167149,price_history,,0,0.2249,price_history,,-0.481288,,32.9831,0.3370,-0.214608,-0.26668,early,small,sev1,commercial_pharma,morningstar,,,,0,0.7292754808755250939641830643,43.38,41.25000000000000000000000000,,82.00,15.54271604938271604938271605,60.00000000000000000000000000,14.1427,-1.2494,,,,,0.0,0,0,,0.0,0.5,other,-3.552,uncrowded,1.0,246,0.003309939393939394,0.138596,-1.0866,18.72,0.377193,-0.3129,0.000165,0.0,0.0,0.0,0.0,0.000165,0.0
DAWN,"Day One Biopharmaceuticals, Inc.",,,D,ineligible,,,D,0.103509,0.780769,1,,0,,,0,no_upcoming,9,tailwind,deep_drawdown|deep_drawdown_rel_xbi,XS,ineligible,clinical_score:-38.2;financial_score:+29.2;momentum_score:+8.4,tier=;reason=;cat_days=NA;strength=missing;decay_w=0.0,v1.3.0,31f399e0,0,deep_drawdown,0,,"{""burn_ttm"": 103757000.0, ""cash_total"": 441113000.0, ""dilution_risk"": null, ""has_revenue"": null, ""lead_phase"": null, ""runway_months"": 51.01685669400619, ""stage_bucket"": ""late"", ""surv_score"": ""4.0"", ""tier1_count"": 1}",late|none|nonpos,0.06036250933786078,61.4475,-0.4847,276,1,-1.5927,-1.6536,1,1,neutral,-0.7775,elite_1,0.0,0.0,0.0,,,0.0,0,0,0,True,False,True,missing,0.0,adequate,<=1000bps,612.55,0.85,1,0,1.0,0,1.0,0,,False,no_upcoming,0.148117,price_history,,1,0.8592,price_history,,-0.479282,,39.4719,0.8040,-0.214608,-0.264674,late,small,none,commercial_biotech,morningstar,,,,0,0.8368762205092268161644475590,56.27,41.25000000000000000000000000,55.0,44.41,9.640625000000000000000000000,77.000,8.9406,-1.4689,3.0,849,6,1.0,0.1019,0,0,0.1667,0.3,0.95,oncology,0.6955,highly_crowded,1.0,30,0.06036250933786078,0.896491,1.2618,18.13,0.345614,-0.3972,0.003018,0.0,0.0,0.0,0.0,0.003018,0.0
ARDX,"Ardelyx, Inc.",,,D,ineligible,,,D,0.384211,0.357692,1,,0,,,0,no_upcoming,9,tailwind,high_beta,XS,ineligible,financial_score:-26.1;clinical_score:+25.6;catalyst_score:-10.2,tier=;reason=;cat_days=NA;strength=missing;decay_w=0.0,v1.3.0,31f399e0,0,fundamental_red_flag,1,survivability_critical,"{""burn_ttm"": 42483000.0, ""cash_total"": 67999000.0, ""dilution_risk"": null, ""has_revenue"": null, ""lead_phase"": null, ""runway_months"": 19.207400607301743, ""stage_bucket"": ""late"", ""surv_score"": ""-4.0"", ""tier1_count"": 1}",late|none|pos,0.03406975903614458,43.005807,1.0493,0,1,1.3993,1.4541,1,1,buying,-0.7775,elite_1,0.0,0.0,0.0,,,0.0,0,0,0,True,False,True,missing,0.0,adequate,<=1000bps,582.84,0.85,1,0,1.0,0,1.0,0,,False,no_upcoming,0.416544,price_history,,1,1.808,price_history,,-0.19798,,45.835,0.8641,-0.214608,0.016628,late,small,none,commercial_biotech,morningstar,,,,0,0.8854376442844731289561871664,58.00,41.25000000000000000000000000,55.5,57.22,77.000,25.28623771849984830451119045,76.2297,1.3709,3.0,969,14,1.0,0.0005,0,0,0.0,0.6,0.55,metabolic,-0.4844,uncrowded,1.0,110,0.03406975903614458,0.615789,0.2944,34.09,0.685965,0.4844,2.594123,2.18115,0.0,0.0,0.41127,0.001703,0.0
BEAM,Beam Therapeutics Inc.,,,D,ineligible,,,D,0.773684,0.742308,1,,0,,,0,no_upcoming,9,headwind,deep_drawdown|deep_drawdown_rel_xbi,XS,ineligible,financial_score:+24.0;momentum_score:-16.7;smart_money_score:+13.0,tier=;reason=;cat_days=NA;strength=missing;decay_w=0.0,v1.3.0,31f399e0,0,deep_drawdown,0,,"{""burn_ttm"": 345102000.0, ""cash_total"": 1245210000.0, ""dilution_risk"": null, ""has_revenue"": null, ""lead_phase"": null, ""runway_months"": 43.29885077455361, ""stage_bucket"": ""early"", ""surv_score"": ""5.0"", ""tier1_count"": 4}",early|none|nonpos,0.003309939393939394,59.412,-1.5865,1152,1,-0.0444,-0.0455,4,4,buying,0.3887,elite_4,0.0,0.0,0.0,,,0.0,0,0,0,True,False,True,missing,0.0,adequate,<=1000bps,448.95,0.85,1,0,1.0,0,1.0,0,,False,no_upcoming,-0.124019,price_history,,4,1.4159,price_history,,-0.582587,,36.6317,0.7330,-0.214608,-0.367979,early,mid,none,commercial_biotech,morningstar,,,,0,0.7750354771351012737523491334,36.31,41.25000000000000000000000000,66.0,50,44.49679012345679012345679012,77.000,43.3765,-0.0156,1.0,1152,2,0.3333,0.0,0,0,0.0,0.3,0.85,oncology,0.6955,highly_crowded,1.0,221,0.003309939393939394,0.226316,-0.751,41.50,0.801754,0.8479,0.000165,0.0,0.0,0.0,0.0,0.000165,0.0
AMRX,"Amneal Pharmaceuticals, Inc.",,,D,ineligible,,,D,0.370175,0.642308,1,,0,,,0,no_upcoming,9,tailwind,,XS,ineligible,momentum_score:+38.0;catalyst_score:-17.3;financial_score:-15.1,tier=;reason=;cat_days=NA;strength=missing;decay_w=0.0,v1.3.0,31f399e0,0,fundamental_red_flag,1,sponsor_absent_late_stage,"{""burn_ttm"": 0.0, ""cash_total"": 201249000.0, ""dilution_risk"": null, ""has_revenue"": null, ""lead_phase"": null, ""runway_months"": null, ""stage_bucket"": ""late"", ""surv_score"": ""1.0"", ""tier1_count"": 0}",late|none|pos,0.03406975903614458,52.637228,0.7758,0,1,0.0887,0.0359,0,0,neutral,-1.1662,,0.0,0.0,0.0,,,0.0,0,0,0,True,False,True,missing,0.0,adequate,<=1000bps,544.86,0.85,1,0,1.0,0,1.0,0,,False,no_upcoming,0.35456,price_history,,0,-0.1614,price_history,,-0.087146,,52.513,0.3236,-0.214608,0.127462,late,mid,none,commercial_pharma,morningstar,,,,0,0.9,96.55,41.25000000000000000000000000,,39.33,53.00000000000000000000000000,43.47050754458161865569272976,51.5349,0.3287,3.0,,13,1.0,0.0,0,0,0.0,0.4,0.6,autoimmune,0.6955,highly_crowded,1.0,106,0.03406975903614458,0.629825,0.3314,36.83,0.724561,0.5964,0.154163,0.05385,0.0,0.0,0.09861,0.001703,0.0
MNKD,MannKind Corporation,,,D,ineligible,,,D,0.5,0.280769,1,,0,,,0,no_upcoming,9,tailwind,,XS,ineligible,clinical_score:+19.5;catalyst_score:-14.7;financial_score:-4.7,tier=;reason=;cat_days=NA;strength=missing;decay_w=0.0,v1.3.0,31f399e0,0,fundamental_red_flag,1,sponsor_absent_late_stage,"{""burn_ttm"": 0.0, ""cash_total"": 171346000.0, ""dilution_risk"": null, ""has_revenue"": null, ""lead_phase"": null, ""runway_months"": null, ""stage_bucket"": ""late"", ""surv_score"": ""1.0"", ""tier1_count"": 0}",late|none|pos,0.03406975903614458,39.630457,1.0493,0,1,1.3327,1.3849,0,0,neutral,-1.1662,,0.0,0.0,0.0,,,0.0,0,0,0,True,False,True,missing,0.0,adequate,<=1000bps,820.88,0.85,1,0,1.0,0,1.0,0,,False,no_upcoming,0.076766,price_history,,0,0.8606,price_history,,-0.287744,,39.2522,0.4616,-0.214608,-0.073136,late,small,none,commercial_biotech,morningstar,,,,0,0.9,55.89,41.25000000000000000000000000,,15.33,75.50000000000000000000000000,51.30434782608695652173913043,74.3797,1.2928,3.0,172,19,1.0,0.0728,0,0,0.0,0.8,0.5,respiratory,0.6955,highly_crowded,1.0,143,0.03406975903614458,0.5,0.0,45.62,0.878947,1.1697,2.466893,2.07735,0.0,0.0,0.38784,0.001703,0.0
VCEL,Vericel Corporation,,,D,ineligible,,,D,0.552632,0.326923,1,,0,,,0,no_upcoming,9,tailwind,,XS,ineligible,clinical_score:+18.5;financial_score:-13.2;catalyst_score:-11.1,tier=;reason=;cat_days=NA;strength=missing;decay_w=0.0,v1.3.0,31f399e0,0,fundamental_red_flag,1,sponsor_absent_late_stage,"{""burn_ttm"": 0.0, ""cash_total"": 137499000.0, ""dilution_risk"": null, ""has_revenue"": null, ""lead_phase"": null, ""runway_months"": null, ""stage_bucket"": ""late"", ""surv_score"": ""1.0"", ""tier1_count"": 0}",late|none|pos,0.03406975903614458,42.039027,1.0402,0,1,1.1245,1.1686,0,0,neutral,-1.1662,,0.0,0.0,0.0,,,0.0,0,0,0,True,False,True,missing,0.0,adequate,<=1000bps,731.33,0.85,1,0,1.0,0,1.0,0,,False,no_upcoming,-0.028045,price_history,,0,0.6518,price_history,,-0.131465,,51.1761,0.4807,-0.214608,0.083143,late,small,none,commercial_biotech,morningstar,,,,0,0.9,58.07,41.25000000000000000000000000,,36.67,70.81250000000000000000000000,39.09006044481784872459100562,69.6974,1.0952,3.0,1334,10,1.0,0.0,0,0,0.0,0.4,0.5,other,-1.1923,uncrowded,1.0,158,0.03406975903614458,0.447368,-0.1323,41.76,0.812281,0.8863,2.083163,1.7529,0.0,0.0,0.32856,0.001703,0.0
EOLS,"Evolus, Inc. Common Stock",,,D,ineligible,,,D,0.107018,0.596154,1,,0,,,0,no_upcoming,9,tailwind,,XS,ineligible,financial_score:-26.7;momentum_score:+25.8;clinical_score:-8.5,tier=;reason=;cat_days=NA;strength=missing;decay_w=0.0,v1.3.0,31f399e0,0,fundamental_red_flag,1,survivability_critical,"{""burn_ttm"": 55092000.0, ""cash_total"": 43523000.0, ""dilution_risk"": null, ""has_revenue"": null, ""lead_phase"": null, ""runway_months"": 9.480069701590068, ""stage_bucket"": ""late"", ""surv_score"": ""-5.0"", ""tier1_count"": 1}",late|none|nonpos,0.06036250933786078,49.38,0.7505,0,1,-0.7969,-0.9262,1,1,selling,-0.7775,elite_1,0.0,0.0,0.0,,,0.0,0,0,0,True,False,True,missing,0.0,short,<=2000bps,1511.35,0.7,1,0,1.0,0,1.0,0,,False,no_upcoming,0.22307,price_history,,1,0.4254,price_history,,-0.20181,,44.4081,0.5726,-0.214608,0.012798,late,micro,sev2,commercial_pharma,morningstar,,,,0,0.8690122494681446646512148696,66.01,41.25000000000000000000000000,48.5,86.08,31.67361111111111111111111111,13.44444444444444444444444444,30.2033,-0.5716,3.0,,4,1.0,0.0304,0,0,0.0,0.3,0.5,other,-3.0801,uncrowded,1.0,31,0.06036250933786078,0.892982,1.2425,7.29,0.04386,-1.7076,0.003018,0.0,0.0,0.0,0.0,0.003018,0.0
ESPR,"Esperion Therapeutics, Inc.",,,D,ineligible,,,D,0.429825,0.157692,1,,0,,,0,no_upcoming,9,headwind,deep_drawdown|deep_drawdown_rel_xbi,XS,ineligible,clinical_score:+31.2;financial_score:-24.8;momentum_score:-11.6,tier=;reason=;cat_days=NA;strength=missing;decay_w=0.0,v1.3.0,31f399e0,0,deep_drawdown,0,,"{""burn_ttm"": 58336000.0, ""cash_total"": 92447000.0, ""dilution_risk"": null, ""has_revenue"": null, ""lead_phase"": null, ""runway_months"": 19.01679923203511, ""stage_bucket"": ""late"", ""surv_score"": ""1.0"", ""tier1_count"": 1}",late|none|pos,0.03406975903614458,31.986962,1.0493,0,1,1.0854,1.1185,1,1,buying,-0.7775,elite_1,0.0,0.0,0.0,,,0.0,0,0,0,True,False,True,missing,0.0,adequate,<=1000bps,798.17,0.85,1,0,1.0,0,1.0,0,,False,no_upcoming,-0.115381,price_history,,1,1.5575,price_history,,-0.884346,,35.967,0.7805,-0.214608,-0.669738,late,small,sev1,commercial_pharma,morningstar,,,,0,0.8279606664161342853563823124,34.15,41.25000000000000000000000000,55.5,44.85,77.000,21.02102732852575322644635814,75.5349,1.3416,3.0,56,9,1.0,0.0064,0,0,0.0,0.4,0.55,metabolic,0.6955,highly_crowded,1.0,123,0.03406975903614458,0.570175,0.1768,25.25,0.521053,0.0528,2.081933,1.67775,0.0,0.0,0.40248,0.001703,0.0
AMLX,"Amylyx Pharmaceuticals, Inc.",,,D,ineligible,,,D,0.033333,0.557692,1,,0,,,0,no_upcoming,9,headwind,deep_drawdown|deep_drawdown_rel_xbi,XS,ineligible,smart_money_score:+34.6;clinical_score:-20.3;momentum_score:-13.1,tier=;reason=;cat_days=NA;strength=missing;decay_w=0.0,v1.3.0,31f399e0,0,deep_drawdown,0,,"{""burn_ttm"": 95440000.0, ""cash_total"": 343990000.0, ""dilution_risk"": null, ""has_revenue"": null, ""lead_phase"": null, ""runway_months"": 43.251047778709136, ""stage_bucket"": ""late"", ""surv_score"": ""5.0"", ""tier1_count"": 9}",late|none|nonpos,0.06036250933786078,48.244891,0.7493,0,1,-0.8649,-1.0001,9,9,buying,2.3324,elite_9,0.0,0.0,0.0,,,0.0,0,0,0,True,False,True,missing,0.0,adequate,<=1000bps,684.74,0.85,1,0,1.0,0,1.0,0,,False,no_upcoming,-0.150912,price_history,,9,0.6503,price_history,,-0.576594,,29.0763,0.6469,-0.214608,-0.361986,late,small,none,commercial_pharma,morningstar,,,,0,0.8732384259259259259259259259,37.32,41.25000000000000000000000000,85,41.61,30.03515625000000000000000000,58.26086956521739130434782609,29.3595,-0.6072,3.0,105,5,1.0,0.7791,0,1,0.0,0.4,0.6,cns,0.6955,highly_crowded,1.0,10,0.06036250933786078,0.966667,1.8339,29.73,0.601754,0.2579,0.003018,0.0,0.0,0.0,0.0,0.003018,0.0
SNY,Sanofi,,,D,ineligible,,,D,0.664912,0.134615,1,,0,,1273,0,specific_days,9,tailwind,,XS,ineligible,financial_score:-41.7;clinical_score:+27.3;momentum_score:+12.9,tier=;reason=;cat_days=1273;strength=far;decay_w=0.3,v1.3.0,31f399e0,0,financials_missing,1,"cash_runway_lt_6m,survivability_critical","{""burn_ttm"": 0.0, ""cash_total"": 0.0, ""dilution_risk"": null, ""has_revenue"": null, ""lead_phase"": null, ""runway_months"": 0.0, ""stage_bucket"": ""late"", ""surv_score"": ""-5.0"", ""tier1_count"": 1}",late|far_271_540|pos,0.00967575,31.668,1.0483,0,1,0.9608,0.9832,1,1,selling,-0.7775,elite_1,0.0,0.0,0.0,,,0.0,0,0,0,True,False,True,far,0.3,critical,<=400bps,241.86,1.0,0,0,1.0,0,1.0,0,1273,False,specific_days,0.044326,price_history,,1,0.0692,price_history,,-0.023551,,51.1554,0.194,-0.214608,0.191057,late,unknown,sev2,commercial_pharma,morningstar,,,,0,0.8561843971631205673758865248,59.59,45.56250000000000000000000000,49.5,50,74.00000000000000000000000000,5,75.3297,1.3329,3.0,26,652,1.0,5.3854,7,8,0.0,0.8,0.95,oncology,0.6955,highly_crowded,1.0,190,0.00967575,0.335088,-0.4259,21.59,0.450877,-0.1234,1.875154,1.4748,0.0,0.0,0.39987,0.000484,0.0
ZLAB,Zai Lab Limited,,,D,ineligible,,,D,0.984211,0.503846,1,,0,,25,1,specific_days,9,headwind,deep_drawdown|deep_drawdown_rel_xbi,XS,ineligible,financial_score:+29.5;clinical_score:-15.1;catalyst_score:-10.2,tier=;reason=;cat_days=25;strength=near;decay_w=1.0,v1.3.0,31f399e0,0,deep_drawdown,0,,"{""burn_ttm"": 150789000.0, ""cash_total"": 689573000.0, ""dilution_risk"": null, ""has_revenue"": null, ""lead_phase"": null, ""runway_months"": 54.87718600163142, ""stage_bucket"": ""late"", ""surv_score"": ""4.0"", ""tier1_count"": 3}",late|near_0_30|nonpos,-0.008674363636363636,46.696,0.7522,0,1,-0.5846,-0.6066,3,3,selling,0.0,elite_3,0.0,0.0,0.0,,,0.0,0,0,0,True,False,True,near,1.0,adequate,<=1000bps,827.45,0.85,1,0,1.0,0,1.0,0,25,True,specific_days,-0.093145,price_history,,3,0.4702,price_history,,-0.504158,,43.4432,0.3972,-0.214608,-0.28955,late,mid,none,commercial_biotech,morningstar,,,,0,0.8666968469008512168804699676,42.73,37.21658711111111111111111111,48.0,10.00,32.33506944444444444444444444,77.000,33.32,-0.44,3.0,85,28,1.0,2.6412,4,4,0.0,0.4,0.95,oncology,0.6955,highly_crowded,1.0,281,-0.008674363636363636,0.015789,-2.1497,25.22,0.517544,0.044,-0.000434,0.0,0.0,0.0,0.0,-0.000434,0.0
AZN,Astrazeneca PLC,,,D,ineligible,,,D,0.745614,0.103846,1,,0,,239,0,specific_days,9,tailwind,,XS,ineligible,financial_score:-45.0;clinical_score:+23.6;smart_money_score:+19.0,tier=;reason=;cat_days=239;strength=far;decay_w=0.3,v1.3.0,31f399e0,0,financials_missing,1,"cash_runway_lt_6m,survivability_critical","{""burn_ttm"": 0.0, ""cash_total"": 0.0, ""dilution_risk"": null, ""has_revenue"": null, ""lead_phase"": null, ""runway_months"": 0.0, ""stage_bucket"": ""late"", ""surv_score"": ""-5.0"", ""tier1_count"": 4}",late|near_181_270|pos,0.0038268039215686275,31.146,1.0477,0,1,0.9452,0.9663,4,4,buying,0.3887,elite_4,0.0,0.0,0.0,,,0.0,0,0,0,True,False,True,far,0.3,critical,<=400bps,263.76,1.0,0,0,1.0,0,1.0,0,239,False,specific_days,0.034027,price_history,,4,0.2161,price_history,,-0.104832,,48.9066,0.2344,-0.214608,0.109776,late,unknown,sev2,commercial_pharma,morningstar,,,,0,0.8534510452344395889925593481,56.98,45.56250000000000000000000000,69.0,50,73.62500000,5,74.9547,1.3171,3.0,19,685,1.0,6.256,9,12,0.0,0.9,0.95,oncology,0.6955,highly_crowded,1.0,213,0.0038268039215686275,0.254386,-0.6608,21.90,0.461404,-0.0969,1.844771,1.44945,0.0,0.0,0.39513,0.000191,0.0
APLS,"Apellis Pharmaceuticals, Inc.",,,D,ineligible,,,D,0.380702,0.365385,1,,0,,,0,no_upcoming,9,headwind,deep_drawdown|deep_drawdown_rel_xbi,XS,ineligible,momentum_score:-25.5;financial_score:+19.0;smart_money_score:+18.0,tier=;reason=;cat_days=NA;strength=missing;decay_w=0.0,v1.3.0,31f399e0,0,deep_drawdown,0,,"{""burn_ttm"": 0.0, ""cash_total"": 466233000.0, ""dilution_risk"": null, ""has_revenue"": null, ""lead_phase"": null, ""runway_months"": null, ""stage_bucket"": ""late"", ""surv_score"": ""3.0"", ""tier1_count"": 6}",late|none|pos,0.03406975903614458,43.2655,0.7763,0,1,0.3499,0.3641,6,6,buying,1.1662,elite_6,0.0,0.0,0.0,,,0.0,0,0,0,True,False,True,missing,0.0,adequate,<=1000bps,418.5,0.85,1,0,1.0,0,1.0,0,,False,no_upcoming,-0.445814,price_history,,6,0.5236,price_history,,-0.560283,,49.7613,0.7133,-0.214608,-0.345675,late,mid,none,commercial_biotech,morningstar,,,,0,0.8657384937739463601532567050,27.50,41.25000000000000000000000000,71.0,15.33,53.37500000,72.00000000000000000000000000,52.3051,0.3612,3.0,264,12,1.0,0.2095,0,0,0.0,0.4,0.55,infectious_disease,-0.4844,uncrowded,1.0,109,0.03406975903614458,0.619298,0.3036,38.29,0.75614,0.6939,0.656213,0.54615,0.0,0.0,0.10836,0.001703,0.0
MRVI,"Maravai LifeSciences Holdings, Inc.",,,D,ineligible,,,D,0.836842,0.473077,1,,0,,,0,no_upcoming,9,headwind,deep_drawdown|deep_drawdown_rel_xbi,XS,ineligible,clinical_score:-21.9;catalyst_score:+12.5;financial_score:+9.2,tier=;reason=;cat_days=NA;strength=missing;decay_w=0.0,v1.3.0,31f399e0,0,deep_drawdown,0,,"{""burn_ttm"": 34805000.0, ""cash_total"": 243574000.0, ""dilution_risk"": null, ""has_revenue"": null, ""lead_phase"": null, ""runway_months"": 82.10337595173107, ""stage_bucket"": ""early"", ""surv_score"": ""-2.0"", ""tier1_count"": 0}",early|none|nonpos,0.003309939393939394,46.055432,-1.777,,0,-1.3305,-1.3813,0,0,neutral,-1.1662,,0.0,0.0,0.0,,,0.0,0,0,0,True,False,True,missing,0.0,adequate,<=2000bps,1558.12,0.7,1,0,1.0,0,1.0,0,,False,no_upcoming,-0.243958,price_history,,0,0.3256,price_history,,-0.565217,,36.7696,0.6854,-0.214608,-0.350609,early,small,sev1,commercial_biotech,morningstar,,,,0,0.6673252766757151806222593443,37.70,50,,50,15.54271604938271604938271605,46.70096021947873799725651577,15.7177,-1.1829,,,,,,,,,,,,-1.6642,unknown,1.0,239,0.003309939393939394,0.163158,-0.9816,13.61,0.15614,-1.0104,0.000165,0.0,0.0,0.0,0.0,0.000165,0.0
MRNA,"Moderna, Inc.",,,D,ineligible,,,D,0.661404,0.303846,1,,0,,964,0,specific_days,9,headwind,deep_drawdown|deep_drawdown_rel_xbi,XS,ineligible,financial_score:-16.9;smart_money_score:+11.0;clinical_score:+8.2,tier=;reason=;cat_days=964;strength=far;decay_w=0.3,v1.3.0,31f399e0,0,deep_drawdown,0,,"{""burn_ttm"": 1873000000.0, ""cash_total"": 2595000000.0, ""dilution_risk"": null, ""has_revenue"": null, ""lead_phase"": null, ""runway_months"": 16.625734116390817, ""stage_bucket"": ""late"", ""surv_score"": ""2.0"", ""tier1_count"": 3}",late|far_271_540|pos,0.00967575,40.413125,0.7785,0,1,0.3832,0.3987,3,3,selling,0.0,elite_3,0.0,0.0,0.0,,,0.0,0,0,0,True,False,True,far,0.3,adequate,<=400bps,132.16,1.0,0,0,1.0,0,1.0,0,964,False,specific_days,-0.106986,price_history,,3,0.4934,price_history,,-0.505428,,47.6622,0.6347,-0.214608,-0.29082,late,large,sev1,commercial_biotech,morningstar,,,,0,0.8803421595771457337024918198,44.03,45.56250000000000000000000000,57.0,52.94,54.12500000000000000000000000,29.06250000000000000000000000,55.1099,0.4796,3.0,45,55,1.0,3.0269,3,5,0.0,0.4,0.95,oncology,0.6955,highly_crowded,1.0,189,0.00967575,0.338596,-0.4163,30.23,0.605263,0.267,0.742414,0.59805,0.0,0.0,0.14388,0.000484,0.0
GERN,Geron Corporation,,,D,ineligible,,,D,0.44386,0.234615,1,,0,,,0,no_upcoming,9,headwind,deep_drawdown|deep_drawdown_rel_xbi,XS,ineligible,financial_score:-32.0;clinical_score:+16.1;smart_money_score:+15.7,tier=;reason=;cat_days=NA;strength=missing;decay_w=0.0,v1.3.0,31f399e0,0,deep_drawdown,0,,"{""burn_ttm"": 88970000.0, ""cash_total"": 78117000.0, ""dilution_risk"": null, ""has_revenue"": null, ""lead_phase"": null, ""runway_months"": 10.53618073507924, ""stage_bucket"": ""late"", ""surv_score"": ""-2.0"", ""tier1_count"": 2}",late|none|pos,0.03406975903614458,36.919288,0.7792,0,1,0.4165,0.4333,2,2,selling,-0.3887,elite_2,0.0,0.0,0.0,,,0.0,0,0,0,True,False,True,missing,0.0,short,<=1000bps,710.6,0.85,1,0,1.0,0,1.0,0,,False,no_upcoming,-0.272499,price_history,,2,1.113,price_history,,-0.509485,,23.072,0.5659,-0.214608,-0.294877,late,small,sev2,commercial_biotech,morningstar,,,,0,0.8500595354808590102707749767,36.48,41.25000000000000000000000000,54.5,75.87,54.87500000000000000000000000,6.819529043851665149711778572,55.6484,0.5023,3.0,1729,15,1.0,0.9457,1,1,0.0,0.4,0.95,oncology,0.2236,moderate,1.0,127,0.03406975903614458,0.55614,0.1412,8.89,0.054386,-1.6037,0.802343,0.64995,0.0,0.0,0.15069,0.001703,0.0
TKNO,"Alpha Teknova, Inc.",,,D,ineligible,,,D,0.885965,0.373077,1,,0,,,0,no_upcoming,9,neutral,deep_drawdown|deep_drawdown_rel_xbi,XS,ineligible,clinical_score:-22.2;catalyst_score:+12.3;momentum_score:+12.2,tier=;reason=;cat_days=NA;strength=missing;decay_w=0.0,v1.3.0,31f399e0,0,deep_drawdown,0,,"{""burn_ttm"": 8184000.0, ""cash_total"": 22116000.0, ""dilution_risk"": null, ""has_revenue"": null, ""lead_phase"": null, ""runway_months"": 32.42815249266862, ""stage_bucket"": ""early"", ""surv_score"": ""-1.0"", ""tier1_count"": 0}",early|none|nonpos,0.003309939393939394,43.462889,-1.777,,0,-1.4668,-1.6539,0,0,neutral,-1.1662,,0.0,0.0,0.0,,,0.0,0,0,0,True,False,True,missing,0.0,adequate,>2000bps,2036.0,0.55,1,0,1.0,0,1.0,0,,False,no_upcoming,-0.281099,price_history,,0,0.5114,price_history,,-0.656,,46.3681,0.5979,-0.214608,-0.441392,early,micro,sev1,commercial_pharma,morningstar,,,,0,0.6804521442595845819985532706,49.91,50,,50,15.54271604938271604938271605,35.51308641975308641975308642,15.7177,-1.1829,,,,,,,,,,,,-1.6642,unknown,1.0,253,0.003309939393939394,0.114035,-1.2053,12.11,0.110526,-1.2237,0.000165,0.0,0.0,0.0,0.0,0.000165,0.0
GRFS,"Grifols, S.A.",,,D,ineligible,,,D,0.994737,0.111538,1,,0,,87,0,specific_days,9,tailwind,,XS,ineligible,financial_score:-37.6;clinical_score:+19.8;momentum_score:+14.7,tier=;reason=;cat_days=87;strength=near;decay_w=1.0,v1.3.0,31f399e0,0,financials_missing,1,"cash_runway_lt_6m,sponsor_absent_late_stage,survivability_critical","{""burn_ttm"": 0.0, ""cash_total"": 0.0, ""dilution_risk"": null, ""has_revenue"": null, ""lead_phase"": null, ""runway_months"": 0.0, ""stage_bucket"": ""late"", ""surv_score"": ""-5.0"", ""tier1_count"": 0}",late|near_31_90|pos,-0.013394150943396228,31.208,1.0136,0,1,0.4781,0.4588,0,0,neutral,-1.1662,,0.0,0.0,0.0,,,0.0,0,0,0,True,False,True,near,1.0,critical,<=2000bps,1441.59,0.7,1,0,1.0,0,1.0,0,87,False,specific_days,-0.007585,price_history,,0,0.6243,price_history,,-0.210816,,33.7678,0.3193,-0.214608,0.003792,late,unknown,sev2,commercial_pharma,morningstar,,,,0,0.8626689935453024145350227110,57.29,45.56250000000000000000000000,,50,62.37500000000000000000000000,5,64.0547,0.8571,3.0,133,84,1.0,2.2199,3,4,0.0,0.6,0.95,oncology,-0.4844,uncrowded,1.0,284,-0.013394150943396228,0.005263,-2.558,18.34,0.35614,-0.3688,0.94466,0.6882,0.0,0.0,0.25713,-0.00067,0.0
GH,"Guardant Health, Inc.",,,D,ineligible,,,D,0.95614,0.257692,1,,0,,86,0,specific_days,9,neutral,deep_drawdown|deep_drawdown_rel_xbi,XS,ineligible,clinical_score:+12.5;catalyst_score:-11.6;smart_money_score:+9.4,tier=;reason=;cat_days=86;strength=near;decay_w=1.0,v1.3.0,31f399e0,0,deep_drawdown,0,,"{""burn_ttm"": 184760000.0, ""cash_total"": 378203000.0, ""dilution_risk"": null, ""has_revenue"": null, ""lead_phase"": null, ""runway_months"": 24.05654706689919, ""stage_bucket"": ""late"", ""surv_score"": ""-1.0"", ""tier1_count"": 3}",late|near_31_90|nonpos,-0.0018424761904761904,38.24175,1.0389,0,1,,0.0,3,3,buying,0.0,elite_3,0.0,0.0,0.0,,,0.0,0,0,0,True,False,True,near,1.0,adequate,<=400bps,236.1,1.0,0,0,1.0,0,1.0,0,86,False,specific_days,-0.20772,price_history,,3,0.4014,price_history,,-0.523507,,40.6812,0.6981,-0.214608,-0.308899,late,large,none,platform_diagnostics,morningstar,,,,0,0.9,50.57,45.56250000000000000000000000,66.5,11.74,69.68750000000000000000000000,53.37500000,71.4812,1.1705,3.0,33,708,1.0,3.9417,5,6,0.0019,0.8,0.95,oncology,-0.4844,uncrowded,1.0,273,-0.0018424761904761904,0.04386,-1.7076,41.95,0.829825,0.9535,0.351058,0.0,0.0,0.0,0.35115,-9.2e-05,0.0
ALVO,Alvotech,,,D,ineligible,,,D,0.363158,0.126923,1,,0,,,0,no_upcoming,9,tailwind,,XS,ineligible,financial_score:-36.7;clinical_score:+19.6;momentum_score:+17.5,tier=;reason=;cat_days=NA;strength=missing;decay_w=0.0,v1.3.0,31f399e0,0,financials_missing,1,"cash_runway_lt_6m,sponsor_absent_late_stage,survivability_critical","{""burn_ttm"": 0.0, ""cash_total"": 0.0, ""dilution_risk"": null, ""has_revenue"": null, ""lead_phase"": null, ""runway_months"": 0.0, ""stage_bucket"": ""late"", ""surv_score"": ""-5.0"", ""tier1_count"": 0}",late|none|pos,0.03406975903614458,31.576,0.797,0,1,0.4313,0.408,0,0,neutral,-1.1662,,0.0,0.0,0.0,,,0.0,0,0,0,True,False,True,missing,0.0,critical,>2000bps,2020.0,0.55,1,0,1.0,0,1.0,0,,False,no_upcoming,0.119955,price_history,,0,0.2241,price_history,,-0.332145,,56.6294,0.9498,-0.214608,-0.117537,late,unknown,sev2,commercial_pharma,morningstar,,,,0,0.7956620278776978417266187050,59.13,41.25000000000000000000000000,,50,61.25000000000000000000000000,5,61.1797,0.7357,3.0,42,8,1.0,2.3123,2,2,0.0,0.3,0.6,autoimmune,0.6955,highly_crowded,1.0,104,0.03406975903614458,0.636842,0.35,16.48,0.261404,-0.639,0.834413,0.612,0.0,0.0,0.22071,0.001703,0.0
CDNA,"CareDx, Inc.",,,D,ineligible,,,D,0.952632,0.611538,1,,0,,87,0,specific_days,9,headwind,deep_drawdown|deep_drawdown_rel_xbi,XS,ineligible,momentum_score:-17.0;clinical_score:+14.1;smart_money_score:+8.4,tier=;reason=;cat_days=87;strength=near;decay_w=1.0,v1.3.0,31f399e0,0,deep_drawdown,0,,"{""burn_ttm"": 0.0, ""cash_total"": 177208000.0, ""dilution_risk"": null, ""has_revenue"": null, ""lead_phase"": null, ""runway_months"": null, ""stage_bucket"": ""late"", ""surv_score"": ""1.0"", ""tier1_count"": 3}",late|near_31_90|nonpos,-0.0018424761904761904,49.793565,1.0281,0,1,,0.0,3,3,buying,0.0,elite_3,0.0,0.0,0.0,,,0.0,0,0,0,True,False,True,near,1.0,adequate,<=1000bps,851.72,0.85,1,0,1.0,0,1.0,0,87,False,specific_days,-0.169142,price_history,,3,1.2715,price_history,,-0.675312,,26.2869,0.5165,-0.214608,-0.460704,late,small,none,platform_diagnostics,morningstar,,,,0,0.8840539130434782608695652174,35.12,45.56250000000000000000000000,60.5,54.00,66.12500000000000000000000000,53.04347826086956521739130435,67.4547,1.0006,3.0,164,246,1.0,1.9316,2,4,0.0,0.6,0.95,oncology,0.6955,highly_crowded,1.0,272,-0.0018424761904761904,0.047368,-1.6709,41.53,0.805263,0.8606,0.300088,0.0,0.0,0.0,0.30018,-9.2e-05,0.0
KMDA,Kamada Ltd.,,,D,ineligible,,,D,0.482456,0.165385,1,,0,,,0,no_upcoming,9,tailwind,,XS,ineligible,financial_score:-36.0;momentum_score:+21.6;clinical_score:+14.2,tier=;reason=;cat_days=NA;strength=missing;decay_w=0.0,v1.3.0,31f399e0,0,financials_missing,1,"cash_runway_lt_6m,sponsor_absent_late_stage,survivability_critical","{""burn_ttm"": 0.0, ""cash_total"": 0.0, ""dilution_risk"": null, ""has_revenue"": null, ""lead_phase"": null, ""runway_months"": 0.0, ""stage_bucket"": ""late"", ""surv_score"": ""-5.0"", ""tier1_count"": 0}",late|none|pos,0.03406975903614458,32.27,0.7799,0,1,0.1822,0.1374,0,0,neutral,-1.1662,,0.0,0.0,0.0,,,0.0,0,0,0,True,False,True,missing,0.0,critical,>2000bps,2036.0,0.55,1,0,1.0,0,1.0,0,,False,no_upcoming,0.004919,price_history,,0,-0.1662,price_history,,-0.09777,,48.7544,0.3562,-0.214608,0.116838,late,unknown,sev2,commercial_pharma,morningstar,,,,0,0.8372291969985440698846455370,62.60,41.25000000000000000000000000,,50,55.25000000000000000000000000,5,54.1349,0.4384,3.0,1883,13,1.0,0.0,0,0,0.0,0.4,0.55,infectious_disease,-0.4844,uncrowded,1.0,138,0.03406975903614458,0.517544,0.044,17.97,0.338596,-0.4163,0.339323,0.2061,0.0,0.0,0.13152,0.001703,0.0
HROW,"Harrow, Inc.",,,D,ineligible,,,D,0.457895,0.042308,1,,0,,,0,no_upcoming,9,headwind,deep_drawdown|deep_drawdown_rel_xbi,XS,ineligible,financial_score:-26.4;clinical_score:+20.6;smart_money_score:+11.1,tier=;reason=;cat_days=NA;strength=missing;decay_w=0.0,v1.3.0,31f399e0,0,deep_drawdown,0,,"{""burn_ttm"": 0.0, ""cash_total"": 74290000.0, ""dilution_risk"": null, ""has_revenue"": null, ""lead_phase"": null, ""runway_months"": null, ""stage_bucket"": ""late"", ""surv_score"": ""-1.0"", ""tier1_count"": 1}",late|none|pos,0.03406975903614458,21.8795,-0.2257,,0,0.5871,0.5772,1,1,buying,-0.7775,elite_1,0.0,0.0,0.0,,,0.0,0,0,0,True,False,True,missing,0.0,adequate,<=1000bps,581.17,0.85,1,0,1.0,0,1.0,0,,False,no_upcoming,-0.147808,price_history,,1,0.3527,price_history,,-0.491809,,43.1728,0.6339,-0.214608,-0.277201,late,mid,none,commercial_pharma,morningstar,,,,0,0.8677757709824333116460637606,42.07,41.25000000000000000000000000,55.5,15.33,65.00000000000000000000000000,18.00000000000000000000000000,63.1797,0.8201,0.0,101,3,0.0,0.0,0,0,0.0,0.0,0.55,infectious_disease,0.6955,highly_crowded,1.0,131,0.03406975903614458,0.542105,0.1057,26.47,0.545614,0.1146,1.113533,0.8658,0.0,0.0,0.24603,0.001703,0.0
CATX,"Perspective Therapeutics, Inc.",,,D,ineligible,,,D,0.780702,0.465385,1,,0,,,0,no_upcoming,9,headwind,deep_drawdown|deep_drawdown_rel_xbi,XS,ineligible,momentum_score:-26.9;clinical_score:+16.9;financial_score:+11.4,tier=;reason=;cat_days=NA;strength=missing;decay_w=0.0,v1.3.0,31f399e0,0,deep_drawdown,0,,"{""burn_ttm"": 57827000.0, ""cash_total"": 174137000.0, ""dilution_risk"": null, ""has_revenue"": null, ""lead_phase"": null, ""runway_months"": 36.13613018140315, ""stage_bucket"": ""early"", ""surv_score"": ""5.0"", ""tier1_count"": 2}",early|none|nonpos,0.003309939393939394,45.96,-0.294,0,1,,0.0,2,2,buying,-0.3887,elite_2,0.0,0.0,0.0,,,0.0,0,0,0,True,False,True,missing,0.0,adequate,<=1000bps,741.74,0.85,1,0,1.0,0,1.0,0,,False,no_upcoming,-0.53347,price_history,,2,-0.0151,price_history,,-0.583333,,43.6089,0.7923,-0.214608,-0.368725,early,small,none,platform_devices,morningstar,,,,0,0.7565759390310288513881328253,23.43,41.25000000000000000000000000,58.0,38.64,67.20000000000000000000000000,61.66666666666666666666666666,66.0797,0.9425,1.0,1547,4,1.0,0.0,0,0,0.0,0.3,0.85,oncology,0.6955,highly_crowded,1.0,223,0.003309939393939394,0.219298,-0.7746,42.04,0.833333,0.9674,0.282915,0.0,0.0,0.0,0.28275,0.000165,0.0
BBIO,"BridgeBio Pharma, Inc.",,,D,ineligible,,,D,0.949123,0.242308,1,,0,,56,1,specific_days,9,tailwind,high_beta,XS,ineligible,momentum_score:+37.9;clinical_score:-32.2;financial_score:-24.0,tier=;reason=;cat_days=56;strength=near;decay_w=1.0,v1.3.0,31f399e0,0,fundamental_red_flag,1,debt_distress_with_weak_surv,"{""burn_ttm"": 445910000.0, ""cash_total"": 578058000.0, ""dilution_risk"": null, ""has_revenue"": null, ""lead_phase"": null, ""runway_months"": 14.850685940363437, ""stage_bucket"": ""late"", ""surv_score"": ""-3.0"", ""tier1_count"": 5}",late|near_31_90|nonpos,-0.0018424761904761904,37.159,0.7165,0,1,-1.3741,-1.4266,5,5,buying,0.7775,elite_5,0.0,0.0,0.0,,,0.0,0,0,0,True,False,True,near,1.0,adequate,<=400bps,239.27,1.0,0,0,1.0,0,1.0,0,56,True,specific_days,0.847666,price_history,,5,2.6417,price_history,,-0.278492,,38.6992,0.4744,-0.214608,-0.063884,late,large,sev1,commercial_biotech,morningstar,,,,0,0.8926583041082164328657314629,84.67,43.76484444444444444444444444,68.0,28.50,14.56250000000000000000000000,22.77777777777777777777777778,15.5474,-1.1901,3.0,33,24,1.0,1.9739,3,2,0.0,0.4,0.95,oncology,0.6955,highly_crowded,1.0,271,-0.0018424761904761904,0.050877,-1.6364,9.72,0.07193,-1.4616,-9.2e-05,0.0,0.0,0.0,0.0,-9.2e-05,0.0
ARQT,"Arcutis Biotherapeutics, Inc.",,,D,ineligible,,,D,0.387719,0.073077,1,,0,,,0,no_upcoming,9,headwind,high_beta|deep_drawdown|deep_drawdown_rel_xbi,XS,ineligible,momentum_score:-23.4;smart_money_score:+22.8;clinical_score:+14.6,tier=;reason=;cat_days=NA;strength=missing;decay_w=0.0,v1.3.0,31f399e0,0,deep_drawdown,0,,"{""burn_ttm"": 5625000.0, ""cash_total"": 42907000.0, ""dilution_risk"": null, ""has_revenue"": null, ""lead_phase"": null, ""runway_months"": 89.4016, ""stage_bucket"": ""late"", ""surv_score"": ""-2.0"", ""tier1_count"": 4}",late|none|pos,0.03406975903614458,27.573556,0.7854,0,1,0.5498,0.5717,4,4,buying,0.3887,elite_4,0.0,0.0,0.0,,,0.0,0,0,0,True,False,True,missing,0.0,adequate,<=1000bps,482.23,0.85,1,0,1.0,0,1.0,0,,False,no_upcoming,-0.233713,price_history,,4,1.8148,price_history,,-0.763131,,29.149,0.727,-0.214608,-0.548523,late,mid,none,commercial_biotech,morningstar,,,,0,0.8793965971722981068775461299,19.78,41.25000000000000000000000000,66.0,27.32,57.87500000000000000000000000,31.23456790123456790123456790,56.8995,0.5551,3.0,108,7,1.0,0.8215,0,1,0.0,0.3,0.5,dermatology,0.6955,highly_crowded,1.0,111,0.03406975903614458,0.612281,0.2853,34.19,0.689474,0.4944,1.025783,0.85755,0.0,0.0,0.16653,0.001703,0.0
CERS,Cerus Corporation,,,D,ineligible,,,D,0.075439,0.496154,1,,0,,,0,no_upcoming,9,headwind,deep_drawdown|deep_drawdown_rel_xbi,XS,ineligible,clinical_score:+20.8;financial_score:-17.7;momentum_score:-13.7,tier=;reason=;cat_days=NA;strength=missing;decay_w=0.0,v1.3.0,31f399e0,0,deep_drawdown,0,,"{""burn_ttm"": 1363000.0, ""cash_total"": 15670000.0, ""dilution_risk"": null, ""has_revenue"": null, ""lead_phase"": null, ""runway_months"": 137.96038151137196, ""stage_bucket"": ""late"", ""surv_score"": ""3.0"", ""tier1_count"": 1}",late|none|nonpos,0.06036250933786078,46.568842,1.0067,0,1,,0.0,1,1,selling,-0.7775,elite_1,0.0,0.0,0.0,,,0.0,0,0,0,True,False,True,missing,0.0,adequate,<=2000bps,1656.9,0.7,1,0,1.0,0,1.0,0,,False,no_upcoming,-0.291266,price_history,,1,1.2181,price_history,,-0.682464,,29.2772,,-0.214608,-0.467856,late,small,none,platform_devices,morningstar,,,,0,0.8929900124069478908188585608,26.36,41.25000000000000000000000000,49.5,89.16,60.87500000000000000000000000,22.42409391117645686013675932,62.2461,0.7807,3.0,59,16,1.0,0.9198,1,1,0.0,0.5,0.95,oncology,-0.4844,uncrowded,1.0,22,0.06036250933786078,0.924561,1.4364,29.70,0.598246,0.2488,0.237228,0.0,0.0,0.0,0.23421,0.003018,0.0
PHAT,"Phathom Pharmaceuticals, Inc.",,,D,ineligible,,,D,0.517544,0.203846,1,,0,,,0,no_upcoming,9,headwind,,XS,ineligible,financial_score:-25.1;smart_money_score:+10.1;clinical_score:+6.9,tier=;reason=;cat_days=NA;strength=missing;decay_w=0.0,v1.3.0,31f399e0,0,fundamental_red_flag,1,survivability_critical,"{""burn_ttm"": 166775000.0, ""cash_total"": 129972000.0, ""dilution_risk"": null, ""has_revenue"": null, ""lead_phase"": null, ""runway_months"": 9.351905261579972, ""stage_bucket"": ""late"", ""surv_score"": ""-7.0"", ""tier1_count"": 1}",late|none|pos,0.03406975903614458,35.298086,0.7667,0,1,0.0354,0.0374,1,1,selling,-0.7775,elite_1,0.0,0.0,0.0,,,0.0,0,0,0,True,False,True,missing,0.0,short,<=1000bps,859.62,0.85,1,0,1.0,0,1.0,0,,False,no_upcoming,-0.11001,price_history,,1,1.0804,price_history,,-0.332909,,32.3023,0.6057,-0.214608,-0.118301,late,small,sev2,commercial_biotech,morningstar,,,,0,0.7992588677472398402630960770,45.84,41.25000000000000000000000000,49.5,56.29,46.29340277777777777777777778,14.28574762538215594296249620,45.1783,0.0604,3.0,,2,0.3333,0.0,0,0,0.0,0.4,0.55,infectious_disease,-0.4844,uncrowded,1.0,148,0.03406975903614458,0.482456,-0.044,11.19,0.1,-1.2816,0.075923,0.0561,0.0,0.0,0.01812,0.001703,0.0
STOK,"Stoke Therapeutics, Inc.",,,D,ineligible,,,D,0.72807,0.219231,1,,0,,,0,no_upcoming,9,headwind,deep_drawdown|deep_drawdown_rel_xbi,XS,ineligible,smart_money_score:+38.4;momentum_score:-21.3;clinical_score:-11.8,tier=;reason=;cat_days=NA;strength=missing;decay_w=0.0,v1.3.0,31f399e0,0,deep_drawdown,0,,"{""burn_ttm"": 0.0, ""cash_total"": 83394000.0, ""dilution_risk"": null, ""has_revenue"": null, ""lead_phase"": null, ""runway_months"": null, ""stage_bucket"": ""mid"", ""surv_score"": ""5.0"", ""tier1_count"": 6}",mid|none|nonpos,0.004395499999999999,36.149231,-0.2254,39,1,-0.6994,-0.7258,6,6,buying,1.1662,elite_6,0.0,0.0,0.0,,,0.0,0,0,0,True,False,True,missing,0.0,adequate,<=1000bps,603.91,0.85,1,0,1.0,0,1.0,0,,False,no_upcoming,-0.364828,price_history,,6,1.7237,price_history,,-0.752071,,33.1823,0.7422,-0.214608,-0.537463,mid,mid,none,commercial_biotech,morningstar,,,,0,0.7884608316103836434642775098,20.30,41.25000000000000000000000000,80.0,44.67,29.75152155324178864242241336,36.56606810522609526683768422,28.7568,-0.6326,2.0,39,1,0.0,0.1806,1,0,0.0,0.3,0.5,other,-3.316,uncrowded,1.0,208,0.004395499999999999,0.27193,-0.607,28.70,0.584211,0.2127,0.00022,0.0,0.0,0.0,0.0,0.00022,0.0
BCRX,"BioCryst Pharmaceuticals, Inc.",,,D,ineligible,,,D,0.064912,0.188462,1,,0,,,0,no_upcoming,9,neutral,deep_drawdown|deep_drawdown_rel_xbi,XS,ineligible,financial_score:-16.1;smart_money_score:+15.4;catalyst_score:-3.8,tier=;reason=;cat_days=NA;strength=missing;decay_w=0.0,v1.3.0,31f399e0,0,deep_drawdown,0,,"{""burn_ttm"": 0.0, ""cash_total"": 212873000.0, ""dilution_risk"": null, ""has_revenue"": null, ""lead_phase"": null, ""runway_months"": null, ""stage_bucket"": ""late"", ""surv_score"": ""3.0"", ""tier1_count"": 3}",late|none|nonpos,0.06036250933786078,34.43558,0.7669,0,1,-0.1593,-0.2335,3,3,buying,0.0,elite_3,0.0,0.0,0.0,,,0.0,0,0,0,True,False,True,missing,0.0,adequate,<=1000bps,517.78,0.85,1,0,1.0,0,1.0,0,,False,no_upcoming,0.026266,price_history,,3,1.1318,price_history,,-0.55493,,38.4049,0.4141,-0.214608,-0.340322,late,mid,none,commercial_pharma,morningstar,,,,0,0.8954064249820531227566403446,47.61,41.25000000000000000000000000,60.5,34.00,47.02777777777777777777777778,28.91906721536351165980795610,45.9075,0.0912,3.0,341,26,1.0,0.1054,0,0,0.0,0.8,0.55,infectious_disease,0.6955,highly_crowded,1.0,19,0.06036250933786078,0.935088,1.5148,31.65,0.650877,0.3877,0.030378,0.0,0.0,0.0,0.02736,0.003018,0.0
TWST,Twist Bioscience Corporation,,,D,ineligible,,,D,0.9,0.457692,1,,0,,,0,no_upcoming,9,tailwind,deep_drawdown|deep_drawdown_rel_xbi,XS,ineligible,clinical_score:+12.7;financial_score:-10.5;catalyst_score:-7.7,tier=;reason=;cat_days=NA;strength=missing;decay_w=0.0,v1.3.0,31f399e0,0,deep_drawdown,0,,"{""burn_ttm"": 24814000.0, ""cash_total"": 197949000.0, ""dilution_risk"": null, ""has_revenue"": null, ""lead_phase"": null, ""runway_months"": 95.72773434351576, ""stage_bucket"": ""early"", ""surv_score"": ""1.0"", ""tier1_count"": 1}",early|none|nonpos,0.003309939393939394,45.582,-1.6714,,0,,0.0,1,1,selling,-0.7775,elite_1,0.0,0.0,0.0,,,0.0,0,0,0,True,False,True,missing,0.0,adequate,<=1000bps,402.96,0.85,1,0,1.0,0,1.0,0,,False,no_upcoming,-0.021886,price_history,,1,1.3791,price_history,,-0.539751,,35.4294,0.6351,-0.214608,-0.325143,early,mid,none,platform_diagnostics,morningstar,,,,0,0.7583196301713330547430004179,53.91,41.25000000000000000000000000,49.5,50,61.60000000000000000000000000,38.44444444444444444444444444,60.3053,0.6988,0.0,,2,0.0,0.0,0,0,0.0,0.0,0.75,cardiovascular,0.6955,highly_crowded,1.0,257,0.003309939393939394,0.1,-1.2816,36.54,0.721053,0.586,0.209805,0.0,0.0,0.0,0.20964,0.000165,0.0
NVCR,NovoCure Limited,,,D,ineligible,,,D,0.321053,0.403846,1,,0,,147,0,specific_days,9,headwind,deep_drawdown|deep_drawdown_rel_xbi,XS,ineligible,momentum_score:-24.3;clinical_score:+18.8;financial_score:-12.9,tier=;reason=;cat_days=147;strength=mid;decay_w=0.7,v1.3.0,31f399e0,0,deep_drawdown,0,,"{""burn_ttm"": 49031000.0, ""cash_total"": 93548000.0, ""dilution_risk"": null, ""has_revenue"": null, ""lead_phase"": null, ""runway_months"": 15.755894902313047, ""stage_bucket"": ""late"", ""surv_score"": ""1.0"", ""tier1_count"": 1}",late|near_91_180|nonpos,0.04309519565217391,44.139892,0.9977,0,1,,0.0,1,1,selling,-0.7775,elite_1,0.0,0.0,0.0,,,0.0,0,0,0,True,False,True,mid,0.7,adequate,<=1000bps,603.49,0.85,1,0,1.0,0,1.0,0,147,False,specific_days,-0.548681,price_history,,1,0.6927,price_history,,-0.882165,,14.2522,0.5194,-0.214608,-0.667557,late,small,none,platform_devices,morningstar,,,,0,0.8965769211700545364402578086,15.29,45.56250000000000000000000000,52.0,82.99,58.437500000,26.74531494317253611519522042,58.4854,0.622,3.0,112,50,1.0,0.5333,0,1,0.0,0.5,0.95,oncology,0.6955,crowded,1.0,92,0.04309519565217391,0.678947,0.4648,30.91,0.626316,0.3221,0.188755,0.0,0.0,0.0,0.1866,0.002155,0.0
MDGL,"Madrigal Pharmaceuticals, Inc.",,,D,ineligible,,,D,0.492982,0.011538,1,,0,,,0,no_upcoming,9,headwind,deep_drawdown|deep_drawdown_rel_xbi,XS,ineligible,smart_money_score:+34.6;financial_score:-32.4;momentum_score:-11.2,tier=;reason=;cat_days=NA;strength=missing;decay_w=0.0,v1.3.0,31f399e0,0,deep_drawdown,0,,"{""burn_ttm"": 189553000.0, ""cash_total"": 198693000.0, ""dilution_risk"": null, ""has_revenue"": null, ""lead_phase"": null, ""runway_months"": 12.363577910292975, ""stage_bucket"": ""late"", ""surv_score"": ""-3.0"", ""tier1_count"": 6}",late|none|pos,0.03406975903614458,19.960191,0.7756,0,1,0.3166,0.3295,6,6,buying,1.1662,elite_6,0.0,0.0,0.0,,,0.0,0,0,0,True,False,True,missing,0.0,adequate,<=400bps,264.79,1.0,0,0,1.0,0,1.0,0,,False,no_upcoming,-0.247744,price_history,,6,0.8493,price_history,,-0.548462,,32.1152,0.4350,-0.214608,-0.333854,late,mid,sev1,commercial_biotech,morningstar,,,,0,0.8946691657741282875163632036,31.17,41.25000000000000000000000000,77.0,26.29,52.62500000000000000000000000,10.05486968449931412894375857,51.1599,0.3129,3.0,877,3,0.6667,0.0011,0,0,0.0,0.4,0.55,metabolic,0.6955,highly_crowded,1.0,141,0.03406975903614458,0.507018,0.0176,24.63,0.507018,0.0176,0.589823,0.49425,0.0,0.0,0.09387,0.001703,0.0
IOVA,"Iovance Biotherapeutics, Inc.",,,D,ineligible,,,D,0.005263,0.096154,1,,0,,422,0,specific_days,9,headwind,deep_drawdown|deep_drawdown_rel_xbi,XS,ineligible,smart_money_score:+20.9;financial_score:-15.8;catalyst_score:+11.5,tier=;reason=;cat_days=422;strength=far;decay_w=0.3,v1.3.0,31f399e0,0,deep_drawdown,0,,"{""burn_ttm"": 302408000.0, ""cash_total"": 296980000.0, ""dilution_risk"": null, ""has_revenue"": null, ""lead_phase"": null, ""runway_months"": 11.784608872781144, ""stage_bucket"": ""late"", ""surv_score"": ""-1.0"", ""tier1_count"": 2}",late|far_271_540|nonpos,0.06727435433070866,30.752907,0.7378,0,1,-1.0092,-1.0475,2,2,neutral,-0.3887,elite_2,0.0,0.0,0.0,,,0.0,0,0,0,True,False,True,far,0.3,short,<=1000bps,449.86,0.85,1,0,1.0,0,1.0,0,422,False,specific_days,-0.36025,price_history,,2,0.7734,price_history,,-0.59397,,29.7365,0.9724,-0.214608,-0.379362,late,small,sev2,commercial_biotech,morningstar,,,,0,0.7961626130889437198919045941,28.76,45.56250000000000000000000000,55.0,47.94,22.77777777777777777777777778,18.27090480524633013605918458,21.6575,-0.9322,3.0,1608,20,1.0,0.1538,0,0,0.0,0.3,0.95,oncology,0.6955,highly_crowded,1.0,2,0.06727435433070866,0.994737,2.558,6.54,0.036842,-1.7886,0.003364,0.0,0.0,0.0,0.0,0.003364,0.0
OPK,"Opko Health, Inc.",,,D,ineligible,,,D,0.15614,0.919231,1,,0,,,0,no_upcoming,9,headwind,,XS,ineligible,financial_score:+20.0;catalyst_score:-11.8;momentum_score:-7.5,tier=;reason=;cat_days=NA;strength=missing;decay_w=0.0,v1.3.0,31f399e0,0,fundamental_red_flag,1,sponsor_absent_late_stage,"{""burn_ttm"": 152621000.0, ""cash_total"": 411972000.0, ""dilution_risk"": null, ""has_revenue"": null, ""lead_phase"": null, ""runway_months"": 32.276737801482106, ""stage_bucket"": ""late"", ""surv_score"": ""-2.0"", ""tier1_count"": 0}",late|none|nonpos,0.06036250933786078,71.392565,0.7754,0,1,,0.0,0,0,neutral,-1.1662,,0.0,0.0,0.0,,,0.0,0,0,0,True,False,True,missing,0.0,adequate,<=2000bps,1631.21,0.7,1,0,1.0,0,1.0,0,,False,no_upcoming,-0.121337,price_history,,0,1.0297,price_history,,-0.299539,,38.5853,0.354,-0.214608,-0.084931,late,small,none,platform_diagnostics,morningstar,,,,0,0.9,45.58,41.25000000000000000000000000,,84.02,52.25000000000000000000000000,73.04347826086956521739130435,50.8481,0.2997,3.0,633,12,1.0,0.0077,0,0,0.0,0.4,0.55,ophthalmology,0.2236,moderate,1.0,45,0.06036250933786078,0.84386,1.0104,45.09,0.87193,1.1356,0.092928,0.0,0.0,0.0,0.08991,0.003018,0.0
TVTX,"Travere Therapeutics, Inc.",,,D,ineligible,,,D,0.187719,0.034615,1,,0,,,0,no_upcoming,9,headwind,deep_drawdown|deep_drawdown_rel_xbi,XS,ineligible,smart_money_score:+39.5;momentum_score:-18.7;clinical_score:-12.7,tier=;reason=;cat_days=NA;strength=missing;decay_w=0.0,v1.3.0,31f399e0,0,deep_drawdown,0,,"{""burn_ttm"": 0.0, ""cash_total"": 93035000.0, ""dilution_risk"": null, ""has_revenue"": null, ""lead_phase"": null, ""runway_months"": null, ""stage_bucket"": ""late"", ""surv_score"": ""3.0"", ""tier1_count"": 5}",late|none|nonpos,0.06036250933786078,21.220858,0.7418,0,1,-0.8994,-0.9335,5,5,buying,0.7775,elite_5,0.0,0.0,0.0,,,0.0,0,0,0,True,False,True,missing,0.0,adequate,<=1000bps,403.29,0.85,1,0,1.0,0,1.0,0,,False,no_upcoming,-0.33617,price_history,,5,1.1715,price_history,,-0.708477,,24.6985,0.7066,-0.214608,-0.493869,late,mid,none,commercial_biotech,morningstar,,,,0,0.8770531003112281541776394542,19.32,41.25000000000000000000000000,77.5,15.33,25.25000000000000000000000000,26.64746227709190672153635117,24.9359,-0.7939,3.0,171,10,1.0,0.3897,0,1,0.0,0.7,0.75,rare_disease,0.6955,highly_crowded,1.0,54,0.06036250933786078,0.812281,0.8863,21.81,0.454386,-0.1146,0.003018,0.0,0.0,0.0,0.0,0.003018,0.0
IBRX,"ImmunityBio, Inc.",,,D,ineligible,,,D,0.32807,0.026923,1,,0,,207,0,specific_days,9,headwind,high_vol|deep_drawdown|deep_drawdown_rel_xbi,XS,ineligible,financial_score:-25.0;smart_money_score:+22.5;clinical_score:-19.8,tier=;reason=;cat_days=207;strength=far;decay_w=0.3,v1.3.0,31f399e0,0,fundamental_red_flag|deep_drawdown,1,survivability_critical,"{""burn_ttm"": 304936000.0, ""cash_total"": 242818000.0, ""dilution_risk"": null, ""has_revenue"": null, ""lead_phase"": null, ""runway_months"": 7.9651196483535704, ""stage_bucket"": ""late"", ""surv_score"": ""-4.0"", ""tier1_count"": 1}",late|near_181_270|nonpos,0.036705939759036146,20.468,0.7086,0,1,-1.569,-1.629,1,1,neutral,-0.7775,elite_1,0.0,0.0,0.0,,,0.0,0,0,0,True,False,True,far,0.3,short,<=400bps,178.96,1.0,0,0,1.0,0,1.0,0,207,False,specific_days,-0.250377,price_history,,1,1.5215,price_history,,-0.790251,,41.374,1.3149,-0.214608,-0.575643,late,mid,sev2,commercial_biotech,morningstar,,,,0,0.7846859433847649131332766371,36.63,45.56250000000000000000000000,52.5,31.12,10.17361111111111111111111111,5,10.0859,-1.4206,3.0,1121,49,1.0,0.4255,0,0,0.0,0.4,0.95,oncology,-0.4844,uncrowded,1.0,94,0.036705939759036146,0.67193,0.4452,4.40,0.005263,-2.558,0.001835,0.0,0.0,0.0,0.0,0.001835,0.0
TGTX,"TG Therapeutics, Inc.",,,D,ineligible,,,D,0.184211,0.019231,1,,0,,,0,no_upcoming,9,headwind,deep_drawdown|deep_drawdown_rel_xbi,XS,ineligible,smart_money_score:+28.4;momentum_score:-15.2;clinical_score:-12.4,tier=;reason=;cat_days=NA;strength=missing;decay_w=0.0,v1.3.0,31f399e0,0,deep_drawdown,0,,"{""burn_ttm"": 44432000.0, ""cash_total"": 131582000.0, ""dilution_risk"": null, ""has_revenue"": null, ""lead_phase"": null, ""runway_months"": 35.537090385307884, ""stage_bucket"": ""late"", ""surv_score"": ""3.0"", ""tier1_count"": 3}",late|none|nonpos,0.06036250933786078,20.078673,0.7252,0,1,-1.143,-1.1865,3,3,buying,0.0,elite_3,0.0,0.0,0.0,,,0.0,0,0,0,True,False,True,missing,0.0,adequate,<=1000bps,429.71,0.85,1,0,1.0,0,1.0,0,,False,no_upcoming,-0.459592,price_history,,3,1.2427,price_history,,-0.777714,,22.8817,0.3599,-0.214608,-0.563106,late,mid,none,commercial_biotech,morningstar,,,,0,0.8791415687215159510674022547,16.99,41.25000000000000000000000000,60.5,19.07,19.76562500000000000000000000,22.23593964334705075445816186,20.35,-0.9874,3.0,76,14,1.0,0.8494,1,1,0.0,0.4,0.95,oncology,0.6955,highly_crowded,1.0,53,0.06036250933786078,0.815789,0.8994,17.27,0.303509,-0.5143,0.003018,0.0,0.0,0.0,0.0,0.003018,0.0
ADPT,Adaptive Biotechnologies Corpor,,,D,ineligible,,,D,0.759649,0.003846,1,,0,,,0,no_upcoming,9,headwind,deep_drawdown|deep_drawdown_rel_xbi,XS,ineligible,financial_score:-25.5;smart_money_score:+23.7;catalyst_score:+18.2,tier=;reason=;cat_days=NA;strength=missing;decay_w=0.0,v1.3.0,31f399e0,0,deep_drawdown,0,,"{""burn_ttm"": 48041000.0, ""cash_total"": 55034000.0, ""dilution_risk"": null, ""has_revenue"": null, ""lead_phase"": null, ""runway_months"": 11.101028752308098, ""stage_bucket"": ""early"", ""surv_score"": ""-2.0"", ""tier1_count"": 1}",early|none|nonpos,0.003309939393939394,14.778556,-1.777,,0,-1.3305,-1.3813,1,1,buying,-0.7775,elite_1,0.0,0.0,0.0,,,0.0,0,0,0,True,False,True,missing,0.0,short,<=1000bps,539.77,0.85,1,0,1.0,0,1.0,0,,False,no_upcoming,-0.120058,price_history,,1,1.6416,price_history,,-0.535114,,29.9245,0.7937,-0.214608,-0.320506,early,mid,sev2,commercial_biotech,morningstar,,,,0,0.6648257315842583249243188698,31.65,50,55.5,15.98,15.54271604938271604938271605,6.345679012345679012345679012,15.7177,-1.1829,,,,,,,,,,,,-1.6642,unknown,1.0,217,0.003309939393939394,0.240351,-0.7052,5.15,0.019298,-2.0685,0.000165,0.0,0.0,0.0,0.0,0.000165,0.0
CRL,Charles River Laboratories Inte,,,D,ineligible,,,D,0.001754,0.380769,1,,0,,1061,0,specific_days,9,tailwind,,XS,ineligible,momentum_score:+10.3;clinical_score:-7.6;financial_score:-4.9,tier=;reason=;cat_days=1061;strength=far;decay_w=0.3,v1.3.0,31f399e0,0,fundamental_red_flag,1,sponsor_absent_late_stage,"{""burn_ttm"": 0.0, ""cash_total"": 213770000.0, ""dilution_risk"": null, ""has_revenue"": null, ""lead_phase"": null, ""runway_months"": null, ""stage_bucket"": ""late"", ""surv_score"": ""3.0"", ""tier1_count"": 0}",late|far_271_540|nonpos,0.06727435433070866,43.515,0.7574,0,1,,0.0,0,0,neutral,-1.1662,,0.0,0.0,0.0,,,0.0,0,0,0,True,False,True,far,0.3,adequate,<=400bps,254.94,1.0,0,0,1.0,0,1.0,0,1061,False,specific_days,-0.012033,price_history,,0,0.4287,price_history,,-0.255694,,40.6246,0.3443,-0.214608,-0.041086,late,mid,none,platform_diagnostics,morningstar,,,,0,0.8717482716501771100525222914,53.62,45.56250000000000000000000000,,44.26,35.69444444444444444444444444,38.44444444444444444444444444,35.6241,-0.3428,3.0,1061,59,1.0,0.0027,0,0,0.0,0.5,0.95,oncology,-0.4844,uncrowded,1.0,1,0.06727435433070866,0.998246,2.9192,20.68,0.426316,-0.1858,0.003364,0.0,0.0,0.0,0.0,0.003364,0.0
SERA,"Sera Prognostics, Inc.",,,D,ineligible,,,D,0.878947,0.873077,1,,0,,,0,no_upcoming,9,headwind,deep_drawdown|deep_drawdown_rel_xbi,XS,ineligible,clinical_score:-12.6;financial_score:+10.1;smart_money_score:+8.8,tier=;reason=;cat_days=NA;strength=missing;decay_w=0.0,v1.3.0,31f399e0,0,deep_drawdown,0,,"{""burn_ttm"": 19503000.0, ""cash_total"": 43304000.0, ""dilution_risk"": null, ""has_revenue"": null, ""lead_phase"": null, ""runway_months"": 26.633591307467583, ""stage_bucket"": ""early"", ""surv_score"": ""3.0"", ""tier1_count"": 1}",early|none|nonpos,0.003309939393939394,65.726,-1.7269,,0,,0.0,1,1,buying,-0.7775,elite_1,0.0,0.0,0.0,,,0.0,0,0,0,True,False,True,missing,0.0,adequate,>2000bps,2050.0,0.55,1,0,1.0,0,1.0,0,,False,no_upcoming,-0.244707,price_history,,1,0.4917,price_history,,-0.475294,,60.7653,,-0.214608,-0.260686,early,micro,none,platform_devices,morningstar,,,,0,0.7540731237973059653624118024,45.71,41.25000000000000000000000000,55.5,88.64,34.07111111111111111111111111,56.80000000000000000000000000,32.6008,-0.4704,0.0,427,3,0.0,0.0,0,0,0.0,0.0,0.5,other,-2.1362,uncrowded,1.0,251,0.003309939393939394,0.121053,-1.1697,24.30,0.503509,0.0088,0.000165,0.0,0.0,0.0,0.0,0.000165,0.0
TXG,"10x Genomics, Inc.",,,D,ineligible,,,D,0.191228,0.142308,1,,0,,,0,no_upcoming,9,headwind,deep_drawdown,XS,ineligible,smart_money_score:+25.2;clinical_score:-24.8;financial_score:-17.9,tier=;reason=;cat_days=NA;strength=missing;decay_w=0.0,v1.3.0,31f399e0,0,financials_missing,1,"cash_runway_lt_6m,survivability_critical","{""burn_ttm"": 0.0, ""cash_total"": 0.0, ""dilution_risk"": null, ""has_revenue"": null, ""lead_phase"": null, ""runway_months"": 0.0, ""stage_bucket"": ""late"", ""surv_score"": ""-5.0"", ""tier1_count"": 1}",late|none|nonpos,0.06036250933786078,31.956389,-0.2843,132,1,,0.0,1,1,neutral,-0.7775,elite_1,0.0,0.0,0.0,,,0.0,0,0,0,True,False,True,missing,0.0,critical,<=1000bps,422.35,0.85,1,0,1.0,0,1.0,0,,False,no_upcoming,-0.205085,price_history,,1,0.842,price_history,,-0.385996,,24.1695,0.7498,-0.214608,-0.171388,late,mid,none,platform_services,morningstar,,,,0,0.7786436182445381372173246455,36.01,41.25000000000000000000000000,55.0,55.33,5,11.97530864197530864197530864,3.7415,-1.6883,3.0,1116,4,1.0,0.333,0,1,0.0,0.4,0.5,respiratory,0.6955,crowded,1.0,55,0.06036250933786078,0.808772,0.8734,8.94,0.057895,-1.5727,0.003018,0.0,0.0,0.0,0.0,0.003018,0.0
STVN,Stevanato Group S.p.A.,,,D,ineligible,,,D,0.882456,0.180769,1,,0,,,0,no_upcoming,9,tailwind,,XS,ineligible,momentum_score:+30.9;financial_score:-28.8;clinical_score:-18.3,tier=;reason=;cat_days=NA;strength=missing;decay_w=0.0,v1.3.0,31f399e0,0,financials_missing,1,"cash_runway_lt_6m,survivability_critical","{""burn_ttm"": 0.0, ""cash_total"": 0.0, ""dilution_risk"": null, ""has_revenue"": null, ""lead_phase"": null, ""runway_months"": 0.0, ""stage_bucket"": ""early"", ""surv_score"": ""-5.0"", ""tier1_count"": 0}",early|none|nonpos,0.003309939393939394,32.69,-1.777,,0,,0.0,0,0,neutral,-1.1662,,0.0,0.0,0.0,,,0.0,0,0,0,True,False,True,missing,0.0,critical,<=2000bps,1065.18,0.7,1,0,1.0,0,1.0,0,,False,no_upcoming,0.134753,price_history,,0,0.8549,price_history,,-0.090166,,62.9585,0.4363,-0.214608,0.124442,early,unknown,sev2,platform_devices,morningstar,,,,0,0.5353842517993339778708776453,64.70,50,,50,15.54271604938271604938271605,5,15.7177,-1.1829,,,,,,,,,,,,-1.6642,unknown,1.0,252,0.003309939393939394,0.117544,-1.1874,5.50,0.022807,-1.9989,0.000165,0.0,0.0,0.0,0.0,0.000165,0.0
CSTL,"Castle Biosciences, Inc.",,,D,ineligible,,,D,0.791228,0.796154,1,,0,,,0,no_upcoming,9,headwind,deep_drawdown|deep_drawdown_rel_xbi,XS,ineligible,financial_score:+31.0;clinical_score:-30.1;momentum_score:-5.3,tier=;reason=;cat_days=NA;strength=missing;decay_w=0.0,v1.3.0,31f399e0,0,deep_drawdown,0,,"{""burn_ttm"": 0.0, ""cash_total"": 287542000.0, ""dilution_risk"": null, ""has_revenue"": null, ""lead_phase"": null, ""runway_months"": null, ""stage_bucket"": ""early"", ""surv_score"": ""3.0"", ""tier1_count"": 0}",early|none|nonpos,0.003309939393939394,63.3315,-1.777,,0,,0.0,0,0,neutral,-1.1662,,0.0,0.0,0.0,,,0.0,0,0,0,True,False,True,missing,0.0,adequate,<=1000bps,918.38,0.85,1,0,1.0,0,1.0,0,,False,no_upcoming,-0.018752,price_history,,0,0.6072,price_history,,-0.492804,,29.081,0.5471,-0.214608,-0.278196,early,small,sev1,platform_diagnostics,morningstar,,,,0,0.6982341954022988505747126437,40.33,50,,59.33,15.54271604938271604938271605,76.66666666666666666666666666,15.7177,-1.1829,,,,,,,,,,,,-1.6642,unknown,1.0,226,0.003309939393939394,0.208772,-0.8107,18.86,0.380702,-0.3036,0.000165,0.0,0.0,0.0,0.0,0.000165,0.0
CTKB,"Cytek Biosciences, Inc.",,,D,ineligible,,,D,0.794737,0.311538,1,,0,,,0,no_upcoming,9,headwind,deep_drawdown|deep_drawdown_rel_xbi,XS,ineligible,clinical_score:-17.9;catalyst_score:+16.6;financial_score:+6.9,tier=;reason=;cat_days=NA;strength=missing;decay_w=0.0,v1.3.0,31f399e0,0,deep_drawdown,0,,"{""burn_ttm"": 3915000.0, ""cash_total"": 93281000.0, ""dilution_risk"": null, ""has_revenue"": null, ""lead_phase"": null, ""runway_months"": 285.91877394636015, ""stage_bucket"": ""early"", ""surv_score"": ""2.0"", ""tier1_count"": 0}",early|none|nonpos,0.003309939393939394,41.220889,-1.777,,0,,0.0,0,0,neutral,-1.1662,,0.0,0.0,0.0,,,0.0,0,0,0,True,False,True,missing,0.0,adequate,<=2000bps,1537.39,0.7,1,0,1.0,0,1.0,0,,False,no_upcoming,-0.366078,price_history,,0,0.323,price_history,,-0.655748,,21.0808,0.7238,-0.214608,-0.44114,early,small,sev1,platform_devices,morningstar,,,,0,0.6840868857589984350547730829,27.91,50,,50,15.54271604938271604938271605,40.30864197530864197530864198,15.7177,-1.1829,,,,,,,,,,,,-1.6642,unknown,1.0,227,0.003309939393939394,0.205263,-0.823,14.00,0.173684,-0.9397,0.000165,0.0,0.0,0.0,0.0,0.000165,0.0
PSNL,"Personalis, Inc.",,,D,ineligible,,,D,0.868421,0.419231,1,,0,,,0,no_upcoming,9,headwind,deep_drawdown|deep_drawdown_rel_xbi,XS,ineligible,clinical_score:-19.1;catalyst_score:+15.4;financial_score:+15.4,tier=;reason=;cat_days=NA;strength=missing;decay_w=0.0,v1.3.0,31f399e0,0,deep_drawdown,0,,"{""burn_ttm"": 52700000.0, ""cash_total"": 150515000.0, ""dilution_risk"": null, ""has_revenue"": null, ""lead_phase"": null, ""runway_months"": 34.18205904617714, ""stage_bucket"": ""early"", ""surv_score"": ""3.0"", ""tier1_count"": 0}",early|none|nonpos,0.003309939393939394,44.58,-1.777,,0,,0.0,0,0,neutral,-1.1662,,0.0,0.0,0.0,,,0.0,0,0,0,True,False,True,missing,0.0,adequate,<=1000bps,905.17,0.85,1,0,1.0,0,1.0,0,,False,no_upcoming,-0.243335,price_history,,0,1.5128,price_history,,-0.719424,,33.7735,1.0777,-0.214608,-0.504816,early,small,sev1,platform_diagnostics,morningstar,,,,0,0.6179161438728565453785027185,22.90,50,,50,15.54271604938271604938271605,50,15.7177,-1.1829,,,,,,,,,,,,-1.6642,unknown,1.0,248,0.003309939393939394,0.131579,-1.119,13.10,0.142105,-1.0709,0.000165,0.0,0.0,0.0,0.0,0.000165,0.0
