ticker,company_name,actionable_rank,target_weight_pct,tier_any,tier_any_reason,tier_dev,tier_reason,tier_commercial,alpha_cohort_pct,commercial_quality_pct,has_commercial_quality,clinical_optionality_pct_dev,has_clinical_optionality_dev,clinical_rank_pct_dev,catalyst_days,catalyst_in_window,catalyst_mode,cat_priority,mom_state,risk_flags,size_band,size_reasons,top_3_drivers,catalyst_reason_detail,decision_engine_version,decision_engine_ruleset_id,eligible,ineligible_reasons,fundamental_red_flag,fundamental_red_flag_reasons,fundamental_red_flag_inputs,alpha_cohort_key,alpha_cohort_raw,commercial_quality,clinical_alpha_z,clinical_readout_days,clinical_coverage_flag,clinical_score_z,clinical_score_z_tier,sponsor_tier1_count,sponsor_overlap_count,sponsor_net_buying,coinvest_score_z,coinvest_tag,coinvest_conviction,coinvest_tier1_conviction,coinvest_max_position_pct,coinvest_filing_age_days,coinvest_recency_state,inst_delta_z,inst_delta_net,inst_delta_new,inst_delta_exit,has_coinvest_signal,has_inst_delta,has_catalyst_signal,catalyst_strength,catalyst_decay_w,runway_bucket,cost_bucket,est_cost_bps,cost_mult,cost_haircut_applied,dd_rel_margin_rescued,catalyst_tilt_mult,catalyst_tilt_applied,mom_state_tilt_mult,mom_state_tilt_applied,de_catalyst_days,de_catalyst_in_window,de_catalyst_mode,de_alpha_60d,de_alpha_60d_source,de_alpha_60d_missing_reason,de_tier1_count,de_beta_xbi_60d,de_beta_xbi_60d_source,de_beta_xbi_60d_missing_reason,de_drawdown,de_drawdown_missing_reason,de_rsi_14d,de_vol_60d,de_drawdown_xbi,de_drawdown_rel_xbi,stage_bucket,market_cap_bucket,severity,archetype,returns_source,catalyst_source,catalyst_event_type,missing_components,missingness_penalty,confidence_overall,momentum_score,catalyst_score,smart_money_score,valuation_score,clinical_score,financial_score,clinical_score_v2,clinical_score_v2_z,lead_program_phase,lead_program_readout_days,program_count,program_diversification,readout_curve_score,readout_density_90,late_stage_readouts_180,execution_momentum,design_quality_score,endpoint_strength_score,therapeutic_area,competitive_intensity_z,crowding_level,sizing_multiplier_clinical,composite_rank,composite_score,score_rank_pct,score_z,composite_score_attn,score_rank_pct_attn,score_z_attn
RCKT,"Rocket Pharmaceuticals, Inc.",1,0.85,A,high_opt+catalyst_near,A,high_opt+catalyst_near,,0.786538,,0,0.65,1,0.35,109,0,specific_days,9,tailwind,deep_drawdown,L,tier_a_dev|sponsor_confirmed|momentum_tailwind,clinical_score:-15.6;smart_money_score:+13.4;financial_score:+7.8,tier=A;reason=high_opt+catalyst_near;cat_days=109;strength=near;decay_w=1.0,v1.3.0,31f399e0,1,,0,,"{""burn_ttm"": 155174000.0, ""cash_total"": 222758000.0, ""dilution_risk"": null, ""has_revenue"": null, ""lead_phase"": null, ""runway_months"": 17.070450597731686, ""stage_bucket"": ""mid"", ""surv_score"": ""2.0"", ""tier1_count"": 3}",mid|near_91_180|nonpos,-0.014348999999999997,,0.3953,0,1,-0.3766,0.0,3,3,buying,0.0344,elite_3,0.0,0.0,0.0,,,0.0,0,0,0,True,False,True,near,1.0,adequate,<=1000bps,956.37,0.85,1,0,1.0,0,1.0,0,109,False,specific_days,0.142105,price_history,,3,1.4411,price_history,,-0.485207,,58.9631,0.6262,-0.272516,-0.212691,mid,small,sev1,drug_developer,morningstar,,,,0,0.7990524420436641908620301598,54.17,45.56250000000000000000000000,66.0,77.27,37.09056411680318385857744459,60.40816326530612244897959184,36.4671,-0.3137,2.0,109,7,1.0,0.1018,0,0,0.0,0.3,0.95,oncology,-1.6307,uncrowded,1.0,205,-0.014348999999999997,0.213462,-0.7945,25.98,0.544231,0.1111
TRDA,"Entrada Therapeutics, Inc.",2,0.08,B,high_opt+no_catalyst_data,B,high_opt+no_catalyst_data,,0.994231,,0,0.634615,1,0.365385,,0,no_upcoming,9,neutral,drawdown_data_missing,XS,runway_short|cost_haircut_>2000bps,financial_score:-31.7;momentum_score:+13.3;smart_money_score:+12.8,tier=B;reason=high_opt+no_catalyst_data;cat_days=NA;strength=missing;decay_w=0.0,v1.3.0,31f399e0,1,,0,,"{""burn_ttm"": 128512000.0, ""cash_total"": 90394000.0, ""dilution_risk"": null, ""has_revenue"": null, ""lead_phase"": null, ""runway_months"": 8.440674800796813, ""stage_bucket"": ""early"", ""surv_score"": ""-2.0"", ""tier1_count"": 1}",early|none|pos,-0.1,,-1.4516,,0,-0.3426,1.4622,1,1,selling,-0.7434,elite_1,0.0,0.0,0.0,,,0.0,0,0,0,True,False,True,missing,0.0,short,>2000bps,2020.0,0.55,1,0,1.0,0,1.0,0,,False,no_upcoming,,,beta_missing:insufficient_overlap,1,,,insufficient_overlap,,series_too_short,,0.5606,-0.272516,,early,small,sev2,drug_developer,morningstar,,,drawdown,1,0.7764056268100951592883740174,50,41.25000000000000000000000000,49.5,50,37.89683144507104269335636506,5,36.4412,-0.3148,0.0,1177,1,0.0,0.0,0,0,0.0,0.0,0.5,other,-0.453,uncrowded,1.0,259,-0.1,0.005769,-2.526,9.15,0.067308,-1.4961
TNYA,"Tenaya Therapeutics, Inc.",3,0.21,B,high_opt+no_catalyst_data,B,high_opt+no_catalyst_data,,0.990385,,0,0.688462,1,0.311538,,0,no_upcoming,9,tailwind,drawdown_data_missing,S,momentum_tailwind|runway_short|cost_haircut_<=2000bps,financial_score:-26.7;momentum_score:+22.9;smart_money_score:+13.3,tier=B;reason=high_opt+no_catalyst_data;cat_days=NA;strength=missing;decay_w=0.0,v1.3.0,31f399e0,1,,0,,"{""burn_ttm"": 54324000.0, ""cash_total"": 65308000.0, ""dilution_risk"": null, ""has_revenue"": null, ""lead_phase"": null, ""runway_months"": 14.426330903468081, ""stage_bucket"": ""early"", ""surv_score"": ""2.0"", ""tier1_count"": 1}",early|none|pos,-0.1,,-1.4725,,0,-0.5131,1.1382,1,1,buying,-0.7434,elite_1,0.0,0.0,0.0,,,0.0,0,0,0,True,False,True,missing,0.0,short,<=2000bps,1908.19,0.7,1,0,1.0,0,1.0,0,,False,no_upcoming,0.227454,price_history,,1,0.5624,price_history,,,series_too_short,56.2063,1.1737,-0.272516,,early,micro,sev2,drug_developer,morningstar,,,drawdown,1,0.7096147904006591822020805438,65.13,41.25000000000000000000000000,55.5,50,33.85882910802892512997679894,15.49780690612880827787092076,32.4032,-0.4856,0.0,2393,1,0.0,0.0,0,0,0.0,0.0,0.5,other,-2.1017,uncrowded,1.0,258,-0.1,0.009615,-2.341,8.38,0.048077,-1.6638
SANA,"Sana Biotechnology, Inc.",4,0.85,B,high_opt+no_catalyst_data,B,high_opt+no_catalyst_data,,0.971154,,0,0.626923,1,0.373077,,0,no_upcoming,9,neutral,deep_drawdown,L,sponsor_confirmed,financial_score:-29.2;smart_money_score:+19.6;momentum_score:+11.8,tier=B;reason=high_opt+no_catalyst_data;cat_days=NA;strength=missing;decay_w=0.0,v1.3.0,31f399e0,1,,0,,"{""burn_ttm"": 111187000.0, ""cash_total"": 153054000.0, ""dilution_risk"": null, ""has_revenue"": null, ""lead_phase"": null, ""runway_months"": 16.51854983046579, ""stage_bucket"": ""early"", ""surv_score"": ""1.0"", ""tier1_count"": 2}",early|none|pos,-0.1,,-1.4336,,0,-0.2846,1.5723,2,2,buying,-0.3545,elite_2,0.0,0.0,0.0,,,0.0,0,0,0,True,False,True,missing,0.0,adequate,<=1000bps,861.68,0.85,1,0,1.0,0,1.0,0,,False,no_upcoming,-0.011542,price_history,,2,1.1864,price_history,,-0.494253,,53.4264,1.1156,-0.272516,-0.221737,early,small,sev1,drug_developer,morningstar,,,,0,0.7156305229233808088158852272,53.20,41.25000000000000000000000000,61.0,50,39.26992836457857033988721232,12.13294375456537618699780862,37.4643,-0.2715,0.0,3313,1,0.0,0.0,0,0,0.0,0.0,0.55,metabolic,0.7247,highly_crowded,1.0,253,-0.1,0.028846,-1.898,14.41,0.186538,-0.8907
FHTX,Foghorn Therapeutics Inc.,5,0.33,B,high_opt+no_catalyst_data,B,high_opt+no_catalyst_data,,0.909615,,0,0.603846,1,0.396154,,0,no_upcoming,9,tailwind,deep_drawdown,M,momentum_tailwind|cost_haircut_>2000bps,momentum_score:+33.2;financial_score:-29.5;smart_money_score:+6.0,tier=B;reason=high_opt+no_catalyst_data;cat_days=NA;strength=missing;decay_w=0.0,v1.3.0,31f399e0,1,,0,,"{""burn_ttm"": 63828000.0, ""cash_total"": 89334000.0, ""dilution_risk"": null, ""has_revenue"": null, ""lead_phase"": null, ""runway_months"": 16.795262267343485, ""stage_bucket"": ""early"", ""surv_score"": ""2.0"", ""tier1_count"": 1}",early|none|pos,-0.1,,-1.3263,748,1,-0.1669,1.7959,1,1,neutral,-0.7434,elite_1,0.0,0.0,0.0,,,0.0,0,0,0,True,False,True,missing,0.0,adequate,>2000bps,2036.0,0.55,1,0,1.0,0,1.0,0,,False,no_upcoming,0.411109,price_history,,1,0.9181,price_history,,-0.434699,,67.2315,0.9327,-0.272516,-0.162183,early,small,sev1,drug_developer,morningstar,,,,0,0.7395278509966234614965690012,79.65,41.25000000000000000000000000,52.5,60.59,42.05676641433385832105539467,16.99618537456375294213132051,41.0833,-0.1184,1.0,748,3,0.6667,0.001,0,0,0.0,0.3,0.85,oncology,0.7247,highly_crowded,1.0,237,-0.1,0.090385,-1.3384,17.09,0.290385,-0.5523
DYN,"Dyne Therapeutics, Inc.",6,0.51,B,high_opt+no_catalyst_data,B,high_opt+no_catalyst_data,,0.901923,,0,0.657692,1,0.342308,,0,no_upcoming,9,headwind,deep_drawdown,M,sponsor_confirmed|momentum_headwind,smart_money_score:+34.0;financial_score:-12.1;clinical_score:-9.4,tier=B;reason=high_opt+no_catalyst_data;cat_days=NA;strength=missing;decay_w=0.0,v1.3.0,31f399e0,1,,0,,"{""burn_ttm"": 291375000.0, ""cash_total"": 573610000.0, ""dilution_risk"": null, ""has_revenue"": null, ""lead_phase"": null, ""runway_months"": 23.382986890781424, ""stage_bucket"": ""early"", ""surv_score"": ""3.0"", ""tier1_count"": 8}",early|none|pos,-0.1,,-1.4609,,0,-0.4,1.3531,8,8,buying,1.979,elite_8,0.0,0.0,0.0,,,0.0,0,0,0,True,False,True,missing,0.0,adequate,<=1000bps,520.7,0.85,1,0,1.0,0,1.0,0,,False,no_upcoming,-0.129585,price_history,,8,0.5909,price_history,,-0.512969,,42.4305,0.7655,-0.272516,-0.240453,early,mid,sev1,drug_developer,morningstar,,,,0,0.7250861618798955613577023499,38.17,41.25000000000000000000000000,80.0,50,36.53728259581025927619434707,33.85882910802892512997679894,35.0817,-0.3723,0.0,2027,2,0.0,0.0,0,0,0.0,0.0,0.5,other,-0.453,uncrowded,1.0,235,-0.1,0.098077,-1.2926,23.86,0.513462,0.0337
RAPT,"RAPT Therapeutics, Inc.",7,1.0,B,high_opt+no_catalyst_data,B,high_opt+no_catalyst_data,,0.848077,,0,0.880769,1,0.119231,,0,no_upcoming,9,tailwind,high_vol,L,sponsor_confirmed|momentum_tailwind|high_risk,clinical_score:-38.7;momentum_score:+29.6;smart_money_score:+27.8,tier=B;reason=high_opt+no_catalyst_data;cat_days=NA;strength=missing;decay_w=0.0,v1.3.0,31f399e0,1,,0,,"{""burn_ttm"": 76143000.0, ""cash_total"": 157344000.0, ""dilution_risk"": null, ""has_revenue"": null, ""lead_phase"": null, ""runway_months"": 24.797131712698476, ""stage_bucket"": ""mid"", ""surv_score"": ""5.0"", ""tier1_count"": 5}",mid|none|nonpos,-0.025323375,,0.3749,0,1,-1.4771,-0.6932,5,5,buying,0.8122,elite_5,0.0,0.0,0.0,,,0.0,0,0,0,True,False,True,missing,0.0,adequate,<=400bps,273.59,1.0,0,0,1.0,0,1.0,0,,False,no_upcoming,0.180071,price_history,,5,1.0282,price_history,,-0.068466,,60.185,1.4599,-0.272516,0.20405,mid,small,none,drug_developer,morningstar,,,,0,0.7846554829993244764692636794,79.29,41.25000000000000000000000000,77.5,25.76,11.02920079596464436114581887,39.35443565181174510620574760,10.5151,-1.4115,2.0,305,4,1.0,0.0788,0,0,0.0,0.4,0.95,oncology,0.7247,highly_crowded,1.0,221,-0.025323375,0.151923,-1.0282,15.99,0.240385,-0.7051
IVVD,"Invivyd, Inc.",8,0.1,B,high_opt+no_catalyst_data,B,high_opt+no_catalyst_data,,0.825,,0,0.980769,1,0.019231,,0,no_upcoming,9,headwind,high_vol|drawdown_data_missing,XS,sponsor_confirmed|momentum_headwind|high_risk|cost_haircut_<=2000bps,smart_money_score:+31.8;clinical_score:-28.7;catalyst_score:+7.5,tier=B;reason=high_opt+no_catalyst_data;cat_days=NA;strength=missing;decay_w=0.0,v1.3.0,31f399e0,1,,0,,"{""burn_ttm"": 42680000.0, ""cash_total"": 84967000.0, ""dilution_risk"": null, ""has_revenue"": null, ""lead_phase"": null, ""runway_months"": 23.88950328022493, ""stage_bucket"": ""mid"", ""surv_score"": ""2.0"", ""tier1_count"": 3}",mid|none|nonpos,-0.025323375,,-0.4627,90,1,-1.7317,-1.1769,3,3,buying,0.0344,elite_3,0.0,0.0,0.0,,,0.0,0,0,0,True,False,True,missing,0.0,adequate,<=2000bps,1286.76,0.7,1,0,1.0,0,1.0,0,,False,no_upcoming,-0.369322,price_history,,3,1.2064,price_history,,,series_too_short,29.7884,1.2594,-0.272516,,mid,small,sev1,drug_developer,morningstar,,,drawdown,1,0.7535126882173317889859955776,26.25,41.25000000000000000000000000,65.5,50,5,30.52107917997130825119163312,4.7865,-1.6539,2.0,90,1,0.0,0.5234,1,1,0.0,0.4,0.55,infectious_disease,0.7247,highly_crowded,1.0,215,-0.025323375,0.175,-0.9346,11.87,0.098077,-1.2926
CNTX,Context Therapeutics Inc.,9,0.21,B,high_opt+no_catalyst_data,B,high_opt+no_catalyst_data,,0.801923,,0,0.911538,1,0.088462,,0,no_upcoming,9,neutral,drawdown_data_missing,S,cost_haircut_<=2000bps,clinical_score:-35.0;financial_score:+28.9;momentum_score:+7.4,tier=B;reason=high_opt+no_catalyst_data;cat_days=NA;strength=missing;decay_w=0.0,v1.3.0,31f399e0,1,,0,,"{""burn_ttm"": 17442425.0, ""cash_total"": 76938183.0, ""dilution_risk"": null, ""has_revenue"": null, ""lead_phase"": null, ""runway_months"": 52.93175667947548, ""stage_bucket"": ""mid"", ""surv_score"": ""3.0"", ""tier1_count"": 0}",mid|none|nonpos,-0.025323375,,-0.7961,507,1,-1.623,-0.9703,0,0,neutral,-1.1323,,0.0,0.0,0.0,,,0.0,0,0,0,True,False,True,missing,0.0,adequate,<=2000bps,1735.81,0.7,1,0,1.0,0,1.0,0,,False,no_upcoming,,,beta_missing:insufficient_overlap,0,,,insufficient_overlap,,series_too_short,52.3694,,-0.272516,,mid,micro,none,drug_developer,morningstar,,,drawdown,1,0.7678470691934773027765535478,50,41.25000000000000000000000000,,80.30,7.575084455550927854134851226,71.42857142857142857142857143,6.6016,-1.5771,2.0,507,4,1.0,0.0179,0,0,0.0,0.3,0.95,oncology,0.7247,highly_crowded,1.0,209,-0.025323375,0.198077,-0.8485,13.81,0.182692,-0.9052
RVMD,"Revolution Medicines, Inc.",10,1.0,B,high_opt+no_catalyst_data,B,high_opt+no_catalyst_data,,0.755769,,0,0.619231,1,0.380769,,0,no_upcoming,9,tailwind,deep_drawdown,L,sponsor_confirmed|momentum_tailwind,smart_money_score:+20.6;clinical_score:-17.0;catalyst_score:-15.2,tier=B;reason=high_opt+no_catalyst_data;cat_days=NA;strength=missing;decay_w=0.0,v1.3.0,31f399e0,1,,0,,"{""burn_ttm"": 897741000.0, ""cash_total"": 2025679000.0, ""dilution_risk"": null, ""has_revenue"": null, ""lead_phase"": null, ""runway_months"": 27.077016645112565, ""stage_bucket"": ""mid"", ""surv_score"": ""5.0"", ""tier1_count"": 8}",mid|none|pos,-0.0005933841807909605,,-0.3189,88,1,-0.281,1.5791,8,8,buying,1.979,elite_8,0.0,0.0,0.0,,,0.0,0,0,0,True,False,True,missing,0.0,adequate,<=400bps,174.63,1.0,0,0,1.0,0,1.0,0,,False,no_upcoming,0.263434,price_history,,8,1.0835,price_history,,-0.39684,,63.1933,0.4254,-0.272516,-0.124324,mid,large,none,drug_developer,morningstar,,,,0,0.8553730209442669506567270146,61.55,41.25000000000000000000000000,77.0,10.00,39.35443565181174510620574760,62.85714285714285714285714286,38.8732,-0.2119,2.0,964,4,1.0,0.1245,1,0,0.0,0.3,0.95,oncology,0.7247,highly_crowded,1.0,197,-0.0005933841807909605,0.244231,-0.6928,32.35,0.640385,0.3595
REPL,"Replimune Group, Inc.",11,0.85,B,high_opt+no_catalyst_data,B,high_opt+no_catalyst_data,,0.748077,,0,0.757692,1,0.242308,,0,no_upcoming,9,neutral,deep_drawdown,L,sponsor_confirmed,clinical_score:-22.4;financial_score:+15.0;momentum_score:+6.5,tier=B;reason=high_opt+no_catalyst_data;cat_days=NA;strength=missing;decay_w=0.0,v1.3.0,31f399e0,1,,0,,"{""burn_ttm"": 224183000.0, ""cash_total"": 269137000.0, ""dilution_risk"": null, ""has_revenue"": null, ""lead_phase"": null, ""runway_months"": 14.12718492467587, ""stage_bucket"": ""mid"", ""surv_score"": ""2.0"", ""tier1_count"": 5}",mid|none|pos,-0.0005933841807909605,,-0.7858,1389,1,-0.9174,0.3702,5,5,selling,0.8122,elite_5,0.0,0.0,0.0,,,0.0,0,0,0,True,False,True,missing,0.0,adequate,<=1000bps,964.73,0.85,1,0,1.0,0,1.0,0,,False,no_upcoming,0.072178,price_history,,5,1.2356,price_history,,-0.364862,,63.795,0.5897,-0.272516,-0.092346,mid,small,sev1,drug_developer,morningstar,,,,0,0.8014295339696799550814149354,53.12,41.25000000000000000000000000,53.0,59.09,24.28478874543014484705446805,61.63265306122448979591836734,23.3113,-0.8702,2.0,1389,4,1.0,0.0,0,0,0.0,0.3,0.95,oncology,0.7247,highly_crowded,1.0,195,-0.0005933841807909605,0.251923,-0.6685,19.01,0.371154,-0.3288
NUVB,Nuvation Bio Inc.,12,0.51,B,high_opt+no_catalyst_data,B,high_opt+no_catalyst_data,,0.732692,,0,0.734615,1,0.265385,,0,no_upcoming,9,neutral,high_vol|deep_drawdown,M,sponsor_confirmed|high_risk,financial_score:+24.7;clinical_score:-21.6;catalyst_score:-6.7,tier=B;reason=high_opt+no_catalyst_data;cat_days=NA;strength=missing;decay_w=0.0,v1.3.0,31f399e0,1,,0,,"{""burn_ttm"": 143694000.0, ""cash_total"": 549045000.0, ""dilution_risk"": null, ""has_revenue"": null, ""lead_phase"": null, ""runway_months"": 44.273359540368915, ""stage_bucket"": ""mid"", ""surv_score"": ""3.0"", ""tier1_count"": 6}",mid|none|pos,-0.0005933841807909605,,0.3853,0,1,-0.8312,0.534,6,6,selling,1.2011,elite_6,0.0,0.0,0.0,,,0.0,0,0,0,True,False,True,missing,0.0,adequate,<=1000bps,551.15,0.85,1,0,1.0,0,1.0,0,,False,no_upcoming,0.148185,price_history,,6,0.9078,price_history,,-0.354839,,51.5421,1.2485,-0.272516,-0.082323,mid,mid,none,drug_developer,morningstar,,,,0,0.7815896253602305475504322767,46.53,41.25000000000000000000000000,53.0,31.82,26.32653061224489795918367346,72.65306122448979591836734694,25.3531,-0.7838,2.0,938,6,1.0,0.0224,0,0,0.0,0.3,0.95,oncology,0.7247,highly_crowded,1.0,191,-0.0005933841807909605,0.267308,-0.621,21.03,0.417308,-0.2088
INBX,"Inhibrx Biosciences, Inc.",13,0.85,B,high_opt+no_catalyst_data,B,high_opt+no_catalyst_data,,0.721154,,0,0.680769,1,0.319231,,0,no_upcoming,9,neutral,drawdown_data_missing,L,sponsor_confirmed,smart_money_score:+22.3;financial_score:-15.8;clinical_score:-9.3,tier=B;reason=high_opt+no_catalyst_data;cat_days=NA;strength=missing;decay_w=0.0,v1.3.0,31f399e0,1,,0,,"{""burn_ttm"": 99672000.0, ""cash_total"": 153088000.0, ""dilution_risk"": null, ""has_revenue"": null, ""lead_phase"": null, ""runway_months"": 18.431013725018058, ""stage_bucket"": ""mid"", ""surv_score"": ""3.0"", ""tier1_count"": 3}",mid|none|pos,-0.0005933841807909605,,-0.7239,279,1,-0.4707,1.2188,3,3,buying,0.0344,elite_3,0.0,0.0,0.0,,,0.0,0,0,0,True,False,True,missing,0.0,adequate,<=1000bps,811.15,0.85,1,0,1.0,0,1.0,0,,False,no_upcoming,,,beta_missing:series_too_short,3,,,series_too_short,,no_price_series,,0.7023,-0.272516,,mid,small,sev1,drug_developer,morningstar,,,drawdown,1,0.7778532089468360121389232326,50,41.25000000000000000000000000,66.5,40.91,34.86371419316025730019899116,28.40529409042528576056272850,34.3496,-0.4032,2.0,1418,5,1.0,0.0245,0,0,0.0,0.4,0.95,oncology,0.7247,highly_crowded,1.0,188,-0.0005933841807909605,0.278846,-0.5863,17.89,0.328846,-0.4431
COGT,"Cogent Biosciences, Inc.",14,1.0,B,high_opt+no_catalyst_data,B,high_opt+no_catalyst_data,,0.701923,,0,0.780769,1,0.219231,,0,no_upcoming,9,tailwind,high_vol|overbought_rsi,L,sponsor_confirmed|momentum_tailwind|high_risk,smart_money_score:+38.2;clinical_score:-26.4;financial_score:-24.5,tier=B;reason=high_opt+no_catalyst_data;cat_days=NA;strength=missing;decay_w=0.0,v1.3.0,31f399e0,1,,0,,"{""burn_ttm"": 264444000.0, ""cash_total"": 312012000.0, ""dilution_risk"": null, ""has_revenue"": null, ""lead_phase"": null, ""runway_months"": 14.158551526977357, ""stage_bucket"": ""mid"", ""surv_score"": ""0.0"", ""tier1_count"": 7}",mid|none|pos,-0.0005933841807909605,,0.3809,0,1,-1.0851,0.0515,7,7,buying,1.5901,elite_7,0.0,0.0,0.0,,,0.0,0,0,0,True,False,True,missing,0.0,adequate,<=400bps,346.16,1.0,0,0,1.0,0,1.0,0,,False,no_upcoming,0.173811,price_history,,7,0.6696,price_history,,-0.192929,,73.3995,2.489,-0.272516,0.079587,mid,mid,sev1,drug_developer,morningstar,,,,0,0.7825512318673727837900069077,64.93,41.25000000000000000000000000,85,13.64,20.31236984589754269054560599,22.28006848998102642417511222,19.6889,-1.0234,2.0,1389,5,1.0,0.0,0,0,0.0,0.3,0.95,oncology,-0.453,uncrowded,1.0,183,-0.0005933841807909605,0.298077,-0.5299,16.07,0.244231,-0.6928
CELC,Celcuity Inc.,15,0.6,B,high_opt+no_catalyst_data,B,high_opt+no_catalyst_data,,0.698077,,0,0.765385,1,0.234615,,0,no_upcoming,9,headwind,deep_drawdown,M,sponsor_confirmed|momentum_headwind,smart_money_score:+35.2;clinical_score:-25.5;momentum_score:-13.4,tier=B;reason=high_opt+no_catalyst_data;cat_days=NA;strength=missing;decay_w=0.0,v1.3.0,31f399e0,1,,0,,"{""burn_ttm"": 116881000.0, ""cash_total"": 454978000.0, ""dilution_risk"": null, ""has_revenue"": null, ""lead_phase"": null, ""runway_months"": 46.71192067145216, ""stage_bucket"": ""mid"", ""surv_score"": ""4.0"", ""tier1_count"": 6}",mid|none|pos,-0.0005933841807909605,,-0.2375,68,1,-1.002,0.2094,6,6,buying,1.2011,elite_6,0.0,0.0,0.0,,,0.0,0,0,0,True,False,True,missing,0.0,adequate,<=400bps,347.34,1.0,0,0,1.0,0,1.0,0,,False,no_upcoming,-0.20487,price_history,,6,1.4553,price_history,,-0.434853,,42.7634,,-0.272516,-0.162337,mid,mid,none,drug_developer,morningstar,,,,0,0.7815738498789346246973365617,34.38,41.25000000000000000000000000,83.0,16.67,22.28006848998102642417511222,57.95918367346938775510204081,22.1749,-0.9183,2.0,717,6,1.0,0.1449,1,0,0.0,0.3,0.95,oncology,-0.453,uncrowded,1.0,182,-0.0005933841807909605,0.301923,-0.5189,19.37,0.382692,-0.2984
CTMX,"CytomX Therapeutics, Inc.",16,0.85,B,high_opt+catalyst_far,B,high_opt+catalyst_far,,0.498077,,0,0.857692,1,0.142308,384,0,specific_days,9,tailwind,overbought_rsi,L,catalyst_far_lift|sponsor_confirmed|momentum_tailwind,clinical_score:-36.0;smart_money_score:+34.2;momentum_score:+21.3,tier=B;reason=high_opt+catalyst_far;cat_days=384;strength=far;decay_w=0.3,v1.3.0,31f399e0,1,,0,,"{""burn_ttm"": 52344000.0, ""cash_total"": 34185000.0, ""dilution_risk"": null, ""has_revenue"": null, ""lead_phase"": null, ""runway_months"": 7.837001375515818, ""stage_bucket"": ""mid"", ""surv_score"": ""-2.0"", ""tier1_count"": 6}",mid|far_271_540|nonpos,0.008457379310344827,,0.3752,0,1,-1.4019,-0.5502,6,6,buying,1.2011,elite_6,0.0,0.0,0.0,,,0.0,0,0,0,True,False,True,far,0.3,adequate,<=1000bps,786.14,0.85,1,0,1.0,0,1.0,0,384,False,specific_days,0.565925,price_history,,6,0.8932,price_history,,-0.291625,,77.0378,0.9241,-0.272516,-0.019109,mid,small,none,drug_developer,morningstar,,,,0,0.7857006297795771479982006298,70.09,45.56250000000000000000000000,83.0,53.03,12.81179138321995464852607710,32.67388588088296543107038733,11.8383,-1.3556,2.0,567,6,1.0,0.0213,0,0,0.0,0.3,0.95,oncology,0.7247,highly_crowded,1.0,130,0.008457379310344827,0.501923,0.0048,12.93,0.128846,-1.1319
XENE,Xenon Pharmaceuticals Inc.,17,0.85,B,high_opt+no_catalyst_data,B,high_opt+no_catalyst_data,,0.494231,,0,0.665385,1,0.334615,,0,no_upcoming,9,tailwind,,L,sponsor_confirmed|momentum_tailwind,momentum_score:+29.8;clinical_score:-22.1;smart_money_score:+18.9,tier=B;reason=high_opt+no_catalyst_data;cat_days=NA;strength=missing;decay_w=0.0,v1.3.0,31f399e0,1,,0,,"{""burn_ttm"": 197637000.0, ""cash_total"": 462268000.0, ""dilution_risk"": null, ""has_revenue"": null, ""lead_phase"": null, ""runway_months"": 28.067699874011446, ""stage_bucket"": ""late"", ""surv_score"": ""5.0"", ""tier1_count"": 8}",late|none|pos,0.01745745864661654,,0.9098,0,1,-0.422,1.3113,8,8,buying,1.979,elite_8,0.0,0.0,0.0,,,0.0,0,0,0,True,False,True,missing,0.0,adequate,<=1000bps,519.29,0.85,1,0,1.0,0,1.0,0,,False,no_upcoming,0.964247,price_history,,8,-0.6594,price_history,,-0.111299,,52.4508,0.341,-0.272516,0.161217,late,mid,none,drug_developer,morningstar,,,,0,0.8874528564627469650083313497,87.94,41.25000000000000000000000000,77.0,38.84,36.01635425493073208368638959,48.29478458049886621315192743,35.4431,-0.357,3.0,550,9,1.0,0.2411,1,0,0.0,0.4,0.6,cns,0.7247,highly_crowded,1.0,129,0.01745745864661654,0.505769,0.0145,28.30,0.586538,0.2186
SVRA,"Savara, Inc.",18,0.51,B,high_opt+no_catalyst_data,B,high_opt+no_catalyst_data,,0.471154,,0,0.773077,1,0.226923,,0,no_upcoming,9,headwind,deep_drawdown,M,sponsor_confirmed|momentum_headwind,smart_money_score:+29.5;financial_score:-17.5;clinical_score:-16.3,tier=B;reason=high_opt+no_catalyst_data;cat_days=NA;strength=missing;decay_w=0.0,v1.3.0,31f399e0,1,,0,,"{""burn_ttm"": 75980000.0, ""cash_total"": 124386000.0, ""dilution_risk"": null, ""has_revenue"": null, ""lead_phase"": null, ""runway_months"": 19.645064490655436, ""stage_bucket"": ""late"", ""surv_score"": ""0.0"", ""tier1_count"": 3}",late|none|pos,0.01745745864661654,,0.8873,0,1,-1.0695,0.0811,3,3,buying,0.0344,elite_3,0.0,0.0,0.0,,,0.0,0,0,0,True,False,True,missing,0.0,adequate,<=1000bps,844.9,0.85,1,0,1.0,0,1.0,0,,False,no_upcoming,-0.138844,price_history,,3,0.9839,price_history,,-0.515021,,35.6595,0.6811,-0.272516,-0.242505,late,small,sev1,drug_developer,morningstar,,,,0,0.8537484194564329872856642949,37.08,41.25000000000000000000000000,66.5,58.48,20.68138136276272552545105090,19.47498825238156264684523047,19.4673,-1.0328,3.0,748,9,1.0,0.0029,0,0,0.0,0.4,0.5,respiratory,0.7247,highly_crowded,1.0,123,0.01745745864661654,0.528846,0.0724,13.81,0.178846,-0.9198
PVLA,"Palvella Therapeutics, Inc.",19,0.85,B,high_opt+no_catalyst_data,B,high_opt+no_catalyst_data,,0.440385,,0,0.711538,1,0.288462,,0,no_upcoming,9,tailwind,,L,sponsor_confirmed|momentum_tailwind,smart_money_score:+23.4;momentum_score:+21.2;financial_score:-19.5,tier=B;reason=high_opt+no_catalyst_data;cat_days=NA;strength=missing;decay_w=0.0,v1.3.0,31f399e0,1,,0,,"{""burn_ttm"": 20080000.0, ""cash_total"": 63567000.0, ""dilution_risk"": null, ""has_revenue"": null, ""lead_phase"": null, ""runway_months"": 37.98824701195219, ""stage_bucket"": ""late"", ""surv_score"": ""5.0"", ""tier1_count"": 4}",late|none|pos,0.01745745864661654,,0.9057,0,1,-0.6355,0.9056,4,4,buying,0.4233,elite_4,0.0,0.0,0.0,,,0.0,0,0,0,True,False,True,missing,0.0,adequate,<=1000bps,491.35,0.85,1,0,1.0,0,1.0,0,,False,no_upcoming,-0.063556,price_history,,4,1.1548,price_history,,-0.324786,,30.0275,,-0.272516,-0.05227,late,small,none,drug_developer,morningstar,,,,0,0.8521463044998834227092562369,69.81,41.25000000000000000000000000,72.0,23.66,30.95879747315050185655926867,29.18920073476013499081549831,30.0947,-0.5832,3.0,398,3,0.6667,0.1184,0,0,0.0,0.4,0.5,other,-3.515,uncrowded,1.0,115,0.01745745864661654,0.559615,0.15,22.47,0.471154,-0.0724
CLDX,"Celldex Therapeutics, Inc.",20,0.85,B,high_opt+no_catalyst_data,B,high_opt+no_catalyst_data,,0.359615,,0,0.719231,1,0.280769,,0,no_upcoming,9,tailwind,,L,sponsor_confirmed|momentum_tailwind,clinical_score:-24.2;smart_money_score:+18.8;financial_score:+13.2,tier=B;reason=high_opt+no_catalyst_data;cat_days=NA;strength=missing;decay_w=0.0,v1.3.0,31f399e0,1,,0,,"{""burn_ttm"": 210945000.0, ""cash_total"": 518573000.0, ""dilution_risk"": null, ""has_revenue"": null, ""lead_phase"": null, ""runway_months"": 29.49999288914172, ""stage_bucket"": ""late"", ""surv_score"": ""5.0"", ""tier1_count"": 4}",late|none|pos,0.01745745864661654,,0.899,0,1,-0.7392,0.7087,4,4,buying,0.4233,elite_4,0.0,0.0,0.0,,,0.0,0,0,0,True,False,True,missing,0.0,adequate,<=1000bps,652.37,0.85,1,0,1.0,0,1.0,0,,False,no_upcoming,-0.139355,price_history,,4,0.9034,price_history,,-0.254132,,33.8636,0.4801,-0.272516,0.018384,late,small,none,drug_developer,morningstar,,,,0,0.8764550731367541211980496866,56.26,41.25000000000000000000000000,71.5,68.30,28.50441923106068434359090941,65.88235294117647058823529412,29.0537,-0.6273,3.0,,51,1.0,0.298,1,0,0.0,0.4,0.95,oncology,-0.453,uncrowded,1.0,94,0.01745745864661654,0.640385,0.3595,26.69,0.567308,0.1695
ABSI,Absci Corporation,21,0.21,B,high_opt+no_catalyst_data,B,high_opt+no_catalyst_data,,0.282692,,0,0.75,1,0.25,,0,no_upcoming,9,headwind,drawdown_data_missing,S,sponsor_confirmed|momentum_headwind|cost_haircut_<=2000bps,smart_money_score:+23.4;clinical_score:-18.6;momentum_score:-16.2,tier=B;reason=high_opt+no_catalyst_data;cat_days=NA;strength=missing;decay_w=0.0,v1.3.0,31f399e0,1,,0,,"{""burn_ttm"": 63743000.0, ""cash_total"": 152475000.0, ""dilution_risk"": null, ""has_revenue"": null, ""lead_phase"": null, ""runway_months"": 28.70432831840359, ""stage_bucket"": ""late"", ""surv_score"": ""5.0"", ""tier1_count"": 3}",late|none|pos,0.01745745864661654,,-0.275,,0,-0.9073,0.3894,3,3,buying,0.0344,elite_3,0.0,0.0,0.0,,,0.0,0,0,0,True,False,True,missing,0.0,adequate,<=2000bps,1036.19,0.7,1,0,1.0,0,1.0,0,,False,no_upcoming,-0.526209,price_history,,3,1.0822,price_history,,,series_too_short,38.7457,0.9218,-0.272516,,late,small,none,drug_developer,morningstar,,,drawdown,1,0.8089162561576354679802955665,26.89,41.25000000000000000000000000,66.5,71.88,24.52401127024476271174764572,56.47058823529411764705882353,24.0099,-0.8407,3.0,,7,1.0,0.0,0,0,0.0,0.4,0.95,oncology,0.7247,highly_crowded,1.0,74,0.01745745864661654,0.717308,0.5749,18.59,0.359615,-0.3595
VERA,"Vera Therapeutics, Inc.",22,0.85,B,high_opt+no_catalyst_data,B,high_opt+no_catalyst_data,,0.217308,,0,0.919231,1,0.080769,,0,no_upcoming,9,tailwind,,L,sponsor_confirmed|momentum_tailwind,clinical_score:-45.5;smart_money_score:+19.3;financial_score:+19.3,tier=B;reason=high_opt+no_catalyst_data;cat_days=NA;strength=missing;decay_w=0.0,v1.3.0,31f399e0,1,,0,,"{""burn_ttm"": 171110000.0, ""cash_total"": 497389000.0, ""dilution_risk"": null, ""has_revenue"": null, ""lead_phase"": null, ""runway_months"": 34.88205248086027, ""stage_bucket"": ""late"", ""surv_score"": ""4.0"", ""tier1_count"": 5}",late|none|nonpos,0.06780888345864662,,0.1111,90,1,-1.6604,-1.0414,5,5,buying,0.8122,elite_5,0.0,0.0,0.0,,,0.0,0,0,0,True,False,True,missing,0.0,adequate,<=1000bps,439.3,0.85,1,0,1.0,0,1.0,0,,False,no_upcoming,0.289567,price_history,,5,0.5224,price_history,,-0.264379,,59.4035,0.7858,-0.272516,0.008137,late,mid,none,drug_developer,morningstar,,,,0,0.7832172398781018720069656073,69.97,41.25000000000000000000000000,71.5,50,6.688642266173421235731360354,71.42857142857142857142857143,6.4101,-1.5852,3.0,1280,2,0.3333,0.4724,1,1,0.0,0.4,0.55,infectious_disease,0.7247,highly_crowded,1.0,57,0.06780888345864662,0.782692,0.7813,18.31,0.348077,-0.3905
URGN,UroGen Pharma Ltd.,23,0.85,B,high_opt+no_catalyst_data,B,high_opt+no_catalyst_data,,0.213462,,0,0.834615,1,0.165385,,0,no_upcoming,9,tailwind,,L,sponsor_confirmed|momentum_tailwind|runway_short,smart_money_score:+31.3;financial_score:-28.4;clinical_score:-25.2,tier=B;reason=high_opt+no_catalyst_data;cat_days=NA;strength=missing;decay_w=0.0,v1.3.0,31f399e0,1,,0,,"{""burn_ttm"": 124119000.0, ""cash_total"": 153829000.0, ""dilution_risk"": null, ""has_revenue"": null, ""lead_phase"": null, ""runway_months"": 14.872404708384696, ""stage_bucket"": ""late"", ""surv_score"": ""0.0"", ""tier1_count"": 4}",late|none|nonpos,0.06780888345864662,,0.8734,0,1,-1.2869,-0.3319,4,4,buying,0.4233,elite_4,0.0,0.0,0.0,,,0.0,0,0,0,True,False,True,missing,0.0,short,<=1000bps,785.74,0.85,1,0,1.0,0,1.0,0,,False,no_upcoming,0.25432,price_history,,4,1.0933,price_history,,-0.29043,,64.3777,0.7699,-0.272516,-0.017914,late,small,sev2,drug_developer,morningstar,,,,0,0.8225052705551651440618411806,62.62,41.25000000000000000000000000,72.0,63.84,15.53316662188879933315422186,12.31876628647101542141911231,14.5597,-1.2404,3.0,490,10,1.0,0.0253,0,0,0.0,0.3,0.95,oncology,0.7247,highly_crowded,1.0,56,0.06780888345864662,0.786538,0.7945,5.98,0.021154,-2.0305
TENX,"Tenax Therapeutics, Inc.",24,0.1,B,high_opt+no_catalyst_data,B,high_opt+no_catalyst_data,,0.201923,,0,0.888462,1,0.111538,,0,no_upcoming,9,headwind,deep_drawdown,XS,momentum_headwind|cost_haircut_<=2000bps,clinical_score:-33.0;financial_score:+25.0;smart_money_score:+11.9,tier=B;reason=high_opt+no_catalyst_data;cat_days=NA;strength=missing;decay_w=0.0,v1.3.0,31f399e0,1,,0,,"{""burn_ttm"": 22385000.0, ""cash_total"": 99400000.0, ""dilution_risk"": null, ""has_revenue"": null, ""lead_phase"": null, ""runway_months"": 53.28568237659147, ""stage_bucket"": ""late"", ""surv_score"": ""5.0"", ""tier1_count"": 1}",late|none|nonpos,0.06780888345864662,,0.8628,0,1,-1.4929,-0.7232,1,1,buying,-0.7434,elite_1,0.0,0.0,0.0,,,0.0,0,0,0,True,False,True,missing,0.0,adequate,<=2000bps,1850.21,0.7,1,0,1.0,0,1.0,0,,False,no_upcoming,0.030984,price_history,,1,0.5321,price_history,,-0.480287,,39.6009,,-0.272516,-0.207771,late,micro,none,drug_developer,morningstar,,,,0,0.8539473778574630210667861945,42.08,41.25000000000000000000000000,55.5,90.00,10.65499686554928665412886382,68.66141732283464566929133858,10.2094,-1.4245,3.0,,4,1.0,0.0012,0,0,-0.1667,0.4,0.85,cardiovascular,-0.453,uncrowded,1.0,53,0.06780888345864662,0.798077,0.8348,22.11,0.467308,-0.082
SMMT,Summit Therapeutics Inc.,25,0.51,B,high_opt+no_catalyst_data,B,high_opt+no_catalyst_data,,0.194231,,0,0.865385,1,0.134615,,0,no_upcoming,9,headwind,deep_drawdown,M,sponsor_confirmed|momentum_headwind,smart_money_score:+32.2;clinical_score:-26.6;momentum_score:-7.8,tier=B;reason=high_opt+no_catalyst_data;cat_days=NA;strength=missing;decay_w=0.0,v1.3.0,31f399e0,1,,0,,"{""burn_ttm"": 322930000.0, ""cash_total"": 713448000.0, ""dilution_risk"": null, ""has_revenue"": null, ""lead_phase"": null, ""runway_months"": 26.511553587464775, ""stage_bucket"": ""late"", ""surv_score"": ""3.0"", ""tier1_count"": 5}",late|none|nonpos,0.06780888345864662,,0.868,0,1,-1.406,-0.5581,5,5,buying,0.8122,elite_5,0.0,0.0,0.0,,,0.0,0,0,0,True,False,True,missing,0.0,adequate,<=1000bps,484.44,0.85,1,0,1.0,0,1.0,0,,False,no_upcoming,-0.296988,price_history,,5,0.7738,price_history,,-0.517426,,50.3529,0.5984,-0.272516,-0.24491,late,large,none,drug_developer,morningstar,,,,0,0.8151449643947100712105798576,31.54,41.25000000000000000000000000,71.5,10.00,12.71257431403751696392281673,39.49828121878465979154180530,13.2752,-1.2948,3.0,5,5,1.0,1.543,1,1,0.0,0.3,0.75,rare_disease,0.7247,highly_crowded,1.0,51,0.06780888345864662,0.805769,0.8624,13.12,0.148077,-1.0447
PRTA,Prothena Corporation plc,26,0.7,B,high_opt+no_catalyst_data,B,high_opt+no_catalyst_data,,0.186538,,0,0.85,1,0.15,,0,no_upcoming,9,tailwind,,L,sponsor_confirmed|momentum_tailwind|cost_haircut_<=2000bps,clinical_score:-34.4;momentum_score:+28.6;smart_money_score:+7.2,tier=B;reason=high_opt+no_catalyst_data;cat_days=NA;strength=missing;decay_w=0.0,v1.3.0,31f399e0,1,,0,,"{""burn_ttm"": 140268000.0, ""cash_total"": 330843000.0, ""dilution_risk"": null, ""has_revenue"": null, ""lead_phase"": null, ""runway_months"": 28.303789887928822, ""stage_bucket"": ""late"", ""surv_score"": ""5.0"", ""tier1_count"": 2}",late|none|nonpos,0.06780888345864662,,0.8689,0,1,-1.3766,-0.5022,2,2,neutral,-0.3545,elite_2,0.0,0.0,0.0,,,0.0,0,0,0,True,False,True,missing,0.0,adequate,<=2000bps,1434.82,0.7,1,0,1.0,0,1.0,0,,False,no_upcoming,-0.097437,price_history,,2,0.9821,price_history,,-0.275067,,41.1947,0.4848,-0.272516,-0.002551,late,small,none,drug_developer,morningstar,,,,0,0.8474842338662621075971525265,76.36,41.25000000000000000000000000,55.0,82.59,13.40945570780030448949786788,52.94117647058823529411764706,12.1953,-1.3405,3.0,1237,9,1.0,0.0002,0,0,0.0,0.4,0.6,cns,0.7247,highly_crowded,1.0,49,0.06780888345864662,0.813462,0.8907,17.37,0.298077,-0.5299
LQDA,Liquidia Corporation,27,0.85,B,high_opt+no_catalyst_data,B,high_opt+no_catalyst_data,,0.155769,,0,0.896154,1,0.103846,,0,no_upcoming,9,tailwind,overbought_rsi,L,sponsor_confirmed|momentum_tailwind,momentum_score:+51.6;financial_score:-36.0;clinical_score:-34.6,tier=B;reason=high_opt+no_catalyst_data;cat_days=NA;strength=missing;decay_w=0.0,v1.3.0,31f399e0,1,,0,,"{""burn_ttm"": 79930000.0, ""cash_total"": 157496000.0, ""dilution_risk"": null, ""has_revenue"": null, ""lead_phase"": null, ""runway_months"": 23.645089453271613, ""stage_bucket"": ""late"", ""surv_score"": ""0.0"", ""tier1_count"": 3}",late|none|nonpos,0.06780888345864662,,0.8606,0,1,-1.5497,-0.831,3,3,buying,0.0344,elite_3,0.0,0.0,0.0,,,0.0,0,0,0,True,False,True,missing,0.0,adequate,<=1000bps,430.35,0.85,1,0,1.0,0,1.0,0,,False,no_upcoming,1.007075,price_history,,3,0.7019,price_history,,-0.034816,,73.0524,0.5778,-0.272516,0.2377,late,mid,sev1,drug_developer,morningstar,,,,0,0.8688101869606903163950143816,95.48,41.25000000000000000000000000,65.5,20.09,9.310834177223910003375562312,7.913832199546485260770975050,7.6374,-1.5333,3.0,1224,4,1.0,0.0001,0,0,0.0,0.3,0.5,respiratory,0.7247,highly_crowded,1.0,41,0.06780888345864662,0.844231,1.012,7.39,0.028846,-1.898
KOD,Kodiak Sciences Inc,28,0.85,B,high_opt+no_catalyst_data,B,high_opt+no_catalyst_data,,0.151923,,0,0.988462,1,0.011538,,0,no_upcoming,9,tailwind,,L,sponsor_confirmed|momentum_tailwind|runway_short,clinical_score:-32.1;financial_score:-32.1;momentum_score:+30.8,tier=B;reason=high_opt+no_catalyst_data;cat_days=NA;strength=missing;decay_w=0.0,v1.3.0,31f399e0,1,,0,,"{""burn_ttm"": 96630000.0, ""cash_total"": 72038000.0, ""dilution_risk"": null, ""has_revenue"": null, ""lead_phase"": null, ""runway_months"": 8.94604160198696, ""stage_bucket"": ""late"", ""surv_score"": ""-2.0"", ""tier1_count"": 3}",late|none|nonpos,0.06780888345864662,,0.811,0,1,-1.7317,-1.1769,3,3,buying,0.0344,elite_3,0.0,0.0,0.0,,,0.0,0,0,0,True,False,True,missing,0.0,short,<=1000bps,676.83,0.85,1,0,1.0,0,1.0,0,,False,no_upcoming,0.195397,price_history,,3,1.204,price_history,,-0.317018,,47.0031,0.8241,-0.272516,-0.044502,late,small,sev2,drug_developer,morningstar,,,,0,0.8621078447371488518475346777,67.97,41.25000000000000000000000000,66.5,39.73,5,5,4.8627,-1.6507,3.0,5,4,1.0,1.3286,1,1,0.0,0.3,0.55,ophthalmology,0.7247,highly_crowded,1.0,40,0.06780888345864662,0.848077,1.0282,6.11,0.025,-1.96
FULC,"Fulcrum Therapeutics, Inc.",29,0.85,B,high_opt+no_catalyst_data,B,high_opt+no_catalyst_data,,0.132692,,0,0.973077,1,0.026923,,0,no_upcoming,9,tailwind,deep_drawdown,L,sponsor_confirmed|momentum_tailwind,clinical_score:-42.8;financial_score:+22.8;smart_money_score:+18.7,tier=B;reason=high_opt+no_catalyst_data;cat_days=NA;strength=missing;decay_w=0.0,v1.3.0,31f399e0,1,,0,,"{""burn_ttm"": 60065000.0, ""cash_total"": 197533000.0, ""dilution_risk"": null, ""has_revenue"": null, ""lead_phase"": null, ""runway_months"": 39.463847498543245, ""stage_bucket"": ""late"", ""surv_score"": ""5.0"", ""tier1_count"": 3}",late|none|nonpos,0.06780888345864662,,0.8391,0,1,-1.7317,-1.1769,3,3,buying,0.0344,elite_3,0.0,0.0,0.0,,,0.0,0,0,0,True,False,True,missing,0.0,adequate,<=1000bps,919.56,0.85,1,0,1.0,0,1.0,0,,False,no_upcoming,-0.230383,price_history,,3,0.6513,price_history,,-0.404585,,28.8892,1.1313,-0.272516,-0.132069,late,small,none,drug_developer,morningstar,,,,0,0.8089227523150861563708826632,55.80,41.25000000000000000000000000,66.5,59.38,5,70.58823529411764705882352941,4.1359,-1.6814,3.0,,3,0.6667,0.0119,0,0,0.0,0.4,0.55,infectious_disease,-0.453,uncrowded,1.0,35,0.06780888345864662,0.867308,1.1138,15.64,0.217308,-0.7813
CRNX,"Crinetics Pharmaceuticals, Inc.",30,0.85,B,high_opt+no_catalyst_data,B,high_opt+no_catalyst_data,,0.109615,,0,0.819231,1,0.180769,,0,no_upcoming,9,tailwind,,L,sponsor_confirmed|momentum_tailwind,clinical_score:-39.9;momentum_score:+20.6;financial_score:+18.7,tier=B;reason=high_opt+no_catalyst_data;cat_days=NA;strength=missing;decay_w=0.0,v1.3.0,31f399e0,1,,0,,"{""burn_ttm"": 285021000.0, ""cash_total"": 1092291000.0, ""dilution_risk"": null, ""has_revenue"": null, ""lead_phase"": null, ""runway_months"": 45.98781142442136, ""stage_bucket"": ""late"", ""surv_score"": ""5.0"", ""tier1_count"": 5}",late|none|nonpos,0.06780888345864662,,0.8751,0,1,-1.2566,-0.2742,5,5,buying,0.8122,elite_5,0.0,0.0,0.0,,,0.0,0,0,0,True,False,True,missing,0.0,adequate,<=1000bps,459.18,0.85,1,0,1.0,0,1.0,0,,False,no_upcoming,0.199537,price_history,,5,0.944,price_history,,-0.044097,,65.2072,0.6688,-0.272516,0.228419,late,mid,none,drug_developer,morningstar,,,,0,0.8739125269461077844311377246,76.71,41.25000000000000000000000000,71.5,16.52,16.25209250418500837001674003,74.85714285714285714285714286,15.038,-1.2202,3.0,605,4,1.0,0.0097,0,0,0.0,0.4,0.5,other,0.7247,highly_crowded,1.0,29,0.06780888345864662,0.890385,1.2286,20.40,0.401923,-0.2484
CNTA,Centessa Pharmaceuticals plc,31,0.51,B,high_opt+no_catalyst_data,B,high_opt+no_catalyst_data,,0.098077,,0,0.957692,1,0.042308,,0,no_upcoming,9,headwind,drawdown_data_missing,M,sponsor_confirmed|momentum_headwind,smart_money_score:+46.7;clinical_score:-25.3;financial_score:-25.3,tier=B;reason=high_opt+no_catalyst_data;cat_days=NA;strength=missing;decay_w=0.0,v1.3.0,31f399e0,1,,0,,"{""burn_ttm"": 138010000.0, ""cash_total"": 246214000.0, ""dilution_risk"": null, ""has_revenue"": null, ""lead_phase"": null, ""runway_months"": 21.408361712919355, ""stage_bucket"": ""late"", ""surv_score"": ""0.0"", ""tier1_count"": 7}",late|none|nonpos,0.06780888345864662,,-0.3088,259,1,-1.7317,-1.1769,7,7,buying,1.5901,elite_7,0.0,0.0,0.0,,,0.0,0,0,0,True,False,True,missing,0.0,adequate,<=1000bps,533.65,0.85,1,0,1.0,0,1.0,0,,False,no_upcoming,-0.426125,price_history,,7,0.1286,price_history,,,series_too_short,28.625,0.5724,-0.272516,,late,mid,sev1,drug_developer,morningstar,,,drawdown,1,0.8882496735130001187225454114,23.03,41.25000000000000000000000000,77.0,12.05,5,5,4.917,-1.6484,3.0,259,4,1.0,0.458,0,0,0.0,0.4,0.75,rare_disease,0.7247,highly_crowded,1.0,26,0.06780888345864662,0.901923,1.2926,12.32,0.113462,-1.2083
CGON,"CG Oncology, Inc.",32,0.85,B,high_opt+no_catalyst_data,B,high_opt+no_catalyst_data,,0.090385,,0,0.95,1,0.05,,0,no_upcoming,9,neutral,drawdown_data_missing,L,sponsor_confirmed,clinical_score:-44.1;smart_money_score:+33.9;financial_score:+17.2,tier=B;reason=high_opt+no_catalyst_data;cat_days=NA;strength=missing;decay_w=0.0,v1.3.0,31f399e0,1,,0,,"{""burn_ttm"": 96130000.0, ""cash_total"": 680263000.0, ""dilution_risk"": null, ""has_revenue"": null, ""lead_phase"": null, ""runway_months"": 84.91788203474462, ""stage_bucket"": ""late"", ""surv_score"": ""5.0"", ""tier1_count"": 6}",late|none|nonpos,0.06780888345864662,,0.8396,0,1,-1.7317,-1.1769,6,6,buying,1.2011,elite_6,0.0,0.0,0.0,,,0.0,0,0,0,True,False,True,missing,0.0,adequate,<=1000bps,407.78,0.85,1,0,1.0,0,1.0,0,,False,no_upcoming,,,beta_missing:series_too_short,6,,,series_too_short,,no_price_series,,0.7795,-0.272516,,late,mid,none,drug_developer,morningstar,,,drawdown,1,0.8569030382461575122125580841,50,41.25000000000000000000000000,83.0,11.16,5,66.28571428571428571428571428,4.0266,-1.686,3.0,2233,6,1.0,0.0183,0,0,0.0,0.3,0.95,oncology,0.7247,highly_crowded,1.0,24,0.06780888345864662,0.909615,1.3384,16.56,0.271154,-0.6093
ANRO,"Alto Neuroscience, Inc.",33,0.42,B,high_opt+no_catalyst_data,B,high_opt+no_catalyst_data,,0.055769,,0,0.934615,1,0.065385,,0,no_upcoming,9,neutral,drawdown_data_missing,M,sponsor_confirmed|cost_haircut_<=2000bps,clinical_score:-38.0;smart_money_score:+18.0;financial_score:+14.7,tier=B;reason=high_opt+no_catalyst_data;cat_days=NA;strength=missing;decay_w=0.0,v1.3.0,31f399e0,1,,0,,"{""burn_ttm"": 40253000.0, ""cash_total"": 137816000.0, ""dilution_risk"": null, ""has_revenue"": null, ""lead_phase"": null, ""runway_months"": 41.08493776861352, ""stage_bucket"": ""late"", ""surv_score"": ""5.0"", ""tier1_count"": 2}",late|none|nonpos,0.06780888345864662,,-0.1096,384,1,-1.7317,-1.1769,2,2,buying,-0.3545,elite_2,0.0,0.0,0.0,,,0.0,0,0,0,True,False,True,missing,0.0,adequate,<=2000bps,1346.61,0.7,1,0,1.0,0,1.0,0,,False,no_upcoming,,,beta_missing:series_too_short,2,,,series_too_short,,no_price_series,,0.9516,-0.272516,,late,small,none,drug_developer,morningstar,,,drawdown,1,0.8006890965732087227414330218,50,41.25000000000000000000000000,61.0,40.63,5,57.64705882352941176470588235,3.3266,-1.7156,2.0,384,3,0.0,0.0408,0,0,0.0,0.3,0.5,other,0.7247,highly_crowded,1.0,15,0.06780888345864662,0.944231,1.5913,16.35,0.263462,-0.6327
ADCT,ADC Therapeutics SA,34,0.7,B,high_opt+no_catalyst_data,B,high_opt+no_catalyst_data,,0.032692,,0,0.926923,1,0.073077,,0,no_upcoming,9,tailwind,,L,sponsor_confirmed|momentum_tailwind|cost_haircut_<=2000bps,clinical_score:-39.1;smart_money_score:+22.0;financial_score:+10.8,tier=B;reason=high_opt+no_catalyst_data;cat_days=NA;strength=missing;decay_w=0.0,v1.3.0,31f399e0,1,,0,,"{""burn_ttm"": 110051000.0, ""cash_total"": 234738000.0, ""dilution_risk"": null, ""has_revenue"": null, ""lead_phase"": null, ""runway_months"": 23.035925450397038, ""stage_bucket"": ""late"", ""surv_score"": ""3.0"", ""tier1_count"": 3}",late|none|nonpos,0.06780888345864662,,0.8468,0,1,-1.7144,-1.1439,3,3,buying,0.0344,elite_3,0.0,0.0,0.0,,,0.0,0,0,0,True,False,True,missing,0.0,adequate,<=2000bps,1472.59,0.7,1,0,1.0,0,1.0,0,,False,no_upcoming,-0.007071,price_history,,3,0.9899,price_history,,-0.304051,,43.0829,0.7505,-0.272516,-0.031535,late,small,none,drug_developer,morningstar,,,,0,0.8089227523150861563708826632,54.19,41.25000000000000000000000000,66.5,87.05,5.410613043448309118840459904,55.29411764705882352941176471,4.6017,-1.6617,3.0,1569,14,1.0,0.2488,0,0,0.0,0.3,0.95,oncology,0.7247,highly_crowded,1.0,9,0.06780888345864662,0.967308,1.8426,13.75,0.175,-0.9346
STRO,"Sutro Biopharma, Inc.",35,0.21,C,low_opt+no_catalyst_data,C,low_opt+no_catalyst_data,,0.982692,,0,0.042308,1,0.957692,,0,no_upcoming,9,neutral,,S,sponsor_confirmed|runway_short|cost_haircut_<=2000bps,financial_score:-41.3;clinical_score:+28.1;smart_money_score:+17.6,tier=C;reason=low_opt+no_catalyst_data;cat_days=NA;strength=missing;decay_w=0.0,v1.3.0,31f399e0,1,,0,,"{""burn_ttm"": 150796000.0, ""cash_total"": 167594000.0, ""dilution_risk"": null, ""has_revenue"": null, ""lead_phase"": null, ""runway_months"": 13.336746332793973, ""stage_bucket"": ""early"", ""surv_score"": ""2.0"", ""tier1_count"": 3}",early|none|pos,-0.1,,-1.1952,825,1,1.3087,1.2882,3,3,buying,0.0344,elite_3,0.0,0.0,0.0,,,0.0,0,0,0,True,False,True,missing,0.0,short,<=2000bps,1967.55,0.7,1,0,1.0,0,1.0,0,,False,no_upcoming,-0.017207,price_history,,3,1.1293,price_history,,-0.291939,,42.3525,1.0735,-0.272516,-0.019423,early,small,sev2,drug_developer,morningstar,,,,0,0.7218399502435990463356483881,52.06,41.25000000000000000000000000,66.5,50,77.000,7.529421313205096988880772665,76.0266,1.3599,1.0,825,2,0.3333,0.0004,0,0,0.0,0.3,0.85,oncology,0.7247,highly_crowded,1.0,256,-0.1,0.017308,-2.1128,15.92,0.236538,-0.7175
SLN,Silence Therapeutics Plc - Amer,36,0.08,C,low_opt+no_catalyst_data,C,low_opt+no_catalyst_data,,0.975,,0,0.126923,1,0.873077,,0,no_upcoming,9,headwind,,XS,momentum_headwind|cost_haircut_>2000bps,clinical_score:+21.1;catalyst_score:-12.5;momentum_score:-10.7,tier=C;reason=low_opt+no_catalyst_data;cat_days=NA;strength=missing;decay_w=0.0,v1.3.0,31f399e0,1,,0,,"{""burn_ttm"": 44984000.0, ""cash_total"": 102192000.0, ""dilution_risk"": null, ""has_revenue"": null, ""lead_phase"": null, ""runway_months"": 27.26089276187089, ""stage_bucket"": ""early"", ""surv_score"": ""4.0"", ""tier1_count"": 1}",early|none|pos,-0.1,,-0.0419,0,1,1.2164,1.074,1,1,selling,-0.7434,elite_1,0.0,0.0,0.0,,,0.0,0,0,0,True,False,True,missing,0.0,adequate,>2000bps,2020.0,0.55,1,0,1.0,0,1.0,0,,False,no_upcoming,-0.047068,price_history,,1,-0.4929,price_history,,-0.199295,,53.4842,0.6409,-0.272516,0.073221,early,micro,none,drug_developer,morningstar,,,,0,0.7493602729502079112911824288,43.01,41.25000000000000000000000000,49.5,81.76,74.81481481481481481481481481,60.00000000000000000000000000,74.3007,1.2869,1.0,557,5,1.0,0.0035,0,0,0.0,0.4,0.85,oncology,0.7247,highly_crowded,1.0,254,-0.1,0.025,-1.96,48.00,0.921154,1.4129
LCTX,"Lineage Cell Therapeutics, Inc.",37,0.16,C,low_opt+no_catalyst_data,C,low_opt+no_catalyst_data,,0.936538,,0,0.026923,1,0.973077,,0,no_upcoming,9,neutral,,S,cost_haircut_>2000bps,clinical_score:+29.0;financial_score:-25.9;catalyst_score:-6.8,tier=C;reason=low_opt+no_catalyst_data;cat_days=NA;strength=missing;decay_w=0.0,v1.3.0,31f399e0,1,,0,,"{""burn_ttm"": 14041000.0, ""cash_total"": 40486000.0, ""dilution_risk"": null, ""has_revenue"": null, ""lead_phase"": null, ""runway_months"": 34.60095434798091, ""stage_bucket"": ""early"", ""surv_score"": ""2.0"", ""tier1_count"": 0}",early|none|pos,-0.1,,-0.0316,0,1,1.3087,1.2882,0,0,neutral,-1.1323,,0.0,0.0,0.0,,,0.0,0,0,0,True,False,True,missing,0.0,adequate,>2000bps,2020.0,0.55,1,0,1.0,0,1.0,0,,False,no_upcoming,-0.019119,price_history,,0,1.5869,price_history,,-0.183871,,54.9085,0.5717,-0.272516,0.088645,early,small,none,drug_developer,morningstar,,,,0,0.7569431482636722811395300478,51.75,41.25000000000000000000000000,,50,77.000,22.11914617320022725428130833,75.6766,1.3451,1.0,,2,0.3333,0.0,0,0,0.0,0.3,0.5,other,-2.3373,uncrowded,1.0,244,-0.1,0.063462,-1.5263,40.94,0.821154,0.9198
DNLI,Denali Therapeutics Inc.,38,0.85,C,low_opt+no_catalyst_data,C,low_opt+no_catalyst_data,,0.898077,,0,0.011538,1,0.988462,,0,no_upcoming,9,neutral,deep_drawdown,L,sponsor_confirmed,catalyst_score:-18.7;clinical_score:+17.0;financial_score:+14.1,tier=C;reason=low_opt+no_catalyst_data;cat_days=NA;strength=missing;decay_w=0.0,v1.3.0,31f399e0,1,,0,,"{""burn_ttm"": 314062000.0, ""cash_total"": 848204000.0, ""dilution_risk"": null, ""has_revenue"": null, ""lead_phase"": null, ""runway_months"": 32.40904025319841, ""stage_bucket"": ""early"", ""surv_score"": ""5.0"", ""tier1_count"": 3}",early|none|pos,-0.1,,-0.0389,0,1,1.3087,1.2882,3,3,buying,0.0344,elite_3,0.0,0.0,0.0,,,0.0,0,0,0,True,False,True,missing,0.0,adequate,<=1000bps,533.31,0.85,1,0,1.0,0,1.0,0,,False,no_upcoming,-0.024588,price_history,,3,1.0922,price_history,,-0.45714,,51.2744,0.5691,-0.272516,-0.184624,early,mid,none,drug_developer,morningstar,,,,0,0.8406704119850187265917602996,47.00,41.25000000000000000000000000,60.5,28.82,77.000,74.07407407407407407407407407,76.1359,1.3645,1.0,398,7,1.0,0.0091,0,0,0.0,0.4,0.6,cns,-0.453,uncrowded,1.0,234,-0.1,0.101923,-1.2707,60.38,0.998077,2.8905
OLMA,"Olema Pharmaceuticals, Inc.",39,0.51,C,low_opt+no_catalyst_data,C,low_opt+no_catalyst_data,,0.955769,,0,0.157692,1,0.842308,,0,no_upcoming,9,neutral,high_vol|deep_drawdown,M,sponsor_confirmed|high_risk,clinical_score:+18.4;financial_score:-14.7;smart_money_score:+12.7,tier=C;reason=low_opt+no_catalyst_data;cat_days=NA;strength=missing;decay_w=0.0,v1.3.0,31f399e0,1,,0,,"{""burn_ttm"": 108389000.0, ""cash_total"": 328960000.0, ""dilution_risk"": null, ""has_revenue"": null, ""lead_phase"": null, ""runway_months"": 36.41993191190988, ""stage_bucket"": ""early"", ""surv_score"": ""5.0"", ""tier1_count"": 3}",early|none|pos,-0.1,,-1.2162,991,1,1.1069,0.82,3,3,buying,0.0344,elite_3,0.0,0.0,0.0,,,0.0,0,0,0,True,False,True,missing,0.0,adequate,<=1000bps,486.91,0.85,1,0,1.0,0,1.0,0,,False,no_upcoming,-0.021861,price_history,,3,0.8815,price_history,,-0.50422,,45.6668,2.891,-0.272516,-0.231704,early,small,none,drug_developer,morningstar,,,,0,0.7218237428719543805080352514,49.85,41.25000000000000000000000000,66.5,50,72.22222222222222222222222222,39.04634364093823553283012743,71.2488,1.1578,1.0,991,1,0.0,0.0001,0,0,0.0,0.3,0.85,oncology,0.7247,highly_crowded,1.0,249,-0.1,0.044231,-1.7036,37.54,0.767308,0.73
KYMR,"Kymera Therapeutics, Inc.",40,1.0,C,low_opt+no_catalyst_data,C,low_opt+no_catalyst_data,,0.928846,,0,0.134615,1,0.865385,,0,no_upcoming,9,tailwind,,L,sponsor_confirmed|momentum_tailwind,financial_score:-33.9;clinical_score:+18.2;smart_money_score:+15.8,tier=C;reason=low_opt+no_catalyst_data;cat_days=NA;strength=missing;decay_w=0.0,v1.3.0,31f399e0,1,,0,,"{""burn_ttm"": 232891000.0, ""cash_total"": 357011000.0, ""dilution_risk"": null, ""has_revenue"": null, ""lead_phase"": null, ""runway_months"": 18.39543820929104, ""stage_bucket"": ""early"", ""surv_score"": ""3.0"", ""tier1_count"": 5}",early|none|pos,-0.1,,-1.1884,342,1,1.1538,0.9289,5,5,buying,0.8122,elite_5,0.0,0.0,0.0,,,0.0,0,0,0,True,False,True,missing,0.0,adequate,<=400bps,334.94,1.0,0,0,1.0,0,1.0,0,,False,no_upcoming,0.142774,price_history,,5,1.0042,price_history,,-0.283958,,56.1183,0.8541,-0.272516,-0.011442,early,mid,none,drug_developer,morningstar,,,,0,0.7664793071063341333611603882,69.05,41.25000000000000000000000000,71.0,50,73.33333333333333333333333333,21.27944588392690816101881488,72.1192,1.1946,1.0,342,2,0.0,0.0145,0,0,0.0,0.4,0.5,dermatology,0.7247,crowded,1.0,242,-0.1,0.071154,-1.4673,42.17,0.836538,0.9803
BCYC,Bicycle Therapeutics plc,41,0.55,C,low_opt+no_catalyst_data,C,low_opt+no_catalyst_data,,0.878846,,0,0.088462,1,0.911538,,0,no_upcoming,9,tailwind,,L,sponsor_confirmed|momentum_tailwind|cost_haircut_>2000bps,momentum_score:+28.9;catalyst_score:-23.2;clinical_score:+11.8,tier=C;reason=low_opt+no_catalyst_data;cat_days=NA;strength=missing;decay_w=0.0,v1.3.0,31f399e0,1,,0,,"{""burn_ttm"": 230329000.0, ""cash_total"": 648325000.0, ""dilution_risk"": null, ""has_revenue"": null, ""lead_phase"": null, ""runway_months"": 33.777335897781, ""stage_bucket"": ""early"", ""surv_score"": ""5.0"", ""tier1_count"": 2}",early|none|pos,-0.1,,-1.2109,738,1,1.2789,1.2192,2,2,neutral,-0.3545,elite_2,0.0,0.0,0.0,,,0.0,0,0,0,True,False,True,missing,0.0,adequate,>2000bps,2020.0,0.55,1,0,1.0,0,1.0,0,,False,no_upcoming,0.970526,price_history,,2,1.4951,price_history,,-0.030344,,61.4445,0.6162,-0.272516,0.242172,early,small,none,drug_developer,morningstar,,,,0,0.7868656521739130434782608696,93.34,41.25000000000000000000000000,57.5,50,76.29629629629629629629629629,54.05405405405405405405405406,75.3229,1.3301,1.0,738,1,0.0,0.0005,0,0,0.0,0.3,0.85,oncology,0.7247,highly_crowded,1.0,229,-0.1,0.121154,-1.1692,52.52,0.978846,2.0305
LXEO,"Lexeo Therapeutics, Inc.",42,0.21,C,low_opt+no_catalyst_data,C,low_opt+no_catalyst_data,,0.944231,,0,0.203846,1,0.796154,,0,no_upcoming,9,neutral,drawdown_data_missing,S,cost_haircut_<=2000bps,financial_score:-27.5;clinical_score:+22.3;smart_money_score:+8.0,tier=C;reason=low_opt+no_catalyst_data;cat_days=NA;strength=missing;decay_w=0.0,v1.3.0,31f399e0,1,,0,,"{""burn_ttm"": 78482000.0, ""cash_total"": 111914000.0, ""dilution_risk"": null, ""has_revenue"": null, ""lead_phase"": null, ""runway_months"": 17.111796335465456, ""stage_bucket"": ""early"", ""surv_score"": ""2.0"", ""tier1_count"": 1}",early|none|pos,-0.1,,-1.226,1091,1,0.9818,0.5296,1,1,neutral,-0.7434,elite_1,0.0,0.0,0.0,,,0.0,0,0,0,True,False,True,missing,0.0,adequate,<=2000bps,1098.2,0.7,1,0,1.0,0,1.0,0,,False,no_upcoming,,,beta_missing:series_too_short,1,,,series_too_short,,no_price_series,,0.8592,-0.272516,,early,small,sev1,drug_developer,morningstar,,,drawdown,1,0.7256330749354005167958656331,50,41.25000000000000000000000000,55.0,50,69.25925925925925925925925926,19.52520087655222790357925492,67.9358,1.0176,1.0,1091,1,0.0,0.0,0,0,0.0,0.3,0.6,cns,-0.453,uncrowded,1.0,246,-0.1,0.055769,-1.5913,28.29,0.582692,0.2088
LBRX,LB Pharmaceuticals Inc,43,0.21,C,low_opt+no_catalyst_data,C,low_opt+no_catalyst_data,,0.932692,,0,0.226923,1,0.773077,,0,no_upcoming,9,neutral,drawdown_data_missing,S,cost_haircut_<=2000bps,catalyst_score:-17.4;financial_score:+16.5;clinical_score:+9.5,tier=C;reason=low_opt+no_catalyst_data;cat_days=NA;strength=missing;decay_w=0.0,v1.3.0,31f399e0,1,,0,,"{""burn_ttm"": 17105000.0, ""cash_total"": 314479000.0, ""dilution_risk"": null, ""has_revenue"": null, ""lead_phase"": null, ""runway_months"": 220.6225080385852, ""stage_bucket"": ""early"", ""surv_score"": ""4.0"", ""tier1_count"": 0}",early|none|pos,-0.1,,-0.059,0,1,0.9349,0.4207,0,0,neutral,-1.1323,,0.0,0.0,0.0,,,0.0,0,0,0,True,False,True,missing,0.0,adequate,<=2000bps,1164.84,0.7,1,0,1.0,0,1.0,0,,False,no_upcoming,,,beta_missing:series_too_short,0,,,series_too_short,,no_price_series,,,-0.272516,,early,small,none,drug_developer,morningstar,,,drawdown,1,0.7639655165267847891410216558,50,41.25000000000000000000000000,,50,68.14814814814814814814814815,75.13513513513513513513513513,67.119,0.9831,1.0,3,1,0.0,0.2438,1,0,0.0,0.3,0.6,cns,0.7247,highly_crowded,1.0,243,-0.1,0.067308,-1.4961,52.40,0.975,1.96
RNA,"Avidity Biosciences, Inc.",44,1.0,C,low_opt+no_catalyst_data,C,low_opt+no_catalyst_data,,0.967308,,0,0.273077,1,0.726923,,0,no_upcoming,9,tailwind,,L,sponsor_confirmed|momentum_tailwind|runway_short,financial_score:-45.0;smart_money_score:+32.1;momentum_score:+12.3,tier=C;reason=low_opt+no_catalyst_data;cat_days=NA;strength=missing;decay_w=0.0,v1.3.0,31f399e0,1,,0,,"{""burn_ttm"": 650441000.0, ""cash_total"": 382517000.0, ""dilution_risk"": null, ""has_revenue"": null, ""lead_phase"": null, ""runway_months"": 7.0570643609489565, ""stage_bucket"": ""early"", ""surv_score"": ""-2.0"", ""tier1_count"": 11}",early|none|pos,-0.1,,-1.2417,459,1,0.8098,0.1303,11,11,buying,3.1457,elite_11,0.0,0.0,0.0,,,0.0,0,0,0,True,False,True,missing,0.0,short,<=400bps,298.2,1.0,0,0,1.0,0,1.0,0,,False,no_upcoming,0.266221,price_history,,11,0.8112,price_history,,-0.292711,,56.3705,0.7513,-0.272516,-0.020195,early,mid,sev2,drug_developer,morningstar,,,,0,0.7910513327780091628488129946,65.22,41.25000000000000000000000000,85,50,65.18518518518518518518518519,7.972531287574726074954698637,64.3211,0.8647,1.0,459,2,0.0,0.0055,0,0,0.0,0.4,0.5,other,-0.453,uncrowded,1.0,252,-0.1,0.032692,-1.8426,19.59,0.386538,-0.2884
CTNM,"Contineum Therapeutics, Inc.",45,0.42,C,low_opt+no_catalyst_data,C,low_opt+no_catalyst_data,,0.894231,,0,0.173077,1,0.826923,,0,no_upcoming,9,neutral,drawdown_data_missing,M,sponsor_confirmed|cost_haircut_<=2000bps,catalyst_score:-19.7;smart_money_score:+19.1;momentum_score:-10.9,tier=C;reason=low_opt+no_catalyst_data;cat_days=NA;strength=missing;decay_w=0.0,v1.3.0,31f399e0,1,,0,,"{""burn_ttm"": 42270000.0, ""cash_total"": 182407000.0, ""dilution_risk"": null, ""has_revenue"": null, ""lead_phase"": null, ""runway_months"": 51.783392476934, ""stage_bucket"": ""early"", ""surv_score"": ""5.0"", ""tier1_count"": 7}",early|none|pos,-0.1,,-0.0466,0,1,1.06,0.7111,7,7,buying,1.5901,elite_7,0.0,0.0,0.0,,,0.0,0,0,0,True,False,True,missing,0.0,adequate,<=2000bps,1652.63,0.7,1,0,1.0,0,1.0,0,,False,no_upcoming,,,beta_missing:series_too_short,7,,,series_too_short,,no_price_series,,0.783,-0.272516,,early,small,none,drug_developer,morningstar,,,drawdown,1,0.7312015209125475285171102662,50,41.25000000000000000000000000,80.0,39.41,71.11111111111111111111111111,62.16216216216216216216216216,69.897,1.1006,1.0,,2,0.3333,0.0,0,0,0.0,0.4,0.6,autoimmune,0.7247,highly_crowded,1.0,233,-0.1,0.105769,-1.2493,46.53,0.890385,1.2286
PTGX,"Protagonist Therapeutics, Inc.",46,0.6,C,low_opt+no_catalyst_data,C,low_opt+no_catalyst_data,,0.744231,,0,0.034615,1,0.965385,,0,no_upcoming,9,headwind,,M,sponsor_confirmed|momentum_headwind,clinical_score:+18.6;catalyst_score:-17.2;smart_money_score:+13.1,tier=C;reason=low_opt+no_catalyst_data;cat_days=NA;strength=missing;decay_w=0.0,v1.3.0,31f399e0,1,,0,,"{""burn_ttm"": 0.0, ""cash_total"": 567364000.0, ""dilution_risk"": null, ""has_revenue"": null, ""lead_phase"": null, ""runway_months"": null, ""stage_bucket"": ""mid"", ""surv_score"": ""5.0"", ""tier1_count"": 5}",mid|none|pos,-0.0005933841807909605,,0.4643,0,1,1.3087,1.2882,5,5,buying,0.8122,elite_5,0.0,0.0,0.0,,,0.0,0,0,0,True,False,True,missing,0.0,adequate,<=400bps,371.54,1.0,0,0,1.0,0,1.0,0,,False,no_upcoming,-0.30538,price_history,,5,1.1281,price_history,,-0.253371,,67.2416,0.6429,-0.272516,0.019145,mid,mid,none,drug_developer,morningstar,,,,0,0.8478615815976195925841153582,45.65,41.25000000000000000000000000,71.5,15.54,77.000,56.73469387755102040816326531,77.1576,1.4077,2.0,95,8,1.0,0.7768,1,1,0.0,0.4,0.6,autoimmune,0.2537,moderate,1.0,194,-0.0005933841807909605,0.255769,-0.6564,53.50,0.986538,2.2126
VKTX,"Viking Therapeutics, Inc.",47,0.6,C,low_opt+no_catalyst_data,C,low_opt+no_catalyst_data,,0.778846,,0,0.103846,1,0.896154,,0,no_upcoming,9,neutral,deep_drawdown,M,sponsor_confirmed|runway_short,financial_score:-31.1;clinical_score:+25.6;smart_money_score:+11.0,tier=C;reason=low_opt+no_catalyst_data;cat_days=NA;strength=missing;decay_w=0.0,v1.3.0,31f399e0,1,,0,,"{""burn_ttm"": 278685000.0, ""cash_total"": 165810000.0, ""dilution_risk"": null, ""has_revenue"": null, ""lead_phase"": null, ""runway_months"": 7.139673825286614, ""stage_bucket"": ""mid"", ""surv_score"": ""-2.0"", ""tier1_count"": 3}",mid|none|pos,-0.0005933841807909605,,0.4577,0,1,1.2285,1.1022,3,3,buying,0.0344,elite_3,0.0,0.0,0.0,,,0.0,0,0,0,True,False,True,missing,0.0,short,<=400bps,319.17,1.0,0,0,1.0,0,1.0,0,,False,no_upcoming,0.026838,price_history,,3,1.1387,price_history,,-0.364012,,48.173,,-0.272516,-0.091496,mid,mid,sev2,drug_developer,morningstar,,,,0,0.7821596949387566443263230876,52.08,41.25000000000000000000000000,60.5,10.61,75.10204081632653061224489796,18.38169281317969364616594938,74.2379,1.2842,2.0,549,4,1.0,0.0103,0,0,0.0,0.4,0.55,metabolic,-0.453,uncrowded,1.0,203,-0.0005933841807909605,0.221154,-0.7683,18.68,0.363462,-0.3492
ABOS,"Acumen Pharmaceuticals, Inc.",48,0.08,C,low_opt+no_catalyst_data,C,low_opt+no_catalyst_data,,0.871154,,0,0.242308,1,0.757692,,0,no_upcoming,9,headwind,drawdown_data_missing,XS,momentum_headwind|runway_short|cost_haircut_>2000bps,financial_score:-27.0;clinical_score:+23.4;smart_money_score:+11.9,tier=C;reason=low_opt+no_catalyst_data;cat_days=NA;strength=missing;decay_w=0.0,v1.3.0,31f399e0,1,,0,,"{""burn_ttm"": 96442000.0, ""cash_total"": 126609000.0, ""dilution_risk"": null, ""has_revenue"": null, ""lead_phase"": null, ""runway_months"": 15.753592832998072, ""stage_bucket"": ""early"", ""surv_score"": ""1.0"", ""tier1_count"": 1}",early|none|pos,-0.1,,-1.2285,577,1,0.888,0.3118,1,1,buying,-0.7434,elite_1,0.0,0.0,0.0,,,0.0,0,0,0,True,False,True,missing,0.0,short,>2000bps,2020.0,0.55,1,0,1.0,0,1.0,0,,False,no_upcoming,-0.265727,price_history,,1,0.6296,price_history,,,series_too_short,37.4248,,-0.272516,,early,micro,sev2,drug_developer,morningstar,,,drawdown,1,0.7056075727955550982611379772,37.59,41.25000000000000000000000000,55.5,50,67.03703703703703703703703704,16.62703856119493979576284103,65.8229,0.9282,1.0,577,1,0.0,0.002,0,0,0.0,0.4,0.6,cns,0.7247,highly_crowded,1.0,227,-0.1,0.128846,-1.1319,17.09,0.294231,-0.5411
ENTA,"Enanta Pharmaceuticals, Inc.",49,0.42,C,low_opt+no_catalyst_data,C,low_opt+no_catalyst_data,,0.705769,,0,0.019231,1,0.980769,,0,no_upcoming,9,tailwind,,M,momentum_tailwind|cost_haircut_<=2000bps,momentum_score:+32.6;financial_score:-23.8;catalyst_score:-19.6,tier=C;reason=low_opt+no_catalyst_data;cat_days=NA;strength=missing;decay_w=0.0,v1.3.0,31f399e0,1,,0,,"{""burn_ttm"": 11699000.0, ""cash_total"": 37437000.0, ""dilution_risk"": null, ""has_revenue"": null, ""lead_phase"": null, ""runway_months"": 38.40020514573895, ""stage_bucket"": ""mid"", ""surv_score"": ""5.0"", ""tier1_count"": 1}",mid|none|pos,-0.0005933841807909605,,0.4754,0,1,1.3087,1.2882,1,1,buying,-0.7434,elite_1,0.0,0.0,0.0,,,0.0,0,0,0,True,False,True,missing,0.0,adequate,<=2000bps,1593.49,0.7,1,0,1.0,0,1.0,0,,False,no_upcoming,0.838674,price_history,,1,0.5967,price_history,,-0.062956,,68.8971,0.5086,-0.272516,0.20956,mid,small,none,drug_developer,morningstar,,,,0,0.7644078130292424071355989613,93.43,41.25000000000000000000000000,55.5,90.00,77.000,37.09056411680318385857744459,77.9815,1.4426,2.0,18,18,1.0,1.6951,3,2,0.0,0.8,0.55,infectious_disease,-0.453,uncrowded,1.0,184,-0.0005933841807909605,0.294231,-0.5411,35.70,0.728846,0.6093
SGMT,Sagimet Biosciences Inc. - Seri,50,0.21,C,low_opt+no_catalyst_data,C,low_opt+no_catalyst_data,,0.763462,,0,0.142308,1,0.857692,,0,no_upcoming,9,neutral,drawdown_data_missing,S,cost_haircut_<=2000bps,catalyst_score:-16.1;clinical_score:+15.3;financial_score:+12.9,tier=C;reason=low_opt+no_catalyst_data;cat_days=NA;strength=missing;decay_w=0.0,v1.3.0,31f399e0,1,,0,,"{""burn_ttm"": 33817000.0, ""cash_total"": 116693000.0, ""dilution_risk"": null, ""has_revenue"": null, ""lead_phase"": null, ""runway_months"": 41.40864062453795, ""stage_bucket"": ""mid"", ""surv_score"": ""5.0"", ""tier1_count"": 1}",mid|none|pos,-0.0005933841807909605,,0.4505,0,1,1.1251,0.8622,1,1,neutral,-0.7434,elite_1,0.0,0.0,0.0,,,0.0,0,0,0,True,False,True,missing,0.0,adequate,<=2000bps,1650.31,0.7,1,0,1.0,0,1.0,0,,False,no_upcoming,,,beta_missing:series_too_short,1,,,series_too_short,,no_price_series,,0.6734,-0.272516,,mid,micro,none,drug_developer,morningstar,,,drawdown,1,0.7593805888767720828789531080,50,41.25000000000000000000000000,52.5,83.33,72.65306122448979591836734694,70.20408163265306122448979592,72.1389,1.1954,2.0,689,4,1.0,0.0032,0,0,0.0,0.4,0.95,oncology,0.7247,highly_crowded,1.0,199,-0.0005933841807909605,0.236538,-0.7175,45.62,0.867308,1.1138
ROIV,Roivant Sciences Ltd.,51,0.6,C,mod_opt+no_catalyst_data,C,mod_opt+no_catalyst_data,,0.851923,,0,0.311538,1,0.688462,,0,no_upcoming,9,headwind,,M,sponsor_confirmed|momentum_headwind,catalyst_score:-19.0;smart_money_score:+17.2;momentum_score:-14.9,tier=C;reason=mod_opt+no_catalyst_data;cat_days=NA;strength=missing;decay_w=0.0,v1.3.0,31f399e0,1,,0,,"{""burn_ttm"": 586531000.0, ""cash_total"": 4529978000.0, ""dilution_risk"": null, ""has_revenue"": null, ""lead_phase"": null, ""runway_months"": 92.68007317601287, ""stage_bucket"": ""mid"", ""surv_score"": ""4.0"", ""tier1_count"": 5}",mid|none|nonpos,-0.025323375,,0.4348,0,1,0.7373,-0.0379,5,5,buying,0.8122,elite_5,0.0,0.0,0.0,,,0.0,0,0,0,True,False,True,missing,0.0,adequate,<=400bps,227.11,1.0,0,0,1.0,0,1.0,0,,False,no_upcoming,-0.179218,price_history,,5,0.3801,price_history,,-0.206799,,56.7218,0.3407,-0.272516,0.065717,mid,large,none,drug_developer,morningstar,,,,0,0.8415994827028774652440995797,45.34,41.25000000000000000000000000,77.5,50,63.46938775510204081632653061,73.87755102040816326530612245,62.2553,0.7773,2.0,,2,0.3333,0.0,0,0,0.0,0.4,0.55,infectious_disease,0.7247,highly_crowded,1.0,222,-0.025323375,0.148077,-1.0447,48.66,0.936538,1.5263
SABS,"SAB Biotherapeutics, Inc.",52,0.08,C,low_opt+no_catalyst_data,C,low_opt+no_catalyst_data,,0.759615,,0,0.188462,1,0.811538,,0,no_upcoming,9,headwind,,XS,momentum_headwind|cost_haircut_>2000bps,clinical_score:+14.6;catalyst_score:-14.3;momentum_score:-12.3,tier=C;reason=low_opt+no_catalyst_data;cat_days=NA;strength=missing;decay_w=0.0,v1.3.0,31f399e0,1,,0,,"{""burn_ttm"": 27998784.0, ""cash_total"": 110880633.0, ""dilution_risk"": null, ""has_revenue"": null, ""lead_phase"": null, ""runway_months"": 47.52233511283919, ""stage_bucket"": ""mid"", ""surv_score"": ""5.0"", ""tier1_count"": 1}",mid|none|pos,-0.0005933841807909605,,0.4482,0,1,1.0217,0.6222,1,1,buying,-0.7434,elite_1,0.0,0.0,0.0,,,0.0,0,0,0,True,False,True,missing,0.0,adequate,>2000bps,2020.0,0.55,1,0,1.0,0,1.0,0,,False,no_upcoming,-0.078752,price_history,,1,0.0696,price_history,,-0.117478,,50.6564,,-0.272516,0.155038,mid,micro,none,drug_developer,morningstar,,,,0,0.7639814207650273224043715847,43.25,41.25000000000000000000000000,55.5,86.36,70.20408163265306122448979592,67.75510204081632653061224490,69.2149,1.0717,2.0,146,4,1.0,0.2962,0,1,0.0,0.4,0.55,infectious_disease,0.7247,highly_crowded,1.0,198,-0.0005933841807909605,0.240385,-0.7051,46.69,0.898077,1.2707
NAMS,NewAmsterdam Pharma Company N.V,53,0.85,C,mod_opt+no_catalyst_data,C,mod_opt+no_catalyst_data,,0.832692,,0,0.303846,1,0.696154,,0,no_upcoming,9,neutral,,L,sponsor_confirmed,smart_money_score:+18.5;catalyst_score:-17.8;momentum_score:-10.2,tier=C;reason=mod_opt+no_catalyst_data;cat_days=NA;strength=missing;decay_w=0.0,v1.3.0,31f399e0,1,,0,,"{""burn_ttm"": 147783000.0, ""cash_total"": 636241000.0, ""dilution_risk"": null, ""has_revenue"": null, ""lead_phase"": null, ""runway_months"": 51.66285702685695, ""stage_bucket"": ""mid"", ""surv_score"": ""5.0"", ""tier1_count"": 5}",mid|none|nonpos,-0.025323375,,-0.7354,,0,0.7373,-0.0379,5,5,buying,0.8122,elite_5,0.0,0.0,0.0,,,0.0,0,0,0,True,False,True,missing,0.0,adequate,<=1000bps,596.34,0.85,1,0,1.0,0,1.0,0,,False,no_upcoming,0.011406,price_history,,5,-0.0169,price_history,,-0.0831,,52.3115,0.4954,-0.272516,0.189416,mid,mid,none,drug_developer,morningstar,,,,0,0.8052631864046733935209771641,48.79,41.25000000000000000000000000,77.5,50,63.46938775510204081632653061,64.08163265306122448979591837,62.3638,0.7819,2.0,,1,0.0,0.0,0,0,0.0,0.6,0.55,metabolic,0.7247,highly_crowded,1.0,217,-0.025323375,0.167308,-0.9649,51.43,0.959615,1.7462
QURE,uniQure N.V.,54,0.85,C,mod_opt+no_catalyst_data,C,mod_opt+no_catalyst_data,,0.844231,,0,0.334615,1,0.665385,,0,no_upcoming,9,tailwind,high_vol|deep_drawdown,L,sponsor_confirmed|momentum_tailwind|high_risk,catalyst_score:-22.0;smart_money_score:+19.7;financial_score:+13.6,tier=C;reason=mod_opt+no_catalyst_data;cat_days=NA;strength=missing;decay_w=0.0,v1.3.0,31f399e0,1,,0,,"{""burn_ttm"": 100394000.0, ""cash_total"": 597056000.0, ""dilution_risk"": null, ""has_revenue"": null, ""lead_phase"": null, ""runway_months"": 71.36553977329322, ""stage_bucket"": ""mid"", ""surv_score"": ""5.0"", ""tier1_count"": 9}",mid|none|nonpos,-0.025323375,,0.4345,0,1,0.6597,-0.2179,9,9,buying,2.3679,elite_9,0.0,0.0,0.0,,,0.0,0,0,0,True,False,True,missing,0.0,adequate,<=1000bps,501.73,0.85,1,0,1.0,0,1.0,0,,False,no_upcoming,0.142299,price_history,,9,0.9763,price_history,,-0.369055,,48.2725,1.3016,-0.272516,-0.096539,mid,small,none,drug_developer,morningstar,,,,0,0.8014128605094826618785770396,53.63,41.25000000000000000000000000,83.0,56.06,61.63265306122448979591836734,76.93877551020408163265306122,61.0092,0.7246,2.0,,7,1.0,0.0,0,0,0.0,0.3,0.75,rare_disease,-0.453,uncrowded,1.0,220,-0.025323375,0.155769,-1.012,35.71,0.732692,0.621
GOSS,"Gossamer Bio, Inc.",55,0.7,C,low_opt+no_catalyst_data,C,low_opt+no_catalyst_data,,0.713462,,0,0.265385,1,0.734615,,0,no_upcoming,9,tailwind,,L,sponsor_confirmed|momentum_tailwind|cost_haircut_<=2000bps,smart_money_score:+22.8;catalyst_score:-19.0;financial_score:-16.2,tier=C;reason=low_opt+no_catalyst_data;cat_days=NA;strength=missing;decay_w=0.0,v1.3.0,31f399e0,1,,0,,"{""burn_ttm"": 122952000.0, ""cash_total"": 180224000.0, ""dilution_risk"": null, ""has_revenue"": null, ""lead_phase"": null, ""runway_months"": 17.589693538942026, ""stage_bucket"": ""mid"", ""surv_score"": ""0.0"", ""tier1_count"": 6}",mid|none|pos,-0.0005933841807909605,,0.4419,0,1,0.8407,0.2022,6,6,buying,1.2011,elite_6,0.0,0.0,0.0,,,0.0,0,0,0,True,False,True,missing,0.0,adequate,<=2000bps,1384.72,0.7,1,0,1.0,0,1.0,0,,False,no_upcoming,0.369689,price_history,,6,1.0602,price_history,,-0.141436,,42.2554,0.8648,-0.272516,0.13108,mid,micro,sev1,drug_developer,morningstar,,,,0,0.7866597600872410032715376227,66.97,41.25000000000000000000000000,83.0,90.00,65.91836734693877551020408163,43.99324355592577166921190245,64.9572,0.8916,2.0,201,6,1.0,0.3182,0,0,0.0,0.4,0.5,respiratory,0.7247,highly_crowded,1.0,186,-0.0005933841807909605,0.286538,-0.5635,31.74,0.632692,0.339
NMRA,"Neumora Therapeutics, Inc.",56,0.1,C,mod_opt+no_catalyst_data,C,mod_opt+no_catalyst_data,,0.836538,,0,0.434615,1,0.565385,,0,no_upcoming,9,neutral,drawdown_data_missing,XS,runway_short|cost_haircut_<=2000bps,financial_score:-23.9;smart_money_score:+10.8;clinical_score:+10.1,tier=C;reason=mod_opt+no_catalyst_data;cat_days=NA;strength=missing;decay_w=0.0,v1.3.0,31f399e0,1,,0,,"{""burn_ttm"": 158485000.0, ""cash_total"": 171525000.0, ""dilution_risk"": null, ""has_revenue"": null, ""lead_phase"": null, ""runway_months"": 11.473010064043915, ""stage_bucket"": ""mid"", ""surv_score"": ""0.0"", ""tier1_count"": 1}",mid|none|nonpos,-0.025323375,,-0.5133,147,1,0.3495,-0.9379,1,1,neutral,-0.7434,elite_1,0.0,0.0,0.0,,,0.0,0,0,0,True,False,True,missing,0.0,short,<=2000bps,1324.22,0.7,1,0,1.0,0,1.0,0,,False,no_upcoming,,,beta_missing:series_too_short,1,,,series_too_short,,no_price_series,,0.9459,-0.272516,,mid,small,sev2,drug_developer,morningstar,,,drawdown,1,0.7153062296459712154638092237,50,41.25000000000000000000000000,55.0,50,54.28571428571428571428571428,20.31236984589754269054560599,53.2935,0.3982,2.0,147,1,0.0,0.2938,0,1,0.0,0.4,0.5,other,0.7247,highly_crowded,1.0,218,-0.025323375,0.163462,-0.9803,15.24,0.209615,-0.8078
MLYS,"Mineralys Therapeutics, Inc.",57,0.85,C,mod_opt+no_catalyst_data,C,mod_opt+no_catalyst_data,,0.828846,,0,0.503846,1,0.496154,,0,no_upcoming,9,neutral,drawdown_data_missing,L,sponsor_confirmed,smart_money_score:+27.1;catalyst_score:-11.7;financial_score:-11.3,tier=C;reason=mod_opt+no_catalyst_data;cat_days=NA;strength=missing;decay_w=0.0,v1.3.0,31f399e0,1,,0,,"{""burn_ttm"": 104528000.0, ""cash_total"": 217597000.0, ""dilution_risk"": null, ""has_revenue"": null, ""lead_phase"": null, ""runway_months"": 24.9805219654064, ""stage_bucket"": ""mid"", ""surv_score"": ""5.0"", ""tier1_count"": 7}",mid|none|nonpos,-0.025323375,,-0.7018,299,1,0.2461,-1.1779,7,7,buying,1.5901,elite_7,0.0,0.0,0.0,,,0.0,0,0,0,True,False,True,missing,0.0,adequate,<=1000bps,521.81,0.85,1,0,1.0,0,1.0,0,,False,no_upcoming,,,beta_missing:series_too_short,7,,,series_too_short,,no_price_series,,0.6287,-0.272516,,mid,mid,none,drug_developer,morningstar,,,drawdown,1,0.7538642380599385788414698719,50,41.25000000000000000000000000,80.0,50,51.83673469387755102040816327,41.65532879818594104308390023,51.3226,0.3148,2.0,299,1,0.0,0.0828,0,0,0.0,0.4,0.85,cardiovascular,0.7247,highly_crowded,1.0,216,-0.025323375,0.171154,-0.9496,35.69,0.725,0.5978
AURA,"Aura Biosciences, Inc.",58,0.16,C,mod_opt+no_catalyst_data,C,mod_opt+no_catalyst_data,,0.790385,,0,0.580769,1,0.419231,,0,no_upcoming,9,neutral,drawdown_data_missing,S,sponsor_confirmed|runway_short|cost_haircut_>2000bps,financial_score:-24.3;smart_money_score:+11.3;momentum_score:+9.3,tier=C;reason=mod_opt+no_catalyst_data;cat_days=NA;strength=missing;decay_w=0.0,v1.3.0,31f399e0,1,,0,,"{""burn_ttm"": 64273000.0, ""cash_total"": 47553000.0, ""dilution_risk"": null, ""has_revenue"": null, ""lead_phase"": null, ""runway_months"": 8.878315933595756, ""stage_bucket"": ""mid"", ""surv_score"": ""-2.0"", ""tier1_count"": 2}",mid|none|nonpos,-0.025323375,,-0.7532,892,1,-0.0851,-1.9466,2,2,selling,-0.3545,elite_2,0.0,0.0,0.0,,,0.0,0,0,0,True,False,True,missing,0.0,short,>2000bps,2020.0,0.55,1,0,1.0,0,1.0,0,,False,no_upcoming,,,beta_missing:insufficient_overlap,2,,,insufficient_overlap,,series_too_short,,0.5411,-0.272516,,mid,small,sev2,drug_developer,morningstar,,,drawdown,1,0.8033395525727069351230425056,50,41.25000000000000000000000000,52.0,62.12,43.99324355592577166921190245,16.48803739182747929103614235,42.3198,-0.0661,2.0,892,3,0.6667,0.0006,0,0,0.0,0.3,0.55,ophthalmology,0.7247,highly_crowded,1.0,206,-0.025323375,0.209615,-0.8078,11.34,0.090385,-1.3384
ERAS,"Erasca, Inc.",59,0.6,C,mod_opt+no_catalyst_data,C,mod_opt+no_catalyst_data,,0.559615,,0,0.319231,1,0.680769,,0,no_upcoming,9,neutral,high_vol|drawdown_data_missing,M,sponsor_confirmed|high_risk,smart_money_score:+14.2;financial_score:-11.6;catalyst_score:-11.0,tier=C;reason=mod_opt+no_catalyst_data;cat_days=NA;strength=missing;decay_w=0.0,v1.3.0,31f399e0,1,,0,,"{""burn_ttm"": 73744000.0, ""cash_total"": 288400000.0, ""dilution_risk"": null, ""has_revenue"": null, ""lead_phase"": null, ""runway_months"": 46.92991972228249, ""stage_bucket"": ""early"", ""surv_score"": ""3.0"", ""tier1_count"": 3}",early|none|nonpos,0.008054876876876877,,-1.2577,531,1,0.7159,-0.0875,3,3,buying,0.0344,elite_3,0.0,0.0,0.0,,,0.0,0,0,0,True,False,True,missing,0.0,adequate,<=400bps,374.33,1.0,0,0,1.0,0,1.0,0,,False,no_upcoming,-0.06902,price_history,,3,0.5619,price_history,,,series_too_short,49.9179,1.2457,-0.272516,,early,mid,none,drug_developer,morningstar,,,drawdown,1,0.7634717148234252186427543452,50.06,41.25000000000000000000000000,66.5,12.94,62.96296296296296296296296296,40.65657335433284221578688885,61.9895,0.7661,1.0,531,3,0.6667,0.003,0,0,0.0,0.3,0.85,oncology,0.7247,highly_crowded,1.0,146,0.008054876876876877,0.440385,-0.15,37.70,0.771154,0.7427
NTLA,"Intellia Therapeutics, Inc.",60,0.51,C,mod_opt+no_catalyst_data,C,mod_opt+no_catalyst_data,,0.609615,,0,0.388462,1,0.611538,,0,no_upcoming,9,tailwind,high_vol,M,momentum_tailwind|high_risk,financial_score:-20.4;momentum_score:+17.5;catalyst_score:-9.4,tier=C;reason=mod_opt+no_catalyst_data;cat_days=NA;strength=missing;decay_w=0.0,v1.3.0,31f399e0,1,,0,,"{""burn_ttm"": 325451000.0, ""cash_total"": 511044000.0, ""dilution_risk"": null, ""has_revenue"": null, ""lead_phase"": null, ""runway_months"": 18.843168403231207, ""stage_bucket"": ""early"", ""surv_score"": ""3.0"", ""tier1_count"": 1}",early|none|nonpos,0.008054876876876877,,-1.207,251,1,0.5282,-0.5231,1,1,neutral,-0.7434,elite_1,0.0,0.0,0.0,,,0.0,0,0,0,True,False,True,missing,0.0,adequate,<=1000bps,404.59,0.85,1,0,1.0,0,1.0,0,,False,no_upcoming,-0.171761,price_history,,1,1.3544,price_history,,-0.252008,,47.4412,1.2984,-0.272516,0.020508,early,small,sev1,drug_developer,morningstar,,,,0,0.7255703027789299046038987972,68.17,41.25000000000000000000000000,55.0,87.50,58.51851851851851851851851852,30.29056083110137164191218245,57.5451,0.578,1.0,251,2,0.3333,0.0309,0,0,0.0,0.3,0.85,oncology,0.7247,highly_crowded,1.0,159,0.008054876876876877,0.390385,-0.2783,30.17,0.613462,0.2884
OABI,"OmniAb, Inc.",61,0.08,C,mod_opt+no_catalyst_data,C,mod_opt+no_catalyst_data,,0.613462,,0,0.396154,1,0.603846,,0,no_upcoming,9,neutral,drawdown_data_missing,XS,runway_short|cost_haircut_>2000bps,financial_score:-33.5;clinical_score:+19.3;momentum_score:+11.5,tier=C;reason=mod_opt+no_catalyst_data;cat_days=NA;strength=missing;decay_w=0.0,v1.3.0,31f399e0,1,,0,,"{""burn_ttm"": 30781000.0, ""cash_total"": 28537000.0, ""dilution_risk"": null, ""has_revenue"": null, ""lead_phase"": null, ""runway_months"": 11.125174620707579, ""stage_bucket"": ""early"", ""surv_score"": ""-1.0"", ""tier1_count"": 0}",early|none|nonpos,0.008054876876876877,,-1.385,,0,0.497,-0.5957,0,0,neutral,-1.1323,,0.0,0.0,0.0,,,0.0,0,0,0,True,False,True,missing,0.0,short,>2000bps,2036.0,0.55,1,0,1.0,0,1.0,0,,False,no_upcoming,0.021333,price_history,,0,0.0278,price_history,,,series_too_short,63.3284,0.5798,-0.272516,,early,micro,sev2,drug_developer,morningstar,,,drawdown,1,0.7808398294637353605917402918,50,41.25000000000000000000000000,,50,57.77777777777777777777777778,5,56.3221,0.5263,0.0,,1,0.0,0.0,0,0,0.0,0.0,0.5,other,-2.5728,uncrowded,1.0,160,0.008054876876876877,0.386538,-0.2884,13.05,0.144231,-1.0615
TCRX,"TScan Therapeutics, Inc.",62,0.16,C,mod_opt+no_catalyst_data,C,mod_opt+no_catalyst_data,,0.659615,,0,0.457692,1,0.542308,,0,no_upcoming,9,headwind,drawdown_data_missing,S,sponsor_confirmed|momentum_headwind|cost_haircut_>2000bps,smart_money_score:+16.9;financial_score:-16.7;clinical_score:+9.3,tier=C;reason=mod_opt+no_catalyst_data;cat_days=NA;strength=missing;decay_w=0.0,v1.3.0,31f399e0,1,,0,,"{""burn_ttm"": 103317000.0, ""cash_total"": 184453000.0, ""dilution_risk"": null, ""has_revenue"": null, ""lead_phase"": null, ""runway_months"": 21.003529947620134, ""stage_bucket"": ""early"", ""surv_score"": ""3.0"", ""tier1_count"": 2}",early|none|nonpos,0.008054876876876877,,-1.4052,,0,0.3093,-1.0312,2,2,buying,-0.3545,elite_2,0.0,0.0,0.0,,,0.0,0,0,0,True,False,True,missing,0.0,adequate,>2000bps,2036.0,0.55,1,0,1.0,0,1.0,0,,False,no_upcoming,-0.200173,price_history,,2,0.5422,price_history,,,series_too_short,60.0673,,-0.272516,,early,micro,sev1,drug_developer,morningstar,,,drawdown,1,0.7186077643908969210174029451,37.33,41.25000000000000000000000000,61.0,50,53.33333333333333333333333334,27.39978661789361377838744094,51.5277,0.3235,0.0,,2,0.0,0.0,0,0,0.0,0.0,0.55,infectious_disease,0.7247,highly_crowded,1.0,172,0.008054876876876877,0.340385,-0.4114,20.89,0.413462,-0.2186
NRIX,"Nurix Therapeutics, Inc.",63,0.85,C,mod_opt+no_catalyst_data,C,mod_opt+no_catalyst_data,,0.605769,,0,0.442308,1,0.557692,,0,no_upcoming,9,tailwind,,L,sponsor_confirmed|momentum_tailwind|runway_short,financial_score:-38.0;momentum_score:+20.7;clinical_score:+11.1,tier=C;reason=mod_opt+no_catalyst_data;cat_days=NA;strength=missing;decay_w=0.0,v1.3.0,31f399e0,1,,0,,"{""burn_ttm"": 249465000.0, ""cash_total"": 246960000.0, ""dilution_risk"": null, ""has_revenue"": null, ""lead_phase"": null, ""runway_months"": 11.879502134567975, ""stage_bucket"": ""early"", ""surv_score"": ""0.0"", ""tier1_count"": 4}",early|none|nonpos,0.008054876876876877,,-1.2906,543,1,0.3406,-0.9586,4,4,selling,0.4233,elite_4,0.0,0.0,0.0,,,0.0,0,0,0,True,False,True,missing,0.0,short,<=1000bps,674.93,0.85,1,0,1.0,0,1.0,0,,False,no_upcoming,0.105983,price_history,,4,0.6347,price_history,,-0.321108,,60.1962,0.7197,-0.272516,-0.048592,early,small,sev2,drug_developer,morningstar,,,,0,0.7820540901683867463335143944,63.68,41.25000000000000000000000000,51.0,18.24,54.07407407407407407407407408,5,53.1006,0.39,1.0,543,3,0.6667,0.0027,0,0,0.0,0.3,0.85,oncology,0.7247,highly_crowded,1.0,158,0.008054876876876877,0.394231,-0.2683,14.67,0.190385,-0.8765
ACRS,"Aclaris Therapeutics, Inc.",64,0.1,C,low_opt+no_catalyst_data,C,low_opt+no_catalyst_data,,0.290385,,0,0.073077,1,0.926923,,0,no_upcoming,9,headwind,high_vol|deep_drawdown,XS,sponsor_confirmed|momentum_headwind|runway_short|high_risk|cost_haircut_<=2000bps,financial_score:-41.0;clinical_score:+30.7;smart_money_score:+17.5,tier=C;reason=low_opt+no_catalyst_data;cat_days=NA;strength=missing;decay_w=0.0,v1.3.0,31f399e0,1,,0,,"{""burn_ttm"": 33982000.0, ""cash_total"": 25256000.0, ""dilution_risk"": null, ""has_revenue"": null, ""lead_phase"": null, ""runway_months"": 8.918603966805955, ""stage_bucket"": ""late"", ""surv_score"": ""-2.0"", ""tier1_count"": 3}",late|none|pos,0.01745745864661654,,0.0078,,0,1.2957,1.2581,3,3,buying,0.0344,elite_3,0.0,0.0,0.0,,,0.0,0,0,0,True,False,True,missing,0.0,short,<=2000bps,1385.71,0.7,1,0,1.0,0,1.0,0,,False,no_upcoming,0.025209,price_history,,3,1.2601,price_history,,-0.496284,,38.4336,1.5686,-0.272516,-0.223768,late,small,sev2,drug_developer,morningstar,,,,0,0.8552182044887780548628428928,43.56,41.25000000000000000000000000,63.5,90.00,76.69291338582677165354330709,5,75.9373,1.3561,3.0,,12,1.0,0.0,0,0,0.0,0.7,0.5,dermatology,-0.453,uncrowded,1.0,76,0.01745745864661654,0.709615,0.5523,12.30,0.109615,-1.2286
BCAX,Bicara Therapeutics Inc.,65,0.42,C,mod_opt+no_catalyst_data,C,mod_opt+no_catalyst_data,,0.521154,,0,0.419231,1,0.580769,,0,no_upcoming,9,neutral,drawdown_data_missing,M,sponsor_confirmed|cost_haircut_<=2000bps,catalyst_score:-16.3;smart_money_score:+14.0;financial_score:+11.1,tier=C;reason=mod_opt+no_catalyst_data;cat_days=NA;strength=missing;decay_w=0.0,v1.3.0,31f399e0,1,,0,,"{""burn_ttm"": 82948000.0, ""cash_total"": 290167000.0, ""dilution_risk"": null, ""has_revenue"": null, ""lead_phase"": null, ""runway_months"": 41.9781549886676, ""stage_bucket"": ""early"", ""surv_score"": ""5.0"", ""tier1_count"": 4}",early|none|nonpos,0.008054876876876877,,-1.2881,1875,1,0.4344,-0.7409,4,4,buying,0.4233,elite_4,0.0,0.0,0.0,,,0.0,0,0,0,True,False,True,missing,0.0,adequate,<=2000bps,1066.54,0.7,1,0,1.0,0,1.0,0,,False,no_upcoming,,,beta_missing:series_too_short,4,,,series_too_short,,no_price_series,,0.6287,-0.272516,,early,small,none,drug_developer,morningstar,,,drawdown,1,0.7275480669836675625387636965,50,41.25000000000000000000000000,71.5,50,56.29629629629629629629629630,68.64864864864864864864864865,55.3229,0.484,1.0,1875,1,0.0,0.0,0,0,0.0,0.3,0.85,oncology,0.7247,highly_crowded,1.0,136,0.008054876876876877,0.478846,-0.053,42.30,0.840385,0.996
PYXS,"Pyxis Oncology, Inc.",66,0.16,C,mod_opt+no_catalyst_data,C,mod_opt+no_catalyst_data,,0.640385,,0,0.573077,1,0.426923,,0,no_upcoming,9,neutral,high_vol|drawdown_data_missing,S,sponsor_confirmed|high_risk|cost_haircut_>2000bps,smart_money_score:+19.5;financial_score:-14.5;catalyst_score:-5.8,tier=C;reason=mod_opt+no_catalyst_data;cat_days=NA;strength=missing;decay_w=0.0,v1.3.0,31f399e0,1,,0,,"{""burn_ttm"": 53075000.0, ""cash_total"": 76256000.0, ""dilution_risk"": null, ""has_revenue"": null, ""lead_phase"": null, ""runway_months"": 17.24111163447951, ""stage_bucket"": ""early"", ""surv_score"": ""1.0"", ""tier1_count"": 3}",early|none|nonpos,0.008054876876876877,,-1.316,687,1,-0.0469,-1.858,3,3,buying,0.0344,elite_3,0.0,0.0,0.0,,,0.0,0,0,0,True,False,True,missing,0.0,adequate,>2000bps,2020.0,0.55,1,0,1.0,0,1.0,0,,False,no_upcoming,,,beta_missing:insufficient_overlap,3,,,insufficient_overlap,,series_too_short,42.6165,1.6279,-0.272516,,early,micro,sev1,drug_developer,morningstar,,,drawdown,1,0.7246657095980311730926989336,50,41.25000000000000000000000000,66.5,50,44.89779674507612321969889414,32.53992446950837440092126878,43.9244,0.0018,1.0,687,2,0.3333,0.0008,0,0,0.0,0.3,0.85,oncology,0.7247,highly_crowded,1.0,167,0.008054876876876877,0.359615,-0.3595,22.78,0.486538,-0.0337
CCCC,"C4 Therapeutics, Inc.",67,0.21,C,mod_opt+no_catalyst_data,C,mod_opt+no_catalyst_data,,0.544231,,0,0.496154,1,0.503846,,0,no_upcoming,9,neutral,,S,sponsor_confirmed|runway_short|cost_haircut_<=2000bps,financial_score:-33.6;smart_money_score:+21.8;momentum_score:+8.0,tier=C;reason=mod_opt+no_catalyst_data;cat_days=NA;strength=missing;decay_w=0.0,v1.3.0,31f399e0,1,,0,,"{""burn_ttm"": 98694000.0, ""cash_total"": 74603000.0, ""dilution_risk"": null, ""has_revenue"": null, ""lead_phase"": null, ""runway_months"": 9.070824974162564, ""stage_bucket"": ""early"", ""surv_score"": ""0.0"", ""tier1_count"": 3}",early|none|nonpos,0.008054876876876877,,-1.3074,1510,1,0.2467,-1.1764,3,3,buying,0.0344,elite_3,0.0,0.0,0.0,,,0.0,0,0,0,True,False,True,missing,0.0,short,<=2000bps,1461.59,0.7,1,0,1.0,0,1.0,0,,False,no_upcoming,-0.023684,price_history,,3,0.7284,price_history,,-0.171683,,38.7259,0.7106,-0.272516,0.100833,early,micro,sev2,drug_developer,morningstar,,,,0,0.7246493933785728973884433477,52.72,41.25000000000000000000000000,66.5,50,51.85185185185185185185185185,11.11636098833172449999153245,50.8784,0.296,1.0,1510,1,0.0,0.0,0,0,0.0,0.3,0.85,oncology,0.7247,highly_crowded,1.0,142,0.008054876876876877,0.455769,-0.1111,12.95,0.132692,-1.1138
HRTX,"Heron Therapeutics, Inc.",68,0.55,C,low_opt,C,low_opt,,0.240385,,0,0.196154,1,0.803846,384,0,specific_days,9,neutral,deep_drawdown,L,catalyst_far_lift|sponsor_confirmed|cost_haircut_>2000bps,financial_score:-30.0;clinical_score:+21.6;smart_money_score:+9.5,tier=C;reason=low_opt;cat_days=384;strength=far;decay_w=0.3,v1.3.0,31f399e0,1,,0,,"{""burn_ttm"": 27591000.0, ""cash_total"": 28647000.0, ""dilution_risk"": null, ""has_revenue"": null, ""lead_phase"": null, ""runway_months"": 12.459280200065239, ""stage_bucket"": ""late"", ""surv_score"": ""-2.0"", ""tier1_count"": 2}",late|far_271_540|pos,0.05258729032258065,,1.1672,0,1,1.0164,0.6099,2,2,buying,-0.3545,elite_2,0.0,0.0,0.0,,,0.0,0,0,0,True,False,True,far,0.3,adequate,>2000bps,2020.0,0.55,1,0,1.0,0,1.0,0,384,False,specific_days,0.09065,price_history,,2,0.719,price_history,,-0.479223,,52.9814,0.4900,-0.272516,-0.206707,late,micro,sev1,drug_developer,morningstar,,,,0,0.8825897791353383458646616541,50.33,45.56250000000000000000000000,58.0,90.00,70.07874015748031496062992126,18.44193688387376774753549507,71.3018,1.16,3.0,10,14,1.0,2.3758,2,2,0.0,0.4,0.95,oncology,0.7247,highly_crowded,1.0,63,0.05258729032258065,0.759615,0.7051,25.93,0.540385,0.1014
ACLX,"Arcellx, Inc.",69,1.0,C,mod_opt+no_catalyst_data,C,mod_opt+no_catalyst_data,,0.505769,,0,0.511538,1,0.488462,,0,no_upcoming,9,neutral,drawdown_data_missing,L,sponsor_confirmed,smart_money_score:+29.6;financial_score:-20.4;catalyst_score:-9.1,tier=C;reason=mod_opt+no_catalyst_data;cat_days=NA;strength=missing;decay_w=0.0,v1.3.0,31f399e0,1,,0,,"{""burn_ttm"": 152083000.0, ""cash_total"": 461383000.0, ""dilution_risk"": null, ""has_revenue"": null, ""lead_phase"": null, ""runway_months"": 36.40509458650868, ""stage_bucket"": ""early"", ""surv_score"": ""5.0"", ""tier1_count"": 7}",early|none|nonpos,0.008054876876876877,,-1.3096,1056,1,0.1998,-1.2853,7,7,buying,1.5901,elite_7,0.0,0.0,0.0,,,0.0,0,0,0,True,False,True,missing,0.0,adequate,<=400bps,207.9,1.0,0,0,1.0,0,1.0,0,,False,no_upcoming,,,beta_missing:series_too_short,7,,,series_too_short,,no_price_series,,0.5575,-0.272516,,early,mid,none,drug_developer,morningstar,,,drawdown,1,0.8020826998961578400830737279,50,41.25000000000000000000000000,80.0,50,50.74074074074074074074074074,29.94275940320750563091669630,49.7673,0.249,1.0,1056,1,0.0,0.0,0,0,0.0,0.3,0.85,oncology,0.7247,highly_crowded,1.0,132,0.008054876876876877,0.494231,-0.0145,37.18,0.755769,0.6928
ARTV,"Artiva Biotherapeutics, Inc.",70,0.42,C,mod_opt+no_catalyst_data,C,mod_opt+no_catalyst_data,,0.513462,,0,0.542308,1,0.457692,,0,no_upcoming,9,neutral,drawdown_data_missing,M,sponsor_confirmed|cost_haircut_<=2000bps,smart_money_score:+12.5;financial_score:-9.6;catalyst_score:-6.3,tier=C;reason=mod_opt+no_catalyst_data;cat_days=NA;strength=missing;decay_w=0.0,v1.3.0,31f399e0,1,,0,,"{""burn_ttm"": 62025000.0, ""cash_total"": 122968000.0, ""dilution_risk"": null, ""has_revenue"": null, ""lead_phase"": null, ""runway_months"": 23.790665054413545, ""stage_bucket"": ""early"", ""surv_score"": ""4.0"", ""tier1_count"": 2}",early|none|nonpos,0.008054876876876877,,-1.3118,1023,1,0.1062,-1.5024,2,2,neutral,-0.3545,elite_2,0.0,0.0,0.0,,,0.0,0,0,0,True,False,True,missing,0.0,adequate,<=2000bps,1301.68,0.7,1,0,1.0,0,1.0,0,,False,no_upcoming,,,beta_missing:series_too_short,2,,,series_too_short,,no_price_series,,,-0.272516,,early,micro,sev1,drug_developer,morningstar,,,drawdown,1,0.7385926609266092660926609266,50,41.25000000000000000000000000,60.0,50,48.52529255364189063320293316,37.89683144507104269335636506,47.5518,0.1553,1.0,1023,1,0.0,0.0,0,0,0.0,0.3,0.85,oncology,0.7247,highly_crowded,1.0,134,0.008054876876876877,0.486538,-0.0337,24.22,0.521154,0.053
CABA,"Cabaletta Bio, Inc.",71,0.85,C,mod_opt+no_catalyst_data,C,mod_opt+no_catalyst_data,,0.536538,,0,0.565385,1,0.434615,,0,no_upcoming,9,tailwind,high_vol,L,sponsor_confirmed|momentum_tailwind|high_risk,momentum_score:+21.2;financial_score:-19.0;smart_money_score:+14.4,tier=C;reason=mod_opt+no_catalyst_data;cat_days=NA;strength=missing;decay_w=0.0,v1.3.0,31f399e0,1,,0,,"{""burn_ttm"": 95737000.0, ""cash_total"": 159931000.0, ""dilution_risk"": null, ""has_revenue"": null, ""lead_phase"": null, ""runway_months"": 19.747412178708867, ""stage_bucket"": ""early"", ""surv_score"": ""4.0"", ""tier1_count"": 3}",early|none|nonpos,0.008054876876876877,,-1.314,2607,1,0.0139,-1.7167,3,3,buying,0.0344,elite_3,0.0,0.0,0.0,,,0.0,0,0,0,True,False,True,missing,0.0,adequate,<=1000bps,998.61,0.85,1,0,1.0,0,1.0,0,,False,no_upcoming,0.502914,price_history,,3,0.9404,price_history,,-0.193671,,49.2398,1.3399,-0.272516,0.078845,early,small,sev1,drug_developer,morningstar,,,,0,0.7316276176653535144101181837,73.34,41.25000000000000000000000000,66.5,50,46.33863401581737201307388779,33.14422530638746854963071180,44.6652,0.0332,1.0,2607,1,0.0,0.0,0,0,0.0,0.3,0.5,other,0.7247,highly_crowded,1.0,140,0.008054876876876877,0.463462,-0.0917,23.83,0.509615,0.0241
EYPT,"EyePoint, Inc.",72,0.85,C,low_opt+no_catalyst_data,C,low_opt+no_catalyst_data,,0.125,,0,0.296154,1,0.703846,,0,no_upcoming,9,tailwind,,L,sponsor_confirmed|momentum_tailwind|runway_short,financial_score:-45.0;momentum_score:+25.2;smart_money_score:+19.6,tier=C;reason=low_opt+no_catalyst_data;cat_days=NA;strength=missing;decay_w=0.0,v1.3.0,31f399e0,1,,0,,"{""burn_ttm"": 175063000.0, ""cash_total"": 204022000.0, ""dilution_risk"": null, ""has_revenue"": null, ""lead_phase"": null, ""runway_months"": 13.985045383661882, ""stage_bucket"": ""late"", ""surv_score"": ""2.0"", ""tier1_count"": 4}",late|none|nonpos,0.06780888345864662,,0.1457,180,1,0.7471,-0.0152,4,4,buying,0.4233,elite_4,0.0,0.0,0.0,,,0.0,0,0,0,True,False,True,missing,0.0,short,<=1000bps,660.09,0.85,1,0,1.0,0,1.0,0,,False,no_upcoming,0.3772,price_history,,4,0.903,price_history,,-0.114972,,61.3425,0.7147,-0.272516,0.157544,late,small,sev2,drug_developer,morningstar,,,,0,0.9,77.53,41.25000000000000000000000000,72.0,52.23,63.70078740157480314960629921,7.310436157033619548037079757,62.5348,0.7891,3.0,516,7,1.0,0.0761,0,0,0.0,0.4,0.55,ophthalmology,0.2537,moderate,1.0,33,0.06780888345864662,0.875,1.1503,13.15,0.151923,-1.0282
ALDX,"Aldeyra Therapeutics, Inc.",73,0.21,C,mod_opt+no_catalyst_data,C,mod_opt+no_catalyst_data,,0.036538,,0,0.373077,1,0.626923,,0,no_upcoming,9,headwind,deep_drawdown,S,sponsor_confirmed|momentum_headwind|cost_haircut_<=2000bps,catalyst_score:-10.9;smart_money_score:+8.9;clinical_score:+7.6,tier=C;reason=mod_opt+no_catalyst_data;cat_days=NA;strength=missing;decay_w=0.0,v1.3.0,31f399e0,1,,0,,"{""burn_ttm"": 28046337.0, ""cash_total"": 75297339.0, ""dilution_risk"": null, ""has_revenue"": null, ""lead_phase"": null, ""runway_months"": 25.71376390435585, ""stage_bucket"": ""late"", ""surv_score"": ""2.0"", ""tier1_count"": 2}",late|none|nonpos,0.06780888345864662,,0.3294,67,1,0.5775,-0.4087,2,2,buying,-0.3545,elite_2,0.0,0.0,0.0,,,0.0,0,0,0,True,False,True,missing,0.0,adequate,<=2000bps,1320.43,0.7,1,0,1.0,0,1.0,0,,False,no_upcoming,0.001168,price_history,,2,1.1653,price_history,,-0.406061,,49.9652,,-0.272516,-0.133545,late,small,none,drug_developer,morningstar,,,,0,0.8101137162954279015240328253,44.57,41.25000000000000000000000000,61.0,90.00,59.68503937007874015748031496,54.11764705882352941176470588,60.3647,0.6973,3.0,112,14,1.0,2.0657,2,3,0.0,0.8,0.55,ophthalmology,0.2537,moderate,1.0,10,0.06780888345864662,0.963462,1.7923,30.42,0.621154,0.3085
CHRS,"Coherus Oncology, Inc.",74,0.42,C,mod_opt+no_catalyst_data,C,mod_opt+no_catalyst_data,,0.094231,,0,0.45,1,0.55,,0,no_upcoming,9,tailwind,,M,momentum_tailwind|cost_haircut_<=2000bps,catalyst_score:-16.5;momentum_score:+12.7;financial_score:+10.0,tier=C;reason=mod_opt+no_catalyst_data;cat_days=NA;strength=missing;decay_w=0.0,v1.3.0,31f399e0,1,,0,,"{""burn_ttm"": 118797000.0, ""cash_total"": 191663000.0, ""dilution_risk"": null, ""has_revenue"": null, ""lead_phase"": null, ""runway_months"": 18.31919011700611, ""stage_bucket"": ""late"", ""surv_score"": ""2.0"", ""tier1_count"": 1}",late|none|nonpos,0.06780888345864662,,0.9269,0,1,0.3281,-0.9875,1,1,buying,-0.7434,elite_1,0.0,0.0,0.0,,,0.0,0,0,0,True,False,True,missing,0.0,adequate,<=2000bps,1725.6,0.7,1,0,1.0,0,1.0,0,,False,no_upcoming,0.237551,price_history,,1,0.6643,price_history,,-0.1295,,64.6791,0.9928,-0.272516,0.143016,late,micro,none,drug_developer,morningstar,,,,0,0.7863167400383790495541257478,70.49,41.25000000000000000000000000,55.5,86.16,53.77952755905511811023622047,67.71653543307086614173228346,53.1561,0.3924,3.0,,8,1.0,0.0011,0,0,0.0,0.3,0.95,oncology,-0.453,uncrowded,1.0,25,0.06780888345864662,0.905769,1.3151,30.29,0.617308,0.2984
ARVN,"Arvinas, Inc.",75,0.85,B,high_quality+no_catalyst_data,,,B,0.875,0.965385,1,,0,,,0,no_upcoming,9,tailwind,,L,sponsor_confirmed|momentum_tailwind,catalyst_score:-18.7;financial_score:+17.0;smart_money_score:+6.0,tier=;reason=;cat_days=NA;strength=missing;decay_w=0.0,v1.3.0,31f399e0,1,,0,,"{""burn_ttm"": 273800000.0, ""cash_total"": 685400000.0, ""dilution_risk"": null, ""has_revenue"": null, ""lead_phase"": null, ""runway_months"": 30.030679327976625, ""stage_bucket"": ""early"", ""surv_score"": ""5.0"", ""tier1_count"": 4}",early|none|pos,-0.1,76.97,-1.2636,899,1,0.8013,0.842,4,4,buying,0.4233,elite_4,0.0,0.0,0.0,,,0.0,0,0,0,True,False,True,missing,0.0,adequate,<=1000bps,932.46,0.85,1,0,1.0,0,1.0,0,,False,no_upcoming,-0.032468,price_history,,4,0.9279,price_history,,-0.217855,,43.504,0.6174,-0.272516,0.054661,early,small,none,commercial_biotech,morningstar,,,,0,0.7273806929614295053388537808,54.10,41.25000000000000000000000000,66.0,90.00,61.48148148148148148148148148,77.000,60.508,0.7034,1.0,899,2,0.3333,0.0002,0,0,0.0,0.3,0.85,oncology,0.7247,highly_crowded,1.0,228,-0.1,0.125,-1.1503,41.44,0.825,0.9346
HROW,"Harrow, Inc.",76,0.85,C,low_quality+no_catalyst_data,,,C,0.917308,0.165385,1,,0,,,0,no_upcoming,9,tailwind,,L,momentum_tailwind,financial_score:-18.4;momentum_score:+13.6;catalyst_score:-8.4,tier=;reason=;cat_days=NA;strength=missing;decay_w=0.0,v1.3.0,31f399e0,1,,0,,"{""burn_ttm"": 0.0, ""cash_total"": 74290000.0, ""dilution_risk"": null, ""has_revenue"": null, ""lead_phase"": null, ""runway_months"": null, ""stage_bucket"": ""early"", ""surv_score"": ""-1.0"", ""tier1_count"": 1}",early|none|pos,-0.1,32.134556,-1.3898,,0,0.443,0.5422,1,1,buying,-0.7434,elite_1,0.0,0.0,0.0,,,0.0,0,0,0,True,False,True,missing,0.0,adequate,<=1000bps,581.17,0.85,1,0,1.0,0,1.0,0,,False,no_upcoming,0.257128,price_history,,1,0.9125,price_history,,-0.076667,,57.6816,0.6339,-0.272516,0.195849,early,mid,none,commercial_pharma,morningstar,,,,0,0.7660734286664449617559028932,63.20,41.25000000000000000000000000,55.5,15.54,57.03703703703703703703703704,31.23456790123456790123456790,55.2314,0.4802,0.0,,2,0.0,0.0,0,0,0.0,0.0,0.55,infectious_disease,0.7247,highly_crowded,1.0,239,-0.1,0.082692,-1.3872,34.75,0.705769,0.5411
ANAB,"AnaptysBio, Inc.",77,0.85,C,low_quality+no_catalyst_data,,,C,0.694231,0.25,1,,0,,,0,no_upcoming,9,tailwind,,L,sponsor_confirmed|momentum_tailwind,financial_score:-30.1;clinical_score:+17.4;catalyst_score:-15.2,tier=;reason=;cat_days=NA;strength=missing;decay_w=0.0,v1.3.0,31f399e0,1,,0,,"{""burn_ttm"": 78300000.0, ""cash_total"": 109833000.0, ""dilution_risk"": null, ""has_revenue"": null, ""lead_phase"": null, ""runway_months"": 16.83264367816092, ""stage_bucket"": ""mid"", ""surv_score"": ""2.0"", ""tier1_count"": 5}",mid|none|pos,-0.0005933841807909605,37.884439,-0.7172,,0,1.3449,1.5796,5,5,buying,0.8122,elite_5,0.0,0.0,0.0,,,0.0,0,0,0,True,False,True,missing,0.0,adequate,<=1000bps,634.48,0.85,1,0,1.0,0,1.0,0,,False,no_upcoming,0.363354,price_history,,5,0.6567,price_history,,-0.125734,,54.6126,0.5912,-0.272516,0.146782,mid,small,sev1,commercial_biotech,morningstar,,,,0,0.8316624621594349142280524723,69.20,41.25000000000000000000000000,71.5,34.85,73.87755102040816326530612245,26.32653061224489795918367346,72.6634,1.2176,2.0,,5,1.0,0.0,0,0,0.0,0.4,0.5,respiratory,0.7247,highly_crowded,1.0,181,-0.0005933841807909605,0.305769,-0.5079,35.89,0.748077,0.6685
IDYA,"IDEAYA Biosciences, Inc.",78,0.85,C,mod_quality+no_catalyst_data,,,C,0.921154,0.634615,1,,0,,,0,no_upcoming,9,neutral,,L,sponsor_confirmed,financial_score:+18.0;catalyst_score:-16.3;smart_money_score:+7.5,tier=;reason=;cat_days=NA;strength=missing;decay_w=0.0,v1.3.0,31f399e0,1,,0,,"{""burn_ttm"": 71098000.0, ""cash_total"": 639388000.0, ""dilution_risk"": null, ""has_revenue"": null, ""lead_phase"": null, ""runway_months"": 107.9166221272047, ""stage_bucket"": ""early"", ""surv_score"": ""5.0"", ""tier1_count"": 6}",early|none|pos,-0.1,52.6805,-1.2906,1875,1,0.509,0.7187,6,6,neutral,1.2011,elite_6,0.0,0.0,0.0,,,0.0,0,0,0,True,False,True,missing,0.0,adequate,<=1000bps,591.25,0.85,1,0,1.0,0,1.0,0,,False,no_upcoming,-0.039029,price_history,,6,0.9188,price_history,,-0.149557,,47.3765,0.3864,-0.272516,0.122959,early,mid,none,commercial_biotech,morningstar,,,,0,0.7999981252756947507719453022,51.00,41.25000000000000000000000000,65.0,24.23,54.81481481481481481481481482,75.55555555555555555555555555,53.8414,0.4214,1.0,1875,2,0.3333,0.0,0,0,0.0,0.3,0.85,oncology,0.7247,highly_crowded,1.0,240,-0.1,0.078846,-1.4129,47.19,0.909615,1.3384
CMPS,COMPASS Pathways Plc - American,79,0.85,C,mod_quality+no_catalyst_data,,,C,0.798077,0.665385,1,,0,,,0,no_upcoming,9,tailwind,deep_drawdown,L,sponsor_confirmed|momentum_tailwind,smart_money_score:+21.8;catalyst_score:-14.5;financial_score:-9.4,tier=;reason=;cat_days=NA;strength=missing;decay_w=0.0,v1.3.0,31f399e0,1,,0,,"{""burn_ttm"": 119452000.0, ""cash_total"": 185937000.0, ""dilution_risk"": null, ""has_revenue"": null, ""lead_phase"": null, ""runway_months"": 16.924559632728812, ""stage_bucket"": ""mid"", ""surv_score"": ""1.0"", ""tier1_count"": 5}",mid|none|nonpos,-0.025323375,54.526181,-0.4207,118,1,,0.0,5,5,buying,0.8122,elite_5,0.0,0.0,0.0,,,0.0,0,0,0,True,False,True,missing,0.0,adequate,<=1000bps,762.54,0.85,1,0,1.0,0,1.0,0,,False,no_upcoming,0.117025,price_history,,5,1.1455,price_history,,-0.402196,,45.0422,0.7735,-0.272516,-0.12968,mid,small,sev1,platform_services,morningstar,,,,0,0.7804054054054054054054054054,54.29,41.25000000000000000000000000,77.5,65.15,59.18367346938775510204081633,46.36817992503123698458975426,57.9363,0.5946,2.0,118,4,1.0,0.454,0,1,0.0,0.3,0.6,cns,0.7247,highly_crowded,1.0,208,-0.025323375,0.201923,-0.8348,33.94,0.671154,0.4431
VRTX,Vertex Pharmaceuticals Incorporated,80,0.6,C,low_quality+no_catalyst_data,,,C,0.490385,0.334615,1,,0,,,0,no_upcoming,9,headwind,,M,sponsor_confirmed|momentum_headwind,clinical_score:+21.2;catalyst_score:-14.6;momentum_score:-11.0,tier=;reason=;cat_days=NA;strength=missing;decay_w=0.0,v1.3.0,31f399e0,1,,0,,"{""burn_ttm"": 0.0, ""cash_total"": 6608100000.0, ""dilution_risk"": null, ""has_revenue"": null, ""lead_phase"": null, ""runway_months"": null, ""stage_bucket"": ""late"", ""surv_score"": ""3.0"", ""tier1_count"": 3}",late|none|pos,0.01745745864661654,42.09939,1.1747,0,1,1.4818,1.7206,3,3,buying,0.0344,elite_3,0.0,0.0,0.0,,,0.0,0,0,0,True,False,True,missing,0.0,adequate,<=400bps,123.8,1.0,0,0,1.0,0,1.0,0,,False,no_upcoming,-0.058625,price_history,,3,0.2856,price_history,,-0.223861,,51.4774,0.2519,-0.272516,0.048655,late,large,none,commercial_biotech,morningstar,,,,0,0.9,44.80,41.25000000000000000000000000,63.0,26.45,77.000,53.07086614173228346456692913,78.3315,1.4574,3.0,48,66,1.0,3.0127,2,3,0.0,0.9,0.95,oncology,0.7247,highly_crowded,1.0,128,0.01745745864661654,0.509615,0.0241,49.19,0.940385,1.558
VNDA,Vanda Pharmaceuticals Inc.,81,0.25,C,low_quality+no_catalyst_data,,,C,0.486538,0.596154,1,,0,,,0,no_upcoming,9,neutral,,S,runway_short,financial_score:-30.4;clinical_score:+29.0;catalyst_score:-6.8,tier=;reason=;cat_days=NA;strength=missing;decay_w=0.0,v1.3.0,31f399e0,1,,0,,"{""burn_ttm"": 109442000.0, ""cash_total"": 84851000.0, ""dilution_risk"": null, ""has_revenue"": null, ""lead_phase"": null, ""runway_months"": 9.303667696131285, ""stage_bucket"": ""late"", ""surv_score"": ""-3.0"", ""tier1_count"": 1}",late|none|pos,0.01745745864661654,49.791602,1.1747,0,1,1.4818,1.7206,1,1,neutral,-0.7434,elite_1,0.0,0.0,0.0,,,0.0,0,0,0,True,False,True,missing,0.0,short,<=1000bps,634.63,0.85,1,0,1.0,0,1.0,0,,False,no_upcoming,0.0889,price_history,,1,1.0297,price_history,,-0.174338,,46.939,1.0382,-0.272516,0.098178,late,small,sev2,commercial_biotech,morningstar,,,,0,0.8839970836435840158848349466,51.78,41.25000000000000000000000000,52.5,90.00,77.000,17.63467042590456661967619292,77.5712,1.4252,3.0,291,36,1.0,3.2719,4,4,0.0,0.4,0.6,cns,0.2537,moderate,1.0,127,0.01745745864661654,0.513462,0.0337,15.91,0.232692,-0.73
IMCR,Immunocore Holdings plc,82,0.85,B,high_quality+no_catalyst_data,,,B,0.817308,0.919231,1,,0,,,0,no_upcoming,9,tailwind,,L,sponsor_confirmed|momentum_tailwind,clinical_score:-47.5;smart_money_score:+26.6;financial_score:+23.6,tier=;reason=;cat_days=NA;strength=missing;decay_w=0.0,v1.3.0,31f399e0,1,,0,,"{""burn_ttm"": 10712000.0, ""cash_total"": 864153000.0, ""dilution_risk"": null, ""has_revenue"": null, ""lead_phase"": null, ""runway_months"": 453.2667191188041, ""stage_bucket"": ""mid"", ""surv_score"": ""4.0"", ""tier1_count"": 6}",mid|none|nonpos,-0.025323375,72.9845,-0.8027,584,1,-1.6355,-1.4852,6,6,buying,1.2011,elite_6,0.0,0.0,0.0,,,0.0,0,0,0,True,False,True,missing,0.0,adequate,<=1000bps,888.71,0.85,1,0,1.0,0,1.0,0,,False,no_upcoming,0.401819,price_history,,6,0.1831,price_history,,-0.297302,,58.1756,0.4195,-0.272516,-0.024786,mid,small,none,commercial_biotech,morningstar,,,,0,0.8656053489670575097710776103,62.68,41.25000000000000000000000000,80.0,73.71,5.903558702392521634504141790,77.000,4.9301,-1.6478,2.0,584,7,1.0,0.0176,0,0,0.0,0.3,0.95,oncology,0.7247,highly_crowded,1.0,213,-0.025323375,0.182692,-0.9052,21.23,0.421154,-0.1989
INDV,Indivior PLC,83,1.0,C,low_quality,,,C,0.390385,0.442308,1,,0,,49,1,specific_days,9,tailwind,,L,momentum_tailwind,catalyst_score:-18.0;clinical_score:+17.2;smart_money_score:-7.3,tier=;reason=;cat_days=49;strength=near;decay_w=1.0,v1.3.0,31f399e0,1,,0,,"{""burn_ttm"": 0.0, ""cash_total"": 445000000.0, ""dilution_risk"": null, ""has_revenue"": null, ""lead_phase"": null, ""runway_months"": null, ""stage_bucket"": ""late"", ""surv_score"": ""3.0"", ""tier1_count"": 1}",late|near_31_90|pos,0.01745745864661654,46.275286,1.1747,0,1,1.29,1.3404,1,1,neutral,-0.7434,elite_1,0.0,0.0,0.0,,,0.0,0,0,0,True,False,True,near,1.0,adequate,<=400bps,364.37,1.0,0,0,1.0,0,1.0,0,49,True,specific_days,0.144199,price_history,,1,0.4443,price_history,,-0.138504,,43.8548,0.4169,-0.272516,0.134012,late,mid,none,commercial_pharma,morningstar,,,,0,0.9,66.61,41.79502400000000000000000000,52.5,15.54,77.000,61.14285714285714285714285714,77.4786,1.4213,3.0,49,34,1.0,0.9988,1,1,0.0,0.8,0.55,infectious_disease,0.2537,moderate,1.0,102,0.01745745864661654,0.609615,0.2783,49.64,0.948077,1.6265
REGN,"Regeneron Pharmaceuticals, Inc.",84,1.0,B,mod_quality+catalyst_near,,,B,0.448077,0.703846,1,,0,,109,0,specific_days,9,tailwind,,L,sponsor_confirmed|momentum_tailwind,catalyst_score:-13.8;clinical_score:+12.1;smart_money_score:+6.6,tier=;reason=;cat_days=109;strength=near;decay_w=1.0,v1.3.0,31f399e0,1,,0,,"{""burn_ttm"": 0.0, ""cash_total"": 8605200000.0, ""dilution_risk"": null, ""has_revenue"": null, ""lead_phase"": null, ""runway_months"": null, ""stage_bucket"": ""late"", ""surv_score"": ""4.0"", ""tier1_count"": 4}",late|near_91_180|pos,0.01745745864661654,55.754472,1.1689,0,1,1.2404,1.2614,4,4,buying,0.4233,elite_4,0.0,0.0,0.0,,,0.0,0,0,0,True,False,True,near,1.0,adequate,<=400bps,128.53,1.0,0,0,1.0,0,1.0,0,109,False,specific_days,-0.062838,price_history,,4,0.3867,price_history,,-0.073073,,59.0081,0.388,-0.272516,0.199443,late,large,none,commercial_biotech,morningstar,,,,0,0.9,55.48,45.56250000000000000000000000,66.0,52.68,71.49606299212598425196850394,58.26771653543307086614173228,72.9038,1.2278,3.0,0,258,1.0,7.4644,10,16,0.002,0.6,0.95,oncology,0.7247,highly_crowded,1.0,117,0.01745745864661654,0.551923,0.1305,46.68,0.894231,1.2493
SUPN,"Supernus Pharmaceuticals, Inc.",85,0.85,C,low_quality+no_catalyst_data,,,C,0.467308,0.073077,1,,0,,,0,no_upcoming,9,tailwind,,L,sponsor_confirmed|momentum_tailwind,financial_score:-29.7;clinical_score:+20.6;momentum_score:+13.8,tier=;reason=;cat_days=NA;strength=missing;decay_w=0.0,v1.3.0,31f399e0,1,,0,,"{""burn_ttm"": 0.0, ""cash_total"": 151371000.0, ""dilution_risk"": null, ""has_revenue"": null, ""lead_phase"": null, ""runway_months"": null, ""stage_bucket"": ""late"", ""surv_score"": ""1.0"", ""tier1_count"": 2}",late|none|pos,0.01745745864661654,27.605327,1.1675,0,1,1.0365,1.1015,2,2,neutral,-0.3545,elite_2,0.0,0.0,0.0,,,0.0,0,0,0,True,False,True,missing,0.0,adequate,<=1000bps,505.15,0.85,1,0,1.0,0,1.0,0,,False,no_upcoming,0.355347,price_history,,2,0.5621,price_history,,-0.032468,,64.2243,0.4534,-0.272516,0.240048,late,mid,none,commercial_pharma,morningstar,,,,0,0.9,64.25,41.25000000000000000000000000,55.0,15.54,71.02362204724409448818897638,20.70294784580498866213151928,71.1806,1.1549,3.0,244,34,1.0,0.8141,1,1,0.0,0.4,0.6,cns,0.7247,highly_crowded,1.0,122,0.01745745864661654,0.532692,0.082,34.73,0.701923,0.5299
MEDP,"Medpace Holdings, Inc.",86,1.0,C,low_quality+no_catalyst_data,,,C,0.594231,0.526923,1,,0,,,0,no_upcoming,9,tailwind,,L,momentum_tailwind,catalyst_score:-14.7;momentum_score:+12.6;clinical_score:+6.3,tier=;reason=;cat_days=NA;strength=missing;decay_w=0.0,v1.3.0,31f399e0,1,,0,,"{""burn_ttm"": 0.0, ""cash_total"": 497049000.0, ""dilution_risk"": null, ""has_revenue"": null, ""lead_phase"": null, ""runway_months"": null, ""stage_bucket"": ""early"", ""surv_score"": ""3.0"", ""tier1_count"": 0}",early|none|nonpos,0.008054876876876877,47.919333,-1.3665,,0,,0.0,0,0,neutral,-1.1323,,0.0,0.0,0.0,,,0.0,0,0,0,True,False,True,missing,0.0,adequate,<=400bps,270.97,1.0,0,0,1.0,0,1.0,0,,False,no_upcoming,0.235091,price_history,,0,0.3353,price_history,,-0.02449,,65.1028,0.2643,-0.272516,0.248026,early,large,none,platform_diagnostics,morningstar,,,,0,0.8532027413038470398525685326,68.54,41.25000000000000000000000000,,31.08,62.22222222222222222222222222,51.85185185185185185185185185,60.7666,0.7143,0.0,33,6,0.0,0.0,0,0,0.0,0.0,0.5,dermatology,-3.515,uncrowded,1.0,155,0.008054876876876877,0.405769,-0.2384,35.83,0.744231,0.6564
DAWN,"Day One Biopharmaceuticals, Inc.",87,0.25,C,mod_quality+no_catalyst_data,,,C,0.805769,0.642308,1,,0,,,0,no_upcoming,9,headwind,deep_drawdown,S,momentum_headwind,financial_score:+27.3;clinical_score:-19.2;catalyst_score:-8.4,tier=;reason=;cat_days=NA;strength=missing;decay_w=0.0,v1.3.0,31f399e0,1,,0,,"{""burn_ttm"": 103757000.0, ""cash_total"": 441113000.0, ""dilution_risk"": null, ""has_revenue"": null, ""lead_phase"": null, ""runway_months"": 51.01685669400619, ""stage_bucket"": ""mid"", ""surv_score"": ""4.0"", ""tier1_count"": 1}",mid|none|nonpos,-0.025323375,53.6665,-0.7791,969,1,-0.5562,-0.3785,1,1,neutral,-0.7434,elite_1,0.0,0.0,0.0,,,0.0,0,0,0,True,False,True,missing,0.0,adequate,<=1000bps,612.55,0.85,1,0,1.0,0,1.0,0,,False,no_upcoming,-0.17152,price_history,,1,1.0734,price_history,,-0.3552,,42.7587,0.8040,-0.272516,-0.082684,mid,small,none,commercial_biotech,morningstar,,,,0,0.7607595739885044517074270258,44.70,41.25000000000000000000000000,55.0,28.79,30.52107917997130825119163312,77.000,29.9661,-0.5887,2.0,969,3,0.6667,0.0003,0,0,0.3333,0.3,0.95,oncology,0.7247,highly_crowded,1.0,210,-0.025323375,0.194231,-0.8624,25.17,0.528846,0.0724
TWST,Twist Bioscience Corporation,88,0.85,C,low_quality+no_catalyst_data,,,C,0.667308,0.557692,1,,0,,,0,no_upcoming,9,tailwind,deep_drawdown,L,momentum_tailwind,momentum_score:+10.7;catalyst_score:-8.5;financial_score:-7.7,tier=;reason=;cat_days=NA;strength=missing;decay_w=0.0,v1.3.0,31f399e0,1,,0,,"{""burn_ttm"": 24814000.0, ""cash_total"": 197949000.0, ""dilution_risk"": null, ""has_revenue"": null, ""lead_phase"": null, ""runway_months"": 95.72773434351576, ""stage_bucket"": ""early"", ""surv_score"": ""1.0"", ""tier1_count"": 1}",early|none|nonpos,0.008054876876876877,48.519545,-1.3938,,0,,0.0,1,1,selling,-0.7434,elite_1,0.0,0.0,0.0,,,0.0,0,0,0,True,False,True,missing,0.0,adequate,<=1000bps,402.96,0.85,1,0,1.0,0,1.0,0,,False,no_upcoming,0.081405,price_history,,1,1.7366,price_history,,-0.439919,,45.8391,0.6351,-0.272516,-0.167403,early,mid,none,platform_diagnostics,morningstar,,,,0,0.7583196301713330547430004179,60.47,41.25000000000000000000000000,49.5,50,55.55555555555555555555555556,42.05676641433385832105539467,54.4499,0.4471,0.0,,1,0.0,0.0,0,0,0.0,0.0,0.75,cardiovascular,0.7247,highly_crowded,1.0,174,0.008054876876876877,0.332692,-0.4325,34.53,0.694231,0.5079
NBIX,"Neurocrine Biosciences, Inc.",89,0.6,C,mod_quality+no_catalyst_data,,,C,0.428846,0.680769,1,,0,,,0,no_upcoming,9,headwind,,M,sponsor_confirmed|momentum_headwind,smart_money_score:+24.2;catalyst_score:-17.6;momentum_score:-16.0,tier=;reason=;cat_days=NA;strength=missing;decay_w=0.0,v1.3.0,31f399e0,1,,0,,"{""burn_ttm"": 0.0, ""cash_total"": 713000000.0, ""dilution_risk"": null, ""has_revenue"": null, ""lead_phase"": null, ""runway_months"": null, ""stage_bucket"": ""late"", ""surv_score"": ""3.0"", ""tier1_count"": 8}",late|none|pos,0.01745745864661654,54.654488,1.1742,0,1,1.1367,1.1959,8,8,buying,1.979,elite_8,0.0,0.0,0.0,,,0.0,0,0,0,True,False,True,missing,0.0,adequate,<=400bps,265.05,1.0,0,0,1.0,0,1.0,0,,False,no_upcoming,-0.024917,price_history,,8,0.1167,price_history,,-0.262982,,27.2445,0.3467,-0.272516,0.009534,late,large,none,commercial_pharma,morningstar,,,,0,0.9,42.83,41.25000000000000000000000000,83.0,62.84,73.38582677165354330708661417,53.54330708661417322834645669,72.9334,1.229,3.0,483,31,1.0,0.3576,0,0,0.0,0.8,0.6,cns,-0.453,uncrowded,1.0,112,0.01745745864661654,0.571154,0.1793,48.28,0.928846,1.4673
BIOA,"BioAge Labs, Inc.",90,0.85,C,mod_quality+no_catalyst_data,,,C,0.794231,0.780769,1,,0,,,0,no_upcoming,9,neutral,drawdown_data_missing,L,sponsor_confirmed,clinical_score:-43.7;financial_score:+26.4;smart_money_score:+23.3,tier=;reason=;cat_days=NA;strength=missing;decay_w=0.0,v1.3.0,31f399e0,1,,0,,"{""burn_ttm"": 53376000.0, ""cash_total"": 285778000.0, ""dilution_risk"": null, ""has_revenue"": null, ""lead_phase"": null, ""runway_months"": 63.32104316546763, ""stage_bucket"": ""mid"", ""surv_score"": ""5.0"", ""tier1_count"": 4}",mid|none|nonpos,-0.025323375,61.295918,-0.6432,140,1,-1.7648,-1.5386,4,4,buying,0.4233,elite_4,0.0,0.0,0.0,,,0.0,0,0,0,True,False,True,missing,0.0,adequate,<=1000bps,809.82,0.85,1,0,1.0,0,1.0,0,,False,no_upcoming,,,beta_missing:series_too_short,4,,,series_too_short,,no_price_series,,1.0312,-0.272516,,mid,small,none,commercial_pharma,morningstar,,,drawdown,1,0.7906496491779243899884804692,50,41.25000000000000000000000000,72.0,50,5,75.10204081632653061224489796,4.3689,-1.6716,2.0,140,2,0.3333,0.5772,0,2,0.0,0.4,0.55,infectious_disease,0.7247,highly_crowded,1.0,207,-0.025323375,0.205769,-0.8212,21.83,0.455769,-0.1111
RGNX,REGENXBIO Inc.,91,0.42,B,high_quality+no_catalyst_data,,,B,0.751923,0.973077,1,,0,,,0,no_upcoming,9,tailwind,,M,momentum_tailwind|cost_haircut_<=2000bps,financial_score:+22.4;catalyst_score:-13.3;clinical_score:-12.9,tier=;reason=;cat_days=NA;strength=missing;decay_w=0.0,v1.3.0,31f399e0,1,,0,,"{""burn_ttm"": 71673000.0, ""cash_total"": 274205000.0, ""dilution_risk"": null, ""has_revenue"": null, ""lead_phase"": null, ""runway_months"": 45.90933824452723, ""stage_bucket"": ""mid"", ""surv_score"": ""5.0"", ""tier1_count"": 1}",mid|none|pos,-0.0005933841807909605,77.418949,-0.7519,474,1,-0.068,0.0118,1,1,buying,-0.7434,elite_1,0.0,0.0,0.0,,,0.0,0,0,0,True,False,True,missing,0.0,adequate,<=2000bps,1127.96,0.7,1,0,1.0,0,1.0,0,,False,no_upcoming,0.232133,price_history,,1,1.0121,price_history,,-0.243443,,53.8258,0.6963,-0.272516,0.029073,mid,small,none,commercial_biotech,morningstar,,,,0,0.7677715059832919394897268006,57.55,41.25000000000000000000000000,55.5,89.39,41.65532879818594104308390023,76.93877551020408163265306122,40.03,-0.1629,2.0,474,13,1.0,0.0095,0,0,0.0,0.3,0.55,ophthalmology,0.2537,moderate,1.0,196,-0.0005933841807909605,0.248077,-0.6806,34.52,0.690385,0.4969
ALKS,Alkermes plc,92,0.51,C,mod_quality+no_catalyst_data,,,C,0.298077,0.834615,1,,0,,,0,no_upcoming,9,headwind,,M,sponsor_confirmed|momentum_headwind,clinical_score:+20.2;momentum_score:-16.9;catalyst_score:-15.5,tier=;reason=;cat_days=NA;strength=missing;decay_w=0.0,v1.3.0,31f399e0,1,,0,,"{""burn_ttm"": 0.0, ""cash_total"": 388570000.0, ""dilution_risk"": null, ""has_revenue"": null, ""lead_phase"": null, ""runway_months"": null, ""stage_bucket"": ""late"", ""surv_score"": ""2.0"", ""tier1_count"": 6}",late|none|pos,0.01745745864661654,63.500429,1.1747,0,1,1.29,1.3404,6,6,buying,1.2011,elite_6,0.0,0.0,0.0,,,0.0,0,0,0,True,False,True,missing,0.0,adequate,<=1000bps,422.31,0.85,1,0,1.0,0,1.0,0,,False,no_upcoming,-0.233907,price_history,,6,0.5837,price_history,,-0.253657,,24.6127,0.3674,-0.272516,0.018859,late,mid,none,commercial_pharma,morningstar,,,,0,0.9,39.84,41.25000000000000000000000000,68.0,84.46,77.000,57.71428571428571428571428572,77.9815,1.4426,3.0,19,50,1.0,2.3134,2,2,0.0,0.5,0.5,respiratory,-0.453,uncrowded,1.0,78,0.01745745864661654,0.701923,0.5299,51.79,0.963462,1.7923
JAZZ,Jazz Pharmaceuticals plc,93,0.6,B,mod_quality+catalyst_mid,,,B,0.405769,0.773077,1,,0,,170,0,specific_days,9,headwind,,M,sponsor_confirmed|momentum_headwind,smart_money_score:+15.9;momentum_score:-13.4;catalyst_score:-12.6,tier=;reason=;cat_days=170;strength=mid;decay_w=0.7,v1.3.0,31f399e0,1,,0,,"{""burn_ttm"": 0.0, ""cash_total"": 1391899000.0, ""dilution_risk"": null, ""has_revenue"": null, ""lead_phase"": null, ""runway_months"": null, ""stage_bucket"": ""late"", ""surv_score"": ""1.0"", ""tier1_count"": 6}",late|near_91_180|pos,0.01745745864661654,61.277563,1.1597,0,1,0.9711,1.0042,6,6,buying,1.2011,elite_6,0.0,0.0,0.0,,,0.0,0,0,0,True,False,True,mid,0.7,adequate,<=400bps,227.35,1.0,0,0,1.0,0,1.0,0,170,False,specific_days,0.035726,price_history,,6,0.3819,price_history,,-0.251529,,55.6403,0.4687,-0.272516,0.020987,late,large,none,commercial_biotech,morningstar,,,,0,0.9,44.71,45.56250000000000000000000000,74.0,70.97,65.35433070866141732283464567,61.10236220472440944881889764,66.6858,0.9647,3.0,87,143,1.0,1.9169,3,3,0.0,0.6,0.95,oncology,0.7247,highly_crowded,1.0,106,0.01745745864661654,0.594231,0.2384,45.27,0.863462,1.096
UTHR,United Therapeutics Corporation,94,1.0,B,mod_quality+catalyst_near,,,B,0.478846,0.826923,1,,0,,19,1,specific_days,9,neutral,,L,sponsor_confirmed,smart_money_score:+18.7;catalyst_score:-17.3;momentum_score:-7.0,tier=;reason=;cat_days=19;strength=near;decay_w=1.0,v1.3.0,31f399e0,1,,0,,"{""burn_ttm"": 0.0, ""cash_total"": 2920300000.0, ""dilution_risk"": null, ""has_revenue"": null, ""lead_phase"": null, ""runway_months"": null, ""stage_bucket"": ""late"", ""surv_score"": ""3.0"", ""tier1_count"": 7}",late|near_0_30|pos,0.01745745864661654,63.48826,1.1467,0,1,0.5754,1.3129,7,7,buying,1.5901,elite_7,0.0,0.0,0.0,,,0.0,0,0,0,True,False,True,near,1.0,adequate,<=400bps,229.51,1.0,0,0,1.0,0,1.0,0,19,True,specific_days,-0.020241,price_history,,7,0.4775,price_history,,-0.053751,,60.2405,0.2791,-0.272516,0.218765,late,large,none,commercial_pharma,morningstar,,,,0,0.9,51.31,40.96694444444444444444444444,77.0,72.30,60.15748031496062992125984252,62.04724409448818897637795276,60.789,0.7153,3.0,19,75,1.0,4.0441,5,4,0.0,0.5,0.55,infectious_disease,0.7247,highly_crowded,1.0,125,0.01745745864661654,0.521154,0.053,45.65,0.871154,1.1319
GILD,"Gilead Sciences, Inc.",95,1.0,C,low_quality,,,C,0.378846,0.365385,1,,0,,140,0,specific_days,9,neutral,,L,sponsor_confirmed,clinical_score:+14.4;financial_score:-7.5;catalyst_score:-6.8,tier=;reason=;cat_days=140;strength=mid;decay_w=0.7,v1.3.0,31f399e0,1,,0,,"{""burn_ttm"": 0.0, ""cash_total"": 68000000.0, ""dilution_risk"": null, ""has_revenue"": null, ""lead_phase"": null, ""runway_months"": null, ""stage_bucket"": ""late"", ""surv_score"": ""1.0"", ""tier1_count"": 2}",late|near_91_180|pos,0.01745745864661654,42.826927,1.1641,0,1,0.856,0.9314,2,2,buying,-0.3545,elite_2,0.0,0.0,0.0,,,0.0,0,0,0,True,False,True,mid,0.7,adequate,<=400bps,101.32,1.0,0,0,1.0,0,1.0,0,140,False,specific_days,-0.065672,price_history,,2,0.2525,price_history,,-0.066683,,51.3695,0.2352,-0.272516,0.205833,late,large,none,commercial_pharma,morningstar,,,,0,0.8434765813616610333172380493,46.50,45.56250000000000000000000000,58.0,38.08,66.77165354330708661417322834,44.88650532856621268798093152,68.2521,1.031,3.0,27,512,1.0,2.9632,1,7,0.0,0.8,0.95,oncology,-0.453,uncrowded,1.0,99,0.01745745864661654,0.621154,0.3085,32.70,0.648077,0.3801
XERS,"Xeris Biopharma Holdings, Inc.",96,0.85,C,low_quality+no_catalyst_data,,,C,0.682692,0.057692,1,,0,,,0,no_upcoming,9,neutral,drawdown_data_missing,L,sponsor_confirmed,clinical_score:-25.4;smart_money_score:+25.0;financial_score:-16.7,tier=;reason=;cat_days=NA;strength=missing;decay_w=0.0,v1.3.0,31f399e0,1,,0,,"{""burn_ttm"": 0.0, ""cash_total"": 91598000.0, ""dilution_risk"": null, ""has_revenue"": null, ""lead_phase"": null, ""runway_months"": null, ""stage_bucket"": ""early"", ""surv_score"": ""-1.0"", ""tier1_count"": 3}",early|none|nonpos,0.008054876876876877,26.58911,-1.4795,,0,-1.1902,-1.0316,3,3,buying,0.0344,elite_3,0.0,0.0,0.0,,,0.0,0,0,0,True,False,True,missing,0.0,adequate,<=1000bps,895.88,0.85,1,0,1.0,0,1.0,0,,False,no_upcoming,,,beta_missing:series_too_short,3,,,series_too_short,,no_price_series,,0.6845,-0.272516,,early,small,sev1,commercial_biotech,morningstar,,,drawdown,1,0.7038885059978189749182115594,50,50,66.5,15.54,16.06072922488103100814577723,24.77802126450775099423748073,16.2357,-1.1695,,,,,,,,,,,,-1.6307,unknown,1.0,178,0.008054876876876877,0.317308,-0.4752,15.04,0.194231,-0.8624
AMGN,Amgen Inc.,97,0.3,C,low_quality,,,C,0.305769,0.426923,1,,0,,19,1,specific_days,9,headwind,,S,momentum_headwind,clinical_score:+19.9;catalyst_score:-11.1;momentum_score:-9.2,tier=;reason=;cat_days=19;strength=near;decay_w=1.0,v1.3.0,31f399e0,1,,0,,"{""burn_ttm"": 0.0, ""cash_total"": 9129000000.0, ""dilution_risk"": null, ""has_revenue"": null, ""lead_phase"": null, ""runway_months"": null, ""stage_bucket"": ""late"", ""surv_score"": ""1.0"", ""tier1_count"": 1}",late|near_0_30|pos,0.01745745864661654,45.981193,1.171,0,1,1.0765,1.1392,1,1,neutral,-0.7434,elite_1,0.0,0.0,0.0,,,0.0,0,0,0,True,False,True,near,1.0,adequate,<=400bps,100.2,1.0,0,0,1.0,0,1.0,0,19,True,specific_days,-0.075243,price_history,,1,0.2617,price_history,,-0.172184,,49.8554,0.2777,-0.272516,0.100332,late,large,none,commercial_pharma,morningstar,,,,0,0.9,42.92,40.96694444444444444444444444,52.5,39.83,71.96850393700787401574803150,52.12598425196850393700787401,73.3,1.2445,3.0,19,524,1.0,4.842,20,14,0.0,0.8,0.95,oncology,0.7247,highly_crowded,1.0,80,0.01745745864661654,0.694231,0.5079,44.00,0.855769,1.0615
VTRS,Viatris Inc.,98,0.6,C,low_quality+no_catalyst_data,,,C,0.678846,0.519231,1,,0,,,0,no_upcoming,9,headwind,,M,sponsor_confirmed|momentum_headwind,clinical_score:-29.0;smart_money_score:+15.4;financial_score:+7.5,tier=;reason=;cat_days=NA;strength=missing;decay_w=0.0,v1.3.0,31f399e0,1,,0,,"{""burn_ttm"": 0.0, ""cash_total"": 975300000.0, ""dilution_risk"": null, ""has_revenue"": null, ""lead_phase"": null, ""runway_months"": null, ""stage_bucket"": ""early"", ""surv_score"": ""-1.0"", ""tier1_count"": 2}",early|none|nonpos,0.008054876876876877,47.911667,-1.4795,,0,-1.2955,-1.0963,2,2,buying,-0.3545,elite_2,0.0,0.0,0.0,,,0.0,0,0,0,True,False,True,missing,0.0,adequate,<=400bps,271.14,1.0,0,0,1.0,0,1.0,0,,False,no_upcoming,-0.059825,price_history,,2,0.3774,price_history,,-0.235994,,53.8847,0.337,-0.272516,0.036522,early,large,sev1,commercial_pharma,morningstar,,,,0,0.7535252171925011431184270690,46.15,50,60.5,42.90,16.06072922488103100814577723,52.59259259259259259259259259,16.2357,-1.1695,,,,,,,,,,,,-1.6307,unknown,1.0,177,0.008054876876876877,0.321154,-0.4645,20.84,0.405769,-0.2384
CAI,"Caris Life Sciences, Inc.",99,0.85,C,low_quality,,,C,0.355769,0.434615,1,,0,,19,1,specific_days,9,neutral,drawdown_data_missing,L,sponsor_confirmed,catalyst_score:-17.5;financial_score:+9.5;clinical_score:+9.0,tier=;reason=;cat_days=19;strength=near;decay_w=1.0,v1.3.0,31f399e0,1,,0,,"{""burn_ttm"": 0.0, ""cash_total"": 755493000.0, ""dilution_risk"": null, ""has_revenue"": null, ""lead_phase"": null, ""runway_months"": null, ""stage_bucket"": ""late"", ""surv_score"": ""-1.0"", ""tier1_count"": 3}",late|near_0_30|pos,0.01745745864661654,46.039,1.1652,0,1,1.0644,1.2907,3,3,buying,0.0344,elite_3,0.0,0.0,0.0,,,0.0,0,0,0,True,False,True,near,1.0,adequate,<=1000bps,447.67,0.85,1,0,1.0,0,1.0,0,19,True,specific_days,,,beta_missing:series_too_short,3,,,series_too_short,,no_price_series,,0.5606,-0.272516,,late,mid,none,commercial_biotech,morningstar,,,drawdown,1,0.9,50,40.96694444444444444444444444,66.0,15.54,67.48031496062992125984251968,68.00000000000000000000000000,69.1618,1.0695,3.0,50,470,1.0,4.0736,3,6,0.0,0.5,0.95,oncology,-0.453,uncrowded,1.0,93,0.01745745864661654,0.644231,0.3698,51.99,0.967308,1.8426
VCYT,"Veracyte, Inc.",100,0.85,C,mod_quality+no_catalyst_data,,,C,0.671154,0.626923,1,,0,,,0,no_upcoming,9,tailwind,high_beta|deep_drawdown,L,sponsor_confirmed|momentum_tailwind|high_risk,clinical_score:-33.7;momentum_score:+17.2;smart_money_score:+11.2,tier=;reason=;cat_days=NA;strength=missing;decay_w=0.0,v1.3.0,31f399e0,1,,0,,"{""burn_ttm"": 0.0, ""cash_total"": 315573000.0, ""dilution_risk"": null, ""has_revenue"": null, ""lead_phase"": null, ""runway_months"": null, ""stage_bucket"": ""early"", ""surv_score"": ""2.0"", ""tier1_count"": 2}",early|none|nonpos,0.008054876876876877,52.489667,-1.4795,,0,,0.0,2,2,buying,-0.3545,elite_2,0.0,0.0,0.0,,,0.0,0,0,0,True,False,True,missing,0.0,adequate,<=1000bps,583.25,0.85,1,0,1.0,0,1.0,0,,False,no_upcoming,0.178403,price_history,,2,1.8218,price_history,,-0.408331,,50.3014,0.6453,-0.272516,-0.135815,early,mid,sev1,platform_diagnostics,morningstar,,,,0,0.6976459637745974955277280859,66.98,50,61.0,41.22,16.06072922488103100814577723,54.81481481481481481481481482,16.2357,-1.1695,,,,,,,,,,,,-1.6307,unknown,1.0,175,0.008054876876876877,0.328846,-0.4431,17.47,0.309615,-0.4969
TKNO,"Alpha Teknova, Inc.",101,0.33,C,low_quality+no_catalyst_data,,,C,0.663462,0.496154,1,,0,,,0,no_upcoming,9,tailwind,drawdown_data_missing,M,momentum_tailwind|cost_haircut_>2000bps,clinical_score:-26.6;momentum_score:+25.3;catalyst_score:+7.4,tier=;reason=;cat_days=NA;strength=missing;decay_w=0.0,v1.3.0,31f399e0,1,,0,,"{""burn_ttm"": 8184000.0, ""cash_total"": 22116000.0, ""dilution_risk"": null, ""has_revenue"": null, ""lead_phase"": null, ""runway_months"": 32.42815249266862, ""stage_bucket"": ""early"", ""surv_score"": ""-1.0"", ""tier1_count"": 0}",early|none|nonpos,0.008054876876876877,47.515777,-1.4795,,0,-1.2955,-1.0963,0,0,neutral,-1.1323,,0.0,0.0,0.0,,,0.0,0,0,0,True,False,True,missing,0.0,adequate,>2000bps,2036.0,0.55,1,0,1.0,0,1.0,0,,False,no_upcoming,0.313178,price_history,,0,0.5521,price_history,,,series_too_short,62.6033,0.5979,-0.272516,,early,micro,sev1,commercial_pharma,morningstar,,,drawdown,1,0.6804455775986774126885720190,67.87,50,,50,16.06072922488103100814577723,36.53728259581025927619434707,16.2357,-1.1695,,,,,,,,,,,,-1.6307,unknown,1.0,173,0.008054876876876877,0.336538,-0.4219,12.54,0.117308,-1.1886
SERA,"Sera Prognostics, Inc.",102,0.16,B,high_quality+no_catalyst_data,,,B,0.651923,0.865385,1,,0,,,0,no_upcoming,9,neutral,drawdown_data_missing,S,cost_haircut_>2000bps,clinical_score:-8.0;financial_score:+7.6;catalyst_score:-7.4,tier=;reason=;cat_days=NA;strength=missing;decay_w=0.0,v1.3.0,31f399e0,1,,0,,"{""burn_ttm"": 19503000.0, ""cash_total"": 43304000.0, ""dilution_risk"": null, ""has_revenue"": null, ""lead_phase"": null, ""runway_months"": 26.633591307467583, ""stage_bucket"": ""early"", ""surv_score"": ""3.0"", ""tier1_count"": 1}",early|none|nonpos,0.008054876876876877,66.791333,-1.4325,,0,,0.0,1,1,buying,-0.7434,elite_1,0.0,0.0,0.0,,,0.0,0,0,0,True,False,True,missing,0.0,adequate,>2000bps,2050.0,0.55,1,0,1.0,0,1.0,0,,False,no_upcoming,0.022032,price_history,,1,-0.1064,price_history,,,series_too_short,53.2229,,-0.272516,,early,micro,none,platform_devices,morningstar,,,drawdown,1,0.7540472373624024794271668270,49.79,41.25000000000000000000000000,55.5,90.00,40.65657335433284221578688885,56.29629629629629629629629630,39.2009,-0.198,0.0,1120,3,0.0,0.0,0,0,0.0,0.0,0.5,other,-2.1017,uncrowded,1.0,170,0.008054876876876877,0.348077,-0.3905,26.57,0.563462,0.1598
RPRX,Royalty Pharma plc,103,1.0,C,mod_quality+no_catalyst_data,,,C,0.648077,0.719231,1,,0,,,0,no_upcoming,9,tailwind,,L,momentum_tailwind,clinical_score:-28.2;momentum_score:+9.3;smart_money_score:+8.2,tier=;reason=;cat_days=NA;strength=missing;decay_w=0.0,v1.3.0,31f399e0,1,,0,,"{""burn_ttm"": 0.0, ""cash_total"": 618696000.0, ""dilution_risk"": null, ""has_revenue"": null, ""lead_phase"": null, ""runway_months"": null, ""stage_bucket"": ""early"", ""surv_score"": ""3.0"", ""tier1_count"": 1}",early|none|nonpos,0.008054876876876877,56.069929,-1.4795,,0,-1.1902,-1.0316,1,1,neutral,-0.7434,elite_1,0.0,0.0,0.0,,,0.0,0,0,0,True,False,True,missing,0.0,adequate,<=400bps,240.28,1.0,0,0,1.0,0,1.0,0,,False,no_upcoming,0.062065,price_history,,1,0.2438,price_history,,-0.196703,,65.1968,0.257,-0.272516,0.075813,early,large,sev1,commercial_biotech,morningstar,,,,0,0.7531851085832471561530506722,53.61,50,52.5,66.23,16.06072922488103100814577723,49.26095276804010228793036292,16.2357,-1.1695,,,,,,,,,,,,-1.6307,unknown,1.0,169,0.008054876876876877,0.351923,-0.3801,17.60,0.313462,-0.4861
BMRN,BioMarin Pharmaceutical Inc.,104,1.0,C,mod_quality+no_catalyst_data,,,C,0.348077,0.842308,1,,0,,,0,no_upcoming,9,neutral,,L,sponsor_confirmed,catalyst_score:-14.4;clinical_score:+10.7;financial_score:+4.0,tier=;reason=;cat_days=NA;strength=missing;decay_w=0.0,v1.3.0,31f399e0,1,,0,,"{""burn_ttm"": 0.0, ""cash_total"": 1311679000.0, ""dilution_risk"": null, ""has_revenue"": null, ""lead_phase"": null, ""runway_months"": null, ""stage_bucket"": ""late"", ""surv_score"": ""3.0"", ""tier1_count"": 3}",late|none|pos,0.01745745864661654,64.510768,1.1621,0,1,1.0126,1.2373,3,3,neutral,0.0344,elite_3,0.0,0.0,0.0,,,0.0,0,0,0,True,False,True,missing,0.0,adequate,<=400bps,260.52,1.0,0,0,1.0,0,1.0,0,,False,no_upcoming,0.043316,price_history,,3,0.7525,price_history,,-0.098798,,58.5125,0.4294,-0.272516,0.173718,late,large,none,commercial_biotech,morningstar,,,,0,0.9,53.46,41.25000000000000000000000000,57.5,77.03,66.29921259842519685039370079,59.68503937007874015748031496,67.3656,0.9935,3.0,75,96,1.0,0.8933,1,2,0.0,0.6,0.75,rare_disease,0.7247,highly_crowded,1.0,91,0.01745745864661654,0.651923,0.3905,45.97,0.875,1.1503
RGEN,Repligen Corporation,105,1.0,C,low_quality+no_catalyst_data,,,C,0.644231,0.488462,1,,0,,,0,no_upcoming,9,tailwind,,L,sponsor_confirmed|momentum_tailwind,clinical_score:-29.5;smart_money_score:+14.9;momentum_score:+12.3,tier=;reason=;cat_days=NA;strength=missing;decay_w=0.0,v1.3.0,31f399e0,1,,0,,"{""burn_ttm"": 0.0, ""cash_total"": 748747000.0, ""dilution_risk"": null, ""has_revenue"": null, ""lead_phase"": null, ""runway_months"": null, ""stage_bucket"": ""early"", ""surv_score"": ""-1.0"", ""tier1_count"": 3}",early|none|nonpos,0.008054876876876877,47.378228,-1.4795,,0,,0.0,3,3,buying,0.0344,elite_3,0.0,0.0,0.0,,,0.0,0,0,0,True,False,True,missing,0.0,adequate,<=400bps,336.3,1.0,0,0,1.0,0,1.0,0,,False,no_upcoming,-0.054594,price_history,,3,0.7637,price_history,,-0.202677,,39.7638,0.4218,-0.272516,0.069839,early,mid,sev1,platform_devices,morningstar,,,,0,0.7119082823790994997220678155,57.90,50,60.5,46.39,16.06072922488103100814577723,43.47050754458161865569272976,16.2357,-1.1695,,,,,,,,,,,,-1.6307,unknown,1.0,168,0.008054876876876877,0.355769,-0.3698,18.43,0.351923,-0.3801
PRVA,"Privia Health Group, Inc.",106,0.85,C,low_quality+no_catalyst_data,,,C,0.632692,0.303846,1,,0,,,0,no_upcoming,9,tailwind,overbought_rsi,L,momentum_tailwind,clinical_score:-29.9;smart_money_score:+9.6;momentum_score:+8.8,tier=;reason=;cat_days=NA;strength=missing;decay_w=0.0,v1.3.0,31f399e0,1,,0,,"{""burn_ttm"": 0.0, ""cash_total"": 441352000.0, ""dilution_risk"": null, ""has_revenue"": null, ""lead_phase"": null, ""runway_months"": null, ""stage_bucket"": ""early"", ""surv_score"": ""3.0"", ""tier1_count"": 1}",early|none|nonpos,0.008054876876876877,40.383,-1.4795,,0,,0.0,1,1,buying,-0.7434,elite_1,0.0,0.0,0.0,,,0.0,0,0,0,True,False,True,missing,0.0,adequate,<=1000bps,754.69,0.85,1,0,1.0,0,1.0,0,,False,no_upcoming,0.002417,price_history,,1,0.3893,price_history,,-0.340305,,73.326,0.2771,-0.272516,-0.067789,early,mid,sev1,platform_services,morningstar,,,,0,0.7247679982146842222718143272,54.72,50,55.5,15.54,16.06072922488103100814577723,53.33333333333333333333333334,16.2357,-1.1695,,,,,,,,,,,,-1.6307,unknown,1.0,165,0.008054876876876877,0.367308,-0.339,17.73,0.321154,-0.4645
GH,"Guardant Health, Inc.",107,1.0,C,low_quality,,,C,0.271154,0.226923,1,,0,,109,0,specific_days,9,neutral,deep_drawdown,L,sponsor_confirmed,clinical_score:+14.0;catalyst_score:-11.0;smart_money_score:+10.0,tier=;reason=;cat_days=109;strength=near;decay_w=1.0,v1.3.0,31f399e0,1,,0,,"{""burn_ttm"": 184760000.0, ""cash_total"": 378203000.0, ""dilution_risk"": null, ""has_revenue"": null, ""lead_phase"": null, ""runway_months"": 24.05654706689919, ""stage_bucket"": ""late"", ""surv_score"": ""-1.0"", ""tier1_count"": 3}",late|near_91_180|nonpos,0.030662851063829787,37.254291,1.1674,0,1,,0.0,3,3,buying,0.0344,elite_3,0.0,0.0,0.0,,,0.0,0,0,0,True,False,True,near,1.0,adequate,<=400bps,236.1,1.0,0,0,1.0,0,1.0,0,109,False,specific_days,-0.010338,price_history,,3,0.9263,price_history,,-0.420436,,38.9466,0.6981,-0.272516,-0.14792,late,large,none,platform_diagnostics,morningstar,,,,0,0.9,47.38,45.56250000000000000000000000,66.5,11.74,70.55118110236220472440944882,52.59842519685039370078740157,72.3166,1.2029,3.0,49,593,1.0,5.4582,5,9,0.0022,0.8,0.95,oncology,-0.453,uncrowded,1.0,71,0.030662851063829787,0.728846,0.6093,41.88,0.832692,0.9649
PCRX,"Pacira BioSciences, Inc.",108,0.51,B,high_quality+no_catalyst_data,,,B,0.628846,0.873077,1,,0,,,0,no_upcoming,9,neutral,,M,,clinical_score:-26.5;financial_score:+22.9;momentum_score:+4.9,tier=;reason=;cat_days=NA;strength=missing;decay_w=0.0,v1.3.0,31f399e0,1,,0,,"{""burn_ttm"": 0.0, ""cash_total"": 246334000.0, ""dilution_risk"": null, ""has_revenue"": null, ""lead_phase"": null, ""runway_months"": null, ""stage_bucket"": ""early"", ""surv_score"": ""-1.0"", ""tier1_count"": 0}",early|none|nonpos,0.008054876876876877,67.540432,-1.4795,,0,-1.2955,-1.1117,0,0,neutral,-1.1323,,0.0,0.0,0.0,,,0.0,0,0,0,True,False,True,missing,0.0,adequate,<=1000bps,713.74,0.85,1,0,1.0,0,1.0,0,,False,no_upcoming,-0.016916,price_history,,0,0.917,price_history,,-0.276326,,58.8085,0.3370,-0.272516,-0.00381,early,small,sev1,commercial_pharma,morningstar,,,,0,0.7292754808755250939641830643,47.46,41.25000000000000000000000000,,81.76,16.06072922488103100814577723,65.40540540540540540540540541,14.6736,-1.2356,,,,,0.0,0,0,,0.0,0.5,other,-3.515,uncrowded,1.0,164,0.008054876876876877,0.371154,-0.3288,19.30,0.378846,-0.3085
PAHC,Phibro Animal Health Corporatio,109,0.25,C,low_quality+no_catalyst_data,,,C,0.625,0.05,1,,0,,,0,no_upcoming,9,headwind,,S,momentum_headwind,clinical_score:-17.9;catalyst_score:+16.0;momentum_score:+7.2,tier=;reason=;cat_days=NA;strength=missing;decay_w=0.0,v1.3.0,31f399e0,1,,0,,"{""burn_ttm"": 0.0, ""cash_total"": 74508000.0, ""dilution_risk"": null, ""has_revenue"": null, ""lead_phase"": null, ""runway_months"": null, ""stage_bucket"": ""early"", ""surv_score"": ""1.0"", ""tier1_count"": 0}",early|none|nonpos,0.008054876876876877,26.568025,-1.4795,,0,-1.2955,-1.0963,0,0,neutral,-1.1323,,0.0,0.0,0.0,,,0.0,0,0,0,True,False,True,missing,0.0,adequate,<=1000bps,831.95,0.85,1,0,1.0,0,1.0,0,,False,no_upcoming,-0.090785,price_history,,0,0.2557,price_history,,-0.239517,,56.3848,0.4021,-0.272516,0.032999,early,mid,sev1,commercial_pharma,morningstar,,,,0,0.6964777665203197118090735112,41.15,50,,15.54,16.06072922488103100814577723,28.66449897542718758996765398,16.2357,-1.1695,,,,,,,,,,,,-1.6307,unknown,1.0,163,0.008054876876876877,0.375,-0.3186,12.63,0.121154,-1.1692
PACB,Pacific Biosciences of Californ,110,0.85,C,mod_quality+no_catalyst_data,,,C,0.621154,0.811538,1,,0,,,0,no_upcoming,9,neutral,deep_drawdown,L,sponsor_confirmed,clinical_score:-34.6;financial_score:+26.3;smart_money_score:+7.3,tier=;reason=;cat_days=NA;strength=missing;decay_w=0.0,v1.3.0,31f399e0,1,,0,,"{""burn_ttm"": 111209000.0, ""cash_total"": 279506000.0, ""dilution_risk"": null, ""has_revenue"": null, ""lead_phase"": null, ""runway_months"": 30.160076972187504, ""stage_bucket"": ""early"", ""surv_score"": ""1.0"", ""tier1_count"": 2}",early|none|nonpos,0.008054876876876877,62.618,-1.4795,,0,,0.0,2,2,buying,-0.3545,elite_2,0.0,0.0,0.0,,,0.0,0,0,0,True,False,True,missing,0.0,adequate,<=1000bps,913.25,0.85,1,0,1.0,0,1.0,0,,False,no_upcoming,-0.043329,price_history,,2,1.5335,price_history,,-0.465885,,51.0896,1.0113,-0.272516,-0.193369,early,small,sev1,platform_devices,morningstar,,,,0,0.6284029509559434746467165420,52.34,50,58.0,50,16.06072922488103100814577723,77.000,16.2357,-1.1695,,,,,,,,,,,,-1.6307,unknown,1.0,162,0.008054876876876877,0.378846,-0.3085,18.84,0.367308,-0.339
OPCH,"Option Care Health, Inc.",111,0.85,C,mod_quality+no_catalyst_data,,,C,0.617308,0.611538,1,,0,,,0,no_upcoming,9,tailwind,,L,momentum_tailwind,clinical_score:-29.6;momentum_score:+23.0;catalyst_score:+4.4,tier=;reason=;cat_days=NA;strength=missing;decay_w=0.0,v1.3.0,31f399e0,1,,0,,"{""burn_ttm"": 0.0, ""cash_total"": 232624000.0, ""dilution_risk"": null, ""has_revenue"": null, ""lead_phase"": null, ""runway_months"": null, ""stage_bucket"": ""early"", ""surv_score"": ""1.0"", ""tier1_count"": 0}",early|none|nonpos,0.008054876876876877,51.081359,-1.4795,,0,,0.0,0,0,neutral,-1.1323,,0.0,0.0,0.0,,,0.0,0,0,0,True,False,True,missing,0.0,adequate,<=1000bps,411.44,0.85,1,0,1.0,0,1.0,0,,False,no_upcoming,0.170369,price_history,,0,0.6292,price_history,,-0.052183,,52.372,0.3048,-0.272516,0.220333,early,mid,sev1,platform_services,morningstar,,,,0,0.7335904344897271808689794544,68.65,50,,45.27,16.06072922488103100814577723,47.79301935680536503581771072,16.2357,-1.1695,,,,,,,,,,,,-1.6307,unknown,1.0,161,0.008054876876876877,0.382692,-0.2984,16.12,0.248077,-0.6806
INCY,Incyte Corporation,112,0.6,B,mod_quality+catalyst_near,,,B,0.386538,0.619231,1,,0,,19,1,specific_days,9,headwind,,M,sponsor_confirmed|momentum_headwind,momentum_score:-13.9;financial_score:+13.7;catalyst_score:-12.5,tier=;reason=;cat_days=19;strength=near;decay_w=1.0,v1.3.0,31f399e0,1,,0,,"{""burn_ttm"": 0.0, ""cash_total"": 3097817000.0, ""dilution_risk"": null, ""has_revenue"": null, ""lead_phase"": null, ""runway_months"": null, ""stage_bucket"": ""late"", ""surv_score"": ""5.0"", ""tier1_count"": 3}",late|near_0_30|pos,0.01745745864661654,51.795343,1.1406,0,1,0.7019,0.747,3,3,buying,0.0344,elite_3,0.0,0.0,0.0,,,0.0,0,0,0,True,False,True,near,1.0,adequate,<=400bps,225.9,1.0,0,0,1.0,0,1.0,0,19,True,specific_days,-0.145784,price_history,,3,0.3982,price_history,,-0.347164,,45.9428,0.3319,-0.272516,-0.074648,late,large,none,commercial_biotech,morningstar,,,,0,0.9,39.62,40.96694444444444444444444444,60.5,38.89,59.21259842519685039370078740,67.24409448818897637795275590,61.0162,0.7249,3.0,3,209,1.0,4.3826,11,15,0.0032,0.7,0.95,oncology,-0.453,uncrowded,1.0,101,0.01745745864661654,0.613462,0.2884,49.57,0.944231,1.5913
MYGN,"Myriad Genetics, Inc.",113,0.21,C,low_quality+no_catalyst_data,,,C,0.601923,0.480769,1,,0,,,0,no_upcoming,9,neutral,,S,cost_haircut_<=2000bps,clinical_score:-32.0;financial_score:+23.8;smart_money_score:+7.4,tier=;reason=;cat_days=NA;strength=missing;decay_w=0.0,v1.3.0,31f399e0,1,,0,,"{""burn_ttm"": 0.0, ""cash_total"": 149600000.0, ""dilution_risk"": null, ""has_revenue"": null, ""lead_phase"": null, ""runway_months"": null, ""stage_bucket"": ""early"", ""surv_score"": ""-1.0"", ""tier1_count"": 1}",early|none|nonpos,0.008054876876876877,47.184351,-1.4795,,0,,0.0,1,1,buying,-0.7434,elite_1,0.0,0.0,0.0,,,0.0,0,0,0,True,False,True,missing,0.0,adequate,<=2000bps,1416.19,0.7,1,0,1.0,0,1.0,0,,False,no_upcoming,-0.149263,price_history,,1,0.6284,price_history,,-0.175123,,42.5795,0.6452,-0.272516,0.097393,early,small,sev1,platform_diagnostics,morningstar,,,,0,0.6180379397816256755266350502,46.97,50,55.5,15.54,16.06072922488103100814577723,71.89189189189189189189189189,16.2357,-1.1695,,,,,,,,,,,,-1.6307,unknown,1.0,157,0.008054876876876877,0.398077,-0.2583,15.79,0.228846,-0.7427
LAB,Standard BioTools Inc.,114,0.08,B,mod_quality+catalyst_mid,,,B,0.275,0.657692,1,,0,,140,0,specific_days,9,headwind,,XS,momentum_headwind|cost_haircut_>2000bps,clinical_score:+20.3;momentum_score:-13.0;financial_score:-12.5,tier=;reason=;cat_days=140;strength=mid;decay_w=0.7,v1.3.0,31f399e0,1,,0,,"{""burn_ttm"": 73153000.0, ""cash_total"": 129418000.0, ""dilution_risk"": null, ""has_revenue"": null, ""lead_phase"": null, ""runway_months"": 21.229696663158037, ""stage_bucket"": ""late"", ""surv_score"": ""0.0"", ""tier1_count"": 1}",late|near_91_180|nonpos,0.030662851063829787,54.436522,1.1653,0,1,,0.0,1,1,buying,-0.7434,elite_1,0.0,0.0,0.0,,,0.0,0,0,0,True,False,True,mid,0.7,adequate,>2000bps,2020.0,0.55,1,0,1.0,0,1.0,0,140,False,specific_days,-0.286436,price_history,,1,0.603,price_history,,-0.336032,,39.8754,0.7324,-0.272516,-0.063516,late,small,sev1,platform_devices,morningstar,,,,0,0.8246185644494550920706501315,34.97,45.56250000000000000000000000,55.5,90.00,68.18897637795275590551181102,35.42782690418215216369772310,69.5205,1.0846,3.0,19,683,1.0,4.015,5,10,0.0,0.8,0.95,oncology,0.7247,highly_crowded,1.0,72,0.030662851063829787,0.725,0.5978,23.55,0.501923,0.0048
NVAX,"Novavax, Inc.",115,0.13,B,high_quality+no_catalyst_data,,,B,0.432692,0.934615,1,,0,,,0,no_upcoming,9,headwind,high_beta|deep_drawdown,XS,momentum_headwind|high_risk,financial_score:+22.4;catalyst_score:-13.4;momentum_score:-10.5,tier=;reason=;cat_days=NA;strength=missing;decay_w=0.0,v1.3.0,31f399e0,1,,0,,"{""burn_ttm"": 244635000.0, ""cash_total"": 735084000.0, ""dilution_risk"": null, ""has_revenue"": null, ""lead_phase"": null, ""runway_months"": 34.435271429798334, ""stage_bucket"": ""late"", ""surv_score"": ""4.0"", ""tier1_count"": 1}",late|none|pos,0.01745745864661654,74.97,0.9338,0,1,0.5776,0.6283,1,1,selling,-0.7434,elite_1,0.0,0.0,0.0,,,0.0,0,0,0,True,False,True,missing,0.0,adequate,<=1000bps,459.51,0.85,1,0,1.0,0,1.0,0,,False,no_upcoming,-0.344598,price_history,,1,1.9022,price_history,,-0.468978,,49.4394,0.4814,-0.272516,-0.196462,late,small,none,commercial_biotech,morningstar,,,,0,0.8632494461933076833391628775,44.10,41.25000000000000000000000000,54.5,90.00,56.37795275590551181102362205,77.000,57.0576,0.5574,3.0,25,16,1.0,1.8047,2,2,0.0,0.6,0.55,infectious_disease,0.2537,moderate,1.0,113,0.01745745864661654,0.567308,0.1695,43.32,0.848077,1.0282
MRVI,"Maravai LifeSciences Holdings, Inc.",116,0.1,C,low_quality+no_catalyst_data,,,C,0.598077,0.403846,1,,0,,,0,no_upcoming,9,headwind,deep_drawdown,XS,momentum_headwind|cost_haircut_<=2000bps,clinical_score:-20.7;catalyst_score:+13.3;financial_score:+8.5,tier=;reason=;cat_days=NA;strength=missing;decay_w=0.0,v1.3.0,31f399e0,1,,0,,"{""burn_ttm"": 34805000.0, ""cash_total"": 243574000.0, ""dilution_risk"": null, ""has_revenue"": null, ""lead_phase"": null, ""runway_months"": 82.10337595173107, ""stage_bucket"": ""early"", ""surv_score"": ""-2.0"", ""tier1_count"": 0}",early|none|nonpos,0.008054876876876877,44.983682,-1.4795,,0,-1.1902,-1.0316,0,0,neutral,-1.1323,,0.0,0.0,0.0,,,0.0,0,0,0,True,False,True,missing,0.0,adequate,<=2000bps,1558.12,0.7,1,0,1.0,0,1.0,0,,False,no_upcoming,-0.391858,price_history,,0,0.5573,price_history,,-0.379578,,40.8526,0.6854,-0.272516,-0.107062,early,small,sev1,commercial_biotech,morningstar,,,,0,0.6673252766757151806222593443,35.70,50,,50,16.06072922488103100814577723,45.20818115412710007304601900,16.2357,-1.1695,,,,,,,,,,,,-1.6307,unknown,1.0,156,0.008054876876876877,0.401923,-0.2484,13.54,0.163462,-0.9803
LGND,Ligand Pharmaceuticals Incorporated,117,0.85,C,low_quality+no_catalyst_data,,,C,0.590385,0.573077,1,,0,,,0,no_upcoming,9,tailwind,,L,momentum_tailwind,clinical_score:-35.7;momentum_score:+26.9;financial_score:+10.5,tier=;reason=;cat_days=NA;strength=missing;decay_w=0.0,v1.3.0,31f399e0,1,,0,,"{""burn_ttm"": 0.0, ""cash_total"": 664522000.0, ""dilution_risk"": null, ""has_revenue"": null, ""lead_phase"": null, ""runway_months"": null, ""stage_bucket"": ""early"", ""surv_score"": ""3.0"", ""tier1_count"": 0}",early|none|nonpos,0.008054876876876877,49.163,-1.4795,,0,-1.1902,-1.0316,0,0,neutral,-1.1323,,0.0,0.0,0.0,,,0.0,0,0,0,True,False,True,missing,0.0,adequate,<=1000bps,494.19,0.85,1,0,1.0,0,1.0,0,,False,no_upcoming,0.5007,price_history,,0,1.1589,price_history,,-0.252143,,67.1221,0.2960,-0.272516,0.020373,early,mid,sev1,commercial_biotech,morningstar,,,,0,0.7264430596175478065241844769,78.62,50,,15.54,16.06072922488103100814577723,62.22222222222222222222222222,16.2357,-1.1695,,,,,,,,,,,,-1.6307,unknown,1.0,154,0.008054876876876877,0.409615,-0.2285,17.66,0.317308,-0.4752
LFCR,"Lifecore Biomedical, Inc.",118,0.08,C,low_quality+no_catalyst_data,,,C,0.586538,0.019231,1,,0,,,0,no_upcoming,9,headwind,,XS,momentum_headwind|cost_haircut_>2000bps,catalyst_score:+18.8;clinical_score:-15.1;financial_score:-11.1,tier=;reason=;cat_days=NA;strength=missing;decay_w=0.0,v1.3.0,31f399e0,1,,0,,"{""burn_ttm"": 0.0, ""cash_total"": 18856000.0, ""dilution_risk"": null, ""has_revenue"": null, ""lead_phase"": null, ""runway_months"": null, ""stage_bucket"": ""early"", ""surv_score"": ""1.0"", ""tier1_count"": 0}",early|none|nonpos,0.008054876876876877,22.20021,-1.4795,,0,-1.2955,-1.0963,0,0,neutral,-1.1323,,0.0,0.0,0.0,,,0.0,0,0,0,True,False,True,missing,0.0,adequate,>2000bps,2020.0,0.55,1,0,1.0,0,1.0,0,,False,no_upcoming,-0.11037,price_history,,0,0.1525,price_history,,-0.255869,,45.4864,0.4595,-0.272516,0.016647,early,micro,sev1,commercial_pharma,morningstar,,,,0,0.7115350097129289876969566156,38.59,50,,15.54,16.06072922488103100814577723,20.09602194787379972565157750,16.2357,-1.1695,,,,,,,,,,,,-1.6307,unknown,1.0,153,0.008054876876876877,0.413462,-0.2186,10.98,0.078846,-1.4129
TECH,Bio-Techne Corporation,119,1.0,C,low_quality,,,C,0.248077,0.180769,1,,0,,566,0,specific_days,9,tailwind,,L,catalyst_far_lift|momentum_tailwind,financial_score:-32.9;clinical_score:+20.4;momentum_score:+8.0,tier=;reason=;cat_days=566;strength=far;decay_w=0.3,v1.3.0,31f399e0,1,,0,,"{""burn_ttm"": 0.0, ""cash_total"": 172879000.0, ""dilution_risk"": null, ""has_revenue"": null, ""lead_phase"": null, ""runway_months"": null, ""stage_bucket"": ""late"", ""surv_score"": ""3.0"", ""tier1_count"": 1}",late|far_271_540|pos,0.05258729032258065,32.439327,1.1658,0,1,1.1161,1.344,1,1,buying,-0.7434,elite_1,0.0,0.0,0.0,,,0.0,0,0,0,True,False,True,far,0.3,adequate,<=400bps,284.71,1.0,0,0,1.0,0,1.0,0,566,False,specific_days,0.045771,price_history,,1,0.2275,price_history,,-0.063202,,50.5806,0.3925,-0.272516,0.209314,late,mid,none,commercial_biotech,morningstar,,,,0,0.9,56.25,45.56250000000000000000000000,55.5,40.78,68.66141732283464566929133858,15.36961451247165532879818594,70.5336,1.1275,3.0,31,628,1.0,6.4432,8,12,0.005,0.7,0.95,oncology,-0.453,uncrowded,1.0,65,0.05258729032258065,0.751923,0.6806,34.17,0.682692,0.4752
KROS,"Keros Therapeutics, Inc.",120,0.7,B,high_quality+no_catalyst_data,,,B,0.582692,0.996154,1,,0,,,0,no_upcoming,9,tailwind,overbought_rsi,L,sponsor_confirmed|momentum_tailwind|cost_haircut_<=2000bps,clinical_score:-41.3;momentum_score:+32.5;financial_score:+16.2,tier=;reason=;cat_days=NA;strength=missing;decay_w=0.0,v1.3.0,31f399e0,1,,0,,"{""burn_ttm"": 0.0, ""cash_total"": 693472000.0, ""dilution_risk"": null, ""has_revenue"": null, ""lead_phase"": null, ""runway_months"": null, ""stage_bucket"": ""early"", ""surv_score"": ""5.0"", ""tier1_count"": 4}",early|none|nonpos,0.008054876876876877,82.545081,-1.4795,,0,-1.1902,-1.0599,4,4,buying,0.4233,elite_4,0.0,0.0,0.0,,,0.0,0,0,0,True,False,True,missing,0.0,adequate,<=2000bps,1232.31,0.7,1,0,1.0,0,1.0,0,,False,no_upcoming,0.971374,price_history,,4,0.844,price_history,,-0.252236,,85.9964,0.4961,-0.272516,0.02028,early,small,sev1,commercial_biotech,morningstar,,,,0,0.7353643793706293706293706294,89.82,41.25000000000000000000000000,66.0,90.00,16.06072922488103100814577723,73.51351351351351351351351351,14.6736,-1.2356,,,,,0.0,0,0,,0.0,0.5,other,-0.453,uncrowded,1.0,152,0.008054876876876877,0.417308,-0.2088,23.08,0.494231,-0.0145
ILMN,"Illumina, Inc.",121,0.6,C,low_quality+no_catalyst_data,,,C,0.578846,0.503846,1,,0,,,0,no_upcoming,9,headwind,,M,sponsor_confirmed|momentum_headwind,smart_money_score:+9.9;clinical_score:-6.9;momentum_score:-5.1,tier=;reason=;cat_days=NA;strength=missing;decay_w=0.0,v1.3.0,31f399e0,1,,0,,"{""burn_ttm"": 0.0, ""cash_total"": 215000000.0, ""dilution_risk"": null, ""has_revenue"": null, ""lead_phase"": null, ""runway_months"": null, ""stage_bucket"": ""early"", ""surv_score"": ""4.0"", ""tier1_count"": 2}",early|none|nonpos,0.008054876876876877,47.618509,-1.4695,,0,,0.0,2,2,selling,-0.3545,elite_2,0.0,0.0,0.0,,,0.0,0,0,0,True,False,True,missing,0.0,adequate,<=400bps,196.98,1.0,0,0,1.0,0,1.0,0,,False,no_upcoming,-0.208411,price_history,,2,0.3574,price_history,,-0.269396,,28.1265,0.6123,-0.272516,0.00312,early,large,none,platform_diagnostics,morningstar,,,,0,0.6753268307322929171668667467,36.99,41.25000000000000000000000000,52.0,57.19,35.19128181679622008840115837,44.89779674507612321969889414,33.7357,-0.4292,0.0,28,1,0.0,0.0,0,0,0.0,0.0,0.5,other,-2.8084,uncrowded,1.0,151,0.008054876876876877,0.421154,-0.1989,21.49,0.428846,-0.1793
FTRE,Fortrea Holdings Inc.,122,0.51,C,mod_quality+no_catalyst_data,,,C,0.575,0.603846,1,,0,,,0,no_upcoming,9,neutral,drawdown_data_missing,M,,clinical_score:-26.7;smart_money_score:+12.8;catalyst_score:+7.3,tier=;reason=;cat_days=NA;strength=missing;decay_w=0.0,v1.3.0,31f399e0,1,,0,,"{""burn_ttm"": 15600000.0, ""cash_total"": 131300000.0, ""dilution_risk"": null, ""has_revenue"": null, ""lead_phase"": null, ""runway_months"": 43.69230769230769, ""stage_bucket"": ""early"", ""surv_score"": ""1.0"", ""tier1_count"": 1}",early|none|nonpos,0.008054876876876877,49.855159,-1.4795,,0,-1.1902,-1.0316,1,1,buying,-0.7434,elite_1,0.0,0.0,0.0,,,0.0,0,0,0,True,False,True,missing,0.0,adequate,<=1000bps,770.09,0.85,1,0,1.0,0,1.0,0,,False,no_upcoming,,,beta_missing:series_too_short,1,,,series_too_short,,no_price_series,,0.8315,-0.272516,,early,small,sev1,commercial_biotech,morningstar,,,drawdown,1,0.6175386132106473874465987512,50,50,55.5,59.75,16.06072922488103100814577723,42.09479750020290560831101371,16.2357,-1.1695,,,,,,,,,,,,-1.6307,unknown,1.0,150,0.008054876876876877,0.425,-0.1891,15.18,0.201923,-0.8348
FLGT,"Fulgent Genetics, Inc.",123,0.42,B,high_quality+no_catalyst_data,,,B,0.571154,0.888462,1,,0,,,0,no_upcoming,9,tailwind,deep_drawdown,M,momentum_tailwind|cost_haircut_<=2000bps,clinical_score:-29.6;financial_score:+14.9;momentum_score:+10.4,tier=;reason=;cat_days=NA;strength=missing;decay_w=0.0,v1.3.0,31f399e0,1,,0,,"{""burn_ttm"": 23495000.0, ""cash_total"": 117641000.0, ""dilution_risk"": null, ""has_revenue"": null, ""lead_phase"": null, ""runway_months"": 60.08478399659502, ""stage_bucket"": ""early"", ""surv_score"": ""2.0"", ""tier1_count"": 0}",early|none|nonpos,0.008054876876876877,69.957243,-1.4795,,0,,0.0,0,0,neutral,-1.1323,,0.0,0.0,0.0,,,0.0,0,0,0,True,False,True,missing,0.0,adequate,<=2000bps,1631.39,0.7,1,0,1.0,0,1.0,0,,False,no_upcoming,-0.034843,price_history,,0,0.7479,price_history,,-0.516889,,57.4589,0.4849,-0.272516,-0.244373,early,small,sev1,platform_diagnostics,morningstar,,,,0,0.7149474967061923583662714097,56.07,50,,90.00,16.06072922488103100814577723,60.54054054054054054054054054,16.2357,-1.1695,,,,,,,,,,,,-1.6307,unknown,1.0,149,0.008054876876876877,0.428846,-0.1793,19.99,0.394231,-0.2683
KNSA,"Kiniksa Pharmaceuticals, Ltd.",124,0.85,C,mod_quality+no_catalyst_data,,,C,0.409615,0.696154,1,,0,,,0,no_upcoming,9,tailwind,deep_drawdown,L,sponsor_confirmed|momentum_tailwind,catalyst_score:-13.7;financial_score:+8.0;smart_money_score:+6.1,tier=;reason=;cat_days=NA;strength=missing;decay_w=0.0,v1.3.0,31f399e0,1,,0,,"{""burn_ttm"": 0.0, ""cash_total"": 414074000.0, ""dilution_risk"": null, ""has_revenue"": null, ""lead_phase"": null, ""runway_months"": null, ""stage_bucket"": ""late"", ""surv_score"": ""3.0"", ""tier1_count"": 2}",late|none|pos,0.01745745864661654,55.394714,0.9293,0,1,0.375,0.4781,2,2,buying,-0.3545,elite_2,0.0,0.0,0.0,,,0.0,0,0,0,True,False,True,missing,0.0,adequate,<=1000bps,643.76,0.85,1,0,1.0,0,1.0,0,,False,no_upcoming,0.036755,price_history,,2,1.6876,price_history,,-0.441385,,56.1763,0.3477,-0.272516,-0.168869,late,mid,none,commercial_pharma,morningstar,,,,0,0.8893374043062200956937799043,53.96,41.25000000000000000000000000,61.0,46.62,55.43307086614173228346456693,62.85714285714285714285714286,56.1051,0.5171,3.0,230,9,1.0,1.2532,1,1,0.0,0.4,0.55,infectious_disease,-0.453,uncrowded,1.0,107,0.01745745864661654,0.590385,0.2285,46.19,0.878846,1.1692
ETON,"Eton Pharmaceuticals, Inc.",125,0.21,C,low_quality+no_catalyst_data,,,C,0.563462,0.173077,1,,0,,,0,no_upcoming,9,headwind,deep_drawdown,S,sponsor_confirmed|momentum_headwind|cost_haircut_<=2000bps,smart_money_score:+23.8;financial_score:-22.7;clinical_score:-21.2,tier=;reason=;cat_days=NA;strength=missing;decay_w=0.0,v1.3.0,31f399e0,1,,0,,"{""burn_ttm"": 0.0, ""cash_total"": 37121000.0, ""dilution_risk"": null, ""has_revenue"": null, ""lead_phase"": null, ""runway_months"": null, ""stage_bucket"": ""early"", ""surv_score"": ""-1.0"", ""tier1_count"": 2}",early|none|nonpos,0.008054876876876877,32.254945,-1.4795,,0,-1.2955,-1.0963,2,2,buying,-0.3545,elite_2,0.0,0.0,0.0,,,0.0,0,0,0,True,False,True,missing,0.0,adequate,<=2000bps,1543.73,0.7,1,0,1.0,0,1.0,0,,False,no_upcoming,0.091754,price_history,,2,1.2684,price_history,,-0.50149,,40.2052,0.4387,-0.272516,-0.228974,early,small,sev1,commercial_pharma,morningstar,,,,0,0.7060876286402452375738997153,44.63,50,61.0,47.97,16.06072922488103100814577723,14.53209966723480236993750507,16.2357,-1.1695,,,,,,,,,,,,-1.6307,unknown,1.0,147,0.008054876876876877,0.436538,-0.1598,12.78,0.125,-1.1503
TEM,"Tempus AI, Inc.",126,1.0,C,low_quality,,,C,0.259615,0.580769,1,,0,,19,1,specific_days,9,neutral,drawdown_data_missing,L,sponsor_confirmed,catalyst_score:-16.5;smart_money_score:+8.5;clinical_score:+8.4,tier=;reason=;cat_days=19;strength=near;decay_w=1.0,v1.3.0,31f399e0,1,,0,,"{""burn_ttm"": 218090000.0, ""cash_total"": 604787000.0, ""dilution_risk"": null, ""has_revenue"": null, ""lead_phase"": null, ""runway_months"": 25.16826017748832, ""stage_bucket"": ""late"", ""surv_score"": ""1.0"", ""tier1_count"": 4}",late|near_0_30|nonpos,0.03940569230769231,49.340143,1.1616,0,1,,0.0,4,4,buying,0.4233,elite_4,0.0,0.0,0.0,,,0.0,0,0,0,True,False,True,near,1.0,adequate,<=400bps,199.47,1.0,0,0,1.0,0,1.0,0,19,True,specific_days,,,beta_missing:series_too_short,4,,,series_too_short,,no_price_series,,0.5816,-0.272516,,late,mid,none,platform_services,morningstar,,,drawdown,1,0.8459278417173154015259278417,50,40.96694444444444444444444444,66.0,29.38,65.82677165354330708661417323,64.57142857142857142857142857,67.5083,0.9995,3.0,850,160,1.0,1.0434,3,1,0.0,0.8,0.95,oncology,-0.453,uncrowded,1.0,68,0.03940569230769231,0.740385,0.6445,40.11,0.790385,0.8078
CTKB,"Cytek Biosciences, Inc.",127,0.21,C,low_quality+no_catalyst_data,,,C,0.555769,0.388462,1,,0,,,0,no_upcoming,9,neutral,drawdown_data_missing,S,cost_haircut_<=2000bps,clinical_score:-22.1;momentum_score:+12.3;catalyst_score:+11.9,tier=;reason=;cat_days=NA;strength=missing;decay_w=0.0,v1.3.0,31f399e0,1,,0,,"{""burn_ttm"": 3915000.0, ""cash_total"": 93281000.0, ""dilution_risk"": null, ""has_revenue"": null, ""lead_phase"": null, ""runway_months"": 285.91877394636015, ""stage_bucket"": ""early"", ""surv_score"": ""2.0"", ""tier1_count"": 0}",early|none|nonpos,0.008054876876876877,43.814269,-1.4795,,0,,0.0,0,0,neutral,-1.1323,,0.0,0.0,0.0,,,0.0,0,0,0,True,False,True,missing,0.0,adequate,<=2000bps,1537.39,0.7,1,0,1.0,0,1.0,0,,False,no_upcoming,0.044757,price_history,,0,0.4214,price_history,,,series_too_short,50.3515,0.7238,-0.272516,,early,small,sev1,platform_devices,morningstar,,,drawdown,1,0.6841461370034407256803253050,50.43,50,,50,16.06072922488103100814577723,36.06281957633308984660336012,16.2357,-1.1695,,,,,,,,,,,,-1.6307,unknown,1.0,145,0.008054876876876877,0.444231,-0.1403,13.54,0.167308,-0.9649
CSTL,"Castle Biosciences, Inc.",128,0.25,C,mod_quality+no_catalyst_data,,,C,0.551923,0.803846,1,,0,,,0,no_upcoming,9,headwind,deep_drawdown,S,momentum_headwind,financial_score:+31.8;clinical_score:-28.9;momentum_score:-7.9,tier=;reason=;cat_days=NA;strength=missing;decay_w=0.0,v1.3.0,31f399e0,1,,0,,"{""burn_ttm"": 0.0, ""cash_total"": 287542000.0, ""dilution_risk"": null, ""has_revenue"": null, ""lead_phase"": null, ""runway_months"": null, ""stage_bucket"": ""early"", ""surv_score"": ""3.0"", ""tier1_count"": 0}",early|none|nonpos,0.008054876876876877,62.535541,-1.4795,,0,,0.0,0,0,neutral,-1.1323,,0.0,0.0,0.0,,,0.0,0,0,0,True,False,True,missing,0.0,adequate,<=1000bps,918.38,0.85,1,0,1.0,0,1.0,0,,False,no_upcoming,-0.25989,price_history,,0,1.4209,price_history,,-0.469023,,30.6912,0.5471,-0.272516,-0.196507,early,small,sev1,platform_diagnostics,morningstar,,,,0,0.6982840481980986071191686933,37.11,50,,58.78,16.06072922488103100814577723,76.75675675675675675675675675,16.2357,-1.1695,,,,,,,,,,,,-1.6307,unknown,1.0,144,0.008054876876876877,0.448077,-0.1305,19.11,0.375,-0.3186
RIGL,"Rigel Pharmaceuticals, Inc.",129,0.25,C,mod_quality+no_catalyst_data,,,C,0.451923,0.819231,1,,0,,,0,no_upcoming,9,headwind,deep_drawdown,S,momentum_headwind,financial_score:+10.1;catalyst_score:-8.6;momentum_score:-8.4,tier=;reason=;cat_days=NA;strength=missing;decay_w=0.0,v1.3.0,31f399e0,1,,0,,"{""burn_ttm"": 0.0, ""cash_total"": 137143000.0, ""dilution_risk"": null, ""has_revenue"": null, ""lead_phase"": null, ""runway_months"": null, ""stage_bucket"": ""late"", ""surv_score"": ""1.0"", ""tier1_count"": 1}",late|none|pos,0.01745745864661654,63.4375,0.9216,0,1,0.3497,0.5546,1,1,buying,-0.7434,elite_1,0.0,0.0,0.0,,,0.0,0,0,0,True,False,True,missing,0.0,adequate,<=1000bps,815.97,0.85,1,0,1.0,0,1.0,0,,False,no_upcoming,-0.15766,price_history,,1,1.0014,price_history,,-0.35497,,36.3071,0.9981,-0.272516,-0.082454,late,small,none,commercial_biotech,morningstar,,,,0,0.8465545465156997782187463523,41.47,41.25000000000000000000000000,55.5,80.41,51.18110236220472440944881890,60.00000000000000000000000000,51.2517,0.3118,3.0,150,16,1.0,0.768,0,1,0.0,0.8,0.6,autoimmune,-0.453,uncrowded,1.0,118,0.01745745864661654,0.548077,0.1208,40.85,0.813462,0.8907
DNA,"Ginkgo Bioworks Holdings, Inc.",130,0.7,A,high_quality+catalyst_near,,,A,0.251923,0.980769,1,,0,,19,1,specific_days,9,tailwind,,L,tier_a_commercial|momentum_tailwind|cost_haircut_<=2000bps,catalyst_score:-20.1;financial_score:+15.9;momentum_score:+6.6,tier=;reason=;cat_days=19;strength=near;decay_w=1.0,v1.3.0,31f399e0,1,,0,,"{""burn_ttm"": 123381000.0, ""cash_total"": 495484000.0, ""dilution_risk"": null, ""has_revenue"": null, ""lead_phase"": null, ""runway_months"": 48.19062902715977, ""stage_bucket"": ""late"", ""surv_score"": ""4.0"", ""tier1_count"": 1}",late|near_0_30|nonpos,0.03940569230769231,79.686,1.1593,0,1,0.9504,0.0,1,1,neutral,-0.7434,elite_1,0.0,0.0,0.0,,,0.0,0,0,0,True,False,True,near,1.0,adequate,<=2000bps,1199.57,0.7,1,0,1.0,0,1.0,0,19,True,specific_days,0.226235,price_history,,1,1.0228,price_history,,-0.135389,,47.4083,0.7795,-0.272516,0.137127,late,small,none,commercial_biotech,morningstar,,,,0,0.8332732732732732732732732733,67.68,40.96694444444444444444444444,55.0,90.00,64.88188976377952755905511811,77.000,66.2134,0.9447,3.0,38,678,1.0,3.694,6,5,0.0,0.8,0.95,oncology,0.7247,highly_crowded,1.0,66,0.03940569230769231,0.748077,0.6685,40.53,0.801923,0.8485
CDNA,"CareDx, Inc.",131,0.51,C,low_quality,,,C,0.267308,0.473077,1,,0,,109,0,specific_days,9,headwind,deep_drawdown,M,sponsor_confirmed|momentum_headwind,momentum_score:-25.9;clinical_score:+14.8;smart_money_score:+11.6,tier=;reason=;cat_days=109;strength=near;decay_w=1.0,v1.3.0,31f399e0,1,,0,,"{""burn_ttm"": 0.0, ""cash_total"": 177208000.0, ""dilution_risk"": null, ""has_revenue"": null, ""lead_phase"": null, ""runway_months"": null, ""stage_bucket"": ""late"", ""surv_score"": ""1.0"", ""tier1_count"": 3}",late|near_91_180|nonpos,0.030662851063829787,46.581118,1.1575,0,1,,0.0,3,3,buying,0.0344,elite_3,0.0,0.0,0.0,,,0.0,0,0,0,True,False,True,near,1.0,adequate,<=1000bps,851.72,0.85,1,0,1.0,0,1.0,0,109,False,specific_days,-0.401553,price_history,,3,1.101,price_history,,-0.501255,,29.6177,0.5165,-0.272516,-0.228739,late,small,none,platform_diagnostics,morningstar,,,,0,0.8840539130434782608695652174,23.02,45.56250000000000000000000000,60.5,53.38,63.70078740157480314960629921,51.76470588235294117647058824,64.8313,0.8863,3.0,273,218,1.0,2.0416,1,4,0.0,0.6,0.95,oncology,0.7247,highly_crowded,1.0,70,0.030662851063829787,0.732692,0.621,40.41,0.798077,0.8348
BRKR,Bruker Corporation,132,0.6,C,mod_quality+no_catalyst_data,,,C,0.532692,0.75,1,,0,,,0,no_upcoming,9,neutral,,M,,clinical_score:-27.7;financial_score:+11.8;momentum_score:+9.7,tier=;reason=;cat_days=NA;strength=missing;decay_w=0.0,v1.3.0,31f399e0,1,,0,,"{""burn_ttm"": 95700000.0, ""cash_total"": 293100000.0, ""dilution_risk"": null, ""has_revenue"": null, ""lead_phase"": null, ""runway_months"": 36.75235109717868, ""stage_bucket"": ""early"", ""surv_score"": ""-1.0"", ""tier1_count"": 0}",early|none|nonpos,0.008054876876876877,60.0485,-1.4795,,0,,0.0,0,0,neutral,-1.1323,,0.0,0.0,0.0,,,0.0,0,0,0,True,False,True,missing,0.0,adequate,<=400bps,329.83,1.0,0,0,1.0,0,1.0,0,,False,no_upcoming,-0.027125,price_history,,0,0.1983,price_history,,-0.096651,,58.9783,0.4312,-0.272516,0.175865,early,mid,sev1,platform_devices,morningstar,,,,0,0.6982677637511271415689810640,53.46,50,,69.59,16.06072922488103100814577723,55.55555555555555555555555556,16.2357,-1.1695,,,,,,,,,,,,-1.6307,unknown,1.0,139,0.008054876876876877,0.467308,-0.082,15.11,0.198077,-0.8485
BEAM,Beam Therapeutics Inc.,133,0.85,C,mod_quality+no_catalyst_data,,,C,0.528846,0.788462,1,,0,,,0,no_upcoming,9,neutral,,L,sponsor_confirmed,clinical_score:-34.1;financial_score:+26.8;smart_money_score:+15.8,tier=;reason=;cat_days=NA;strength=missing;decay_w=0.0,v1.3.0,31f399e0,1,,0,,"{""burn_ttm"": 345102000.0, ""cash_total"": 1245210000.0, ""dilution_risk"": null, ""has_revenue"": null, ""lead_phase"": null, ""runway_months"": 43.29885077455361, ""stage_bucket"": ""early"", ""surv_score"": ""5.0"", ""tier1_count"": 4}",early|none|nonpos,0.008054876876876877,62.29,-1.4795,,0,-1.1902,-1.0316,4,4,buying,0.4233,elite_4,0.0,0.0,0.0,,,0.0,0,0,0,True,False,True,missing,0.0,adequate,<=1000bps,448.95,0.85,1,0,1.0,0,1.0,0,,False,no_upcoming,-0.154054,price_history,,4,1.4525,price_history,,-0.310554,,48.2072,0.7330,-0.272516,-0.038038,early,mid,sev1,commercial_biotech,morningstar,,,,0,0.6748341499162479061976549414,50.70,41.25000000000000000000000000,66.0,50,16.06072922488103100814577723,77.000,14.3236,-1.2504,,,,,0.0,0,0,,0.0,0.5,other,0.7247,highly_crowded,1.0,138,0.008054876876876877,0.471154,-0.0724,20.18,0.398077,-0.2583
AVTR,"Avantor, Inc.",134,0.6,C,mod_quality+no_catalyst_data,,,C,0.517308,0.673077,1,,0,,,0,no_upcoming,9,neutral,,M,,clinical_score:-28.4;momentum_score:+8.3;smart_money_score:+8.0,tier=;reason=;cat_days=NA;strength=missing;decay_w=0.0,v1.3.0,31f399e0,1,,0,,"{""burn_ttm"": 0.0, ""cash_total"": 365400000.0, ""dilution_risk"": null, ""has_revenue"": null, ""lead_phase"": null, ""runway_months"": null, ""stage_bucket"": ""early"", ""surv_score"": ""1.0"", ""tier1_count"": 1}",early|none|nonpos,0.008054876876876877,54.603,-1.4795,,0,,0.0,1,1,neutral,-0.7434,elite_1,0.0,0.0,0.0,,,0.0,0,0,0,True,False,True,missing,0.0,adequate,<=400bps,310.61,1.0,0,0,1.0,0,1.0,0,,False,no_upcoming,-0.028394,price_history,,1,0.1178,price_history,,-0.135878,,43.6407,0.5928,-0.272516,0.136638,early,mid,sev1,platform_devices,morningstar,,,,0,0.6823054832610388165943721499,52.77,50,52.5,60.14,16.06072922488103100814577723,51.11111111111111111111111111,16.2357,-1.1695,,,,,,,,,,,,-1.6307,unknown,1.0,135,0.008054876876876877,0.482692,-0.0434,18.44,0.355769,-0.3698
ADPT,Adaptive Biotechnologies Corpor,135,0.25,C,low_quality+no_catalyst_data,,,C,0.509615,0.003846,1,,0,,,0,no_upcoming,9,neutral,deep_drawdown,S,runway_short,financial_score:-29.4;smart_money_score:+20.1;clinical_score:-19.3,tier=;reason=;cat_days=NA;strength=missing;decay_w=0.0,v1.3.0,31f399e0,1,,0,,"{""burn_ttm"": 48041000.0, ""cash_total"": 55034000.0, ""dilution_risk"": null, ""has_revenue"": null, ""lead_phase"": null, ""runway_months"": 11.101028752308098, ""stage_bucket"": ""early"", ""surv_score"": ""-2.0"", ""tier1_count"": 1}",early|none|nonpos,0.008054876876876877,18.159973,-1.4795,,0,-1.1902,-1.0316,1,1,buying,-0.7434,elite_1,0.0,0.0,0.0,,,0.0,0,0,0,True,False,True,missing,0.0,short,<=1000bps,539.77,0.85,1,0,1.0,0,1.0,0,,False,no_upcoming,0.005024,price_history,,1,1.5307,price_history,,-0.509743,,44.8118,0.7937,-0.272516,-0.237227,early,mid,sev2,commercial_biotech,morningstar,,,,0,0.6648493330344131823786571012,49.46,50,55.5,15.98,16.06072922488103100814577723,5.944385171637114938440955817,16.2357,-1.1695,,,,,,,,,,,,-1.6307,unknown,1.0,133,0.008054876876876877,0.490385,-0.0241,5.22,0.013462,-2.2126
GERN,Geron Corporation,136,0.85,C,low_quality+no_catalyst_data,,,C,0.375,0.280769,1,,0,,,0,no_upcoming,9,tailwind,,L,sponsor_confirmed|momentum_tailwind|runway_short,financial_score:-37.9;momentum_score:+18.4;smart_money_score:+10.9,tier=;reason=;cat_days=NA;strength=missing;decay_w=0.0,v1.3.0,31f399e0,1,,0,,"{""burn_ttm"": 88970000.0, ""cash_total"": 78117000.0, ""dilution_risk"": null, ""has_revenue"": null, ""lead_phase"": null, ""runway_months"": 10.53618073507924, ""stage_bucket"": ""late"", ""surv_score"": ""-2.0"", ""tier1_count"": 2}",late|none|pos,0.01745745864661654,39.810204,0.9274,0,1,0.4947,0.7039,2,2,selling,-0.3545,elite_2,0.0,0.0,0.0,,,0.0,0,0,0,True,False,True,missing,0.0,short,<=1000bps,710.6,0.85,1,0,1.0,0,1.0,0,,False,no_upcoming,0.198577,price_history,,2,1.3352,price_history,,-0.252381,,53.9136,0.5659,-0.272516,0.020135,late,small,sev2,commercial_biotech,morningstar,,,,0,0.8500595354808590102707749767,61.99,41.25000000000000000000000000,54.5,70.98,54.48818897637795275590551181,5.709342560553633217993079581,54.0222,0.429,3.0,2422,15,1.0,0.0029,0,0,0.0,0.4,0.95,oncology,0.2537,moderate,1.0,98,0.01745745864661654,0.625,0.3186,8.53,0.051923,-1.6265
MDGL,"Madrigal Pharmaceuticals, Inc.",137,1.0,C,low_quality+no_catalyst_data,,,C,0.413462,0.026923,1,,0,,,0,no_upcoming,9,neutral,,L,sponsor_confirmed,financial_score:-34.7;smart_money_score:+31.9;clinical_score:+4.5,tier=;reason=;cat_days=NA;strength=missing;decay_w=0.0,v1.3.0,31f399e0,1,,0,,"{""burn_ttm"": 189553000.0, ""cash_total"": 198693000.0, ""dilution_risk"": null, ""has_revenue"": null, ""lead_phase"": null, ""runway_months"": 12.363577910292975, ""stage_bucket"": ""late"", ""surv_score"": ""-3.0"", ""tier1_count"": 6}",late|none|pos,0.01745745864661654,23.282439,0.9208,0,1,0.2772,0.4799,6,6,buying,1.2011,elite_6,0.0,0.0,0.0,,,0.0,0,0,0,True,False,True,missing,0.0,adequate,<=400bps,264.79,1.0,0,0,1.0,0,1.0,0,,False,no_upcoming,0.072461,price_history,,6,1.219,price_history,,-0.339778,,60.0155,0.4350,-0.272516,-0.067262,late,mid,sev1,commercial_biotech,morningstar,,,,0,0.8947121788772597526165556613,47.17,41.25000000000000000000000000,77.0,26.29,49.52824794538477965844820578,10.32653061224489795918367347,49.8502,0.2525,3.0,11,2,0.3333,0.9577,1,1,0.0,0.4,0.55,metabolic,0.7247,highly_crowded,1.0,108,0.01745745864661654,0.586538,0.2186,22.92,0.490385,-0.0241
INSM,Insmed Incorporated,138,1.0,C,low_quality+no_catalyst_data,,,C,0.394231,0.196154,1,,0,,,0,no_upcoming,9,tailwind,,L,sponsor_confirmed|momentum_tailwind,smart_money_score:+22.0;financial_score:-21.6;momentum_score:+16.7,tier=;reason=;cat_days=NA;strength=missing;decay_w=0.0,v1.3.0,31f399e0,1,,0,,"{""burn_ttm"": 935014000.0, ""cash_total"": 1430047000.0, ""dilution_risk"": null, ""has_revenue"": null, ""lead_phase"": null, ""runway_months"": 16.84374990798079, ""stage_bucket"": ""late"", ""surv_score"": ""-1.0"", ""tier1_count"": 14}",late|none|pos,0.01745745864661654,32.910249,0.9226,0,1,0.3704,0.5759,14,14,buying,4.3125,elite_14,0.0,0.0,0.0,,,0.0,0,0,0,True,False,True,missing,0.0,adequate,<=400bps,156.57,1.0,0,0,1.0,0,1.0,0,,False,no_upcoming,0.336913,price_history,,14,1.2339,price_history,,-0.280813,,62.0026,0.5709,-0.272516,-0.008297,late,large,none,commercial_biotech,morningstar,,,,0,0.8953065198564889273784485958,71.76,41.25000000000000000000000000,77.0,10.00,51.65354330708661417322834645,33.46277581444051776992442874,50.4912,0.2796,3.0,543,18,1.0,0.1603,0,0,0.0,0.4,0.5,respiratory,0.7247,highly_crowded,1.0,103,0.01745745864661654,0.605769,0.2683,27.16,0.575,0.1891
ARQT,"Arcutis Biotherapeutics, Inc.",139,0.85,C,low_quality+no_catalyst_data,,,C,0.325,0.157692,1,,0,,,0,no_upcoming,9,neutral,deep_drawdown,L,sponsor_confirmed,smart_money_score:+18.8;financial_score:-18.0;catalyst_score:-6.0,tier=;reason=;cat_days=NA;strength=missing;decay_w=0.0,v1.3.0,31f399e0,1,,0,,"{""burn_ttm"": 5625000.0, ""cash_total"": 42907000.0, ""dilution_risk"": null, ""has_revenue"": null, ""lead_phase"": null, ""runway_months"": 89.4016, ""stage_bucket"": ""late"", ""surv_score"": ""-2.0"", ""tier1_count"": 4}",late|none|pos,0.01745745864661654,32.019224,0.926,0,1,0.4326,0.6399,4,4,buying,0.4233,elite_4,0.0,0.0,0.0,,,0.0,0,0,0,True,False,True,missing,0.0,adequate,<=1000bps,482.23,0.85,1,0,1.0,0,1.0,0,,False,no_upcoming,-0.002717,price_history,,4,1.2593,price_history,,-0.426988,,44.0702,0.727,-0.272516,-0.154472,late,mid,none,commercial_biotech,morningstar,,,,0,0.8794107570675610924772400575,46.48,41.25000000000000000000000000,66.0,27.32,53.07086614173228346456692913,29.24716553287981859410430840,52.9335,0.3829,3.0,61,7,1.0,1.833,1,3,0.0,0.3,0.5,dermatology,0.7247,highly_crowded,1.0,85,0.01745745864661654,0.675,0.4538,32.08,0.636538,0.3492
NTRA,"Natera, Inc.",140,1.0,C,low_quality,,,C,0.017308,0.242308,1,,0,,1754,0,specific_days,9,tailwind,,L,catalyst_far_lift|sponsor_confirmed|momentum_tailwind,clinical_score:+20.0;financial_score:-12.3;catalyst_score:-10.7,tier=;reason=;cat_days=1754;strength=far;decay_w=0.3,v1.3.0,31f399e0,1,,0,,"{""burn_ttm"": 0.0, ""cash_total"": 1000000.0, ""dilution_risk"": null, ""has_revenue"": null, ""lead_phase"": null, ""runway_months"": null, ""stage_bucket"": ""late"", ""surv_score"": ""2.0"", ""tier1_count"": 5}",late|far_271_540|nonpos,0.0865231111111111,37.603611,1.1747,0,1,,0.0,5,5,selling,0.8122,elite_5,0.0,0.0,0.0,,,0.0,0,0,0,True,False,True,far,0.3,adequate,<=400bps,210.15,1.0,0,0,1.0,0,1.0,0,1754,False,specific_days,0.051193,price_history,,5,0.9427,price_history,,-0.089585,,51.5536,0.3255,-0.272516,0.182931,late,large,none,platform_diagnostics,morningstar,,,,0,0.8246108961960025789813023856,61.88,45.56250000000000000000000000,53.5,15.54,76.22047244094488188976377953,43.97469017160256542735307693,76.0431,1.3606,3.0,214,56,1.0,0.261,0,0,0.0,0.8,0.95,oncology,0.2537,moderate,1.0,5,0.0865231111111111,0.982692,2.1128,33.53,0.663462,0.4219
ADMA,ADMA Biologics Inc,141,0.85,C,low_quality+no_catalyst_data,,,C,0.294231,0.034615,1,,0,,,0,no_upcoming,9,tailwind,deep_drawdown|overbought_rsi,L,sponsor_confirmed|momentum_tailwind,financial_score:-32.0;momentum_score:+21.2;clinical_score:+10.2,tier=;reason=;cat_days=NA;strength=missing;decay_w=0.0,v1.3.0,31f399e0,1,,0,,"{""burn_ttm"": 0.0, ""cash_total"": 87630000.0, ""dilution_risk"": null, ""has_revenue"": null, ""lead_phase"": null, ""runway_months"": null, ""stage_bucket"": ""late"", ""surv_score"": ""-1.0"", ""tier1_count"": 2}",late|none|pos,0.01745745864661654,24.410306,-0.043,,0,0.5154,0.7253,2,2,selling,-0.3545,elite_2,0.0,0.0,0.0,,,0.0,0,0,0,True,False,True,missing,0.0,adequate,<=1000bps,517.31,0.85,1,0,1.0,0,1.0,0,,False,no_upcoming,0.286338,price_history,,2,0.9564,price_history,,-0.437288,,72.7214,0.4754,-0.272516,-0.164772,late,mid,none,commercial_biotech,morningstar,,,,0,0.9,66.03,41.25000000000000000000000000,49.0,15.54,54.96062992125984251968503937,12.81179138321995464852607710,54.205,0.4367,3.0,,7,1.0,0.0,0,0,0.0,0.5,0.55,infectious_disease,-0.453,uncrowded,1.0,77,0.01745745864661654,0.705769,0.5411,27.42,0.578846,0.1989
MIRM,"Mirum Pharmaceuticals, Inc.",142,1.0,C,low_quality+no_catalyst_data,,,C,0.421154,0.265385,1,,0,,,0,no_upcoming,9,neutral,deep_drawdown,L,sponsor_confirmed,smart_money_score:+15.7;catalyst_score:-9.6;clinical_score:-6.8,tier=;reason=;cat_days=NA;strength=missing;decay_w=0.0,v1.3.0,31f399e0,1,,0,,"{""burn_ttm"": 0.0, ""cash_total"": 383327000.0, ""dilution_risk"": null, ""has_revenue"": null, ""lead_phase"": null, ""runway_months"": null, ""stage_bucket"": ""late"", ""surv_score"": ""3.0"", ""tier1_count"": 3}",late|none|pos,0.01745745864661654,39.060143,0.9168,0,1,0.0337,0.2291,3,3,buying,0.0344,elite_3,0.0,0.0,0.0,,,0.0,0,0,0,True,False,True,missing,0.0,adequate,<=400bps,372.43,1.0,0,0,1.0,0,1.0,0,,False,no_upcoming,0.087728,price_history,,3,0.4743,price_history,,-0.376031,,42.9372,0.4303,-0.272516,-0.103515,late,mid,none,commercial_biotech,morningstar,,,,0,0.8998543564001434205808533525,49.82,41.25000000000000000000000000,66.5,15.54,43.97469017160256542735307693,52.57142857142857142857142857,42.8392,-0.0441,3.0,293,15,1.0,0.1814,0,0,0.0,0.4,0.55,infectious_disease,0.7247,highly_crowded,1.0,110,0.01745745864661654,0.578846,0.1989,32.93,0.651923,0.3905
NVCR,NovoCure Limited,143,0.25,C,low_quality,,,C,0.255769,0.534615,1,,0,,19,1,specific_days,9,headwind,deep_drawdown,S,momentum_headwind,financial_score:-14.7;clinical_score:+11.9;smart_money_score:+10.1,tier=;reason=;cat_days=19;strength=near;decay_w=1.0,v1.3.0,31f399e0,1,,0,,"{""burn_ttm"": 49031000.0, ""cash_total"": 93548000.0, ""dilution_risk"": null, ""has_revenue"": null, ""lead_phase"": null, ""runway_months"": 15.755894902313047, ""stage_bucket"": ""late"", ""surv_score"": ""1.0"", ""tier1_count"": 1}",late|near_0_30|nonpos,0.03940569230769231,48.400604,1.1258,0,1,,0.0,1,1,selling,-0.7434,elite_1,0.0,0.0,0.0,,,0.0,0,0,0,True,False,True,near,1.0,adequate,<=1000bps,603.49,0.85,1,0,1.0,0,1.0,0,19,True,specific_days,-0.164872,price_history,,1,0.8736,price_history,,-0.489937,,53.5697,0.5194,-0.272516,-0.217421,late,small,none,platform_devices,morningstar,,,,0,0.8965769211700545364402578086,35.62,40.96694444444444444444444444,52.0,82.99,53.77952755905511811023622047,27.17800845828527489427143407,54.1933,0.4362,3.0,104,46,1.0,0.3812,1,0,0.0,0.5,0.95,oncology,0.7247,crowded,1.0,67,0.03940569230769231,0.744231,0.6564,29.17,0.598077,0.2484
APLS,"Apellis Pharmaceuticals, Inc.",144,0.51,C,low_quality+no_catalyst_data,,,C,0.317308,0.465385,1,,0,,,0,no_upcoming,9,headwind,deep_drawdown|overbought_rsi,M,sponsor_confirmed|momentum_headwind,financial_score:+18.8;smart_money_score:+16.6;momentum_score:-13.7,tier=;reason=;cat_days=NA;strength=missing;decay_w=0.0,v1.3.0,31f399e0,1,,0,,"{""burn_ttm"": 0.0, ""cash_total"": 466233000.0, ""dilution_risk"": null, ""has_revenue"": null, ""lead_phase"": null, ""runway_months"": null, ""stage_bucket"": ""late"", ""surv_score"": ""3.0"", ""tier1_count"": 6}",late|none|pos,0.01745745864661654,46.485286,0.9184,0,1,0.1139,0.3117,6,6,buying,1.2011,elite_6,0.0,0.0,0.0,,,0.0,0,0,0,True,False,True,missing,0.0,adequate,<=1000bps,418.5,0.85,1,0,1.0,0,1.0,0,,False,no_upcoming,-0.340107,price_history,,6,0.9353,price_history,,-0.377148,,74.5313,0.7133,-0.272516,-0.104632,late,mid,none,commercial_biotech,morningstar,,,,0,0.8657613165769000598444045482,40.66,41.25000000000000000000000000,71.0,15.54,45.80383160766321532643065286,73.14285714285714285714285714,45.5303,0.0698,3.0,220,11,1.0,0.5831,0,0,0.0,0.4,0.55,infectious_disease,-0.453,uncrowded,1.0,83,0.01745745864661654,0.682692,0.4752,34.07,0.678846,0.4645
AUPH,Aurinia Pharmaceuticals Inc,145,0.85,C,mod_quality+no_catalyst_data,,,C,0.328846,0.757692,1,,0,,,0,no_upcoming,9,tailwind,,L,momentum_tailwind,momentum_score:+43.7;financial_score:-21.6;clinical_score:-13.3,tier=;reason=;cat_days=NA;strength=missing;decay_w=0.0,v1.3.0,31f399e0,1,,0,,"{""burn_ttm"": 0.0, ""cash_total"": 80160000.0, ""dilution_risk"": null, ""has_revenue"": null, ""lead_phase"": null, ""runway_months"": null, ""stage_bucket"": ""late"", ""surv_score"": ""1.0"", ""tier1_count"": 1}",late|none|pos,0.01745745864661654,60.088056,0.9128,0,1,-0.1625,0.0269,1,1,buying,-0.7434,elite_1,0.0,0.0,0.0,,,0.0,0,0,0,True,False,True,missing,0.0,adequate,<=1000bps,819.87,0.85,1,0,1.0,0,1.0,0,,False,no_upcoming,1.252114,price_history,,1,0.5612,price_history,,-0.100363,,59.0449,0.4141,-0.272516,0.172153,late,small,none,commercial_biotech,morningstar,,,,0,0.8763407441860465116279069767,96.55,41.25000000000000000000000000,55.5,76.35,39.49828121878465979154180530,31.23456790123456790123456790,38.6608,-0.2209,3.0,,8,1.0,0.3301,0,1,0.0,0.6,0.55,ophthalmology,0.7247,highly_crowded,1.0,86,0.01745745864661654,0.671154,0.4431,26.11,0.548077,0.1208
ANIP,"ANI Pharmaceuticals, Inc.",146,0.85,C,mod_quality+no_catalyst_data,,,C,0.313462,0.796154,1,,0,,,0,no_upcoming,9,tailwind,high_beta,L,sponsor_confirmed|momentum_tailwind|high_risk,momentum_score:+25.7;catalyst_score:-13.4;clinical_score:-9.8,tier=;reason=;cat_days=NA;strength=missing;decay_w=0.0,v1.3.0,31f399e0,1,,0,,"{""burn_ttm"": 0.0, ""cash_total"": 262610000.0, ""dilution_risk"": null, ""has_revenue"": null, ""lead_phase"": null, ""runway_months"": null, ""stage_bucket"": ""late"", ""surv_score"": ""1.0"", ""tier1_count"": 2}",late|none|pos,0.01745745864661654,62.403011,-0.0536,,0,-0.0725,0.0563,2,2,buying,-0.3545,elite_2,0.0,0.0,0.0,,,0.0,0,0,0,True,False,True,missing,0.0,adequate,<=1000bps,562.25,0.85,1,0,1.0,0,1.0,0,,False,no_upcoming,0.587155,price_history,,2,2.0168,price_history,,-0.198593,,55.4652,0.3545,-0.272516,0.073923,late,small,none,commercial_pharma,morningstar,,,,0,0.9,80.37,41.25000000000000000000000000,58.0,69.59,44.88650532856621268798093152,48.82780127301465248408731684,43.5631,-0.0135,3.0,,7,1.0,0.0,0,0,0.0,0.3,0.55,ophthalmology,-0.453,uncrowded,1.0,82,0.01745745864661654,0.686538,0.4861,39.16,0.782692,0.7813
CERS,Cerus Corporation,147,0.42,C,mod_quality+no_catalyst_data,,,C,0.086538,0.688462,1,,0,,,0,no_upcoming,9,tailwind,,M,momentum_tailwind|cost_haircut_<=2000bps,financial_score:-24.0;momentum_score:+19.2;clinical_score:+8.6,tier=;reason=;cat_days=NA;strength=missing;decay_w=0.0,v1.3.0,31f399e0,1,,0,,"{""burn_ttm"": 1363000.0, ""cash_total"": 15670000.0, ""dilution_risk"": null, ""has_revenue"": null, ""lead_phase"": null, ""runway_months"": 137.96038151137196, ""stage_bucket"": ""late"", ""surv_score"": ""3.0"", ""tier1_count"": 1}",late|none|nonpos,0.06780888345864662,55.161667,1.131,0,1,,0.0,1,1,selling,-0.7434,elite_1,0.0,0.0,0.0,,,0.0,0,0,0,True,False,True,missing,0.0,adequate,<=2000bps,1656.9,0.7,1,0,1.0,0,1.0,0,,False,no_upcoming,0.201518,price_history,,1,1.2047,price_history,,-0.148365,,60.6256,,-0.272516,0.124151,late,small,none,platform_devices,morningstar,,,,0,0.8929900124069478908188585608,66.45,41.25000000000000000000000000,49.5,89.73,55.90551181102362204724409449,23.25814857533427314280832158,55.8499,0.5063,3.0,752,15,1.0,0.0029,0,0,0.0,0.5,0.95,oncology,-0.453,uncrowded,1.0,23,0.06780888345864662,0.913462,1.3624,28.42,0.590385,0.2285
ALNY,"Alnylam Pharmaceuticals, Inc.",148,1.0,C,low_quality,,,C,0.228846,0.373077,1,,0,,780,0,specific_days,9,headwind,,L,catalyst_far_lift|sponsor_confirmed|momentum_headwind,smart_money_score:+15.2;clinical_score:-8.6;catalyst_score:-4.3,tier=;reason=;cat_days=780;strength=far;decay_w=0.3,v1.3.0,31f399e0,1,,0,,"{""burn_ttm"": 0.0, ""cash_total"": 1657250000.0, ""dilution_risk"": null, ""has_revenue"": null, ""lead_phase"": null, ""runway_months"": null, ""stage_bucket"": ""late"", ""surv_score"": ""3.0"", ""tier1_count"": 6}",late|far_271_540|pos,0.05258729032258065,43.382594,0.9137,0,1,-0.0848,0.1071,6,6,neutral,1.2011,elite_6,0.0,0.0,0.0,,,0.0,0,0,0,True,False,True,far,0.3,adequate,<=400bps,144.92,1.0,0,0,1.0,0,1.0,0,780,False,specific_days,-0.156101,price_history,,6,0.3554,price_history,,-0.183573,,38.3017,0.3472,-0.272516,0.088943,late,large,none,commercial_biotech,morningstar,,,,0,0.9,45.69,45.56250000000000000000000000,65.0,31.43,41.27231143351175591240071368,51.65354330708661417322834645,41.2389,-0.1118,3.0,220,40,1.0,0.7715,0,1,0.0,0.4,0.55,metabolic,-0.453,uncrowded,1.0,60,0.05258729032258065,0.771154,0.7427,40.61,0.805769,0.8624
TVTX,"Travere Therapeutics, Inc.",149,0.85,C,low_quality+no_catalyst_data,,,C,0.209615,0.188462,1,,0,,,0,no_upcoming,9,tailwind,,L,sponsor_confirmed|momentum_tailwind,clinical_score:-35.8;momentum_score:+35.1;smart_money_score:+30.3,tier=;reason=;cat_days=NA;strength=missing;decay_w=0.0,v1.3.0,31f399e0,1,,0,,"{""burn_ttm"": 0.0, ""cash_total"": 93035000.0, ""dilution_risk"": null, ""has_revenue"": null, ""lead_phase"": null, ""runway_months"": null, ""stage_bucket"": ""late"", ""surv_score"": ""3.0"", ""tier1_count"": 5}",late|none|nonpos,0.06780888345864662,32.468306,-0.3,493,1,-1.3974,-1.245,5,5,buying,0.8122,elite_5,0.0,0.0,0.0,,,0.0,0,0,0,True,False,True,missing,0.0,adequate,<=1000bps,403.29,0.85,1,0,1.0,0,1.0,0,,False,no_upcoming,0.452343,price_history,,5,0.6788,price_history,,-0.061693,,67.9473,0.7066,-0.272516,0.210823,late,mid,none,commercial_biotech,morningstar,,,,0,0.8770531003112281541776394542,82.32,41.25000000000000000000000000,77.5,15.54,11.33534489291200804623831469,23.47845804988662131519274376,10.2297,-1.4236,3.0,493,7,1.0,0.0331,0,0,0.0,0.7,0.6,autoimmune,0.7247,highly_crowded,1.0,55,0.06780888345864662,0.790385,0.8078,11.98,0.105769,-1.2493
TGTX,"TG Therapeutics, Inc.",150,0.85,C,low_quality+no_catalyst_data,,,C,0.205769,0.065385,1,,0,,,0,no_upcoming,9,tailwind,deep_drawdown,L,sponsor_confirmed|momentum_tailwind,clinical_score:-25.2;momentum_score:+23.6;financial_score:-21.4,tier=;reason=;cat_days=NA;strength=missing;decay_w=0.0,v1.3.0,31f399e0,1,,0,,"{""burn_ttm"": 44432000.0, ""cash_total"": 131582000.0, ""dilution_risk"": null, ""has_revenue"": null, ""lead_phase"": null, ""runway_months"": 35.537090385307884, ""stage_bucket"": ""late"", ""surv_score"": ""3.0"", ""tier1_count"": 3}",late|none|nonpos,0.06780888345864662,27.3565,0.8695,0,1,-1.2756,-1.1196,3,3,buying,0.0344,elite_3,0.0,0.0,0.0,,,0.0,0,0,0,True,False,True,missing,0.0,adequate,<=1000bps,429.71,0.85,1,0,1.0,0,1.0,0,,False,no_upcoming,0.363004,price_history,,3,1.4535,price_history,,-0.421129,,44.8811,0.3599,-0.272516,-0.148613,late,mid,none,commercial_biotech,morningstar,,,,0,0.8791415687215159510674022547,62.91,41.25000000000000000000000000,60.5,19.07,14.11184822369644739289478579,18.00000000000000000000000000,15.1338,-1.2161,3.0,70,14,1.0,1.9331,1,2,0.0,0.4,0.95,oncology,0.7247,highly_crowded,1.0,54,0.06780888345864662,0.794231,0.8212,13.63,0.171154,-0.9496
TARS,"Tarsus Pharmaceuticals, Inc.",151,0.85,C,mod_quality+no_catalyst_data,,,C,0.198077,0.65,1,,0,,,0,no_upcoming,9,neutral,deep_drawdown,L,sponsor_confirmed,clinical_score:-33.5;smart_money_score:+31.0;financial_score:+17.8,tier=;reason=;cat_days=NA;strength=missing;decay_w=0.0,v1.3.0,31f399e0,1,,0,,"{""burn_ttm"": 12451000.0, ""cash_total"": 417267000.0, ""dilution_risk"": null, ""has_revenue"": null, ""lead_phase"": null, ""runway_months"": 234.13466753951184, ""stage_bucket"": ""late"", ""surv_score"": ""0.0"", ""tier1_count"": 8}",late|none|nonpos,0.06780888345864662,54.380429,-0.1278,178,1,-1.0858,-0.924,8,8,buying,1.979,elite_8,0.0,0.0,0.0,,,0.0,0,0,0,True,False,True,missing,0.0,adequate,<=1000bps,462.33,0.85,1,0,1.0,0,1.0,0,,False,no_upcoming,0.071673,price_history,,8,0.5218,price_history,,-0.452035,,51.0022,0.4256,-0.272516,-0.179519,late,mid,none,commercial_biotech,morningstar,,,,0,0.8523268298507462686567164179,47.39,41.25000000000000000000000000,83.0,38.66,18.44193688387376774753549507,69.71428571428571428571428572,17.3996,-1.1203,3.0,178,1,0.0,0.3403,0,1,0.0,0.3,0.5,other,-0.453,uncrowded,1.0,52,0.06780888345864662,0.801923,0.8485,26.32,0.559615,0.15
PTCT,"PTC Therapeutics, Inc.",152,1.0,B,high_quality+no_catalyst_data,,,B,0.190385,0.926923,1,,0,,,0,no_upcoming,9,neutral,deep_drawdown,L,sponsor_confirmed,clinical_score:-24.0;financial_score:+22.9;smart_money_score:+17.4,tier=;reason=;cat_days=NA;strength=missing;decay_w=0.0,v1.3.0,31f399e0,1,,0,,"{""burn_ttm"": 0.0, ""cash_total"": 1945371000.0, ""dilution_risk"": null, ""has_revenue"": null, ""lead_phase"": null, ""runway_months"": null, ""stage_bucket"": ""late"", ""surv_score"": ""3.0"", ""tier1_count"": 5}",late|none|nonpos,0.06780888345864662,73.8525,0.9039,0,1,-0.5731,-0.4705,5,5,buying,0.8122,elite_5,0.0,0.0,0.0,,,0.0,0,0,0,True,False,True,missing,0.0,adequate,<=400bps,343.08,1.0,0,0,1.0,0,1.0,0,,False,no_upcoming,0.021339,price_history,,5,0.6946,price_history,,-0.426872,,53.5629,0.3495,-0.272516,-0.154356,late,mid,none,commercial_biotech,morningstar,,,,0,0.8992198090692124105011933174,50.57,41.25000000000000000000000000,71.5,83.11,30.13516027032054064108128217,77.000,31.8248,-0.51,3.0,113,36,1.0,1.5732,2,2,0.0154,0.4,0.95,oncology,0.2537,moderate,1.0,50,0.06780888345864662,0.809615,0.8765,32.49,0.644231,0.3698
ONC,BeOne Medicines Ltd.,153,1.0,C,low_quality+no_catalyst_data,,,C,0.171154,0.45,1,,0,,,0,no_upcoming,9,tailwind,,L,sponsor_confirmed|momentum_tailwind,clinical_score:-27.9;financial_score:+12.9;momentum_score:+12.8,tier=;reason=;cat_days=NA;strength=missing;decay_w=0.0,v1.3.0,31f399e0,1,,0,,"{""burn_ttm"": 0.0, ""cash_total"": 4547530000.0, ""dilution_risk"": null, ""has_revenue"": null, ""lead_phase"": null, ""runway_months"": null, ""stage_bucket"": ""late"", ""surv_score"": ""3.0"", ""tier1_count"": 2}",late|none|nonpos,0.06780888345864662,46.353457,-0.2625,384,1,-0.9209,-0.7542,2,2,buying,-0.3545,elite_2,0.0,0.0,0.0,,,0.0,0,0,0,True,False,True,missing,0.0,adequate,<=400bps,342.35,1.0,0,0,1.0,0,1.0,0,,False,no_upcoming,0.345512,price_history,,2,0.4431,price_history,,-0.060674,,57.3046,0.415,-0.272516,0.211842,late,large,none,commercial_biotech,morningstar,,,,0,0.8800418733476016618406143774,62.84,41.25000000000000000000000000,61.0,15.54,22.20189995935547426650408856,62.99212598425196850393700788,22.0378,-0.9241,3.0,544,21,1.0,0.0723,0,0,0.0,0.4,0.95,oncology,-0.453,uncrowded,1.0,45,0.06780888345864662,0.828846,0.9496,24.13,0.517308,0.0434
HRMY,"Harmony Biosciences Holdings, I",154,0.85,B,high_quality+no_catalyst_data,,,B,0.136538,0.988462,1,,0,,,0,no_upcoming,9,tailwind,,L,sponsor_confirmed|momentum_tailwind,clinical_score:-43.7;financial_score:+27.2;momentum_score:+20.4,tier=;reason=;cat_days=NA;strength=missing;decay_w=0.0,v1.3.0,31f399e0,1,,0,,"{""burn_ttm"": 0.0, ""cash_total"": 775340000.0, ""dilution_risk"": null, ""has_revenue"": null, ""lead_phase"": null, ""runway_months"": null, ""stage_bucket"": ""late"", ""surv_score"": ""2.0"", ""tier1_count"": 3}",late|none|nonpos,0.06780888345864662,80.184,-0.2694,278,1,-1.6293,-1.4792,3,3,selling,0.0344,elite_3,0.0,0.0,0.0,,,0.0,0,0,0,True,False,True,missing,0.0,adequate,<=1000bps,643.37,0.85,1,0,1.0,0,1.0,0,,False,no_upcoming,0.313524,price_history,,3,0.5022,price_history,,-0.141848,,58.8058,0.3158,-0.272516,0.130668,late,small,none,commercial_biotech,morningstar,,,,0,0.8883989772198977219897721990,70.17,41.25000000000000000000000000,54.5,90.00,6.046872093744187488374976754,77.000,5.1828,-1.6371,3.0,1601,5,1.0,0.1017,0,0,0.0,0.4,0.6,autoimmune,-0.453,uncrowded,1.0,36,0.06780888345864662,0.863462,1.096,21.61,0.440385,-0.15
DVAX,Dynavax Technologies Corporation,155,0.85,C,low_quality+no_catalyst_data,,,C,0.117308,0.457692,1,,0,,,0,no_upcoming,9,tailwind,,L,sponsor_confirmed|momentum_tailwind,momentum_score:+35.5;clinical_score:-14.5;financial_score:-11.6,tier=;reason=;cat_days=NA;strength=missing;decay_w=0.0,v1.3.0,31f399e0,1,,0,,"{""burn_ttm"": 0.0, ""cash_total"": 160247000.0, ""dilution_risk"": null, ""has_revenue"": null, ""lead_phase"": null, ""runway_months"": null, ""stage_bucket"": ""late"", ""surv_score"": ""2.0"", ""tier1_count"": 2}",late|none|nonpos,0.06780888345864662,46.371003,0.9109,0,1,-0.4123,-0.2639,2,2,selling,-0.3545,elite_2,0.0,0.0,0.0,,,0.0,0,0,0,True,False,True,missing,0.0,adequate,<=1000bps,453.41,0.85,1,0,1.0,0,1.0,0,,False,no_upcoming,0.396813,price_history,,2,0.9356,price_history,,-0.190544,,44.3869,0.7250,-0.272516,0.081972,late,small,none,commercial_pharma,morningstar,,,,0,0.8861010221860843303519572540,86.82,41.25000000000000000000000000,52.0,31.76,36.87856931269418094391744338,39.75778546712802768166089965,37.3159,-0.2777,3.0,1005,18,1.0,0.2102,1,0,0.0,0.4,0.95,oncology,-0.453,uncrowded,1.0,31,0.06780888345864662,0.882692,1.1886,33.82,0.667308,0.4325
BCRX,"BioCryst Pharmaceuticals, Inc.",156,0.51,C,low_quality+no_catalyst_data,,,C,0.078846,0.15,1,,0,,,0,no_upcoming,9,headwind,,M,sponsor_confirmed|momentum_headwind,smart_money_score:+19.1;financial_score:-15.1;momentum_score:-4.7,tier=;reason=;cat_days=NA;strength=missing;decay_w=0.0,v1.3.0,31f399e0,1,,0,,"{""burn_ttm"": 0.0, ""cash_total"": 212873000.0, ""dilution_risk"": null, ""has_revenue"": null, ""lead_phase"": null, ""runway_months"": null, ""stage_bucket"": ""late"", ""surv_score"": ""3.0"", ""tier1_count"": 3}",late|none|nonpos,0.06780888345864662,30.777439,0.9138,0,1,-0.1879,-0.0524,3,3,buying,0.0344,elite_3,0.0,0.0,0.0,,,0.0,0,0,0,True,False,True,missing,0.0,adequate,<=1000bps,517.78,0.85,1,0,1.0,0,1.0,0,,False,no_upcoming,-0.178511,price_history,,3,0.5861,price_history,,-0.305949,,37.3319,0.4141,-0.272516,-0.033433,late,mid,none,commercial_pharma,morningstar,,,,0,0.8953892651986596457635232169,36.71,41.25000000000000000000000000,60.5,33.11,42.16759322407533703956296801,26.32653061224489795918367346,41.8134,-0.0875,3.0,145,25,1.0,0.7093,0,2,0.0,0.8,0.55,infectious_disease,0.7247,highly_crowded,1.0,21,0.06780888345864662,0.921154,1.4129,30.07,0.609615,0.2783
ARWR,"Arrowhead Pharmaceuticals, Inc.",157,1.0,C,low_quality+no_catalyst_data,,,C,0.067308,0.35,1,,0,,,0,no_upcoming,9,tailwind,,L,sponsor_confirmed|momentum_tailwind,clinical_score:-29.2;smart_money_score:+14.1;momentum_score:+11.6,tier=;reason=;cat_days=NA;strength=missing;decay_w=0.0,v1.3.0,31f399e0,1,,0,,"{""burn_ttm"": 0.0, ""cash_total"": 714967000.0, ""dilution_risk"": null, ""has_revenue"": null, ""lead_phase"": null, ""runway_months"": null, ""stage_bucket"": ""late"", ""surv_score"": ""5.0"", ""tier1_count"": 2}",late|none|nonpos,0.06780888345864662,42.347,0.8795,0,1,-1.118,-0.9572,2,2,buying,-0.3545,elite_2,0.0,0.0,0.0,,,0.0,0,0,0,True,False,True,missing,0.0,adequate,<=400bps,234.38,1.0,0,0,1.0,0,1.0,0,,False,no_upcoming,0.178234,price_history,,2,1.335,price_history,,-0.182712,,55.06,0.7267,-0.272516,0.089804,late,mid,none,commercial_biotech,morningstar,,,,0,0.7957586865215731195112638412,58.54,41.25000000000000000000000000,61.0,15.54,17.70647763517749257720737664,56.00000000000000000000000000,17.9063,-1.0989,3.0,899,13,1.0,0.5731,1,1,0.0,0.4,0.5,respiratory,-0.453,uncrowded,1.0,18,0.06780888345864662,0.932692,1.4961,17.86,0.325,-0.4538
AQST,"Aquestive Therapeutics, Inc.",158,0.85,B,high_quality+no_catalyst_data,,,B,0.059615,0.911538,1,,0,,,0,no_upcoming,9,tailwind,overbought_rsi,L,sponsor_confirmed|momentum_tailwind,momentum_score:+32.4;clinical_score:-27.5;catalyst_score:-18.9,tier=;reason=;cat_days=NA;strength=missing;decay_w=0.0,v1.3.0,31f399e0,1,,0,,"{""burn_ttm"": 43963000.0, ""cash_total"": 129063000.0, ""dilution_risk"": null, ""has_revenue"": null, ""lead_phase"": null, ""runway_months"": 35.22862407024088, ""stage_bucket"": ""late"", ""surv_score"": ""0.0"", ""tier1_count"": 4}",late|none|nonpos,0.06780888345864662,72.653324,0.9063,0,1,-0.5928,-0.2011,4,4,buying,0.4233,elite_4,0.0,0.0,0.0,,,0.0,0,0,0,True,False,True,missing,0.0,adequate,<=1000bps,726.16,0.85,1,0,1.0,0,1.0,0,,False,no_upcoming,0.694176,price_history,,4,0.6561,price_history,,-0.192555,,77.2582,0.9486,-0.272516,0.079961,late,small,none,commercial_pharma,morningstar,,,,0,0.8092302284710017574692442882,92.51,41.25000000000000000000000000,72.0,74.55,32.62260524521049042098084196,62.35294117647058823529411765,30.9492,-0.5471,3.0,,4,1.0,0.0,0,0,0.0,0.3,0.6,cns,0.7247,highly_crowded,1.0,16,0.06780888345864662,0.940385,1.558,23.30,0.498077,-0.0048
AMLX,"Amylyx Pharmaceuticals, Inc.",159,0.85,C,low_quality+no_catalyst_data,,,C,0.044231,0.588462,1,,0,,,0,no_upcoming,9,neutral,drawdown_data_missing,L,sponsor_confirmed,smart_money_score:+33.2;clinical_score:-28.0;catalyst_score:-10.5,tier=;reason=;cat_days=NA;strength=missing;decay_w=0.0,v1.3.0,31f399e0,1,,0,,"{""burn_ttm"": 95440000.0, ""cash_total"": 343990000.0, ""dilution_risk"": null, ""has_revenue"": null, ""lead_phase"": null, ""runway_months"": 43.251047778709136, ""stage_bucket"": ""late"", ""surv_score"": ""5.0"", ""tier1_count"": 9}",late|none|nonpos,0.06780888345864662,49.438088,-0.1195,180,1,-0.9695,-0.7891,9,9,buying,2.3679,elite_9,0.0,0.0,0.0,,,0.0,0,0,0,True,False,True,missing,0.0,adequate,<=1000bps,684.74,0.85,1,0,1.0,0,1.0,0,,False,no_upcoming,,,beta_missing:series_too_short,9,,,series_too_short,,no_price_series,,0.6469,-0.272516,,late,small,none,commercial_pharma,morningstar,,,drawdown,1,0.8732355652875417771119050363,50,41.25000000000000000000000000,85,37.05,23.74446304448164451884459325,58.82352941176470588235294117,22.5304,-0.9032,3.0,413,4,1.0,0.0897,0,0,0.0,0.4,0.6,cns,0.7247,highly_crowded,1.0,12,0.06780888345864662,0.955769,1.7036,26.25,0.555769,0.1403
KRYS,"Krystal Biotech, Inc.",160,1.0,C,low_quality,,,C,0.013462,0.273077,1,,0,,323,0,specific_days,9,headwind,deep_drawdown,L,catalyst_far_lift|sponsor_confirmed|momentum_headwind,clinical_score:-32.8;smart_money_score:+30.0;momentum_score:-4.8,tier=;reason=;cat_days=323;strength=far;decay_w=0.3,v1.3.0,31f399e0,1,,0,,"{""burn_ttm"": 0.0, ""cash_total"": 496304000.0, ""dilution_risk"": null, ""has_revenue"": null, ""lead_phase"": null, ""runway_months"": null, ""stage_bucket"": ""late"", ""surv_score"": ""2.0"", ""tier1_count"": 4}",late|far_271_540|nonpos,0.0865231111111111,39.625449,-0.2808,323,1,-1.5152,-1.3664,4,4,buying,0.4233,elite_4,0.0,0.0,0.0,,,0.0,0,0,0,True,False,True,far,0.3,adequate,<=400bps,347.42,1.0,0,0,1.0,0,1.0,0,323,False,specific_days,-0.159983,price_history,,4,1.1078,price_history,,-0.444184,,39.9971,0.3475,-0.272516,-0.171668,late,mid,none,commercial_biotech,morningstar,,,,0,0.8911124716282403536017202246,36.71,45.56250000000000000000000000,71.5,34.46,8.647019516261254744731711688,44.93877551020408163265306122,9.2794,-1.4638,3.0,63,6,1.0,0.9125,1,1,0.0,0.4,0.5,respiratory,-0.453,uncrowded,1.0,4,0.0865231111111111,0.986538,2.2126,18.26,0.344231,-0.4009
TARA,"Protara Therapeutics, Inc.",,,D,ineligible,D,ineligible,,0.986538,,0,0.05,1,0.95,,0,no_upcoming,9,neutral,deep_drawdown|deep_drawdown_rel_xbi,XS,ineligible,clinical_score:+18.6;catalyst_score:-17.1;financial_score:+11.9,tier=D;reason=ineligible;cat_days=NA;strength=missing;decay_w=0.0,v1.3.0,31f399e0,0,deep_drawdown,0,,"{""burn_ttm"": 39415000.0, ""cash_total"": 132670000.0, ""dilution_risk"": null, ""has_revenue"": null, ""lead_phase"": null, ""runway_months"": 40.39172903716859, ""stage_bucket"": ""early"", ""surv_score"": ""5.0"", ""tier1_count"": 1}",early|none|pos,-0.1,,-1.2043,1026,1,1.3087,1.2681,1,1,selling,-0.7434,elite_1,0.0,0.0,0.0,,,0.0,0,0,0,True,False,True,missing,0.0,adequate,<=2000bps,1168.53,0.7,1,0,1.0,0,1.0,0,,False,no_upcoming,0.09617,price_history,,1,0.821,price_history,,-0.710339,,53.9843,,-0.272516,-0.437823,early,small,none,drug_developer,morningstar,,,,0,0.7676783346015871290357647570,48.93,41.25000000000000000000000000,54.5,55.29,77.000,70.27027027027027027027027027,76.3766,1.3747,1.0,1026,2,0.0,0.0001,0,0,0.0,0.3,0.85,oncology,-0.453,uncrowded,1.0,257,-0.1,0.013462,-2.2126,52.33,0.971154,1.898
PRLD,Prelude Therapeutics Incorporated,,,D,ineligible,D,ineligible,,0.963462,,0,0.119231,1,0.880769,,0,no_upcoming,9,headwind,deep_drawdown|deep_drawdown_rel_xbi,XS,ineligible,clinical_score:+33.6;financial_score:-31.2;momentum_score:-22.2,tier=D;reason=ineligible;cat_days=NA;strength=missing;decay_w=0.0,v1.3.0,31f399e0,0,deep_drawdown,0,,"{""burn_ttm"": 79421000.0, ""cash_total"": 54957000.0, ""dilution_risk"": null, ""has_revenue"": null, ""lead_phase"": null, ""runway_months"": 8.303647649865905, ""stage_bucket"": ""early"", ""surv_score"": ""-2.0"", ""tier1_count"": 2}",early|none|pos,-0.1,,-0.933,129,1,1.2164,1.1693,2,2,buying,-0.3545,elite_2,0.0,0.0,0.0,,,0.0,0,0,0,True,False,True,missing,0.0,short,>2000bps,2020.0,0.55,1,0,1.0,0,1.0,0,,False,no_upcoming,-0.522329,price_history,,2,1.2885,price_history,,-0.823298,,30.6888,,-0.272516,-0.550782,early,micro,sev2,drug_developer,morningstar,,,,0,0.7584115138592750533049040512,18.99,41.25000000000000000000000000,61.0,87.06,74.81481481481481481481481481,10.05486968449931412894375857,73.8414,1.2674,1.0,129,5,1.0,0.1069,0,0,0.0,0.3,0.85,oncology,0.7247,highly_crowded,1.0,251,-0.1,0.036538,-1.7923,13.54,0.159615,-0.996
BLTE,"Belite Bio, Inc",,,D,ineligible,D,ineligible,,0.882692,,0,0.003846,1,0.996154,,0,no_upcoming,9,neutral,drawdown_data_missing,XS,ineligible,financial_score:-43.0;clinical_score:+29.0;smart_money_score:+18.5,tier=D;reason=ineligible;cat_days=NA;strength=missing;decay_w=0.0,v1.3.0,31f399e0,0,financials_missing,1,"cash_runway_lt_6m,survivability_critical","{""burn_ttm"": 0.0, ""cash_total"": 0.0, ""dilution_risk"": null, ""has_revenue"": null, ""lead_phase"": null, ""runway_months"": 0.0, ""stage_bucket"": ""early"", ""surv_score"": ""-5.0"", ""tier1_count"": 3}",early|none|pos,-0.1,,-0.0398,0,1,1.3087,1.2681,3,3,buying,0.0344,elite_3,0.0,0.0,0.0,,,0.0,0,0,0,True,False,True,missing,0.0,critical,<=1000bps,466.09,0.85,1,0,1.0,0,1.0,0,,False,no_upcoming,,,beta_missing:series_too_short,3,,,series_too_short,,no_price_series,,,-0.272516,,early,unknown,sev2,drug_developer,morningstar,,,drawdown,1,0.7090283128091779812651299863,50,41.25000000000000000000000000,66.5,50,77.000,5,75.834,1.3517,1.0,,2,0.3333,0.0,0,0,0.0,0.4,0.5,other,0.2537,moderate,1.0,230,-0.1,0.117308,-1.1886,24.92,0.525,0.0627
LRMR,"Larimar Therapeutics, Inc.",,,D,ineligible,D,ineligible,,0.940385,,0,0.15,1,0.85,,0,no_upcoming,9,headwind,deep_drawdown|deep_drawdown_rel_xbi,XS,ineligible,financial_score:-39.9;clinical_score:+27.0;smart_money_score:+26.3,tier=D;reason=ineligible;cat_days=NA;strength=missing;decay_w=0.0,v1.3.0,31f399e0,0,deep_drawdown,0,,"{""burn_ttm"": 45921000.0, ""cash_total"": 90140000.0, ""dilution_risk"": null, ""has_revenue"": null, ""lead_phase"": null, ""runway_months"": 23.55523616645979, ""stage_bucket"": ""early"", ""surv_score"": ""4.0"", ""tier1_count"": 5}",early|none|pos,-0.1,,-0.046,0,1,1.1069,1.0521,5,5,buying,0.8122,elite_5,0.0,0.0,0.0,,,0.0,0,0,0,True,False,True,missing,0.0,short,<=1000bps,704.31,0.85,1,0,1.0,0,1.0,0,,False,no_upcoming,-0.23341,price_history,,5,0.8654,price_history,,-0.544693,,40.2476,0.7621,-0.272516,-0.272177,early,small,sev2,drug_developer,morningstar,,,,0,0.7727796499619523861289270573,35.69,41.25000000000000000000000000,71.5,50.00,72.22222222222222222222222222,5.325054784514243973703433158,71.0563,1.1496,1.0,,2,0.0,0.0,0,0,0.0,0.4,0.5,other,0.2537,crowded,1.0,245,-0.1,0.059615,-1.558,17.05,0.286538,-0.5635
GHRS,GH Research PLC,,,D,ineligible,D,ineligible,,0.913462,,0,0.111538,1,0.888462,,0,no_upcoming,9,tailwind,drawdown_data_missing,XS,ineligible,financial_score:-44.9;clinical_score:+24.9;smart_money_score:+21.6,tier=D;reason=ineligible;cat_days=NA;strength=missing;decay_w=0.0,v1.3.0,31f399e0,0,financials_missing,1,"cash_runway_lt_6m,survivability_critical","{""burn_ttm"": 0.0, ""cash_total"": 0.0, ""dilution_risk"": null, ""has_revenue"": null, ""lead_phase"": null, ""runway_months"": 0.0, ""stage_bucket"": ""early"", ""surv_score"": ""-5.0"", ""tier1_count"": 5}",early|none|pos,-0.1,,-0.0419,0,1,1.2164,1.1693,5,5,buying,0.8122,elite_5,0.0,0.0,0.0,,,0.0,0,0,0,True,False,True,missing,0.0,critical,<=2000bps,1358.9,0.7,1,0,1.0,0,1.0,0,,False,no_upcoming,0.060305,price_history,,5,0.1254,price_history,,,series_too_short,51.6481,0.9535,-0.272516,,early,unknown,sev2,drug_developer,morningstar,,,drawdown,1,0.6752753307228278124669277172,57.05,41.25000000000000000000000000,71.5,50,74.81481481481481481481481481,5,73.1414,1.2378,1.0,,1,0.0,0.0,0,0,0.0,0.3,0.6,cns,0.7247,highly_crowded,1.0,238,-0.1,0.086538,-1.3624,21.51,0.432692,-0.1695
SPRY,"ARS Pharmaceuticals, Inc.",,,D,ineligible,D,ineligible,,0.978846,,0,0.211538,1,0.788462,,0,no_upcoming,9,headwind,deep_drawdown|deep_drawdown_rel_xbi,XS,ineligible,momentum_score:-34.4;clinical_score:+24.3;smart_money_score:+8.0,tier=D;reason=ineligible;cat_days=NA;strength=missing;decay_w=0.0,v1.3.0,31f399e0,0,deep_drawdown,0,,"{""burn_ttm"": 127381000.0, ""cash_total"": 288209000.0, ""dilution_risk"": null, ""has_revenue"": null, ""lead_phase"": null, ""runway_months"": 27.150893775366814, ""stage_bucket"": ""early"", ""surv_score"": ""0.0"", ""tier1_count"": 6}",early|none|pos,-0.1,,-0.9763,139,1,0.9818,0.9182,6,6,selling,1.2011,elite_6,0.0,0.0,0.0,,,0.0,0,0,0,True,False,True,missing,0.0,adequate,<=1000bps,859.01,0.85,1,0,1.0,0,1.0,0,,False,no_upcoming,-0.774728,price_history,,6,1.0255,price_history,,-0.860122,,32.25,0.7229,-0.272516,-0.587606,early,small,none,drug_developer,morningstar,,,,0,0.7858282640182081522863645769,10.63,41.25000000000000000000000000,53.0,50,69.25925925925925925925925926,50.81081081081081081081081081,67.9358,1.0176,1.0,139,1,0.0,0.0785,0,0,0.0,0.3,0.5,respiratory,-0.453,uncrowded,1.0,255,-0.1,0.021154,-2.0305,47.94,0.913462,1.3624
PGEN,"Precigen, Inc.",,,D,ineligible,D,ineligible,,0.959615,,0,0.257692,1,0.742308,,0,no_upcoming,9,headwind,deep_drawdown|deep_drawdown_rel_xbi,XS,ineligible,financial_score:-30.6;clinical_score:+25.5;smart_money_score:+15.1,tier=D;reason=ineligible;cat_days=NA;strength=missing;decay_w=0.0,v1.3.0,31f399e0,0,deep_drawdown,0,,"{""burn_ttm"": 64371000.0, ""cash_total"": 121135000.0, ""dilution_risk"": null, ""has_revenue"": null, ""lead_phase"": null, ""runway_months"": 22.581908002050614, ""stage_bucket"": ""early"", ""surv_score"": ""0.0"", ""tier1_count"": 1}",early|none|pos,-0.1,,-0.062,0,1,0.841,0.7676,1,1,buying,-0.7434,elite_1,0.0,0.0,0.0,,,0.0,0,0,0,True,False,True,missing,0.0,adequate,<=1000bps,775.44,0.85,1,0,1.0,0,1.0,0,,False,no_upcoming,-0.3157,price_history,,1,1.5786,price_history,,-0.604566,,36.2246,0.8424,-0.272516,-0.33205,early,small,sev1,drug_developer,morningstar,,,,0,0.7473850512094138156461102637,29.54,41.25000000000000000000000000,55.5,34.12,65.92592592592592592592592593,9.798717636555474393312231148,65.4118,0.9108,1.0,936,5,1.0,0.0002,0,0,0.0,0.4,0.85,oncology,0.7247,highly_crowded,1.0,250,-0.1,0.040385,-1.7462,26.70,0.571154,0.1793
IRON,"Disc Medicine, Inc.",,,D,ineligible,D,ineligible,,0.925,,0,0.25,1,0.75,,0,no_upcoming,9,headwind,deep_drawdown|deep_drawdown_rel_xbi,XS,ineligible,momentum_score:-28.6;smart_money_score:+20.8;catalyst_score:-17.9,tier=D;reason=ineligible;cat_days=NA;strength=missing;decay_w=0.0,v1.3.0,31f399e0,0,deep_drawdown,0,,"{""burn_ttm"": 180393000.0, ""cash_total"": 791152000.0, ""dilution_risk"": null, ""has_revenue"": null, ""lead_phase"": null, ""runway_months"": 52.62856097520414, ""stage_bucket"": ""early"", ""surv_score"": ""5.0"", ""tier1_count"": 8}",early|none|pos,-0.1,,-1.1396,230,1,0.888,0.8178,8,8,buying,1.979,elite_8,0.0,0.0,0.0,,,0.0,0,0,0,True,False,True,missing,0.0,adequate,<=1000bps,463.13,0.85,1,0,1.0,0,1.0,0,,False,no_upcoming,-0.051144,price_history,,8,1.3231,price_history,,-0.81,,37.9477,0.4392,-0.272516,-0.537484,early,mid,none,drug_developer,morningstar,,,,0,0.8106080095823351734194354755,30.61,41.25000000000000000000000000,80.0,50,67.03703703703703703703703704,77.000,66.1729,0.943,1.0,230,1,0.0,0.0368,0,0,0.0,0.4,0.5,other,-0.453,uncrowded,1.0,241,-0.1,0.075,-1.4395,59.26,0.994231,2.526
TRVI,"Trevi Therapeutics, Inc.",,,D,ineligible,D,ineligible,,0.775,,0,0.065385,1,0.934615,,0,no_upcoming,9,headwind,deep_drawdown|deep_drawdown_rel_xbi,XS,ineligible,momentum_score:-30.7;clinical_score:+22.4;smart_money_score:+16.9,tier=D;reason=ineligible;cat_days=NA;strength=missing;decay_w=0.0,v1.3.0,31f399e0,0,deep_drawdown,0,,"{""burn_ttm"": 34458000.0, ""cash_total"": 194927000.0, ""dilution_risk"": null, ""has_revenue"": null, ""lead_phase"": null, ""runway_months"": 67.88333623541703, ""stage_bucket"": ""mid"", ""surv_score"": ""5.0"", ""tier1_count"": 4}",mid|none|pos,-0.0005933841807909605,,0.4604,0,1,1.3087,1.2681,4,4,buying,0.4233,elite_4,0.0,0.0,0.0,,,0.0,0,0,0,True,False,True,missing,0.0,adequate,<=1000bps,718.24,0.85,1,0,1.0,0,1.0,0,,False,no_upcoming,-0.351143,price_history,,4,0.764,price_history,,-0.678873,,40.9859,0.6685,-0.272516,-0.406357,mid,small,none,drug_developer,morningstar,,,,0,0.8441542319749216300940438871,23.91,41.25000000000000000000000000,71.5,46.97,77.000,59.18367346938775510204081633,76.519,1.3807,2.0,179,5,1.0,0.4203,0,1,0.0,0.4,0.5,respiratory,-0.453,uncrowded,1.0,202,-0.0005933841807909605,0.225,-0.7554,53.10,0.982692,2.1128
NGNE,Neurogene Inc.,,,D,ineligible,D,ineligible,,0.948077,,0,0.35,1,0.65,,0,no_upcoming,9,headwind,deep_drawdown|deep_drawdown_rel_xbi,XS,ineligible,smart_money_score:+27.4;momentum_score:-20.3;catalyst_score:-16.4,tier=D;reason=ineligible;cat_days=NA;strength=missing;decay_w=0.0,v1.3.0,31f399e0,0,deep_drawdown,0,,"{""burn_ttm"": 59744000.0, ""cash_total"": 265410000.0, ""dilution_risk"": null, ""has_revenue"": null, ""lead_phase"": null, ""runway_months"": 53.30945366898768, ""stage_bucket"": ""early"", ""surv_score"": ""5.0"", ""tier1_count"": 8}",early|none|pos,-0.1,,-1.2534,398,1,0.6221,0.5332,8,8,buying,1.979,elite_8,0.0,0.0,0.0,,,0.0,0,0,0,True,False,True,missing,0.0,adequate,<=2000bps,1586.17,0.7,1,0,1.0,0,1.0,0,,False,no_upcoming,-0.055097,price_history,,8,1.5578,price_history,,-0.598226,,39.1172,0.823,-0.272516,-0.32571,early,small,none,drug_developer,morningstar,,,,0,0.7881479071784862285838212969,37.32,41.25000000000000000000000000,85,65.88,60.74074074074074074074074074,63.78378378378378378378378378,59.2457,0.65,1.0,398,4,0.0,0.0091,0,0,0.0,0.3,0.65,rare_disease,0.7247,highly_crowded,1.0,247,-0.1,0.051923,-1.6265,43.18,0.844231,1.012
EDIT,"Editas Medicine, Inc.",,,D,ineligible,D,ineligible,,0.905769,,0,0.288462,1,0.711538,,0,no_upcoming,9,headwind,high_beta|deep_drawdown|deep_drawdown_rel_xbi,XS,ineligible,financial_score:-24.8;clinical_score:+24.5;catalyst_score:+2.0,tier=D;reason=ineligible;cat_days=NA;strength=missing;decay_w=0.0,v1.3.0,31f399e0,0,deep_drawdown,0,,"{""burn_ttm"": 128854000.0, ""cash_total"": 165648000.0, ""dilution_risk"": null, ""has_revenue"": null, ""lead_phase"": null, ""runway_months"": 14.22828421495472, ""stage_bucket"": ""early"", ""surv_score"": ""0.0"", ""tier1_count"": 0}",early|none|pos,-0.1,,-1.2533,1288,1,0.7472,0.6671,0,0,neutral,-1.1323,,0.0,0.0,0.0,,,0.0,0,0,0,True,False,True,missing,0.0,short,<=2000bps,1626.3,0.7,1,0,1.0,0,1.0,0,,False,no_upcoming,-0.482956,price_history,,0,2.0454,price_history,,-0.581585,,42.3567,0.8096,-0.272516,-0.309069,early,micro,sev2,drug_developer,morningstar,,,,0,0.7271273741817791608541689022,37.49,41.25000000000000000000000000,,71.18,63.70370370370370370370370370,14.38212332130942098934782977,62.0303,0.7678,1.0,1288,3,0.6667,0.0,0,0,0.0,0.3,0.55,ophthalmology,0.7247,highly_crowded,1.0,236,-0.1,0.094231,-1.3151,11.85,0.094231,-1.3151
NKTX,"Nkarta, Inc.",,,D,ineligible,D,ineligible,,0.951923,,0,0.380769,1,0.619231,,0,no_upcoming,9,headwind,deep_drawdown|deep_drawdown_rel_xbi,XS,ineligible,momentum_score:-25.9;financial_score:+15.8;smart_money_score:+14.2,tier=D;reason=ineligible;cat_days=NA;strength=missing;decay_w=0.0,v1.3.0,31f399e0,0,deep_drawdown,0,,"{""burn_ttm"": 67052000.0, ""cash_total"": 282331000.0, ""dilution_risk"": null, ""has_revenue"": null, ""lead_phase"": null, ""runway_months"": 50.52753087156237, ""stage_bucket"": ""early"", ""surv_score"": ""5.0"", ""tier1_count"": 3}",early|none|pos,-0.1,,-1.2781,1055,1,0.5595,0.4663,3,3,buying,0.0344,elite_3,0.0,0.0,0.0,,,0.0,0,0,0,True,False,True,missing,0.0,adequate,>2000bps,2020.0,0.55,1,0,1.0,0,1.0,0,,False,no_upcoming,-0.519688,price_history,,3,1.6554,price_history,,-0.741603,,51.6216,,-0.272516,-0.469087,early,micro,none,drug_developer,morningstar,,,,0,0.7691021479958890030832476876,26.44,41.25000000000000000000000000,66.5,50,59.25925925925925925925925926,68.14814814814814814814814815,58.2858,0.6094,1.0,1055,2,0.3333,0.0,0,0,0.0,0.3,0.85,oncology,0.7247,highly_crowded,1.0,248,-0.1,0.048077,-1.6638,46.72,0.901923,1.2926
SRRK,Scholar Rock Holding Corporatio,,,D,ineligible,D,ineligible,,0.771154,,0,0.165385,1,0.834615,,0,no_upcoming,9,tailwind,deep_drawdown|overbought_rsi,XS,ineligible,financial_score:-41.5;clinical_score:+23.2;smart_money_score:+19.8,tier=D;reason=ineligible;cat_days=NA;strength=missing;decay_w=0.0,v1.3.0,31f399e0,0,financials_missing,1,"cash_runway_lt_6m,survivability_critical","{""burn_ttm"": 0.0, ""cash_total"": 0.0, ""dilution_risk"": null, ""has_revenue"": null, ""lead_phase"": null, ""runway_months"": 0.0, ""stage_bucket"": ""mid"", ""surv_score"": ""-5.0"", ""tier1_count"": 7}",mid|none|pos,-0.0005933841807909605,,-0.7206,1249,1,1.0734,1.0163,7,7,buying,1.5901,elite_7,0.0,0.0,0.0,,,0.0,0,0,0,True,False,True,missing,0.0,critical,<=1000bps,460.05,0.85,1,0,1.0,0,1.0,0,,False,no_upcoming,-0.132225,price_history,,7,0.9736,price_history,,-0.482799,,72.8727,0.7098,-0.272516,-0.210283,mid,unknown,sev2,drug_developer,morningstar,,,,0,0.7305631089985956573403910554,53.83,41.25000000000000000000000000,68.0,50,71.42857142857142857142857143,6.734693877551020408163265306,70.4551,1.1242,2.0,838,2,0.3333,0.0009,0,0,0.0,0.3,0.75,rare_disease,0.7247,highly_crowded,1.0,201,-0.0005933841807909605,0.228846,-0.7427,21.49,0.425,-0.1891
ABVX,Abivax SA,,,D,ineligible,D,ineligible,,0.686538,,0,0.080769,1,0.919231,595,0,specific_days,9,neutral,drawdown_data_missing,XS,ineligible,financial_score:-46.0;smart_money_score:+32.3;clinical_score:+23.6,tier=D;reason=ineligible;cat_days=595;strength=far;decay_w=0.3,v1.3.0,31f399e0,0,financials_missing,1,"cash_runway_lt_6m,survivability_critical","{""burn_ttm"": 0.0, ""cash_total"": 0.0, ""dilution_risk"": null, ""has_revenue"": null, ""lead_phase"": null, ""runway_months"": 0.0, ""stage_bucket"": ""mid"", ""surv_score"": ""-5.0"", ""tier1_count"": 8}",mid|far_271_540|pos,-0.00027457627118644066,,0.4598,0,1,1.2802,1.2376,8,8,buying,1.979,elite_8,0.0,0.0,0.0,,,0.0,0,0,0,True,False,True,far,0.3,critical,<=400bps,240.42,1.0,0,0,1.0,0,1.0,0,595,False,specific_days,,,beta_missing:series_too_short,8,,,series_too_short,,no_price_series,,0.7549,-0.272516,,mid,unknown,sev2,drug_developer,morningstar,,,drawdown,1,0.7437349785407725321888412017,50,45.56250000000000000000000000,85,50,76.32653061224489795918367347,6.734693877551020408163265306,75.4272,1.3345,2.0,98,9,1.0,0.3667,0,0,0.0,0.4,0.55,infectious_disease,0.7247,highly_crowded,1.0,179,-0.00027457627118644066,0.313462,-0.4861,18.08,0.340385,-0.4114
CMPX,"Compass Therapeutics, Inc.",,,D,ineligible,D,ineligible,,0.890385,,0,0.365385,1,0.634615,,0,no_upcoming,9,neutral,deep_drawdown|deep_drawdown_rel_xbi,XS,ineligible,clinical_score:+9.9;catalyst_score:-8.9;momentum_score:-3.3,tier=D;reason=ineligible;cat_days=NA;strength=missing;decay_w=0.0,v1.3.0,31f399e0,0,deep_drawdown,0,,"{""burn_ttm"": 35889000.0, ""cash_total"": 219895000.0, ""dilution_risk"": null, ""has_revenue"": null, ""lead_phase"": null, ""runway_months"": 73.5250355262058, ""stage_bucket"": ""early"", ""surv_score"": ""5.0"", ""tier1_count"": 0}",early|none|pos,-0.1,,-1.2746,787,1,0.5908,0.4997,0,0,neutral,-1.1323,,0.0,0.0,0.0,,,0.0,0,0,0,True,False,True,missing,0.0,adequate,<=1000bps,913.08,0.85,1,0,1.0,0,1.0,0,,False,no_upcoming,-0.018704,price_history,,0,0.4988,price_history,,-0.596591,,53.3582,,-0.272516,-0.324075,early,small,none,drug_developer,morningstar,,,,0,0.7896149055428690056051484326,46.88,41.25000000000000000000000000,,50,60.00000000000000000000000000,52.43243243243243243243243243,59.0266,0.6407,1.0,787,2,0.3333,0.0004,0,0,0.0,0.3,0.85,oncology,0.7247,highly_crowded,1.0,232,-0.1,0.109615,-1.2286,46.77,0.905769,1.3151
TSHA,"Taysha Gene Therapies, Inc.",,,D,ineligible,D,ineligible,,0.998077,,0,0.519231,1,0.480769,,0,no_upcoming,9,headwind,deep_drawdown|deep_drawdown_rel_xbi,XS,ineligible,smart_money_score:+31.0;momentum_score:-19.9;catalyst_score:-12.8,tier=D;reason=ineligible;cat_days=NA;strength=missing;decay_w=0.0,v1.3.0,31f399e0,0,deep_drawdown,0,,"{""burn_ttm"": 66368000.0, ""cash_total"": 297344000.0, ""dilution_risk"": null, ""has_revenue"": null, ""lead_phase"": null, ""runway_months"": 53.76277724204436, ""stage_bucket"": ""early"", ""surv_score"": ""5.0"", ""tier1_count"": 9}",early|none|pos,-0.1,,-1.3096,1946,1,0.1998,0.0813,9,9,buying,2.3679,elite_9,0.0,0.0,0.0,,,0.0,0,0,0,True,False,True,missing,0.0,adequate,<=1000bps,881.38,0.85,1,0,1.0,0,1.0,0,,False,no_upcoming,-0.165917,price_history,,9,1.2556,price_history,,-0.529449,,35.6526,0.7836,-0.272516,-0.256933,early,small,none,drug_developer,morningstar,,,,0,0.7466463099058068522927233206,34.15,41.25000000000000000000000000,85,50,50.74074074074074074074074074,58.91891891891891891891891892,49.4173,0.2342,1.0,1946,1,0.0,0.0,0,0,0.0,0.3,0.5,other,-1.1596,uncrowded,1.0,260,-0.1,0.001923,-2.8905,40.92,0.817308,0.9052
PHVS,Pharvaris N.V.,,,D,ineligible,D,ineligible,,0.736538,,0,0.219231,1,0.780769,,0,no_upcoming,9,headwind,deep_drawdown|deep_drawdown_rel_xbi,XS,ineligible,financial_score:-42.6;smart_money_score:+35.7;clinical_score:+19.6,tier=D;reason=ineligible;cat_days=NA;strength=missing;decay_w=0.0,v1.3.0,31f399e0,0,financials_missing|deep_drawdown,1,"cash_runway_lt_6m,survivability_critical","{""burn_ttm"": 0.0, ""cash_total"": 0.0, ""dilution_risk"": null, ""has_revenue"": null, ""lead_phase"": null, ""runway_months"": 0.0, ""stage_bucket"": ""mid"", ""surv_score"": ""-5.0"", ""tier1_count"": 9}",mid|none|pos,-0.0005933841807909605,,-0.6903,315,1,0.97,0.9056,9,9,buying,2.3679,elite_9,0.0,0.0,0.0,,,0.0,0,0,0,True,False,True,missing,0.0,critical,<=2000bps,1159.38,0.7,1,0,1.0,0,1.0,0,,False,no_upcoming,-0.04485,price_history,,9,0.269,price_history,,-0.587634,,51.6957,0.7535,-0.272516,-0.315118,mid,unknown,sev2,drug_developer,morningstar,,,,0,0.7120752970403974940591920501,44.72,41.25000000000000000000000000,85,50,68.97959183673469387755102041,6.734693877551020408163265306,67.7655,1.0104,2.0,315,1,0.0,0.0725,0,0,0.0,0.4,0.5,other,0.7247,highly_crowded,1.0,192,-0.0005933841807909605,0.263462,-0.6327,21.57,0.436538,-0.1598
PRAX,"Praxis Precision Medicines, Inc",,,D,ineligible,D,ineligible,,0.740385,,0,0.234615,1,0.765385,,0,no_upcoming,9,tailwind,deep_drawdown|deep_drawdown_rel_xbi,XS,ineligible,catalyst_score:-17.7;smart_money_score:+12.1;clinical_score:+8.8,tier=D;reason=ineligible;cat_days=NA;strength=missing;decay_w=0.0,v1.3.0,31f399e0,0,deep_drawdown,0,,"{""burn_ttm"": 249068000.0, ""cash_total"": 599331000.0, ""dilution_risk"": null, ""has_revenue"": null, ""lead_phase"": null, ""runway_months"": 28.875535998201293, ""stage_bucket"": ""mid"", ""surv_score"": ""5.0"", ""tier1_count"": 8}",mid|none|pos,-0.0005933841807909605,,-0.4576,132,1,0.9183,0.8502,8,8,buying,1.979,elite_8,0.0,0.0,0.0,,,0.0,0,0,0,True,False,True,missing,0.0,adequate,<=400bps,221.16,1.0,0,0,1.0,0,1.0,0,,False,no_upcoming,0.119532,price_history,,8,1.5476,price_history,,-0.662458,,45.697,0.9863,-0.272516,-0.389942,mid,mid,none,drug_developer,morningstar,,,,0,0.7792337781868384721583064887,59.06,41.25000000000000000000000000,71.0,10.00,67.75510204081632653061224490,55.51020408163265306122448980,67.306,0.991,2.0,132,2,0.3333,0.72,0,2,0.0,0.4,0.5,other,0.7247,highly_crowded,1.0,193,-0.0005933841807909605,0.259615,-0.6445,35.83,0.740385,0.6445
CGEM,"Cullinan Therapeutics, Inc.",,,D,ineligible,D,ineligible,,0.886538,,0,0.480769,1,0.519231,,0,no_upcoming,9,headwind,deep_drawdown|deep_drawdown_rel_xbi,XS,ineligible,momentum_score:-13.1;financial_score:+9.7;clinical_score:+6.6,tier=D;reason=ineligible;cat_days=NA;strength=missing;decay_w=0.0,v1.3.0,31f399e0,0,deep_drawdown,0,,"{""burn_ttm"": 137641000.0, ""cash_total"": 332596000.0, ""dilution_risk"": null, ""has_revenue"": null, ""lead_phase"": null, ""runway_months"": 28.996825073924192, ""stage_bucket"": ""early"", ""surv_score"": ""5.0"", ""tier1_count"": 4}",early|none|pos,-0.1,,-1.3068,1541,1,0.278,0.165,4,4,selling,0.4233,elite_4,0.0,0.0,0.0,,,0.0,0,0,0,True,False,True,missing,0.0,adequate,<=1000bps,848.87,0.85,1,0,1.0,0,1.0,0,,False,no_upcoming,-0.265637,price_history,,4,0.9753,price_history,,-0.603706,,38.8821,1.1117,-0.272516,-0.33119,early,small,none,drug_developer,morningstar,,,,0,0.7779877918974693168241555338,32.87,41.25000000000000000000000000,47.5,23.53,52.59259259259259259259259259,55.67567567567567567567567568,51.6191,0.3273,1.0,1541,3,0.6667,0.0,0,0,0.0,0.3,0.85,oncology,0.7247,highly_crowded,1.0,231,-0.1,0.113462,-1.2083,37.24,0.759615,0.7051
IMMP,Immutep Limited,,,D,ineligible,D,ineligible,,0.717308,,0,0.357692,1,0.642308,,0,no_upcoming,9,tailwind,,XS,ineligible,financial_score:-35.5;clinical_score:+18.2;momentum_score:+18.2,tier=D;reason=ineligible;cat_days=NA;strength=missing;decay_w=0.0,v1.3.0,31f399e0,0,financials_missing,1,"cash_runway_lt_6m,survivability_critical","{""burn_ttm"": 0.0, ""cash_total"": 0.0, ""dilution_risk"": null, ""has_revenue"": null, ""lead_phase"": null, ""runway_months"": 0.0, ""stage_bucket"": ""mid"", ""surv_score"": ""-5.0"", ""tier1_count"": 0}",mid|none|pos,-0.0005933841807909605,,0.4343,0,1,0.608,0.5182,0,0,neutral,-1.1323,,0.0,0.0,0.0,,,0.0,0,0,0,True,False,True,missing,0.0,critical,>2000bps,2020.0,0.55,1,0,1.0,0,1.0,0,,False,no_upcoming,0.296704,price_history,,0,0.8082,price_history,,-0.247803,,50.5812,0.7295,-0.272516,0.024713,mid,unknown,sev2,drug_developer,morningstar,,,,0,0.7435914475837242282098832770,60.39,41.25000000000000000000000000,,50,60.40816326530612244897959184,6.734693877551020408163265306,60.5063,0.7033,2.0,202,10,1.0,0.1866,0,0,0.0833,0.5,0.95,oncology,0.7247,highly_crowded,1.0,187,-0.0005933841807909605,0.282692,-0.5749,15.76,0.221154,-0.7683
TBPH,"Theravance Biopharma, Inc.",,,D,ineligible,D,ineligible,,0.475,,0,0.057692,1,0.942308,,0,no_upcoming,9,headwind,deep_drawdown|deep_drawdown_rel_xbi,XS,ineligible,clinical_score:+28.4;momentum_score:-25.8;catalyst_score:-7.4,tier=D;reason=ineligible;cat_days=NA;strength=missing;decay_w=0.0,v1.3.0,31f399e0,0,deep_drawdown,0,,"{""burn_ttm"": 0.0, ""cash_total"": 174773000.0, ""dilution_risk"": null, ""has_revenue"": null, ""lead_phase"": null, ""runway_months"": null, ""stage_bucket"": ""late"", ""surv_score"": ""3.0"", ""tier1_count"": 1}",late|none|pos,0.01745745864661654,,1.1747,0,1,1.3087,1.2681,1,1,buying,-0.7434,elite_1,0.0,0.0,0.0,,,0.0,0,0,0,True,False,True,missing,0.0,adequate,<=2000bps,1103.1,0.7,1,0,1.0,0,1.0,0,,False,no_upcoming,-0.428419,price_history,,1,0.5485,price_history,,-0.634906,,49.5973,0.5264,-0.272516,-0.36239,late,small,none,drug_developer,morningstar,,,,0,0.9,22.82,41.25000000000000000000000000,55.5,90.00,77.000,46.50903498654363706266820454,77.6315,1.4278,3.0,0,43,1.0,2.3966,3,2,0.0,0.9,0.5,respiratory,0.7247,highly_crowded,1.0,124,0.01745745864661654,0.525,0.0627,46.41,0.882692,1.1886
PRQR,ProQR Therapeutics N.V.,,,D,ineligible,D,ineligible,,0.840385,,0,0.534615,1,0.465385,,0,no_upcoming,9,tailwind,,XS,ineligible,financial_score:-36.7;momentum_score:+21.5;smart_money_score:+12.0,tier=D;reason=ineligible;cat_days=NA;strength=missing;decay_w=0.0,v1.3.0,31f399e0,0,financials_missing,1,"cash_runway_lt_6m,survivability_critical","{""burn_ttm"": 0.0, ""cash_total"": 0.0, ""dilution_risk"": null, ""has_revenue"": null, ""lead_phase"": null, ""runway_months"": 0.0, ""stage_bucket"": ""mid"", ""surv_score"": ""-5.0"", ""tier1_count"": 1}",mid|none|nonpos,-0.025323375,,0.4224,0,1,0.117,-0.0073,1,1,buying,-0.7434,elite_1,0.0,0.0,0.0,,,0.0,0,0,0,True,False,True,missing,0.0,critical,>2000bps,2036.0,0.55,1,0,1.0,0,1.0,0,,False,no_upcoming,0.322264,price_history,,1,0.8441,price_history,,-0.154013,,48.1549,,-0.272516,0.118503,mid,unknown,sev2,drug_developer,morningstar,,,,0,0.7467380601861874864689326694,64.99,41.25000000000000000000000000,55.5,50,48.78013790550233698921745569,6.734693877551020408163265306,48.8121,0.2086,2.0,80,5,1.0,0.6309,1,1,0.0,0.5,0.55,ophthalmology,0.7247,highly_crowded,1.0,219,-0.025323375,0.159615,-0.996,16.18,0.251923,-0.6685
WVE,Wave Life Sciences Ltd.,,,D,ineligible,D,ineligible,,0.863462,,0,0.811538,1,0.188462,,0,no_upcoming,9,headwind,high_vol|deep_drawdown|deep_drawdown_rel_xbi,XS,ineligible,clinical_score:-30.9;smart_money_score:+30.2;financial_score:+21.6,tier=D;reason=ineligible;cat_days=NA;strength=missing;decay_w=0.0,v1.3.0,31f399e0,0,deep_drawdown,0,,"{""burn_ttm"": 187493000.0, ""cash_total"": 602068000.0, ""dilution_risk"": null, ""has_revenue"": null, ""lead_phase"": null, ""runway_months"": 38.533790594848874, ""stage_bucket"": ""mid"", ""surv_score"": ""5.0"", ""tier1_count"": 5}",mid|none|nonpos,-0.025323375,,0.3768,0,1,-1.2466,-1.4668,5,5,buying,0.8122,elite_5,0.0,0.0,0.0,,,0.0,0,0,0,True,False,True,missing,0.0,adequate,<=400bps,327.67,1.0,0,0,1.0,0,1.0,0,,False,no_upcoming,-0.243561,price_history,,5,1.1222,price_history,,-0.61199,,45.3105,3.1359,-0.272516,-0.339474,mid,mid,none,drug_developer,morningstar,,,,0,0.7964720782959124928036845135,32.53,41.25000000000000000000000000,77.5,37.88,16.48803739182747929103614235,68.97959183673469387755102041,15.9739,-1.1806,2.0,,7,1.0,0.0019,0,0,0.0,0.4,0.75,rare_disease,0.7247,highly_crowded,1.0,225,-0.025323375,0.136538,-1.096,22.09,0.463462,-0.0917
EPRX,Eupraxia Pharmaceuticals Inc.,,,D,ineligible,D,ineligible,,0.709615,,0,0.411538,1,0.588462,,0,no_upcoming,9,neutral,overbought_rsi,XS,ineligible,financial_score:-37.5;smart_money_score:+22.3;clinical_score:+12.5,tier=D;reason=ineligible;cat_days=NA;strength=missing;decay_w=0.0,v1.3.0,31f399e0,0,financials_missing,1,"cash_runway_lt_6m,survivability_critical","{""burn_ttm"": 0.0, ""cash_total"": 0.0, ""dilution_risk"": null, ""has_revenue"": null, ""lead_phase"": null, ""runway_months"": 0.0, ""stage_bucket"": ""mid"", ""surv_score"": ""-5.0"", ""tier1_count"": 3}",mid|none|pos,-0.0005933841807909605,,0.4304,0,1,0.4529,0.3522,3,3,buying,0.0344,elite_3,0.0,0.0,0.0,,,0.0,0,0,0,True,False,True,missing,0.0,critical,>2000bps,2020.0,0.55,1,0,1.0,0,1.0,0,,False,no_upcoming,,,beta_missing:series_too_short,3,0.8122,,series_too_short,-0.0272,,82.0755,0.6009,-0.272516,0.245316,mid,unknown,sev2,drug_developer,morningstar,,,,0,0.7231718598904050714515955732,50,41.25000000000000000000000000,66.5,50,56.73469387755102040816326531,6.734693877551020408163265306,55.0613,0.473,2.0,551,1,0.0,0.0101,0,0,0.0,0.3,0.6,autoimmune,0.7247,crowded,1.0,185,-0.0005933841807909605,0.290385,-0.5523,18.01,0.336538,-0.4219
LENZ,"LENZ Therapeutics, Inc.",,,D,ineligible,D,ineligible,,0.728846,,0,0.465385,1,0.534615,,0,no_upcoming,9,headwind,drawdown_data_missing,XS,ineligible,smart_money_score:+31.7;financial_score:-27.7;momentum_score:-13.8,tier=D;reason=ineligible;cat_days=NA;strength=missing;decay_w=0.0,v1.3.0,31f399e0,0,fundamental_red_flag,1,survivability_critical,"{""burn_ttm"": 36145000.0, ""cash_total"": 25399000.0, ""dilution_risk"": null, ""has_revenue"": null, ""lead_phase"": null, ""runway_months"": 8.432369622354406, ""stage_bucket"": ""mid"", ""surv_score"": ""-5.0"", ""tier1_count"": 6}",mid|none|pos,-0.0005933841807909605,,0.4275,0,1,0.2978,0.1861,6,6,buying,1.2011,elite_6,0.0,0.0,0.0,,,0.0,0,0,0,True,False,True,missing,0.0,short,<=1000bps,831.52,0.85,1,0,1.0,0,1.0,0,,False,no_upcoming,-0.41459,price_history,,6,1.2646,price_history,,,series_too_short,40.1113,1.0281,-0.272516,,mid,small,sev2,drug_developer,morningstar,,,drawdown,1,0.7555570766638584667228306655,28.48,41.25000000000000000000000000,74.0,50,53.06122448979591836734693878,14.63140358184089962515618492,52.1971,0.3518,2.0,,2,0.3333,0.0,0,0,0.0,0.4,0.5,other,-2.8084,uncrowded,1.0,190,-0.0005933841807909605,0.271154,-0.6093,16.68,0.275,-0.5978
ACIU,AC Immune SA,,,D,ineligible,D,ineligible,,0.690385,,0,0.426923,1,0.573077,871,0,specific_days,9,headwind,,XS,ineligible,financial_score:-31.4;clinical_score:+17.4;catalyst_score:+7.5,tier=D;reason=ineligible;cat_days=871;strength=far;decay_w=0.3,v1.3.0,31f399e0,0,financials_missing,1,"cash_runway_lt_6m,survivability_critical","{""burn_ttm"": 0.0, ""cash_total"": 0.0, ""dilution_risk"": null, ""has_revenue"": null, ""lead_phase"": null, ""runway_months"": 0.0, ""stage_bucket"": ""mid"", ""surv_score"": ""-5.0"", ""tier1_count"": 0}",mid|far_271_540|pos,-0.00027457627118644066,,-0.7401,662,1,0.4012,0.2968,0,0,neutral,-1.1323,,0.0,0.0,0.0,,,0.0,0,0,0,True,False,True,far,0.3,critical,>2000bps,2020.0,0.55,1,0,1.0,0,1.0,0,871,False,specific_days,-0.129134,price_history,,0,1.015,price_history,,-0.341518,,36.8308,0.7916,-0.272516,-0.069002,mid,unknown,sev2,drug_developer,morningstar,,,,0,0.7305621314697532212273422145,44.63,45.56250000000000000000000000,,50,55.51020408163265306122448980,6.734693877551020408163265306,54.2961,0.4406,2.0,871,3,0.6667,0.0017,0,0,0.0,0.4,0.6,cns,0.7247,highly_crowded,1.0,180,-0.00027457627118644066,0.309615,-0.4969,16.84,0.282692,-0.5749
IMVT,"Immunovant, Inc.",,,D,ineligible,D,ineligible,,0.821154,,0,0.803846,1,0.196154,,0,no_upcoming,9,headwind,deep_drawdown|deep_drawdown_rel_xbi,XS,ineligible,clinical_score:-27.7;financial_score:+20.5;smart_money_score:+15.9,tier=D;reason=ineligible;cat_days=NA;strength=missing;decay_w=0.0,v1.3.0,31f399e0,0,deep_drawdown,0,,"{""burn_ttm"": 312251000.0, ""cash_total"": 994525000.0, ""dilution_risk"": null, ""has_revenue"": null, ""lead_phase"": null, ""runway_months"": 38.220213866408756, ""stage_bucket"": ""mid"", ""surv_score"": ""3.0"", ""tier1_count"": 6}",mid|none|nonpos,-0.025323375,,-0.7927,,0,-1.1667,-1.3812,6,6,selling,1.2011,elite_6,0.0,0.0,0.0,,,0.0,0,0,0,True,False,True,missing,0.0,adequate,<=1000bps,478.91,0.85,1,0,1.0,0,1.0,0,,False,no_upcoming,0.09124,price_history,,6,1.137,price_history,,-0.837792,,48.8564,0.5723,-0.272516,-0.565276,mid,mid,none,drug_developer,morningstar,,,,0,0.8549991089787525702535983550,42.20,41.25000000000000000000000000,62.0,10.00,18.38169281317969364616594938,66.53061224489795918367346939,17.2157,-1.1281,2.0,,3,0.6667,0.0,0,0,0.0,0.4,0.6,autoimmune,0.2537,moderate,1.0,214,-0.025323375,0.178846,-0.9198,30.84,0.625,0.3186
FATE,"Fate Therapeutics, Inc.",,,D,ineligible,D,ineligible,,0.813462,,0,0.703846,1,0.296154,,0,no_upcoming,9,headwind,deep_drawdown|deep_drawdown_rel_xbi,XS,ineligible,financial_score:+20.0;momentum_score:-18.5;smart_money_score:+15.2,tier=D;reason=ineligible;cat_days=NA;strength=missing;decay_w=0.0,v1.3.0,31f399e0,0,deep_drawdown,0,,"{""burn_ttm"": 106084000.0, ""cash_total"": 203657000.0, ""dilution_risk"": null, ""has_revenue"": null, ""lead_phase"": null, ""runway_months"": 23.037253497228612, ""stage_bucket"": ""mid"", ""surv_score"": ""4.0"", ""tier1_count"": 2}",mid|none|nonpos,-0.025323375,,0.393,0,1,-0.5631,-0.7353,2,2,buying,-0.3545,elite_2,0.0,0.0,0.0,,,0.0,0,0,0,True,False,True,missing,0.0,adequate,>2000bps,2020.0,0.55,1,0,1.0,0,1.0,0,,False,no_upcoming,-0.425316,price_history,,2,1.1724,price_history,,-0.524276,,40.9344,0.8890,-0.272516,-0.25176,mid,micro,none,drug_developer,morningstar,,,,0,0.7794034090909090909090909091,26.75,41.25000000000000000000000000,60.5,90.00,32.67388588088296543107038733,65.30612244897959183673469388,32.0504,-0.5005,2.0,,14,1.0,0.0172,0,0,0.0,0.3,0.95,oncology,-0.453,uncrowded,1.0,212,-0.025323375,0.186538,-0.8907,25.19,0.532692,0.082
ELDN,"Eledon Pharmaceuticals, Inc.",,,D,ineligible,D,ineligible,,0.809615,,0,0.903846,1,0.096154,,0,no_upcoming,9,headwind,deep_drawdown|deep_drawdown_rel_xbi,XS,ineligible,clinical_score:-28.7;financial_score:+15.1;smart_money_score:+14.5,tier=D;reason=ineligible;cat_days=NA;strength=missing;decay_w=0.0,v1.3.0,31f399e0,0,deep_drawdown,0,,"{""burn_ttm"": 48250000.0, ""cash_total"": 93401000.0, ""dilution_risk"": null, ""has_revenue"": null, ""lead_phase"": null, ""runway_months"": 23.229264248704663, ""stage_bucket"": ""mid"", ""surv_score"": ""4.0"", ""tier1_count"": 1}",mid|none|nonpos,-0.025323375,,-0.5259,132,1,-1.5508,-1.7924,1,1,neutral,-0.7434,elite_1,0.0,0.0,0.0,,,0.0,0,0,0,True,False,True,missing,0.0,adequate,>2000bps,2020.0,0.55,1,0,1.0,0,1.0,0,,False,no_upcoming,-0.153526,price_history,,1,0.6893,price_history,,-0.777778,,57.1646,,-0.272516,-0.505262,mid,micro,sev1,drug_developer,morningstar,,,,0,0.7169782989916703200350723367,33.87,41.25000000000000000000000000,52.5,71.21,9.283631820074968763015410244,53.06122448979591836734693878,8.2324,-1.5081,2.0,132,3,0.6667,0.3333,0,1,0.0,0.3,0.55,metabolic,-0.453,uncrowded,1.0,211,-0.025323375,0.190385,-0.8765,15.78,0.225,-0.7554
KALV,"KalVista Pharmaceuticals, Inc.",,,D,ineligible,D,ineligible,,0.725,,0,0.526923,1,0.473077,,0,no_upcoming,9,headwind,deep_drawdown|deep_drawdown_rel_xbi,XS,ineligible,smart_money_score:+7.3;momentum_score:-6.2;catalyst_score:-6.0,tier=D;reason=ineligible;cat_days=NA;strength=missing;decay_w=0.0,v1.3.0,31f399e0,0,deep_drawdown,0,,"{""burn_ttm"": 126985000.0, ""cash_total"": 243497000.0, ""dilution_risk"": null, ""has_revenue"": null, ""lead_phase"": null, ""runway_months"": 23.010308304130408, ""stage_bucket"": ""mid"", ""surv_score"": ""1.0"", ""tier1_count"": 2}",mid|none|pos,-0.0005933841807909605,,0.4229,0,1,0.1944,0.0755,2,2,selling,-0.3545,elite_2,0.0,0.0,0.0,,,0.0,0,0,0,True,False,True,missing,0.0,adequate,<=1000bps,753.69,0.85,1,0,1.0,0,1.0,0,,False,no_upcoming,-0.090866,price_history,,2,1.1796,price_history,,-0.584919,,48.1213,0.6376,-0.272516,-0.312403,mid,small,sev1,drug_developer,morningstar,,,,0,0.8473684906929804888988562458,41.02,41.25000000000000000000000000,54.5,50.00,50.61224489795918367346938775,48.78013790550233698921745569,49.3981,0.2334,2.0,349,3,0.6667,0.0546,0,0,0.0,0.4,0.55,ophthalmology,0.7247,highly_crowded,1.0,189,-0.0005933841807909605,0.275,-0.5978,35.35,0.717308,0.5749
VOR,Vor Biopharma Inc.,,,D,ineligible,D,ineligible,,0.675,,0,0.826923,1,0.173077,,0,no_upcoming,9,tailwind,high_vol|deep_drawdown|deep_drawdown_rel_xbi,XS,ineligible,momentum_score:+21.0;clinical_score:-19.2;financial_score:-7.8,tier=D;reason=ineligible;cat_days=NA;strength=missing;decay_w=0.0,v1.3.0,31f399e0,0,deep_drawdown,0,,"{""burn_ttm"": 119912000.0, ""cash_total"": 170462000.0, ""dilution_risk"": null, ""has_revenue"": null, ""lead_phase"": null, ""runway_months"": 17.05870972046167, ""stage_bucket"": ""early"", ""surv_score"": ""2.0"", ""tier1_count"": 0}",early|none|nonpos,0.008054876876876877,,-1.3742,1293,1,-1.2647,-1.4861,0,0,neutral,-1.1323,,0.0,0.0,0.0,,,0.0,0,0,0,True,False,True,missing,0.0,adequate,<=1000bps,610.22,0.85,1,0,1.0,0,1.0,0,,False,no_upcoming,0.234625,price_history,,0,1.0808,price_history,,-0.671783,,59.3605,1.6831,-0.272516,-0.399267,early,small,sev1,drug_developer,morningstar,,,,0,0.7087684626586228416892032453,56.24,41.25000000000000000000000000,,50,16.06072922488103100814577723,27.50182615047479912344777210,15.0873,-1.2181,1.0,1293,1,0.0,0.0,0,0,0.0,0.3,0.85,oncology,0.7247,highly_crowded,1.0,176,0.008054876876876877,0.325,-0.4538,10.13,0.075,-1.4395
OCUL,"Ocular Therapeutix, Inc.",,,D,ineligible,D,ineligible,,0.436538,,0,0.326923,1,0.673077,,0,no_upcoming,9,headwind,deep_drawdown|deep_drawdown_rel_xbi,XS,ineligible,momentum_score:-33.8;smart_money_score:+20.0;financial_score:+19.6,tier=D;reason=ineligible;cat_days=NA;strength=missing;decay_w=0.0,v1.3.0,31f399e0,0,deep_drawdown,0,,"{""burn_ttm"": 204883000.0, ""cash_total"": 737060000.0, ""dilution_risk"": null, ""has_revenue"": null, ""lead_phase"": null, ""runway_months"": 43.169613877188446, ""stage_bucket"": ""late"", ""surv_score"": ""5.0"", ""tier1_count"": 5}",late|none|pos,0.01745745864661654,,1.1539,0,1,0.6772,0.5923,5,5,buying,0.8122,elite_5,0.0,0.0,0.0,,,0.0,0,0,0,True,False,True,missing,0.0,adequate,<=1000bps,442.9,0.85,1,0,1.0,0,1.0,0,,False,no_upcoming,-0.35288,price_history,,5,1.0801,price_history,,-0.696296,,37.1629,0.7517,-0.272516,-0.42378,late,small,none,drug_developer,morningstar,,,,0,0.9,20.72,41.25000000000000000000000000,74.5,70.09,62.04724409448818897637795276,74.11764705882352941176470588,61.1831,0.7319,3.0,257,32,1.0,0.0139,0,0,0.0,0.4,0.55,ophthalmology,-0.453,uncrowded,1.0,114,0.01745745864661654,0.563462,0.1598,48.45,0.932692,1.4961
GLPG,Galapagos NV,,,D,ineligible,D,ineligible,,0.232692,,0,0.096154,1,0.903846,323,0,specific_days,9,headwind,deep_drawdown|deep_drawdown_rel_xbi,XS,ineligible,financial_score:-41.1;clinical_score:+29.4;smart_money_score:+20.4,tier=D;reason=ineligible;cat_days=323;strength=far;decay_w=0.3,v1.3.0,31f399e0,0,financials_missing|deep_drawdown,1,"cash_runway_lt_6m,survivability_critical","{""burn_ttm"": 0.0, ""cash_total"": 0.0, ""dilution_risk"": null, ""has_revenue"": null, ""lead_phase"": null, ""runway_months"": 0.0, ""stage_bucket"": ""late"", ""surv_score"": ""-5.0"", ""tier1_count"": 3}",late|far_271_540|pos,0.05258729032258065,,1.1747,0,1,1.2458,1.2008,3,3,buying,0.0344,elite_3,0.0,0.0,0.0,,,0.0,0,0,0,True,False,True,far,0.3,critical,<=2000bps,1708.51,0.7,1,0,1.0,0,1.0,0,323,False,specific_days,-0.112025,price_history,,3,0.714,price_history,,-0.584716,,46.3627,0.3097,-0.272516,-0.3122,late,unknown,sev2,drug_developer,morningstar,,,,0,0.8503525375606293623565598013,37.74,45.56250000000000000000000000,66.5,50,75.51181102362204724409448819,5,76.0348,1.3602,3.0,323,50,1.0,1.5032,4,1,0.0,0.4,0.6,autoimmune,0.7247,highly_crowded,1.0,61,0.05258729032258065,0.767308,0.73,21.81,0.451923,-0.1208
FDMT,"4D Molecular Therapeutics, Inc.",,,D,ineligible,D,ineligible,,0.567308,,0,0.55,1,0.45,,0,no_upcoming,9,headwind,deep_drawdown|deep_drawdown_rel_xbi,XS,ineligible,financial_score:+8.4;catalyst_score:-7.7;momentum_score:-6.4,tier=D;reason=ineligible;cat_days=NA;strength=missing;decay_w=0.0,v1.3.0,31f399e0,0,deep_drawdown,0,,"{""burn_ttm"": 137633000.0, ""cash_total"": 305063000.0, ""dilution_risk"": null, ""has_revenue"": null, ""lead_phase"": null, ""runway_months"": 26.597952525920384, ""stage_bucket"": ""early"", ""surv_score"": ""3.0"", ""tier1_count"": 1}",early|none|nonpos,0.008054876876876877,,-1.3118,1511,1,0.1062,-0.0189,1,1,neutral,-0.7434,elite_1,0.0,0.0,0.0,,,0.0,0,0,0,True,False,True,missing,0.0,adequate,<=2000bps,1082.73,0.7,1,0,1.0,0,1.0,0,,False,no_upcoming,-0.141052,price_history,,1,0.8427,price_history,,-0.525726,,40.5343,0.8446,-0.272516,-0.25321,early,small,none,drug_developer,morningstar,,,,0,0.7671369520287175024475144131,42.55,41.25000000000000000000000000,55.0,44.71,48.52529255364189063320293316,57.29729729729729729729729730,47.0784,0.1352,1.0,1511,4,1.0,0.0,0,0,0.0,0.3,0.65,rare_disease,0.2537,moderate,1.0,148,0.008054876876876877,0.432692,-0.1695,36.49,0.751923,0.6806
VYGR,"Voyager Therapeutics, Inc.",,,D,ineligible,D,ineligible,,0.278846,,0,0.180769,1,0.819231,1144,0,specific_days,9,headwind,deep_drawdown|deep_drawdown_rel_xbi,XS,ineligible,clinical_score:+16.5;catalyst_score:-8.3;momentum_score:-7.7,tier=D;reason=ineligible;cat_days=1144;strength=far;decay_w=0.3,v1.3.0,31f399e0,0,deep_drawdown,0,,"{""burn_ttm"": 102204000.0, ""cash_total"": 208930000.0, ""dilution_risk"": null, ""has_revenue"": null, ""lead_phase"": null, ""runway_months"": 24.530938123752495, ""stage_bucket"": ""early"", ""surv_score"": ""5.0"", ""tier1_count"": 1}",early|far_271_540|pos,0.021155999999999998,,-0.0545,0,1,1.0287,0.9684,1,1,selling,-0.7434,elite_1,0.0,0.0,0.0,,,0.0,0,0,0,True,False,True,far,0.3,adequate,>2000bps,2020.0,0.55,1,0,1.0,0,1.0,0,1144,False,specific_days,0.191509,price_history,,1,0.0429,price_history,,-0.635776,,41.5733,0.56,-0.272516,-0.36326,early,micro,none,drug_developer,morningstar,,,,0,0.8078380536626916524701873935,46.24,45.56250000000000000000000000,49.5,76.47,70.37037037037037037037037037,57.77777777777777777777777778,69.1563,1.0692,1.0,1083,5,1.0,0.0,0,0,0.0,0.4,0.6,cns,0.7247,highly_crowded,1.0,73,0.021155999999999998,0.721154,0.5863,50.92,0.955769,1.7036
BNTX,BioNTech SE,,,D,ineligible,D,ineligible,,0.351923,,0,0.342308,1,0.657692,,0,no_upcoming,9,headwind,deep_drawdown,XS,ineligible,financial_score:-36.0;clinical_score:+20.6;smart_money_score:+16.0,tier=D;reason=ineligible;cat_days=NA;strength=missing;decay_w=0.0,v1.3.0,31f399e0,0,financials_missing,1,"cash_runway_lt_6m,survivability_critical","{""burn_ttm"": 0.0, ""cash_total"": 0.0, ""dilution_risk"": null, ""has_revenue"": null, ""lead_phase"": null, ""runway_months"": 0.0, ""stage_bucket"": ""late"", ""surv_score"": ""-5.0"", ""tier1_count"": 4}",late|none|pos,0.01745745864661654,,1.1521,0,1,0.6573,0.5709,4,4,selling,0.4233,elite_4,0.0,0.0,0.0,,,0.0,0,0,0,True,False,True,missing,0.0,critical,<=400bps,298.62,1.0,0,0,1.0,0,1.0,0,,False,no_upcoming,-0.359239,price_history,,4,1.1633,price_history,,-0.467522,,41.6597,0.3086,-0.272516,-0.195006,late,unknown,sev2,drug_developer,morningstar,,,,0,0.8558148498462993615511941357,40.08,41.25000000000000000000000000,57.0,50,61.57480314960629921259842520,5,62.7978,0.8002,3.0,13,36,1.0,2.5503,3,3,0.0,0.4,0.95,oncology,0.7247,highly_crowded,1.0,92,0.01745745864661654,0.648077,0.3801,19.86,0.390385,-0.2783
GMAB,Genmab A/S,,,D,ineligible,D,ineligible,,0.382692,,0,0.403846,1,0.596154,,0,no_upcoming,9,neutral,,XS,ineligible,financial_score:-37.3;smart_money_score:+18.2;clinical_score:+14.5,tier=D;reason=ineligible;cat_days=NA;strength=missing;decay_w=0.0,v1.3.0,31f399e0,0,financials_missing,1,"cash_runway_lt_6m,survivability_critical","{""burn_ttm"": 0.0, ""cash_total"": 0.0, ""dilution_risk"": null, ""has_revenue"": null, ""lead_phase"": null, ""runway_months"": 0.0, ""stage_bucket"": ""late"", ""surv_score"": ""-5.0"", ""tier1_count"": 3}",late|none|pos,0.01745745864661654,,1.1335,0,1,0.4578,0.3574,3,3,buying,0.0344,elite_3,0.0,0.0,0.0,,,0.0,0,0,0,True,False,True,missing,0.0,critical,<=1000bps,453.45,0.85,1,0,1.0,0,1.0,0,,False,no_upcoming,-0.093428,price_history,,3,0.4611,price_history,,-0.107553,,43.6258,0.3342,-0.272516,0.164963,late,unknown,sev2,drug_developer,morningstar,,,,0,0.8430982962612399432087079981,48.09,41.25000000000000000000000000,60.5,50,56.85039370078740157480314961,5,58.3878,0.6137,3.0,619,28,1.0,0.8619,2,1,0.0286,0.4,0.95,oncology,0.7247,highly_crowded,1.0,100,0.01745745864661654,0.617308,0.2984,17.44,0.305769,-0.5079
ALT,"Altimmune, Inc.",,,D,ineligible,D,ineligible,,0.301923,,0,0.280769,1,0.719231,,0,no_upcoming,9,headwind,deep_drawdown|deep_drawdown_rel_xbi,XS,ineligible,financial_score:+19.3;momentum_score:-13.2;catalyst_score:-12.4,tier=D;reason=ineligible;cat_days=NA;strength=missing;decay_w=0.0,v1.3.0,31f399e0,0,deep_drawdown,0,,"{""burn_ttm"": 48087000.0, ""cash_total"": 210776000.0, ""dilution_risk"": null, ""has_revenue"": null, ""lead_phase"": null, ""runway_months"": 52.5986649198328, ""stage_bucket"": ""late"", ""surv_score"": ""5.0"", ""tier1_count"": 1}",late|none|pos,0.01745745864661654,,1.1586,0,1,0.777,0.699,1,1,selling,-0.7434,elite_1,0.0,0.0,0.0,,,0.0,0,0,0,True,False,True,missing,0.0,adequate,<=1000bps,696.34,0.85,1,0,1.0,0,1.0,0,,False,no_upcoming,-0.117956,price_history,,1,1.1698,price_history,,-0.542986,,41.1801,0.8891,-0.272516,-0.27047,late,small,none,drug_developer,morningstar,,,,0,0.8417039350405996252342286071,40.45,41.25000000000000000000000000,49.0,78.13,64.40944881889763779527559055,72.94117647058823529411764706,63.9019,0.847,2.0,866,11,1.0,0.2927,1,0,0.0,0.4,0.55,infectious_disease,0.7247,highly_crowded,1.0,79,0.01745745864661654,0.698077,0.5189,38.26,0.775,0.7554
CLLS,Cellectis S.A.,,,D,ineligible,D,ineligible,,0.548077,,0,0.588462,1,0.411538,,0,no_upcoming,9,headwind,high_beta|deep_drawdown|deep_drawdown_rel_xbi,XS,ineligible,financial_score:-26.0;clinical_score:+12.5;catalyst_score:+10.3,tier=D;reason=ineligible;cat_days=NA;strength=missing;decay_w=0.0,v1.3.0,31f399e0,0,financials_missing|deep_drawdown,1,"cash_runway_lt_6m,survivability_critical","{""burn_ttm"": 0.0, ""cash_total"": 0.0, ""dilution_risk"": null, ""has_revenue"": null, ""lead_phase"": null, ""runway_months"": 0.0, ""stage_bucket"": ""early"", ""surv_score"": ""-5.0"", ""tier1_count"": 0}",early|none|nonpos,0.008054876876876877,,-0.148,0,1,-0.1072,-0.2473,0,0,neutral,-1.1323,,0.0,0.0,0.0,,,0.0,0,0,0,True,False,True,missing,0.0,critical,>2000bps,2050.0,0.55,1,0,1.0,0,1.0,0,,False,no_upcoming,-0.244588,price_history,,0,1.9506,price_history,,-0.682406,,41.7415,0.8122,-0.272516,-0.40989,early,unknown,sev2,drug_developer,morningstar,,,,0,0.6775471095496646438837432130,34.21,41.25000000000000000000000000,,50,43.47050754458161865569272976,5,42.4971,-0.0586,1.0,583,5,1.0,0.002,0,0,0.0,0.3,0.85,oncology,0.7247,highly_crowded,1.0,143,0.008054876876876877,0.451923,-0.1208,11.12,0.086538,-1.3624
MESO,Mesoblast Limited,,,D,ineligible,D,ineligible,,0.417308,,0,0.488462,1,0.511538,,0,no_upcoming,9,headwind,deep_drawdown|deep_drawdown_rel_xbi,XS,ineligible,financial_score:-30.4;clinical_score:+16.8;momentum_score:+7.7,tier=D;reason=ineligible;cat_days=NA;strength=missing;decay_w=0.0,v1.3.0,31f399e0,0,financials_missing|deep_drawdown,1,"cash_runway_lt_6m,sponsor_absent_late_stage,survivability_critical","{""burn_ttm"": 0.0, ""cash_total"": 0.0, ""dilution_risk"": null, ""has_revenue"": null, ""lead_phase"": null, ""runway_months"": 0.0, ""stage_bucket"": ""late"", ""surv_score"": ""-5.0"", ""tier1_count"": 0}",late|none|pos,0.01745745864661654,,0.9237,0,1,0.2583,0.1439,0,0,neutral,-1.1323,,0.0,0.0,0.0,,,0.0,0,0,0,True,False,True,missing,0.0,critical,<=2000bps,1723.07,0.7,1,0,1.0,0,1.0,0,,False,no_upcoming,-0.116331,price_history,,0,0.4384,price_history,,-0.630959,,54.2839,0.5347,-0.272516,-0.358443,late,unknown,sev2,drug_developer,morningstar,,,,0,0.7992982022471910112359550562,43.06,41.25000000000000000000000000,,50,52.12598425196850393700787401,5,52.798,0.3772,3.0,51,32,1.0,0.9821,1,1,0.0,0.4,0.6,autoimmune,-0.453,uncrowded,1.0,109,0.01745745864661654,0.582692,0.2088,16.28,0.259615,-0.6445
BDTX,"Black Diamond Therapeutics, Inc.",,,D,ineligible,D,ineligible,,0.525,,0,0.942308,1,0.057692,,0,no_upcoming,9,headwind,deep_drawdown|deep_drawdown_rel_xbi,XS,ineligible,clinical_score:-32.6;smart_money_score:+17.9;financial_score:+16.5,tier=D;reason=ineligible;cat_days=NA;strength=missing;decay_w=0.0,v1.3.0,31f399e0,0,deep_drawdown,0,,"{""burn_ttm"": 0.0, ""cash_total"": 30864000.0, ""dilution_risk"": null, ""has_revenue"": null, ""lead_phase"": null, ""runway_months"": null, ""stage_bucket"": ""early"", ""surv_score"": ""5.0"", ""tier1_count"": 1}",early|none|nonpos,0.008054876876876877,,-1.3363,294,1,-1.7317,-1.986,1,1,buying,-0.7434,elite_1,0.0,0.0,0.0,,,0.0,0,0,0,True,False,True,missing,0.0,adequate,<=2000bps,1969.35,0.7,1,0,1.0,0,1.0,0,,False,no_upcoming,-0.190597,price_history,,1,0.9961,price_history,,-0.778923,,40.5554,0.7908,-0.272516,-0.506407,early,micro,none,drug_developer,morningstar,,,,0,0.7487296312086975058622894905,31.95,41.25000000000000000000000000,55.5,90.00,5,54.07407407407407407407407408,4.0266,-1.686,1.0,294,1,0.0,0.0216,0,0,0.0,0.3,0.85,oncology,0.7247,highly_crowded,1.0,137,0.008054876876876877,0.475,-0.0627,17.93,0.332692,-0.4325
LEGN,Legend Biotech Corporation,,,D,ineligible,D,ineligible,,0.501923,,0,0.842308,1,0.157692,415,0,specific_days,9,tailwind,,XS,ineligible,financial_score:-30.1;momentum_score:+24.6;clinical_score:-22.3,tier=D;reason=ineligible;cat_days=415;strength=far;decay_w=0.3,v1.3.0,31f399e0,0,financials_missing,1,"cash_runway_lt_6m,survivability_critical","{""burn_ttm"": 0.0, ""cash_total"": 0.0, ""dilution_risk"": null, ""has_revenue"": null, ""lead_phase"": null, ""runway_months"": 0.0, ""stage_bucket"": ""mid"", ""surv_score"": ""-5.0"", ""tier1_count"": 4}",mid|far_271_540|nonpos,0.008457379310344827,,0.376,0,1,-1.325,-1.5507,4,4,selling,0.4233,elite_4,0.0,0.0,0.0,,,0.0,0,0,0,True,False,True,far,0.3,critical,<=1000bps,455.48,0.85,1,0,1.0,0,1.0,0,415,False,specific_days,0.319675,price_history,,4,0.5662,price_history,,-0.159003,,40.0362,0.3634,-0.272516,0.113513,mid,unknown,sev2,drug_developer,morningstar,,,,0,0.7872667745764540843854537607,61.49,45.56250000000000000000000000,56.0,50,14.63140358184089962515618492,6.734693877551020408163265306,13.658,-1.2786,2.0,1336,14,1.0,0.0884,0,0,0.0,0.3,0.95,oncology,0.7247,highly_crowded,1.0,131,0.008457379310344827,0.498077,-0.0048,8.89,0.059615,-1.558
AVXL,Anavex Life Sciences Corp.,,,D,ineligible,D,ineligible,,0.332692,,0,0.473077,1,0.526923,,0,no_upcoming,9,tailwind,,XS,ineligible,momentum_score:+20.3;catalyst_score:-18.0;clinical_score:-6.6,tier=D;reason=ineligible;cat_days=NA;strength=missing;decay_w=0.0,v1.3.0,31f399e0,0,fundamental_red_flag,1,sponsor_absent_late_stage,"{""burn_ttm"": 7151000.0, ""cash_total"": 131749000.0, ""dilution_risk"": null, ""has_revenue"": null, ""lead_phase"": null, ""runway_months"": 221.0862816389316, ""stage_bucket"": ""late"", ""surv_score"": ""5.0"", ""tier1_count"": 0}",late|none|pos,0.01745745864661654,,0.9252,0,1,0.2782,0.1652,0,0,neutral,-1.1323,,0.0,0.0,0.0,,,0.0,0,0,0,True,False,True,missing,0.0,adequate,<=2000bps,1131.52,0.7,1,0,1.0,0,1.0,0,,False,no_upcoming,0.122379,price_history,,0,1.539,price_history,,-0.224186,,65.0798,1.1868,-0.272516,0.04833,late,small,none,drug_developer,morningstar,,,,0,0.7970752122444099007533181873,79.56,41.25000000000000000000000000,,79.91,52.59842519685039370078740157,63.52941176470588235294117647,51.6766,0.3298,3.0,566,8,1.0,0.349,0,0,0.0,0.4,0.6,cns,0.7247,highly_crowded,1.0,87,0.01745745864661654,0.667308,0.4325,29.10,0.594231,0.2384
ASND,Ascendis Pharma A/S,,,D,ineligible,D,ineligible,,0.263462,,0,0.611538,1,0.388462,140,0,specific_days,9,tailwind,,XS,ineligible,financial_score:-42.7;smart_money_score:+37.3;momentum_score:+14.8,tier=D;reason=ineligible;cat_days=140;strength=mid;decay_w=0.7,v1.3.0,31f399e0,0,financials_missing,1,"cash_runway_lt_6m,survivability_critical","{""burn_ttm"": 0.0, ""cash_total"": 0.0, ""dilution_risk"": null, ""has_revenue"": null, ""lead_phase"": null, ""runway_months"": 0.0, ""stage_bucket"": ""late"", ""surv_score"": ""-5.0"", ""tier1_count"": 9}",late|near_91_180|nonpos,0.030662851063829787,,0.9133,0,1,-0.2376,-0.3869,9,9,buying,2.3679,elite_9,0.0,0.0,0.0,,,0.0,0,0,0,True,False,True,mid,0.7,critical,<=400bps,248.3,1.0,0,0,1.0,0,1.0,0,140,False,specific_days,0.256408,price_history,,9,0.7754,price_history,,-0.147954,,49.7017,0.4165,-0.272516,0.124562,late,unknown,sev2,drug_developer,morningstar,,,,0,0.8447945205479452054794520548,62.46,45.56250000000000000000000000,85,50,40.38254076508153016306032612,5,42.173,-0.0723,3.0,61,8,1.0,1.474,1,2,0.0667,0.4,0.95,oncology,-0.453,uncrowded,1.0,69,0.030662851063829787,0.736538,0.6327,15.18,0.205769,-0.8212
ZVRA,"Zevra Therapeutics, Inc.",,,D,ineligible,D,ineligible,,0.225,,0,0.742308,1,0.257692,,0,no_upcoming,9,headwind,deep_drawdown,XS,ineligible,clinical_score:-10.4;momentum_score:+8.8;catalyst_score:+4.8,tier=D;reason=ineligible;cat_days=NA;strength=missing;decay_w=0.0,v1.3.0,31f399e0,0,fundamental_red_flag,1,sponsor_absent_late_stage,"{""burn_ttm"": 7114000.0, ""cash_total"": 54439000.0, ""dilution_risk"": null, ""has_revenue"": null, ""lead_phase"": null, ""runway_months"": 91.8285071689626, ""stage_bucket"": ""late"", ""surv_score"": ""0.0"", ""tier1_count"": 0}",late|none|nonpos,0.06780888345864662,,-0.2742,,0,-0.8407,-1.0324,0,0,neutral,-1.1323,,0.0,0.0,0.0,,,0.0,0,0,0,True,False,True,missing,0.0,adequate,<=2000bps,1120.07,0.7,1,0,1.0,0,1.0,0,,False,no_upcoming,-0.024819,price_history,,0,0.749,price_history,,-0.512821,,42.9539,0.4964,-0.272516,-0.240305,late,small,none,drug_developer,morningstar,,,,0,0.8486346087704213241616509028,45.32,41.25000000000000000000000000,,50,26.09964108817106523101935093,33.31410995770857362552864283,25.2355,-0.7888,3.0,,1,0.0,0.0,0,0,0.0,0.4,0.6,cns,-0.924,moderate,1.0,59,0.06780888345864662,0.775,0.7554,21.78,0.448077,-0.1305
VIR,"Vir Biotechnology, Inc.",,,D,ineligible,D,ineligible,,0.221154,,0,0.642308,1,0.357692,,0,no_upcoming,9,headwind,deep_drawdown|deep_drawdown_rel_xbi,XS,ineligible,smart_money_score:+18.8;momentum_score:-13.1;clinical_score:-4.5,tier=D;reason=ineligible;cat_days=NA;strength=missing;decay_w=0.0,v1.3.0,31f399e0,0,deep_drawdown,0,,"{""burn_ttm"": 391781000.0, ""cash_total"": 460938000.0, ""dilution_risk"": null, ""has_revenue"": null, ""lead_phase"": null, ""runway_months"": 14.118234421781557, ""stage_bucket"": ""late"", ""surv_score"": ""2.0"", ""tier1_count"": 2}",late|none|nonpos,0.06780888345864662,,0.9113,0,1,-0.3489,-0.506,2,2,buying,-0.3545,elite_2,0.0,0.0,0.0,,,0.0,0,0,0,True,False,True,missing,0.0,adequate,<=1000bps,599.02,0.85,1,0,1.0,0,1.0,0,,False,no_upcoming,-0.312096,price_history,,2,0.6918,price_history,,-0.60142,,34.9828,0.7493,-0.272516,-0.328904,late,small,sev1,drug_developer,morningstar,,,,0,0.8609403099871809812376179932,29.06,41.25000000000000000000000000,61.0,62.95,37.74629549259098518197036394,41.97402708360032466145499595,38.0683,-0.2459,3.0,25,10,1.0,1.1699,1,2,0.0,0.4,0.55,infectious_disease,0.7247,highly_crowded,1.0,58,0.06780888345864662,0.778846,0.7683,29.42,0.601923,0.2583
OCGN,"Ocugen, Inc.",,,D,ineligible,D,ineligible,,0.167308,,0,0.996154,1,0.003846,,0,no_upcoming,9,tailwind,high_beta|deep_drawdown,XS,ineligible,momentum_score:+30.2;clinical_score:-22.2;financial_score:-22.2,tier=D;reason=ineligible;cat_days=NA;strength=missing;decay_w=0.0,v1.3.0,31f399e0,0,fundamental_red_flag,1,sponsor_absent_late_stage,"{""burn_ttm"": 43003000.0, ""cash_total"": 37800000.0, ""dilution_risk"": null, ""has_revenue"": null, ""lead_phase"": null, ""runway_months"": 10.2385842945173, ""stage_bucket"": ""late"", ""surv_score"": ""0.0"", ""tier1_count"": 0}",late|none|nonpos,0.06780888345864662,,-0.3306,,0,-1.7317,-1.986,0,0,neutral,-1.1323,,0.0,0.0,0.0,,,0.0,0,0,0,True,False,True,missing,0.0,short,<=2000bps,1069.58,0.7,1,0,1.0,0,1.0,0,,False,no_upcoming,0.154124,price_history,,0,1.9331,price_history,,-0.442125,,46.4623,0.7585,-0.272516,-0.169609,late,small,sev2,drug_developer,morningstar,,,,0,0.8569491752699655868043194494,57.41,41.25000000000000000000000000,,51.34,5,5,4.1359,-1.6814,3.0,,4,1.0,0.0,0,0,0.0,0.4,0.55,ophthalmology,-0.453,uncrowded,1.0,44,0.06780888345864662,0.832692,0.9649,4.36,0.005769,-2.526
MCRB,"Seres Therapeutics, Inc.",,,D,ineligible,D,ineligible,,0.159615,,0,0.726923,1,0.273077,,0,no_upcoming,9,headwind,deep_drawdown|deep_drawdown_rel_xbi,XS,ineligible,financial_score:+17.7;clinical_score:-17.0;catalyst_score:-2.7,tier=D;reason=ineligible;cat_days=NA;strength=missing;decay_w=0.0,v1.3.0,31f399e0,0,fundamental_red_flag|deep_drawdown,1,sponsor_absent_late_stage,"{""burn_ttm"": 0.0, ""cash_total"": 47638000.0, ""dilution_risk"": null, ""has_revenue"": null, ""lead_phase"": null, ""runway_months"": null, ""stage_bucket"": ""late"", ""surv_score"": ""4.0"", ""tier1_count"": 0}",late|none|nonpos,0.06780888345864662,,0.8975,0,1,-0.8071,-0.9964,0,0,neutral,-1.1323,,0.0,0.0,0.0,,,0.0,0,0,0,True,False,True,missing,0.0,adequate,>2000bps,2036.0,0.55,1,0,1.0,0,1.0,0,,False,no_upcoming,0.199913,price_history,,0,1.2149,price_history,,-0.795388,,61.0006,1.1067,-0.272516,-0.522872,late,micro,none,drug_developer,morningstar,,,,0,0.8030123231401186672752167960,45.96,41.25000000000000000000000000,,90.00,26.89572268033424955738800366,61.57480314960629921259842520,27.1759,-0.7067,3.0,168,5,1.0,0.4683,0,1,0.0,0.4,0.95,oncology,-0.453,uncrowded,1.0,42,0.06780888345864662,0.840385,0.996,17.39,0.301923,-0.5189
IMTX,Immatics N.V.,,,D,ineligible,D,ineligible,,0.140385,,0,0.673077,1,0.326923,,0,no_upcoming,9,headwind,,XS,ineligible,financial_score:-26.7;momentum_score:+13.7;catalyst_score:+9.5,tier=D;reason=ineligible;cat_days=NA;strength=missing;decay_w=0.0,v1.3.0,31f399e0,0,financials_missing,1,"cash_runway_lt_6m,sponsor_absent_late_stage,survivability_critical","{""burn_ttm"": 0.0, ""cash_total"": 0.0, ""dilution_risk"": null, ""has_revenue"": null, ""lead_phase"": null, ""runway_months"": 0.0, ""stage_bucket"": ""late"", ""surv_score"": ""-5.0"", ""tier1_count"": 0}",late|none|nonpos,0.06780888345864662,,0.9094,0,1,-0.4582,-0.6229,0,0,neutral,-1.1323,,0.0,0.0,0.0,,,0.0,0,0,0,True,False,True,missing,0.0,critical,<=2000bps,1507.41,0.7,1,0,1.0,0,1.0,0,,False,no_upcoming,-0.031345,price_history,,0,0.461,price_history,,-0.244502,,38.4828,,-0.272516,0.028014,late,unknown,sev2,drug_developer,morningstar,,,,0,0.7768193584693303320202588633,45.42,41.25000000000000000000000000,,50,35.15965031930063860127720256,5,34.1862,-0.4101,3.0,,13,1.0,0.0442,0,0,0.0,0.3,0.95,oncology,0.7247,highly_crowded,1.0,37,0.06780888345864662,0.859615,1.0786,7.94,0.040385,-1.7462
CRSP,CRISPR Therapeutics AG,,,D,ineligible,D,ineligible,,0.113462,,0,0.965385,1,0.034615,,0,no_upcoming,9,headwind,deep_drawdown|deep_drawdown_rel_xbi,XS,ineligible,clinical_score:-39.2;financial_score:+32.4;smart_money_score:+21.8,tier=D;reason=ineligible;cat_days=NA;strength=missing;decay_w=0.0,v1.3.0,31f399e0,0,deep_drawdown,0,,"{""burn_ttm"": 345014000.0, ""cash_total"": 1975828000.0, ""dilution_risk"": null, ""has_revenue"": null, ""lead_phase"": null, ""runway_months"": 68.7216634687288, ""stage_bucket"": ""late"", ""surv_score"": ""3.0"", ""tier1_count"": 3}",late|none|nonpos,0.06780888345864662,,-0.3411,783,1,-1.7317,-1.986,3,3,buying,0.0344,elite_3,0.0,0.0,0.0,,,0.0,0,0,0,True,False,True,missing,0.0,adequate,<=400bps,316.61,1.0,0,0,1.0,0,1.0,0,,False,no_upcoming,-0.327914,price_history,,3,1.3512,price_history,,-0.576604,,37.4475,0.5582,-0.272516,-0.304088,late,mid,none,drug_developer,morningstar,,,,0,0.8829781999041227229146692234,32.11,41.25000000000000000000000000,66.0,57.34,5,76.57142857142857142857142857,4.0747,-1.684,3.0,1333,5,1.0,0.0005,0,0,0.0,0.3,0.95,oncology,0.2537,moderate,1.0,30,0.06780888345864662,0.886538,1.2083,22.50,0.475,-0.0627
ANNX,"Annexon, Inc.",,,D,ineligible,D,ineligible,,0.051923,,0,0.557692,1,0.442308,,0,no_upcoming,9,headwind,deep_drawdown|deep_drawdown_rel_xbi,XS,ineligible,smart_money_score:+29.4;financial_score:-28.0;momentum_score:-6.7,tier=D;reason=ineligible;cat_days=NA;strength=missing;decay_w=0.0,v1.3.0,31f399e0,0,deep_drawdown,0,,"{""burn_ttm"": 140430000.0, ""cash_total"": 139419000.0, ""dilution_risk"": null, ""has_revenue"": null, ""lead_phase"": null, ""runway_months"": 11.913608203375347, ""stage_bucket"": ""late"", ""surv_score"": ""0.0"", ""tier1_count"": 4}",late|none|nonpos,0.06780888345864662,,0.9194,0,1,0.0892,-0.0371,4,4,buying,0.4233,elite_4,0.0,0.0,0.0,,,0.0,0,0,0,True,False,True,missing,0.0,short,<=1000bps,834.55,0.85,1,0,1.0,0,1.0,0,,False,no_upcoming,-0.073629,price_history,,4,0.7281,price_history,,-0.530134,,42.4064,0.9497,-0.272516,-0.257618,late,small,sev2,drug_developer,morningstar,,,,0,0.8266156363211405866542012388,35.39,41.25000000000000000000000000,71.5,61.16,48.12125846473915170052562327,14.05655944294929300696313384,47.9692,0.1729,3.0,890,8,1.0,0.5716,1,1,0.0,0.4,0.55,ophthalmology,0.7247,highly_crowded,1.0,14,0.06780888345864662,0.948077,1.6265,12.98,0.136538,-1.096
CADL,"Candel Therapeutics, Inc.",,,D,ineligible,D,ineligible,,0.082692,,0,0.696154,1,0.303846,,0,no_upcoming,9,tailwind,drawdown_data_missing,XS,ineligible,momentum_score:+23.5;clinical_score:-22.3;catalyst_score:-14.5,tier=D;reason=ineligible;cat_days=NA;strength=missing;decay_w=0.0,v1.3.0,31f399e0,0,fundamental_red_flag,1,sponsor_absent_late_stage,"{""burn_ttm"": 27743000.0, ""cash_total"": 86963000.0, ""dilution_risk"": null, ""has_revenue"": null, ""lead_phase"": null, ""runway_months"": 34.903184982071295, ""stage_bucket"": ""late"", ""surv_score"": ""5.0"", ""tier1_count"": 0}",late|none|nonpos,0.06780888345864662,,0.907,0,1,-0.5298,-0.6996,0,0,neutral,-1.1323,,0.0,0.0,0.0,,,0.0,0,0,0,True,False,True,missing,0.0,adequate,<=2000bps,1387.28,0.7,1,0,1.0,0,1.0,0,,False,no_upcoming,0.817925,price_history,,0,1.5302,price_history,,,series_too_short,53.2359,0.6596,-0.272516,,late,micro,none,drug_developer,morningstar,,,drawdown,1,0.8411014098919840818646958499,79.34,41.25000000000000000000000000,,87.95,33.46277581444051776992442874,69.13385826771653543307086614,33.6656,-0.4322,3.0,993,11,1.0,0.2157,1,0,0.0,0.6,0.95,oncology,0.7247,highly_crowded,1.0,22,0.06780888345864662,0.917308,1.3872,22.65,0.482692,-0.0434
AVIR,"Atea Pharmaceuticals, Inc.",,,D,ineligible,D,ineligible,,0.071154,,0,0.788462,1,0.211538,,0,no_upcoming,9,headwind,deep_drawdown|deep_drawdown_rel_xbi,XS,ineligible,smart_money_score:+22.7;financial_score:-15.7;momentum_score:-15.6,tier=D;reason=ineligible;cat_days=NA;strength=missing;decay_w=0.0,v1.3.0,31f399e0,0,deep_drawdown,0,,"{""burn_ttm"": 103808000.0, ""cash_total"": 77344000.0, ""dilution_risk"": null, ""has_revenue"": null, ""lead_phase"": null, ""runway_months"": 8.940813810110974, ""stage_bucket"": ""late"", ""surv_score"": ""-2.0"", ""tier1_count"": 2}",late|none|nonpos,0.06780888345864662,,0.8847,0,1,-1.1013,-1.3112,2,2,selling,-0.3545,elite_2,0.0,0.0,0.0,,,0.0,0,0,0,True,False,True,missing,0.0,short,>2000bps,2020.0,0.55,1,0,1.0,0,1.0,0,,False,no_upcoming,-0.605388,price_history,,2,-0.1401,price_history,,-0.871551,,28.5381,0.5268,-0.272516,-0.599035,late,small,sev2,drug_developer,morningstar,,,,0,0.8879505054025792959219240153,10.72,41.25000000000000000000000000,49.0,85.27,19.92938874766638422165733221,10.61514801999231064975009612,20.4524,-0.9911,3.0,20,7,1.0,2.174,3,2,0.0,0.4,0.55,infectious_disease,0.7247,highly_crowded,1.0,19,0.06780888345864662,0.928846,1.4673,7.77,0.032692,-1.8426
ARGX,argenx SE,,,D,ineligible,D,ineligible,,0.063462,,0,0.596154,1,0.403846,,0,no_upcoming,9,neutral,,XS,ineligible,financial_score:-39.3;smart_money_score:+35.7;momentum_score:+7.9,tier=D;reason=ineligible;cat_days=NA;strength=missing;decay_w=0.0,v1.3.0,31f399e0,0,financials_missing,1,"cash_runway_lt_6m,survivability_critical","{""burn_ttm"": 0.0, ""cash_total"": 0.0, ""dilution_risk"": null, ""has_revenue"": null, ""lead_phase"": null, ""runway_months"": 0.0, ""stage_bucket"": ""late"", ""surv_score"": ""-5.0"", ""tier1_count"": 6}",late|none|nonpos,0.06780888345864662,,0.9152,0,1,-0.1242,-0.2655,6,6,buying,1.2011,elite_6,0.0,0.0,0.0,,,0.0,0,0,0,True,False,True,missing,0.0,critical,<=400bps,197.05,1.0,0,0,1.0,0,1.0,0,,False,no_upcoming,-0.040601,price_history,,6,0.7429,price_history,,-0.185822,,51.6285,0.2190,-0.272516,0.086694,late,unknown,sev2,drug_developer,morningstar,,,,0,0.8454987170979871709798717098,52.23,41.25000000000000000000000000,80.0,50,43.06838613677227354454708909,5,44.3396,0.0194,3.0,31,14,1.0,2.478,2,3,0.0,0.4,0.95,oncology,0.2537,moderate,1.0,17,0.06780888345864662,0.936538,1.5263,16.26,0.255769,-0.6564
ABEO,Abeona Therapeutics Inc.,,,D,ineligible,D,ineligible,,0.028846,,0,0.873077,1,0.126923,,0,no_upcoming,9,headwind,deep_drawdown|deep_drawdown_rel_xbi,XS,ineligible,clinical_score:-29.4;financial_score:+28.2;smart_money_score:+13.6,tier=D;reason=ineligible;cat_days=NA;strength=missing;decay_w=0.0,v1.3.0,31f399e0,0,deep_drawdown,0,,"{""burn_ttm"": 58373000.0, ""cash_total"": 207117000.0, ""dilution_risk"": null, ""has_revenue"": null, ""lead_phase"": null, ""runway_months"": 38.84982606281337, ""stage_bucket"": ""late"", ""surv_score"": ""2.0"", ""tier1_count"": 2}",late|none|nonpos,0.06780888345864662,,0.8666,0,1,-1.4352,-1.6687,2,2,neutral,-0.3545,elite_2,0.0,0.0,0.0,,,0.0,0,0,0,True,False,True,missing,0.0,adequate,<=2000bps,1317.16,0.7,1,0,1.0,0,1.0,0,,False,no_upcoming,-0.262579,price_history,,2,0.8419,price_history,,-0.728614,,46.2708,,-0.272516,-0.456098,late,micro,none,drug_developer,morningstar,,,,0,0.8741792361966625601971105387,29.04,41.25000000000000000000000000,55.0,83.48,12.02120404240808481616963233,69.60629921259842519685039370,10.9914,-1.3914,3.0,340,7,1.0,0.3501,0,0,0.0,0.3,0.5,other,-1.6307,uncrowded,1.0,8,0.06780888345864662,0.971154,1.898,23.68,0.505769,0.0145
ABCL,AbCellera Biologics Inc.,,,D,ineligible,D,ineligible,,0.025,,0,0.796154,1,0.203846,,0,no_upcoming,9,headwind,deep_drawdown|deep_drawdown_rel_xbi,XS,ineligible,smart_money_score:+28.2;financial_score:-23.4;clinical_score:-13.1,tier=D;reason=ineligible;cat_days=NA;strength=missing;decay_w=0.0,v1.3.0,31f399e0,0,deep_drawdown,0,,"{""burn_ttm"": 131295000.0, ""cash_total"": 128513000.0, ""dilution_risk"": null, ""has_revenue"": null, ""lead_phase"": null, ""runway_months"": 11.74573289158003, ""stage_bucket"": ""late"", ""surv_score"": ""0.0"", ""tier1_count"": 2}",late|none|nonpos,0.06780888345864662,,-0.281,466,1,-1.1328,-1.345,2,2,buying,-0.3545,elite_2,0.0,0.0,0.0,,,0.0,0,0,0,True,False,True,missing,0.0,short,<=1000bps,821.91,0.85,1,0,1.0,0,1.0,0,,False,no_upcoming,-0.12911,price_history,,2,1.2148,price_history,,-0.744992,,42.8874,0.7022,-0.272516,-0.472476,late,small,sev2,drug_developer,morningstar,,,,0,0.8628528396501457725947521866,31.77,41.25000000000000000000000000,60.5,45.09,19.18290725470339829568548026,8.945704643513178691956085260,17.9688,-1.0962,3.0,,3,0.6667,0.0206,0,0,0.0,0.4,0.55,infectious_disease,0.7247,highly_crowded,1.0,7,0.06780888345864662,0.975,1.96,8.19,0.044231,-1.7036
SNDX,"Syndax Pharmaceuticals, Inc.",,,D,ineligible,,,D,0.767308,0.765385,1,,0,,231,0,specific_days,9,neutral,,XS,ineligible,catalyst_score:-11.3;clinical_score:+9.1;smart_money_score:+8.1,tier=;reason=;cat_days=231;strength=far;decay_w=0.3,v1.3.0,31f399e0,0,fundamental_red_flag,1,"cash_runway_lt_6m,survivability_critical","{""burn_ttm"": 253492000.0, ""cash_total"": 435979000.0, ""dilution_risk"": null, ""has_revenue"": null, ""lead_phase"": null, ""runway_months"": 5.155381629400534, ""stage_bucket"": ""mid"", ""surv_score"": ""-5.0"", ""tier1_count"": 3}",mid|near_181_270|pos,-0.0005933841807909605,61.118571,0.4419,0,1,0.9959,0.785,3,3,neutral,0.0344,elite_3,0.0,0.0,0.0,,,0.0,0,0,0,True,False,True,far,0.3,critical,<=1000bps,584.59,0.85,1,0,1.0,0,1.0,0,231,False,specific_days,0.105882,price_history,,3,0.8163,price_history,,-0.322239,,47.2238,0.5965,-0.272516,-0.049723,mid,small,sev1,commercial_biotech,morningstar,,,,0,0.8340492721164613661814109742,53.53,45.56250000000000000000000000,65.0,74.24,65.91836734693877551020408163,54.28571428571428571428571428,66.455,0.955,2.0,207,29,1.0,0.4776,1,0,0.0,0.6,0.95,oncology,0.7247,highly_crowded,1.0,200,-0.0005933841807909605,0.232692,-0.73,35.32,0.713462,0.5635
IOVA,"Iovance Biotherapeutics, Inc.",,,D,ineligible,,,D,0.782692,0.234615,1,,0,,19,1,specific_days,9,neutral,deep_drawdown|deep_drawdown_rel_xbi,XS,ineligible,financial_score:-21.2;clinical_score:+12.5;smart_money_score:+9.5,tier=;reason=;cat_days=19;strength=near;decay_w=1.0,v1.3.0,31f399e0,0,deep_drawdown,0,,"{""burn_ttm"": 302408000.0, ""cash_total"": 296980000.0, ""dilution_risk"": null, ""has_revenue"": null, ""lead_phase"": null, ""runway_months"": 11.784608872781144, ""stage_bucket"": ""mid"", ""surv_score"": ""-1.0"", ""tier1_count"": 2}",mid|near_0_30|pos,-0.001470686274509804,37.533155,0.4337,0,1,0.6469,0.4237,2,2,neutral,-0.3545,elite_2,0.0,0.0,0.0,,,0.0,0,0,0,True,False,True,near,1.0,short,<=1000bps,449.86,0.85,1,0,1.0,0,1.0,0,19,True,specific_days,-0.046849,price_history,,2,1.2433,price_history,,-0.599353,,28.2616,0.9724,-0.272516,-0.326837,mid,small,sev2,commercial_biotech,morningstar,,,,0,0.7638601446000903750564844103,49.13,40.96694444444444444444444444,55.0,47.94,57.95918367346938775510204081,24.28478874543014484705446805,58.5218,0.6194,2.0,19,15,1.0,1.2319,1,2,0.0,0.3,0.95,oncology,0.7247,highly_crowded,1.0,204,-0.001470686274509804,0.217308,-0.7813,11.89,0.101923,-1.2707
ZYME,Zymeworks Inc.,,,D,ineligible,,,D,0.867308,0.203846,1,,0,,,0,no_upcoming,9,headwind,deep_drawdown|deep_drawdown_rel_xbi,XS,ineligible,smart_money_score:+29.1;momentum_score:-23.6;catalyst_score:-6.7,tier=;reason=;cat_days=NA;strength=missing;decay_w=0.0,v1.3.0,31f399e0,0,deep_drawdown,0,,"{""burn_ttm"": 22746000.0, ""cash_total"": 64834000.0, ""dilution_risk"": null, ""has_revenue"": null, ""lead_phase"": null, ""runway_months"": 34.204167765761014, ""stage_bucket"": ""mid"", ""surv_score"": ""3.0"", ""tier1_count"": 7}",mid|none|nonpos,-0.025323375,34.53451,-0.7506,847,1,0.1387,-0.1024,7,7,buying,1.5901,elite_7,0.0,0.0,0.0,,,0.0,0,0,0,True,False,True,missing,0.0,adequate,<=1000bps,781.08,0.85,1,0,1.0,0,1.0,0,,False,no_upcoming,-0.404335,price_history,,7,0.95,price_history,,-0.645309,,31.135,0.7975,-0.272516,-0.372793,mid,small,none,commercial_biotech,morningstar,,,,0,0.8070477321088587747788106171,24.32,41.25000000000000000000000000,77.0,19.70,46.36817992503123698458975426,50.61224489795918367346938775,45.7447,0.0788,2.0,847,3,0.6667,0.0009,0,0,0.0,0.3,0.95,oncology,-0.453,uncrowded,1.0,226,-0.025323375,0.132692,-1.1138,34.33,0.686538,0.4861
RYTM,"Rhythm Pharmaceuticals, Inc.",,,D,ineligible,,,D,0.455769,0.511538,1,,0,,,0,no_upcoming,9,headwind,deep_drawdown|deep_drawdown_rel_xbi,XS,ineligible,catalyst_score:-18.5;clinical_score:+17.2;smart_money_score:+17.2,tier=;reason=;cat_days=NA;strength=missing;decay_w=0.0,v1.3.0,31f399e0,0,deep_drawdown,0,,"{""burn_ttm"": 90286000.0, ""cash_total"": 416052000.0, ""dilution_risk"": null, ""has_revenue"": null, ""lead_phase"": null, ""runway_months"": 54.55942228030924, ""stage_bucket"": ""late"", ""surv_score"": ""4.0"", ""tier1_count"": 9}",late|none|pos,0.01745745864661654,47.911357,1.1747,0,1,1.4818,1.2881,9,9,buying,2.3679,elite_9,0.0,0.0,0.0,,,0.0,0,0,0,True,False,True,missing,0.0,adequate,<=400bps,378.27,1.0,0,0,1.0,0,1.0,0,,False,no_upcoming,0.029101,price_history,,9,1.4888,price_history,,-0.666498,,56.4909,0.4754,-0.272516,-0.393982,late,mid,none,commercial_biotech,morningstar,,,,0,0.9,44.12,41.25000000000000000000000000,77.0,35.27,77.000,59.42857142857142857142857143,76.3515,1.3736,3.0,630,16,1.0,0.5635,0,1,0.0,0.4,0.55,metabolic,0.7247,highly_crowded,1.0,119,0.01745745864661654,0.544231,0.1111,49.96,0.951923,1.6638
TXG,"10x Genomics, Inc.",,,D,ineligible,,,D,0.859615,0.419231,1,,0,,,0,no_upcoming,9,neutral,,XS,ineligible,clinical_score:-32.8;smart_money_score:+17.2;momentum_score:+15.1,tier=;reason=;cat_days=NA;strength=missing;decay_w=0.0,v1.3.0,31f399e0,0,financials_missing,1,"cash_runway_lt_6m,survivability_critical","{""burn_ttm"": 0.0, ""cash_total"": 0.0, ""dilution_risk"": null, ""has_revenue"": null, ""lead_phase"": null, ""runway_months"": 0.0, ""stage_bucket"": ""mid"", ""surv_score"": ""-5.0"", ""tier1_count"": 1}",mid|none|nonpos,-0.025323375,45.428171,-0.823,825,1,,0.0,1,1,neutral,-0.7434,elite_1,0.0,0.0,0.0,,,0.0,0,0,0,True,False,True,missing,0.0,critical,<=1000bps,422.35,0.85,1,0,1.0,0,1.0,0,,False,no_upcoming,0.02948,price_history,,1,0.7773,price_history,,-0.176607,,51.9383,0.7498,-0.272516,0.095909,mid,mid,none,platform_services,morningstar,,,,0,0.6867386685892814227349194905,52.92,41.25000000000000000000000000,55.0,54.73,5,34.86371419316025730019899116,4.0266,-1.686,2.0,825,1,0.0,0.001,0,0,0.0,0.3,0.85,cardiovascular,0.7247,crowded,1.0,224,-0.025323375,0.140385,-1.0786,9.00,0.063462,-1.5263
STOK,"Stoke Therapeutics, Inc.",,,D,ineligible,,,D,0.855769,0.565385,1,,0,,,0,no_upcoming,9,neutral,deep_drawdown|deep_drawdown_rel_xbi,XS,ineligible,smart_money_score:+29.5;clinical_score:-22.1;catalyst_score:-9.3,tier=;reason=;cat_days=NA;strength=missing;decay_w=0.0,v1.3.0,31f399e0,0,deep_drawdown,0,,"{""burn_ttm"": 0.0, ""cash_total"": 83394000.0, ""dilution_risk"": null, ""has_revenue"": null, ""lead_phase"": null, ""runway_months"": null, ""stage_bucket"": ""mid"", ""surv_score"": ""5.0"", ""tier1_count"": 6}",mid|none|nonpos,-0.025323375,48.940531,-0.7813,732,1,-0.6489,-0.9179,6,6,buying,1.2011,elite_6,0.0,0.0,0.0,,,0.0,0,0,0,True,False,True,missing,0.0,adequate,<=1000bps,603.91,0.85,1,0,1.0,0,1.0,0,,False,no_upcoming,0.108181,price_history,,6,1.3526,price_history,,-0.592895,,66.7607,0.7422,-0.272516,-0.320379,mid,mid,none,commercial_biotech,morningstar,,,,0,0.7884053054662379421221864952,51.21,41.25000000000000000000000000,80.0,43.92,28.40529409042528576056272850,51.83673469387755102040816327,27.0819,-0.7107,2.0,732,1,0.0,0.0006,0,0,0.0,0.3,0.5,other,-3.2794,uncrowded,1.0,223,-0.025323375,0.144231,-1.0615,29.86,0.605769,0.2683
IRWD,"Ironwood Pharmaceuticals, Inc.",,,D,ineligible,,,D,0.401923,0.726923,1,,0,,,0,no_upcoming,9,headwind,high_vol,XS,ineligible,clinical_score:+18.8;catalyst_score:-15.4;momentum_score:-11.4,tier=;reason=;cat_days=NA;strength=missing;decay_w=0.0,v1.3.0,31f399e0,0,fundamental_red_flag,1,sponsor_absent_late_stage,"{""burn_ttm"": 0.0, ""cash_total"": 140407000.0, ""dilution_risk"": null, ""has_revenue"": null, ""lead_phase"": null, ""runway_months"": null, ""stage_bucket"": ""late"", ""surv_score"": ""2.0"", ""tier1_count"": 0}",late|none|pos,0.01745745864661654,57.807647,1.1747,0,1,1.2269,1.0823,0,0,neutral,-1.1323,,0.0,0.0,0.0,,,0.0,0,0,0,True,False,True,missing,0.0,adequate,<=1000bps,819.43,0.85,1,0,1.0,0,1.0,0,,False,no_upcoming,-0.068137,price_history,,0,0.4138,price_history,,-0.106093,,42.6101,1.2561,-0.272516,0.166423,late,small,none,commercial_pharma,morningstar,,,,0,0.8509832103790384126176545408,45.31,41.25000000000000000000000000,,56.08,75.51181102362204724409448819,64.70588235294117647058823530,74.7562,1.3061,3.0,920,17,1.0,0.0007,0,0,0.0,0.9,0.55,metabolic,-0.453,uncrowded,1.0,105,0.01745745864661654,0.598077,0.2484,39.00,0.778846,0.7683
CATX,"Perspective Therapeutics, Inc.",,,D,ineligible,,,D,0.540385,0.711538,1,,0,,,0,no_upcoming,9,headwind,deep_drawdown|deep_drawdown_rel_xbi,XS,ineligible,catalyst_score:-13.3;momentum_score:-12.5;financial_score:+12.5,tier=;reason=;cat_days=NA;strength=missing;decay_w=0.0,v1.3.0,31f399e0,0,deep_drawdown,0,,"{""burn_ttm"": 57827000.0, ""cash_total"": 174137000.0, ""dilution_risk"": null, ""has_revenue"": null, ""lead_phase"": null, ""runway_months"": 36.13613018140315, ""stage_bucket"": ""early"", ""surv_score"": ""5.0"", ""tier1_count"": 2}",early|none|nonpos,0.008054876876876877,56.068162,-1.2148,312,1,,0.0,2,2,buying,-0.3545,elite_2,0.0,0.0,0.0,,,0.0,0,0,0,True,False,True,missing,0.0,adequate,<=1000bps,741.74,0.85,1,0,1.0,0,1.0,0,,False,no_upcoming,-0.024876,price_history,,2,0.6368,price_history,,-0.761134,,38.9949,0.7923,-0.272516,-0.488618,early,small,none,platform_devices,morningstar,,,,0,0.7112269238747147894627670608,42.03,41.25000000000000000000000000,58.0,50,64.44444444444444444444444444,67.02702702702702702702702703,63.471,0.8287,1.0,312,2,0.0,0.0186,0,0,0.0,0.3,0.85,oncology,0.7247,highly_crowded,1.0,141,0.008054876876876877,0.459615,-0.1014,41.75,0.828846,0.9496
MNKD,MannKind Corporation,,,D,ineligible,,,D,0.425,0.296154,1,,0,,,0,no_upcoming,9,tailwind,,XS,ineligible,clinical_score:+16.7;catalyst_score:-14.9;financial_score:-5.6,tier=;reason=;cat_days=NA;strength=missing;decay_w=0.0,v1.3.0,31f399e0,0,fundamental_red_flag,1,sponsor_absent_late_stage,"{""burn_ttm"": 0.0, ""cash_total"": 171346000.0, ""dilution_risk"": null, ""has_revenue"": null, ""lead_phase"": null, ""runway_months"": null, ""stage_bucket"": ""late"", ""surv_score"": ""1.0"", ""tier1_count"": 0}",late|none|pos,0.01745745864661654,40.195706,1.1731,0,1,1.3026,1.1026,0,0,neutral,-1.1323,,0.0,0.0,0.0,,,0.0,0,0,0,True,False,True,missing,0.0,adequate,<=1000bps,820.88,0.85,1,0,1.0,0,1.0,0,,False,no_upcoming,0.171859,price_history,,0,1.2862,price_history,,-0.187296,,56.8058,0.4616,-0.272516,0.08522,late,small,none,commercial_biotech,morningstar,,,,0,0.9,59.96,41.25000000000000000000000000,,15.54,72.91338582677165354330708661,50.58823529411764705882352941,71.8078,1.1814,3.0,1056,18,1.0,0.0002,0,0,0.0,0.8,0.5,respiratory,0.7247,highly_crowded,1.0,111,0.01745745864661654,0.575,0.1891,44.69,0.859615,1.0786
VCEL,Vericel Corporation,,,D,ineligible,,,D,0.482692,0.219231,1,,0,,,0,no_upcoming,9,headwind,deep_drawdown,XS,ineligible,clinical_score:+22.2;momentum_score:-10.3;financial_score:-7.7,tier=;reason=;cat_days=NA;strength=missing;decay_w=0.0,v1.3.0,31f399e0,0,fundamental_red_flag,1,sponsor_absent_late_stage,"{""burn_ttm"": 0.0, ""cash_total"": 137499000.0, ""dilution_risk"": null, ""has_revenue"": null, ""lead_phase"": null, ""runway_months"": null, ""stage_bucket"": ""late"", ""surv_score"": ""1.0"", ""tier1_count"": 0}",late|none|pos,0.01745745864661654,36.440573,1.1652,0,1,1.0644,0.856,0,0,neutral,-1.1323,,0.0,0.0,0.0,,,0.0,0,0,0,True,False,True,missing,0.0,adequate,<=1000bps,731.33,0.85,1,0,1.0,0,1.0,0,,False,no_upcoming,-0.239605,price_history,,0,1.2041,price_history,,-0.383572,,33.1048,0.4807,-0.272516,-0.111056,late,small,none,commercial_biotech,morningstar,,,,0,0.9,34.99,41.25000000000000000000000000,,35.81,67.48031496062992125984251968,37.57571874065530351574180870,66.6162,0.9618,3.0,2027,10,1.0,0.0,0,0,0.0,0.4,0.5,other,-1.1596,uncrowded,1.0,126,0.01745745864661654,0.517308,0.0434,40.30,0.794231,0.8212
EBS,Emergent BioSolutions Inc.,,,D,ineligible,,,D,0.363462,0.857692,1,,0,,,0,no_upcoming,9,headwind,deep_drawdown|deep_drawdown_rel_xbi,XS,ineligible,momentum_score:-30.9;clinical_score:+22.3;financial_score:+16.9,tier=;reason=;cat_days=NA;strength=missing;decay_w=0.0,v1.3.0,31f399e0,0,deep_drawdown,0,,"{""burn_ttm"": 0.0, ""cash_total"": 245500000.0, ""dilution_risk"": null, ""has_revenue"": null, ""lead_phase"": null, ""runway_months"": null, ""stage_bucket"": ""late"", ""surv_score"": ""-1.0"", ""tier1_count"": 1}",late|none|pos,0.01745745864661654,65.592794,1.1747,0,1,1.1968,1.0485,1,1,buying,-0.7434,elite_1,0.0,0.0,0.0,,,0.0,0,0,0,True,False,True,missing,0.0,adequate,<=2000bps,1186.43,0.7,1,0,1.0,0,1.0,0,,False,no_upcoming,-0.462575,price_history,,1,1.0229,price_history,,-0.704929,,31.4487,1.0204,-0.272516,-0.432413,late,small,none,commercial_pharma,morningstar,,,,0,0.9,21.62,41.25000000000000000000000000,55.5,85.81,74.80314960629921259842519685,69.41176470588235294117647059,74.2219,1.2835,3.0,174,43,1.0,0.2565,0,1,0.0,0.6,0.55,infectious_disease,-0.453,uncrowded,1.0,95,0.01745745864661654,0.636538,0.3492,55.26,0.990385,2.341
ARDX,"Ardelyx, Inc.",,,D,ineligible,,,D,0.321154,0.211538,1,,0,,,0,no_upcoming,9,headwind,deep_drawdown|deep_drawdown_rel_xbi,XS,ineligible,clinical_score:+32.6;momentum_score:-21.2;financial_score:-19.2,tier=;reason=;cat_days=NA;strength=missing;decay_w=0.0,v1.3.0,31f399e0,0,fundamental_red_flag|deep_drawdown,1,survivability_critical,"{""burn_ttm"": 42483000.0, ""cash_total"": 67999000.0, ""dilution_risk"": null, ""has_revenue"": null, ""lead_phase"": null, ""runway_months"": 19.207400607301743, ""stage_bucket"": ""late"", ""surv_score"": ""-4.0"", ""tier1_count"": 1}",late|none|pos,0.01745745864661654,36.003446,1.1747,0,1,1.4818,1.2881,1,1,buying,-0.7434,elite_1,0.0,0.0,0.0,,,0.0,0,0,0,True,False,True,missing,0.0,adequate,<=1000bps,582.84,0.85,1,0,1.0,0,1.0,0,,False,no_upcoming,-0.216272,price_history,,1,0.9791,price_history,,-0.875278,,39.1857,0.8641,-0.272516,-0.602762,late,small,none,commercial_biotech,morningstar,,,,0,0.8854993666956413758847634422,23.18,41.25000000000000000000000000,55.5,57.22,77.000,25.20099107180998761160237516,77.4466,1.42,3.0,19,13,1.0,0.6816,1,1,0.0,0.6,0.55,metabolic,-0.453,uncrowded,1.0,84,0.01745745864661654,0.678846,0.4645,34.06,0.675,0.4538
AZN,Astrazeneca PLC,,,D,ineligible,,,D,0.340385,0.103846,1,,0,,94,0,specific_days,9,neutral,,XS,ineligible,financial_score:-43.4;clinical_score:+25.5;smart_money_score:+20.6,tier=;reason=;cat_days=94;strength=near;decay_w=1.0,v1.3.0,31f399e0,0,financials_missing,1,"cash_runway_lt_6m,survivability_critical","{""burn_ttm"": 0.0, ""cash_total"": 0.0, ""dilution_risk"": null, ""has_revenue"": null, ""lead_phase"": null, ""runway_months"": 0.0, ""stage_bucket"": ""late"", ""surv_score"": ""-5.0"", ""tier1_count"": 4}",late|near_91_180|pos,0.01745745864661654,29.424,1.1747,0,1,1.1567,1.0035,4,4,buying,0.4233,elite_4,0.0,0.0,0.0,,,0.0,0,0,0,True,False,True,near,1.0,critical,<=400bps,263.76,1.0,0,0,1.0,0,1.0,0,94,False,specific_days,-0.000703,price_history,,4,-0.089,price_history,,-0.078803,,34.924,0.2344,-0.272516,0.193713,late,unknown,sev2,commercial_pharma,morningstar,,,,0,0.8534510452344395889925593481,48.37,45.56250000000000000000000000,69.0,50,73.85826771653543307086614173,5,75.1898,1.3245,3.0,39,635,1.0,2.6283,8,6,0.0,0.9,0.95,oncology,0.7247,highly_crowded,1.0,89,0.01745745864661654,0.659615,0.4114,21.95,0.459615,-0.1014
AXSM,"Axsome Therapeutics, Inc.",,,D,ineligible,,,D,0.336538,0.396154,1,,0,,,0,no_upcoming,9,tailwind,deep_drawdown|deep_drawdown_rel_xbi,XS,ineligible,catalyst_score:-21.8;momentum_score:+13.4;clinical_score:+9.3,tier=;reason=;cat_days=NA;strength=missing;decay_w=0.0,v1.3.0,31f399e0,0,deep_drawdown,0,,"{""burn_ttm"": 93405000.0, ""cash_total"": 322933000.0, ""dilution_risk"": null, ""has_revenue"": null, ""lead_phase"": null, ""runway_months"": 27.761023661657504, ""stage_bucket"": ""late"", ""surv_score"": ""1.0"", ""tier1_count"": 7}",late|none|pos,0.01745745864661654,44.965071,1.1727,0,1,1.2819,1.0811,7,7,buying,1.5901,elite_7,0.0,0.0,0.0,,,0.0,0,0,0,True,False,True,missing,0.0,adequate,<=400bps,308.96,1.0,0,0,1.0,0,1.0,0,,False,no_upcoming,0.870496,price_history,,7,1.5328,price_history,,-0.546232,,51.8363,0.5091,-0.272516,-0.273716,late,mid,none,commercial_biotech,morningstar,,,,0,0.9,76.52,41.25000000000000000000000000,71.0,14.95,72.44094488188976377952755906,54.28571428571428571428571428,71.8605,1.1836,3.0,98,12,1.0,0.5791,0,1,0.0,0.4,0.6,cns,0.2537,moderate,1.0,88,0.01745745864661654,0.663462,0.4219,47.94,0.917308,1.3872
BIIB,Biogen Inc.,,,D,ineligible,,,D,0.344231,0.380769,1,,0,,70,0,specific_days,9,headwind,,XS,ineligible,financial_score:-19.8;clinical_score:+18.8;smart_money_score:+17.7,tier=;reason=;cat_days=70;strength=near;decay_w=1.0,v1.3.0,31f399e0,0,financials_missing,1,"cash_runway_lt_6m,survivability_critical","{""burn_ttm"": 0.0, ""cash_total"": 0.0, ""dilution_risk"": null, ""has_revenue"": null, ""lead_phase"": null, ""runway_months"": 0.0, ""stage_bucket"": ""late"", ""surv_score"": ""-5.0"", ""tier1_count"": 5}",late|near_31_90|pos,0.01745745864661654,43.592459,1.1661,0,1,0.9763,0.8007,5,5,buying,0.8122,elite_5,0.0,0.0,0.0,,,0.0,0,0,0,True,False,True,near,1.0,critical,<=400bps,177.15,1.0,0,0,1.0,0,1.0,0,70,False,specific_days,-0.22969,price_history,,5,0.4281,price_history,,-0.347906,,43.8724,0.3103,-0.272516,-0.07539,late,large,none,commercial_pharma,morningstar,,,,0,0.8253604890604890604890604891,39.35,45.56250000000000000000000000,68.5,62.26,69.60629921259842519685039370,30.95879747315050185655926867,70.9378,1.1446,3.0,40,327,1.0,4.0397,7,5,0.0,0.8,0.95,oncology,0.7247,highly_crowded,1.0,90,0.01745745864661654,0.655769,0.4009,31.55,0.628846,0.3288
RARE,Ultragenyx Pharmaceutical Inc.,,,D,ineligible,,,D,0.444231,0.142308,1,,0,,81,0,specific_days,9,headwind,high_vol|deep_drawdown|deep_drawdown_rel_xbi,XS,ineligible,financial_score:-35.4;clinical_score:+20.2;smart_money_score:+9.1,tier=;reason=;cat_days=81;strength=near;decay_w=1.0,v1.3.0,31f399e0,0,deep_drawdown,0,,"{""burn_ttm"": 466000000.0, ""cash_total"": 421000000.0, ""dilution_risk"": null, ""has_revenue"": null, ""lead_phase"": null, ""runway_months"": 10.841201716738198, ""stage_bucket"": ""late"", ""surv_score"": ""-1.0"", ""tier1_count"": 5}",late|near_31_90|pos,0.01745745864661654,29.944163,1.1501,0,1,0.7847,0.5664,5,5,selling,0.8122,elite_5,0.0,0.0,0.0,,,0.0,0,0,0,True,False,True,near,1.0,short,<=1000bps,402.93,0.85,1,0,1.0,0,1.0,0,81,False,specific_days,-0.023039,price_history,,5,0.8548,price_history,,-0.546029,,42.3705,1.2539,-0.272516,-0.273513,late,mid,sev2,commercial_biotech,morningstar,,,,0,0.8980125498264112125498264112,42.47,45.56250000000000000000000000,50.0,54.12,61.10236220472440944881889764,5.573696145124716553287981852,62.0557,0.7689,3.0,352,50,1.0,0.9215,3,1,0.0,0.8,0.6,cns,-0.453,uncrowded,1.0,116,0.01745745864661654,0.555769,0.1403,13.48,0.155769,-1.012
SRPT,"Sarepta Therapeutics, Inc.",,,D,ineligible,,,D,0.463462,0.957692,1,,0,,,0,no_upcoming,9,tailwind,deep_drawdown|deep_drawdown_rel_xbi,XS,ineligible,catalyst_score:-18.4;financial_score:+16.9;smart_money_score:+5.4,tier=;reason=;cat_days=NA;strength=missing;decay_w=0.0,v1.3.0,31f399e0,0,deep_drawdown,0,,"{""burn_ttm"": 336685000.0, ""cash_total"": 850993000.0, ""dilution_risk"": null, ""has_revenue"": null, ""lead_phase"": null, ""runway_months"": 28.848768719225042, ""stage_bucket"": ""late"", ""surv_score"": ""0.0"", ""tier1_count"": 3}",late|none|pos,0.01745745864661654,76.861765,1.1479,0,1,0.764,0.545,3,3,neutral,0.0344,elite_3,0.0,0.0,0.0,,,0.0,0,0,0,True,False,True,missing,0.0,adequate,<=1000bps,463.86,0.85,1,0,1.0,0,1.0,0,,False,no_upcoming,0.123164,price_history,,3,0.3801,price_history,,-0.524785,,50.1054,1.0694,-0.272516,-0.252269,late,small,none,commercial_biotech,morningstar,,,,0,0.8614266186156331552131229029,54.75,41.25000000000000000000000000,65.0,90.00,60.62992125984251968503937008,76.47058823529411764705882353,60.2243,0.6914,3.0,292,22,1.0,0.1121,0,0,0.0,0.8,0.75,rare_disease,0.7247,highly_crowded,1.0,121,0.01745745864661654,0.536538,0.0917,37.53,0.763462,0.7175
STVN,Stevanato Group S.p.A.,,,D,ineligible,,,D,0.655769,0.134615,1,,0,,,0,no_upcoming,9,neutral,drawdown_data_missing,XS,ineligible,financial_score:-25.5;momentum_score:+20.4;catalyst_score:+19.5,tier=;reason=;cat_days=NA;strength=missing;decay_w=0.0,v1.3.0,31f399e0,0,financials_missing,1,"cash_runway_lt_6m,survivability_critical","{""burn_ttm"": 0.0, ""cash_total"": 0.0, ""dilution_risk"": null, ""has_revenue"": null, ""lead_phase"": null, ""runway_months"": 0.0, ""stage_bucket"": ""early"", ""surv_score"": ""-5.0"", ""tier1_count"": 0}",early|none|nonpos,0.008054876876876877,29.934,-1.4795,,0,,0.0,0,0,neutral,-1.1323,,0.0,0.0,0.0,,,0.0,0,0,0,True,False,True,missing,0.0,critical,<=2000bps,1065.18,0.7,1,0,1.0,0,1.0,0,,False,no_upcoming,-0.084788,price_history,,0,0.8134,price_history,,,series_too_short,35.1387,0.4363,-0.272516,,early,unknown,sev2,platform_devices,morningstar,,,drawdown,1,0.5353445648674750509711342419,50.92,50,,50,16.06072922488103100814577723,5,16.2357,-1.1695,,,,,,,,,,,,-1.6307,unknown,1.0,171,0.008054876876876877,0.344231,-0.4009,5.66,0.017308,-2.1128
SNY,Sanofi,,,D,ineligible,,,D,0.244231,0.096154,1,,0,,656,0,specific_days,9,neutral,,XS,ineligible,financial_score:-39.2;clinical_score:+30.2;smart_money_score:+5.3,tier=;reason=;cat_days=656;strength=far;decay_w=0.3,v1.3.0,31f399e0,0,financials_missing,1,"cash_runway_lt_6m,survivability_critical","{""burn_ttm"": 0.0, ""cash_total"": 0.0, ""dilution_risk"": null, ""has_revenue"": null, ""lead_phase"": null, ""runway_months"": 0.0, ""stage_bucket"": ""late"", ""surv_score"": ""-5.0"", ""tier1_count"": 1}",late|far_271_540|pos,0.05258729032258065,29.042,1.1747,0,1,1.1768,1.026,1,1,selling,-0.7434,elite_1,0.0,0.0,0.0,,,0.0,0,0,0,True,False,True,far,0.3,critical,<=400bps,241.86,1.0,0,0,1.0,0,1.0,0,656,False,specific_days,-0.046108,price_history,,1,0.2017,price_history,,-0.064147,,53.882,0.194,-0.272516,0.208369,late,unknown,sev2,commercial_pharma,morningstar,,,,0,0.8561843971631205673758865248,46.46,45.56250000000000000000000000,49.5,50,74.33070866141732283464566929,5,75.6622,1.3445,3.0,10,610,1.0,8.5387,10,12,0.0,0.8,0.95,oncology,0.7247,highly_crowded,1.0,64,0.05258729032258065,0.755769,0.6928,21.65,0.444231,-0.1403
PSNL,"Personalis, Inc.",,,D,ineligible,,,D,0.636538,0.55,1,,0,,,0,no_upcoming,9,headwind,deep_drawdown|deep_drawdown_rel_xbi,XS,ineligible,clinical_score:-24.0;catalyst_score:+9.9;financial_score:+8.3,tier=;reason=;cat_days=NA;strength=missing;decay_w=0.0,v1.3.0,31f399e0,0,deep_drawdown,0,,"{""burn_ttm"": 52700000.0, ""cash_total"": 150515000.0, ""dilution_risk"": null, ""has_revenue"": null, ""lead_phase"": null, ""runway_months"": 34.18205904617714, ""stage_bucket"": ""early"", ""surv_score"": ""3.0"", ""tier1_count"": 0}",early|none|nonpos,0.008054876876876877,48.451923,-1.4795,,0,,0.0,0,0,neutral,-1.1323,,0.0,0.0,0.0,,,0.0,0,0,0,True,False,True,missing,0.0,adequate,<=1000bps,905.17,0.85,1,0,1.0,0,1.0,0,,False,no_upcoming,-0.008978,price_history,,0,1.6758,price_history,,-0.639553,,42.2536,1.0777,-0.272516,-0.367037,early,small,sev1,platform_diagnostics,morningstar,,,,0,0.6179090433873497124934657606,45.89,50,,50,16.06072922488103100814577723,48.38649460271081892703514325,16.2357,-1.1695,,,,,,,,,,,,-1.6307,unknown,1.0,166,0.008054876876876877,0.363462,-0.3492,13.04,0.140385,-1.0786
SIGA,SIGA Technologies Inc.,,,D,ineligible,,,D,0.459615,0.903846,1,,0,,,0,no_upcoming,9,tailwind,,XS,ineligible,catalyst_score:-13.0;financial_score:+7.0;clinical_score:+3.1,tier=;reason=;cat_days=NA;strength=missing;decay_w=0.0,v1.3.0,31f399e0,0,fundamental_red_flag,1,sponsor_absent_late_stage,"{""burn_ttm"": 0.0, ""cash_total"": 171955584.0, ""dilution_risk"": null, ""has_revenue"": null, ""lead_phase"": null, ""runway_months"": null, ""stage_bucket"": ""late"", ""surv_score"": ""2.0"", ""tier1_count"": 0}",late|none|pos,0.01745745864661654,70.457412,-0.0334,546,1,0.4552,0.215,0,0,neutral,-1.1323,,0.0,0.0,0.0,,,0.0,0,0,0,True,False,True,missing,0.0,adequate,>2000bps,2020.0,0.55,1,0,1.0,0,1.0,0,,False,no_upcoming,0.166717,price_history,,0,0.1377,price_history,,-0.034794,,64.3245,0.5084,-0.272516,0.237722,late,small,none,commercial_pharma,morningstar,,,,0,0.9,57.14,41.25000000000000000000000000,,90.00,57.32283464566929133858267717,61.17647058823529411764705882,56.8087,0.5469,3.0,546,4,1.0,0.0159,0,0,0.0,0.4,0.75,rare_disease,0.7247,highly_crowded,1.0,120,0.01745745864661654,0.540385,0.1014,43.85,0.851923,1.0447
IONS,"Ionis Pharmaceuticals, Inc.",,,D,ineligible,,,D,0.398077,0.542308,1,,0,,,0,no_upcoming,9,headwind,deep_drawdown,XS,ineligible,financial_score:+19.1;momentum_score:-12.6;catalyst_score:-11.6,tier=;reason=;cat_days=NA;strength=missing;decay_w=0.0,v1.3.0,31f399e0,0,fundamental_red_flag,1,sponsor_absent_late_stage,"{""burn_ttm"": 130874000.0, ""cash_total"": 2240171000.0, ""dilution_risk"": null, ""has_revenue"": null, ""lead_phase"": null, ""runway_months"": 187.5823540904904, ""stage_bucket"": ""late"", ""surv_score"": ""3.0"", ""tier1_count"": 0}",late|none|pos,0.01745745864661654,48.429827,0.9364,0,1,0.6501,0.427,0,0,neutral,-1.1323,,0.0,0.0,0.0,,,0.0,0,0,0,True,False,True,missing,0.0,adequate,<=400bps,247.51,1.0,0,0,1.0,0,1.0,0,,False,no_upcoming,-0.200948,price_history,,0,0.9805,price_history,,-0.487457,,47.2826,0.2985,-0.272516,-0.214941,late,large,none,commercial_biotech,morningstar,,,,0,0.9,40.25,41.25000000000000000000000000,,22.84,58.03149606299212598425196850,71.96850393700787401574803150,58.5101,0.6189,3.0,515,77,1.0,1.5384,1,2,0.0,0.5,0.55,metabolic,0.2537,moderate,1.0,104,0.01745745864661654,0.601923,0.2583,46.50,0.886538,1.2083
EXEL,"Exelixis, Inc.",,,D,ineligible,,,D,0.371154,0.742308,1,,0,,,0,no_upcoming,9,headwind,,XS,ineligible,clinical_score:+9.1;momentum_score:-8.9;catalyst_score:-7.7,tier=;reason=;cat_days=NA;strength=missing;decay_w=0.0,v1.3.0,31f399e0,0,fundamental_red_flag,1,sponsor_absent_late_stage,"{""burn_ttm"": 0.0, ""cash_total"": 1059091000.0, ""dilution_risk"": null, ""has_revenue"": null, ""lead_phase"": null, ""runway_months"": null, ""stage_bucket"": ""late"", ""surv_score"": ""5.0"", ""tier1_count"": 0}",late|none|pos,0.01745745864661654,59.149579,1.1354,0,1,0.6501,0.427,0,0,neutral,-1.1323,,0.0,0.0,0.0,,,0.0,0,0,0,True,False,True,missing,0.0,adequate,<=400bps,299.43,1.0,0,0,1.0,0,1.0,0,,False,no_upcoming,-0.013051,price_history,,0,0.4608,price_history,,-0.291862,,30.8395,0.4304,-0.272516,-0.019346,late,large,none,commercial_biotech,morningstar,,,,0,0.9,40.01,41.25000000000000000000000000,,73.65,58.03149606299212598425196850,56.37795275590551181102362205,58.973,0.6384,3.0,18,71,1.0,4.2311,4,6,-0.01,0.4,0.95,oncology,0.7247,highly_crowded,1.0,97,0.01745745864661654,0.628846,0.3288,40.66,0.809615,0.8765
HALO,"Halozyme Therapeutics, Inc.",,,D,ineligible,,,D,0.236538,0.411538,1,,0,,364,0,specific_days,9,neutral,,XS,ineligible,clinical_score:+20.7;financial_score:-16.2;catalyst_score:-2.8,tier=;reason=;cat_days=364;strength=far;decay_w=0.3,v1.3.0,31f399e0,0,fundamental_red_flag,1,sponsor_absent_late_stage,"{""burn_ttm"": 0.0, ""cash_total"": 133820000.0, ""dilution_risk"": null, ""has_revenue"": null, ""lead_phase"": null, ""runway_months"": null, ""stage_bucket"": ""late"", ""surv_score"": ""-1.0"", ""tier1_count"": 0}",late|far_271_540|pos,0.05258729032258065,45.365663,1.1659,0,1,1.1369,0.931,0,0,neutral,-1.1323,,0.0,0.0,0.0,,,0.0,0,0,0,True,False,True,far,0.3,adequate,<=400bps,268.65,1.0,0,0,1.0,0,1.0,0,364,False,specific_days,-0.039261,price_history,,0,0.7862,price_history,,-0.24276,,49.5427,0.2835,-0.272516,0.029756,late,mid,none,commercial_biotech,morningstar,,,,0,0.9,46.68,45.56250000000000000000000000,,61.49,69.13385826771653543307086614,32.24036281179138321995464853,68.7282,1.0511,3.0,,29,1.0,0.0487,0,0,0.0,0.7,0.95,oncology,0.7247,highly_crowded,1.0,62,0.05258729032258065,0.763462,0.7175,34.55,0.698077,0.5189
ESPR,"Esperion Therapeutics, Inc.",,,D,ineligible,,,D,0.367308,0.111538,1,,0,,,0,no_upcoming,9,headwind,deep_drawdown|deep_drawdown_rel_xbi,XS,ineligible,clinical_score:+19.0;financial_score:-18.4;momentum_score:-17.9,tier=;reason=;cat_days=NA;strength=missing;decay_w=0.0,v1.3.0,31f399e0,0,deep_drawdown,0,,"{""burn_ttm"": 58336000.0, ""cash_total"": 92447000.0, ""dilution_risk"": null, ""has_revenue"": null, ""lead_phase"": null, ""runway_months"": 19.01679923203511, ""stage_bucket"": ""late"", ""surv_score"": ""1.0"", ""tier1_count"": 1}",late|none|pos,0.01745745864661654,29.674766,0.939,0,1,0.5153,0.2826,1,1,buying,-0.7434,elite_1,0.0,0.0,0.0,,,0.0,0,0,0,True,False,True,missing,0.0,adequate,<=1000bps,798.17,0.85,1,0,1.0,0,1.0,0,,False,no_upcoming,-0.397361,price_history,,1,1.0026,price_history,,-0.761724,,38.0725,0.7805,-0.272516,-0.489208,late,small,sev1,commercial_pharma,morningstar,,,,0,0.7885788174444575055836370048,21.85,41.25000000000000000000000000,55.5,44.85,58.74015748031496062992125984,21.34948096885813148788927335,57.526,0.5772,3.0,360,8,1.0,0.0747,0,0,0.0,0.4,0.55,metabolic,0.7247,highly_crowded,1.0,96,0.01745745864661654,0.632692,0.339,20.86,0.409615,-0.2285
AMPH,"Amphastar Pharmaceuticals, Inc.",,,D,ineligible,,,D,0.309615,0.880769,1,,0,,,0,no_upcoming,9,tailwind,overbought_rsi,XS,ineligible,catalyst_score:-15.6;financial_score:+10.2;clinical_score:+6.2,tier=;reason=;cat_days=NA;strength=missing;decay_w=0.0,v1.3.0,31f399e0,0,fundamental_red_flag,1,sponsor_absent_late_stage,"{""burn_ttm"": 0.0, ""cash_total"": 276209000.0, ""dilution_risk"": null, ""has_revenue"": null, ""lead_phase"": null, ""runway_months"": null, ""stage_bucket"": ""late"", ""surv_score"": ""3.0"", ""tier1_count"": 0}",late|none|pos,0.01745745864661654,69.035971,1.1568,0,1,0.6957,0.4853,0,0,neutral,-1.1323,,0.0,0.0,0.0,,,0.0,0,0,0,True,False,True,missing,0.0,adequate,<=2000bps,1139.42,0.7,1,0,1.0,0,1.0,0,,False,no_upcoming,0.130832,price_history,,0,0.1425,price_history,,-0.008841,,73.9929,0.4149,-0.272516,0.263675,late,small,none,commercial_pharma,morningstar,,,,0,0.9,55.96,41.25000000000000000000000000,,79.05,62.99212598425196850393700788,67.05882352941176470588235294,61.8865,0.7617,3.0,,10,1.0,0.0,0,0,0.0,0.6,0.5,respiratory,0.7247,highly_crowded,1.0,81,0.01745745864661654,0.690385,0.4969,48.02,0.925,1.4395
ACAD,ACADIA Pharmaceuticals Inc.,,,D,ineligible,,,D,0.286538,0.311538,1,,0,,,0,no_upcoming,9,tailwind,deep_drawdown|deep_drawdown_rel_xbi,XS,ineligible,financial_score:-18.3;smart_money_score:+17.4;catalyst_score:-12.4,tier=;reason=;cat_days=NA;strength=missing;decay_w=0.0,v1.3.0,31f399e0,0,deep_drawdown,0,,"{""burn_ttm"": 0.0, ""cash_total"": 177695000.0, ""dilution_risk"": null, ""has_revenue"": null, ""lead_phase"": null, ""runway_months"": null, ""stage_bucket"": ""late"", ""surv_score"": ""3.0"", ""tier1_count"": 7}",late|none|pos,0.01745745864661654,41.472755,1.1544,0,1,0.8469,0.6308,7,7,buying,1.5901,elite_7,0.0,0.0,0.0,,,0.0,0,0,0,True,False,True,missing,0.0,adequate,<=1000bps,531.5,0.85,1,0,1.0,0,1.0,0,,False,no_upcoming,0.213668,price_history,,7,0.9943,price_history,,-0.63638,,60.3866,0.3548,-0.272516,-0.363864,late,mid,none,commercial_biotech,morningstar,,,,0,0.9,58.17,41.25000000000000000000000000,71.0,39.86,62.51968503937007874015748032,35.30612244897959183673469388,62.4641,0.7861,3.0,175,16,1.0,1.066,0,2,0.0,0.6,0.6,cns,0.7247,highly_crowded,1.0,75,0.01745745864661654,0.713462,0.5635,40.04,0.786538,0.7945
PBYI,Puma Biotechnology Inc,,,D,ineligible,,,D,0.178846,0.85,1,,0,,,0,no_upcoming,9,headwind,deep_drawdown|deep_drawdown_rel_xbi,XS,ineligible,momentum_score:-31.7;financial_score:+24.3;smart_money_score:+9.7,tier=;reason=;cat_days=NA;strength=missing;decay_w=0.0,v1.3.0,31f399e0,0,deep_drawdown,0,,"{""burn_ttm"": 0.0, ""cash_total"": 94388000.0, ""dilution_risk"": null, ""has_revenue"": null, ""lead_phase"": null, ""runway_months"": null, ""stage_bucket"": ""late"", ""surv_score"": ""1.0"", ""tier1_count"": 1}",late|none|nonpos,0.06780888345864662,65.343933,0.9194,0,1,0.2155,-0.0229,1,1,buying,-0.7434,elite_1,0.0,0.0,0.0,,,0.0,0,0,0,True,False,True,missing,0.0,adequate,>2000bps,2020.0,0.55,1,0,1.0,0,1.0,0,,False,no_upcoming,-0.55963,price_history,,1,1.6131,price_history,,-0.727073,,29.8415,0.7739,-0.272516,-0.454557,late,micro,none,commercial_biotech,morningstar,,,,0,0.8365058935788055680287382128,14.15,41.25000000000000000000000000,55.5,88.51,48.12125846473915170052562327,70.07874015748031496062992126,49.1435,0.2226,3.0,46,16,1.0,0.8587,1,1,0.0,0.5,0.95,oncology,0.7247,highly_crowded,1.0,47,0.06780888345864662,0.821154,0.9198,33.21,0.659615,0.4114
KMDA,Kamada Ltd.,,,D,ineligible,,,D,0.148077,0.126923,1,,0,,,0,no_upcoming,9,neutral,,XS,ineligible,financial_score:-31.8;momentum_score:+13.8;clinical_score:+13.5,tier=;reason=;cat_days=NA;strength=missing;decay_w=0.0,v1.3.0,31f399e0,0,financials_missing,1,"cash_runway_lt_6m,sponsor_absent_late_stage,survivability_critical","{""burn_ttm"": 0.0, ""cash_total"": 0.0, ""dilution_risk"": null, ""has_revenue"": null, ""lead_phase"": null, ""runway_months"": 0.0, ""stage_bucket"": ""late"", ""surv_score"": ""-5.0"", ""tier1_count"": 0}",late|none|nonpos,0.06780888345864662,29.866,0.9209,0,1,0.1545,-0.1229,0,0,neutral,-1.1323,,0.0,0.0,0.0,,,0.0,0,0,0,True,False,True,missing,0.0,critical,>2000bps,2036.0,0.55,1,0,1.0,0,1.0,0,,False,no_upcoming,0.053068,price_history,,0,0.3208,price_history,,-0.300248,,51.348,0.3562,-0.272516,-0.027732,late,unknown,sev2,commercial_pharma,morningstar,,,,0,0.8372182113275128721737183792,50.58,41.25000000000000000000000000,,50,50.23622047244094488188976378,5,49.3721,0.2323,3.0,2576,13,1.0,0.0,0,0,0.0,0.4,0.55,infectious_disease,-0.453,uncrowded,1.0,39,0.06780888345864662,0.851923,1.0447,16.83,0.278846,-0.5863
MRNA,"Moderna, Inc.",,,D,ineligible,,,D,0.163462,0.257692,1,,0,,,0,no_upcoming,9,headwind,deep_drawdown|deep_drawdown_rel_xbi,XS,ineligible,smart_money_score:+14.9;financial_score:-14.4;clinical_score:+4.6,tier=;reason=;cat_days=NA;strength=missing;decay_w=0.0,v1.3.0,31f399e0,0,deep_drawdown,0,,"{""burn_ttm"": 1873000000.0, ""cash_total"": 2595000000.0, ""dilution_risk"": null, ""has_revenue"": null, ""lead_phase"": null, ""runway_months"": 16.625734116390817, ""stage_bucket"": ""late"", ""surv_score"": ""2.0"", ""tier1_count"": 3}",late|none|nonpos,0.06780888345864662,38.556792,0.9187,0,1,0.1544,-0.0862,3,3,selling,0.0344,elite_3,0.0,0.0,0.0,,,0.0,0,0,0,True,False,True,missing,0.0,adequate,<=400bps,132.16,1.0,0,0,1.0,0,1.0,0,,False,no_upcoming,-0.452175,price_history,,3,1.0253,price_history,,-0.522798,,27.7526,0.6347,-0.272516,-0.250282,late,large,sev1,commercial_biotech,morningstar,,,,0,0.8803362629060690002518257366,37.82,41.25000000000000000000000000,57.0,52.94,46.72666900889357334270224096,27.69731539463078926157852316,46.3848,0.1059,3.0,412,26,1.0,0.2548,0,0,0.0,0.4,0.95,oncology,0.7247,highly_crowded,1.0,43,0.06780888345864662,0.836538,0.9803,26.22,0.551923,0.1305
PHAT,"Phathom Pharmaceuticals, Inc.",,,D,ineligible,,,D,0.182692,0.080769,1,,0,,,0,no_upcoming,9,headwind,deep_drawdown|deep_drawdown_rel_xbi,XS,ineligible,smart_money_score:+18.9;financial_score:-14.8;catalyst_score:+10.7,tier=;reason=;cat_days=NA;strength=missing;decay_w=0.0,v1.3.0,31f399e0,0,fundamental_red_flag|deep_drawdown,1,survivability_critical,"{""burn_ttm"": 166775000.0, ""cash_total"": 129972000.0, ""dilution_risk"": null, ""has_revenue"": null, ""lead_phase"": null, ""runway_months"": 9.351905261579972, ""stage_bucket"": ""late"", ""surv_score"": ""-7.0"", ""tier1_count"": 1}",late|none|nonpos,0.06780888345864662,28.520337,0.8918,0,1,-0.8872,-1.1646,1,1,selling,-0.7434,elite_1,0.0,0.0,0.0,,,0.0,0,0,0,True,False,True,missing,0.0,short,<=1000bps,859.62,0.85,1,0,1.0,0,1.0,0,,False,no_upcoming,-0.367955,price_history,,1,1.1418,price_history,,-0.566255,,28.2762,0.6057,-0.272516,-0.293739,late,small,sev2,commercial_biotech,morningstar,,,,0,0.7992469454887218045112781955,23.39,41.25000000000000000000000000,49.5,47.77,22.97042594085188170376340753,15.82852748942714340638216070,23.3999,-0.8665,3.0,34,2,0.3333,0.7533,1,1,0.0,0.4,0.55,infectious_disease,-0.453,uncrowded,1.0,48,0.06780888345864662,0.817308,0.9052,7.82,0.036538,-1.7923
OPK,"Opko Health, Inc.",,,D,ineligible,,,D,0.175,0.942308,1,,0,,,0,no_upcoming,9,tailwind,,XS,ineligible,financial_score:+21.9;clinical_score:-14.8;catalyst_score:-12.2,tier=;reason=;cat_days=NA;strength=missing;decay_w=0.0,v1.3.0,31f399e0,0,fundamental_red_flag,1,sponsor_absent_late_stage,"{""burn_ttm"": 152621000.0, ""cash_total"": 411972000.0, ""dilution_risk"": null, ""has_revenue"": null, ""lead_phase"": null, ""runway_months"": 32.276737801482106, ""stage_bucket"": ""late"", ""surv_score"": ""-2.0"", ""tier1_count"": 0}",late|none|nonpos,0.06780888345864662,74.989353,0.912,0,1,,0.0,0,0,neutral,-1.1323,,0.0,0.0,0.0,,,0.0,0,0,0,True,False,True,missing,0.0,adequate,<=2000bps,1631.21,0.7,1,0,1.0,0,1.0,0,,False,no_upcoming,0.121384,price_history,,0,1.101,price_history,,-0.312187,,59.3157,0.354,-0.272516,-0.039671,late,small,none,platform_diagnostics,morningstar,,,,0,0.9,58.50,41.25000000000000000000000000,,84.02,38.61953279462114479784515124,75.29411764705882352941176471,37.4536,-0.2719,3.0,1326,11,1.0,0.0,0,0,0.0,0.4,0.55,ophthalmology,0.2537,moderate,1.0,46,0.06780888345864662,0.825,0.9346,35.71,0.736538,0.6327
INVA,"Innoviva, Inc.",,,D,ineligible,,,D,0.144231,0.95,1,,0,,,0,no_upcoming,9,tailwind,,XS,ineligible,clinical_score:-21.4;financial_score:+21.1;momentum_score:+9.8,tier=;reason=;cat_days=NA;strength=missing;decay_w=0.0,v1.3.0,31f399e0,0,fundamental_red_flag,1,sponsor_absent_late_stage,"{""burn_ttm"": 0.0, ""cash_total"": 550941000.0, ""dilution_risk"": null, ""has_revenue"": null, ""lead_phase"": null, ""runway_months"": null, ""stage_bucket"": ""late"", ""surv_score"": ""2.0"", ""tier1_count"": 0}",late|none|nonpos,0.06780888345864662,75.847118,-0.0705,,0,-0.6089,-0.8765,0,0,neutral,-1.1323,,0.0,0.0,0.0,,,0.0,0,0,0,True,False,True,missing,0.0,adequate,<=1000bps,731.28,0.85,1,0,1.0,0,1.0,0,,False,no_upcoming,0.094642,price_history,,0,0.2008,price_history,,-0.051282,,56.9229,0.3385,-0.272516,0.221234,late,small,none,commercial_biotech,morningstar,,,,0,0.9,60.51,41.25000000000000000000000000,,89.86,29.31703418962393480342516241,71.76470588235294117647058823,28.3436,-0.6573,3.0,,3,0.0,0.0,0,0,0.0,0.3,0.95,oncology,0.7247,highly_crowded,1.0,38,0.06780888345864662,0.855769,1.0615,35.21,0.709615,0.5523
FOLD,"Amicus Therapeutics, Inc.",,,D,ineligible,,,D,0.128846,0.288462,1,,0,,,0,no_upcoming,9,tailwind,deep_drawdown|deep_drawdown_rel_xbi,XS,ineligible,smart_money_score:+22.2;clinical_score:-17.5;catalyst_score:-10.5,tier=;reason=;cat_days=NA;strength=missing;decay_w=0.0,v1.3.0,31f399e0,0,deep_drawdown,0,,"{""burn_ttm"": 0.0, ""cash_total"": 293536000.0, ""dilution_risk"": null, ""has_revenue"": null, ""lead_phase"": null, ""runway_months"": null, ""stage_bucket"": ""late"", ""surv_score"": ""1.0"", ""tier1_count"": 6}",late|none|nonpos,0.06780888345864662,40.022714,0.9093,0,1,-0.3901,-0.6499,6,6,buying,1.2011,elite_6,0.0,0.0,0.0,,,0.0,0,0,0,True,False,True,missing,0.0,adequate,<=400bps,259.01,1.0,0,0,1.0,0,1.0,0,,False,no_upcoming,0.03086,price_history,,6,1.2068,price_history,,-0.544395,,51.0244,0.6001,-0.272516,-0.271879,late,mid,none,commercial_biotech,morningstar,,,,0,0.9,58.49,41.25000000000000000000000000,74.0,15.54,34.30845750580390049668988228,50.85714285714285714285714286,33.9028,-0.4221,3.0,1113,27,1.0,0.0003,0,0,0.0,0.7,0.75,rare_disease,0.7247,highly_crowded,1.0,34,0.06780888345864662,0.871154,1.1319,32.99,0.655769,0.4009
EOLS,"Evolus, Inc. Common Stock",,,D,ineligible,,,D,0.121154,0.326923,1,,0,,,0,no_upcoming,9,headwind,deep_drawdown|deep_drawdown_rel_xbi,XS,ineligible,smart_money_score:+18.6;financial_score:-17.2;clinical_score:-13.0,tier=;reason=;cat_days=NA;strength=missing;decay_w=0.0,v1.3.0,31f399e0,0,fundamental_red_flag|deep_drawdown,1,survivability_critical,"{""burn_ttm"": 55092000.0, ""cash_total"": 43523000.0, ""dilution_risk"": null, ""has_revenue"": null, ""lead_phase"": null, ""runway_months"": 9.480069701590068, ""stage_bucket"": ""late"", ""surv_score"": ""-5.0"", ""tier1_count"": 1}",late|none|nonpos,0.06780888345864662,41.904658,-0.2915,,0,-1.2567,-1.7088,1,1,selling,-0.7434,elite_1,0.0,0.0,0.0,,,0.0,0,0,0,True,False,True,missing,0.0,short,<=2000bps,1511.35,0.7,1,0,1.0,0,1.0,0,,False,no_upcoming,-0.362269,price_history,,1,0.7543,price_history,,-0.562689,,40.516,0.5726,-0.272516,-0.290173,late,micro,sev2,commercial_pharma,morningstar,,,,0,0.8690122494681446646512148696,30.28,41.25000000000000000000000000,48.5,86.08,16.97652950861457278470112495,12.71257431403751696392281673,15.6531,-1.1942,3.0,,2,0.3333,0.0,0,0,0.0,0.3,0.5,other,-3.0439,uncrowded,1.0,32,0.06780888345864662,0.878846,1.1692,5.14,0.009615,-2.341
AMRX,"Amneal Pharmaceuticals, Inc.",,,D,ineligible,,,D,0.048077,0.319231,1,,0,,,0,no_upcoming,9,neutral,,XS,ineligible,clinical_score:+5.6;catalyst_score:-3.9;financial_score:-3.5,tier=;reason=;cat_days=NA;strength=missing;decay_w=0.0,v1.3.0,31f399e0,0,fundamental_red_flag,1,sponsor_absent_late_stage,"{""burn_ttm"": 0.0, ""cash_total"": 201249000.0, ""dilution_risk"": null, ""has_revenue"": null, ""lead_phase"": null, ""runway_months"": null, ""stage_bucket"": ""late"", ""surv_score"": ""1.0"", ""tier1_count"": 0}",late|none|nonpos,0.06780888345864662,41.615398,0.921,0,1,0.1745,-0.1004,0,0,neutral,-1.1323,,0.0,0.0,0.0,,,0.0,0,0,0,True,False,True,missing,0.0,adequate,<=1000bps,544.86,0.85,1,0,1.0,0,1.0,0,,False,no_upcoming,0.022471,price_history,,0,0.6168,price_history,,-0.294038,,43.4311,0.3236,-0.272516,-0.021522,late,mid,none,commercial_pharma,morningstar,,,,0,0.9,46.96,41.25000000000000000000000000,,38.51,50.70866141732283464566929134,41.65532879818594104308390023,49.4946,0.2375,3.0,,12,1.0,0.0,0,0,0.0,0.4,0.6,autoimmune,0.7247,highly_crowded,1.0,13,0.06780888345864662,0.951923,1.6638,35.46,0.721154,0.5863
CRMD,CorMedix Inc.,,,D,ineligible,,,D,0.105769,0.734615,1,,0,,,0,no_upcoming,9,headwind,deep_drawdown|deep_drawdown_rel_xbi,XS,ineligible,clinical_score:-31.0;smart_money_score:+22.0;financial_score:+5.2,tier=;reason=;cat_days=NA;strength=missing;decay_w=0.0,v1.3.0,31f399e0,0,deep_drawdown,0,,"{""burn_ttm"": 0.0, ""cash_total"": 55716811.0, ""dilution_risk"": null, ""has_revenue"": null, ""lead_phase"": null, ""runway_months"": null, ""stage_bucket"": ""late"", ""surv_score"": ""1.0"", ""tier1_count"": 2}",late|none|nonpos,0.06780888345864662,58.519,0.8553,0,1,-1.5441,-1.8447,2,2,buying,-0.3545,elite_2,0.0,0.0,0.0,,,0.0,0,0,0,True,False,True,missing,0.0,adequate,<=1000bps,707.46,0.85,1,0,1.0,0,1.0,0,,False,no_upcoming,-0.1239,price_history,,2,1.0078,price_history,,-0.700228,,54.4063,0.8522,-0.272516,-0.427712,late,small,none,commercial_biotech,morningstar,,,,0,0.7657396728257031893609509239,40.56,41.25000000000000000000000000,61.0,87.16,7.988715977431954863909727819,44.22444359007219445512409757,7.1246,-1.555,3.0,,3,0.6667,0.0,0,0,0.0,0.4,0.55,infectious_disease,-2.1017,uncrowded,1.0,28,0.06780888345864662,0.894231,1.2493,16.40,0.267308,-0.621
COLL,"Collegium Pharmaceutical, Inc.",,,D,ineligible,,,D,0.101923,0.896154,1,,0,,,0,no_upcoming,9,headwind,,XS,ineligible,financial_score:+26.9;clinical_score:-26.5;momentum_score:-0.3,tier=;reason=;cat_days=NA;strength=missing;decay_w=0.0,v1.3.0,31f399e0,0,fundamental_red_flag,1,sponsor_absent_late_stage,"{""burn_ttm"": 0.0, ""cash_total"": 386679000.0, ""dilution_risk"": null, ""has_revenue"": null, ""lead_phase"": null, ""runway_months"": null, ""stage_bucket"": ""late"", ""surv_score"": ""3.0"", ""tier1_count"": 0}",late|none|nonpos,0.06780888345864662,70.403882,-0.0981,,0,-1.3482,-1.8117,0,0,neutral,-1.1323,,0.0,0.0,0.0,,,0.0,0,0,0,True,False,True,missing,0.0,adequate,<=1000bps,731.17,0.85,1,0,1.0,0,1.0,0,,False,no_upcoming,-0.049547,price_history,,0,0.4226,price_history,,-0.25364,,41.955,0.4474,-0.272516,0.018876,late,small,none,commercial_pharma,morningstar,,,,0,0.9,40.99,41.25000000000000000000000000,,90.00,14.81975186172594567411357045,68.23529411764705882352941176,13.9556,-1.266,3.0,,2,0.0,0.0,0,0,0.0,0.4,0.5,other,-1.3951,uncrowded,1.0,27,0.06780888345864662,0.898077,1.2707,25.74,0.536538,0.0917
BBIO,"BridgeBio Pharma, Inc.",,,D,ineligible,,,D,0.075,0.088462,1,,0,,,0,no_upcoming,9,headwind,,XS,ineligible,smart_money_score:+30.9;clinical_score:-27.1;financial_score:-14.9,tier=;reason=;cat_days=NA;strength=missing;decay_w=0.0,v1.3.0,31f399e0,0,fundamental_red_flag,1,debt_distress_with_weak_surv,"{""burn_ttm"": 445910000.0, ""cash_total"": 578058000.0, ""dilution_risk"": null, ""has_revenue"": null, ""lead_phase"": null, ""runway_months"": 14.850685940363437, ""stage_bucket"": ""late"", ""surv_score"": ""-3.0"", ""tier1_count"": 5}",late|none|nonpos,0.06780888345864662,28.779855,0.8621,0,1,-1.4568,-1.7543,5,5,buying,0.8122,elite_5,0.0,0.0,0.0,,,0.0,0,0,0,True,False,True,missing,0.0,adequate,<=400bps,239.27,1.0,0,0,1.0,0,1.0,0,,False,no_upcoming,-0.04238,price_history,,5,0.8977,price_history,,-0.338217,,45.1029,0.4744,-0.272516,-0.065701,late,large,sev1,commercial_biotech,morningstar,,,,0,0.8926765965439519158527422990,44.07,41.25000000000000000000000000,68.0,28.50,9.980159960319920639841279687,22.20189995935547426650408856,10.7474,-1.4017,3.0,473,19,1.0,0.7437,1,1,0.0,0.4,0.95,oncology,0.7247,highly_crowded,1.0,20,0.06780888345864662,0.925,1.4395,11.08,0.082692,-1.3872
ALVO,Alvotech,,,D,ineligible,,,D,0.040385,0.119231,1,,0,,,0,no_upcoming,9,neutral,drawdown_data_missing,XS,ineligible,financial_score:-27.0;momentum_score:+18.0;catalyst_score:+9.2,tier=;reason=;cat_days=NA;strength=missing;decay_w=0.0,v1.3.0,31f399e0,0,financials_missing,1,"cash_runway_lt_6m,sponsor_absent_late_stage,survivability_critical","{""burn_ttm"": 0.0, ""cash_total"": 0.0, ""dilution_risk"": null, ""has_revenue"": null, ""lead_phase"": null, ""runway_months"": 0.0, ""stage_bucket"": ""late"", ""surv_score"": ""-5.0"", ""tier1_count"": 0}",late|none|nonpos,0.06780888345864662,29.75,0.9059,0,1,-0.6282,-1.0026,0,0,neutral,-1.1323,,0.0,0.0,0.0,,,0.0,0,0,0,True,False,True,missing,0.0,critical,>2000bps,2020.0,0.55,1,0,1.0,0,1.0,0,,False,no_upcoming,,,beta_missing:series_too_short,0,,,series_too_short,,no_price_series,,0.9498,-0.272516,,late,unknown,sev2,commercial_pharma,morningstar,,,drawdown,1,0.7956685739730602248691973728,50,41.25000000000000000000000000,,50,31.78794579811381844985912194,5,31.8516,-0.5089,3.0,4,2,0.3333,2.56,2,2,0.0,0.3,0.6,autoimmune,0.7247,highly_crowded,1.0,11,0.06780888345864662,0.959615,1.7462,8.88,0.055769,-1.5913
ZLAB,Zai Lab Limited,,,D,ineligible,,,D,0.021154,0.342308,1,,0,,78,0,specific_days,9,headwind,deep_drawdown|deep_drawdown_rel_xbi,XS,ineligible,financial_score:+33.7;momentum_score:-22.6;clinical_score:-18.0,tier=;reason=;cat_days=78;strength=near;decay_w=1.0,v1.3.0,31f399e0,0,deep_drawdown,0,,"{""burn_ttm"": 150789000.0, ""cash_total"": 689573000.0, ""dilution_risk"": null, ""has_revenue"": null, ""lead_phase"": null, ""runway_months"": 54.87718600163142, ""stage_bucket"": ""late"", ""surv_score"": ""4.0"", ""tier1_count"": 3}",late|near_31_90|nonpos,0.08162784615384616,42.284,0.8959,0,1,-0.7847,-1.0584,3,3,selling,0.0344,elite_3,0.0,0.0,0.0,,,0.0,0,0,0,True,False,True,near,1.0,adequate,<=1000bps,827.45,0.85,1,0,1.0,0,1.0,0,78,False,specific_days,-0.392453,price_history,,3,0.7198,price_history,,-0.555735,,21.7507,0.3972,-0.272516,-0.283219,late,mid,none,commercial_biotech,morningstar,,,,0,0.8666717678100263852242744063,20.67,45.56250000000000000000000000,48.0,10.00,25.30907061814123628247256494,77.000,26.3311,-0.7425,3.0,78,20,1.0,1.8459,1,2,0.0,0.4,0.95,oncology,0.7247,highly_crowded,1.0,6,0.08162784615384616,0.978846,2.0305,22.64,0.478846,-0.053
IBRX,"ImmunityBio, Inc.",,,D,ineligible,,,D,0.009615,0.011538,1,,0,,900,0,specific_days,9,headwind,high_vol|high_beta|deep_drawdown|deep_drawdown_rel_xbi,XS,ineligible,smart_money_score:+24.9;financial_score:-22.6;clinical_score:-20.2,tier=;reason=;cat_days=900;strength=far;decay_w=0.3,v1.3.0,31f399e0,0,fundamental_red_flag|deep_drawdown,1,survivability_critical,"{""burn_ttm"": 304936000.0, ""cash_total"": 242818000.0, ""dilution_risk"": null, ""has_revenue"": null, ""lead_phase"": null, ""runway_months"": 7.9651196483535704, ""stage_bucket"": ""late"", ""surv_score"": ""-4.0"", ""tier1_count"": 1}",late|far_271_540|nonpos,0.0865231111111111,18.506,0.8511,0,1,-1.5727,-1.8743,1,1,neutral,-0.7434,elite_1,0.0,0.0,0.0,,,0.0,0,0,0,True,False,True,far,0.3,short,<=400bps,178.96,1.0,0,0,1.0,0,1.0,0,900,False,specific_days,-0.294132,price_history,,1,2.0564,price_history,,-0.817278,,37.7334,1.3149,-0.272516,-0.544762,late,mid,sev2,commercial_biotech,morningstar,,,,0,0.7846859433847649131332766371,27.38,45.56250000000000000000000000,52.5,30.80,7.335923560736010360909610710,5,8.909,-1.4795,3.0,1814,43,1.0,1.4564,15,2,0.0,0.4,0.95,oncology,-0.453,uncrowded,1.0,3,0.0865231111111111,0.990385,2.341,4.02,0.001923,-2.8905
GRFS,"Grifols, S.A.",,,D,ineligible,,,D,0.005769,0.042308,1,,0,,473,0,specific_days,9,headwind,deep_drawdown,XS,ineligible,financial_score:-22.5;catalyst_score:+18.1;momentum_score:+4.3,tier=;reason=;cat_days=473;strength=far;decay_w=0.3,v1.3.0,31f399e0,0,financials_missing,1,"cash_runway_lt_6m,sponsor_absent_late_stage,survivability_critical","{""burn_ttm"": 0.0, ""cash_total"": 0.0, ""dilution_risk"": null, ""has_revenue"": null, ""lead_phase"": null, ""runway_months"": 0.0, ""stage_bucket"": ""late"", ""surv_score"": ""-5.0"", ""tier1_count"": 0}",late|far_271_540|nonpos,0.0865231111111111,26.102,0.8986,0,1,-0.8018,-1.1976,0,0,neutral,-1.1323,,0.0,0.0,0.0,,,0.0,0,0,0,True,False,True,far,0.3,critical,<=2000bps,1441.59,0.7,1,0,1.0,0,1.0,0,473,False,specific_days,-0.208792,price_history,,0,0.376,price_history,,-0.378086,,25.987,0.3193,-0.272516,-0.10557,late,unknown,sev2,commercial_pharma,morningstar,,,,0,0.8344277329749103942652329749,31.76,45.56250000000000000000000000,,50,27.69731539463078926157852316,5,29.3788,-0.6135,3.0,35,60,1.0,3.7048,3,4,0.0,0.6,0.95,oncology,-0.453,uncrowded,1.0,2,0.0865231111111111,0.994231,2.526,9.99,0.071154,-1.4673
CRL,Charles River Laboratories Inte,,,D,ineligible,,,D,0.001923,0.357692,1,,0,,1754,0,specific_days,9,neutral,,XS,ineligible,clinical_score:-17.2;momentum_score:+10.4;catalyst_score:+6.9,tier=;reason=;cat_days=1754;strength=far;decay_w=0.3,v1.3.0,31f399e0,0,fundamental_red_flag,1,sponsor_absent_late_stage,"{""burn_ttm"": 0.0, ""cash_total"": 213770000.0, ""dilution_risk"": null, ""has_revenue"": null, ""lead_phase"": null, ""runway_months"": null, ""stage_bucket"": ""late"", ""surv_score"": ""3.0"", ""tier1_count"": 0}",late|far_271_540|nonpos,0.0865231111111111,42.5235,0.8884,0,1,,0.0,0,0,neutral,-1.1323,,0.0,0.0,0.0,,,0.0,0,0,0,True,False,True,far,0.3,adequate,<=400bps,254.94,1.0,0,0,1.0,0,1.0,0,1754,False,specific_days,-0.079937,price_history,,0,-0.0295,price_history,,-0.157953,,39.0333,0.3443,-0.272516,0.114563,late,mid,none,platform_diagnostics,morningstar,,,,0,0.8717482716501771100525222914,49.03,45.56250000000000000000000000,,44.05,21.43888509999242220706663635,38.44444444444444444444444444,21.3833,-0.9518,3.0,1754,43,1.0,0.0,0,0,0.0,0.5,0.95,oncology,-0.453,uncrowded,1.0,1,0.0865231111111111,0.998077,2.8905,15.40,0.213462,-0.7945
