ticker,company_name,actionable_rank,target_weight_pct,tier_any,tier_any_reason,tier_dev,tier_reason,tier_commercial,alpha_cohort_pct,commercial_quality_pct,has_commercial_quality,clinical_optionality_pct_dev,has_clinical_optionality_dev,clinical_rank_pct_dev,catalyst_days,catalyst_in_window,catalyst_mode,cat_priority,mom_state,risk_flags,size_band,size_reasons,top_3_drivers,catalyst_reason_detail,decision_engine_version,decision_engine_ruleset_id,eligible,ineligible_reasons,alpha_cohort_key,alpha_cohort_raw,commercial_quality,clinical_alpha_z,clinical_readout_days,clinical_coverage_flag,clinical_score_z,clinical_score_z_tier,sponsor_tier1_count,sponsor_overlap_count,sponsor_net_buying,coinvest_score_z,coinvest_tag,coinvest_conviction,coinvest_tier1_conviction,coinvest_max_position_pct,coinvest_filing_age_days,coinvest_recency_state,inst_delta_z,inst_delta_net,inst_delta_new,inst_delta_exit,has_coinvest_signal,has_inst_delta,has_catalyst_signal,catalyst_strength,catalyst_decay_w,runway_bucket,cost_bucket,est_cost_bps,cost_mult,cost_haircut_applied,dd_rel_margin_rescued,catalyst_tilt_mult,catalyst_tilt_applied,mom_state_tilt_mult,mom_state_tilt_applied,de_catalyst_days,de_catalyst_in_window,de_catalyst_mode,de_alpha_60d,de_alpha_60d_source,de_alpha_60d_missing_reason,de_tier1_count,de_beta_xbi_60d,de_beta_xbi_60d_source,de_beta_xbi_60d_missing_reason,de_drawdown,de_drawdown_missing_reason,de_rsi_14d,de_drawdown_xbi,de_drawdown_rel_xbi,stage_bucket,market_cap_bucket,severity,archetype,returns_source,catalyst_source,catalyst_event_type,missing_components,missingness_penalty,confidence_overall,momentum_score,catalyst_score,smart_money_score,valuation_score,clinical_score,financial_score,composite_rank,composite_score,score_rank_pct,score_z,composite_score_attn,score_rank_pct_attn,score_z_attn
TSHA,"Taysha Gene Therapies, Inc.",1,,A,high_opt+catalyst_near,A,high_opt+catalyst_near,,0.556657,,,0.687984,1,0.687984,1046,1,specific_days,,tailwind,high_vol,L,tier_a_dev|catalyst_far_lift|sponsor_confirmed|momentum_tailwind|high_risk,,,v1.3.0,34839213,1,,late|far_271_540|pos,0.0961064745762712,,-0.845903,1046,1,-0.39739,1.0,6,10,selling,0.8416,,7.2825,5.7913,3.58,45,fresh,0,0,0,0,True,False,True,far,0.3,adequate,,,1.0,0,0,1.0,0,1.0,0,1046,,specific_days,0.667083,price_history,,6,1.5181,price_history,,-0.336066,,45.7815,-0.177568,-0.158498,late,small,NONE,drug_developer,pit_bundle,CTGOV,CLINICAL_PCD,,0,0.5,,,,,0.440503,,197,0.0961064745762712,0.556657,,,,
KROS,"Keros Therapeutics, Inc.",2,,A,high_opt+catalyst_near,A,high_opt+catalyst_near,,0.998584,,,0.726744,1,0.726744,486,1,specific_days,,tailwind,,L,tier_a_dev|catalyst_far_lift|sponsor_confirmed|momentum_tailwind,,,v1.3.0,34839213,1,,mid|far_271_540|nonpos,-0.012862136363636364,,-1.324662,309,1,-0.784696,-1.0,2,4,buying,-0.4793,,5.02,4.2733,3.78,46,fresh,0,0,0,0,True,False,True,far,0.3,adequate,,,1.0,0,0,1.0,0,1.0,0,486,,specific_days,0.102632,price_history,,2,1.026,price_history,,-0.199915,,41.8052,-0.177568,-0.022347,mid,small,NONE,drug_developer,pit_bundle,CTGOV,CLINICAL_PCD,,0,0.5,,,,,0.336298,,353,-0.012862136363636364,0.998584,,,,
RCUS,"Arcus Biosciences, Inc.",3,,B,mod_opt+catalyst_near,B,mod_opt+catalyst_near,,0.553824,,,0.300388,1,0.300388,580,1,specific_days,,tailwind,deep_drawdown,L,catalyst_far_lift|sponsor_confirmed|momentum_tailwind|runway_short,,,v1.3.0,34839213,1,,late|far_271_540|pos,0.0961064745762712,,0.762122,0,1,0.903468,2.270325,5,8,buying,0.5114,,6.867,5.7486,1.53,46,fresh,0,0,0,0,True,False,True,far,0.3,short,,,1.0,0,0,1.0,0,1.0,0,580,,specific_days,0.072097,price_history,,5,1.4193,price_history,,-0.353016,,42.1065,-0.177568,-0.175448,late,mid,SEV2,drug_developer,pit_bundle,CTGOV,CLINICAL_PCD,,0,0.5,,,,,0.7905,,196,0.0961064745762712,0.553824,,,,
TARS,"Tarsus Pharmaceuticals, Inc.",4,,B,mod_opt+catalyst_near,B,mod_opt+catalyst_near,,0.432011,,,0.323643,1,0.323643,46,1,specific_days,,tailwind,,L,sponsor_confirmed|momentum_tailwind,,,v1.3.0,34839213,1,,late|near_31_90|pos,0.1,,0.762122,0,1,0.903468,2.270325,6,9,buying,0.8416,,11.0223,9.525,4.13,34,fresh,0,0,0,0,True,False,True,near,1.0,adequate,,,1.0,0,0,1.0,0,1.0,0,46,,specific_days,0.155687,price_history,,6,1.4292,price_history,,-0.198623,,39.8522,-0.177568,-0.021055,late,mid,NONE,drug_developer,pit_bundle,CTGOV,CLINICAL_PCD,,0,0.5,,,,,0.7905,,153,0.1,0.432011,,,,
VNDA,Vanda Pharmaceuticals Inc.,5,,B,mod_opt+catalyst_near,B,mod_opt+catalyst_near,,0.468839,,,0.350775,1,0.350775,62,1,specific_days,,tailwind,,L,sponsor_confirmed|momentum_tailwind|runway_short,,,v1.3.0,34839213,1,,late|near_31_90|pos,0.1,,0.762122,0,1,0.903468,2.270325,2,5,buying,-0.4793,,2.5207,1.4028,0.11,45,fresh,0,0,0,0,True,False,True,near,1.0,short,,,1.0,0,0,1.0,0,1.0,0,62,,specific_days,0.339989,price_history,,2,0.7535,price_history,,-0.315108,,55.7071,-0.177568,-0.13754,late,small,SEV2,drug_developer,pit_bundle,CTGOV,CLINICAL_PCD,,0,0.5,,,,,0.7905,,166,0.1,0.468839,,,,
RGNX,REGENXBIO Inc.,6,,B,mod_opt+catalyst_near,B,mod_opt+catalyst_near,,0.392351,,,0.304264,1,0.304264,154,1,specific_days,,tailwind,deep_drawdown,L,sponsor_confirmed|momentum_tailwind|runway_short,,,v1.3.0,34839213,1,,late|near_91_180|pos,0.1,,0.762122,0,1,0.903468,2.270325,2,6,buying,-0.4793,,4.7278,3.2365,2.41,34,fresh,0,0,0,0,True,False,True,mid,0.7,short,,,1.0,0,0,1.0,0,1.0,0,154,,specific_days,0.313438,price_history,,2,1.5586,price_history,,-0.37627,,26.2683,-0.177568,-0.198702,late,small,SEV2,drug_developer,pit_bundle,CTGOV,CLINICAL_CD,,0,0.5,,,,,0.7905,,139,0.1,0.392351,,,,
KURA,"Kura Oncology, Inc.",7,,B,mod_opt+catalyst_near,B,mod_opt+catalyst_near,,0.961756,,,0.467054,1,0.467054,1183,1,specific_days,,neutral,,L,catalyst_far_lift|sponsor_confirmed|runway_short,,,v1.3.0,34839213,1,,mid|far_271_540|pos,0.05133853608247423,,0.231469,0,1,0.474181,1.73491,5,9,buying,0.5114,,13.8319,12.154,5.68,46,fresh,0,0,0,0,True,False,True,far,0.3,short,,,1.0,0,0,1.0,0,1.0,0,1183,,specific_days,-0.031382,price_history,,5,1.0525,price_history,,-0.166171,,49.873,-0.177568,0.011397,mid,small,SEV2,drug_developer,pit_bundle,CTGOV,CLINICAL_PCD,,0,0.5,,,,,0.675,,340,0.05133853608247423,0.961756,,,,
IMMP,Immutep Limited,8,,B,mod_opt+catalyst_near,B,mod_opt+catalyst_near,,0.958924,,,0.455426,1,0.455426,397,1,specific_days,,tailwind,,L,catalyst_far_lift|momentum_tailwind,,,v1.3.0,34839213,1,,mid|far_271_540|pos,0.05133853608247423,,0.231469,0,1,0.474181,1.73491,0,1,selling,-1.1397,,0.28,0.0,0.0,46,fresh,0,0,0,0,True,False,True,far,0.3,adequate,,,1.0,0,0,1.0,0,1.0,0,397,,specific_days,0.282597,price_history,,0,0.2026,price_history,,-0.069204,,61.3565,-0.177568,0.108364,mid,small,NONE,drug_developer,pit_bundle,CTGOV,CLINICAL_PCD,,0,0.5,,,,,0.675,,339,0.05133853608247423,0.958924,,,,
ZYME,Zymeworks Inc.,9,,B,high_opt+no_catalyst_data,B,high_opt+no_catalyst_data,,0.494334,,,0.641473,1,0.641473,,0,no_upcoming,,headwind,,M,sponsor_confirmed|momentum_headwind,,,v1.3.0,34839213,1,,late|none|pos,0.1,,-0.5422,150,1,-0.151701,0.954298,5,6,buying,0.5114,,10.5148,10.0502,3.62,34,fresh,0,0,0,0,True,False,False,missing,0.0,adequate,,,1.0,0,0,1.0,0,1.0,0,,,missing,-0.186211,price_history,,5,0.8873,price_history,,-0.334884,,36.9439,-0.177568,-0.157316,late,small,NONE,drug_developer,pit_bundle,,,,0,0.5,,,,,0.506606,,175,0.1,0.494334,,,,
SRRK,Scholar Rock Holding Corporatio,10,,B,high_opt+no_catalyst_data,B,high_opt+no_catalyst_data,,0.417847,,,0.660853,1,0.660853,,0,no_upcoming,,neutral,,L,sponsor_confirmed,,,v1.3.0,34839213,1,,late|none|pos,0.1,,-0.723798,232,1,-0.29861,0.77107,4,6,buying,0.1812,,10.3592,9.4259,19.85,46,fresh,0,0,0,0,True,False,False,missing,0.0,adequate,,,1.0,0,0,1.0,0,1.0,0,,,missing,0.028491,price_history,,4,1.4282,price_history,,-0.278051,,50.2902,-0.177568,-0.100483,late,mid,SEV1,drug_developer,pit_bundle,,,,0,0.5,,,,,0.46708,,148,0.1,0.417847,,,,
PCVX,"Vaxcyte, Inc.",11,,B,high_opt+no_catalyst_data,B,high_opt+no_catalyst_data,,0.630312,,,0.649225,1,0.649225,,0,no_upcoming,,headwind,,S,sponsor_confirmed|momentum_headwind|runway_short,,,v1.3.0,34839213,1,,mid|none|pos,0.08701244092219021,,-0.700628,78,1,-0.279866,0.794448,12,15,buying,2.8228,,22.9021,21.4857,7.74,34,fresh,0,0,0,0,True,False,False,missing,0.0,short,,,1.0,0,0,1.0,0,1.0,0,,,missing,-0.167504,price_history,,12,0.7368,price_history,,-0.25293,,37.8635,-0.177568,-0.075362,mid,mid,SEV2,drug_developer,pit_bundle,,,,0,0.5,,,,,0.472123,,223,0.08701244092219021,0.630312,,,,
MLYS,"Mineralys Therapeutics, Inc.",12,,B,high_opt+no_catalyst_data,B,high_opt+no_catalyst_data,,0.307365,,,0.656977,1,0.656977,,0,no_upcoming,,neutral,,L,sponsor_confirmed,,,v1.3.0,34839213,1,,late|none|pos,0.1,,-0.712445,224,1,-0.289426,0.782525,4,6,selling,0.1812,,6.1773,5.5253,6.05,46,fresh,0,0,0,0,True,False,False,missing,0.0,adequate,,,1.0,0,0,1.0,0,1.0,0,,,missing,0.036153,price_history,,4,0.755,price_history,,-0.283626,,49.8031,-0.177568,-0.106058,late,mid,NONE,drug_developer,pit_bundle,,,,0,0.5,,,,,0.469551,,109,0.1,0.307365,,,,
PHVS,Pharvaris N.V.,13,,B,high_opt+no_catalyst_data,B,high_opt+no_catalyst_data,,0.366856,,,0.684109,1,0.684109,,0,no_upcoming,,headwind,,M,sponsor_confirmed|momentum_headwind,,,v1.3.0,34839213,1,,late|none|pos,0.1,,-0.831771,426,1,-0.385958,0.662128,6,8,buying,0.8416,,12.6375,11.5987,20.68,46,fresh,0,0,0,0,True,False,False,missing,0.0,adequate,,,1.0,0,0,1.0,0,1.0,0,,,missing,-0.171228,price_history,,6,0.3533,price_history,,-0.23324,,59.8476,-0.177568,-0.055672,late,small,NONE,drug_developer,pit_bundle,,,,0,0.5,,,,,0.443579,,130,0.1,0.366856,,,,
IMVT,"Immunovant, Inc.",14,,B,high_opt+no_catalyst_data,B,high_opt+no_catalyst_data,,0.230878,,,0.668605,1,0.668605,,0,no_upcoming,,headwind,deep_drawdown,M,sponsor_confirmed|momentum_headwind,,,v1.3.0,34839213,1,,late|none|pos,0.1,,-0.791652,305,1,-0.353503,0.702607,11,15,selling,2.4926,,17.3856,16.0802,4.72,34,fresh,0,0,0,0,True,False,False,missing,0.0,adequate,,,1.0,0,0,1.0,0,1.0,0,,,missing,-0.191367,price_history,,11,0.6056,price_history,,-0.379045,,33.7212,-0.177568,-0.201477,late,mid,NONE,drug_developer,pit_bundle,,,,0,0.5,,,,,0.452311,,82,0.1,0.230878,,,,
INVA,"Innoviva, Inc.",15,,B,high_opt+no_catalyst_data,B,high_opt+no_catalyst_data,,0.245042,,,0.703488,1,0.703488,,0,no_upcoming,,neutral,,M,,,,v1.3.0,34839213,1,,late|none|pos,0.1,,-0.845917,,1,-0.397402,0.647855,0,3,buying,-1.1397,,1.3979,0.0,0.0,46,fresh,0,0,0,0,True,False,False,missing,0.0,adequate,,,1.0,0,0,1.0,0,1.0,0,,,missing,-0.038802,price_history,,0,0.2858,price_history,,-0.099523,,53.2106,-0.177568,0.078045,late,small,NONE,drug_developer,pit_bundle,,,,0,0.5,,,,,0.4405,,87,0.1,0.245042,,,,
TNGX,"Tango Therapeutics, Inc.",16,,B,high_opt+no_catalyst_data,B,high_opt+no_catalyst_data,,0.987252,,,0.645349,1,0.645349,,0,no_upcoming,,headwind,deep_drawdown,S,sponsor_confirmed|momentum_headwind|runway_short,,,v1.3.0,34839213,1,,early|none|pos,0.023322922839506172,,-0.647903,22,1,-0.237212,0.847646,10,13,neutral,2.1624,,13.3363,11.9384,4.05,34,fresh,0,0,0,0,True,False,False,missing,0.0,short,,,1.0,0,0,1.0,0,1.0,0,,,missing,-0.367836,price_history,,10,0.9017,price_history,,-0.402174,,46.1436,-0.177568,-0.224606,early,small,SEV2,drug_developer,pit_bundle,,,,0,0.5,,,,,0.483599,,349,0.023322922839506172,0.987252,,,,
AVBP,"ArriVent BioPharma, Inc.",17,,B,high_opt+no_catalyst_data,B,high_opt+no_catalyst_data,,0.086402,,,0.680233,1,0.680233,,0,no_upcoming,,neutral,drawdown_data_missing,S,runway_short,,,v1.3.0,34839213,1,,late|none|pos,0.1,,-0.826823,399,1,-0.381955,0.667121,,0,neutral,0.0,,0.0,0.0,0.0,,,0,0,0,0,False,False,False,missing,0.0,short,,,1.0,0,0,1.0,0,1.0,0,,,missing,,,series_too_short,,,,series_too_short,,series_too_short,,,,late,small,SEV2,drug_developer,pit_bundle,,,sponsor|drawdown,2,0.5,,,,,0.444656,,31,0.1,0.086402,,,,
ACLX,"Arcellx, Inc.",18,,B,high_opt+no_catalyst_data,B,high_opt+no_catalyst_data,,0.590652,,,0.722868,1,0.722868,,0,no_upcoming,,headwind,,S,sponsor_confirmed|momentum_headwind|runway_short,,,v1.3.0,34839213,1,,mid|none|pos,0.08701244092219021,,-1.092438,156,1,-0.596832,0.399121,7,10,buying,1.1718,,18.8462,17.4482,6.11,34,fresh,0,0,0,0,True,False,False,missing,0.0,short,,,1.0,0,0,1.0,0,1.0,0,,,missing,-0.1753,price_history,,7,0.9842,price_history,,-0.319363,,28.9297,-0.177568,-0.141795,mid,mid,SEV2,drug_developer,pit_bundle,,,,0,0.5,,,,,0.386843,,209,0.08701244092219021,0.590652,,,,
AARD,"Aardvark Therapeutics, Inc.",19,,B,high_opt+no_catalyst_data,B,high_opt+no_catalyst_data,,0.584986,,,0.715116,1,0.715116,,0,no_upcoming,,neutral,drawdown_data_missing,M,,,,v1.3.0,34839213,1,,mid|none|pos,0.08701244092219021,,-1.062556,147,1,-0.572658,0.429271,,0,neutral,0.0,,0.0,0.0,0.0,,,0,0,0,0,False,False,False,missing,0.0,adequate,,,1.0,0,0,1.0,0,1.0,0,,,missing,,,series_too_short,,,,series_too_short,,series_too_short,,,,mid,small,SEV1,drug_developer,pit_bundle,,,sponsor|drawdown,2,0.5,,,,,0.393347,,207,0.08701244092219021,0.584986,,,,
NRIX,"Nurix Therapeutics, Inc.",20,,B,high_opt+no_catalyst_data,B,high_opt+no_catalyst_data,,0.981586,,,0.622093,1,0.622093,,0,no_upcoming,,tailwind,high_beta,L,sponsor_confirmed|momentum_tailwind|high_risk,,,v1.3.0,34839213,1,,early|none|pos,0.023322922839506172,,-0.299184,0,1,0.044894,1.199495,5,8,buying,0.5114,,8.5921,7.1942,1.8,46,fresh,0,0,0,0,True,False,False,missing,0.0,adequate,,,1.0,0,0,1.0,0,1.0,0,,,missing,0.547722,price_history,,5,1.8661,price_history,,-0.312357,,39.4833,-0.177568,-0.134789,early,small,SEV1,drug_developer,pit_bundle,,,,0,0.5,,,,,0.5595,,347,0.023322922839506172,0.981586,,,,
SYRE,"Spyre Therapeutics, Inc.",21,,B,high_opt+no_catalyst_data,B,high_opt+no_catalyst_data,,0.910765,,,0.901163,1,0.901163,,0,no_upcoming,,tailwind,,L,sponsor_confirmed|momentum_tailwind|runway_short,,,v1.3.0,34839213,1,,early|none|nonpos,0.06969944897959185,,-2.180589,,1,-1.477123,-0.698795,9,11,buying,1.8322,,12.0678,11.1365,1.4,34,fresh,0,0,0,0,True,False,False,missing,0.0,short,,,1.0,0,0,1.0,0,1.0,0,,,missing,0.309805,price_history,,9,0.6982,price_history,,-0.271986,,44.1591,-0.177568,-0.094418,early,mid,SEV2,drug_developer,pit_bundle,,,,0,0.5,,,,,0.15,,322,0.06969944897959185,0.910765,,,,
ADMA,ADMA Biologics Inc,22,,B,high_opt+no_catalyst_data,B,high_opt+no_catalyst_data,,0.021246,,,0.699612,1,0.699612,,0,no_upcoming,,tailwind,,L,sponsor_confirmed|momentum_tailwind,,,v1.3.0,34839213,1,,late|none|pos,0.1,,-0.845917,,1,-0.397402,0.647855,3,7,buying,-0.1491,,4.8555,3.2705,0.65,34,fresh,0,0,0,0,True,False,False,missing,0.0,adequate,,,1.0,0,0,1.0,0,1.0,0,,,missing,0.274042,price_history,,3,0.7192,price_history,,-0.032641,,58.4787,-0.177568,0.144927,late,mid,NONE,drug_developer,pit_bundle,,,,0,0.5,,,,,0.4405,,8,0.1,0.021246,,,,
RANI,"Rani Therapeutics Holdings, Inc",23,,B,high_opt+no_catalyst_data,B,high_opt+no_catalyst_data,,0.984419,,,0.633721,1,0.633721,,0,no_upcoming,,tailwind,,L,momentum_tailwind,,,v1.3.0,34839213,1,,early|none|pos,0.023322922839506172,,-0.299184,0,1,0.044894,1.199495,0,1,buying,-1.1397,,0.4646,0.0,0.0,47,fresh,0,0,0,0,True,False,False,missing,0.0,adequate,,,1.0,0,0,1.0,0,1.0,0,,,missing,0.821618,price_history,,0,-0.1697,price_history,,-0.187261,,59.4545,-0.177568,-0.009693,early,micro,NONE,drug_developer,pit_bundle,,,,0,0.5,,,,,0.5595,,348,0.023322922839506172,0.984419,,,,
VERV,"Verve Therapeutics, Inc.",24,,B,high_opt+no_catalyst_data,B,high_opt+no_catalyst_data,,0.939093,,,0.78876,1,0.78876,,0,no_upcoming,,neutral,drawdown_data_missing,L,sponsor_confirmed,,,v1.3.0,34839213,1,,early|none|nonpos,0.06969944897959185,,-1.843117,290,1,-1.204115,-0.358294,6,8,buying,0.8416,,8.6631,7.7319,4.12,45,fresh,0,0,0,0,True,False,False,missing,0.0,adequate,,,1.0,0,0,1.0,0,1.0,0,,,missing,,,no_price_series,6,,,no_price_series,,no_price_series,,,,early,,NONE,drug_developer,pit_bundle,,,drawdown,1,0.5,,,,,0.223453,,332,0.06969944897959185,0.939093,,,,
MBX,"MBX Biosciences, Inc.",25,,B,high_opt+no_catalyst_data,B,high_opt+no_catalyst_data,,0.978754,,,0.618217,1,0.618217,,0,no_upcoming,,neutral,drawdown_data_missing,M,,,,v1.3.0,34839213,1,,early|none|pos,0.023322922839506172,,-0.299184,0,1,0.044894,1.199495,,0,neutral,0.0,,0.0,0.0,0.0,,,0,0,0,0,False,False,False,missing,0.0,adequate,,,1.0,0,0,1.0,0,1.0,0,,,missing,,,series_too_short,,,,series_too_short,,series_too_short,,,,early,small,NONE,drug_developer,pit_bundle,,,sponsor|drawdown,2,0.5,,,,,0.5595,,346,0.023322922839506172,0.978754,,,,
MAZE,"Maze Therapeutics, Inc.",26,,B,high_opt+no_catalyst_data,B,high_opt+no_catalyst_data,,0.975921,,,0.614341,1,0.614341,,0,no_upcoming,,neutral,drawdown_data_missing,M,,,,v1.3.0,34839213,1,,early|none|pos,0.023322922839506172,,-0.299184,0,1,0.044894,1.199495,,0,neutral,0.0,,0.0,0.0,0.0,,,0,0,0,0,False,False,False,missing,0.0,adequate,,,1.0,0,0,1.0,0,1.0,0,,,missing,,,series_too_short,,,,series_too_short,,series_too_short,,,,early,mid,NONE,drug_developer,pit_bundle,,,sponsor|drawdown,2,0.5,,,,,0.5595,,345,0.023322922839506172,0.975921,,,,
TYRA,"Tyra Biosciences, Inc.",27,,B,high_opt+no_catalyst_data,B,high_opt+no_catalyst_data,,0.933428,,,0.80814,1,0.80814,,0,no_upcoming,,neutral,,M,sponsor_confirmed|runway_short,,,v1.3.0,34839213,1,,early|none|nonpos,0.06969944897959185,,-1.87967,366,1,-1.233686,-0.395175,6,6,buying,0.8416,,7.424,7.424,4.45,34,fresh,0,0,0,0,True,False,False,missing,0.0,short,,,1.0,0,0,1.0,0,1.0,0,,,missing,0.042359,price_history,,6,0.6752,price_history,,-0.145,,57.1376,-0.177568,0.032568,early,small,SEV2,drug_developer,pit_bundle,,,,0,0.5,,,,,0.215497,,330,0.06969944897959185,0.933428,,,,
LCTX,"Lineage Cell Therapeutics, Inc.",28,,B,high_opt+no_catalyst_data,B,high_opt+no_catalyst_data,,0.973088,,,0.610465,1,0.610465,,0,no_upcoming,,tailwind,,L,momentum_tailwind,,,v1.3.0,34839213,1,,early|none|pos,0.023322922839506172,,-0.299184,0,1,0.044894,1.199495,,0,neutral,0.0,,0.0,0.0,0.0,,,0,0,0,0,False,False,False,missing,0.0,adequate,,,1.0,0,0,1.0,0,1.0,0,,,missing,0.160322,price_history,,,1.2625,price_history,,-0.287582,,40.2793,-0.177568,-0.110014,early,small,NONE,drug_developer,pit_bundle,,,sponsor,1,0.5,,,,,0.5595,,344,0.023322922839506172,0.973088,,,,
_XBI_BENCHMARK_,,29,,B,high_opt+no_catalyst_data,B,high_opt+no_catalyst_data,,0.947592,,,0.998062,1,0.998062,,0,no_upcoming,,neutral,drawdown_data_missing,M,,,,v1.3.0,34839213,1,,early|none|nonpos,0.06969944897959185,,,,,-2.034638,-1.394139,,0,neutral,0.0,,0.0,0.0,0.0,,,0,0,0,0,False,False,False,missing,0.0,adequate,,,1.0,0,0,1.0,0,1.0,0,,,missing,,,no_price_series,,,,no_price_series,,no_price_series,,,,early,,NONE,drug_developer,pit_bundle,,,sponsor|drawdown,2,0.5,,,,,0.0,,335,0.06969944897959185,0.947592,,,,
SRZN,"Surrozen, Inc.",30,,B,high_opt+no_catalyst_data,B,high_opt+no_catalyst_data,,0.905099,,,0.986434,1,0.986434,,0,no_upcoming,,tailwind,high_vol,L,sponsor_confirmed|momentum_tailwind|high_risk,,,v1.3.0,34839213,1,,early|none|nonpos,0.06969944897959185,,,,,-2.034638,-1.394139,6,8,selling,0.8416,,3.8807,3.1361,0.02,34,fresh,0,0,0,0,True,False,False,missing,0.0,adequate,,,1.0,0,0,1.0,0,1.0,0,,,missing,0.227781,price_history,,6,0.1327,price_history,,-0.315086,,52.6345,-0.177568,-0.137518,early,micro,NONE,drug_developer,pit_bundle,,,,0,0.5,,,,,0.0,,320,0.06969944897959185,0.905099,,,,
XERS,"Xeris Biopharma Holdings, Inc.",31,,B,high_opt+no_catalyst_data,B,high_opt+no_catalyst_data,,0.944759,,,0.994186,1,0.994186,,0,no_upcoming,,neutral,drawdown_data_missing,L,sponsor_confirmed,,,v1.3.0,34839213,1,,early|none|nonpos,0.06969944897959185,,,,,-2.034638,-1.394139,2,5,buying,-0.4793,,2.7668,1.5556,0.09,46,fresh,0,0,0,0,True,False,False,missing,0.0,adequate,,,1.0,0,0,1.0,0,1.0,0,,,missing,,,series_too_short,2,,,series_too_short,,series_too_short,,,,early,small,NONE,drug_developer,pit_bundle,,,drawdown,1,0.5,,,,,0.0,,334,0.06969944897959185,0.944759,,,,
TRDA,"Entrada Therapeutics, Inc.",32,,B,high_opt+no_catalyst_data,B,high_opt+no_catalyst_data,,0.927762,,,0.908915,1,0.908915,,0,no_upcoming,,headwind,,S,sponsor_confirmed|momentum_headwind|runway_short,,,v1.3.0,34839213,1,,early|none|nonpos,0.06969944897959185,,-2.180589,,1,-1.477123,-0.698795,2,3,buying,-0.4793,,2.64,2.1733,0.84,46,fresh,0,0,0,0,True,False,False,missing,0.0,short,,,1.0,0,0,1.0,0,1.0,0,,,missing,-0.15669,price_history,,2,1.0053,price_history,,-0.342032,,38.8641,-0.177568,-0.164464,early,small,SEV2,drug_developer,pit_bundle,,,,0,0.5,,,,,0.15,,328,0.06969944897959185,0.927762,,,,
TNYA,"Tenaya Therapeutics, Inc.",33,,B,high_opt+no_catalyst_data,B,high_opt+no_catalyst_data,,0.924929,,,0.839147,1,0.839147,,0,no_upcoming,,tailwind,high_beta|deep_drawdown,L,sponsor_confirmed|momentum_tailwind|high_risk,,,v1.3.0,34839213,1,,early|none|nonpos,0.06969944897959185,,-1.906744,731,1,-1.255589,-0.422493,2,5,buying,-0.4793,,4.1552,3.0373,2.03,46,fresh,0,0,0,0,True,False,False,missing,0.0,adequate,,,1.0,0,0,1.0,0,1.0,0,,,missing,0.067373,price_history,,2,1.8269,price_history,,-0.405759,,48.1731,-0.177568,-0.228191,early,micro,SEV1,drug_developer,pit_bundle,,,,0,0.5,,,,,0.209604,,327,0.06969944897959185,0.924929,,,,
TECX,"Tectonic Therapeutic, Inc.",34,,B,high_opt+no_catalyst_data,B,high_opt+no_catalyst_data,,0.916431,,,0.905039,1,0.905039,,0,no_upcoming,,headwind,,S,momentum_headwind,,,v1.3.0,34839213,1,,early|none|nonpos,0.06969944897959185,,-2.180589,,1,-1.477123,-0.698795,,0,neutral,0.0,,0.0,0.0,0.0,,,0,0,0,0,False,False,False,missing,0.0,adequate,,,1.0,0,0,1.0,0,1.0,0,,,missing,-0.064833,price_history,,,0.1439,price_history,,-0.265432,,38.0548,-0.177568,-0.087864,early,small,NONE,drug_developer,pit_bundle,,,sponsor,1,0.5,,,,,0.15,,324,0.06969944897959185,0.916431,,,,
TCRX,Healthcare,35,,B,high_opt+no_catalyst_data,B,high_opt+no_catalyst_data,,0.913598,,,0.823643,1,0.823643,,0,no_upcoming,,tailwind,,L,sponsor_confirmed|momentum_tailwind,,,v1.3.0,34839213,1,,early|none|nonpos,0.06969944897959185,,-1.904668,580,1,-1.253909,-0.420398,2,5,buying,-0.4793,,3.529,2.1311,0.76,46,fresh,0,0,0,0,True,False,False,missing,0.0,adequate,,,1.0,0,0,1.0,0,1.0,0,,,missing,0.490084,price_history,,2,0.4412,price_history,,-0.06988,,58.346,-0.177568,0.107688,early,micro,NONE,drug_developer,pit_bundle,,,,0,0.5,,,,,0.210056,,323,0.06969944897959185,0.913598,,,,
SLDB,Solid Biosciences Inc.,36,,B,high_opt+no_catalyst_data,B,high_opt+no_catalyst_data,,0.902266,,,0.846899,1,0.846899,,0,no_upcoming,,tailwind,deep_drawdown,L,sponsor_confirmed|momentum_tailwind|runway_short,,,v1.3.0,34839213,1,,early|none|nonpos,0.06969944897959185,,-1.907149,898,1,-1.255916,-0.422901,3,4,buying,-0.1491,,4.5927,4.1281,1.84,34,fresh,0,0,0,0,True,False,False,missing,0.0,short,,,1.0,0,0,1.0,0,1.0,0,,,missing,0.301248,price_history,,3,0.9904,price_history,,-0.398644,,36.5736,-0.177568,-0.221076,early,small,SEV2,drug_developer,pit_bundle,,,,0,0.5,,,,,0.209516,,319,0.06969944897959185,0.902266,,,,
SION,"Sionna Therapeutics, Inc.",37,,B,high_opt+no_catalyst_data,B,high_opt+no_catalyst_data,,0.899433,,,0.897287,1,0.897287,,0,no_upcoming,,neutral,drawdown_data_missing,M,,,,v1.3.0,34839213,1,,early|none|nonpos,0.06969944897959185,,-2.180589,,1,-1.477123,-0.698795,,0,neutral,0.0,,0.0,0.0,0.0,,,0,0,0,0,False,False,False,missing,0.0,adequate,,,1.0,0,0,1.0,0,1.0,0,,,missing,,,series_too_short,,,,series_too_short,,series_too_short,,,,early,small,SEV1,drug_developer,pit_bundle,,,sponsor|drawdown,2,0.5,,,,,0.15,,318,0.06969944897959185,0.899433,,,,
SEPN,"Septerna, Inc.",38,,B,high_opt+no_catalyst_data,B,high_opt+no_catalyst_data,,0.893768,,,0.893411,1,0.893411,,0,no_upcoming,,neutral,drawdown_data_missing,M,,,,v1.3.0,34839213,1,,early|none|nonpos,0.06969944897959185,,-2.180589,,1,-1.477123,-0.698795,,0,neutral,0.0,,0.0,0.0,0.0,,,0,0,0,0,False,False,False,missing,0.0,adequate,,,1.0,0,0,1.0,0,1.0,0,,,missing,,,series_too_short,,,,series_too_short,,series_too_short,,,,early,small,NONE,drug_developer,pit_bundle,,,sponsor|drawdown,2,0.5,,,,,0.15,,316,0.06969944897959185,0.893768,,,,
SANA,"Sana Biotechnology, Inc.",39,,B,high_opt+no_catalyst_data,B,high_opt+no_catalyst_data,,0.890935,,,0.804264,1,0.804264,,0,no_upcoming,,tailwind,high_beta,M,sponsor_confirmed|momentum_tailwind|runway_short|high_risk,,,v1.3.0,34839213,1,,early|none|nonpos,0.06969944897959185,,-1.87967,366,1,-1.233686,-0.395175,3,6,buying,-0.1491,,3.2126,1.908,0.3,46,fresh,0,0,0,0,True,False,False,missing,0.0,short,,,1.0,0,0,1.0,0,1.0,0,,,missing,0.649925,price_history,,3,2.1528,price_history,,-0.20142,,53.946,-0.177568,-0.023852,early,small,SEV2,drug_developer,pit_bundle,,,,0,0.5,,,,,0.215497,,315,0.06969944897959185,0.890935,,,,
NUVL,"Nuvalent, Inc.",40,,B,high_opt+no_catalyst_data,B,high_opt+no_catalyst_data,,0.834278,,,0.866279,1,0.866279,,0,no_upcoming,,headwind,,S,sponsor_confirmed|momentum_headwind|runway_short,,,v1.3.0,34839213,1,,early|none|nonpos,0.06969944897959185,,-1.907222,1310,1,-1.255975,-0.422975,5,7,buying,0.5114,,15.1664,14.2331,27.16,34,fresh,0,0,0,0,True,False,False,missing,0.0,short,,,1.0,0,0,1.0,0,1.0,0,,,missing,-0.064886,price_history,,5,0.9087,price_history,,-0.22598,,47.648,-0.177568,-0.048412,early,mid,SEV2,drug_developer,pit_bundle,,,,0,0.5,,,,,0.2095,,295,0.06969944897959185,0.834278,,,,
ORKA,"Oruka Therapeutics, Inc.",41,,B,high_opt+no_catalyst_data,B,high_opt+no_catalyst_data,,0.851275,,,0.885659,1,0.885659,,0,no_upcoming,,tailwind,high_vol,M,momentum_tailwind|high_risk,,,v1.3.0,34839213,1,,early|none|nonpos,0.06969944897959185,,-2.180589,,1,-1.477123,-0.698795,,0,neutral,0.0,,0.0,0.0,0.0,,,0,0,0,0,False,False,False,missing,0.0,adequate,,,1.0,0,0,1.0,0,1.0,0,,,missing,1.179481,price_history,,,0.6607,price_history,,-0.043836,,68.8192,-0.177568,0.133732,early,small,SEV1,drug_developer,pit_bundle,,,sponsor,1,0.5,,,,,0.15,,301,0.06969944897959185,0.851275,,,,
OCS,Healthcare,42,,B,high_opt+no_catalyst_data,B,high_opt+no_catalyst_data,,0.842776,,,0.978682,1,0.978682,,0,no_upcoming,,neutral,overbought_rsi,S,runway_short,,,v1.3.0,34839213,1,,early|none|nonpos,0.06969944897959185,,,,,-2.034638,-1.394139,0,2,selling,-1.1397,,0.6533,0.0,0.0,46,fresh,0,0,0,0,True,False,False,missing,0.0,short,,,1.0,0,0,1.0,0,1.0,0,,,missing,0.037794,price_history,,0,0.2274,price_history,,-0.066095,,71.9408,-0.177568,0.111473,early,small,SEV2,drug_developer,pit_bundle,,,,0,0.5,,,,,0.0,,298,0.06969944897959185,0.842776,,,,
OABI,"OmniAb, Inc.",43,,B,high_opt+no_catalyst_data,B,high_opt+no_catalyst_data,,0.83711,,,0.881783,1,0.881783,,0,no_upcoming,,headwind,,XS,momentum_headwind|runway_short,,,v1.3.0,34839213,1,,early|none|nonpos,0.06969944897959185,,-2.180589,,1,-1.477123,-0.698795,,0,neutral,0.0,,0.0,0.0,0.0,,,0,0,0,0,False,False,False,missing,0.0,short,,,1.0,0,0,1.0,0,1.0,0,,,missing,-0.192886,price_history,,,1.0576,price_history,,-0.336323,,30.6863,-0.177568,-0.158755,early,micro,SEV2,drug_developer,pit_bundle,,,sponsor,1,0.5,,,,,0.15,,296,0.06969944897959185,0.83711,,,,
IDYA,"IDEAYA Biosciences, Inc.",44,,B,high_opt+no_catalyst_data,B,high_opt+no_catalyst_data,,0.621813,,,0.761628,1,0.761628,,0,no_upcoming,,headwind,,M,sponsor_confirmed|momentum_headwind,,,v1.3.0,34839213,1,,mid|none|pos,0.08701244092219021,,-1.376482,884,1,-0.826618,0.112528,9,11,buying,1.8322,,19.4042,18.4708,5.98,46,fresh,0,0,0,0,True,False,False,missing,0.0,adequate,,,1.0,0,0,1.0,0,1.0,0,,,missing,-0.053071,price_history,,9,0.7863,price_history,,-0.137492,,48.4343,-0.177568,0.040076,mid,mid,NONE,drug_developer,pit_bundle,,,,0,0.5,,,,,0.325019,,220,0.08701244092219021,0.621813,,,,
MENS,Jyong Biotech Ltd.,45,,B,high_opt+no_catalyst_data,B,high_opt+no_catalyst_data,,0.814448,,,0.955426,1,0.955426,,0,no_upcoming,,neutral,drawdown_data_missing,M,,,,v1.3.0,34839213,1,,early|none|nonpos,0.06969944897959185,,,,,-2.034638,-1.394139,,0,neutral,0.0,,0.0,0.0,0.0,,,0,0,0,0,False,False,False,missing,0.0,adequate,,,1.0,0,0,1.0,0,1.0,0,,,missing,,,series_too_short,,,,series_too_short,,series_too_short,,,,early,micro,SEV1,drug_developer,pit_bundle,,,sponsor|drawdown,2,0.5,,,,,0.0,,288,0.06969944897959185,0.814448,,,,
LXEO,"Lexeo Therapeutics, Inc.",46,,B,high_opt+no_catalyst_data,B,high_opt+no_catalyst_data,,0.805949,,,0.777132,1,0.777132,,0,no_upcoming,,neutral,drawdown_data_missing,S,runway_short,,,v1.3.0,34839213,1,,early|none|nonpos,0.06969944897959185,,-1.714634,191,1,-1.100176,-0.228659,0,1,buying,-1.1397,,0.4667,0.0,0.0,46,fresh,0,0,0,0,True,False,False,missing,0.0,short,,,1.0,0,0,1.0,0,1.0,0,,,missing,,,series_too_short,0,,,series_too_short,,series_too_short,,,,early,small,SEV2,drug_developer,pit_bundle,,,drawdown,1,0.5,,,,,0.251418,,285,0.06969944897959185,0.805949,,,,
LGND,Ligand Pharmaceuticals Incorporated,47,,B,high_opt+no_catalyst_data,B,high_opt+no_catalyst_data,,0.803116,,,0.95155,1,0.95155,,0,no_upcoming,,neutral,,M,,,,v1.3.0,34839213,1,,early|none|nonpos,0.06969944897959185,,,,,-2.034638,-1.394139,0,4,buying,-1.1397,,1.5846,0.0,0.0,46,fresh,0,0,0,0,True,False,False,missing,0.0,adequate,,,1.0,0,0,1.0,0,1.0,0,,,missing,-0.021503,price_history,,0,1.0735,price_history,,-0.21648,,38.4337,-0.177568,-0.038912,early,mid,NONE,drug_developer,pit_bundle,,,,0,0.5,,,,,0.0,,284,0.06969944897959185,0.803116,,,,
UPB,"Upstream Bio, Inc.",48,,B,high_opt+no_catalyst_data,B,high_opt+no_catalyst_data,,0.669972,,,0.73062,1,0.73062,,0,no_upcoming,,neutral,drawdown_data_missing,S,runway_short,,,v1.3.0,34839213,1,,mid|none|pos,0.08701244092219021,,-1.36348,433,1,-0.816099,0.125647,,0,neutral,0.0,,0.0,0.0,0.0,,,0,0,0,0,False,False,False,missing,0.0,short,,,1.0,0,0,1.0,0,1.0,0,,,missing,,,series_too_short,,,,series_too_short,,series_too_short,,,,mid,small,SEV2,drug_developer,pit_bundle,,,sponsor|drawdown,2,0.5,,,,,0.327849,,237,0.08701244092219021,0.669972,,,,
JBIO,Healthcare,49,,B,high_opt+no_catalyst_data,B,high_opt+no_catalyst_data,,0.794618,,,0.877907,1,0.877907,,0,no_upcoming,,tailwind,,M,momentum_tailwind|runway_short,,,v1.3.0,34839213,1,,early|none|nonpos,0.06969944897959185,,-2.180589,,1,-1.477123,-0.698795,,0,neutral,0.0,,0.0,0.0,0.0,,,0,0,0,0,False,False,False,missing,0.0,short,,,1.0,0,0,1.0,0,1.0,0,,,missing,0.174242,price_history,,,1.5619,price_history,,-0.349268,,35.5984,-0.177568,-0.1717,early,small,SEV2,drug_developer,pit_bundle,,,sponsor,1,0.5,,,,,0.15,,281,0.06969944897959185,0.794618,,,,
JANX,"Janux Therapeutics, Inc.",50,,B,high_opt+no_catalyst_data,B,high_opt+no_catalyst_data,,0.791785,,,0.827519,1,0.827519,,0,no_upcoming,,tailwind,high_vol|high_beta|overbought_rsi,M,sponsor_confirmed|momentum_tailwind|runway_short|high_risk,,,v1.3.0,34839213,1,,early|none|nonpos,0.06969944897959185,,-1.905412,611,1,-1.254511,-0.421149,3,4,neutral,-0.1491,,4.2225,3.9425,1.54,46,fresh,0,0,0,0,True,False,False,missing,0.0,short,,,1.0,0,0,1.0,0,1.0,0,,,missing,6.122362,price_history,,3,7.1269,price_history,,0.0,,73.926,-0.177568,0.177568,early,small,SEV2,drug_developer,pit_bundle,,,,0,0.5,,,,,0.209894,,280,0.06969944897959185,0.791785,,,,
HOWL,Healthcare,51,,B,high_opt+no_catalyst_data,B,high_opt+no_catalyst_data,,0.77762,,,0.784884,1,0.784884,,0,no_upcoming,,tailwind,,L,momentum_tailwind,,,v1.3.0,34839213,1,,early|none|nonpos,0.06969944897959185,,-1.791701,237,1,-1.162521,-0.306417,1,3,buying,-0.8095,,1.8781,0.9468,0.37,46,fresh,0,0,0,0,True,False,False,missing,0.0,adequate,,,1.0,0,0,1.0,0,1.0,0,,,missing,0.179638,price_history,,1,0.6885,price_history,,-0.211125,,52.9541,-0.177568,-0.033557,early,micro,SEV1,drug_developer,pit_bundle,,,,0,0.5,,,,,0.234644,,275,0.06969944897959185,0.77762,,,,
SKYE,Healthcare,52,,B,high_opt+no_catalyst_data,B,high_opt+no_catalyst_data,,0.661473,,,0.76938,1,0.76938,,0,no_upcoming,,tailwind,high_vol|high_beta,S,momentum_tailwind|runway_short|high_risk,,,v1.3.0,34839213,1,,mid|none|pos,0.08701244092219021,,-1.37657,,1,-0.826688,0.11244,,0,neutral,0.0,,0.0,0.0,0.0,,,0,0,0,0,False,False,False,missing,0.0,short,,,1.0,0,0,1.0,0,1.0,0,,,missing,2.329971,price_history,,,2.6867,price_history,,-0.281667,,48.5233,-0.177568,-0.104099,mid,micro,SEV2,drug_developer,pit_bundle,,,sponsor,1,0.5,,,,,0.325,,234,0.08701244092219021,0.661473,,,,
ELVN,"Enliven Therapeutics, Inc.",53,,B,high_opt+no_catalyst_data,B,high_opt+no_catalyst_data,,0.746459,,,0.843023,1,0.843023,,0,no_upcoming,,tailwind,high_beta,L,sponsor_confirmed|momentum_tailwind|high_risk,,,v1.3.0,34839213,1,,early|none|nonpos,0.06969944897959185,,-1.906979,792,1,-1.255778,-0.422729,5,5,buying,0.5114,,6.1589,6.1589,2.49,46,fresh,0,0,0,0,True,False,False,missing,0.0,adequate,,,1.0,0,0,1.0,0,1.0,0,,,missing,0.198767,price_history,,5,1.8455,price_history,,-0.269941,,47.9744,-0.177568,-0.092373,early,small,NONE,drug_developer,pit_bundle,,,,0,0.5,,,,,0.209553,,264,0.06969944897959185,0.746459,,,,
GLUE,"Monte Rosa Therapeutics, Inc.",54,,B,high_opt+no_catalyst_data,B,high_opt+no_catalyst_data,,0.769122,,,0.835271,1,0.835271,,0,no_upcoming,,tailwind,deep_drawdown,L,sponsor_confirmed|momentum_tailwind,,,v1.3.0,34839213,1,,early|none|nonpos,0.06969944897959185,,-1.906744,731,1,-1.255589,-0.422493,2,5,buying,-0.4793,,3.1004,1.7025,0.32,46,fresh,0,0,0,0,True,False,False,missing,0.0,adequate,,,1.0,0,0,1.0,0,1.0,0,,,missing,0.193018,price_history,,2,1.7305,price_history,,-0.371158,,37.372,-0.177568,-0.19359,early,small,NONE,drug_developer,pit_bundle,,,,0,0.5,,,,,0.209604,,272,0.06969944897959185,0.769122,,,,
RAPP,"Rapport Therapeutics, Inc.",55,,B,high_opt+no_catalyst_data,B,high_opt+no_catalyst_data,,0.644476,,,0.746124,1,0.746124,,0,no_upcoming,,neutral,drawdown_data_missing,M,,,,v1.3.0,34839213,1,,mid|none|pos,0.08701244092219021,,-1.371249,514,1,-0.822384,0.117808,,0,neutral,0.0,,0.0,0.0,0.0,,,0,0,0,0,False,False,False,missing,0.0,adequate,,,1.0,0,0,1.0,0,1.0,0,,,missing,,,series_too_short,,,,series_too_short,,series_too_short,,,,mid,small,NONE,drug_developer,pit_bundle,,,sponsor|drawdown,2,0.5,,,,,0.326158,,228,0.08701244092219021,0.644476,,,,
PEPG,PepGen Inc.,56,,B,high_opt+no_catalyst_data,B,high_opt+no_catalyst_data,,0.633144,,,0.742248,1,0.742248,,0,no_upcoming,,tailwind,,L,sponsor_confirmed|momentum_tailwind,,,v1.3.0,34839213,1,,mid|none|pos,0.08701244092219021,,-1.369228,485,1,-0.820749,0.119848,4,6,buying,0.1812,,4.5655,3.6322,0.86,46,fresh,0,0,0,0,True,False,False,missing,0.0,adequate,,,1.0,0,0,1.0,0,1.0,0,,,missing,0.076022,price_history,,4,0.6,price_history,,-0.290173,,49.5909,-0.177568,-0.112605,mid,small,NONE,drug_developer,pit_bundle,,,,0,0.5,,,,,0.326598,,224,0.08701244092219021,0.633144,,,,
DYN,"Dyne Therapeutics, Inc.",57,,B,high_opt+no_catalyst_data,B,high_opt+no_catalyst_data,,0.743626,,,0.862403,1,0.862403,,0,no_upcoming,,tailwind,,L,sponsor_confirmed|momentum_tailwind,,,v1.3.0,34839213,1,,early|none|nonpos,0.06969944897959185,,-1.907222,1888,1,-1.255975,-0.422975,4,5,buying,0.1812,,7.2907,6.8241,2.33,46,fresh,0,0,0,0,True,False,False,missing,0.0,adequate,,,1.0,0,0,1.0,0,1.0,0,,,missing,0.247627,price_history,,4,1.1733,price_history,,-0.132625,,48.7915,-0.177568,0.044943,early,mid,NONE,drug_developer,pit_bundle,,,,0,0.5,,,,,0.2095,,263,0.06969944897959185,0.743626,,,,
DNTH,Healthcare,58,,B,high_opt+no_catalyst_data,B,high_opt+no_catalyst_data,,0.613314,,,0.738372,1,0.738372,,0,no_upcoming,,tailwind,,L,sponsor_confirmed|momentum_tailwind|runway_short,,,v1.3.0,34839213,1,,mid|none|pos,0.08701244092219021,,-1.366205,454,1,-0.818303,0.122898,2,4,selling,-0.4793,,2.1221,1.2837,0.48,46,fresh,0,0,0,0,True,False,False,missing,0.0,short,,,1.0,0,0,1.0,0,1.0,0,,,missing,0.0839,price_history,,2,0.7082,price_history,,-0.331559,,37.8255,-0.177568,-0.153991,mid,mid,SEV2,drug_developer,pit_bundle,,,,0,0.5,,,,,0.327256,,217,0.08701244092219021,0.613314,,,,
CLYM,Healthcare,59,,B,high_opt+no_catalyst_data,B,high_opt+no_catalyst_data,,0.726629,,,0.874031,1,0.874031,,0,no_upcoming,,tailwind,high_vol|overbought_rsi,S,momentum_tailwind|runway_short|high_risk,,,v1.3.0,34839213,1,,early|none|nonpos,0.06969944897959185,,-2.180589,,1,-1.477123,-0.698795,1,3,buying,-0.8095,,1.903,1.1584,0.55,46,fresh,0,0,0,0,True,False,False,missing,0.0,short,,,1.0,0,0,1.0,0,1.0,0,,,missing,1.712159,price_history,,1,0.9634,price_history,,0.0,,80.3646,-0.177568,0.177568,early,small,SEV2,drug_developer,pit_bundle,,,,0,0.5,,,,,0.15,,257,0.06969944897959185,0.726629,,,,
APGE,"Apogee Therapeutics, Inc.",60,,B,high_opt+no_catalyst_data,B,high_opt+no_catalyst_data,,0.681303,,,0.870155,1,0.870155,,0,no_upcoming,,tailwind,,L,sponsor_confirmed|momentum_tailwind|runway_short,,,v1.3.0,34839213,1,,early|none|nonpos,0.06969944897959185,,-2.180589,,1,-1.477123,-0.698795,6,7,buying,0.8416,,10.9168,10.4501,2.17,34,fresh,0,0,0,0,True,False,False,missing,0.0,short,,,1.0,0,0,1.0,0,1.0,0,,,missing,0.46838,price_history,,6,0.6034,price_history,,-0.27937,,45.8543,-0.177568,-0.101802,early,mid,SEV2,drug_developer,pit_bundle,,,,0,0.5,,,,,0.15,,241,0.06969944897959185,0.681303,,,,
CGEM,"Cullinan Therapeutics, Inc.",61,,B,high_opt+no_catalyst_data,B,high_opt+no_catalyst_data,,0.720963,,,0.831395,1,0.831395,,0,no_upcoming,,tailwind,overbought_rsi,L,sponsor_confirmed|momentum_tailwind|runway_short,,,v1.3.0,34839213,1,,early|none|nonpos,0.06969944897959185,,-1.905927,641,1,-1.254927,-0.421668,2,5,buying,-0.4793,,3.4079,2.1033,0.73,46,fresh,0,0,0,0,True,False,False,missing,0.0,short,,,1.0,0,0,1.0,0,1.0,0,,,missing,0.555384,price_history,,2,0.8848,price_history,,-0.004056,,80.3285,-0.177568,0.173512,early,small,SEV2,drug_developer,pit_bundle,,,,0,0.5,,,,,0.209782,,255,0.06969944897959185,0.720963,,,,
CDXS,"Codexis, Inc.",62,,B,high_opt+no_catalyst_data,B,high_opt+no_catalyst_data,,0.71813,,,0.932171,1,0.932171,,0,no_upcoming,,tailwind,high_beta|deep_drawdown,M,sponsor_confirmed|momentum_tailwind|runway_short|high_risk,,,v1.3.0,34839213,1,,early|none|nonpos,0.06969944897959185,,,,,-2.034638,-1.394139,2,4,buying,-0.4793,,4.3951,3.6485,2.47,46,fresh,0,0,0,0,True,False,False,missing,0.0,short,,,1.0,0,0,1.0,0,1.0,0,,,missing,0.149172,price_history,,2,2.0829,price_history,,-0.374194,,46.3323,-0.177568,-0.196626,early,micro,SEV2,drug_developer,pit_bundle,,,,0,0.5,,,,,0.0,,254,0.06969944897959185,0.71813,,,,
BLUE,"bluebird bio, Inc.",63,,B,high_opt+no_catalyst_data,B,high_opt+no_catalyst_data,,0.709632,,,0.928295,1,0.928295,,0,no_upcoming,,neutral,drawdown_data_missing,M,,,,v1.3.0,34839213,1,,early|none|nonpos,0.06969944897959185,,,,,-2.034638,-1.394139,,0,neutral,0.0,,0.0,0.0,0.0,,,0,0,0,0,False,False,False,missing,0.0,adequate,,,1.0,0,0,1.0,0,1.0,0,,,missing,,,no_price_series,,,,no_price_series,,no_price_series,,,,early,,NONE,drug_developer,pit_bundle,,,sponsor|drawdown,2,0.5,,,,,0.0,,251,0.06969944897959185,0.709632,,,,
ACRV,Healthcare,64,,B,high_opt+no_catalyst_data,B,high_opt+no_catalyst_data,,0.593484,,,0.765504,1,0.765504,,0,no_upcoming,,tailwind,high_vol|high_beta|deep_drawdown,M,sponsor_confirmed|momentum_tailwind|runway_short|high_risk,,,v1.3.0,34839213,1,,mid|none|pos,0.08701244092219021,,-1.376505,914,1,-0.826636,0.112505,2,3,selling,-0.4793,,1.7909,1.5109,0.37,34,fresh,0,0,0,0,True,False,False,missing,0.0,short,,,1.0,0,0,1.0,0,1.0,0,,,missing,1.453889,price_history,,2,1.9513,price_history,,-0.354862,,54.3355,-0.177568,-0.177294,mid,micro,SEV2,drug_developer,pit_bundle,,,,0,0.5,,,,,0.325014,,210,0.08701244092219021,0.593484,,,,
BDTX,"Black Diamond Therapeutics, Inc.",65,,B,high_opt+no_catalyst_data,B,high_opt+no_catalyst_data,,0.703966,,,0.819767,1,0.819767,,0,no_upcoming,,tailwind,,L,sponsor_confirmed|momentum_tailwind|runway_short,,,v1.3.0,34839213,1,,early|none|nonpos,0.06969944897959185,,-1.903735,552,1,-1.253154,-0.419457,3,5,buying,-0.1491,,3.209,2.4644,0.47,46,fresh,0,0,0,0,True,False,False,missing,0.0,short,,,1.0,0,0,1.0,0,1.0,0,,,missing,0.297548,price_history,,3,0.7551,price_history,,-0.098705,,56.2541,-0.177568,0.078863,early,micro,SEV2,drug_developer,pit_bundle,,,,0,0.5,,,,,0.210259,,249,0.06969944897959185,0.703966,,,,
BCAX,Bicara Therapeutics Inc.,66,,B,high_opt+no_catalyst_data,B,high_opt+no_catalyst_data,,0.6983,,,0.854651,1,0.854651,,0,no_upcoming,,neutral,drawdown_data_missing,M,,,,v1.3.0,34839213,1,,early|none|nonpos,0.06969944897959185,,-1.90719,975,1,-1.255949,-0.422943,,0,neutral,0.0,,0.0,0.0,0.0,,,0,0,0,0,False,False,False,missing,0.0,adequate,,,1.0,0,0,1.0,0,1.0,0,,,missing,,,series_too_short,,,,series_too_short,,series_too_short,,,,early,small,NONE,drug_developer,pit_bundle,,,sponsor|drawdown,2,0.5,,,,,0.209507,,247,0.06969944897959185,0.6983,,,,
BBOT,BridgeBio Oncology Therapeutics,67,,B,high_opt+no_catalyst_data,B,high_opt+no_catalyst_data,,0.695467,,,0.858527,1,0.858527,,0,no_upcoming,,neutral,drawdown_data_missing,M,,,,v1.3.0,34839213,1,,early|none|nonpos,0.06969944897959185,,-1.907218,1188,1,-1.255971,-0.422971,,0,neutral,0.0,,0.0,0.0,0.0,,,0,0,0,0,False,False,False,missing,0.0,adequate,,,1.0,0,0,1.0,0,1.0,0,,,missing,,,series_too_short,,,,series_too_short,,series_too_short,,,,early,small,NONE,drug_developer,pit_bundle,,,sponsor|drawdown,2,0.5,,,,,0.209501,,246,0.06969944897959185,0.695467,,,,
ATAI,AtaiBeckley Inc.,68,,B,high_opt+no_catalyst_data,B,high_opt+no_catalyst_data,,0.686969,,,0.920543,1,0.920543,,0,no_upcoming,,tailwind,,M,momentum_tailwind|runway_short,,,v1.3.0,34839213,1,,early|none|nonpos,0.06969944897959185,,,,,-2.034638,-1.394139,0,2,buying,-1.1397,,0.9333,0.0,0.0,46,fresh,0,0,0,0,True,False,False,missing,0.0,short,,,1.0,0,0,1.0,0,1.0,0,,,missing,0.16703,price_history,,0,1.2706,price_history,,-0.238462,,48.8841,-0.177568,-0.060894,early,small,SEV2,drug_developer,pit_bundle,,,,0,0.5,,,,,0.0,,243,0.06969944897959185,0.686969,,,,
ARCT,Arcturus Therapeutics Holdings Inc.,69,,B,high_opt+no_catalyst_data,B,high_opt+no_catalyst_data,,0.684136,,,0.916667,1,0.916667,,0,no_upcoming,,headwind,deep_drawdown,S,momentum_headwind,,,v1.3.0,34839213,1,,early|none|nonpos,0.06969944897959185,,,,,-2.034638,-1.394139,0,3,buying,-1.1397,,1.2121,0.0,0.0,46,fresh,0,0,0,0,True,False,False,missing,0.0,adequate,,,1.0,0,0,1.0,0,1.0,0,,,missing,-0.213117,price_history,,0,1.324,price_history,,-0.405211,,33.6202,-0.177568,-0.227643,early,micro,NONE,drug_developer,pit_bundle,,,,0,0.5,,,,,0.0,,242,0.06969944897959185,0.684136,,,,
XENE,Xenon Pharmaceuticals Inc.,70,,C,mod_opt+no_catalyst_data,C,mod_opt+no_catalyst_data,,0.483003,,,0.354651,1,0.354651,,0,no_upcoming,,headwind,,S,sponsor_confirmed|momentum_headwind|runway_short,,,v1.3.0,34839213,1,,late|none|pos,0.1,,0.762122,0,1,0.903468,0.644386,9,13,buying,1.8322,,17.6818,16.0039,6.64,34,fresh,0,0,0,0,True,False,False,missing,0.0,short,,,1.0,0,0,1.0,0,1.0,0,,,missing,-0.092716,price_history,,9,0.579,price_history,,-0.18765,,44.4999,-0.177568,-0.010082,late,mid,SEV2,drug_developer,pit_bundle,,,,0,0.5,,,,,0.7905,,171,0.1,0.483003,,,,
HRTX,"Heron Therapeutics, Inc.",71,,C,low_opt,C,low_opt,,0.533994,,,0.168605,1,0.168605,550,1,specific_days,,neutral,,L,catalyst_far_lift|sponsor_confirmed,,,v1.3.0,34839213,1,,late|far_271_540|pos,0.0961064745762712,,0.762122,0,1,0.903468,0.644386,2,5,buying,-0.4793,,3.0143,1.6163,0.29,46,fresh,0,0,0,0,True,False,True,far,0.3,adequate,,,1.0,0,0,1.0,0,1.0,0,550,,specific_days,0.015826,price_history,,2,1.1847,price_history,,-0.24183,,35.8804,-0.177568,-0.064262,late,micro,NONE,drug_developer,pit_bundle,CTGOV,CLINICAL_PCD,,0,0.5,,,,,0.7905,,189,0.0961064745762712,0.533994,,,,
ERAS,"Erasca, Inc.",72,,C,low_opt,C,low_opt,,0.525496,,,0.141473,1,0.141473,305,1,specific_days,,tailwind,deep_drawdown,L,catalyst_far_lift|momentum_tailwind|runway_short,,,v1.3.0,34839213,1,,late|far_271_540|pos,0.0961064745762712,,0.762122,0,1,0.903468,0.644386,1,4,buying,-0.8095,,2.1757,0.7778,0.03,46,fresh,0,0,0,0,True,False,True,far,0.3,short,,,1.0,0,0,1.0,0,1.0,0,305,,specific_days,0.237624,price_history,,1,1.4514,price_history,,-0.390909,,50.2025,-0.177568,-0.213341,late,mid,SEV2,drug_developer,pit_bundle,CTGOV,CLINICAL_PCD,,0,0.5,,,,,0.7905,,186,0.0961064745762712,0.525496,,,,
CADL,"Candel Therapeutics, Inc.",73,,C,low_opt,C,low_opt,,0.511331,,,0.075581,1,0.075581,580,1,specific_days,,tailwind,high_vol|overbought_rsi,L,catalyst_far_lift|momentum_tailwind|high_risk,,,v1.3.0,34839213,1,,late|far_271_540|pos,0.0961064745762712,,0.762122,0,1,0.903468,0.644386,,0,neutral,0.0,,0.0,0.0,0.0,,,0,0,0,0,False,False,True,far,0.3,adequate,,,1.0,0,0,1.0,0,1.0,0,580,,specific_days,4.327223,price_history,,,-2.5171,price_history,,-0.031593,,70.0336,-0.177568,0.145975,late,small,NONE,drug_developer,pit_bundle,CTGOV,CLINICAL_PCD,sponsor,1,0.5,,,,,0.7905,,181,0.0961064745762712,0.511331,,,,
ADCT,ADC Therapeutics SA,74,,C,low_opt,C,low_opt,,0.5,,,0.013566,1,0.013566,519,1,specific_days,,tailwind,,L,catalyst_far_lift|momentum_tailwind,,,v1.3.0,34839213,1,,late|far_271_540|pos,0.0961064745762712,,0.762122,0,1,0.903468,0.644386,1,2,buying,-0.8095,,1.9506,1.484,0.91,46,fresh,0,0,0,0,True,False,True,far,0.3,adequate,,,1.0,0,0,1.0,0,1.0,0,519,,specific_days,0.252769,price_history,,1,0.7292,price_history,,-0.166352,,46.7098,-0.177568,0.011216,late,small,NONE,drug_developer,pit_bundle,CTGOV,CLINICAL_PCD,,0,0.5,,,,,0.7905,,177,0.0961064745762712,0.5,,,,
ZVRA,"Zevra Therapeutics, Inc.",75,,C,mod_opt+no_catalyst_data,C,mod_opt+no_catalyst_data,,0.491501,,,0.366279,1,0.366279,,0,no_upcoming,,headwind,deep_drawdown,S,momentum_headwind,,,v1.3.0,34839213,1,,late|none|pos,0.1,,0.762122,0,1,0.903468,0.644386,0,1,buying,-1.1397,,0.4646,0.0,0.0,47,fresh,0,0,0,0,True,False,False,missing,0.0,adequate,,,1.0,0,0,1.0,0,1.0,0,,,missing,-0.174946,price_history,,0,0.8578,price_history,,-0.353107,,33.5921,-0.177568,-0.175539,late,small,NONE,drug_developer,pit_bundle,,,,0,0.5,,,,,0.7905,,174,0.1,0.491501,,,,
ZBIO,"Zenas BioPharma, Inc.",76,,C,mod_opt+no_catalyst_data,C,mod_opt+no_catalyst_data,,0.485836,,,0.358527,1,0.358527,,0,no_upcoming,,neutral,drawdown_data_missing,S,runway_short,,,v1.3.0,34839213,1,,late|none|pos,0.1,,0.762122,0,1,0.903468,0.644386,,0,neutral,0.0,,0.0,0.0,0.0,,,0,0,0,0,False,False,False,missing,0.0,short,,,1.0,0,0,1.0,0,1.0,0,,,missing,,,series_too_short,,,,series_too_short,,series_too_short,,,,late,small,SEV2,drug_developer,pit_bundle,,,sponsor|drawdown,2,0.5,,,,,0.7905,,172,0.1,0.485836,,,,
URGN,UroGen Pharma Ltd.,77,,C,mod_opt+no_catalyst_data,C,mod_opt+no_catalyst_data,,0.454674,,,0.339147,1,0.339147,,0,no_upcoming,,headwind,deep_drawdown,S,sponsor_confirmed|momentum_headwind|runway_short,,,v1.3.0,34839213,1,,late|none|pos,0.1,,0.762122,0,1,0.903468,0.644386,5,8,buying,0.5114,,8.0435,6.8314,6.7,45,fresh,0,0,0,0,True,False,False,missing,0.0,short,,,1.0,0,0,1.0,0,1.0,0,,,missing,-0.142741,price_history,,5,0.4768,price_history,,-0.389576,,43.4857,-0.177568,-0.212008,late,small,SEV2,drug_developer,pit_bundle,,,,0,0.5,,,,,0.7905,,161,0.1,0.454674,,,,
RYTM,"Rhythm Pharmaceuticals, Inc.",78,,C,mod_opt+no_catalyst_data,C,mod_opt+no_catalyst_data,,0.403683,,,0.312016,1,0.312016,,0,no_upcoming,,headwind,,S,sponsor_confirmed|momentum_headwind|runway_short,,,v1.3.0,34839213,1,,late|none|pos,0.1,,0.762122,0,1,0.903468,0.644386,8,10,buying,1.502,,18.4094,17.6627,7.46,34,fresh,0,0,0,0,True,False,False,missing,0.0,short,,,1.0,0,0,1.0,0,1.0,0,,,missing,-0.079965,price_history,,8,0.8959,price_history,,-0.2418,,48.721,-0.177568,-0.064232,late,mid,SEV2,drug_developer,pit_bundle,,,,0,0.5,,,,,0.7905,,143,0.1,0.403683,,,,
VCEL,Vericel Corporation,79,,C,mod_opt+no_catalyst_data,C,mod_opt+no_catalyst_data,,0.457507,,,0.343023,1,0.343023,,0,no_upcoming,,tailwind,,L,momentum_tailwind,,,v1.3.0,34839213,1,,late|none|pos,0.1,,0.762122,0,1,0.903468,0.644386,1,4,buying,-0.8095,,2.8748,1.6636,1.79,46,fresh,0,0,0,0,True,False,False,missing,0.0,adequate,,,1.0,0,0,1.0,0,1.0,0,,,missing,0.092561,price_history,,1,0.6061,price_history,,-0.132892,,44.9872,-0.177568,0.044676,late,small,NONE,drug_developer,pit_bundle,,,,0,0.5,,,,,0.7905,,162,0.1,0.457507,,,,
NUVB,Nuvation Bio Inc.,80,,C,low_opt,C,low_opt,,0.335694,,,0.257752,1,0.257752,246,1,specific_days,,tailwind,high_beta,L,catalyst_far_lift|sponsor_confirmed|momentum_tailwind|runway_short|high_risk,,,v1.3.0,34839213,1,,late|near_181_270|pos,0.1,,0.762122,0,1,0.903468,0.644386,10,13,selling,2.1624,,7.9128,6.5149,0.79,46,fresh,0,0,0,0,True,False,True,far,0.3,short,,,1.0,0,0,1.0,0,1.0,0,246,,specific_days,0.963129,price_history,,10,1.8572,price_history,,-0.246851,,56.591,-0.177568,-0.069283,late,small,SEV2,drug_developer,pit_bundle,CTGOV,CLINICAL_PCD,,0,0.5,,,,,0.7905,,119,0.1,0.335694,,,,
TBPH,"Theravance Biopharma, Inc.",81,,C,mod_opt+no_catalyst_data,C,mod_opt+no_catalyst_data,,0.434844,,,0.327519,1,0.327519,,0,no_upcoming,,neutral,,M,,,,v1.3.0,34839213,1,,late|none|pos,0.1,,0.762122,0,1,0.903468,0.644386,0,2,neutral,-1.1397,,0.7467,0.0,0.0,46,fresh,0,0,0,0,True,False,False,missing,0.0,adequate,,,1.0,0,0,1.0,0,1.0,0,,,missing,-0.039191,price_history,,0,0.3281,price_history,,-0.271786,,35.6272,-0.177568,-0.094218,late,small,NONE,drug_developer,pit_bundle,,,,0,0.5,,,,,0.7905,,154,0.1,0.434844,,,,
RARE,Ultragenyx Pharmaceutical Inc.,82,,C,low_opt+no_catalyst_data,C,low_opt+no_catalyst_data,,0.383853,,,0.296512,1,0.296512,,0,no_upcoming,,neutral,,M,sponsor_confirmed|runway_short,,,v1.3.0,34839213,1,,late|none|pos,0.1,,0.762122,0,1,0.903468,0.644386,6,8,buying,0.8416,,15.592,14.8453,5.28,46,fresh,0,0,0,0,True,False,False,missing,0.0,short,,,1.0,0,0,1.0,0,1.0,0,,,missing,0.030214,price_history,,6,1.0864,price_history,,-0.207674,,38.8314,-0.177568,-0.030106,late,mid,SEV2,drug_developer,pit_bundle,,,,0,0.5,,,,,0.7905,,136,0.1,0.383853,,,,
SMMT,Summit Therapeutics Inc.,83,,C,mod_opt+no_catalyst_data,C,mod_opt+no_catalyst_data,,0.412181,,,0.315891,1,0.315891,,0,no_upcoming,,neutral,,M,,,,v1.3.0,34839213,1,,late|none|pos,0.1,,0.762122,0,1,0.903468,0.644386,1,1,buying,-0.8095,,0.7778,0.7778,0.03,46,fresh,0,0,0,0,True,False,False,missing,0.0,adequate,,,1.0,0,0,1.0,0,1.0,0,,,missing,0.04759,price_history,,1,0.9113,price_history,,-0.224852,,53.5204,-0.177568,-0.047284,late,large,SEV1,drug_developer,pit_bundle,,,,0,0.5,,,,,0.7905,,146,0.1,0.412181,,,,
PTGX,"Protagonist Therapeutics, Inc.",84,,C,low_opt+no_catalyst_data,C,low_opt+no_catalyst_data,,0.378187,,,0.28876,1,0.28876,,0,no_upcoming,,neutral,,M,sponsor_confirmed|runway_short,,,v1.3.0,34839213,1,,late|none|pos,0.1,,0.762122,0,1,0.903468,0.644386,5,8,buying,0.5114,,7.0067,5.6088,1.9,34,fresh,0,0,0,0,True,False,False,missing,0.0,short,,,1.0,0,0,1.0,0,1.0,0,,,missing,-0.017498,price_history,,5,0.9085,price_history,,-0.218974,,38.9493,-0.177568,-0.041406,late,mid,SEV2,drug_developer,pit_bundle,,,,0,0.5,,,,,0.7905,,134,0.1,0.378187,,,,
NGNE,Neurogene Inc.,85,,C,low_opt+no_catalyst_data,C,low_opt+no_catalyst_data,,0.327195,,,0.25,1,0.25,,0,no_upcoming,,tailwind,,L,sponsor_confirmed|momentum_tailwind,,,v1.3.0,34839213,1,,late|none|pos,0.1,,0.762122,0,1,0.903468,0.644386,8,9,buying,1.502,,13.3463,12.8817,3.82,46,fresh,0,0,0,0,True,False,False,missing,0.0,adequate,,,1.0,0,0,1.0,0,1.0,0,,,missing,0.141257,price_history,,8,0.7332,price_history,,-0.322593,,46.2464,-0.177568,-0.145025,late,micro,SEV1,drug_developer,pit_bundle,,,,0,0.5,,,,,0.7905,,116,0.1,0.327195,,,,
RIGL,"Rigel Pharmaceuticals, Inc.",86,,C,mod_opt+no_catalyst_data,C,mod_opt+no_catalyst_data,,0.395184,,,0.30814,1,0.30814,,0,no_upcoming,,neutral,deep_drawdown,M,,,,v1.3.0,34839213,1,,late|none|pos,0.1,,0.762122,0,1,0.903468,0.644386,,0,neutral,0.0,,0.0,0.0,0.0,,,0,0,0,0,False,False,False,missing,0.0,adequate,,,1.0,0,0,1.0,0,1.0,0,,,missing,-0.023741,price_history,,,1.4497,price_history,,-0.423077,,30.686,-0.177568,-0.245509,late,small,NONE,drug_developer,pit_bundle,,,sponsor,1,0.5,,,,,0.7905,,140,0.1,0.395184,,,,
PRAX,"Praxis Precision Medicines, Inc",87,,C,low_opt+no_catalyst_data,C,low_opt+no_catalyst_data,,0.369688,,,0.281008,1,0.281008,,0,no_upcoming,,tailwind,,L,sponsor_confirmed|momentum_tailwind|runway_short,,,v1.3.0,34839213,1,,late|none|pos,0.1,,0.762122,0,1,0.903468,0.644386,4,6,selling,0.1812,,4.9385,4.1002,3.76,46,fresh,0,0,0,0,True,False,False,missing,0.0,short,,,1.0,0,0,1.0,0,1.0,0,,,missing,0.355005,price_history,,4,1.0867,price_history,,-0.117562,,54.8829,-0.177568,0.060006,late,mid,SEV2,drug_developer,pit_bundle,,,,0,0.5,,,,,0.7905,,131,0.1,0.369688,,,,
PHAT,"Phathom Pharmaceuticals, Inc.",88,,C,low_opt+no_catalyst_data,C,low_opt+no_catalyst_data,,0.364023,,,0.277132,1,0.277132,,0,no_upcoming,,tailwind,deep_drawdown,L,sponsor_confirmed|momentum_tailwind|runway_short,,,v1.3.0,34839213,1,,late|none|pos,0.1,,0.762122,0,1,0.903468,0.644386,3,6,selling,-0.1491,,3.5273,2.4094,1.15,46,fresh,0,0,0,0,True,False,False,missing,0.0,short,,,1.0,0,0,1.0,0,1.0,0,,,missing,0.321425,price_history,,3,0.4336,price_history,,-0.424658,,42.1168,-0.177568,-0.24709,late,small,SEV2,drug_developer,pit_bundle,,,,0,0.5,,,,,0.7905,,129,0.1,0.364023,,,,
PBYI,Puma Biotechnology Inc,89,,C,low_opt,C,low_opt,,0.36119,,,0.273256,1,0.273256,62,1,specific_days,,tailwind,,L,momentum_tailwind,,,v1.3.0,34839213,1,,late|near_31_90|pos,0.1,,0.762122,0,1,0.903468,0.644386,,0,neutral,0.0,,0.0,0.0,0.0,,,0,0,0,0,False,False,True,near,1.0,adequate,,,1.0,0,0,1.0,0,1.0,0,62,,specific_days,0.101164,price_history,,,0.7093,price_history,,-0.314865,,45.9616,-0.177568,-0.137297,late,small,NONE,drug_developer,pit_bundle,CTGOV,CLINICAL_PCD,sponsor,1,0.5,,,,,0.7905,,128,0.1,0.36119,,,,
MIRM,"Mirum Pharmaceuticals, Inc.",90,,C,low_opt+no_catalyst_data,C,low_opt+no_catalyst_data,,0.3017,,,0.234496,1,0.234496,,0,no_upcoming,,neutral,,L,sponsor_confirmed,,,v1.3.0,34839213,1,,late|none|pos,0.1,,0.762122,0,1,0.903468,0.644386,7,10,selling,1.1718,,9.053,8.0276,3.1,34,fresh,0,0,0,0,True,False,False,missing,0.0,adequate,,,1.0,0,0,1.0,0,1.0,0,,,missing,-0.024812,price_history,,7,0.7446,price_history,,-0.281134,,49.9811,-0.177568,-0.103566,late,mid,NONE,drug_developer,pit_bundle,,,,0,0.5,,,,,0.7905,,107,0.1,0.3017,,,,
OCGN,"Ocugen, Inc.",91,,C,low_opt+no_catalyst_data,C,low_opt+no_catalyst_data,,0.344193,,,0.261628,1,0.261628,,0,no_upcoming,,tailwind,high_vol,S,momentum_tailwind|runway_short|high_risk,,,v1.3.0,34839213,1,,late|none|pos,0.1,,0.762122,0,1,0.903468,0.644386,0,2,selling,-1.1397,,0.5587,0.0,0.0,46,fresh,0,0,0,0,True,False,False,missing,0.0,short,,,1.0,0,0,1.0,0,1.0,0,,,missing,1.552933,price_history,,0,1.39,price_history,,-0.297872,,47.461,-0.177568,-0.120304,late,small,SEV2,drug_developer,pit_bundle,,,,0,0.5,,,,,0.7905,,122,0.1,0.344193,,,,
IOVA,"Iovance Biotherapeutics, Inc.",92,,C,low_opt,C,low_opt,,0.250708,,,0.195736,1,0.195736,215,1,specific_days,,tailwind,,L,catalyst_far_lift|sponsor_confirmed|momentum_tailwind|runway_short,,,v1.3.0,34839213,1,,late|near_181_270|pos,0.1,,0.762122,0,1,0.903468,0.644386,8,11,buying,1.502,,13.2819,12.0686,2.17,34,fresh,0,0,0,0,True,False,True,far,0.3,short,,,1.0,0,0,1.0,0,1.0,0,215,,specific_days,0.546669,price_history,,8,1.4582,price_history,,-0.325701,,41.4725,-0.177568,-0.148133,late,small,SEV2,drug_developer,pit_bundle,CTGOV,CLINICAL_CD,,0,0.5,,,,,0.7905,,89,0.1,0.250708,,,,
NAMS,NewAmsterdam Pharma Company N.V,93,,C,low_opt+no_catalyst_data,C,low_opt+no_catalyst_data,,0.318697,,,0.246124,1,0.246124,,0,no_upcoming,,tailwind,,L,sponsor_confirmed|momentum_tailwind,,,v1.3.0,34839213,1,,late|none|pos,0.1,,0.762122,0,1,0.903468,0.644386,3,5,buying,-0.1491,,7.3018,6.3004,11.21,46,fresh,0,0,0,0,True,False,False,missing,0.0,adequate,,,1.0,0,0,1.0,0,1.0,0,,,missing,0.136755,price_history,,3,0.5555,price_history,,-0.099876,,56.0777,-0.177568,0.077692,late,mid,NONE,drug_developer,pit_bundle,,,,0,0.5,,,,,0.7905,,113,0.1,0.318697,,,,
MNKD,MannKind Corporation,94,,C,low_opt+no_catalyst_data,C,low_opt+no_catalyst_data,,0.310198,,,0.238372,1,0.238372,,0,no_upcoming,,tailwind,,L,momentum_tailwind,,,v1.3.0,34839213,1,,late|none|pos,0.1,,0.762122,0,1,0.903468,0.644386,0,4,selling,-1.1397,,1.3054,0.0,0.0,46,fresh,0,0,0,0,True,False,False,missing,0.0,adequate,,,1.0,0,0,1.0,0,1.0,0,,,missing,0.284374,price_history,,0,0.8226,price_history,,-0.245872,,43.37,-0.177568,-0.068304,late,small,NONE,drug_developer,pit_bundle,,,,0,0.5,,,,,0.7905,,110,0.1,0.310198,,,,
KRYS,"Krystal Biotech, Inc.",95,,C,low_opt,C,low_opt,,0.273371,,,0.21124,1,0.21124,62,1,specific_days,,tailwind,,L,sponsor_confirmed|momentum_tailwind,,,v1.3.0,34839213,1,,late|near_31_90|pos,0.1,,0.762122,0,1,0.903468,0.644386,5,8,buying,0.5114,,7.412,6.1053,7.69,46,fresh,0,0,0,0,True,False,True,near,1.0,adequate,,,1.0,0,0,1.0,0,1.0,0,62,,specific_days,0.428093,price_history,,5,1.5363,price_history,,-0.151314,,36.1701,-0.177568,0.026254,late,mid,NONE,drug_developer,pit_bundle,CTGOV,CLINICAL_PCD,,0,0.5,,,,,0.7905,,97,0.1,0.273371,,,,
MESO,Mesoblast Limited,96,,C,low_opt+no_catalyst_data,C,low_opt+no_catalyst_data,,0.298867,,,0.23062,1,0.23062,,0,no_upcoming,,tailwind,high_vol,M,momentum_tailwind|high_risk,,,v1.3.0,34839213,1,,late|none|pos,0.1,,0.762122,0,1,0.903468,0.644386,,0,neutral,0.0,,0.0,0.0,0.0,,,0,0,0,0,False,False,False,missing,0.0,adequate,,,1.0,0,0,1.0,0,1.0,0,,,missing,2.737637,price_history,,,0.2317,price_history,,-0.31677,,65.6776,-0.177568,-0.139202,late,mid,NONE,drug_developer,pit_bundle,,,sponsor,1,0.5,,,,,0.7905,,106,0.1,0.298867,,,,
LYRA,Healthcare,97,,C,low_opt+no_catalyst_data,C,low_opt+no_catalyst_data,,0.293201,,,0.222868,1,0.222868,,0,no_upcoming,,tailwind,,L,sponsor_confirmed|momentum_tailwind|runway_short,,,v1.3.0,34839213,1,,late|none|pos,0.1,,0.762122,0,1,0.903468,0.644386,2,5,buying,-0.4793,,5.7417,4.3438,2.27,34,fresh,0,0,0,0,True,False,False,missing,0.0,short,,,1.0,0,0,1.0,0,1.0,0,,,missing,0.127138,price_history,,2,0.6453,price_history,,-0.209801,,46.1709,-0.177568,-0.032233,late,micro,SEV2,drug_developer,pit_bundle,,,,0,0.5,,,,,0.7905,,104,0.1,0.293201,,,,
LQDA,Liquidia Corporation,98,,C,low_opt+no_catalyst_data,C,low_opt+no_catalyst_data,,0.290368,,,0.218992,1,0.218992,,0,no_upcoming,,neutral,,M,,,,v1.3.0,34839213,1,,late|none|pos,0.1,,0.762122,0,1,0.903468,0.644386,1,5,buying,-0.8095,,3.5347,1.8559,1.42,46,fresh,0,0,0,0,True,False,False,missing,0.0,adequate,,,1.0,0,0,1.0,0,1.0,0,,,missing,-0.039528,price_history,,1,0.3736,price_history,,-0.231919,,38.3625,-0.177568,-0.054351,late,mid,NONE,drug_developer,pit_bundle,,,,0,0.5,,,,,0.7905,,103,0.1,0.290368,,,,
KALV,"KalVista Pharmaceuticals, Inc.",99,,C,low_opt+no_catalyst_data,C,low_opt+no_catalyst_data,,0.26204,,,0.203488,1,0.203488,,0,no_upcoming,,headwind,,M,sponsor_confirmed|momentum_headwind,,,v1.3.0,34839213,1,,late|none|pos,0.1,,0.762122,0,1,0.903468,0.644386,5,9,buying,0.5114,,9.888,8.3026,3.89,46,fresh,0,0,0,0,True,False,False,missing,0.0,adequate,,,1.0,0,0,1.0,0,1.0,0,,,missing,-0.216688,price_history,,5,0.9869,price_history,,-0.292394,,47.6188,-0.177568,-0.114826,late,small,NONE,drug_developer,pit_bundle,,,,0,0.5,,,,,0.7905,,93,0.1,0.26204,,,,
LENZ,"LENZ Therapeutics, Inc.",100,,C,low_opt+no_catalyst_data,C,low_opt+no_catalyst_data,,0.287535,,,0.215116,1,0.215116,,0,no_upcoming,,tailwind,,M,momentum_tailwind|runway_short,,,v1.3.0,34839213,1,,late|none|pos,0.1,,0.762122,0,1,0.903468,0.644386,,0,neutral,0.0,,0.0,0.0,0.0,,,0,0,0,0,False,False,False,missing,0.0,short,,,1.0,0,0,1.0,0,1.0,0,,,missing,0.830231,price_history,,,0.8632,price_history,,-0.289297,,42.6184,-0.177568,-0.111729,late,small,SEV2,drug_developer,pit_bundle,,,sponsor,1,0.5,,,,,0.7905,,102,0.1,0.287535,,,,
IMTX,Healthcare,101,,C,low_opt+no_catalyst_data,C,low_opt+no_catalyst_data,,0.228045,,,0.184109,1,0.184109,,0,no_upcoming,,headwind,,M,sponsor_confirmed|momentum_headwind,,,v1.3.0,34839213,1,,late|none|pos,0.1,,0.762122,0,1,0.903468,0.644386,7,9,neutral,1.1718,,7.663,7.0097,1.8,34,fresh,0,0,0,0,True,False,False,missing,0.0,adequate,,,1.0,0,0,1.0,0,1.0,0,,,missing,-0.104112,price_history,,7,0.4293,price_history,,-0.232612,,36.0285,-0.177568,-0.055044,late,small,NONE,drug_developer,pit_bundle,,,,0,0.5,,,,,0.7905,,81,0.1,0.228045,,,,
JAZZ,Jazz Pharmaceuticals plc,102,,C,low_opt,C,low_opt,,0.259207,,,0.199612,1,0.199612,124,1,specific_days,,headwind,,M,sponsor_confirmed|momentum_headwind,,,v1.3.0,34839213,1,,late|near_91_180|pos,0.1,,0.762122,0,1,0.903468,0.644386,5,9,buying,0.5114,,9.9666,8.3812,4.36,46,fresh,0,0,0,0,True,False,True,mid,0.7,adequate,,,1.0,0,0,1.0,0,1.0,0,124,,specific_days,-0.082825,price_history,,5,0.4211,price_history,,-0.237836,,43.7154,-0.177568,-0.060268,late,large,NONE,drug_developer,pit_bundle,CTGOV,CLINICAL_PCD,,0,0.5,,,,,0.7905,,92,0.1,0.259207,,,,
IMCR,Immunocore Holdings plc,103,,C,low_opt+no_catalyst_data,C,low_opt+no_catalyst_data,,0.225212,,,0.180233,1,0.180233,,0,no_upcoming,,headwind,,M,sponsor_confirmed|momentum_headwind,,,v1.3.0,34839213,1,,late|none|pos,0.1,,0.762122,0,1,0.903468,0.644386,7,10,buying,1.1718,,18.5231,17.5915,6.51,46,fresh,0,0,0,0,True,False,False,missing,0.0,adequate,,,1.0,0,0,1.0,0,1.0,0,,,missing,-0.187489,price_history,,7,0.2972,price_history,,-0.21603,,49.5984,-0.177568,-0.038462,late,small,NONE,drug_developer,pit_bundle,,,,0,0.5,,,,,0.7905,,80,0.1,0.225212,,,,
IONS,"Ionis Pharmaceuticals, Inc.",104,,C,low_opt+no_catalyst_data,C,low_opt+no_catalyst_data,,0.247875,,,0.19186,1,0.19186,,0,no_upcoming,,headwind,,M,sponsor_confirmed|momentum_headwind,,,v1.3.0,34839213,1,,late|none|pos,0.1,,0.762122,0,1,0.903468,0.644386,5,8,buying,0.5114,,7.2383,6.2129,2.11,46,fresh,0,0,0,0,True,False,False,missing,0.0,adequate,,,1.0,0,0,1.0,0,1.0,0,,,missing,-0.155939,price_history,,5,0.3864,price_history,,-0.229505,,41.7733,-0.177568,-0.051937,late,large,NONE,drug_developer,pit_bundle,,,,0,0.5,,,,,0.7905,,88,0.1,0.247875,,,,
GERN,Geron Corporation,105,,C,low_opt+no_catalyst_data,C,low_opt+no_catalyst_data,,0.205382,,,0.156977,1,0.156977,,0,no_upcoming,,tailwind,high_vol,M,sponsor_confirmed|momentum_tailwind|runway_short|high_risk,,,v1.3.0,34839213,1,,late|none|pos,0.1,,0.762122,0,1,0.903468,0.644386,7,11,buying,1.1718,,13.0025,11.0065,3.74,46,fresh,0,0,0,0,True,False,False,missing,0.0,short,,,1.0,0,0,1.0,0,1.0,0,,,missing,1.207386,price_history,,7,1.5715,price_history,,-0.050725,,63.2684,-0.177568,0.126843,late,small,SEV2,drug_developer,pit_bundle,,,,0,0.5,,,,,0.7905,,73,0.1,0.205382,,,,
FULC,"Fulcrum Therapeutics, Inc.",106,,C,low_opt+no_catalyst_data,C,low_opt+no_catalyst_data,,0.20255,,,0.153101,1,0.153101,,0,no_upcoming,,neutral,deep_drawdown,L,sponsor_confirmed,,,v1.3.0,34839213,1,,late|none|pos,0.1,,0.762122,0,1,0.903468,0.644386,7,10,buying,1.1718,,9.8169,8.6035,1.68,46,fresh,0,0,0,0,True,False,False,missing,0.0,adequate,,,1.0,0,0,1.0,0,1.0,0,,,missing,-0.037619,price_history,,7,1.1129,price_history,,-0.405833,,32.5876,-0.177568,-0.228265,late,small,SEV1,drug_developer,pit_bundle,,,,0,0.5,,,,,0.7905,,72,0.1,0.20255,,,,
FOLD,"Amicus Therapeutics, Inc.",107,,C,low_opt+no_catalyst_data,C,low_opt+no_catalyst_data,,0.199717,,,0.149225,1,0.149225,,0,no_upcoming,,headwind,,M,sponsor_confirmed|momentum_headwind,,,v1.3.0,34839213,1,,late|none|pos,0.1,,0.762122,0,1,0.903468,0.644386,7,11,buying,1.1718,,15.6666,14.2687,13.26,34,fresh,0,0,0,0,True,False,False,missing,0.0,adequate,,,1.0,0,0,1.0,0,1.0,0,,,missing,-0.165475,price_history,,7,0.8264,price_history,,-0.311984,,30.1745,-0.177568,-0.134416,late,mid,NONE,drug_developer,pit_bundle,,,,0,0.5,,,,,0.7905,,71,0.1,0.199717,,,,
GLPG,Galapagos NV,108,,C,low_opt,C,low_opt,,0.213881,,,0.160853,1,0.160853,32,1,specific_days,,headwind,deep_drawdown,M,sponsor_confirmed|momentum_headwind,,,v1.3.0,34839213,1,,late|near_31_90|pos,0.1,,0.762122,0,1,0.903468,0.644386,3,6,buying,-0.1491,,6.2569,4.9519,6.08,46,fresh,0,0,0,0,True,False,True,near,1.0,adequate,,,1.0,0,0,1.0,0,1.0,0,32,,specific_days,-0.227807,price_history,,3,0.3552,price_history,,-0.360961,,21.0085,-0.177568,-0.183393,late,mid,NONE,drug_developer,pit_bundle,CTGOV,CLINICAL_CD,,0,0.5,,,,,0.7905,,76,0.1,0.213881,,,,
CRSP,CRISPR Therapeutics AG,109,,C,low_opt+no_catalyst_data,C,low_opt+no_catalyst_data,,0.157224,,,0.114341,1,0.114341,,0,no_upcoming,,headwind,deep_drawdown,S,momentum_headwind,,,v1.3.0,34839213,1,,late|none|pos,0.1,,0.762122,0,1,0.903468,0.644386,1,3,buying,-0.8095,,2.4814,1.7347,1.24,46,fresh,0,0,0,0,True,False,False,missing,0.0,adequate,,,1.0,0,0,1.0,0,1.0,0,,,missing,-0.135955,price_history,,1,1.1992,price_history,,-0.405408,,27.4432,-0.177568,-0.22784,late,mid,SEV1,drug_developer,pit_bundle,,,,0,0.5,,,,,0.7905,,56,0.1,0.157224,,,,
CRMD,CorMedix Inc.,110,,C,low_opt+no_catalyst_data,C,low_opt+no_catalyst_data,,0.151558,,,0.106589,1,0.106589,,0,no_upcoming,,tailwind,,L,momentum_tailwind,,,v1.3.0,34839213,1,,late|none|pos,0.1,,0.762122,0,1,0.903468,0.644386,0,3,selling,-1.1397,,1.0246,0.0,0.0,46,fresh,0,0,0,0,True,False,False,missing,0.0,adequate,,,1.0,0,0,1.0,0,1.0,0,,,missing,0.73179,price_history,,0,0.9195,price_history,,-0.176839,,57.8854,-0.177568,0.000729,late,small,NONE,drug_developer,pit_bundle,,,,0,0.5,,,,,0.7905,,54,0.1,0.151558,,,,
BMRN,BioMarin Pharmaceutical Inc.,111,,C,low_opt+no_catalyst_data,C,low_opt+no_catalyst_data,,0.117564,,,0.071705,1,0.071705,,0,no_upcoming,,headwind,,M,sponsor_confirmed|momentum_headwind,,,v1.3.0,34839213,1,,late|none|pos,0.1,,0.762122,0,1,0.903468,0.644386,4,9,selling,0.1812,,8.4721,5.9402,13.04,45,fresh,0,0,0,0,True,False,False,missing,0.0,adequate,,,1.0,0,0,1.0,0,1.0,0,,,missing,-0.070113,price_history,,4,0.3494,price_history,,-0.184242,,33.0624,-0.177568,-0.006674,late,large,NONE,drug_developer,pit_bundle,,,,0,0.5,,,,,0.7905,,42,0.1,0.117564,,,,
CELC,Healthcare,112,,C,low_opt,C,low_opt,,0.126062,,,0.083333,1,0.083333,62,1,specific_days,,tailwind,,L,sponsor_confirmed|momentum_tailwind|runway_short,,,v1.3.0,34839213,1,,late|near_31_90|pos,0.1,,0.762122,0,1,0.903468,0.644386,2,3,buying,-0.4793,,2.3799,1.9153,0.48,34,fresh,0,0,0,0,True,False,True,near,1.0,short,,,1.0,0,0,1.0,0,1.0,0,62,,specific_days,0.066343,price_history,,2,1.2329,price_history,,-0.269907,,36.5315,-0.177568,-0.092339,late,mid,SEV2,drug_developer,pit_bundle,CTGOV,CLINICAL_PCD,,0,0.5,,,,,0.7905,,45,0.1,0.126062,,,,
BLTE,Healthcare,113,,C,low_opt+no_catalyst_data,C,low_opt+no_catalyst_data,,0.111898,,,0.067829,1,0.067829,,0,no_upcoming,,headwind,,S,momentum_headwind,,,v1.3.0,34839213,1,,late|none|pos,0.1,,0.762122,0,1,0.903468,0.644386,0,1,buying,-1.1397,,0.4646,0.0,0.0,47,fresh,0,0,0,0,True,False,False,missing,0.0,adequate,,,1.0,0,0,1.0,0,1.0,0,,,missing,-0.102534,price_history,,0,0.2686,price_history,,-0.154343,,55.6849,-0.177568,0.023225,late,mid,NONE,drug_developer,pit_bundle,,,,0,0.5,,,,,0.7905,,40,0.1,0.111898,,,,
BBIO,"BridgeBio Pharma, Inc.",114,,C,low_opt+no_catalyst_data,C,low_opt+no_catalyst_data,,0.097734,,,0.060078,1,0.060078,,0,no_upcoming,,headwind,deep_drawdown,M,sponsor_confirmed|momentum_headwind,,,v1.3.0,34839213,1,,late|none|pos,0.1,,0.762122,0,1,0.903468,0.644386,4,7,buying,0.1812,,9.4632,7.011,6.45,34,fresh,0,0,0,0,True,False,False,missing,0.0,adequate,,,1.0,0,0,1.0,0,1.0,0,,,missing,-0.200502,price_history,,4,1.1546,price_history,,-0.416268,,41.2526,-0.177568,-0.2387,late,large,NONE,drug_developer,pit_bundle,,,,0,0.5,,,,,0.7905,,35,0.1,0.097734,,,,
AVIR,"Atea Pharmaceuticals, Inc.",115,,C,low_opt+no_catalyst_data,C,low_opt+no_catalyst_data,,0.089235,,,0.052326,1,0.052326,,0,no_upcoming,,headwind,,S,sponsor_confirmed|momentum_headwind|runway_short,,,v1.3.0,34839213,1,,late|none|pos,0.1,,0.762122,0,1,0.903468,0.644386,3,6,buying,-0.1491,,4.861,3.6497,1.15,46,fresh,0,0,0,0,True,False,False,missing,0.0,short,,,1.0,0,0,1.0,0,1.0,0,,,missing,-0.07027,price_history,,3,0.8317,price_history,,-0.268775,,42.3012,-0.177568,-0.091207,late,small,SEV2,drug_developer,pit_bundle,,,,0,0.5,,,,,0.7905,,32,0.1,0.089235,,,,
ANNX,"Annexon, Inc.",116,,C,low_opt+no_catalyst_data,C,low_opt+no_catalyst_data,,0.055241,,,0.02907,1,0.02907,,0,no_upcoming,,tailwind,deep_drawdown,L,sponsor_confirmed|momentum_tailwind|runway_short,,,v1.3.0,34839213,1,,late|none|pos,0.1,,0.762122,0,1,0.903468,0.644386,5,8,buying,0.5114,,10.5545,9.1566,3.51,46,fresh,0,0,0,0,True,False,False,missing,0.0,short,,,1.0,0,0,1.0,0,1.0,0,,,missing,0.176695,price_history,,5,1.2516,price_history,,-0.417414,,36.3086,-0.177568,-0.239846,late,small,SEV2,drug_developer,pit_bundle,,,,0,0.5,,,,,0.7905,,20,0.1,0.055241,,,,
ARDX,"Ardelyx, Inc.",117,,C,low_opt+no_catalyst_data,C,low_opt+no_catalyst_data,,0.066572,,,0.032946,1,0.032946,,0,no_upcoming,,headwind,,XS,momentum_headwind|runway_short,,,v1.3.0,34839213,1,,late|none|pos,0.1,,0.762122,0,1,0.903468,0.644386,,0,neutral,0.0,,0.0,0.0,0.0,,,0,0,0,0,False,False,False,missing,0.0,short,,,1.0,0,0,1.0,0,1.0,0,,,missing,-0.24087,price_history,,,1.0299,price_history,,-0.342916,,32.9556,-0.177568,-0.165348,late,small,SEV2,drug_developer,pit_bundle,,,sponsor,1,0.5,,,,,0.7905,,24,0.1,0.066572,,,,
ABVX,Abivax SA,118,,C,low_opt+no_catalyst_data,C,low_opt+no_catalyst_data,,0.012748,,,0.005814,1,0.005814,,0,no_upcoming,,tailwind,,L,sponsor_confirmed|momentum_tailwind,,,v1.3.0,34839213,1,,late|none|pos,0.1,,0.762122,0,1,0.903468,0.644386,4,5,buying,0.1812,,8.4829,8.0162,2.83,46,fresh,0,0,0,0,True,False,False,missing,0.0,adequate,,,1.0,0,0,1.0,0,1.0,0,,,missing,0.208936,price_history,,4,0.3602,price_history,,-0.05601,,49.781,-0.177568,0.121558,late,mid,NONE,drug_developer,pit_bundle,,,,0,0.5,,,,,0.7905,,5,0.1,0.012748,,,,
CLLS,Cellectis S.A.,119,,C,mod_opt+no_catalyst_data,C,mod_opt+no_catalyst_data,,0.723796,,,0.591085,1,0.591085,,0,no_upcoming,,headwind,,S,momentum_headwind,,,v1.3.0,34839213,1,,early|none|nonpos,0.06969944897959185,,-0.299184,0,1,0.044894,-2.924521,,0,neutral,0.0,,0.0,0.0,0.0,,,0,0,0,0,False,False,False,missing,0.0,adequate,,,1.0,0,0,1.0,0,1.0,0,,,missing,-0.111761,price_history,,,0.5368,price_history,,-0.278873,,47.6798,-0.177568,-0.101305,early,small,NONE,drug_developer,pit_bundle,,,sponsor,1,0.5,,,,,0.5595,,256,0.06969944897959185,0.723796,,,,
CCCC,"C4 Therapeutics, Inc.",120,,C,mod_opt+no_catalyst_data,C,mod_opt+no_catalyst_data,,0.715297,,,0.587209,1,0.587209,,0,no_upcoming,,tailwind,deep_drawdown,L,sponsor_confirmed|momentum_tailwind|runway_short,,,v1.3.0,34839213,1,,early|none|nonpos,0.06969944897959185,,-0.299184,0,1,0.044894,-2.924521,2,6,buying,-0.4793,,4.3456,2.481,0.89,46,fresh,0,0,0,0,True,False,False,missing,0.0,short,,,1.0,0,0,1.0,0,1.0,0,,,missing,0.236833,price_history,,2,1.6714,price_history,,-0.427273,,32.4479,-0.177568,-0.249705,early,micro,SEV2,drug_developer,pit_bundle,,,,0,0.5,,,,,0.5595,,253,0.06969944897959185,0.715297,,,,
BCYC,Bicycle Therapeutics plc,121,,C,mod_opt+no_catalyst_data,C,mod_opt+no_catalyst_data,,0.701133,,,0.583333,1,0.583333,,0,no_upcoming,,tailwind,,L,sponsor_confirmed|momentum_tailwind,,,v1.3.0,34839213,1,,early|none|nonpos,0.06969944897959185,,-0.299184,0,1,0.044894,-2.924521,4,6,neutral,0.1812,,4.6283,3.8838,2.11,46,fresh,0,0,0,0,True,False,False,missing,0.0,adequate,,,1.0,0,0,1.0,0,1.0,0,,,missing,0.391472,price_history,,4,0.1239,price_history,,-0.182072,,52.6784,-0.177568,-0.004504,early,small,NONE,drug_developer,pit_bundle,,,,0,0.5,,,,,0.5595,,248,0.06969944897959185,0.701133,,,,
WVE,Wave Life Sciences Ltd.,122,,C,mod_opt+no_catalyst_data,C,mod_opt+no_catalyst_data,,0.48017,,,0.563953,1,0.563953,,0,no_upcoming,,tailwind,,L,momentum_tailwind,,,v1.3.0,34839213,1,,mid|none|nonpos,0.1,,0.231469,0,1,0.474181,-1.140068,1,4,buying,-0.8095,,3.076,1.8639,1.44,46,fresh,0,0,0,0,True,False,False,missing,0.0,adequate,,,1.0,0,0,1.0,0,1.0,0,,,missing,0.308928,price_history,,1,1.5141,price_history,,-0.282387,,41.6679,-0.177568,-0.104819,mid,mid,SEV1,drug_developer,pit_bundle,,,,0,0.5,,,,,0.675,,170,0.1,0.48017,,,,
VKTX,Healthcare,123,,C,mod_opt+no_catalyst_data,C,mod_opt+no_catalyst_data,,0.466006,,,0.556202,1,0.556202,,0,no_upcoming,,tailwind,high_vol|high_beta,S,momentum_tailwind|runway_short|high_risk,,,v1.3.0,34839213,1,,mid|none|nonpos,0.1,,0.231469,0,1,0.474181,-1.140068,1,5,selling,-0.8095,,4.5038,3.1111,4.41,46,fresh,0,0,0,0,True,False,False,missing,0.0,short,,,1.0,0,0,1.0,0,1.0,0,,,missing,2.574603,price_history,,1,4.753,price_history,,-0.157884,,64.7001,-0.177568,0.019684,mid,mid,SEV2,drug_developer,pit_bundle,,,,0,0.5,,,,,0.675,,165,0.1,0.466006,,,,
TRVI,"Trevi Therapeutics, Inc.",124,,C,mod_opt+no_catalyst_data,C,mod_opt+no_catalyst_data,,0.446176,,,0.552326,1,0.552326,,0,no_upcoming,,tailwind,,L,sponsor_confirmed|momentum_tailwind,,,v1.3.0,34839213,1,,mid|none|nonpos,0.1,,0.231469,0,1,0.474181,-1.140068,2,5,buying,-0.4793,,3.1718,1.9605,0.9,46,fresh,0,0,0,0,True,False,False,missing,0.0,adequate,,,1.0,0,0,1.0,0,1.0,0,,,missing,1.149628,price_history,,2,1.0954,price_history,,-0.208108,,51.496,-0.177568,-0.03054,mid,small,NONE,drug_developer,pit_bundle,,,,0,0.5,,,,,0.675,,158,0.1,0.446176,,,,
RNA,"Avidity Biosciences, Inc.",125,,C,mod_opt+no_catalyst_data,C,mod_opt+no_catalyst_data,,0.398017,,,0.50969,1,0.50969,,0,no_upcoming,,tailwind,,L,sponsor_confirmed|momentum_tailwind|runway_short,,,v1.3.0,34839213,1,,mid|none|nonpos,0.1,,0.231469,0,1,0.474181,-1.140068,6,10,buying,0.8416,,8.4661,7.1615,1.04,46,fresh,0,0,0,0,True,False,False,missing,0.0,short,,,1.0,0,0,1.0,0,1.0,0,,,missing,1.115492,price_history,,6,1.0684,price_history,,-0.101973,,52.0267,-0.177568,0.075595,mid,large,SEV2,drug_developer,pit_bundle,,,,0,0.5,,,,,0.675,,141,0.1,0.398017,,,,
STOK,"Stoke Therapeutics, Inc.",126,,C,mod_opt+no_catalyst_data,C,mod_opt+no_catalyst_data,,0.42068,,,0.544574,1,0.544574,,0,no_upcoming,,tailwind,high_vol|high_beta,L,sponsor_confirmed|momentum_tailwind|high_risk,,,v1.3.0,34839213,1,,mid|none|nonpos,0.1,,0.231469,0,1,0.474181,-1.140068,4,6,buying,0.1812,,4.0251,3.3718,0.49,46,fresh,0,0,0,0,True,False,False,missing,0.0,adequate,,,1.0,0,0,1.0,0,1.0,0,,,missing,1.473636,price_history,,4,2.7347,price_history,,-0.221595,,48.9239,-0.177568,-0.044027,mid,small,NONE,drug_developer,pit_bundle,,,,0,0.5,,,,,0.675,,149,0.1,0.42068,,,,
ROIV,Roivant Sciences Ltd.,127,,C,mod_opt+no_catalyst_data,C,mod_opt+no_catalyst_data,,0.40085,,,0.513566,1,0.513566,,0,no_upcoming,,tailwind,,L,sponsor_confirmed|momentum_tailwind,,,v1.3.0,34839213,1,,mid|none|nonpos,0.1,,0.231469,0,1,0.474181,-1.140068,4,7,buying,0.1812,,6.6424,4.6345,2.2,46,fresh,0,0,0,0,True,False,False,missing,0.0,adequate,,,1.0,0,0,1.0,0,1.0,0,,,missing,0.12367,price_history,,4,0.5658,price_history,,-0.173616,,50.8971,-0.177568,0.003952,mid,large,NONE,drug_developer,pit_bundle,,,,0,0.5,,,,,0.675,,142,0.1,0.40085,,,,
SLN,Silence Therapeutics Plc - Amer,128,,C,mod_opt+no_catalyst_data,C,mod_opt+no_catalyst_data,,0.409348,,,0.532946,1,0.532946,,0,no_upcoming,,neutral,,L,sponsor_confirmed,,,v1.3.0,34839213,1,,mid|none|nonpos,0.1,,0.231469,0,1,0.474181,-1.140068,2,3,buying,-0.4793,,3.3724,2.9078,1.13,46,fresh,0,0,0,0,True,False,False,missing,0.0,adequate,,,1.0,0,0,1.0,0,1.0,0,,,missing,-0.002887,price_history,,2,0.4192,price_history,,-0.167238,,48.2006,-0.177568,0.01033,mid,micro,NONE,drug_developer,pit_bundle,,,,0,0.5,,,,,0.675,,145,0.1,0.409348,,,,
MLTX,Healthcare,129,,C,mod_opt+no_catalyst_data,C,mod_opt+no_catalyst_data,,0.304533,,,0.482558,1,0.482558,,0,no_upcoming,,headwind,deep_drawdown,M,sponsor_confirmed|momentum_headwind,,,v1.3.0,34839213,1,,mid|none|nonpos,0.1,,0.231469,0,1,0.474181,-1.140068,7,10,buying,1.1718,,11.8948,10.4948,24.5,34,fresh,0,0,0,0,True,False,False,missing,0.0,adequate,,,1.0,0,0,1.0,0,1.0,0,,,missing,-0.235933,price_history,,7,0.6201,price_history,,-0.35938,,33.0993,-0.177568,-0.181812,mid,small,NONE,drug_developer,pit_bundle,,,,0,0.5,,,,,0.675,,108,0.1,0.304533,,,,
MRUS,Merus N.V.,130,,C,mod_opt+no_catalyst_data,C,mod_opt+no_catalyst_data,,0.315864,,,0.486434,1,0.486434,,0,no_upcoming,,tailwind,,L,sponsor_confirmed|momentum_tailwind,,,v1.3.0,34839213,1,,mid|none|nonpos,0.1,,0.231469,0,1,0.474181,-1.140068,6,9,buying,0.8416,,12.1062,10.7062,4.5,46,fresh,0,0,0,0,True,False,False,missing,0.0,adequate,,,1.0,0,0,1.0,0,1.0,0,,,missing,0.282115,price_history,,6,0.4101,price_history,,-0.133346,,58.4247,-0.177568,0.044222,mid,mid,NONE,drug_developer,pit_bundle,,,,0,0.5,,,,,0.675,,112,0.1,0.315864,,,,
LBRX,Healthcare,131,,C,mod_opt+no_catalyst_data,C,mod_opt+no_catalyst_data,,0.284703,,,0.474806,1,0.474806,,0,no_upcoming,,neutral,drawdown_data_missing,M,,,,v1.3.0,34839213,1,,mid|none|nonpos,0.1,,0.231469,0,1,0.474181,-1.140068,,0,neutral,0.0,,0.0,0.0,0.0,,,0,0,0,0,False,False,False,missing,0.0,adequate,,,1.0,0,0,1.0,0,1.0,0,,,missing,,,series_too_short,,,,series_too_short,,series_too_short,,,,mid,small,NONE,drug_developer,pit_bundle,,,sponsor|drawdown,2,0.5,,,,,0.675,,101,0.1,0.284703,,,,
KYMR,"Kymera Therapeutics, Inc.",132,,C,mod_opt+no_catalyst_data,C,mod_opt+no_catalyst_data,,0.276204,,,0.47093,1,0.47093,,0,no_upcoming,,tailwind,,L,sponsor_confirmed|momentum_tailwind|runway_short,,,v1.3.0,34839213,1,,mid|none|nonpos,0.1,,0.231469,0,1,0.474181,-1.140068,3,5,buying,-0.1491,,6.4143,5.5743,1.74,46,fresh,0,0,0,0,True,False,False,missing,0.0,short,,,1.0,0,0,1.0,0,1.0,0,,,missing,0.061315,price_history,,3,1.0924,price_history,,-0.228368,,40.7612,-0.177568,-0.0508,mid,mid,SEV2,drug_developer,pit_bundle,,,,0,0.5,,,,,0.675,,98,0.1,0.276204,,,,
INBX,"Inhibrx Biosciences, Inc.",133,,C,mod_opt+no_catalyst_data,C,mod_opt+no_catalyst_data,,0.233711,,,0.459302,1,0.459302,,0,no_upcoming,,neutral,drawdown_data_missing,M,,,,v1.3.0,34839213,1,,mid|none|nonpos,0.1,,0.231469,0,1,0.474181,-1.140068,,0,neutral,0.0,,0.0,0.0,0.0,,,0,0,0,0,False,False,False,missing,0.0,adequate,,,1.0,0,0,1.0,0,1.0,0,,,missing,,,series_too_short,,,,series_too_short,,series_too_short,,,,mid,small,NONE,drug_developer,pit_bundle,,,sponsor|drawdown,2,0.5,,,,,0.675,,83,0.1,0.233711,,,,
GHRS,GH Research PLC,134,,C,mod_opt+no_catalyst_data,C,mod_opt+no_catalyst_data,,0.208215,,,0.45155,1,0.45155,,0,no_upcoming,,tailwind,,L,sponsor_confirmed|momentum_tailwind,,,v1.3.0,34839213,1,,mid|none|nonpos,0.1,,0.231469,0,1,0.474181,-1.140068,4,6,selling,0.1812,,3.1112,2.5525,0.51,46,fresh,0,0,0,0,True,False,False,missing,0.0,adequate,,,1.0,0,0,1.0,0,1.0,0,,,missing,0.444348,price_history,,4,0.3064,price_history,,-0.225442,,53.0531,-0.177568,-0.047874,mid,small,NONE,drug_developer,pit_bundle,,,,0,0.5,,,,,0.675,,74,0.1,0.208215,,,,
EPRX,Eupraxia Pharmaceuticals Inc.,135,,C,mod_opt+no_catalyst_data,C,mod_opt+no_catalyst_data,,0.191218,,,0.439922,1,0.439922,,0,no_upcoming,,neutral,drawdown_data_missing,M,,,,v1.3.0,34839213,1,,mid|none|nonpos,0.1,,0.231469,0,1,0.474181,-1.140068,,0,neutral,0.0,,0.0,0.0,0.0,,,0,0,0,0,False,False,False,missing,0.0,adequate,,,1.0,0,0,1.0,0,1.0,0,,,missing,,,series_too_short,,,,series_too_short,,series_too_short,,,,mid,small,NONE,drug_developer,pit_bundle,,,sponsor|drawdown,2,0.5,,,,,0.675,,68,0.1,0.191218,,,,
CTNM,"Contineum Therapeutics, Inc.",136,,C,mod_opt+no_catalyst_data,C,mod_opt+no_catalyst_data,,0.165722,,,0.428295,1,0.428295,,0,no_upcoming,,neutral,drawdown_data_missing,M,,,,v1.3.0,34839213,1,,mid|none|nonpos,0.1,,0.231469,0,1,0.474181,-1.140068,,0,neutral,0.0,,0.0,0.0,0.0,,,0,0,0,0,False,False,False,missing,0.0,adequate,,,1.0,0,0,1.0,0,1.0,0,,,missing,,,series_too_short,,,,series_too_short,,series_too_short,,,,mid,small,SEV1,drug_developer,pit_bundle,,,sponsor|drawdown,2,0.5,,,,,0.675,,59,0.1,0.165722,,,,
CTMX,"CytomX Therapeutics, Inc.",137,,C,mod_opt+no_catalyst_data,C,mod_opt+no_catalyst_data,,0.16289,,,0.424419,1,0.424419,,0,no_upcoming,,tailwind,high_beta|deep_drawdown,S,momentum_tailwind|runway_short|high_risk,,,v1.3.0,34839213,1,,mid|none|nonpos,0.1,,0.231469,0,1,0.474181,-1.140068,1,4,buying,-0.8095,,2.7179,1.5066,0.94,46,fresh,0,0,0,0,True,False,False,missing,0.0,short,,,1.0,0,0,1.0,0,1.0,0,,,missing,0.177731,price_history,,1,2.0057,price_history,,-0.405109,,31.4283,-0.177568,-0.227541,mid,small,SEV2,drug_developer,pit_bundle,,,,0,0.5,,,,,0.675,,58,0.1,0.16289,,,,
CNTX,Context Therapeutics Inc.,138,,C,mod_opt+no_catalyst_data,C,mod_opt+no_catalyst_data,,0.143059,,,0.420543,1,0.420543,,0,no_upcoming,,tailwind,,L,momentum_tailwind,,,v1.3.0,34839213,1,,mid|none|nonpos,0.1,,0.231469,0,1,0.474181,-1.140068,,0,neutral,0.0,,0.0,0.0,0.0,,,0,0,0,0,False,False,False,missing,0.0,adequate,,,1.0,0,0,1.0,0,1.0,0,,,missing,0.310963,price_history,,,0.1604,price_history,,-0.16,,50.6128,-0.177568,0.017568,mid,micro,NONE,drug_developer,pit_bundle,,,sponsor,1,0.5,,,,,0.675,,51,0.1,0.143059,,,,
ANAB,"AnaptysBio, Inc.",139,,C,mod_opt+no_catalyst_data,C,mod_opt+no_catalyst_data,,0.049575,,,0.405039,1,0.405039,,0,no_upcoming,,neutral,,L,sponsor_confirmed,,,v1.3.0,34839213,1,,mid|none|nonpos,0.1,,0.231469,0,1,0.474181,-1.140068,7,11,buying,1.1718,,16.9331,15.1618,4.18,45,fresh,0,0,0,0,True,False,False,missing,0.0,adequate,,,1.0,0,0,1.0,0,1.0,0,,,missing,0.044266,price_history,,7,0.8015,price_history,,-0.080468,,61.9329,-0.177568,0.0971,mid,small,SEV1,drug_developer,pit_bundle,,,,0,0.5,,,,,0.675,,18,0.1,0.049575,,,,
ANRO,"Alto Neuroscience, Inc.",140,,C,mod_opt+no_catalyst_data,C,mod_opt+no_catalyst_data,,0.058074,,,0.408915,1,0.408915,,0,no_upcoming,,neutral,drawdown_data_missing,M,,,,v1.3.0,34839213,1,,mid|none|nonpos,0.1,,0.231469,0,1,0.474181,-1.140068,,0,neutral,0.0,,0.0,0.0,0.0,,,0,0,0,0,False,False,False,missing,0.0,adequate,,,1.0,0,0,1.0,0,1.0,0,,,missing,,,series_too_short,,,,series_too_short,,series_too_short,,,,mid,small,NONE,drug_developer,pit_bundle,,,sponsor|drawdown,2,0.5,,,,,0.675,,21,0.1,0.058074,,,,
ABUS,Arbutus Biopharma Corporation,141,,C,mod_opt+no_catalyst_data,C,mod_opt+no_catalyst_data,,0.009915,,,0.377907,1,0.377907,,0,no_upcoming,,tailwind,,M,momentum_tailwind|runway_short,,,v1.3.0,34839213,1,,mid|none|nonpos,0.1,,0.231469,0,1,0.474181,-1.140068,0,1,buying,-1.1397,,0.4667,0.0,0.0,46,fresh,0,0,0,0,True,False,False,missing,0.0,short,,,1.0,0,0,1.0,0,1.0,0,,,missing,0.169828,price_history,,0,0.5979,price_history,,-0.125,,47.3755,-0.177568,0.052568,mid,small,SEV2,drug_developer,pit_bundle,,,,0,0.5,,,,,0.675,,4,0.1,0.009915,,,,
NTRA,"Natera, Inc.",142,,C,no_quality_data,,,C,0.548159,,,,,,472,1,specific_days,,tailwind,,L,catalyst_far_lift|sponsor_confirmed|momentum_tailwind,,,v1.3.0,34839213,1,,late|far_271_540|pos,0.0961064745762712,,0.762122,0,1,1.299083,1.322157,8,12,neutral,1.502,,14.8285,13.5231,5.43,34,fresh,0,0,0,0,True,False,True,far,0.3,adequate,,,1.0,0,0,1.0,0,1.0,0,472,,specific_days,0.387733,price_history,,8,0.4308,price_history,,-0.047189,,55.4764,-0.177568,0.130379,late,large,NONE,platform_diagnostics,pit_bundle,CTGOV,CLINICAL_PCD,,0,0.5,,,,,0.7905,,194,0.0961064745762712,0.548159,,,,
CRL,Charles River Laboratories Inte,143,,C,no_quality_data,,,C,0.51983,,,,,,854,1,specific_days,,tailwind,,L,catalyst_far_lift|momentum_tailwind,,,v1.3.0,34839213,1,,late|far_271_540|pos,0.0961064745762712,,0.762122,0,1,1.299083,1.322157,,0,neutral,0.0,,0.0,0.0,0.0,,,0,0,0,0,False,False,True,far,0.3,adequate,,,1.0,0,0,1.0,0,1.0,0,854,,specific_days,0.076803,price_history,,,0.7133,price_history,,-0.162491,,37.5198,-0.177568,0.015077,late,large,NONE,platform_diagnostics,pit_bundle,CTGOV,CLINICAL_CD,sponsor,1,0.5,,,,,0.7905,,184,0.0961064745762712,0.51983,,,,
CDNA,"CareDx, Inc.",144,,C,no_quality_data,,,C,0.514164,,,,,,519,1,specific_days,,headwind,deep_drawdown,M,catalyst_far_lift|momentum_headwind,,,v1.3.0,34839213,1,,late|far_271_540|pos,0.0961064745762712,,0.762122,0,1,1.299083,1.322157,0,3,buying,-1.1397,,1.3979,0.0,0.0,46,fresh,0,0,0,0,True,False,True,far,0.3,adequate,,,1.0,0,0,1.0,0,1.0,0,519,,specific_days,-0.051946,price_history,,0,1.5269,price_history,,-0.396579,,38.0092,-0.177568,-0.219011,late,small,NONE,platform_diagnostics,pit_bundle,CTGOV,CLINICAL_PCD,,0,0.5,,,,,0.7905,,182,0.0961064745762712,0.514164,,,,
LAB,Standard BioTools Inc.,145,,C,no_quality_data,,,C,0.28187,,,,,,92,1,specific_days,,neutral,,M,,,,v1.3.0,34839213,1,,late|near_91_180|pos,0.1,,0.762122,0,1,1.299083,1.369672,,0,neutral,0.0,,0.0,0.0,0.0,,,0,0,0,0,False,False,True,near,1.0,adequate,,,1.0,0,0,1.0,0,1.0,0,92,,specific_days,0.046159,price_history,,,0.6718,price_history,,-0.186885,,42.6227,-0.177568,-0.009317,late,small,NONE,platform_devices,pit_bundle,CTGOV,CLINICAL_PCD,sponsor,1,0.5,,,,,0.7905,,100,0.1,0.28187,,,,
TEM,"Tempus AI, Inc.",146,,C,no_quality_data,,,C,0.437677,,,,,,215,1,specific_days,,neutral,drawdown_data_missing,L,catalyst_far_lift,,,v1.3.0,34839213,1,,late|near_181_270|pos,0.1,,0.762122,0,1,1.299083,1.090997,,0,neutral,0.0,,0.0,0.0,0.0,,,0,0,0,0,False,False,True,far,0.3,adequate,,,1.0,0,0,1.0,0,1.0,0,215,,specific_days,,,series_too_short,,,,series_too_short,,series_too_short,,,,late,large,NONE,platform_services,pit_bundle,CTGOV,CLINICAL_CD,sponsor|drawdown,2,0.5,,,,,0.7905,,155,0.1,0.437677,,,,
CMPS,COMPASS Pathways Plc - American,147,,C,no_quality_data,,,C,0.137394,,,,,,,0,no_upcoming,,headwind,,M,sponsor_confirmed|momentum_headwind,,,v1.3.0,34839213,1,,late|none|pos,0.1,,0.762122,0,1,1.299083,1.090997,2,3,neutral,-0.4793,,1.7476,1.3742,0.41,46,fresh,0,0,0,0,True,False,False,missing,0.0,adequate,,,1.0,0,0,1.0,0,1.0,0,,,missing,-0.165697,price_history,,2,1.2432,price_history,,-0.307195,,46.219,-0.177568,-0.129627,late,small,NONE,platform_services,pit_bundle,,,,0,0.5,,,,,0.7905,,49,0.1,0.137394,,,,
UTHR,United Therapeutics Corporation,148,,C,no_quality_data,,,C,0.55949,,,,,,427,1,specific_days,,tailwind,,L,catalyst_far_lift|sponsor_confirmed|momentum_tailwind,,,v1.3.0,34839213,1,,late|far_271_540|pos,0.0961064745762712,,0.762122,0,1,0.605509,0.572936,7,12,buying,1.1718,,13.2858,10.3774,15.67,45,fresh,0,0,0,0,True,False,True,far,0.3,adequate,,,1.0,0,0,1.0,0,1.0,0,427,,specific_days,0.103362,price_history,,7,0.1401,price_history,,-0.087997,,48.9442,-0.177568,0.089571,late,large,NONE,commercial_pharma,pit_bundle,CTGOV,CLINICAL_PCD,,0,0.5,,,,,0.7905,,198,0.0961064745762712,0.55949,,,,
SNY,Sanofi,149,,C,no_quality_data,,,C,0.57932,,,,,,1,1,specific_days,,neutral,,L,sponsor_confirmed,,,v1.3.0,34839213,1,,late|near_0_30|pos,0.09254273684210526,,0.762122,0,1,0.605509,0.572936,4,6,buying,0.1812,,6.315,5.3816,2.65,46,fresh,0,0,0,0,True,False,True,near,1.0,adequate,,,1.0,0,0,1.0,0,1.0,0,1,,specific_days,0.042612,price_history,,4,0.007,price_history,,-0.108152,,60.0858,-0.177568,0.069416,late,large,NONE,commercial_pharma,pit_bundle,CTGOV,CLINICAL_PCD,,0,0.5,,,,,0.7905,,205,0.09254273684210526,0.57932,,,,
AZN,Astrazeneca PLC,150,,C,no_quality_data,,,C,0.565156,,,,,,1,1,specific_days,,tailwind,overbought_rsi,L,sponsor_confirmed|momentum_tailwind,,,v1.3.0,34839213,1,,late|near_0_30|pos,0.09254273684210526,,0.762122,0,1,0.605509,0.572936,4,7,selling,0.1812,,5.6745,4.6491,3.21,46,fresh,0,0,0,0,True,False,True,near,1.0,adequate,,,1.0,0,0,1.0,0,1.0,0,1,,specific_days,0.178297,price_history,,4,0.119,price_history,,0.0,,83.5399,-0.177568,0.177568,late,large,NONE,commercial_pharma,pit_bundle,CTGOV,CLINICAL_PCD,,0,0.5,,,,,0.7905,,200,0.09254273684210526,0.565156,,,,
AMGN,Amgen Inc.,151,,C,no_quality_data,,,C,0.562323,,,,,,21,1,specific_days,,headwind,,M,sponsor_confirmed|momentum_headwind,,,v1.3.0,34839213,1,,late|near_0_30|pos,0.09254273684210526,,0.762122,0,1,0.605509,0.572936,3,7,selling,-0.1491,,5.8473,4.5427,3.56,46,fresh,0,0,0,0,True,False,True,near,1.0,adequate,,,1.0,0,0,1.0,0,1.0,0,21,,specific_days,-0.136256,price_history,,3,0.2496,price_history,,-0.149367,,52.1765,-0.177568,0.028201,late,large,NONE,commercial_pharma,pit_bundle,CTGOV,CLINICAL_CD,,0,0.5,,,,,0.7905,,199,0.09254273684210526,0.562323,,,,
SUPN,"Supernus Pharmaceuticals, Inc.",152,,C,no_quality_data,,,C,0.423513,,,,,,62,1,specific_days,,tailwind,,L,momentum_tailwind,,,v1.3.0,34839213,1,,late|near_31_90|pos,0.1,,0.762122,0,1,0.605509,0.572936,1,4,buying,-0.8095,,2.0828,0.7778,0.01,46,fresh,0,0,0,0,True,False,True,near,1.0,adequate,,,1.0,0,0,1.0,0,1.0,0,62,,specific_days,0.120361,price_history,,1,0.8545,price_history,,-0.192597,,45.3322,-0.177568,-0.015029,late,mid,NONE,commercial_pharma,pit_bundle,CTGOV,CLINICAL_CD,,0,0.5,,,,,0.7905,,150,0.1,0.423513,,,,
NBIX,"Neurocrine Biosciences, Inc.",153,,C,no_quality_data,,,C,0.324363,,,,,,,0,no_upcoming,,neutral,,L,sponsor_confirmed,,,v1.3.0,34839213,1,,late|none|pos,0.1,,0.762122,0,1,0.605509,0.572936,6,10,buying,0.8416,,12.888,11.2696,3.88,34,fresh,0,0,0,0,True,False,False,missing,0.0,adequate,,,1.0,0,0,1.0,0,1.0,0,,,missing,-0.022469,price_history,,6,0.1881,price_history,,-0.043134,,51.7023,-0.177568,0.134434,late,large,NONE,commercial_pharma,pit_bundle,,,,0,0.5,,,,,0.7905,,115,0.1,0.324363,,,,
MDGL,"Madrigal Pharmaceuticals, Inc.",154,,C,no_quality_data,,,C,0.542493,,,,,,1341,1,specific_days,,neutral,,L,catalyst_far_lift|sponsor_confirmed,,,v1.3.0,34839213,1,,late|far_271_540|pos,0.0961064745762712,,0.762122,0,1,0.354195,0.342997,9,11,buying,1.8322,,16.3017,15.5551,7.2,34,fresh,0,0,0,0,True,False,True,far,0.3,adequate,,,1.0,0,0,1.0,0,1.0,0,1341,,specific_days,-0.026994,price_history,,9,1.2295,price_history,,-0.340552,,36.7837,-0.177568,-0.162984,late,large,NONE,commercial_biotech,pit_bundle,CTGOV,CLINICAL_PCD,,0,0.5,,,,,0.7905,,192,0.0961064745762712,0.542493,,,,
KNSA,"Kiniksa Pharmaceuticals, Ltd.",155,,C,no_quality_data,,,C,0.267705,,,,,,,0,no_upcoming,,neutral,,M,,,,v1.3.0,34839213,1,,late|none|pos,0.1,,0.762122,0,1,0.605509,0.572936,,0,neutral,0.0,,0.0,0.0,0.0,,,0,0,0,0,False,False,False,missing,0.0,adequate,,,1.0,0,0,1.0,0,1.0,0,,,missing,0.042539,price_history,,,0.6313,price_history,,-0.138914,,57.2217,-0.177568,0.038654,late,mid,NONE,commercial_pharma,pit_bundle,,,sponsor,1,0.5,,,,,0.7905,,95,0.1,0.267705,,,,
KMDA,Kamada Ltd.,156,,C,no_quality_data,,,C,0.264873,,,,,,,0,no_upcoming,,headwind,,S,momentum_headwind,,,v1.3.0,34839213,1,,late|none|pos,0.1,,0.762122,0,1,0.605509,0.572936,0,2,buying,-1.1397,,0.9313,0.0,0.0,46,fresh,0,0,0,0,True,False,False,missing,0.0,adequate,,,1.0,0,0,1.0,0,1.0,0,,,missing,-0.073467,price_history,,0,0.3662,price_history,,-0.186916,,44.8974,-0.177568,-0.009348,late,small,NONE,commercial_pharma,pit_bundle,,,,0,0.5,,,,,0.7905,,94,0.1,0.264873,,,,
ARGX,argenx SE,157,,C,no_quality_data,,,C,0.502833,,,,,,273,1,specific_days,,neutral,,L,catalyst_far_lift|sponsor_confirmed,,,v1.3.0,34839213,1,,late|far_271_540|pos,0.0961064745762712,,0.762122,0,1,0.354195,0.342997,15,18,buying,3.8134,,29.9588,28.7455,7.93,46,fresh,0,0,0,0,True,False,True,far,0.3,adequate,,,1.0,0,0,1.0,0,1.0,0,273,,specific_days,0.004196,price_history,,15,0.3417,price_history,,-0.315318,,47.9519,-0.177568,-0.13775,late,large,NONE,commercial_biotech,pit_bundle,CTGOV,CLINICAL_CD,,0,0.5,,,,,0.7905,,178,0.0961064745762712,0.502833,,,,
INDV,Indivior PLC,158,,C,no_quality_data,,,C,0.239377,,,,,,,0,no_upcoming,,neutral,,M,,,,v1.3.0,34839213,1,,late|none|pos,0.1,,0.762122,0,1,0.605509,0.572936,,0,neutral,0.0,,0.0,0.0,0.0,,,0,0,0,0,False,False,False,missing,0.0,adequate,,,1.0,0,0,1.0,0,1.0,0,,,missing,0.041268,price_history,,,1.0087,price_history,,-0.291221,,33.8496,-0.177568,-0.113653,late,mid,NONE,commercial_pharma,pit_bundle,,,sponsor,1,0.5,,,,,0.7905,,85,0.1,0.239377,,,,
TECH,Bio-Techne Corporation,159,,C,no_quality_data,,,C,0.582153,,,,,,1,1,specific_days,,neutral,,M,,,,v1.3.0,34839213,1,,late|near_0_30|pos,0.09254273684210526,,0.762122,0,1,0.354195,0.342997,1,2,neutral,-0.8095,,1.0578,0.7778,0.01,46,fresh,0,0,0,0,True,False,True,near,1.0,adequate,,,1.0,0,0,1.0,0,1.0,0,1,,specific_days,-0.0174,price_history,,1,0.6159,price_history,,-0.290621,,38.8178,-0.177568,-0.113053,late,large,NONE,commercial_biotech,pit_bundle,CTGOV,CLINICAL_PCD,,0,0.5,,,,,0.7905,,206,0.09254273684210526,0.582153,,,,
CAI,"Caris Life Sciences, Inc.",160,,C,no_quality_data,,,C,0.567989,,,,,,1,1,specific_days,,neutral,drawdown_data_missing,M,,,,v1.3.0,34839213,1,,late|near_0_30|pos,0.09254273684210526,,0.762122,0,1,0.354195,0.342997,,0,neutral,0.0,,0.0,0.0,0.0,,,0,0,0,0,False,False,True,near,1.0,adequate,,,1.0,0,0,1.0,0,1.0,0,1,,specific_days,,,series_too_short,,,,series_too_short,,series_too_short,,,,late,mid,NONE,commercial_biotech,pit_bundle,CTGOV,CLINICAL_CD,sponsor|drawdown,2,0.5,,,,,0.7905,,201,0.09254273684210526,0.567989,,,,
GILD,"Gilead Sciences, Inc.",161,,C,no_quality_data,,,C,0.211048,,,,,,32,1,specific_days,,headwind,,M,sponsor_confirmed|momentum_headwind,,,v1.3.0,34839213,1,,late|near_31_90|pos,0.1,,0.762122,0,1,0.605509,0.572936,3,7,neutral,-0.1491,,4.7508,3.1026,1.43,46,fresh,0,0,0,0,True,False,True,near,1.0,adequate,,,1.0,0,0,1.0,0,1.0,0,32,,specific_days,-0.13473,price_history,,3,0.2468,price_history,,-0.245413,,28.3484,-0.177568,-0.067845,late,large,NONE,commercial_pharma,pit_bundle,CTGOV,CLINICAL_CD,,0,0.5,,,,,0.7905,,75,0.1,0.211048,,,,
ESPR,"Esperion Therapeutics, Inc.",162,,C,no_quality_data,,,C,0.194051,,,,,,,0,no_upcoming,,headwind,deep_drawdown,S,momentum_headwind,,,v1.3.0,34839213,1,,late|none|pos,0.1,,0.762122,0,1,0.605509,0.572936,1,5,buying,-0.8095,,2.9767,1.1121,0.51,46,fresh,0,0,0,0,True,False,False,missing,0.0,adequate,,,1.0,0,0,1.0,0,1.0,0,,,missing,-0.064055,price_history,,1,0.9559,price_history,,-0.391975,,41.1924,-0.177568,-0.214407,late,small,NONE,commercial_pharma,pit_bundle,,,,0,0.5,,,,,0.7905,,69,0.1,0.194051,,,,
EOLS,"Evolus, Inc. Common Stock",163,,C,no_quality_data,,,C,0.188385,,,,,,,0,no_upcoming,,headwind,,S,sponsor_confirmed|momentum_headwind|runway_short,,,v1.3.0,34839213,1,,late|none|pos,0.1,,0.762122,0,1,0.605509,0.572936,3,8,buying,-0.1491,,8.4865,6.64,3.59,34,fresh,0,0,0,0,True,False,False,missing,0.0,short,,,1.0,0,0,1.0,0,1.0,0,,,missing,-0.111606,price_history,,3,0.3834,price_history,,-0.210597,,34.9497,-0.177568,-0.033029,late,small,SEV2,commercial_pharma,pit_bundle,,,,0,0.5,,,,,0.7905,,67,0.1,0.188385,,,,
GMAB,Genmab A/S,164,,C,no_quality_data,,,C,0.531161,,,,,,1432,1,specific_days,,neutral,,L,catalyst_far_lift,,,v1.3.0,34839213,1,,late|far_271_540|pos,0.0961064745762712,,0.762122,0,1,0.354195,0.342997,0,2,buying,-1.1397,,0.9313,0.0,0.0,46,fresh,0,0,0,0,True,False,True,far,0.3,adequate,,,1.0,0,0,1.0,0,1.0,0,1432,,specific_days,0.009295,price_history,,0,0.348,price_history,,-0.346472,,38.8118,-0.177568,-0.168904,late,large,NONE,commercial_biotech,pit_bundle,CTGOV,CLINICAL_PCD,,0,0.5,,,,,0.7905,,188,0.0961064745762712,0.531161,,,,
EXEL,"Exelixis, Inc.",165,,C,no_quality_data,,,C,0.528329,,,,,,743,1,specific_days,,tailwind,,L,catalyst_far_lift|sponsor_confirmed|momentum_tailwind,,,v1.3.0,34839213,1,,late|far_271_540|pos,0.0961064745762712,,0.762122,0,1,0.354195,0.342997,3,7,buying,-0.1491,,5.872,4.0444,16.16,46,fresh,0,0,0,0,True,False,True,far,0.3,adequate,,,1.0,0,0,1.0,0,1.0,0,743,,specific_days,0.101271,price_history,,3,0.2521,price_history,,-0.027766,,54.5125,-0.177568,0.149802,late,large,NONE,commercial_biotech,pit_bundle,CTGOV,CLINICAL_CD,,0,0.5,,,,,0.7905,,187,0.0961064745762712,0.528329,,,,
DVAX,Dynavax Technologies Corporation,166,,C,no_quality_data,,,C,0.179887,,,,,,,0,no_upcoming,,headwind,,M,sponsor_confirmed|momentum_headwind,,,v1.3.0,34839213,1,,late|none|pos,0.1,,0.762122,0,1,0.605509,0.572936,3,6,selling,-0.1491,,4.8664,3.7481,3.31,46,fresh,0,0,0,0,True,False,False,missing,0.0,adequate,,,1.0,0,0,1.0,0,1.0,0,,,missing,-0.094419,price_history,,3,0.3628,price_history,,-0.241494,,38.3013,-0.177568,-0.063926,late,small,NONE,commercial_pharma,pit_bundle,,,,0,0.5,,,,,0.7905,,64,0.1,0.179887,,,,
SRPT,"Sarepta Therapeutics, Inc.",167,,C,no_quality_data,,,C,0.415014,,,,,,,0,no_upcoming,,tailwind,,L,sponsor_confirmed|momentum_tailwind,,,v1.3.0,34839213,1,,late|none|pos,0.1,,0.762122,0,1,0.354195,0.342997,13,17,selling,3.153,,23.9239,22.5251,9.53,34,fresh,0,0,0,0,True,False,False,missing,0.0,adequate,,,1.0,0,0,1.0,0,1.0,0,,,missing,0.059389,price_history,,13,0.3924,price_history,,-0.194224,,56.3841,-0.177568,-0.016656,late,mid,NONE,commercial_biotech,pit_bundle,,,,0,0.5,,,,,0.7905,,147,0.1,0.415014,,,,
BNTX,BioNTech SE,168,,C,no_quality_data,,,C,0.508499,,,,,,804,1,specific_days,,neutral,,L,catalyst_far_lift,,,v1.3.0,34839213,1,,late|far_271_540|pos,0.0961064745762712,,0.762122,0,1,0.354195,0.342997,1,3,selling,-0.8095,,1.2756,0.6222,0.17,46,fresh,0,0,0,0,True,False,True,far,0.3,adequate,,,1.0,0,0,1.0,0,1.0,0,804,,specific_days,-0.033486,price_history,,1,0.2062,price_history,,-0.289894,,49.4059,-0.177568,-0.112326,late,large,NONE,commercial_biotech,pit_bundle,CTGOV,CLINICAL_PCD,,0,0.5,,,,,0.7905,,180,0.0961064745762712,0.508499,,,,
VRTX,Vertex Pharmaceuticals Incorporated,169,,C,no_quality_data,,,C,0.477337,,,,,,184,1,specific_days,,headwind,,L,catalyst_far_lift|sponsor_confirmed|momentum_headwind,,,v1.3.0,34839213,1,,late|near_181_270|pos,0.1,,0.762122,0,1,0.354195,0.342997,2,6,buying,-0.4793,,5.8834,3.8331,1.62,46,fresh,0,0,0,0,True,False,True,far,0.3,adequate,,,1.0,0,0,1.0,0,1.0,0,184,,specific_days,-0.066534,price_history,,2,0.2235,price_history,,-0.119418,,36.9089,-0.177568,0.05815,late,large,NONE,commercial_biotech,pit_bundle,CTGOV,CLINICAL_PCD,,0,0.5,,,,,0.7905,,169,0.1,0.477337,,,,
BIIB,Biogen Inc.,170,,C,no_quality_data,,,C,0.106232,,,,,,141,1,specific_days,,headwind,,M,sponsor_confirmed|momentum_headwind,,,v1.3.0,34839213,1,,late|near_91_180|pos,0.1,,0.762122,0,1,0.605509,0.572936,5,9,neutral,0.5114,,13.3695,12.0355,14.73,45,fresh,0,0,0,0,True,False,True,mid,0.7,adequate,,,1.0,0,0,1.0,0,1.0,0,141,,specific_days,-0.099591,price_history,,5,0.4986,price_history,,-0.324593,,60.9374,-0.177568,-0.147025,late,large,NONE,commercial_pharma,pit_bundle,CTGOV,CLINICAL_PCD,,0,0.5,,,,,0.7905,,38,0.1,0.106232,,,,
VTRS,Viatris Inc.,171,,C,no_quality_data,,,C,0.941926,,,,,,,0,no_upcoming,,neutral,,M,,,,v1.3.0,34839213,1,,early|none|nonpos,0.06969944897959185,,,,,-2.032986,-2.179694,,0,neutral,0.0,,0.0,0.0,0.0,,,0,0,0,0,False,False,False,missing,0.0,adequate,,,1.0,0,0,1.0,0,1.0,0,,,missing,-0.000964,price_history,,,0.3432,price_history,,-0.136459,,49.1229,-0.177568,0.041109,early,large,NONE,commercial_pharma,pit_bundle,,,sponsor,1,0.5,,,,,0.0,,333,0.06969944897959185,0.941926,,,,
VCYT,"Veracyte, Inc.",172,,C,no_quality_data,,,C,0.936261,,,,,,,0,no_upcoming,,headwind,,S,momentum_headwind,,,v1.3.0,34839213,1,,early|none|nonpos,0.06969944897959185,,,,,-0.913747,-0.923957,0,2,selling,-1.1397,,0.5587,0.0,0.0,46,fresh,0,0,0,0,True,False,False,missing,0.0,adequate,,,1.0,0,0,1.0,0,1.0,0,,,missing,-0.176593,price_history,,0,0.9256,price_history,,-0.345922,,42.7599,-0.177568,-0.168354,early,mid,NONE,platform_diagnostics,pit_bundle,,,,0,0.5,,,,,0.0,,331,0.06969944897959185,0.936261,,,,
ALKS,Alkermes plc,173,,C,no_quality_data,,,C,0.032578,,,,,,,0,no_upcoming,,headwind,,M,sponsor_confirmed|momentum_headwind,,,v1.3.0,34839213,1,,late|none|pos,0.1,,0.762122,0,1,0.605509,0.572936,6,10,selling,0.8416,,12.8031,11.3976,9.04,45,fresh,0,0,0,0,True,False,False,missing,0.0,adequate,,,1.0,0,0,1.0,0,1.0,0,,,missing,-0.057589,price_history,,6,0.6482,price_history,,-0.270294,,40.4762,-0.177568,-0.092726,late,mid,NONE,commercial_pharma,pit_bundle,,,,0,0.5,,,,,0.7905,,12,0.1,0.032578,,,,
TWST,Twist Bioscience Corporation,174,,C,no_quality_data,,,C,0.930595,,,,,,,0,no_upcoming,,headwind,,S,momentum_headwind,,,v1.3.0,34839213,1,,early|none|nonpos,0.06969944897959185,,-2.180589,,1,-0.493855,-0.49775,0,3,buying,-1.1397,,1.2133,0.0,0.0,46,fresh,0,0,0,0,True,False,False,missing,0.0,adequate,,,1.0,0,0,1.0,0,1.0,0,,,missing,-0.094976,price_history,,0,1.3527,price_history,,-0.24747,,47.0418,-0.177568,-0.069902,early,mid,NONE,platform_diagnostics,pit_bundle,,,,0,0.5,,,,,0.15,,329,0.06969944897959185,0.930595,,,,
REGN,"Regeneron Pharmaceuticals, Inc.",175,,C,no_quality_data,,,C,0.386686,,,,,,61,1,specific_days,,neutral,,L,sponsor_confirmed,,,v1.3.0,34839213,1,,late|near_31_90|pos,0.1,,0.762122,0,1,0.354195,0.342997,4,8,buying,0.1812,,9.1456,7.2795,14.73,46,fresh,0,0,0,0,True,False,True,near,1.0,adequate,,,1.0,0,0,1.0,0,1.0,0,61,,specific_days,-0.047518,price_history,,4,0.2669,price_history,,-0.103377,,34.7773,-0.177568,0.074191,late,large,NONE,commercial_biotech,pit_bundle,CTGOV,CLINICAL_PCD,,0,0.5,,,,,0.7905,,137,0.1,0.386686,,,,
AMRX,"Amneal Pharmaceuticals, Inc.",176,,C,no_quality_data,,,C,0.046742,,,,,,,0,no_upcoming,,tailwind,,L,momentum_tailwind,,,v1.3.0,34839213,1,,late|none|pos,0.1,,0.762122,0,1,0.605509,0.572936,1,5,buying,-0.8095,,2.269,0.7778,0.12,46,fresh,0,0,0,0,True,False,False,missing,0.0,adequate,,,1.0,0,0,1.0,0,1.0,0,,,missing,0.111856,price_history,,1,0.416,price_history,,-0.045741,,59.2452,-0.177568,0.131827,late,mid,NONE,commercial_pharma,pit_bundle,,,,0,0.5,,,,,0.7905,,17,0.1,0.046742,,,,
AMPH,"Amphastar Pharmaceuticals, Inc.",177,,C,no_quality_data,,,C,0.043909,,,,,,,0,no_upcoming,,headwind,deep_drawdown,S,momentum_headwind,,,v1.3.0,34839213,1,,late|none|pos,0.1,,0.762122,0,1,0.605509,0.572936,0,3,buying,-1.1397,,1.2112,0.0,0.0,46,fresh,0,0,0,0,True,False,False,missing,0.0,adequate,,,1.0,0,0,1.0,0,1.0,0,,,missing,-0.196233,price_history,,0,0.5913,price_history,,-0.365385,,45.8921,-0.177568,-0.187817,late,small,NONE,commercial_pharma,pit_bundle,,,,0,0.5,,,,,0.7905,,16,0.1,0.043909,,,,
ALVO,Alvotech,178,,C,no_quality_data,,,C,0.038244,,,,,,,0,no_upcoming,,headwind,,S,momentum_headwind,,,v1.3.0,34839213,1,,late|none|pos,0.1,,0.762122,0,1,0.605509,0.572936,,0,neutral,0.0,,0.0,0.0,0.0,,,0,0,0,0,False,False,False,missing,0.0,adequate,,,1.0,0,0,1.0,0,1.0,0,,,missing,-0.068474,price_history,,,0.209,price_history,,-0.160394,,67.9912,-0.177568,0.017174,late,small,NONE,commercial_pharma,pit_bundle,,,sponsor,1,0.5,,,,,0.7905,,14,0.1,0.038244,,,,
RPRX,Royalty Pharma plc,179,,C,no_quality_data,,,C,0.885269,,,,,,,0,no_upcoming,,neutral,,L,sponsor_confirmed,,,v1.3.0,34839213,1,,early|none|nonpos,0.06969944897959185,,,,,-3.335265,-2.915476,2,6,buying,-0.4793,,5.3375,3.2667,4.94,46,fresh,0,0,0,0,True,False,False,missing,0.0,adequate,,,1.0,0,0,1.0,0,1.0,0,,,missing,0.001354,price_history,,2,0.2225,price_history,,-0.198439,,36.9783,-0.177568,-0.020871,early,large,NONE,commercial_biotech,pit_bundle,,,,0,0.5,,,,,0.0,,313,0.06969944897959185,0.885269,,,,
RGEN,Repligen Corporation,180,,C,no_quality_data,,,C,0.879603,,,,,,,0,no_upcoming,,headwind,,S,momentum_headwind,,,v1.3.0,34839213,1,,early|none|nonpos,0.06969944897959185,,,,,-0.913747,-0.827898,0,2,neutral,-1.1397,,0.7467,0.0,0.0,46,fresh,0,0,0,0,True,False,False,missing,0.0,adequate,,,1.0,0,0,1.0,0,1.0,0,,,missing,-0.143367,price_history,,0,0.5148,price_history,,-0.212168,,39.7201,-0.177568,-0.0346,early,mid,NONE,platform_devices,pit_bundle,,,,0,0.5,,,,,0.0,,311,0.06969944897959185,0.879603,,,,
PSNL,"Personalis, Inc.",181,,C,no_quality_data,,,C,0.871105,,,,,,,0,no_upcoming,,tailwind,deep_drawdown,M,momentum_tailwind|runway_short,,,v1.3.0,34839213,1,,early|none|nonpos,0.06969944897959185,,,,,-0.913747,-0.923957,0,3,buying,-1.1397,,1.3979,0.0,0.0,46,fresh,0,0,0,0,True,False,False,missing,0.0,short,,,1.0,0,0,1.0,0,1.0,0,,,missing,0.164349,price_history,,0,1.3317,price_history,,-0.42126,,57.4881,-0.177568,-0.243692,early,small,SEV2,platform_diagnostics,pit_bundle,,,,0,0.5,,,,,0.0,,308,0.06969944897959185,0.871105,,,,
ONC,BeOne Medicines Ltd.,182,,C,no_quality_data,,,C,0.355524,,,,,,173,1,specific_days,,tailwind,deep_drawdown,L,momentum_tailwind,,,v1.3.0,34839213,1,,late|near_91_180|pos,0.1,,0.762122,0,1,0.354195,0.342997,,0,neutral,0.0,,0.0,0.0,0.0,,,0,0,0,0,False,False,True,mid,0.7,adequate,,,1.0,0,0,1.0,0,1.0,0,173,,specific_days,0.106025,price_history,,,1.0648,price_history,,-0.419094,,56.4495,-0.177568,-0.241526,late,large,NONE,commercial_biotech,pit_bundle,CTGOV,CLINICAL_PCD,sponsor,1,0.5,,,,,0.7905,,126,0.1,0.355524,,,,
PAHC,Phibro Animal Health Corporatio,183,,C,no_quality_data,,,C,0.856941,,,,,,,0,no_upcoming,,tailwind,overbought_rsi,L,momentum_tailwind,,,v1.3.0,34839213,1,,early|none|nonpos,0.06969944897959185,,,,,-2.032986,-2.179694,0,3,buying,-1.1397,,1.305,0.0,0.0,46,fresh,0,0,0,0,True,False,False,missing,0.0,adequate,,,1.0,0,0,1.0,0,1.0,0,,,missing,0.626517,price_history,,0,1.0921,price_history,,-0.004768,,75.5481,-0.177568,0.1728,early,small,NONE,commercial_pharma,pit_bundle,,,,0,0.5,,,,,0.0,,303,0.06969944897959185,0.856941,,,,
OPCH,"Option Care Health, Inc.",184,,C,no_quality_data,,,C,0.845609,,,,,,,0,no_upcoming,,neutral,,M,,,,v1.3.0,34839213,1,,early|none|nonpos,0.06969944897959185,,,,,-0.913747,-1.142145,1,4,selling,-0.8095,,1.926,0.8993,0.93,46,fresh,0,0,0,0,True,False,False,missing,0.0,adequate,,,1.0,0,0,1.0,0,1.0,0,,,missing,-0.036682,price_history,,1,0.4105,price_history,,-0.156841,,41.3622,-0.177568,0.020727,early,mid,NONE,platform_services,pit_bundle,,,,0,0.5,,,,,0.0,,299,0.06969944897959185,0.845609,,,,
MYGN,"Myriad Genetics, Inc.",185,,C,no_quality_data,,,C,0.825779,,,,,,,0,no_upcoming,,neutral,,M,,,,v1.3.0,34839213,1,,early|none|nonpos,0.06969944897959185,,,,,-0.913747,-0.923957,0,2,buying,-1.1397,,0.84,0.0,0.0,46,fresh,0,0,0,0,True,False,False,missing,0.0,adequate,,,1.0,0,0,1.0,0,1.0,0,,,missing,-0.037323,price_history,,0,1.1187,price_history,,-0.175306,,48.4516,-0.177568,0.002262,early,small,NONE,platform_diagnostics,pit_bundle,,,,0,0.5,,,,,0.0,,292,0.06969944897959185,0.825779,,,,
MEDP,"Medpace Holdings, Inc.",186,,C,no_quality_data,,,C,0.811615,,,,,,,0,no_upcoming,,tailwind,,L,momentum_tailwind,,,v1.3.0,34839213,1,,early|none|nonpos,0.06969944897959185,,-2.180589,,1,-0.493855,-0.49775,1,5,buying,-0.8095,,2.4557,0.7778,0.18,46,fresh,0,0,0,0,True,False,False,missing,0.0,adequate,,,1.0,0,0,1.0,0,1.0,0,,,missing,0.324336,price_history,,1,0.281,price_history,,-0.06039,,48.061,-0.177568,0.117178,early,large,NONE,platform_diagnostics,pit_bundle,,,,0,0.5,,,,,0.15,,287,0.06969944897959185,0.811615,,,,
LFCR,"Lifecore Biomedical, Inc.",187,,C,no_quality_data,,,C,0.800283,,,,,,,0,no_upcoming,,neutral,deep_drawdown,M,,,,v1.3.0,34839213,1,,early|none|nonpos,0.06969944897959185,,,,,-2.032986,-2.179694,0,3,selling,-1.1397,,1.0254,0.0,0.0,46,fresh,0,0,0,0,True,False,False,missing,0.0,adequate,,,1.0,0,0,1.0,0,1.0,0,,,missing,-0.003071,price_history,,0,0.2026,price_history,,-0.407749,,50.2273,-0.177568,-0.230181,early,small,NONE,commercial_pharma,pit_bundle,,,,0,0.5,,,,,0.0,,283,0.06969944897959185,0.800283,,,,
ILMN,"Illumina, Inc.",188,,C,no_quality_data,,,C,0.786119,,,,,,,0,no_upcoming,,headwind,deep_drawdown,M,sponsor_confirmed|momentum_headwind,,,v1.3.0,34839213,1,,early|none|nonpos,0.06969944897959185,,-2.180589,,1,-0.493855,-0.49775,4,8,buying,0.1812,,6.9719,5.294,4.62,46,fresh,0,0,0,0,True,False,False,missing,0.0,adequate,,,1.0,0,0,1.0,0,1.0,0,,,missing,-0.119457,price_history,,4,0.7162,price_history,,-0.42135,,45.207,-0.177568,-0.243782,early,large,NONE,platform_diagnostics,pit_bundle,,,,0,0.5,,,,,0.15,,278,0.06969944897959185,0.786119,,,,
INCY,Incyte Corporation,189,,C,no_quality_data,,,C,0.236544,,,,,,93,1,specific_days,,headwind,,M,sponsor_confirmed|momentum_headwind,,,v1.3.0,34839213,1,,late|near_91_180|pos,0.1,,0.762122,0,1,0.354195,0.342997,5,9,buying,0.5114,,8.0854,6.2828,25.85,46,fresh,0,0,0,0,True,False,True,near,1.0,adequate,,,1.0,0,0,1.0,0,1.0,0,93,,specific_days,-0.098582,price_history,,5,0.2465,price_history,,-0.309132,,34.0131,-0.177568,-0.131564,late,large,NONE,commercial_biotech,pit_bundle,CTGOV,CLINICAL_PCD,,0,0.5,,,,,0.7905,,84,0.1,0.236544,,,,
GRAL,"GRAIL, Inc.",190,,C,no_quality_data,,,C,0.774788,,,,,,,0,no_upcoming,,neutral,drawdown_data_missing,S,runway_short,,,v1.3.0,34839213,1,,early|none|nonpos,0.06969944897959185,,-2.180589,,1,-0.493855,-0.49775,,0,neutral,0.0,,0.0,0.0,0.0,,,0,0,0,0,False,False,False,missing,0.0,short,,,1.0,0,0,1.0,0,1.0,0,,,missing,,,series_too_short,,,,series_too_short,,series_too_short,,,,early,mid,SEV2,platform_diagnostics,pit_bundle,,,sponsor|drawdown,2,0.5,,,,,0.15,,274,0.06969944897959185,0.774788,,,,
FTRE,Fortrea Holdings Inc.,191,,C,no_quality_data,,,C,0.763456,,,,,,,0,no_upcoming,,tailwind,,L,momentum_tailwind,,,v1.3.0,34839213,1,,early|none|nonpos,0.06969944897959185,,,,,-3.335265,-2.915476,0,4,buying,-1.1397,,1.6779,0.0,0.0,46,fresh,0,0,0,0,True,False,False,missing,0.0,adequate,,,1.0,0,0,1.0,0,1.0,0,,,missing,0.219263,price_history,,0,0.5557,price_history,,-0.091609,,45.0243,-0.177568,0.085959,early,small,NONE,commercial_biotech,pit_bundle,,,,0,0.5,,,,,0.0,,270,0.06969944897959185,0.763456,,,,
ETON,"Eton Pharmaceuticals, Inc.",192,,C,no_quality_data,,,C,0.752125,,,,,,,0,no_upcoming,,headwind,deep_drawdown,S,momentum_headwind,,,v1.3.0,34839213,1,,early|none|nonpos,0.06969944897959185,,,,,-2.032986,-2.179694,1,3,selling,-0.8095,,2.7878,2.1361,2.95,46,fresh,0,0,0,0,True,False,False,missing,0.0,adequate,,,1.0,0,0,1.0,0,1.0,0,,,missing,-0.204648,price_history,,1,0.416,price_history,,-0.37833,,50.1809,-0.177568,-0.200762,early,small,NONE,commercial_pharma,pit_bundle,,,,0,0.5,,,,,0.0,,266,0.06969944897959185,0.752125,,,,
HRMY,"Harmony Biosciences Holdings, I",193,,C,no_quality_data,,,C,0.22238,,,,,,,0,no_upcoming,,neutral,,L,sponsor_confirmed,,,v1.3.0,34839213,1,,late|none|pos,0.1,,0.762122,0,1,0.354195,0.342997,2,5,selling,-0.4793,,4.5406,3.6085,5.01,46,fresh,0,0,0,0,True,False,False,missing,0.0,adequate,,,1.0,0,0,1.0,0,1.0,0,,,missing,0.016442,price_history,,2,0.6508,price_history,,-0.208045,,53.7972,-0.177568,-0.030477,late,mid,NONE,commercial_biotech,pit_bundle,,,,0,0.5,,,,,0.7905,,79,0.1,0.22238,,,,
HALO,"Halozyme Therapeutics, Inc.",194,,C,no_quality_data,,,C,0.219547,,,,,,,0,no_upcoming,,tailwind,,L,momentum_tailwind,,,v1.3.0,34839213,1,,late|none|pos,0.1,,0.762122,0,1,0.354195,0.342997,1,5,selling,-0.8095,,1.9579,0.4667,0.1,46,fresh,0,0,0,0,True,False,False,missing,0.0,adequate,,,1.0,0,0,1.0,0,1.0,0,,,missing,0.14598,price_history,,1,0.3872,price_history,,-0.134681,,40.9126,-0.177568,0.042887,late,mid,NONE,commercial_biotech,pit_bundle,,,,0,0.5,,,,,0.7905,,78,0.1,0.219547,,,,
CSTL,"Castle Biosciences, Inc.",195,,C,no_quality_data,,,C,0.732295,,,,,,,0,no_upcoming,,neutral,,M,,,,v1.3.0,34839213,1,,early|none|nonpos,0.06969944897959185,,,,,-0.913747,-0.923957,1,4,buying,-0.8095,,2.3627,0.9648,0.38,46,fresh,0,0,0,0,True,False,False,missing,0.0,adequate,,,1.0,0,0,1.0,0,1.0,0,,,missing,-0.048756,price_history,,1,1.3221,price_history,,-0.188846,,54.7004,-0.177568,-0.011278,early,small,NONE,platform_diagnostics,pit_bundle,,,,0,0.5,,,,,0.0,,259,0.06969944897959185,0.732295,,,,
BRKR,Bruker Corporation,196,,C,no_quality_data,,,C,0.712465,,,,,,,0,no_upcoming,,tailwind,,L,momentum_tailwind,,,v1.3.0,34839213,1,,early|none|nonpos,0.06969944897959185,,,,,-0.913747,-0.827898,1,4,buying,-0.8095,,4.4476,3.0476,3.84,46,fresh,0,0,0,0,True,False,False,missing,0.0,adequate,,,1.0,0,0,1.0,0,1.0,0,,,missing,0.090648,price_history,,1,0.2351,price_history,,-0.172483,,32.3379,-0.177568,0.005085,early,mid,NONE,platform_devices,pit_bundle,,,,0,0.5,,,,,0.0,,252,0.06969944897959185,0.712465,,,,
AXSM,"Axsome Therapeutics, Inc.",197,,C,no_quality_data,,,C,0.094901,,,,,,,0,no_upcoming,,headwind,,M,sponsor_confirmed|momentum_headwind,,,v1.3.0,34839213,1,,late|none|pos,0.1,,0.762122,0,1,0.354195,0.342997,10,12,buying,2.1624,,22.5525,21.6191,5.58,34,fresh,0,0,0,0,True,False,False,missing,0.0,adequate,,,1.0,0,0,1.0,0,1.0,0,,,missing,-0.171863,price_history,,10,0.8792,price_history,,-0.244572,,52.446,-0.177568,-0.067004,late,mid,NONE,commercial_biotech,pit_bundle,,,,0,0.5,,,,,0.7905,,34,0.1,0.094901,,,,
AVTR,"Avantor, Inc.",198,,C,no_quality_data,,,C,0.692635,,,,,,,0,no_upcoming,,neutral,,L,sponsor_confirmed,,,v1.3.0,34839213,1,,early|none|nonpos,0.06969944897959185,,,,,-0.913747,-0.827898,2,5,buying,-0.4793,,3.9024,2.6891,1.77,46,fresh,0,0,0,0,True,False,False,missing,0.0,adequate,,,1.0,0,0,1.0,0,1.0,0,,,missing,0.045565,price_history,,2,0.2883,price_history,,-0.070579,,43.2003,-0.177568,0.106989,early,mid,NONE,platform_devices,pit_bundle,,,,0,0.5,,,,,0.0,,245,0.06969944897959185,0.692635,,,,
ASND,Ascendis Pharma A/S,199,,C,no_quality_data,,,C,0.077904,,,,,,,0,no_upcoming,,neutral,,L,sponsor_confirmed,,,v1.3.0,34839213,1,,late|none|pos,0.1,,0.762122,0,1,0.354195,0.342997,7,9,buying,1.1718,,12.1629,11.4162,19.88,34,fresh,0,0,0,0,True,False,False,missing,0.0,adequate,,,1.0,0,0,1.0,0,1.0,0,,,missing,0.005237,price_history,,7,0.3874,price_history,,-0.131493,,41.4341,-0.177568,0.046075,late,large,NONE,commercial_biotech,pit_bundle,,,,0,0.5,,,,,0.7905,,28,0.1,0.077904,,,,
ALNY,"Alnylam Pharmaceuticals, Inc.",200,,C,no_quality_data,,,C,0.035411,,,,,,,0,no_upcoming,,headwind,,M,sponsor_confirmed|momentum_headwind,,,v1.3.0,34839213,1,,late|none|pos,0.1,,0.762122,0,1,0.354195,0.342997,9,11,buying,1.8322,,15.1119,14.4586,4.91,45,fresh,0,0,0,0,True,False,False,missing,0.0,adequate,,,1.0,0,0,1.0,0,1.0,0,,,missing,-0.156494,price_history,,9,0.3076,price_history,,-0.321151,,40.3609,-0.177568,-0.143583,late,large,NONE,commercial_biotech,pit_bundle,,,,0,0.5,,,,,0.7905,,13,0.1,0.035411,,,,
SIGA,SIGA Technologies Inc.,201,,C,no_quality_data,,,C,0.406516,,,,,,,0,no_upcoming,,tailwind,,L,sponsor_confirmed|momentum_tailwind,,,v1.3.0,34839213,1,,late|none|nonpos,0.1,,-0.618402,176,1,-0.397419,-0.473377,2,6,selling,-0.4793,,2.5657,1.1669,0.56,46,fresh,0,0,0,0,True,False,False,missing,0.0,adequate,,,1.0,0,0,1.0,0,1.0,0,,,missing,1.043927,price_history,,2,0.5585,price_history,,-0.114026,,58.7586,-0.177568,0.063542,late,small,NONE,commercial_pharma,pit_bundle,,,,0,0.5,,,,,0.49002,,144,0.1,0.406516,,,,
BIOA,"BioAge Labs, Inc.",202,,C,no_quality_data,,,C,0.109065,,,,,,62,1,specific_days,,neutral,drawdown_data_missing,M,,,,v1.3.0,34839213,1,,mid|near_31_90|pos,0.1,,0.231469,0,1,0.219999,0.170749,,0,neutral,0.0,,0.0,0.0,0.0,,,0,0,0,0,False,False,True,near,1.0,adequate,,,1.0,0,0,1.0,0,1.0,0,62,,specific_days,,,series_too_short,,,,series_too_short,,series_too_short,,,,mid,small,NONE,commercial_pharma,pit_bundle,CTGOV,CLINICAL_CD,sponsor|drawdown,2,0.5,,,,,0.675,,39,0.1,0.109065,,,,
COLL,"Collegium Pharmaceutical, Inc.",203,,C,no_quality_data,,,C,0.148725,,,,,,,0,no_upcoming,,tailwind,,L,sponsor_confirmed|momentum_tailwind,,,v1.3.0,34839213,1,,late|none|nonpos,0.1,,-0.845917,,1,-0.562705,-0.645812,3,7,buying,-0.1491,,4.6478,2.7833,0.43,46,fresh,0,0,0,0,True,False,False,missing,0.0,adequate,,,1.0,0,0,1.0,0,1.0,0,,,missing,0.141143,price_history,,3,0.4359,price_history,,-0.097287,,51.7667,-0.177568,0.080281,late,small,NONE,commercial_pharma,pit_bundle,,,,0,0.5,,,,,0.4405,,53,0.1,0.148725,,,,
ANIP,"ANI Pharmaceuticals, Inc.",204,,C,no_quality_data,,,C,0.052408,,,,,,,0,no_upcoming,,tailwind,,L,sponsor_confirmed|momentum_tailwind,,,v1.3.0,34839213,1,,late|none|nonpos,0.1,,-0.845673,792,1,-0.562528,-0.645628,2,5,buying,-0.4793,,3.8108,2.4129,1.1,46,fresh,0,0,0,0,True,False,False,missing,0.0,adequate,,,1.0,0,0,1.0,0,1.0,0,,,missing,0.195891,price_history,,2,0.1309,price_history,,-0.052949,,50.1404,-0.177568,0.124619,late,small,NONE,commercial_pharma,pit_bundle,,,,0,0.5,,,,,0.440553,,19,0.1,0.052408,,,,
CYTK,"Cytokinetics, Incorporated",,,D,ineligible,D,ineligible,,0.522663,,,0.125969,1,0.125969,941,1,specific_days,,headwind,deep_drawdown|deep_drawdown_rel_xbi,XS,ineligible,,,v1.3.0,34839213,0,deep_drawdown,late|far_271_540|pos,0.0961064745762712,,0.762122,0,1,0.903468,0.844639,12,15,buying,2.8228,,25.3271,23.9292,12.66,34,fresh,0,0,0,0,True,False,True,far,0.3,short,,,1.0,0,0,1.0,0,1.0,0,941,,specific_days,-0.228997,price_history,,12,0.578,price_history,,-0.432537,,32.7938,-0.177568,-0.254969,late,mid,SEV2,drug_developer,pit_bundle,CTGOV,CLINICAL_PCD,,0,0.5,,,,,0.7905,,185,0.0961064745762712,0.522663,,,,
CLDX,"Celldex Therapeutics, Inc.",,,D,ineligible,D,ineligible,,0.516997,,,0.094961,1,0.094961,305,1,specific_days,,tailwind,,XS,ineligible,,,v1.3.0,34839213,0,fundamental_red_flag|sev3,late|far_271_540|pos,0.0961064745762712,,0.762122,0,1,0.903468,0.844639,7,10,buying,1.1718,,10.8569,9.7369,2.15,46,fresh,0,0,0,0,True,False,True,far,0.3,critical,,,1.0,0,0,1.0,0,1.0,0,305,,specific_days,0.102918,price_history,,7,1.3135,price_history,,-0.27872,,41.5169,-0.177568,-0.101152,late,small,SEV3,drug_developer,pit_bundle,CTGOV,CLINICAL_PCD,,0,0.5,,,,,0.7905,,183,0.0961064745762712,0.516997,,,,
DNA,"Ginkgo Bioworks Holdings, Inc.",,,D,ineligible,D,ineligible,,0.570822,,,0.129845,1,0.129845,1,1,specific_days,,headwind,high_beta|deep_drawdown|deep_drawdown_rel_xbi,XS,ineligible,,,v1.3.0,34839213,0,deep_drawdown,late|near_0_30|pos,0.09254273684210526,,0.762122,0,1,0.903468,0.844639,,0,neutral,0.0,,0.0,0.0,0.0,,,0,0,0,0,False,False,True,near,1.0,short,,,1.0,0,0,1.0,0,1.0,0,1,,specific_days,-0.228516,price_history,,,1.8358,price_history,,-0.649213,,43.3962,-0.177568,-0.471645,late,small,SEV2,drug_developer,pit_bundle,CTGOV,CLINICAL_CD,sponsor,1,0.5,,,,,0.7905,,202,0.09254273684210526,0.570822,,,,
IBRX,"ImmunityBio, Inc.",,,D,ineligible,D,ineligible,,0.53966,,,0.176357,1,0.176357,730,1,specific_days,,tailwind,high_vol|high_beta,XS,ineligible,,,v1.3.0,34839213,0,fundamental_red_flag|sev3,late|far_271_540|pos,0.0961064745762712,,0.762122,0,1,0.903468,0.844639,,0,neutral,0.0,,0.0,0.0,0.0,,,0,0,0,0,False,False,True,far,0.3,critical,,,1.0,0,0,1.0,0,1.0,0,730,,specific_days,1.020482,price_history,,,2.3773,price_history,,-0.111235,,64.2451,-0.177568,0.066333,late,mid,SEV3,drug_developer,pit_bundle,CTGOV,CLINICAL_CD,sponsor,1,0.5,,,,,0.7905,,191,0.0961064745762712,0.53966,,,,
HUMA,"Humacyte, Inc.",,,D,ineligible,D,ineligible,,0.536827,,,0.172481,1,0.172481,1219,1,specific_days,,tailwind,,XS,ineligible,,,v1.3.0,34839213,0,fundamental_red_flag|sev3,late|far_271_540|pos,0.0961064745762712,,0.762122,0,1,0.903468,0.844639,0,3,neutral,-1.1397,,1.1187,0.0,0.0,46,fresh,0,0,0,0,True,False,True,far,0.3,critical,,,1.0,0,0,1.0,0,1.0,0,1219,,specific_days,0.212811,price_history,,0,0.6547,price_history,,-0.211268,,62.8504,-0.177568,-0.0337,late,micro,SEV3,drug_developer,pit_bundle,CTGOV,CLINICAL_PCD,,0,0.5,,,,,0.7905,,190,0.0961064745762712,0.536827,,,,
ACRS,"Aclaris Therapeutics, Inc.",,,D,ineligible,D,ineligible,,0.497167,,,0.00969,1,0.00969,426,1,specific_days,,neutral,deep_drawdown|deep_drawdown_rel_xbi,XS,ineligible,,,v1.3.0,34839213,0,deep_drawdown,late|far_271_540|pos,0.0961064745762712,,0.762122,0,1,0.903468,0.844639,4,7,selling,0.1812,,3.288,2.2626,0.35,46,fresh,0,0,0,0,True,False,True,far,0.3,short,,,1.0,0,0,1.0,0,1.0,0,426,,specific_days,0.036413,price_history,,4,0.9562,price_history,,-0.889498,,49.7277,-0.177568,-0.71193,late,small,SEV2,drug_developer,pit_bundle,CTGOV,CLINICAL_PCD,,0,0.5,,,,,0.7905,,176,0.0961064745762712,0.497167,,,,
TVTX,"Travere Therapeutics, Inc.",,,D,ineligible,D,ineligible,,0.449008,,,0.335271,1,0.335271,,0,no_upcoming,,headwind,deep_drawdown|deep_drawdown_rel_xbi,XS,ineligible,,,v1.3.0,34839213,0,deep_drawdown,late|none|pos,0.1,,0.762122,0,1,0.903468,0.844639,6,9,buying,0.8416,,7.4947,6.2834,2.21,34,fresh,0,0,0,0,True,False,False,missing,0.0,adequate,,,1.0,0,0,1.0,0,1.0,0,,,missing,-0.297362,price_history,,6,1.3467,price_history,,-0.755418,,30.5164,-0.177568,-0.57785,late,mid,NONE,drug_developer,pit_bundle,,,,0,0.5,,,,,0.7905,,159,0.1,0.449008,,,,
ZLAB,Zai Lab Limited,,,D,ineligible,D,ineligible,,0.488669,,,0.362403,1,0.362403,116,1,specific_days,,headwind,deep_drawdown|deep_drawdown_rel_xbi,XS,ineligible,,,v1.3.0,34839213,0,deep_drawdown,late|near_91_180|pos,0.1,,0.762122,0,1,0.903468,0.844639,2,5,buying,-0.4793,,3.0775,1.8662,0.76,46,fresh,0,0,0,0,True,False,True,near,1.0,adequate,,,1.0,0,0,1.0,0,1.0,0,116,,specific_days,-0.263886,price_history,,2,0.89,price_history,,-0.580345,,48.9689,-0.177568,-0.402777,late,mid,NONE,drug_developer,pit_bundle,CTGOV,CLINICAL_CD,,0,0.5,,,,,0.7905,,173,0.1,0.488669,,,,
VIR,"Vir Biotechnology, Inc.",,,D,ineligible,D,ineligible,,0.463173,,,0.346899,1,0.346899,,0,no_upcoming,,neutral,deep_drawdown|deep_drawdown_rel_xbi,XS,ineligible,,,v1.3.0,34839213,0,fundamental_red_flag|sev3|deep_drawdown,late|none|pos,0.1,,0.762122,0,1,0.903468,0.844639,2,5,buying,-0.4793,,2.5771,1.5521,0.02,46,fresh,0,0,0,0,True,False,False,missing,0.0,critical,,,1.0,0,0,1.0,0,1.0,0,,,missing,0.014793,price_history,,2,1.0245,price_history,,-0.689996,,42.5149,-0.177568,-0.512428,late,small,SEV3,drug_developer,pit_bundle,,,,0,0.5,,,,,0.7905,,164,0.1,0.463173,,,,
TENX,Healthcare,,,D,ineligible,D,ineligible,,0.44051,,,0.331395,1,0.331395,,0,no_upcoming,,headwind,high_vol|deep_drawdown|deep_drawdown_rel_xbi,XS,ineligible,,,v1.3.0,34839213,0,deep_drawdown,late|none|pos,0.1,,0.762122,0,1,0.903468,0.844639,,0,neutral,0.0,,0.0,0.0,0.0,,,0,0,0,0,False,False,False,missing,0.0,adequate,,,1.0,0,0,1.0,0,1.0,0,,,missing,-0.606906,price_history,,,0.0246,price_history,,-0.921371,,50.1273,-0.177568,-0.743803,late,micro,NONE,drug_developer,pit_bundle,,,sponsor,1,0.5,,,,,0.7905,,156,0.1,0.44051,,,,
SVRA,"Savara, Inc.",,,D,ineligible,D,ineligible,,0.426346,,,0.319767,1,0.319767,,0,no_upcoming,,neutral,,XS,ineligible,,,v1.3.0,34839213,0,fundamental_red_flag|sev3,late|none|pos,0.1,,0.762122,0,1,0.903468,0.844639,3,5,buying,-0.1491,,6.9243,5.9931,6.41,46,fresh,0,0,0,0,True,False,False,missing,0.0,critical,,,1.0,0,0,1.0,0,1.0,0,,,missing,-0.020594,price_history,,3,0.9211,price_history,,-0.18068,,45.4795,-0.177568,-0.003112,late,small,SEV3,drug_developer,pit_bundle,,,,0,0.5,,,,,0.7905,,151,0.1,0.426346,,,,
PRTA,Prothena Corporation plc,,,D,ineligible,D,ineligible,,0.372521,,,0.284884,1,0.284884,,0,no_upcoming,,headwind,deep_drawdown|deep_drawdown_rel_xbi,XS,ineligible,,,v1.3.0,34839213,0,deep_drawdown,late|none|pos,0.1,,0.762122,0,1,0.903468,0.844639,6,8,selling,0.8416,,8.3982,7.7465,10.93,45,fresh,0,0,0,0,True,False,False,missing,0.0,adequate,,,1.0,0,0,1.0,0,1.0,0,,,missing,-0.157298,price_history,,6,1.4026,price_history,,-0.741188,,33.1173,-0.177568,-0.56362,late,small,NONE,drug_developer,pit_bundle,,,,0,0.5,,,,,0.7905,,132,0.1,0.372521,,,,
OCUL,"Ocular Therapeutix, Inc.",,,D,ineligible,D,ineligible,,0.347025,,,0.265504,1,0.265504,215,1,specific_days,,neutral,deep_drawdown|deep_drawdown_rel_xbi,XS,ineligible,,,v1.3.0,34839213,0,deep_drawdown,late|near_181_270|pos,0.1,,0.762122,0,1,0.903468,0.844639,6,9,buying,0.8416,,12.9826,11.6759,7.2,46,fresh,0,0,0,0,True,False,True,far,0.3,adequate,,,1.0,0,0,1.0,0,1.0,0,215,,specific_days,-0.019987,price_history,,6,1.7057,price_history,,-0.566331,,25.2979,-0.177568,-0.388763,late,mid,NONE,drug_developer,pit_bundle,CTGOV,CLINICAL_CD,,0,0.5,,,,,0.7905,,123,0.1,0.347025,,,,
PVLA,Healthcare,,,D,ineligible,D,ineligible,,0.38102,,,0.292636,1,0.292636,,0,no_upcoming,,headwind,deep_drawdown|deep_drawdown_rel_xbi,XS,ineligible,,,v1.3.0,34839213,0,deep_drawdown,late|none|pos,0.1,,0.762122,0,1,0.903468,0.844639,,0,neutral,0.0,,0.0,0.0,0.0,,,0,0,0,0,False,False,False,missing,0.0,adequate,,,1.0,0,0,1.0,0,1.0,0,,,missing,-0.187246,price_history,,,0.2231,price_history,,-0.846083,,34.6024,-0.177568,-0.668515,late,small,NONE,drug_developer,pit_bundle,,,sponsor,1,0.5,,,,,0.7905,,135,0.1,0.38102,,,,
NTLA,"Intellia Therapeutics, Inc.",,,D,ineligible,D,ineligible,,0.332861,,,0.253876,1,0.253876,,0,no_upcoming,,headwind,deep_drawdown|deep_drawdown_rel_xbi,XS,ineligible,,,v1.3.0,34839213,0,deep_drawdown,late|none|pos,0.1,,0.762122,0,1,0.903468,0.844639,6,7,buying,0.8416,,9.1171,8.6525,4.34,46,fresh,0,0,0,0,True,False,False,missing,0.0,short,,,1.0,0,0,1.0,0,1.0,0,,,missing,-0.091088,price_history,,6,1.6472,price_history,,-0.535086,,37.5722,-0.177568,-0.357518,late,small,SEV2,drug_developer,pit_bundle,,,,0,0.5,,,,,0.7905,,118,0.1,0.332861,,,,
OMER,Omeros Corporation,,,D,ineligible,D,ineligible,,0.352691,,,0.26938,1,0.26938,61,1,specific_days,,neutral,deep_drawdown|deep_drawdown_rel_xbi,XS,ineligible,,,v1.3.0,34839213,0,fundamental_red_flag|sev3|deep_drawdown,late|near_31_90|pos,0.1,,0.762122,0,1,0.903468,0.844639,0,2,buying,-1.1397,,0.9333,0.0,0.0,46,fresh,0,0,0,0,True,False,True,near,1.0,critical,,,1.0,0,0,1.0,0,1.0,0,61,,specific_days,-0.008167,price_history,,0,1.7164,price_history,,-0.583884,,42.5319,-0.177568,-0.406316,late,small,SEV3,drug_developer,pit_bundle,CTGOV,CLINICAL_CD,,0,0.5,,,,,0.7905,,125,0.1,0.352691,,,,
INSM,Insmed Incorporated,,,D,ineligible,D,ineligible,,0.24221,,,0.187984,1,0.187984,,0,no_upcoming,,headwind,,XS,ineligible,,,v1.3.0,34839213,0,fundamental_red_flag|sev3,late|none|pos,0.1,,0.762122,0,1,0.903468,0.844639,10,14,buying,2.1624,,17.1647,15.3934,15.39,45,fresh,0,0,0,0,True,False,False,missing,0.0,critical,,,1.0,0,0,1.0,0,1.0,0,,,missing,-0.097085,price_history,,10,0.6748,price_history,,-0.221172,,39.3579,-0.177568,-0.043604,late,large,SEV3,drug_developer,pit_bundle,,,,0,0.5,,,,,0.7905,,86,0.1,0.24221,,,,
MRSN,"Mersana Therapeutics, Inc.",,,D,ineligible,D,ineligible,,0.313031,,,0.242248,1,0.242248,184,1,specific_days,,neutral,deep_drawdown|deep_drawdown_rel_xbi,XS,ineligible,,,v1.3.0,34839213,0,deep_drawdown,late|near_181_270|pos,0.1,,0.762122,0,1,0.903468,0.844639,5,9,buying,0.5114,,9.9852,8.1206,3.09,46,fresh,0,0,0,0,True,False,True,far,0.3,adequate,,,1.0,0,0,1.0,0,1.0,0,184,,specific_days,-0.017339,price_history,,5,1.0296,price_history,,-0.668063,,35.1007,-0.177568,-0.490495,late,micro,SEV1,drug_developer,pit_bundle,CTGOV,CLINICAL_CD,,0,0.5,,,,,0.7905,,111,0.1,0.313031,,,,
MCRB,"Seres Therapeutics, Inc.",,,D,ineligible,D,ineligible,,0.296034,,,0.226744,1,0.226744,,0,no_upcoming,,neutral,deep_drawdown|deep_drawdown_rel_xbi,XS,ineligible,,,v1.3.0,34839213,0,deep_drawdown,late|none|pos,0.1,,0.762122,0,1,0.903468,0.844639,,0,neutral,0.0,,0.0,0.0,0.0,,,0,0,0,0,False,False,False,missing,0.0,short,,,1.0,0,0,1.0,0,1.0,0,,,missing,-0.036977,price_history,,,1.6311,price_history,,-0.839903,,69.0885,-0.177568,-0.662335,late,micro,SEV2,drug_developer,pit_bundle,,,sponsor,1,0.5,,,,,0.7905,,105,0.1,0.296034,,,,
KOD,Kodiak Sciences Inc,,,D,ineligible,D,ineligible,,0.270538,,,0.207364,1,0.207364,,0,no_upcoming,,headwind,deep_drawdown|deep_drawdown_rel_xbi,XS,ineligible,,,v1.3.0,34839213,0,deep_drawdown,late|none|pos,0.1,,0.762122,0,1,0.903468,0.844639,2,6,buying,-0.4793,,3.6594,1.9815,0.6,46,fresh,0,0,0,0,True,False,False,missing,0.0,short,,,1.0,0,0,1.0,0,1.0,0,,,missing,-0.142799,price_history,,2,1.5933,price_history,,-0.661392,,32.9283,-0.177568,-0.483824,late,small,SEV2,drug_developer,pit_bundle,,,,0,0.5,,,,,0.7905,,96,0.1,0.270538,,,,
GOSS,"Gossamer Bio, Inc.",,,D,ineligible,D,ineligible,,0.216714,,,0.164729,1,0.164729,,0,no_upcoming,,headwind,deep_drawdown|deep_drawdown_rel_xbi,XS,ineligible,,,v1.3.0,34839213,0,fundamental_red_flag|sev3|deep_drawdown,late|none|pos,0.1,,0.762122,0,1,0.903468,0.844639,6,9,buying,0.8416,,6.2313,5.02,0.87,45,fresh,0,0,0,0,True,False,False,missing,0.0,critical,,,1.0,0,0,1.0,0,1.0,0,,,missing,-0.143474,price_history,,6,0.029,price_history,,-0.60989,,27.2003,-0.177568,-0.432322,late,small,SEV3,drug_developer,pit_bundle,,,,0,0.5,,,,,0.7905,,77,0.1,0.216714,,,,
EYPT,"EyePoint, Inc.",,,D,ineligible,D,ineligible,,0.196884,,,0.145349,1,0.145349,,0,no_upcoming,,headwind,deep_drawdown,XS,ineligible,,,v1.3.0,34839213,0,fundamental_red_flag|sev3,late|none|pos,0.1,,0.762122,0,1,0.903468,0.844639,6,8,buying,0.8416,,14.3066,13.3733,6.66,34,fresh,0,0,0,0,True,False,False,missing,0.0,critical,,,1.0,0,0,1.0,0,1.0,0,,,missing,-0.350411,price_history,,6,0.9545,price_history,,-0.407607,,38.5134,-0.177568,-0.230039,late,small,SEV3,drug_developer,pit_bundle,,,,0,0.5,,,,,0.7905,,70,0.1,0.196884,,,,
CRNX,"Crinetics Pharmaceuticals, Inc.",,,D,ineligible,D,ineligible,,0.154391,,,0.110465,1,0.110465,,0,no_upcoming,,tailwind,,XS,ineligible,,,v1.3.0,34839213,0,fundamental_red_flag|sev3,late|none|pos,0.1,,0.762122,0,1,0.903468,0.844639,8,11,buying,1.502,,13.9975,12.9721,2.91,34,fresh,0,0,0,0,True,False,False,missing,0.0,critical,,,1.0,0,0,1.0,0,1.0,0,,,missing,0.232261,price_history,,8,1.3259,price_history,,-0.087654,,50.2126,-0.177568,0.089914,late,mid,SEV3,drug_developer,pit_bundle,,,,0,0.5,,,,,0.7905,,55,0.1,0.154391,,,,
RCKT,"Rocket Pharmaceuticals, Inc.",,,D,ineligible,D,ineligible,,0.964589,,,0.505814,1,0.505814,328,1,specific_days,,headwind,,XS,ineligible,,,v1.3.0,34839213,0,fundamental_red_flag|sev3,mid|far_271_540|pos,0.05133853608247423,,0.231469,0,1,0.474181,0.407211,9,11,buying,1.8322,,18.3257,17.7669,8.28,34,fresh,0,0,0,0,True,False,True,far,0.3,critical,,,1.0,0,0,1.0,0,1.0,0,328,,specific_days,-0.209791,price_history,,9,0.957,price_history,,-0.326237,,29.4762,-0.177568,-0.148669,mid,small,SEV3,drug_developer,pit_bundle,CTGOV,CLINICAL_PCD,,0,0.5,,,,,0.675,,341,0.05133853608247423,0.964589,,,,
BHVN,Biohaven Ltd.,,,D,ineligible,D,ineligible,,0.103399,,,0.063953,1,0.063953,,0,no_upcoming,,headwind,deep_drawdown,XS,ineligible,,,v1.3.0,34839213,0,fundamental_red_flag|sev3,late|none|pos,0.1,,0.762122,0,1,0.903468,0.844639,8,11,buying,1.502,,17.2181,16.0048,8.85,34,fresh,0,0,0,0,True,False,False,missing,0.0,critical,,,1.0,0,0,1.0,0,1.0,0,,,missing,-0.103895,price_history,,8,0.7836,price_history,,-0.350628,,30.5947,-0.177568,-0.17306,late,small,SEV3,drug_developer,pit_bundle,,,,0,0.5,,,,,0.7905,,37,0.1,0.103399,,,,
DRMA,"Dermata Therapeutics, Inc.",,,D,ineligible,D,ineligible,,0.177054,,,0.137597,1,0.137597,,0,no_upcoming,,headwind,deep_drawdown|deep_drawdown_rel_xbi,XS,ineligible,,,v1.3.0,34839213,0,deep_drawdown,late|none|pos,0.1,,0.762122,0,1,0.903468,0.844639,,0,neutral,0.0,,0.0,0.0,0.0,,,0,0,0,0,False,False,False,missing,0.0,short,,,1.0,0,0,1.0,0,1.0,0,,,missing,-0.262911,price_history,,,0.2737,price_history,,-0.878439,,41.3834,-0.177568,-0.700871,late,micro,SEV2,drug_developer,pit_bundle,,,sponsor,1,0.5,,,,,0.7905,,63,0.1,0.177054,,,,
ARVN,"Arvinas, Inc.",,,D,ineligible,D,ineligible,,0.075071,,,0.040698,1,0.040698,,0,no_upcoming,,headwind,deep_drawdown,XS,ineligible,,,v1.3.0,34839213,0,fundamental_red_flag|sev3,late|none|pos,0.1,,0.762122,0,1,0.903468,0.844639,12,15,buying,2.8228,,22.9129,21.6084,7.19,34,fresh,0,0,0,0,True,False,False,missing,0.0,critical,,,1.0,0,0,1.0,0,1.0,0,,,missing,-0.275862,price_history,,12,0.8675,price_history,,-0.392659,,27.5843,-0.177568,-0.215091,late,small,SEV3,drug_developer,pit_bundle,,,,0,0.5,,,,,0.7905,,27,0.1,0.075071,,,,
DNLI,Denali Therapeutics Inc.,,,D,ineligible,D,ineligible,,0.174221,,,0.133721,1,0.133721,,0,no_upcoming,,neutral,high_beta|deep_drawdown|deep_drawdown_rel_xbi,XS,ineligible,,,v1.3.0,34839213,0,fundamental_red_flag|sev3|deep_drawdown,late|none|pos,0.1,,0.762122,0,1,0.903468,0.844639,3,5,neutral,-0.1491,,4.5126,3.7672,2.74,46,fresh,0,0,0,0,True,False,False,missing,0.0,critical,,,1.0,0,0,1.0,0,1.0,0,,,missing,0.048229,price_history,,3,2.2645,price_history,,-0.531553,,33.0886,-0.177568,-0.353985,late,mid,SEV3,drug_developer,pit_bundle,,,,0,0.5,,,,,0.7905,,62,0.1,0.174221,,,,
COGT,"Cogent Biosciences, Inc.",,,D,ineligible,D,ineligible,,0.145892,,,0.102713,1,0.102713,,0,no_upcoming,,tailwind,high_vol|deep_drawdown|deep_drawdown_rel_xbi,XS,ineligible,,,v1.3.0,34839213,0,deep_drawdown,late|none|pos,0.1,,0.762122,0,1,0.903468,0.844639,5,8,selling,0.5114,,4.3987,3.1874,0.99,34,fresh,0,0,0,0,True,False,False,missing,0.0,short,,,1.0,0,0,1.0,0,1.0,0,,,missing,0.422404,price_history,,5,1.7919,price_history,,-0.512744,,48.5787,-0.177568,-0.335176,late,mid,SEV2,drug_developer,pit_bundle,,,,0,0.5,,,,,0.7905,,52,0.1,0.145892,,,,
CVAC,CureVac N.V.,,,D,ineligible,D,ineligible,,0.168555,,,0.122093,1,0.122093,,0,no_upcoming,,headwind,deep_drawdown|deep_drawdown_rel_xbi,XS,ineligible,,,v1.3.0,34839213,0,deep_drawdown,late|none|pos,0.1,,0.762122,0,1,0.903468,0.844639,1,4,buying,-0.8095,,1.8978,0.7778,0.18,46,fresh,0,0,0,0,True,False,False,missing,0.0,adequate,,,1.0,0,0,1.0,0,1.0,0,,,missing,-0.251141,price_history,,1,0.8117,price_history,,-0.794286,,39.4154,-0.177568,-0.616718,late,small,NONE,drug_developer,pit_bundle,,,,0,0.5,,,,,0.7905,,60,0.1,0.168555,,,,
CRVS,"Corvus Pharmaceuticals, Inc.",,,D,ineligible,D,ineligible,,0.160057,,,0.118217,1,0.118217,,0,no_upcoming,,headwind,deep_drawdown|deep_drawdown_rel_xbi,XS,ineligible,,,v1.3.0,34839213,0,fundamental_red_flag|sev3|deep_drawdown,late|none|pos,0.1,,0.762122,0,1,0.903468,0.844639,1,3,buying,-0.8095,,1.5224,0.7778,0.24,46,fresh,0,0,0,0,True,False,False,missing,0.0,critical,,,1.0,0,0,1.0,0,1.0,0,,,missing,-0.235316,price_history,,1,0.6982,price_history,,-0.598446,,45.2381,-0.177568,-0.420878,late,small,SEV3,drug_developer,pit_bundle,,,,0,0.5,,,,,0.7905,,57,0.1,0.160057,,,,
CNTA,Centessa Pharmaceuticals plc,,,D,ineligible,D,ineligible,,0.140227,,,0.098837,1,0.098837,,0,no_upcoming,,tailwind,,XS,ineligible,,,v1.3.0,34839213,0,fundamental_red_flag|sev3,late|none|pos,0.1,,0.762122,0,1,0.903468,0.844639,3,5,buying,-0.1491,,3.852,2.9207,1.16,46,fresh,0,0,0,0,True,False,False,missing,0.0,critical,,,1.0,0,0,1.0,0,1.0,0,,,missing,0.212376,price_history,,3,1.2726,price_history,,-0.24918,,37.6009,-0.177568,-0.071612,late,mid,SEV3,drug_developer,pit_bundle,,,,0,0.5,,,,,0.7905,,50,0.1,0.140227,,,,
CHRS,"Coherus Oncology, Inc.",,,D,ineligible,D,ineligible,,0.134561,,,0.091085,1,0.091085,,0,no_upcoming,,neutral,deep_drawdown|deep_drawdown_rel_xbi,XS,ineligible,,,v1.3.0,34839213,0,deep_drawdown,late|none|pos,0.1,,0.762122,0,1,0.903468,0.844639,0,3,selling,-1.1397,,1.0267,0.0,0.0,46,fresh,0,0,0,0,True,False,False,missing,0.0,short,,,1.0,0,0,1.0,0,1.0,0,,,missing,0.01774,price_history,,0,1.7406,price_history,,-0.759214,,38.4023,-0.177568,-0.581646,late,micro,SEV2,drug_developer,pit_bundle,,,,0,0.5,,,,,0.7905,,48,0.1,0.134561,,,,
CGON,"CG Oncology, Inc.",,,D,ineligible,D,ineligible,,0.131728,,,0.087209,1,0.087209,,0,no_upcoming,,neutral,drawdown_data_missing,XS,ineligible,,,v1.3.0,34839213,0,fundamental_red_flag|sev3,late|none|pos,0.1,,0.762122,0,1,0.903468,0.844639,,0,neutral,0.0,,0.0,0.0,0.0,,,0,0,0,0,False,False,False,missing,0.0,critical,,,1.0,0,0,1.0,0,1.0,0,,,missing,,,series_too_short,,,,series_too_short,,series_too_short,,,,late,mid,SEV3,drug_developer,pit_bundle,,,sponsor|drawdown,2,0.5,,,,,0.7905,,47,0.1,0.131728,,,,
CDTX,"Cidara Therapeutics, Inc.",,,D,ineligible,D,ineligible,,0.123229,,,0.079457,1,0.079457,,0,no_upcoming,,headwind,deep_drawdown|deep_drawdown_rel_xbi,XS,ineligible,,,v1.3.0,34839213,0,deep_drawdown,late|none|pos,0.1,,0.762122,0,1,0.903468,0.844639,,0,neutral,0.0,,0.0,0.0,0.0,,,0,0,0,0,False,False,False,missing,0.0,adequate,,,1.0,0,0,1.0,0,1.0,0,,,missing,-0.139874,price_history,,,0.0837,price_history,,-0.578169,,39.0882,-0.177568,-0.400601,late,mid,NONE,drug_developer,pit_bundle,,,sponsor,1,0.5,,,,,0.7905,,44,0.1,0.123229,,,,
FATE,"Fate Therapeutics, Inc.",,,D,ineligible,D,ineligible,,0.956091,,,0.447674,1,0.447674,731,1,specific_days,,headwind,deep_drawdown|deep_drawdown_rel_xbi,XS,ineligible,,,v1.3.0,34839213,0,fundamental_red_flag|sev3|deep_drawdown,mid|far_271_540|pos,0.05133853608247423,,0.231469,0,1,0.474181,0.407211,5,8,buying,0.5114,,6.7741,5.7474,1.76,46,fresh,0,0,0,0,True,False,True,far,0.3,critical,,,1.0,0,0,1.0,0,1.0,0,731,,specific_days,-0.331913,price_history,,5,1.6349,price_history,,-0.526946,,23.8081,-0.177568,-0.349378,mid,micro,SEV3,drug_developer,pit_bundle,CTGOV,CLINICAL_PCD,,0,0.5,,,,,0.675,,338,0.05133853608247423,0.956091,,,,
STRO,"Sutro Biopharma, Inc.",,,D,ineligible,D,ineligible,,0.967422,,,0.54845,1,0.54845,974,1,specific_days,,headwind,deep_drawdown,XS,ineligible,,,v1.3.0,34839213,0,fundamental_red_flag|sev3,mid|far_271_540|pos,0.05133853608247423,,0.231469,0,1,0.474181,0.407211,4,6,buying,0.1812,,6.805,5.8737,1.15,46,fresh,0,0,0,0,True,False,True,far,0.3,critical,,,1.0,0,0,1.0,0,1.0,0,974,,specific_days,-0.190057,price_history,,4,1.516,price_history,,-0.421769,,36.3738,-0.177568,-0.244201,mid,micro,SEV3,drug_developer,pit_bundle,CTGOV,CLINICAL_PCD,,0,0.5,,,,,0.675,,342,0.05133853608247423,0.967422,,,,
AKRO,"Akero Therapeutics, Inc.",,,D,ineligible,D,ineligible,,0.026912,,,0.021318,1,0.021318,,0,no_upcoming,,neutral,deep_drawdown|deep_drawdown_rel_xbi,XS,ineligible,,,v1.3.0,34839213,0,deep_drawdown,late|none|pos,0.1,,0.762122,0,1,0.903468,0.844639,8,11,selling,1.502,,9.0698,7.8565,1.95,34,fresh,0,0,0,0,True,False,False,missing,0.0,adequate,,,1.0,0,0,1.0,0,1.0,0,,,missing,-0.005264,price_history,,8,1.0227,price_history,,-0.650316,,35.528,-0.177568,-0.472748,late,mid,NONE,drug_developer,pit_bundle,,,,0,0.5,,,,,0.7905,,10,0.1,0.026912,,,,
ALLO,"Allogene Therapeutics, Inc.",,,D,ineligible,D,ineligible,,0.953258,,,0.393411,1,0.393411,1219,1,specific_days,,headwind,deep_drawdown|deep_drawdown_rel_xbi,XS,ineligible,,,v1.3.0,34839213,0,fundamental_red_flag|sev3|deep_drawdown,mid|far_271_540|pos,0.05133853608247423,,0.231469,0,1,0.474181,0.407211,1,5,buying,-0.8095,,2.4557,0.7778,0.0,46,fresh,0,0,0,0,True,False,True,far,0.3,critical,,,1.0,0,0,1.0,0,1.0,0,1219,,specific_days,-0.260723,price_history,,1,1.5177,price_history,,-0.590504,,19.6055,-0.177568,-0.412936,mid,small,SEV3,drug_developer,pit_bundle,CTGOV,CLINICAL_PCD,,0,0.5,,,,,0.675,,337,0.05133853608247423,0.953258,,,,
AVXL,Anavex Life Sciences Corp.,,,D,ineligible,D,ineligible,,0.092068,,,0.056202,1,0.056202,,0,no_upcoming,,headwind,deep_drawdown|deep_drawdown_rel_xbi,XS,ineligible,,,v1.3.0,34839213,0,deep_drawdown,late|none|pos,0.1,,0.762122,0,1,0.903468,0.844639,2,5,buying,-0.4793,,2.7689,1.5556,0.01,46,fresh,0,0,0,0,True,False,False,missing,0.0,adequate,,,1.0,0,0,1.0,0,1.0,0,,,missing,-0.30465,price_history,,2,1.5323,price_history,,-0.633166,,33.908,-0.177568,-0.455598,late,small,NONE,drug_developer,pit_bundle,,,,0,0.5,,,,,0.7905,,33,0.1,0.092068,,,,
IVVD,"Invivyd, Inc.",,,D,ineligible,D,ineligible,,0.256374,,,0.370155,1,0.370155,,0,no_upcoming,,headwind,high_vol|deep_drawdown|deep_drawdown_rel_xbi,XS,ineligible,,,v1.3.0,34839213,0,deep_drawdown,late|none|pos,0.1,,0.625356,8,1,0.792827,0.7319,3,6,buying,-0.1491,,4.2935,2.9889,0.73,46,fresh,0,0,0,0,True,False,False,missing,0.0,adequate,,,1.0,0,0,1.0,0,1.0,0,,,missing,-0.505405,price_history,,3,0.5844,price_history,,-0.559524,,35.6658,-0.177568,-0.381956,late,small,NONE,drug_developer,pit_bundle,,,,0,0.5,,,,,0.760732,,91,0.1,0.256374,,,,
AURA,"Aura Biosciences, Inc.",,,D,ineligible,D,ineligible,,0.083569,,,0.04845,1,0.04845,,0,no_upcoming,,neutral,deep_drawdown|deep_drawdown_rel_xbi,XS,ineligible,,,v1.3.0,34839213,0,deep_drawdown,late|none|pos,0.1,,0.762122,0,1,0.903468,0.844639,0,2,buying,-1.1397,,0.9313,0.0,0.0,46,fresh,0,0,0,0,True,False,False,missing,0.0,short,,,1.0,0,0,1.0,0,1.0,0,,,missing,-0.006994,price_history,,0,1.0668,price_history,,-0.444861,,48.4706,-0.177568,-0.267293,late,small,SEV2,drug_developer,pit_bundle,,,,0,0.5,,,,,0.7905,,30,0.1,0.083569,,,,
AUPH,Aurinia Pharmaceuticals Inc,,,D,ineligible,D,ineligible,,0.080737,,,0.044574,1,0.044574,,0,no_upcoming,,headwind,deep_drawdown|deep_drawdown_rel_xbi,XS,ineligible,,,v1.3.0,34839213,0,deep_drawdown,late|none|pos,0.1,,0.762122,0,1,0.903468,0.844639,2,6,selling,-0.4793,,2.7452,1.2531,0.46,46,fresh,0,0,0,0,True,False,False,missing,0.0,adequate,,,1.0,0,0,1.0,0,1.0,0,,,missing,-0.319235,price_history,,2,0.4728,price_history,,-0.585167,,48.7636,-0.177568,-0.407599,late,small,NONE,drug_developer,pit_bundle,,,,0,0.5,,,,,0.7905,,29,0.1,0.080737,,,,
ARQT,"Arcutis Biotherapeutics, Inc.",,,D,ineligible,D,ineligible,,0.069405,,,0.036822,1,0.036822,,0,no_upcoming,,tailwind,deep_drawdown|deep_drawdown_rel_xbi,XS,ineligible,,,v1.3.0,34839213,0,deep_drawdown,late|none|pos,0.1,,0.762122,0,1,0.903468,0.844639,3,5,buying,-0.1491,,5.5754,4.6441,1.68,46,fresh,0,0,0,0,True,False,False,missing,0.0,adequate,,,1.0,0,0,1.0,0,1.0,0,,,missing,0.42616,price_history,,3,1.457,price_history,,-0.445333,,36.8069,-0.177568,-0.267765,late,mid,SEV1,drug_developer,pit_bundle,,,,0,0.5,,,,,0.7905,,25,0.1,0.069405,,,,
AGIO,"Agios Pharmaceuticals, Inc.",,,D,ineligible,D,ineligible,,0.024079,,,0.017442,1,0.017442,,0,no_upcoming,,tailwind,,XS,ineligible,,,v1.3.0,34839213,0,fundamental_red_flag|sev3,late|none|pos,0.1,,0.762122,0,1,0.903468,0.844639,4,8,buying,0.1812,,5.4445,3.7665,1.18,46,fresh,0,0,0,0,True,False,False,missing,0.0,critical,,,1.0,0,0,1.0,0,1.0,0,,,missing,0.444227,price_history,,4,0.9635,price_history,,-0.06636,,66.576,-0.177568,0.111208,late,small,SEV3,drug_developer,pit_bundle,,,,0,0.5,,,,,0.7905,,9,0.1,0.024079,,,,
ALDX,Healthcare,,,D,ineligible,D,ineligible,,0.029745,,,0.025194,1,0.025194,,0,no_upcoming,,tailwind,deep_drawdown|deep_drawdown_rel_xbi,XS,ineligible,,,v1.3.0,34839213,0,deep_drawdown,late|none|pos,0.1,,0.762122,0,1,0.903468,0.844639,2,6,selling,-0.4793,,2.581,1.2756,0.67,34,fresh,0,0,0,0,True,False,False,missing,0.0,adequate,,,1.0,0,0,1.0,0,1.0,0,,,missing,0.285453,price_history,,2,1.22,price_history,,-0.668629,,52.4485,-0.177568,-0.491061,late,small,NONE,drug_developer,pit_bundle,,,,0,0.5,,,,,0.7905,,11,0.1,0.029745,,,,
ABEO,Healthcare,,,D,ineligible,D,ineligible,,0.004249,,,0.001938,1,0.001938,,0,no_upcoming,,neutral,high_vol|deep_drawdown|deep_drawdown_rel_xbi,XS,ineligible,,,v1.3.0,34839213,0,deep_drawdown,late|none|pos,0.1,,0.762122,0,1,0.903468,0.844639,0,2,buying,-1.1397,,0.9313,0.0,0.0,46,fresh,0,0,0,0,True,False,False,missing,0.0,adequate,,,1.0,0,0,1.0,0,1.0,0,,,missing,-0.04112,price_history,,0,0.5837,price_history,,-0.523042,,32.5228,-0.177568,-0.345474,late,micro,SEV1,drug_developer,pit_bundle,,,,0,0.5,,,,,0.7905,,2,0.1,0.004249,,,,
RVMD,"Revolution Medicines, Inc.",,,D,ineligible,D,ineligible,,0.650142,,,0.517442,1,0.517442,,0,no_upcoming,,tailwind,,XS,ineligible,,,v1.3.0,34839213,0,fundamental_red_flag|sev3,mid|none|pos,0.08701244092219021,,0.231469,0,1,0.474181,0.407211,14,17,buying,3.4832,,23.5547,22.7147,16.09,34,fresh,0,0,0,0,True,False,False,missing,0.0,critical,,,1.0,0,0,1.0,0,1.0,0,,,missing,0.333865,price_history,,14,0.6291,price_history,,-0.003475,,63.1055,-0.177568,0.174093,mid,large,SEV3,drug_developer,pit_bundle,,,,0,0.5,,,,,0.675,,230,0.08701244092219021,0.650142,,,,
SNDX,"Syndax Pharmaceuticals, Inc.",,,D,ineligible,D,ineligible,,0.664306,,,0.536822,1,0.536822,,0,no_upcoming,,tailwind,,XS,ineligible,,,v1.3.0,34839213,0,fundamental_red_flag|sev3,mid|none|pos,0.08701244092219021,,0.231469,0,1,0.474181,0.407211,7,10,buying,1.1718,,11.8972,10.6839,3.11,45,fresh,0,0,0,0,True,False,False,missing,0.0,critical,,,1.0,0,0,1.0,0,1.0,0,,,missing,0.065968,price_history,,7,1.0436,price_history,,-0.140008,,44.087,-0.177568,0.03756,mid,small,SEV3,drug_developer,pit_bundle,,,,0,0.5,,,,,0.675,,235,0.08701244092219021,0.664306,,,,
EWTX,"Edgewise Therapeutics, Inc.",,,D,ineligible,D,ineligible,,0.61898,,,0.443798,1,0.443798,,0,no_upcoming,,neutral,,XS,ineligible,,,v1.3.0,34839213,0,fundamental_red_flag|sev3,mid|none|pos,0.08701244092219021,,0.231469,0,1,0.474181,0.407211,10,14,buying,2.1624,,18.155,16.4762,3.18,34,fresh,0,0,0,0,True,False,False,missing,0.0,critical,,,1.0,0,0,1.0,0,1.0,0,,,missing,-0.017766,price_history,,10,0.397,price_history,,-0.101652,,61.6195,-0.177568,0.075916,mid,mid,SEV3,drug_developer,pit_bundle,,,,0,0.5,,,,,0.675,,219,0.08701244092219021,0.61898,,,,
SPRY,"ARS Pharmaceuticals, Inc.",,,D,ineligible,D,ineligible,,0.667139,,,0.540698,1,0.540698,,0,no_upcoming,,tailwind,,XS,ineligible,,,v1.3.0,34839213,0,fundamental_red_flag|sev3,mid|none|pos,0.08701244092219021,,0.231469,0,1,0.474181,0.407211,6,8,buying,0.8416,,7.7658,7.0204,1.12,46,fresh,0,0,0,0,True,False,False,missing,0.0,critical,,,1.0,0,0,1.0,0,1.0,0,,,missing,0.403944,price_history,,6,0.8893,price_history,,-0.148728,,48.9083,-0.177568,0.02884,mid,small,SEV3,drug_developer,pit_bundle,,,,0,0.5,,,,,0.675,,236,0.08701244092219021,0.667139,,,,
IRON,"Disc Medicine, Inc.",,,D,ineligible,D,ineligible,,0.624646,,,0.463178,1,0.463178,,0,no_upcoming,,headwind,high_vol|deep_drawdown|deep_drawdown_rel_xbi,XS,ineligible,,,v1.3.0,34839213,0,deep_drawdown,mid|none|pos,0.08701244092219021,,0.231469,0,1,0.474181,0.407211,7,9,buying,1.1718,,12.827,11.8958,7.38,34,fresh,0,0,0,0,True,False,False,missing,0.0,adequate,,,1.0,0,0,1.0,0,1.0,0,,,missing,-0.55465,price_history,,7,0.8641,price_history,,-0.630377,,27.4942,-0.177568,-0.452809,mid,mid,SEV1,drug_developer,pit_bundle,,,,0,0.5,,,,,0.675,,221,0.08701244092219021,0.624646,,,,
VTYX,"Ventyx Biosciences, Inc.",,,D,ineligible,D,ineligible,,0.672805,,,0.560078,1,0.560078,,0,no_upcoming,,tailwind,high_vol|deep_drawdown|deep_drawdown_rel_xbi,XS,ineligible,,,v1.3.0,34839213,0,fundamental_red_flag|sev3|deep_drawdown,mid|none|pos,0.08701244092219021,,0.231469,0,1,0.474181,0.407211,4,7,buying,0.1812,,4.8954,3.4974,0.75,46,fresh,0,0,0,0,True,False,False,missing,0.0,critical,,,1.0,0,0,1.0,0,1.0,0,,,missing,0.668544,price_history,,4,1.1149,price_history,,-0.907196,,28.7468,-0.177568,-0.729628,mid,small,SEV3,drug_developer,pit_bundle,,,,0,0.5,,,,,0.675,,238,0.08701244092219021,0.672805,,,,
XNCR,"Xencor, Inc.",,,D,ineligible,D,ineligible,,0.675637,,,0.567829,1,0.567829,,0,no_upcoming,,tailwind,,XS,ineligible,,,v1.3.0,34839213,0,fundamental_red_flag|sev3,mid|none|pos,0.08701244092219021,,0.231469,0,1,0.474181,0.407211,2,5,neutral,-0.4793,,3.9259,2.9013,2.91,46,fresh,0,0,0,0,True,False,False,missing,0.0,critical,,,1.0,0,0,1.0,0,1.0,0,,,missing,0.16392,price_history,,2,1.2217,price_history,,-0.270891,,54.2842,-0.177568,-0.093323,mid,small,SEV3,drug_developer,pit_bundle,,,,0,0.5,,,,,0.675,,239,0.08701244092219021,0.675637,,,,
SGMT,Sagimet Biosciences Inc. - Seri,,,D,ineligible,D,ineligible,,0.65864,,,0.52907,1,0.52907,,0,no_upcoming,,headwind,high_vol|deep_drawdown|deep_drawdown_rel_xbi,XS,ineligible,,,v1.3.0,34839213,0,deep_drawdown,mid|none|pos,0.08701244092219021,,0.231469,0,1,0.474181,0.407211,2,4,buying,-0.4793,,2.1757,1.2444,0.1,46,fresh,0,0,0,0,True,False,False,missing,0.0,short,,,1.0,0,0,1.0,0,1.0,0,,,missing,-0.554544,price_history,,2,1.5072,price_history,,-0.788274,,37.0442,-0.177568,-0.610706,mid,micro,SEV2,drug_developer,pit_bundle,,,,0,0.5,,,,,0.675,,233,0.08701244092219021,0.65864,,,,
SGMO,"Sangamo Therapeutics, Inc.",,,D,ineligible,D,ineligible,,0.655807,,,0.525194,1,0.525194,,0,no_upcoming,,tailwind,high_vol|high_beta|deep_drawdown|deep_drawdown_rel_xbi,XS,ineligible,,,v1.3.0,34839213,0,fundamental_red_flag|sev3|deep_drawdown,mid|none|pos,0.08701244092219021,,0.231469,0,1,0.474181,0.407211,0,3,buying,-1.1397,,1.3979,0.0,0.0,46,fresh,0,0,0,0,True,False,False,missing,0.0,critical,,,1.0,0,0,1.0,0,1.0,0,,,missing,0.121385,price_history,,0,2.1157,price_history,,-0.662252,,40.1628,-0.177568,-0.484684,mid,micro,SEV3,drug_developer,pit_bundle,,,,0,0.5,,,,,0.675,,232,0.08701244092219021,0.655807,,,,
SABS,Healthcare,,,D,ineligible,D,ineligible,,0.652975,,,0.521318,1,0.521318,,0,no_upcoming,,headwind,deep_drawdown|deep_drawdown_rel_xbi,XS,ineligible,,,v1.3.0,34839213,0,deep_drawdown,mid|none|pos,0.08701244092219021,,0.231469,0,1,0.474181,0.407211,1,1,buying,-0.8095,,0.7778,0.7778,0.03,46,fresh,0,0,0,0,True,False,False,missing,0.0,adequate,,,1.0,0,0,1.0,0,1.0,0,,,missing,-0.284824,price_history,,1,-0.1214,price_history,,-0.573134,,44.5274,-0.177568,-0.395566,mid,micro,SEV1,drug_developer,pit_bundle,,,,0,0.5,,,,,0.675,,231,0.08701244092219021,0.652975,,,,
QURE,uniQure N.V.,,,D,ineligible,D,ineligible,,0.641643,,,0.498062,1,0.498062,,0,no_upcoming,,headwind,deep_drawdown|deep_drawdown_rel_xbi,XS,ineligible,,,v1.3.0,34839213,0,deep_drawdown,mid|none|pos,0.08701244092219021,,0.231469,0,1,0.474181,0.407211,4,8,neutral,0.1812,,4.7179,3.0392,0.85,46,fresh,0,0,0,0,True,False,False,missing,0.0,adequate,,,1.0,0,0,1.0,0,1.0,0,,,missing,-0.137229,price_history,,4,1.1709,price_history,,-0.801351,,32.0714,-0.177568,-0.623783,mid,small,NONE,drug_developer,pit_bundle,,,,0,0.5,,,,,0.675,,227,0.08701244092219021,0.641643,,,,
RAPT,"RAPT Therapeutics, Inc.",,,D,ineligible,D,ineligible,,0.647309,,,0.501938,1,0.501938,,0,no_upcoming,,headwind,high_vol|deep_drawdown|deep_drawdown_rel_xbi,XS,ineligible,,,v1.3.0,34839213,0,fundamental_red_flag|sev3|deep_drawdown,mid|none|pos,0.08701244092219021,,0.231469,0,1,0.474181,0.407211,,0,neutral,0.0,,0.0,0.0,0.0,,,0,0,0,0,False,False,False,missing,0.0,critical,,,1.0,0,0,1.0,0,1.0,0,,,missing,-0.650409,price_history,,,1.0662,price_history,,-0.708885,,37.1487,-0.177568,-0.531317,mid,small,SEV3,drug_developer,pit_bundle,,,sponsor,1,0.5,,,,,0.675,,229,0.08701244092219021,0.647309,,,,
PRQR,Healthcare,,,D,ineligible,D,ineligible,,0.63881,,,0.494186,1,0.494186,,0,no_upcoming,,headwind,,XS,ineligible,,,v1.3.0,34839213,0,fundamental_red_flag|sev3,mid|none|pos,0.08701244092219021,,0.231469,0,1,0.474181,0.407211,1,2,buying,-0.8095,,1.2444,0.7778,0.15,46,fresh,0,0,0,0,True,False,False,missing,0.0,critical,,,1.0,0,0,1.0,0,1.0,0,,,missing,-0.057743,price_history,,1,0.8261,price_history,,-0.319298,,41.2575,-0.177568,-0.14173,mid,micro,SEV3,drug_developer,pit_bundle,,,,0,0.5,,,,,0.675,,226,0.08701244092219021,0.63881,,,,
PGEN,"Precigen, Inc.",,,D,ineligible,D,ineligible,,0.635977,,,0.49031,1,0.49031,,0,no_upcoming,,neutral,,XS,ineligible,,,v1.3.0,34839213,0,fundamental_red_flag|sev3,mid|none|pos,0.08701244092219021,,0.231469,0,1,0.474181,0.407211,1,4,buying,-0.8095,,1.9596,0.7475,0.36,46,fresh,0,0,0,0,True,False,False,missing,0.0,critical,,,1.0,0,0,1.0,0,1.0,0,,,missing,0.003438,price_history,,1,1.4127,price_history,,-0.286486,,40.0937,-0.177568,-0.108918,mid,small,SEV3,drug_developer,pit_bundle,,,,0,0.5,,,,,0.675,,225,0.08701244092219021,0.635977,,,,
FDMT,"4D Molecular Therapeutics, Inc.",,,D,ineligible,D,ineligible,,0.995751,,,0.75,1,0.75,611,1,specific_days,,tailwind,high_vol,XS,ineligible,,,v1.3.0,34839213,0,fundamental_red_flag|sev3,mid|far_271_540|nonpos,-0.012862136363636364,,-1.374759,611,1,-0.825224,-0.916837,6,7,buying,0.8416,,11.6799,11.1235,2.06,46,fresh,0,0,0,0,True,False,True,far,0.3,critical,,,1.0,0,0,1.0,0,1.0,0,611,,specific_days,0.419205,price_history,,6,1.3391,price_history,,-0.332869,,38.4,-0.177568,-0.155301,mid,small,SEV3,drug_developer,pit_bundle,CTGOV,CLINICAL_PCD,,0,0.5,,,,,0.325394,,352,-0.012862136363636364,0.995751,,,,
LRMR,"Larimar Therapeutics, Inc.",,,D,ineligible,D,ineligible,,0.627479,,,0.478682,1,0.478682,,0,no_upcoming,,tailwind,deep_drawdown|deep_drawdown_rel_xbi,XS,ineligible,,,v1.3.0,34839213,0,deep_drawdown,mid|none|pos,0.08701244092219021,,0.231469,0,1,0.474181,0.407211,2,3,buying,-0.4793,,3.1311,2.6665,1.42,46,fresh,0,0,0,0,True,False,False,missing,0.0,adequate,,,1.0,0,0,1.0,0,1.0,0,,,missing,0.166141,price_history,,2,1.2031,price_history,,-0.481175,,45.2911,-0.177568,-0.303607,mid,small,NONE,drug_developer,pit_bundle,,,,0,0.5,,,,,0.675,,222,0.08701244092219021,0.627479,,,,
ENTA,"Enanta Pharmaceuticals, Inc.",,,D,ineligible,D,ineligible,,0.616147,,,0.436047,1,0.436047,,0,no_upcoming,,tailwind,deep_drawdown|deep_drawdown_rel_xbi,XS,ineligible,,,v1.3.0,34839213,0,deep_drawdown,mid|none|pos,0.08701244092219021,,0.231469,0,1,0.474181,0.407211,2,5,buying,-0.4793,,3.4764,2.2643,2.48,46,fresh,0,0,0,0,True,False,False,missing,0.0,adequate,,,1.0,0,0,1.0,0,1.0,0,,,missing,0.154038,price_history,,2,0.9229,price_history,,-0.633698,,44.9565,-0.177568,-0.45613,mid,small,NONE,drug_developer,pit_bundle,,,,0,0.5,,,,,0.675,,218,0.08701244092219021,0.616147,,,,
ATXS,"Astria Therapeutics, Inc.",,,D,ineligible,D,ineligible,,0.610482,,,0.416667,1,0.416667,,0,no_upcoming,,headwind,deep_drawdown|deep_drawdown_rel_xbi,XS,ineligible,,,v1.3.0,34839213,0,deep_drawdown,mid|none|pos,0.08701244092219021,,0.231469,0,1,0.474181,0.407211,3,7,buying,-0.1491,,5.3336,3.5623,0.84,34,fresh,0,0,0,0,True,False,False,missing,0.0,short,,,1.0,0,0,1.0,0,1.0,0,,,missing,-0.271076,price_history,,3,0.7395,price_history,,-0.44997,,28.4999,-0.177568,-0.272402,mid,small,SEV2,drug_developer,pit_bundle,,,,0,0.5,,,,,0.675,,216,0.08701244092219021,0.610482,,,,
ASMB,Healthcare,,,D,ineligible,D,ineligible,,0.607649,,,0.412791,1,0.412791,,0,no_upcoming,,tailwind,,XS,ineligible,,,v1.3.0,34839213,0,fundamental_red_flag|sev3,mid|none|pos,0.08701244092219021,,0.231469,0,1,0.474181,0.407211,,0,neutral,0.0,,0.0,0.0,0.0,,,0,0,0,0,False,False,False,missing,0.0,critical,,,1.0,0,0,1.0,0,1.0,0,,,missing,0.07247,price_history,,,0.5989,price_history,,-0.171979,,40.7538,-0.177568,0.005589,mid,small,SEV3,drug_developer,pit_bundle,,,sponsor,1,0.5,,,,,0.675,,215,0.08701244092219021,0.607649,,,,
ALT,"Altimmune, Inc.",,,D,ineligible,D,ineligible,,0.604816,,,0.401163,1,0.401163,,0,no_upcoming,,headwind,high_beta|deep_drawdown|deep_drawdown_rel_xbi,XS,ineligible,,,v1.3.0,34839213,0,deep_drawdown,mid|none|pos,0.08701244092219021,,0.231469,0,1,0.474181,0.407211,2,4,buying,-0.4793,,4.9784,4.045,2.86,46,fresh,0,0,0,0,True,False,False,missing,0.0,adequate,,,1.0,0,0,1.0,0,1.0,0,,,missing,-0.202891,price_history,,2,2.4768,price_history,,-0.525706,,35.0448,-0.177568,-0.348138,mid,small,SEV1,drug_developer,pit_bundle,,,,0,0.5,,,,,0.675,,214,0.08701244092219021,0.604816,,,,
ALMS,Alumis Inc.,,,D,ineligible,D,ineligible,,0.601983,,,0.397287,1,0.397287,,0,no_upcoming,,neutral,drawdown_data_missing,XS,ineligible,,,v1.3.0,34839213,0,fundamental_red_flag|sev3,mid|none|pos,0.08701244092219021,,0.231469,0,1,0.474181,0.407211,,0,neutral,0.0,,0.0,0.0,0.0,,,0,0,0,0,False,False,False,missing,0.0,critical,,,1.0,0,0,1.0,0,1.0,0,,,missing,,,series_too_short,,,,series_too_short,,series_too_short,,,,mid,mid,SEV3,drug_developer,pit_bundle,,,sponsor|drawdown,2,0.5,,,,,0.675,,213,0.08701244092219021,0.601983,,,,
ALGS,Healthcare,,,D,ineligible,D,ineligible,,0.59915,,,0.389535,1,0.389535,,0,no_upcoming,,tailwind,deep_drawdown|deep_drawdown_rel_xbi,XS,ineligible,,,v1.3.0,34839213,0,deep_drawdown,mid|none|pos,0.08701244092219021,,0.231469,0,1,0.474181,0.407211,,0,neutral,0.0,,0.0,0.0,0.0,,,0,0,0,0,False,False,False,missing,0.0,short,,,1.0,0,0,1.0,0,1.0,0,,,missing,0.104321,price_history,,,1.0982,price_history,,-0.4375,,38.9449,-0.177568,-0.259932,mid,micro,SEV2,drug_developer,pit_bundle,,,sponsor,1,0.5,,,,,0.675,,212,0.08701244092219021,0.59915,,,,
AKTX,Healthcare,,,D,ineligible,D,ineligible,,0.596317,,,0.385659,1,0.385659,,0,no_upcoming,,headwind,deep_drawdown|deep_drawdown_rel_xbi,XS,ineligible,,,v1.3.0,34839213,0,fundamental_red_flag|sev3|deep_drawdown,mid|none|pos,0.08701244092219021,,0.231469,0,1,0.474181,0.407211,0,1,selling,-1.1397,,0.2787,0.0,0.0,47,fresh,0,0,0,0,True,False,False,missing,0.0,critical,,,1.0,0,0,1.0,0,1.0,0,,,missing,-0.396252,price_history,,0,-0.3867,price_history,,-0.711611,,56.513,-0.177568,-0.534043,mid,micro,SEV3,drug_developer,pit_bundle,,,,0,0.5,,,,,0.675,,211,0.08701244092219021,0.596317,,,,
ABOS,Healthcare,,,D,ineligible,D,ineligible,,0.587819,,,0.374031,1,0.374031,,0,no_upcoming,,tailwind,deep_drawdown|deep_drawdown_rel_xbi,XS,ineligible,,,v1.3.0,34839213,0,fundamental_red_flag|sev3|deep_drawdown,mid|none|pos,0.08701244092219021,,0.231469,0,1,0.474181,0.407211,3,6,buying,-0.1491,,3.9299,2.7165,0.9,46,fresh,0,0,0,0,True,False,False,missing,0.0,critical,,,1.0,0,0,1.0,0,1.0,0,,,missing,0.137253,price_history,,3,1.3938,price_history,,-0.668724,,36.3423,-0.177568,-0.491156,mid,micro,SEV3,drug_developer,pit_bundle,,,,0,0.5,,,,,0.675,,208,0.08701244092219021,0.587819,,,,
TERN,"Terns Pharmaceuticals, Inc.",,,D,ineligible,D,ineligible,,0.919263,,,0.99031,1,0.99031,,0,no_upcoming,,tailwind,deep_drawdown|deep_drawdown_rel_xbi,XS,ineligible,,,v1.3.0,34839213,0,deep_drawdown,early|none|nonpos,0.06969944897959185,,,,,-2.034638,-2.149188,8,10,buying,1.502,,12.7666,11.8332,2.03,34,fresh,0,0,0,0,True,False,False,missing,0.0,adequate,,,1.0,0,0,1.0,0,1.0,0,,,missing,0.052384,price_history,,8,1.3756,price_history,,-0.61597,,43.8576,-0.177568,-0.438402,early,mid,NONE,drug_developer,pit_bundle,,,,0,0.5,,,,,0.0,,325,0.06969944897959185,0.919263,,,,
VYGR,"Voyager Therapeutics, Inc.",,,D,ineligible,D,ineligible,,0.992918,,,0.637597,1,0.637597,244,1,specific_days,,tailwind,deep_drawdown|deep_drawdown_rel_xbi,XS,ineligible,,,v1.3.0,34839213,0,fundamental_red_flag|sev3|deep_drawdown,early|near_181_270|nonpos,0.0,,-0.299184,0,1,0.044894,-0.030217,2,4,selling,-0.4793,,2.4798,1.921,0.84,46,fresh,0,0,0,0,True,False,True,far,0.3,critical,,,1.0,0,0,1.0,0,1.0,0,244,,specific_days,0.092612,price_history,,2,1.1278,price_history,,-0.441029,,42.0747,-0.177568,-0.263461,early,micro,SEV3,drug_developer,pit_bundle,CTGOV,CLINICAL_PCD,,0,0.5,,,,,0.5595,,351,0.0,0.992918,,,,
EDIT,"Editas Medicine, Inc.",,,D,ineligible,D,ineligible,,0.990085,,,0.812016,1,0.812016,388,1,specific_days,,headwind,deep_drawdown|deep_drawdown_rel_xbi,XS,ineligible,,,v1.3.0,34839213,0,deep_drawdown,early|far_271_540|nonpos,0.0,,-1.885642,388,1,-1.238517,-1.337968,3,7,buying,-0.1491,,5.1135,3.2489,1.85,46,fresh,0,0,0,0,True,False,True,far,0.3,adequate,,,1.0,0,0,1.0,0,1.0,0,388,,specific_days,-0.207484,price_history,,3,1.5689,price_history,,-0.545772,,25.7174,-0.177568,-0.368204,early,micro,SEV1,drug_developer,pit_bundle,CTGOV,CLINICAL_PCD,,0,0.5,,,,,0.214197,,350,0.0,0.990085,,,,
RLAY,"Relay Therapeutics, Inc.",,,D,ineligible,D,ineligible,,0.882436,,,0.796512,1,0.796512,,0,no_upcoming,,headwind,deep_drawdown|deep_drawdown_rel_xbi,XS,ineligible,,,v1.3.0,34839213,0,fundamental_red_flag|sev3|deep_drawdown,early|none|nonpos,0.06969944897959185,,-1.862298,322,1,-1.219633,-1.318725,4,6,buying,0.1812,,6.9654,6.2209,7.98,46,fresh,0,0,0,0,True,False,False,missing,0.0,critical,,,1.0,0,0,1.0,0,1.0,0,,,missing,-0.223381,price_history,,4,1.3701,price_history,,-0.503805,,41.8311,-0.177568,-0.326237,early,small,SEV3,drug_developer,pit_bundle,,,,0,0.5,,,,,0.219278,,312,0.06969944897959185,0.882436,,,,
PRME,"Prime Medicine, Inc.",,,D,ineligible,D,ineligible,,0.865439,,,0.889535,1,0.889535,,0,no_upcoming,,headwind,high_beta|deep_drawdown|deep_drawdown_rel_xbi,XS,ineligible,,,v1.3.0,34839213,0,deep_drawdown,early|none|nonpos,0.06969944897959185,,-2.180589,,1,-1.477123,-1.581099,5,7,buying,0.5114,,4.687,3.7558,0.65,46,fresh,0,0,0,0,True,False,False,missing,0.0,short,,,1.0,0,0,1.0,0,1.0,0,,,missing,-0.181354,price_history,,5,1.9516,price_history,,-0.711437,,39.1189,-0.177568,-0.533869,early,small,SEV2,drug_developer,pit_bundle,,,,0,0.5,,,,,0.15,,306,0.06969944897959185,0.865439,,,,
RXRX,"Recursion Pharmaceuticals, Inc.",,,D,ineligible,D,ineligible,,0.888102,,,0.982558,1,0.982558,,0,no_upcoming,,headwind,deep_drawdown|deep_drawdown_rel_xbi,XS,ineligible,,,v1.3.0,34839213,0,deep_drawdown,early|none|nonpos,0.06969944897959185,,,,,-2.034638,-2.149188,0,1,selling,-1.1397,,0.28,0.0,0.0,46,fresh,0,0,0,0,True,False,False,missing,0.0,adequate,,,1.0,0,0,1.0,0,1.0,0,,,missing,-0.090214,price_history,,0,1.7862,price_history,,-0.506936,,38.5555,-0.177568,-0.329368,early,mid,NONE,drug_developer,pit_bundle,,,,0,0.5,,,,,0.0,,314,0.06969944897959185,0.888102,,,,
PYXS,"Pyxis Oncology, Inc.",,,D,ineligible,D,ineligible,,0.873938,,,0.792636,1,0.792636,,0,no_upcoming,,tailwind,high_vol|high_beta,XS,ineligible,,,v1.3.0,34839213,0,fundamental_red_flag|sev3,early|none|nonpos,0.06969944897959185,,-1.858122,314,1,-1.216254,-1.315283,0,2,buying,-1.1397,,0.9313,0.0,0.0,46,fresh,0,0,0,0,True,False,False,missing,0.0,critical,,,1.0,0,0,1.0,0,1.0,0,,,missing,0.295912,price_history,,0,2.276,price_history,,-0.324734,,45.3,-0.177568,-0.147166,early,micro,SEV3,drug_developer,pit_bundle,,,,0,0.5,,,,,0.220187,,309,0.06969944897959185,0.873938,,,,
GPCR,Structure Therapeutics Inc.,,,D,ineligible,D,ineligible,,0.771955,,,0.606589,1,0.606589,,0,no_upcoming,,headwind,deep_drawdown|deep_drawdown_rel_xbi,XS,ineligible,,,v1.3.0,34839213,0,deep_drawdown,early|none|nonpos,0.06969944897959185,,-0.299184,0,1,0.044894,-0.030217,11,12,buying,2.4926,,15.9573,15.6773,4.47,46,fresh,0,0,0,0,True,False,False,missing,0.0,short,,,1.0,0,0,1.0,0,1.0,0,,,missing,-0.073161,price_history,,11,0.682,price_history,,-0.469179,,52.2014,-0.177568,-0.291611,early,mid,SEV2,drug_developer,pit_bundle,,,,0,0.5,,,,,0.5595,,273,0.06969944897959185,0.771955,,,,
PRLD,Healthcare,,,D,ineligible,D,ineligible,,0.862606,,,0.629845,1,0.629845,,0,no_upcoming,,tailwind,deep_drawdown|deep_drawdown_rel_xbi,XS,ineligible,,,v1.3.0,34839213,0,deep_drawdown,early|none|nonpos,0.06969944897959185,,-0.299184,0,1,0.044894,-0.030217,4,6,buying,0.1812,,5.5606,4.6294,0.93,46,fresh,0,0,0,0,True,False,False,missing,0.0,short,,,1.0,0,0,1.0,0,1.0,0,,,missing,0.273187,price_history,,4,0.9748,price_history,,-0.439822,,39.393,-0.177568,-0.262254,early,micro,SEV2,drug_developer,pit_bundle,,,,0,0.5,,,,,0.5595,,305,0.06969944897959185,0.862606,,,,
NKTX,Healthcare,,,D,ineligible,D,ineligible,,0.831445,,,0.773256,1,0.773256,,0,no_upcoming,,headwind,high_vol|high_beta|deep_drawdown|deep_drawdown_rel_xbi,XS,ineligible,,,v1.3.0,34839213,0,deep_drawdown,early|none|nonpos,0.06969944897959185,,-1.619916,155,1,-1.023551,-1.118925,5,7,buying,0.5114,,7.9688,7.0375,2.94,46,fresh,0,0,0,0,True,False,False,missing,0.0,short,,,1.0,0,0,1.0,0,1.0,0,,,missing,-0.237757,price_history,,5,1.8574,price_history,,-0.574793,,32.253,-0.177568,-0.397225,early,micro,SEV2,drug_developer,pit_bundle,,,,0,0.5,,,,,0.272034,,294,0.06969944897959185,0.831445,,,,
ORIC,"Oric Pharmaceuticals, Inc.",,,D,ineligible,D,ineligible,,0.848442,,,0.625969,1,0.625969,,0,no_upcoming,,headwind,deep_drawdown|deep_drawdown_rel_xbi,XS,ineligible,,,v1.3.0,34839213,0,deep_drawdown,early|none|nonpos,0.06969944897959185,,-0.299184,0,1,0.044894,-0.030217,3,7,selling,-0.1491,,4.5642,3.2587,0.82,46,fresh,0,0,0,0,True,False,False,missing,0.0,short,,,1.0,0,0,1.0,0,1.0,0,,,missing,-0.182669,price_history,,3,0.8152,price_history,,-0.449158,,36.2189,-0.177568,-0.27159,early,small,SEV2,drug_developer,pit_bundle,,,,0,0.5,,,,,0.5595,,300,0.06969944897959185,0.848442,,,,
OBIO,"Orchestra BioMed Holdings, Inc.",,,D,ineligible,D,ineligible,,0.839943,,,0.974806,1,0.974806,,0,no_upcoming,,headwind,deep_drawdown|deep_drawdown_rel_xbi,XS,ineligible,,,v1.3.0,34839213,0,deep_drawdown,early|none|nonpos,0.06969944897959185,,,,,-2.034638,-2.149188,3,3,neutral,-0.1491,,2.6594,2.6594,0.8,34,fresh,0,0,0,0,True,False,False,missing,0.0,short,,,1.0,0,0,1.0,0,1.0,0,,,missing,-0.347359,price_history,,3,0.8505,price_history,,-0.775,,30.8093,-0.177568,-0.597432,early,micro,SEV2,drug_developer,pit_bundle,,,,0,0.5,,,,,0.0,,297,0.06969944897959185,0.839943,,,,
NBP,NovaBridge Biosciences,,,D,ineligible,D,ineligible,,0.828612,,,0.97093,1,0.97093,,0,no_upcoming,,neutral,deep_drawdown|deep_drawdown_rel_xbi,XS,ineligible,,,v1.3.0,34839213,0,deep_drawdown,early|none|nonpos,0.06969944897959185,,,,,-2.034638,-2.149188,,0,neutral,0.0,,0.0,0.0,0.0,,,0,0,0,0,False,False,False,missing,0.0,adequate,,,1.0,0,0,1.0,0,1.0,0,,,missing,0.014194,price_history,,,0.8104,price_history,,-0.47006,,42.6857,-0.177568,-0.292492,early,small,NONE,drug_developer,pit_bundle,,,sponsor,1,0.5,,,,,0.0,,293,0.06969944897959185,0.828612,,,,
MRVI,"Maravai LifeSciences Holdings, Inc.",,,D,ineligible,D,ineligible,,0.822946,,,0.967054,1,0.967054,,0,no_upcoming,,tailwind,deep_drawdown|deep_drawdown_rel_xbi,XS,ineligible,,,v1.3.0,34839213,0,deep_drawdown,early|none|nonpos,0.06969944897959185,,,,,-2.034638,-2.149188,0,4,selling,-1.1397,,1.2121,0.0,0.0,46,fresh,0,0,0,0,True,False,False,missing,0.0,adequate,,,1.0,0,0,1.0,0,1.0,0,,,missing,0.598526,price_history,,0,0.8834,price_history,,-0.453333,,55.9082,-0.177568,-0.275765,early,small,NONE,drug_developer,pit_bundle,,,,0,0.5,,,,,0.0,,291,0.06969944897959185,0.822946,,,,
MNMD,Mind Medicine (MindMed) Inc.,,,D,ineligible,D,ineligible,,0.820113,,,0.963178,1,0.963178,,0,no_upcoming,,tailwind,high_vol,XS,ineligible,,,v1.3.0,34839213,0,fundamental_red_flag|sev3,early|none|nonpos,0.06969944897959185,,,,,-2.034638,-2.149188,0,1,selling,-1.1397,,0.28,0.0,0.0,46,fresh,0,0,0,0,True,False,False,missing,0.0,critical,,,1.0,0,0,1.0,0,1.0,0,,,missing,1.362246,price_history,,0,0.6087,price_history,,-0.189787,,53.9989,-0.177568,-0.012219,early,small,SEV3,drug_developer,pit_bundle,,,,0,0.5,,,,,0.0,,290,0.06969944897959185,0.820113,,,,
MGTX,MeiraGTx Holdings plc,,,D,ineligible,D,ineligible,,0.81728,,,0.959302,1,0.959302,,0,no_upcoming,,headwind,deep_drawdown,XS,ineligible,,,v1.3.0,34839213,0,fundamental_red_flag|sev3,early|none|nonpos,0.06969944897959185,,,,,-2.034638,-2.149188,1,4,buying,-0.8095,,3.5817,2.1838,1.78,34,fresh,0,0,0,0,True,False,False,missing,0.0,critical,,,1.0,0,0,1.0,0,1.0,0,,,missing,-0.132148,price_history,,1,1.1064,price_history,,-0.395291,,34.7573,-0.177568,-0.217723,early,small,SEV3,drug_developer,pit_bundle,,,,0,0.5,,,,,0.0,,289,0.06969944897959185,0.81728,,,,
LYEL,"Lyell Immunopharma, Inc.",,,D,ineligible,D,ineligible,,0.808782,,,0.781008,1,0.781008,,0,no_upcoming,,tailwind,deep_drawdown|deep_drawdown_rel_xbi,XS,ineligible,,,v1.3.0,34839213,0,deep_drawdown,early|none|nonpos,0.06969944897959185,,-1.753011,211,1,-1.131222,-1.228638,,0,neutral,0.0,,0.0,0.0,0.0,,,0,0,0,0,False,False,False,missing,0.0,adequate,,,1.0,0,0,1.0,0,1.0,0,,,missing,0.280543,price_history,,,1.7923,price_history,,-0.437824,,45.9513,-0.177568,-0.260256,early,small,SEV1,drug_developer,pit_bundle,,,sponsor,1,0.5,,,,,0.243065,,286,0.06969944897959185,0.808782,,,,
KALA,"KALA BIO, Inc.",,,D,ineligible,D,ineligible,,0.79745,,,0.947674,1,0.947674,,0,no_upcoming,,neutral,deep_drawdown|deep_drawdown_rel_xbi,XS,ineligible,,,v1.3.0,34839213,0,deep_drawdown,early|none|nonpos,0.06969944897959185,,,,,-2.034638,-2.149188,1,3,selling,-0.8095,,1.2112,0.4667,0.02,46,fresh,0,0,0,0,True,False,False,missing,0.0,short,,,1.0,0,0,1.0,0,1.0,0,,,missing,-0.005633,price_history,,1,0.3803,price_history,,-0.633924,,45.4438,-0.177568,-0.456356,early,micro,SEV2,drug_developer,pit_bundle,,,,0,0.5,,,,,0.0,,282,0.06969944897959185,0.79745,,,,
IMRX,Immuneering Corporation,,,D,ineligible,D,ineligible,,0.788952,,,0.800388,1,0.800388,,0,no_upcoming,,headwind,high_vol|deep_drawdown|deep_drawdown_rel_xbi,XS,ineligible,,,v1.3.0,34839213,0,deep_drawdown,early|none|nonpos,0.06969944897959185,,-1.879362,365,1,-1.233437,-1.332791,1,2,buying,-0.8095,,1.9785,1.5118,1.48,46,fresh,0,0,0,0,True,False,False,missing,0.0,adequate,,,1.0,0,0,1.0,0,1.0,0,,,missing,-0.69625,price_history,,1,1.3766,price_history,,-0.875657,,24.0918,-0.177568,-0.698089,early,small,NONE,drug_developer,pit_bundle,,,,0,0.5,,,,,0.215564,,279,0.06969944897959185,0.788952,,,,
IKT,Healthcare,,,D,ineligible,D,ineligible,,0.783286,,,0.718992,1,0.718992,,0,no_upcoming,,headwind,deep_drawdown|deep_drawdown_rel_xbi,XS,ineligible,,,v1.3.0,34839213,0,deep_drawdown,early|none|nonpos,0.06969944897959185,,-1.090752,61,1,-0.595468,-0.682724,0,1,buying,-1.1397,,0.4646,0.0,0.0,47,fresh,0,0,0,0,True,False,False,missing,0.0,adequate,,,1.0,0,0,1.0,0,1.0,0,,,missing,-0.417265,price_history,,0,0.1645,price_history,,-0.659722,,33.8733,-0.177568,-0.482154,early,micro,NONE,drug_developer,pit_bundle,,,,0,0.5,,,,,0.38721,,277,0.06969944897959185,0.783286,,,,
GBIO,Healthcare,,,D,ineligible,D,ineligible,,0.766289,,,0.943798,1,0.943798,,0,no_upcoming,,tailwind,deep_drawdown|deep_drawdown_rel_xbi,XS,ineligible,,,v1.3.0,34839213,0,deep_drawdown,early|none|nonpos,0.06969944897959185,,,,,-2.034638,-2.149188,1,4,buying,-0.8095,,1.7717,0.4667,0.09,46,fresh,0,0,0,0,True,False,False,missing,0.0,adequate,,,1.0,0,0,1.0,0,1.0,0,,,missing,0.596879,price_history,,1,1.545,price_history,,-0.589855,,41.5047,-0.177568,-0.412287,early,micro,NONE,drug_developer,pit_bundle,,,,0,0.5,,,,,0.0,,271,0.06969944897959185,0.766289,,,,
FHTX,Foghorn Therapeutics Inc.,,,D,ineligible,D,ineligible,,0.75779,,,0.602713,1,0.602713,,0,no_upcoming,,tailwind,high_vol|high_beta|deep_drawdown|deep_drawdown_rel_xbi,XS,ineligible,,,v1.3.0,34839213,0,deep_drawdown,early|none|nonpos,0.06969944897959185,,-0.299184,0,1,0.044894,-0.030217,1,1,buying,-0.8095,,0.7778,0.7778,0.0,46,fresh,0,0,0,0,True,False,False,missing,0.0,adequate,,,1.0,0,0,1.0,0,1.0,0,,,missing,0.923365,price_history,,1,2.0685,price_history,,-0.446809,,41.9079,-0.177568,-0.269241,early,small,SEV1,drug_developer,pit_bundle,,,,0,0.5,,,,,0.5595,,268,0.06969944897959185,0.75779,,,,
FGEN,"FibroGen, Inc.",,,D,ineligible,D,ineligible,,0.754958,,,0.939922,1,0.939922,,0,no_upcoming,,headwind,high_vol|deep_drawdown|deep_drawdown_rel_xbi,XS,ineligible,,,v1.3.0,34839213,0,deep_drawdown,early|none|nonpos,0.06969944897959185,,,,,-2.034638,-2.149188,,0,neutral,0.0,,0.0,0.0,0.0,,,0,0,0,0,False,False,False,missing,0.0,adequate,,,1.0,0,0,1.0,0,1.0,0,,,missing,-0.339361,price_history,,,1.5359,price_history,,-0.941636,,34.7025,-0.177568,-0.764068,early,micro,NONE,drug_developer,pit_bundle,,,sponsor,1,0.5,,,,,0.0,,267,0.06969944897959185,0.754958,,,,
ENGN,Healthcare,,,D,ineligible,D,ineligible,,0.749292,,,0.936047,1,0.936047,,0,no_upcoming,,tailwind,high_vol|deep_drawdown|deep_drawdown_rel_xbi,XS,ineligible,,,v1.3.0,34839213,0,deep_drawdown,early|none|nonpos,0.06969944897959185,,,,,-2.034638,-2.149188,0,2,buying,-1.1397,,0.9333,0.0,0.0,46,fresh,0,0,0,0,True,False,False,missing,0.0,short,,,1.0,0,0,1.0,0,1.0,0,,,missing,1.118613,price_history,,0,1.7594,price_history,,-0.440928,,52.705,-0.177568,-0.26336,early,small,SEV2,drug_developer,pit_bundle,,,,0,0.5,,,,,0.0,,265,0.06969944897959185,0.749292,,,,
DSGN,"Design Therapeutics, Inc.",,,D,ineligible,D,ineligible,,0.740793,,,0.598837,1,0.598837,,0,no_upcoming,,tailwind,deep_drawdown|deep_drawdown_rel_xbi,XS,ineligible,,,v1.3.0,34839213,0,fundamental_red_flag|sev3|deep_drawdown,early|none|nonpos,0.06969944897959185,,-0.299184,0,1,0.044894,-0.030217,3,6,buying,-0.1491,,4.6613,3.45,1.24,46,fresh,0,0,0,0,True,False,False,missing,0.0,critical,,,1.0,0,0,1.0,0,1.0,0,,,missing,0.513744,price_history,,3,0.9126,price_history,,-0.567568,,47.4237,-0.177568,-0.39,early,small,SEV3,drug_developer,pit_bundle,,,,0,0.5,,,,,0.5595,,262,0.06969944897959185,0.740793,,,,
DRUG,Healthcare,,,D,ineligible,D,ineligible,,0.73796,,,0.594961,1,0.594961,,0,no_upcoming,,headwind,deep_drawdown|deep_drawdown_rel_xbi,XS,ineligible,,,v1.3.0,34839213,0,deep_drawdown,early|none|nonpos,0.06969944897959185,,-0.299184,0,1,0.044894,-0.030217,0,1,buying,-1.1397,,0.4646,0.0,0.0,47,fresh,0,0,0,0,True,False,False,missing,0.0,adequate,,,1.0,0,0,1.0,0,1.0,0,,,missing,-0.545594,price_history,,0,0.2008,price_history,,-0.768585,,28.6132,-0.177568,-0.591017,early,small,NONE,drug_developer,pit_bundle,,,,0,0.5,,,,,0.5595,,261,0.06969944897959185,0.73796,,,,
CRBU,"Caribou Biosciences, Inc.",,,D,ineligible,D,ineligible,,0.729462,,,0.815891,1,0.815891,,0,no_upcoming,,headwind,deep_drawdown|deep_drawdown_rel_xbi,XS,ineligible,,,v1.3.0,34839213,0,fundamental_red_flag|sev3|deep_drawdown,early|none|nonpos,0.06969944897959185,,-1.88726,395,1,-1.239826,-1.339302,1,3,buying,-0.8095,,2.5373,1.7927,1.33,46,fresh,0,0,0,0,True,False,False,missing,0.0,critical,,,1.0,0,0,1.0,0,1.0,0,,,missing,-0.403502,price_history,,1,1.5,price_history,,-0.560533,,24.6863,-0.177568,-0.382965,early,micro,SEV3,drug_developer,pit_bundle,,,,0,0.5,,,,,0.213845,,258,0.06969944897959185,0.729462,,,,
BEAM,Beam Therapeutics Inc.,,,D,ineligible,D,ineligible,,0.706799,,,0.850775,1,0.850775,,0,no_upcoming,,headwind,high_beta|deep_drawdown|deep_drawdown_rel_xbi,XS,ineligible,,,v1.3.0,34839213,0,deep_drawdown,early|none|nonpos,0.06969944897959185,,-1.907176,945,1,-1.255938,-1.355719,4,5,buying,0.1812,,5.8306,5.5506,1.41,46,fresh,0,0,0,0,True,False,False,missing,0.0,adequate,,,1.0,0,0,1.0,0,1.0,0,,,missing,-0.093535,price_history,,4,2.3054,price_history,,-0.529177,,23.5597,-0.177568,-0.351609,early,mid,SEV1,drug_developer,pit_bundle,,,,0,0.5,,,,,0.20951,,250,0.06969944897959185,0.706799,,,,
AUTL,Autolus Therapeutics plc,,,D,ineligible,D,ineligible,,0.689802,,,0.924419,1,0.924419,,0,no_upcoming,,headwind,deep_drawdown|deep_drawdown_rel_xbi,XS,ineligible,,,v1.3.0,34839213,0,fundamental_red_flag|sev3|deep_drawdown,early|none|nonpos,0.06969944897959185,,,,,-2.034638,-2.149188,3,7,buying,-0.1491,,6.6456,5.3402,2.55,34,fresh,0,0,0,0,True,False,False,missing,0.0,critical,,,1.0,0,0,1.0,0,1.0,0,,,missing,-0.364908,price_history,,3,0.6515,price_history,,-0.495199,,19.0131,-0.177568,-0.317631,early,small,SEV3,drug_developer,pit_bundle,,,,0,0.5,,,,,0.0,,244,0.06969944897959185,0.689802,,,,
ADPT,Adaptive Biotechnologies Corpor,,,D,ineligible,D,ineligible,,0.67847,,,0.912791,1,0.912791,,0,no_upcoming,,headwind,deep_drawdown|deep_drawdown_rel_xbi,XS,ineligible,,,v1.3.0,34839213,0,deep_drawdown,early|none|nonpos,0.06969944897959185,,,,,-2.034638,-2.149188,0,2,selling,-1.1397,,0.6909,0.0,0.0,46,fresh,0,0,0,0,True,False,False,missing,0.0,adequate,,,1.0,0,0,1.0,0,1.0,0,,,missing,-0.247907,price_history,,0,0.9003,price_history,,-0.701595,,44.0188,-0.177568,-0.524027,early,mid,SEV1,drug_developer,pit_bundle,,,,0,0.5,,,,,0.0,,240,0.06969944897959185,0.67847,,,,
VRDN,Healthcare,,,D,ineligible,D,ineligible,,0.474504,,,0.575581,1,0.575581,,0,no_upcoming,,headwind,deep_drawdown|deep_drawdown_rel_xbi,XS,ineligible,,,v1.3.0,34839213,0,deep_drawdown,late|none|pos,0.1,,-0.154787,76,1,0.161708,0.088812,7,10,buying,1.1718,,13.8657,12.8403,3.45,34,fresh,0,0,0,0,True,False,False,missing,0.0,short,,,1.0,0,0,1.0,0,1.0,0,,,missing,-0.253752,price_history,,7,1.1239,price_history,,-0.537011,,30.7681,-0.177568,-0.359443,late,mid,SEV2,drug_developer,pit_bundle,,,,0,0.5,,,,,0.590929,,168,0.1,0.474504,,,,
ELDN,Healthcare,,,D,ineligible,D,ineligible,,0.185552,,,0.432171,1,0.432171,32,1,specific_days,,tailwind,,XS,ineligible,,,v1.3.0,34839213,0,fundamental_red_flag|sev3,mid|near_31_90|pos,0.1,,0.231469,0,1,0.474181,0.407211,0,2,buying,-1.1397,,0.9313,0.0,0.0,46,fresh,0,0,0,0,True,False,True,near,1.0,critical,,,1.0,0,0,1.0,0,1.0,0,32,,specific_days,0.38399,price_history,,0,0.0653,price_history,,-0.161403,,67.5155,-0.177568,0.016165,mid,micro,SEV3,drug_developer,pit_bundle,CTGOV,CLINICAL_PCD,,0,0.5,,,,,0.675,,66,0.1,0.185552,,,,
VOR,Vor Biopharma Inc.,,,D,ineligible,D,ineligible,,0.471671,,,0.664729,1,0.664729,,0,no_upcoming,,headwind,deep_drawdown|deep_drawdown_rel_xbi,XS,ineligible,,,v1.3.0,34839213,0,deep_drawdown,late|none|nonpos,0.1,,-0.747041,251,1,-0.317413,-0.399395,1,2,buying,-0.8095,,1.8554,1.3909,0.8,46,fresh,0,0,0,0,True,False,False,missing,0.0,adequate,,,1.0,0,0,1.0,0,1.0,0,,,missing,-0.195392,price_history,,1,0.7834,price_history,,-0.677298,,41.1035,-0.177568,-0.49973,late,small,SEV1,drug_developer,pit_bundle,,,,0,0.5,,,,,0.462021,,167,0.1,0.471671,,,,
VERA,"Vera Therapeutics, Inc.",,,D,ineligible,D,ineligible,,0.46034,,,0.676357,1,0.676357,,0,no_upcoming,,tailwind,,XS,ineligible,,,v1.3.0,34839213,0,fundamental_red_flag|sev3,late|none|nonpos,0.1,,-0.822334,380,1,-0.378323,-0.461461,3,5,buying,-0.1491,,5.5169,4.5836,2.98,46,fresh,0,0,0,0,True,False,False,missing,0.0,critical,,,1.0,0,0,1.0,0,1.0,0,,,missing,0.059622,price_history,,3,1.3242,price_history,,-0.195971,,46.4896,-0.177568,-0.018403,late,mid,SEV3,drug_developer,pit_bundle,,,,0,0.5,,,,,0.445633,,163,0.1,0.46034,,,,
TARA,Healthcare,,,D,ineligible,D,ineligible,,0.429178,,,0.71124,1,0.71124,,0,no_upcoming,,tailwind,deep_drawdown,XS,ineligible,,,v1.3.0,34839213,0,fundamental_red_flag|sev3,mid|none|nonpos,0.1,,-0.980032,126,1,-0.505898,-0.591455,3,5,buying,-0.1491,,4.1025,3.358,1.34,46,fresh,0,0,0,0,True,False,False,missing,0.0,critical,,,1.0,0,0,1.0,0,1.0,0,,,missing,0.088232,price_history,,3,0.9251,price_history,,-0.383023,,43.3793,-0.177568,-0.205455,mid,small,SEV3,drug_developer,pit_bundle,,,,0,0.5,,,,,0.411309,,152,0.1,0.429178,,,,
ACIU,AC Immune SA,,,D,ineligible,D,ineligible,,0.018414,,,0.381783,1,0.381783,154,1,specific_days,,headwind,deep_drawdown|deep_drawdown_rel_xbi,XS,ineligible,,,v1.3.0,34839213,0,deep_drawdown,mid|near_91_180|pos,0.1,,0.231469,0,1,0.474181,0.407211,,0,neutral,0.0,,0.0,0.0,0.0,,,0,0,0,0,False,False,True,mid,0.7,adequate,,,1.0,0,0,1.0,0,1.0,0,154,,specific_days,-0.157569,price_history,,,0.9778,price_history,,-0.504,,40.5849,-0.177568,-0.326432,mid,small,NONE,drug_developer,pit_bundle,CTGOV,CLINICAL_CD,sponsor,1,0.5,,,,,0.675,,7,0.1,0.018414,,,,
REPL,"Replimune Group, Inc.",,,D,ineligible,D,ineligible,,0.389518,,,0.672481,1,0.672481,,0,no_upcoming,,headwind,deep_drawdown|deep_drawdown_rel_xbi,XS,ineligible,,,v1.3.0,34839213,0,deep_drawdown,late|none|nonpos,0.1,,-0.820142,372,1,-0.37655,-0.459654,5,8,selling,0.5114,,6.0125,4.9871,1.17,46,fresh,0,0,0,0,True,False,False,missing,0.0,short,,,1.0,0,0,1.0,0,1.0,0,,,missing,-0.08621,price_history,,5,1.278,price_history,,-0.736515,,35.7245,-0.177568,-0.558947,late,small,SEV2,drug_developer,pit_bundle,,,,0,0.5,,,,,0.44611,,138,0.1,0.389518,,,,
DAWN,"Day One Biopharmaceuticals, Inc.",,,D,ineligible,D,ineligible,,0.171388,,,0.571705,1,0.571705,,0,no_upcoming,,tailwind,,XS,ineligible,,,v1.3.0,34839213,0,fundamental_red_flag|sev3,late|none|pos,0.1,,-0.098887,69,1,0.20693,0.134892,5,8,buying,0.5114,,7.8121,6.4121,1.78,46,fresh,0,0,0,0,True,False,False,missing,0.0,critical,,,1.0,0,0,1.0,0,1.0,0,,,missing,0.204986,price_history,,5,1.546,price_history,,-0.020618,,59.1029,-0.177568,0.15695,late,small,SEV3,drug_developer,pit_bundle,,,,0,0.5,,,,,0.603096,,61,0.1,0.171388,,,,
OLMA,"Olema Pharmaceuticals, Inc.",,,D,ineligible,D,ineligible,,0.349858,,,0.579457,1,0.579457,,0,no_upcoming,,headwind,deep_drawdown,XS,ineligible,,,v1.3.0,34839213,0,fundamental_red_flag|sev3,late|none|pos,0.1,,-0.260889,91,1,0.075873,0.00135,6,9,buying,0.8416,,11.2108,10.1854,5.51,34,fresh,0,0,0,0,True,False,False,missing,0.0,critical,,,1.0,0,0,1.0,0,1.0,0,,,missing,-0.282067,price_history,,6,1.3175,price_history,,-0.406651,,41.4224,-0.177568,-0.229083,late,mid,SEV3,drug_developer,pit_bundle,,,,0,0.5,,,,,0.567835,,124,0.1,0.349858,,,,
NMRA,"Neumora Therapeutics, Inc.",,,D,ineligible,D,ineligible,,0.330028,,,0.653101,1,0.653101,,0,no_upcoming,,headwind,deep_drawdown|deep_drawdown_rel_xbi,XS,ineligible,,,v1.3.0,34839213,0,deep_drawdown,late|none|nonpos,0.1,,-0.701653,217,1,-0.280695,-0.361981,5,6,buying,0.5114,,6.7872,6.3226,1.24,46,fresh,0,0,0,0,True,False,False,missing,0.0,short,,,1.0,0,0,1.0,0,1.0,0,,,missing,-0.383389,price_history,,5,0.6516,price_history,,-0.53998,,26.2117,-0.177568,-0.362412,late,small,SEV2,drug_developer,pit_bundle,,,,0,0.5,,,,,0.4719,,117,0.1,0.330028,,,,
NAUT,Healthcare,,,D,ineligible,D,ineligible,,0.32153,,,0.757752,1,0.757752,,0,no_upcoming,,neutral,deep_drawdown|deep_drawdown_rel_xbi,XS,ineligible,,,v1.3.0,34839213,0,fundamental_red_flag|sev3|deep_drawdown,mid|none|nonpos,0.1,,-1.37645,854,1,-0.826592,-0.918231,2,4,buying,-0.4793,,3.2789,2.4405,0.84,34,fresh,0,0,0,0,True,False,False,missing,0.0,critical,,,1.0,0,0,1.0,0,1.0,0,,,missing,-0.003543,price_history,,2,1.4631,price_history,,-0.438053,,49.2754,-0.177568,-0.260485,mid,micro,SEV3,drug_developer,pit_bundle,,,,0,0.5,,,,,0.325026,,114,0.1,0.32153,,,,
KYTX,"Kyverna Therapeutics, Inc.",,,D,ineligible,D,ineligible,,0.279037,,,0.753876,1,0.753876,,0,no_upcoming,,neutral,drawdown_data_missing,XS,ineligible,,,v1.3.0,34839213,0,fundamental_red_flag|sev3,mid|none|nonpos,0.1,,-1.3764,823,1,-0.826551,-0.918189,,0,neutral,0.0,,0.0,0.0,0.0,,,0,0,0,0,False,False,False,missing,0.0,critical,,,1.0,0,0,1.0,0,1.0,0,,,missing,,,series_too_short,,,,series_too_short,,series_too_short,,,,mid,small,SEV3,drug_developer,pit_bundle,,,sponsor|drawdown,2,0.5,,,,,0.325037,,99,0.1,0.279037,,,,
CABA,"Cabaletta Bio, Inc.",,,D,ineligible,D,ineligible,,0.120397,,,0.734496,1,0.734496,,0,no_upcoming,,headwind,deep_drawdown|deep_drawdown_rel_xbi,XS,ineligible,,,v1.3.0,34839213,0,deep_drawdown,mid|none|nonpos,0.1,,-1.365736,450,1,-0.817924,-0.909399,7,7,buying,1.1718,,11.07,11.07,4.35,34,fresh,0,0,0,0,True,False,False,missing,0.0,short,,,1.0,0,0,1.0,0,1.0,0,,,missing,-0.476905,price_history,,7,1.0475,price_history,,-0.580575,,19.2081,-0.177568,-0.403007,mid,small,SEV2,drug_developer,pit_bundle,,,,0,0.5,,,,,0.327358,,43,0.1,0.120397,,,,
ARTV,Healthcare,,,D,ineligible,D,ineligible,,0.072238,,,0.707364,1,0.707364,,0,no_upcoming,,neutral,drawdown_data_missing,XS,ineligible,,,v1.3.0,34839213,0,fundamental_red_flag|sev3,mid|none|nonpos,0.1,,-0.966593,123,1,-0.495026,-0.580377,,0,neutral,0.0,,0.0,0.0,0.0,,,0,0,0,0,False,False,False,missing,0.0,critical,,,1.0,0,0,1.0,0,1.0,0,,,missing,,,series_too_short,,,,series_too_short,,series_too_short,,,,mid,micro,SEV3,drug_developer,pit_bundle,,,sponsor|drawdown,2,0.5,,,,,0.414234,,26,0.1,0.072238,,,,
ABSI,Absci Corporation,,,D,ineligible,D,ineligible,,0.007082,,,0.695736,1,0.695736,,0,no_upcoming,,tailwind,,XS,ineligible,,,v1.3.0,34839213,0,fundamental_red_flag|sev3,late|none|nonpos,0.1,,-0.845917,,1,-0.397402,-0.480901,2,6,buying,-0.4793,,4.5585,2.6939,1.21,46,fresh,0,0,0,0,True,False,False,missing,0.0,critical,,,1.0,0,0,1.0,0,1.0,0,,,missing,0.127187,price_history,,2,1.5023,price_history,,-0.280182,,44.2102,-0.177568,-0.102614,late,small,SEV3,drug_developer,pit_bundle,,,,0,0.5,,,,,0.4405,,3,0.1,0.007082,,,,
ABCL,AbCellera Biologics Inc.,,,D,ineligible,D,ineligible,,0.001416,,,0.69186,1,0.69186,,0,no_upcoming,,headwind,deep_drawdown|deep_drawdown_rel_xbi,XS,ineligible,,,v1.3.0,34839213,0,deep_drawdown,late|none|nonpos,0.1,,-0.845917,,1,-0.397402,-0.480901,3,7,buying,-0.1491,,6.1593,4.761,1.49,46,fresh,0,0,0,0,True,False,False,missing,0.0,short,,,1.0,0,0,1.0,0,1.0,0,,,missing,-0.207272,price_history,,3,1.0041,price_history,,-0.524528,,36.1004,-0.177568,-0.34696,late,small,SEV2,drug_developer,pit_bundle,,,,0,0.5,,,,,0.4405,,1,0.1,0.001416,,,,
QSI,Quantum-Si Incorporated,,,D,ineligible,,,D,0.550992,,,,,,580,1,specific_days,,tailwind,deep_drawdown|deep_drawdown_rel_xbi,XS,ineligible,,,v1.3.0,34839213,0,fundamental_red_flag|sev3|deep_drawdown,late|far_271_540|pos,0.0961064745762712,,0.762122,0,1,1.299083,1.369672,,0,neutral,0.0,,0.0,0.0,0.0,,,0,0,0,0,False,False,True,far,0.3,critical,,,1.0,0,0,1.0,0,1.0,0,580,,specific_days,0.127608,price_history,,,1.7961,price_history,,-0.586118,,43.8592,-0.177568,-0.40855,late,micro,SEV3,platform_devices,pit_bundle,CTGOV,CLINICAL_PCD,sponsor,1,0.5,,,,,0.7905,,195,0.0961064745762712,0.550992,,,,
GH,"Guardant Health, Inc.",,,D,ineligible,,,D,0.573654,,,,,,1,1,specific_days,,headwind,deep_drawdown|deep_drawdown_rel_xbi,XS,ineligible,,,v1.3.0,34839213,0,deep_drawdown,late|near_0_30|pos,0.09254273684210526,,0.762122,0,1,1.299083,1.322157,3,7,selling,-0.1491,,5.378,4.1647,4.52,46,fresh,0,0,0,0,True,False,True,near,1.0,adequate,,,1.0,0,0,1.0,0,1.0,0,1,,specific_days,-0.165571,price_history,,3,0.6106,price_history,,-0.549662,,49.9098,-0.177568,-0.372094,late,large,NONE,platform_diagnostics,pit_bundle,CTGOV,CLINICAL_CD,,0,0.5,,,,,0.7905,,203,0.09254273684210526,0.573654,,,,
NVCR,NovoCure Limited,,,D,ineligible,,,D,0.34136,,,,,,223,1,specific_days,,headwind,deep_drawdown|deep_drawdown_rel_xbi,XS,ineligible,,,v1.3.0,34839213,0,deep_drawdown,late|near_181_270|pos,0.1,,0.762122,0,1,1.299083,1.369672,1,5,buying,-0.8095,,2.493,0.8151,0.76,45,fresh,0,0,0,0,True,False,True,far,0.3,adequate,,,1.0,0,0,1.0,0,1.0,0,223,,specific_days,-0.082402,price_history,,1,1.3002,price_history,,-0.851654,,40.0371,-0.177568,-0.674086,late,small,NONE,platform_devices,pit_bundle,CTGOV,CLINICAL_CD,,0,0.5,,,,,0.7905,,121,0.1,0.34136,,,,
OPK,"Opko Health, Inc.",,,D,ineligible,,,D,0.358357,,,,,,,0,no_upcoming,,tailwind,deep_drawdown|deep_drawdown_rel_xbi,XS,ineligible,,,v1.3.0,34839213,0,deep_drawdown,late|none|pos,0.1,,0.762122,0,1,1.299083,1.322157,1,3,selling,-0.8095,,1.3378,0.7778,0.0,46,fresh,0,0,0,0,True,False,False,missing,0.0,adequate,,,1.0,0,0,1.0,0,1.0,0,,,missing,0.239863,price_history,,1,0.5216,price_history,,-0.437788,,52.208,-0.177568,-0.26022,late,small,NONE,platform_diagnostics,pit_bundle,,,,0,0.5,,,,,0.7905,,127,0.1,0.358357,,,,
CERS,Healthcare,,,D,ineligible,,,D,0.128895,,,,,,,0,no_upcoming,,headwind,deep_drawdown|deep_drawdown_rel_xbi,XS,ineligible,,,v1.3.0,34839213,0,deep_drawdown,late|none|pos,0.1,,0.762122,0,1,1.299083,1.369672,1,4,buying,-0.8095,,2.3813,1.0763,0.48,46,fresh,0,0,0,0,True,False,False,missing,0.0,adequate,,,1.0,0,0,1.0,0,1.0,0,,,missing,-0.103022,price_history,,1,1.0653,price_history,,-0.456026,,41.2375,-0.177568,-0.278458,late,small,NONE,platform_devices,pit_bundle,,,,0,0.5,,,,,0.7905,,46,0.1,0.128895,,,,
GRFS,"Grifols, S.A.",,,D,ineligible,,,D,0.576487,,,,,,27,1,specific_days,,headwind,deep_drawdown|deep_drawdown_rel_xbi,XS,ineligible,,,v1.3.0,34839213,0,deep_drawdown,late|near_0_30|pos,0.09254273684210526,,0.762122,0,1,0.605509,0.70161,0,1,buying,-1.1397,,0.4667,0.0,0.0,46,fresh,0,0,0,0,True,False,True,near,1.0,adequate,,,1.0,0,0,1.0,0,1.0,0,27,,specific_days,-0.18498,price_history,,0,0.7604,price_history,,-0.443772,,45.3585,-0.177568,-0.266204,late,mid,NONE,commercial_pharma,pit_bundle,CTGOV,CLINICAL_PCD,,0,0.5,,,,,0.7905,,204,0.09254273684210526,0.576487,,,,
IRWD,"Ironwood Pharmaceuticals, Inc.",,,D,ineligible,,,D,0.253541,,,,,,,0,no_upcoming,,headwind,deep_drawdown|deep_drawdown_rel_xbi,XS,ineligible,,,v1.3.0,34839213,0,deep_drawdown,late|none|pos,0.1,,0.762122,0,1,0.605509,0.70161,3,7,buying,-0.1491,,4.6438,3.1525,1.65,46,fresh,0,0,0,0,True,False,False,missing,0.0,adequate,,,1.0,0,0,1.0,0,1.0,0,,,missing,-0.439496,price_history,,3,0.7699,price_history,,-0.498382,,36.6121,-0.177568,-0.320814,late,small,NONE,commercial_pharma,pit_bundle,,,,0,0.5,,,,,0.7905,,90,0.1,0.253541,,,,
EBS,Emergent BioSolutions Inc.,,,D,ineligible,,,D,0.18272,,,,,,,0,no_upcoming,,tailwind,high_vol|deep_drawdown|deep_drawdown_rel_xbi,XS,ineligible,,,v1.3.0,34839213,0,deep_drawdown,late|none|pos,0.1,,0.762122,0,1,0.605509,0.70161,0,3,selling,-1.1397,,1.0246,0.0,0.0,46,fresh,0,0,0,0,True,False,False,missing,0.0,adequate,,,1.0,0,0,1.0,0,1.0,0,,,missing,0.225312,price_history,,0,1.7021,price_history,,-0.826087,,38.726,-0.177568,-0.648519,late,small,NONE,commercial_pharma,pit_bundle,,,,0,0.5,,,,,0.7905,,65,0.1,0.18272,,,,
MRNA,"Moderna, Inc.",,,D,ineligible,,,D,0.545326,,,,,,757,1,specific_days,,tailwind,,XS,ineligible,,,v1.3.0,34839213,0,fundamental_red_flag|sev3,late|far_271_540|pos,0.0961064745762712,,0.762122,0,1,0.354195,0.447691,2,4,neutral,-0.4793,,2.8247,2.0781,0.7,46,fresh,0,0,0,0,True,False,True,far,0.3,critical,,,1.0,0,0,1.0,0,1.0,0,757,,specific_days,0.153361,price_history,,2,0.5771,price_history,,-0.199201,,58.416,-0.177568,-0.021633,late,large,SEV3,commercial_biotech,pit_bundle,CTGOV,CLINICAL_PCD,,0,0.5,,,,,0.7905,,193,0.0961064745762712,0.545326,,,,
ARWR,"Arrowhead Pharmaceuticals, Inc.",,,D,ineligible,,,D,0.505666,,,,,,305,1,specific_days,,headwind,deep_drawdown|deep_drawdown_rel_xbi,XS,ineligible,,,v1.3.0,34839213,0,deep_drawdown,late|far_271_540|pos,0.0961064745762712,,0.762122,0,1,0.354195,0.447691,3,5,selling,-0.1491,,2.5116,1.7662,0.8,46,fresh,0,0,0,0,True,False,True,far,0.3,adequate,,,1.0,0,0,1.0,0,1.0,0,305,,specific_days,-0.242403,price_history,,3,1.3087,price_history,,-0.453359,,37.3629,-0.177568,-0.275791,late,mid,NONE,commercial_biotech,pit_bundle,CTGOV,CLINICAL_PCD,,0,0.5,,,,,0.7905,,179,0.0961064745762712,0.505666,,,,
BCRX,"BioCryst Pharmaceuticals, Inc.",,,D,ineligible,,,D,0.100567,,,,,,,0,no_upcoming,,headwind,deep_drawdown|deep_drawdown_rel_xbi,XS,ineligible,,,v1.3.0,34839213,0,fundamental_red_flag|sev3|deep_drawdown,late|none|pos,0.1,,0.762122,0,1,0.605509,0.70161,4,8,buying,0.1812,,5.0408,3.3629,0.69,46,fresh,0,0,0,0,True,False,False,missing,0.0,critical,,,1.0,0,0,1.0,0,1.0,0,,,missing,-0.13842,price_history,,4,1.2759,price_history,,-0.531215,,32.0719,-0.177568,-0.353647,late,small,SEV3,commercial_pharma,pit_bundle,,,,0,0.5,,,,,0.7905,,36,0.1,0.100567,,,,
AMLX,"Amylyx Pharmaceuticals, Inc.",,,D,ineligible,,,D,0.041076,,,,,,,0,no_upcoming,,headwind,high_vol|deep_drawdown|deep_drawdown_rel_xbi,XS,ineligible,,,v1.3.0,34839213,0,deep_drawdown,late|none|pos,0.1,,0.762122,0,1,0.605509,0.70161,7,12,selling,1.1718,,7.2829,5.7909,2.42,34,fresh,0,0,0,0,True,False,False,missing,0.0,adequate,,,1.0,0,0,1.0,0,1.0,0,,,missing,-0.833721,price_history,,7,1.3544,price_history,,-0.939867,,22.8089,-0.177568,-0.762299,late,small,NONE,commercial_pharma,pit_bundle,,,,0,0.5,,,,,0.7905,,15,0.1,0.041076,,,,
AQST,"Aquestive Therapeutics, Inc.",,,D,ineligible,,,D,0.063739,,,,,,,0,no_upcoming,,tailwind,deep_drawdown|deep_drawdown_rel_xbi,XS,ineligible,,,v1.3.0,34839213,0,deep_drawdown,late|none|pos,0.1,,0.762122,0,1,0.605509,0.70161,0,2,neutral,-1.1397,,0.7446,0.0,0.0,46,fresh,0,0,0,0,True,False,False,missing,0.0,adequate,,,1.0,0,0,1.0,0,1.0,0,,,missing,0.317361,price_history,,0,1.045,price_history,,-0.448276,,37.5337,-0.177568,-0.270708,late,small,NONE,commercial_pharma,pit_bundle,,,,0,0.5,,,,,0.7905,,23,0.1,0.063739,,,,
TGTX,"TG Therapeutics, Inc.",,,D,ineligible,,,D,0.443343,,,,,,,0,no_upcoming,,headwind,deep_drawdown|deep_drawdown_rel_xbi,XS,ineligible,,,v1.3.0,34839213,0,deep_drawdown,late|none|pos,0.1,,0.762122,0,1,0.354195,0.447691,3,7,buying,-0.1491,,6.8562,4.9917,10.06,46,fresh,0,0,0,0,True,False,False,missing,0.0,adequate,,,1.0,0,0,1.0,0,1.0,0,,,missing,-0.146537,price_history,,3,0.619,price_history,,-0.609714,,39.4818,-0.177568,-0.432146,late,mid,NONE,commercial_biotech,pit_bundle,,,,0,0.5,,,,,0.7905,,157,0.1,0.443343,,,,
PTCT,"PTC Therapeutics, Inc.",,,D,ineligible,,,D,0.375354,,,,,,,0,no_upcoming,,tailwind,deep_drawdown|deep_drawdown_rel_xbi,XS,ineligible,,,v1.3.0,34839213,0,deep_drawdown,late|none|pos,0.1,,0.762122,0,1,0.354195,0.447691,3,7,buying,-0.1491,,7.8388,5.9742,3.2,46,fresh,0,0,0,0,True,False,False,missing,0.0,adequate,,,1.0,0,0,1.0,0,1.0,0,,,missing,0.324782,price_history,,3,1.2598,price_history,,-0.456007,,69.2611,-0.177568,-0.278439,late,mid,NONE,commercial_biotech,pit_bundle,,,,0,0.5,,,,,0.7905,,133,0.1,0.375354,,,,
NVAX,"Novavax, Inc.",,,D,ineligible,,,D,0.338527,,,,,,,0,no_upcoming,,tailwind,deep_drawdown|deep_drawdown_rel_xbi,XS,ineligible,,,v1.3.0,34839213,0,deep_drawdown,late|none|pos,0.1,,0.762122,0,1,0.354195,0.447691,2,4,selling,-0.4793,,1.8461,1.2861,0.11,34,fresh,0,0,0,0,True,False,False,missing,0.0,adequate,,,1.0,0,0,1.0,0,1.0,0,,,missing,0.16067,price_history,,2,1.5464,price_history,,-0.555441,,50.2509,-0.177568,-0.377873,late,small,SEV1,commercial_biotech,pit_bundle,,,,0,0.5,,,,,0.7905,,120,0.1,0.338527,,,,
LEGN,Legend Biotech Corporation,,,D,ineligible,,,D,0.950425,,,,,,154,1,specific_days,,headwind,deep_drawdown|deep_drawdown_rel_xbi,XS,ineligible,,,v1.3.0,34839213,0,deep_drawdown,mid|near_91_180|nonpos,0.0646411489361702,,0.231469,0,1,-0.184872,-0.407927,5,8,selling,0.5114,,8.1548,7.0365,5.89,46,fresh,0,0,0,0,True,False,True,mid,0.7,adequate,,,1.0,0,0,1.0,0,1.0,0,154,,specific_days,-0.191694,price_history,,5,0.6269,price_history,,-0.428235,,23.8624,-0.177568,-0.250667,mid,mid,NONE,commercial_biotech,pit_bundle,CTGOV,CLINICAL_CD,,0,0.5,,,,,0.675,,336,0.0646411489361702,0.950425,,,,
CATX,"Perspective Therapeutics, Inc.",,,D,ineligible,,,D,0.970255,,,,,,,0,no_upcoming,,tailwind,,XS,ineligible,,,v1.3.0,34839213,0,fundamental_red_flag|sev3,early|none|pos,0.023322922839506172,,-0.299184,0,1,0.652449,0.727498,,0,neutral,0.0,,0.0,0.0,0.0,,,0,0,0,0,False,False,False,missing,0.0,critical,,,1.0,0,0,1.0,0,1.0,0,,,missing,0.982495,price_history,,,0.1582,price_history,,-0.011765,,65.7127,-0.177568,0.165803,early,micro,SEV3,platform_devices,pit_bundle,,,sponsor,1,0.5,,,,,0.5595,,343,0.023322922839506172,0.970255,,,,
TKNO,"Alpha Teknova, Inc.",,,D,ineligible,,,D,0.922096,,,,,,,0,no_upcoming,,headwind,deep_drawdown|deep_drawdown_rel_xbi,XS,ineligible,,,v1.3.0,34839213,0,fundamental_red_flag|sev3|deep_drawdown,early|none|nonpos,0.06969944897959185,,,,,-2.032986,-1.708047,,0,neutral,0.0,,0.0,0.0,0.0,,,0,0,0,0,False,False,False,missing,0.0,critical,,,1.0,0,0,1.0,0,1.0,0,,,missing,-0.458684,price_history,,,0.2201,price_history,,-0.552764,,32.101,-0.177568,-0.375196,early,micro,SEV3,commercial_pharma,pit_bundle,,,sponsor,1,0.5,,,,,0.0,,326,0.06969944897959185,0.922096,,,,
STVN,Stevanato Group S.p.A.,,,D,ineligible,,,D,0.907932,,,,,,,0,no_upcoming,,headwind,,XS,ineligible,,,v1.3.0,34839213,0,fundamental_red_flag|sev3,early|none|nonpos,0.06969944897959185,,,,,-0.913747,-0.827898,0,2,selling,-1.1397,,0.56,0.0,0.0,46,fresh,0,0,0,0,True,False,False,missing,0.0,critical,,,1.0,0,0,1.0,0,1.0,0,,,missing,-0.156758,price_history,,0,-0.129,price_history,,-0.209918,,44.5962,-0.177568,-0.03235,early,mid,SEV3,platform_devices,pit_bundle,,,,0,0.5,,,,,0.0,,321,0.06969944897959185,0.907932,,,,
SERA,Healthcare,,,D,ineligible,,,D,0.896601,,,,,,,0,no_upcoming,,tailwind,overbought_rsi,XS,ineligible,,,v1.3.0,34839213,0,fundamental_red_flag|sev3,early|none|nonpos,0.06969944897959185,,-2.180589,,1,-0.493855,-0.410902,1,1,buying,-0.8095,,0.9459,0.9459,0.37,46,fresh,0,0,0,0,True,False,False,missing,0.0,critical,,,1.0,0,0,1.0,0,1.0,0,,,missing,0.559895,price_history,,1,0.8872,price_history,,0.0,,70.1011,-0.177568,0.177568,early,micro,SEV3,platform_devices,pit_bundle,,,,0,0.5,,,,,0.15,,317,0.06969944897959185,0.896601,,,,
QTRX,Quanterix Corporation,,,D,ineligible,,,D,0.876771,,,,,,,0,no_upcoming,,headwind,deep_drawdown|deep_drawdown_rel_xbi,XS,ineligible,,,v1.3.0,34839213,0,deep_drawdown,early|none|nonpos,0.06969944897959185,,,,,-0.913747,-0.827898,0,4,buying,-1.1397,,1.6779,0.0,0.0,46,fresh,0,0,0,0,True,False,False,missing,0.0,short,,,1.0,0,0,1.0,0,1.0,0,,,missing,-0.273672,price_history,,0,0.7482,price_history,,-0.437544,,28.4723,-0.177568,-0.259976,early,small,SEV2,platform_devices,pit_bundle,,,,0,0.5,,,,,0.0,,310,0.06969944897959185,0.876771,,,,
PRVA,"Privia Health Group, Inc.",,,D,ineligible,,,D,0.868272,,,,,,,0,no_upcoming,,headwind,deep_drawdown,XS,ineligible,,,v1.3.0,34839213,0,fundamental_red_flag|sev3,early|none|nonpos,0.06969944897959185,,,,,-0.913747,-1.142145,2,3,selling,-0.4793,,2.32,1.8533,1.08,46,fresh,0,0,0,0,True,False,False,missing,0.0,critical,,,1.0,0,0,1.0,0,1.0,0,,,missing,-0.076492,price_history,,2,0.8978,price_history,,-0.385232,,46.2283,-0.177568,-0.207664,early,mid,SEV3,platform_services,pit_bundle,,,,0,0.5,,,,,0.0,,307,0.06969944897959185,0.868272,,,,
PCRX,"Pacira BioSciences, Inc.",,,D,ineligible,,,D,0.859773,,,,,,,0,no_upcoming,,headwind,deep_drawdown|deep_drawdown_rel_xbi,XS,ineligible,,,v1.3.0,34839213,0,deep_drawdown,early|none|nonpos,0.06969944897959185,,-2.180589,,1,-1.532323,-1.250807,1,3,buying,-0.8095,,2.0964,1.1652,0.88,46,fresh,0,0,0,0,True,False,False,missing,0.0,adequate,,,1.0,0,0,1.0,0,1.0,0,,,missing,-0.118652,price_history,,1,0.4242,price_history,,-0.436695,,40.7374,-0.177568,-0.259127,early,small,NONE,commercial_pharma,pit_bundle,,,,0,0.5,,,,,0.15,,304,0.06969944897959185,0.859773,,,,
PACB,Pacific Biosciences of Californ,,,D,ineligible,,,D,0.854108,,,,,,,0,no_upcoming,,headwind,high_vol|deep_drawdown|deep_drawdown_rel_xbi,XS,ineligible,,,v1.3.0,34839213,0,deep_drawdown,early|none|nonpos,0.06969944897959185,,,,,-0.913747,-0.827898,2,4,neutral,-0.4793,,4.4693,3.9093,2.29,46,fresh,0,0,0,0,True,False,False,missing,0.0,short,,,1.0,0,0,1.0,0,1.0,0,,,missing,-0.693647,price_history,,2,1.6257,price_history,,-0.882562,,28.9009,-0.177568,-0.704994,early,small,SEV2,platform_devices,pit_bundle,,,,0,0.5,,,,,0.0,,302,0.06969944897959185,0.854108,,,,
APLS,"Apellis Pharmaceuticals, Inc.",,,D,ineligible,,,D,0.060907,,,,,,,0,no_upcoming,,headwind,deep_drawdown|deep_drawdown_rel_xbi,XS,ineligible,,,v1.3.0,34839213,0,deep_drawdown,late|none|pos,0.1,,0.762122,0,1,0.354195,0.447691,9,11,buying,1.8322,,19.51,18.5767,17.37,46,fresh,0,0,0,0,True,False,False,missing,0.0,adequate,,,1.0,0,0,1.0,0,1.0,0,,,missing,-0.27189,price_history,,9,0.5711,price_history,,-0.526417,,30.5431,-0.177568,-0.348849,late,mid,NONE,commercial_biotech,pit_bundle,,,,0,0.5,,,,,0.7905,,22,0.1,0.060907,,,,
HROW,"Harrow, Inc.",,,D,ineligible,,,D,0.780453,,,,,,,0,no_upcoming,,tailwind,deep_drawdown|deep_drawdown_rel_xbi,XS,ineligible,,,v1.3.0,34839213,0,deep_drawdown,early|none|nonpos,0.06969944897959185,,-2.180589,,1,-1.532323,-1.250807,1,3,selling,-0.8095,,2.4254,1.8667,11.38,46,fresh,0,0,0,0,True,False,False,missing,0.0,adequate,,,1.0,0,0,1.0,0,1.0,0,,,missing,0.10675,price_history,,1,0.8067,price_history,,-0.637108,,36.7626,-0.177568,-0.45954,early,small,NONE,commercial_pharma,pit_bundle,,,,0,0.5,,,,,0.15,,276,0.06969944897959185,0.780453,,,,
ACAD,ACADIA Pharmaceuticals Inc.,,,D,ineligible,,,D,0.015581,,,,,,,0,no_upcoming,,headwind,deep_drawdown|deep_drawdown_rel_xbi,XS,ineligible,,,v1.3.0,34839213,0,deep_drawdown,late|none|pos,0.1,,0.762122,0,1,0.354195,0.447691,9,13,buying,1.8322,,17.7062,16.3074,15.27,34,fresh,0,0,0,0,True,False,False,missing,0.0,adequate,,,1.0,0,0,1.0,0,1.0,0,,,missing,-0.313697,price_history,,9,0.6714,price_history,,-0.500747,,35.8987,-0.177568,-0.323179,late,mid,NONE,commercial_biotech,pit_bundle,,,,0,0.5,,,,,0.7905,,6,0.1,0.015581,,,,
FLGT,"Fulgent Genetics, Inc.",,,D,ineligible,,,D,0.760623,,,,,,,0,no_upcoming,,headwind,deep_drawdown|deep_drawdown_rel_xbi,XS,ineligible,,,v1.3.0,34839213,0,deep_drawdown,early|none|nonpos,0.06969944897959185,,,,,-0.913747,-0.923957,1,4,buying,-0.8095,,1.8965,0.7778,0.01,46,fresh,0,0,0,0,True,False,False,missing,0.0,adequate,,,1.0,0,0,1.0,0,1.0,0,,,missing,-0.145447,price_history,,1,0.7614,price_history,,-0.501348,,40.218,-0.177568,-0.32378,early,small,NONE,platform_diagnostics,pit_bundle,,,,0,0.5,,,,,0.0,,269,0.06969944897959185,0.760623,,,,
CTKB,"Cytek Biosciences, Inc.",,,D,ineligible,,,D,0.735127,,,,,,,0,no_upcoming,,headwind,deep_drawdown|deep_drawdown_rel_xbi,XS,ineligible,,,v1.3.0,34839213,0,deep_drawdown,early|none|nonpos,0.06969944897959185,,,,,-0.913747,-0.827898,1,2,buying,-0.8095,,1.9987,1.532,0.97,46,fresh,0,0,0,0,True,False,False,missing,0.0,adequate,,,1.0,0,0,1.0,0,1.0,0,,,missing,-0.187023,price_history,,1,1.3205,price_history,,-0.498749,,42.8465,-0.177568,-0.321181,early,small,NONE,platform_devices,pit_bundle,,,,0,0.5,,,,,0.0,,260,0.06969944897959185,0.735127,,,,
TXG,"10x Genomics, Inc.",,,D,ineligible,,,D,0.451841,,,,,,,0,no_upcoming,,headwind,deep_drawdown|deep_drawdown_rel_xbi,XS,ineligible,,,v1.3.0,34839213,0,deep_drawdown,late|none|pos,0.1,,-0.845853,909,1,0.319374,0.102296,2,5,buying,-0.4793,,3.8017,2.5884,1.35,46,fresh,0,0,0,0,True,False,False,missing,0.0,adequate,,,1.0,0,0,1.0,0,1.0,0,,,missing,-0.297617,price_history,,2,0.8094,price_history,,-0.53509,,35.2951,-0.177568,-0.357522,late,mid,NONE,platform_services,pit_bundle,,,,0,0.5,,,,,0.440514,,160,0.1,0.451841,,,,
BMEA,Healthcare,,,D,ineligible,,,D,0.114731,,,,,,,0,no_upcoming,,headwind,deep_drawdown|deep_drawdown_rel_xbi,XS,ineligible,,,v1.3.0,34839213,0,deep_drawdown,mid|none|nonpos,0.1,,-1.20614,202,1,-1.645278,-2.725913,4,7,buying,0.1812,,5.3062,4.0928,2.48,46,fresh,0,0,0,0,True,False,False,missing,0.0,short,,,1.0,0,0,1.0,0,1.0,0,,,missing,-0.356901,price_history,,4,1.618,price_history,,-0.743062,,33.5686,-0.177568,-0.565494,mid,micro,SEV2,commercial_biotech,pit_bundle,,,,0,0.5,,,,,0.362095,,41,0.1,0.114731,,,,
