ticker,company_name,actionable_rank,target_weight_pct,tier_any,tier_any_reason,tier_dev,tier_reason,tier_commercial,alpha_cohort_pct,commercial_quality_pct,has_commercial_quality,clinical_optionality_pct_dev,has_clinical_optionality_dev,clinical_rank_pct_dev,catalyst_days,catalyst_in_window,catalyst_mode,cat_priority,mom_state,risk_flags,size_band,size_reasons,top_3_drivers,catalyst_reason_detail,decision_engine_version,decision_engine_ruleset_id,eligible,ineligible_reasons,fundamental_red_flag,fundamental_red_flag_reasons,fundamental_red_flag_inputs,alpha_cohort_key,alpha_cohort_raw,commercial_quality,clinical_alpha_z,clinical_readout_days,clinical_coverage_flag,clinical_score_z,clinical_score_z_tier,sponsor_tier1_count,sponsor_overlap_count,sponsor_net_buying,coinvest_score_z,coinvest_tag,coinvest_conviction,coinvest_tier1_conviction,coinvest_max_position_pct,coinvest_filing_age_days,coinvest_recency_state,inst_delta_z,inst_delta_net,inst_delta_new,inst_delta_exit,has_coinvest_signal,has_inst_delta,has_catalyst_signal,catalyst_strength,catalyst_decay_w,runway_bucket,cost_bucket,est_cost_bps,cost_mult,cost_haircut_applied,dd_rel_margin_rescued,catalyst_tilt_mult,catalyst_tilt_applied,mom_state_tilt_mult,mom_state_tilt_applied,de_catalyst_days,de_catalyst_in_window,de_catalyst_mode,de_alpha_60d,de_alpha_60d_source,de_alpha_60d_missing_reason,de_tier1_count,de_beta_xbi_60d,de_beta_xbi_60d_source,de_beta_xbi_60d_missing_reason,de_drawdown,de_drawdown_missing_reason,de_rsi_14d,de_vol_60d,de_drawdown_xbi,de_drawdown_rel_xbi,stage_bucket,market_cap_bucket,severity,archetype,returns_source,catalyst_source,catalyst_event_type,missing_components,missingness_penalty,confidence_overall,momentum_score,catalyst_score,smart_money_score,valuation_score,clinical_score,financial_score,clinical_score_v2,clinical_score_v2_z,lead_program_phase,lead_program_readout_days,program_count,program_diversification,readout_curve_score,readout_density_90,late_stage_readouts_180,execution_momentum,design_quality_score,endpoint_strength_score,therapeutic_area,competitive_intensity_z,crowding_level,sizing_multiplier_clinical,composite_rank,composite_score,score_rank_pct,score_z,composite_score_attn,score_rank_pct_attn,score_z_attn
ABSI,Absci Corporation,1,0.43,B,high_opt+no_catalyst_data,B,high_opt+no_catalyst_data,,0.506303,,0,0.699074,1,0.300926,,0,no_upcoming,9,neutral,drawdown_data_missing,M,sponsor_confirmed|cost_haircut_<=2000bps,clinical_score:-20.2;smart_money_score:+17.4;financial_score:+9.7,tier=B;reason=high_opt+no_catalyst_data;cat_days=NA;strength=missing;decay_w=0.0,v1.3.0,31f399e0,1,,0,,"{""burn_ttm"": 63743000.0, ""cash_total"": 152475000.0, ""dilution_risk"": null, ""has_revenue"": null, ""lead_phase"": null, ""runway_months"": 28.70432831840359, ""stage_bucket"": ""late"", ""surv_score"": ""5.0"", ""tier1_count"": 3}",late|none|pos,0.07400345454545454,,-0.285,,0,-0.6669,1.3531,3,3,buying,0.0816,elite_3,0.0,0.0,0.0,,,0.0,0,0,0,True,False,True,missing,0.0,adequate,<=2000bps,1036.19,0.7,1,0,1.0,0,1.0,0,,False,no_upcoming,,,beta_missing:series_too_short,3,,,series_too_short,,no_price_series,,0.9218,-0.096128,,late,small,none,drug_developer,morningstar,,,drawdown,1,0.8089663629992992291520672740,50,41.25000000000000000000000000,66.5,67.82,28.84000528471396485665213370,58.73913043478260869565217392,28.8612,-0.6424,3.0,,6,1.0,0.4531,0,1,0.0,0.4,0.95,oncology,0.7369,highly_crowded,1.0,121,0.07400345454545454,0.493697,-0.0158,20.20,0.388655,-0.2828
VERA,"Vera Therapeutics, Inc.",2,0.86,B,high_opt+no_catalyst_data,B,high_opt+no_catalyst_data,,0.468487,,0,0.634259,1,0.365741,,0,no_upcoming,9,neutral,drawdown_data_missing,L,sponsor_confirmed,smart_money_score:+17.1;financial_score:+16.1;clinical_score:-15.5,tier=B;reason=high_opt+no_catalyst_data;cat_days=NA;strength=missing;decay_w=0.0,v1.3.0,31f399e0,1,,0,,"{""burn_ttm"": 171110000.0, ""cash_total"": 497389000.0, ""dilution_risk"": null, ""has_revenue"": null, ""lead_phase"": null, ""runway_months"": 34.88205248086027, ""stage_bucket"": ""mid"", ""surv_score"": ""4.0"", ""tier1_count"": 5}",mid|none|pos,0.1,,-0.7621,531,1,-0.2495,2.3831,5,5,buying,0.8913,elite_5,0.0,0.0,0.0,,,0.0,0,0,0,True,False,True,missing,0.0,adequate,<=1000bps,439.3,0.85,1,0,1.0,0,1.0,0,,False,no_upcoming,,,beta_missing:series_too_short,5,,,series_too_short,,no_price_series,,0.7858,-0.096128,,mid,mid,none,drug_developer,morningstar,,,drawdown,1,0.7463214247853281034665535885,50,41.25000000000000000000000000,71.5,50,38.91806247170665459483929379,70.55319148936170212765957446,37.808,-0.262,2.0,531,1,0.0,0.012,0,0,0.0,0.4,0.55,infectious_disease,0.7369,highly_crowded,1.0,112,0.1,0.531513,0.0791,33.46,0.64916,0.3831
VIR,"Vir Biotechnology, Inc.",3,0.86,B,high_opt+no_catalyst_data,B,high_opt+no_catalyst_data,,0.741597,,0,0.708333,1,0.291667,,0,no_upcoming,9,neutral,,L,sponsor_confirmed,smart_money_score:+17.0;clinical_score:-17.0;momentum_score:+5.0,tier=B;reason=high_opt+no_catalyst_data;cat_days=NA;strength=missing;decay_w=0.0,v1.3.0,31f399e0,1,,0,,"{""burn_ttm"": 391781000.0, ""cash_total"": 460938000.0, ""dilution_risk"": null, ""has_revenue"": null, ""lead_phase"": null, ""runway_months"": 14.118234421781557, ""stage_bucket"": ""late"", ""surv_score"": ""2.0"", ""tier1_count"": 2}",late|none|pos,0.07400345454545454,,0.8211,6,1,-0.74,1.1727,2,2,buying,-0.3232,elite_2,0.0,0.0,0.0,,,0.0,0,0,0,True,False,True,missing,0.0,adequate,<=1000bps,599.02,0.85,1,0,1.0,0,1.0,0,,False,no_upcoming,0.173966,price_history,,2,0.7645,price_history,,-0.308306,,35.5006,0.7493,-0.096128,-0.212178,late,small,sev1,drug_developer,morningstar,,,,0,0.8609482288510836634817058961,48.99,41.25000000000000000000000000,61.0,42.08,27.07491082045184304399524376,41.86725477840789750052509976,26.8008,-0.73,3.0,586,4,1.0,0.2928,1,0,0.0,0.4,0.55,infectious_disease,0.7369,highly_crowded,1.0,177,0.07400345454545454,0.258403,-0.6483,23.43,0.481092,-0.0474
AURA,"Aura Biosciences, Inc.",4,0.17,B,high_opt+no_catalyst_data,B,high_opt+no_catalyst_data,,0.039916,,0,0.680556,1,0.319444,,0,no_upcoming,9,neutral,drawdown_data_missing,S,sponsor_confirmed|runway_short|cost_haircut_>2000bps,financial_score:-18.1;smart_money_score:+12.7;momentum_score:+10.7,tier=B;reason=high_opt+no_catalyst_data;cat_days=NA;strength=missing;decay_w=0.0,v1.3.0,31f399e0,1,,0,,"{""burn_ttm"": 64273000.0, ""cash_total"": 47553000.0, ""dilution_risk"": null, ""has_revenue"": null, ""lead_phase"": null, ""runway_months"": 8.878315933595756, ""stage_bucket"": ""mid"", ""surv_score"": ""-2.0"", ""tier1_count"": 2}",mid|none|pos,0.1,,-0.5534,151,1,-0.5367,1.6743,2,2,selling,-0.3232,elite_2,0.0,0.0,0.0,,,0.0,0,0,0,True,False,True,missing,0.0,short,>2000bps,2020.0,0.55,1,0,1.0,0,1.0,0,,False,no_upcoming,,,beta_missing:series_too_short,2,,,series_too_short,,no_price_series,,0.5411,-0.096128,,mid,small,sev2,drug_developer,morningstar,,,drawdown,1,0.8033395525727069351230425056,50,41.25000000000000000000000000,52.0,62.90,31.98279764599366229062924399,21.22881142799657964891102056,30.4669,-0.5741,2.0,1333,3,0.6667,0.071,0,0,0.0,0.3,0.55,ophthalmology,0.7369,highly_crowded,1.0,10,0.1,0.960084,1.7517,10.08,0.065126,-1.5131
CLDX,"Celldex Therapeutics, Inc.",5,0.86,B,high_opt+no_catalyst_data,B,high_opt+no_catalyst_data,,0.581933,,0,0.717593,1,0.282407,,0,no_upcoming,9,tailwind,,L,sponsor_confirmed|momentum_tailwind,momentum_score:+35.7;clinical_score:-34.7;catalyst_score:-19.6,tier=B;reason=high_opt+no_catalyst_data;cat_days=NA;strength=missing;decay_w=0.0,v1.3.0,31f399e0,1,,0,,"{""burn_ttm"": 210945000.0, ""cash_total"": 518573000.0, ""dilution_risk"": null, ""has_revenue"": null, ""lead_phase"": null, ""runway_months"": 29.49999288914172, ""stage_bucket"": ""late"", ""surv_score"": ""5.0"", ""tier1_count"": 4}",late|none|pos,0.07400345454545454,,0.8966,0,1,-0.7761,1.0835,4,4,buying,0.4865,elite_4,0.0,0.0,0.0,,,0.0,0,0,0,True,False,True,missing,0.0,adequate,<=1000bps,652.37,0.85,1,0,1.0,0,1.0,0,,False,no_upcoming,2.877759,price_history,,4,-0.4796,price_history,,-0.105145,,59.1064,0.4801,-0.096128,-0.009017,late,small,none,drug_developer,morningstar,,,,0,0.8764361862733712693067007316,96.55,41.25000000000000000000000000,71.5,69.80,26.20227242700488836041749240,68.78260869565217391304347826,27.8922,-0.6836,3.0,,46,1.0,1.0518,2,1,0.0,0.4,0.95,oncology,-0.4386,uncrowded,1.0,139,0.07400345454545454,0.418067,-0.2068,25.96,0.539916,0.1002
NUVB,Nuvation Bio Inc.,6,0.52,B,high_opt+no_catalyst_data,B,high_opt+no_catalyst_data,,0.304622,,0,0.689815,1,0.310185,,0,no_upcoming,9,neutral,high_vol|drawdown_data_missing,M,sponsor_confirmed|high_risk,financial_score:+28.4;clinical_score:-20.8;catalyst_score:-9.3,tier=B;reason=high_opt+no_catalyst_data;cat_days=NA;strength=missing;decay_w=0.0,v1.3.0,31f399e0,1,,0,,"{""burn_ttm"": 143694000.0, ""cash_total"": 549045000.0, ""dilution_risk"": null, ""has_revenue"": null, ""lead_phase"": null, ""runway_months"": 44.273359540368915, ""stage_bucket"": ""mid"", ""surv_score"": ""3.0"", ""tier1_count"": 6}",mid|none|pos,0.1,,0.4062,0,1,-0.6291,1.4462,6,6,selling,1.2961,elite_6,0.0,0.0,0.0,,,0.0,0,0,0,True,False,True,missing,0.0,adequate,<=1000bps,551.15,0.85,1,0,1.0,0,1.0,0,,False,no_upcoming,,,beta_missing:insufficient_overlap,6,,,insufficient_overlap,,series_too_short,,1.2485,-0.096128,,mid,mid,none,drug_developer,morningstar,,,drawdown,1,0.7377203682393555811277330265,50,41.25000000000000000000000000,53.0,17.74,29.75152155324178864242241336,78.97872340425531914893617021,28.9356,-0.6392,2.0,1379,3,0.6667,0.0,0,0,0.0,0.3,0.95,oncology,0.7369,highly_crowded,1.0,73,0.1,0.695378,0.5112,21.50,0.434874,-0.164
FATE,"Fate Therapeutics, Inc.",7,0.56,B,high_opt+no_catalyst_data,B,high_opt+no_catalyst_data,,0.178571,,0,0.736111,1,0.263889,,0,no_upcoming,9,tailwind,,L,sponsor_confirmed|momentum_tailwind|cost_haircut_>2000bps,clinical_score:-28.3;financial_score:+18.2;smart_money_score:+11.0,tier=B;reason=high_opt+no_catalyst_data;cat_days=NA;strength=missing;decay_w=0.0,v1.3.0,31f399e0,1,,0,,"{""burn_ttm"": 106084000.0, ""cash_total"": 203657000.0, ""dilution_risk"": null, ""has_revenue"": null, ""lead_phase"": null, ""runway_months"": 23.037253497228612, ""stage_bucket"": ""mid"", ""surv_score"": ""4.0"", ""tier1_count"": 2}",mid|none|pos,0.1,,0.3938,0,1,-0.9821,0.5752,2,2,buying,-0.3232,elite_2,0.0,0.0,0.0,,,0.0,0,0,0,True,False,True,missing,0.0,adequate,>2000bps,2020.0,0.55,1,0,1.0,0,1.0,0,,False,no_upcoming,0.112397,price_history,,2,1.295,price_history,,-0.045876,,56.8035,0.8890,-0.096128,0.050252,mid,micro,none,drug_developer,morningstar,,,,0,0.7794111220364907680541898831,56.80,41.25000000000000000000000000,60.5,90.00,21.22881142799657964891102057,67.74468085106382978723404256,20.8796,-0.9818,2.0,,11,1.0,0.2116,0,0,0.0,0.3,0.95,oncology,-0.4386,uncrowded,1.0,43,0.1,0.821429,0.9208,21.41,0.426471,-0.1854
ABCL,AbCellera Biologics Inc.,8,0.52,B,high_opt+no_catalyst_data,B,high_opt+no_catalyst_data,,0.502101,,0,0.75463,1,0.24537,,0,no_upcoming,9,neutral,drawdown_data_missing,M,sponsor_confirmed|runway_short,financial_score:-28.7;smart_money_score:+25.1;clinical_score:-16.8,tier=B;reason=high_opt+no_catalyst_data;cat_days=NA;strength=missing;decay_w=0.0,v1.3.0,31f399e0,1,,0,,"{""burn_ttm"": 131295000.0, ""cash_total"": 128513000.0, ""dilution_risk"": null, ""has_revenue"": null, ""lead_phase"": null, ""runway_months"": 11.74573289158003, ""stage_bucket"": ""late"", ""surv_score"": ""0.0"", ""tier1_count"": 2}",late|none|pos,0.07400345454545454,,-0.0502,141,1,-1.0891,0.3112,2,2,buying,-0.3232,elite_2,0.0,0.0,0.0,,,0.0,0,0,0,True,False,True,missing,0.0,short,<=1000bps,821.91,0.85,1,0,1.0,0,1.0,0,,False,no_upcoming,,,beta_missing:series_too_short,2,,,series_too_short,,no_price_series,,0.7022,-0.096128,,late,small,sev2,drug_developer,morningstar,,,drawdown,1,0.8244251164415463437354448067,50,41.25000000000000000000000000,60.5,33.17,18.64579204650548289073853877,6.760134425540852762024784709,17.9809,-1.105,3.0,141,2,0.3333,0.4638,0,1,0.0,0.4,0.55,infectious_disease,0.7369,highly_crowded,1.0,120,0.07400345454545454,0.497899,-0.0053,7.92,0.044118,-1.7048
KOD,Kodiak Sciences Inc,9,0.26,B,high_opt+no_catalyst_data,B,high_opt+no_catalyst_data,,0.241597,,0,0.99537,1,0.00463,,0,no_upcoming,9,headwind,,S,sponsor_confirmed|momentum_headwind|runway_short,smart_money_score:+33.8;clinical_score:-27.7;financial_score:-13.7,tier=B;reason=high_opt+no_catalyst_data;cat_days=NA;strength=missing;decay_w=0.0,v1.3.0,31f399e0,1,,0,,"{""burn_ttm"": 96630000.0, ""cash_total"": 72038000.0, ""dilution_risk"": null, ""has_revenue"": null, ""lead_phase"": null, ""runway_months"": 8.94604160198696, ""stage_bucket"": ""mid"", ""surv_score"": ""-2.0"", ""tier1_count"": 3}",mid|none|nonpos,0.1,,-0.84,278,1,-1.6542,-1.0834,3,3,buying,0.0816,elite_3,0.0,0.0,0.0,,,0.0,0,0,0,True,False,True,missing,0.0,short,<=1000bps,676.83,0.85,1,0,1.0,0,1.0,0,,False,no_upcoming,-0.289025,price_history,,3,0.9226,price_history,,-0.308587,,55.1761,0.8241,-0.096128,-0.212459,mid,small,sev2,drug_developer,morningstar,,,,0,0.7862404,31.99,41.25000000000000000000000000,66.5,50,5,18.99793772949046828630350586,3.4841,-1.7215,2.0,278,1,0.0,0.049,0,0,0.0,0.3,0.55,ophthalmology,0.7369,highly_crowded,1.0,58,0.1,0.758403,0.7012,7.79,0.035714,-1.8027
CRSP,CRISPR Therapeutics AG,10,1.01,B,high_opt+no_catalyst_data,B,high_opt+no_catalyst_data,,0.863445,,0,0.967593,1,0.032407,,0,no_upcoming,9,tailwind,,L,sponsor_confirmed|momentum_tailwind,clinical_score:-48.9;financial_score:+26.1;momentum_score:+23.2,tier=B;reason=high_opt+no_catalyst_data;cat_days=NA;strength=missing;decay_w=0.0,v1.3.0,31f399e0,1,,0,,"{""burn_ttm"": 345014000.0, ""cash_total"": 1975828000.0, ""dilution_risk"": null, ""has_revenue"": null, ""lead_phase"": null, ""runway_months"": 68.7216634687288, ""stage_bucket"": ""late"", ""surv_score"": ""3.0"", ""tier1_count"": 3}",late|none|nonpos,-0.005677508064516129,,-0.3577,1224,1,-1.6542,-1.0834,3,3,buying,0.0816,elite_3,0.0,0.0,0.0,,,0.0,0,0,0,True,False,True,missing,0.0,adequate,<=400bps,316.61,1.0,0,0,1.0,0,1.0,0,,False,no_upcoming,0.34799,price_history,,3,1.1639,price_history,,-0.098669,,51.576,0.5582,-0.096128,-0.002541,late,mid,none,drug_developer,morningstar,,,,0,0.8829781999041227229146692234,77.02,41.25000000000000000000000000,66.0,60.04,5,80.0,4.2257,-1.6899,3.0,1774,5,1.0,0.0,0,0,0.0,0.3,0.95,oncology,0.2667,moderate,1.0,206,-0.005677508064516129,0.136555,-1.0959,22.99,0.472689,-0.0685
CNTA,Centessa Pharmaceuticals plc,11,0.86,B,high_opt+no_catalyst_data,B,high_opt+no_catalyst_data,,0.846639,,0,0.958333,1,0.041667,,0,no_upcoming,9,neutral,drawdown_data_missing,L,sponsor_confirmed,smart_money_score:+41.3;clinical_score:-30.7;financial_score:-30.3,tier=B;reason=high_opt+no_catalyst_data;cat_days=NA;strength=missing;decay_w=0.0,v1.3.0,31f399e0,1,,0,,"{""burn_ttm"": 138010000.0, ""cash_total"": 246214000.0, ""dilution_risk"": null, ""has_revenue"": null, ""lead_phase"": null, ""runway_months"": 21.408361712919355, ""stage_bucket"": ""late"", ""surv_score"": ""0.0"", ""tier1_count"": 7}",late|none|nonpos,-0.005677508064516129,,-0.3895,700,1,-1.6542,-1.0834,7,7,buying,1.7009,elite_7,0.0,0.0,0.0,,,0.0,0,0,0,True,False,True,missing,0.0,adequate,<=1000bps,533.65,0.85,1,0,1.0,0,1.0,0,,False,no_upcoming,,,beta_missing:series_too_short,7,,,series_too_short,,no_price_series,,0.5724,-0.096128,,late,mid,sev1,drug_developer,morningstar,,,drawdown,1,0.8882307192630211408999645683,50,41.25000000000000000000000000,77.0,10.40,5,5.401111111111111111111111112,4.5899,-1.6744,3.0,700,3,0.6667,0.0091,0,0,0.0,0.4,0.75,rare_disease,0.7369,highly_crowded,1.0,202,-0.005677508064516129,0.153361,-1.0221,12.65,0.111345,-1.2194
SMMT,Summit Therapeutics Inc.,12,0.86,B,high_opt+no_catalyst_data,B,high_opt+no_catalyst_data,,0.712185,,0,0.791667,1,0.208333,,0,no_upcoming,9,tailwind,,L,sponsor_confirmed|momentum_tailwind,clinical_score:-31.6;smart_money_score:+23.3;momentum_score:+19.8,tier=B;reason=high_opt+no_catalyst_data;cat_days=NA;strength=missing;decay_w=0.0,v1.3.0,31f399e0,1,,0,,"{""burn_ttm"": 322930000.0, ""cash_total"": 713448000.0, ""dilution_risk"": null, ""has_revenue"": null, ""lead_phase"": null, ""runway_months"": 26.511553587464775, ""stage_bucket"": ""late"", ""surv_score"": ""3.0"", ""tier1_count"": 5}",late|none|pos,0.07400345454545454,,0.882,0,1,-1.1721,0.1064,5,5,buying,0.8913,elite_5,0.0,0.0,0.0,,,0.0,0,0,0,True,False,True,missing,0.0,adequate,<=1000bps,484.44,0.85,1,0,1.0,0,1.0,0,,False,no_upcoming,-0.07362,price_history,,5,0.6169,price_history,,-0.2,,47.7797,0.5984,-0.096128,-0.103872,late,large,none,drug_developer,morningstar,,,,0,0.8151449643947100712105798576,68.03,41.25000000000000000000000000,71.5,10.00,16.64172942264499933941075439,43.61385255648038049940546969,15.8258,-1.1967,3.0,446,5,1.0,0.0365,0,0,0.0,0.3,0.75,rare_disease,0.7369,highly_crowded,1.0,170,0.07400345454545454,0.287815,-0.5598,14.52,0.178571,-0.9208
CGON,"CG Oncology, Inc.",13,0.86,B,high_opt+no_catalyst_data,B,high_opt+no_catalyst_data,,0.838235,,0,0.949074,1,0.050926,,0,no_upcoming,9,neutral,drawdown_data_missing,L,sponsor_confirmed,clinical_score:-45.9;smart_money_score:+32.1;financial_score:+24.1,tier=B;reason=high_opt+no_catalyst_data;cat_days=NA;strength=missing;decay_w=0.0,v1.3.0,31f399e0,1,,0,,"{""burn_ttm"": 96130000.0, ""cash_total"": 680263000.0, ""dilution_risk"": null, ""has_revenue"": null, ""lead_phase"": null, ""runway_months"": 84.91788203474462, ""stage_bucket"": ""late"", ""surv_score"": ""5.0"", ""tier1_count"": 6}",late|none|nonpos,-0.005677508064516129,,0.8363,0,1,-1.6542,-1.0834,6,6,buying,1.2961,elite_6,0.0,0.0,0.0,,,0.0,0,0,0,True,False,True,missing,0.0,adequate,<=1000bps,407.78,0.85,1,0,1.0,0,1.0,0,,False,no_upcoming,,,beta_missing:series_too_short,6,,,series_too_short,,no_price_series,,0.7795,-0.096128,,late,mid,none,drug_developer,morningstar,,,drawdown,1,0.8569030382461575122125580841,50,41.25000000000000000000000000,83.0,11.39,5,75.00000000000000000000000000,4.1841,-1.6917,3.0,2674,5,1.0,0.0005,0,0,0.0,0.3,0.95,oncology,0.7369,highly_crowded,1.0,200,-0.005677508064516129,0.161765,-0.9872,16.77,0.266807,-0.6225
PVLA,"Palvella Therapeutics, Inc.",14,0.52,B,high_opt+no_catalyst_data,B,high_opt+no_catalyst_data,,0.686975,,0,0.782407,1,0.217593,,0,no_upcoming,9,headwind,,M,sponsor_confirmed|momentum_headwind,smart_money_score:+33.1;clinical_score:-22.3;financial_score:-12.5,tier=B;reason=high_opt+no_catalyst_data;cat_days=NA;strength=missing;decay_w=0.0,v1.3.0,31f399e0,1,,0,,"{""burn_ttm"": 20080000.0, ""cash_total"": 63567000.0, ""dilution_risk"": null, ""has_revenue"": null, ""lead_phase"": null, ""runway_months"": 37.98824701195219, ""stage_bucket"": ""late"", ""surv_score"": ""5.0"", ""tier1_count"": 4}",late|none|pos,0.07400345454545454,,0.6251,22,1,-1.1721,0.1064,4,4,buying,0.4865,elite_4,0.0,0.0,0.0,,,0.0,0,0,0,True,False,True,missing,0.0,adequate,<=1000bps,491.35,0.85,1,0,1.0,0,1.0,0,,False,no_upcoming,-0.170645,price_history,,4,0.5662,price_history,,-0.325472,,44.3586,,-0.096128,-0.229344,late,small,none,drug_developer,morningstar,,,,0,0.8123973906534060528285744840,38.19,41.25000000000000000000000000,72.0,50,16.64172942264499933941075439,26.45200588111741230833858433,17.5452,-1.1236,3.0,22,1,0.0,0.9496,1,1,0.0,0.4,0.5,other,-3.495,uncrowded,1.0,164,0.07400345454545454,0.313025,-0.4873,18.47,0.342437,-0.4058
BDTX,"Black Diamond Therapeutics, Inc.",15,0.11,B,high_opt+no_catalyst_data,B,high_opt+no_catalyst_data,,0.060924,,0,0.939815,1,0.060185,,0,no_upcoming,9,headwind,deep_drawdown|deep_drawdown_rel_xbi,XS,momentum_headwind|cost_haircut_<=2000bps,clinical_score:-32.6;smart_money_score:+17.9;financial_score:+14.9,tier=B;reason=high_opt+no_catalyst_data;cat_days=NA;strength=missing;decay_w=0.0,v1.3.0,31f399e0,1,,0,,"{""burn_ttm"": 0.0, ""cash_total"": 30864000.0, ""dilution_risk"": null, ""has_revenue"": null, ""lead_phase"": null, ""runway_months"": null, ""stage_bucket"": ""early"", ""surv_score"": ""5.0"", ""tier1_count"": 1}",early|none|nonpos,0.1,,-1.4097,735,1,-1.6542,-1.0834,1,1,buying,-0.728,elite_1,0.0,0.0,0.0,,,0.0,0,0,0,True,False,True,missing,0.0,adequate,<=2000bps,1969.35,0.7,1,0,1.0,0,1.0,0,,False,no_upcoming,-0.329429,price_history,,1,1.2475,price_history,,-0.350223,,44.5684,0.7908,-0.096128,-0.254095,early,micro,none,drug_developer,morningstar,,,,0,0.7487296312086975058622894905,33.95,41.25000000000000000000000000,55.5,90.00,5,52.50000000000000000000000000,4.1841,-1.6917,1.0,735,1,0.0,0.0005,0,0,0.0,0.3,0.85,oncology,0.7369,highly_crowded,1.0,15,0.1,0.939076,1.5471,17.63,0.308824,-0.4992
RCKT,"Rocket Pharmaceuticals, Inc.",16,0.86,B,high_opt+no_catalyst_data,B,high_opt+no_catalyst_data,,0.363445,,0,0.773148,1,0.226852,,0,no_upcoming,9,tailwind,,L,sponsor_confirmed|momentum_tailwind,clinical_score:-34.1;momentum_score:+17.0;smart_money_score:+14.7,tier=B;reason=high_opt+no_catalyst_data;cat_days=NA;strength=missing;decay_w=0.0,v1.3.0,31f399e0,1,,0,,"{""burn_ttm"": 155174000.0, ""cash_total"": 222758000.0, ""dilution_risk"": null, ""has_revenue"": null, ""lead_phase"": null, ""runway_months"": 17.070450597731686, ""stage_bucket"": ""mid"", ""surv_score"": ""2.0"", ""tier1_count"": 3}",mid|none|pos,0.1,,-0.3844,95,1,-1.1486,0.1644,3,3,buying,0.0816,elite_3,0.0,0.0,0.0,,,0.0,0,0,0,True,False,True,missing,0.0,adequate,<=1000bps,956.37,0.85,1,0,1.0,0,1.0,0,,False,no_upcoming,0.312287,price_history,,3,1.4394,price_history,,-0.104232,,49.3708,0.6262,-0.096128,-0.008104,mid,small,sev1,drug_developer,morningstar,,,,0,0.7990352358437464820443543848,68.31,41.25000000000000000000000000,66.0,79.03,17.20889291283134651174488205,63.53191489361702127659574468,16.7789,-1.1562,2.0,95,7,1.0,0.1495,0,0,0.0,0.3,0.95,oncology,-1.6141,uncrowded,1.0,87,0.1,0.636555,0.3493,20.58,0.401261,-0.2501
ANRO,"Alto Neuroscience, Inc.",17,0.43,B,high_opt+no_catalyst_data,B,high_opt+no_catalyst_data,,0.80042,,0,0.930556,1,0.069444,,0,no_upcoming,9,neutral,drawdown_data_missing,M,sponsor_confirmed|cost_haircut_<=2000bps,clinical_score:-38.5;smart_money_score:+17.5;financial_score:+16.7,tier=B;reason=high_opt+no_catalyst_data;cat_days=NA;strength=missing;decay_w=0.0,v1.3.0,31f399e0,1,,0,,"{""burn_ttm"": 40253000.0, ""cash_total"": 137816000.0, ""dilution_risk"": null, ""has_revenue"": null, ""lead_phase"": null, ""runway_months"": 41.08493776861352, ""stage_bucket"": ""late"", ""surv_score"": ""5.0"", ""tier1_count"": 2}",late|none|nonpos,-0.005677508064516129,,-0.2004,,0,-1.6542,-1.0834,2,2,buying,-0.3232,elite_2,0.0,0.0,0.0,,,0.0,0,0,0,True,False,True,missing,0.0,adequate,<=2000bps,1346.61,0.7,1,0,1.0,0,1.0,0,,False,no_upcoming,,,beta_missing:series_too_short,2,,,series_too_short,,no_price_series,,0.9516,-0.096128,,late,small,none,drug_developer,morningstar,,,drawdown,1,0.8013299036777583187390542907,50,41.25000000000000000000000000,61.0,50,5,60.17391304347826086956521740,3.1899,-1.734,0.0,1005,2,0.0,0.0,0,0,0.0,0.0,0.5,other,0.7369,highly_crowded,1.0,191,-0.005677508064516129,0.19958,-0.8431,18.50,0.346639,-0.3944
ADCT,ADC Therapeutics SA,18,0.71,B,high_opt+no_catalyst_data,B,high_opt+no_catalyst_data,,0.779412,,0,0.912037,1,0.087963,,0,no_upcoming,9,tailwind,drawdown_data_missing,L,sponsor_confirmed|momentum_tailwind|cost_haircut_<=2000bps,clinical_score:-40.6;smart_money_score:+20.1;momentum_score:+14.7,tier=B;reason=high_opt+no_catalyst_data;cat_days=NA;strength=missing;decay_w=0.0,v1.3.0,31f399e0,1,,0,,"{""burn_ttm"": 110051000.0, ""cash_total"": 234738000.0, ""dilution_risk"": null, ""has_revenue"": null, ""lead_phase"": null, ""runway_months"": 23.035925450397038, ""stage_bucket"": ""late"", ""surv_score"": ""3.0"", ""tier1_count"": 3}",late|none|nonpos,-0.005677508064516129,,0.839,0,1,-1.6197,-0.9983,3,3,buying,0.0816,elite_3,0.0,0.0,0.0,,,0.0,0,0,0,True,False,True,missing,0.0,adequate,<=2000bps,1472.59,0.7,1,0,1.0,0,1.0,0,,False,no_upcoming,0.29185,price_history,,3,0.2811,price_history,,,series_too_short,54.6747,0.7505,-0.096128,,late,small,none,drug_developer,morningstar,,,drawdown,1,0.8089275668073136427566807314,61.10,41.25000000000000000000000000,66.5,79.70,5.832342449464922711058263969,57.30434782608695652173913043,5.6736,-1.6284,3.0,2010,11,1.0,0.1555,1,0,0.0,0.3,0.95,oncology,0.7369,highly_crowded,1.0,186,-0.005677508064516129,0.220588,-0.7702,14.45,0.170168,-0.9535
AVIR,"Atea Pharmaceuticals, Inc.",19,0.17,B,high_opt+no_catalyst_data,B,high_opt+no_catalyst_data,,0.044118,,0,0.893519,1,0.106481,,0,no_upcoming,9,neutral,drawdown_data_missing,S,sponsor_confirmed|runway_short|cost_haircut_>2000bps,clinical_score:-27.4;momentum_score:+14.7;smart_money_score:+13.7,tier=B;reason=high_opt+no_catalyst_data;cat_days=NA;strength=missing;decay_w=0.0,v1.3.0,31f399e0,1,,0,,"{""burn_ttm"": 103808000.0, ""cash_total"": 77344000.0, ""dilution_risk"": null, ""has_revenue"": null, ""lead_phase"": null, ""runway_months"": 8.940813810110974, ""stage_bucket"": ""mid"", ""surv_score"": ""-2.0"", ""tier1_count"": 2}",mid|none|nonpos,0.1,,0.3622,0,1,-1.5356,-0.7907,2,2,selling,-0.3232,elite_2,0.0,0.0,0.0,,,0.0,0,0,0,True,False,True,missing,0.0,short,>2000bps,2020.0,0.55,1,0,1.0,0,1.0,0,,False,no_upcoming,,,beta_missing:series_too_short,2,,,series_too_short,,no_price_series,,0.5268,-0.096128,,mid,small,sev2,drug_developer,morningstar,,,drawdown,1,0.8544963747908533184606804239,50,41.25000000000000000000000000,49.0,69.35,7.863286555002263467632412855,28.21357074593833308183692973,6.7532,-1.5824,2.0,500,2,0.3333,0.0167,0,0,0.0,0.4,0.55,infectious_disease,0.7369,highly_crowded,1.0,11,0.1,0.955882,1.7048,8.24,0.048319,-1.6614
WVE,Wave Life Sciences Ltd.,20,1.01,B,high_opt+no_catalyst_data,B,high_opt+no_catalyst_data,,0.485294,,0,0.884259,1,0.115741,,0,no_upcoming,9,tailwind,high_vol,L,sponsor_confirmed|momentum_tailwind|high_risk,clinical_score:-44.8;smart_money_score:+23.0;financial_score:+20.3,tier=B;reason=high_opt+no_catalyst_data;cat_days=NA;strength=missing;decay_w=0.0,v1.3.0,31f399e0,1,,0,,"{""burn_ttm"": 187493000.0, ""cash_total"": 602068000.0, ""dilution_risk"": null, ""has_revenue"": null, ""lead_phase"": null, ""runway_months"": 38.533790594848874, ""stage_bucket"": ""mid"", ""surv_score"": ""5.0"", ""tier1_count"": 5}",mid|none|nonpos,0.1,,0.3625,0,1,-1.4615,-0.6079,5,5,buying,0.8913,elite_5,0.0,0.0,0.0,,,0.0,0,0,0,True,False,True,missing,0.0,adequate,<=400bps,327.67,1.0,0,0,1.0,0,1.0,0,,False,no_upcoming,0.265275,price_history,,5,1.0544,price_history,,-0.122363,,69.6591,3.1359,-0.096128,-0.026235,mid,mid,none,drug_developer,morningstar,,,,0,0.7964720782959124928036845135,69.11,41.25000000000000000000000000,77.5,20.97,9.651928977415622956591720737,74.76595744680851063829787234,9.2419,-1.4766,2.0,,3,0.6667,0.0595,0,0,0.0,0.4,0.75,rare_disease,0.7369,highly_crowded,1.0,116,0.1,0.514706,0.0369,20.07,0.371849,-0.327
TENX,"Tenax Therapeutics, Inc.",21,0.21,B,high_opt+no_catalyst_data,B,high_opt+no_catalyst_data,,0.964286,,0,0.865741,1,0.134259,,0,no_upcoming,9,neutral,,S,cost_haircut_<=2000bps,clinical_score:-35.5;financial_score:+26.6;smart_money_score:+9.2,tier=B;reason=high_opt+no_catalyst_data;cat_days=NA;strength=missing;decay_w=0.0,v1.3.0,31f399e0,1,,0,,"{""burn_ttm"": 22385000.0, ""cash_total"": 99400000.0, ""dilution_risk"": null, ""has_revenue"": null, ""lead_phase"": null, ""runway_months"": 53.28568237659147, ""stage_bucket"": ""late"", ""surv_score"": ""5.0"", ""tier1_count"": 1}",late|none|nonpos,-0.005677508064516129,,0.8611,0,1,-1.4108,-0.4827,1,1,buying,-0.728,elite_1,0.0,0.0,0.0,,,0.0,0,0,0,True,False,True,missing,0.0,adequate,<=2000bps,1850.21,0.7,1,0,1.0,0,1.0,0,,False,no_upcoming,0.021311,price_history,,1,0.5563,price_history,,-0.109756,,58.4404,,-0.096128,-0.013628,late,micro,none,drug_developer,morningstar,,,,0,0.8539473778574630210667861945,51.16,41.25000000000000000000000000,55.5,90.00,10.87726251816620425419474172,72.91379310344827586206896552,10.5273,-1.422,3.0,,4,1.0,0.0,0,0,-0.1667,0.4,0.85,cardiovascular,-0.4386,uncrowded,1.0,230,-0.005677508064516129,0.035714,-1.8027,22.21,0.460084,-0.1002
IMVT,"Immunovant, Inc.",22,0.86,B,high_opt+no_catalyst_data,B,high_opt+no_catalyst_data,,0.22479,,0,0.856481,1,0.143519,,0,no_upcoming,9,tailwind,overbought_rsi,L,sponsor_confirmed|momentum_tailwind,clinical_score:-42.6;momentum_score:+32.3;financial_score:+15.1,tier=B;reason=high_opt+no_catalyst_data;cat_days=NA;strength=missing;decay_w=0.0,v1.3.0,31f399e0,1,,0,,"{""burn_ttm"": 312251000.0, ""cash_total"": 994525000.0, ""dilution_risk"": null, ""has_revenue"": null, ""lead_phase"": null, ""runway_months"": 38.220213866408756, ""stage_bucket"": ""mid"", ""surv_score"": ""3.0"", ""tier1_count"": 6}",mid|none|nonpos,0.1,,-0.0552,40,1,-1.3858,-0.421,6,6,selling,1.2961,elite_6,0.0,0.0,0.0,,,0.0,0,0,0,True,False,True,missing,0.0,adequate,<=1000bps,478.91,0.85,1,0,1.0,0,1.0,0,,False,no_upcoming,0.348362,price_history,,6,0.7751,price_history,,0.0,,75.2819,0.5723,-0.096128,0.096128,mid,mid,none,drug_developer,morningstar,,,,0,0.8550173788848263254113345521,86.31,41.25000000000000000000000000,62.0,10.00,11.48081082440521100548262160,69.14893617021276595744680851,12.0985,-1.3552,2.0,40,3,0.6667,1.1499,1,2,0.0,0.4,0.6,autoimmune,0.2667,moderate,1.0,54,0.1,0.77521,0.7561,25.93,0.535714,0.0896
PRTA,Prothena Corporation plc,23,0.71,B,high_opt+no_catalyst_data,B,high_opt+no_catalyst_data,,0.951681,,0,0.847222,1,0.152778,,0,no_upcoming,9,tailwind,,L,sponsor_confirmed|momentum_tailwind|cost_haircut_<=2000bps,clinical_score:-30.7;momentum_score:+11.6;smart_money_score:+11.1,tier=B;reason=high_opt+no_catalyst_data;cat_days=NA;strength=missing;decay_w=0.0,v1.3.0,31f399e0,1,,0,,"{""burn_ttm"": 140268000.0, ""cash_total"": 330843000.0, ""dilution_risk"": null, ""has_revenue"": null, ""lead_phase"": null, ""runway_months"": 28.303789887928822, ""stage_bucket"": ""late"", ""surv_score"": ""5.0"", ""tier1_count"": 2}",late|none|nonpos,-0.005677508064516129,,0.8718,0,1,-1.3171,-0.2516,2,2,neutral,-0.3232,elite_2,0.0,0.0,0.0,,,0.0,0,0,0,True,False,True,missing,0.0,adequate,<=2000bps,1434.82,0.7,1,0,1.0,0,1.0,0,,False,no_upcoming,0.128024,price_history,,2,0.8277,price_history,,-0.182625,,53.6377,0.4848,-0.096128,-0.086497,late,small,none,drug_developer,morningstar,,,,0,0.8475046085637615214094038035,55.49,41.25000000000000000000000000,55.0,80.69,13.13845950587924428590302550,54.43478260869565217391304348,12.051,-1.3572,3.0,,7,1.0,0.0,0,0,0.0,0.4,0.6,cns,0.7369,highly_crowded,1.0,227,-0.005677508064516129,0.048319,-1.6614,17.60,0.304622,-0.5112
REPL,"Replimune Group, Inc.",24,0.86,B,high_opt+no_catalyst_data,B,high_opt+no_catalyst_data,,0.367647,,0,0.837963,1,0.162037,,0,no_upcoming,9,tailwind,,L,sponsor_confirmed|momentum_tailwind,clinical_score:-36.8;momentum_score:+28.2;financial_score:+14.7,tier=B;reason=high_opt+no_catalyst_data;cat_days=NA;strength=missing;decay_w=0.0,v1.3.0,31f399e0,1,,0,,"{""burn_ttm"": 224183000.0, ""cash_total"": 269137000.0, ""dilution_risk"": null, ""has_revenue"": null, ""lead_phase"": null, ""runway_months"": 14.12718492467587, ""stage_bucket"": ""mid"", ""surv_score"": ""2.0"", ""tier1_count"": 5}",mid|none|nonpos,0.1,,-0.8121,1830,1,-1.3084,-0.23,5,5,selling,0.8913,elite_5,0.0,0.0,0.0,,,0.0,0,0,0,True,False,True,missing,0.0,adequate,<=1000bps,964.73,0.85,1,0,1.0,0,1.0,0,,False,no_upcoming,0.044711,price_history,,5,0.9158,price_history,,0.0,,67.0894,0.5897,-0.096128,0.096128,mid,small,sev1,drug_developer,morningstar,,,,0,0.8014186229360889587779400202,78.43,41.25000000000000000000000000,53.0,59.68,13.34993209597102761430511543,64.93617021276595744680851064,12.534,-1.3366,2.0,1830,3,0.6667,0.0,0,0,0.0,0.3,0.95,oncology,0.7369,highly_crowded,1.0,88,0.1,0.632353,0.3381,16.54,0.258403,-0.6483
URGN,UroGen Pharma Ltd.,25,0.26,B,high_opt+no_catalyst_data,B,high_opt+no_catalyst_data,,0.976891,,0,0.819444,1,0.180556,,0,no_upcoming,9,headwind,deep_drawdown|deep_drawdown_rel_xbi,S,sponsor_confirmed|momentum_headwind|runway_short,smart_money_score:+38.1;financial_score:-25.1;clinical_score:-19.2,tier=B;reason=high_opt+no_catalyst_data;cat_days=NA;strength=missing;decay_w=0.0,v1.3.0,31f399e0,1,,0,,"{""burn_ttm"": 124119000.0, ""cash_total"": 153829000.0, ""dilution_risk"": null, ""has_revenue"": null, ""lead_phase"": null, ""runway_months"": 14.872404708384696, ""stage_bucket"": ""late"", ""surv_score"": ""0.0"", ""tier1_count"": 4}",late|none|nonpos,-0.005677508064516129,,0.8783,0,1,-1.2534,-0.0942,4,4,buying,0.4865,elite_4,0.0,0.0,0.0,,,0.0,0,0,0,True,False,True,missing,0.0,short,<=1000bps,785.74,0.85,1,0,1.0,0,1.0,0,,False,no_upcoming,-0.239945,price_history,,4,1.1919,price_history,,-0.35578,,46.1053,0.7699,-0.096128,-0.259652,late,small,sev2,drug_developer,morningstar,,,,0,0.8225052705551651440618411806,32.72,41.25000000000000000000000000,72.0,60.89,14.67895362663495838287752674,8.744801512287334593572778822,15.148,-1.2255,3.0,,10,1.0,0.6376,1,1,0.0,0.3,0.95,oncology,0.7369,highly_crowded,1.0,233,-0.005677508064516129,0.023109,-1.9934,5.72,0.018908,-2.0769
ACRS,"Aclaris Therapeutics, Inc.",26,0.21,C,low_opt+no_catalyst_data,C,low_opt+no_catalyst_data,,0.514706,,0,0.087963,1,0.912037,,0,no_upcoming,9,tailwind,high_vol,S,sponsor_confirmed|momentum_tailwind|runway_short|high_risk|cost_haircut_<=2000bps,financial_score:-50.3;momentum_score:+37.4;clinical_score:+19.6,tier=C;reason=low_opt+no_catalyst_data;cat_days=NA;strength=missing;decay_w=0.0,v1.3.0,31f399e0,1,,0,,"{""burn_ttm"": 33982000.0, ""cash_total"": 25256000.0, ""dilution_risk"": null, ""has_revenue"": null, ""lead_phase"": null, ""runway_months"": 8.918603966805955, ""stage_bucket"": ""late"", ""surv_score"": ""-2.0"", ""tier1_count"": 3}",late|none|pos,0.07400345454545454,,0.1952,160,1,1.2591,1.1557,3,3,buying,0.0816,elite_3,0.0,0.0,0.0,,,0.0,0,0,0,True,False,True,missing,0.0,short,<=2000bps,1385.71,0.7,1,0,1.0,0,1.0,0,,False,no_upcoming,0.768852,price_history,,3,0.6018,price_history,,-0.059041,,60.4863,1.5686,-0.096128,0.037087,late,small,sev2,drug_developer,morningstar,,,,0,0.8552912560808282399900212049,93.08,41.25000000000000000000000000,63.5,90.00,75.34482758620689655172413793,5.401111111111111111111111112,75.0574,1.3219,3.0,,12,1.0,0.4849,0,1,0.0,0.7,0.5,dermatology,-0.4386,uncrowded,1.0,123,0.07400345454545454,0.485294,-0.0369,10.45,0.077731,-1.4205
XENE,Xenon Pharmaceuticals Inc.,27,0.52,C,low_opt+no_catalyst_data,C,low_opt+no_catalyst_data,,0.489496,,0,0.060185,1,0.939815,,0,no_upcoming,9,headwind,,M,sponsor_confirmed|momentum_headwind,clinical_score:+18.2;smart_money_score:+18.2;momentum_score:-17.8,tier=C;reason=low_opt+no_catalyst_data;cat_days=NA;strength=missing;decay_w=0.0,v1.3.0,31f399e0,1,,0,,"{""burn_ttm"": 197637000.0, ""cash_total"": 462268000.0, ""dilution_risk"": null, ""has_revenue"": null, ""lead_phase"": null, ""runway_months"": 28.067699874011446, ""stage_bucket"": ""mid"", ""surv_score"": ""5.0"", ""tier1_count"": 8}",mid|none|pos,0.1,,0.4598,0,1,1.3276,1.3193,8,8,buying,2.1057,elite_8,0.0,0.0,0.0,,,0.0,0,0,0,True,False,True,missing,0.0,adequate,<=1000bps,519.29,0.85,1,0,1.0,0,1.0,0,,False,no_upcoming,-0.04055,price_history,,8,0.769,price_history,,-0.318725,,51.9907,0.341,-0.096128,-0.222597,mid,mid,none,drug_developer,morningstar,,,,0,0.8578695716564137616769195717,41.08,41.25000000000000000000000000,77.0,30.65,77.000,57.91489361702127659574468085,75.8899,1.3573,2.0,370,8,1.0,0.0514,0,0,0.0,0.4,0.5,dermatology,0.7369,highly_crowded,1.0,117,0.1,0.510504,0.0263,55.57,0.989496,2.3078
ENTA,"Enanta Pharmaceuticals, Inc.",28,0.11,C,low_opt+no_catalyst_data,C,low_opt+no_catalyst_data,,0.165966,,0,0.013889,1,0.986111,,0,no_upcoming,9,headwind,,XS,momentum_headwind|cost_haircut_<=2000bps,clinical_score:+24.6;catalyst_score:-11.1;financial_score:-8.9,tier=C;reason=low_opt+no_catalyst_data;cat_days=NA;strength=missing;decay_w=0.0,v1.3.0,31f399e0,1,,0,,"{""burn_ttm"": 11699000.0, ""cash_total"": 37437000.0, ""dilution_risk"": null, ""has_revenue"": null, ""lead_phase"": null, ""runway_months"": 38.40020514573895, ""stage_bucket"": ""mid"", ""surv_score"": ""5.0"", ""tier1_count"": 1}",mid|none|pos,0.1,,0.4747,0,1,1.3276,1.3193,1,1,buying,-0.728,elite_1,0.0,0.0,0.0,,,0.0,0,0,0,True,False,True,missing,0.0,adequate,<=2000bps,1593.49,0.7,1,0,1.0,0,1.0,0,,False,no_upcoming,-0.028624,price_history,,1,0.8041,price_history,,-0.172742,,59.5795,0.5086,-0.096128,-0.076614,mid,small,none,drug_developer,morningstar,,,,0,0.7644271362456259171464047861,44.57,41.25000000000000000000000000,55.5,90.00,77.000,43.49771138272722700065389064,76.2399,1.3722,2.0,402,15,1.0,0.1064,0,0,0.0,0.8,0.55,infectious_disease,-0.4386,uncrowded,1.0,40,0.1,0.834034,0.9702,40.86,0.787815,0.7989
GOSS,"Gossamer Bio, Inc.",29,0.43,C,low_opt+no_catalyst_data,C,low_opt+no_catalyst_data,,0.19958,,0,0.125,1,0.875,,0,no_upcoming,9,neutral,,M,sponsor_confirmed|cost_haircut_<=2000bps,smart_money_score:+24.4;catalyst_score:-17.4;clinical_score:+15.0,tier=C;reason=low_opt+no_catalyst_data;cat_days=NA;strength=missing;decay_w=0.0,v1.3.0,31f399e0,1,,0,,"{""burn_ttm"": 122952000.0, ""cash_total"": 180224000.0, ""dilution_risk"": null, ""has_revenue"": null, ""lead_phase"": null, ""runway_months"": 17.589693538942026, ""stage_bucket"": ""mid"", ""surv_score"": ""0.0"", ""tier1_count"": 6}",mid|none|pos,0.1,,0.4516,0,1,1.1875,0.9849,6,6,buying,1.2961,elite_6,0.0,0.0,0.0,,,0.0,0,0,0,True,False,True,missing,0.0,adequate,<=2000bps,1384.72,0.7,1,0,1.0,0,1.0,0,,False,no_upcoming,0.009923,price_history,,6,1.059,price_history,,-0.160826,,49.1288,0.8648,-0.096128,-0.064698,mid,micro,sev1,drug_developer,morningstar,,,,0,0.7866666666666666666666666667,49.12,41.25000000000000000000000000,83.0,90.00,73.61702127659574468085106383,46.21548211860570393843368040,72.507,1.2134,2.0,250,6,1.0,0.0344,0,0,0.0,0.4,0.5,respiratory,0.7369,highly_crowded,1.0,48,0.1,0.80042,0.8431,36.59,0.703782,0.5353
PTGX,"Protagonist Therapeutics, Inc.",30,1.01,C,low_opt+no_catalyst_data,C,low_opt+no_catalyst_data,,0.35084,,0,0.171296,1,0.828704,,0,no_upcoming,9,tailwind,overbought_rsi,L,sponsor_confirmed|momentum_tailwind,momentum_score:+27.6;catalyst_score:-24.6;financial_score:-12.7,tier=C;reason=low_opt+no_catalyst_data;cat_days=NA;strength=missing;decay_w=0.0,v1.3.0,31f399e0,1,,0,,"{""burn_ttm"": 0.0, ""cash_total"": 567364000.0, ""dilution_risk"": null, ""has_revenue"": null, ""lead_phase"": null, ""runway_months"": null, ""stage_bucket"": ""mid"", ""surv_score"": ""5.0"", ""tier1_count"": 5}",mid|none|pos,0.1,,0.4459,0,1,1.0289,0.6063,5,5,buying,0.8913,elite_5,0.0,0.0,0.0,,,0.0,0,0,0,True,False,True,missing,0.0,adequate,<=400bps,371.54,1.0,0,0,1.0,0,1.0,0,,False,no_upcoming,0.312327,price_history,,5,0.9487,price_history,,-0.001791,,70.4684,0.6429,-0.096128,0.094337,mid,mid,none,drug_developer,morningstar,,,,0,0.8478854297813894929609705849,93.48,41.25000000000000000000000000,71.5,15.54,69.78723404255319148936170213,53.19148936170212765957446809,68.7415,1.0533,2.0,137,6,1.0,0.1174,0,0,0.0,0.4,0.6,autoimmune,0.2667,moderate,1.0,84,0.1,0.64916,0.3831,50.30,0.939076,1.5471
OCUL,"Ocular Therapeutix, Inc.",31,0.86,C,low_opt+no_catalyst_data,C,low_opt+no_catalyst_data,,0.678571,,0,0.24537,1,0.75463,,0,no_upcoming,9,tailwind,,L,sponsor_confirmed|momentum_tailwind,catalyst_score:-23.3;financial_score:+14.3;smart_money_score:+10.0,tier=C;reason=low_opt+no_catalyst_data;cat_days=NA;strength=missing;decay_w=0.0,v1.3.0,31f399e0,1,,0,,"{""burn_ttm"": 204883000.0, ""cash_total"": 737060000.0, ""dilution_risk"": null, ""has_revenue"": null, ""lead_phase"": null, ""runway_months"": 43.169613877188446, ""stage_bucket"": ""late"", ""surv_score"": ""5.0"", ""tier1_count"": 5}",late|none|pos,0.07400345454545454,,1.1671,0,1,0.8949,0.2865,5,5,buying,0.8913,elite_5,0.0,0.0,0.0,,,0.0,0,0,0,True,False,True,missing,0.0,adequate,<=1000bps,442.9,0.85,1,0,1.0,0,1.0,0,,False,no_upcoming,0.166433,price_history,,5,1.0803,price_history,,-0.113475,,52.7761,0.7517,-0.096128,-0.017347,late,small,none,drug_developer,morningstar,,,,0,0.9,61.45,41.25000000000000000000000000,74.5,71.78,66.55172413793103448275862069,78.82608695652173913043478260,67.4552,0.9986,3.0,25,26,1.0,1.2582,1,1,0.0,0.4,0.55,ophthalmology,-0.4386,uncrowded,1.0,162,0.07400345454545454,0.321429,-0.4637,51.23,0.951681,1.6614
CNTX,Context Therapeutics Inc.,32,0.21,C,low_opt+no_catalyst_data,C,low_opt+no_catalyst_data,,0.115546,,0,0.226852,1,0.773148,,0,no_upcoming,9,neutral,drawdown_data_missing,S,cost_haircut_<=2000bps,financial_score:+18.6;catalyst_score:-17.8;momentum_score:-9.0,tier=C;reason=low_opt+no_catalyst_data;cat_days=NA;strength=missing;decay_w=0.0,v1.3.0,31f399e0,1,,0,,"{""burn_ttm"": 17442425.0, ""cash_total"": 76938183.0, ""dilution_risk"": null, ""has_revenue"": null, ""lead_phase"": null, ""runway_months"": 52.93175667947548, ""stage_bucket"": ""mid"", ""surv_score"": ""3.0"", ""tier1_count"": 0}",mid|none|pos,0.1,,-0.745,1467,1,0.9232,0.354,0,0,neutral,-1.1328,,0.0,0.0,0.0,,,0.0,0,0,0,True,False,True,missing,0.0,adequate,<=2000bps,1735.81,0.7,1,0,1.0,0,1.0,0,,False,no_upcoming,,,beta_missing:series_too_short,0,,,series_too_short,,no_price_series,,,-0.096128,,mid,micro,none,drug_developer,morningstar,,,drawdown,1,0.7199146277980218636127017179,50,41.25000000000000000000000000,,50,67.23404255319148936170212766,77.57446808510638297872340426,66.4181,0.9545,2.0,1467,1,0.0,0.0,0,0,0.0,0.3,0.95,oncology,0.7369,highly_crowded,1.0,28,0.1,0.884454,1.1975,38.77,0.75,0.6745
VKTX,"Viking Therapeutics, Inc.",33,0.3,C,low_opt+no_catalyst_data,C,low_opt+no_catalyst_data,,0.472689,,0,0.25463,1,0.74537,,0,no_upcoming,9,headwind,,S,sponsor_confirmed|momentum_headwind|runway_short,financial_score:-23.9;clinical_score:+18.5;smart_money_score:+13.1,tier=C;reason=low_opt+no_catalyst_data;cat_days=NA;strength=missing;decay_w=0.0,v1.3.0,31f399e0,1,,0,,"{""burn_ttm"": 278685000.0, ""cash_total"": 165810000.0, ""dilution_risk"": null, ""has_revenue"": null, ""lead_phase"": null, ""runway_months"": 7.139673825286614, ""stage_bucket"": ""mid"", ""surv_score"": ""-2.0"", ""tier1_count"": 3}",mid|none|pos,0.1,,0.4381,0,1,0.8703,0.2278,3,3,buying,0.0816,elite_3,0.0,0.0,0.0,,,0.0,0,0,0,True,False,True,missing,0.0,short,<=400bps,319.17,1.0,0,0,1.0,0,1.0,0,,False,no_upcoming,-0.125992,price_history,,3,1.2734,price_history,,-0.15783,,39.033,,-0.096128,-0.061702,mid,mid,sev2,drug_developer,morningstar,,,,0,0.7376922184854459004986663574,45.93,41.25000000000000000000000000,60.5,10.00,65.95744680851063829787234042,23.50837483023992756903576279,65.1974,0.9026,2.0,990,3,0.6667,0.0003,0,0,0.0,0.4,0.55,metabolic,-0.4386,uncrowded,1.0,113,0.1,0.527311,0.0685,17.00,0.27521,-0.5971
CRNX,"Crinetics Pharmaceuticals, Inc.",34,0.52,C,mod_opt+no_catalyst_data,C,mod_opt+no_catalyst_data,,0.12395,,0,0.513889,1,0.486111,,0,no_upcoming,9,headwind,deep_drawdown|deep_drawdown_rel_xbi,M,sponsor_confirmed|momentum_headwind,financial_score:+22.8;catalyst_score:-15.9;momentum_score:-15.4,tier=C;reason=mod_opt+no_catalyst_data;cat_days=NA;strength=missing;decay_w=0.0,v1.3.0,31f399e0,1,,0,,"{""burn_ttm"": 285021000.0, ""cash_total"": 1092291000.0, ""dilution_risk"": null, ""has_revenue"": null, ""lead_phase"": null, ""runway_months"": 45.98781142442136, ""stage_bucket"": ""mid"", ""surv_score"": ""5.0"", ""tier1_count"": 5}",mid|none|nonpos,0.1,,0.4225,0,1,0.2623,-1.2234,5,5,buying,0.8913,elite_5,0.0,0.0,0.0,,,0.0,0,0,0,True,False,True,missing,0.0,adequate,<=1000bps,459.18,0.85,1,0,1.0,0,1.0,0,,False,no_upcoming,-0.045854,price_history,,5,1.098,price_history,,-0.399849,,54.1353,0.6688,-0.096128,-0.303721,mid,mid,none,drug_developer,morningstar,,,,0,0.8429997480819878621321424482,41.79,41.25000000000000000000000000,71.5,14.52,51.27659574468085106382978723,80.0,51.83,0.3342,2.0,3,4,1.0,0.9753,1,1,0.0,0.4,0.5,other,0.7369,highly_crowded,1.0,30,0.1,0.87605,1.1555,36.94,0.707983,0.5475
CGEM,"Cullinan Therapeutics, Inc.",35,0.86,C,mod_opt+no_catalyst_data,C,mod_opt+no_catalyst_data,,0.098739,,0,0.523148,1,0.476852,,0,no_upcoming,9,neutral,drawdown_data_missing,L,sponsor_confirmed,catalyst_score:-8.0;financial_score:+7.6;smart_money_score:-1.8,tier=C;reason=mod_opt+no_catalyst_data;cat_days=NA;strength=missing;decay_w=0.0,v1.3.0,31f399e0,1,,0,,"{""burn_ttm"": 137641000.0, ""cash_total"": 332596000.0, ""dilution_risk"": null, ""has_revenue"": null, ""lead_phase"": null, ""runway_months"": 28.996825073924192, ""stage_bucket"": ""early"", ""surv_score"": ""5.0"", ""tier1_count"": 4}",early|none|nonpos,0.1,,-1.3525,1982,1,0.244,-1.2672,4,4,selling,0.4865,elite_4,0.0,0.0,0.0,,,0.0,0,0,0,True,False,True,missing,0.0,adequate,<=1000bps,848.87,0.85,1,0,1.0,0,1.0,0,,False,no_upcoming,,,beta_missing:series_too_short,4,,,series_too_short,,no_price_series,,1.1117,-0.096128,,early,small,none,drug_developer,morningstar,,,drawdown,1,0.7772864987613542526837324525,50,41.25000000000000000000000000,47.5,50,50.83333333333333333333333333,56.88235294117647058823529412,50.0174,0.2572,1.0,1982,2,0.3333,0.0,0,0,0.0,0.3,0.85,oncology,0.7369,highly_crowded,1.0,24,0.1,0.901261,1.2888,40.67,0.779412,0.7702
TRDA,"Entrada Therapeutics, Inc.",36,0.08,C,mod_opt+no_catalyst_data,C,mod_opt+no_catalyst_data,,0.447479,,0,0.597222,1,0.402778,,0,no_upcoming,9,neutral,drawdown_data_missing,XS,runway_short|cost_haircut_>2000bps,financial_score:-32.7;momentum_score:+11.9;smart_money_score:+11.4,tier=C;reason=mod_opt+no_catalyst_data;cat_days=NA;strength=missing;decay_w=0.0,v1.3.0,31f399e0,1,,0,,"{""burn_ttm"": 128512000.0, ""cash_total"": 90394000.0, ""dilution_risk"": null, ""has_revenue"": null, ""lead_phase"": null, ""runway_months"": 8.440674800796813, ""stage_bucket"": ""early"", ""surv_score"": ""-2.0"", ""tier1_count"": 1}",early|none|nonpos,0.1,,-1.4974,,0,-0.0278,-1.9158,1,1,selling,-0.728,elite_1,0.0,0.0,0.0,,,0.0,0,0,0,True,False,True,missing,0.0,short,>2000bps,2020.0,0.55,1,0,1.0,0,1.0,0,,False,no_upcoming,,,beta_missing:series_too_short,1,,,series_too_short,,no_price_series,,0.5606,-0.096128,,early,small,sev2,drug_developer,morningstar,,,drawdown,1,0.7764056268100951592883740174,50,41.25000000000000000000000000,49.5,50,44.27169067215363511659807956,5.401111111111111111111111112,42.8116,-0.0492,0.0,1618,1,0.0,0.0,0,0,0.0,0.0,0.5,other,-0.4386,uncrowded,1.0,107,0.1,0.552521,0.132,10.10,0.069328,-1.4808
DYN,"Dyne Therapeutics, Inc.",37,0.86,C,mod_opt+no_catalyst_data,C,mod_opt+no_catalyst_data,,0.153361,,0,0.587963,1,0.412037,,0,no_upcoming,9,neutral,drawdown_data_missing,L,sponsor_confirmed,smart_money_score:+29.3;financial_score:-12.6;catalyst_score:-9.5,tier=C;reason=mod_opt+no_catalyst_data;cat_days=NA;strength=missing;decay_w=0.0,v1.3.0,31f399e0,1,,0,,"{""burn_ttm"": 291375000.0, ""cash_total"": 573610000.0, ""dilution_risk"": null, ""has_revenue"": null, ""lead_phase"": null, ""runway_months"": 23.382986890781424, ""stage_bucket"": ""early"", ""surv_score"": ""3.0"", ""tier1_count"": 8}",early|none|nonpos,0.1,,-1.4974,,0,-0.0278,-1.9158,8,8,buying,2.1057,elite_8,0.0,0.0,0.0,,,0.0,0,0,0,True,False,True,missing,0.0,adequate,<=1000bps,520.7,0.85,1,0,1.0,0,1.0,0,,False,no_upcoming,,,beta_missing:series_too_short,8,,,series_too_short,,no_price_series,,0.7655,-0.096128,,early,mid,sev1,drug_developer,morningstar,,,drawdown,1,0.7250182045147196504733173827,50,41.25000000000000000000000000,80.0,50,44.27169067215363511659807956,38.13614540466392318244170095,42.8116,-0.0492,0.0,2468,1,0.0,0.0,0,0,0.0,0.0,0.5,other,-0.4386,uncrowded,1.0,37,0.1,0.846639,1.0221,27.44,0.552521,0.132
PYXS,"Pyxis Oncology, Inc.",38,0.17,C,mod_opt+no_catalyst_data,C,mod_opt+no_catalyst_data,,0.355042,,0,0.486111,1,0.513889,,0,no_upcoming,9,neutral,high_vol|drawdown_data_missing,S,sponsor_confirmed|high_risk|cost_haircut_>2000bps,smart_money_score:+17.5;financial_score:-14.2;catalyst_score:-7.8,tier=C;reason=mod_opt+no_catalyst_data;cat_days=NA;strength=missing;decay_w=0.0,v1.3.0,31f399e0,1,,0,,"{""burn_ttm"": 53075000.0, ""cash_total"": 76256000.0, ""dilution_risk"": null, ""has_revenue"": null, ""lead_phase"": null, ""runway_months"": 17.24111163447951, ""stage_bucket"": ""early"", ""surv_score"": ""1.0"", ""tier1_count"": 3}",early|none|nonpos,0.1,,-1.3448,1128,1,0.313,-1.1024,3,3,buying,0.0816,elite_3,0.0,0.0,0.0,,,0.0,0,0,0,True,False,True,missing,0.0,adequate,>2000bps,2020.0,0.55,1,0,1.0,0,1.0,0,,False,no_upcoming,,,beta_missing:series_too_short,3,,,series_too_short,,no_price_series,,1.6279,-0.096128,,early,micro,sev1,drug_developer,morningstar,,,drawdown,1,0.7246657095980311730926989336,50,41.25000000000000000000000000,66.5,50,52.50000000000000000000000000,34.79012345679012345679012345,51.6841,0.328,1.0,1128,2,0.3333,0.0,0,0,0.0,0.3,0.85,oncology,0.7369,highly_crowded,1.0,85,0.1,0.644958,0.3717,27.35,0.548319,0.1214
NMRA,"Neumora Therapeutics, Inc.",39,0.11,C,mod_opt+no_catalyst_data,C,mod_opt+no_catalyst_data,,0.30042,,0,0.578704,1,0.421296,,0,no_upcoming,9,neutral,drawdown_data_missing,XS,runway_short|cost_haircut_<=2000bps,financial_score:-11.8;smart_money_score:+10.1;momentum_score:+5.1,tier=C;reason=mod_opt+no_catalyst_data;cat_days=NA;strength=missing;decay_w=0.0,v1.3.0,31f399e0,1,,0,,"{""burn_ttm"": 158485000.0, ""cash_total"": 171525000.0, ""dilution_risk"": null, ""has_revenue"": null, ""lead_phase"": null, ""runway_months"": 11.473010064043915, ""stage_bucket"": ""mid"", ""surv_score"": ""0.0"", ""tier1_count"": 1}",mid|none|nonpos,0.1,,-0.7614,588,1,0.0013,-1.8464,1,1,neutral,-0.728,elite_1,0.0,0.0,0.0,,,0.0,0,0,0,True,False,True,missing,0.0,short,<=2000bps,1324.22,0.7,1,0,1.0,0,1.0,0,,False,no_upcoming,,,beta_missing:series_too_short,1,,,series_too_short,,no_price_series,,0.9459,-0.096128,,mid,small,sev2,drug_developer,morningstar,,,drawdown,1,0.7153062296459712154638092237,50,41.25000000000000000000000000,55.0,50,44.97409587042905286454403702,33.11352547658568482470700670,43.864,-0.0045,2.0,588,1,0.0,0.0074,0,0,0.0,0.4,0.5,other,0.7369,highly_crowded,1.0,72,0.1,0.69958,0.5232,13.24,0.119748,-1.1762
ANNX,"Annexon, Inc.",40,0.52,C,mod_opt+no_catalyst_data,C,mod_opt+no_catalyst_data,,0.027311,,0,0.50463,1,0.49537,,0,no_upcoming,9,neutral,drawdown_data_missing,M,sponsor_confirmed|runway_short,smart_money_score:+22.6;financial_score:-18.3;catalyst_score:-7.7,tier=C;reason=mod_opt+no_catalyst_data;cat_days=NA;strength=missing;decay_w=0.0,v1.3.0,31f399e0,1,,0,,"{""burn_ttm"": 140430000.0, ""cash_total"": 139419000.0, ""dilution_risk"": null, ""has_revenue"": null, ""lead_phase"": null, ""runway_months"": 11.913608203375347, ""stage_bucket"": ""mid"", ""surv_score"": ""0.0"", ""tier1_count"": 4}",mid|none|nonpos,0.1,,0.4225,0,1,0.2623,-1.2234,4,4,buying,0.4865,elite_4,0.0,0.0,0.0,,,0.0,0,0,0,True,False,True,missing,0.0,short,<=1000bps,834.55,0.85,1,0,1.0,0,1.0,0,,False,no_upcoming,,,beta_missing:insufficient_overlap,4,,,insufficient_overlap,,series_too_short,60.9021,0.9497,-0.096128,,mid,small,sev2,drug_developer,morningstar,,,drawdown,1,0.7951092436974789915966386555,50,41.25000000000000000000000000,71.5,53.23,51.27659574468085106382978723,30.63920325939339067451335446,49.7607,0.2462,2.0,518,4,1.0,0.041,0,0,0.0,0.3,0.55,ophthalmology,0.7369,highly_crowded,1.0,7,0.1,0.972689,1.9219,17.06,0.283613,-0.5721
NGNE,Neurogene Inc.,41,0.71,C,mod_opt+no_catalyst_data,C,mod_opt+no_catalyst_data,,0.296218,,0,0.560185,1,0.439815,,0,no_upcoming,9,tailwind,,L,sponsor_confirmed|momentum_tailwind|cost_haircut_<=2000bps,smart_money_score:+26.7;catalyst_score:-17.0;clinical_score:-11.6,tier=C;reason=mod_opt+no_catalyst_data;cat_days=NA;strength=missing;decay_w=0.0,v1.3.0,31f399e0,1,,0,,"{""burn_ttm"": 59744000.0, ""cash_total"": 265410000.0, ""dilution_risk"": null, ""has_revenue"": null, ""lead_phase"": null, ""runway_months"": 53.30945366898768, ""stage_bucket"": ""early"", ""surv_score"": ""5.0"", ""tier1_count"": 8}",early|none|nonpos,0.1,,-1.4833,,0,0.0728,-1.6757,8,8,buying,2.1057,elite_8,0.0,0.0,0.0,,,0.0,0,0,0,True,False,True,missing,0.0,adequate,<=2000bps,1586.17,0.7,1,0,1.0,0,1.0,0,,False,no_upcoming,-0.089026,price_history,,8,1.6248,price_history,,-0.272141,,52.5926,0.823,-0.096128,-0.176013,early,small,none,drug_developer,morningstar,,,,0,0.7319601040763226366001734605,53.72,41.25000000000000000000000000,85,67.69,46.70096021947873799725651577,64.64705882352941176470588235,45.1813,0.0515,0.0,48,3,0.0,0.0,0,0,0.0,0.0,0.65,rare_disease,0.7369,highly_crowded,1.0,71,0.1,0.703782,0.5353,32.84,0.628151,0.327
CHRS,"Coherus Oncology, Inc.",42,0.11,C,mod_opt+no_catalyst_data,C,mod_opt+no_catalyst_data,,0.842437,,0,0.439815,1,0.560185,,0,no_upcoming,9,headwind,,XS,momentum_headwind|cost_haircut_<=2000bps,financial_score:+14.1;catalyst_score:-11.7;momentum_score:-6.6,tier=C;reason=mod_opt+no_catalyst_data;cat_days=NA;strength=missing;decay_w=0.0,v1.3.0,31f399e0,1,,0,,"{""burn_ttm"": 118797000.0, ""cash_total"": 191663000.0, ""dilution_risk"": null, ""has_revenue"": null, ""lead_phase"": null, ""runway_months"": 18.31919011700611, ""stage_bucket"": ""late"", ""surv_score"": ""2.0"", ""tier1_count"": 1}",late|none|nonpos,-0.005677508064516129,,0.9286,0,1,0.4022,-0.8894,1,1,buying,-0.728,elite_1,0.0,0.0,0.0,,,0.0,0,0,0,True,False,True,missing,0.0,adequate,<=2000bps,1725.6,0.7,1,0,1.0,0,1.0,0,,False,no_upcoming,-0.026654,price_history,,1,0.9227,price_history,,-0.139814,,55.06,0.9928,-0.096128,-0.043686,late,micro,none,drug_developer,morningstar,,,,0,0.7863141857578151450174923823,46.31,41.25000000000000000000000000,55.5,85.64,54.65517241379310344827586207,67.06896551724137931034482759,54.1893,0.4346,3.0,,7,1.0,0.0,0,0,0.0,0.3,0.95,oncology,-0.4386,uncrowded,1.0,201,-0.005677508064516129,0.157563,-1.0045,30.72,0.611345,0.2828
KALV,"KalVista Pharmaceuticals, Inc.",43,0.86,C,low_opt+no_catalyst_data,C,low_opt+no_catalyst_data,,0.237395,,0,0.282407,1,0.717593,,0,no_upcoming,9,tailwind,,L,sponsor_confirmed|momentum_tailwind,catalyst_score:-12.0;clinical_score:+10.8;financial_score:-2.3,tier=C;reason=low_opt+no_catalyst_data;cat_days=NA;strength=missing;decay_w=0.0,v1.3.0,31f399e0,1,,0,,"{""burn_ttm"": 126985000.0, ""cash_total"": 243497000.0, ""dilution_risk"": null, ""has_revenue"": null, ""lead_phase"": null, ""runway_months"": 23.010308304130408, ""stage_bucket"": ""mid"", ""surv_score"": ""1.0"", ""tier1_count"": 2}",mid|none|pos,0.1,,0.4358,0,1,0.791,0.0385,2,2,selling,-0.3232,elite_2,0.0,0.0,0.0,,,0.0,0,0,0,True,False,True,missing,0.0,adequate,<=1000bps,753.69,0.85,1,0,1.0,0,1.0,0,,False,no_upcoming,0.069995,price_history,,2,1.2335,price_history,,-0.274246,,60.4071,0.6376,-0.096128,-0.178118,mid,small,sev1,drug_developer,morningstar,,,,0,0.8473684906929804888988562458,55.33,41.25000000000000000000000000,54.5,37.10,64.04255319148936170212765958,50.89361702127659574468085106,63.3303,0.8232,2.0,102,2,0.3333,0.4274,0,1,0.0,0.4,0.55,ophthalmology,0.7369,highly_crowded,1.0,57,0.1,0.762605,0.7147,39.91,0.771008,0.7422
FDMT,"4D Molecular Therapeutics, Inc.",44,0.21,C,mod_opt+no_catalyst_data,C,mod_opt+no_catalyst_data,,0.182773,,0,0.449074,1,0.550926,,0,no_upcoming,9,neutral,drawdown_data_missing,S,cost_haircut_<=2000bps,catalyst_score:-10.6;financial_score:+7.0;smart_money_score:+3.2,tier=C;reason=mod_opt+no_catalyst_data;cat_days=NA;strength=missing;decay_w=0.0,v1.3.0,31f399e0,1,,0,,"{""burn_ttm"": 137633000.0, ""cash_total"": 305063000.0, ""dilution_risk"": null, ""has_revenue"": null, ""lead_phase"": null, ""runway_months"": 26.597952525920384, ""stage_bucket"": ""early"", ""surv_score"": ""3.0"", ""tier1_count"": 1}",early|none|nonpos,0.1,,-1.3401,1952,1,0.382,-0.9377,1,1,neutral,-0.728,elite_1,0.0,0.0,0.0,,,0.0,0,0,0,True,False,True,missing,0.0,adequate,<=2000bps,1082.73,0.7,1,0,1.0,0,1.0,0,,False,no_upcoming,,,beta_missing:series_too_short,1,,,series_too_short,,no_price_series,,0.8446,-0.096128,,early,small,none,drug_developer,morningstar,,,drawdown,1,0.7671414665801427644386761843,50,41.25000000000000000000000000,55.0,61.79,54.16666666666666666666666666,58.82352941176470588235294118,52.9828,0.3833,1.0,1952,4,1.0,0.0,0,0,0.0,0.3,0.65,rare_disease,0.2667,moderate,1.0,44,0.1,0.817227,0.9048,39.07,0.762605,0.7147
ACLX,"Arcellx, Inc.",45,1.01,C,mod_opt+no_catalyst_data,C,mod_opt+no_catalyst_data,,0.010504,,0,0.430556,1,0.569444,,0,no_upcoming,9,neutral,drawdown_data_missing,L,sponsor_confirmed,smart_money_score:+28.4;financial_score:-20.0;catalyst_score:-10.3,tier=C;reason=mod_opt+no_catalyst_data;cat_days=NA;strength=missing;decay_w=0.0,v1.3.0,31f399e0,1,,0,,"{""burn_ttm"": 152083000.0, ""cash_total"": 461383000.0, ""dilution_risk"": null, ""has_revenue"": null, ""lead_phase"": null, ""runway_months"": 36.40509458650868, ""stage_bucket"": ""early"", ""surv_score"": ""5.0"", ""tier1_count"": 7}",early|none|nonpos,0.1,,-1.3378,1497,1,0.4165,-0.8553,7,7,buying,1.7009,elite_7,0.0,0.0,0.0,,,0.0,0,0,0,True,False,True,missing,0.0,adequate,<=400bps,207.9,1.0,0,0,1.0,0,1.0,0,,False,no_upcoming,,,beta_missing:series_too_short,7,,,series_too_short,,no_price_series,,0.5575,-0.096128,,early,mid,none,drug_developer,morningstar,,,drawdown,1,0.8020826998961578400830737279,50,41.25000000000000000000000000,80.0,50,55.00000000000000000000000000,31.52709190672153635116598080,54.1841,0.4343,1.0,1497,1,0.0,0.0,0,0,0.0,0.3,0.85,oncology,0.7369,highly_crowded,1.0,3,0.1,0.989496,2.3078,41.69,0.813025,0.8891
RVMD,"Revolution Medicines, Inc.",46,0.61,C,mod_opt+no_catalyst_data,C,mod_opt+no_catalyst_data,,0.388655,,0,0.402778,1,0.597222,,0,no_upcoming,9,headwind,,M,sponsor_confirmed|momentum_headwind,smart_money_score:+22.6;momentum_score:-15.8;catalyst_score:-13.1,tier=C;reason=mod_opt+no_catalyst_data;cat_days=NA;strength=missing;decay_w=0.0,v1.3.0,31f399e0,1,,0,,"{""burn_ttm"": 897741000.0, ""cash_total"": 2025679000.0, ""dilution_risk"": null, ""has_revenue"": null, ""lead_phase"": null, ""runway_months"": 27.077016645112565, ""stage_bucket"": ""early"", ""surv_score"": ""5.0"", ""tier1_count"": 8}",early|none|nonpos,0.1,,-1.3196,529,1,0.4855,-0.6906,8,8,buying,2.1057,elite_8,0.0,0.0,0.0,,,0.0,0,0,0,True,False,True,missing,0.0,adequate,<=400bps,174.63,1.0,0,0,1.0,0,1.0,0,,False,no_upcoming,-0.165307,price_history,,8,0.5146,price_history,,-0.270717,,58.0933,0.4254,-0.096128,-0.174589,early,large,none,drug_developer,morningstar,,,,0,0.8104326498422712933753943218,38.56,41.25000000000000000000000000,77.0,14.62,56.66666666666666666666666667,58.50000000000000000000000000,55.8508,0.5052,1.0,529,3,0.6667,0.0031,0,0,0.0,0.3,0.85,oncology,0.7369,highly_crowded,1.0,93,0.1,0.611345,0.2828,46.62,0.892857,1.2419
COGT,"Cogent Biosciences, Inc.",47,1.01,C,mod_opt+no_catalyst_data,C,mod_opt+no_catalyst_data,,0.119748,,0,0.375,1,0.625,,0,no_upcoming,9,tailwind,high_vol,L,sponsor_confirmed|momentum_tailwind|high_risk,financial_score:-45.1;momentum_score:+37.8;smart_money_score:+26.2,tier=C;reason=mod_opt+no_catalyst_data;cat_days=NA;strength=missing;decay_w=0.0,v1.3.0,31f399e0,1,,0,,"{""burn_ttm"": 264444000.0, ""cash_total"": 312012000.0, ""dilution_risk"": null, ""has_revenue"": null, ""lead_phase"": null, ""runway_months"": 14.158551526977357, ""stage_bucket"": ""early"", ""surv_score"": ""0.0"", ""tier1_count"": 7}",early|none|nonpos,0.1,,-0.1359,0,1,0.52,-0.6082,7,7,buying,1.7009,elite_7,0.0,0.0,0.0,,,0.0,0,0,0,True,False,True,missing,0.0,adequate,<=400bps,346.16,1.0,0,0,1.0,0,1.0,0,,False,no_upcoming,3.890106,price_history,,7,1.0124,price_history,,-0.135542,,56.5823,2.489,-0.096128,-0.039414,early,mid,sev1,drug_developer,morningstar,,,,0,0.7698424936667033814296728715,96.55,41.25000000000000000000000000,85,26.41,57.50000000000000000000000000,13.69170096021947873799725652,57.7553,0.5862,1.0,24,4,1.0,0.2047,1,0,0.0,0.3,0.85,oncology,-0.4386,uncrowded,1.0,29,0.1,0.880252,1.1762,25.33,0.523109,0.058
ALDX,"Aldeyra Therapeutics, Inc.",48,0.71,C,mod_opt+no_catalyst_data,C,mod_opt+no_catalyst_data,,0.783613,,0,0.393519,1,0.606481,,0,no_upcoming,9,tailwind,,L,sponsor_confirmed|momentum_tailwind|cost_haircut_<=2000bps,momentum_score:+21.6;catalyst_score:-17.9;financial_score:-3.2,tier=C;reason=mod_opt+no_catalyst_data;cat_days=NA;strength=missing;decay_w=0.0,v1.3.0,31f399e0,1,,0,,"{""burn_ttm"": 28046337.0, ""cash_total"": 75297339.0, ""dilution_risk"": null, ""has_revenue"": null, ""lead_phase"": null, ""runway_months"": 25.71376390435585, ""stage_bucket"": ""late"", ""surv_score"": ""2.0"", ""tier1_count"": 2}",late|none|nonpos,-0.005677508064516129,,-0.0757,172,1,0.4879,-0.6849,2,2,buying,-0.3232,elite_2,0.0,0.0,0.0,,,0.0,0,0,0,True,False,True,missing,0.0,adequate,<=2000bps,1320.43,0.7,1,0,1.0,0,1.0,0,,False,no_upcoming,0.383546,price_history,,2,1.0387,price_history,,-0.097855,,51.6669,,-0.096128,-0.001727,late,small,none,drug_developer,morningstar,,,,0,0.8101043621013133208255159475,80.66,41.25000000000000000000000000,61.0,89.60,56.72413793103448275862068966,55.86956521739130434782608696,55.9712,0.5103,3.0,172,9,1.0,0.3642,0,1,0.0,0.6,0.55,ophthalmology,0.2667,moderate,1.0,187,-0.005677508064516129,0.216387,-0.7845,30.03,0.598739,0.2501
CMPX,"Compass Therapeutics, Inc.",49,0.52,C,mod_opt+no_catalyst_data,C,mod_opt+no_catalyst_data,,0.111345,,0,0.328704,1,0.671296,,0,no_upcoming,9,neutral,drawdown_data_missing,M,,catalyst_score:-10.0;clinical_score:+9.6;financial_score:+1.7,tier=C;reason=mod_opt+no_catalyst_data;cat_days=NA;strength=missing;decay_w=0.0,v1.3.0,31f399e0,1,,0,,"{""burn_ttm"": 35889000.0, ""cash_total"": 219895000.0, ""dilution_risk"": null, ""has_revenue"": null, ""lead_phase"": null, ""runway_months"": 73.5250355262058, ""stage_bucket"": ""early"", ""surv_score"": ""5.0"", ""tier1_count"": 0}",early|none|nonpos,0.1,,-1.3026,1228,1,0.6581,-0.2787,0,0,neutral,-1.1328,,0.0,0.0,0.0,,,0.0,0,0,0,True,False,True,missing,0.0,adequate,<=1000bps,913.08,0.85,1,0,1.0,0,1.0,0,,False,no_upcoming,,,beta_missing:series_too_short,0,,,series_too_short,,no_price_series,,,-0.096128,,early,small,none,drug_developer,morningstar,,,drawdown,1,0.7895995032598571872089413226,50,41.25000000000000000000000000,,50,60.83333333333333333333333334,53.0000,60.0174,0.6824,1.0,1228,2,0.3333,0.0,0,0,0.0,0.3,0.85,oncology,0.7369,highly_crowded,1.0,27,0.1,0.888655,1.2194,47.50,0.909664,1.3387
SGMT,Sagimet Biosciences Inc. - Seri,50,0.21,C,mod_opt+no_catalyst_data,C,mod_opt+no_catalyst_data,,0.405462,,0,0.319444,1,0.680556,,0,no_upcoming,9,neutral,drawdown_data_missing,S,cost_haircut_<=2000bps,financial_score:+20.0;catalyst_score:-14.9;momentum_score:-6.2,tier=C;reason=mod_opt+no_catalyst_data;cat_days=NA;strength=missing;decay_w=0.0,v1.3.0,31f399e0,1,,0,,"{""burn_ttm"": 33817000.0, ""cash_total"": 116693000.0, ""dilution_risk"": null, ""has_revenue"": null, ""lead_phase"": null, ""runway_months"": 41.40864062453795, ""stage_bucket"": ""mid"", ""surv_score"": ""5.0"", ""tier1_count"": 1}",mid|none|nonpos,0.1,,0.4333,0,1,0.6588,-0.277,1,1,neutral,-0.728,elite_1,0.0,0.0,0.0,,,0.0,0,0,0,True,False,True,missing,0.0,adequate,<=2000bps,1650.31,0.7,1,0,1.0,0,1.0,0,,False,no_upcoming,,,beta_missing:series_too_short,1,,,series_too_short,,no_price_series,,0.6734,-0.096128,,mid,micro,none,drug_developer,morningstar,,,drawdown,1,0.7593805888767720828789531080,50,41.25000000000000000000000000,52.5,82.26,60.85106382978723404255319149,76.17021276595744680851063830,60.441,0.7004,2.0,400,4,1.0,0.0357,0,0,0.0,0.4,0.95,oncology,0.7369,highly_crowded,1.0,97,0.1,0.594538,0.2392,41.26,0.80042,0.8431
BCAX,Bicara Therapeutics Inc.,51,0.43,C,mod_opt+no_catalyst_data,C,mod_opt+no_catalyst_data,,0.052521,,0,0.356481,1,0.643519,,0,no_upcoming,9,neutral,drawdown_data_missing,M,sponsor_confirmed|cost_haircut_<=2000bps,catalyst_score:-17.1;smart_money_score:+13.2;financial_score:+12.2,tier=C;reason=mod_opt+no_catalyst_data;cat_days=NA;strength=missing;decay_w=0.0,v1.3.0,31f399e0,1,,0,,"{""burn_ttm"": 82948000.0, ""cash_total"": 290167000.0, ""dilution_risk"": null, ""has_revenue"": null, ""lead_phase"": null, ""runway_months"": 41.9781549886676, ""stage_bucket"": ""early"", ""surv_score"": ""5.0"", ""tier1_count"": 4}",early|none|nonpos,0.1,,-1.3161,2316,1,0.5546,-0.5258,4,4,buying,0.4865,elite_4,0.0,0.0,0.0,,,0.0,0,0,0,True,False,True,missing,0.0,adequate,<=2000bps,1066.54,0.7,1,0,1.0,0,1.0,0,,False,no_upcoming,,,beta_missing:series_too_short,4,,,series_too_short,,no_price_series,,0.6287,-0.096128,,early,small,none,drug_developer,morningstar,,,drawdown,1,0.7275480669836675625387636965,50,41.25000000000000000000000000,71.5,50,58.33333333333333333333333333,70.47058823529411764705882353,57.5174,0.5761,1.0,2316,1,0.0,0.0,0,0,0.0,0.3,0.85,oncology,0.7369,highly_crowded,1.0,13,0.1,0.947479,1.6209,42.72,0.82563,0.937
INBX,"Inhibrx Biosciences, Inc.",52,0.86,C,low_opt+no_catalyst_data,C,low_opt+no_catalyst_data,,0.228992,,0,0.291667,1,0.708333,,0,no_upcoming,9,neutral,drawdown_data_missing,L,sponsor_confirmed,financial_score:-32.6;smart_money_score:+19.4;clinical_score:+16.2,tier=C;reason=low_opt+no_catalyst_data;cat_days=NA;strength=missing;decay_w=0.0,v1.3.0,31f399e0,1,,0,,"{""burn_ttm"": 99672000.0, ""cash_total"": 153088000.0, ""dilution_risk"": null, ""has_revenue"": null, ""lead_phase"": null, ""runway_months"": 18.431013725018058, ""stage_bucket"": ""early"", ""surv_score"": ""3.0"", ""tier1_count"": 3}",early|none|nonpos,0.1,,-1.294,720,1,0.7616,-0.0316,3,3,buying,0.0816,elite_3,0.0,0.0,0.0,,,0.0,0,0,0,True,False,True,missing,0.0,adequate,<=1000bps,811.15,0.85,1,0,1.0,0,1.0,0,,False,no_upcoming,,,beta_missing:series_too_short,3,,,series_too_short,,no_price_series,,0.7023,-0.096128,,early,small,sev1,drug_developer,morningstar,,,drawdown,1,0.7673758788534342888047593294,50,41.25000000000000000000000000,66.5,50.00,63.33333333333333333333333333,14.49634755863129565551710880,62.5174,0.7887,1.0,720,4,1.0,0.0006,0,0,0.0,0.3,0.85,oncology,0.7369,highly_crowded,1.0,55,0.1,0.771008,0.7422,28.11,0.573529,0.1854
TCRX,"TScan Therapeutics, Inc.",53,0.33,C,low_opt+no_catalyst_data,C,low_opt+no_catalyst_data,,0.439076,,0,0.263889,1,0.736111,,0,no_upcoming,9,neutral,drawdown_data_missing,M,sponsor_confirmed|cost_haircut_>2000bps,financial_score:-20.9;clinical_score:+16.5;smart_money_score:+11.7,tier=C;reason=low_opt+no_catalyst_data;cat_days=NA;strength=missing;decay_w=0.0,v1.3.0,31f399e0,1,,0,,"{""burn_ttm"": 103317000.0, ""cash_total"": 184453000.0, ""dilution_risk"": null, ""has_revenue"": null, ""lead_phase"": null, ""runway_months"": 21.003529947620134, ""stage_bucket"": ""early"", ""surv_score"": ""3.0"", ""tier1_count"": 2}",early|none|pos,0.1,,-1.3838,,0,0.8652,0.2155,2,2,buying,-0.3232,elite_2,0.0,0.0,0.0,,,0.0,0,0,0,True,False,True,missing,0.0,adequate,>2000bps,2036.0,0.55,1,0,1.0,0,1.0,0,,False,no_upcoming,,,beta_missing:series_too_short,2,,,series_too_short,,no_price_series,,,-0.096128,,early,micro,sev1,drug_developer,morningstar,,,drawdown,1,0.7185991578514943000924309336,50,41.25000000000000000000000000,61.0,50,65.83333333333333333333333333,28.34705075445816186556927298,64.0233,0.8527,0.0,227,1,0.0,0.0,0,0,0.0,0.0,0.55,infectious_disease,0.7369,highly_crowded,1.0,105,0.1,0.560924,0.1533,25.00,0.510504,0.0263
SABS,"SAB Biotherapeutics, Inc.",54,0.17,C,mod_opt+no_catalyst_data,C,mod_opt+no_catalyst_data,,0.392857,,0,0.300926,1,0.699074,,0,no_upcoming,9,neutral,drawdown_data_missing,S,cost_haircut_>2000bps,catalyst_score:-14.0;financial_score:+12.0;clinical_score:+6.9,tier=C;reason=mod_opt+no_catalyst_data;cat_days=NA;strength=missing;decay_w=0.0,v1.3.0,31f399e0,1,,0,,"{""burn_ttm"": 27998784.0, ""cash_total"": 110880633.0, ""dilution_risk"": null, ""has_revenue"": null, ""lead_phase"": null, ""runway_months"": 47.52233511283919, ""stage_bucket"": ""mid"", ""surv_score"": ""5.0"", ""tier1_count"": 1}",mid|none|nonpos,0.1,,-0.4265,117,1,0.7117,-0.1508,1,1,buying,-0.728,elite_1,0.0,0.0,0.0,,,0.0,0,0,0,True,False,True,missing,0.0,adequate,>2000bps,2020.0,0.55,1,0,1.0,0,1.0,0,,False,no_upcoming,,,beta_missing:series_too_short,1,,,series_too_short,,no_price_series,,,-0.096128,,mid,micro,none,drug_developer,morningstar,,,drawdown,1,0.7640141689373297002724795640,50,41.25000000000000000000000000,55.5,88.71,62.12765957446808510638297872,67.23404255319148936170212766,61.1097,0.7288,2.0,587,4,1.0,0.1927,0,0,0.0,0.4,0.55,infectious_disease,0.7369,highly_crowded,1.0,94,0.1,0.607143,0.2719,43.30,0.85084,1.04
KYMR,"Kymera Therapeutics, Inc.",55,1.01,C,mod_opt+no_catalyst_data,C,mod_opt+no_catalyst_data,,0.25,,0,0.337963,1,0.662037,,0,no_upcoming,9,neutral,,L,sponsor_confirmed,financial_score:-29.0;smart_money_score:+22.7;clinical_score:+11.7,tier=C;reason=mod_opt+no_catalyst_data;cat_days=NA;strength=missing;decay_w=0.0,v1.3.0,31f399e0,1,,0,,"{""burn_ttm"": 232891000.0, ""cash_total"": 357011000.0, ""dilution_risk"": null, ""has_revenue"": null, ""lead_phase"": null, ""runway_months"": 18.39543820929104, ""stage_bucket"": ""early"", ""surv_score"": ""3.0"", ""tier1_count"": 5}",early|none|nonpos,0.1,,-1.4106,,0,0.6236,-0.3611,5,5,buying,0.8913,elite_5,0.0,0.0,0.0,,,0.0,0,0,0,True,False,True,missing,0.0,adequate,<=400bps,334.94,1.0,0,0,1.0,0,1.0,0,,False,no_upcoming,,,beta_missing:insufficient_overlap,5,1.2991,,insufficient_overlap,-0.2367,,20.3932,0.8541,-0.096128,-0.140572,early,mid,none,drug_developer,morningstar,,,,0,0.7730581458333333333333333333,50,41.25000000000000000000000000,71.0,50,60.00000000000000000000000000,19.30486968449931412894375857,58.1899,0.6047,0.0,208,1,0.0,0.0,0,0,0.0,0.0,0.5,dermatology,0.7369,crowded,1.0,60,0.1,0.75,0.6745,30.39,0.607143,0.2719
DNLI,Denali Therapeutics Inc.,56,0.86,C,low_opt+no_catalyst_data,C,low_opt+no_catalyst_data,,0.14916,,0,0.217593,1,0.782407,,0,no_upcoming,9,tailwind,,L,sponsor_confirmed|momentum_tailwind,catalyst_score:-22.0;financial_score:+15.4;momentum_score:+5.1,tier=C;reason=low_opt+no_catalyst_data;cat_days=NA;strength=missing;decay_w=0.0,v1.3.0,31f399e0,1,,0,,"{""burn_ttm"": 314062000.0, ""cash_total"": 848204000.0, ""dilution_risk"": null, ""has_revenue"": null, ""lead_phase"": null, ""runway_months"": 32.40904025319841, ""stage_bucket"": ""early"", ""surv_score"": ""5.0"", ""tier1_count"": 3}",early|none|pos,0.1,,-0.0805,0,1,0.9342,0.3803,3,3,buying,0.0816,elite_3,0.0,0.0,0.0,,,0.0,0,0,0,True,False,True,missing,0.0,adequate,<=1000bps,533.31,0.85,1,0,1.0,0,1.0,0,,False,no_upcoming,0.103789,price_history,,3,0.8305,price_history,,-0.072085,,55.7059,0.5691,-0.096128,0.024043,early,mid,none,drug_developer,morningstar,,,,0,0.8406780851998243302591128678,68.34,41.25000000000000000000000000,60.5,38.21,67.50000000000000000000000000,78.66666666666666666666666667,66.7626,0.9692,1.0,340,6,1.0,0.0147,0,0,0.0,0.4,0.6,cns,-0.4386,uncrowded,1.0,36,0.1,0.85084,1.04,57.03,0.997899,2.8626
EDIT,"Editas Medicine, Inc.",57,0.21,C,low_opt+no_catalyst_data,C,low_opt+no_catalyst_data,,0.157563,,0,0.236111,1,0.763889,,0,no_upcoming,9,tailwind,,S,momentum_tailwind|runway_short|cost_haircut_<=2000bps,financial_score:-35.5;momentum_score:+20.7;clinical_score:+20.1,tier=C;reason=low_opt+no_catalyst_data;cat_days=NA;strength=missing;decay_w=0.0,v1.3.0,31f399e0,1,,0,,"{""burn_ttm"": 128854000.0, ""cash_total"": 165648000.0, ""dilution_risk"": null, ""has_revenue"": null, ""lead_phase"": null, ""runway_months"": 14.22828421495472, ""stage_bucket"": ""early"", ""surv_score"": ""0.0"", ""tier1_count"": 0}",early|none|pos,0.1,,-1.2722,1729,1,0.8997,0.2979,0,0,neutral,-1.1328,,0.0,0.0,0.0,,,0.0,0,0,0,True,False,True,missing,0.0,short,<=2000bps,1626.3,0.7,1,0,1.0,0,1.0,0,,False,no_upcoming,0.187592,price_history,,0,1.598,price_history,,-0.059203,,53.6558,0.8096,-0.096128,0.036925,early,micro,sev2,drug_developer,morningstar,,,,0,0.7270899907226059169157818782,67.29,41.25000000000000000000000000,,50,66.66666666666666666666666667,11.00960219478737997256515774,65.1508,0.9006,1.0,1729,2,0.0,0.0,0,0,0.0,0.3,0.55,ophthalmology,0.7369,highly_crowded,1.0,38,0.1,0.842437,1.0045,13.42,0.132353,-1.1153
SLN,Silence Therapeutics Plc - Amer,58,0.33,C,low_opt,C,low_opt,,0.409664,,0,0.199074,1,0.800926,398,0,specific_days,9,neutral,drawdown_data_missing,M,catalyst_far_lift|cost_haircut_>2000bps,clinical_score:+12.9;catalyst_score:-9.9;financial_score:+8.5,tier=C;reason=low_opt;cat_days=398;strength=far;decay_w=0.3,v1.3.0,31f399e0,1,,0,,"{""burn_ttm"": 44984000.0, ""cash_total"": 102192000.0, ""dilution_risk"": null, ""has_revenue"": null, ""lead_phase"": null, ""runway_months"": 27.26089276187089, ""stage_bucket"": ""early"", ""surv_score"": ""4.0"", ""tier1_count"": 1}",early|far_271_540|pos,0.1,,-0.0787,0,1,0.9687,0.4626,1,1,selling,-0.728,elite_1,0.0,0.0,0.0,,,0.0,0,0,0,True,False,True,far,0.3,adequate,>2000bps,2020.0,0.55,1,0,1.0,0,1.0,0,398,False,specific_days,,,beta_missing:series_too_short,1,,,series_too_short,,no_price_series,,0.6409,-0.096128,,early,micro,none,drug_developer,morningstar,,,drawdown,1,0.7049351891202719932001699958,50,45.56250000000000000000000000,49.5,73.59,68.33333333333333333333333334,64.00000000000000000000000000,67.9233,1.0185,1.0,398,3,0.6667,0.0091,0,0,0.0,0.4,0.85,oncology,0.7369,highly_crowded,1.0,98,0.1,0.590336,0.2284,45.78,0.884454,1.1975
PGEN,"Precigen, Inc.",59,0.86,C,low_opt+no_catalyst_data,C,low_opt+no_catalyst_data,,0.329832,,0,0.143519,1,0.856481,,0,no_upcoming,9,tailwind,,L,momentum_tailwind,financial_score:-45.5;momentum_score:+39.5;clinical_score:+18.1,tier=C;reason=low_opt+no_catalyst_data;cat_days=NA;strength=missing;decay_w=0.0,v1.3.0,31f399e0,1,,0,,"{""burn_ttm"": 64371000.0, ""cash_total"": 121135000.0, ""dilution_risk"": null, ""has_revenue"": null, ""lead_phase"": null, ""runway_months"": 22.581908002050614, ""stage_bucket"": ""early"", ""surv_score"": ""0.0"", ""tier1_count"": 1}",early|none|pos,0.1,,-0.0693,0,1,1.1413,0.8745,1,1,buying,-0.728,elite_1,0.0,0.0,0.0,,,0.0,0,0,0,True,False,True,missing,0.0,adequate,<=1000bps,775.44,0.85,1,0,1.0,0,1.0,0,,False,no_upcoming,0.805216,price_history,,1,1.7343,price_history,,-0.137691,,65.9655,0.8424,-0.096128,-0.041563,early,small,sev1,drug_developer,morningstar,,,,0,0.7474750217202432667245873154,93.93,41.25000000000000000000000000,55.5,44.10,72.50000000000000000000000000,8.863129565551710880430603611,72.0899,1.1957,1.0,411,4,1.0,0.0081,0,0,0.0,0.4,0.85,oncology,0.7369,highly_crowded,1.0,79,0.1,0.670168,0.4404,25.15,0.514706,0.0369
CTNM,"Contineum Therapeutics, Inc.",60,0.43,C,low_opt+no_catalyst_data,C,low_opt+no_catalyst_data,,0.140756,,0,0.162037,1,0.837963,,0,no_upcoming,9,neutral,drawdown_data_missing,M,sponsor_confirmed|cost_haircut_<=2000bps,catalyst_score:-19.8;smart_money_score:+19.0;momentum_score:-11.0,tier=C;reason=low_opt+no_catalyst_data;cat_days=NA;strength=missing;decay_w=0.0,v1.3.0,31f399e0,1,,0,,"{""burn_ttm"": 42270000.0, ""cash_total"": 182407000.0, ""dilution_risk"": null, ""has_revenue"": null, ""lead_phase"": null, ""runway_months"": 51.783392476934, ""stage_bucket"": ""early"", ""surv_score"": ""5.0"", ""tier1_count"": 7}",early|none|pos,0.1,,-1.2098,293,1,1.0895,0.7509,7,7,buying,1.7009,elite_7,0.0,0.0,0.0,,,0.0,0,0,0,True,False,True,missing,0.0,adequate,<=2000bps,1652.63,0.7,1,0,1.0,0,1.0,0,,False,no_upcoming,,,beta_missing:series_too_short,7,,,series_too_short,,no_price_series,,0.783,-0.096128,,early,small,none,drug_developer,morningstar,,,drawdown,1,0.7301157383486617753435982226,50,41.25000000000000000000000000,80.0,50,71.25000000000000000000000000,62.70588235294117647058823529,70.1399,1.1128,1.0,293,1,0.0,0.0218,0,0,0.0,0.4,0.5,other,0.7369,highly_crowded,1.0,34,0.1,0.859244,1.0769,48.38,0.926471,1.45
LXEO,"Lexeo Therapeutics, Inc.",61,0.21,C,low_opt+no_catalyst_data,C,low_opt+no_catalyst_data,,0.279412,,0,0.134259,1,0.865741,,0,no_upcoming,9,neutral,drawdown_data_missing,S,cost_haircut_<=2000bps,financial_score:-27.5;clinical_score:+25.3;smart_money_score:+7.0,tier=C;reason=low_opt+no_catalyst_data;cat_days=NA;strength=missing;decay_w=0.0,v1.3.0,31f399e0,1,,0,,"{""burn_ttm"": 78482000.0, ""cash_total"": 111914000.0, ""dilution_risk"": null, ""has_revenue"": null, ""lead_phase"": null, ""runway_months"": 17.111796335465456, ""stage_bucket"": ""early"", ""surv_score"": ""2.0"", ""tier1_count"": 1}",early|none|pos,0.1,,-1.2533,1532,1,1.1758,0.9569,1,1,neutral,-0.728,elite_1,0.0,0.0,0.0,,,0.0,0,0,0,True,False,True,missing,0.0,adequate,<=2000bps,1098.2,0.7,1,0,1.0,0,1.0,0,,False,no_upcoming,,,beta_missing:series_too_short,1,,,series_too_short,,no_price_series,,0.8592,-0.096128,,early,small,sev1,drug_developer,morningstar,,,drawdown,1,0.7256330749354005167958656331,50,41.25000000000000000000000000,55.0,50,73.33333333333333333333333333,20.50173010380622837370242214,72.1901,1.2,1.0,1532,1,0.0,0.0,0,0,0.0,0.3,0.6,cns,-0.4386,uncrowded,1.0,67,0.1,0.720588,0.5846,29.34,0.590336,0.2284
LBRX,LB Pharmaceuticals Inc,62,0.21,C,low_opt+no_catalyst_data,C,low_opt+no_catalyst_data,,0.254202,,0,0.180556,1,0.819444,,0,no_upcoming,9,neutral,drawdown_data_missing,S,cost_haircut_<=2000bps,financial_score:+18.6;catalyst_score:-18.4;momentum_score:-9.7,tier=C;reason=low_opt+no_catalyst_data;cat_days=NA;strength=missing;decay_w=0.0,v1.3.0,31f399e0,1,,0,,"{""burn_ttm"": 17105000.0, ""cash_total"": 314479000.0, ""dilution_risk"": null, ""has_revenue"": null, ""lead_phase"": null, ""runway_months"": 220.6225080385852, ""stage_bucket"": ""early"", ""surv_score"": ""4.0"", ""tier1_count"": 0}",early|none|pos,0.1,,-0.0762,0,1,1.0032,0.545,0,0,neutral,-1.1328,,0.0,0.0,0.0,,,0.0,0,0,0,True,False,True,missing,0.0,adequate,<=2000bps,1164.84,0.7,1,0,1.0,0,1.0,0,,False,no_upcoming,,,beta_missing:series_too_short,0,,,series_too_short,,no_price_series,,,-0.096128,,early,small,none,drug_developer,morningstar,,,drawdown,1,0.7639655165267847891410216558,50,41.25000000000000000000000000,,50,69.16666666666666666666666666,78.23529411764705882352941176,68.3053,1.0348,1.0,73,1,0.0,0.1361,1,0,0.0,0.3,0.6,cns,0.7369,highly_crowded,1.0,61,0.1,0.745798,0.6613,53.32,0.968487,1.859
LRMR,"Larimar Therapeutics, Inc.",63,0.26,C,low_opt+no_catalyst_data,C,low_opt+no_catalyst_data,,0.27521,,0,0.097222,1,0.902778,,0,no_upcoming,9,headwind,,S,sponsor_confirmed|momentum_headwind|runway_short,financial_score:-39.7;clinical_score:+29.9;smart_money_score:+26.4,tier=C;reason=low_opt+no_catalyst_data;cat_days=NA;strength=missing;decay_w=0.0,v1.3.0,31f399e0,1,,0,,"{""burn_ttm"": 45921000.0, ""cash_total"": 90140000.0, ""dilution_risk"": null, ""has_revenue"": null, ""lead_phase"": null, ""runway_months"": 23.55523616645979, ""stage_bucket"": ""early"", ""surv_score"": ""4.0"", ""tier1_count"": 5}",early|none|pos,0.1,,-0.669,64,1,1.2448,1.1216,5,5,buying,0.8913,elite_5,0.0,0.0,0.0,,,0.0,0,0,0,True,False,True,missing,0.0,short,<=1000bps,704.31,0.85,1,0,1.0,0,1.0,0,,False,no_upcoming,-0.200799,price_history,,5,0.0431,price_history,,-0.340604,,50.7955,0.7621,-0.096128,-0.244476,early,small,sev2,drug_developer,morningstar,,,,0,0.7284527687296416938110749186,32.22,41.25000000000000000000000000,71.5,55.90,75.00000000000000000000000000,5.401111111111111111111111112,74.6388,1.3041,1.0,64,2,0.0,0.1939,1,0,0.0,0.4,0.5,other,0.2667,crowded,1.0,66,0.1,0.72479,0.5971,16.42,0.25,-0.6745
OLMA,"Olema Pharmaceuticals, Inc.",64,0.52,C,low_opt+no_catalyst_data,C,low_opt+no_catalyst_data,,0.308824,,0,0.069444,1,0.930556,,0,no_upcoming,9,neutral,high_vol|drawdown_data_missing,M,sponsor_confirmed|high_risk,clinical_score:+21.6;financial_score:-14.3;catalyst_score:-13.8,tier=C;reason=low_opt+no_catalyst_data;cat_days=NA;strength=missing;decay_w=0.0,v1.3.0,31f399e0,1,,0,,"{""burn_ttm"": 108389000.0, ""cash_total"": 328960000.0, ""dilution_risk"": null, ""has_revenue"": null, ""lead_phase"": null, ""runway_months"": 36.41993191190988, ""stage_bucket"": ""early"", ""surv_score"": ""5.0"", ""tier1_count"": 3}",early|none|pos,0.1,,-1.2433,1432,1,1.3138,1.2864,3,3,buying,0.0816,elite_3,0.0,0.0,0.0,,,0.0,0,0,0,True,False,True,missing,0.0,adequate,<=1000bps,486.91,0.85,1,0,1.0,0,1.0,0,,False,no_upcoming,,,beta_missing:series_too_short,3,,,series_too_short,,no_price_series,,2.891,-0.096128,,early,small,none,drug_developer,morningstar,,,drawdown,1,0.7218145161290322580645161290,50,41.25000000000000000000000000,66.5,50,76.66666666666666666666666666,40.75086505190311418685121107,75.8508,1.3556,1.0,1432,1,0.0,0.0,0,0,0.0,0.3,0.85,oncology,0.7369,highly_crowded,1.0,74,0.1,0.691176,0.4992,39.05,0.758403,0.7012
VYGR,"Voyager Therapeutics, Inc.",65,0.08,C,low_opt+no_catalyst_data,C,low_opt+no_catalyst_data,,0.481092,,0,0.050926,1,0.949074,,0,no_upcoming,9,headwind,,XS,momentum_headwind|cost_haircut_>2000bps,clinical_score:+22.1;catalyst_score:-13.6;momentum_score:-9.4,tier=C;reason=low_opt+no_catalyst_data;cat_days=NA;strength=missing;decay_w=0.0,v1.3.0,31f399e0,1,,0,,"{""burn_ttm"": 102204000.0, ""cash_total"": 208930000.0, ""dilution_risk"": null, ""has_revenue"": null, ""lead_phase"": null, ""runway_months"": 24.530938123752495, ""stage_bucket"": ""early"", ""surv_score"": ""5.0"", ""tier1_count"": 1}",early|none|pos,0.1,,-0.0405,0,1,1.3276,1.3193,1,1,selling,-0.728,elite_1,0.0,0.0,0.0,,,0.0,0,0,0,True,False,True,missing,0.0,adequate,>2000bps,2020.0,0.55,1,0,1.0,0,1.0,0,,False,no_upcoming,-0.084938,price_history,,1,1.2503,price_history,,-0.197817,,48.8196,0.56,-0.096128,-0.101689,early,micro,none,drug_developer,morningstar,,,,0,0.8078069895899723815593796473,45.46,41.25000000000000000000000000,49.5,79.49,77.000,61.25000000000000000000000000,75.9126,1.3582,1.0,347,4,1.0,0.0139,0,0,0.0,0.4,0.6,cns,0.7369,highly_crowded,1.0,115,0.1,0.518908,0.0474,54.35,0.981092,2.0769
STRO,"Sutro Biopharma, Inc.",66,0.11,C,low_opt+no_catalyst_data,C,low_opt+no_catalyst_data,,0.426471,,0,0.032407,1,0.967593,,0,no_upcoming,9,headwind,,XS,sponsor_confirmed|momentum_headwind|runway_short|cost_haircut_<=2000bps,financial_score:-41.2;clinical_score:+29.6;smart_money_score:+19.1,tier=C;reason=low_opt+no_catalyst_data;cat_days=NA;strength=missing;decay_w=0.0,v1.3.0,31f399e0,1,,0,,"{""burn_ttm"": 150796000.0, ""cash_total"": 167594000.0, ""dilution_risk"": null, ""has_revenue"": null, ""lead_phase"": null, ""runway_months"": 13.336746332793973, ""stage_bucket"": ""early"", ""surv_score"": ""2.0"", ""tier1_count"": 3}",early|none|pos,0.1,,-1.2222,1266,1,1.3276,1.3193,3,3,buying,0.0816,elite_3,0.0,0.0,0.0,,,0.0,0,0,0,True,False,True,missing,0.0,short,<=2000bps,1967.55,0.7,1,0,1.0,0,1.0,0,,False,no_upcoming,-0.103414,price_history,,3,1.1122,price_history,,-0.205592,,63.8218,1.0735,-0.096128,-0.109464,early,small,sev2,drug_developer,morningstar,,,,0,0.7218399502435990463356483881,45.86,41.25000000000000000000000000,66.5,50,77.000,6.186082276047673971549404077,76.1841,1.3698,1.0,1266,2,0.3333,0.0,0,0,0.0,0.3,0.85,oncology,0.7369,highly_crowded,1.0,102,0.1,0.573529,0.1854,15.80,0.22479,-0.7561
PRLD,Prelude Therapeutics Incorporated,67,0.17,C,low_opt+no_catalyst_data,C,low_opt+no_catalyst_data,,0.334034,,0,0.023148,1,0.976852,,0,no_upcoming,9,neutral,drawdown_data_missing,S,sponsor_confirmed|runway_short|cost_haircut_>2000bps,financial_score:-40.1;clinical_score:+29.7;smart_money_score:+13.7,tier=C;reason=low_opt+no_catalyst_data;cat_days=NA;strength=missing;decay_w=0.0,v1.3.0,31f399e0,1,,0,,"{""burn_ttm"": 79421000.0, ""cash_total"": 54957000.0, ""dilution_risk"": null, ""has_revenue"": null, ""lead_phase"": null, ""runway_months"": 8.303647649865905, ""stage_bucket"": ""early"", ""surv_score"": ""-2.0"", ""tier1_count"": 2}",early|none|pos,0.1,,-1.2229,810,1,1.3276,1.3193,2,2,buying,-0.3232,elite_2,0.0,0.0,0.0,,,0.0,0,0,0,True,False,True,missing,0.0,short,>2000bps,2020.0,0.55,1,0,1.0,0,1.0,0,,False,no_upcoming,,,beta_missing:series_too_short,2,,,series_too_short,,no_price_series,,,-0.096128,,early,micro,sev2,drug_developer,morningstar,,,drawdown,1,0.7142139267767408470926058866,50,41.25000000000000000000000000,61.0,50,77.000,7.142061042524005486968449933,76.1841,1.3698,1.0,810,2,0.3333,0.0004,0,0,0.0,0.3,0.85,oncology,0.7369,highly_crowded,1.0,80,0.1,0.665966,0.4288,13.97,0.14916,-1.04
BCYC,Bicycle Therapeutics plc,68,0.33,C,low_opt+no_catalyst_data,C,low_opt+no_catalyst_data,,0.056723,,0,0.00463,1,0.99537,,0,no_upcoming,9,neutral,,M,sponsor_confirmed|cost_haircut_>2000bps,clinical_score:+20.2;catalyst_score:-15.6;momentum_score:-3.4,tier=C;reason=low_opt+no_catalyst_data;cat_days=NA;strength=missing;decay_w=0.0,v1.3.0,31f399e0,1,,0,,"{""burn_ttm"": 230329000.0, ""cash_total"": 648325000.0, ""dilution_risk"": null, ""has_revenue"": null, ""lead_phase"": null, ""runway_months"": 33.777335897781, ""stage_bucket"": ""early"", ""surv_score"": ""5.0"", ""tier1_count"": 2}",early|none|pos,0.1,,-1.2382,1179,1,1.3276,1.3193,2,2,neutral,-0.3232,elite_2,0.0,0.0,0.0,,,0.0,0,0,0,True,False,True,missing,0.0,adequate,>2000bps,2020.0,0.55,1,0,1.0,0,1.0,0,,False,no_upcoming,-0.012628,price_history,,2,0.717,price_history,,-0.068571,,54.2572,0.6162,-0.096128,0.027557,early,small,none,drug_developer,morningstar,,,,0,0.7868349891338093759701955914,53.42,41.25000000000000000000000000,57.5,50,77.000,54.94117647058823529411764706,76.1841,1.3698,1.0,1179,1,0.0,0.0,0,0,0.0,0.3,0.85,oncology,0.7369,highly_crowded,1.0,14,0.1,0.943277,1.5829,53.07,0.964286,1.8027
EBS,Emergent BioSolutions Inc.,69,0.43,B,high_quality+no_catalyst_data,,,B,0.590336,0.957692,1,,0,,,0,no_upcoming,9,tailwind,,M,momentum_tailwind|cost_haircut_<=2000bps,catalyst_score:-22.5;momentum_score:+16.1;clinical_score:+10.1,tier=;reason=;cat_days=NA;strength=missing;decay_w=0.0,v1.3.0,31f399e0,1,,0,,"{""burn_ttm"": 0.0, ""cash_total"": 245500000.0, ""dilution_risk"": null, ""has_revenue"": null, ""lead_phase"": null, ""runway_months"": null, ""stage_bucket"": ""late"", ""surv_score"": ""-1.0"", ""tier1_count"": 1}",late|none|pos,0.07400345454545454,76.724891,1.1771,0,1,1.0807,1.4138,1,1,buying,-0.728,elite_1,0.0,0.0,0.0,,,0.0,0,0,0,True,False,True,missing,0.0,adequate,<=2000bps,1186.43,0.7,1,0,1.0,0,1.0,0,,False,no_upcoming,0.335269,price_history,,1,0.7751,price_history,,-0.128576,,48.8357,1.0204,-0.096128,-0.032448,late,small,none,commercial_pharma,morningstar,,,,0,0.9,79.87,41.25000000000000000000000000,55.5,85.81,73.79310344827586206896551724,68.26086956521739130434782609,74.6965,1.3065,3.0,307,42,1.0,1.1691,1,2,0.0,0.6,0.55,infectious_disease,-0.4386,uncrowded,1.0,141,0.07400345454545454,0.409664,-0.2284,54.64,0.985294,2.1779
REGN,"Regeneron Pharmaceuticals, Inc.",70,1.01,B,mod_quality+catalyst_near,,,B,0.695378,0.665385,1,,0,,3,1,specific_days,9,neutral,,L,sponsor_confirmed,clinical_score:+15.1;catalyst_score:-12.6;momentum_score:-10.3,tier=;reason=;cat_days=3;strength=near;decay_w=1.0,v1.3.0,31f399e0,1,,0,,"{""burn_ttm"": 0.0, ""cash_total"": 8605200000.0, ""dilution_risk"": null, ""has_revenue"": null, ""lead_phase"": null, ""runway_months"": null, ""stage_bucket"": ""late"", ""surv_score"": ""4.0"", ""tier1_count"": 4}",late|near_0_30|pos,0.07400345454545454,54.234138,1.1761,0,1,1.269,1.4633,4,4,buying,0.4865,elite_4,0.0,0.0,0.0,,,0.0,0,0,0,True,False,True,near,1.0,adequate,<=400bps,128.53,1.0,0,0,1.0,0,1.0,0,3,True,specific_days,-0.030578,price_history,,4,0.5672,price_history,,-0.084472,,43.9545,0.388,-0.096128,0.011656,late,large,none,commercial_biotech,morningstar,,,,0,0.9,47.86,45.56250000000000000000000000,66.0,52.68,73.27586206896551724137931034,58.27586206896551724137931034,74.6506,1.3046,3.0,3,219,1.0,7.2238,9,18,0.0023,0.6,0.95,oncology,0.7369,highly_crowded,1.0,166,0.07400345454545454,0.304622,-0.5112,47.01,0.897059,1.265
VNDA,Vanda Pharmaceuticals Inc.,71,0.13,C,low_quality,,,C,0.745798,0.411538,1,,0,,3,1,specific_days,9,headwind,deep_drawdown|deep_drawdown_rel_xbi,XS,momentum_headwind|runway_short,financial_score:-32.8;clinical_score:+31.3;smart_money_score:+6.8,tier=;reason=;cat_days=3;strength=near;decay_w=1.0,v1.3.0,31f399e0,1,,0,,"{""burn_ttm"": 109442000.0, ""cash_total"": 84851000.0, ""dilution_risk"": null, ""has_revenue"": null, ""lead_phase"": null, ""runway_months"": 9.303667696131285, ""stage_bucket"": ""late"", ""surv_score"": ""-3.0"", ""tier1_count"": 1}",late|near_0_30|pos,0.07400345454545454,45.401981,1.1771,0,1,1.4339,1.4913,1,1,neutral,-0.728,elite_1,0.0,0.0,0.0,,,0.0,0,0,0,True,False,True,near,1.0,short,<=1000bps,634.63,0.85,1,0,1.0,0,1.0,0,3,True,specific_days,-0.149206,price_history,,1,0.7837,price_history,,-0.383333,,39.4321,1.0382,-0.096128,-0.287205,late,small,sev2,commercial_biotech,morningstar,,,,0,0.8839970836435840158848349466,40.56,45.56250000000000000000000000,52.5,90.00,77.000,12.86662465868515017853392145,77.7042,1.4344,3.0,3,28,1.0,2.9304,2,3,0.0,0.4,0.6,cns,0.2667,moderate,1.0,178,0.07400345454545454,0.254202,-0.6613,15.25,0.203782,-0.8282
VRTX,Vertex Pharmaceuticals Incorporated,72,0.61,C,low_quality+no_catalyst_data,,,C,0.75,0.326923,1,,0,,,0,no_upcoming,9,headwind,,M,sponsor_confirmed|momentum_headwind,clinical_score:+21.0;catalyst_score:-14.8;momentum_score:-9.8,tier=;reason=;cat_days=NA;strength=missing;decay_w=0.0,v1.3.0,31f399e0,1,,0,,"{""burn_ttm"": 0.0, ""cash_total"": 6608100000.0, ""dilution_risk"": null, ""has_revenue"": null, ""lead_phase"": null, ""runway_months"": null, ""stage_bucket"": ""late"", ""surv_score"": ""3.0"", ""tier1_count"": 3}",late|none|pos,0.07400345454545454,42.171293,1.1771,0,1,1.4339,1.4913,3,3,buying,0.0816,elite_3,0.0,0.0,0.0,,,0.0,0,0,0,True,False,True,missing,0.0,adequate,<=400bps,123.8,1.0,0,0,1.0,0,1.0,0,,False,no_upcoming,-0.057001,price_history,,3,0.7059,price_history,,-0.109337,,45.4139,0.2519,-0.096128,-0.013209,late,large,none,commercial_biotech,morningstar,,,,0,0.9,46.25,41.25000000000000000000000000,63.0,26.45,77.000,52.58620689655172413793103448,78.3399,1.4614,3.0,12,63,1.0,4.42,5,5,0.0,0.9,0.95,oncology,0.7369,highly_crowded,1.0,179,0.07400345454545454,0.25,-0.6745,49.02,0.934874,1.5131
ALKS,Alkermes plc,73,0.52,C,mod_quality+no_catalyst_data,,,C,0.523109,0.811538,1,,0,,,0,no_upcoming,9,headwind,,M,sponsor_confirmed|momentum_headwind,clinical_score:+20.1;momentum_score:-18.7;catalyst_score:-15.6,tier=;reason=;cat_days=NA;strength=missing;decay_w=0.0,v1.3.0,31f399e0,1,,0,,"{""burn_ttm"": 0.0, ""cash_total"": 388570000.0, ""dilution_risk"": null, ""has_revenue"": null, ""lead_phase"": null, ""runway_months"": null, ""stage_bucket"": ""late"", ""surv_score"": ""2.0"", ""tier1_count"": 6}",late|none|pos,0.07400345454545454,64.209,1.1771,0,1,1.2223,1.0785,6,6,buying,1.2961,elite_6,0.0,0.0,0.0,,,0.0,0,0,0,True,False,True,missing,0.0,adequate,<=1000bps,422.31,0.85,1,0,1.0,0,1.0,0,,False,no_upcoming,-0.084251,price_history,,6,0.8457,price_history,,-0.230226,,30.5525,0.3674,-0.096128,-0.134098,late,mid,none,commercial_pharma,morningstar,,,,0,0.9,38.24,41.25000000000000000000000000,68.0,84.46,77.000,60.00000000000000000000000000,76.3507,1.3769,3.0,277,45,1.0,0.207,0,0,0.0,0.5,0.5,respiratory,-0.4386,uncrowded,1.0,125,0.07400345454545454,0.476891,-0.058,52.68,0.960084,1.7517
DNA,"Ginkgo Bioworks Holdings, Inc.",74,0.43,A,high_quality+catalyst_near,,,A,0.586134,0.973077,1,,0,,34,1,specific_days,9,neutral,drawdown_data_missing,M,tier_a_commercial|cost_haircut_<=2000bps,financial_score:+22.9;catalyst_score:-21.7;clinical_score:+7.9,tier=;reason=;cat_days=34;strength=near;decay_w=1.0,v1.3.0,31f399e0,1,,0,,"{""burn_ttm"": 123381000.0, ""cash_total"": 495484000.0, ""dilution_risk"": null, ""has_revenue"": null, ""lead_phase"": null, ""runway_months"": 48.19062902715977, ""stage_bucket"": ""late"", ""surv_score"": ""4.0"", ""tier1_count"": 1}",late|near_31_90|pos,0.07400345454545454,77.5,1.1632,0,1,0.9026,1.0,1,1,neutral,-0.728,elite_1,0.0,0.0,0.0,,,0.0,0,0,0,True,False,True,near,1.0,adequate,<=2000bps,1199.57,0.7,1,0,1.0,0,1.0,0,34,True,specific_days,,,beta_missing:series_too_short,1,,,series_too_short,,no_price_series,,0.7795,-0.096128,,late,small,none,commercial_biotech,morningstar,,,drawdown,1,0.8333465789146901775735750652,50,35.38990400000000000000000000,55.0,90.00,65.00000000000000000000000000,80.0,66.3399,0.9512,3.0,95,613,1.0,3.4611,3,5,0.0,0.8,0.95,oncology,0.7369,highly_crowded,1.0,140,0.07400345454545454,0.413866,-0.2176,41.43,0.808824,0.8736
NBIX,"Neurocrine Biosciences, Inc.",75,1.01,C,mod_quality+no_catalyst_data,,,C,0.670168,0.680769,1,,0,,,0,no_upcoming,9,neutral,,L,sponsor_confirmed,smart_money_score:+22.9;catalyst_score:-18.8;clinical_score:+16.3,tier=;reason=;cat_days=NA;strength=missing;decay_w=0.0,v1.3.0,31f399e0,1,,0,,"{""burn_ttm"": 0.0, ""cash_total"": 713000000.0, ""dilution_risk"": null, ""has_revenue"": null, ""lead_phase"": null, ""runway_months"": null, ""stage_bucket"": ""late"", ""surv_score"": ""3.0"", ""tier1_count"": 8}",late|none|pos,0.07400345454545454,55.228552,1.1771,0,1,1.1949,1.0526,8,8,buying,2.1057,elite_8,0.0,0.0,0.0,,,0.0,0,0,0,True,False,True,missing,0.0,adequate,<=400bps,265.05,1.0,0,0,1.0,0,1.0,0,,False,no_upcoming,-0.087699,price_history,,8,0.5993,price_history,,-0.154125,,43.6519,0.3467,-0.096128,-0.057997,late,large,none,commercial_pharma,morningstar,,,,0,0.9,46.69,41.25000000000000000000000000,83.0,62.84,76.37931034482758620689655173,53.10344827586206896551724138,76.6306,1.3888,3.0,308,28,1.0,0.8812,0,2,0.0,0.8,0.6,cns,-0.4386,uncrowded,1.0,160,0.07400345454545454,0.329832,-0.4404,48.65,0.930672,1.4808
INDV,Indivior PLC,76,1.01,C,mod_quality+no_catalyst_data,,,C,0.628151,0.634615,1,,0,,,0,no_upcoming,9,tailwind,,L,momentum_tailwind,momentum_score:+27.9;catalyst_score:-24.4;smart_money_score:-13.2,tier=;reason=;cat_days=NA;strength=missing;decay_w=0.0,v1.3.0,31f399e0,1,,0,,"{""burn_ttm"": 0.0, ""cash_total"": 445000000.0, ""dilution_risk"": null, ""has_revenue"": null, ""lead_phase"": null, ""runway_months"": null, ""stage_bucket"": ""late"", ""surv_score"": ""3.0"", ""tier1_count"": 1}",late|none|pos,0.07400345454545454,52.963,1.1771,0,1,1.2223,1.0785,1,1,neutral,-0.728,elite_1,0.0,0.0,0.0,,,0.0,0,0,0,True,False,True,missing,0.0,adequate,<=400bps,364.37,1.0,0,0,1.0,0,1.0,0,,False,no_upcoming,0.875083,price_history,,1,-0.2617,price_history,,-0.173514,,52.0455,0.4169,-0.096128,-0.077386,late,mid,none,commercial_pharma,morningstar,,,,0,0.9,93.62,41.25000000000000000000000000,52.5,15.54,77.000,64.00000000000000000000000000,76.2903,1.3743,3.0,180,30,1.0,0.3974,0,1,0.0,0.8,0.55,infectious_disease,0.2667,moderate,1.0,150,0.07400345454545454,0.371849,-0.327,50.54,0.947479,1.6209
JAZZ,Jazz Pharmaceuticals plc,77,1.01,C,mod_quality+catalyst_far,,,C,0.644958,0.796154,1,,0,,246,0,specific_days,9,tailwind,overbought_rsi,L,catalyst_far_lift|sponsor_confirmed|momentum_tailwind,catalyst_score:-14.6;smart_money_score:+13.8;clinical_score:+5.9,tier=;reason=;cat_days=246;strength=far;decay_w=0.3,v1.3.0,31f399e0,1,,0,,"{""burn_ttm"": 0.0, ""cash_total"": 1391899000.0, ""dilution_risk"": null, ""has_revenue"": null, ""lead_phase"": null, ""runway_months"": null, ""stage_bucket"": ""late"", ""surv_score"": ""1.0"", ""tier1_count"": 6}",late|near_181_270|pos,0.07400345454545454,63.105431,1.1653,0,1,0.9484,0.9942,6,6,buying,1.2961,elite_6,0.0,0.0,0.0,,,0.0,0,0,0,True,False,True,far,0.3,adequate,<=400bps,227.35,1.0,0,0,1.0,0,1.0,0,246,False,specific_days,0.066539,price_history,,6,0.4719,price_history,,-0.124133,,72.5192,0.4687,-0.096128,-0.028005,late,large,none,commercial_biotech,morningstar,,,,0,0.9,54.39,45.56250000000000000000000000,74.0,70.97,66.03448275862068965517241380,60.86206896551724137931034483,67.3744,0.9952,3.0,53,120,1.0,4.0852,3,5,0.0,0.6,0.95,oncology,0.7369,highly_crowded,1.0,154,0.07400345454545454,0.355042,-0.3717,45.45,0.87605,1.1555
GERN,Geron Corporation,78,0.86,C,low_quality+no_catalyst_data,,,C,0.195378,0.596154,1,,0,,,0,no_upcoming,9,tailwind,,L,sponsor_confirmed|momentum_tailwind|runway_short,financial_score:-29.0;clinical_score:+22.2;momentum_score:+20.6,tier=;reason=;cat_days=NA;strength=missing;decay_w=0.0,v1.3.0,31f399e0,1,,0,,"{""burn_ttm"": 88970000.0, ""cash_total"": 78117000.0, ""dilution_risk"": null, ""has_revenue"": null, ""lead_phase"": null, ""runway_months"": 10.53618073507924, ""stage_bucket"": ""mid"", ""surv_score"": ""-2.0"", ""tier1_count"": 2}",mid|none|pos,0.1,52.113483,0.4713,0,1,1.4339,1.4913,2,2,selling,-0.3232,elite_2,0.0,0.0,0.0,,,0.0,0,0,0,True,False,True,missing,0.0,short,<=1000bps,710.6,0.85,1,0,1.0,0,1.0,0,,False,no_upcoming,0.182273,price_history,,2,1.077,price_history,,-0.118722,,60.4898,0.5659,-0.096128,-0.022594,mid,small,sev2,commercial_biotech,morningstar,,,,0,0.8190583839064958417621937514,75.42,41.25000000000000000000000000,54.5,72.58,77.000,25.83662793622051204667773251,76.6316,1.3888,2.0,1141,14,1.0,0.0001,0,0,0.0,0.4,0.95,oncology,0.2667,moderate,1.0,47,0.1,0.804622,0.8582,15.29,0.207983,-0.8134
CAI,"Caris Life Sciences, Inc.",79,0.86,C,low_quality,,,C,0.577731,0.488462,1,,0,,34,1,specific_days,9,neutral,drawdown_data_missing,L,sponsor_confirmed,catalyst_score:-22.8;financial_score:+13.8;clinical_score:+9.4,tier=;reason=;cat_days=34;strength=near;decay_w=1.0,v1.3.0,31f399e0,1,,0,,"{""burn_ttm"": 0.0, ""cash_total"": 755493000.0, ""dilution_risk"": null, ""has_revenue"": null, ""lead_phase"": null, ""runway_months"": null, ""stage_bucket"": ""late"", ""surv_score"": ""-1.0"", ""tier1_count"": 3}",late|near_31_90|pos,0.07400345454545454,47.839,1.1675,0,1,1.0171,1.0645,3,3,buying,0.0816,elite_3,0.0,0.0,0.0,,,0.0,0,0,0,True,False,True,near,1.0,adequate,<=1000bps,447.67,0.85,1,0,1.0,0,1.0,0,34,True,specific_days,,,beta_missing:series_too_short,3,,,series_too_short,,no_price_series,,0.5606,-0.096128,,late,mid,none,commercial_biotech,morningstar,,,drawdown,1,0.9,50,35.38990400000000000000000000,66.0,15.54,67.58620689655172413793103448,72.00000000000000000000000000,69.2762,1.0761,3.0,2,387,1.0,4.411,3,5,0.0,0.5,0.95,oncology,-0.4386,uncrowded,1.0,138,0.07400345454545454,0.422269,-0.1961,52.63,0.955882,1.7048
TECH,Bio-Techne Corporation,80,0.61,C,low_quality,,,C,0.728992,0.15,1,,0,,19,1,specific_days,9,neutral,,M,,financial_score:-28.6;clinical_score:+23.5;smart_money_score:+8.9,tier=;reason=;cat_days=19;strength=near;decay_w=1.0,v1.3.0,31f399e0,1,,0,,"{""burn_ttm"": 0.0, ""cash_total"": 172879000.0, ""dilution_risk"": null, ""has_revenue"": null, ""lead_phase"": null, ""runway_months"": null, ""stage_bucket"": ""late"", ""surv_score"": ""3.0"", ""tier1_count"": 1}",late|near_0_30|pos,0.07400345454545454,32.079,1.1688,0,1,1.1316,1.1818,1,1,buying,-0.728,elite_1,0.0,0.0,0.0,,,0.0,0,0,0,True,False,True,near,1.0,adequate,<=400bps,284.71,1.0,0,0,1.0,0,1.0,0,19,True,specific_days,-0.040027,price_history,,1,0.6555,price_history,,-0.104642,,38.7681,0.3925,-0.096128,-0.008514,late,mid,none,commercial_biotech,morningstar,,,,0,0.9,48.53,40.96694444444444444444444444,55.5,40.78,70.17241379310344827586206897,18.00000000000000000000000000,71.8624,1.186,3.0,3,571,1.0,7.4177,6,10,0.0,0.7,0.95,oncology,-0.4386,uncrowded,1.0,174,0.07400345454545454,0.271008,-0.6098,35.36,0.686975,0.4873
NVAX,"Novavax, Inc.",81,0.86,B,high_quality+no_catalyst_data,,,B,0.67437,0.996154,1,,0,,,0,no_upcoming,9,tailwind,deep_drawdown|deep_drawdown_rel_xbi,L,momentum_tailwind,momentum_score:+31.6;catalyst_score:-23.7;financial_score:+12.0,tier=;reason=;cat_days=NA;strength=missing;decay_w=0.0,v1.3.0,31f399e0,1,,0,,"{""burn_ttm"": 244635000.0, ""cash_total"": 735084000.0, ""dilution_risk"": null, ""has_revenue"": null, ""lead_phase"": null, ""runway_months"": 34.435271429798334, ""stage_bucket"": ""late"", ""surv_score"": ""4.0"", ""tier1_count"": 1}",late|none|pos,0.07400345454545454,85.46,0.9309,0,1,0.4903,0.7458,1,1,selling,-0.728,elite_1,0.0,0.0,0.0,,,0.0,0,0,0,True,False,True,missing,0.0,adequate,<=1000bps,459.51,0.85,1,0,1.0,0,1.0,0,,False,no_upcoming,1.307386,price_history,,1,1.5943,price_history,,-0.396448,,38.4771,0.4814,-0.096128,-0.30032,late,small,none,commercial_biotech,morningstar,,,,0,0.8632435867537313432835820896,96.55,41.25000000000000000000000000,54.5,90.00,55.68965517241379310344827586,77.000,56.2426,0.5219,3.0,62,12,1.0,0.8959,1,1,0.0,0.6,0.55,infectious_disease,0.2667,moderate,1.0,161,0.07400345454545454,0.32563,-0.452,43.00,0.834034,0.9702
INCY,Incyte Corporation,82,1.01,B,mod_quality+catalyst_near,,,B,0.62395,0.626923,1,,0,,65,0,specific_days,9,neutral,,L,sponsor_confirmed,financial_score:+10.7;catalyst_score:-10.3;momentum_score:-9.4,tier=;reason=;cat_days=65;strength=near;decay_w=1.0,v1.3.0,31f399e0,1,,0,,"{""burn_ttm"": 0.0, ""cash_total"": 3097817000.0, ""dilution_risk"": null, ""has_revenue"": null, ""lead_phase"": null, ""runway_months"": null, ""stage_bucket"": ""late"", ""surv_score"": ""5.0"", ""tier1_count"": 3}",late|near_31_90|pos,0.07400345454545454,52.853776,1.1445,0,1,0.6964,0.9357,3,3,buying,0.0816,elite_3,0.0,0.0,0.0,,,0.0,0,0,0,True,False,True,near,1.0,adequate,<=400bps,225.9,1.0,0,0,1.0,0,1.0,0,65,False,specific_days,-0.057222,price_history,,3,0.8845,price_history,,-0.143951,,41.697,0.3319,-0.096128,-0.047823,late,large,none,commercial_biotech,morningstar,,,,0,0.9,46.47,45.56250000000000000000000000,60.5,38.89,60.34482758620689655172413793,66.55172413793103448275862069,62.0922,0.7706,3.0,24,183,1.0,3.0802,15,12,0.0038,0.7,0.95,oncology,-0.4386,uncrowded,1.0,149,0.07400345454545454,0.37605,-0.3159,50.49,0.943277,1.5829
AMGN,Amgen Inc.,83,1.01,C,low_quality,,,C,0.535714,0.503846,1,,0,,4,1,specific_days,9,tailwind,,L,momentum_tailwind,clinical_score:+17.3;catalyst_score:-9.9;financial_score:-3.9,tier=;reason=;cat_days=4;strength=near;decay_w=1.0,v1.3.0,31f399e0,1,,0,,"{""burn_ttm"": 0.0, ""cash_total"": 9129000000.0, ""dilution_risk"": null, ""has_revenue"": null, ""lead_phase"": null, ""runway_months"": null, ""stage_bucket"": ""late"", ""surv_score"": ""1.0"", ""tier1_count"": 1}",late|near_0_30|pos,0.07400345454545454,48.080776,1.1748,0,1,1.035,0.9017,1,1,neutral,-0.728,elite_1,0.0,0.0,0.0,,,0.0,0,0,0,True,False,True,near,1.0,adequate,<=400bps,100.2,1.0,0,0,1.0,0,1.0,0,4,True,specific_days,0.125117,price_history,,1,0.4328,price_history,,-0.023508,,62.4951,0.2777,-0.096128,0.07262,late,large,none,commercial_pharma,morningstar,,,,0,0.9,54.71,45.56250000000000000000000000,52.5,39.83,72.75862068965517241379310345,51.55172413793103448275862069,74.0986,1.2811,3.0,4,489,1.0,4.9082,10,12,0.0,0.8,0.95,oncology,0.7369,highly_crowded,1.0,128,0.07400345454545454,0.464286,-0.0896,43.93,0.863445,1.0959
RYTM,"Rhythm Pharmaceuticals, Inc.",84,1.01,C,mod_quality+no_catalyst_data,,,C,0.703782,0.688462,1,,0,,,0,no_upcoming,9,tailwind,overbought_rsi,L,sponsor_confirmed|momentum_tailwind,catalyst_score:-22.8;smart_money_score:+13.0;momentum_score:+10.3,tier=;reason=;cat_days=NA;strength=missing;decay_w=0.0,v1.3.0,31f399e0,1,,0,,"{""burn_ttm"": 90286000.0, ""cash_total"": 416052000.0, ""dilution_risk"": null, ""has_revenue"": null, ""lead_phase"": null, ""runway_months"": 54.55942228030924, ""stage_bucket"": ""late"", ""surv_score"": ""4.0"", ""tier1_count"": 9}",late|none|pos,0.07400345454545454,55.236,0.9446,0,1,0.7422,0.7832,9,9,buying,2.5105,elite_9,0.0,0.0,0.0,,,0.0,0,0,0,True,False,True,missing,0.0,adequate,<=400bps,378.27,1.0,0,0,1.0,0,1.0,0,,False,no_upcoming,0.348977,price_history,,9,1.138,price_history,,0.0,,80.221,0.4754,-0.096128,0.096128,late,mid,none,commercial_biotech,morningstar,,,,0,0.8851137553545930509281294622,74.38,41.25000000000000000000000000,77.0,30.20,61.37931034482758620689655173,66.20000000000000000000000000,62.0193,0.7675,3.0,28,14,1.0,2.0043,2,2,0.0,0.4,0.55,metabolic,0.7369,highly_crowded,1.0,168,0.07400345454545454,0.296218,-0.5353,47.19,0.901261,1.2888
AMLX,"Amylyx Pharmaceuticals, Inc.",85,0.86,C,mod_quality+no_catalyst_data,,,C,0.018908,0.619231,1,,0,,,0,no_upcoming,9,neutral,drawdown_data_missing,L,sponsor_confirmed,catalyst_score:-23.9;smart_money_score:+19.8;momentum_score:-15.2,tier=;reason=;cat_days=NA;strength=missing;decay_w=0.0,v1.3.0,31f399e0,1,,0,,"{""burn_ttm"": 95440000.0, ""cash_total"": 343990000.0, ""dilution_risk"": null, ""has_revenue"": null, ""lead_phase"": null, ""runway_months"": 43.251047778709136, ""stage_bucket"": ""mid"", ""surv_score"": ""5.0"", ""tier1_count"": 9}",mid|none|pos,0.1,52.609766,-0.0863,55,1,1.1857,1.0439,9,9,buying,2.5105,elite_9,0.0,0.0,0.0,,,0.0,0,0,0,True,False,True,missing,0.0,adequate,<=1000bps,684.74,0.85,1,0,1.0,0,1.0,0,,False,no_upcoming,,,beta_missing:series_too_short,9,,,series_too_short,,no_price_series,,0.6469,-0.096128,,mid,small,none,commercial_pharma,morningstar,,,drawdown,1,0.8413891054918124094909212432,50,41.25000000000000000000000000,85,27.42,76.17021276595744680851063830,73.36170212765957446808510638,76.6407,1.3892,2.0,55,3,0.6667,0.8472,1,1,0.0,0.4,0.6,cns,0.7369,highly_crowded,1.0,5,0.1,0.981092,2.0769,55.62,0.993697,2.4947
ACAD,ACADIA Pharmaceuticals Inc.,86,0.52,C,low_quality+no_catalyst_data,,,C,0.510504,0.25,1,,0,,,0,no_upcoming,9,headwind,,M,sponsor_confirmed|momentum_headwind,smart_money_score:+20.6;momentum_score:-17.5;clinical_score:+14.1,tier=;reason=;cat_days=NA;strength=missing;decay_w=0.0,v1.3.0,31f399e0,1,,0,,"{""burn_ttm"": 0.0, ""cash_total"": 177695000.0, ""dilution_risk"": null, ""has_revenue"": null, ""lead_phase"": null, ""runway_months"": null, ""stage_bucket"": ""late"", ""surv_score"": ""3.0"", ""tier1_count"": 7}",late|none|pos,0.07400345454545454,39.515889,1.1631,0,1,0.8797,0.9239,7,7,buying,1.7009,elite_7,0.0,0.0,0.0,,,0.0,0,0,0,True,False,True,missing,0.0,adequate,<=1000bps,531.5,0.85,1,0,1.0,0,1.0,0,,False,no_upcoming,-0.231992,price_history,,7,0.9432,price_history,,-0.333684,,31.7723,0.3548,-0.096128,-0.237556,late,mid,none,commercial_biotech,morningstar,,,,0,0.9,32.88,41.25000000000000000000000000,71.0,39.86,64.48275862068965517241379310,42.19753086419753086419753086,65.0588,0.8967,3.0,178,13,1.0,1.1883,1,2,0.0,0.6,0.6,cns,0.7369,highly_crowded,1.0,122,0.07400345454545454,0.489496,-0.0263,43.72,0.855042,1.0583
PBYI,Puma Biotechnology Inc,87,0.08,B,high_quality+no_catalyst_data,,,B,0.682773,0.880769,1,,0,,,0,no_upcoming,9,headwind,,XS,momentum_headwind|cost_haircut_>2000bps,financial_score:+18.3;momentum_score:-11.9;catalyst_score:-10.1,tier=;reason=;cat_days=NA;strength=missing;decay_w=0.0,v1.3.0,31f399e0,1,,0,,"{""burn_ttm"": 0.0, ""cash_total"": 94388000.0, ""dilution_risk"": null, ""has_revenue"": null, ""lead_phase"": null, ""runway_months"": null, ""stage_bucket"": ""late"", ""surv_score"": ""1.0"", ""tier1_count"": 1}",late|none|pos,0.07400345454545454,70.213328,0.9244,0,1,0.2841,0.5559,1,1,buying,-0.728,elite_1,0.0,0.0,0.0,,,0.0,0,0,0,True,False,True,missing,0.0,adequate,>2000bps,2020.0,0.55,1,0,1.0,0,1.0,0,,False,no_upcoming,-0.125793,price_history,,1,1.2178,price_history,,-0.30954,,44.9005,0.7739,-0.096128,-0.213412,late,micro,none,commercial_biotech,morningstar,,,,0,0.8365158154675047704568413963,39.45,41.25000000000000000000000000,55.5,88.51,51.03448275862068965517241380,69.65517241379310344827586207,51.2763,0.3107,3.0,95,15,1.0,0.6225,0,1,0.0,0.5,0.95,oncology,0.7369,highly_crowded,1.0,163,0.07400345454545454,0.317227,-0.4755,34.48,0.665966,0.4288
ANAB,"AnaptysBio, Inc.",88,0.52,C,low_quality+no_catalyst_data,,,C,0.023109,0.203846,1,,0,,,0,no_upcoming,9,headwind,,M,sponsor_confirmed|momentum_headwind,smart_money_score:+19.7;clinical_score:+19.3;momentum_score:-14.9,tier=;reason=;cat_days=NA;strength=missing;decay_w=0.0,v1.3.0,31f399e0,1,,0,,"{""burn_ttm"": 78300000.0, ""cash_total"": 109833000.0, ""dilution_risk"": null, ""has_revenue"": null, ""lead_phase"": null, ""runway_months"": 16.83264367816092, ""stage_bucket"": ""mid"", ""surv_score"": ""2.0"", ""tier1_count"": 5}",mid|none|pos,0.1,36.418208,0.3823,5,1,1.1711,1.2222,5,5,buying,0.8913,elite_5,0.0,0.0,0.0,,,0.0,0,0,0,True,False,True,missing,0.0,adequate,<=1000bps,634.48,0.85,1,0,1.0,0,1.0,0,,False,no_upcoming,-0.177641,price_history,,5,1.2814,price_history,,-0.294583,,37.7169,0.5912,-0.096128,-0.198455,mid,small,sev1,commercial_biotech,morningstar,,,,0,0.8316624621594349142280524723,36.85,41.25000000000000000000000000,71.5,33.87,71.06382978723404255319148936,38.20823902218198279764599367,71.6173,1.1756,2.0,5,5,1.0,0.9592,1,1,0.0,0.4,0.5,respiratory,0.7369,highly_crowded,1.0,6,0.1,0.976891,1.9934,37.42,0.720588,0.5846
GILD,"Gilead Sciences, Inc.",89,0.61,C,low_quality,,,C,0.602941,0.265385,1,,0,,19,1,specific_days,9,headwind,,M,sponsor_confirmed|momentum_headwind,clinical_score:+19.7;momentum_score:-15.1;smart_money_score:+8.5,tier=;reason=;cat_days=19;strength=near;decay_w=1.0,v1.3.0,31f399e0,1,,0,,"{""burn_ttm"": 0.0, ""cash_total"": 68000000.0, ""dilution_risk"": null, ""has_revenue"": null, ""lead_phase"": null, ""runway_months"": null, ""stage_bucket"": ""late"", ""surv_score"": ""1.0"", ""tier1_count"": 2}",late|near_0_30|pos,0.07400345454545454,40.405572,1.1684,0,1,0.8752,0.7508,2,2,buying,-0.3232,elite_2,0.0,0.0,0.0,,,0.0,0,0,0,True,False,True,near,1.0,adequate,<=400bps,101.32,1.0,0,0,1.0,0,1.0,0,19,True,specific_days,-0.176394,price_history,,2,0.3872,price_history,,-0.216179,,30.2323,0.2352,-0.096128,-0.120051,late,large,none,commercial_pharma,morningstar,,,,0,0.8434170692431561996779388084,34.34,40.96694444444444444444444444,58.0,38.08,69.13793103448275862068965517,44.91015986259743691372704452,70.8279,1.142,3.0,6,471,1.0,5.7312,10,18,0.0,0.8,0.95,oncology,-0.4386,uncrowded,1.0,144,0.07400345454545454,0.397059,-0.261,33.31,0.644958,0.3717
RARE,Ultragenyx Pharmaceutical Inc.,90,0.52,C,low_quality,,,C,0.691176,0.196154,1,,0,,157,0,specific_days,9,tailwind,high_vol,M,sponsor_confirmed|momentum_tailwind|runway_short|high_risk,financial_score:-39.8;momentum_score:+21.3;clinical_score:+16.3,tier=;reason=;cat_days=157;strength=mid;decay_w=0.7,v1.3.0,31f399e0,1,,0,,"{""burn_ttm"": 466000000.0, ""cash_total"": 421000000.0, ""dilution_risk"": null, ""has_revenue"": null, ""lead_phase"": null, ""runway_months"": 10.841201716738198, ""stage_bucket"": ""late"", ""surv_score"": ""-1.0"", ""tier1_count"": 5}",late|near_91_180|pos,0.07400345454545454,35.636889,1.1581,0,1,0.8109,0.8535,5,5,selling,0.8913,elite_5,0.0,0.0,0.0,,,0.0,0,0,0,True,False,True,mid,0.7,short,<=1000bps,402.93,0.85,1,0,1.0,0,1.0,0,157,False,specific_days,0.144937,price_history,,5,1.2285,price_history,,-0.047889,,53.3262,1.2539,-0.096128,0.048239,late,mid,sev2,commercial_biotech,morningstar,,,,0,0.8980016469377251672671127123,67.97,45.56250000000000000000000000,50.0,54.12,62.93103448275862068965517241,6.890864197530864197530864197,63.8571,0.8456,3.0,793,41,1.0,1.2668,1,3,0.0,0.8,0.6,cns,-0.4386,uncrowded,1.0,165,0.07400345454545454,0.308824,-0.4992,13.53,0.140756,-1.0769
UTHR,United Therapeutics Corporation,91,1.01,C,mod_quality+catalyst_far,,,C,0.733193,0.773077,1,,0,,460,0,specific_days,9,headwind,,L,catalyst_far_lift|sponsor_confirmed|momentum_headwind,smart_money_score:+19.9;momentum_score:-17.8;catalyst_score:-11.6,tier=;reason=;cat_days=460;strength=far;decay_w=0.3,v1.3.0,31f399e0,1,,0,,"{""burn_ttm"": 0.0, ""cash_total"": 2920300000.0, ""dilution_risk"": null, ""has_revenue"": null, ""lead_phase"": null, ""runway_months"": null, ""stage_bucket"": ""late"", ""surv_score"": ""3.0"", ""tier1_count"": 7}",late|far_271_540|pos,0.07400345454545454,61.014448,1.1469,0,1,0.5554,0.4491,7,7,buying,1.7009,elite_7,0.0,0.0,0.0,,,0.0,0,0,0,True,False,True,far,0.3,adequate,<=400bps,229.51,1.0,0,0,1.0,0,1.0,0,460,False,specific_days,-0.170745,price_history,,7,0.5606,price_history,,-0.157209,,37.4316,0.2791,-0.096128,-0.061081,late,large,none,commercial_pharma,morningstar,,,,0,0.9,39.28,45.56250000000000000000000000,77.0,72.30,61.89655172413793103448275862,61.89655172413793103448275862,62.45,0.7858,3.0,277,66,1.0,1.2186,1,1,0.0,0.5,0.55,infectious_disease,0.7369,highly_crowded,1.0,175,0.07400345454545454,0.266807,-0.6225,46.45,0.888655,1.2194
SUPN,"Supernus Pharmaceuticals, Inc.",92,0.86,C,low_quality,,,C,0.720588,0.057692,1,,0,,4,1,specific_days,9,neutral,,L,sponsor_confirmed,financial_score:-24.1;clinical_score:+22.2;smart_money_score:+6.5,tier=;reason=;cat_days=4;strength=near;decay_w=1.0,v1.3.0,31f399e0,1,,0,,"{""burn_ttm"": 0.0, ""cash_total"": 151371000.0, ""dilution_risk"": null, ""has_revenue"": null, ""lead_phase"": null, ""runway_months"": null, ""stage_bucket"": ""late"", ""surv_score"": ""1.0"", ""tier1_count"": 2}",late|near_0_30|pos,0.07400345454545454,25.781889,1.169,0,1,0.9437,0.8155,2,2,neutral,-0.3232,elite_2,0.0,0.0,0.0,,,0.0,0,0,0,True,False,True,near,1.0,adequate,<=1000bps,505.15,0.85,1,0,1.0,0,1.0,0,4,True,specific_days,-0.121535,price_history,,2,0.7381,price_history,,-0.116567,,41.9564,0.4534,-0.096128,-0.020439,late,mid,none,commercial_pharma,morningstar,,,,0,0.9,46.77,45.56250000000000000000000000,55.0,15.54,70.68965517241379310344827586,24.41975308641975308641975309,71.3522,1.1643,3.0,4,29,1.0,3.2006,2,3,0.0,0.4,0.6,cns,0.7369,highly_crowded,1.0,172,0.07400345454545454,0.279412,-0.5846,36.02,0.691176,0.4992
ZYME,Zymeworks Inc.,93,0.52,C,low_quality+no_catalyst_data,,,C,0.497899,0.480769,1,,0,,,0,no_upcoming,9,headwind,deep_drawdown|deep_drawdown_rel_xbi,M,sponsor_confirmed|momentum_headwind,smart_money_score:+24.4;momentum_score:-18.9;catalyst_score:-11.4,tier=;reason=;cat_days=NA;strength=missing;decay_w=0.0,v1.3.0,31f399e0,1,,0,,"{""burn_ttm"": 22746000.0, ""cash_total"": 64834000.0, ""dilution_risk"": null, ""has_revenue"": null, ""lead_phase"": null, ""runway_months"": 34.204167765761014, ""stage_bucket"": ""mid"", ""surv_score"": ""3.0"", ""tier1_count"": 7}",mid|none|pos,0.1,47.786043,-0.7518,1288,1,0.634,0.6724,7,7,buying,1.7009,elite_7,0.0,0.0,0.0,,,0.0,0,0,0,True,False,True,missing,0.0,adequate,<=1000bps,781.08,0.85,1,0,1.0,0,1.0,0,,False,no_upcoming,-0.188975,price_history,,7,1.0096,price_history,,-0.36245,,52.0516,0.7975,-0.096128,-0.266322,mid,small,none,commercial_biotech,morningstar,,,,0,0.8060521264307466134621442823,33.76,41.25000000000000000000000000,77.0,50,58.93617021276595744680851064,52.29787234042553191489361702,58.4703,0.6166,2.0,1288,2,0.3333,0.0,0,0,0.0,0.3,0.95,oncology,-0.4386,uncrowded,1.0,119,0.1,0.502101,0.0053,41.97,0.817227,0.9048
KNSA,"Kiniksa Pharmaceuticals, Ltd.",94,0.52,C,low_quality+no_catalyst_data,,,C,0.64916,0.588462,1,,0,,,0,no_upcoming,9,headwind,deep_drawdown|deep_drawdown_rel_xbi,M,sponsor_confirmed|momentum_headwind,momentum_score:-22.0;financial_score:+14.9;catalyst_score:-9.9,tier=;reason=;cat_days=NA;strength=missing;decay_w=0.0,v1.3.0,31f399e0,1,,0,,"{""burn_ttm"": 0.0, ""cash_total"": 414074000.0, ""dilution_risk"": null, ""has_revenue"": null, ""lead_phase"": null, ""runway_months"": null, ""stage_bucket"": ""late"", ""surv_score"": ""3.0"", ""tier1_count"": 2}",late|none|pos,0.07400345454545454,51.847,0.2377,80,1,0.3956,0.2982,2,2,buying,-0.3232,elite_2,0.0,0.0,0.0,,,0.0,0,0,0,True,False,True,missing,0.0,adequate,<=1000bps,643.76,0.85,1,0,1.0,0,1.0,0,,False,no_upcoming,-0.310096,price_history,,2,1.3857,price_history,,-0.364808,,34.1157,0.3477,-0.096128,-0.26868,late,mid,none,commercial_pharma,morningstar,,,,0,0.8893164513041397463508016272,29.15,41.25000000000000000000000000,61.0,46.62,58.27586206896551724137931034,66.00000000000000000000000000,59.2658,0.6504,3.0,671,8,1.0,1.69,2,3,0.0,0.4,0.55,infectious_disease,-0.4386,uncrowded,1.0,155,0.07400345454545454,0.35084,-0.3831,48.30,0.922269,1.4205
APLS,"Apellis Pharmaceuticals, Inc.",95,0.52,C,low_quality+no_catalyst_data,,,C,0.544118,0.403846,1,,0,,,0,no_upcoming,9,headwind,deep_drawdown|deep_drawdown_rel_xbi,M,sponsor_confirmed|momentum_headwind,momentum_score:-22.5;financial_score:+19.5;smart_money_score:+16.5,tier=;reason=;cat_days=NA;strength=missing;decay_w=0.0,v1.3.0,31f399e0,1,,0,,"{""burn_ttm"": 0.0, ""cash_total"": 466233000.0, ""dilution_risk"": null, ""has_revenue"": null, ""lead_phase"": null, ""runway_months"": null, ""stage_bucket"": ""late"", ""surv_score"": ""3.0"", ""tier1_count"": 6}",late|none|pos,0.07400345454545454,45.133,-0.0754,169,1,0.4216,0.4549,6,6,buying,1.2961,elite_6,0.0,0.0,0.0,,,0.0,0,0,0,True,False,True,missing,0.0,adequate,<=1000bps,418.5,0.85,1,0,1.0,0,1.0,0,,False,no_upcoming,-0.241231,price_history,,6,1.2001,price_history,,-0.393864,,41.5248,0.7133,-0.096128,-0.297736,late,mid,none,commercial_biotech,morningstar,,,,0,0.8657384937739463601532567050,31.97,41.25000000000000000000000000,71.0,15.54,54.13793103448275862068965517,74.00000000000000000000000000,53.4306,0.4023,3.0,216,9,1.0,0.4741,0,0,0.0,0.3,0.55,infectious_disease,-0.4386,uncrowded,1.0,130,0.07400345454545454,0.455882,-0.1108,38.20,0.737395,0.6353
DAWN,"Day One Biopharmaceuticals, Inc.",96,0.52,C,mod_quality+no_catalyst_data,,,C,0.144958,0.803846,1,,0,,,0,no_upcoming,9,neutral,deep_drawdown|deep_drawdown_rel_xbi,M,,financial_score:+20.5;catalyst_score:-18.2;clinical_score:+11.8,tier=;reason=;cat_days=NA;strength=missing;decay_w=0.0,v1.3.0,31f399e0,1,,0,,"{""burn_ttm"": 103757000.0, ""cash_total"": 441113000.0, ""dilution_risk"": null, ""has_revenue"": null, ""lead_phase"": null, ""runway_months"": 51.01685669400619, ""stage_bucket"": ""early"", ""surv_score"": ""4.0"", ""tier1_count"": 1}",early|none|pos,0.1,63.5,-1.2555,1951,1,1.1793,1.2306,1,1,neutral,-0.728,elite_1,0.0,0.0,0.0,,,0.0,0,0,0,True,False,True,missing,0.0,adequate,<=1000bps,612.55,0.85,1,0,1.0,0,1.0,0,,False,no_upcoming,,,beta_missing:series_too_short,1,,,series_too_short,-0.3552,,52.2,0.8040,-0.096128,-0.259072,early,small,none,commercial_biotech,morningstar,,,,0,0.7571584426314158835071775276,50,41.25000000000000000000000000,55.0,50,71.25000000000000000000000000,80.0,70.1441,1.113,1.0,1951,1,0.0,0.0,0,0,1.0,0.3,0.5,other,0.7369,highly_crowded,1.0,35,0.1,0.855042,1.0583,53.34,0.972689,1.9219
MIRM,"Mirum Pharmaceuticals, Inc.",97,1.01,C,low_quality+no_catalyst_data,,,C,0.661765,0.426923,1,,0,,,0,no_upcoming,9,tailwind,,L,sponsor_confirmed|momentum_tailwind,momentum_score:+18.9;catalyst_score:-17.4;smart_money_score:+7.8,tier=;reason=;cat_days=NA;strength=missing;decay_w=0.0,v1.3.0,31f399e0,1,,0,,"{""burn_ttm"": 0.0, ""cash_total"": 383327000.0, ""dilution_risk"": null, ""has_revenue"": null, ""lead_phase"": null, ""runway_months"": null, ""stage_bucket"": ""late"", ""surv_score"": ""3.0"", ""tier1_count"": 3}",late|none|pos,0.07400345454545454,46.147,0.9256,0,1,0.33,0.3612,3,3,buying,0.0816,elite_3,0.0,0.0,0.0,,,0.0,0,0,0,True,False,True,missing,0.0,adequate,<=400bps,372.43,1.0,0,0,1.0,0,1.0,0,,False,no_upcoming,0.349154,price_history,,3,0.6748,price_history,,-0.095901,,56.3866,0.4303,-0.096128,0.000227,late,mid,none,commercial_biotech,morningstar,,,,0,0.8998348834429169157202630006,77.54,41.25000000000000000000000000,66.5,15.54,52.06896551724137931034482759,56.00000000000000000000000000,50.9589,0.2972,3.0,734,10,1.0,0.0036,0,0,0.0,0.4,0.55,infectious_disease,0.7369,highly_crowded,1.0,158,0.07400345454545454,0.338235,-0.4173,37.58,0.72479,0.5971
AXSM,"Axsome Therapeutics, Inc.",98,0.61,C,low_quality,,,C,0.560924,0.319231,1,,0,,95,0,specific_days,9,headwind,,M,sponsor_confirmed|momentum_headwind,smart_money_score:+15.9;momentum_score:-11.2;catalyst_score:-9.5,tier=;reason=;cat_days=95;strength=near;decay_w=1.0,v1.3.0,31f399e0,1,,0,,"{""burn_ttm"": 93405000.0, ""cash_total"": 322933000.0, ""dilution_risk"": null, ""has_revenue"": null, ""lead_phase"": null, ""runway_months"": 27.761023661657504, ""stage_bucket"": ""late"", ""surv_score"": ""1.0"", ""tier1_count"": 7}",late|near_91_180|pos,0.07400345454545454,41.8225,0.9271,0,1,0.3758,0.4081,7,7,buying,1.7009,elite_7,0.0,0.0,0.0,,,0.0,0,0,0,True,False,True,near,1.0,adequate,<=400bps,308.96,1.0,0,0,1.0,0,1.0,0,95,False,specific_days,-0.044754,price_history,,7,1.0316,price_history,,-0.247754,,45.3946,0.5091,-0.096128,-0.151626,late,mid,none,commercial_biotech,morningstar,,,,0,0.8868063310722361061525645603,43.90,45.56250000000000000000000000,71.0,14.95,53.10344827586206896551724138,61.80000000000000000000000000,53.8077,0.4183,3.0,25,10,1.0,2.8382,2,3,0.0,0.4,0.6,cns,0.2667,moderate,1.0,134,0.07400345454545454,0.439076,-0.1533,38.20,0.733193,0.6225
KROS,"Keros Therapeutics, Inc.",99,0.71,B,high_quality+no_catalyst_data,,,B,0.245798,0.988462,1,,0,,,0,no_upcoming,9,tailwind,drawdown_data_missing,L,sponsor_confirmed|momentum_tailwind|cost_haircut_<=2000bps,clinical_score:-36.1;momentum_score:+26.2;financial_score:+15.0,tier=;reason=;cat_days=NA;strength=missing;decay_w=0.0,v1.3.0,31f399e0,1,,0,,"{""burn_ttm"": 0.0, ""cash_total"": 693472000.0, ""dilution_risk"": null, ""has_revenue"": null, ""lead_phase"": null, ""runway_months"": null, ""stage_bucket"": ""early"", ""surv_score"": ""5.0"", ""tier1_count"": 4}",early|none|nonpos,0.1,80.013412,-1.5098,,0,-1.0859,-0.7064,4,4,buying,0.4865,elite_4,0.0,0.0,0.0,,,0.0,0,0,0,True,False,True,missing,0.0,adequate,<=2000bps,1232.31,0.7,1,0,1.0,0,1.0,0,,False,no_upcoming,0.583026,price_history,,4,0.9678,price_history,,,series_too_short,67.8762,0.4961,-0.096128,,early,small,sev1,commercial_biotech,morningstar,,,drawdown,1,0.7354086291643910431458219552,82.42,41.25000000000000000000000000,66.0,90.00,20.09602194787379972565157750,71.17647058823529411764705883,18.696,-1.0746,,,,,0.0,0,0,,0.0,0.5,other,-0.4386,uncrowded,1.0,59,0.1,0.754202,0.6878,24.21,0.489496,-0.0263
SRPT,"Sarepta Therapeutics, Inc.",100,0.86,B,high_quality+no_catalyst_data,,,B,0.955882,0.965385,1,,0,,,0,no_upcoming,9,neutral,,L,sponsor_confirmed,financial_score:+27.3;clinical_score:-23.9;smart_money_score:+12.3,tier=;reason=;cat_days=NA;strength=missing;decay_w=0.0,v1.3.0,31f399e0,1,,0,,"{""burn_ttm"": 336685000.0, ""cash_total"": 850993000.0, ""dilution_risk"": null, ""has_revenue"": null, ""lead_phase"": null, ""runway_months"": 28.848768719225042, ""stage_bucket"": ""late"", ""surv_score"": ""0.0"", ""tier1_count"": 3}",late|none|nonpos,-0.005677508064516129,77.21,0.8995,0,1,-0.6987,-0.3496,3,3,neutral,0.0816,elite_3,0.0,0.0,0.0,,,0.0,0,0,0,True,False,True,missing,0.0,adequate,<=1000bps,463.86,0.85,1,0,1.0,0,1.0,0,,False,no_upcoming,-0.029814,price_history,,3,0.7088,price_history,,-0.144366,,42.1414,1.0694,-0.096128,-0.048238,late,small,none,commercial_biotech,morningstar,,,,0,0.8324658653285097444275878165,48.55,41.25000000000000000000000000,65.0,90.00,28.84000528471396485665213370,80.0,28.7483,-0.6472,3.0,194,21,1.0,0.3664,0,0,0.0,0.8,0.75,rare_disease,0.7369,highly_crowded,1.0,228,-0.005677508064516129,0.044118,-1.7048,25.19,0.518908,0.0474
HRMY,"Harmony Biosciences Holdings, I",101,0.86,B,high_quality+no_catalyst_data,,,B,0.888655,0.95,1,,0,,,0,no_upcoming,9,neutral,drawdown_data_missing,L,sponsor_confirmed,clinical_score:-40.5;financial_score:+31.5;smart_money_score:+9.0,tier=;reason=;cat_days=NA;strength=missing;decay_w=0.0,v1.3.0,31f399e0,1,,0,,"{""burn_ttm"": 0.0, ""cash_total"": 775340000.0, ""dilution_risk"": null, ""has_revenue"": null, ""lead_phase"": null, ""runway_months"": null, ""stage_bucket"": ""late"", ""surv_score"": ""2.0"", ""tier1_count"": 3}",late|none|nonpos,-0.005677508064516129,76.15,-0.3721,719,1,-1.7543,-1.3223,3,3,selling,0.0816,elite_3,0.0,0.0,0.0,,,0.0,0,0,0,True,False,True,missing,0.0,adequate,<=1000bps,643.37,0.85,1,0,1.0,0,1.0,0,,False,no_upcoming,,,beta_missing:insufficient_overlap,3,,,insufficient_overlap,,series_too_short,,0.3158,-0.096128,,late,small,none,commercial_biotech,morningstar,,,drawdown,1,0.8486661870503597122302158273,50,41.25000000000000000000000000,54.5,90.00,5,77.000,4.2399,-1.6893,3.0,2042,3,0.6667,0.0025,0,0,0.0,0.4,0.5,other,-0.4386,uncrowded,1.0,212,-0.005677508064516129,0.111345,-1.2194,21.56,0.439076,-0.1533
AQST,"Aquestive Therapeutics, Inc.",102,0.86,B,high_quality+no_catalyst_data,,,B,0.804622,0.934615,1,,0,,,0,no_upcoming,9,tailwind,,L,sponsor_confirmed|momentum_tailwind,clinical_score:-35.6;momentum_score:+29.4;catalyst_score:-15.9,tier=;reason=;cat_days=NA;strength=missing;decay_w=0.0,v1.3.0,31f399e0,1,,0,,"{""burn_ttm"": 43963000.0, ""cash_total"": 129063000.0, ""dilution_risk"": null, ""has_revenue"": null, ""lead_phase"": null, ""runway_months"": 35.22862407024088, ""stage_bucket"": ""late"", ""surv_score"": ""0.0"", ""tier1_count"": 4}",late|none|nonpos,-0.005677508064516129,72.481717,0.8888,0,1,-1.2274,-0.6784,4,4,buying,0.4865,elite_4,0.0,0.0,0.0,,,0.0,0,0,0,True,False,True,missing,0.0,adequate,<=1000bps,726.16,0.85,1,0,1.0,0,1.0,0,,False,no_upcoming,0.420708,price_history,,4,1.2918,price_history,,-0.098428,,62.7402,0.9486,-0.096128,-0.0023,late,small,none,commercial_pharma,morningstar,,,,0,0.8092302284710017574692442882,86.52,41.25000000000000000000000000,72.0,74.75,21.52084159069890342185229224,64.47826086956521739130434782,20.0276,-1.018,3.0,,4,1.0,0.0,0,0,0.0,0.3,0.6,cns,0.7369,highly_crowded,1.0,192,-0.005677508064516129,0.195378,-0.8582,20.15,0.384454,-0.2938
PTCT,"PTC Therapeutics, Inc.",103,1.01,A,high_quality+catalyst_mid,,,A,0.766807,0.926923,1,,0,,156,0,specific_days,9,headwind,,L,tier_a_commercial|sponsor_confirmed|momentum_headwind,financial_score:+23.6;clinical_score:-21.8;smart_money_score:+18.1,tier=;reason=;cat_days=156;strength=mid;decay_w=0.7,v1.3.0,31f399e0,1,,0,,"{""burn_ttm"": 0.0, ""cash_total"": 1945371000.0, ""dilution_risk"": null, ""has_revenue"": null, ""lead_phase"": null, ""runway_months"": null, ""stage_bucket"": ""late"", ""surv_score"": ""3.0"", ""tier1_count"": 5}",late|near_91_180|nonpos,0.006181157894736842,72.0045,0.9017,0,1,-0.5792,-1.0,5,5,buying,0.8913,elite_5,0.0,0.0,0.0,,,0.0,0,0,0,True,False,True,mid,0.7,adequate,<=400bps,343.08,1.0,0,0,1.0,0,1.0,0,156,False,specific_days,-0.041599,price_history,,5,0.9199,price_history,,-0.17874,,48.9117,0.3495,-0.096128,-0.082612,late,mid,none,commercial_biotech,morningstar,,,,0,0.8992198090692124105011933174,41.33,45.56250000000000000000000000,71.5,83.11,31.53719117452767868939093672,77.000,33.1622,-0.4595,3.0,56,33,1.0,2.3114,2,4,0.0161,0.4,0.95,oncology,0.2667,moderate,1.0,183,0.006181157894736842,0.233193,-0.7284,33.14,0.636555,0.3493
IMCR,Immunocore Holdings plc,104,0.86,B,high_quality+no_catalyst_data,,,B,0.216387,0.919231,1,,0,,,0,no_upcoming,9,neutral,,L,sponsor_confirmed,clinical_score:-46.2;financial_score:+28.8;smart_money_score:+28.8,tier=;reason=;cat_days=NA;strength=missing;decay_w=0.0,v1.3.0,31f399e0,1,,0,,"{""burn_ttm"": 10712000.0, ""cash_total"": 864153000.0, ""dilution_risk"": null, ""has_revenue"": null, ""lead_phase"": null, ""runway_months"": 453.2667191188041, ""stage_bucket"": ""mid"", ""surv_score"": ""4.0"", ""tier1_count"": 6}",mid|none|nonpos,0.1,71.7985,-0.12,46,1,-1.7543,-1.3223,6,6,buying,1.2961,elite_6,0.0,0.0,0.0,,,0.0,0,0,0,True,False,True,missing,0.0,adequate,<=1000bps,888.71,0.85,1,0,1.0,0,1.0,0,,False,no_upcoming,,,beta_missing:series_too_short,6,,,series_too_short,-0.2341,,21.9,0.4195,-0.096128,-0.137972,mid,small,none,commercial_biotech,morningstar,,,,0,0.8655893214682981090100111235,50,41.25000000000000000000000000,80.0,73.71,5,80.0,5.5658,-1.6329,2.0,46,6,1.0,0.7119,1,1,0.0,0.3,0.95,oncology,0.7369,highly_crowded,1.0,52,0.1,0.783613,0.7845,21.03,0.409664,-0.2284
IOVA,"Iovance Biotherapeutics, Inc.",105,0.52,C,low_quality,,,C,0.233193,0.296154,1,,0,,460,0,specific_days,9,headwind,,M,catalyst_far_lift|sponsor_confirmed|momentum_headwind|runway_short,financial_score:-10.6;smart_money_score:+8.7;clinical_score:+8.2,tier=;reason=;cat_days=460;strength=far;decay_w=0.3,v1.3.0,31f399e0,1,,0,,"{""burn_ttm"": 302408000.0, ""cash_total"": 296980000.0, ""dilution_risk"": null, ""has_revenue"": null, ""lead_phase"": null, ""runway_months"": 11.784608872781144, ""stage_bucket"": ""mid"", ""surv_score"": ""-1.0"", ""tier1_count"": 2}",mid|far_271_540|pos,0.1,40.947442,0.4276,0,1,0.4362,0.4699,2,2,neutral,-0.3232,elite_2,0.0,0.0,0.0,,,0.0,0,0,0,True,False,True,far,0.3,short,<=1000bps,449.86,0.85,1,0,1.0,0,1.0,0,460,False,specific_days,-0.03567,price_history,,2,0.9445,price_history,,-0.227317,,62.0271,0.9724,-0.096128,-0.131189,mid,small,sev2,commercial_biotech,morningstar,,,,0,0.7638601446000903750564844103,40.66,45.56250000000000000000000000,55.0,47.94,54.46808510638297872340425532,35.63653739751521553241788643,54.3552,0.4416,2.0,460,14,1.0,0.1907,1,0,0.0,0.3,0.95,oncology,0.7369,highly_crowded,1.0,56,0.1,0.766807,0.7284,11.80,0.098739,-1.2888
PCRX,"Pacira BioSciences, Inc.",106,0.86,B,high_quality+no_catalyst_data,,,B,0.32563,0.888462,1,,0,,,0,no_upcoming,9,tailwind,,L,momentum_tailwind,clinical_score:-28.3;momentum_score:+21.4;financial_score:+14.0,tier=;reason=;cat_days=NA;strength=missing;decay_w=0.0,v1.3.0,31f399e0,1,,0,,"{""burn_ttm"": 0.0, ""cash_total"": 246334000.0, ""dilution_risk"": null, ""has_revenue"": null, ""lead_phase"": null, ""runway_months"": null, ""stage_bucket"": ""early"", ""surv_score"": ""-1.0"", ""tier1_count"": 0}",early|none|nonpos,0.1,70.630824,-1.5098,,0,-1.2903,-0.7354,0,0,neutral,-1.1328,,0.0,0.0,0.0,,,0.0,0,0,0,True,False,True,missing,0.0,adequate,<=1000bps,713.74,0.85,1,0,1.0,0,1.0,0,,False,no_upcoming,0.248164,price_history,,0,0.7232,price_history,,-0.034154,,59.9278,0.3370,-0.096128,0.061974,early,small,sev1,commercial_pharma,morningstar,,,,0,0.7293044343691252902797744111,69.78,41.25000000000000000000000000,,81.76,20.09602194787379972565157750,62.35294117647058823529411765,18.696,-1.0746,,,,,0.0,0,0,,0.0,0.5,other,-3.495,uncrowded,1.0,78,0.1,0.67437,0.452,20.38,0.397059,-0.261
IDYA,"IDEAYA Biosciences, Inc.",107,0.86,C,mod_quality+no_catalyst_data,,,C,0.207983,0.742308,1,,0,,,0,no_upcoming,9,tailwind,deep_drawdown|deep_drawdown_rel_xbi,L,sponsor_confirmed|momentum_tailwind,catalyst_score:-21.2;financial_score:+17.6;momentum_score:+7.7,tier=;reason=;cat_days=NA;strength=missing;decay_w=0.0,v1.3.0,31f399e0,1,,0,,"{""burn_ttm"": 71098000.0, ""cash_total"": 639388000.0, ""dilution_risk"": null, ""has_revenue"": null, ""lead_phase"": null, ""runway_months"": 107.9166221272047, ""stage_bucket"": ""early"", ""surv_score"": ""5.0"", ""tier1_count"": 6}",early|none|pos,0.1,58.5045,-1.3255,2345,1,0.4967,0.5318,6,6,neutral,1.2961,elite_6,0.0,0.0,0.0,,,0.0,0,0,0,True,False,True,missing,0.0,adequate,<=1000bps,591.25,0.85,1,0,1.0,0,1.0,0,,False,no_upcoming,0.302976,price_history,,6,0.4491,price_history,,-0.372106,,47.5261,0.3864,-0.096128,-0.275978,early,mid,none,commercial_biotech,morningstar,,,,0,0.7999746966688727112287668211,70.12,41.25000000000000000000000000,65.0,24.23,55.83333333333333333333333333,80.0,55.0174,0.4698,1.0,2345,1,0.0,0.0,0,0,0.0,0.3,0.85,oncology,0.7369,highly_crowded,1.0,50,0.1,0.792017,0.8134,48.19,0.918067,1.3922
BEAM,Beam Therapeutics Inc.,108,0.52,C,mod_quality+no_catalyst_data,,,C,0.065126,0.788462,1,,0,,,0,no_upcoming,9,headwind,,M,sponsor_confirmed|momentum_headwind,clinical_score:-30.4;financial_score:+29.5;smart_money_score:+15.5,tier=;reason=;cat_days=NA;strength=missing;decay_w=0.0,v1.3.0,31f399e0,1,,0,,"{""burn_ttm"": 345102000.0, ""cash_total"": 1245210000.0, ""dilution_risk"": null, ""has_revenue"": null, ""lead_phase"": null, ""runway_months"": 43.29885077455361, ""stage_bucket"": ""early"", ""surv_score"": ""5.0"", ""tier1_count"": 4}",early|none|nonpos,0.1,62.552,-1.5098,,0,-1.0859,-1.0881,4,4,buying,0.4865,elite_4,0.0,0.0,0.0,,,0.0,0,0,0,True,False,True,missing,0.0,adequate,<=1000bps,448.95,0.85,1,0,1.0,0,1.0,0,,False,no_upcoming,-0.132691,price_history,,4,0.7119,price_history,,-0.184167,,54.521,0.7330,-0.096128,-0.088039,early,mid,sev1,commercial_biotech,morningstar,,,,0,0.6748341499162479061976549414,45.26,41.25000000000000000000000000,66.0,50,20.09602194787379972565157750,80.0,18.346,-1.0895,,,,,0.0,0,0,,0.0,0.5,other,0.7369,highly_crowded,1.0,16,0.1,0.934874,1.5131,21.41,0.430672,-0.1747
BIOA,"BioAge Labs, Inc.",109,0.86,C,mod_quality+no_catalyst_data,,,C,0.069328,0.765385,1,,0,,,0,no_upcoming,9,neutral,drawdown_data_missing,L,sponsor_confirmed,clinical_score:-31.4;financial_score:+22.8;smart_money_score:+20.5,tier=;reason=;cat_days=NA;strength=missing;decay_w=0.0,v1.3.0,31f399e0,1,,0,,"{""burn_ttm"": 53376000.0, ""cash_total"": 285778000.0, ""dilution_risk"": null, ""has_revenue"": null, ""lead_phase"": null, ""runway_months"": 63.32104316546763, ""stage_bucket"": ""early"", ""surv_score"": ""5.0"", ""tier1_count"": 4}",early|none|nonpos,0.1,60.958824,-1.5098,,0,-1.2903,-1.2929,4,4,buying,0.4865,elite_4,0.0,0.0,0.0,,,0.0,0,0,0,True,False,True,missing,0.0,adequate,<=1000bps,809.82,0.85,1,0,1.0,0,1.0,0,,False,no_upcoming,,,beta_missing:series_too_short,4,,,series_too_short,,no_price_series,,1.0312,-0.096128,,early,small,sev1,commercial_pharma,morningstar,,,drawdown,1,0.6932879023077719134844251268,50,41.25000000000000000000000000,72.0,50,20.09602194787379972565157750,74.35294117647058823529411765,18.346,-1.0895,,,,,0.0,0,0,,0.0,0.5,other,0.7369,highly_crowded,1.0,17,0.1,0.930672,1.4808,23.35,0.476891,-0.058
CRMD,CorMedix Inc.,110,0.52,C,mod_quality+no_catalyst_data,,,C,0.859244,0.711538,1,,0,,,0,no_upcoming,9,headwind,,M,sponsor_confirmed|momentum_headwind,clinical_score:-28.2;smart_money_score:+23.4;catalyst_score:+3.6,tier=;reason=;cat_days=NA;strength=missing;decay_w=0.0,v1.3.0,31f399e0,1,,0,,"{""burn_ttm"": 0.0, ""cash_total"": 55716811.0, ""dilution_risk"": null, ""has_revenue"": null, ""lead_phase"": null, ""runway_months"": null, ""stage_bucket"": ""late"", ""surv_score"": ""1.0"", ""tier1_count"": 2}",late|none|nonpos,-0.005677508064516129,55.761577,0.8535,0,1,-1.5594,-1.5729,2,2,buying,-0.3232,elite_2,0.0,0.0,0.0,,,0.0,0,0,0,True,False,True,missing,0.0,adequate,<=1000bps,707.46,0.85,1,0,1.0,0,1.0,0,,False,no_upcoming,-0.125842,price_history,,2,1.0222,price_history,,-0.317797,,50.6501,0.8522,-0.096128,-0.221669,late,small,none,commercial_biotech,morningstar,,,,0,0.7657334589121732987991523428,36.50,41.25000000000000000000000000,61.0,87.16,9.402827321971198308891531248,39.90128124343625288804872926,8.6428,-1.5021,3.0,,3,0.6667,0.0,0,0,0.0,0.4,0.55,infectious_disease,-2.0844,uncrowded,1.0,205,-0.005677508064516129,0.140756,-1.0769,16.37,0.245798,-0.6878
ARQT,"Arcutis Biotherapeutics, Inc.",111,0.52,C,low_quality+no_catalyst_data,,,C,0.552521,0.165385,1,,0,,,0,no_upcoming,9,headwind,,M,sponsor_confirmed|momentum_headwind,smart_money_score:+20.8;momentum_score:-15.9;financial_score:-6.4,tier=;reason=;cat_days=NA;strength=missing;decay_w=0.0,v1.3.0,31f399e0,1,,0,,"{""burn_ttm"": 5625000.0, ""cash_total"": 42907000.0, ""dilution_risk"": null, ""has_revenue"": null, ""lead_phase"": null, ""runway_months"": 89.4016, ""stage_bucket"": ""late"", ""surv_score"": ""-2.0"", ""tier1_count"": 4}",late|none|pos,0.07400345454545454,32.888889,0.6254,26,1,0.2612,0.2908,4,4,buying,0.4865,elite_4,0.0,0.0,0.0,,,0.0,0,0,0,True,False,True,missing,0.0,adequate,<=1000bps,482.23,0.85,1,0,1.0,0,1.0,0,,False,no_upcoming,-0.261681,price_history,,4,1.0355,price_history,,-0.333333,,40.7502,0.727,-0.096128,-0.237205,late,mid,none,commercial_biotech,morningstar,,,,0,0.8793965971722981068775461299,29.30,41.25000000000000000000000000,66.0,27.32,50.51724137931034482758620690,38.81530864197530864197530865,50.7513,0.2884,3.0,26,6,1.0,3.1132,4,4,0.0,0.3,0.5,dermatology,0.7369,highly_crowded,1.0,132,0.07400345454545454,0.447479,-0.132,34.47,0.661765,0.4173
RPRX,Royalty Pharma plc,112,0.61,C,mod_quality+no_catalyst_data,,,C,0.384454,0.657692,1,,0,,,0,no_upcoming,9,neutral,drawdown_data_missing,M,,clinical_score:-23.4;smart_money_score:+9.0;catalyst_score:+6.5,tier=;reason=;cat_days=NA;strength=missing;decay_w=0.0,v1.3.0,31f399e0,1,,0,,"{""burn_ttm"": 0.0, ""cash_total"": 618696000.0, ""dilution_risk"": null, ""has_revenue"": null, ""lead_phase"": null, ""runway_months"": null, ""stage_bucket"": ""early"", ""surv_score"": ""3.0"", ""tier1_count"": 1}",early|none|nonpos,0.1,53.465222,-1.5098,,0,-1.0859,-1.0881,1,1,neutral,-0.728,elite_1,0.0,0.0,0.0,,,0.0,0,0,0,True,False,True,missing,0.0,adequate,<=400bps,240.28,1.0,0,0,1.0,0,1.0,0,,False,no_upcoming,-0.080586,price_history,,1,0.654,price_history,,,series_too_short,44.2384,0.257,-0.096128,,early,large,sev1,commercial_biotech,morningstar,,,drawdown,1,0.7531823381377259208419126058,50,50,52.5,66.23,20.09602194787379972565157750,45.07716049382716049382716049,20.271,-1.0077,,,,,,,,,,,,-1.6141,unknown,1.0,92,0.1,0.615546,0.2938,17.97,0.32563,-0.452
STOK,"Stoke Therapeutics, Inc.",113,0.86,C,low_quality+no_catalyst_data,,,C,0.422269,0.280769,1,,0,,,0,no_upcoming,9,neutral,,L,sponsor_confirmed,smart_money_score:+24.7;financial_score:-22.6;clinical_score:+14.7,tier=;reason=;cat_days=NA;strength=missing;decay_w=0.0,v1.3.0,31f399e0,1,,0,,"{""burn_ttm"": 0.0, ""cash_total"": 83394000.0, ""dilution_risk"": null, ""has_revenue"": null, ""lead_phase"": null, ""runway_months"": null, ""stage_bucket"": ""early"", ""surv_score"": ""5.0"", ""tier1_count"": 6}",early|none|pos,0.1,40.646821,-1.2577,1173,1,1.124,1.174,6,6,buying,1.2961,elite_6,0.0,0.0,0.0,,,0.0,0,0,0,True,False,True,missing,0.0,adequate,<=1000bps,603.91,0.85,1,0,1.0,0,1.0,0,,False,no_upcoming,0.11957,price_history,,6,0.8537,price_history,,-0.14817,,60.1499,0.7422,-0.096128,-0.052042,early,mid,none,commercial_biotech,morningstar,,,,0,0.7793348565121412803532008830,52.79,41.25000000000000000000000000,80.0,43.92,70.00000000000000000000000000,32.70404663923182441700960219,68.8341,1.0573,1.0,1173,1,0.0,0.0,0,0,0.0,0.3,0.5,other,-3.2599,uncrowded,1.0,101,0.1,0.577731,0.1961,44.36,0.867647,1.1153
ALNY,"Alnylam Pharmaceuticals, Inc.",114,0.61,C,low_quality+no_catalyst_data,,,C,0.527311,0.35,1,,0,,,0,no_upcoming,9,headwind,,M,sponsor_confirmed|momentum_headwind,smart_money_score:+15.3;catalyst_score:-8.5;momentum_score:-5.3,tier=;reason=;cat_days=NA;strength=missing;decay_w=0.0,v1.3.0,31f399e0,1,,0,,"{""burn_ttm"": 0.0, ""cash_total"": 1657250000.0, ""dilution_risk"": null, ""has_revenue"": null, ""lead_phase"": null, ""runway_months"": null, ""stage_bucket"": ""late"", ""surv_score"": ""3.0"", ""tier1_count"": 6}",late|none|pos,0.07400345454545454,42.842017,0.9187,0,1,0.1022,0.128,6,6,neutral,1.2961,elite_6,0.0,0.0,0.0,,,0.0,0,0,0,True,False,True,missing,0.0,adequate,<=400bps,144.92,1.0,0,0,1.0,0,1.0,0,,False,no_upcoming,-0.064981,price_history,,6,0.9297,price_history,,-0.205934,,34.6021,0.3472,-0.096128,-0.109806,late,large,none,commercial_biotech,morningstar,,,,0,0.9,44.38,41.25000000000000000000000000,65.0,31.43,46.92627824019024970273483948,51.03448275862068965517241380,47.9162,0.1678,3.0,39,33,1.0,2.5011,3,2,0.0,0.4,0.55,infectious_disease,-0.4386,uncrowded,1.0,126,0.07400345454545454,0.472689,-0.0685,42.61,0.821429,0.9208
ZLAB,Zai Lab Limited,115,0.86,C,low_quality+no_catalyst_data,,,C,0.981092,0.573077,1,,0,,,0,no_upcoming,9,tailwind,,L,sponsor_confirmed|momentum_tailwind,financial_score:+29.0;clinical_score:-25.6;catalyst_score:-9.7,tier=;reason=;cat_days=NA;strength=missing;decay_w=0.0,v1.3.0,31f399e0,1,,0,,"{""burn_ttm"": 150789000.0, ""cash_total"": 689573000.0, ""dilution_risk"": null, ""has_revenue"": null, ""lead_phase"": null, ""runway_months"": 54.87718600163142, ""stage_bucket"": ""late"", ""surv_score"": ""4.0"", ""tier1_count"": 3}",late|none|nonpos,-0.005677508064516129,51.546,0.8964,0,1,-0.8538,-0.8506,3,3,selling,0.0816,elite_3,0.0,0.0,0.0,,,0.0,0,0,0,True,False,True,missing,0.0,adequate,<=1000bps,827.45,0.85,1,0,1.0,0,1.0,0,,False,no_upcoming,0.091953,price_history,,3,0.6591,price_history,,-0.089964,,52.8632,0.3972,-0.096128,0.006164,late,mid,none,commercial_biotech,morningstar,,,,0,0.8666968469008512168804699676,60.23,41.25000000000000000000000000,48.0,10.00,25.33623992601400449200687013,80.0,26.5897,-0.739,3.0,223,16,1.0,1.2919,1,1,0.0,0.4,0.95,oncology,0.7369,highly_crowded,1.0,234,-0.005677508064516129,0.018908,-2.0769,22.90,0.468487,-0.0791
FTRE,Fortrea Holdings Inc.,116,0.52,C,low_quality+no_catalyst_data,,,C,0.191176,0.557692,1,,0,,,0,no_upcoming,9,neutral,drawdown_data_missing,M,,clinical_score:-23.9;smart_money_score:+11.5;catalyst_score:+6.0,tier=;reason=;cat_days=NA;strength=missing;decay_w=0.0,v1.3.0,31f399e0,1,,0,,"{""burn_ttm"": 15600000.0, ""cash_total"": 131300000.0, ""dilution_risk"": null, ""has_revenue"": null, ""lead_phase"": null, ""runway_months"": 43.69230769230769, ""stage_bucket"": ""early"", ""surv_score"": ""1.0"", ""tier1_count"": 1}",early|none|nonpos,0.1,50.915614,-1.5098,,0,-1.0859,-1.0881,1,1,buying,-0.728,elite_1,0.0,0.0,0.0,,,0.0,0,0,0,True,False,True,missing,0.0,adequate,<=1000bps,770.09,0.85,1,0,1.0,0,1.0,0,,False,no_upcoming,,,beta_missing:series_too_short,1,,,series_too_short,,no_price_series,,0.8315,-0.096128,,early,small,sev1,commercial_biotech,morningstar,,,drawdown,1,0.6175386132106473874465987512,50,50,55.5,59.75,20.09602194787379972565157750,44.45136485966935793925413302,20.271,-1.0077,,,,,,,,,,,,-1.6141,unknown,1.0,46,0.1,0.808824,0.8736,16.37,0.241597,-0.7012
MRVI,"Maravai LifeSciences Holdings, Inc.",117,0.21,C,low_quality+no_catalyst_data,,,C,0.287815,0.534615,1,,0,,,0,no_upcoming,9,neutral,deep_drawdown|deep_drawdown_rel_xbi,S,cost_haircut_<=2000bps,clinical_score:-22.0;catalyst_score:+7.9;momentum_score:+7.9,tier=;reason=;cat_days=NA;strength=missing;decay_w=0.0,v1.3.0,31f399e0,1,,0,,"{""burn_ttm"": 34805000.0, ""cash_total"": 243574000.0, ""dilution_risk"": null, ""has_revenue"": null, ""lead_phase"": null, ""runway_months"": 82.10337595173107, ""stage_bucket"": ""early"", ""surv_score"": ""-2.0"", ""tier1_count"": 0}",early|none|nonpos,0.1,49.210208,-1.5098,,0,-1.0859,-1.0881,0,0,neutral,-1.1328,,0.0,0.0,0.0,,,0.0,0,0,0,True,False,True,missing,0.0,adequate,<=2000bps,1558.12,0.7,1,0,1.0,0,1.0,0,,False,no_upcoming,,,beta_missing:series_too_short,0,,,series_too_short,-0.3562,,56.6,0.6854,-0.096128,-0.260072,early,small,sev1,commercial_biotech,morningstar,,,,0,0.6673151029748283752860411899,50,50,,50,20.09602194787379972565157750,48.24490580545943867743175701,20.271,-1.0077,,,,,,,,,,,,-1.6141,unknown,1.0,69,0.1,0.712185,0.5598,15.36,0.216387,-0.7845
ONC,BeOne Medicines Ltd.,118,1.01,C,low_quality+no_catalyst_data,,,C,0.939076,0.526923,1,,0,,,0,no_upcoming,9,tailwind,,L,sponsor_confirmed|momentum_tailwind,clinical_score:-29.3;momentum_score:+22.9;catalyst_score:-11.7,tier=;reason=;cat_days=NA;strength=missing;decay_w=0.0,v1.3.0,31f399e0,1,,0,,"{""burn_ttm"": 0.0, ""cash_total"": 4547530000.0, ""dilution_risk"": null, ""has_revenue"": null, ""lead_phase"": null, ""runway_months"": null, ""stage_bucket"": ""late"", ""surv_score"": ""3.0"", ""tier1_count"": 2}",late|none|nonpos,-0.005677508064516129,48.913966,-0.2817,406,1,-0.9296,-0.9282,2,2,buying,-0.3232,elite_2,0.0,0.0,0.0,,,0.0,0,0,0,True,False,True,missing,0.0,adequate,<=400bps,342.35,1.0,0,0,1.0,0,1.0,0,,False,no_upcoming,0.35886,price_history,,2,0.8761,price_history,,-0.043276,,61.3808,0.415,-0.096128,0.052852,late,large,none,commercial_biotech,morningstar,,,,0,0.8800418733476016618406143774,75.78,41.25000000000000000000000000,61.0,15.54,23.62399260140044920068701282,62.93103448275862068965517241,23.5639,-0.8677,3.0,985,13,1.0,0.0343,0,0,0.0,0.4,0.95,oncology,-0.4386,uncrowded,1.0,224,-0.005677508064516129,0.060924,-1.5471,24.63,0.506303,0.0158
MRNA,"Moderna, Inc.",119,1.01,C,low_quality+no_catalyst_data,,,C,0.922269,0.45,1,,0,,,0,no_upcoming,9,tailwind,,L,sponsor_confirmed|momentum_tailwind,momentum_score:+27.1;financial_score:-19.7;smart_money_score:+8.1,tier=;reason=;cat_days=NA;strength=missing;decay_w=0.0,v1.3.0,31f399e0,1,,0,,"{""burn_ttm"": 1873000000.0, ""cash_total"": 2595000000.0, ""dilution_risk"": null, ""has_revenue"": null, ""lead_phase"": null, ""runway_months"": 16.625734116390817, ""stage_bucket"": ""late"", ""surv_score"": ""2.0"", ""tier1_count"": 3}",late|none|nonpos,-0.005677508064516129,46.821172,0.9135,0,1,-0.1621,-0.1425,3,3,selling,0.0816,elite_3,0.0,0.0,0.0,,,0.0,0,0,0,True,False,True,missing,0.0,adequate,<=400bps,132.16,1.0,0,0,1.0,0,1.0,0,,False,no_upcoming,0.079507,price_history,,3,0.5216,price_history,,-0.288455,,45.4672,0.6347,-0.096128,-0.192327,late,large,sev1,commercial_biotech,morningstar,,,,0,0.8803362629060690002518257366,75.97,41.25000000000000000000000000,57.0,52.94,40.95719381688466111771700357,29.10704848725062755978332673,41.3443,-0.1116,3.0,426,17,1.0,0.263,1,0,0.0,0.4,0.95,oncology,0.7369,highly_crowded,1.0,220,-0.005677508064516129,0.077731,-1.4205,21.99,0.451681,-0.1214
VTRS,Viatris Inc.,120,0.61,C,low_quality+no_catalyst_data,,,C,0.476891,0.442308,1,,0,,,0,no_upcoming,9,headwind,,M,sponsor_confirmed|momentum_headwind,clinical_score:-24.7;smart_money_score:+15.7;financial_score:+6.1,tier=;reason=;cat_days=NA;strength=missing;decay_w=0.0,v1.3.0,31f399e0,1,,0,,"{""burn_ttm"": 0.0, ""cash_total"": 975300000.0, ""dilution_risk"": null, ""has_revenue"": null, ""lead_phase"": null, ""runway_months"": null, ""stage_bucket"": ""early"", ""surv_score"": ""-1.0"", ""tier1_count"": 2}",early|none|nonpos,0.1,46.386,-1.5098,,0,-1.2903,-1.2929,2,2,buying,-0.3232,elite_2,0.0,0.0,0.0,,,0.0,0,0,0,True,False,True,missing,0.0,adequate,<=400bps,271.14,1.0,0,0,1.0,0,1.0,0,,False,no_upcoming,-0.10491,price_history,,2,0.3317,price_history,,-0.289716,,48.9206,0.337,-0.096128,-0.193588,early,large,sev1,commercial_pharma,morningstar,,,,0,0.7535252171925011431184270690,42.48,50,60.5,42.90,20.09602194787379972565157750,50.83333333333333333333333333,20.271,-1.0077,,,,,,,,,,,,-1.6141,unknown,1.0,114,0.1,0.523109,0.058,21.67,0.447479,-0.132
NTRA,"Natera, Inc.",121,1.01,C,low_quality+no_catalyst_data,,,C,0.926471,0.303846,1,,0,,,0,no_upcoming,9,tailwind,,L,sponsor_confirmed|momentum_tailwind,momentum_score:+21.7;catalyst_score:-18.1;clinical_score:+17.6,tier=;reason=;cat_days=NA;strength=missing;decay_w=0.0,v1.3.0,31f399e0,1,,0,,"{""burn_ttm"": 0.0, ""cash_total"": 1000000.0, ""dilution_risk"": null, ""has_revenue"": null, ""lead_phase"": null, ""runway_months"": null, ""stage_bucket"": ""late"", ""surv_score"": ""2.0"", ""tier1_count"": 5}",late|none|nonpos,-0.005677508064516129,41.407404,1.1771,0,1,,0.0,5,5,selling,0.8913,elite_5,0.0,0.0,0.0,,,0.0,0,0,0,True,False,True,missing,0.0,adequate,<=400bps,210.15,1.0,0,0,1.0,0,1.0,0,,False,no_upcoming,0.486085,price_history,,5,1.1651,price_history,,-0.024542,,69.0205,0.3255,-0.096128,0.071586,late,large,none,platform_diagnostics,morningstar,,,,0,0.8246108961960025789813023856,81.04,41.25000000000000000000000000,53.5,15.54,76.89655172413793103448275862,43.91200951248513674197384066,78.2782,1.4588,3.0,75,52,1.0,1.5364,2,2,0.0,0.8,0.95,oncology,0.2667,moderate,1.0,221,-0.005677508064516129,0.073529,-1.45,33.66,0.653361,0.3944
TKNO,"Alpha Teknova, Inc.",122,0.17,C,low_quality+no_catalyst_data,,,C,0.443277,0.434615,1,,0,,,0,no_upcoming,9,neutral,drawdown_data_missing,S,cost_haircut_>2000bps,clinical_score:-20.3;catalyst_score:+9.6;momentum_score:+9.6,tier=;reason=;cat_days=NA;strength=missing;decay_w=0.0,v1.3.0,31f399e0,1,,0,,"{""burn_ttm"": 8184000.0, ""cash_total"": 22116000.0, ""dilution_risk"": null, ""has_revenue"": null, ""lead_phase"": null, ""runway_months"": 32.42815249266862, ""stage_bucket"": ""early"", ""surv_score"": ""-1.0"", ""tier1_count"": 0}",early|none|nonpos,0.1,46.204321,-1.5098,,0,-1.2903,-1.2929,0,0,neutral,-1.1328,,0.0,0.0,0.0,,,0.0,0,0,0,True,False,True,missing,0.0,adequate,>2000bps,2036.0,0.55,1,0,1.0,0,1.0,0,,False,no_upcoming,,,beta_missing:series_too_short,0,,,series_too_short,,no_price_series,,0.5979,-0.096128,,early,micro,sev1,commercial_pharma,morningstar,,,drawdown,1,0.6804534095591264936135146271,50,50,,50,20.09602194787379972565157750,41.56515775034293552812071331,20.271,-1.0077,,,,,,,,,,,,-1.6141,unknown,1.0,106,0.1,0.556723,0.1427,14.81,0.186975,-0.8891
AUPH,Aurinia Pharmaceuticals Inc,123,0.26,C,low_quality+no_catalyst_data,,,C,0.813025,0.419231,1,,0,,,0,no_upcoming,9,headwind,deep_drawdown|deep_drawdown_rel_xbi,S,momentum_headwind,smart_money_score:+16.7;financial_score:-12.8;clinical_score:-3.6,tier=;reason=;cat_days=NA;strength=missing;decay_w=0.0,v1.3.0,31f399e0,1,,0,,"{""burn_ttm"": 0.0, ""cash_total"": 80160000.0, ""dilution_risk"": null, ""has_revenue"": null, ""lead_phase"": null, ""runway_months"": null, ""stage_bucket"": ""late"", ""surv_score"": ""1.0"", ""tier1_count"": 1}",late|none|nonpos,-0.005677508064516129,45.614549,0.9068,0,1,-0.4159,-0.4023,1,1,buying,-0.728,elite_1,0.0,0.0,0.0,,,0.0,0,0,0,True,False,True,missing,0.0,adequate,<=1000bps,819.87,0.85,1,0,1.0,0,1.0,0,,False,no_upcoming,-0.140522,price_history,,1,0.7958,price_history,,-0.358341,,43.7071,0.4141,-0.096128,-0.262213,late,small,none,commercial_biotech,morningstar,,,,0,0.8763407441860465116279069767,35.93,41.25000000000000000000000000,55.5,76.35,35.22592152199762187871581451,26.01344255408527620247847091,35.7397,-0.3499,3.0,405,7,1.0,0.8978,1,1,0.0,0.6,0.55,ophthalmology,0.7369,highly_crowded,1.0,194,-0.005677508064516129,0.186975,-0.8891,27.12,0.544118,0.1108
KRYS,"Krystal Biotech, Inc.",124,0.61,C,low_quality+no_catalyst_data,,,C,0.909664,0.380769,1,,0,,,0,no_upcoming,9,headwind,,M,sponsor_confirmed|momentum_headwind,clinical_score:-35.6;smart_money_score:+28.6;financial_score:+9.1,tier=;reason=;cat_days=NA;strength=missing;decay_w=0.0,v1.3.0,31f399e0,1,,0,,"{""burn_ttm"": 0.0, ""cash_total"": 496304000.0, ""dilution_risk"": null, ""has_revenue"": null, ""lead_phase"": null, ""runway_months"": null, ""stage_bucket"": ""late"", ""surv_score"": ""2.0"", ""tier1_count"": 4}",late|none|nonpos,-0.005677508064516129,43.925,-0.3254,427,1,-1.6551,-1.6709,4,4,buying,0.4865,elite_4,0.0,0.0,0.0,,,0.0,0,0,0,True,False,True,missing,0.0,adequate,<=400bps,347.42,1.0,0,0,1.0,0,1.0,0,,False,no_upcoming,-0.101553,price_history,,4,1.0373,price_history,,-0.285649,,58.5194,0.3475,-0.096128,-0.189521,late,mid,none,commercial_biotech,morningstar,,,,0,0.8910317052782421781705278242,42.32,41.25000000000000000000000000,71.5,34.46,7.240718721099220504690183645,52.00000000000000000000000000,6.4807,-1.594,3.0,427,3,0.6667,0.0432,0,0,0.0,0.4,0.5,other,-0.4386,uncrowded,1.0,217,-0.005677508064516129,0.090336,-1.3387,18.59,0.35084,-0.3831
GH,"Guardant Health, Inc.",125,1.01,C,low_quality,,,C,0.997899,0.257692,1,,0,,4,1,specific_days,9,tailwind,,L,sponsor_confirmed|momentum_tailwind,catalyst_score:-13.4;clinical_score:+12.8;smart_money_score:+7.6,tier=;reason=;cat_days=4;strength=near;decay_w=1.0,v1.3.0,31f399e0,1,,0,,"{""burn_ttm"": 184760000.0, ""cash_total"": 378203000.0, ""dilution_risk"": null, ""has_revenue"": null, ""lead_phase"": null, ""runway_months"": 24.05654706689919, ""stage_bucket"": ""late"", ""surv_score"": ""-1.0"", ""tier1_count"": 3}",late|near_0_30|nonpos,-0.027977764705882355,40.083138,1.1709,0,1,,0.0,3,3,buying,0.0816,elite_3,0.0,0.0,0.0,,,0.0,0,0,0,True,False,True,near,1.0,adequate,<=400bps,236.1,1.0,0,0,1.0,0,1.0,0,4,True,specific_days,0.107008,price_history,,3,0.8487,price_history,,-0.013949,,66.5022,0.6981,-0.096128,0.082179,late,large,none,platform_diagnostics,morningstar,,,,0,0.9,55.50,45.56250000000000000000000000,66.5,11.74,71.72413793103448275862068966,55.27586206896551724137931034,73.4519,1.2536,3.0,0,527,1.0,5.3515,2,7,0.0025,0.8,0.95,oncology,-0.4386,uncrowded,1.0,238,-0.027977764705882355,0.002101,-2.8626,43.09,0.838235,0.9872
ARWR,"Arrowhead Pharmaceuticals, Inc.",126,1.01,C,low_quality+no_catalyst_data,,,C,0.035714,0.365385,1,,0,,,0,no_upcoming,9,tailwind,,L,sponsor_confirmed|momentum_tailwind,clinical_score:-21.9;smart_money_score:+11.6;momentum_score:+10.9,tier=;reason=;cat_days=NA;strength=missing;decay_w=0.0,v1.3.0,31f399e0,1,,0,,"{""burn_ttm"": 0.0, ""cash_total"": 714967000.0, ""dilution_risk"": null, ""has_revenue"": null, ""lead_phase"": null, ""runway_months"": null, ""stage_bucket"": ""mid"", ""surv_score"": ""5.0"", ""tier1_count"": 2}",mid|none|nonpos,0.1,43.154574,0.402,0,1,-0.7553,-0.7498,2,2,buying,-0.3232,elite_2,0.0,0.0,0.0,,,0.0,0,0,0,True,False,True,missing,0.0,adequate,<=400bps,234.38,1.0,0,0,1.0,0,1.0,0,,False,no_upcoming,0.211178,price_history,,2,1.2473,price_history,,-0.335076,,45.249,0.7267,-0.096128,-0.238948,mid,mid,none,commercial_biotech,morningstar,,,,0,0.7624278870218090811583839828,60.28,41.25000000000000000000000000,61.0,15.54,27.56048488506614355414717570,57.02127659574468085106382979,26.8602,-0.7275,2.0,437,10,1.0,0.1678,0,0,0.0,0.4,0.5,respiratory,-0.4386,uncrowded,1.0,9,0.1,0.964286,1.8027,25.84,0.531513,0.0791
LAB,Standard BioTools Inc.,127,0.33,B,mod_quality+catalyst_near,,,B,0.989496,0.826923,1,,0,,63,0,specific_days,9,tailwind,,M,momentum_tailwind|cost_haircut_>2000bps,momentum_score:+36.1;financial_score:-26.6;catalyst_score:-15.2,tier=;reason=;cat_days=63;strength=near;decay_w=1.0,v1.3.0,31f399e0,1,,0,,"{""burn_ttm"": 73153000.0, ""cash_total"": 129418000.0, ""dilution_risk"": null, ""has_revenue"": null, ""lead_phase"": null, ""runway_months"": 21.229696663158037, ""stage_bucket"": ""late"", ""surv_score"": ""0.0"", ""tier1_count"": 1}",late|near_31_90|nonpos,-0.011799944444444444,66.078904,1.1693,0,1,,0.0,1,1,buying,-0.728,elite_1,0.0,0.0,0.0,,,0.0,0,0,0,True,False,True,near,1.0,adequate,>2000bps,2020.0,0.55,1,0,1.0,0,1.0,0,63,False,specific_days,1.135035,price_history,,1,0.907,price_history,,-0.260717,,54.6781,0.7324,-0.096128,-0.164589,late,small,sev1,platform_devices,morningstar,,,,0,0.8246185644494550920706501315,96.55,45.25946711111111111111111111,55.5,90.00,71.20689655172413793103448276,33.93089687040537702163411048,72.5468,1.2151,3.0,95,613,1.0,3.7639,4,6,0.0,0.8,0.95,oncology,0.7369,highly_crowded,1.0,236,-0.011799944444444444,0.010504,-2.3078,21.13,0.413866,-0.2176
FOLD,"Amicus Therapeutics, Inc.",128,1.01,C,low_quality+no_catalyst_data,,,C,0.880252,0.334615,1,,0,,,0,no_upcoming,9,tailwind,,L,sponsor_confirmed|momentum_tailwind,smart_money_score:+20.5;clinical_score:-17.4;catalyst_score:-12.3,tier=;reason=;cat_days=NA;strength=missing;decay_w=0.0,v1.3.0,31f399e0,1,,0,,"{""burn_ttm"": 0.0, ""cash_total"": 293536000.0, ""dilution_risk"": null, ""has_revenue"": null, ""lead_phase"": null, ""runway_months"": null, ""stage_bucket"": ""late"", ""surv_score"": ""1.0"", ""tier1_count"": 6}",late|none|nonpos,-0.005677508064516129,42.179,0.9075,0,1,-0.3743,-0.3598,6,6,buying,1.2961,elite_6,0.0,0.0,0.0,,,0.0,0,0,0,True,False,True,missing,0.0,adequate,<=400bps,259.01,1.0,0,0,1.0,0,1.0,0,,False,no_upcoming,0.084362,price_history,,6,1.0298,price_history,,-0.071114,,51.2151,0.6001,-0.096128,0.025014,late,mid,none,commercial_biotech,morningstar,,,,0,0.9,62.20,41.25000000000000000000000000,74.0,15.54,36.16461884000528471396485665,54.00000000000000000000000000,36.8046,-0.3047,3.0,109,24,1.0,1.0068,0,2,0.0,0.7,0.75,rare_disease,0.7369,highly_crowded,1.0,210,-0.005677508064516129,0.119748,-1.1762,36.39,0.69958,0.5232
HROW,"Harrow, Inc.",129,0.86,C,low_quality+no_catalyst_data,,,C,0.203782,0.142308,1,,0,,,0,no_upcoming,9,tailwind,,L,momentum_tailwind,financial_score:-19.4;momentum_score:+10.9;clinical_score:+10.0,tier=;reason=;cat_days=NA;strength=missing;decay_w=0.0,v1.3.0,31f399e0,1,,0,,"{""burn_ttm"": 0.0, ""cash_total"": 74290000.0, ""dilution_risk"": null, ""has_revenue"": null, ""lead_phase"": null, ""runway_months"": null, ""stage_bucket"": ""early"", ""surv_score"": ""-1.0"", ""tier1_count"": 1}",early|none|pos,0.1,30.863006,-1.4191,,0,0.4349,0.3353,1,1,buying,-0.728,elite_1,0.0,0.0,0.0,,,0.0,0,0,0,True,False,True,missing,0.0,adequate,<=1000bps,581.17,0.85,1,0,1.0,0,1.0,0,,False,no_upcoming,0.166845,price_history,,1,0.3586,price_history,,-0.048913,,64.7261,0.6339,-0.096128,0.047215,early,mid,none,commercial_pharma,morningstar,,,,0,0.7660387897595034910783553142,60.11,41.25000000000000000000000000,55.5,15.54,59.16666666666666666666666667,29.78223593964334705075445816,57.3566,0.5692,0.0,,2,0.0,0.0,0,0,0.0,0.0,0.55,infectious_disease,0.7369,highly_crowded,1.0,49,0.1,0.796218,0.8282,35.16,0.67437,0.452
LGND,Ligand Pharmaceuticals Incorporated,130,0.26,C,low_quality+no_catalyst_data,,,C,0.271008,0.288462,1,,0,,,0,no_upcoming,9,headwind,,S,momentum_headwind,clinical_score:-22.1;financial_score:+20.3;catalyst_score:+7.8,tier=;reason=;cat_days=NA;strength=missing;decay_w=0.0,v1.3.0,31f399e0,1,,0,,"{""burn_ttm"": 0.0, ""cash_total"": 664522000.0, ""dilution_risk"": null, ""has_revenue"": null, ""lead_phase"": null, ""runway_months"": null, ""stage_bucket"": ""early"", ""surv_score"": ""3.0"", ""tier1_count"": 0}",early|none|nonpos,0.1,40.78,-1.5098,,0,-1.0859,-1.0881,0,0,neutral,-1.1328,,0.0,0.0,0.0,,,0.0,0,0,0,True,False,True,missing,0.0,adequate,<=1000bps,494.19,0.85,1,0,1.0,0,1.0,0,,False,no_upcoming,-0.195256,price_history,,0,0.8557,price_history,,-0.185212,,32.1308,0.2960,-0.096128,-0.089084,early,mid,sev1,commercial_biotech,morningstar,,,,0,0.7264430596175478065241844769,36.08,50,,15.54,20.09602194787379972565157750,62.50000000000000000000000000,20.271,-1.0077,,,,,,,,,,,,-1.6141,unknown,1.0,65,0.1,0.728992,0.6098,19.04,0.363445,-0.3493
INSM,Insmed Incorporated,131,1.01,C,low_quality+no_catalyst_data,,,C,0.632353,0.134615,1,,0,,,0,no_upcoming,9,tailwind,,L,sponsor_confirmed|momentum_tailwind,smart_money_score:+26.0;financial_score:-14.8;catalyst_score:-9.8,tier=;reason=;cat_days=NA;strength=missing;decay_w=0.0,v1.3.0,31f399e0,1,,0,,"{""burn_ttm"": 935014000.0, ""cash_total"": 1430047000.0, ""dilution_risk"": null, ""has_revenue"": null, ""lead_phase"": null, ""runway_months"": 16.84374990798079, ""stage_bucket"": ""late"", ""surv_score"": ""-1.0"", ""tier1_count"": 14}",late|none|pos,0.07400345454545454,30.720078,0.9186,0,1,0.0574,0.0822,14,14,buying,4.5346,elite_14,0.0,0.0,0.0,,,0.0,0,0,0,True,False,True,missing,0.0,adequate,<=400bps,156.57,1.0,0,0,1.0,0,1.0,0,,False,no_upcoming,0.111971,price_history,,14,0.93,price_history,,-0.153031,,55.2326,0.5709,-0.096128,-0.056903,late,large,none,commercial_biotech,morningstar,,,,0,0.8952944094001236858379715523,54.73,41.25000000000000000000000000,77.0,10.00,45.91491610516580790064737746,36.16461884000528471396485665,45.5049,0.0653,3.0,,14,1.0,0.0,0,0,0.0,0.4,0.95,oncology,0.7369,highly_crowded,1.0,151,0.07400345454545454,0.367647,-0.3381,30.34,0.602941,0.261
TEM,"Tempus AI, Inc.",132,1.01,C,mod_quality+catalyst_far,,,C,0.758403,0.642308,1,,0,,672,0,specific_days,9,neutral,drawdown_data_missing,L,catalyst_far_lift|sponsor_confirmed,catalyst_score:-14.1;financial_score:+13.1;momentum_score:-9.7,tier=;reason=;cat_days=672;strength=far;decay_w=0.3,v1.3.0,31f399e0,1,,0,,"{""burn_ttm"": 218090000.0, ""cash_total"": 604787000.0, ""dilution_risk"": null, ""has_revenue"": null, ""lead_phase"": null, ""runway_months"": 25.16826017748832, ""stage_bucket"": ""late"", ""surv_score"": ""1.0"", ""tier1_count"": 4}",late|far_271_540|nonpos,0.008006915492957747,53.043,1.1627,0,1,,0.0,4,4,buying,0.4865,elite_4,0.0,0.0,0.0,,,0.0,0,0,0,True,False,True,far,0.3,adequate,<=400bps,199.47,1.0,0,0,1.0,0,1.0,0,672,False,specific_days,,,beta_missing:series_too_short,4,,,series_too_short,,no_price_series,,0.5816,-0.096128,,late,mid,none,platform_services,morningstar,,,drawdown,1,0.8459278417173154015259278417,50,45.56250000000000000000000000,66.0,29.38,63.96551724137931034482758620,72.80000000000000000000000000,64.6835,0.8808,3.0,130,138,1.0,0.7194,0,1,0.0,0.8,0.95,oncology,-0.4386,uncrowded,1.0,181,0.008006915492957747,0.241597,-0.7012,41.08,0.796218,0.8282
CDNA,"CareDx, Inc.",133,0.86,C,mod_quality+no_catalyst_data,,,C,0.829832,0.603846,1,,0,,,0,no_upcoming,9,tailwind,,L,sponsor_confirmed|momentum_tailwind,catalyst_score:-12.8;clinical_score:+9.4;smart_money_score:+6.4,tier=;reason=;cat_days=NA;strength=missing;decay_w=0.0,v1.3.0,31f399e0,1,,0,,"{""burn_ttm"": 0.0, ""cash_total"": 177208000.0, ""dilution_risk"": null, ""has_revenue"": null, ""lead_phase"": null, ""runway_months"": null, ""stage_bucket"": ""late"", ""surv_score"": ""1.0"", ""tier1_count"": 3}",late|none|nonpos,-0.005677508064516129,52.205,1.1603,0,1,,0.0,3,3,buying,0.0816,elite_3,0.0,0.0,0.0,,,0.0,0,0,0,True,False,True,missing,0.0,adequate,<=1000bps,851.72,0.85,1,0,1.0,0,1.0,0,,False,no_upcoming,-0.005371,price_history,,3,1.0903,price_history,,-0.053964,,52.3879,0.5165,-0.096128,0.042164,late,small,none,platform_diagnostics,morningstar,,,,0,0.8840569973922761703712902024,55.11,41.25000000000000000000000000,60.5,53.38,63.44827586206896551724137931,50,64.0882,0.8555,3.0,136,189,1.0,1.2188,0,1,0.0,0.6,0.95,oncology,0.7369,highly_crowded,1.0,198,-0.005677508064516129,0.170168,-0.9535,39.81,0.766807,0.7284
BCRX,"BioCryst Pharmaceuticals, Inc.",134,0.52,C,low_quality+no_catalyst_data,,,C,0.821429,0.173077,1,,0,,,0,no_upcoming,9,headwind,,M,sponsor_confirmed|momentum_headwind,smart_money_score:+16.3;financial_score:-13.0;momentum_score:-6.2,tier=;reason=;cat_days=NA;strength=missing;decay_w=0.0,v1.3.0,31f399e0,1,,0,,"{""burn_ttm"": 0.0, ""cash_total"": 212873000.0, ""dilution_risk"": null, ""has_revenue"": null, ""lead_phase"": null, ""runway_months"": null, ""stage_bucket"": ""late"", ""surv_score"": ""3.0"", ""tier1_count"": 3}",late|none|nonpos,-0.005677508064516129,33.232056,0.9211,0,1,0.0301,-0.0467,3,3,buying,0.0816,elite_3,0.0,0.0,0.0,,,0.0,0,0,0,True,False,True,missing,0.0,adequate,<=1000bps,517.78,0.85,1,0,1.0,0,1.0,0,,False,no_upcoming,-0.171158,price_history,,3,1.2399,price_history,,-0.292335,,42.1365,0.4141,-0.096128,-0.196207,late,mid,none,commercial_pharma,morningstar,,,,0,0.8953892651986596457635232169,37.94,41.25000000000000000000000000,60.5,33.11,50,31.23456790123456790123456790,49.7733,0.2468,3.0,314,23,1.0,0.3292,1,0,0.0,0.8,0.55,infectious_disease,0.7369,highly_crowded,1.0,196,-0.005677508064516129,0.178571,-0.9208,33.27,0.640756,0.3605
ETON,"Eton Pharmaceuticals, Inc.",135,0.71,C,low_quality+no_catalyst_data,,,C,0.17437,0.219231,1,,0,,,0,no_upcoming,9,tailwind,,L,sponsor_confirmed|momentum_tailwind|cost_haircut_<=2000bps,financial_score:-27.1;momentum_score:+24.9;clinical_score:-22.9,tier=;reason=;cat_days=NA;strength=missing;decay_w=0.0,v1.3.0,31f399e0,1,,0,,"{""burn_ttm"": 0.0, ""cash_total"": 37121000.0, ""dilution_risk"": null, ""has_revenue"": null, ""lead_phase"": null, ""runway_months"": null, ""stage_bucket"": ""early"", ""surv_score"": ""-1.0"", ""tier1_count"": 2}",early|none|nonpos,0.1,37.478337,-1.5098,,0,-1.2903,-1.2929,2,2,buying,-0.3232,elite_2,0.0,0.0,0.0,,,0.0,0,0,0,True,False,True,missing,0.0,adequate,<=2000bps,1543.73,0.7,1,0,1.0,0,1.0,0,,False,no_upcoming,0.334215,price_history,,2,0.9688,price_history,,-0.08046,,58.0494,0.4387,-0.096128,0.015668,early,small,sev1,commercial_pharma,morningstar,,,,0,0.7060664257555847568988173456,67.83,50,61.0,47.97,20.09602194787379972565157750,15.82852748942714340638216070,20.271,-1.0077,,,,,,,,,,,,-1.6141,unknown,1.0,42,0.1,0.82563,0.937,14.39,0.165966,-0.9702
MEDP,"Medpace Holdings, Inc.",136,1.01,C,low_quality+no_catalyst_data,,,C,0.283613,0.457692,1,,0,,,0,no_upcoming,9,tailwind,,L,momentum_tailwind,catalyst_score:-14.0;momentum_score:+12.0;clinical_score:+7.2,tier=;reason=;cat_days=NA;strength=missing;decay_w=0.0,v1.3.0,31f399e0,1,,0,,"{""burn_ttm"": 0.0, ""cash_total"": 497049000.0, ""dilution_risk"": null, ""has_revenue"": null, ""lead_phase"": null, ""runway_months"": null, ""stage_bucket"": ""early"", ""surv_score"": ""3.0"", ""tier1_count"": 0}",early|none|nonpos,0.1,46.838,-1.4011,,0,,0.0,0,0,neutral,-1.1328,,0.0,0.0,0.0,,,0.0,0,0,0,True,False,True,missing,0.0,adequate,<=400bps,270.97,1.0,0,0,1.0,0,1.0,0,,False,no_upcoming,0.376793,price_history,,0,0.6593,price_history,,-0.005136,,63.3192,0.2643,-0.096128,0.090992,early,large,none,platform_diagnostics,morningstar,,,,0,0.8051694049682264586943963027,67.30,41.25000000000000000000000000,,31.08,62.50000000000000000000000000,50,61.0399,0.7258,0.0,,3,0.0,0.0,0,0,0.0,0.0,0.5,dermatology,-3.495,uncrowded,1.0,68,0.1,0.716387,0.5721,35.21,0.678571,0.4637
TWST,Twist Bioscience Corporation,137,0.86,C,mod_quality+no_catalyst_data,,,C,0.455882,0.696154,1,,0,,,0,no_upcoming,9,tailwind,,L,momentum_tailwind,momentum_score:+34.0;catalyst_score:-16.2;financial_score:-14.1,tier=;reason=;cat_days=NA;strength=missing;decay_w=0.0,v1.3.0,31f399e0,1,,0,,"{""burn_ttm"": 24814000.0, ""cash_total"": 197949000.0, ""dilution_risk"": null, ""has_revenue"": null, ""lead_phase"": null, ""runway_months"": 95.72773434351576, ""stage_bucket"": ""early"", ""surv_score"": ""1.0"", ""tier1_count"": 1}",early|none|nonpos,0.1,55.279853,-1.4026,,0,,0.0,1,1,selling,-0.728,elite_1,0.0,0.0,0.0,,,0.0,0,0,0,True,False,True,missing,0.0,adequate,<=1000bps,402.96,0.85,1,0,1.0,0,1.0,0,,False,no_upcoming,0.77256,price_history,,1,1.4876,price_history,,-0.022817,,61.5225,0.6351,-0.096128,0.073311,early,mid,none,platform_diagnostics,morningstar,,,,0,0.7583047126436781609195402299,91.45,41.25000000000000000000000000,49.5,50,61.66666666666666666666666666,43.31078532235939643347050755,60.5566,0.7053,0.0,,1,0.0,0.0,0,0,0.0,0.0,0.75,cardiovascular,0.7369,highly_crowded,1.0,109,0.1,0.544118,0.1108,38.84,0.754202,0.6878
TGTX,"TG Therapeutics, Inc.",138,0.86,C,low_quality+no_catalyst_data,,,C,0.968487,0.157692,1,,0,,,0,no_upcoming,9,tailwind,,L,sponsor_confirmed|momentum_tailwind,momentum_score:+38.9;clinical_score:-31.2;financial_score:-22.4,tier=;reason=;cat_days=NA;strength=missing;decay_w=0.0,v1.3.0,31f399e0,1,,0,,"{""burn_ttm"": 44432000.0, ""cash_total"": 131582000.0, ""dilution_risk"": null, ""has_revenue"": null, ""lead_phase"": null, ""runway_months"": 35.537090385307884, ""stage_bucket"": ""late"", ""surv_score"": ""3.0"", ""tier1_count"": 3}",late|none|nonpos,-0.005677508064516129,32.686722,0.8701,0,1,-1.4276,-1.438,3,3,buying,0.0816,elite_3,0.0,0.0,0.0,,,0.0,0,0,0,True,False,True,missing,0.0,adequate,<=1000bps,429.71,0.85,1,0,1.0,0,1.0,0,,False,no_upcoming,0.309837,price_history,,3,1.2595,price_history,,0.0,,65.8819,0.3599,-0.096128,0.096128,late,mid,none,commercial_biotech,morningstar,,,,0,0.8791415687215159510674022547,82.45,41.25000000000000000000000000,60.5,19.07,12.37812128418549346016646849,21.16049382716049382716049383,13.7181,-1.2863,3.0,70,13,1.0,1.8009,2,2,0.0,0.4,0.95,oncology,0.7369,highly_crowded,1.0,231,-0.005677508064516129,0.031513,-1.859,9.98,0.060924,-1.5471
NVCR,NovoCure Limited,139,0.86,C,low_quality+no_catalyst_data,,,C,0.930672,0.580769,1,,0,,,0,no_upcoming,9,tailwind,overbought_rsi,L,momentum_tailwind,financial_score:-21.4;momentum_score:+13.1;smart_money_score:+6.5,tier=;reason=;cat_days=NA;strength=missing;decay_w=0.0,v1.3.0,31f399e0,1,,0,,"{""burn_ttm"": 49031000.0, ""cash_total"": 93548000.0, ""dilution_risk"": null, ""has_revenue"": null, ""lead_phase"": null, ""runway_months"": 15.755894902313047, ""stage_bucket"": ""late"", ""surv_score"": ""1.0"", ""tier1_count"": 1}",late|none|nonpos,-0.005677508064516129,51.603816,1.1265,0,1,,0.0,1,1,selling,-0.728,elite_1,0.0,0.0,0.0,,,0.0,0,0,0,True,False,True,missing,0.0,adequate,<=1000bps,603.49,0.85,1,0,1.0,0,1.0,0,,False,no_upcoming,0.289548,price_history,,1,0.5207,price_history,,-0.143603,,74.4694,0.5194,-0.096128,-0.047475,late,small,none,platform_devices,morningstar,,,,0,0.8965931730888365753933837195,58.65,41.25000000000000000000000000,52.0,82.99,51.55172413793103448275862069,24.06070153329132535181684520,52.0107,0.3419,3.0,180,40,1.0,0.7893,0,2,0.0,0.5,0.95,oncology,0.7369,crowded,1.0,222,-0.005677508064516129,0.069328,-1.4808,27.63,0.556723,0.1427
MDGL,"Madrigal Pharmaceuticals, Inc.",140,1.01,C,low_quality+no_catalyst_data,,,C,0.653361,0.042308,1,,0,,,0,no_upcoming,9,neutral,,L,sponsor_confirmed,smart_money_score:+32.0;financial_score:-31.8;catalyst_score:-3.7,tier=;reason=;cat_days=NA;strength=missing;decay_w=0.0,v1.3.0,31f399e0,1,,0,,"{""burn_ttm"": 189553000.0, ""cash_total"": 198693000.0, ""dilution_risk"": null, ""has_revenue"": null, ""lead_phase"": null, ""runway_months"": 12.363577910292975, ""stage_bucket"": ""late"", ""surv_score"": ""-3.0"", ""tier1_count"": 6}",late|none|pos,0.07400345454545454,24.816389,0.9175,0,1,0.013,0.0367,6,6,buying,1.2961,elite_6,0.0,0.0,0.0,,,0.0,0,0,0,True,False,True,missing,0.0,adequate,<=400bps,264.79,1.0,0,0,1.0,0,1.0,0,,False,no_upcoming,-0.10462,price_history,,6,1.0469,price_history,,-0.151698,,50.4906,0.4350,-0.096128,-0.05557,late,mid,sev1,commercial_biotech,morningstar,,,,0,0.8947121788772597526165556613,48.49,41.25000000000000000000000000,77.0,26.29,44.91015986259743691372704452,13.14864197530864197530864197,43.8001,-0.0072,3.0,452,2,0.3333,0.0243,0,0,0.0,0.4,0.55,metabolic,0.7369,highly_crowded,1.0,156,0.07400345454545454,0.346639,-0.3944,22.49,0.464286,-0.0896
TVTX,"Travere Therapeutics, Inc.",141,0.86,C,low_quality+no_catalyst_data,,,C,0.972689,0.088462,1,,0,,,0,no_upcoming,9,tailwind,,L,sponsor_confirmed|momentum_tailwind,smart_money_score:+35.4;clinical_score:-33.4;financial_score:-14.3,tier=;reason=;cat_days=NA;strength=missing;decay_w=0.0,v1.3.0,31f399e0,1,,0,,"{""burn_ttm"": 0.0, ""cash_total"": 93035000.0, ""dilution_risk"": null, ""has_revenue"": null, ""lead_phase"": null, ""runway_months"": null, ""stage_bucket"": ""late"", ""surv_score"": ""3.0"", ""tier1_count"": 5}",late|none|nonpos,-0.005677508064516129,29.001,-0.3345,934,1,-1.5916,-1.6058,5,5,buying,0.8913,elite_5,0.0,0.0,0.0,,,0.0,0,0,0,True,False,True,missing,0.0,adequate,<=1000bps,403.29,0.85,1,0,1.0,0,1.0,0,,False,no_upcoming,0.164304,price_history,,5,0.9184,price_history,,-0.107934,,51.9482,0.7066,-0.096128,-0.011806,late,mid,none,commercial_biotech,morningstar,,,,0,0.8770708148857245422998683738,55.31,41.25000000000000000000000000,77.5,15.54,8.675518562557801558990619628,27.77777777777777777777777778,7.5655,-1.5479,3.0,934,6,1.0,0.0008,0,0,0.0,0.7,0.5,other,0.7369,highly_crowded,1.0,232,-0.005677508064516129,0.027311,-1.9219,15.30,0.212185,-0.7989
XERS,"Xeris Biopharma Holdings, Inc.",142,0.86,C,low_quality+no_catalyst_data,,,C,0.493697,0.065385,1,,0,,,0,no_upcoming,9,neutral,drawdown_data_missing,L,sponsor_confirmed,smart_money_score:+23.7;clinical_score:-22.7;financial_score:-15.6,tier=;reason=;cat_days=NA;strength=missing;decay_w=0.0,v1.3.0,31f399e0,1,,0,,"{""burn_ttm"": 0.0, ""cash_total"": 91598000.0, ""dilution_risk"": null, ""has_revenue"": null, ""lead_phase"": null, ""runway_months"": null, ""stage_bucket"": ""early"", ""surv_score"": ""-1.0"", ""tier1_count"": 3}",early|none|nonpos,0.1,27.669104,-1.5098,,0,-1.0859,-1.0881,3,3,buying,0.0816,elite_3,0.0,0.0,0.0,,,0.0,0,0,0,True,False,True,missing,0.0,adequate,<=1000bps,895.88,0.85,1,0,1.0,0,1.0,0,,False,no_upcoming,,,beta_missing:series_too_short,3,,,series_too_short,,no_price_series,,0.6845,-0.096128,,early,small,sev1,commercial_biotech,morningstar,,,drawdown,1,0.7038885059978189749182115594,50,50,66.5,15.54,20.09602194787379972565157750,27.17800845828527489427143407,20.271,-1.0077,,,,,,,,,,,,-1.6141,unknown,1.0,118,0.1,0.506303,0.0158,17.01,0.279412,-0.5846
SERA,"Sera Prognostics, Inc.",143,0.17,C,mod_quality+no_catalyst_data,,,C,0.401261,0.834615,1,,0,,,0,no_upcoming,9,neutral,drawdown_data_missing,S,cost_haircut_>2000bps,catalyst_score:-10.0;financial_score:+8.2;smart_money_score:+4.3,tier=;reason=;cat_days=NA;strength=missing;decay_w=0.0,v1.3.0,31f399e0,1,,0,,"{""burn_ttm"": 19503000.0, ""cash_total"": 43304000.0, ""dilution_risk"": null, ""has_revenue"": null, ""lead_phase"": null, ""runway_months"": 26.633591307467583, ""stage_bucket"": ""early"", ""surv_score"": ""3.0"", ""tier1_count"": 1}",early|none|nonpos,0.1,66.6205,-1.4622,,0,,0.0,1,1,buying,-0.728,elite_1,0.0,0.0,0.0,,,0.0,0,0,0,True,False,True,missing,0.0,adequate,>2000bps,2050.0,0.55,1,0,1.0,0,1.0,0,,False,no_upcoming,,,beta_missing:series_too_short,1,,,series_too_short,,no_price_series,,,-0.096128,,early,micro,none,platform_devices,morningstar,,,drawdown,1,0.7541478723404255319148936170,50,41.25000000000000000000000000,55.5,85.38,50,59.41666666666666666666666666,48.5399,0.1943,0.0,1561,3,0.0,0.0,0,0,0.0,0.0,0.5,other,-2.0844,uncrowded,1.0,96,0.1,0.598739,0.2501,30.80,0.615546,0.2938
PAHC,Phibro Animal Health Corporatio,144,0.26,C,low_quality+no_catalyst_data,,,C,0.321429,0.026923,1,,0,,,0,no_upcoming,9,headwind,,S,momentum_headwind,catalyst_score:+17.7;clinical_score:-12.2;financial_score:-5.3,tier=;reason=;cat_days=NA;strength=missing;decay_w=0.0,v1.3.0,31f399e0,1,,0,,"{""burn_ttm"": 0.0, ""cash_total"": 74508000.0, ""dilution_risk"": null, ""has_revenue"": null, ""lead_phase"": null, ""runway_months"": null, ""stage_bucket"": ""early"", ""surv_score"": ""1.0"", ""tier1_count"": 0}",early|none|nonpos,0.1,23.965056,-1.5098,,0,-1.2903,-1.2929,0,0,neutral,-1.1328,,0.0,0.0,0.0,,,0.0,0,0,0,True,False,True,missing,0.0,adequate,<=1000bps,831.95,0.85,1,0,1.0,0,1.0,0,,False,no_upcoming,-0.202389,price_history,,0,0.4635,price_history,,-0.233216,,51.7596,0.4021,-0.096128,-0.137088,early,mid,sev1,commercial_pharma,morningstar,,,,0,0.6964531922080846751491949105,32.04,50,,15.54,20.09602194787379972565157750,26.92901234567901234567901234,20.271,-1.0077,,,,,,,,,,,,-1.6141,unknown,1.0,77,0.1,0.678571,0.4637,13.89,0.144958,-1.0583
LFCR,"Lifecore Biomedical, Inc.",145,0.08,C,low_quality+no_catalyst_data,,,C,0.266807,0.019231,1,,0,,,0,no_upcoming,9,headwind,,XS,momentum_headwind|cost_haircut_>2000bps,catalyst_score:+17.4;financial_score:-16.4;clinical_score:-12.5,tier=;reason=;cat_days=NA;strength=missing;decay_w=0.0,v1.3.0,31f399e0,1,,0,,"{""burn_ttm"": 0.0, ""cash_total"": 18856000.0, ""dilution_risk"": null, ""has_revenue"": null, ""lead_phase"": null, ""runway_months"": null, ""stage_bucket"": ""early"", ""surv_score"": ""1.0"", ""tier1_count"": 0}",early|none|nonpos,0.1,21.517895,-1.5098,,0,-1.2903,-1.2929,0,0,neutral,-1.1328,,0.0,0.0,0.0,,,0.0,0,0,0,True,False,True,missing,0.0,adequate,>2000bps,2020.0,0.55,1,0,1.0,0,1.0,0,,False,no_upcoming,-0.050827,price_history,,0,-0.0501,price_history,,-0.117295,,56.814,0.4595,-0.096128,-0.021167,early,micro,sev1,commercial_pharma,morningstar,,,,0,0.7115283586921333764972483004,43.94,50,,15.54,20.09602194787379972565157750,16.20198902606310013717421125,20.271,-1.0077,,,,,,,,,,,,-1.6141,unknown,1.0,64,0.1,0.733193,0.6225,11.61,0.094538,-1.3133
ADPT,Adaptive Biotechnologies Corpor,146,0.52,C,low_quality+no_catalyst_data,,,C,0.014706,0.003846,1,,0,,,0,no_upcoming,9,tailwind,,M,momentum_tailwind|runway_short,financial_score:-32.3;momentum_score:+19.6;smart_money_score:+17.8,tier=;reason=;cat_days=NA;strength=missing;decay_w=0.0,v1.3.0,31f399e0,1,,0,,"{""burn_ttm"": 48041000.0, ""cash_total"": 55034000.0, ""dilution_risk"": null, ""has_revenue"": null, ""lead_phase"": null, ""runway_months"": 11.101028752308098, ""stage_bucket"": ""early"", ""surv_score"": ""-2.0"", ""tier1_count"": 1}",early|none|nonpos,0.1,19.4815,-1.5098,,0,-1.0859,-1.0881,1,1,buying,-0.728,elite_1,0.0,0.0,0.0,,,0.0,0,0,0,True,False,True,missing,0.0,short,<=1000bps,539.77,0.85,1,0,1.0,0,1.0,0,,False,no_upcoming,-0.017243,price_history,,1,0.8849,price_history,,-0.163901,,50.0773,0.7937,-0.096128,-0.067773,early,mid,sev2,commercial_biotech,morningstar,,,,0,0.6648493330344131823786571012,57.29,50,55.5,15.98,20.09602194787379972565157750,5.401111111111111111111111112,20.271,-1.0077,,,,,,,,,,,,-1.6141,unknown,1.0,4,0.1,0.985294,2.1779,5.62,0.014706,-2.1779
RGEN,Repligen Corporation,147,1.01,C,low_quality+no_catalyst_data,,,C,0.371849,0.465385,1,,0,,,0,no_upcoming,9,tailwind,,L,sponsor_confirmed|momentum_tailwind,clinical_score:-26.8;momentum_score:+16.9;smart_money_score:+13.6,tier=;reason=;cat_days=NA;strength=missing;decay_w=0.0,v1.3.0,31f399e0,1,,0,,"{""burn_ttm"": 0.0, ""cash_total"": 748747000.0, ""dilution_risk"": null, ""has_revenue"": null, ""lead_phase"": null, ""runway_months"": null, ""stage_bucket"": ""early"", ""surv_score"": ""-1.0"", ""tier1_count"": 3}",early|none|nonpos,0.1,47.139389,-1.5098,,0,,0.0,3,3,buying,0.0816,elite_3,0.0,0.0,0.0,,,0.0,0,0,0,True,False,True,missing,0.0,adequate,<=400bps,336.3,1.0,0,0,1.0,0,1.0,0,,False,no_upcoming,0.186445,price_history,,3,0.7047,price_history,,-0.051052,,58.0575,0.4218,-0.096128,0.045076,early,mid,sev1,platform_devices,morningstar,,,,0,0.7118419308197085974863752642,63.82,50,60.5,46.39,20.09602194787379972565157750,40.30864197530864197530864198,20.271,-1.0077,,,,,,,,,,,,-1.6141,unknown,1.0,89,0.1,0.628151,0.327,18.97,0.359244,-0.3605
PACB,Pacific Biosciences of Californ,148,0.86,B,high_quality+no_catalyst_data,,,B,0.317227,0.896154,1,,0,,,0,no_upcoming,9,tailwind,overbought_rsi,L,sponsor_confirmed|momentum_tailwind,clinical_score:-39.2;momentum_score:+29.3;financial_score:+20.7,tier=;reason=;cat_days=NA;strength=missing;decay_w=0.0,v1.3.0,31f399e0,1,,0,,"{""burn_ttm"": 111209000.0, ""cash_total"": 279506000.0, ""dilution_risk"": null, ""has_revenue"": null, ""lead_phase"": null, ""runway_months"": 30.160076972187504, ""stage_bucket"": ""early"", ""surv_score"": ""1.0"", ""tier1_count"": 2}",early|none|nonpos,0.1,71.224,-1.5098,,0,,0.0,2,2,buying,-0.3232,elite_2,0.0,0.0,0.0,,,0.0,0,0,0,True,False,True,missing,0.0,adequate,<=1000bps,913.25,0.85,1,0,1.0,0,1.0,0,,False,no_upcoming,0.64474,price_history,,2,0.9112,price_history,,-0.037538,,71.8615,1.0113,-0.096128,0.05859,early,small,sev1,platform_devices,morningstar,,,,0,0.6283799231009040839654993245,88.62,50,58.0,50,20.09602194787379972565157750,80.0,20.271,-1.0077,,,,,,,,,,,,-1.6141,unknown,1.0,76,0.1,0.682773,0.4755,20.15,0.380252,-0.3048
VCYT,"Veracyte, Inc.",149,0.86,C,low_quality+no_catalyst_data,,,C,0.464286,0.55,1,,0,,,0,no_upcoming,9,tailwind,,L,sponsor_confirmed|momentum_tailwind,clinical_score:-29.1;momentum_score:+12.4;smart_money_score:+11.8,tier=;reason=;cat_days=NA;strength=missing;decay_w=0.0,v1.3.0,31f399e0,1,,0,,"{""burn_ttm"": 0.0, ""cash_total"": 315573000.0, ""dilution_risk"": null, ""has_revenue"": null, ""lead_phase"": null, ""runway_months"": null, ""stage_bucket"": ""early"", ""surv_score"": ""2.0"", ""tier1_count"": 2}",early|none|nonpos,0.1,50.741,-1.5098,,0,,0.0,2,2,buying,-0.3232,elite_2,0.0,0.0,0.0,,,0.0,0,0,0,True,False,True,missing,0.0,adequate,<=1000bps,583.25,0.85,1,0,1.0,0,1.0,0,,False,no_upcoming,0.254568,price_history,,2,0.9252,price_history,,-0.074292,,51.4707,0.6453,-0.096128,0.021836,early,mid,sev1,platform_diagnostics,morningstar,,,,0,0.6976459637745974955277280859,61.57,50,61.0,41.22,20.09602194787379972565157750,53.33333333333333333333333334,20.271,-1.0077,,,,,,,,,,,,-1.6141,unknown,1.0,111,0.1,0.535714,0.0896,18.46,0.338235,-0.4173
ILMN,"Illumina, Inc.",150,1.01,C,low_quality+no_catalyst_data,,,C,0.212185,0.511538,1,,0,,,0,no_upcoming,9,neutral,,L,sponsor_confirmed,clinical_score:-20.7;smart_money_score:+11.2;momentum_score:+7.9,tier=;reason=;cat_days=NA;strength=missing;decay_w=0.0,v1.3.0,31f399e0,1,,0,,"{""burn_ttm"": 0.0, ""cash_total"": 215000000.0, ""dilution_risk"": null, ""has_revenue"": null, ""lead_phase"": null, ""runway_months"": null, ""stage_bucket"": ""early"", ""surv_score"": ""4.0"", ""tier1_count"": 2}",early|none|nonpos,0.1,48.596951,-1.5098,,0,,0.0,2,2,selling,-0.3232,elite_2,0.0,0.0,0.0,,,0.0,0,0,0,True,False,True,missing,0.0,adequate,<=400bps,196.98,1.0,0,0,1.0,0,1.0,0,,False,no_upcoming,-0.057457,price_history,,2,0.6856,price_history,,-0.116634,,44.5646,0.6123,-0.096128,-0.020506,early,large,sev1,platform_diagnostics,morningstar,,,,0,0.5483497145633426454512328434,48.67,41.25000000000000000000000000,52.0,57.19,20.09602194787379972565157750,41.88100137174211248285322360,18.696,-1.0746,,,,,0.0,0,0,,0.0,0.5,other,-2.7897,uncrowded,1.0,51,0.1,0.787815,0.7989,14.32,0.157563,-1.0045
CATX,"Perspective Therapeutics, Inc.",151,0.52,C,mod_quality+no_catalyst_data,,,C,0.090336,0.703846,1,,0,,,0,no_upcoming,9,headwind,deep_drawdown|deep_drawdown_rel_xbi,M,sponsor_confirmed|momentum_headwind,clinical_score:-24.8;financial_score:+23.6;smart_money_score:+13.1,tier=;reason=;cat_days=NA;strength=missing;decay_w=0.0,v1.3.0,31f399e0,1,,0,,"{""burn_ttm"": 57827000.0, ""cash_total"": 174137000.0, ""dilution_risk"": null, ""has_revenue"": null, ""lead_phase"": null, ""runway_months"": 36.13613018140315, ""stage_bucket"": ""early"", ""surv_score"": ""5.0"", ""tier1_count"": 2}",early|none|nonpos,0.1,55.700235,-1.5098,,0,,0.0,2,2,buying,-0.3232,elite_2,0.0,0.0,0.0,,,0.0,0,0,0,True,False,True,missing,0.0,adequate,<=1000bps,741.74,0.85,1,0,1.0,0,1.0,0,,False,no_upcoming,-0.106038,price_history,,2,0.3084,price_history,,-0.353535,,42.0403,0.7923,-0.096128,-0.257407,early,small,sev1,platform_devices,morningstar,,,,0,0.6277847243930394915077628426,36.81,41.25000000000000000000000000,58.0,50,20.09602194787379972565157750,68.52941176470588235294117647,18.346,-1.0895,,,,,0.0,0,0,,0.0,0.5,other,0.7369,highly_crowded,1.0,22,0.1,0.909664,1.3387,17.15,0.292017,-0.5475
AVTR,"Avantor, Inc.",152,1.01,C,mod_quality+no_catalyst_data,,,C,0.048319,0.673077,1,,0,,,0,no_upcoming,9,tailwind,,L,momentum_tailwind,clinical_score:-25.9;momentum_score:+12.9;smart_money_score:+6.5,tier=;reason=;cat_days=NA;strength=missing;decay_w=0.0,v1.3.0,31f399e0,1,,0,,"{""burn_ttm"": 0.0, ""cash_total"": 365400000.0, ""dilution_risk"": null, ""has_revenue"": null, ""lead_phase"": null, ""runway_months"": null, ""stage_bucket"": ""early"", ""surv_score"": ""1.0"", ""tier1_count"": 1}",early|none|nonpos,0.1,54.570858,-1.5098,,0,,0.0,1,1,neutral,-0.728,elite_1,0.0,0.0,0.0,,,0.0,0,0,0,True,False,True,missing,0.0,adequate,<=400bps,310.61,1.0,0,0,1.0,0,1.0,0,,False,no_upcoming,0.145394,price_history,,1,0.6759,price_history,,-0.019179,,60.3785,0.5928,-0.096128,0.076949,early,mid,sev1,platform_devices,morningstar,,,,0,0.6823054832610388165943721499,58.84,50,52.5,60.14,20.09602194787379972565157750,48.34190672153635116598079561,20.271,-1.0077,,,,,,,,,,,,-1.6141,unknown,1.0,12,0.1,0.951681,1.6614,19.07,0.367647,-0.3381
PRVA,"Privia Health Group, Inc.",153,0.52,C,low_quality+no_catalyst_data,,,C,0.342437,0.234615,1,,0,,,0,no_upcoming,9,neutral,,M,,clinical_score:-25.4;smart_money_score:+10.0;financial_score:+6.2,tier=;reason=;cat_days=NA;strength=missing;decay_w=0.0,v1.3.0,31f399e0,1,,0,,"{""burn_ttm"": 0.0, ""cash_total"": 441352000.0, ""dilution_risk"": null, ""has_revenue"": null, ""lead_phase"": null, ""runway_months"": null, ""stage_bucket"": ""early"", ""surv_score"": ""3.0"", ""tier1_count"": 1}",early|none|nonpos,0.1,38.689,-1.5098,,0,,0.0,1,1,buying,-0.728,elite_1,0.0,0.0,0.0,,,0.0,0,0,0,True,False,True,missing,0.0,adequate,<=1000bps,754.69,0.85,1,0,1.0,0,1.0,0,,False,no_upcoming,,,beta_missing:series_too_short,1,,,series_too_short,-0.1587,,40.4,0.2771,-0.096128,-0.062572,early,mid,sev1,platform_services,morningstar,,,,0,0.7247565236719270949099799956,50,50,55.5,15.54,20.09602194787379972565157750,51.66666666666666666666666667,20.271,-1.0077,,,,,,,,,,,,-1.6141,unknown,1.0,82,0.1,0.657563,0.4058,18.79,0.355042,-0.3717
CERS,Cerus Corporation,154,0.11,C,low_quality+no_catalyst_data,,,C,0.834034,0.519231,1,,0,,,0,no_upcoming,9,headwind,,XS,momentum_headwind|cost_haircut_<=2000bps,financial_score:-16.1;smart_money_score:+14.0;clinical_score:-12.7,tier=;reason=;cat_days=NA;strength=missing;decay_w=0.0,v1.3.0,31f399e0,1,,0,,"{""burn_ttm"": 1363000.0, ""cash_total"": 15670000.0, ""dilution_risk"": null, ""has_revenue"": null, ""lead_phase"": null, ""runway_months"": 137.96038151137196, ""stage_bucket"": ""late"", ""surv_score"": ""3.0"", ""tier1_count"": 1}",late|none|nonpos,-0.005677508064516129,48.667262,0.8892,0,1,,0.0,1,1,selling,-0.728,elite_1,0.0,0.0,0.0,,,0.0,0,0,0,True,False,True,missing,0.0,adequate,<=2000bps,1656.9,0.7,1,0,1.0,0,1.0,0,,False,no_upcoming,-0.001758,price_history,,1,1.0902,price_history,,-0.161981,,36.4839,,-0.096128,-0.065853,late,small,none,platform_devices,morningstar,,,,0,0.8538365978780459368077416346,44.55,41.25000000000000000000000000,49.5,88.61,22.77777777777777777777777778,19.43058181054400336063852131,22.8965,-0.896,3.0,231,14,1.0,0.2592,0,0,0.0,0.5,0.95,oncology,-0.4386,uncrowded,1.0,199,-0.005677508064516129,0.165966,-0.9702,18.03,0.329832,-0.4404
CSTL,"Castle Biosciences, Inc.",155,0.86,C,mod_quality+no_catalyst_data,,,C,0.128151,0.842308,1,,0,,,0,no_upcoming,9,tailwind,,L,momentum_tailwind,clinical_score:-32.4;financial_score:+22.2;momentum_score:+12.8,tier=;reason=;cat_days=NA;strength=missing;decay_w=0.0,v1.3.0,31f399e0,1,,0,,"{""burn_ttm"": 0.0, ""cash_total"": 287542000.0, ""dilution_risk"": null, ""has_revenue"": null, ""lead_phase"": null, ""runway_months"": null, ""stage_bucket"": ""early"", ""surv_score"": ""3.0"", ""tier1_count"": 0}",early|none|nonpos,0.1,67.258647,-1.5098,,0,,0.0,0,0,neutral,-1.1328,,0.0,0.0,0.0,,,0.0,0,0,0,True,False,True,missing,0.0,adequate,<=1000bps,918.38,0.85,1,0,1.0,0,1.0,0,,False,no_upcoming,0.164843,price_history,,0,0.7601,price_history,,-0.006542,,64.8538,0.5471,-0.096128,0.089586,early,small,sev1,platform_diagnostics,morningstar,,,,0,0.6982840481980986071191686933,65.34,50,,58.78,20.09602194787379972565157750,74.70588235294117647058823529,20.271,-1.0077,,,,,,,,,,,,-1.6141,unknown,1.0,31,0.1,0.871849,1.1352,20.09,0.37605,-0.3159
PSNL,"Personalis, Inc.",156,0.86,C,mod_quality+no_catalyst_data,,,C,0.346639,0.75,1,,0,,,0,no_upcoming,9,tailwind,,L,momentum_tailwind,momentum_score:+42.1;clinical_score:-34.3;catalyst_score:-4.4,tier=;reason=;cat_days=NA;strength=missing;decay_w=0.0,v1.3.0,31f399e0,1,,0,,"{""burn_ttm"": 52700000.0, ""cash_total"": 150515000.0, ""dilution_risk"": null, ""has_revenue"": null, ""lead_phase"": null, ""runway_months"": 34.18205904617714, ""stage_bucket"": ""early"", ""surv_score"": ""3.0"", ""tier1_count"": 0}",early|none|nonpos,0.1,59.778471,-1.5098,,0,,0.0,0,0,neutral,-1.1328,,0.0,0.0,0.0,,,0.0,0,0,0,True,False,True,missing,0.0,adequate,<=1000bps,905.17,0.85,1,0,1.0,0,1.0,0,,False,no_upcoming,0.478042,price_history,,0,1.3065,price_history,,-0.081182,,58.6419,1.0777,-0.096128,0.014946,early,small,sev1,platform_diagnostics,morningstar,,,,0,0.6179161438728565453785027185,96.51,50,,50,20.09602194787379972565157750,51.05882352941176470588235294,20.271,-1.0077,,,,,,,,,,,,-1.6141,unknown,1.0,83,0.1,0.653361,0.3944,14.58,0.182773,-0.9048
BRKR,Bruker Corporation,157,0.3,C,mod_quality+no_catalyst_data,,,C,0.081933,0.726923,1,,0,,,0,no_upcoming,9,headwind,,S,momentum_headwind,clinical_score:-21.8;financial_score:+15.7;catalyst_score:+8.1,tier=;reason=;cat_days=NA;strength=missing;decay_w=0.0,v1.3.0,31f399e0,1,,0,,"{""burn_ttm"": 95700000.0, ""cash_total"": 293100000.0, ""dilution_risk"": null, ""has_revenue"": null, ""lead_phase"": null, ""runway_months"": 36.75235109717868, ""stage_bucket"": ""early"", ""surv_score"": ""-1.0"", ""tier1_count"": 0}",early|none|nonpos,0.1,58.259,-1.5098,,0,,0.0,0,0,neutral,-1.1328,,0.0,0.0,0.0,,,0.0,0,0,0,True,False,True,missing,0.0,adequate,<=400bps,329.83,1.0,0,0,1.0,0,1.0,0,,False,no_upcoming,-0.050555,price_history,,0,0.5331,price_history,,-0.218261,,45.0703,0.4312,-0.096128,-0.122133,early,mid,sev1,platform_devices,morningstar,,,,0,0.6982677637511271415689810640,39.95,50,,69.59,20.09602194787379972565157750,57.58333333333333333333333333,20.271,-1.0077,,,,,,,,,,,,-1.6141,unknown,1.0,20,0.1,0.918067,1.3922,16.63,0.262605,-0.6353
OPCH,"Option Care Health, Inc.",158,0.26,C,low_quality+no_catalyst_data,,,C,0.313025,0.311538,1,,0,,,0,no_upcoming,9,headwind,deep_drawdown_rel_xbi,S,momentum_headwind,clinical_score:-16.2;catalyst_score:+13.7;financial_score:+7.2,tier=;reason=;cat_days=NA;strength=missing;decay_w=0.0,v1.3.0,31f399e0,1,,0,,"{""burn_ttm"": 0.0, ""cash_total"": 232624000.0, ""dilution_risk"": null, ""has_revenue"": null, ""lead_phase"": null, ""runway_months"": null, ""stage_bucket"": ""early"", ""surv_score"": ""1.0"", ""tier1_count"": 0}",early|none|nonpos,0.1,41.740228,-1.5098,,0,,0.0,0,0,neutral,-1.1328,,0.0,0.0,0.0,,,0.0,0,0,0,True,False,True,missing,0.0,adequate,<=1000bps,411.44,0.85,1,0,1.0,0,1.0,0,,False,no_upcoming,-0.27089,price_history,,0,0.8474,price_history,,-0.346814,,45.6073,0.3048,-0.096128,-0.250686,early,mid,sev1,platform_services,morningstar,,,,0,0.7335904344897271808689794544,31.67,50,,45.27,20.09602194787379972565157750,43.47050754458161865569272976,20.271,-1.0077,,,,,,,,,,,,-1.6141,unknown,1.0,75,0.1,0.686975,0.4873,16.86,0.271008,-0.6098
CMPS,COMPASS Pathways Plc - American,159,0.86,C,low_quality+no_catalyst_data,,,C,0.107143,0.473077,1,,0,,,0,no_upcoming,9,neutral,drawdown_data_missing,L,sponsor_confirmed,smart_money_score:+30.1;clinical_score:-28.2;catalyst_score:-6.1,tier=;reason=;cat_days=NA;strength=missing;decay_w=0.0,v1.3.0,31f399e0,1,,0,,"{""burn_ttm"": 119452000.0, ""cash_total"": 185937000.0, ""dilution_risk"": null, ""has_revenue"": null, ""lead_phase"": null, ""runway_months"": 16.924559632728812, ""stage_bucket"": ""mid"", ""surv_score"": ""1.0"", ""tier1_count"": 5}",mid|none|nonpos,0.1,47.284374,-0.7671,336,1,,0.0,5,5,buying,0.8913,elite_5,0.0,0.0,0.0,,,0.0,0,0,0,True,False,True,missing,0.0,adequate,<=1000bps,762.54,0.85,1,0,1.0,0,1.0,0,,False,no_upcoming,,,beta_missing:series_too_short,5,,,series_too_short,,no_price_series,,0.7735,-0.096128,,mid,small,sev1,platform_services,morningstar,,,drawdown,1,0.7804408795153690823423827687,50,41.25000000000000000000000000,77.5,43.55,19.19873245812584880036215482,48.98194255822141743373069765,17.7055,-1.1168,2.0,336,2,0.0,0.0615,0,0,0.0,0.3,0.6,cns,0.7369,highly_crowded,1.0,26,0.1,0.892857,1.2419,17.67,0.317227,-0.4755
CTKB,"Cytek Biosciences, Inc.",160,0.21,C,low_quality+no_catalyst_data,,,C,0.132353,0.396154,1,,0,,,0,no_upcoming,9,neutral,drawdown_data_missing,S,cost_haircut_<=2000bps,clinical_score:-19.2;catalyst_score:+10.7;momentum_score:+10.7,tier=;reason=;cat_days=NA;strength=missing;decay_w=0.0,v1.3.0,31f399e0,1,,0,,"{""burn_ttm"": 3915000.0, ""cash_total"": 93281000.0, ""dilution_risk"": null, ""has_revenue"": null, ""lead_phase"": null, ""runway_months"": 285.91877394636015, ""stage_bucket"": ""early"", ""surv_score"": ""2.0"", ""tier1_count"": 0}",early|none|nonpos,0.1,44.214533,-1.5098,,0,,0.0,0,0,neutral,-1.1328,,0.0,0.0,0.0,,,0.0,0,0,0,True,False,True,missing,0.0,adequate,<=2000bps,1537.39,0.7,1,0,1.0,0,1.0,0,,False,no_upcoming,,,beta_missing:series_too_short,0,,,series_too_short,,no_price_series,,0.7238,-0.096128,,early,small,sev1,platform_devices,morningstar,,,drawdown,1,0.6841434778089595676125142917,50,50,,50,20.09602194787379972565157750,37.14340638216070742022299117,20.271,-1.0077,,,,,,,,,,,,-1.6141,unknown,1.0,32,0.1,0.867647,1.1153,15.02,0.195378,-0.8582
TBPH,"Theravance Biopharma, Inc.",,,D,ineligible,D,ineligible,,0.72479,,0,0.041667,1,0.958333,,0,no_upcoming,9,headwind,deep_drawdown|deep_drawdown_rel_xbi,XS,ineligible,clinical_score:+29.4;momentum_score:-25.9;smart_money_score:+7.9,tier=D;reason=ineligible;cat_days=NA;strength=missing;decay_w=0.0,v1.3.0,31f399e0,0,deep_drawdown,0,,"{""burn_ttm"": 0.0, ""cash_total"": 174773000.0, ""dilution_risk"": null, ""has_revenue"": null, ""lead_phase"": null, ""runway_months"": null, ""stage_bucket"": ""late"", ""surv_score"": ""3.0"", ""tier1_count"": 1}",late|none|pos,0.07400345454545454,,1.1771,0,1,1.3276,1.5334,1,1,buying,-0.728,elite_1,0.0,0.0,0.0,,,0.0,0,0,0,True,False,True,missing,0.0,adequate,<=2000bps,1103.1,0.7,1,0,1.0,0,1.0,0,,False,no_upcoming,-0.378203,price_history,,1,0.5578,price_history,,-0.44505,,39.3753,0.5264,-0.096128,-0.348922,late,small,none,drug_developer,morningstar,,,,0,0.9,21.67,41.25000000000000000000000000,55.5,90.00,77.000,42.36294896030245746691871456,77.5534,1.428,3.0,327,40,1.0,1.3875,1,1,0.0,0.9,0.5,respiratory,0.7369,highly_crowded,1.0,173,0.07400345454545454,0.27521,-0.5971,44.84,0.871849,1.1352
HRTX,"Heron Therapeutics, Inc.",,,D,ineligible,D,ineligible,,0.619748,,0,0.208333,1,0.791667,,0,no_upcoming,9,headwind,deep_drawdown|deep_drawdown_rel_xbi,XS,ineligible,clinical_score:+25.2;financial_score:-25.0;smart_money_score:+15.1,tier=D;reason=ineligible;cat_days=NA;strength=missing;decay_w=0.0,v1.3.0,31f399e0,0,deep_drawdown,0,,"{""burn_ttm"": 27591000.0, ""cash_total"": 28647000.0, ""dilution_risk"": null, ""has_revenue"": null, ""lead_phase"": null, ""runway_months"": 12.459280200065239, ""stage_bucket"": ""late"", ""surv_score"": ""-2.0"", ""tier1_count"": 2}",late|none|pos,0.07400345454545454,,1.1676,0,1,0.9592,1.1302,2,2,buying,-0.3232,elite_2,0.0,0.0,0.0,,,0.0,0,0,0,True,False,True,missing,0.0,adequate,>2000bps,2020.0,0.55,1,0,1.0,0,1.0,0,,False,no_upcoming,-0.303858,price_history,,2,1.1281,price_history,,-0.421824,,34.8497,0.4900,-0.096128,-0.325696,late,micro,sev1,drug_developer,morningstar,,,,0,0.8825854541181999765009987076,29.19,41.25000000000000000000000000,58.0,90.00,68.10344827586206896551724138,17.91957325934733782534020346,68.6897,1.0511,3.0,101,13,1.0,0.887,0,1,0.0,0.4,0.95,oncology,0.7369,highly_crowded,1.0,148,0.07400345454545454,0.380252,-0.3048,25.35,0.527311,0.0685
TRVI,"Trevi Therapeutics, Inc.",,,D,ineligible,D,ineligible,,0.451681,,0,0.106481,1,0.893519,,0,no_upcoming,9,headwind,deep_drawdown|deep_drawdown_rel_xbi,XS,ineligible,momentum_score:-17.4;catalyst_score:-16.9;clinical_score:+16.8,tier=D;reason=ineligible;cat_days=NA;strength=missing;decay_w=0.0,v1.3.0,31f399e0,0,deep_drawdown,0,,"{""burn_ttm"": 34458000.0, ""cash_total"": 194927000.0, ""dilution_risk"": null, ""has_revenue"": null, ""lead_phase"": null, ""runway_months"": 67.88333623541703, ""stage_bucket"": ""mid"", ""surv_score"": ""5.0"", ""tier1_count"": 4}",mid|none|pos,0.1,,0.4538,0,1,1.2404,1.4379,4,4,buying,0.4865,elite_4,0.0,0.0,0.0,,,0.0,0,0,0,True,False,True,missing,0.0,adequate,<=1000bps,718.24,0.85,1,0,1.0,0,1.0,0,,False,no_upcoming,-0.01963,price_history,,4,-0.2377,price_history,,-0.461589,,41.9825,0.6685,-0.096128,-0.365461,mid,small,none,drug_developer,morningstar,,,,0,0.8441713901947615849563465413,40.75,41.25000000000000000000000000,71.5,50.00,74.89361702127659574468085107,62.12765957446808510638297872,74.7915,1.3106,2.0,620,5,1.0,0.1561,1,0,0.0,0.4,0.5,respiratory,-0.4386,uncrowded,1.0,108,0.1,0.548319,0.1214,53.41,0.976891,1.9934
ABVX,Abivax SA,,,D,ineligible,D,ineligible,,0.002101,,0,0.152778,1,0.847222,,0,no_upcoming,9,neutral,drawdown_data_missing,XS,ineligible,financial_score:-44.1;smart_money_score:+33.9;clinical_score:+21.2,tier=D;reason=ineligible;cat_days=NA;strength=missing;decay_w=0.0,v1.3.0,31f399e0,0,financials_missing,1,"cash_runway_lt_6m,survivability_critical","{""burn_ttm"": 0.0, ""cash_total"": 0.0, ""dilution_risk"": null, ""has_revenue"": null, ""lead_phase"": null, ""runway_months"": 0.0, ""stage_bucket"": ""mid"", ""surv_score"": ""-5.0"", ""tier1_count"": 8}",mid|none|pos,0.1,,0.4508,0,1,1.1346,1.3222,8,8,buying,2.1057,elite_8,0.0,0.0,0.0,,,0.0,0,0,0,True,False,True,missing,0.0,critical,<=400bps,240.42,1.0,0,0,1.0,0,1.0,0,,False,no_upcoming,,,beta_missing:series_too_short,8,,,series_too_short,,no_price_series,,0.7549,-0.096128,,mid,unknown,sev2,drug_developer,morningstar,,,drawdown,1,0.7437349785407725321888412017,50,41.25000000000000000000000000,85,50,72.34042553191489361702127660,6.984055128011669433127106283,71.7636,1.1818,2.0,189,9,1.0,0.5314,0,0,0.0,0.4,0.55,infectious_disease,0.7369,highly_crowded,1.0,1,0.1,0.997899,2.8626,17.51,0.30042,-0.5232
ALT,"Altimmune, Inc.",,,D,ineligible,D,ineligible,,0.531513,,0,0.310185,1,0.689815,,0,no_upcoming,9,tailwind,deep_drawdown|deep_drawdown_rel_xbi,XS,ineligible,momentum_score:+31.5;catalyst_score:-23.8;smart_money_score:-16.0,tier=D;reason=ineligible;cat_days=NA;strength=missing;decay_w=0.0,v1.3.0,31f399e0,0,deep_drawdown,0,,"{""burn_ttm"": 48087000.0, ""cash_total"": 210776000.0, ""dilution_risk"": null, ""has_revenue"": null, ""lead_phase"": null, ""runway_months"": 52.5986649198328, ""stage_bucket"": ""late"", ""surv_score"": ""5.0"", ""tier1_count"": 1}",late|none|pos,0.07400345454545454,,1.1456,0,1,0.6593,0.802,1,1,selling,-0.728,elite_1,0.0,0.0,0.0,,,0.0,0,0,0,True,False,True,missing,0.0,adequate,<=1000bps,696.34,0.85,1,0,1.0,0,1.0,0,,False,no_upcoming,1.285161,price_history,,1,0.7377,price_history,,-0.470234,,36.3968,0.8891,-0.096128,-0.374106,late,small,none,drug_developer,morningstar,,,,0,0.8416931150818443083843558666,96.55,41.25000000000000000000000000,49.0,68.81,60.86206896551724137931034483,77.39130434782608695652173913,59.9684,0.6803,2.0,171,6,1.0,0.2881,0,1,0.0,0.4,0.55,infectious_disease,0.7369,highly_crowded,1.0,127,0.07400345454545454,0.468487,-0.0791,37.39,0.716387,0.5721
SRRK,Scholar Rock Holding Corporatio,,,D,ineligible,D,ineligible,,0.418067,,0,0.189815,1,0.810185,,0,no_upcoming,9,headwind,,XS,ineligible,financial_score:-39.1;clinical_score:+22.4;smart_money_score:+21.9,tier=D;reason=ineligible;cat_days=NA;strength=missing;decay_w=0.0,v1.3.0,31f399e0,0,financials_missing,1,"cash_runway_lt_6m,survivability_critical","{""burn_ttm"": 0.0, ""cash_total"": 0.0, ""dilution_risk"": null, ""has_revenue"": null, ""lead_phase"": null, ""runway_months"": 0.0, ""stage_bucket"": ""mid"", ""surv_score"": ""-5.0"", ""tier1_count"": 7}",mid|none|pos,0.1,,-0.5025,144,1,0.976,1.1486,7,7,buying,1.7009,elite_7,0.0,0.0,0.0,,,0.0,0,0,0,True,False,True,missing,0.0,critical,<=1000bps,460.05,0.85,1,0,1.0,0,1.0,0,,False,no_upcoming,-0.120338,price_history,,7,1.1634,price_history,,-0.267926,,57.931,0.7098,-0.096128,-0.171798,mid,unknown,sev2,drug_developer,morningstar,,,,0,0.7305631089985956573403910554,45.79,41.25000000000000000000000000,68.0,50,68.51063829787234042553191489,6.984055128011669433127106283,67.9282,1.0187,2.0,144,2,0.3333,0.3012,0,1,0.0,0.3,0.75,rare_disease,0.7369,highly_crowded,1.0,100,0.1,0.581933,0.2068,20.98,0.405462,-0.2392
GMAB,Genmab A/S,,,D,ineligible,D,ineligible,,0.611345,,0,0.365741,1,0.634259,,0,no_upcoming,9,tailwind,,XS,ineligible,financial_score:-41.5;momentum_score:+21.3;smart_money_score:+14.0,tier=D;reason=ineligible;cat_days=NA;strength=missing;decay_w=0.0,v1.3.0,31f399e0,0,financials_missing,1,"cash_runway_lt_6m,survivability_critical","{""burn_ttm"": 0.0, ""cash_total"": 0.0, ""dilution_risk"": null, ""has_revenue"": null, ""lead_phase"": null, ""runway_months"": 0.0, ""stage_bucket"": ""late"", ""surv_score"": ""-5.0"", ""tier1_count"": 3}",late|none|pos,0.07400345454545454,,1.1365,0,1,0.5308,0.6613,3,3,buying,0.0816,elite_3,0.0,0.0,0.0,,,0.0,0,0,0,True,False,True,missing,0.0,critical,<=1000bps,453.45,0.85,1,0,1.0,0,1.0,0,,False,no_upcoming,0.242584,price_history,,3,0.6298,price_history,,-0.026942,,54.6203,0.3342,-0.096128,0.069186,late,unknown,sev2,drug_developer,morningstar,,,,0,0.8431548027952149709818784792,67.80,41.25000000000000000000000000,60.5,50,57.75862068965517241379310345,5,57.3486,0.5689,3.0,,21,1.0,0.044,0,0,0.0,0.4,0.95,oncology,0.7369,highly_crowded,1.0,146,0.07400345454545454,0.388655,-0.2828,17.66,0.313025,-0.4873
GLPG,Galapagos NV,,,D,ineligible,D,ineligible,,0.607143,,0,0.421296,1,0.578704,,0,no_upcoming,9,headwind,deep_drawdown|deep_drawdown_rel_xbi,XS,ineligible,financial_score:-32.4;smart_money_score:+29.1;momentum_score:-18.2,tier=D;reason=ineligible;cat_days=NA;strength=missing;decay_w=0.0,v1.3.0,31f399e0,0,financials_missing|deep_drawdown,1,"cash_runway_lt_6m,survivability_critical","{""burn_ttm"": 0.0, ""cash_total"": 0.0, ""dilution_risk"": null, ""has_revenue"": null, ""lead_phase"": null, ""runway_months"": 0.0, ""stage_bucket"": ""late"", ""surv_score"": ""-5.0"", ""tier1_count"": 3}",late|none|pos,0.07400345454545454,,0.9296,0,1,0.4237,0.5441,3,3,buying,0.0816,elite_3,0.0,0.0,0.0,,,0.0,0,0,0,True,False,True,missing,0.0,critical,<=2000bps,1708.51,0.7,1,0,1.0,0,1.0,0,,False,no_upcoming,-0.390615,price_history,,3,0.8922,price_history,,-0.522133,,25.6597,0.3097,-0.096128,-0.426005,late,unknown,sev2,drug_developer,morningstar,,,,0,0.8271344575105391613046372310,19.24,41.25000000000000000000000000,66.5,50,55.17241379310344827586206897,5,55.7485,0.5009,3.0,129,43,1.0,2.6738,1,5,0.0,0.4,0.6,autoimmune,0.7369,highly_crowded,1.0,145,0.07400345454545454,0.392857,-0.2719,14.15,0.153361,-1.0221
PRQR,ProQR Therapeutics N.V.,,,D,ineligible,D,ineligible,,0.338235,,0,0.347222,1,0.652778,,0,no_upcoming,9,headwind,deep_drawdown|deep_drawdown_rel_xbi,XS,ineligible,financial_score:-33.2;clinical_score:+18.8;smart_money_score:+15.3,tier=D;reason=ineligible;cat_days=NA;strength=missing;decay_w=0.0,v1.3.0,31f399e0,0,financials_missing|deep_drawdown,1,"cash_runway_lt_6m,survivability_critical","{""burn_ttm"": 0.0, ""cash_total"": 0.0, ""dilution_risk"": null, ""has_revenue"": null, ""lead_phase"": null, ""runway_months"": 0.0, ""stage_bucket"": ""mid"", ""surv_score"": ""-5.0"", ""tier1_count"": 1}",mid|none|pos,0.1,,-0.7396,412,1,0.5795,0.7147,1,1,buying,-0.728,elite_1,0.0,0.0,0.0,,,0.0,0,0,0,True,False,True,missing,0.0,critical,>2000bps,2036.0,0.55,1,0,1.0,0,1.0,0,,False,no_upcoming,0.004637,price_history,,1,0.3591,price_history,,-0.449495,,55.4854,,-0.096128,-0.353367,mid,unknown,sev2,drug_developer,morningstar,,,,0,0.7467380601861874864689326694,38.14,41.25000000000000000000000000,55.5,50,58.93617021276595744680851064,6.984055128011669433127106283,57.8261,0.5892,2.0,521,4,1.0,0.0222,0,0,0.0,0.4,0.55,ophthalmology,0.7369,highly_crowded,1.0,81,0.1,0.661765,0.4173,18.41,0.334034,-0.4288
MESO,Mesoblast Limited,,,D,ineligible,D,ineligible,,0.657563,,0,0.476852,1,0.523148,,0,no_upcoming,9,tailwind,,XS,ineligible,momentum_score:+46.4;financial_score:-43.4;catalyst_score:-7.1,tier=D;reason=ineligible;cat_days=NA;strength=missing;decay_w=0.0,v1.3.0,31f399e0,0,financials_missing,1,"cash_runway_lt_6m,sponsor_absent_late_stage,survivability_critical","{""burn_ttm"": 0.0, ""cash_total"": 0.0, ""dilution_risk"": null, ""has_revenue"": null, ""lead_phase"": null, ""runway_months"": 0.0, ""stage_bucket"": ""late"", ""surv_score"": ""-5.0"", ""tier1_count"": 0}",late|none|pos,0.07400345454545454,,0.9258,0,1,0.3165,0.4269,0,0,neutral,-1.1328,,0.0,0.0,0.0,,,0.0,0,0,0,True,False,True,missing,0.0,critical,<=2000bps,1723.07,0.7,1,0,1.0,0,1.0,0,,False,no_upcoming,0.429762,price_history,,0,1.0894,price_history,,-0.023725,,62.7052,0.5347,-0.096128,0.072403,late,unknown,sev2,drug_developer,morningstar,,,,0,0.7992575876798561151079136691,94.75,41.25000000000000000000000000,,50,52.58620689655172413793103448,5,52.6827,0.3705,3.0,139,30,1.0,0.7623,0,1,0.0,0.4,0.6,autoimmune,-0.4386,uncrowded,1.0,157,0.07400345454545454,0.342437,-0.4058,14.46,0.17437,-0.937
BNTX,BioNTech SE,,,D,ineligible,D,ineligible,,0.077731,,0,0.384259,1,0.615741,,0,no_upcoming,9,tailwind,deep_drawdown|deep_drawdown_rel_xbi,XS,ineligible,financial_score:-38.5;momentum_score:+19.8;clinical_score:+11.5,tier=D;reason=ineligible;cat_days=NA;strength=missing;decay_w=0.0,v1.3.0,31f399e0,0,financials_missing,1,"cash_runway_lt_6m,survivability_critical","{""burn_ttm"": 0.0, ""cash_total"": 0.0, ""dilution_risk"": null, ""has_revenue"": null, ""lead_phase"": null, ""runway_months"": 0.0, ""stage_bucket"": ""mid"", ""surv_score"": ""-5.0"", ""tier1_count"": 4}",mid|none|pos,0.1,,0.431,0,1,0.5002,0.6279,4,4,selling,0.4865,elite_4,0.0,0.0,0.0,,,0.0,0,0,0,True,False,True,missing,0.0,critical,<=400bps,298.62,1.0,0,0,1.0,0,1.0,0,,False,no_upcoming,0.236197,price_history,,4,0.6647,price_history,,-0.38562,,39.2618,0.3086,-0.096128,-0.289492,mid,unknown,sev2,drug_developer,morningstar,,,,0,0.8007065128315721371576450291,65.26,41.25000000000000000000000000,57.0,50,57.02127659574468085106382979,6.984055128011669433127106283,57.4257,0.5722,2.0,896,27,1.0,0.2763,1,0,0.0,0.4,0.95,oncology,0.7369,highly_crowded,1.0,19,0.1,0.922269,1.4205,21.37,0.422269,-0.1961
ROIV,Roivant Sciences Ltd.,,,D,ineligible,D,ineligible,,0.380252,,0,0.412037,1,0.587963,,0,no_upcoming,9,neutral,deep_drawdown|deep_drawdown_rel_xbi,XS,ineligible,catalyst_score:-19.6;financial_score:+19.1;smart_money_score:+16.6,tier=D;reason=ineligible;cat_days=NA;strength=missing;decay_w=0.0,v1.3.0,31f399e0,0,deep_drawdown,0,,"{""burn_ttm"": 586531000.0, ""cash_total"": 4529978000.0, ""dilution_risk"": null, ""has_revenue"": null, ""lead_phase"": null, ""runway_months"": 92.68007317601287, ""stage_bucket"": ""mid"", ""surv_score"": ""4.0"", ""tier1_count"": 5}",mid|none|pos,0.1,,0.4279,0,1,0.4474,0.57,5,5,buying,0.8913,elite_5,0.0,0.0,0.0,,,0.0,0,0,0,True,False,True,missing,0.0,adequate,<=400bps,227.11,1.0,0,0,1.0,0,1.0,0,,False,no_upcoming,,,beta_missing:series_too_short,5,,,series_too_short,-0.4372,,42.5,0.3407,-0.096128,-0.341072,mid,large,none,drug_developer,morningstar,,,,0,0.8415378091872791519434628975,50,41.25000000000000000000000000,77.5,50,55.74468085106382978723404256,80.0,55.0659,0.4718,2.0,95,2,0.3333,0.4531,0,1,0.0,0.4,0.55,infectious_disease,0.7369,highly_crowded,1.0,91,0.1,0.619748,0.3048,43.80,0.859244,1.0769
EPRX,Eupraxia Pharmaceuticals Inc.,,,D,ineligible,D,ineligible,,0.170168,,0,0.467593,1,0.532407,,0,no_upcoming,9,neutral,overbought_rsi,XS,ineligible,financial_score:-36.6;smart_money_score:+22.9;clinical_score:+9.6,tier=D;reason=ineligible;cat_days=NA;strength=missing;decay_w=0.0,v1.3.0,31f399e0,0,financials_missing,1,"cash_runway_lt_6m,survivability_critical","{""burn_ttm"": 0.0, ""cash_total"": 0.0, ""dilution_risk"": null, ""has_revenue"": null, ""lead_phase"": null, ""runway_months"": 0.0, ""stage_bucket"": ""mid"", ""surv_score"": ""-5.0"", ""tier1_count"": 3}",mid|none|pos,0.1,,0.4235,0,1,0.3416,0.4543,3,3,buying,0.0816,elite_3,0.0,0.0,0.0,,,0.0,0,0,0,True,False,True,missing,0.0,critical,>2000bps,2020.0,0.55,1,0,1.0,0,1.0,0,,False,no_upcoming,,,beta_missing:series_too_short,3,0.8122,,series_too_short,-0.0272,,82.0755,0.6009,-0.096128,0.068928,mid,unknown,sev2,drug_developer,morningstar,,,,0,0.7231718598904050714515955732,50,41.25000000000000000000000000,66.5,50,53.19148936170212765957446809,6.984055128011669433127106283,51.6982,0.3286,2.0,992,1,0.0,0.0003,0,0,0.0,0.3,0.6,autoimmune,0.7369,crowded,1.0,41,0.1,0.829832,0.9535,17.30,0.296218,-0.5353
FULC,"Fulcrum Therapeutics, Inc.",,,D,ineligible,D,ineligible,,0.884454,,0,0.986111,1,0.013889,,0,no_upcoming,9,headwind,deep_drawdown|deep_drawdown_rel_xbi,XS,ineligible,financial_score:+35.4;clinical_score:-34.1;momentum_score:-30.9,tier=D;reason=ineligible;cat_days=NA;strength=missing;decay_w=0.0,v1.3.0,31f399e0,0,deep_drawdown,0,,"{""burn_ttm"": 60065000.0, ""cash_total"": 197533000.0, ""dilution_risk"": null, ""has_revenue"": null, ""lead_phase"": null, ""runway_months"": 39.463847498543245, ""stage_bucket"": ""late"", ""surv_score"": ""5.0"", ""tier1_count"": 3}",late|none|nonpos,-0.005677508064516129,,-0.1879,153,1,-1.6542,-1.73,3,3,buying,0.0816,elite_3,0.0,0.0,0.0,,,0.0,0,0,0,True,False,True,missing,0.0,adequate,<=1000bps,919.56,0.85,1,0,1.0,0,1.0,0,,False,no_upcoming,-0.716889,price_history,,3,1.1574,price_history,,-0.672711,,22.0085,1.1313,-0.096128,-0.576583,late,small,none,drug_developer,morningstar,,,,0,0.8089258911819887429643527205,8.22,41.25000000000000000000000000,66.5,53.96,5,74.52173913043478260869565218,4.7707,-1.6667,3.0,215,2,0.3333,0.5295,0,1,0.0,0.4,0.55,infectious_disease,-0.4386,uncrowded,1.0,211,-0.005677508064516129,0.115546,-1.1975,15.94,0.228992,-0.7422
CTMX,"CytomX Therapeutics, Inc.",,,D,ineligible,D,ineligible,,0.136555,,0,0.976852,1,0.023148,,0,no_upcoming,9,headwind,deep_drawdown|deep_drawdown_rel_xbi,XS,ineligible,smart_money_score:+41.7;clinical_score:-36.3;financial_score:-4.7,tier=D;reason=ineligible;cat_days=NA;strength=missing;decay_w=0.0,v1.3.0,31f399e0,0,deep_drawdown,0,,"{""burn_ttm"": 52344000.0, ""cash_total"": 34185000.0, ""dilution_risk"": null, ""has_revenue"": null, ""lead_phase"": null, ""runway_months"": 7.837001375515818, ""stage_bucket"": ""mid"", ""surv_score"": ""-2.0"", ""tier1_count"": 6}",mid|none|nonpos,0.1,,0.1787,13,1,-1.6542,-1.73,6,6,buying,1.2961,elite_6,0.0,0.0,0.0,,,0.0,0,0,0,True,False,True,missing,0.0,adequate,<=1000bps,786.14,0.85,1,0,1.0,0,1.0,0,,False,no_upcoming,-0.19837,price_history,,6,1.1215,price_history,,-0.512295,,45.1402,0.9241,-0.096128,-0.416167,mid,small,none,drug_developer,morningstar,,,,0,0.7856791095120305824151113110,40.53,41.25000000000000000000000000,83.0,46.77,5,36.56606810522609526683768422,5.3625,-1.6416,2.0,,5,1.0,0.4893,2,0,0.0,0.3,0.95,oncology,0.7369,highly_crowded,1.0,33,0.1,0.863445,1.0959,13.41,0.128151,-1.1352
AVXL,Anavex Life Sciences Corp.,,,D,ineligible,D,ineligible,,0.556723,,0,0.541667,1,0.458333,,0,no_upcoming,9,neutral,,XS,ineligible,financial_score:+15.1;catalyst_score:-9.6;momentum_score:-3.1,tier=D;reason=ineligible;cat_days=NA;strength=missing;decay_w=0.0,v1.3.0,31f399e0,0,fundamental_red_flag,1,sponsor_absent_late_stage,"{""burn_ttm"": 7151000.0, ""cash_total"": 131749000.0, ""dilution_risk"": null, ""has_revenue"": null, ""lead_phase"": null, ""runway_months"": 221.0862816389316, ""stage_bucket"": ""late"", ""surv_score"": ""5.0"", ""tier1_count"": 0}",late|none|pos,0.07400345454545454,,0.92,0,1,0.1455,0.2397,0,0,neutral,-1.1328,,0.0,0.0,0.0,,,0.0,0,0,0,True,False,True,missing,0.0,adequate,<=2000bps,1131.52,0.7,1,0,1.0,0,1.0,0,,False,no_upcoming,0.00125,price_history,,0,1.0289,price_history,,-0.280551,,46.6868,1.1868,-0.096128,-0.184423,late,small,none,drug_developer,morningstar,,,,0,0.7970878661087866108786610879,47.69,41.25000000000000000000000000,,77.72,48.45570749108204518430439952,65.91304347826086956521739130,49.1183,0.2189,3.0,63,6,1.0,2.0003,3,3,0.0,0.4,0.6,cns,0.7369,highly_crowded,1.0,133,0.07400345454545454,0.443277,-0.1427,27.78,0.565126,0.164
OCGN,"Ocugen, Inc.",,,D,ineligible,D,ineligible,,0.934874,,0,0.921296,1,0.078704,,0,no_upcoming,9,tailwind,deep_drawdown|deep_drawdown_rel_xbi,XS,ineligible,momentum_score:+37.6;clinical_score:-24.6;financial_score:-24.4,tier=D;reason=ineligible;cat_days=NA;strength=missing;decay_w=0.0,v1.3.0,31f399e0,0,fundamental_red_flag|deep_drawdown,1,sponsor_absent_late_stage,"{""burn_ttm"": 43003000.0, ""cash_total"": 37800000.0, ""dilution_risk"": null, ""has_revenue"": null, ""lead_phase"": null, ""runway_months"": 10.2385842945173, ""stage_bucket"": ""late"", ""surv_score"": ""0.0"", ""tier1_count"": 0}",late|none|nonpos,-0.005677508064516129,,-0.3468,,0,-1.6485,-1.7237,0,0,neutral,-1.1328,,0.0,0.0,0.0,,,0.0,0,0,0,True,False,True,missing,0.0,short,<=2000bps,1069.58,0.7,1,0,1.0,0,1.0,0,,False,no_upcoming,0.704274,price_history,,0,1.1154,price_history,,-0.450549,,44.3665,0.7585,-0.096128,-0.354421,late,small,sev2,drug_developer,morningstar,,,,0,0.8569526884272997032640949555,67.36,41.25000000000000000000000000,,51.98,5.138063152331880036992997754,5.401111111111111111111111112,4.378,-1.6834,3.0,,4,1.0,0.0,0,0,0.0,0.4,0.55,ophthalmology,-0.4386,uncrowded,1.0,223,-0.005677508064516129,0.065126,-1.5131,4.44,0.006303,-2.4947
LEGN,Legend Biotech Corporation,,,D,ineligible,D,ineligible,,0.993697,,0,0.902778,1,0.097222,125,0,specific_days,9,neutral,deep_drawdown|deep_drawdown_rel_xbi,XS,ineligible,clinical_score:-26.8;financial_score:-25.9;smart_money_score:+23.1,tier=D;reason=ineligible;cat_days=125;strength=mid;decay_w=0.7,v1.3.0,31f399e0,0,financials_missing|deep_drawdown,1,"cash_runway_lt_6m,survivability_critical","{""burn_ttm"": 0.0, ""cash_total"": 0.0, ""dilution_risk"": null, ""has_revenue"": null, ""lead_phase"": null, ""runway_months"": 0.0, ""stage_bucket"": ""mid"", ""surv_score"": ""-5.0"", ""tier1_count"": 4}",mid|near_91_180|nonpos,-0.024333321428571426,,0.3612,0,1,-1.608,-1.6794,4,4,selling,0.4865,elite_4,0.0,0.0,0.0,,,0.0,0,0,0,True,False,True,mid,0.7,critical,<=1000bps,455.48,0.85,1,0,1.0,0,1.0,0,125,False,specific_days,-0.096793,price_history,,4,0.2742,price_history,,-0.4224,,48.9789,0.3634,-0.096128,-0.326272,mid,unknown,sev2,drug_developer,morningstar,,,,0,0.7871315546983820850744669452,50,45.56250000000000000000000000,56.0,50,6.114883557165132538604697950,6.984055128011669433127106283,6.3455,-1.5998,2.0,1777,10,1.0,0.4545,1,0,0.0,0.3,0.95,oncology,0.7369,highly_crowded,1.0,237,-0.024333321428571426,0.006303,-2.4947,7.20,0.027311,-1.9219
LQDA,Liquidia Corporation,,,D,ineligible,D,ineligible,,0.913866,,0,0.875,1,0.125,,0,no_upcoming,9,headwind,deep_drawdown|deep_drawdown_rel_xbi,XS,ineligible,smart_money_score:+34.1;financial_score:-21.4;clinical_score:-21.2,tier=D;reason=ineligible;cat_days=NA;strength=missing;decay_w=0.0,v1.3.0,31f399e0,0,deep_drawdown,0,,"{""burn_ttm"": 79930000.0, ""cash_total"": 157496000.0, ""dilution_risk"": null, ""has_revenue"": null, ""lead_phase"": null, ""runway_months"": 23.645089453271613, ""stage_bucket"": ""late"", ""surv_score"": ""0.0"", ""tier1_count"": 3}",late|none|nonpos,-0.005677508064516129,,0.855,0,1,-1.4415,-1.4971,3,3,buying,0.0816,elite_3,0.0,0.0,0.0,,,0.0,0,0,0,True,False,True,missing,0.0,adequate,<=1000bps,430.35,0.85,1,0,1.0,0,1.0,0,,False,no_upcoming,-0.554996,price_history,,3,1.3639,price_history,,-0.557692,,38.3343,0.5778,-0.096128,-0.461564,late,mid,sev1,drug_developer,morningstar,,,,0,0.8688101869606903163950143816,29.95,41.25000000000000000000000000,65.5,23.27,10.13674197384066587395957194,9.959999999999999999999999999,9.6532,-1.4591,3.0,117,3,0.6667,0.3772,0,1,0.0,0.3,0.85,cardiovascular,0.7369,highly_crowded,1.0,218,-0.005677508064516129,0.086134,-1.3649,10.88,0.081933,-1.3922
IMMP,Immutep Limited,,,D,ineligible,D,ineligible,,0.220588,,0,0.532407,1,0.467593,,0,no_upcoming,9,headwind,deep_drawdown|deep_drawdown_rel_xbi,XS,ineligible,financial_score:-27.3;clinical_score:+14.4;catalyst_score:+6.9,tier=D;reason=ineligible;cat_days=NA;strength=missing;decay_w=0.0,v1.3.0,31f399e0,0,financials_missing|deep_drawdown,1,"cash_runway_lt_6m,survivability_critical","{""burn_ttm"": 0.0, ""cash_total"": 0.0, ""dilution_risk"": null, ""has_revenue"": null, ""lead_phase"": null, ""runway_months"": 0.0, ""stage_bucket"": ""mid"", ""surv_score"": ""-5.0"", ""tier1_count"": 0}",mid|none|pos,0.1,,0.4224,0,1,0.1568,0.252,0,0,neutral,-1.1328,,0.0,0.0,0.0,,,0.0,0,0,0,True,False,True,missing,0.0,critical,>2000bps,2020.0,0.55,1,0,1.0,0,1.0,0,,False,no_upcoming,0.169452,price_history,,0,0.4914,price_history,,-0.567657,,48.7622,0.7295,-0.096128,-0.471529,mid,unknown,sev2,drug_developer,morningstar,,,,0,0.7435914475837242282098832770,40.25,41.25000000000000000000000000,,50,48.72843418339117750616166189,6.984055128011669433127106283,48.7434,0.203,2.0,246,10,1.0,0.1334,0,0,0.0909,0.5,0.95,oncology,0.7369,highly_crowded,1.0,53,0.1,0.779412,0.7702,11.97,0.107143,-1.2419
ABEO,Abeona Therapeutics Inc.,,,D,ineligible,D,ineligible,,0.77521,,0,0.828704,1,0.171296,,0,no_upcoming,9,headwind,deep_drawdown|deep_drawdown_rel_xbi,XS,ineligible,financial_score:+27.8;clinical_score:-27.4;momentum_score:-14.0,tier=D;reason=ineligible;cat_days=NA;strength=missing;decay_w=0.0,v1.3.0,31f399e0,0,deep_drawdown,0,,"{""burn_ttm"": 58373000.0, ""cash_total"": 207117000.0, ""dilution_risk"": null, ""has_revenue"": null, ""lead_phase"": null, ""runway_months"": 38.84982606281337, ""stage_bucket"": ""late"", ""surv_score"": ""2.0"", ""tier1_count"": 2}",late|none|nonpos,-0.005677508064516129,,0.8739,0,1,-1.2854,-1.3263,2,2,neutral,-0.3232,elite_2,0.0,0.0,0.0,,,0.0,0,0,0,True,False,True,missing,0.0,adequate,<=2000bps,1317.16,0.7,1,0,1.0,0,1.0,0,,False,no_upcoming,-0.311898,price_history,,2,1.2794,price_history,,-0.45098,,28.2799,,-0.096128,-0.354852,late,micro,none,drug_developer,morningstar,,,,0,0.8741792361966625601971105387,27.34,41.25000000000000000000000000,55.0,81.68,13.90540362002906592680671159,69.13793103448275862068965517,12.7395,-1.3279,3.0,781,7,1.0,0.0089,0,0,0.0,0.3,0.5,other,-1.6141,uncrowded,1.0,185,-0.005677508064516129,0.22479,-0.7561,24.60,0.502101,0.0053
CELC,Celcuity Inc.,,,D,ineligible,D,ineligible,,0.094538,,0,0.810185,1,0.189815,,0,no_upcoming,9,headwind,deep_drawdown|deep_drawdown_rel_xbi,XS,ineligible,smart_money_score:+38.6;clinical_score:-29.1;momentum_score:-21.2,tier=D;reason=ineligible;cat_days=NA;strength=missing;decay_w=0.0,v1.3.0,31f399e0,0,deep_drawdown,0,,"{""burn_ttm"": 116881000.0, ""cash_total"": 454978000.0, ""dilution_risk"": null, ""has_revenue"": null, ""lead_phase"": null, ""runway_months"": 46.71192067145216, ""stage_bucket"": ""mid"", ""surv_score"": ""4.0"", ""tier1_count"": 6}",mid|none|nonpos,0.1,,-0.7959,509,1,-1.2293,-1.265,6,6,buying,1.2961,elite_6,0.0,0.0,0.0,,,0.0,0,0,0,True,False,True,missing,0.0,adequate,<=400bps,347.34,1.0,0,0,1.0,0,1.0,0,,False,no_upcoming,-0.449933,price_history,,6,0.4222,price_history,,-0.511885,,49.1552,,-0.096128,-0.415757,mid,mid,none,drug_developer,morningstar,,,,0,0.7815738498789346246973365617,23.16,41.25000000000000000000000000,83.0,10.00,15.25929279211307278305920226,59.31914893617021276595744681,14.7934,-1.2406,2.0,1158,5,1.0,0.0037,0,0,0.0,0.3,0.95,oncology,-0.4386,uncrowded,1.0,23,0.1,0.905462,1.3133,17.07,0.287815,-0.5598
ZVRA,"Zevra Therapeutics, Inc.",,,D,ineligible,D,ineligible,,0.985294,,0,0.800926,1,0.199074,,0,no_upcoming,9,tailwind,overbought_rsi,XS,ineligible,momentum_score:+51.2;clinical_score:-29.9;financial_score:-17.1,tier=D;reason=ineligible;cat_days=NA;strength=missing;decay_w=0.0,v1.3.0,31f399e0,0,fundamental_red_flag,1,sponsor_absent_late_stage,"{""burn_ttm"": 7114000.0, ""cash_total"": 54439000.0, ""dilution_risk"": null, ""has_revenue"": null, ""lead_phase"": null, ""runway_months"": 91.8285071689626, ""stage_bucket"": ""late"", ""surv_score"": ""0.0"", ""tier1_count"": 0}",late|none|nonpos,-0.005677508064516129,,-0.3055,,0,-1.221,-1.2559,0,0,neutral,-1.1328,,0.0,0.0,0.0,,,0.0,0,0,0,True,False,True,missing,0.0,adequate,<=2000bps,1120.07,0.7,1,0,1.0,0,1.0,0,,False,no_upcoming,3.666939,price_history,,0,0.312,price_history,,-0.073034,,74.5088,0.4964,-0.096128,0.023094,late,small,none,drug_developer,morningstar,,,,0,0.8486240808428294990324661363,96.55,41.25000000000000000000000000,,50,15.45910952569692165411547100,28.22306238185255198487712666,14.7217,-1.2436,3.0,,1,0.0,0.0,0,0,0.0,0.4,0.6,cns,-0.9088,moderate,1.0,235,-0.005677508064516129,0.014706,-2.1779,13.44,0.136555,-1.0959
MCRB,"Seres Therapeutics, Inc.",,,D,ineligible,D,ineligible,,0.918067,,0,0.763889,1,0.236111,,0,no_upcoming,9,tailwind,,XS,ineligible,momentum_score:+42.3;clinical_score:-36.4;catalyst_score:-13.0,tier=D;reason=ineligible;cat_days=NA;strength=missing;decay_w=0.0,v1.3.0,31f399e0,0,fundamental_red_flag,1,sponsor_absent_late_stage,"{""burn_ttm"": 0.0, ""cash_total"": 47638000.0, ""dilution_risk"": null, ""has_revenue"": null, ""lead_phase"": null, ""runway_months"": null, ""stage_bucket"": ""late"", ""surv_score"": ""4.0"", ""tier1_count"": 0}",late|none|nonpos,-0.005677508064516129,,0.8829,0,1,-1.1225,-1.148,0,0,neutral,-1.1328,,0.0,0.0,0.0,,,0.0,0,0,0,True,False,True,missing,0.0,adequate,>2000bps,2036.0,0.55,1,0,1.0,0,1.0,0,,False,no_upcoming,4.054974,price_history,,0,1.4979,price_history,,-0.143457,,69.5017,1.1067,-0.096128,-0.047329,late,micro,none,drug_developer,morningstar,,,,0,0.8030069610863859408878238046,96.55,41.25000000000000000000000000,,90.00,17.83921257761923635883207821,61.37931034482758620689655173,19.4426,-1.0429,3.0,32,4,1.0,1.2636,1,1,0.0,0.4,0.95,oncology,-0.4386,uncrowded,1.0,219,-0.005677508064516129,0.081933,-1.3922,14.86,0.191176,-0.8736
SVRA,"Savara, Inc.",,,D,ineligible,D,ineligible,,0.960084,,0,0.74537,1,0.25463,,0,no_upcoming,9,headwind,deep_drawdown|deep_drawdown_rel_xbi,XS,ineligible,smart_money_score:+34.7;financial_score:-16.8;momentum_score:-15.7,tier=D;reason=ineligible;cat_days=NA;strength=missing;decay_w=0.0,v1.3.0,31f399e0,0,deep_drawdown,0,,"{""burn_ttm"": 75980000.0, ""cash_total"": 124386000.0, ""dilution_risk"": null, ""has_revenue"": null, ""lead_phase"": null, ""runway_months"": 19.645064490655436, ""stage_bucket"": ""late"", ""surv_score"": ""0.0"", ""tier1_count"": 3}",late|none|nonpos,-0.005677508064516129,,0.8887,0,1,-1.0214,-1.0375,3,3,buying,0.0816,elite_3,0.0,0.0,0.0,,,0.0,0,0,0,True,False,True,missing,0.0,adequate,<=1000bps,844.9,0.85,1,0,1.0,0,1.0,0,,False,no_upcoming,-0.525136,price_history,,3,1.6616,price_history,,-0.651961,,27.0698,0.6811,-0.096128,-0.555833,late,small,sev1,drug_developer,morningstar,,,,0,0.8537484194564329872856642949,16.17,41.25000000000000000000000000,66.5,58.91,20.27876866164618840005284714,15.00378071833648393194706994,20.8322,-0.9838,3.0,139,9,1.0,1.6851,1,3,0.0,0.4,0.5,respiratory,0.7369,highly_crowded,1.0,229,-0.005677508064516129,0.039916,-1.7517,12.90,0.115546,-1.1975
ACIU,AC Immune SA,,,D,ineligible,D,ineligible,,0.006303,,0,0.726852,1,0.273148,,0,no_upcoming,9,neutral,,XS,ineligible,financial_score:-24.3;momentum_score:+20.2;catalyst_score:+10.0,tier=D;reason=ineligible;cat_days=NA;strength=missing;decay_w=0.0,v1.3.0,31f399e0,0,financials_missing,1,"cash_runway_lt_6m,survivability_critical","{""burn_ttm"": 0.0, ""cash_total"": 0.0, ""dilution_risk"": null, ""has_revenue"": null, ""lead_phase"": null, ""runway_months"": 0.0, ""stage_bucket"": ""mid"", ""surv_score"": ""-5.0"", ""tier1_count"": 0}",mid|none|nonpos,0.1,,-0.7862,1103,1,-0.8089,-0.8049,0,0,neutral,-1.1328,,0.0,0.0,0.0,,,0.0,0,0,0,True,False,True,missing,0.0,critical,>2000bps,2020.0,0.55,1,0,1.0,0,1.0,0,,False,no_upcoming,0.080733,price_history,,0,0.6746,price_history,,-0.245703,,55.9008,0.7916,-0.096128,-0.149575,mid,unknown,sev2,drug_developer,morningstar,,,,0,0.6611859176522120017520805957,51.44,41.25000000000000000000000000,,50,25.40968764146672702580353100,6.984055128011669433127106283,24.3223,-0.8354,2.0,1312,2,0.3333,0.0,0,0,0.0,0.4,0.6,cns,0.7369,highly_crowded,1.0,2,0.1,0.993697,2.4947,7.85,0.039916,-1.7517
EYPT,"EyePoint, Inc.",,,D,ineligible,D,ineligible,,0.87605,,0,0.671296,1,0.328704,,0,no_upcoming,9,headwind,deep_drawdown|deep_drawdown_rel_xbi,XS,ineligible,smart_money_score:+38.1;financial_score:-28.5;momentum_score:-16.4,tier=D;reason=ineligible;cat_days=NA;strength=missing;decay_w=0.0,v1.3.0,31f399e0,0,deep_drawdown,0,,"{""burn_ttm"": 175063000.0, ""cash_total"": 204022000.0, ""dilution_risk"": null, ""has_revenue"": null, ""lead_phase"": null, ""runway_months"": 13.985045383661882, ""stage_bucket"": ""late"", ""surv_score"": ""2.0"", ""tier1_count"": 4}",late|none|nonpos,-0.005677508064516129,,0.2691,69,1,-0.4793,-0.4442,4,4,buying,0.4865,elite_4,0.0,0.0,0.0,,,0.0,0,0,0,True,False,True,missing,0.0,short,<=1000bps,660.09,0.85,1,0,1.0,0,1.0,0,,False,no_upcoming,-0.324741,price_history,,4,0.2443,price_history,,-0.726829,,41.0729,0.7147,-0.096128,-0.630701,late,small,sev2,drug_developer,morningstar,,,,0,0.8715204794042355131487084012,17.54,41.25000000000000000000000000,72.0,43.07,33.36834456335050865371911746,5.401111111111111111111111112,33.7731,-0.4336,3.0,,6,1.0,0.7821,1,1,0.0,0.4,0.55,ophthalmology,0.2667,moderate,1.0,209,-0.005677508064516129,0.12395,-1.1555,11.83,0.102941,-1.265
CADL,"Candel Therapeutics, Inc.",,,D,ineligible,D,ineligible,,0.82563,,0,0.662037,1,0.337963,,0,no_upcoming,9,neutral,drawdown_data_missing,XS,ineligible,financial_score:+23.7;clinical_score:-15.5;catalyst_score:-8.5,tier=D;reason=ineligible;cat_days=NA;strength=missing;decay_w=0.0,v1.3.0,31f399e0,0,fundamental_red_flag,1,sponsor_absent_late_stage,"{""burn_ttm"": 27743000.0, ""cash_total"": 86963000.0, ""dilution_risk"": null, ""has_revenue"": null, ""lead_phase"": null, ""runway_months"": 34.903184982071295, ""stage_bucket"": ""late"", ""surv_score"": ""5.0"", ""tier1_count"": 0}",late|none|nonpos,-0.005677508064516129,,0.9059,0,1,-0.441,-0.4022,0,0,neutral,-1.1328,,0.0,0.0,0.0,,,0.0,0,0,0,True,False,True,missing,0.0,adequate,<=2000bps,1387.28,0.7,1,0,1.0,0,1.0,0,,False,no_upcoming,,,beta_missing:series_too_short,0,,,series_too_short,,no_price_series,,0.6596,-0.096128,,late,micro,none,drug_developer,morningstar,,,drawdown,1,0.8411040561975980058916836619,50,41.25000000000000000000000000,,87.62,34.29383009644602985863390144,73.48275862068965517241379310,33.8838,-0.4288,3.0,1434,11,1.0,0.0303,0,0,0.0,0.6,0.95,oncology,0.7369,highly_crowded,1.0,197,-0.005677508064516129,0.17437,-0.937,23.50,0.485294,-0.0369
QURE,uniQure N.V.,,,D,ineligible,D,ineligible,,0.771008,,0,0.652778,1,0.347222,4,1,specific_days,9,headwind,high_vol|deep_drawdown|deep_drawdown_rel_xbi,XS,ineligible,momentum_score:-30.7;smart_money_score:+29.4;financial_score:+26.4,tier=D;reason=ineligible;cat_days=4;strength=near;decay_w=1.0,v1.3.0,31f399e0,0,deep_drawdown,0,,"{""burn_ttm"": 100394000.0, ""cash_total"": 597056000.0, ""dilution_risk"": null, ""has_revenue"": null, ""lead_phase"": null, ""runway_months"": 71.36553977329322, ""stage_bucket"": ""mid"", ""surv_score"": ""5.0"", ""tier1_count"": 9}",mid|near_0_30|nonpos,0.005729264150943396,,0.4186,0,1,-0.3469,-0.2992,9,9,buying,2.5105,elite_9,0.0,0.0,0.0,,,0.0,0,0,0,True,False,True,near,1.0,adequate,<=1000bps,501.73,0.85,1,0,1.0,0,1.0,0,4,True,specific_days,-0.395303,price_history,,9,0.4911,price_history,,-0.471543,,41.5042,1.3016,-0.096128,-0.375415,mid,small,none,drug_developer,morningstar,,,,0,0.8014266472106858233247278033,22.96,45.56250000000000000000000000,83.0,56.45,36.56606810522609526683768422,80.0,37.0863,-0.2927,2.0,4,6,1.0,0.9672,1,1,0.0,0.3,0.6,cns,-0.4386,uncrowded,1.0,184,0.005729264150943396,0.228992,-0.7422,28.12,0.577731,0.1961
ELDN,"Eledon Pharmaceuticals, Inc.",,,D,ineligible,D,ineligible,,0.161765,,0,0.569444,1,0.430556,,0,no_upcoming,9,headwind,deep_drawdown|deep_drawdown_rel_xbi,XS,ineligible,momentum_score:-11.0;financial_score:+8.3;smart_money_score:+7.1,tier=D;reason=ineligible;cat_days=NA;strength=missing;decay_w=0.0,v1.3.0,31f399e0,0,deep_drawdown,0,,"{""burn_ttm"": 48250000.0, ""cash_total"": 93401000.0, ""dilution_risk"": null, ""has_revenue"": null, ""lead_phase"": null, ""runway_months"": 23.229264248704663, ""stage_bucket"": ""mid"", ""surv_score"": ""4.0"", ""tier1_count"": 1}",mid|none|pos,0.1,,-0.761,573,1,0.0013,0.0818,1,1,neutral,-0.728,elite_1,0.0,0.0,0.0,,,0.0,0,0,0,True,False,True,missing,0.0,adequate,>2000bps,2020.0,0.55,1,0,1.0,0,1.0,0,,False,no_upcoming,-0.225538,price_history,,1,0.4159,price_history,,-0.672519,,42.6244,,-0.096128,-0.576391,mid,micro,sev1,drug_developer,morningstar,,,,0,0.7175907625091022573598252367,34.38,41.25000000000000000000000000,52.5,50,44.97409587042905286454403702,53.70212765957446808510638298,43.8082,-0.0069,2.0,573,1,0.0,0.0084,0,0,0.0,0.3,0.5,other,-0.4386,uncrowded,1.0,39,0.1,0.838235,0.9872,27.66,0.560924,0.1533
IMTX,Immatics N.V.,,,D,ineligible,D,ineligible,,0.897059,,0,0.643519,1,0.356481,,0,no_upcoming,9,headwind,deep_drawdown|deep_drawdown_rel_xbi,XS,ineligible,financial_score:-22.6;catalyst_score:+13.6;clinical_score:+9.5,tier=D;reason=ineligible;cat_days=NA;strength=missing;decay_w=0.0,v1.3.0,31f399e0,0,financials_missing|deep_drawdown,1,"cash_runway_lt_6m,sponsor_absent_late_stage,survivability_critical","{""burn_ttm"": 0.0, ""cash_total"": 0.0, ""dilution_risk"": null, ""has_revenue"": null, ""lead_phase"": null, ""runway_months"": 0.0, ""stage_bucket"": ""late"", ""surv_score"": ""-5.0"", ""tier1_count"": 0}",late|none|nonpos,-0.005677508064516129,,0.9084,0,1,-0.3244,-0.2746,0,0,neutral,-1.1328,,0.0,0.0,0.0,,,0.0,0,0,0,True,False,True,missing,0.0,critical,<=2000bps,1507.41,0.7,1,0,1.0,0,1.0,0,,False,no_upcoming,-0.321069,price_history,,0,0.5381,price_history,,-0.430588,,35.2057,,-0.096128,-0.33446,late,unknown,sev2,drug_developer,morningstar,,,,0,0.7767624324324324324324324324,27.09,41.25000000000000000000000000,,50,37.10992205046901836438102788,5,36.294,-0.3264,3.0,,13,1.0,0.0108,0,0,0.0,0.3,0.95,oncology,0.7369,highly_crowded,1.0,214,-0.005677508064516129,0.102941,-1.265,8.29,0.052521,-1.6209
ASND,Ascendis Pharma A/S,,,D,ineligible,D,ineligible,,0.754202,,0,0.625,1,0.375,581,0,specific_days,9,headwind,,XS,ineligible,smart_money_score:+41.1;financial_score:-38.9;clinical_score:-3.9,tier=D;reason=ineligible;cat_days=581;strength=far;decay_w=0.3,v1.3.0,31f399e0,0,financials_missing,1,"cash_runway_lt_6m,survivability_critical","{""burn_ttm"": 0.0, ""cash_total"": 0.0, ""dilution_risk"": null, ""has_revenue"": null, ""lead_phase"": null, ""runway_months"": 0.0, ""stage_bucket"": ""late"", ""surv_score"": ""-5.0"", ""tier1_count"": 9}",late|far_271_540|nonpos,0.008006915492957747,,0.9121,0,1,-0.2053,-0.1443,9,9,buying,2.5105,elite_9,0.0,0.0,0.0,,,0.0,0,0,0,True,False,True,far,0.3,critical,<=400bps,248.3,1.0,0,0,1.0,0,1.0,0,581,False,specific_days,-0.070949,price_history,,9,0.5148,price_history,,-0.10807,,44.442,0.4165,-0.096128,-0.011942,late,unknown,sev2,drug_developer,morningstar,,,,0,0.8447470523294325458158533893,43.90,45.56250000000000000000000000,85,50,39.98546703659664420663231602,5,39.2254,-0.2017,3.0,581,6,1.0,0.0144,0,0,0.0,0.4,0.55,metabolic,-0.4386,uncrowded,1.0,180,0.008006915492957747,0.245798,-0.6878,15.23,0.19958,-0.8431
LENZ,"LENZ Therapeutics, Inc.",,,D,ineligible,D,ineligible,,0.262605,,0,0.615741,1,0.384259,,0,no_upcoming,9,neutral,drawdown_data_missing,XS,ineligible,smart_money_score:+29.3;financial_score:-27.9;momentum_score:+5.3,tier=D;reason=ineligible;cat_days=NA;strength=missing;decay_w=0.0,v1.3.0,31f399e0,0,fundamental_red_flag,1,survivability_critical,"{""burn_ttm"": 36145000.0, ""cash_total"": 25399000.0, ""dilution_risk"": null, ""has_revenue"": null, ""lead_phase"": null, ""runway_months"": 8.432369622354406, ""stage_bucket"": ""mid"", ""surv_score"": ""-5.0"", ""tier1_count"": 6}",mid|none|nonpos,0.1,,0.4205,0,1,-0.1504,-0.0842,6,6,buying,1.2961,elite_6,0.0,0.0,0.0,,,0.0,0,0,0,True,False,True,missing,0.0,short,<=1000bps,831.52,0.85,1,0,1.0,0,1.0,0,,False,no_upcoming,,,beta_missing:series_too_short,6,,,series_too_short,,no_price_series,,1.0281,-0.096128,,mid,small,sev2,drug_developer,morningstar,,,drawdown,1,0.7554168851599370739381227058,50,41.25000000000000000000000000,74.0,50,41.31029626276344248277249635,16.81575373472159348121321865,40.5502,-0.1454,2.0,,2,0.3333,0.0,0,0,0.0,0.4,0.5,other,-2.7897,uncrowded,1.0,63,0.1,0.737395,0.6353,15.53,0.220588,-0.7702
ARGX,argenx SE,,,D,ineligible,D,ineligible,,0.808824,,0,0.606481,1,0.393519,,0,no_upcoming,9,tailwind,,XS,ineligible,financial_score:-39.6;smart_money_score:+35.4;momentum_score:+10.3,tier=D;reason=ineligible;cat_days=NA;strength=missing;decay_w=0.0,v1.3.0,31f399e0,0,financials_missing,1,"cash_runway_lt_6m,survivability_critical","{""burn_ttm"": 0.0, ""cash_total"": 0.0, ""dilution_risk"": null, ""has_revenue"": null, ""lead_phase"": null, ""runway_months"": 0.0, ""stage_bucket"": ""late"", ""surv_score"": ""-5.0"", ""tier1_count"": 6}",late|none|nonpos,-0.005677508064516129,,0.9149,0,1,-0.1245,-0.0559,6,6,buying,1.2961,elite_6,0.0,0.0,0.0,,,0.0,0,0,0,True,False,True,missing,0.0,critical,<=400bps,197.05,1.0,0,0,1.0,0,1.0,0,,False,no_upcoming,-0.048577,price_history,,6,0.5849,price_history,,-0.159921,,41.8669,0.2190,-0.096128,-0.063793,late,unknown,sev2,drug_developer,morningstar,,,,0,0.8454987170979871709798717098,54.95,41.25000000000000000000000000,80.0,50,41.93552648962874884396882019,5,42.9597,-0.0429,3.0,369,11,1.0,0.7202,1,1,0.0,0.4,0.95,oncology,0.2667,moderate,1.0,193,-0.005677508064516129,0.191176,-0.8736,16.15,0.233193,-0.7284
SANA,"Sana Biotechnology, Inc.",,,D,ineligible,D,ineligible,,0.397059,,0,0.550926,1,0.449074,,0,no_upcoming,9,neutral,deep_drawdown|deep_drawdown_rel_xbi,XS,ineligible,financial_score:-30.8;smart_money_score:+18.6;momentum_score:+7.6,tier=D;reason=ineligible;cat_days=NA;strength=missing;decay_w=0.0,v1.3.0,31f399e0,0,deep_drawdown,0,,"{""burn_ttm"": 111187000.0, ""cash_total"": 153054000.0, ""dilution_risk"": null, ""has_revenue"": null, ""lead_phase"": null, ""runway_months"": 16.51854983046579, ""stage_bucket"": ""early"", ""surv_score"": ""1.0"", ""tier1_count"": 2}",early|none|pos,0.1,,-1.4633,,0,0.1408,0.2345,2,2,buying,-0.3232,elite_2,0.0,0.0,0.0,,,0.0,0,0,0,True,False,True,missing,0.0,adequate,<=1000bps,861.68,0.85,1,0,1.0,0,1.0,0,,False,no_upcoming,,,beta_missing:series_too_short,2,,,series_too_short,-0.5084,,19.0,1.1156,-0.096128,-0.412272,early,small,sev1,drug_developer,morningstar,,,,0,0.7156683937823834196891191710,50,41.25000000000000000000000000,61.0,50,48.34190672153635116598079561,11.63321799307958477508650519,46.5319,0.109,0.0,3754,1,0.0,0.0,0,0,0.0,0.0,0.55,metabolic,0.7369,highly_crowded,1.0,95,0.1,0.602941,0.261,16.19,0.237395,-0.7147
CLLS,Cellectis S.A.,,,D,ineligible,D,ineligible,,0.102941,,0,0.49537,1,0.50463,,0,no_upcoming,9,neutral,,XS,ineligible,financial_score:-32.5;momentum_score:+14.7;clinical_score:+14.1,tier=D;reason=ineligible;cat_days=NA;strength=missing;decay_w=0.0,v1.3.0,31f399e0,0,financials_missing,1,"cash_runway_lt_6m,survivability_critical","{""burn_ttm"": 0.0, ""cash_total"": 0.0, ""dilution_risk"": null, ""has_revenue"": null, ""lead_phase"": null, ""runway_months"": 0.0, ""stage_bucket"": ""early"", ""surv_score"": ""-5.0"", ""tier1_count"": 0}",early|none|pos,0.1,,-0.1621,0,1,0.2785,0.3852,0,0,neutral,-1.1328,,0.0,0.0,0.0,,,0.0,0,0,0,True,False,True,missing,0.0,critical,>2000bps,2050.0,0.55,1,0,1.0,0,1.0,0,,False,no_upcoming,-0.007698,price_history,,0,1.1237,price_history,,-0.136061,,54.3699,0.8122,-0.096128,-0.039933,early,unknown,sev2,drug_developer,morningstar,,,,0,0.6775654673195656802214179263,52.22,41.25000000000000000000000000,,50,51.66666666666666666666666667,5,50.8508,0.2926,1.0,1024,5,1.0,0.0,0,0,0.0,0.3,0.85,oncology,0.7369,highly_crowded,1.0,25,0.1,0.897059,1.265,14.32,0.161765,-0.9872
CABA,"Cabaletta Bio, Inc.",,,D,ineligible,D,ineligible,,0.086134,,0,0.458333,1,0.541667,,0,no_upcoming,9,neutral,high_vol|deep_drawdown|deep_drawdown_rel_xbi,XS,ineligible,smart_money_score:+17.1;financial_score:-15.8;catalyst_score:-8.2,tier=D;reason=ineligible;cat_days=NA;strength=missing;decay_w=0.0,v1.3.0,31f399e0,0,deep_drawdown,0,,"{""burn_ttm"": 95737000.0, ""cash_total"": 159931000.0, ""dilution_risk"": null, ""has_revenue"": null, ""lead_phase"": null, ""runway_months"": 19.747412178708867, ""stage_bucket"": ""early"", ""surv_score"": ""4.0"", ""tier1_count"": 3}",early|none|pos,0.1,,-1.3423,3048,1,0.3475,0.4607,3,3,buying,0.0816,elite_3,0.0,0.0,0.0,,,0.0,0,0,0,True,False,True,missing,0.0,adequate,<=1000bps,998.61,0.85,1,0,1.0,0,1.0,0,,False,no_upcoming,0.259937,price_history,,3,1.4124,price_history,,-0.410819,,43.8868,1.3399,-0.096128,-0.314691,early,small,sev1,drug_developer,morningstar,,,,0,0.7316004975640095366435161190,52.44,41.25000000000000000000000000,66.5,50,53.33333333333333333333333334,33.62898885044213763936947328,51.8174,0.3337,1.0,3048,1,0.0,0.0,0,0,0.0,0.3,0.5,other,0.7369,highly_crowded,1.0,21,0.1,0.913866,1.3649,28.42,0.581933,0.2068
RAPT,"RAPT Therapeutics, Inc.",,,D,ineligible,D,ineligible,,0.359244,,0,0.273148,1,0.726852,,0,no_upcoming,9,tailwind,high_vol|deep_drawdown|deep_drawdown_rel_xbi,XS,ineligible,financial_score:-29.3;smart_money_score:+21.3;catalyst_score:-14.9,tier=D;reason=ineligible;cat_days=NA;strength=missing;decay_w=0.0,v1.3.0,31f399e0,0,deep_drawdown,0,,"{""burn_ttm"": 76143000.0, ""cash_total"": 157344000.0, ""dilution_risk"": null, ""has_revenue"": null, ""lead_phase"": null, ""runway_months"": 24.797131712698476, ""stage_bucket"": ""early"", ""surv_score"": ""5.0"", ""tier1_count"": 5}",early|none|pos,0.1,,-0.1051,0,1,0.8307,0.9895,5,5,buying,0.8913,elite_5,0.0,0.0,0.0,,,0.0,0,0,0,True,False,True,missing,0.0,adequate,<=400bps,273.59,1.0,0,0,1.0,0,1.0,0,,False,no_upcoming,0.315276,price_history,,5,1.3445,price_history,,-0.466435,,56.5983,1.4599,-0.096128,-0.370307,early,small,none,drug_developer,morningstar,,,,0,0.7284551080230159591792422104,70.15,41.25000000000000000000000000,77.5,32.31,65.00000000000000000000000000,26.87927720107650903498654364,64.5899,0.8768,1.0,241,3,0.6667,0.0336,0,0,0.0,0.4,0.85,oncology,0.7369,highly_crowded,1.0,86,0.1,0.640756,0.3605,29.99,0.594538,0.2392
BLTE,"Belite Bio, Inc",,,D,ineligible,D,ineligible,,0.073529,,0,0.115741,1,0.884259,,0,no_upcoming,9,neutral,drawdown_data_missing,XS,ineligible,financial_score:-42.4;clinical_score:+26.8;smart_money_score:+19.1,tier=D;reason=ineligible;cat_days=NA;strength=missing;decay_w=0.0,v1.3.0,31f399e0,0,financials_missing,1,"cash_runway_lt_6m,survivability_critical","{""burn_ttm"": 0.0, ""cash_total"": 0.0, ""dilution_risk"": null, ""has_revenue"": null, ""lead_phase"": null, ""runway_months"": 0.0, ""stage_bucket"": ""early"", ""surv_score"": ""-5.0"", ""tier1_count"": 3}",early|none|pos,0.1,,-0.0667,0,1,1.2103,1.405,3,3,buying,0.0816,elite_3,0.0,0.0,0.0,,,0.0,0,0,0,True,False,True,missing,0.0,critical,<=1000bps,466.09,0.85,1,0,1.0,0,1.0,0,,False,no_upcoming,,,beta_missing:series_too_short,3,,,series_too_short,,no_price_series,,,-0.096128,,early,unknown,sev2,drug_developer,morningstar,,,drawdown,1,0.7090283128091779812651299863,50,41.25000000000000000000000000,66.5,50,74.16666666666666666666666667,5,73.0983,1.2386,1.0,,2,0.3333,0.0,0,0,0.0,0.4,0.5,other,0.2667,moderate,1.0,18,0.1,0.926471,1.45,24.30,0.493697,-0.0158
LCTX,"Lineage Cell Therapeutics, Inc.",,,D,ineligible,D,ineligible,,0.258403,,0,0.078704,1,0.921296,,0,no_upcoming,9,headwind,deep_drawdown|deep_drawdown_rel_xbi,XS,ineligible,clinical_score:+29.5;financial_score:-22.7;catalyst_score:-5.1,tier=D;reason=ineligible;cat_days=NA;strength=missing;decay_w=0.0,v1.3.0,31f399e0,0,deep_drawdown,0,,"{""burn_ttm"": 14041000.0, ""cash_total"": 40486000.0, ""dilution_risk"": null, ""has_revenue"": null, ""lead_phase"": null, ""runway_months"": 34.60095434798091, ""stage_bucket"": ""early"", ""surv_score"": ""2.0"", ""tier1_count"": 0}",early|none|pos,0.1,,-0.0597,0,1,1.2793,1.4805,0,0,neutral,-1.1328,,0.0,0.0,0.0,,,0.0,0,0,0,True,False,True,missing,0.0,adequate,>2000bps,2020.0,0.55,1,0,1.0,0,1.0,0,,False,no_upcoming,-0.037408,price_history,,0,0.4009,price_history,,-0.43038,,51.2011,0.5717,-0.096128,-0.334252,early,small,none,drug_developer,morningstar,,,,0,0.7569431482636722811395300478,44.67,41.25000000000000000000000000,,50,75.83333333333333333333333334,23.64398308342945021145713187,74.6674,1.3053,1.0,,2,0.3333,0.0,0,0,0.0,0.3,0.5,other,-2.3195,uncrowded,1.0,62,0.1,0.741597,0.6483,41.06,0.792017,0.8134
IRWD,"Ironwood Pharmaceuticals, Inc.",,,D,ineligible,,,D,0.640756,0.719231,1,,0,,,0,no_upcoming,9,headwind,high_vol,XS,ineligible,clinical_score:+20.3;catalyst_score:-14.3;momentum_score:-13.5,tier=;reason=;cat_days=NA;strength=missing;decay_w=0.0,v1.3.0,31f399e0,0,fundamental_red_flag,1,sponsor_absent_late_stage,"{""burn_ttm"": 0.0, ""cash_total"": 140407000.0, ""dilution_risk"": null, ""has_revenue"": null, ""lead_phase"": null, ""runway_months"": null, ""stage_bucket"": ""late"", ""surv_score"": ""2.0"", ""tier1_count"": 0}",late|none|pos,0.07400345454545454,56.395565,1.1771,0,1,1.1721,1.3341,0,0,neutral,-1.1328,,0.0,0.0,0.0,,,0.0,0,0,0,True,False,True,missing,0.0,adequate,<=1000bps,819.43,0.85,1,0,1.0,0,1.0,0,,False,no_upcoming,-0.016705,price_history,,0,0.7805,price_history,,-0.276945,,49.1615,1.2561,-0.096128,-0.180817,late,small,none,commercial_pharma,morningstar,,,,0,0.8509832103790384126176545408,41.99,41.25000000000000000000000000,,56.08,75.86206896551724137931034483,63.04347826086956521739130435,76.852,1.3982,3.0,40,17,1.0,2.053,2,2,0.0,0.9,0.55,metabolic,-0.4386,uncrowded,1.0,153,0.07400345454545454,0.359244,-0.3605,38.64,0.745798,0.6613
ARDX,"Ardelyx, Inc.",,,D,ineligible,,,D,0.548319,0.211538,1,,0,,,0,no_upcoming,9,headwind,deep_drawdown|deep_drawdown_rel_xbi,XS,ineligible,clinical_score:+31.1;financial_score:-24.1;momentum_score:-12.1,tier=;reason=;cat_days=NA;strength=missing;decay_w=0.0,v1.3.0,31f399e0,0,fundamental_red_flag,1,survivability_critical,"{""burn_ttm"": 42483000.0, ""cash_total"": 67999000.0, ""dilution_risk"": null, ""has_revenue"": null, ""lead_phase"": null, ""runway_months"": 19.207400607301743, ""stage_bucket"": ""late"", ""surv_score"": ""-4.0"", ""tier1_count"": 1}",late|none|pos,0.07400345454545454,36.561102,1.1771,0,1,1.4339,1.2578,1,1,buying,-0.728,elite_1,0.0,0.0,0.0,,,0.0,0,0,0,True,False,True,missing,0.0,adequate,<=1000bps,582.84,0.85,1,0,1.0,0,1.0,0,,False,no_upcoming,-0.281655,price_history,,1,1.4274,price_history,,-0.359499,,42.32,0.8641,-0.096128,-0.263371,late,small,none,commercial_biotech,morningstar,,,,0,0.8854993666956413758847634422,33.80,41.25000000000000000000000000,55.5,57.22,77.000,21.72022684310018903591682419,76.2399,1.3722,3.0,302,12,1.0,0.0,0,0,0.0,0.6,0.55,metabolic,-0.4386,uncrowded,1.0,131,0.07400345454545454,0.451681,-0.1214,32.73,0.62395,0.3159
AZN,Astrazeneca PLC,,,D,ineligible,,,D,0.565126,0.111538,1,,0,,125,0,specific_days,9,neutral,,XS,ineligible,financial_score:-43.6;clinical_score:+26.2;smart_money_score:+20.4,tier=;reason=;cat_days=125;strength=mid;decay_w=0.7,v1.3.0,31f399e0,0,financials_missing,1,"cash_runway_lt_6m,survivability_critical","{""burn_ttm"": 0.0, ""cash_total"": 0.0, ""dilution_risk"": null, ""has_revenue"": null, ""lead_phase"": null, ""runway_months"": 0.0, ""stage_bucket"": ""late"", ""surv_score"": ""-5.0"", ""tier1_count"": 4}",late|near_91_180|pos,0.07400345454545454,29.48,1.1771,0,1,1.1264,1.2819,4,4,buying,0.4865,elite_4,0.0,0.0,0.0,,,0.0,0,0,0,True,False,True,mid,0.7,critical,<=400bps,263.76,1.0,0,0,1.0,0,1.0,0,125,False,specific_days,0.007868,price_history,,4,0.5187,price_history,,-0.081257,,48.8558,0.2344,-0.096128,0.014871,late,unknown,sev2,commercial_pharma,morningstar,,,,0,0.8534510452344395889925593481,48.65,45.56250000000000000000000000,69.0,50,74.82758620689655172413793103,5,76.1675,1.3691,3.0,11,592,1.0,4.4873,9,6,0.0,0.9,0.95,oncology,0.7369,highly_crowded,1.0,135,0.07400345454545454,0.434874,-0.164,22.14,0.455882,-0.1108
SNY,Sanofi,,,D,ineligible,,,D,0.716387,0.080769,1,,0,,185,0,specific_days,9,headwind,,XS,ineligible,financial_score:-38.9;clinical_score:+30.4;smart_money_score:+5.6,tier=;reason=;cat_days=185;strength=far;decay_w=0.3,v1.3.0,31f399e0,0,financials_missing,1,"cash_runway_lt_6m,survivability_critical","{""burn_ttm"": 0.0, ""cash_total"": 0.0, ""dilution_risk"": null, ""has_revenue"": null, ""lead_phase"": null, ""runway_months"": 0.0, ""stage_bucket"": ""late"", ""surv_score"": ""-5.0"", ""tier1_count"": 1}",late|near_181_270|pos,0.07400345454545454,28.82,1.1771,0,1,1.1036,1.2558,1,1,selling,-0.728,elite_1,0.0,0.0,0.0,,,0.0,0,0,0,True,False,True,far,0.3,critical,<=400bps,241.86,1.0,0,0,1.0,0,1.0,0,185,False,specific_days,-0.021453,price_history,,1,0.4015,price_history,,-0.066394,,41.2941,0.194,-0.096128,0.029734,late,unknown,sev2,commercial_pharma,morningstar,,,,0,0.8561843971631205673758865248,45.35,45.56250000000000000000000000,49.5,50,74.31034482758620689655172414,5,75.6503,1.3471,3.0,12,582,1.0,5.4003,6,10,0.0,0.8,0.95,oncology,0.7369,highly_crowded,1.0,171,0.07400345454545454,0.283613,-0.5721,21.65,0.443277,-0.1427
BIIB,Biogen Inc.,,,D,ineligible,,,D,0.569328,0.357692,1,,0,,2317,0,specific_days,9,headwind,,XS,ineligible,financial_score:-20.8;clinical_score:+19.1;smart_money_score:+18.0,tier=;reason=;cat_days=2317;strength=far;decay_w=0.3,v1.3.0,31f399e0,0,financials_missing,1,"cash_runway_lt_6m,survivability_critical","{""burn_ttm"": 0.0, ""cash_total"": 0.0, ""dilution_risk"": null, ""has_revenue"": null, ""lead_phase"": null, ""runway_months"": 0.0, ""stage_bucket"": ""late"", ""surv_score"": ""-5.0"", ""tier1_count"": 5}",late|far_271_540|pos,0.07400345454545454,43.022608,1.1685,0,1,0.898,1.0207,5,5,buying,0.8913,elite_5,0.0,0.0,0.0,,,0.0,0,0,0,True,False,True,far,0.3,critical,<=400bps,177.15,1.0,0,0,1.0,0,1.0,0,2317,False,specific_days,-0.08997,price_history,,5,0.4441,price_history,,-0.178339,,49.3678,0.3103,-0.096128,-0.082211,late,large,none,commercial_pharma,morningstar,,,,0,0.8253604890604890604890604891,39.26,45.56250000000000000000000000,68.5,62.26,69.65517241379310344827586207,29.73246135552913198573127229,70.9951,1.1491,3.0,33,306,1.0,4.0304,6,9,0.0,0.8,0.95,oncology,0.7369,highly_crowded,1.0,136,0.07400345454545454,0.430672,-0.1747,31.54,0.619748,0.3048
HALO,"Halozyme Therapeutics, Inc.",,,D,ineligible,,,D,0.615546,0.565385,1,,0,,34,1,specific_days,9,tailwind,,XS,ineligible,clinical_score:+17.4;catalyst_score:-15.9;financial_score:-12.8,tier=;reason=;cat_days=34;strength=near;decay_w=1.0,v1.3.0,31f399e0,0,fundamental_red_flag,1,sponsor_absent_late_stage,"{""burn_ttm"": 0.0, ""cash_total"": 133820000.0, ""dilution_risk"": null, ""has_revenue"": null, ""lead_phase"": null, ""runway_months"": null, ""stage_bucket"": ""late"", ""surv_score"": ""-1.0"", ""tier1_count"": 0}",late|near_31_90|pos,0.07400345454545454,51.3255,1.168,0,1,1.0629,0.8845,0,0,neutral,-1.1328,,0.0,0.0,0.0,,,0.0,0,0,0,True,False,True,near,1.0,adequate,<=400bps,268.65,1.0,0,0,1.0,0,1.0,0,34,True,specific_days,0.167298,price_history,,0,0.8407,price_history,,-0.040162,,53.3322,0.2835,-0.096128,0.055966,late,mid,none,commercial_biotech,morningstar,,,,0,0.9,62.52,35.38990400000000000000000000,,61.49,68.62068965517241379310344827,38.44444444444444444444444444,69.8741,1.1015,3.0,,29,1.0,1.0019,1,2,0.0,0.7,0.95,oncology,0.7369,highly_crowded,1.0,147,0.07400345454545454,0.384454,-0.2938,36.02,0.695378,0.5112
MNKD,MannKind Corporation,,,D,ineligible,,,D,0.665966,0.242308,1,,0,,,0,no_upcoming,9,tailwind,,XS,ineligible,clinical_score:+17.1;catalyst_score:-13.9;financial_score:-7.8,tier=;reason=;cat_days=NA;strength=missing;decay_w=0.0,v1.3.0,31f399e0,0,fundamental_red_flag,1,sponsor_absent_late_stage,"{""burn_ttm"": 0.0, ""cash_total"": 171346000.0, ""dilution_risk"": null, ""has_revenue"": null, ""lead_phase"": null, ""runway_months"": null, ""stage_bucket"": ""late"", ""surv_score"": ""1.0"", ""tier1_count"": 0}",late|none|pos,0.07400345454545454,38.746539,1.1741,0,1,1.2232,1.0458,0,0,neutral,-1.1328,,0.0,0.0,0.0,,,0.0,0,0,0,True,False,True,missing,0.0,adequate,<=1000bps,820.88,0.85,1,0,1.0,0,1.0,0,,False,no_upcoming,0.108184,price_history,,0,1.4574,price_history,,-0.226244,,50.3711,0.4616,-0.096128,-0.130116,late,small,none,commercial_biotech,morningstar,,,,0,0.9,59.86,41.25000000000000000000000000,,15.54,72.24137931034482758620689655,47.41230833858433102289434993,71.1313,1.1549,3.0,,17,1.0,0.0,0,0,0.0,0.8,0.5,respiratory,0.7369,highly_crowded,1.0,159,0.07400345454545454,0.334034,-0.4288,43.17,0.842437,1.0045
BMRN,BioMarin Pharmaceutical Inc.,,,D,ineligible,,,D,0.573529,0.734615,1,,0,,,0,no_upcoming,9,headwind,deep_drawdown|deep_drawdown_rel_xbi,XS,ineligible,momentum_score:-26.9;clinical_score:+16.2;financial_score:+10.5,tier=;reason=;cat_days=NA;strength=missing;decay_w=0.0,v1.3.0,31f399e0,0,deep_drawdown,0,,"{""burn_ttm"": 0.0, ""cash_total"": 1311679000.0, ""dilution_risk"": null, ""has_revenue"": null, ""lead_phase"": null, ""runway_months"": null, ""stage_bucket"": ""late"", ""surv_score"": ""3.0"", ""tier1_count"": 3}",late|none|pos,0.07400345454545454,58.356914,1.1648,0,1,0.9255,0.7463,3,3,neutral,0.0816,elite_3,0.0,0.0,0.0,,,0.0,0,0,0,True,False,True,missing,0.0,adequate,<=400bps,260.52,1.0,0,0,1.0,0,1.0,0,,False,no_upcoming,-0.328376,price_history,,3,0.5891,price_history,,-0.41708,,19.0048,0.4294,-0.096128,-0.320952,late,large,none,commercial_biotech,morningstar,,,,0,0.9,22.37,41.25000000000000000000000000,57.5,77.03,65.51724137931034482758620690,59.82758620689655172413793103,66.7707,0.9695,3.0,80,93,1.0,1.3728,1,2,0.0,0.6,0.75,rare_disease,0.7369,highly_crowded,1.0,137,0.07400345454545454,0.426471,-0.1854,45.76,0.880252,1.1762
AMPH,"Amphastar Pharmaceuticals, Inc.",,,D,ineligible,,,D,0.539916,0.85,1,,0,,,0,no_upcoming,9,tailwind,,XS,ineligible,catalyst_score:-14.6;financial_score:+9.8;clinical_score:+6.6,tier=;reason=;cat_days=NA;strength=missing;decay_w=0.0,v1.3.0,31f399e0,0,fundamental_red_flag,1,sponsor_absent_late_stage,"{""burn_ttm"": 0.0, ""cash_total"": 276209000.0, ""dilution_risk"": null, ""has_revenue"": null, ""lead_phase"": null, ""runway_months"": null, ""stage_bucket"": ""late"", ""surv_score"": ""3.0"", ""tier1_count"": 0}",late|none|pos,0.07400345454545454,68.036978,1.1482,0,1,0.5783,0.655,0,0,neutral,-1.1328,,0.0,0.0,0.0,,,0.0,0,0,0,True,False,True,missing,0.0,adequate,<=2000bps,1139.42,0.7,1,0,1.0,0,1.0,0,,False,no_upcoming,0.026038,price_history,,0,0.5617,price_history,,-0.091719,,50.4908,0.4149,-0.096128,0.004409,late,small,none,commercial_pharma,morningstar,,,,0,0.9,54.13,41.25000000000000000000000000,,79.05,62.41379310344827586206896552,65.65217391304347826086956522,61.3037,0.7371,3.0,,10,1.0,0.0,0,0,0.0,0.6,0.5,respiratory,0.7369,highly_crowded,1.0,129,0.07400345454545454,0.460084,-0.1002,47.42,0.905462,1.3133
VCEL,Vericel Corporation,,,D,ineligible,,,D,0.737395,0.226923,1,,0,,,0,no_upcoming,9,neutral,,XS,ineligible,clinical_score:+18.9;financial_score:-15.4;catalyst_score:-6.9,tier=;reason=;cat_days=NA;strength=missing;decay_w=0.0,v1.3.0,31f399e0,0,fundamental_red_flag,1,sponsor_absent_late_stage,"{""burn_ttm"": 0.0, ""cash_total"": 137499000.0, ""dilution_risk"": null, ""has_revenue"": null, ""lead_phase"": null, ""runway_months"": null, ""stage_bucket"": ""late"", ""surv_score"": ""1.0"", ""tier1_count"": 0}",late|none|pos,0.07400345454545454,37.613247,1.1673,0,1,0.9942,0.8154,0,0,neutral,-1.1328,,0.0,0.0,0.0,,,0.0,0,0,0,True,False,True,missing,0.0,adequate,<=1000bps,731.33,0.85,1,0,1.0,0,1.0,0,,False,no_upcoming,0.077986,price_history,,0,0.703,price_history,,-0.148283,,52.3789,0.4807,-0.096128,-0.052155,late,small,none,commercial_biotech,morningstar,,,,0,0.9,51.67,41.25000000000000000000000000,,35.81,67.06896551724137931034482759,32.76832598193656794791010292,66.3089,0.9499,3.0,2468,10,1.0,0.0,0,0,0.0,0.4,0.5,other,-1.1439,uncrowded,1.0,176,0.07400345454545454,0.262605,-0.6353,38.28,0.741597,0.6483
SNDX,"Syndax Pharmaceuticals, Inc.",,,D,ineligible,,,D,0.413866,0.780769,1,,0,,,0,no_upcoming,9,tailwind,,XS,ineligible,catalyst_score:-14.8;smart_money_score:+9.0;clinical_score:+8.0,tier=;reason=;cat_days=NA;strength=missing;decay_w=0.0,v1.3.0,31f399e0,0,fundamental_red_flag,1,"cash_runway_lt_6m,survivability_critical","{""burn_ttm"": 253492000.0, ""cash_total"": 435979000.0, ""dilution_risk"": null, ""has_revenue"": null, ""lead_phase"": null, ""runway_months"": 5.155381629400534, ""stage_bucket"": ""mid"", ""surv_score"": ""-5.0"", ""tier1_count"": 3}",mid|none|pos,0.1,62.291372,0.4358,0,1,0.8602,0.6806,3,3,neutral,0.0816,elite_3,0.0,0.0,0.0,,,0.0,0,0,0,True,False,True,missing,0.0,critical,<=1000bps,584.59,0.85,1,0,1.0,0,1.0,0,,False,no_upcoming,-0.070633,price_history,,3,0.8367,price_history,,-0.212583,,60.5,0.5965,-0.096128,-0.116455,mid,small,sev1,commercial_biotech,morningstar,,,,0,0.8340492721164613661814109742,54.80,41.25000000000000000000000000,65.0,75.81,64.04255319148936170212765958,55.10638297872340425531914894,65.2062,0.903,2.0,84,29,1.0,0.7929,2,1,0.0,0.6,0.95,oncology,0.7369,highly_crowded,1.0,99,0.1,0.586134,0.2176,33.91,0.657563,0.4058
EXEL,"Exelixis, Inc.",,,D,ineligible,,,D,0.598739,0.757692,1,,0,,,0,no_upcoming,9,headwind,,XS,ineligible,catalyst_score:-8.8;clinical_score:+8.7;financial_score:+6.1,tier=;reason=;cat_days=NA;strength=missing;decay_w=0.0,v1.3.0,31f399e0,0,fundamental_red_flag,1,sponsor_absent_late_stage,"{""burn_ttm"": 0.0, ""cash_total"": 1059091000.0, ""dilution_risk"": null, ""has_revenue"": null, ""lead_phase"": null, ""runway_months"": null, ""stage_bucket"": ""late"", ""surv_score"": ""5.0"", ""tier1_count"": 0}",late|none|pos,0.07400345454545454,59.880603,1.1372,0,1,0.6277,0.4468,0,0,neutral,-1.1328,,0.0,0.0,0.0,,,0.0,0,0,0,True,False,True,missing,0.0,adequate,<=400bps,299.43,1.0,0,0,1.0,0,1.0,0,,False,no_upcoming,-0.097336,price_history,,0,0.8386,price_history,,-0.21116,,39.2786,0.4304,-0.096128,-0.115032,late,large,none,commercial_biotech,morningstar,,,,0,0.9,44.05,41.25000000000000000000000000,,73.65,58.79310344827586206896551724,56.20689655172413793103448276,59.8742,0.6763,3.0,4,64,1.0,2.696,1,3,-0.0114,0.4,0.95,oncology,0.7369,highly_crowded,1.0,143,0.07400345454545454,0.401261,-0.2501,40.83,0.783613,0.7845
SIGA,SIGA Technologies Inc.,,,D,ineligible,,,D,0.707983,0.873077,1,,0,,,0,no_upcoming,9,tailwind,,XS,ineligible,catalyst_score:-13.1;momentum_score:+5.4;financial_score:+4.8,tier=;reason=;cat_days=NA;strength=missing;decay_w=0.0,v1.3.0,31f399e0,0,fundamental_red_flag,1,sponsor_absent_late_stage,"{""burn_ttm"": 0.0, ""cash_total"": 171955584.0, ""dilution_risk"": null, ""has_revenue"": null, ""lead_phase"": null, ""runway_months"": null, ""stage_bucket"": ""late"", ""surv_score"": ""2.0"", ""tier1_count"": 0}",late|none|pos,0.07400345454545454,70.064696,-0.0493,,0,0.3499,0.3938,0,0,neutral,-1.1328,,0.0,0.0,0.0,,,0.0,0,0,0,True,False,True,missing,0.0,adequate,>2000bps,2020.0,0.55,1,0,1.0,0,1.0,0,,False,no_upcoming,0.146995,price_history,,0,0.6574,price_history,,-0.071615,,54.0473,0.5084,-0.096128,0.024513,late,small,none,commercial_pharma,morningstar,,,,0,0.9,59.78,41.25000000000000000000000000,,90.00,57.24137931034482758620689655,59.13043478260869565217391304,56.8313,0.5469,3.0,,4,1.0,0.0,0,0,0.0,0.4,0.75,rare_disease,0.7369,highly_crowded,1.0,169,0.07400345454545454,0.292017,-0.5475,43.22,0.846639,1.0221
IONS,"Ionis Pharmaceuticals, Inc.",,,D,ineligible,,,D,0.636555,0.542308,1,,0,,,0,no_upcoming,9,headwind,,XS,ineligible,financial_score:+22.6;momentum_score:-14.6;catalyst_score:-13.0,tier=;reason=;cat_days=NA;strength=missing;decay_w=0.0,v1.3.0,31f399e0,0,fundamental_red_flag,1,sponsor_absent_late_stage,"{""burn_ttm"": 130874000.0, ""cash_total"": 2240171000.0, ""dilution_risk"": null, ""has_revenue"": null, ""lead_phase"": null, ""runway_months"": 187.5823540904904, ""stage_bucket"": ""late"", ""surv_score"": ""3.0"", ""tier1_count"": 0}",late|none|pos,0.07400345454545454,50.541448,0.9362,0,1,0.6506,0.4698,0,0,neutral,-1.1328,,0.0,0.0,0.0,,,0.0,0,0,0,True,False,True,missing,0.0,adequate,<=400bps,247.51,1.0,0,0,1.0,0,1.0,0,,False,no_upcoming,-0.086643,price_history,,0,0.4808,price_history,,-0.16735,,38.1294,0.2985,-0.096128,-0.071222,late,large,none,commercial_biotech,morningstar,,,,0,0.9,39.72,41.25000000000000000000000000,,22.84,59.31034482758620689655172414,76.89655172413793103448275862,59.9919,0.6813,3.0,13,67,1.0,2.549,3,3,0.0,0.5,0.55,metabolic,0.2667,moderate,1.0,152,0.07400345454545454,0.363445,-0.3493,47.76,0.913866,1.3649
RIGL,"Rigel Pharmaceuticals, Inc.",,,D,ineligible,,,D,0.69958,0.819231,1,,0,,,0,no_upcoming,9,tailwind,deep_drawdown|deep_drawdown_rel_xbi,XS,ineligible,catalyst_score:-12.0;momentum_score:+4.7;financial_score:+4.6,tier=;reason=;cat_days=NA;strength=missing;decay_w=0.0,v1.3.0,31f399e0,0,deep_drawdown,0,,"{""burn_ttm"": 0.0, ""cash_total"": 137143000.0, ""dilution_risk"": null, ""has_revenue"": null, ""lead_phase"": null, ""runway_months"": null, ""stage_bucket"": ""late"", ""surv_score"": ""1.0"", ""tier1_count"": 1}",late|none|pos,0.07400345454545454,65.743239,0.9275,0,1,0.3987,0.2163,1,1,buying,-0.728,elite_1,0.0,0.0,0.0,,,0.0,0,0,0,True,False,True,missing,0.0,adequate,<=1000bps,815.97,0.85,1,0,1.0,0,1.0,0,,False,no_upcoming,0.173032,price_history,,1,1.7902,price_history,,-0.409201,,49.4755,0.9981,-0.096128,-0.313073,late,small,none,commercial_biotech,morningstar,,,,0,0.8465545465156997782187463523,57.89,41.25000000000000000000000000,55.5,80.41,53.62068965517241379310344827,57.82608695652173913043478261,52.8833,0.379,3.0,591,13,1.0,0.0116,0,0,0.0,0.8,0.6,autoimmune,-0.4386,uncrowded,1.0,167,0.07400345454545454,0.30042,-0.5232,41.37,0.804622,0.8582
ARVN,"Arvinas, Inc.",,,D,ineligible,,,D,0.031513,0.903846,1,,0,,,0,no_upcoming,9,headwind,deep_drawdown|deep_drawdown_rel_xbi,XS,ineligible,momentum_score:-34.6;financial_score:+25.8;catalyst_score:-13.0,tier=;reason=;cat_days=NA;strength=missing;decay_w=0.0,v1.3.0,31f399e0,0,deep_drawdown,0,,"{""burn_ttm"": 273800000.0, ""cash_total"": 685400000.0, ""dilution_risk"": null, ""has_revenue"": null, ""lead_phase"": null, ""runway_months"": 30.030679327976625, ""stage_bucket"": ""early"", ""surv_score"": ""5.0"", ""tier1_count"": 4}",early|none|pos,0.1,71.424,-1.2913,1340,1,0.8657,0.6861,4,4,buying,0.4865,elite_4,0.0,0.0,0.0,,,0.0,0,0,0,True,False,True,missing,0.0,adequate,<=1000bps,932.46,0.85,1,0,1.0,0,1.0,0,,False,no_upcoming,-0.316512,price_history,,4,0.8893,price_history,,-0.569968,,24.4918,0.6174,-0.096128,-0.47384,early,small,none,commercial_biotech,morningstar,,,,0,0.7273782281791435109512912717,19.62,41.25000000000000000000000000,66.0,90.00,64.16666666666666666666666667,80.0,63.3508,0.8241,1.0,1340,2,0.3333,0.0,0,0,0.0,0.3,0.85,oncology,0.7369,highly_crowded,1.0,8,0.1,0.968487,1.859,42.95,0.829832,0.9535
ESPR,"Esperion Therapeutics, Inc.",,,D,ineligible,,,D,0.594538,0.073077,1,,0,,,0,no_upcoming,9,headwind,deep_drawdown|deep_drawdown_rel_xbi,XS,ineligible,financial_score:-22.5;clinical_score:+20.1;smart_money_score:+15.8,tier=;reason=;cat_days=NA;strength=missing;decay_w=0.0,v1.3.0,31f399e0,0,deep_drawdown,0,,"{""burn_ttm"": 58336000.0, ""cash_total"": 92447000.0, ""dilution_risk"": null, ""has_revenue"": null, ""lead_phase"": null, ""runway_months"": 19.01679923203511, ""stage_bucket"": ""late"", ""surv_score"": ""1.0"", ""tier1_count"": 1}",late|none|pos,0.07400345454545454,28.381795,0.9413,0,1,0.4641,0.5244,1,1,buying,-0.728,elite_1,0.0,0.0,0.0,,,0.0,0,0,0,True,False,True,missing,0.0,adequate,<=1000bps,798.17,0.85,1,0,1.0,0,1.0,0,,False,no_upcoming,-0.345623,price_history,,1,1.4135,price_history,,-0.56013,,35.7519,0.7805,-0.096128,-0.464002,late,small,sev1,commercial_pharma,morningstar,,,,0,0.7885788174444575055836370048,24.74,41.25000000000000000000000000,55.5,44.85,59.82758620689655172413793103,17.19176643562276832598193657,58.7175,0.6271,3.0,801,8,1.0,0.0019,0,0,0.0,0.4,0.55,metabolic,0.7369,highly_crowded,1.0,142,0.07400345454545454,0.405462,-0.2392,20.37,0.392857,-0.2719
RGNX,REGENXBIO Inc.,,,D,ineligible,,,D,0.37605,0.911538,1,,0,,,0,no_upcoming,9,headwind,deep_drawdown|deep_drawdown_rel_xbi,XS,ineligible,financial_score:+34.3;clinical_score:-22.4;momentum_score:-17.1,tier=;reason=;cat_days=NA;strength=missing;decay_w=0.0,v1.3.0,31f399e0,0,deep_drawdown,0,,"{""burn_ttm"": 71673000.0, ""cash_total"": 274205000.0, ""dilution_risk"": null, ""has_revenue"": null, ""lead_phase"": null, ""runway_months"": 45.90933824452723, ""stage_bucket"": ""mid"", ""surv_score"": ""5.0"", ""tier1_count"": 1}",mid|none|nonpos,0.1,71.652,-0.3572,91,1,-0.944,-1.1344,1,1,buying,-0.728,elite_1,0.0,0.0,0.0,,,0.0,0,0,0,True,False,True,missing,0.0,adequate,<=2000bps,1127.96,0.7,1,0,1.0,0,1.0,0,,False,no_upcoming,-0.268238,price_history,,1,1.1761,price_history,,-0.448893,,38.0065,0.6963,-0.096128,-0.352765,mid,small,none,commercial_biotech,morningstar,,,,0,0.7677529358626919602529358627,28.67,41.25000000000000000000000000,55.5,85.48,23.29912982244353905739147930,80.0,21.8471,-0.9407,2.0,915,9,1.0,0.139,0,0,0.0,0.3,0.55,ophthalmology,0.2667,moderate,1.0,90,0.1,0.62395,0.3159,28.00,0.569328,0.1747
INVA,"Innoviva, Inc.",,,D,ineligible,,,D,0.901261,0.865385,1,,0,,,0,no_upcoming,9,headwind,,XS,ineligible,financial_score:+27.5;clinical_score:-14.5;momentum_score:-10.9,tier=;reason=;cat_days=NA;strength=missing;decay_w=0.0,v1.3.0,31f399e0,0,fundamental_red_flag,1,sponsor_absent_late_stage,"{""burn_ttm"": 0.0, ""cash_total"": 550941000.0, ""dilution_risk"": null, ""has_revenue"": null, ""lead_phase"": null, ""runway_months"": null, ""stage_bucket"": ""late"", ""surv_score"": ""2.0"", ""tier1_count"": 0}",late|none|nonpos,-0.005677508064516129,69.838304,-0.0836,,0,-0.6987,-0.8875,0,0,neutral,-1.1328,,0.0,0.0,0.0,,,0.0,0,0,0,True,False,True,missing,0.0,adequate,<=1000bps,731.28,0.85,1,0,1.0,0,1.0,0,,False,no_upcoming,-0.21077,price_history,,0,0.7989,price_history,,-0.235911,,26.0402,0.3385,-0.096128,-0.139783,late,small,none,commercial_biotech,morningstar,,,,0,0.9,32.48,41.25000000000000000000000000,,89.86,28.84000528471396485665213370,70.86956521739130434782608696,28.0241,-0.678,3.0,,3,0.0,0.0,0,0,0.0,0.3,0.95,oncology,0.7369,highly_crowded,1.0,215,-0.005677508064516129,0.098739,-1.2888,34.83,0.670168,0.4404
COLL,"Collegium Pharmaceutical, Inc.",,,D,ineligible,,,D,0.85084,0.857692,1,,0,,,0,no_upcoming,9,headwind,,XS,ineligible,financial_score:+27.7;clinical_score:-27.7;momentum_score:-2.0,tier=;reason=;cat_days=NA;strength=missing;decay_w=0.0,v1.3.0,31f399e0,0,fundamental_red_flag,1,sponsor_absent_late_stage,"{""burn_ttm"": 0.0, ""cash_total"": 386679000.0, ""dilution_risk"": null, ""has_revenue"": null, ""lead_phase"": null, ""runway_months"": null, ""stage_bucket"": ""late"", ""surv_score"": ""3.0"", ""tier1_count"": 0}",late|none|nonpos,-0.005677508064516129,69.084435,-0.1147,,0,-1.6643,-1.9099,0,0,neutral,-1.1328,,0.0,0.0,0.0,,,0.0,0,0,0,True,False,True,missing,0.0,adequate,<=1000bps,731.17,0.85,1,0,1.0,0,1.0,0,,False,no_upcoming,-0.136277,price_history,,0,0.8101,price_history,,-0.284872,,51.3071,0.4474,-0.096128,-0.188744,late,small,none,commercial_pharma,morningstar,,,,0,0.9,37.27,41.25000000000000000000000000,,90.00,11.62438895494781344959704055,66.95652173913043478260869565,10.8643,-1.4076,3.0,,2,0.0,0.0,0,0,0.0,0.4,0.5,other,-1.379,uncrowded,1.0,203,-0.005677508064516129,0.14916,-1.04,24.49,0.497899,-0.0053
ADMA,ADMA Biologics Inc,,,D,ineligible,,,D,0.518908,0.011538,1,,0,,,0,no_upcoming,9,headwind,deep_drawdown|deep_drawdown_rel_xbi,XS,ineligible,financial_score:-24.7;clinical_score:+16.6;smart_money_score:+9.4,tier=;reason=;cat_days=NA;strength=missing;decay_w=0.0,v1.3.0,31f399e0,0,deep_drawdown,0,,"{""burn_ttm"": 0.0, ""cash_total"": 87630000.0, ""dilution_risk"": null, ""has_revenue"": null, ""lead_phase"": null, ""runway_months"": null, ""stage_bucket"": ""late"", ""surv_score"": ""-1.0"", ""tier1_count"": 2}",late|none|pos,0.07400345454545454,19.491222,-0.0518,,0,0.5132,0.3315,2,2,selling,-0.3232,elite_2,0.0,0.0,0.0,,,0.0,0,0,0,True,False,True,missing,0.0,adequate,<=1000bps,517.31,0.85,1,0,1.0,0,1.0,0,,False,no_upcoming,-0.162715,price_history,,2,0.7314,price_history,,-0.401961,,44.4748,0.4754,-0.096128,-0.305833,late,mid,none,commercial_biotech,morningstar,,,,0,0.9,36.65,41.25000000000000000000000000,49.0,15.54,56.20689655172413793103448276,14.93827160493827160493827160,55.4468,0.488,3.0,,6,1.0,0.0,0,0,0.0,0.5,0.55,infectious_disease,-0.4386,uncrowded,1.0,124,0.07400345454545454,0.481092,-0.0474,28.56,0.586134,0.2176
TARS,"Tarsus Pharmaceuticals, Inc.",,,D,ineligible,,,D,0.434874,0.65,1,,0,,,0,no_upcoming,9,neutral,deep_drawdown|deep_drawdown_rel_xbi,XS,ineligible,smart_money_score:+28.0;clinical_score:-20.7;catalyst_score:-13.7,tier=;reason=;cat_days=NA;strength=missing;decay_w=0.0,v1.3.0,31f399e0,0,deep_drawdown,0,,"{""burn_ttm"": 12451000.0, ""cash_total"": 417267000.0, ""dilution_risk"": null, ""has_revenue"": null, ""lead_phase"": null, ""runway_months"": 234.13466753951184, ""stage_bucket"": ""mid"", ""surv_score"": ""0.0"", ""tier1_count"": 8}",mid|none|nonpos,0.1,53.384191,-0.6938,249,1,-0.4589,-0.6464,8,8,buying,2.1057,elite_8,0.0,0.0,0.0,,,0.0,0,0,0,True,False,True,missing,0.0,adequate,<=1000bps,462.33,0.85,1,0,1.0,0,1.0,0,,False,no_upcoming,,,beta_missing:series_too_short,8,,,series_too_short,-0.4018,,43.7,0.4256,-0.096128,-0.305672,mid,mid,none,commercial_biotech,morningstar,,,,0,0.8179018764926646195837598089,50,41.25000000000000000000000000,83.0,38.66,34.25431316332176449876766762,66.34042553191489361702127660,33.0932,-0.4625,2.0,249,1,0.0,0.1256,0,0,0.0,0.3,0.5,other,-0.4386,uncrowded,1.0,104,0.1,0.565126,0.164,35.23,0.682773,0.4755
ANIP,"ANI Pharmaceuticals, Inc.",,,D,ineligible,,,D,0.796218,0.611538,1,,0,,,0,no_upcoming,9,headwind,deep_drawdown|deep_drawdown_rel_xbi,XS,ineligible,smart_money_score:+12.5;momentum_score:-5.2;catalyst_score:-4.2,tier=;reason=;cat_days=NA;strength=missing;decay_w=0.0,v1.3.0,31f399e0,0,deep_drawdown,0,,"{""burn_ttm"": 0.0, ""cash_total"": 262610000.0, ""dilution_risk"": null, ""has_revenue"": null, ""lead_phase"": null, ""runway_months"": null, ""stage_bucket"": ""late"", ""surv_score"": ""1.0"", ""tier1_count"": 2}",late|none|nonpos,-0.005677508064516129,52.596481,-0.0665,,0,-0.2825,-0.3294,2,2,buying,-0.3232,elite_2,0.0,0.0,0.0,,,0.0,0,0,0,True,False,True,missing,0.0,adequate,<=1000bps,562.25,0.85,1,0,1.0,0,1.0,0,,False,no_upcoming,-0.043082,price_history,,2,0.7761,price_history,,-0.534406,,50.8606,0.3545,-0.096128,-0.438278,late,small,none,commercial_pharma,morningstar,,,,0,0.9,40.25,41.25000000000000000000000000,58.0,69.59,42.92046505482890738538776589,44.86662465868515017853392144,41.7546,-0.0942,3.0,,7,1.0,0.0,0,0,0.0,0.3,0.55,ophthalmology,-0.4386,uncrowded,1.0,190,-0.005677508064516129,0.203782,-0.8282,37.36,0.712185,0.5598
AMRX,"Amneal Pharmaceuticals, Inc.",,,D,ineligible,,,D,0.792017,0.388462,1,,0,,,0,no_upcoming,9,headwind,,XS,ineligible,financial_score:+4.9;momentum_score:-4.4;catalyst_score:-3.9,tier=;reason=;cat_days=NA;strength=missing;decay_w=0.0,v1.3.0,31f399e0,0,fundamental_red_flag,1,sponsor_absent_late_stage,"{""burn_ttm"": 0.0, ""cash_total"": 201249000.0, ""dilution_risk"": null, ""has_revenue"": null, ""lead_phase"": null, ""runway_months"": null, ""stage_bucket"": ""late"", ""surv_score"": ""1.0"", ""tier1_count"": 0}",late|none|nonpos,-0.005677508064516129,44.1285,0.92,0,1,-0.0381,-0.0499,0,0,neutral,-1.1328,,0.0,0.0,0.0,,,0.0,0,0,0,True,False,True,missing,0.0,adequate,<=1000bps,544.86,0.85,1,0,1.0,0,1.0,0,,False,no_upcoming,-0.184143,price_history,,0,0.7147,price_history,,-0.261905,,42.1643,0.3236,-0.096128,-0.165777,late,mid,none,commercial_pharma,morningstar,,,,0,0.9,40.75,41.25000000000000000000000000,,38.51,48.45570749108204518430439952,50,47.3683,0.1445,3.0,,12,1.0,0.0,0,0,0.0,0.4,0.6,autoimmune,0.7369,highly_crowded,1.0,189,-0.005677508064516129,0.207983,-0.8134,37.59,0.728992,0.6098
EOLS,"Evolus, Inc. Common Stock",,,D,ineligible,,,D,0.871849,0.273077,1,,0,,,0,no_upcoming,9,headwind,deep_drawdown|deep_drawdown_rel_xbi,XS,ineligible,smart_money_score:+19.4;financial_score:-16.3;catalyst_score:+12.2,tier=;reason=;cat_days=NA;strength=missing;decay_w=0.0,v1.3.0,31f399e0,0,fundamental_red_flag|deep_drawdown,1,survivability_critical,"{""burn_ttm"": 55092000.0, ""cash_total"": 43523000.0, ""dilution_risk"": null, ""has_revenue"": null, ""lead_phase"": null, ""runway_months"": 9.480069701590068, ""stage_bucket"": ""late"", ""surv_score"": ""-5.0"", ""tier1_count"": 1}",late|none|nonpos,-0.005677508064516129,40.564859,-0.2963,,0,-1.3184,-1.5142,1,1,selling,-0.728,elite_1,0.0,0.0,0.0,,,0.0,0,0,0,True,False,True,missing,0.0,short,<=2000bps,1511.35,0.7,1,0,1.0,0,1.0,0,,False,no_upcoming,-0.330004,price_history,,1,0.527,price_history,,-0.706798,,48.3079,0.5726,-0.096128,-0.61067,late,micro,sev2,commercial_pharma,morningstar,,,,0,0.8690122494681446646512148696,23.48,41.25000000000000000000000000,48.5,86.08,19.45897740784780023781212842,12.75746465847536002113885586,18.2931,-1.0918,3.0,,2,0.3333,0.0,0,0,0.0,0.3,0.5,other,-3.0248,uncrowded,1.0,208,-0.005677508064516129,0.128151,-1.1352,5.49,0.010504,-2.3078
DVAX,Dynavax Technologies Corporation,,,D,ineligible,,,D,0.867647,0.188462,1,,0,,,0,no_upcoming,9,headwind,high_beta|deep_drawdown|deep_drawdown_rel_xbi,XS,ineligible,smart_money_score:+10.4;financial_score:-6.5;clinical_score:-3.5,tier=;reason=;cat_days=NA;strength=missing;decay_w=0.0,v1.3.0,31f399e0,0,deep_drawdown,0,,"{""burn_ttm"": 0.0, ""cash_total"": 160247000.0, ""dilution_risk"": null, ""has_revenue"": null, ""lead_phase"": null, ""runway_months"": null, ""stage_bucket"": ""late"", ""surv_score"": ""2.0"", ""tier1_count"": 2}",late|none|nonpos,-0.005677508064516129,35.232786,0.9099,0,1,-0.497,-0.5748,2,2,selling,-0.3232,elite_2,0.0,0.0,0.0,,,0.0,0,0,0,True,False,True,missing,0.0,adequate,<=1000bps,453.41,0.85,1,0,1.0,0,1.0,0,,False,no_upcoming,-0.249647,price_history,,2,2.0554,price_history,,-0.509402,,33.3298,0.7250,-0.096128,-0.413274,late,small,none,commercial_pharma,morningstar,,,,0,0.8860349361207897793263646922,41.60,41.25000000000000000000000000,52.0,31.76,38.06183115338882282996432818,35.10396975425330812854442344,38.6676,-0.2254,3.0,1446,18,1.0,0.1621,1,0,0.0,0.4,0.95,oncology,-0.4386,uncrowded,1.0,207,-0.005677508064516129,0.132353,-1.1153,32.90,0.632353,0.3381
KMDA,Kamada Ltd.,,,D,ineligible,,,D,0.905462,0.180769,1,,0,,,0,no_upcoming,9,tailwind,,XS,ineligible,financial_score:-36.5;momentum_score:+34.2;clinical_score:+2.5,tier=;reason=;cat_days=NA;strength=missing;decay_w=0.0,v1.3.0,31f399e0,0,financials_missing,1,"cash_runway_lt_6m,sponsor_absent_late_stage,survivability_critical","{""burn_ttm"": 0.0, ""cash_total"": 0.0, ""dilution_risk"": null, ""has_revenue"": null, ""lead_phase"": null, ""runway_months"": 0.0, ""stage_bucket"": ""late"", ""surv_score"": ""-5.0"", ""tier1_count"": 0}",late|none|nonpos,-0.005677508064516129,34.88,0.9173,0,1,-0.2387,-0.2793,0,0,neutral,-1.1328,,0.0,0.0,0.0,,,0.0,0,0,0,True,False,True,missing,0.0,critical,>2000bps,2036.0,0.55,1,0,1.0,0,1.0,0,,False,no_upcoming,0.272557,price_history,,0,0.4959,price_history,,-0.12873,,53.6652,0.3562,-0.096128,-0.032602,late,unknown,sev2,commercial_pharma,morningstar,,,,0,0.8372291969985440698846455370,75.65,41.25000000000000000000000000,,50,43.91200951248513674197384066,5,43.152,-0.0348,3.0,3017,12,1.0,0.0,0,0,0.0,0.4,0.5,respiratory,-0.4386,uncrowded,1.0,216,-0.005677508064516129,0.094538,-1.3133,13.37,0.12395,-1.1555
ALVO,Alvotech,,,D,ineligible,,,D,0.787815,0.119231,1,,0,,,0,no_upcoming,9,neutral,drawdown_data_missing,XS,ineligible,financial_score:-26.7;momentum_score:+18.3;catalyst_score:+9.5,tier=;reason=;cat_days=NA;strength=missing;decay_w=0.0,v1.3.0,31f399e0,0,financials_missing,1,"cash_runway_lt_6m,sponsor_absent_late_stage,survivability_critical","{""burn_ttm"": 0.0, ""cash_total"": 0.0, ""dilution_risk"": null, ""has_revenue"": null, ""lead_phase"": null, ""runway_months"": 0.0, ""stage_bucket"": ""late"", ""surv_score"": ""-5.0"", ""tier1_count"": 0}",late|none|nonpos,-0.005677508064516129,29.75,0.8997,0,1,-0.8251,-0.95,0,0,neutral,-1.1328,,0.0,0.0,0.0,,,0.0,0,0,0,True,False,True,missing,0.0,critical,>2000bps,2020.0,0.55,1,0,1.0,0,1.0,0,,False,no_upcoming,,,beta_missing:series_too_short,0,,,series_too_short,,no_price_series,,0.9498,-0.096128,,late,unknown,sev2,commercial_pharma,morningstar,,,drawdown,1,0.7956685739730602248691973728,50,41.25000000000000000000000000,,50,30.63152331880036992997753997,5,29.604,-0.6108,3.0,182,1,0.0,0.4796,0,0,0.0,0.3,0.6,autoimmune,0.7369,highly_crowded,1.0,188,-0.005677508064516129,0.212185,-0.7989,8.73,0.056723,-1.5829
BBIO,"BridgeBio Pharma, Inc.",,,D,ineligible,,,D,0.817227,0.103846,1,,0,,,0,no_upcoming,9,headwind,,XS,ineligible,smart_money_score:+31.1;clinical_score:-30.3;financial_score:-14.4,tier=;reason=;cat_days=NA;strength=missing;decay_w=0.0,v1.3.0,31f399e0,0,fundamental_red_flag,1,debt_distress_with_weak_surv,"{""burn_ttm"": 445910000.0, ""cash_total"": 578058000.0, ""dilution_risk"": null, ""has_revenue"": null, ""lead_phase"": null, ""runway_months"": 14.850685940363437, ""stage_bucket"": ""late"", ""surv_score"": ""-3.0"", ""tier1_count"": 5}",late|none|nonpos,-0.005677508064516129,29.283514,0.8438,0,1,-1.6864,-1.8812,5,5,buying,0.8913,elite_5,0.0,0.0,0.0,,,0.0,0,0,0,True,False,True,missing,0.0,adequate,<=400bps,239.27,1.0,0,0,1.0,0,1.0,0,,False,no_upcoming,0.006769,price_history,,5,0.8918,price_history,,-0.183274,,52.3581,0.4744,-0.096128,-0.087146,late,large,sev1,commercial_biotech,morningstar,,,,0,0.8926765965439519158527422990,46.05,41.25000000000000000000000000,68.0,28.50,6.533227639054036200290659263,22.44114149821640903686087990,6.2578,-1.6035,3.0,914,13,1.0,0.2253,0,0,0.0,0.4,0.95,oncology,0.7369,highly_crowded,1.0,195,-0.005677508064516129,0.182773,-0.9048,10.16,0.073529,-1.45
PHAT,"Phathom Pharmaceuticals, Inc.",,,D,ineligible,,,D,0.947479,0.096154,1,,0,,,0,no_upcoming,9,headwind,,XS,ineligible,financial_score:-20.8;smart_money_score:+18.0;clinical_score:-10.0,tier=;reason=;cat_days=NA;strength=missing;decay_w=0.0,v1.3.0,31f399e0,0,fundamental_red_flag,1,survivability_critical,"{""burn_ttm"": 166775000.0, ""cash_total"": 129972000.0, ""dilution_risk"": null, ""has_revenue"": null, ""lead_phase"": null, ""runway_months"": 9.351905261579972, ""stage_bucket"": ""late"", ""surv_score"": ""-7.0"", ""tier1_count"": 1}",late|none|nonpos,-0.005677508064516129,29.279134,-0.1585,194,1,-1.0228,-1.2136,1,1,selling,-0.728,elite_1,0.0,0.0,0.0,,,0.0,0,0,0,True,False,True,missing,0.0,short,<=1000bps,859.62,0.85,1,0,1.0,0,1.0,0,,False,no_upcoming,-0.213067,price_history,,1,0.6714,price_history,,-0.340842,,47.4136,0.6057,-0.096128,-0.244714,late,small,sev2,commercial_biotech,morningstar,,,,0,0.7615249140893470790378006873,34.64,41.25000000000000000000000000,49.5,50,21.52084159069890342185229224,10.78029825666876706574249108,20.7037,-0.9893,3.0,194,2,0.3333,0.3898,0,0,0.0,0.3,0.55,infectious_disease,-0.4386,uncrowded,1.0,226,-0.005677508064516129,0.052521,-1.6209,7.46,0.031513,-1.859
GRFS,"Grifols, S.A.",,,D,ineligible,,,D,0.762605,0.05,1,,0,,124,0,specific_days,9,headwind,deep_drawdown|deep_drawdown_rel_xbi,XS,ineligible,financial_score:-22.7;catalyst_score:+17.9;clinical_score:+4.8,tier=;reason=;cat_days=124;strength=mid;decay_w=0.7,v1.3.0,31f399e0,0,financials_missing,1,"cash_runway_lt_6m,sponsor_absent_late_stage,survivability_critical","{""burn_ttm"": 0.0, ""cash_total"": 0.0, ""dilution_risk"": null, ""has_revenue"": null, ""lead_phase"": null, ""runway_months"": 0.0, ""stage_bucket"": ""late"", ""surv_score"": ""-5.0"", ""tier1_count"": 0}",late|near_91_180|nonpos,0.006181157894736842,25.3,0.9022,0,1,-0.7448,-0.8582,0,0,neutral,-1.1328,,0.0,0.0,0.0,,,0.0,0,0,0,True,False,True,mid,0.7,critical,<=2000bps,1441.59,0.7,1,0,1.0,0,1.0,0,124,False,specific_days,-0.207722,price_history,,0,0.2478,price_history,,-0.376902,,25.3369,0.3193,-0.096128,-0.280774,late,unknown,sev2,commercial_pharma,morningstar,,,,0,0.8344277329749103942652329749,27.75,45.56250000000000000000000000,,50,32.44946492271105826397146254,5,34.1394,-0.418,3.0,438,48,1.0,2.403,2,3,0.0,0.6,0.95,oncology,-0.4386,uncrowded,1.0,182,0.006181157894736842,0.237395,-0.7147,11.21,0.086134,-1.3649
IBRX,"ImmunityBio, Inc.",,,D,ineligible,,,D,0.892857,0.034615,1,,0,,,0,no_upcoming,9,neutral,high_vol|high_beta|deep_drawdown|deep_drawdown_rel_xbi,XS,ineligible,financial_score:-25.9;clinical_score:-23.3;smart_money_score:+21.2,tier=;reason=;cat_days=NA;strength=missing;decay_w=0.0,v1.3.0,31f399e0,0,fundamental_red_flag|deep_drawdown,1,survivability_critical,"{""burn_ttm"": 304936000.0, ""cash_total"": 242818000.0, ""dilution_risk"": null, ""has_revenue"": null, ""lead_phase"": null, ""runway_months"": 7.9651196483535704, ""stage_bucket"": ""late"", ""surv_score"": ""-4.0"", ""tier1_count"": 1}",late|none|nonpos,-0.005677508064516129,24.567,0.8497,0,1,-1.6235,-1.8179,1,1,neutral,-0.728,elite_1,0.0,0.0,0.0,,,0.0,0,0,0,True,False,True,missing,0.0,short,<=400bps,178.96,1.0,0,0,1.0,0,1.0,0,,False,no_upcoming,0.03895,price_history,,1,2.0969,price_history,,-0.524089,,28.9787,1.3149,-0.096128,-0.427961,late,mid,sev2,commercial_biotech,morningstar,,,,0,0.7846938775510204081632653061,49.17,41.25000000000000000000000000,52.5,35.15,7.954815695600475624256837106,5.401111111111111111111111112,9.5221,-1.4647,3.0,2255,38,1.0,0.8341,3,0,0.0,0.4,0.95,oncology,-0.4386,uncrowded,1.0,213,-0.005677508064516129,0.107143,-1.2419,4.12,0.002101,-2.8626
TXG,"10x Genomics, Inc.",,,D,ineligible,,,D,0.460084,0.342308,1,,0,,,0,no_upcoming,9,tailwind,,XS,ineligible,momentum_score:+27.4;clinical_score:-21.2;financial_score:-19.9,tier=;reason=;cat_days=NA;strength=missing;decay_w=0.0,v1.3.0,31f399e0,0,financials_missing,1,"cash_runway_lt_6m,survivability_critical","{""burn_ttm"": 0.0, ""cash_total"": 0.0, ""dilution_risk"": null, ""has_revenue"": null, ""lead_phase"": null, ""runway_months"": 0.0, ""stage_bucket"": ""early"", ""surv_score"": ""-5.0"", ""tier1_count"": 1}",early|none|nonpos,0.1,42.534247,-1.5098,,0,,0.0,1,1,neutral,-0.728,elite_1,0.0,0.0,0.0,,,0.0,0,0,0,True,False,True,missing,0.0,critical,<=1000bps,422.35,0.85,1,0,1.0,0,1.0,0,,False,no_upcoming,0.352467,price_history,,1,0.4795,price_history,,-0.000181,,68.6122,0.7498,-0.096128,0.095947,early,mid,sev1,platform_services,morningstar,,,,0,0.5240700665188470066518847007,68.68,41.25000000000000000000000000,55.0,54.73,20.09602194787379972565157750,21.42832647462277091906721536,18.346,-1.0895,,,,,0.0,0,0,,0.0,0.5,other,0.7369,crowded,1.0,110,0.1,0.539916,0.1002,11.47,0.090336,-1.3387
MYGN,"Myriad Genetics, Inc.",,,D,ineligible,,,D,0.292017,0.373077,1,,0,,,0,no_upcoming,9,headwind,deep_drawdown|deep_drawdown_rel_xbi,XS,ineligible,clinical_score:-26.4;financial_score:+21.2;smart_money_score:+9.0,tier=;reason=;cat_days=NA;strength=missing;decay_w=0.0,v1.3.0,31f399e0,0,deep_drawdown,0,,"{""burn_ttm"": 0.0, ""cash_total"": 149600000.0, ""dilution_risk"": null, ""has_revenue"": null, ""lead_phase"": null, ""runway_months"": null, ""stage_bucket"": ""early"", ""surv_score"": ""-1.0"", ""tier1_count"": 1}",early|none|nonpos,0.1,43.722176,-1.5098,,0,,0.0,1,1,buying,-0.728,elite_1,0.0,0.0,0.0,,,0.0,0,0,0,True,False,True,missing,0.0,adequate,<=2000bps,1416.19,0.7,1,0,1.0,0,1.0,0,,False,no_upcoming,-0.211462,price_history,,1,1.3025,price_history,,-0.528615,,57.6168,0.6452,-0.096128,-0.432487,early,small,sev1,platform_diagnostics,morningstar,,,,0,0.6180379397816256755266350502,39.21,50,55.5,15.54,20.09602194787379972565157750,67.64705882352941176470588235,20.271,-1.0077,,,,,,,,,,,,-1.6141,unknown,1.0,70,0.1,0.707983,0.5475,16.45,0.254202,-0.6613
CRL,Charles River Laboratories Inte,,,D,ineligible,,,D,0.855042,0.496154,1,,0,,,0,no_upcoming,9,tailwind,,XS,ineligible,clinical_score:-18.3;momentum_score:+16.4;financial_score:+3.3,tier=;reason=;cat_days=NA;strength=missing;decay_w=0.0,v1.3.0,31f399e0,0,fundamental_red_flag,1,sponsor_absent_late_stage,"{""burn_ttm"": 0.0, ""cash_total"": 213770000.0, ""dilution_risk"": null, ""has_revenue"": null, ""lead_phase"": null, ""runway_months"": null, ""stage_bucket"": ""late"", ""surv_score"": ""3.0"", ""tier1_count"": 0}",late|none|nonpos,-0.005677508064516129,47.977722,0.8899,0,1,,0.0,0,0,neutral,-1.1328,,0.0,0.0,0.0,,,0.0,0,0,0,True,False,True,missing,0.0,adequate,<=400bps,254.94,1.0,0,0,1.0,0,1.0,0,,False,no_upcoming,0.142007,price_history,,0,0.6603,price_history,,-0.018682,,59.9901,0.3443,-0.096128,0.077446,late,mid,none,platform_diagnostics,morningstar,,,,0,0.8717482716501771100525222914,59.19,41.25000000000000000000000000,,44.05,24.47681331747919143876337694,46.04938271604938271604938272,24.4168,-0.8314,3.0,398,37,1.0,0.0748,0,0,0.0,0.5,0.95,oncology,-0.4386,uncrowded,1.0,204,-0.005677508064516129,0.144958,-1.0583,17.70,0.321429,-0.4637
FLGT,"Fulgent Genetics, Inc.",,,D,ineligible,,,D,0.186975,0.942308,1,,0,,,0,no_upcoming,9,tailwind,deep_drawdown|deep_drawdown_rel_xbi,XS,ineligible,clinical_score:-34.2;momentum_score:+32.2;financial_score:+6.4,tier=;reason=;cat_days=NA;strength=missing;decay_w=0.0,v1.3.0,31f399e0,0,deep_drawdown,0,,"{""burn_ttm"": 23495000.0, ""cash_total"": 117641000.0, ""dilution_risk"": null, ""has_revenue"": null, ""lead_phase"": null, ""runway_months"": 60.08478399659502, ""stage_bucket"": ""early"", ""surv_score"": ""2.0"", ""tier1_count"": 0}",early|none|nonpos,0.1,76.148118,-1.5098,,0,,0.0,0,0,neutral,-1.1328,,0.0,0.0,0.0,,,0.0,0,0,0,True,False,True,missing,0.0,adequate,<=2000bps,1631.39,0.7,1,0,1.0,0,1.0,0,,False,no_upcoming,0.690155,price_history,,0,1.5303,price_history,,-0.401109,,41.0756,0.4849,-0.096128,-0.304981,early,small,sev1,platform_diagnostics,morningstar,,,,0,0.7149868987480781902042609269,86.52,50,,90.00,20.09602194787379972565157750,60.76470588235294117647058824,20.271,-1.0077,,,,,,,,,,,,-1.6141,unknown,1.0,45,0.1,0.813025,0.8891,21.14,0.418067,-0.2068
OPK,"Opko Health, Inc.",,,D,ineligible,,,D,0.943277,0.980769,1,,0,,,0,no_upcoming,9,tailwind,deep_drawdown|deep_drawdown_rel_xbi,XS,ineligible,financial_score:+23.3;clinical_score:-17.6;catalyst_score:-15.4,tier=;reason=;cat_days=NA;strength=missing;decay_w=0.0,v1.3.0,31f399e0,0,fundamental_red_flag|deep_drawdown,1,sponsor_absent_late_stage,"{""burn_ttm"": 152621000.0, ""cash_total"": 411972000.0, ""dilution_risk"": null, ""has_revenue"": null, ""lead_phase"": null, ""runway_months"": 32.276737801482106, ""stage_bucket"": ""late"", ""surv_score"": ""-2.0"", ""tier1_count"": 0}",late|none|nonpos,-0.005677508064516129,78.687,0.911,0,1,,0.0,0,0,neutral,-1.1328,,0.0,0.0,0.0,,,0.0,0,0,0,True,False,True,missing,0.0,adequate,<=2000bps,1631.21,0.7,1,0,1.0,0,1.0,0,,False,no_upcoming,0.363752,price_history,,0,1.633,price_history,,-0.439597,,29.8738,0.354,-0.096128,-0.343469,late,small,none,platform_diagnostics,morningstar,,,,0,0.9,66.40,41.25000000000000000000000000,,84.02,39.02034614876469811071475757,80.0,37.9519,-0.2559,3.0,1767,11,1.0,0.0,0,0,0.0,0.4,0.55,ophthalmology,0.2667,moderate,1.0,225,-0.005677508064516129,0.056723,-1.5829,40.12,0.77521,0.7561
STVN,Stevanato Group S.p.A.,,,D,ineligible,,,D,0.430672,0.126923,1,,0,,,0,no_upcoming,9,neutral,drawdown_data_missing,XS,ineligible,financial_score:-26.3;catalyst_score:+18.7;momentum_score:+18.7,tier=;reason=;cat_days=NA;strength=missing;decay_w=0.0,v1.3.0,31f399e0,0,financials_missing,1,"cash_runway_lt_6m,survivability_critical","{""burn_ttm"": 0.0, ""cash_total"": 0.0, ""dilution_risk"": null, ""has_revenue"": null, ""lead_phase"": null, ""runway_months"": 0.0, ""stage_bucket"": ""early"", ""surv_score"": ""-5.0"", ""tier1_count"": 0}",early|none|nonpos,0.1,29.75,-1.5098,,0,,0.0,0,0,neutral,-1.1328,,0.0,0.0,0.0,,,0.0,0,0,0,True,False,True,missing,0.0,critical,<=2000bps,1065.18,0.7,1,0,1.0,0,1.0,0,,False,no_upcoming,,,beta_missing:series_too_short,0,,,series_too_short,,no_price_series,,0.4363,-0.096128,,early,unknown,sev2,platform_devices,morningstar,,,drawdown,1,0.5353678369437626720734179917,50,50,,50,20.09602194787379972565157750,5,20.271,-1.0077,,,,,,,,,,,,-1.6141,unknown,1.0,103,0.1,0.569328,0.1747,6.49,0.023109,-1.9934
