ticker,company_name,actionable_rank,target_weight_pct,tier_any,tier_any_reason,tier_dev,tier_reason,tier_commercial,alpha_cohort_pct,commercial_quality_pct,has_commercial_quality,clinical_optionality_pct_dev,has_clinical_optionality_dev,clinical_rank_pct_dev,catalyst_days,catalyst_in_window,catalyst_mode,cat_priority,mom_state,risk_flags,size_band,size_reasons,top_3_drivers,catalyst_reason_detail,decision_engine_version,decision_engine_ruleset_id,eligible,ineligible_reasons,fundamental_red_flag,fundamental_red_flag_reasons,fundamental_red_flag_inputs,alpha_cohort_key,alpha_cohort_raw,commercial_quality,clinical_alpha_z,clinical_readout_days,clinical_coverage_flag,clinical_score_z,clinical_score_z_tier,sponsor_tier1_count,sponsor_overlap_count,sponsor_net_buying,coinvest_score_z,coinvest_tag,coinvest_conviction,coinvest_tier1_conviction,coinvest_max_position_pct,coinvest_filing_age_days,coinvest_recency_state,inst_delta_z,inst_delta_net,inst_delta_new,inst_delta_exit,has_coinvest_signal,has_inst_delta,has_catalyst_signal,catalyst_strength,catalyst_decay_w,runway_bucket,cost_bucket,est_cost_bps,cost_mult,cost_haircut_applied,dd_rel_margin_rescued,catalyst_tilt_mult,catalyst_tilt_applied,mom_state_tilt_mult,mom_state_tilt_applied,de_catalyst_days,de_catalyst_in_window,de_catalyst_mode,de_alpha_60d,de_alpha_60d_source,de_alpha_60d_missing_reason,de_tier1_count,de_beta_xbi_60d,de_beta_xbi_60d_source,de_beta_xbi_60d_missing_reason,de_drawdown,de_drawdown_missing_reason,de_rsi_14d,de_vol_60d,de_drawdown_xbi,de_drawdown_rel_xbi,stage_bucket,market_cap_bucket,severity,archetype,returns_source,catalyst_source,catalyst_event_type,missing_components,missingness_penalty,confidence_overall,momentum_score,catalyst_score,smart_money_score,valuation_score,clinical_score,financial_score,clinical_score_v2,clinical_score_v2_z,lead_program_phase,lead_program_readout_days,program_count,program_diversification,readout_curve_score,readout_density_90,late_stage_readouts_180,execution_momentum,design_quality_score,endpoint_strength_score,therapeutic_area,competitive_intensity_z,crowding_level,sizing_multiplier_clinical,composite_rank,composite_score,score_rank_pct,score_z,composite_score_attn,score_rank_pct_attn,score_z_attn
XENE,Xenon Pharmaceuticals Inc.,1,0.83,B,high_opt+no_catalyst_data,B,high_opt+no_catalyst_data,,0.477358,,0,0.611111,1,0.388889,,0,no_upcoming,9,tailwind,,L,sponsor_confirmed|momentum_tailwind,momentum_score:+29.6;smart_money_score:+19.9;clinical_score:-17.9,tier=B;reason=high_opt+no_catalyst_data;cat_days=NA;strength=missing;decay_w=0.0,v1.3.0,31f399e0,1,,0,,"{""burn_ttm"": 197637000.0, ""cash_total"": 462268000.0, ""dilution_risk"": null, ""has_revenue"": null, ""lead_phase"": null, ""runway_months"": 28.067699874011446, ""stage_bucket"": ""late"", ""surv_score"": ""5.0"", ""tier1_count"": 8}",late|none|pos,0.02625640425531915,,0.8879,0,1,-0.2671,0.8879,8,8,buying,1.9702,elite_8,0.0,0.0,0.0,,,0.0,0,0,0,True,False,True,missing,0.0,adequate,<=1000bps,519.29,0.85,1,0,1.0,0,1.0,0,,False,no_upcoming,0.475956,price_history,,8,1.1357,price_history,,-0.146045,,49.3424,0.341,-0.433793,0.287748,late,mid,none,drug_developer,morningstar,,,,0,0.8874528564627469650083313497,86.66,41.25000000000000000000000000,77.0,40.60,39.11438998498753148535499149,41.25000000000000000000000000,37.8242,-0.2545,3.0,438,9,1.0,0.0473,0,0,0.0,0.4,0.6,cns,0.7265,highly_crowded,1.0,127,0.02625640425531915,0.522642,0.0568,28.81,0.60566,0.268
VIR,"Vir Biotechnology, Inc.",2,0.5,B,high_opt+no_catalyst_data,B,high_opt+no_catalyst_data,,0.469811,,0,0.692593,1,0.307407,,0,no_upcoming,9,headwind,deep_drawdown,M,sponsor_confirmed|momentum_headwind,smart_money_score:+19.7;clinical_score:-8.8;financial_score:-5.5,tier=B;reason=high_opt+no_catalyst_data;cat_days=NA;strength=missing;decay_w=0.0,v1.3.0,31f399e0,1,,0,,"{""burn_ttm"": 391781000.0, ""cash_total"": 460938000.0, ""dilution_risk"": null, ""has_revenue"": null, ""lead_phase"": null, ""runway_months"": 14.118234421781557, ""stage_bucket"": ""late"", ""surv_score"": ""2.0"", ""tier1_count"": 2}",late|none|pos,0.02625640425531915,,0.8807,0,1,-0.5485,0.8807,2,2,buying,-0.3571,elite_2,0.0,0.0,0.0,,,0.0,0,0,0,True,False,True,missing,0.0,adequate,<=1000bps,599.02,0.85,1,0,1.0,0,1.0,0,,False,no_upcoming,-0.275036,price_history,,2,0.6841,price_history,,-0.624778,,27.8561,0.7493,-0.433793,-0.190985,late,small,sev1,drug_developer,morningstar,,,,0,0.8609403099871809812376179932,35.94,41.25000000000000000000000000,61.0,68.80,32.55965728858487069804837909,35.79918639053254437869822486,33.0195,-0.4574,3.0,33,12,1.0,2.5136,2,3,0.0,0.4,0.55,infectious_disease,0.7265,highly_crowded,1.0,125,0.02625640425531915,0.530189,0.0757,24.73,0.533962,0.0852
PVLA,"Palvella Therapeutics, Inc.",3,0.83,B,high_opt+no_catalyst_data,B,high_opt+no_catalyst_data,,0.432075,,0,0.648148,1,0.351852,,0,no_upcoming,9,neutral,deep_drawdown,L,sponsor_confirmed,smart_money_score:+27.9;financial_score:-20.2;clinical_score:-8.3,tier=B;reason=high_opt+no_catalyst_data;cat_days=NA;strength=missing;decay_w=0.0,v1.3.0,31f399e0,1,,0,,"{""burn_ttm"": 20080000.0, ""cash_total"": 63567000.0, ""dilution_risk"": null, ""has_revenue"": null, ""lead_phase"": null, ""runway_months"": 37.98824701195219, ""stage_bucket"": ""late"", ""surv_score"": ""5.0"", ""tier1_count"": 4}",late|none|pos,0.02625640425531915,,0.8865,0,1,-0.4095,0.8865,4,4,buying,0.4186,elite_4,0.0,0.0,0.0,,,0.0,0,0,0,True,False,True,missing,0.0,adequate,<=1000bps,491.35,0.85,1,0,1.0,0,1.0,0,,False,no_upcoming,0.073524,price_history,,4,0.9405,price_history,,-0.497436,,35.1129,,-0.433793,-0.063643,late,small,none,drug_developer,morningstar,,,,0,0.8521430369420813425008740240,47.62,41.25000000000000000000000000,72.0,32.05,35.79682288427836508564644694,23.91190006574621959237343852,35.2801,-0.362,3.0,286,4,1.0,0.3279,0,0,0.0,0.7,0.5,other,-3.5413,uncrowded,1.0,115,0.02625640425531915,0.567925,0.1711,22.56,0.488679,-0.0284
KALV,"KalVista Pharmaceuticals, Inc.",4,0.83,B,high_opt+no_catalyst_data,B,high_opt+no_catalyst_data,,0.390566,,0,0.751852,1,0.248148,,0,no_upcoming,9,tailwind,deep_drawdown,L,sponsor_confirmed|momentum_tailwind,momentum_score:+29.1;clinical_score:-20.8;financial_score:-14.3,tier=B;reason=high_opt+no_catalyst_data;cat_days=NA;strength=missing;decay_w=0.0,v1.3.0,31f399e0,1,,0,,"{""burn_ttm"": 126985000.0, ""cash_total"": 243497000.0, ""dilution_risk"": null, ""has_revenue"": null, ""lead_phase"": null, ""runway_months"": 23.010308304130408, ""stage_bucket"": ""late"", ""surv_score"": ""1.0"", ""tier1_count"": 2}",late|none|pos,0.02625640425531915,,0.8727,0,1,-0.9128,0.8727,2,2,selling,-0.3571,elite_2,0.0,0.0,0.0,,,0.0,0,0,0,True,False,True,missing,0.0,adequate,<=1000bps,753.69,0.85,1,0,1.0,0,1.0,0,,False,no_upcoming,0.451754,price_history,,2,0.9603,price_history,,-0.561262,,58.3956,0.6376,-0.433793,-0.127469,late,small,sev1,drug_developer,morningstar,,,,0,0.8797695576251455180442374854,73.99,41.25000000000000000000000000,54.5,58.55,24.07202216066481994459833794,30.56213017751479289940828402,22.7963,-0.8892,3.0,667,4,1.0,0.1445,0,0,0.0,0.4,0.55,ophthalmology,0.7265,highly_crowded,1.0,104,0.02625640425531915,0.609434,0.2778,16.97,0.281132,-0.5795
CLDX,"Celldex Therapeutics, Inc.",5,0.83,B,high_opt+no_catalyst_data,B,high_opt+no_catalyst_data,,0.337736,,0,0.707407,1,0.292593,,0,no_upcoming,9,neutral,deep_drawdown,L,sponsor_confirmed,smart_money_score:+20.9;clinical_score:-20.4;catalyst_score:-9.3,tier=B;reason=high_opt+no_catalyst_data;cat_days=NA;strength=missing;decay_w=0.0,v1.3.0,31f399e0,1,,0,,"{""burn_ttm"": 210945000.0, ""cash_total"": 518573000.0, ""dilution_risk"": null, ""has_revenue"": null, ""lead_phase"": null, ""runway_months"": 29.49999288914172, ""stage_bucket"": ""late"", ""surv_score"": ""5.0"", ""tier1_count"": 4}",late|none|pos,0.02625640425531915,,0.8765,0,1,-0.6504,0.8765,4,4,buying,0.4186,elite_4,0.0,0.0,0.0,,,0.0,0,0,0,True,False,True,missing,0.0,adequate,<=1000bps,652.37,0.85,1,0,1.0,0,1.0,0,,False,no_upcoming,0.084568,price_history,,4,1.1195,price_history,,-0.461525,,46.1311,0.4801,-0.433793,-0.027732,late,small,none,drug_developer,morningstar,,,,0,0.8764550731367541211980496866,50.72,41.25000000000000000000000000,71.5,67.95,30.18454657948128466529732853,59.23076923076923076923076923,30.2896,-0.5727,3.0,,52,1.0,0.3909,0,0,0.0,0.4,0.95,oncology,-0.459,uncrowded,1.0,90,0.02625640425531915,0.662264,0.4187,26.17,0.571698,0.1807
SVRA,"Savara, Inc.",6,0.83,B,high_opt+no_catalyst_data,B,high_opt+no_catalyst_data,,0.167925,,0,0.818519,1,0.181481,,0,no_upcoming,9,tailwind,deep_drawdown,L,sponsor_confirmed|momentum_tailwind,smart_money_score:+25.2;financial_score:-25.1;clinical_score:-23.7,tier=B;reason=high_opt+no_catalyst_data;cat_days=NA;strength=missing;decay_w=0.0,v1.3.0,31f399e0,1,,0,,"{""burn_ttm"": 75980000.0, ""cash_total"": 124386000.0, ""dilution_risk"": null, ""has_revenue"": null, ""lead_phase"": null, ""runway_months"": 19.645064490655436, ""stage_bucket"": ""late"", ""surv_score"": ""0.0"", ""tier1_count"": 3}",late|none|nonpos,0.08291288555347091,,0.8653,0,1,-1.1915,0.8653,3,3,buying,0.0307,elite_3,0.0,0.0,0.0,,,0.0,0,0,0,True,False,True,missing,0.0,adequate,<=1000bps,844.9,0.85,1,0,1.0,0,1.0,0,,False,no_upcoming,0.201749,price_history,,3,0.5694,price_history,,-0.527897,,40.1433,0.6811,-0.433793,-0.094104,late,small,sev1,drug_developer,morningstar,,,,0,0.8537484194564329872856642949,64.81,41.25000000000000000000000000,66.5,59.40,17.57985188535247894171519024,16.13350591715976331360946746,16.2897,-1.1639,3.0,636,9,1.0,0.0075,0,0,0.0,0.4,0.5,respiratory,0.7265,highly_crowded,1.0,45,0.08291288555347091,0.832075,0.9624,12.59,0.149057,-1.0405
SMMT,Summit Therapeutics Inc.,7,0.5,B,high_opt+no_catalyst_data,B,high_opt+no_catalyst_data,,0.160377,,0,0.877778,1,0.122222,,0,no_upcoming,9,headwind,deep_drawdown,M,sponsor_confirmed|momentum_headwind,smart_money_score:+30.8;clinical_score:-28.8;financial_score:-6.8,tier=B;reason=high_opt+no_catalyst_data;cat_days=NA;strength=missing;decay_w=0.0,v1.3.0,31f399e0,1,,0,,"{""burn_ttm"": 322930000.0, ""cash_total"": 713448000.0, ""dilution_risk"": null, ""has_revenue"": null, ""lead_phase"": null, ""runway_months"": 26.511553587464775, ""stage_bucket"": ""late"", ""surv_score"": ""3.0"", ""tier1_count"": 5}",late|none|nonpos,0.08291288555347091,,0.846,0,1,-1.4386,0.846,5,5,buying,0.8065,elite_5,0.0,0.0,0.0,,,0.0,0,0,0,True,False,True,missing,0.0,adequate,<=1000bps,484.44,0.85,1,0,1.0,0,1.0,0,,False,no_upcoming,-0.201484,price_history,,5,1.0041,price_history,,-0.673759,,57.2384,0.5984,-0.433793,-0.239966,late,large,none,drug_developer,morningstar,,,,0,0.8150565653997711961357569595,44.92,41.25000000000000000000000000,71.5,10.00,11.82209910741766697445367806,33.84487534626038781163434904,10.9078,-1.3912,3.0,208,5,1.0,0.265,0,0,0.0,0.3,0.75,rare_disease,0.7265,highly_crowded,1.0,43,0.08291288555347091,0.839623,0.9929,12.33,0.141509,-1.0736
PRTA,Prothena Corporation plc,8,0.21,B,high_opt+no_catalyst_data,B,high_opt+no_catalyst_data,,0.149057,,0,0.87037,1,0.12963,,0,no_upcoming,9,headwind,deep_drawdown,S,sponsor_confirmed|momentum_headwind|cost_haircut_<=2000bps,clinical_score:-26.6;smart_money_score:+15.6;financial_score:+7.5,tier=B;reason=high_opt+no_catalyst_data;cat_days=NA;strength=missing;decay_w=0.0,v1.3.0,31f399e0,1,,0,,"{""burn_ttm"": 140268000.0, ""cash_total"": 330843000.0, ""dilution_risk"": null, ""has_revenue"": null, ""lead_phase"": null, ""runway_months"": 28.303789887928822, ""stage_bucket"": ""late"", ""surv_score"": ""5.0"", ""tier1_count"": 2}",late|none|nonpos,0.08291288555347091,,0.8469,0,1,-1.3961,0.8469,2,2,neutral,-0.3571,elite_2,0.0,0.0,0.0,,,0.0,0,0,0,True,False,True,missing,0.0,adequate,<=2000bps,1434.82,0.7,1,0,1.0,0,1.0,0,,False,no_upcoming,-0.030985,price_history,,2,1.2896,price_history,,-0.612118,,35.0032,0.4848,-0.433793,-0.178325,late,small,none,drug_developer,morningstar,,,,0,0.8475046085637615214094038035,41.00,41.25000000000000000000000000,55.0,83.33,12.81179138321995464852607710,46.91457100591715976331360946,11.5217,-1.3653,3.0,1125,9,1.0,0.0006,0,0,0.0,0.4,0.6,cns,0.7265,highly_crowded,1.0,40,0.08291288555347091,0.850943,1.0405,17.02,0.288679,-0.5572
LQDA,Liquidia Corporation,9,0.83,B,high_opt+no_catalyst_data,B,high_opt+no_catalyst_data,,0.126415,,0,0.914815,1,0.085185,,0,no_upcoming,9,tailwind,,L,sponsor_confirmed|momentum_tailwind,momentum_score:+52.6;financial_score:-35.7;clinical_score:-35.7,tier=B;reason=high_opt+no_catalyst_data;cat_days=NA;strength=missing;decay_w=0.0,v1.3.0,31f399e0,1,,0,,"{""burn_ttm"": 79930000.0, ""cash_total"": 157496000.0, ""dilution_risk"": null, ""has_revenue"": null, ""lead_phase"": null, ""runway_months"": 23.645089453271613, ""stage_bucket"": ""late"", ""surv_score"": ""0.0"", ""tier1_count"": 3}",late|none|nonpos,0.08291288555347091,,0.8386,0,1,-1.5902,0.8386,3,3,buying,0.0307,elite_3,0.0,0.0,0.0,,,0.0,0,0,0,True,False,True,missing,0.0,adequate,<=1000bps,430.35,0.85,1,0,1.0,0,1.0,0,,False,no_upcoming,0.765756,price_history,,3,0.8364,price_history,,-0.032023,,59.0689,0.5778,-0.433793,0.40177,late,mid,sev1,drug_developer,morningstar,,,,0,0.8688101869606903163950143816,96.55,41.25000000000000000000000000,65.5,22.65,8.289960490197925892425298837,8.227146814404432132963988913,6.5317,-1.576,3.0,1112,4,1.0,0.0002,0,0,0.0,0.3,0.5,respiratory,0.7265,highly_crowded,1.0,34,0.08291288555347091,0.873585,1.1435,7.16,0.028302,-1.9064
CRNX,"Crinetics Pharmaceuticals, Inc.",10,0.83,B,high_opt+no_catalyst_data,B,high_opt+no_catalyst_data,,0.084906,,0,0.855556,1,0.144444,,0,no_upcoming,9,tailwind,deep_drawdown,L,sponsor_confirmed|momentum_tailwind,clinical_score:-35.4;smart_money_score:+21.9;financial_score:+17.4,tier=B;reason=high_opt+no_catalyst_data;cat_days=NA;strength=missing;decay_w=0.0,v1.3.0,31f399e0,1,,0,,"{""burn_ttm"": 285021000.0, ""cash_total"": 1092291000.0, ""dilution_risk"": null, ""has_revenue"": null, ""lead_phase"": null, ""runway_months"": 45.98781142442136, ""stage_bucket"": ""late"", ""surv_score"": ""5.0"", ""tier1_count"": 5}",late|none|nonpos,0.08291288555347091,,0.8481,0,1,-1.3387,0.8481,5,5,buying,0.8065,elite_5,0.0,0.0,0.0,,,0.0,0,0,0,True,False,True,missing,0.0,adequate,<=1000bps,459.18,0.85,1,0,1.0,0,1.0,0,,False,no_upcoming,-0.04721,price_history,,5,0.9486,price_history,,-0.354453,,40.9355,0.6688,-0.433793,0.07934,late,mid,none,drug_developer,morningstar,,,,0,0.8739267504488330341113105925,53.94,41.25000000000000000000000000,71.5,20.09,14.14896891351184979993844260,66.97368421052631578947368421,12.8588,-1.3088,3.0,493,4,1.0,0.0295,0,0,0.0,0.4,0.5,other,0.7265,highly_crowded,1.0,23,0.08291288555347091,0.915094,1.3728,19.62,0.409434,-0.229
FULC,"Fulcrum Therapeutics, Inc.",11,0.83,B,high_opt+no_catalyst_data,B,high_opt+no_catalyst_data,,0.103774,,0,0.922222,1,0.077778,,0,no_upcoming,9,tailwind,deep_drawdown,L,sponsor_confirmed|momentum_tailwind,clinical_score:-40.1;smart_money_score:+20.0;financial_score:+16.7,tier=B;reason=high_opt+no_catalyst_data;cat_days=NA;strength=missing;decay_w=0.0,v1.3.0,31f399e0,1,,0,,"{""burn_ttm"": 60065000.0, ""cash_total"": 197533000.0, ""dilution_risk"": null, ""has_revenue"": null, ""lead_phase"": null, ""runway_months"": 39.463847498543245, ""stage_bucket"": ""late"", ""surv_score"": ""5.0"", ""tier1_count"": 3}",late|none|nonpos,0.08291288555347091,,0.8311,0,1,-1.6702,0.8311,3,3,buying,0.0307,elite_3,0.0,0.0,0.0,,,0.0,0,0,0,True,False,True,missing,0.0,adequate,<=1000bps,919.56,0.85,1,0,1.0,0,1.0,0,,False,no_upcoming,0.075074,price_history,,3,0.8357,price_history,,-0.57927,,63.32,1.1313,-0.433793,-0.145477,late,small,none,drug_developer,morningstar,,,,0,0.8089227523150861563708826632,55.07,41.25000000000000000000000000,66.5,62.82,6.427409375569248936878537192,63.15384615384615384615384616,5.4873,-1.6201,3.0,,4,1.0,0.0302,0,0,0.0,0.4,0.55,infectious_disease,-0.459,uncrowded,1.0,28,0.08291288555347091,0.896226,1.2603,15.75,0.235849,-0.7197
COGT,"Cogent Biosciences, Inc.",12,0.59,B,high_opt+no_catalyst_data,B,high_opt+no_catalyst_data,,0.073585,,0,0.966667,1,0.033333,,0,no_upcoming,9,neutral,high_vol|deep_drawdown,M,sponsor_confirmed|high_risk,smart_money_score:+48.0;clinical_score:-32.0;financial_score:-32.0,tier=B;reason=high_opt+no_catalyst_data;cat_days=NA;strength=missing;decay_w=0.0,v1.3.0,31f399e0,1,,0,,"{""burn_ttm"": 264444000.0, ""cash_total"": 312012000.0, ""dilution_risk"": null, ""has_revenue"": null, ""lead_phase"": null, ""runway_months"": 14.158551526977357, ""stage_bucket"": ""late"", ""surv_score"": ""0.0"", ""tier1_count"": 7}",late|none|nonpos,0.08291288555347091,,0.821,0,1,-1.7314,0.821,7,7,buying,1.5823,elite_7,0.0,0.0,0.0,,,0.0,0,0,0,True,False,True,missing,0.0,adequate,<=400bps,346.16,1.0,0,0,1.0,0,1.0,0,,False,no_upcoming,-0.084146,price_history,,7,0.8171,price_history,,-0.456984,,36.3425,2.489,-0.433793,-0.023191,late,mid,sev1,drug_developer,morningstar,,,,0,0.8131084337349397590361445783,48.85,41.25000000000000000000000000,85,14.96,5,5,4.9226,-1.644,3.0,1306,5,1.0,0.0001,0,0,0.0,0.5,0.95,oncology,-0.459,uncrowded,1.0,20,0.08291288555347091,0.926415,1.4496,9.34,0.069811,-1.4772
CGON,"CG Oncology, Inc.",13,0.83,B,high_opt+no_catalyst_data,B,high_opt+no_catalyst_data,,0.062264,,0,0.951852,1,0.048148,,0,no_upcoming,9,neutral,drawdown_data_missing,L,sponsor_confirmed,clinical_score:-42.9;smart_money_score:+35.1;financial_score:+12.4,tier=B;reason=high_opt+no_catalyst_data;cat_days=NA;strength=missing;decay_w=0.0,v1.3.0,31f399e0,1,,0,,"{""burn_ttm"": 96130000.0, ""cash_total"": 680263000.0, ""dilution_risk"": null, ""has_revenue"": null, ""lead_phase"": null, ""runway_months"": 84.91788203474462, ""stage_bucket"": ""late"", ""surv_score"": ""5.0"", ""tier1_count"": 6}",late|none|nonpos,0.08291288555347091,,0.8176,0,1,-1.7314,0.8176,6,6,buying,1.1944,elite_6,0.0,0.0,0.0,,,0.0,0,0,0,True,False,True,missing,0.0,adequate,<=1000bps,407.78,0.85,1,0,1.0,0,1.0,0,,False,no_upcoming,,,beta_missing:series_too_short,6,,,series_too_short,,no_price_series,,0.7795,-0.433793,,late,mid,none,drug_developer,morningstar,,,drawdown,1,0.8569030382461575122125580841,50,41.25000000000000000000000000,83.0,10.68,5,60.26315789473684210526315790,3.9417,-1.6854,3.0,2121,6,1.0,0.0466,0,0,0.0,0.3,0.95,oncology,0.7265,highly_crowded,1.0,17,0.08291288555347091,0.937736,1.536,15.71,0.228302,-0.7445
ADCT,ADC Therapeutics SA,14,0.21,B,high_opt+no_catalyst_data,B,high_opt+no_catalyst_data,,0.016981,,0,0.944444,1,0.055556,,0,no_upcoming,9,headwind,deep_drawdown,S,sponsor_confirmed|momentum_headwind|cost_haircut_<=2000bps,clinical_score:-36.6;smart_money_score:+24.9;financial_score:+8.8,tier=B;reason=high_opt+no_catalyst_data;cat_days=NA;strength=missing;decay_w=0.0,v1.3.0,31f399e0,1,,0,,"{""burn_ttm"": 110051000.0, ""cash_total"": 234738000.0, ""dilution_risk"": null, ""has_revenue"": null, ""lead_phase"": null, ""runway_months"": 23.035925450397038, ""stage_bucket"": ""late"", ""surv_score"": ""3.0"", ""tier1_count"": 3}",late|none|nonpos,0.08291288555347091,,0.8198,0,1,-1.7314,0.8198,3,3,buying,0.0307,elite_3,0.0,0.0,0.0,,,0.0,0,0,0,True,False,True,missing,0.0,adequate,<=2000bps,1472.59,0.7,1,0,1.0,0,1.0,0,,False,no_upcoming,-0.139046,price_history,,3,0.742,price_history,,-0.553158,,34.4505,0.7505,-0.433793,-0.119365,late,small,none,drug_developer,morningstar,,,,0,0.8089227523150861563708826632,44.83,41.25000000000000000000000000,66.5,90.00,5,50.40384615384615384615384616,4.6151,-1.6569,3.0,1457,17,1.0,0.6353,0,1,0.0,0.3,0.95,oncology,0.7265,highly_crowded,1.0,5,0.08291288555347091,0.983019,2.1205,13.14,0.160377,-0.9929
RAPT,"RAPT Therapeutics, Inc.",15,0.29,B,high_opt+no_catalyst_data,B,high_opt+no_catalyst_data,,0.839623,,0,0.833333,1,0.166667,,0,no_upcoming,9,headwind,high_vol|deep_drawdown,S,sponsor_confirmed|momentum_headwind|high_risk,smart_money_score:+35.5;clinical_score:-26.4;financial_score:-10.8,tier=B;reason=high_opt+no_catalyst_data;cat_days=NA;strength=missing;decay_w=0.0,v1.3.0,31f399e0,1,,0,,"{""burn_ttm"": 76143000.0, ""cash_total"": 157344000.0, ""dilution_risk"": null, ""has_revenue"": null, ""lead_phase"": null, ""runway_months"": 24.797131712698476, ""stage_bucket"": ""mid"", ""surv_score"": ""5.0"", ""tier1_count"": 5}",mid|none|nonpos,-0.030147721518987338,,0.3522,0,1,-1.2767,0.3522,5,5,buying,0.8065,elite_5,0.0,0.0,0.0,,,0.0,0,0,0,True,False,True,missing,0.0,adequate,<=400bps,273.59,1.0,0,0,1.0,0,1.0,0,,False,no_upcoming,0.040608,price_history,,5,1.5445,price_history,,-0.530085,,39.5179,1.4599,-0.433793,-0.096292,mid,small,none,drug_developer,morningstar,,,,0,0.7846415306696679797411367473,44.47,41.25000000000000000000000000,77.5,19.70,15.59546313799621928166351607,31.15837009031716026044948540,15.0947,-1.2144,2.0,193,4,1.0,0.2003,0,0,0.0,0.4,0.95,oncology,0.7265,highly_crowded,1.0,223,-0.030147721518987338,0.160377,-0.9929,16.71,0.262264,-0.6364
TRDA,"Entrada Therapeutics, Inc.",16,0.08,B,high_opt+no_catalyst_data,B,high_opt+no_catalyst_data,,0.99434,,0,0.655556,1,0.344444,,0,no_upcoming,9,headwind,drawdown_data_missing,XS,momentum_headwind|runway_short|cost_haircut_>2000bps,financial_score:-29.5;smart_money_score:+15.0;momentum_score:+6.8,tier=B;reason=high_opt+no_catalyst_data;cat_days=NA;strength=missing;decay_w=0.0,v1.3.0,31f399e0,1,,0,,"{""burn_ttm"": 128512000.0, ""cash_total"": 90394000.0, ""dilution_risk"": null, ""has_revenue"": null, ""lead_phase"": null, ""runway_months"": 8.440674800796813, ""stage_bucket"": ""early"", ""surv_score"": ""-2.0"", ""tier1_count"": 1}",early|none|pos,-0.1,,-1.482,,0,-0.421,-1.482,1,1,selling,-0.745,elite_1,0.0,0.0,0.0,,,0.0,0,0,0,True,False,True,missing,0.0,short,>2000bps,2020.0,0.55,1,0,1.0,0,1.0,0,,False,no_upcoming,-0.116391,price_history,,1,1.485,price_history,,,series_too_short,41.6221,0.5606,-0.433793,,early,small,sev2,drug_developer,morningstar,,,drawdown,1,0.7763756507311002799958519133,41.31,41.25000000000000000000000000,49.5,50,35.53055595877485847002467702,5,34.0532,-0.4138,0.0,1065,1,0.0,0.0,0,0,0.0,0.0,0.5,other,-0.459,uncrowded,1.0,264,-0.1,0.00566,-2.5326,8.84,0.058491,-1.5676
TNYA,"Tenaya Therapeutics, Inc.",17,0.1,B,high_opt+no_catalyst_data,B,high_opt+no_catalyst_data,,0.990566,,0,0.7,1,0.3,,0,no_upcoming,9,headwind,deep_drawdown,XS,momentum_headwind|runway_short|cost_haircut_<=2000bps,financial_score:-23.3;smart_money_score:+19.4;catalyst_score:+5.1,tier=B;reason=high_opt+no_catalyst_data;cat_days=NA;strength=missing;decay_w=0.0,v1.3.0,31f399e0,1,,0,,"{""burn_ttm"": 54324000.0, ""cash_total"": 65308000.0, ""dilution_risk"": null, ""has_revenue"": null, ""lead_phase"": null, ""runway_months"": 14.426330903468081, ""stage_bucket"": ""early"", ""surv_score"": ""2.0"", ""tier1_count"": 1}",early|none|pos,-0.1,,-1.4977,,0,-0.5872,-1.4977,1,1,buying,-0.745,elite_1,0.0,0.0,0.0,,,0.0,0,0,0,True,False,True,missing,0.0,short,<=2000bps,1908.19,0.7,1,0,1.0,0,1.0,0,,False,no_upcoming,0.057198,price_history,,1,1.7356,price_history,,-0.612576,,42.9346,1.1737,-0.433793,-0.178783,early,micro,sev2,drug_developer,morningstar,,,,0,0.7095961677140208097249407644,39.29,41.25000000000000000000000000,55.5,50,31.65771519814196545217012628,12.85737326817309398235512331,30.1803,-0.5773,0.0,2281,1,0.0,0.0,0,0,0.0,0.0,0.5,other,-2.1187,uncrowded,1.0,263,-0.1,0.009434,-2.3481,7.99,0.039623,-1.7551
CTMX,"CytomX Therapeutics, Inc.",18,0.83,B,high_opt+catalyst_far,B,high_opt+catalyst_far,,0.601887,,0,0.811111,1,0.188889,272,0,specific_days,9,neutral,deep_drawdown,L,catalyst_far_lift|sponsor_confirmed,smart_money_score:+38.4;clinical_score:-27.0;financial_score:-14.2,tier=B;reason=high_opt+catalyst_far;cat_days=272;strength=far;decay_w=0.3,v1.3.0,31f399e0,1,,0,,"{""burn_ttm"": 52344000.0, ""cash_total"": 34185000.0, ""dilution_risk"": null, ""has_revenue"": null, ""lead_phase"": null, ""runway_months"": 7.837001375515818, ""stage_bucket"": ""mid"", ""surv_score"": ""-2.0"", ""tier1_count"": 6}",mid|far_271_540|nonpos,-0.002370950819672131,,0.3525,0,1,-1.1908,0.3525,6,6,buying,1.1944,elite_6,0.0,0.0,0.0,,,0.0,0,0,0,True,False,True,far,0.3,adequate,<=1000bps,786.14,0.85,1,0,1.0,0,1.0,0,272,False,specific_days,-0.13308,price_history,,6,0.8477,price_history,,-0.625631,,40.0902,0.9241,-0.433793,-0.191838,mid,small,none,drug_developer,morningstar,,,,0,0.7856791095120305824151113110,46.58,45.56250000000000000000000000,83.0,46.97,17.59504305818105440033606385,30.47469019113631590002100399,16.5367,-1.1535,2.0,455,6,1.0,0.0542,0,0,0.0,0.3,0.95,oncology,0.7265,highly_crowded,1.0,160,-0.002370950819672131,0.398113,-0.2582,16.79,0.266038,-0.6248
DYN,"Dyne Therapeutics, Inc.",19,0.83,B,high_opt+no_catalyst_data,B,high_opt+no_catalyst_data,,0.896226,,0,0.685185,1,0.314815,,0,no_upcoming,9,neutral,deep_drawdown,L,sponsor_confirmed,smart_money_score:+34.1;financial_score:-18.5;clinical_score:-11.7,tier=B;reason=high_opt+no_catalyst_data;cat_days=NA;strength=missing;decay_w=0.0,v1.3.0,31f399e0,1,,0,,"{""burn_ttm"": 291375000.0, ""cash_total"": 573610000.0, ""dilution_risk"": null, ""has_revenue"": null, ""lead_phase"": null, ""runway_months"": 23.382986890781424, ""stage_bucket"": ""early"", ""surv_score"": ""3.0"", ""tier1_count"": 8}",early|none|pos,-0.1,,-1.4861,,0,-0.4769,-1.4861,8,8,buying,1.9702,elite_8,0.0,0.0,0.0,,,0.0,0,0,0,True,False,True,missing,0.0,adequate,<=1000bps,520.7,0.85,1,0,1.0,0,1.0,0,,False,no_upcoming,-0.030844,price_history,,8,1.3698,price_history,,-0.639051,,48.775,0.7655,-0.433793,-0.205258,early,mid,sev1,drug_developer,morningstar,,,,0,0.7250522138680033416875522139,46.67,41.25000000000000000000000000,80.0,50,34.22670602087063111885292173,27.47028273737520362574797181,32.7493,-0.4688,0.0,1915,2,0.0,0.0,0,0,0.0,0.0,0.5,other,-0.459,uncrowded,1.0,238,-0.1,0.103774,-1.2603,22.25,0.477358,-0.0568
FATE,"Fate Therapeutics, Inc.",20,0.16,B,high_opt+no_catalyst_data,B,high_opt+no_catalyst_data,,0.515094,,0,0.603704,1,0.396296,,0,no_upcoming,9,headwind,deep_drawdown,S,sponsor_confirmed|momentum_headwind|cost_haircut_>2000bps,smart_money_score:+13.0;financial_score:+8.0;clinical_score:-7.6,tier=B;reason=high_opt+no_catalyst_data;cat_days=NA;strength=missing;decay_w=0.0,v1.3.0,31f399e0,1,,0,,"{""burn_ttm"": 106084000.0, ""cash_total"": 203657000.0, ""dilution_risk"": null, ""has_revenue"": null, ""lead_phase"": null, ""runway_months"": 23.037253497228612, ""stage_bucket"": ""mid"", ""surv_score"": ""4.0"", ""tier1_count"": 2}",mid|none|pos,0.014662131736526944,,0.3769,0,1,-0.2334,0.3769,2,2,buying,-0.3571,elite_2,0.0,0.0,0.0,,,0.0,0,0,0,True,False,True,missing,0.0,adequate,>2000bps,2020.0,0.55,1,0,1.0,0,1.0,0,,False,no_upcoming,0.009682,price_history,,2,1.5327,price_history,,-0.66752,,36.0454,0.8890,-0.433793,-0.233727,mid,micro,none,drug_developer,morningstar,,,,0,0.7794111220364907680541898831,40.20,41.25000000000000000000000000,60.5,90.00,39.90128124343625288804872926,55.47826086956521739130434782,39.193,-0.1967,2.0,,15,1.0,0.0439,0,0,0.0,0.3,0.95,oncology,-0.459,uncrowded,1.0,137,0.014662131736526944,0.484906,-0.0378,26.95,0.579245,0.2
CNTX,Context Therapeutics Inc.,21,0.1,B,high_opt+no_catalyst_data,B,high_opt+no_catalyst_data,,0.798113,,0,0.892593,1,0.107407,,0,no_upcoming,9,headwind,drawdown_data_missing,XS,momentum_headwind|cost_haircut_<=2000bps,clinical_score:-25.8;financial_score:+25.5;catalyst_score:+4.7,tier=B;reason=high_opt+no_catalyst_data;cat_days=NA;strength=missing;decay_w=0.0,v1.3.0,31f399e0,1,,0,,"{""burn_ttm"": 17442425.0, ""cash_total"": 76938183.0, ""dilution_risk"": null, ""has_revenue"": null, ""lead_phase"": null, ""runway_months"": 52.93175667947548, ""stage_bucket"": ""mid"", ""surv_score"": ""3.0"", ""tier1_count"": 0}",mid|none|nonpos,-0.030147721518987338,,-0.81,395,1,-1.4833,-0.81,0,0,neutral,-1.1329,,0.0,0.0,0.0,,,0.0,0,0,0,True,False,True,missing,0.0,adequate,<=2000bps,1735.81,0.7,1,0,1.0,0,1.0,0,,False,no_upcoming,-0.585474,price_history,,0,0.2531,price_history,,,series_too_short,42.4275,,-0.433793,,mid,micro,none,drug_developer,morningstar,,,drawdown,1,0.7678505912255497845065753122,32.17,41.25000000000000000000000000,,80.30,10.78029825666876706574249107,62.13043478260869565217391304,9.722,-1.4413,2.0,395,4,1.0,0.0454,0,0,0.0,0.3,0.95,oncology,0.7265,highly_crowded,1.0,212,-0.030147721518987338,0.201887,-0.8349,14.21,0.190566,-0.8758
REPL,"Replimune Group, Inc.",22,0.5,B,high_opt+no_catalyst_data,B,high_opt+no_catalyst_data,,0.549057,,0,0.714815,1,0.285185,,0,no_upcoming,9,headwind,deep_drawdown,M,sponsor_confirmed|momentum_headwind,clinical_score:-14.5;financial_score:+10.5;smart_money_score:+10.3,tier=B;reason=high_opt+no_catalyst_data;cat_days=NA;strength=missing;decay_w=0.0,v1.3.0,31f399e0,1,,0,,"{""burn_ttm"": 224183000.0, ""cash_total"": 269137000.0, ""dilution_risk"": null, ""has_revenue"": null, ""lead_phase"": null, ""runway_months"": 14.12718492467587, ""stage_bucket"": ""mid"", ""surv_score"": ""2.0"", ""tier1_count"": 5}",mid|none|pos,0.014662131736526944,,-0.8101,1277,1,-0.7346,-0.8101,5,5,selling,0.8065,elite_5,0.0,0.0,0.0,,,0.0,0,0,0,True,False,True,missing,0.0,adequate,<=1000bps,964.73,0.85,1,0,1.0,0,1.0,0,,False,no_upcoming,-0.200131,price_history,,5,1.0037,price_history,,-0.61128,,30.4893,0.5897,-0.433793,-0.177487,mid,small,sev1,drug_developer,morningstar,,,,0,0.8014186229360889587779400202,37.84,41.25000000000000000000000000,53.0,50.00,28.22306238185255198487712666,53.26086956521739130434782609,27.1648,-0.7047,2.0,1277,4,1.0,0.0,0,0,0.0,0.3,0.95,oncology,0.7265,highly_crowded,1.0,146,0.014662131736526944,0.450943,-0.1233,19.17,0.401887,-0.2485
INBX,"Inhibrx Biosciences, Inc.",23,0.83,B,high_opt+no_catalyst_data,B,high_opt+no_catalyst_data,,0.526415,,0,0.662963,1,0.337037,,0,no_upcoming,9,neutral,drawdown_data_missing,L,sponsor_confirmed,smart_money_score:+23.6;financial_score:-21.1;clinical_score:-7.8,tier=B;reason=high_opt+no_catalyst_data;cat_days=NA;strength=missing;decay_w=0.0,v1.3.0,31f399e0,1,,0,,"{""burn_ttm"": 99672000.0, ""cash_total"": 153088000.0, ""dilution_risk"": null, ""has_revenue"": null, ""lead_phase"": null, ""runway_months"": 18.431013725018058, ""stage_bucket"": ""mid"", ""surv_score"": ""3.0"", ""tier1_count"": 3}",mid|none|pos,0.014662131736526944,,-0.6177,167,1,-0.4393,-0.6177,3,3,buying,0.0307,elite_3,0.0,0.0,0.0,,,0.0,0,0,0,True,False,True,missing,0.0,adequate,<=1000bps,811.15,0.85,1,0,1.0,0,1.0,0,,False,no_upcoming,,,beta_missing:series_too_short,3,,,series_too_short,,no_price_series,,0.7023,-0.433793,,mid,small,sev1,drug_developer,morningstar,,,drawdown,1,0.7778532089468360121389232326,50,41.25000000000000000000000000,66.5,37.88,35.10396975425330812854442344,21.82550934677588741860953582,34.5138,-0.3943,2.0,1306,5,1.0,0.0623,0,0,0.0,0.4,0.95,oncology,0.7265,highly_crowded,1.0,140,0.014662131736526944,0.473585,-0.0663,16.93,0.277358,-0.5907
IMVT,"Immunovant, Inc.",24,0.83,B,high_opt+no_catalyst_data,B,high_opt+no_catalyst_data,,0.522642,,0,0.759259,1,0.240741,,0,no_upcoming,9,neutral,deep_drawdown,L,sponsor_confirmed,clinical_score:-22.7;smart_money_score:+15.5;financial_score:+10.1,tier=B;reason=high_opt+no_catalyst_data;cat_days=NA;strength=missing;decay_w=0.0,v1.3.0,31f399e0,1,,0,,"{""burn_ttm"": 312251000.0, ""cash_total"": 994525000.0, ""dilution_risk"": null, ""has_revenue"": null, ""lead_phase"": null, ""runway_months"": 38.220213866408756, ""stage_bucket"": ""mid"", ""surv_score"": ""3.0"", ""tier1_count"": 6}",mid|none|pos,0.014662131736526944,,-0.8171,,0,-0.9225,-0.8171,6,6,selling,1.1944,elite_6,0.0,0.0,0.0,,,0.0,0,0,0,True,False,True,missing,0.0,adequate,<=1000bps,478.91,0.85,1,0,1.0,0,1.0,0,,False,no_upcoming,-0.019952,price_history,,6,1.0822,price_history,,-0.680256,,38.5515,0.5723,-0.433793,-0.246463,mid,mid,none,drug_developer,morningstar,,,,0,0.8549991089787525702535983550,48.98,41.25000000000000000000000000,62.0,10.00,23.84583070783448855282503676,56.58695652173913043478260869,22.6045,-0.8973,2.0,,3,0.6667,0.0,0,0,0.0,0.4,0.6,autoimmune,0.2523,moderate,1.0,139,0.014662131736526944,0.477358,-0.0568,31.63,0.639623,0.3575
NAMS,NewAmsterdam Pharma Company N.V,25,0.83,B,high_opt+no_catalyst_data,B,high_opt+no_catalyst_data,,0.416981,,0,0.766667,1,0.233333,,0,no_upcoming,9,tailwind,,L,sponsor_confirmed|momentum_tailwind,clinical_score:-30.9;smart_money_score:+23.3;momentum_score:+15.9,tier=B;reason=high_opt+no_catalyst_data;cat_days=NA;strength=missing;decay_w=0.0,v1.3.0,31f399e0,1,,0,,"{""burn_ttm"": 147783000.0, ""cash_total"": 636241000.0, ""dilution_risk"": null, ""has_revenue"": null, ""lead_phase"": null, ""runway_months"": 51.66285702685695, ""stage_bucket"": ""late"", ""surv_score"": ""5.0"", ""tier1_count"": 5}",late|none|pos,0.02625640425531915,,-0.1036,161,1,-0.9446,-0.1036,5,5,buying,0.8065,elite_5,0.0,0.0,0.0,,,0.0,0,0,0,True,False,True,missing,0.0,adequate,<=1000bps,596.34,0.85,1,0,1.0,0,1.0,0,,False,no_upcoming,0.00049,price_history,,5,0.0003,price_history,,-0.042074,,51.4454,0.4954,-0.433793,0.391719,late,mid,none,drug_developer,morningstar,,,,0,0.8821963529833791701542508669,70.12,41.25000000000000000000000000,77.5,10.00,23.33056953159841960791703569,58.92105263157894736842105263,22.2032,-0.9142,3.0,937,3,0.6667,0.0282,0,0,0.0,0.6,0.55,metabolic,0.7265,highly_crowded,1.0,111,0.02625640425531915,0.583019,0.2096,25.39,0.545283,0.1138
VERA,"Vera Therapeutics, Inc.",26,0.83,B,high_opt+no_catalyst_data,B,high_opt+no_catalyst_data,,0.190566,,0,0.937037,1,0.062963,,0,no_upcoming,9,tailwind,deep_drawdown,L,sponsor_confirmed|momentum_tailwind,clinical_score:-44.9;smart_money_score:+21.4;momentum_score:+18.3,tier=B;reason=high_opt+no_catalyst_data;cat_days=NA;strength=missing;decay_w=0.0,v1.3.0,31f399e0,1,,0,,"{""burn_ttm"": 171110000.0, ""cash_total"": 497389000.0, ""dilution_risk"": null, ""has_revenue"": null, ""lead_phase"": null, ""runway_months"": 34.88205248086027, ""stage_bucket"": ""late"", ""surv_score"": ""4.0"", ""tier1_count"": 5}",late|none|nonpos,0.08291288555347091,,-0.3431,1168,1,-1.7224,-0.3431,5,5,buying,0.8065,elite_5,0.0,0.0,0.0,,,0.0,0,0,0,True,False,True,missing,0.0,adequate,<=1000bps,439.3,0.85,1,0,1.0,0,1.0,0,,False,no_upcoming,-0.074726,price_history,,5,0.4963,price_history,,-0.361732,,58.4327,0.7858,-0.433793,0.072061,late,mid,none,drug_developer,morningstar,,,,0,0.7832172398781018720069656073,68.40,41.25000000000000000000000000,71.5,50,5.210834102800861803631886737,64.28947368421052631578947368,3.9207,-1.6863,3.0,1168,2,0.3333,0.0001,0,0,0.0,0.4,0.55,infectious_disease,0.7265,highly_crowded,1.0,51,0.08291288555347091,0.809434,0.8758,17.88,0.35283,-0.3777
CRSP,CRISPR Therapeutics AG,27,0.59,B,high_opt+no_catalyst_data,B,high_opt+no_catalyst_data,,0.088679,,0,0.974074,1,0.025926,,0,no_upcoming,9,headwind,deep_drawdown,M,sponsor_confirmed|momentum_headwind,clinical_score:-39.7;financial_score:+23.6;smart_money_score:+21.3,tier=B;reason=high_opt+no_catalyst_data;cat_days=NA;strength=missing;decay_w=0.0,v1.3.0,31f399e0,1,,0,,"{""burn_ttm"": 345014000.0, ""cash_total"": 1975828000.0, ""dilution_risk"": null, ""has_revenue"": null, ""lead_phase"": null, ""runway_months"": 68.7216634687288, ""stage_bucket"": ""late"", ""surv_score"": ""3.0"", ""tier1_count"": 3}",late|none|nonpos,0.08291288555347091,,-0.3112,321,1,-1.7314,-0.3112,3,3,buying,0.0307,elite_3,0.0,0.0,0.0,,,0.0,0,0,0,True,False,True,missing,0.0,adequate,<=400bps,316.61,1.0,0,0,1.0,0,1.0,0,,False,no_upcoming,0.000298,price_history,,3,1.1887,price_history,,-0.671444,,38.5599,0.5582,-0.433793,-0.237651,late,mid,none,drug_developer,morningstar,,,,0,0.8829993291806420699568758984,43.06,41.25000000000000000000000000,66.0,58.67,5,68.31578947368421052631578947,3.9905,-1.6833,3.0,1221,6,1.0,0.0185,0,0,0.0,0.3,0.95,oncology,0.2523,moderate,1.0,24,0.08291288555347091,0.911321,1.3489,22.06,0.469811,-0.0757
ANRO,"Alto Neuroscience, Inc.",28,0.41,B,high_opt+no_catalyst_data,B,high_opt+no_catalyst_data,,0.032075,,0,0.788889,1,0.211111,,0,no_upcoming,9,neutral,drawdown_data_missing,M,sponsor_confirmed|cost_haircut_<=2000bps,clinical_score:-24.9;smart_money_score:+16.1;financial_score:+7.4,tier=B;reason=high_opt+no_catalyst_data;cat_days=NA;strength=missing;decay_w=0.0,v1.3.0,31f399e0,1,,0,,"{""burn_ttm"": 40253000.0, ""cash_total"": 137816000.0, ""dilution_risk"": null, ""has_revenue"": null, ""lead_phase"": null, ""runway_months"": 41.08493776861352, ""stage_bucket"": ""late"", ""surv_score"": ""5.0"", ""tier1_count"": 2}",late|none|nonpos,0.08291288555347091,,-0.0466,272,1,-1.0852,-0.0466,2,2,buying,-0.3571,elite_2,0.0,0.0,0.0,,,0.0,0,0,0,True,False,True,missing,0.0,adequate,<=2000bps,1346.61,0.7,1,0,1.0,0,1.0,0,,False,no_upcoming,,,beta_missing:series_too_short,2,,,series_too_short,,no_price_series,,0.9516,-0.433793,,late,small,none,drug_developer,morningstar,,,drawdown,1,0.8333573290306565719250341318,50,41.25000000000000000000000000,61.0,55.98,20.05621823983517691471787238,52.36538461538461538461538461,18.3369,-1.0775,2.0,272,3,0.0,0.1628,0,0,0.0,0.3,0.5,other,0.7265,highly_crowded,1.0,9,0.08291288555347091,0.967925,1.8511,20.13,0.428302,-0.1807
TBPH,"Theravance Biopharma, Inc.",29,0.41,C,low_opt+no_catalyst_data,C,low_opt+no_catalyst_data,,0.458491,,0,0.048148,1,0.951852,,0,no_upcoming,9,tailwind,deep_drawdown,M,momentum_tailwind|cost_haircut_<=2000bps,catalyst_score:-18.2;clinical_score:+17.6;momentum_score:+16.3,tier=C;reason=low_opt+no_catalyst_data;cat_days=NA;strength=missing;decay_w=0.0,v1.3.0,31f399e0,1,,0,,"{""burn_ttm"": 0.0, ""cash_total"": 174773000.0, ""dilution_risk"": null, ""has_revenue"": null, ""lead_phase"": null, ""runway_months"": null, ""stage_bucket"": ""late"", ""surv_score"": ""3.0"", ""tier1_count"": 1}",late|none|pos,0.02625640425531915,,1.1526,0,1,1.359,1.1526,1,1,buying,-0.745,elite_1,0.0,0.0,0.0,,,0.0,0,0,0,True,False,True,missing,0.0,adequate,<=2000bps,1103.1,0.7,1,0,1.0,0,1.0,0,,False,no_upcoming,0.364365,price_history,,1,0.8832,price_history,,-0.572128,,49.1193,0.5264,-0.433793,-0.138335,late,small,none,drug_developer,morningstar,,,,0,0.9,75.75,41.25000000000000000000000000,55.5,90.00,77.000,47.70874424720578566732412887,75.8726,1.3523,3.0,619,43,1.0,0.0002,0,0,0.0,0.9,0.5,respiratory,0.7265,highly_crowded,1.0,122,0.02625640425531915,0.541509,0.1042,46.86,0.922642,1.4231
ALT,"Altimmune, Inc.",30,0.25,C,low_opt+no_catalyst_data,C,low_opt+no_catalyst_data,,0.273585,,0,0.248148,1,0.751852,,0,no_upcoming,9,headwind,deep_drawdown,S,momentum_headwind,clinical_score:+13.4;financial_score:+12.1;catalyst_score:-11.8,tier=C;reason=low_opt+no_catalyst_data;cat_days=NA;strength=missing;decay_w=0.0,v1.3.0,31f399e0,1,,0,,"{""burn_ttm"": 48087000.0, ""cash_total"": 210776000.0, ""dilution_risk"": null, ""has_revenue"": null, ""lead_phase"": null, ""runway_months"": 52.5986649198328, ""stage_bucket"": ""late"", ""surv_score"": ""5.0"", ""tier1_count"": 1}",late|none|pos,0.02625640425531915,,1.1412,0,1,0.9069,1.1412,1,1,selling,-0.745,elite_1,0.0,0.0,0.0,,,0.0,0,0,0,True,False,True,missing,0.0,adequate,<=1000bps,696.34,0.85,1,0,1.0,0,1.0,0,,False,no_upcoming,0.052587,price_history,,1,1.2735,price_history,,-0.609137,,40.48,0.8891,-0.433793,-0.175344,late,small,none,drug_developer,morningstar,,,,0,0.8417039350405996252342286071,43.49,41.25000000000000000000000000,49.0,79.06,66.46616541353383458646616541,65.11538461538461538461538461,65.8719,0.9299,2.0,754,12,1.0,0.2389,1,0,0.0,0.4,0.55,metabolic,0.7265,highly_crowded,1.0,73,0.02625640425531915,0.726415,0.602,38.53,0.775472,0.757
PTGX,"Protagonist Therapeutics, Inc.",31,0.98,C,mod_opt+no_catalyst_data,C,mod_opt+no_catalyst_data,,0.156604,,0,0.588889,1,0.411111,,0,no_upcoming,9,neutral,deep_drawdown,L,sponsor_confirmed,smart_money_score:+23.1;financial_score:-7.6;catalyst_score:-7.2,tier=C;reason=mod_opt+no_catalyst_data;cat_days=NA;strength=missing;decay_w=0.0,v1.3.0,31f399e0,1,,0,,"{""burn_ttm"": 0.0, ""cash_total"": 567364000.0, ""dilution_risk"": null, ""has_revenue"": null, ""lead_phase"": null, ""runway_months"": null, ""stage_bucket"": ""late"", ""surv_score"": ""5.0"", ""tier1_count"": 5}",late|none|nonpos,0.08291288555347091,,0.8904,0,1,-0.1581,0.8904,5,5,buying,0.8065,elite_5,0.0,0.0,0.0,,,0.0,0,0,0,True,False,True,missing,0.0,adequate,<=400bps,371.54,1.0,0,0,1.0,0,1.0,0,,False,no_upcoming,-0.039199,price_history,,5,0.894,price_history,,-0.510767,,38.0087,0.6429,-0.433793,-0.076974,late,mid,none,drug_developer,morningstar,,,,0,0.8801873653984206748025843503,46.80,41.25000000000000000000000000,71.5,15.54,41.65532879818594104308390023,40.80332409972299168975069252,41.3982,-0.1036,3.0,1085,9,1.0,0.4536,1,0,0.0,0.4,0.6,autoimmune,0.2523,moderate,1.0,42,0.08291288555347091,0.843396,1.0085,33.18,0.669811,0.4394
GOSS,"Gossamer Bio, Inc.",32,0.68,C,low_opt+no_catalyst_data,C,low_opt+no_catalyst_data,,0.813208,,0,0.285185,1,0.714815,,0,no_upcoming,9,tailwind,,L,sponsor_confirmed|momentum_tailwind|cost_haircut_<=2000bps,smart_money_score:+25.4;financial_score:-22.5;catalyst_score:-16.4,tier=C;reason=low_opt+no_catalyst_data;cat_days=NA;strength=missing;decay_w=0.0,v1.3.0,31f399e0,1,,0,,"{""burn_ttm"": 122952000.0, ""cash_total"": 180224000.0, ""dilution_risk"": null, ""has_revenue"": null, ""lead_phase"": null, ""runway_months"": 17.589693538942026, ""stage_bucket"": ""mid"", ""surv_score"": ""0.0"", ""tier1_count"": 6}",mid|none|nonpos,-0.030147721518987338,,0.4111,0,1,0.76,0.4111,6,6,buying,1.1944,elite_6,0.0,0.0,0.0,,,0.0,0,0,0,True,False,True,missing,0.0,adequate,<=2000bps,1384.72,0.7,1,0,1.0,0,1.0,0,,False,no_upcoming,0.128841,price_history,,6,1.0009,price_history,,-0.317697,,52.6635,0.8648,-0.433793,0.116096,mid,micro,sev1,drug_developer,morningstar,,,,0,0.7866597600872410032715376227,65.73,41.25000000000000000000000000,83.0,90.00,63.04347826086956521739130435,35.10396975425330812854442345,64.0694,0.8538,2.0,89,7,1.0,0.8161,2,1,0.0,0.4,0.95,oncology,0.7265,highly_crowded,1.0,216,-0.030147721518987338,0.186792,-0.8898,28.66,0.601887,0.2582
CHRS,"Coherus Oncology, Inc.",33,0.21,C,mod_opt+no_catalyst_data,C,mod_opt+no_catalyst_data,,0.066038,,0,0.514815,1,0.485185,,0,no_upcoming,9,neutral,deep_drawdown,S,cost_haircut_<=2000bps,financial_score:+15.3;catalyst_score:-11.7;clinical_score:-4.3,tier=C;reason=mod_opt+no_catalyst_data;cat_days=NA;strength=missing;decay_w=0.0,v1.3.0,31f399e0,1,,0,,"{""burn_ttm"": 118797000.0, ""cash_total"": 191663000.0, ""dilution_risk"": null, ""has_revenue"": null, ""lead_phase"": null, ""runway_months"": 18.31919011700611, ""stage_bucket"": ""late"", ""surv_score"": ""2.0"", ""tier1_count"": 1}",late|none|nonpos,0.08291288555347091,,0.8962,0,1,0.1423,0.8962,1,1,buying,-0.745,elite_1,0.0,0.0,0.0,,,0.0,0,0,0,True,False,True,missing,0.0,adequate,<=2000bps,1725.6,0.7,1,0,1.0,0,1.0,0,,False,no_upcoming,-0.169965,price_history,,1,0.6289,price_history,,-0.375987,,43.6907,0.9928,-0.433793,0.057806,late,micro,none,drug_developer,morningstar,,,,0,0.7863141857578151450174923823,51.05,41.25000000000000000000000000,55.5,86.75,48.65226977217479789699813443,68.27067669172932330827067669,47.944,0.1728,3.0,,9,1.0,0.0394,0,0,0.0,0.3,0.95,oncology,-0.459,uncrowded,1.0,18,0.08291288555347091,0.933962,1.506,28.07,0.59434,0.2387
QURE,uniQure N.V.,34,0.25,C,mod_opt+no_catalyst_data,C,mod_opt+no_catalyst_data,,0.835849,,0,0.322222,1,0.677778,,0,no_upcoming,9,headwind,high_vol|deep_drawdown,S,sponsor_confirmed|momentum_headwind|high_risk,smart_money_score:+24.6;momentum_score:-19.2;catalyst_score:-17.2,tier=C;reason=mod_opt+no_catalyst_data;cat_days=NA;strength=missing;decay_w=0.0,v1.3.0,31f399e0,1,,0,,"{""burn_ttm"": 100394000.0, ""cash_total"": 597056000.0, ""dilution_risk"": null, ""has_revenue"": null, ""lead_phase"": null, ""runway_months"": 71.36553977329322, ""stage_bucket"": ""mid"", ""surv_score"": ""5.0"", ""tier1_count"": 9}",mid|none|nonpos,-0.030147721518987338,,0.409,0,1,0.648,0.409,9,9,buying,2.358,elite_9,0.0,0.0,0.0,,,0.0,0,0,0,True,False,True,missing,0.0,adequate,<=1000bps,501.73,0.85,1,0,1.0,0,1.0,0,,False,no_upcoming,-0.151024,price_history,,9,1.1122,price_history,,-0.587127,,38.89,1.3016,-0.433793,-0.153334,mid,small,none,drug_developer,morningstar,,,,0,0.8014128605094826618785770396,39.25,41.25000000000000000000000000,83.0,56.06,60.43478260869565217391304348,68.22826086956521739130434782,59.6943,0.669,2.0,,8,1.0,0.0,0,0,0.0,0.3,0.75,rare_disease,-0.459,uncrowded,1.0,222,-0.030147721518987338,0.164151,-0.9775,35.01,0.722642,0.5907
TRVI,"Trevi Therapeutics, Inc.",35,0.83,C,low_opt+no_catalyst_data,C,low_opt+no_catalyst_data,,0.571698,,0,0.055556,1,0.944444,,0,no_upcoming,9,tailwind,deep_drawdown|overbought_rsi,L,sponsor_confirmed|momentum_tailwind,catalyst_score:-24.8;momentum_score:+23.4;financial_score:-15.0,tier=C;reason=low_opt+no_catalyst_data;cat_days=NA;strength=missing;decay_w=0.0,v1.3.0,31f399e0,1,,0,,"{""burn_ttm"": 34458000.0, ""cash_total"": 194927000.0, ""dilution_risk"": null, ""has_revenue"": null, ""lead_phase"": null, ""runway_months"": 67.88333623541703, ""stage_bucket"": ""mid"", ""surv_score"": ""5.0"", ""tier1_count"": 4}",mid|none|pos,0.014662131736526944,,0.4378,0,1,1.359,0.4378,4,4,buying,0.4186,elite_4,0.0,0.0,0.0,,,0.0,0,0,0,True,False,True,missing,0.0,adequate,<=1000bps,718.24,0.85,1,0,1.0,0,1.0,0,,False,no_upcoming,0.370918,price_history,,4,0.0594,price_history,,-0.565517,,83.7893,0.6685,-0.433793,-0.131724,mid,small,none,drug_developer,morningstar,,,,0,0.8441542319749216300940438871,89.51,41.25000000000000000000000000,71.5,43.94,77.000,51.04347826086956521739130435,77.8099,1.4341,2.0,67,5,1.0,1.0687,2,2,0.0,0.4,0.5,respiratory,-0.459,uncrowded,1.0,152,0.014662131736526944,0.428302,-0.1807,51.48,0.971698,1.9064
VKTX,"Viking Therapeutics, Inc.",36,0.29,C,low_opt+no_catalyst_data,C,low_opt+no_catalyst_data,,0.575472,,0,0.062963,1,0.937037,,0,no_upcoming,9,headwind,deep_drawdown,S,sponsor_confirmed|momentum_headwind|runway_short,financial_score:-32.3;clinical_score:+29.8;smart_money_score:+13.3,tier=C;reason=low_opt+no_catalyst_data;cat_days=NA;strength=missing;decay_w=0.0,v1.3.0,31f399e0,1,,0,,"{""burn_ttm"": 278685000.0, ""cash_total"": 165810000.0, ""dilution_risk"": null, ""has_revenue"": null, ""lead_phase"": null, ""runway_months"": 7.139673825286614, ""stage_bucket"": ""mid"", ""surv_score"": ""-2.0"", ""tier1_count"": 3}",mid|none|pos,0.014662131736526944,,0.4395,0,1,1.359,0.4395,3,3,buying,0.0307,elite_3,0.0,0.0,0.0,,,0.0,0,0,0,True,False,True,missing,0.0,short,<=400bps,319.17,1.0,0,0,1.0,0,1.0,0,,False,no_upcoming,-0.155143,price_history,,3,0.8706,price_history,,-0.548295,,34.9907,,-0.433793,-0.114502,mid,mid,sev2,drug_developer,morningstar,,,,0,0.7821596949387566443263230876,42.29,41.25000000000000000000000000,60.5,10.61,77.000,14.90553455156479731148918294,76.0599,1.3602,2.0,437,5,1.0,0.0264,0,0,0.0,0.4,0.55,metabolic,-0.459,uncrowded,1.0,153,0.014662131736526944,0.424528,-0.1903,18.63,0.379245,-0.3075
ENTA,"Enanta Pharmaceuticals, Inc.",37,0.41,C,low_opt+no_catalyst_data,C,low_opt+no_catalyst_data,,0.507547,,0,0.003704,1,0.996296,,0,no_upcoming,9,tailwind,,M,momentum_tailwind|cost_haircut_<=2000bps,financial_score:-25.8;clinical_score:+22.0;momentum_score:+17.0,tier=C;reason=low_opt+no_catalyst_data;cat_days=NA;strength=missing;decay_w=0.0,v1.3.0,31f399e0,1,,0,,"{""burn_ttm"": 11699000.0, ""cash_total"": 37437000.0, ""dilution_risk"": null, ""has_revenue"": null, ""lead_phase"": null, ""runway_months"": 38.40020514573895, ""stage_bucket"": ""mid"", ""surv_score"": ""5.0"", ""tier1_count"": 1}",mid|none|pos,0.014662131736526944,,0.4536,0,1,1.359,0.4536,1,1,buying,-0.745,elite_1,0.0,0.0,0.0,,,0.0,0,0,0,True,False,True,missing,0.0,adequate,<=2000bps,1593.49,0.7,1,0,1.0,0,1.0,0,,False,no_upcoming,0.04047,price_history,,1,0.6547,price_history,,-0.311492,,53.7494,0.5086,-0.433793,0.122301,mid,small,none,drug_developer,morningstar,,,,0,0.7644078130292424071355989613,72.04,41.25000000000000000000000000,55.5,90.00,77.000,29.23109640831758034026465028,76.2226,1.367,2.0,453,18,1.0,0.1027,0,0,0.0,0.8,0.55,infectious_disease,-0.459,uncrowded,1.0,135,0.014662131736526944,0.492453,-0.0189,33.60,0.677358,0.4603
ROIV,Roivant Sciences Ltd.,38,0.59,C,low_opt+no_catalyst_data,C,low_opt+no_catalyst_data,,0.556604,,0,0.107407,1,0.892593,,0,no_upcoming,9,headwind,deep_drawdown,M,sponsor_confirmed|momentum_headwind,momentum_score:-18.8;catalyst_score:-18.8;smart_money_score:+17.5,tier=C;reason=low_opt+no_catalyst_data;cat_days=NA;strength=missing;decay_w=0.0,v1.3.0,31f399e0,1,,0,,"{""burn_ttm"": 586531000.0, ""cash_total"": 4529978000.0, ""dilution_risk"": null, ""has_revenue"": null, ""lead_phase"": null, ""runway_months"": 92.68007317601287, ""stage_bucket"": ""mid"", ""surv_score"": ""4.0"", ""tier1_count"": 5}",mid|none|pos,0.014662131736526944,,0.4297,0,1,1.2639,0.4297,5,5,buying,0.8065,elite_5,0.0,0.0,0.0,,,0.0,0,0,0,True,False,True,missing,0.0,adequate,<=400bps,227.11,1.0,0,0,1.0,0,1.0,0,,False,no_upcoming,-0.157287,price_history,,5,0.9509,price_history,,-0.581361,,29.038,0.3407,-0.433793,-0.147568,mid,large,none,drug_developer,morningstar,,,,0,0.8415994827028774652440995797,41.21,41.25000000000000000000000000,77.5,50,74.78260869565217391304347826,65.45652173913043478260869565,73.4925,1.2517,2.0,,2,0.3333,0.0,0,0,0.0,0.4,0.55,infectious_disease,0.7265,highly_crowded,1.0,148,0.014662131736526944,0.443396,-0.1424,56.51,0.990566,2.3481
SGMT,Sagimet Biosciences Inc. - Seri,39,0.21,C,low_opt+no_catalyst_data,C,low_opt+no_catalyst_data,,0.564151,,0,0.137037,1,0.862963,,0,no_upcoming,9,neutral,drawdown_data_missing,S,cost_haircut_<=2000bps,clinical_score:+17.8;catalyst_score:-14.4;momentum_score:-5.6,tier=C;reason=low_opt+no_catalyst_data;cat_days=NA;strength=missing;decay_w=0.0,v1.3.0,31f399e0,1,,0,,"{""burn_ttm"": 33817000.0, ""cash_total"": 116693000.0, ""dilution_risk"": null, ""has_revenue"": null, ""lead_phase"": null, ""runway_months"": 41.40864062453795, ""stage_bucket"": ""mid"", ""surv_score"": ""5.0"", ""tier1_count"": 1}",mid|none|pos,0.014662131736526944,,0.4279,0,1,1.2079,0.4279,1,1,neutral,-0.745,elite_1,0.0,0.0,0.0,,,0.0,0,0,0,True,False,True,missing,0.0,adequate,<=2000bps,1650.31,0.7,1,0,1.0,0,1.0,0,,False,no_upcoming,,,beta_missing:series_too_short,1,,,series_too_short,,no_price_series,,0.6734,-0.433793,,mid,micro,none,drug_developer,morningstar,,,drawdown,1,0.7593805888767720828789531080,50,41.25000000000000000000000000,52.5,83.33,73.47826086956521739130434782,61.02173913043478260869565218,72.8881,1.2262,2.0,577,4,1.0,0.0082,0,0,0.0,0.4,0.95,oncology,0.7265,highly_crowded,1.0,150,0.014662131736526944,0.435849,-0.1615,44.14,0.858491,1.0736
SLN,Silence Therapeutics Plc - Amer,40,0.16,C,low_opt+no_catalyst_data,C,low_opt+no_catalyst_data,,0.971698,,0,0.122222,1,0.877778,,0,no_upcoming,9,neutral,deep_drawdown,S,cost_haircut_>2000bps,clinical_score:+20.6;catalyst_score:-12.4;smart_money_score:-4.1,tier=C;reason=low_opt+no_catalyst_data;cat_days=NA;strength=missing;decay_w=0.0,v1.3.0,31f399e0,1,,0,,"{""burn_ttm"": 44984000.0, ""cash_total"": 102192000.0, ""dilution_risk"": null, ""has_revenue"": null, ""lead_phase"": null, ""runway_months"": 27.26089276187089, ""stage_bucket"": ""early"", ""surv_score"": ""4.0"", ""tier1_count"": 1}",early|none|pos,-0.1,,-0.0652,0,1,1.2396,-0.0652,1,1,selling,-0.745,elite_1,0.0,0.0,0.0,,,0.0,0,0,0,True,False,True,missing,0.0,adequate,>2000bps,2020.0,0.55,1,0,1.0,0,1.0,0,,False,no_upcoming,-0.231969,price_history,,1,0.2536,price_history,,-0.399295,,35.088,0.6409,-0.433793,0.034498,early,micro,none,drug_developer,morningstar,,,,0,0.7493602729502079112911824288,50.02,41.25000000000000000000000000,49.5,83.33,74.21686746987951807228915663,53.18072289156626506024096386,73.6267,1.2574,1.0,445,5,1.0,0.009,0,0,0.0,0.4,0.85,oncology,0.7265,highly_crowded,1.0,258,-0.1,0.028302,-1.9064,45.62,0.9,1.2816
KYMR,"Kymera Therapeutics, Inc.",41,0.59,C,low_opt+no_catalyst_data,C,low_opt+no_catalyst_data,,0.918868,,0,0.011111,1,0.988889,,0,no_upcoming,9,headwind,deep_drawdown,M,sponsor_confirmed|momentum_headwind,financial_score:-32.7;clinical_score:+26.8;smart_money_score:+20.8,tier=C;reason=low_opt+no_catalyst_data;cat_days=NA;strength=missing;decay_w=0.0,v1.3.0,31f399e0,1,,0,,"{""burn_ttm"": 232891000.0, ""cash_total"": 357011000.0, ""dilution_risk"": null, ""has_revenue"": null, ""lead_phase"": null, ""runway_months"": 18.39543820929104, ""stage_bucket"": ""early"", ""surv_score"": ""3.0"", ""tier1_count"": 5}",early|none|pos,-0.1,,-1.1186,230,1,1.359,-1.1186,5,5,buying,0.8065,elite_5,0.0,0.0,0.0,,,0.0,0,0,0,True,False,True,missing,0.0,adequate,<=400bps,334.94,1.0,0,0,1.0,0,1.0,0,,False,no_upcoming,0.024157,price_history,,5,1.4074,price_history,,-0.461596,,37.8651,0.8541,-0.433793,-0.027803,early,mid,none,drug_developer,morningstar,,,,0,0.8132792814635221512012342958,44.02,41.25000000000000000000000000,71.0,10.00,77.000,17.49528233415590071127885035,76.4099,1.3749,1.0,230,4,1.0,0.0403,0,0,0.0,0.4,0.85,oncology,0.7265,crowded,1.0,244,-0.1,0.081132,-1.3975,42.87,0.843396,1.0085
LCTX,"Lineage Cell Therapeutics, Inc.",42,0.08,C,low_opt+no_catalyst_data,C,low_opt+no_catalyst_data,,0.926415,,0,0.018519,1,0.981481,,0,no_upcoming,9,headwind,deep_drawdown,XS,momentum_headwind|cost_haircut_>2000bps,clinical_score:+32.4;financial_score:-26.0;catalyst_score:-3.4,tier=C;reason=low_opt+no_catalyst_data;cat_days=NA;strength=missing;decay_w=0.0,v1.3.0,31f399e0,1,,0,,"{""burn_ttm"": 14041000.0, ""cash_total"": 40486000.0, ""dilution_risk"": null, ""has_revenue"": null, ""lead_phase"": null, ""runway_months"": 34.60095434798091, ""stage_bucket"": ""early"", ""surv_score"": ""2.0"", ""tier1_count"": 0}",early|none|pos,-0.1,,-0.0601,0,1,1.359,-0.0601,0,0,neutral,-1.1329,,0.0,0.0,0.0,,,0.0,0,0,0,True,False,True,missing,0.0,adequate,>2000bps,2020.0,0.55,1,0,1.0,0,1.0,0,,False,no_upcoming,-0.136145,price_history,,0,1.1675,price_history,,-0.58,,30.8886,0.5717,-0.433793,-0.146207,early,small,none,drug_developer,morningstar,,,,0,0.7569431482636722811395300478,41.68,41.25000000000000000000000000,,50,77.000,18.63265968671374076779482184,75.5917,1.3404,1.0,,2,0.3333,0.0,0,0,0.0,0.3,0.5,other,-2.3558,uncrowded,1.0,246,-0.1,0.073585,-1.4496,39.85,0.801887,0.8484
DNLI,Denali Therapeutics Inc.,43,0.83,C,low_opt+no_catalyst_data,C,low_opt+no_catalyst_data,,0.892453,,0,0.077778,1,0.922222,,0,no_upcoming,9,neutral,deep_drawdown,L,sponsor_confirmed,clinical_score:+18.2;catalyst_score:-16.9;momentum_score:-11.6,tier=C;reason=low_opt+no_catalyst_data;cat_days=NA;strength=missing;decay_w=0.0,v1.3.0,31f399e0,1,,0,,"{""burn_ttm"": 314062000.0, ""cash_total"": 848204000.0, ""dilution_risk"": null, ""has_revenue"": null, ""lead_phase"": null, ""runway_months"": 32.40904025319841, ""stage_bucket"": ""early"", ""surv_score"": ""5.0"", ""tier1_count"": 3}",early|none|pos,-0.1,,-0.0604,0,1,1.3327,-0.0604,3,3,buying,0.0307,elite_3,0.0,0.0,0.0,,,0.0,0,0,0,True,False,True,missing,0.0,adequate,<=1000bps,533.31,0.85,1,0,1.0,0,1.0,0,,False,no_upcoming,0.011642,price_history,,3,1.202,price_history,,-0.611805,,35.8664,0.5691,-0.433793,-0.178012,early,mid,none,drug_developer,morningstar,,,,0,0.8406704119850187265917602996,46.50,41.25000000000000000000000000,60.5,35.71,76.38554216867469879518072289,66.08433734939759036144578313,75.4454,1.3342,1.0,286,8,1.0,0.0231,0,0,0.0,0.4,0.6,cns,-0.459,uncrowded,1.0,237,-0.1,0.107547,-1.2397,58.77,0.99434,2.5326
LXEO,"Lexeo Therapeutics, Inc.",44,0.21,C,low_opt+no_catalyst_data,C,low_opt+no_catalyst_data,,0.933962,,0,0.166667,1,0.833333,,0,no_upcoming,9,neutral,drawdown_data_missing,S,cost_haircut_<=2000bps,financial_score:-30.2;clinical_score:+24.2;smart_money_score:+8.3,tier=C;reason=low_opt+no_catalyst_data;cat_days=NA;strength=missing;decay_w=0.0,v1.3.0,31f399e0,1,,0,,"{""burn_ttm"": 78482000.0, ""cash_total"": 111914000.0, ""dilution_risk"": null, ""has_revenue"": null, ""lead_phase"": null, ""runway_months"": 17.111796335465456, ""stage_bucket"": ""early"", ""surv_score"": ""2.0"", ""tier1_count"": 1}",early|none|pos,-0.1,,-1.2509,979,1,1.0999,-1.2509,1,1,neutral,-0.745,elite_1,0.0,0.0,0.0,,,0.0,0,0,0,True,False,True,missing,0.0,adequate,<=2000bps,1098.2,0.7,1,0,1.0,0,1.0,0,,False,no_upcoming,,,beta_missing:series_too_short,1,,,series_too_short,,no_price_series,,0.8592,-0.433793,,early,small,sev1,drug_developer,morningstar,,,drawdown,1,0.7256330749354005167958656331,50,41.25000000000000000000000000,55.0,50,70.96385542168674698795180723,16.49817384952520087655222791,69.5556,1.0855,1.0,979,1,0.0,0.0001,0,0,0.0,0.3,0.6,cns,-0.459,uncrowded,1.0,248,-0.1,0.066038,-1.506,28.05,0.590566,0.229
BCYC,Bicycle Therapeutics plc,45,0.54,C,low_opt+no_catalyst_data,C,low_opt+no_catalyst_data,,0.869811,,0,0.1,1,0.9,,0,no_upcoming,9,tailwind,,L,sponsor_confirmed|momentum_tailwind|cost_haircut_>2000bps,clinical_score:+18.5;catalyst_score:-15.2;financial_score:-8.5,tier=C;reason=low_opt+no_catalyst_data;cat_days=NA;strength=missing;decay_w=0.0,v1.3.0,31f399e0,1,,0,,"{""burn_ttm"": 230329000.0, ""cash_total"": 648325000.0, ""dilution_risk"": null, ""has_revenue"": null, ""lead_phase"": null, ""runway_months"": 33.777335897781, ""stage_bucket"": ""early"", ""surv_score"": ""5.0"", ""tier1_count"": 2}",early|none|pos,-0.1,,-1.235,626,1,1.2706,-1.235,2,2,neutral,-0.3571,elite_2,0.0,0.0,0.0,,,0.0,0,0,0,True,False,True,missing,0.0,adequate,>2000bps,2020.0,0.55,1,0,1.0,0,1.0,0,,False,no_upcoming,0.004763,price_history,,2,0.6674,price_history,,-0.298822,,34.9441,0.6162,-0.433793,0.134971,early,small,none,drug_developer,morningstar,,,,0,0.7868349891338093759701955914,60.46,41.25000000000000000000000000,57.5,50,74.93975903614457831325301205,47.90560831101371641912182454,73.8815,1.2682,1.0,626,1,0.0,0.0014,0,0,0.0,0.3,0.85,oncology,0.7265,highly_crowded,1.0,231,-0.1,0.130189,-1.1255,50.88,0.967925,1.8511
STRO,"Sutro Biopharma, Inc.",46,0.1,C,low_opt+no_catalyst_data,C,low_opt+no_catalyst_data,,0.979245,,0,0.255556,1,0.744444,,0,no_upcoming,9,headwind,deep_drawdown,XS,sponsor_confirmed|momentum_headwind|runway_short|cost_haircut_<=2000bps,financial_score:-36.7;smart_money_score:+23.3;clinical_score:+22.3,tier=C;reason=low_opt+no_catalyst_data;cat_days=NA;strength=missing;decay_w=0.0,v1.3.0,31f399e0,1,,0,,"{""burn_ttm"": 150796000.0, ""cash_total"": 167594000.0, ""dilution_risk"": null, ""has_revenue"": null, ""lead_phase"": null, ""runway_months"": 13.336746332793973, ""stage_bucket"": ""early"", ""surv_score"": ""2.0"", ""tier1_count"": 3}",early|none|pos,-0.1,,-1.2672,713,1,0.8672,-1.2672,3,3,buying,0.0307,elite_3,0.0,0.0,0.0,,,0.0,0,0,0,True,False,True,missing,0.0,short,<=2000bps,1967.55,0.7,1,0,1.0,0,1.0,0,,False,no_upcoming,-0.257896,price_history,,3,0.7943,price_history,,-0.672676,,31.9264,1.0735,-0.433793,-0.238883,early,small,sev2,drug_developer,morningstar,,,,0,0.7225755097590230073056373351,36.16,41.25000000000000000000000000,66.5,59.52,65.54216867469879518072289157,6.529421313205096988880772665,64.4839,0.8713,1.0,713,3,0.6667,0.0009,0,0,0.0,0.3,0.85,oncology,0.7265,highly_crowded,1.0,260,-0.1,0.020755,-2.0384,14.09,0.183019,-0.9039
CTNM,"Contineum Therapeutics, Inc.",47,0.41,C,low_opt+no_catalyst_data,C,low_opt+no_catalyst_data,,0.888679,,0,0.144444,1,0.855556,,0,no_upcoming,9,neutral,drawdown_data_missing,M,sponsor_confirmed|cost_haircut_<=2000bps,smart_money_score:+20.3;catalyst_score:-18.4;clinical_score:+13.1,tier=C;reason=low_opt+no_catalyst_data;cat_days=NA;strength=missing;decay_w=0.0,v1.3.0,31f399e0,1,,0,,"{""burn_ttm"": 42270000.0, ""cash_total"": 182407000.0, ""dilution_risk"": null, ""has_revenue"": null, ""lead_phase"": null, ""runway_months"": 51.783392476934, ""stage_bucket"": ""early"", ""surv_score"": ""5.0"", ""tier1_count"": 7}",early|none|pos,-0.1,,-0.0699,0,1,1.1775,-0.0699,7,7,buying,1.5823,elite_7,0.0,0.0,0.0,,,0.0,0,0,0,True,False,True,missing,0.0,adequate,<=2000bps,1652.63,0.7,1,0,1.0,0,1.0,0,,False,no_upcoming,,,beta_missing:series_too_short,7,,,series_too_short,,no_price_series,,0.783,-0.433793,,early,small,none,drug_developer,morningstar,,,drawdown,1,0.7312015209125475285171102662,50,41.25000000000000000000000000,80.0,45.24,72.77108433734939759036144578,54.45945945945945945945945946,71.4809,1.1668,1.0,,2,0.3333,0.0,0,0,0.0,0.4,0.6,autoimmune,0.7265,highly_crowded,1.0,236,-0.1,0.111321,-1.2195,44.65,0.869811,1.1255
LBRX,LB Pharmaceuticals Inc,48,0.21,C,low_opt+no_catalyst_data,C,low_opt+no_catalyst_data,,0.922642,,0,0.196296,1,0.803704,,0,no_upcoming,9,neutral,drawdown_data_missing,S,cost_haircut_<=2000bps,catalyst_score:-15.7;clinical_score:+12.9;financial_score:+9.9,tier=C;reason=low_opt+no_catalyst_data;cat_days=NA;strength=missing;decay_w=0.0,v1.3.0,31f399e0,1,,0,,"{""burn_ttm"": 17105000.0, ""cash_total"": 314479000.0, ""dilution_risk"": null, ""has_revenue"": null, ""lead_phase"": null, ""runway_months"": 220.6225080385852, ""stage_bucket"": ""early"", ""surv_score"": ""4.0"", ""tier1_count"": 0}",early|none|pos,-0.1,,-0.0823,0,1,1.0534,-0.0823,0,0,neutral,-1.1329,,0.0,0.0,0.0,,,0.0,0,0,0,True,False,True,missing,0.0,adequate,<=2000bps,1164.84,0.7,1,0,1.0,0,1.0,0,,False,no_upcoming,,,beta_missing:series_too_short,0,,,series_too_short,,no_price_series,,,-0.433793,,early,small,none,drug_developer,morningstar,,,drawdown,1,0.7639655165267847891410216558,50,41.25000000000000000000000000,,50,69.87951807228915662650602409,66.86486486486486486486486487,68.1212,1.0249,1.0,,1,0.0,0.0,0,0,0.0,0.3,0.6,cns,0.7265,highly_crowded,1.0,245,-0.1,0.077358,-1.4231,52.48,0.983019,2.1205
MAZE,"Maze Therapeutics, Inc.",49,0.83,C,low_opt+no_catalyst_data,C,low_opt+no_catalyst_data,,0.937736,,0,0.233333,1,0.766667,,0,no_upcoming,9,neutral,drawdown_data_missing,L,sponsor_confirmed,catalyst_score:-14.6;clinical_score:+10.7;smart_money_score:+10.6,tier=C;reason=low_opt+no_catalyst_data;cat_days=NA;strength=missing;decay_w=0.0,v1.3.0,31f399e0,1,,0,,"{""burn_ttm"": 84210000.0, ""cash_total"": 383935000.0, ""dilution_risk"": null, ""has_revenue"": null, ""lead_phase"": null, ""runway_months"": 54.71107944424653, ""stage_bucket"": ""early"", ""surv_score"": ""5.0"", ""tier1_count"": 3}",early|none|pos,-0.1,,-1.2126,292,1,0.9138,-1.2126,3,3,buying,0.0307,elite_3,0.0,0.0,0.0,,,0.0,0,0,0,True,False,True,missing,0.0,adequate,<=1000bps,700.63,0.85,1,0,1.0,0,1.0,0,,False,no_upcoming,,,beta_missing:series_too_short,3,,,series_too_short,,no_price_series,,0.5761,-0.433793,,early,mid,none,drug_developer,morningstar,,,drawdown,1,0.7230626691651051426191963356,50,41.25000000000000000000000000,66.5,50,66.62650602409638554216867470,55.02409638554216867469879518,65.8491,0.929,1.0,292,1,0.0,0.0219,0,0,0.0,0.6,0.5,other,-0.459,uncrowded,1.0,249,-0.1,0.062264,-1.536,43.61,0.850943,1.0405
MBX,"MBX Biosciences, Inc.",50,0.83,C,low_opt+no_catalyst_data,C,low_opt+no_catalyst_data,,0.941509,,0,0.240741,1,0.759259,,0,no_upcoming,9,neutral,drawdown_data_missing,L,sponsor_confirmed,smart_money_score:+23.9;catalyst_score:-19.9;momentum_score:-11.1,tier=C;reason=low_opt+no_catalyst_data;cat_days=NA;strength=missing;decay_w=0.0,v1.3.0,31f399e0,1,,0,,"{""burn_ttm"": 61648000.0, ""cash_total"": 391673000.0, ""dilution_risk"": null, ""has_revenue"": null, ""lead_phase"": null, ""runway_months"": 76.2405268621853, ""stage_bucket"": ""early"", ""surv_score"": ""5.0"", ""tier1_count"": 8}",early|none|pos,-0.1,,-1.2522,473,1,0.9138,-1.2522,8,8,buying,1.9702,elite_8,0.0,0.0,0.0,,,0.0,0,0,0,True,False,True,missing,0.0,adequate,<=1000bps,642.63,0.85,1,0,1.0,0,1.0,0,,False,no_upcoming,,,beta_missing:series_too_short,8,,,series_too_short,,no_price_series,,0.9974,-0.433793,,early,small,none,drug_developer,morningstar,,,drawdown,1,0.7385901537826401073382185984,50,41.25000000000000000000000000,85,50,66.62650602409638554216867470,62.72972972972972972972972973,65.3852,0.9094,1.0,473,1,0.0,0.0049,0,0,0.0,0.4,0.5,other,0.2523,moderate,1.0,250,-0.1,0.058491,-1.5676,44.79,0.881132,1.1807
RNA,"Avidity Biosciences, Inc.",51,0.59,C,low_opt+no_catalyst_data,C,low_opt+no_catalyst_data,,0.967925,,0,0.27037,1,0.72963,,0,no_upcoming,9,neutral,deep_drawdown,M,sponsor_confirmed|runway_short,financial_score:-42.9;smart_money_score:+36.2;clinical_score:+14.6,tier=C;reason=low_opt+no_catalyst_data;cat_days=NA;strength=missing;decay_w=0.0,v1.3.0,31f399e0,1,,0,,"{""burn_ttm"": 650441000.0, ""cash_total"": 382517000.0, ""dilution_risk"": null, ""has_revenue"": null, ""lead_phase"": null, ""runway_months"": 7.0570643609489565, ""stage_bucket"": ""early"", ""surv_score"": ""-2.0"", ""tier1_count"": 11}",early|none|pos,-0.1,,-1.249,347,1,0.7741,-1.249,11,11,buying,3.1338,elite_11,0.0,0.0,0.0,,,0.0,0,0,0,True,False,True,missing,0.0,short,<=400bps,298.2,1.0,0,0,1.0,0,1.0,0,,False,no_upcoming,-0.026262,price_history,,11,1.2836,price_history,,-0.457621,,45.3931,0.7513,-0.433793,-0.023828,early,mid,sev2,drug_developer,morningstar,,,,0,0.7910680824484697064334790756,48.37,41.25000000000000000000000000,85,50,63.37349397590361445783132530,5.921485137336494572668182772,62.4334,0.7847,1.0,347,2,0.0,0.0139,0,0,0.0,0.4,0.5,other,-0.459,uncrowded,1.0,257,-0.1,0.032075,-1.8511,18.99,0.386792,-0.2877
EYPT,"EyePoint, Inc.",52,0.83,C,low_opt+no_catalyst_data,C,low_opt+no_catalyst_data,,0.096226,,0,0.292593,1,0.707407,,0,no_upcoming,9,tailwind,deep_drawdown,L,sponsor_confirmed|momentum_tailwind|runway_short,financial_score:-43.6;smart_money_score:+22.2;momentum_score:+16.8,tier=C;reason=low_opt+no_catalyst_data;cat_days=NA;strength=missing;decay_w=0.0,v1.3.0,31f399e0,1,,0,,"{""burn_ttm"": 175063000.0, ""cash_total"": 204022000.0, ""dilution_risk"": null, ""has_revenue"": null, ""lead_phase"": null, ""runway_months"": 13.985045383661882, ""stage_bucket"": ""late"", ""surv_score"": ""2.0"", ""tier1_count"": 4}",late|none|nonpos,0.08291288555347091,,0.5105,68,1,0.752,0.5105,4,4,buying,0.4186,elite_4,0.0,0.0,0.0,,,0.0,0,0,0,True,False,True,missing,0.0,short,<=1000bps,660.09,0.85,1,0,1.0,0,1.0,0,,False,no_upcoming,-0.082485,price_history,,4,0.5243,price_history,,-0.378261,,64.3086,0.7147,-0.433793,0.055532,late,small,sev2,drug_developer,morningstar,,,,0,0.9,66.62,41.25000000000000000000000000,72.0,54.27,62.85714285714285714285714286,6.241288625904010519395134781,62.2509,0.777,3.0,404,8,1.0,0.1936,1,0,0.0,0.4,0.55,ophthalmology,0.2523,moderate,1.0,26,0.08291288555347091,0.903774,1.3034,14.75,0.20566,-0.8216
NMRA,"Neumora Therapeutics, Inc.",53,0.1,C,mod_opt+no_catalyst_data,C,mod_opt+no_catalyst_data,,0.828302,,0,0.411111,1,0.588889,,0,no_upcoming,9,neutral,drawdown_data_missing,XS,runway_short|cost_haircut_<=2000bps,financial_score:-27.0;clinical_score:+11.6;smart_money_score:+11.4,tier=C;reason=mod_opt+no_catalyst_data;cat_days=NA;strength=missing;decay_w=0.0,v1.3.0,31f399e0,1,,0,,"{""burn_ttm"": 158485000.0, ""cash_total"": 171525000.0, ""dilution_risk"": null, ""has_revenue"": null, ""lead_phase"": null, ""runway_months"": 11.473010064043915, ""stage_bucket"": ""mid"", ""surv_score"": ""0.0"", ""tier1_count"": 1}",mid|none|nonpos,-0.030147721518987338,,0.0282,35,1,0.4241,0.0282,1,1,neutral,-0.745,elite_1,0.0,0.0,0.0,,,0.0,0,0,0,True,False,True,missing,0.0,short,<=2000bps,1324.22,0.7,1,0,1.0,0,1.0,0,,False,no_upcoming,,,beta_missing:series_too_short,1,,,series_too_short,,no_price_series,,0.9459,-0.433793,,mid,small,sev2,drug_developer,morningstar,,,drawdown,1,0.7153062296459712154638092237,50,41.25000000000000000000000000,55.0,50,55.21739130434782608695652174,16.59000210039907582440663725,55.3053,0.4837,2.0,35,1,0.0,0.747,1,1,0.0,0.4,0.5,other,0.7265,highly_crowded,1.0,220,-0.030147721518987338,0.171698,-0.9475,15.04,0.213208,-0.7953
MLYS,"Mineralys Therapeutics, Inc.",54,0.83,C,mod_opt+no_catalyst_data,C,mod_opt+no_catalyst_data,,0.824528,,0,0.455556,1,0.544444,,0,no_upcoming,9,neutral,drawdown_data_missing,L,sponsor_confirmed,smart_money_score:+28.6;financial_score:-18.3;catalyst_score:-10.1,tier=C;reason=mod_opt+no_catalyst_data;cat_days=NA;strength=missing;decay_w=0.0,v1.3.0,31f399e0,1,,0,,"{""burn_ttm"": 104528000.0, ""cash_total"": 217597000.0, ""dilution_risk"": null, ""has_revenue"": null, ""lead_phase"": null, ""runway_months"": 24.9805219654064, ""stage_bucket"": ""mid"", ""surv_score"": ""5.0"", ""tier1_count"": 7}",mid|none|nonpos,-0.030147721518987338,,-0.6215,187,1,0.3121,-0.6215,7,7,buying,1.5823,elite_7,0.0,0.0,0.0,,,0.0,0,0,0,True,False,True,missing,0.0,adequate,<=1000bps,521.81,0.85,1,0,1.0,0,1.0,0,,False,no_upcoming,,,beta_missing:series_too_short,7,,,series_too_short,,no_price_series,,0.6287,-0.433793,,mid,mid,none,drug_developer,morningstar,,,drawdown,1,0.7538642380599385788414698719,50,41.25000000000000000000000000,80.0,50,52.60869565217391304347826087,33.11599453896240285654274312,52.1216,0.3493,2.0,187,1,0.0,0.2105,0,0,0.0,0.4,0.85,cardiovascular,0.7265,highly_crowded,1.0,219,-0.030147721518987338,0.175472,-0.9328,33.99,0.692453,0.5028
NTLA,"Intellia Therapeutics, Inc.",55,0.12,C,mod_opt+no_catalyst_data,C,mod_opt+no_catalyst_data,,0.703774,,0,0.359259,1,0.640741,,0,no_upcoming,9,headwind,high_vol|deep_drawdown,XS,momentum_headwind|high_risk,financial_score:-17.6;clinical_score:+15.4;smart_money_score:+12.0,tier=C;reason=mod_opt+no_catalyst_data;cat_days=NA;strength=missing;decay_w=0.0,v1.3.0,31f399e0,1,,0,,"{""burn_ttm"": 325451000.0, ""cash_total"": 511044000.0, ""dilution_risk"": null, ""has_revenue"": null, ""lead_phase"": null, ""runway_months"": 18.843168403231207, ""stage_bucket"": ""early"", ""surv_score"": ""3.0"", ""tier1_count"": 1}",early|none|nonpos,-0.015227360946745564,,-1.0522,139,1,0.5569,-1.0522,1,1,neutral,-0.745,elite_1,0.0,0.0,0.0,,,0.0,0,0,0,True,False,True,missing,0.0,adequate,<=1000bps,404.59,0.85,1,0,1.0,0,1.0,0,,False,no_upcoming,-0.01827,price_history,,1,1.5749,price_history,,-0.632085,,34.2511,1.2984,-0.433793,-0.198292,early,small,sev1,drug_developer,morningstar,,,,0,0.7256705189707806367204535543,34.87,41.25000000000000000000000000,55.0,60.19,58.31325301204819277108433735,25.31758785812839866893920948,57.255,0.566,1.0,139,3,0.6667,0.0789,0,0,0.0,0.3,0.85,oncology,0.7265,highly_crowded,1.0,187,-0.015227360946745564,0.296226,-0.5353,28.19,0.598113,0.2485
ERAS,"Erasca, Inc.",56,0.59,C,mod_opt+no_catalyst_data,C,mod_opt+no_catalyst_data,,0.658491,,0,0.314815,1,0.685185,,0,no_upcoming,9,neutral,high_vol|deep_drawdown,M,sponsor_confirmed|high_risk,financial_score:-17.5;smart_money_score:+16.2;clinical_score:+10.2,tier=C;reason=mod_opt+no_catalyst_data;cat_days=NA;strength=missing;decay_w=0.0,v1.3.0,31f399e0,1,,0,,"{""burn_ttm"": 73744000.0, ""cash_total"": 288400000.0, ""dilution_risk"": null, ""has_revenue"": null, ""lead_phase"": null, ""runway_months"": 46.92991972228249, ""stage_bucket"": ""early"", ""surv_score"": ""3.0"", ""tier1_count"": 3}",early|none|nonpos,-0.015227360946745564,,-1.2744,419,1,0.65,-1.2744,3,3,buying,0.0307,elite_3,0.0,0.0,0.0,,,0.0,0,0,0,True,False,True,missing,0.0,adequate,<=400bps,374.33,1.0,0,0,1.0,0,1.0,0,,False,no_upcoming,0.060328,price_history,,3,0.9187,price_history,,-0.536154,,42.956,1.2457,-0.433793,-0.102361,early,mid,none,drug_developer,morningstar,,,,0,0.7635127949484878697241608508,50.46,41.25000000000000000000000000,66.5,11.90,60.48192771084337349397590361,32.80737407461169981129336624,59.4236,0.6576,1.0,419,4,1.0,0.0076,0,0,0.0,0.3,0.85,oncology,0.7265,highly_crowded,1.0,175,-0.015227360946745564,0.341509,-0.4083,34.89,0.718868,0.5795
OABI,"OmniAb, Inc.",57,0.16,C,mod_opt+no_catalyst_data,C,mod_opt+no_catalyst_data,,0.711321,,0,0.396296,1,0.603704,,0,no_upcoming,9,tailwind,drawdown_data_missing,S,momentum_tailwind|runway_short|cost_haircut_>2000bps,financial_score:-36.9;momentum_score:+23.4;clinical_score:+14.2,tier=C;reason=mod_opt+no_catalyst_data;cat_days=NA;strength=missing;decay_w=0.0,v1.3.0,31f399e0,1,,0,,"{""burn_ttm"": 30781000.0, ""cash_total"": 28537000.0, ""dilution_risk"": null, ""has_revenue"": null, ""lead_phase"": null, ""runway_months"": 11.125174620707579, ""stage_bucket"": ""early"", ""surv_score"": ""-1.0"", ""tier1_count"": 0}",early|none|nonpos,-0.015227360946745564,,-1.4153,,0,0.4639,-1.4153,0,0,neutral,-1.1329,,0.0,0.0,0.0,,,0.0,0,0,0,True,False,True,missing,0.0,short,>2000bps,2036.0,0.55,1,0,1.0,0,1.0,0,,False,no_upcoming,0.000596,price_history,,0,0.0022,price_history,,,series_too_short,58.9661,0.5798,-0.433793,,early,micro,sev2,drug_developer,morningstar,,,drawdown,1,0.7807999896992171405026782035,65.34,41.25000000000000000000000000,,50,56.14457831325301204819277109,5,54.6672,0.4568,0.0,,1,0.0,0.0,0,0,0.0,0.0,0.5,other,-2.5929,uncrowded,1.0,189,-0.015227360946745564,0.288679,-0.5572,12.60,0.15283,-1.0244
RVMD,"Revolution Medicines, Inc.",58,0.59,C,mod_opt+no_catalyst_data,C,mod_opt+no_catalyst_data,,0.84717,,0,0.574074,1,0.425926,,0,no_upcoming,9,headwind,deep_drawdown,M,sponsor_confirmed|momentum_headwind,smart_money_score:+25.1;catalyst_score:-10.7;clinical_score:-9.5,tier=C;reason=mod_opt+no_catalyst_data;cat_days=NA;strength=missing;decay_w=0.0,v1.3.0,31f399e0,1,,0,,"{""burn_ttm"": 897741000.0, ""cash_total"": 2025679000.0, ""dilution_risk"": null, ""has_revenue"": null, ""lead_phase"": null, ""runway_months"": 27.077016645112565, ""stage_bucket"": ""mid"", ""surv_score"": ""5.0"", ""tier1_count"": 8}",mid|none|nonpos,-0.030147721518987338,,-0.7683,392,1,-0.1277,-0.7683,8,8,buying,1.9702,elite_8,0.0,0.0,0.0,,,0.0,0,0,0,True,False,True,missing,0.0,adequate,<=400bps,174.63,1.0,0,0,1.0,0,1.0,0,,False,no_upcoming,-0.040616,price_history,,8,1.2061,price_history,,-0.650585,,32.8545,0.4254,-0.433793,-0.216792,mid,large,none,drug_developer,morningstar,,,,0,0.8553846190250828206341694274,44.52,41.25000000000000000000000000,77.0,10.00,42.36294896030245746691871456,54.36956521739130434782608696,41.3046,-0.1075,2.0,852,4,1.0,0.0111,0,0,0.0,0.3,0.95,oncology,0.7265,highly_crowded,1.0,225,-0.030147721518987338,0.15283,-1.0244,32.22,0.650943,0.3879
AARD,"Aardvark Therapeutics, Inc.",59,0.16,C,low_opt+no_catalyst_data,C,low_opt+no_catalyst_data,,0.5,,0,0.181481,1,0.818519,,0,no_upcoming,9,neutral,drawdown_data_missing,S,cost_haircut_>2000bps,catalyst_score:-15.1;clinical_score:+14.5;financial_score:+6.9,tier=C;reason=low_opt+no_catalyst_data;cat_days=NA;strength=missing;decay_w=0.0,v1.3.0,31f399e0,1,,0,,"{""burn_ttm"": 37362000.0, ""cash_total"": 126350000.0, ""dilution_risk"": null, ""has_revenue"": null, ""lead_phase"": null, ""runway_months"": 40.581339328729726, ""stage_bucket"": ""mid"", ""surv_score"": ""5.0"", ""tier1_count"": 0}",mid|none|pos,0.014662131736526944,,-0.6742,250,1,1.0959,-0.6742,0,0,neutral,-1.1329,,0.0,0.0,0.0,,,0.0,0,0,0,True,False,True,missing,0.0,adequate,>2000bps,2020.0,0.55,1,0,1.0,0,1.0,0,,False,no_upcoming,,,beta_missing:series_too_short,0,,,series_too_short,,no_price_series,,0.9146,-0.433793,,mid,micro,none,drug_developer,morningstar,,,drawdown,1,0.7382386050104844939852113453,50,41.25000000000000000000000000,,65.15,70.86956521739130434782608696,63.23913043478260869565217391,69.9992,1.1042,2.0,250,3,0.6667,0.1857,0,0,0.0,0.4,0.55,metabolic,-0.459,uncrowded,1.0,133,0.014662131736526944,0.5,0.0,42.36,0.839623,0.9929
AURA,"Aura Biosciences, Inc.",60,0.32,C,mod_opt+no_catalyst_data,C,mod_opt+no_catalyst_data,,0.783019,,0,0.52963,1,0.47037,,0,no_upcoming,9,tailwind,drawdown_data_missing,M,sponsor_confirmed|momentum_tailwind|runway_short|cost_haircut_>2000bps,financial_score:-32.1;momentum_score:+27.7;smart_money_score:+6.6,tier=C;reason=mod_opt+no_catalyst_data;cat_days=NA;strength=missing;decay_w=0.0,v1.3.0,31f399e0,1,,0,,"{""burn_ttm"": 64273000.0, ""cash_total"": 47553000.0, ""dilution_risk"": null, ""has_revenue"": null, ""lead_phase"": null, ""runway_months"": 8.878315933595756, ""stage_bucket"": ""mid"", ""surv_score"": ""-2.0"", ""tier1_count"": 2}",mid|none|nonpos,-0.030147721518987338,,-0.7773,780,1,0.089,-0.7773,2,2,selling,-0.3571,elite_2,0.0,0.0,0.0,,,0.0,0,0,0,True,False,True,missing,0.0,short,>2000bps,2020.0,0.55,1,0,1.0,0,1.0,0,,False,no_upcoming,0.32484,price_history,,2,0.4259,price_history,,,series_too_short,52.3836,0.5411,-0.433793,,mid,small,sev2,drug_developer,morningstar,,,drawdown,1,0.8032851818590031432420296363,73.09,41.25000000000000000000000000,52.0,53.03,47.41230833858433102289434993,13.25141776937618147448015123,45.654,0.0761,2.0,780,3,0.6667,0.0015,0,0,0.0,0.3,0.55,ophthalmology,0.7265,highly_crowded,1.0,208,-0.030147721518987338,0.216981,-0.7824,9.75,0.084906,-1.3728
NUVL,"Nuvalent, Inc.",61,0.5,C,mod_opt+no_catalyst_data,C,mod_opt+no_catalyst_data,,0.707547,,0,0.477778,1,0.522222,,0,no_upcoming,9,headwind,deep_drawdown,M,sponsor_confirmed|momentum_headwind,smart_money_score:+20.0;catalyst_score:-12.7;momentum_score:-8.2,tier=C;reason=mod_opt+no_catalyst_data;cat_days=NA;strength=missing;decay_w=0.0,v1.3.0,31f399e0,1,,0,,"{""burn_ttm"": 275209000.0, ""cash_total"": 1371952000.0, ""dilution_risk"": null, ""has_revenue"": null, ""lead_phase"": null, ""runway_months"": 59.82153199931688, ""stage_bucket"": ""early"", ""surv_score"": ""5.0"", ""tier1_count"": 5}",early|none|nonpos,-0.015227360946745564,,-1.3324,2128,1,0.2622,-1.3324,5,5,buying,0.8065,elite_5,0.0,0.0,0.0,,,0.0,0,0,0,True,False,True,missing,0.0,adequate,<=1000bps,435.14,0.85,1,0,1.0,0,1.0,0,,False,no_upcoming,0.052755,price_history,,5,0.9868,price_history,,-0.606258,,45.7116,0.5143,-0.433793,-0.172465,early,mid,none,drug_developer,morningstar,,,,0,0.8090481659024593580658607753,45.76,41.25000000000000000000000000,74.0,50,51.44578313253012048192771084,57.48192771084337349397590361,50.3875,0.276,1.0,2128,1,0.0,0.0,0,0,0.0,0.3,0.85,oncology,0.7265,highly_crowded,1.0,188,-0.015227360946745564,0.292453,-0.5462,43.68,0.854717,1.0569
BCAX,Bicara Therapeutics Inc.,62,0.41,C,mod_opt+no_catalyst_data,C,mod_opt+no_catalyst_data,,0.624528,,0,0.418519,1,0.581481,,0,no_upcoming,9,neutral,drawdown_data_missing,M,sponsor_confirmed|cost_haircut_<=2000bps,smart_money_score:+16.0;catalyst_score:-14.2;momentum_score:-5.5,tier=C;reason=mod_opt+no_catalyst_data;cat_days=NA;strength=missing;decay_w=0.0,v1.3.0,31f399e0,1,,0,,"{""burn_ttm"": 82948000.0, ""cash_total"": 290167000.0, ""dilution_risk"": null, ""has_revenue"": null, ""lead_phase"": null, ""runway_months"": 41.9781549886676, ""stage_bucket"": ""early"", ""surv_score"": ""5.0"", ""tier1_count"": 4}",early|none|nonpos,-0.015227360946745564,,-1.3131,1763,1,0.4018,-1.3131,4,4,buying,0.4186,elite_4,0.0,0.0,0.0,,,0.0,0,0,0,True,False,True,missing,0.0,adequate,<=2000bps,1066.54,0.7,1,0,1.0,0,1.0,0,,False,no_upcoming,,,beta_missing:series_too_short,4,,,series_too_short,,no_price_series,,0.6287,-0.433793,,early,small,none,drug_developer,morningstar,,,drawdown,1,0.7275480669836675625387636965,50,41.25000000000000000000000000,71.5,50,54.69879518072289156626506024,59.97297297297297297297297297,53.6405,0.4134,1.0,1763,1,0.0,0.0,0,0,0.0,0.3,0.85,oncology,0.7265,highly_crowded,1.0,166,-0.015227360946745564,0.375472,-0.3174,40.02,0.80566,0.862
PYXS,"Pyxis Oncology, Inc.",63,0.08,C,mod_opt+no_catalyst_data,C,mod_opt+no_catalyst_data,,0.737736,,0,0.566667,1,0.433333,,0,no_upcoming,9,headwind,high_vol|drawdown_data_missing,XS,sponsor_confirmed|momentum_headwind|high_risk|cost_haircut_>2000bps,smart_money_score:+24.9;financial_score:-15.1;momentum_score:-11.6,tier=C;reason=mod_opt+no_catalyst_data;cat_days=NA;strength=missing;decay_w=0.0,v1.3.0,31f399e0,1,,0,,"{""burn_ttm"": 53075000.0, ""cash_total"": 76256000.0, ""dilution_risk"": null, ""has_revenue"": null, ""lead_phase"": null, ""runway_months"": 17.24111163447951, ""stage_bucket"": ""early"", ""surv_score"": ""1.0"", ""tier1_count"": 3}",early|none|nonpos,-0.015227360946745564,,-1.3396,575,1,-0.0735,-1.3396,3,3,buying,0.0307,elite_3,0.0,0.0,0.0,,,0.0,0,0,0,True,False,True,missing,0.0,adequate,>2000bps,2020.0,0.55,1,0,1.0,0,1.0,0,,False,no_upcoming,-0.209678,price_history,,3,1.2757,price_history,,,series_too_short,26.4305,1.6279,-0.433793,,early,micro,sev1,drug_developer,morningstar,,,drawdown,1,0.7246519995887735170144957335,30.00,41.25000000000000000000000000,66.5,50,43.62461895775874582668021484,26.43083176077805196690375961,42.5663,-0.0543,1.0,575,2,0.3333,0.0021,0,0,0.0,0.3,0.85,oncology,0.7265,highly_crowded,1.0,196,-0.015227360946745564,0.262264,-0.6364,21.26,0.454717,-0.1138
CCCC,"C4 Therapeutics, Inc.",64,0.1,C,mod_opt+no_catalyst_data,C,mod_opt+no_catalyst_data,,0.643396,,0,0.47037,1,0.52963,,0,no_upcoming,9,headwind,deep_drawdown,XS,sponsor_confirmed|momentum_headwind|runway_short|cost_haircut_<=2000bps,financial_score:-33.2;smart_money_score:+24.9;clinical_score:+9.8,tier=C;reason=mod_opt+no_catalyst_data;cat_days=NA;strength=missing;decay_w=0.0,v1.3.0,31f399e0,1,,0,,"{""burn_ttm"": 98694000.0, ""cash_total"": 74603000.0, ""dilution_risk"": null, ""has_revenue"": null, ""lead_phase"": null, ""runway_months"": 9.070824974162564, ""stage_bucket"": ""early"", ""surv_score"": ""0.0"", ""tier1_count"": 3}",early|none|nonpos,-0.015227360946745564,,-1.3324,1398,1,0.2622,-1.3324,3,3,buying,0.0307,elite_3,0.0,0.0,0.0,,,0.0,0,0,0,True,False,True,missing,0.0,short,<=2000bps,1461.59,0.7,1,0,1.0,0,1.0,0,,False,no_upcoming,-0.043975,price_history,,3,1.3703,price_history,,-0.573861,,40.8437,0.7106,-0.433793,-0.140068,early,micro,sev2,drug_developer,morningstar,,,,0,0.7246493933785728973884433477,40.54,41.25000000000000000000000000,66.5,50,51.44578313253012048192771084,8.452524959274850405638618740,50.3875,0.276,1.0,1398,1,0.0,0.0,0,0,0.0,0.3,0.85,oncology,0.7265,highly_crowded,1.0,171,-0.015227360946745564,0.356604,-0.3676,12.63,0.156604,-1.0085
ACRS,"Aclaris Therapeutics, Inc.",65,0.21,C,low_opt+no_catalyst_data,C,low_opt+no_catalyst_data,,0.258491,,0,0.07037,1,0.92963,,0,no_upcoming,9,tailwind,high_vol|deep_drawdown,S,sponsor_confirmed|momentum_tailwind|runway_short|high_risk|cost_haircut_<=2000bps,financial_score:-48.1;momentum_score:+25.8;clinical_score:+23.7,tier=C;reason=low_opt+no_catalyst_data;cat_days=NA;strength=missing;decay_w=0.0,v1.3.0,31f399e0,1,,0,,"{""burn_ttm"": 33982000.0, ""cash_total"": 25256000.0, ""dilution_risk"": null, ""has_revenue"": null, ""lead_phase"": null, ""runway_months"": 8.918603966805955, ""stage_bucket"": ""late"", ""surv_score"": ""-2.0"", ""tier1_count"": 3}",late|none|pos,0.02625640425531915,,0.0316,294,1,1.3523,0.0316,3,3,buying,0.0307,elite_3,0.0,0.0,0.0,,,0.0,0,0,0,True,False,True,missing,0.0,short,<=2000bps,1385.71,0.7,1,0,1.0,0,1.0,0,,False,no_upcoming,0.469744,price_history,,3,1.0116,price_history,,-0.465878,,69.9147,1.5686,-0.433793,-0.032085,late,small,sev2,drug_developer,morningstar,,,,0,0.8552912560808282399900212049,78.95,41.25000000000000000000000000,63.5,90.00,76.84210526315789473684210527,5,76.0647,1.3604,3.0,,13,1.0,0.0863,0,0,0.0,0.7,0.5,dermatology,-0.459,uncrowded,1.0,69,0.02625640425531915,0.741509,0.648,10.52,0.096226,-1.3034
ACLX,"Arcellx, Inc.",66,0.98,C,mod_opt+no_catalyst_data,C,mod_opt+no_catalyst_data,,0.609434,,0,0.5,1,0.5,,0,no_upcoming,9,neutral,drawdown_data_missing,L,sponsor_confirmed,smart_money_score:+30.9;financial_score:-24.7;catalyst_score:-7.9,tier=C;reason=mod_opt+no_catalyst_data;cat_days=NA;strength=missing;decay_w=0.0,v1.3.0,31f399e0,1,,0,,"{""burn_ttm"": 152083000.0, ""cash_total"": 461383000.0, ""dilution_risk"": null, ""has_revenue"": null, ""lead_phase"": null, ""runway_months"": 36.40509458650868, ""stage_bucket"": ""early"", ""surv_score"": ""5.0"", ""tier1_count"": 7}",early|none|nonpos,-0.015227360946745564,,-1.3346,944,1,0.2001,-1.3346,7,7,buying,1.5823,elite_7,0.0,0.0,0.0,,,0.0,0,0,0,True,False,True,missing,0.0,adequate,<=400bps,207.9,1.0,0,0,1.0,0,1.0,0,,False,no_upcoming,,,beta_missing:insufficient_overlap,7,,,insufficient_overlap,,series_too_short,54.5773,0.5575,-0.433793,,early,mid,none,drug_developer,morningstar,,,drawdown,1,0.8020826998961578400830737279,50,41.25000000000000000000000000,80.0,50,50,24.37989709843389622748020193,48.9417,0.215,1.0,944,1,0.0,0.0001,0,0,0.0,0.3,0.85,oncology,0.7265,highly_crowded,1.0,162,-0.015227360946745564,0.390566,-0.2778,35.21,0.730189,0.6134
FHTX,Foghorn Therapeutics Inc.,67,0.16,C,mod_opt+no_catalyst_data,C,mod_opt+no_catalyst_data,,0.666038,,0,0.596296,1,0.403704,,0,no_upcoming,9,neutral,deep_drawdown,S,cost_haircut_>2000bps,financial_score:-25.1;smart_money_score:+13.0;momentum_score:+9.1,tier=C;reason=mod_opt+no_catalyst_data;cat_days=NA;strength=missing;decay_w=0.0,v1.3.0,31f399e0,1,,0,,"{""burn_ttm"": 63828000.0, ""cash_total"": 89334000.0, ""dilution_risk"": null, ""has_revenue"": null, ""lead_phase"": null, ""runway_months"": 16.795262267343485, ""stage_bucket"": ""early"", ""surv_score"": ""2.0"", ""tier1_count"": 1}",early|none|nonpos,-0.015227360946745564,,-1.3506,636,1,-0.1916,-1.3506,1,1,neutral,-0.745,elite_1,0.0,0.0,0.0,,,0.0,0,0,0,True,False,True,missing,0.0,adequate,>2000bps,2036.0,0.55,1,0,1.0,0,1.0,0,,False,no_upcoming,0.093956,price_history,,1,0.977,price_history,,-0.606471,,25.0177,0.9327,-0.433793,-0.172678,early,small,sev1,drug_developer,morningstar,,,,0,0.7395520635957748012632037461,48.61,41.25000000000000000000000000,52.5,64.29,40.87498588732439799358074870,14.41059978897816735654573492,39.8167,-0.1704,1.0,636,3,0.6667,0.0025,0,0,0.0,0.3,0.85,oncology,0.7265,highly_crowded,1.0,177,-0.015227360946745564,0.333962,-0.429,19.14,0.398113,-0.2582
ARTV,"Artiva Biotherapeutics, Inc.",68,0.41,C,mod_opt+no_catalyst_data,C,mod_opt+no_catalyst_data,,0.616981,,0,0.522222,1,0.477778,,0,no_upcoming,9,neutral,drawdown_data_missing,M,sponsor_confirmed|cost_haircut_<=2000bps,financial_score:-15.3;smart_money_score:+14.1;catalyst_score:-4.7,tier=C;reason=mod_opt+no_catalyst_data;cat_days=NA;strength=missing;decay_w=0.0,v1.3.0,31f399e0,1,,0,,"{""burn_ttm"": 62025000.0, ""cash_total"": 122968000.0, ""dilution_risk"": null, ""has_revenue"": null, ""lead_phase"": null, ""runway_months"": 23.790665054413545, ""stage_bucket"": ""early"", ""surv_score"": ""4.0"", ""tier1_count"": 2}",early|none|nonpos,-0.015227360946745564,,-1.3368,911,1,0.1076,-1.3368,2,2,neutral,-0.3571,elite_2,0.0,0.0,0.0,,,0.0,0,0,0,True,False,True,missing,0.0,adequate,<=2000bps,1301.68,0.7,1,0,1.0,0,1.0,0,,False,no_upcoming,,,beta_missing:series_too_short,2,,,series_too_short,,no_price_series,,,-0.433793,,early,micro,sev1,drug_developer,morningstar,,,drawdown,1,0.7385926609266092660926609266,50,41.25000000000000000000000000,60.0,50,47.84584119610974016548120192,30.64457024886695375881034178,46.7875,0.124,1.0,911,1,0.0,0.0001,0,0,0.0,0.3,0.85,oncology,0.7265,highly_crowded,1.0,164,-0.015227360946745564,0.383019,-0.2976,22.78,0.5,0.0
VYGR,"Voyager Therapeutics, Inc.",69,0.54,C,low_opt,C,low_opt,,0.001887,,0,0.159259,1,0.840741,1032,0,specific_days,9,tailwind,deep_drawdown,L,catalyst_far_lift|momentum_tailwind|cost_haircut_>2000bps,momentum_score:+21.0;catalyst_score:-14.3;clinical_score:+12.2,tier=C;reason=low_opt;cat_days=1032;strength=far;decay_w=0.3,v1.3.0,31f399e0,1,,0,,"{""burn_ttm"": 102204000.0, ""cash_total"": 208930000.0, ""dilution_risk"": null, ""has_revenue"": null, ""lead_phase"": null, ""runway_months"": 24.530938123752495, ""stage_bucket"": ""early"", ""surv_score"": ""5.0"", ""tier1_count"": 1}",early|far_271_540|pos,0.1,,-0.0777,0,1,1.1465,-0.0777,1,1,selling,-0.745,elite_1,0.0,0.0,0.0,,,0.0,0,0,0,True,False,True,far,0.3,adequate,>2000bps,2020.0,0.55,1,0,1.0,0,1.0,0,1032,False,specific_days,0.459872,price_history,,1,0.8369,price_history,,-0.366438,,58.3323,0.56,-0.433793,0.067355,early,micro,none,drug_developer,morningstar,,,,0,0.8078255776807581727185603237,80.80,45.56250000000000000000000000,49.5,78.57,72.04819277108433734939759036,51.33734939759036144578313253,70.7581,1.1363,1.0,971,5,1.0,0.0001,0,0,0.0,0.4,0.6,cns,0.7265,highly_crowded,1.0,1,0.1,0.998113,2.8965,49.12,0.949057,1.6358
REGN,"Regeneron Pharmaceuticals, Inc.",70,0.98,C,mod_quality+catalyst_far,,,C,0.598113,0.742308,1,,0,,218,0,specific_days,9,tailwind,,L,catalyst_far_lift|sponsor_confirmed|momentum_tailwind,catalyst_score:-16.2;clinical_score:+9.2;momentum_score:+5.3,tier=;reason=;cat_days=218;strength=far;decay_w=0.3,v1.3.0,31f399e0,1,,0,,"{""burn_ttm"": 0.0, ""cash_total"": 8605200000.0, ""dilution_risk"": null, ""has_revenue"": null, ""lead_phase"": null, ""runway_months"": null, ""stage_bucket"": ""late"", ""surv_score"": ""4.0"", ""tier1_count"": 4}",late|near_181_270|pos,0.0018974117647058825,58.507654,1.1459,0,1,1.1839,1.1459,4,4,buying,0.4186,elite_4,0.0,0.0,0.0,,,0.0,0,0,0,True,False,True,far,0.3,adequate,<=400bps,128.53,1.0,0,0,1.0,0,1.0,0,218,False,specific_days,-0.015833,price_history,,4,0.0269,price_history,,-0.088919,,51.3921,0.388,-0.433793,0.344874,late,large,none,commercial_biotech,morningstar,,,,0,0.9,67.04,45.56250000000000000000000000,66.0,52.68,70.97744360902255639097744361,59.24812030075187969924812030,72.3729,1.2045,3.0,34,265,1.0,6.3598,11,19,0.0019,0.6,0.95,oncology,0.7265,highly_crowded,1.0,159,0.0018974117647058825,0.401887,-0.2485,46.99,0.930189,1.4772
VRTX,Vertex Pharmaceuticals Incorporated,71,0.98,C,low_quality,,,C,0.496226,0.573077,1,,0,,972,0,specific_days,9,tailwind,,L,catalyst_far_lift|sponsor_confirmed|momentum_tailwind,catalyst_score:-18.3;momentum_score:+16.6;clinical_score:+12.5,tier=;reason=;cat_days=972;strength=far;decay_w=0.3,v1.3.0,31f399e0,1,,0,,"{""burn_ttm"": 0.0, ""cash_total"": 6608100000.0, ""dilution_risk"": null, ""has_revenue"": null, ""lead_phase"": null, ""runway_months"": null, ""stage_bucket"": ""late"", ""surv_score"": ""3.0"", ""tier1_count"": 3}",late|far_271_540|pos,0.018859409836065575,49.567064,1.1526,0,1,1.4196,1.1526,3,3,buying,0.0307,elite_3,0.0,0.0,0.0,,,0.0,0,0,0,True,False,True,far,0.3,adequate,<=400bps,123.8,1.0,0,0,1.0,0,1.0,0,972,False,specific_days,0.216706,price_history,,3,0.1986,price_history,,-0.0588,,59.6565,0.2519,-0.433793,0.374993,late,large,none,commercial_biotech,morningstar,,,,0,0.9,80.42,45.56250000000000000000000000,63.0,26.45,76.39097744360902255639097745,53.83458646616541353383458646,77.5683,1.4239,3.0,91,66,1.0,3.688,1,5,0.0,0.9,0.95,oncology,0.7265,highly_crowded,1.0,132,0.018859409836065575,0.503774,0.0095,49.34,0.95283,1.6729
VNDA,Vanda Pharmaceuticals Inc.,72,0.25,C,low_quality+no_catalyst_data,,,C,0.473585,0.519231,1,,0,,,0,no_upcoming,9,neutral,deep_drawdown,S,runway_short,financial_score:-32.1;clinical_score:+30.2;smart_money_score:+5.7,tier=;reason=;cat_days=NA;strength=missing;decay_w=0.0,v1.3.0,31f399e0,1,,0,,"{""burn_ttm"": 109442000.0, ""cash_total"": 84851000.0, ""dilution_risk"": null, ""has_revenue"": null, ""lead_phase"": null, ""runway_months"": 9.303667696131285, ""stage_bucket"": ""late"", ""surv_score"": ""-3.0"", ""tier1_count"": 1}",late|none|pos,0.02625640425531915,47.780086,1.1526,0,1,1.4461,1.1526,1,1,neutral,-0.745,elite_1,0.0,0.0,0.0,,,0.0,0,0,0,True,False,True,missing,0.0,short,<=1000bps,634.63,0.85,1,0,1.0,0,1.0,0,,False,no_upcoming,-0.175707,price_history,,1,0.5808,price_history,,-0.496048,,26.8599,1.0382,-0.433793,-0.062255,late,small,sev2,commercial_biotech,morningstar,,,,0,0.8839970836435840158848349466,48.44,41.25000000000000000000000000,52.5,90.00,77.000,14.64907955292570677186061802,77.3634,1.4152,3.0,179,36,1.0,1.8554,1,3,0.0,0.4,0.6,cns,0.2523,moderate,1.0,126,0.02625640425531915,0.526415,0.0663,15.48,0.224528,-0.757
RYTM,"Rhythm Pharmaceuticals, Inc.",73,0.98,C,mod_quality+no_catalyst_data,,,C,0.443396,0.611538,1,,0,,,0,no_upcoming,9,tailwind,deep_drawdown,L,sponsor_confirmed|momentum_tailwind,catalyst_score:-21.7;clinical_score:+14.1;smart_money_score:+14.1,tier=;reason=;cat_days=NA;strength=missing;decay_w=0.0,v1.3.0,31f399e0,1,,0,,"{""burn_ttm"": 90286000.0, ""cash_total"": 416052000.0, ""dilution_risk"": null, ""has_revenue"": null, ""lead_phase"": null, ""runway_months"": 54.55942228030924, ""stage_bucket"": ""late"", ""surv_score"": ""4.0"", ""tier1_count"": 9}",late|none|pos,0.02625640425531915,50.872184,1.1526,0,1,1.4461,1.1526,9,9,buying,2.358,elite_9,0.0,0.0,0.0,,,0.0,0,0,0,True,False,True,missing,0.0,adequate,<=400bps,378.27,1.0,0,0,1.0,0,1.0,0,,False,no_upcoming,0.212394,price_history,,9,0.9951,price_history,,-0.653199,,61.7519,0.4754,-0.433793,-0.219406,late,mid,none,commercial_biotech,morningstar,,,,0,0.9,65.81,41.25000000000000000000000000,77.0,38.89,77.000,53.55263157894736842105263158,76.0919,1.3615,3.0,518,17,1.0,0.4183,0,1,0.0,0.4,0.55,metabolic,0.7265,highly_crowded,1.0,118,0.02625640425531915,0.556604,0.1424,47.73,0.933962,1.506
TECH,Bio-Techne Corporation,74,0.98,C,low_quality,,,C,0.492453,0.173077,1,,0,,454,0,specific_days,9,tailwind,,L,catalyst_far_lift|momentum_tailwind,financial_score:-32.8;clinical_score:+19.4;momentum_score:+11.1,tier=;reason=;cat_days=454;strength=far;decay_w=0.3,v1.3.0,31f399e0,1,,0,,"{""burn_ttm"": 0.0, ""cash_total"": 172879000.0, ""dilution_risk"": null, ""has_revenue"": null, ""lead_phase"": null, ""runway_months"": null, ""stage_bucket"": ""late"", ""surv_score"": ""3.0"", ""tier1_count"": 1}",late|far_271_540|pos,0.018859409836065575,33.806828,1.1437,0,1,1.0857,1.1437,1,1,buying,-0.745,elite_1,0.0,0.0,0.0,,,0.0,0,0,0,True,False,True,far,0.3,adequate,<=400bps,284.71,1.0,0,0,1.0,0,1.0,0,454,False,specific_days,0.038375,price_history,,1,0.5718,price_history,,-0.223998,,52.5846,0.3925,-0.433793,0.209795,late,mid,none,commercial_biotech,morningstar,,,,0,0.9,60.46,45.56250000000000000000000000,55.5,40.78,68.72180451127819548872180451,16.53739612188365650969529086,70.5746,1.1285,3.0,39,655,1.0,5.2967,6,10,0.0047,0.7,0.95,oncology,-0.459,uncrowded,1.0,131,0.018859409836065575,0.507547,0.0189,34.79,0.715094,0.5683
SUPN,"Supernus Pharmaceuticals, Inc.",75,0.83,C,low_quality+no_catalyst_data,,,C,0.454717,0.065385,1,,0,,,0,no_upcoming,9,tailwind,,L,sponsor_confirmed|momentum_tailwind,financial_score:-30.7;momentum_score:+19.7;clinical_score:+19.2,tier=;reason=;cat_days=NA;strength=missing;decay_w=0.0,v1.3.0,31f399e0,1,,0,,"{""burn_ttm"": 0.0, ""cash_total"": 151371000.0, ""dilution_risk"": null, ""has_revenue"": null, ""lead_phase"": null, ""runway_months"": null, ""stage_bucket"": ""late"", ""surv_score"": ""1.0"", ""tier1_count"": 2}",late|none|pos,0.02625640425531915,29.507515,1.1466,0,1,0.9752,1.1466,2,2,neutral,-0.3571,elite_2,0.0,0.0,0.0,,,0.0,0,0,0,True,False,True,missing,0.0,adequate,<=1000bps,505.15,0.85,1,0,1.0,0,1.0,0,,False,no_upcoming,0.081997,price_history,,2,0.39,price_history,,-0.116306,,46.9383,0.4534,-0.433793,0.317487,late,mid,none,commercial_pharma,morningstar,,,,0,0.9,71.97,41.25000000000000000000000000,55.0,15.54,71.42857142857142857142857143,21.49892274546014158202523854,71.8884,1.184,3.0,132,34,1.0,1.4755,2,2,0.0,0.4,0.6,cns,0.7265,highly_crowded,1.0,121,0.02625640425531915,0.545283,0.1138,31.11,0.632075,0.3374
NBIX,"Neurocrine Biosciences, Inc.",76,0.98,C,mod_quality+no_catalyst_data,,,C,0.420755,0.765385,1,,0,,,0,no_upcoming,9,tailwind,,L,sponsor_confirmed|momentum_tailwind,catalyst_score:-23.2;smart_money_score:+18.6;financial_score:-10.1,tier=;reason=;cat_days=NA;strength=missing;decay_w=0.0,v1.3.0,31f399e0,1,,0,,"{""burn_ttm"": 0.0, ""cash_total"": 713000000.0, ""dilution_risk"": null, ""has_revenue"": null, ""lead_phase"": null, ""runway_months"": null, ""stage_bucket"": ""late"", ""surv_score"": ""3.0"", ""tier1_count"": 8}",late|none|pos,0.02625640425531915,60.660571,1.1496,0,1,1.0124,1.1496,8,8,buying,1.9702,elite_8,0.0,0.0,0.0,,,0.0,0,0,0,True,False,True,missing,0.0,adequate,<=400bps,265.05,1.0,0,0,1.0,0,1.0,0,,False,no_upcoming,0.208131,price_history,,8,0.5021,price_history,,-0.169742,,57.5027,0.3467,-0.433793,0.264051,late,large,none,commercial_pharma,morningstar,,,,0,0.9,71.19,41.25000000000000000000000000,83.0,62.84,72.33082706766917293233082707,54.28571428571428571428571428,73.1581,1.2376,3.0,371,34,1.0,0.941,1,2,0.0,0.8,0.6,cns,-0.459,uncrowded,1.0,112,0.02625640425531915,0.579245,0.2,48.38,0.945283,1.6007
INDV,Indivior PLC,77,0.98,C,low_quality+no_catalyst_data,,,C,0.375472,0.588462,1,,0,,,0,no_upcoming,9,tailwind,overbought_rsi,L,momentum_tailwind,momentum_score:+22.3;catalyst_score:-22.3;clinical_score:+13.5,tier=;reason=;cat_days=NA;strength=missing;decay_w=0.0,v1.3.0,31f399e0,1,,0,,"{""burn_ttm"": 0.0, ""cash_total"": 445000000.0, ""dilution_risk"": null, ""has_revenue"": null, ""lead_phase"": null, ""runway_months"": null, ""stage_bucket"": ""late"", ""surv_score"": ""3.0"", ""tier1_count"": 1}",late|none|pos,0.02625640425531915,50.074684,1.1526,0,1,1.2052,1.1526,1,1,neutral,-0.745,elite_1,0.0,0.0,0.0,,,0.0,0,0,0,True,False,True,missing,0.0,adequate,<=400bps,364.37,1.0,0,0,1.0,0,1.0,0,,False,no_upcoming,0.261876,price_history,,1,-0.0844,price_history,,0.0,,74.3713,0.4169,-0.433793,0.433793,late,mid,none,commercial_pharma,morningstar,,,,0,0.9,85.81,41.25000000000000000000000000,52.5,15.54,77.000,61.05263157894736842105263158,75.9214,1.3543,3.0,,34,1.0,0.0043,0,0,0.0,0.8,0.55,infectious_disease,0.2523,moderate,1.0,100,0.02625640425531915,0.624528,0.3174,49.60,0.956604,1.7126
EBS,Emergent BioSolutions Inc.,78,0.41,B,high_quality+no_catalyst_data,,,B,0.349057,0.926923,1,,0,,,0,no_upcoming,9,tailwind,deep_drawdown,M,momentum_tailwind|cost_haircut_<=2000bps,catalyst_score:-19.6;clinical_score:+14.2;financial_score:+8.7,tier=;reason=;cat_days=NA;strength=missing;decay_w=0.0,v1.3.0,31f399e0,1,,0,,"{""burn_ttm"": 0.0, ""cash_total"": 245500000.0, ""dilution_risk"": null, ""has_revenue"": null, ""lead_phase"": null, ""runway_months"": null, ""stage_bucket"": ""late"", ""surv_score"": ""-1.0"", ""tier1_count"": 1}",late|none|pos,0.02625640425531915,73.946423,1.1526,0,1,1.1242,1.1526,1,1,buying,-0.745,elite_1,0.0,0.0,0.0,,,0.0,0,0,0,True,False,True,missing,0.0,adequate,<=2000bps,1186.43,0.7,1,0,1.0,0,1.0,0,,False,no_upcoming,0.181523,price_history,,1,0.724,price_history,,-0.562349,,43.545,1.0204,-0.433793,-0.128556,late,small,none,commercial_pharma,morningstar,,,,0,0.9,62.93,41.25000000000000000000000000,55.5,85.81,75.03759398496240601503759399,69.61538461538461538461538461,75.9366,1.355,3.0,62,46,1.0,0.861,2,1,0.0,0.6,0.55,infectious_disease,-0.459,uncrowded,1.0,93,0.02625640425531915,0.650943,0.3879,55.38,0.986792,2.2201
AXSM,"Axsome Therapeutics, Inc.",79,0.98,C,low_quality+no_catalyst_data,,,C,0.315094,0.319231,1,,0,,,0,no_upcoming,9,tailwind,deep_drawdown,L,sponsor_confirmed|momentum_tailwind,catalyst_score:-19.0;clinical_score:+12.5;financial_score:-11.2,tier=;reason=;cat_days=NA;strength=missing;decay_w=0.0,v1.3.0,31f399e0,1,,0,,"{""burn_ttm"": 93405000.0, ""cash_total"": 322933000.0, ""dilution_risk"": null, ""has_revenue"": null, ""lead_phase"": null, ""runway_months"": 27.761023661657504, ""stage_bucket"": ""late"", ""surv_score"": ""1.0"", ""tier1_count"": 7}",late|none|pos,0.02625640425531915,40.747431,1.1511,0,1,1.2625,1.1511,7,7,buying,1.5823,elite_7,0.0,0.0,0.0,,,0.0,0,0,0,True,False,True,missing,0.0,adequate,<=400bps,308.96,1.0,0,0,1.0,0,1.0,0,,False,no_upcoming,0.154938,price_history,,7,1.0339,price_history,,-0.593061,,49.8296,0.5091,-0.433793,-0.159268,late,mid,none,commercial_biotech,morningstar,,,,0,0.9,67.20,41.25000000000000000000000000,71.0,14.95,72.78195488721804511278195489,49.05540166204986149584487534,73.2907,1.2432,3.0,0,12,1.0,1.349,2,1,0.0,0.4,0.6,cns,0.2523,moderate,1.0,84,0.02625640425531915,0.684906,0.4815,46.35,0.918868,1.3975
ALKS,Alkermes plc,80,0.83,B,high_quality+no_catalyst_data,,,B,0.269811,0.865385,1,,0,,,0,no_upcoming,9,tailwind,,L,sponsor_confirmed|momentum_tailwind,catalyst_score:-20.5;clinical_score:+15.2;smart_money_score:+6.2,tier=;reason=;cat_days=NA;strength=missing;decay_w=0.0,v1.3.0,31f399e0,1,,0,,"{""burn_ttm"": 0.0, ""cash_total"": 388570000.0, ""dilution_risk"": null, ""has_revenue"": null, ""lead_phase"": null, ""runway_months"": null, ""stage_bucket"": ""late"", ""surv_score"": ""2.0"", ""tier1_count"": 6}",late|none|pos,0.02625640425531915,68.539632,1.1526,0,1,1.2052,1.1526,6,6,buying,1.1944,elite_6,0.0,0.0,0.0,,,0.0,0,0,0,True,False,True,missing,0.0,adequate,<=1000bps,422.31,0.85,1,0,1.0,0,1.0,0,,False,no_upcoming,0.187757,price_history,,6,0.5701,price_history,,-0.278556,,42.0463,0.3674,-0.433793,0.155237,late,mid,none,commercial_pharma,morningstar,,,,0,0.9,64.63,41.25000000000000000000000000,68.0,84.46,77.000,57.89473684210526315789473684,76.2226,1.367,3.0,172,50,1.0,0.0913,0,0,0.0,0.5,0.5,respiratory,-0.459,uncrowded,1.0,72,0.02625640425531915,0.730189,0.6134,51.85,0.975472,1.9681
GILD,"Gilead Sciences, Inc.",81,0.98,C,low_quality,,,C,0.364151,0.488462,1,,0,,28,1,specific_days,9,tailwind,,L,sponsor_confirmed|momentum_tailwind,catalyst_score:-19.1;clinical_score:+13.0;momentum_score:+9.2,tier=;reason=;cat_days=28;strength=near;decay_w=1.0,v1.3.0,31f399e0,1,,0,,"{""burn_ttm"": 0.0, ""cash_total"": 68000000.0, ""dilution_risk"": null, ""has_revenue"": null, ""lead_phase"": null, ""runway_months"": null, ""stage_bucket"": ""late"", ""surv_score"": ""1.0"", ""tier1_count"": 2}",late|near_0_30|pos,0.02625640425531915,47.052798,1.1422,0,1,0.7889,1.1422,2,2,buying,-0.3571,elite_2,0.0,0.0,0.0,,,0.0,0,0,0,True,False,True,near,1.0,adequate,<=400bps,101.32,1.0,0,0,1.0,0,1.0,0,28,True,specific_days,-0.083199,price_history,,2,0.0725,price_history,,-0.159967,,40.351,0.2352,-0.433793,0.273826,late,large,none,commercial_pharma,morningstar,,,,0,0.8434170692431561996779388084,63.16,34.82617777777777777777777778,58.0,38.08,66.91729323308270676691729323,46.87288396429670667897814712,68.5899,1.0447,3.0,17,518,1.0,4.8888,6,7,0.0,0.8,0.95,oncology,-0.459,uncrowded,1.0,97,0.02625640425531915,0.635849,0.3474,32.74,0.662264,0.4187
UTHR,United Therapeutics Corporation,82,0.98,B,mod_quality+catalyst_near,,,B,0.462264,0.819231,1,,0,,89,0,specific_days,9,tailwind,,L,sponsor_confirmed|momentum_tailwind,smart_money_score:+15.8;catalyst_score:-15.6;financial_score:+1.7,tier=;reason=;cat_days=89;strength=near;decay_w=1.0,v1.3.0,31f399e0,1,,0,,"{""burn_ttm"": 0.0, ""cash_total"": 2920300000.0, ""dilution_risk"": null, ""has_revenue"": null, ""lead_phase"": null, ""runway_months"": null, ""stage_bucket"": ""late"", ""surv_score"": ""3.0"", ""tier1_count"": 7}",late|near_31_90|pos,0.02625640425531915,65.558714,1.1249,0,1,0.5281,1.1249,7,7,buying,1.5823,elite_7,0.0,0.0,0.0,,,0.0,0,0,0,True,False,True,near,1.0,adequate,<=400bps,229.51,1.0,0,0,1.0,0,1.0,0,89,False,specific_days,-0.03868,price_history,,7,0.1654,price_history,,-0.192336,,33.3549,0.2791,-0.433793,0.241457,late,large,none,commercial_pharma,morningstar,,,,0,0.9,59.84,45.56250000000000000000000000,77.0,72.30,60.60150375939849624060150376,62.85714285714285714285714286,61.9241,0.7632,3.0,89,77,1.0,2.7234,2,2,0.0,0.5,0.95,oncology,0.7265,highly_crowded,1.0,123,0.02625640425531915,0.537736,0.0947,46.12,0.907547,1.3258
CAI,"Caris Life Sciences, Inc.",83,0.83,C,low_quality,,,C,0.333962,0.45,1,,0,,11,1,specific_days,9,neutral,drawdown_data_missing,L,sponsor_confirmed,catalyst_score:-15.1;financial_score:+9.5;momentum_score:-9.4,tier=;reason=;cat_days=11;strength=near;decay_w=1.0,v1.3.0,31f399e0,1,,0,,"{""burn_ttm"": 0.0, ""cash_total"": 755493000.0, ""dilution_risk"": null, ""has_revenue"": null, ""lead_phase"": null, ""runway_months"": null, ""stage_bucket"": ""late"", ""surv_score"": ""-1.0"", ""tier1_count"": 3}",late|near_0_30|pos,0.02625640425531915,46.465316,1.1432,0,1,1.0464,1.1432,3,3,buying,0.0307,elite_3,0.0,0.0,0.0,,,0.0,0,0,0,True,False,True,near,1.0,adequate,<=1000bps,447.67,0.85,1,0,1.0,0,1.0,0,11,True,specific_days,,,beta_missing:series_too_short,3,,,series_too_short,,no_price_series,,0.5606,-0.433793,,late,mid,none,commercial_biotech,morningstar,,,drawdown,1,0.9,50,44.34240000000000000000000000,66.0,15.54,67.81954887218045112781954887,68.94736842105263157894736842,69.4921,1.0828,3.0,52,497,1.0,2.7191,4,4,0.0,0.5,0.95,oncology,-0.459,uncrowded,1.0,89,0.02625640425531915,0.666038,0.429,52.35,0.979245,2.0384
AMGN,Amgen Inc.,84,0.98,B,mod_quality+catalyst_mid,,,B,0.277358,0.65,1,,0,,123,0,specific_days,9,tailwind,,L,momentum_tailwind,momentum_score:+16.9;catalyst_score:-14.4;clinical_score:+11.9,tier=;reason=;cat_days=123;strength=mid;decay_w=0.7,v1.3.0,31f399e0,1,,0,,"{""burn_ttm"": 0.0, ""cash_total"": 9129000000.0, ""dilution_risk"": null, ""has_revenue"": null, ""lead_phase"": null, ""runway_months"": null, ""stage_bucket"": ""late"", ""surv_score"": ""1.0"", ""tier1_count"": 1}",late|near_91_180|pos,0.02625640425531915,53.134049,1.1492,0,1,0.9938,1.1492,1,1,neutral,-0.745,elite_1,0.0,0.0,0.0,,,0.0,0,0,0,True,False,True,mid,0.7,adequate,<=400bps,100.2,1.0,0,0,1.0,0,1.0,0,123,False,specific_days,0.13874,price_history,,1,0.1002,price_history,,-0.072367,,61.2643,0.2777,-0.433793,0.361426,late,large,none,commercial_pharma,morningstar,,,,0,0.9,76.87,45.56250000000000000000000000,52.5,39.83,71.87969924812030075187969925,52.93233082706766917293233083,73.2023,1.2395,3.0,17,528,1.0,4.0882,8,10,0.0,0.8,0.95,oncology,0.7265,highly_crowded,1.0,74,0.02625640425531915,0.722642,0.5907,44.36,0.862264,1.0905
NTRA,"Natera, Inc.",85,0.98,C,low_quality,,,C,0.235849,0.180769,1,,0,,1642,0,specific_days,9,headwind,deep_drawdown,L,catalyst_far_lift|sponsor_confirmed|momentum_headwind,clinical_score:+23.4;momentum_score:-12.2;catalyst_score:-6.5,tier=;reason=;cat_days=1642;strength=far;decay_w=0.3,v1.3.0,31f399e0,1,,0,,"{""burn_ttm"": 0.0, ""cash_total"": 1000000.0, ""dilution_risk"": null, ""has_revenue"": null, ""lead_phase"": null, ""runway_months"": null, ""stage_bucket"": ""late"", ""surv_score"": ""2.0"", ""tier1_count"": 5}",late|far_271_540|nonpos,0.052779999999999994,34.118828,1.1526,0,1,,1.1526,5,5,selling,0.8065,elite_5,0.0,0.0,0.0,,,0.0,0,0,0,True,False,True,far,0.3,adequate,<=400bps,210.15,1.0,0,0,1.0,0,1.0,0,1642,False,specific_days,-0.063053,price_history,,5,1.2071,price_history,,-0.553023,,32.7596,0.3255,-0.433793,-0.11923,late,large,none,platform_diagnostics,morningstar,,,,0,0.8245760992108229988726042841,39.92,45.56250000000000000000000000,53.5,15.54,75.48872180451127819548872181,45.99072870145288032110351065,75.8218,1.3501,3.0,102,56,1.0,0.6638,0,1,0.0,0.8,0.95,oncology,0.2523,moderate,1.0,63,0.052779999999999994,0.764151,0.7197,33.51,0.673585,0.4498
SRPT,"Sarepta Therapeutics, Inc.",86,0.83,B,high_quality+no_catalyst_data,,,B,0.450943,0.965385,1,,0,,,0,no_upcoming,9,tailwind,,L,sponsor_confirmed|momentum_tailwind,catalyst_score:-19.5;momentum_score:+7.4;financial_score:+7.3,tier=;reason=;cat_days=NA;strength=missing;decay_w=0.0,v1.3.0,31f399e0,1,,0,,"{""burn_ttm"": 336685000.0, ""cash_total"": 850993000.0, ""dilution_risk"": null, ""has_revenue"": null, ""lead_phase"": null, ""runway_months"": 28.848768719225042, ""stage_bucket"": ""late"", ""surv_score"": ""0.0"", ""tier1_count"": 3}",late|none|pos,0.02625640425531915,75.755962,1.1263,0,1,0.7617,1.1263,3,3,neutral,0.0307,elite_3,0.0,0.0,0.0,,,0.0,0,0,0,True,False,True,missing,0.0,adequate,<=1000bps,463.86,0.85,1,0,1.0,0,1.0,0,,False,no_upcoming,0.12163,price_history,,3,0.7078,price_history,,-0.20177,,55.2477,1.0694,-0.433793,0.232023,late,small,none,commercial_biotech,morningstar,,,,0,0.8614184485330681253107906514,68.15,41.25000000000000000000000000,65.0,90.00,61.27819548872180451127819549,68.05769230769230769230769231,61.0215,0.7251,3.0,180,22,1.0,0.2849,0,1,0.0,0.8,0.75,rare_disease,0.7265,highly_crowded,1.0,120,0.02625640425531915,0.549057,0.1233,36.63,0.756604,0.6954
RARE,Ultragenyx Pharmaceutical Inc.,87,0.25,C,low_quality+no_catalyst_data,,,C,0.435849,0.119231,1,,0,,,0,no_upcoming,9,neutral,high_vol|deep_drawdown,S,sponsor_confirmed|runway_short|high_risk,financial_score:-35.7;clinical_score:+19.2;momentum_score:+9.4,tier=;reason=;cat_days=NA;strength=missing;decay_w=0.0,v1.3.0,31f399e0,1,,0,,"{""burn_ttm"": 466000000.0, ""cash_total"": 421000000.0, ""dilution_risk"": null, ""has_revenue"": null, ""lead_phase"": null, ""runway_months"": 10.841201716738198, ""stage_bucket"": ""late"", ""surv_score"": ""-1.0"", ""tier1_count"": 5}",late|none|pos,0.02625640425531915,32.105641,1.1263,0,1,0.7617,1.1263,5,5,selling,0.8065,elite_5,0.0,0.0,0.0,,,0.0,0,0,0,True,False,True,missing,0.0,short,<=1000bps,402.93,0.85,1,0,1.0,0,1.0,0,,False,no_upcoming,-0.024534,price_history,,5,0.857,price_history,,-0.51435,,36.4023,1.2539,-0.433793,-0.080557,late,mid,sev2,commercial_biotech,morningstar,,,,0,0.8980125498264112125498264112,51.46,41.25000000000000000000000000,50.0,54.12,61.27819548872180451127819549,6.381425053862726992920898738,61.2325,0.734,3.0,240,52,1.0,0.2656,1,0,0.0,0.8,0.6,cns,-0.459,uncrowded,1.0,116,0.02625640425531915,0.564151,0.1615,13.59,0.167925,-0.9624
BMRN,BioMarin Pharmaceutical Inc.,88,0.98,C,mod_quality+no_catalyst_data,,,C,0.326415,0.842308,1,,0,,,0,no_upcoming,9,tailwind,,L,sponsor_confirmed|momentum_tailwind,catalyst_score:-16.3;clinical_score:+8.5;momentum_score:+4.8,tier=;reason=;cat_days=NA;strength=missing;decay_w=0.0,v1.3.0,31f399e0,1,,0,,"{""burn_ttm"": 0.0, ""cash_total"": 1311679000.0, ""dilution_risk"": null, ""has_revenue"": null, ""lead_phase"": null, ""runway_months"": null, ""stage_bucket"": ""late"", ""surv_score"": ""3.0"", ""tier1_count"": 3}",late|none|pos,0.02625640425531915,66.697177,1.1402,0,1,0.9679,1.1402,3,3,neutral,0.0307,elite_3,0.0,0.0,0.0,,,0.0,0,0,0,True,False,True,missing,0.0,adequate,<=400bps,260.52,1.0,0,0,1.0,0,1.0,0,,False,no_upcoming,0.022957,price_history,,3,0.5052,price_history,,-0.17661,,32.823,0.4294,-0.433793,0.257183,late,large,none,commercial_biotech,morningstar,,,,0,0.9,62.33,41.25000000000000000000000000,57.5,77.03,66.01503759398496240601503759,60.60150375939849624060150376,67.153,0.984,3.0,329,97,1.0,0.9105,1,1,0.0,0.6,0.75,rare_disease,0.7265,highly_crowded,1.0,87,0.02625640425531915,0.673585,0.4498,46.24,0.915094,1.3728
LAB,Standard BioTools Inc.,89,0.16,B,mod_quality+catalyst_near,,,B,0.24717,0.688462,1,,0,,27,1,specific_days,9,neutral,deep_drawdown,S,cost_haircut_>2000bps,clinical_score:+19.6;financial_score:-18.9;catalyst_score:-12.1,tier=;reason=;cat_days=27;strength=near;decay_w=1.0,v1.3.0,31f399e0,1,,0,,"{""burn_ttm"": 73153000.0, ""cash_total"": 129418000.0, ""dilution_risk"": null, ""has_revenue"": null, ""lead_phase"": null, ""runway_months"": 21.229696663158037, ""stage_bucket"": ""late"", ""surv_score"": ""0.0"", ""tier1_count"": 1}",late|near_0_30|nonpos,0.038341,54.770776,1.1431,0,1,,1.1431,1,1,buying,-0.745,elite_1,0.0,0.0,0.0,,,0.0,0,0,0,True,False,True,near,1.0,adequate,>2000bps,2020.0,0.55,1,0,1.0,0,1.0,0,27,True,specific_days,0.019228,price_history,,1,0.8217,price_history,,-0.529015,,48.1136,0.7324,-0.433793,-0.095222,late,small,sev1,platform_devices,morningstar,,,,0,0.8246337798923250281707775135,51.41,35.66178177777777777777777778,55.5,90.00,67.36842105263157894736842105,28.86394641683103221564760026,69.1184,1.067,3.0,27,698,1.0,6.2094,11,11,0.05,0.8,0.95,oncology,0.7265,highly_crowded,1.0,66,0.038341,0.75283,0.6834,22.12,0.473585,-0.0663
GH,"Guardant Health, Inc.",90,0.59,C,low_quality,,,C,0.209434,0.15,1,,0,,178,0,specific_days,9,headwind,deep_drawdown,M,sponsor_confirmed|momentum_headwind,clinical_score:+16.4;momentum_score:-14.1;smart_money_score:+12.8,tier=;reason=;cat_days=178;strength=mid;decay_w=0.7,v1.3.0,31f399e0,1,,0,,"{""burn_ttm"": 184760000.0, ""cash_total"": 378203000.0, ""dilution_risk"": null, ""has_revenue"": null, ""lead_phase"": null, ""runway_months"": 24.05654706689919, ""stage_bucket"": ""late"", ""surv_score"": ""-1.0"", ""tier1_count"": 3}",late|near_91_180|nonpos,0.06215164516129033,33.079999,1.1452,0,1,,1.1452,3,3,buying,0.0307,elite_3,0.0,0.0,0.0,,,0.0,0,0,0,True,False,True,mid,0.7,adequate,<=400bps,236.1,1.0,0,0,1.0,0,1.0,0,178,False,specific_days,-0.077917,price_history,,3,1.1633,price_history,,-0.65041,,32.0772,0.6981,-0.433793,-0.216617,late,large,none,platform_diagnostics,morningstar,,,,0,0.9,39.59,45.56250000000000000000000000,66.5,11.74,70.07518796992481203007518797,46.78444230877946746565662276,71.8321,1.1816,3.0,38,606,1.0,5.579,6,9,0.0022,0.8,0.95,oncology,-0.459,uncrowded,1.0,56,0.06215164516129033,0.790566,0.8084,40.64,0.813208,0.8898
INCY,Incyte Corporation,91,0.98,B,mod_quality+catalyst_near,,,B,0.371698,0.734615,1,,0,,28,1,specific_days,9,tailwind,,L,sponsor_confirmed|momentum_tailwind,catalyst_score:-23.9;momentum_score:+12.0;financial_score:+9.1,tier=;reason=;cat_days=28;strength=near;decay_w=1.0,v1.3.0,31f399e0,1,,0,,"{""burn_ttm"": 0.0, ""cash_total"": 3097817000.0, ""dilution_risk"": null, ""has_revenue"": null, ""lead_phase"": null, ""runway_months"": null, ""stage_bucket"": ""late"", ""surv_score"": ""5.0"", ""tier1_count"": 3}",late|near_0_30|pos,0.02625640425531915,58.280297,1.1182,0,1,0.6929,1.1182,3,3,buying,0.0307,elite_3,0.0,0.0,0.0,,,0.0,0,0,0,True,False,True,near,1.0,adequate,<=400bps,225.9,1.0,0,0,1.0,0,1.0,0,28,True,specific_days,0.122351,price_history,,3,0.2682,price_history,,-0.199703,,51.7565,0.3319,-0.433793,0.23409,late,large,none,commercial_biotech,morningstar,,,,0,0.9,70.75,34.82617777777777777777777778,60.5,38.89,59.69924812030075187969924812,67.81954887218045112781954887,61.4907,0.7449,3.0,5,215,1.0,5.6815,14,12,0.0031,0.7,0.95,oncology,-0.459,uncrowded,1.0,99,0.02625640425531915,0.628302,0.3274,49.88,0.960377,1.7551
ACAD,ACADIA Pharmaceuticals Inc.,92,0.83,C,low_quality+no_catalyst_data,,,C,0.254717,0.442308,1,,0,,,0,no_upcoming,9,tailwind,deep_drawdown,L,sponsor_confirmed|momentum_tailwind,momentum_score:+24.2;financial_score:-23.8;catalyst_score:-17.5,tier=;reason=;cat_days=NA;strength=missing;decay_w=0.0,v1.3.0,31f399e0,1,,0,,"{""burn_ttm"": 0.0, ""cash_total"": 177695000.0, ""dilution_risk"": null, ""has_revenue"": null, ""lead_phase"": null, ""runway_months"": null, ""stage_bucket"": ""late"", ""surv_score"": ""3.0"", ""tier1_count"": 7}",late|none|pos,0.02625640425531915,46.283997,1.134,0,1,0.8697,1.134,7,7,buying,1.5823,elite_7,0.0,0.0,0.0,,,0.0,0,0,0,True,False,True,missing,0.0,adequate,<=1000bps,531.5,0.85,1,0,1.0,0,1.0,0,,False,no_upcoming,0.348461,price_history,,7,0.816,price_history,,-0.47488,,45.2005,0.3548,-0.433793,-0.041087,late,mid,none,commercial_biotech,morningstar,,,,0,0.9,82.96,41.25000000000000000000000000,71.0,39.86,63.75939849624060150375939850,34.97999384425977223761157279,64.382,0.867,3.0,63,17,1.0,2.4397,2,3,0.0,0.6,0.6,cns,0.7265,highly_crowded,1.0,68,0.02625640425531915,0.745283,0.6597,36.95,0.764151,0.7197
TEM,"Tempus AI, Inc.",93,0.98,C,low_quality,,,C,0.213208,0.434615,1,,0,,119,0,specific_days,9,neutral,drawdown_data_missing,L,sponsor_confirmed,catalyst_score:-11.4;smart_money_score:+9.1;clinical_score:+8.6,tier=;reason=;cat_days=119;strength=near;decay_w=1.0,v1.3.0,31f399e0,1,,0,,"{""burn_ttm"": 218090000.0, ""cash_total"": 604787000.0, ""dilution_risk"": null, ""has_revenue"": null, ""lead_phase"": null, ""runway_months"": 25.16826017748832, ""stage_bucket"": ""late"", ""surv_score"": ""1.0"", ""tier1_count"": 4}",late|near_91_180|nonpos,0.06215164516129033,46.193526,1.1389,0,1,,1.1389,4,4,buying,0.4186,elite_4,0.0,0.0,0.0,,,0.0,0,0,0,True,False,True,near,1.0,adequate,<=400bps,199.47,1.0,0,0,1.0,0,1.0,0,119,False,specific_days,,,beta_missing:series_too_short,4,,,series_too_short,,no_price_series,,0.5816,-0.433793,,late,mid,none,platform_services,morningstar,,,drawdown,1,0.8459278417173154015259278417,50,45.56250000000000000000000000,66.0,29.38,65.56390977443609022556390977,57.57894736842105263157894737,65.8072,0.9272,3.0,738,164,1.0,0.3726,0,0,0.0,0.8,0.95,oncology,-0.459,uncrowded,1.0,57,0.06215164516129033,0.786792,0.7953,38.34,0.771698,0.7445
CDNA,"CareDx, Inc.",94,0.83,C,mod_quality+catalyst_far,,,C,0.220755,0.634615,1,,0,,3133,0,specific_days,9,headwind,deep_drawdown,L,catalyst_far_lift|sponsor_confirmed|momentum_headwind,clinical_score:+10.4;catalyst_score:-8.2;momentum_score:-7.4,tier=;reason=;cat_days=3133;strength=far;decay_w=0.3,v1.3.0,31f399e0,1,,0,,"{""burn_ttm"": 0.0, ""cash_total"": 177208000.0, ""dilution_risk"": null, ""has_revenue"": null, ""lead_phase"": null, ""runway_months"": null, ""stage_bucket"": ""late"", ""surv_score"": ""1.0"", ""tier1_count"": 3}",late|far_271_540|nonpos,0.052779999999999994,51.497462,1.1348,0,1,,1.1348,3,3,buying,0.0307,elite_3,0.0,0.0,0.0,,,0.0,0,0,0,True,False,True,far,0.3,adequate,<=1000bps,851.72,0.85,1,0,1.0,0,1.0,0,3133,False,specific_days,0.14118,price_history,,3,1.3791,price_history,,-0.64315,,36.0301,0.5165,-0.433793,-0.209357,late,small,none,platform_diagnostics,morningstar,,,,0,0.8840569973922761703712902024,46.38,45.56250000000000000000000000,60.5,53.38,64.21052631578947368421052632,52.30769230769230769230769231,65.5331,0.9156,3.0,161,223,1.0,2.4852,4,3,0.0,0.6,0.95,oncology,0.7265,highly_crowded,1.0,59,0.052779999999999994,0.779245,0.7696,40.74,0.816981,0.9039
JAZZ,Jazz Pharmaceuticals plc,95,0.98,A,high_quality+catalyst_near,,,A,0.198113,0.873077,1,,0,,58,1,specific_days,9,tailwind,,L,tier_a_commercial|sponsor_confirmed|momentum_tailwind,catalyst_score:-21.1;momentum_score:+16.2;smart_money_score:+8.6,tier=;reason=;cat_days=58;strength=near;decay_w=1.0,v1.3.0,31f399e0,1,,0,,"{""burn_ttm"": 0.0, ""cash_total"": 1391899000.0, ""dilution_risk"": null, ""has_revenue"": null, ""lead_phase"": null, ""runway_months"": null, ""stage_bucket"": ""late"", ""surv_score"": ""1.0"", ""tier1_count"": 6}",late|near_31_90|nonpos,0.07221516279069767,69.027199,1.1378,0,1,0.9286,1.1378,6,6,buying,1.1944,elite_6,0.0,0.0,0.0,,,0.0,0,0,0,True,False,True,near,1.0,adequate,<=400bps,227.35,1.0,0,0,1.0,0,1.0,0,58,True,specific_days,0.328371,price_history,,6,0.299,price_history,,-0.171655,,68.6184,0.4687,-0.433793,0.262138,late,large,none,commercial_biotech,morningstar,,,,0,0.9,81.54,44.23827600000000000000000000,74.0,70.97,65.11278195488721804511278195,61.95488721804511278195488722,66.4354,0.9537,3.0,53,149,1.0,4.1713,5,6,0.0,0.6,0.95,oncology,0.7265,highly_crowded,1.0,53,0.07221516279069767,0.801887,0.8484,45.49,0.892453,1.2397
KNSA,"Kiniksa Pharmaceuticals, Ltd.",96,0.83,C,mod_quality+no_catalyst_data,,,C,0.39434,0.696154,1,,0,,,0,no_upcoming,9,neutral,deep_drawdown,L,sponsor_confirmed,catalyst_score:-13.5;financial_score:+7.8;smart_money_score:+6.2,tier=;reason=;cat_days=NA;strength=missing;decay_w=0.0,v1.3.0,31f399e0,1,,0,,"{""burn_ttm"": 0.0, ""cash_total"": 414074000.0, ""dilution_risk"": null, ""has_revenue"": null, ""lead_phase"": null, ""runway_months"": null, ""stage_bucket"": ""late"", ""surv_score"": ""3.0"", ""tier1_count"": 2}",late|none|pos,0.02625640425531915,54.915211,0.9105,0,1,0.3791,0.9105,2,2,buying,-0.3571,elite_2,0.0,0.0,0.0,,,0.0,0,0,0,True,False,True,missing,0.0,adequate,<=1000bps,643.76,0.85,1,0,1.0,0,1.0,0,,False,no_upcoming,-0.002047,price_history,,2,1.0444,price_history,,-0.599749,,36.2439,0.3477,-0.433793,-0.165956,late,mid,none,commercial_pharma,morningstar,,,,0,0.8893374043062200956937799043,52.07,41.25000000000000000000000000,61.0,46.62,56.99248120300751879699248120,62.63157894736842105263157895,56.741,0.5443,3.0,118,9,1.0,0.6467,0,1,0.0,0.4,0.6,autoimmune,-0.459,uncrowded,1.0,105,0.02625640425531915,0.60566,0.268,46.94,0.926415,1.4496
RIGL,"Rigel Pharmaceuticals, Inc.",97,0.83,B,high_quality+no_catalyst_data,,,B,0.439623,0.880769,1,,0,,,0,no_upcoming,9,tailwind,,L,momentum_tailwind,momentum_score:+17.8;catalyst_score:-15.6;clinical_score:-4.4,tier=;reason=;cat_days=NA;strength=missing;decay_w=0.0,v1.3.0,31f399e0,1,,0,,"{""burn_ttm"": 0.0, ""cash_total"": 137143000.0, ""dilution_risk"": null, ""has_revenue"": null, ""lead_phase"": null, ""runway_months"": null, ""stage_bucket"": ""late"", ""surv_score"": ""1.0"", ""tier1_count"": 1}",late|none|pos,0.02625640425531915,70.248577,0.8996,0,1,0.3787,0.8996,1,1,buying,-0.745,elite_1,0.0,0.0,0.0,,,0.0,0,0,0,True,False,True,missing,0.0,adequate,<=1000bps,815.97,0.85,1,0,1.0,0,1.0,0,,False,no_upcoming,0.481856,price_history,,1,1.1879,price_history,,-0.330397,,67.6084,0.9981,-0.433793,0.103396,late,small,none,commercial_biotech,morningstar,,,,0,0.8466212467896334345085220640,74.66,41.25000000000000000000000000,55.5,80.41,52.48120300751879699248120301,60.38461538461538461538461539,53.3085,0.3994,3.0,38,16,1.0,1.9531,1,2,0.0,0.8,0.6,autoimmune,-0.459,uncrowded,1.0,117,0.02625640425531915,0.560377,0.1519,41.42,0.832075,0.9624
CERS,Cerus Corporation,98,0.41,C,mod_quality+no_catalyst_data,,,C,0.058491,0.642308,1,,0,,,0,no_upcoming,9,tailwind,,M,momentum_tailwind|cost_haircut_<=2000bps,financial_score:-26.2;momentum_score:+14.9;clinical_score:+11.2,tier=;reason=;cat_days=NA;strength=missing;decay_w=0.0,v1.3.0,31f399e0,1,,0,,"{""burn_ttm"": 1363000.0, ""cash_total"": 15670000.0, ""dilution_risk"": null, ""has_revenue"": null, ""lead_phase"": null, ""runway_months"": 137.96038151137196, ""stage_bucket"": ""late"", ""surv_score"": ""3.0"", ""tier1_count"": 1}",late|none|nonpos,0.08291288555347091,51.946125,1.1094,0,1,,1.1094,1,1,selling,-0.745,elite_1,0.0,0.0,0.0,,,0.0,0,0,0,True,False,True,missing,0.0,adequate,<=2000bps,1656.9,0.7,1,0,1.0,0,1.0,0,,False,no_upcoming,0.076369,price_history,,1,1.0775,price_history,,-0.301387,,49.0948,,-0.433793,0.132406,late,small,none,platform_devices,morningstar,,,,0,0.8930032246062259704824507007,60.28,41.25000000000000000000000000,49.5,89.32,56.54135338345864661654135338,19.17361111111111111111111111,56.4639,0.5326,3.0,640,15,1.0,0.0073,0,0,0.0,0.5,0.95,oncology,-0.459,uncrowded,1.0,16,0.08291288555347091,0.941509,1.5676,27.78,0.583019,0.2096
GERN,Geron Corporation,99,0.5,C,low_quality+no_catalyst_data,,,C,0.360377,0.242308,1,,0,,,0,no_upcoming,9,neutral,deep_drawdown,M,sponsor_confirmed|runway_short,financial_score:-36.8;clinical_score:+13.9;smart_money_score:+12.7,tier=;reason=;cat_days=NA;strength=missing;decay_w=0.0,v1.3.0,31f399e0,1,,0,,"{""burn_ttm"": 88970000.0, ""cash_total"": 78117000.0, ""dilution_risk"": null, ""has_revenue"": null, ""lead_phase"": null, ""runway_months"": 10.53618073507924, ""stage_bucket"": ""late"", ""surv_score"": ""-2.0"", ""tier1_count"": 2}",late|none|pos,0.02625640425531915,37.7155,0.9055,0,1,0.5162,0.9055,2,2,selling,-0.3571,elite_2,0.0,0.0,0.0,,,0.0,0,0,0,True,False,True,missing,0.0,short,<=1000bps,710.6,0.85,1,0,1.0,0,1.0,0,,False,no_upcoming,0.047776,price_history,,2,1.254,price_history,,-0.460317,,43.1876,0.5659,-0.433793,-0.026524,late,small,sev2,commercial_biotech,morningstar,,,,0,0.8500493815635939323220536756,52.43,41.25000000000000000000000000,54.5,71.37,55.63909774436090225563909774,5,55.0978,0.4749,3.0,2310,15,1.0,0.0074,0,0,0.0,0.4,0.95,oncology,0.2523,moderate,1.0,96,0.02625640425531915,0.639623,0.3575,8.66,0.054717,-1.6007
INSM,Insmed Incorporated,100,0.98,C,low_quality+no_catalyst_data,,,C,0.379245,0.057692,1,,0,,,0,no_upcoming,9,tailwind,deep_drawdown,L,sponsor_confirmed|momentum_tailwind,smart_money_score:+24.9;financial_score:-23.0;catalyst_score:-10.8,tier=;reason=;cat_days=NA;strength=missing;decay_w=0.0,v1.3.0,31f399e0,1,,0,,"{""burn_ttm"": 935014000.0, ""cash_total"": 1430047000.0, ""dilution_risk"": null, ""has_revenue"": null, ""lead_phase"": null, ""runway_months"": 16.84374990798079, ""stage_bucket"": ""late"", ""surv_score"": ""-1.0"", ""tier1_count"": 14}",late|none|pos,0.02625640425531915,28.464726,0.9028,0,1,0.4376,0.9028,14,14,buying,4.2975,elite_14,0.0,0.0,0.0,,,0.0,0,0,0,True,False,True,missing,0.0,adequate,<=400bps,156.57,1.0,0,0,1.0,0,1.0,0,,False,no_upcoming,0.073815,price_history,,14,0.95,price_history,,-0.430062,,46.7567,0.5709,-0.433793,0.003731,late,large,none,commercial_biotech,morningstar,,,,0,0.8952944094001236858379715523,59.28,41.25000000000000000000000000,77.0,10.00,53.83458646616541353383458646,29.13050169282856263465681747,52.9149,0.3828,3.0,431,18,1.0,0.4097,0,1,0.0,0.4,0.5,respiratory,0.7265,highly_crowded,1.0,101,0.02625640425531915,0.620755,0.3075,29.94,0.613208,0.2877
MDGL,"Madrigal Pharmaceuticals, Inc.",101,0.98,C,low_quality+no_catalyst_data,,,C,0.398113,0.096154,1,,0,,,0,no_upcoming,9,tailwind,,L,sponsor_confirmed|momentum_tailwind,financial_score:-42.2;momentum_score:+29.9;smart_money_score:+24.7,tier=;reason=;cat_days=NA;strength=missing;decay_w=0.0,v1.3.0,31f399e0,1,,0,,"{""burn_ttm"": 189553000.0, ""cash_total"": 198693000.0, ""dilution_risk"": null, ""has_revenue"": null, ""lead_phase"": null, ""runway_months"": 12.363577910292975, ""stage_bucket"": ""late"", ""surv_score"": ""-3.0"", ""tier1_count"": 6}",late|none|pos,0.02625640425531915,30.196305,0.8988,0,1,0.3198,0.8988,6,6,buying,1.1944,elite_6,0.0,0.0,0.0,,,0.0,0,0,0,True,False,True,missing,0.0,adequate,<=400bps,264.79,1.0,0,0,1.0,0,1.0,0,,False,no_upcoming,0.477812,price_history,,6,1.177,price_history,,-0.336943,,58.1438,0.4350,-0.433793,0.09685,late,mid,sev1,commercial_biotech,morningstar,,,,0,0.8946691657741282875163632036,82.21,41.25000000000000000000000000,77.0,26.29,51.12781954887218045112781955,10.11734379809172052939365959,49.8377,0.2528,3.0,308,2,0.3333,0.1152,0,0,0.0,0.4,0.55,metabolic,0.7265,highly_crowded,1.0,106,0.02625640425531915,0.601887,0.2582,19.98,0.424528,-0.1903
ARQT,"Arcutis Biotherapeutics, Inc.",102,0.83,C,low_quality+no_catalyst_data,,,C,0.303774,0.196154,1,,0,,,0,no_upcoming,9,tailwind,deep_drawdown,L,sponsor_confirmed|momentum_tailwind,financial_score:-26.4;momentum_score:+17.5;smart_money_score:+15.0,tier=;reason=;cat_days=NA;strength=missing;decay_w=0.0,v1.3.0,31f399e0,1,,0,,"{""burn_ttm"": 5625000.0, ""cash_total"": 42907000.0, ""dilution_risk"": null, ""has_revenue"": null, ""lead_phase"": null, ""runway_months"": 89.4016, ""stage_bucket"": ""late"", ""surv_score"": ""-2.0"", ""tier1_count"": 4}",late|none|pos,0.02625640425531915,34.341313,0.9041,0,1,0.4769,0.9041,4,4,buying,0.4186,elite_4,0.0,0.0,0.0,,,0.0,0,0,0,True,False,True,missing,0.0,adequate,<=1000bps,482.23,0.85,1,0,1.0,0,1.0,0,,False,no_upcoming,0.3517,price_history,,4,1.2389,price_history,,-0.516835,,50.0127,0.727,-0.433793,-0.083042,late,mid,none,commercial_biotech,morningstar,,,,0,0.8793965971722981068775461299,68.56,41.25000000000000000000000000,66.0,27.32,54.73684210526315789473684210,24.59402893197907048322560787,54.7285,0.4593,3.0,33,7,1.0,3.1658,2,4,0.0,0.3,0.5,dermatology,0.7265,highly_crowded,1.0,81,0.02625640425531915,0.696226,0.5136,31.70,0.643396,0.3676
MIRM,"Mirum Pharmaceuticals, Inc.",103,0.98,C,low_quality+no_catalyst_data,,,C,0.40566,0.473077,1,,0,,,0,no_upcoming,9,tailwind,,L,sponsor_confirmed|momentum_tailwind,momentum_score:+28.6;catalyst_score:-17.6;clinical_score:-12.9,tier=;reason=;cat_days=NA;strength=missing;decay_w=0.0,v1.3.0,31f399e0,1,,0,,"{""burn_ttm"": 0.0, ""cash_total"": 383327000.0, ""dilution_risk"": null, ""has_revenue"": null, ""lead_phase"": null, ""runway_months"": null, ""stage_bucket"": ""late"", ""surv_score"": ""3.0"", ""tier1_count"": 3}",late|none|pos,0.02625640425531915,46.860053,0.8948,0,1,0.0961,0.8948,3,3,buying,0.0307,elite_3,0.0,0.0,0.0,,,0.0,0,0,0,True,False,True,missing,0.0,adequate,<=400bps,372.43,1.0,0,0,1.0,0,1.0,0,,False,no_upcoming,0.644705,price_history,,3,0.4979,price_history,,-0.110322,,51.4722,0.4303,-0.433793,0.323471,late,mid,none,commercial_biotech,morningstar,,,,0,0.8998348834429169157202630006,87.50,41.25000000000000000000000000,66.5,15.54,45.99072870145288032110351065,53.15789473684210526315789473,45.1405,0.0544,3.0,181,15,1.0,0.4614,0,0,0.0,0.4,0.55,infectious_disease,0.7265,highly_crowded,1.0,108,0.02625640425531915,0.59434,0.2387,33.82,0.681132,0.4709
APLS,"Apellis Pharmaceuticals, Inc.",104,0.83,C,mod_quality+no_catalyst_data,,,C,0.292453,0.680769,1,,0,,,0,no_upcoming,9,tailwind,deep_drawdown,L,sponsor_confirmed|momentum_tailwind,catalyst_score:-21.4;momentum_score:+14.0;clinical_score:-12.0,tier=;reason=;cat_days=NA;strength=missing;decay_w=0.0,v1.3.0,31f399e0,1,,0,,"{""burn_ttm"": 0.0, ""cash_total"": 466233000.0, ""dilution_risk"": null, ""has_revenue"": null, ""lead_phase"": null, ""runway_months"": null, ""stage_bucket"": ""late"", ""surv_score"": ""3.0"", ""tier1_count"": 6}",late|none|pos,0.02625640425531915,53.928895,0.8978,0,1,0.3001,0.8978,6,6,buying,1.1944,elite_6,0.0,0.0,0.0,,,0.0,0,0,0,True,False,True,missing,0.0,adequate,<=1000bps,418.5,0.85,1,0,1.0,0,1.0,0,,False,no_upcoming,0.310255,price_history,,6,0.9607,price_history,,-0.377005,,49.8338,0.7133,-0.433793,0.056788,late,mid,none,commercial_biotech,morningstar,,,,0,0.8657384937739463601532567050,76.66,41.25000000000000000000000000,71.0,15.54,50.67669172932330827067669173,73.68421052631578947368421053,50.7866,0.2929,3.0,108,12,1.0,1.4828,0,2,0.0,0.4,0.55,infectious_disease,-0.459,uncrowded,1.0,78,0.02625640425531915,0.707547,0.5462,36.09,0.745283,0.6597
DVAX,Dynavax Technologies Corporation,105,0.83,C,low_quality+no_catalyst_data,,,C,0.345283,0.265385,1,,0,,,0,no_upcoming,9,neutral,deep_drawdown,L,sponsor_confirmed,smart_money_score:+7.0;financial_score:-3.9;catalyst_score:-3.7,tier=;reason=;cat_days=NA;strength=missing;decay_w=0.0,v1.3.0,31f399e0,1,,0,,"{""burn_ttm"": 0.0, ""cash_total"": 160247000.0, ""dilution_risk"": null, ""has_revenue"": null, ""lead_phase"": null, ""runway_months"": null, ""stage_bucket"": ""late"", ""surv_score"": ""2.0"", ""tier1_count"": 2}",late|none|pos,0.02625640425531915,39.200497,0.8905,0,1,-0.2187,0.8905,2,2,selling,-0.3571,elite_2,0.0,0.0,0.0,,,0.0,0,0,0,True,False,True,missing,0.0,adequate,<=1000bps,453.41,0.85,1,0,1.0,0,1.0,0,,False,no_upcoming,-0.021705,price_history,,2,0.9399,price_history,,-0.500478,,32.3955,0.7250,-0.433793,-0.066685,late,small,none,commercial_pharma,morningstar,,,,0,0.8860349361207897793263646922,48.10,41.25000000000000000000000000,52.0,31.76,42.51235859071236989717401273,41.03221564760026298487836949,42.8838,-0.0409,3.0,893,19,1.0,0.1761,1,0,0.0,0.4,0.95,oncology,-0.459,uncrowded,1.0,92,0.02625640425531915,0.654717,0.3981,36.27,0.749057,0.6715
BCRX,"BioCryst Pharmaceuticals, Inc.",106,0.83,C,low_quality+no_catalyst_data,,,C,0.322642,0.296154,1,,0,,,0,no_upcoming,9,tailwind,,L,sponsor_confirmed|momentum_tailwind,momentum_score:+32.0;financial_score:-23.4;smart_money_score:+10.4,tier=;reason=;cat_days=NA;strength=missing;decay_w=0.0,v1.3.0,31f399e0,1,,0,,"{""burn_ttm"": 0.0, ""cash_total"": 212873000.0, ""dilution_risk"": null, ""has_revenue"": null, ""lead_phase"": null, ""runway_months"": null, ""stage_bucket"": ""late"", ""surv_score"": ""3.0"", ""tier1_count"": 3}",late|none|pos,0.02625640425531915,40.032506,0.8896,0,1,-0.3243,0.8896,3,3,buying,0.0307,elite_3,0.0,0.0,0.0,,,0.0,0,0,0,True,False,True,missing,0.0,adequate,<=1000bps,517.78,0.85,1,0,1.0,0,1.0,0,,False,no_upcoming,0.572632,price_history,,3,0.9385,price_history,,-0.185223,,45.9634,0.4141,-0.433793,0.24857,late,mid,none,commercial_pharma,morningstar,,,,0,0.8953892651986596457635232169,82.13,41.25000000000000000000000000,60.5,33.11,39.95634449532352183717438961,26.70667897814712219144352108,40.5789,-0.1382,3.0,33,26,1.0,1.9879,2,2,0.0,0.8,0.55,infectious_disease,0.7265,highly_crowded,1.0,86,0.02625640425531915,0.677358,0.4603,25.58,0.549057,0.1233
AUPH,Aurinia Pharmaceuticals Inc,107,0.25,C,low_quality+no_catalyst_data,,,C,0.307547,0.496154,1,,0,,,0,no_upcoming,9,headwind,deep_drawdown,S,momentum_headwind,smart_money_score:+14.4;financial_score:-10.5;momentum_score:-6.4,tier=;reason=;cat_days=NA;strength=missing;decay_w=0.0,v1.3.0,31f399e0,1,,0,,"{""burn_ttm"": 0.0, ""cash_total"": 80160000.0, ""dilution_risk"": null, ""has_revenue"": null, ""lead_phase"": null, ""runway_months"": null, ""stage_bucket"": ""late"", ""surv_score"": ""1.0"", ""tier1_count"": 1}",late|none|pos,0.02625640425531915,47.407459,0.8909,0,1,-0.0178,0.8909,1,1,buying,-0.745,elite_1,0.0,0.0,0.0,,,0.0,0,0,0,True,False,True,missing,0.0,adequate,<=1000bps,819.87,0.85,1,0,1.0,0,1.0,0,,False,no_upcoming,-0.160414,price_history,,1,1.1677,price_history,,-0.680169,,24.4421,0.4141,-0.433793,-0.246376,late,small,none,commercial_biotech,morningstar,,,,0,0.8763407441860465116279069767,34.66,41.25000000000000000000000000,55.5,76.35,43.37441347730227825202103002,30.56213017751479289940828402,43.7492,-0.0043,3.0,,8,1.0,0.8395,1,1,0.0,0.6,0.55,ophthalmology,0.7265,highly_crowded,1.0,82,0.02625640425531915,0.692453,0.5028,30.88,0.628302,0.3274
ALNY,"Alnylam Pharmaceuticals, Inc.",108,0.98,C,low_quality,,,C,0.216981,0.526923,1,,0,,668,0,specific_days,9,tailwind,,L,catalyst_far_lift|sponsor_confirmed|momentum_tailwind,clinical_score:-15.3;momentum_score:+12.9;smart_money_score:+11.5,tier=;reason=;cat_days=668;strength=far;decay_w=0.3,v1.3.0,31f399e0,1,,0,,"{""burn_ttm"": 0.0, ""cash_total"": 1657250000.0, ""dilution_risk"": null, ""has_revenue"": null, ""lead_phase"": null, ""runway_months"": null, ""stage_bucket"": ""late"", ""surv_score"": ""3.0"", ""tier1_count"": 6}",late|far_271_540|nonpos,0.052779999999999994,47.897041,0.8878,0,1,-0.2397,0.8878,6,6,neutral,1.1944,elite_6,0.0,0.0,0.0,,,0.0,0,0,0,True,False,True,far,0.3,adequate,<=400bps,144.92,1.0,0,0,1.0,0,1.0,0,668,False,specific_days,0.119376,price_history,,6,0.7656,price_history,,-0.214296,,66.4175,0.3472,-0.433793,0.219497,late,large,none,commercial_biotech,morningstar,,,,0,0.9,66.40,45.56250000000000000000000000,65.0,31.43,38.27746056871502063429249816,52.48120300751879699248120301,39.0873,-0.2012,3.0,108,43,1.0,2.0699,2,2,0.0,0.4,0.55,metabolic,-0.459,uncrowded,1.0,58,0.052779999999999994,0.783019,0.7824,39.63,0.798113,0.8349
PTCT,"PTC Therapeutics, Inc.",109,0.98,B,high_quality+no_catalyst_data,,,B,0.15283,0.95,1,,0,,,0,no_upcoming,9,tailwind,deep_drawdown,L,sponsor_confirmed|momentum_tailwind,clinical_score:-22.7;financial_score:+21.0;smart_money_score:+15.5,tier=;reason=;cat_days=NA;strength=missing;decay_w=0.0,v1.3.0,31f399e0,1,,0,,"{""burn_ttm"": 0.0, ""cash_total"": 1945371000.0, ""dilution_risk"": null, ""has_revenue"": null, ""lead_phase"": null, ""runway_months"": null, ""stage_bucket"": ""late"", ""surv_score"": ""3.0"", ""tier1_count"": 5}",late|none|nonpos,0.08291288555347091,75.1545,0.8822,0,1,-0.4537,0.8822,5,5,buying,0.8065,elite_5,0.0,0.0,0.0,,,0.0,0,0,0,True,False,True,missing,0.0,adequate,<=400bps,343.08,1.0,0,0,1.0,0,1.0,0,,False,no_upcoming,0.099714,price_history,,5,0.8164,price_history,,-0.436613,,27.6383,0.3495,-0.433793,-0.00282,late,mid,none,commercial_biotech,morningstar,,,,0,0.8992198090692124105011933174,57.08,41.25000000000000000000000000,71.5,83.11,33.36141104641302504381253886,77.000,34.9975,-0.3739,3.0,1,37,1.0,2.7522,3,3,0.0149,0.4,0.95,oncology,0.2523,moderate,1.0,41,0.08291288555347091,0.84717,1.0244,33.87,0.684906,0.4815
TARS,"Tarsus Pharmaceuticals, Inc.",110,0.83,C,mod_quality+no_catalyst_data,,,C,0.171698,0.673077,1,,0,,,0,no_upcoming,9,tailwind,deep_drawdown,L,sponsor_confirmed|momentum_tailwind,clinical_score:-34.6;smart_money_score:+30.1;catalyst_score:-11.6,tier=;reason=;cat_days=NA;strength=missing;decay_w=0.0,v1.3.0,31f399e0,1,,0,,"{""burn_ttm"": 12451000.0, ""cash_total"": 417267000.0, ""dilution_risk"": null, ""has_revenue"": null, ""lead_phase"": null, ""runway_months"": 234.13466753951184, ""stage_bucket"": ""late"", ""surv_score"": ""0.0"", ""tier1_count"": 8}",late|none|nonpos,0.08291288555347091,53.651316,0.867,0,1,-1.1102,0.867,8,8,buying,1.9702,elite_8,0.0,0.0,0.0,,,0.0,0,0,0,True,False,True,missing,0.0,adequate,<=1000bps,462.33,0.85,1,0,1.0,0,1.0,0,,False,no_upcoming,0.05272,price_history,,8,1.0927,price_history,,-0.505312,,55.4806,0.4256,-0.433793,-0.071519,late,mid,none,commercial_biotech,morningstar,,,,0,0.8917030814991076740035693040,58.97,41.25000000000000000000000000,83.0,38.66,18.28110376191104327234125414,62.94736842105263157894736842,19.091,-1.0456,3.0,66,2,0.3333,1.0753,2,1,0.0,0.4,0.5,other,-0.459,uncrowded,1.0,46,0.08291288555347091,0.828302,0.9475,25.83,0.55283,0.1328
FOLD,"Amicus Therapeutics, Inc.",111,0.98,C,low_quality+no_catalyst_data,,,C,0.1,0.257692,1,,0,,,0,no_upcoming,9,neutral,deep_drawdown,L,sponsor_confirmed,smart_money_score:+23.2;clinical_score:-14.2;catalyst_score:-9.5,tier=;reason=;cat_days=NA;strength=missing;decay_w=0.0,v1.3.0,31f399e0,1,,0,,"{""burn_ttm"": 0.0, ""cash_total"": 293536000.0, ""dilution_risk"": null, ""has_revenue"": null, ""lead_phase"": null, ""runway_months"": null, ""stage_bucket"": ""late"", ""surv_score"": ""1.0"", ""tier1_count"": 6}",late|none|nonpos,0.08291288555347091,38.747526,0.8874,0,1,-0.3119,0.8874,6,6,buying,1.1944,elite_6,0.0,0.0,0.0,,,0.0,0,0,0,True,False,True,missing,0.0,adequate,<=400bps,259.01,1.0,0,0,1.0,0,1.0,0,,False,no_upcoming,-0.028589,price_history,,6,0.9885,price_history,,-0.367788,,34.5324,0.6001,-0.433793,0.066005,late,mid,none,commercial_biotech,morningstar,,,,0,0.9,50.49,41.25000000000000000000000000,74.0,15.54,36.61867701836043743443822589,51.57894736842105263157894737,36.1591,-0.3248,3.0,1001,27,1.0,0.0008,0,0,0.0,0.7,0.75,rare_disease,0.7265,highly_crowded,1.0,27,0.08291288555347091,0.9,1.2816,34.24,0.703774,0.5353
AQST,"Aquestive Therapeutics, Inc.",112,0.83,C,mod_quality+no_catalyst_data,,,C,0.035849,0.788462,1,,0,,,0,no_upcoming,9,neutral,deep_drawdown,L,sponsor_confirmed,smart_money_score:+22.4;clinical_score:-17.8;catalyst_score:-8.3,tier=;reason=;cat_days=NA;strength=missing;decay_w=0.0,v1.3.0,31f399e0,1,,0,,"{""burn_ttm"": 43963000.0, ""cash_total"": 129063000.0, ""dilution_risk"": null, ""has_revenue"": null, ""lead_phase"": null, ""runway_months"": 35.22862407024088, ""stage_bucket"": ""late"", ""surv_score"": ""0.0"", ""tier1_count"": 4}",late|none|nonpos,0.08291288555347091,61.097808,0.8792,0,1,-0.6626,0.8792,4,4,buying,0.4186,elite_4,0.0,0.0,0.0,,,0.0,0,0,0,True,False,True,missing,0.0,adequate,<=1000bps,726.16,0.85,1,0,1.0,0,1.0,0,,False,no_upcoming,-0.18505,price_history,,4,0.9622,price_history,,-0.544741,,51.7173,0.9486,-0.433793,-0.110948,late,small,none,commercial_pharma,morningstar,,,,0,0.8092350046860356138706654171,46.47,41.25000000000000000000000000,72.0,75.64,31.76292862482019585304112411,56.28846153846153846153846154,30.0046,-0.5847,3.0,,4,1.0,0.0,0,0,0.0,0.3,0.6,cns,0.7265,highly_crowded,1.0,10,0.08291288555347091,0.964151,1.801,22.94,0.503774,0.0095
CRMD,CorMedix Inc.,113,0.83,C,mod_quality+no_catalyst_data,,,C,0.081132,0.811538,1,,0,,,0,no_upcoming,9,tailwind,deep_drawdown,L,sponsor_confirmed|momentum_tailwind,clinical_score:-37.1;momentum_score:+21.9;smart_money_score:+16.8,tier=;reason=;cat_days=NA;strength=missing;decay_w=0.0,v1.3.0,31f399e0,1,,0,,"{""burn_ttm"": 0.0, ""cash_total"": 55716811.0, ""dilution_risk"": null, ""has_revenue"": null, ""lead_phase"": null, ""runway_months"": null, ""stage_bucket"": ""late"", ""surv_score"": ""1.0"", ""tier1_count"": 2}",late|none|nonpos,0.08291288555347091,64.180663,0.8332,0,1,-1.5994,0.8332,2,2,buying,-0.3571,elite_2,0.0,0.0,0.0,,,0.0,0,0,0,True,False,True,missing,0.0,adequate,<=1000bps,707.46,0.85,1,0,1.0,0,1.0,0,,False,no_upcoming,0.089273,price_history,,2,0.6745,price_history,,-0.556987,,54.2314,0.8522,-0.433793,-0.123194,late,small,none,commercial_biotech,morningstar,,,,0,0.7657334589121732987991523428,66.11,41.25000000000000000000000000,61.0,87.16,7.043234653048661754637219615,45.45036160420775805391190006,6.1031,-1.5941,3.0,,3,0.6667,0.0,0,0,0.0,0.4,0.55,infectious_disease,-2.1187,uncrowded,1.0,22,0.08291288555347091,0.918868,1.3975,16.17,0.243396,-0.6954
ARWR,"Arrowhead Pharmaceuticals, Inc.",114,0.59,C,low_quality+no_catalyst_data,,,C,0.039623,0.273077,1,,0,,,0,no_upcoming,9,headwind,deep_drawdown,M,sponsor_confirmed|momentum_headwind,clinical_score:-27.7;smart_money_score:+17.1;financial_score:+12.4,tier=;reason=;cat_days=NA;strength=missing;decay_w=0.0,v1.3.0,31f399e0,1,,0,,"{""burn_ttm"": 0.0, ""cash_total"": 714967000.0, ""dilution_risk"": null, ""has_revenue"": null, ""lead_phase"": null, ""runway_months"": null, ""stage_bucket"": ""late"", ""surv_score"": ""5.0"", ""tier1_count"": 2}",late|none|nonpos,0.08291288555347091,39.751105,0.8578,0,1,-1.2011,0.8578,2,2,buying,-0.3571,elite_2,0.0,0.0,0.0,,,0.0,0,0,0,True,False,True,missing,0.0,adequate,<=400bps,234.38,1.0,0,0,1.0,0,1.0,0,,False,no_upcoming,-0.074613,price_history,,2,1.2063,price_history,,-0.524801,,35.317,0.7267,-0.433793,-0.091008,late,mid,none,commercial_biotech,morningstar,,,,0,0.7957586865215731195112638412,44.85,41.25000000000000000000000000,61.0,15.54,16.19242341442578878273377680,56.31578947368421052631578947,17.0023,-1.1338,3.0,787,14,1.0,1.2162,2,2,0.0,0.4,0.5,respiratory,-0.459,uncrowded,1.0,11,0.08291288555347091,0.960377,1.7551,17.17,0.322642,-0.4603
IOVA,"Iovance Biotherapeutics, Inc.",115,0.25,C,low_quality,,,C,0.530189,0.188462,1,,0,,58,1,specific_days,9,headwind,deep_drawdown,S,sponsor_confirmed|momentum_headwind|runway_short,financial_score:-26.7;clinical_score:+16.7;smart_money_score:+10.0,tier=;reason=;cat_days=58;strength=near;decay_w=1.0,v1.3.0,31f399e0,1,,0,,"{""burn_ttm"": 302408000.0, ""cash_total"": 296980000.0, ""dilution_risk"": null, ""has_revenue"": null, ""lead_phase"": null, ""runway_months"": 11.784608872781144, ""stage_bucket"": ""mid"", ""surv_score"": ""-1.0"", ""tier1_count"": 2}",mid|near_31_90|pos,0.014662131736526944,34.182169,0.4105,0,1,0.7817,0.4105,2,2,neutral,-0.3571,elite_2,0.0,0.0,0.0,,,0.0,0,0,0,True,False,True,near,1.0,short,<=1000bps,449.86,0.85,1,0,1.0,0,1.0,0,58,True,specific_days,0.023277,price_history,,2,1.2289,price_history,,-0.635264,,33.4867,0.9724,-0.433793,-0.201471,mid,small,sev2,commercial_biotech,morningstar,,,,0,0.7638601446000903750564844103,45.83,44.23827600000000000000000000,55.0,47.94,61.73913043478260869565217391,18.30482041587901701323251417,62.2855,0.7785,2.0,58,16,1.0,0.966,1,2,0.0,0.3,0.95,oncology,0.7265,highly_crowded,1.0,141,0.014662131736526944,0.469811,-0.0757,12.17,0.133962,-1.1079
ARVN,"Arvinas, Inc.",116,0.83,B,high_quality+no_catalyst_data,,,B,0.866038,0.919231,1,,0,,,0,no_upcoming,9,tailwind,deep_drawdown,L,sponsor_confirmed|momentum_tailwind,catalyst_score:-18.1;financial_score:+9.1;smart_money_score:+6.6,tier=;reason=;cat_days=NA;strength=missing;decay_w=0.0,v1.3.0,31f399e0,1,,0,,"{""burn_ttm"": 273800000.0, ""cash_total"": 685400000.0, ""dilution_risk"": null, ""has_revenue"": null, ""lead_phase"": null, ""runway_months"": 30.030679327976625, ""stage_bucket"": ""early"", ""surv_score"": ""5.0"", ""tier1_count"": 4}",early|none|pos,-0.1,73.5525,-1.2717,787,1,0.9158,-1.2717,4,4,buying,0.4186,elite_4,0.0,0.0,0.0,,,0.0,0,0,0,True,False,True,missing,0.0,adequate,<=1000bps,932.46,0.85,1,0,1.0,0,1.0,0,,False,no_upcoming,0.056353,price_history,,4,0.8088,price_history,,-0.401687,,41.9011,0.6174,-0.433793,0.032106,early,small,none,commercial_biotech,morningstar,,,,0,0.7273806929614295053388537808,56.25,41.25000000000000000000000000,66.0,90.00,64.81927710843373493975903614,68.450,63.761,0.8408,1.0,787,2,0.3333,0.0007,0,0,0.0,0.3,0.85,oncology,0.7265,highly_crowded,1.0,230,-0.1,0.133962,-1.1079,42.08,0.835849,0.9775
HROW,"Harrow, Inc.",117,0.83,C,low_quality+no_catalyst_data,,,C,0.907547,0.103846,1,,0,,,0,no_upcoming,9,tailwind,deep_drawdown,L,momentum_tailwind,financial_score:-17.5;clinical_score:+8.9;momentum_score:+7.7,tier=;reason=;cat_days=NA;strength=missing;decay_w=0.0,v1.3.0,31f399e0,1,,0,,"{""burn_ttm"": 0.0, ""cash_total"": 74290000.0, ""dilution_risk"": null, ""has_revenue"": null, ""lead_phase"": null, ""runway_months"": null, ""stage_bucket"": ""early"", ""surv_score"": ""-1.0"", ""tier1_count"": 1}",early|none|pos,-0.1,30.251658,-1.415,,0,0.374,-1.415,1,1,buying,-0.745,elite_1,0.0,0.0,0.0,,,0.0,0,0,0,True,False,True,missing,0.0,adequate,<=1000bps,581.17,0.85,1,0,1.0,0,1.0,0,,False,no_upcoming,-0.074598,price_history,,1,0.5056,price_history,,-0.369167,,41.784,0.6339,-0.433793,0.064626,early,mid,none,commercial_pharma,morningstar,,,,0,0.7660387897595034910783553142,55.68,41.25000000000000000000000000,55.5,15.54,56.86746987951807228915662650,30.39257431331752713665908615,55.0401,0.4725,0.0,,2,0.0,0.0,0,0,0.0,0.0,0.55,infectious_disease,0.7265,highly_crowded,1.0,241,-0.1,0.092453,-1.3258,34.39,0.707547,0.5462
IDYA,"IDEAYA Biosciences, Inc.",118,0.5,C,low_quality+no_catalyst_data,,,C,0.911321,0.426923,1,,0,,,0,no_upcoming,9,headwind,deep_drawdown,M,sponsor_confirmed|momentum_headwind,momentum_score:-16.9;financial_score:+14.7;smart_money_score:+12.3,tier=;reason=;cat_days=NA;strength=missing;decay_w=0.0,v1.3.0,31f399e0,1,,0,,"{""burn_ttm"": 71098000.0, ""cash_total"": 639388000.0, ""dilution_risk"": null, ""has_revenue"": null, ""lead_phase"": null, ""runway_months"": 107.9166221272047, ""stage_bucket"": ""early"", ""surv_score"": ""5.0"", ""tier1_count"": 6}",early|none|pos,-0.1,45.917464,-1.3156,1763,1,0.4438,-1.3156,6,6,neutral,1.1944,elite_6,0.0,0.0,0.0,,,0.0,0,0,0,True,False,True,missing,0.0,adequate,<=1000bps,591.25,0.85,1,0,1.0,0,1.0,0,,False,no_upcoming,-0.152242,price_history,,6,1.1536,price_history,,-0.554284,,27.4131,0.3864,-0.433793,-0.120491,early,mid,none,commercial_biotech,morningstar,,,,0,0.7999746966688727112287668211,35.73,41.25000000000000000000000000,65.0,24.23,53.97590361445783132530120482,67.31325301204819277108433735,52.9176,0.3829,1.0,1763,2,0.3333,0.0,0,0,0.0,0.3,0.85,oncology,0.7265,highly_crowded,1.0,242,-0.1,0.088679,-1.3489,45.73,0.903774,1.3034
TWST,Twist Bioscience Corporation,119,0.25,C,low_quality+no_catalyst_data,,,C,0.764151,0.288462,1,,0,,,0,no_upcoming,9,headwind,deep_drawdown,S,momentum_headwind,clinical_score:+19.2;financial_score:-11.0;momentum_score:-9.1,tier=;reason=;cat_days=NA;strength=missing;decay_w=0.0,v1.3.0,31f399e0,1,,0,,"{""burn_ttm"": 24814000.0, ""cash_total"": 197949000.0, ""dilution_risk"": null, ""has_revenue"": null, ""lead_phase"": null, ""runway_months"": 95.72773434351576, ""stage_bucket"": ""early"", ""surv_score"": ""1.0"", ""tier1_count"": 1}",early|none|nonpos,-0.015227360946745564,39.906242,-1.3789,,0,,-1.3789,1,1,selling,-0.745,elite_1,0.0,0.0,0.0,,,0.0,0,0,0,True,False,True,missing,0.0,adequate,<=1000bps,402.96,0.85,1,0,1.0,0,1.0,0,,False,no_upcoming,-0.023018,price_history,,1,1.5819,price_history,,-0.668708,,35.3039,0.6351,-0.433793,-0.234915,early,mid,none,platform_diagnostics,morningstar,,,,0,0.7583047126436781609195402299,35.75,41.25000000000000000000000000,49.5,50,64.09638554216867469879518072,33.90275963290914662666731183,62.9368,0.806,0.0,,2,0.0,0.0,0,0,0.0,0.0,0.75,cardiovascular,0.7265,highly_crowded,1.0,203,-0.015227360946745564,0.235849,-0.7197,37.16,0.767925,0.732
MEDP,"Medpace Holdings, Inc.",120,0.59,C,low_quality+no_catalyst_data,,,C,0.692453,0.396154,1,,0,,,0,no_upcoming,9,neutral,,M,,catalyst_score:-10.1;clinical_score:+9.9;momentum_score:+0.5,tier=;reason=;cat_days=NA;strength=missing;decay_w=0.0,v1.3.0,31f399e0,1,,0,,"{""burn_ttm"": 0.0, ""cash_total"": 497049000.0, ""dilution_risk"": null, ""has_revenue"": null, ""lead_phase"": null, ""runway_months"": null, ""stage_bucket"": ""early"", ""surv_score"": ""3.0"", ""tier1_count"": 0}",early|none|nonpos,-0.015227360946745564,44.237952,-1.3891,,0,,-1.3891,0,0,neutral,-1.1329,,0.0,0.0,0.0,,,0.0,0,0,0,True,False,True,missing,0.0,adequate,<=400bps,270.97,1.0,0,0,1.0,0,1.0,0,,False,no_upcoming,-0.198404,price_history,,0,0.3654,price_history,,-0.341158,,40.5049,0.2643,-0.433793,0.092635,early,large,none,platform_diagnostics,morningstar,,,,0,0.8532246430216490096729617688,51.86,41.25000000000000000000000000,,31.08,61.20481927710843373493975904,51.08433734939759036144578313,59.7274,0.6704,0.0,,6,0.0,0.0,0,0,0.0,0.0,0.5,dermatology,-3.5413,uncrowded,1.0,184,-0.015227360946745564,0.307547,-0.5028,35.70,0.733962,0.6248
STOK,"Stoke Therapeutics, Inc.",121,0.83,C,mod_quality+no_catalyst_data,,,C,0.850943,0.603846,1,,0,,,0,no_upcoming,9,tailwind,deep_drawdown,L,sponsor_confirmed|momentum_tailwind,smart_money_score:+26.8;clinical_score:-22.7;catalyst_score:-11.9,tier=;reason=;cat_days=NA;strength=missing;decay_w=0.0,v1.3.0,31f399e0,1,,0,,"{""burn_ttm"": 0.0, ""cash_total"": 83394000.0, ""dilution_risk"": null, ""has_revenue"": null, ""lead_phase"": null, ""runway_months"": null, ""stage_bucket"": ""mid"", ""surv_score"": ""5.0"", ""tier1_count"": 6}",mid|none|nonpos,-0.030147721518987338,50.686,-0.8047,620,1,-0.5794,-0.8047,6,6,buying,1.1944,elite_6,0.0,0.0,0.0,,,0.0,0,0,0,True,False,True,missing,0.0,adequate,<=1000bps,603.91,0.85,1,0,1.0,0,1.0,0,,False,no_upcoming,0.193336,price_history,,6,0.9991,price_history,,-0.644712,,49.3238,0.7422,-0.433793,-0.210919,mid,mid,none,commercial_biotech,morningstar,,,,0,0.7884608316103836434642775098,64.07,41.25000000000000000000000000,80.0,43.92,30.47469019113631590002100399,50,29.0664,-0.6244,2.0,620,1,0.0,0.0014,0,0,0.0,0.3,0.5,other,-3.3042,uncrowded,1.0,226,-0.030147721518987338,0.149057,-1.0405,30.64,0.624528,0.3174
IMCR,Immunocore Holdings plc,122,0.83,C,mod_quality+no_catalyst_data,,,C,0.816981,0.834615,1,,0,,,0,no_upcoming,9,neutral,deep_drawdown,L,sponsor_confirmed,clinical_score:-41.5;smart_money_score:+30.5;financial_score:+18.9,tier=;reason=;cat_days=NA;strength=missing;decay_w=0.0,v1.3.0,31f399e0,1,,0,,"{""burn_ttm"": 10712000.0, ""cash_total"": 864153000.0, ""dilution_risk"": null, ""has_revenue"": null, ""lead_phase"": null, ""runway_months"": 453.2667191188041, ""stage_bucket"": ""mid"", ""surv_score"": ""4.0"", ""tier1_count"": 6}",mid|none|nonpos,-0.030147721518987338,66.577,-0.8226,472,1,-1.557,-0.8226,6,6,buying,1.1944,elite_6,0.0,0.0,0.0,,,0.0,0,0,0,True,False,True,missing,0.0,adequate,<=1000bps,888.71,0.85,1,0,1.0,0,1.0,0,,False,no_upcoming,0.002233,price_history,,6,1.0587,price_history,,-0.515152,,42.3975,0.4195,-0.433793,-0.081359,mid,small,none,commercial_biotech,morningstar,,,,0,0.8655922862246037061844161643,49.88,41.25000000000000000000000000,80.0,73.71,8.017223272421760134425540846,68.450,6.9589,-1.558,2.0,472,7,1.0,0.0448,0,0,0.0,0.3,0.95,oncology,0.7265,highly_crowded,1.0,217,-0.030147721518987338,0.183019,-0.9039,21.38,0.458491,-0.1042
ANAB,"AnaptysBio, Inc.",123,0.83,C,low_quality+no_catalyst_data,,,C,0.503774,0.211538,1,,0,,,0,no_upcoming,9,tailwind,,L,sponsor_confirmed|momentum_tailwind,financial_score:-34.9;momentum_score:+17.3;smart_money_score:+16.6,tier=;reason=;cat_days=NA;strength=missing;decay_w=0.0,v1.3.0,31f399e0,1,,0,,"{""burn_ttm"": 78300000.0, ""cash_total"": 109833000.0, ""dilution_risk"": null, ""has_revenue"": null, ""lead_phase"": null, ""runway_months"": 16.83264367816092, ""stage_bucket"": ""mid"", ""surv_score"": ""2.0"", ""tier1_count"": 5}",mid|none|pos,0.014662131736526944,34.609495,-0.7148,321,1,1.1224,-0.7148,5,5,buying,0.8065,elite_5,0.0,0.0,0.0,,,0.0,0,0,0,True,False,True,missing,0.0,adequate,<=1000bps,634.48,0.85,1,0,1.0,0,1.0,0,,False,no_upcoming,0.220936,price_history,,5,0.9137,price_history,,-0.192472,,45.8646,0.5912,-0.433793,0.241321,mid,small,sev1,commercial_biotech,morningstar,,,,0,0.8316624621594349142280524723,72.25,41.25000000000000000000000000,71.5,31.82,69.56521739130434782608695652,20.04998949800462087796681370,68.2751,1.0314,2.0,321,6,1.0,0.0689,0,0,0.0,0.4,0.5,dermatology,0.7265,highly_crowded,1.0,134,0.014662131736526944,0.496226,-0.0095,30.10,0.616981,0.2976
DAWN,"Day One Biopharmaceuticals, Inc.",124,0.25,C,low_quality+no_catalyst_data,,,C,0.801887,0.503846,1,,0,,,0,no_upcoming,9,headwind,deep_drawdown,S,momentum_headwind,financial_score:+20.2;clinical_score:-15.4;catalyst_score:-7.0,tier=;reason=;cat_days=NA;strength=missing;decay_w=0.0,v1.3.0,31f399e0,1,,0,,"{""burn_ttm"": 103757000.0, ""cash_total"": 441113000.0, ""dilution_risk"": null, ""has_revenue"": null, ""lead_phase"": null, ""runway_months"": 51.01685669400619, ""stage_bucket"": ""mid"", ""surv_score"": ""4.0"", ""tier1_count"": 1}",mid|none|nonpos,-0.030147721518987338,47.478,-0.8033,857,1,-0.4795,-0.8033,1,1,neutral,-0.745,elite_1,0.0,0.0,0.0,,,0.0,0,0,0,True,False,True,missing,0.0,adequate,<=1000bps,612.55,0.85,1,0,1.0,0,1.0,0,,False,no_upcoming,-0.126814,price_history,,1,0.7691,price_history,,-0.571275,,33.9981,0.8040,-0.433793,-0.137482,mid,small,none,commercial_biotech,morningstar,,,,0,0.7607570188296313000338256850,43.60,41.25000000000000000000000000,55.0,22.73,32.76832598193656794791010292,68.450,32.1374,-0.4947,2.0,857,3,0.6667,0.0008,0,0,0.3333,0.3,0.95,oncology,0.7265,highly_crowded,1.0,213,-0.030147721518987338,0.198113,-0.8484,25.88,0.560377,0.1519
BIOA,"BioAge Labs, Inc.",125,0.83,C,low_quality+no_catalyst_data,,,C,0.786792,0.557692,1,,0,,,0,no_upcoming,9,neutral,drawdown_data_missing,L,sponsor_confirmed,clinical_score:-42.0;smart_money_score:+25.0;financial_score:+19.6,tier=;reason=;cat_days=NA;strength=missing;decay_w=0.0,v1.3.0,31f399e0,1,,0,,"{""burn_ttm"": 53376000.0, ""cash_total"": 285778000.0, ""dilution_risk"": null, ""has_revenue"": null, ""lead_phase"": null, ""runway_months"": 63.32104316546763, ""stage_bucket"": ""mid"", ""surv_score"": ""5.0"", ""tier1_count"": 4}",mid|none|nonpos,-0.030147721518987338,48.970348,-0.049,28,1,-1.7676,-0.049,4,4,buying,0.4186,elite_4,0.0,0.0,0.0,,,0.0,0,0,0,True,False,True,missing,0.0,adequate,<=1000bps,809.82,0.85,1,0,1.0,0,1.0,0,,False,no_upcoming,,,beta_missing:series_too_short,4,,,series_too_short,,no_price_series,,1.0312,-0.433793,,mid,small,none,commercial_pharma,morningstar,,,drawdown,1,0.7916148247676631956107938641,50,41.25000000000000000000000000,72.0,25.76,5,66.56521739130434782608695652,5.4599,-1.6213,2.0,28,3,0.6667,1.5056,2,2,0.0,0.4,0.55,infectious_disease,0.7265,highly_crowded,1.0,209,-0.030147721518987338,0.213208,-0.7953,20.69,0.443396,-0.1424
XERS,"Xeris Biopharma Holdings, Inc.",126,0.83,C,low_quality+no_catalyst_data,,,C,0.779245,0.034615,1,,0,,,0,no_upcoming,9,neutral,drawdown_data_missing,L,sponsor_confirmed,clinical_score:-26.6;smart_money_score:+25.3;financial_score:-16.4,tier=;reason=;cat_days=NA;strength=missing;decay_w=0.0,v1.3.0,31f399e0,1,,0,,"{""burn_ttm"": 0.0, ""cash_total"": 91598000.0, ""dilution_risk"": null, ""has_revenue"": null, ""lead_phase"": null, ""runway_months"": null, ""stage_bucket"": ""early"", ""surv_score"": ""-1.0"", ""tier1_count"": 3}",early|none|nonpos,-0.015227360946745564,26.58911,-1.5048,,0,-1.2715,-1.5048,3,3,buying,0.0307,elite_3,0.0,0.0,0.0,,,0.0,0,0,0,True,False,True,missing,0.0,adequate,<=1000bps,895.88,0.85,1,0,1.0,0,1.0,0,,False,no_upcoming,,,beta_missing:series_too_short,3,,,series_too_short,,no_price_series,,0.6845,-0.433793,,early,small,sev1,commercial_biotech,morningstar,,,drawdown,1,0.7038885059978189749182115594,50,50,66.5,15.54,14.57605522491572716569087596,24.77802126450775099423748073,14.7511,-1.2289,,,,,,,,,,,,-1.6445,unknown,1.0,207,-0.015227360946745564,0.220755,-0.7696,14.61,0.198113,-0.8484
VTRS,Viatris Inc.,127,0.98,C,low_quality+no_catalyst_data,,,C,0.775472,0.542308,1,,0,,,0,no_upcoming,9,neutral,,L,sponsor_confirmed,clinical_score:-31.4;smart_money_score:+14.6;momentum_score:+6.9,tier=;reason=;cat_days=NA;strength=missing;decay_w=0.0,v1.3.0,31f399e0,1,,0,,"{""burn_ttm"": 0.0, ""cash_total"": 975300000.0, ""dilution_risk"": null, ""has_revenue"": null, ""lead_phase"": null, ""runway_months"": null, ""stage_bucket"": ""early"", ""surv_score"": ""-1.0"", ""tier1_count"": 2}",early|none|nonpos,-0.015227360946745564,48.900253,-1.5048,,0,-1.3722,-1.5048,2,2,buying,-0.3571,elite_2,0.0,0.0,0.0,,,0.0,0,0,0,True,False,True,missing,0.0,adequate,<=400bps,271.14,1.0,0,0,1.0,0,1.0,0,,False,no_upcoming,-0.134821,price_history,,2,0.1321,price_history,,-0.348324,,21.3376,0.337,-0.433793,0.085469,early,large,sev1,commercial_pharma,morningstar,,,,0,0.7535252171925011431184270690,52.86,50,60.5,42.90,14.57605522491572716569087596,51.80722891566265060240963855,14.7511,-1.2289,,,,,,,,,,,,-1.6445,unknown,1.0,206,-0.015227360946745564,0.224528,-0.757,20.22,0.432075,-0.1711
VCYT,"Veracyte, Inc.",128,0.25,C,low_quality+no_catalyst_data,,,C,0.767925,0.480769,1,,0,,,0,no_upcoming,9,headwind,high_beta|deep_drawdown,S,sponsor_confirmed|momentum_headwind|high_risk,clinical_score:-29.7;smart_money_score:+16.8;financial_score:+9.7,tier=;reason=;cat_days=NA;strength=missing;decay_w=0.0,v1.3.0,31f399e0,1,,0,,"{""burn_ttm"": 0.0, ""cash_total"": 315573000.0, ""dilution_risk"": null, ""has_revenue"": null, ""lead_phase"": null, ""runway_months"": null, ""stage_bucket"": ""early"", ""surv_score"": ""2.0"", ""tier1_count"": 2}",early|none|nonpos,-0.015227360946745564,47.034157,-1.5048,,0,,-1.5048,2,2,buying,-0.3571,elite_2,0.0,0.0,0.0,,,0.0,0,0,0,True,False,True,missing,0.0,adequate,<=1000bps,583.25,0.85,1,0,1.0,0,1.0,0,,False,no_upcoming,0.098225,price_history,,2,1.837,price_history,,-0.562699,,39.2753,0.6453,-0.433793,-0.128906,early,mid,sev1,platform_diagnostics,morningstar,,,,0,0.6976690923317683881064162754,41.59,50,61.0,41.22,14.57605522491572716569087596,53.97590361445783132530120482,14.7511,-1.2289,,,,,,,,,,,,-1.6445,unknown,1.0,204,-0.015227360946745564,0.232075,-0.732,16.92,0.273585,-0.602
TKNO,"Alpha Teknova, Inc.",129,0.32,C,low_quality+no_catalyst_data,,,C,0.760377,0.380769,1,,0,,,0,no_upcoming,9,tailwind,deep_drawdown,M,momentum_tailwind|cost_haircut_>2000bps,clinical_score:-24.8;momentum_score:+23.9;catalyst_score:+10.6,tier=;reason=;cat_days=NA;strength=missing;decay_w=0.0,v1.3.0,31f399e0,1,,0,,"{""burn_ttm"": 8184000.0, ""cash_total"": 22116000.0, ""dilution_risk"": null, ""has_revenue"": null, ""lead_phase"": null, ""runway_months"": 32.42815249266862, ""stage_bucket"": ""early"", ""surv_score"": ""-1.0"", ""tier1_count"": 0}",early|none|nonpos,-0.015227360946745564,43.467718,-1.5048,,0,-1.3722,-1.5048,0,0,neutral,-1.1329,,0.0,0.0,0.0,,,0.0,0,0,0,True,False,True,missing,0.0,adequate,>2000bps,2036.0,0.55,1,0,1.0,0,1.0,0,,False,no_upcoming,0.177379,price_history,,0,1.022,price_history,,-0.387062,,59.5201,0.5979,-0.433793,0.046731,early,micro,sev1,commercial_pharma,morningstar,,,,0,0.6804914634146341463414634146,63.29,50,,50,14.57605522491572716569087596,29.57715198141965452170126288,14.7511,-1.2289,,,,,,,,,,,,-1.6445,unknown,1.0,202,-0.015227360946745564,0.239623,-0.7075,11.38,0.111321,-1.2195
SERA,"Sera Prognostics, Inc.",130,0.08,C,mod_quality+no_catalyst_data,,,C,0.75283,0.773077,1,,0,,,0,no_upcoming,9,headwind,deep_drawdown,XS,momentum_headwind|cost_haircut_>2000bps,smart_money_score:+11.5;momentum_score:-10.4;financial_score:+6.1,tier=;reason=;cat_days=NA;strength=missing;decay_w=0.0,v1.3.0,31f399e0,1,,0,,"{""burn_ttm"": 19503000.0, ""cash_total"": 43304000.0, ""dilution_risk"": null, ""has_revenue"": null, ""lead_phase"": null, ""runway_months"": 26.633591307467583, ""stage_bucket"": ""early"", ""surv_score"": ""3.0"", ""tier1_count"": 1}",early|none|nonpos,-0.015227360946745564,60.778795,-1.4577,,0,,-1.4577,1,1,buying,-0.745,elite_1,0.0,0.0,0.0,,,0.0,0,0,0,True,False,True,missing,0.0,adequate,>2000bps,2050.0,0.55,1,0,1.0,0,1.0,0,,False,no_upcoming,-0.411478,price_history,,1,0.3813,price_history,,-0.632669,,28.2806,,-0.433793,-0.198876,early,micro,none,platform_devices,morningstar,,,,0,0.7540628675291350368865604619,33.65,41.25000000000000000000000000,55.5,90.00,39.51952387864711859486137321,50.10843373493975903614457831,38.0421,-0.2453,0.0,1008,3,0.0,0.0,0,0,0.0,0.0,0.5,other,-2.1187,uncrowded,1.0,200,-0.015227360946745564,0.24717,-0.6834,25.90,0.564151,0.1615
RPRX,Royalty Pharma plc,131,0.98,C,mod_quality+no_catalyst_data,,,C,0.745283,0.75,1,,0,,,0,no_upcoming,9,tailwind,,L,momentum_tailwind,clinical_score:-32.3;momentum_score:+22.4;smart_money_score:+5.7,tier=;reason=;cat_days=NA;strength=missing;decay_w=0.0,v1.3.0,31f399e0,1,,0,,"{""burn_ttm"": 0.0, ""cash_total"": 618696000.0, ""dilution_risk"": null, ""has_revenue"": null, ""lead_phase"": null, ""runway_months"": null, ""stage_bucket"": ""early"", ""surv_score"": ""3.0"", ""tier1_count"": 1}",early|none|nonpos,-0.015227360946745564,58.553129,-1.5048,,0,-1.2715,-1.5048,1,1,neutral,-0.745,elite_1,0.0,0.0,0.0,,,0.0,0,0,0,True,False,True,missing,0.0,adequate,<=400bps,240.28,1.0,0,0,1.0,0,1.0,0,,False,no_upcoming,0.070297,price_history,,1,0.2548,price_history,,-0.196069,,45.0101,0.257,-0.433793,0.237724,early,large,sev1,commercial_biotech,morningstar,,,,0,0.7531689655172413793103448276,69.21,50,52.5,66.23,14.57605522491572716569087596,47.84584119610974016548120192,14.7511,-1.2289,,,,,,,,,,,,-1.6445,unknown,1.0,198,-0.015227360946745564,0.254717,-0.6597,16.88,0.269811,-0.6134
RGEN,Repligen Corporation,132,0.98,C,low_quality+no_catalyst_data,,,C,0.741509,0.403846,1,,0,,,0,no_upcoming,9,neutral,deep_drawdown,L,sponsor_confirmed,clinical_score:-28.3;smart_money_score:+17.6;catalyst_score:+7.1,tier=;reason=;cat_days=NA;strength=missing;decay_w=0.0,v1.3.0,31f399e0,1,,0,,"{""burn_ttm"": 0.0, ""cash_total"": 748747000.0, ""dilution_risk"": null, ""has_revenue"": null, ""lead_phase"": null, ""runway_months"": null, ""stage_bucket"": ""early"", ""surv_score"": ""-1.0"", ""tier1_count"": 3}",early|none|nonpos,-0.015227360946745564,44.676008,-1.5048,,0,,-1.5048,3,3,buying,0.0307,elite_3,0.0,0.0,0.0,,,0.0,0,0,0,True,False,True,missing,0.0,adequate,<=400bps,336.3,1.0,0,0,1.0,0,1.0,0,,False,no_upcoming,-0.06813,price_history,,3,0.889,price_history,,-0.448506,,38.9423,0.4218,-0.433793,-0.014713,early,mid,sev1,platform_devices,morningstar,,,,0,0.7119082823790994997220678155,47.15,50,60.5,46.39,14.57605522491572716569087596,42.24335091369494040418702924,14.7511,-1.2289,,,,,,,,,,,,-1.6445,unknown,1.0,197,-0.015227360946745564,0.258491,-0.648,17.82,0.345283,-0.3981
PRVA,"Privia Health Group, Inc.",133,0.83,C,low_quality+no_catalyst_data,,,C,0.730189,0.373077,1,,0,,,0,no_upcoming,9,tailwind,deep_drawdown,L,momentum_tailwind,clinical_score:-34.1;momentum_score:+22.2;smart_money_score:+6.8,tier=;reason=;cat_days=NA;strength=missing;decay_w=0.0,v1.3.0,31f399e0,1,,0,,"{""burn_ttm"": 0.0, ""cash_total"": 441352000.0, ""dilution_risk"": null, ""has_revenue"": null, ""lead_phase"": null, ""runway_months"": null, ""stage_bucket"": ""early"", ""surv_score"": ""3.0"", ""tier1_count"": 1}",early|none|nonpos,-0.015227360946745564,43.245554,-1.5048,,0,,-1.5048,1,1,buying,-0.745,elite_1,0.0,0.0,0.0,,,0.0,0,0,0,True,False,True,missing,0.0,adequate,<=1000bps,754.69,0.85,1,0,1.0,0,1.0,0,,False,no_upcoming,0.380339,price_history,,1,0.9007,price_history,,-0.494619,,55.337,0.2771,-0.433793,-0.060826,early,mid,sev1,platform_services,morningstar,,,,0,0.7247679982146842222718143272,70.84,50,55.5,15.54,14.57605522491572716569087596,52.53012048192771084337349398,14.7511,-1.2289,,,,,,,,,,,,-1.6445,unknown,1.0,194,-0.015227360946745564,0.269811,-0.6134,17.14,0.307547,-0.5028
PCRX,"Pacira BioSciences, Inc.",134,0.83,B,high_quality+no_catalyst_data,,,B,0.726415,0.942308,1,,0,,,0,no_upcoming,9,tailwind,overbought_rsi,L,momentum_tailwind,clinical_score:-36.4;momentum_score:+33.4;financial_score:+12.8,tier=;reason=;cat_days=NA;strength=missing;decay_w=0.0,v1.3.0,31f399e0,1,,0,,"{""burn_ttm"": 0.0, ""cash_total"": 246334000.0, ""dilution_risk"": null, ""has_revenue"": null, ""lead_phase"": null, ""runway_months"": null, ""stage_bucket"": ""early"", ""surv_score"": ""-1.0"", ""tier1_count"": 0}",early|none|nonpos,-0.015227360946745564,74.188703,-1.5048,,0,-1.3722,-1.5048,0,0,neutral,-1.1329,,0.0,0.0,0.0,,,0.0,0,0,0,True,False,True,missing,0.0,adequate,<=1000bps,713.74,0.85,1,0,1.0,0,1.0,0,,False,no_upcoming,0.35316,price_history,,0,0.2946,price_history,,-0.015517,,78.2749,0.3370,-0.433793,0.418276,early,small,sev1,commercial_pharma,morningstar,,,,0,0.7293044343691252902797744111,84.35,41.25000000000000000000000000,,81.76,14.57605522491572716569087596,63.78378378378378378378378378,13.1761,-1.2954,,,,,0.0,0,0,,0.0,0.5,other,-3.5413,uncrowded,1.0,193,-0.015227360946745564,0.273585,-0.602,18.60,0.375472,-0.3174
PAHC,Phibro Animal Health Corporatio,135,0.83,C,low_quality+no_catalyst_data,,,C,0.722642,0.126923,1,,0,,,0,no_upcoming,9,tailwind,,L,momentum_tailwind,momentum_score:+30.7;clinical_score:-26.5;financial_score:-13.1,tier=;reason=;cat_days=NA;strength=missing;decay_w=0.0,v1.3.0,31f399e0,1,,0,,"{""burn_ttm"": 0.0, ""cash_total"": 74508000.0, ""dilution_risk"": null, ""has_revenue"": null, ""lead_phase"": null, ""runway_months"": null, ""stage_bucket"": ""early"", ""surv_score"": ""1.0"", ""tier1_count"": 0}",early|none|nonpos,-0.015227360946745564,32.334451,-1.5048,,0,-1.3722,-1.5048,0,0,neutral,-1.1329,,0.0,0.0,0.0,,,0.0,0,0,0,True,False,True,missing,0.0,adequate,<=1000bps,831.95,0.85,1,0,1.0,0,1.0,0,,False,no_upcoming,0.042599,price_history,,0,0.2129,price_history,,-0.292538,,54.9688,0.4021,-0.433793,0.141255,early,mid,sev1,commercial_pharma,morningstar,,,,0,0.6964531922080846751491949105,71.70,50,,15.54,14.57605522491572716569087596,27.90100159674843954129772100,14.7511,-1.2289,,,,,,,,,,,,-1.6445,unknown,1.0,192,-0.015227360946745564,0.277358,-0.5907,9.19,0.066038,-1.506
OPCH,"Option Care Health, Inc.",136,0.83,C,mod_quality+no_catalyst_data,,,C,0.715094,0.626923,1,,0,,,0,no_upcoming,9,tailwind,,L,momentum_tailwind,clinical_score:-31.2;momentum_score:+26.4;catalyst_score:+4.2,tier=;reason=;cat_days=NA;strength=missing;decay_w=0.0,v1.3.0,31f399e0,1,,0,,"{""burn_ttm"": 0.0, ""cash_total"": 232624000.0, ""dilution_risk"": null, ""has_revenue"": null, ""lead_phase"": null, ""runway_months"": null, ""stage_bucket"": ""early"", ""surv_score"": ""1.0"", ""tier1_count"": 0}",early|none|nonpos,-0.015227360946745564,51.180139,-1.5048,,0,,-1.5048,0,0,neutral,-1.1329,,0.0,0.0,0.0,,,0.0,0,0,0,True,False,True,missing,0.0,adequate,<=1000bps,411.44,0.85,1,0,1.0,0,1.0,0,,False,no_upcoming,0.145529,price_history,,0,0.5121,price_history,,-0.078032,,61.3967,0.3048,-0.433793,0.355761,early,mid,sev1,platform_services,morningstar,,,,0,0.7335904344897271808689794544,72.22,50,,45.27,14.57605522491572716569087596,46.42586409896614570732730117,14.7511,-1.2289,,,,,,,,,,,,-1.6445,unknown,1.0,190,-0.015227360946745564,0.284906,-0.5683,15.38,0.216981,-0.7824
MYGN,"Myriad Genetics, Inc.",137,0.41,C,low_quality+no_catalyst_data,,,C,0.7,0.55,1,,0,,,0,no_upcoming,9,tailwind,deep_drawdown,M,momentum_tailwind|cost_haircut_<=2000bps,clinical_score:-35.0;financial_score:+22.3;momentum_score:+6.3,tier=;reason=;cat_days=NA;strength=missing;decay_w=0.0,v1.3.0,31f399e0,1,,0,,"{""burn_ttm"": 0.0, ""cash_total"": 149600000.0, ""dilution_risk"": null, ""has_revenue"": null, ""lead_phase"": null, ""runway_months"": null, ""stage_bucket"": ""early"", ""surv_score"": ""-1.0"", ""tier1_count"": 1}",early|none|nonpos,-0.015227360946745564,48.966351,-1.5048,,0,,-1.5048,1,1,buying,-0.745,elite_1,0.0,0.0,0.0,,,0.0,0,0,0,True,False,True,missing,0.0,adequate,<=2000bps,1416.19,0.7,1,0,1.0,0,1.0,0,,False,no_upcoming,0.120014,price_history,,1,0.9227,price_history,,-0.381615,,34.9368,0.6452,-0.433793,0.052178,early,small,sev1,platform_diagnostics,morningstar,,,,0,0.6180379397816256755266350502,55.88,50,55.5,15.54,14.57605522491572716569087596,71.89189189189189189189189189,14.7511,-1.2289,,,,,,,,,,,,-1.6445,unknown,1.0,186,-0.015227360946745564,0.3,-0.5244,15.45,0.220755,-0.7696
MRVI,"Maravai LifeSciences Holdings, Inc.",138,0.41,C,low_quality+no_catalyst_data,,,C,0.696226,0.534615,1,,0,,,0,no_upcoming,9,tailwind,overbought_rsi,M,momentum_tailwind|cost_haircut_<=2000bps,clinical_score:-28.0;momentum_score:+25.7;catalyst_score:+7.5,tier=;reason=;cat_days=NA;strength=missing;decay_w=0.0,v1.3.0,31f399e0,1,,0,,"{""burn_ttm"": 34805000.0, ""cash_total"": 243574000.0, ""dilution_risk"": null, ""has_revenue"": null, ""lead_phase"": null, ""runway_months"": 82.10337595173107, ""stage_bucket"": ""early"", ""surv_score"": ""-2.0"", ""tier1_count"": 0}",early|none|nonpos,-0.015227360946745564,47.970817,-1.5048,,0,-1.2715,-1.5048,0,0,neutral,-1.1329,,0.0,0.0,0.0,,,0.0,0,0,0,True,False,True,missing,0.0,adequate,<=2000bps,1558.12,0.7,1,0,1.0,0,1.0,0,,False,no_upcoming,0.148776,price_history,,0,0.7496,price_history,,-0.348565,,73.1109,0.6854,-0.433793,0.085228,early,small,sev1,commercial_biotech,morningstar,,,,0,0.6673252766757151806222593443,68.21,50,,50,14.57605522491572716569087596,37.39737034331628926223520819,14.7511,-1.2289,,,,,,,,,,,,-1.6445,unknown,1.0,185,-0.015227360946745564,0.303774,-0.5136,11.68,0.126415,-1.1435
LGND,Ligand Pharmaceuticals Incorporated,139,0.5,C,low_quality+no_catalyst_data,,,C,0.688679,0.35,1,,0,,,0,no_upcoming,9,neutral,deep_drawdown,M,,clinical_score:-28.7;financial_score:+18.7;catalyst_score:+6.7,tier=;reason=;cat_days=NA;strength=missing;decay_w=0.0,v1.3.0,31f399e0,1,,0,,"{""burn_ttm"": 0.0, ""cash_total"": 664522000.0, ""dilution_risk"": null, ""has_revenue"": null, ""lead_phase"": null, ""runway_months"": null, ""stage_bucket"": ""early"", ""surv_score"": ""3.0"", ""tier1_count"": 0}",early|none|nonpos,-0.015227360946745564,42.61647,-1.5048,,0,-1.2715,-1.5048,0,0,neutral,-1.1329,,0.0,0.0,0.0,,,0.0,0,0,0,True,False,True,missing,0.0,adequate,<=1000bps,494.19,0.85,1,0,1.0,0,1.0,0,,False,no_upcoming,-0.117778,price_history,,0,0.9387,price_history,,-0.416074,,34.3589,0.2960,-0.433793,0.017719,early,mid,sev1,commercial_biotech,morningstar,,,,0,0.7264388707681925542683612642,46.55,50,,15.54,14.57605522491572716569087596,61.92771084337349397590361446,14.7511,-1.2289,,,,,,,,,,,,-1.6445,unknown,1.0,183,-0.015227360946745564,0.311321,-0.4921,17.16,0.318868,-0.4709
LFCR,"Lifecore Biomedical, Inc.",140,0.32,C,low_quality+no_catalyst_data,,,C,0.684906,0.111538,1,,0,,,0,no_upcoming,9,tailwind,,M,momentum_tailwind|cost_haircut_>2000bps,momentum_score:+40.7;clinical_score:-27.0;financial_score:-22.0,tier=;reason=;cat_days=NA;strength=missing;decay_w=0.0,v1.3.0,31f399e0,1,,0,,"{""burn_ttm"": 0.0, ""cash_total"": 18856000.0, ""dilution_risk"": null, ""has_revenue"": null, ""lead_phase"": null, ""runway_months"": null, ""stage_bucket"": ""early"", ""surv_score"": ""1.0"", ""tier1_count"": 0}",early|none|nonpos,-0.015227360946745564,30.715124,-1.5048,,0,-1.3722,-1.5048,0,0,neutral,-1.1329,,0.0,0.0,0.0,,,0.0,0,0,0,True,False,True,missing,0.0,adequate,>2000bps,2020.0,0.55,1,0,1.0,0,1.0,0,,False,no_upcoming,0.341308,price_history,,0,0.2048,price_history,,-0.081377,,59.9585,0.4595,-0.433793,0.352416,early,micro,sev1,commercial_pharma,morningstar,,,,0,0.7115350097129289876969566156,82.31,50,,15.54,14.57605522491572716569087596,19.58694214609441783197045209,14.7511,-1.2289,,,,,,,,,,,,-1.6445,unknown,1.0,182,-0.015227360946745564,0.315094,-0.4815,7.58,0.032075,-1.8511
KROS,"Keros Therapeutics, Inc.",141,0.68,B,high_quality+no_catalyst_data,,,B,0.681132,0.988462,1,,0,,,0,no_upcoming,9,tailwind,,L,sponsor_confirmed|momentum_tailwind|cost_haircut_<=2000bps,clinical_score:-40.2;momentum_score:+23.6;financial_score:+18.8,tier=;reason=;cat_days=NA;strength=missing;decay_w=0.0,v1.3.0,31f399e0,1,,0,,"{""burn_ttm"": 0.0, ""cash_total"": 693472000.0, ""dilution_risk"": null, ""has_revenue"": null, ""lead_phase"": null, ""runway_months"": null, ""stage_bucket"": ""early"", ""surv_score"": ""5.0"", ""tier1_count"": 4}",early|none|nonpos,-0.015227360946745564,80.243081,-1.5048,,0,-1.2715,-1.5048,4,4,buying,0.4186,elite_4,0.0,0.0,0.0,,,0.0,0,0,0,True,False,True,missing,0.0,adequate,<=2000bps,1232.31,0.7,1,0,1.0,0,1.0,0,,False,no_upcoming,0.28305,price_history,,4,1.3784,price_history,,-0.299672,,45.6161,0.4961,-0.433793,0.134121,early,small,sev1,commercial_biotech,morningstar,,,,0,0.7353643793706293706293706294,78.31,41.25000000000000000000000000,66.0,90.00,14.57605522491572716569087596,73.51351351351351351351351351,13.1761,-1.2954,,,,,0.0,0,0,,0.0,0.5,other,-0.459,uncrowded,1.0,181,-0.015227360946745564,0.318868,-0.4709,22.64,0.492453,-0.0189
ILMN,"Illumina, Inc.",142,0.98,C,mod_quality+no_catalyst_data,,,C,0.677358,0.619231,1,,0,,,0,no_upcoming,9,tailwind,deep_drawdown,L,sponsor_confirmed|momentum_tailwind,clinical_score:-12.3;momentum_score:+11.1;smart_money_score:+6.8,tier=;reason=;cat_days=NA;strength=missing;decay_w=0.0,v1.3.0,31f399e0,1,,0,,"{""burn_ttm"": 0.0, ""cash_total"": 215000000.0, ""dilution_risk"": null, ""has_revenue"": null, ""lead_phase"": null, ""runway_months"": null, ""stage_bucket"": ""early"", ""surv_score"": ""4.0"", ""tier1_count"": 2}",early|none|nonpos,-0.015227360946745564,50.905579,-1.4947,,0,,-1.4947,2,2,selling,-0.3571,elite_2,0.0,0.0,0.0,,,0.0,0,0,0,True,False,True,missing,0.0,adequate,<=400bps,196.98,1.0,0,0,1.0,0,1.0,0,,False,no_upcoming,0.049726,price_history,,2,0.6423,price_history,,-0.383488,,41.6943,0.6123,-0.433793,0.050305,early,large,none,platform_diagnostics,morningstar,,,,0,0.6753394815792631705268210728,56.29,41.25000000000000000000000000,52.0,57.19,32.93575910065966677956807148,43.62461895775874582668021484,31.4584,-0.5234,0.0,1033,1,0.0,0.0,0,0,0.0,0.0,0.5,other,-2.83,uncrowded,1.0,180,-0.015227360946745564,0.322642,-0.4603,20.77,0.44717,-0.1328
FTRE,Fortrea Holdings Inc.,143,0.5,C,low_quality+no_catalyst_data,,,C,0.673585,0.457692,1,,0,,,0,no_upcoming,9,neutral,drawdown_data_missing,M,,clinical_score:-26.4;smart_money_score:+14.5;catalyst_score:+9.0,tier=;reason=;cat_days=NA;strength=missing;decay_w=0.0,v1.3.0,31f399e0,1,,0,,"{""burn_ttm"": 15600000.0, ""cash_total"": 131300000.0, ""dilution_risk"": null, ""has_revenue"": null, ""lead_phase"": null, ""runway_months"": 43.69230769230769, ""stage_bucket"": ""early"", ""surv_score"": ""1.0"", ""tier1_count"": 1}",early|none|nonpos,-0.015227360946745564,46.611916,-1.5048,,0,-1.2715,-1.5048,1,1,buying,-0.745,elite_1,0.0,0.0,0.0,,,0.0,0,0,0,True,False,True,missing,0.0,adequate,<=1000bps,770.09,0.85,1,0,1.0,0,1.0,0,,False,no_upcoming,,,beta_missing:series_too_short,1,,,series_too_short,,no_price_series,,0.8315,-0.433793,,early,small,sev1,commercial_biotech,morningstar,,,drawdown,1,0.6175386132106473874465987512,50,50,55.5,59.75,14.57605522491572716569087596,34.88759029299569840110380650,14.7511,-1.2289,,,,,,,,,,,,-1.6445,unknown,1.0,179,-0.015227360946745564,0.326415,-0.4498,13.82,0.171698,-0.9475
FLGT,"Fulgent Genetics, Inc.",144,0.1,C,mod_quality+no_catalyst_data,,,C,0.669811,0.803846,1,,0,,,0,no_upcoming,9,headwind,deep_drawdown,XS,momentum_headwind|cost_haircut_<=2000bps,clinical_score:-25.8;financial_score:+12.7;catalyst_score:+9.6,tier=;reason=;cat_days=NA;strength=missing;decay_w=0.0,v1.3.0,31f399e0,1,,0,,"{""burn_ttm"": 23495000.0, ""cash_total"": 117641000.0, ""dilution_risk"": null, ""has_revenue"": null, ""lead_phase"": null, ""runway_months"": 60.08478399659502, ""stage_bucket"": ""early"", ""surv_score"": ""2.0"", ""tier1_count"": 0}",early|none|nonpos,-0.015227360946745564,64.172486,-1.5048,,0,,-1.5048,0,0,neutral,-1.1329,,0.0,0.0,0.0,,,0.0,0,0,0,True,False,True,missing,0.0,adequate,<=2000bps,1631.39,0.7,1,0,1.0,0,1.0,0,,False,no_upcoming,-0.149286,price_history,,0,0.8069,price_history,,-0.553528,,26.8087,0.4849,-0.433793,-0.119735,early,small,sev1,platform_diagnostics,morningstar,,,,0,0.7149474967061923583662714097,43.93,50,,90.00,14.57605522491572716569087596,53.08108108108108108108108108,14.7511,-1.2289,,,,,,,,,,,,-1.6445,unknown,1.0,178,-0.015227360946745564,0.330189,-0.4394,18.17,0.367925,-0.3374
ETON,"Eton Pharmaceuticals, Inc.",145,0.68,C,low_quality+no_catalyst_data,,,C,0.662264,0.234615,1,,0,,,0,no_upcoming,9,tailwind,deep_drawdown,L,sponsor_confirmed|momentum_tailwind|cost_haircut_<=2000bps,financial_score:-26.0;clinical_score:-25.9;momentum_score:+22.0,tier=;reason=;cat_days=NA;strength=missing;decay_w=0.0,v1.3.0,31f399e0,1,,0,,"{""burn_ttm"": 0.0, ""cash_total"": 37121000.0, ""dilution_risk"": null, ""has_revenue"": null, ""lead_phase"": null, ""runway_months"": null, ""stage_bucket"": ""early"", ""surv_score"": ""-1.0"", ""tier1_count"": 2}",early|none|nonpos,-0.015227360946745564,35.830945,-1.5048,,0,-1.3722,-1.5048,2,2,buying,-0.3571,elite_2,0.0,0.0,0.0,,,0.0,0,0,0,True,False,True,missing,0.0,adequate,<=2000bps,1543.73,0.7,1,0,1.0,0,1.0,0,,False,no_upcoming,0.148444,price_history,,2,0.6859,price_history,,-0.561582,,54.097,0.4387,-0.433793,-0.127789,early,small,sev1,commercial_pharma,morningstar,,,,0,0.7060664257555847568988173456,62.51,50,61.0,47.97,14.57605522491572716569087596,14.53209966723480236993750507,14.7511,-1.2289,,,,,,,,,,,,-1.6445,unknown,1.0,176,-0.015227360946745564,0.337736,-0.4187,12.36,0.145283,-1.0569
CTKB,"Cytek Biosciences, Inc.",146,0.1,C,low_quality+no_catalyst_data,,,C,0.654717,0.303846,1,,0,,,0,no_upcoming,9,headwind,deep_drawdown,XS,momentum_headwind|cost_haircut_<=2000bps,clinical_score:-20.6;catalyst_score:+14.9;momentum_score:+10.8,tier=;reason=;cat_days=NA;strength=missing;decay_w=0.0,v1.3.0,31f399e0,1,,0,,"{""burn_ttm"": 3915000.0, ""cash_total"": 93281000.0, ""dilution_risk"": null, ""has_revenue"": null, ""lead_phase"": null, ""runway_months"": 285.91877394636015, ""stage_bucket"": ""early"", ""surv_score"": ""2.0"", ""tier1_count"": 0}",early|none|nonpos,-0.015227360946745564,40.187944,-1.5048,,0,,-1.5048,0,0,neutral,-1.1329,,0.0,0.0,0.0,,,0.0,0,0,0,True,False,True,missing,0.0,adequate,<=2000bps,1537.39,0.7,1,0,1.0,0,1.0,0,,False,no_upcoming,-0.125114,price_history,,0,0.7283,price_history,,-0.518081,,42.9727,0.7238,-0.433793,-0.084288,early,small,sev1,platform_devices,morningstar,,,,0,0.6841066444143110462084072181,45.92,50,,50,14.57605522491572716569087596,30.00876552227903579254930606,14.7511,-1.2289,,,,,,,,,,,,-1.6445,unknown,1.0,174,-0.015227360946745564,0.345283,-0.3981,12.13,0.130189,-1.1255
CSTL,"Castle Biosciences, Inc.",147,0.83,C,mod_quality+no_catalyst_data,,,C,0.650943,0.826923,1,,0,,,0,no_upcoming,9,tailwind,deep_drawdown,L,momentum_tailwind,clinical_score:-34.9;financial_score:+27.2;momentum_score:+7.2,tier=;reason=;cat_days=NA;strength=missing;decay_w=0.0,v1.3.0,31f399e0,1,,0,,"{""burn_ttm"": 0.0, ""cash_total"": 287542000.0, ""dilution_risk"": null, ""has_revenue"": null, ""lead_phase"": null, ""runway_months"": null, ""stage_bucket"": ""early"", ""surv_score"": ""3.0"", ""tier1_count"": 0}",early|none|nonpos,-0.015227360946745564,66.459541,-1.5048,,0,,-1.5048,0,0,neutral,-1.1329,,0.0,0.0,0.0,,,0.0,0,0,0,True,False,True,missing,0.0,adequate,<=1000bps,918.38,0.85,1,0,1.0,0,1.0,0,,False,no_upcoming,0.321102,price_history,,0,1.2932,price_history,,-0.455412,,49.4358,0.5471,-0.433793,-0.021619,early,small,sev1,platform_diagnostics,morningstar,,,,0,0.6982341954022988505747126437,56.73,50,,58.78,14.57605522491572716569087596,76.75675675675675675675675675,14.7511,-1.2289,,,,,,,,,,,,-1.6445,unknown,1.0,173,-0.015227360946745564,0.349057,-0.3879,18.69,0.383019,-0.2976
BRKR,Bruker Corporation,148,0.98,C,mod_quality+no_catalyst_data,,,C,0.635849,0.726923,1,,0,,,0,no_upcoming,9,tailwind,,L,momentum_tailwind,clinical_score:-28.2;momentum_score:+14.8;catalyst_score:+7.2,tier=;reason=;cat_days=NA;strength=missing;decay_w=0.0,v1.3.0,31f399e0,1,,0,,"{""burn_ttm"": 95700000.0, ""cash_total"": 293100000.0, ""dilution_risk"": null, ""has_revenue"": null, ""lead_phase"": null, ""runway_months"": 36.75235109717868, ""stage_bucket"": ""early"", ""surv_score"": ""-1.0"", ""tier1_count"": 0}",early|none|nonpos,-0.015227360946745564,57.924501,-1.5048,,0,,-1.5048,0,0,neutral,-1.1329,,0.0,0.0,0.0,,,0.0,0,0,0,True,False,True,missing,0.0,adequate,<=400bps,329.83,1.0,0,0,1.0,0,1.0,0,,False,no_upcoming,-0.042092,price_history,,0,0.4381,price_history,,-0.256238,,45.2297,0.4312,-0.433793,0.177555,early,mid,sev1,platform_devices,morningstar,,,,0,0.6982677637511271415689810640,57.61,50,,69.59,14.57605522491572716569087596,48.99111304656376510056289414,14.7511,-1.2289,,,,,,,,,,,,-1.6445,unknown,1.0,169,-0.015227360946745564,0.364151,-0.3474,14.06,0.179245,-0.9182
BEAM,Beam Therapeutics Inc.,149,0.83,C,mod_quality+no_catalyst_data,,,C,0.628302,0.757692,1,,0,,,0,no_upcoming,9,tailwind,deep_drawdown,L,sponsor_confirmed|momentum_tailwind,clinical_score:-34.2;financial_score:+19.6;smart_money_score:+17.2,tier=;reason=;cat_days=NA;strength=missing;decay_w=0.0,v1.3.0,31f399e0,1,,0,,"{""burn_ttm"": 345102000.0, ""cash_total"": 1245210000.0, ""dilution_risk"": null, ""has_revenue"": null, ""lead_phase"": null, ""runway_months"": 43.29885077455361, ""stage_bucket"": ""early"", ""surv_score"": ""5.0"", ""tier1_count"": 4}",early|none|nonpos,-0.015227360946745564,59.0725,-1.5048,,0,-1.2715,-1.5048,4,4,buying,0.4186,elite_4,0.0,0.0,0.0,,,0.0,0,0,0,True,False,True,missing,0.0,adequate,<=1000bps,448.95,0.85,1,0,1.0,0,1.0,0,,False,no_upcoming,0.291677,price_history,,4,1.7637,price_history,,-0.520584,,44.3255,0.7330,-0.433793,-0.086791,early,mid,sev1,commercial_biotech,morningstar,,,,0,0.6748341499162479061976549414,53.85,41.25000000000000000000000000,66.0,50,14.57605522491572716569087596,68.450,12.8261,-1.3102,,,,,0.0,0,0,,0.0,0.5,other,0.7265,highly_crowded,1.0,167,-0.015227360946745564,0.371698,-0.3274,20.82,0.450943,-0.1233
AVTR,"Avantor, Inc.",150,0.98,C,mod_quality+no_catalyst_data,,,C,0.620755,0.703846,1,,0,,,0,no_upcoming,9,tailwind,,L,momentum_tailwind,clinical_score:-30.2;momentum_score:+11.8;smart_money_score:+7.7,tier=;reason=;cat_days=NA;strength=missing;decay_w=0.0,v1.3.0,31f399e0,1,,0,,"{""burn_ttm"": 0.0, ""cash_total"": 365400000.0, ""dilution_risk"": null, ""has_revenue"": null, ""lead_phase"": null, ""runway_months"": null, ""stage_bucket"": ""early"", ""surv_score"": ""1.0"", ""tier1_count"": 1}",early|none|nonpos,-0.015227360946745564,55.035651,-1.5048,,0,,-1.5048,1,1,neutral,-0.745,elite_1,0.0,0.0,0.0,,,0.0,0,0,0,True,False,True,missing,0.0,adequate,<=400bps,310.61,1.0,0,0,1.0,0,1.0,0,,False,no_upcoming,-0.043477,price_history,,1,0.4378,price_history,,-0.247671,,37.1195,0.5928,-0.433793,0.186122,early,mid,sev1,platform_devices,morningstar,,,,0,0.6823054832610388165943721499,56.62,50,52.5,60.14,14.57605522491572716569087596,50.36144578313253012048192771,14.7511,-1.2289,,,,,,,,,,,,-1.6445,unknown,1.0,165,-0.015227360946745564,0.379245,-0.3075,17.84,0.349057,-0.3879
RGNX,REGENXBIO Inc.,151,0.41,B,high_quality+no_catalyst_data,,,B,0.55283,0.934615,1,,0,,,0,no_upcoming,9,tailwind,deep_drawdown,M,momentum_tailwind|cost_haircut_<=2000bps,financial_score:+14.1;catalyst_score:-12.8;clinical_score:-9.2,tier=;reason=;cat_days=NA;strength=missing;decay_w=0.0,v1.3.0,31f399e0,1,,0,,"{""burn_ttm"": 71673000.0, ""cash_total"": 274205000.0, ""dilution_risk"": null, ""has_revenue"": null, ""lead_phase"": null, ""runway_months"": 45.90933824452723, ""stage_bucket"": ""mid"", ""surv_score"": ""5.0"", ""tier1_count"": 1}",mid|none|pos,0.014662131736526944,74.119217,-0.7612,362,1,0.0472,-0.7612,1,1,buying,-0.745,elite_1,0.0,0.0,0.0,,,0.0,0,0,0,True,False,True,missing,0.0,adequate,<=2000bps,1127.96,0.7,1,0,1.0,0,1.0,0,,False,no_upcoming,0.15863,price_history,,1,1.09,price_history,,-0.395797,,53.7422,0.6963,-0.433793,0.037996,mid,small,none,commercial_biotech,morningstar,,,,0,0.7677715059832919394897268006,60.65,41.25000000000000000000000000,55.5,89.39,44.86662465868515017853392144,68.22826086956521739130434782,43.1572,-0.0293,2.0,362,13,1.0,0.0243,0,0,0.0,0.3,0.55,ophthalmology,0.2523,moderate,1.0,147,0.014662131736526944,0.44717,-0.1328,35.04,0.726415,0.602
ADMA,ADMA Biologics Inc,152,0.83,C,low_quality+no_catalyst_data,,,C,0.262264,0.05,1,,0,,,0,no_upcoming,9,tailwind,,L,sponsor_confirmed|momentum_tailwind,financial_score:-34.6;momentum_score:+34.3;catalyst_score:-7.5,tier=;reason=;cat_days=NA;strength=missing;decay_w=0.0,v1.3.0,31f399e0,1,,0,,"{""burn_ttm"": 0.0, ""cash_total"": 87630000.0, ""dilution_risk"": null, ""has_revenue"": null, ""lead_phase"": null, ""runway_months"": null, ""stage_bucket"": ""late"", ""surv_score"": ""-1.0"", ""tier1_count"": 2}",late|none|pos,0.02625640425531915,28.412036,-0.0662,,0,0.5358,-0.0662,2,2,selling,-0.3571,elite_2,0.0,0.0,0.0,,,0.0,0,0,0,True,False,True,missing,0.0,adequate,<=1000bps,517.31,0.85,1,0,1.0,0,1.0,0,,False,no_upcoming,0.39781,price_history,,2,0.7362,price_history,,-0.24537,,56.7936,0.4754,-0.433793,0.188423,late,mid,none,commercial_biotech,morningstar,,,,0,0.9,83.03,41.25000000000000000000000000,49.0,15.54,56.09022556390977443609022556,14.14896891351184979993844260,55.3128,0.484,3.0,,7,1.0,0.0,0,0,0.0,0.5,0.55,infectious_disease,-0.459,uncrowded,1.0,70,0.02625640425531915,0.737736,0.6364,24.20,0.522642,0.0568
AMLX,"Amylyx Pharmaceuticals, Inc.",153,0.83,C,low_quality+no_catalyst_data,,,C,0.024528,0.465385,1,,0,,,0,no_upcoming,9,neutral,drawdown_data_missing,L,sponsor_confirmed,smart_money_score:+34.9;clinical_score:-29.0;catalyst_score:-8.9,tier=;reason=;cat_days=NA;strength=missing;decay_w=0.0,v1.3.0,31f399e0,1,,0,,"{""burn_ttm"": 95440000.0, ""cash_total"": 343990000.0, ""dilution_risk"": null, ""has_revenue"": null, ""lead_phase"": null, ""runway_months"": 43.251047778709136, ""stage_bucket"": ""late"", ""surv_score"": ""5.0"", ""tier1_count"": 9}",late|none|nonpos,0.08291288555347091,46.717769,0.249,68,1,-1.1013,0.249,9,9,buying,2.358,elite_9,0.0,0.0,0.0,,,0.0,0,0,0,True,False,True,missing,0.0,adequate,<=1000bps,684.74,0.85,1,0,1.0,0,1.0,0,,False,no_upcoming,0.65314,price_history,,9,0.7411,price_history,,,series_too_short,56.0082,0.6469,-0.433793,,late,small,none,commercial_pharma,morningstar,,,drawdown,1,0.8732355652875417771119050363,50,41.25000000000000000000000000,85,36.32,21.13636220878009560241455770,53.34615384615384615384615384,20.5277,-0.985,3.0,301,4,1.0,0.2282,1,0,0.0,0.4,0.6,cns,0.7265,highly_crowded,1.0,7,0.08291288555347091,0.975472,1.9681,24.32,0.526415,0.0663
ANIP,"ANI Pharmaceuticals, Inc.",154,0.83,C,mod_quality+no_catalyst_data,,,C,0.284906,0.780769,1,,0,,,0,no_upcoming,9,tailwind,deep_drawdown,L,sponsor_confirmed|momentum_tailwind,momentum_score:+16.8;catalyst_score:-12.2;clinical_score:-5.7,tier=;reason=;cat_days=NA;strength=missing;decay_w=0.0,v1.3.0,31f399e0,1,,0,,"{""burn_ttm"": 0.0, ""cash_total"": 262610000.0, ""dilution_risk"": null, ""has_revenue"": null, ""lead_phase"": null, ""runway_months"": null, ""stage_bucket"": ""late"", ""surv_score"": ""1.0"", ""tier1_count"": 2}",late|none|pos,0.02625640425531915,60.9045,-0.0769,,0,-0.0021,-0.0769,2,2,buying,-0.3571,elite_2,0.0,0.0,0.0,,,0.0,0,0,0,True,False,True,missing,0.0,adequate,<=1000bps,562.25,0.85,1,0,1.0,0,1.0,0,,False,no_upcoming,-0.01118,price_history,,2,0.4528,price_history,,-0.362005,,36.9237,0.3545,-0.433793,0.071788,late,small,none,commercial_pharma,morningstar,,,,0,0.9,70.24,41.25000000000000000000000000,58.0,69.59,47.76006432120401253760968838,50,46.3518,0.1056,3.0,,7,1.0,0.0,0,0,0.0,0.3,0.55,ophthalmology,-0.459,uncrowded,1.0,76,0.02625640425531915,0.715094,0.5683,40.57,0.809434,0.8758
KRYS,"Krystal Biotech, Inc.",155,0.98,C,low_quality,,,C,0.250943,0.411538,1,,0,,211,0,specific_days,9,tailwind,deep_drawdown,L,catalyst_far_lift|sponsor_confirmed|momentum_tailwind,clinical_score:-38.7;smart_money_score:+25.2;momentum_score:+13.7,tier=;reason=;cat_days=211;strength=far;decay_w=0.3,v1.3.0,31f399e0,1,,0,,"{""burn_ttm"": 0.0, ""cash_total"": 496304000.0, ""dilution_risk"": null, ""has_revenue"": null, ""lead_phase"": null, ""runway_months"": null, ""stage_bucket"": ""late"", ""surv_score"": ""2.0"", ""tier1_count"": 4}",late|near_181_270|nonpos,0.0332924375,45.157798,-0.2244,211,1,-1.5724,-0.2244,4,4,buying,0.4186,elite_4,0.0,0.0,0.0,,,0.0,0,0,0,True,False,True,far,0.3,adequate,<=400bps,347.42,1.0,0,0,1.0,0,1.0,0,211,False,specific_days,0.126601,price_history,,4,1.1792,price_history,,-0.350068,,42.3524,0.3475,-0.433793,0.083725,late,mid,none,commercial_biotech,morningstar,,,,0,0.8910317052782421781705278242,60.02,45.56250000000000000000000000,71.5,34.46,7.664085024591554073152806827,46.87288396429670667897814712,6.7239,-1.5679,3.0,514,6,1.0,0.0641,0,0,0.0,0.4,0.5,respiratory,-0.459,uncrowded,1.0,67,0.0332924375,0.749057,0.6715,18.15,0.364151,-0.3474
ONC,BeOne Medicines Ltd.,156,0.98,C,low_quality,,,C,0.239623,0.334615,1,,0,,272,0,specific_days,9,headwind,deep_drawdown,L,catalyst_far_lift|sponsor_confirmed|momentum_headwind,clinical_score:-26.8;financial_score:+18.0;smart_money_score:+15.3,tier=;reason=;cat_days=272;strength=far;decay_w=0.3,v1.3.0,31f399e0,1,,0,,"{""burn_ttm"": 0.0, ""cash_total"": 4547530000.0, ""dilution_risk"": null, ""has_revenue"": null, ""lead_phase"": null, ""runway_months"": null, ""stage_bucket"": ""late"", ""surv_score"": ""3.0"", ""tier1_count"": 2}",late|far_271_540|nonpos,0.052779999999999994,42.006729,-0.2464,272,1,-1.0794,-0.2464,2,2,buying,-0.3571,elite_2,0.0,0.0,0.0,,,0.0,0,0,0,True,False,True,far,0.3,adequate,<=400bps,342.35,1.0,0,0,1.0,0,1.0,0,272,False,specific_days,-0.220099,price_history,,2,0.8274,price_history,,-0.562509,,33.0717,0.415,-0.433793,-0.128716,late,large,none,commercial_biotech,morningstar,,,,0,0.8800411779511704002013591744,39.38,45.56250000000000000000000000,61.0,15.54,18.98738073253308710372422284,63.75939849624060150375939850,18.8146,-1.0573,3.0,432,22,1.0,0.1839,0,0,0.0,0.4,0.95,oncology,-0.459,uncrowded,1.0,64,0.052779999999999994,0.760377,0.7075,23.28,0.507547,0.0189
TVTX,"Travere Therapeutics, Inc.",157,0.83,C,low_quality+no_catalyst_data,,,C,0.183019,0.088462,1,,0,,,0,no_upcoming,9,tailwind,,L,sponsor_confirmed|momentum_tailwind,smart_money_score:+32.2;clinical_score:-30.5;momentum_score:+23.7,tier=;reason=;cat_days=NA;strength=missing;decay_w=0.0,v1.3.0,31f399e0,1,,0,,"{""burn_ttm"": 0.0, ""cash_total"": 93035000.0, ""dilution_risk"": null, ""has_revenue"": null, ""lead_phase"": null, ""runway_months"": null, ""stage_bucket"": ""late"", ""surv_score"": ""3.0"", ""tier1_count"": 5}",late|none|nonpos,0.08291288555347091,30.07541,-0.3018,381,1,-1.2607,-0.3018,5,5,buying,0.8065,elite_5,0.0,0.0,0.0,,,0.0,0,0,0,True,False,True,missing,0.0,adequate,<=1000bps,403.29,0.85,1,0,1.0,0,1.0,0,,False,no_upcoming,0.152362,price_history,,5,0.8764,price_history,,-0.155919,,43.8848,0.7066,-0.433793,0.277874,late,mid,none,commercial_biotech,morningstar,,,,0,0.8770531003112281541776394542,69.02,41.25000000000000000000000000,77.5,15.54,14.82509531975301662677998254,24.07202216066481994459833794,13.6977,-1.2734,3.0,381,8,1.0,0.0842,0,0,0.0,0.7,0.6,autoimmune,0.7265,highly_crowded,1.0,49,0.08291288555347091,0.816981,0.9039,16.46,0.250943,-0.6715
HRMY,"Harmony Biosciences Holdings, I",158,0.83,B,high_quality+no_catalyst_data,,,B,0.107547,0.996154,1,,0,,,0,no_upcoming,9,tailwind,,L,sponsor_confirmed|momentum_tailwind,clinical_score:-42.0;financial_score:+25.8;momentum_score:+22.8,tier=;reason=;cat_days=NA;strength=missing;decay_w=0.0,v1.3.0,31f399e0,1,,0,,"{""burn_ttm"": 0.0, ""cash_total"": 775340000.0, ""dilution_risk"": null, ""has_revenue"": null, ""lead_phase"": null, ""runway_months"": null, ""stage_bucket"": ""late"", ""surv_score"": ""2.0"", ""tier1_count"": 3}",late|none|nonpos,0.08291288555347091,80.958,-0.1457,166,1,-1.5039,-0.1457,3,3,selling,0.0307,elite_3,0.0,0.0,0.0,,,0.0,0,0,0,True,False,True,missing,0.0,adequate,<=1000bps,643.37,0.85,1,0,1.0,0,1.0,0,,False,no_upcoming,0.218905,price_history,,3,0.7641,price_history,,-0.101585,,56.7907,0.3158,-0.433793,0.332208,late,small,none,commercial_biotech,morningstar,,,,0,0.8883989772198977219897721990,74.04,41.25000000000000000000000000,54.5,90.00,9.238195739976507685253233333,77.000,8.6485,-1.4866,3.0,553,6,1.0,0.2736,0,1,0.0,0.6,0.6,autoimmune,-0.459,uncrowded,1.0,29,0.08291288555347091,0.892453,1.2397,22.77,0.496226,-0.0095
GLPG,Galapagos NV,,,D,ineligible,D,ineligible,,0.590566,,0,0.114815,1,0.885185,211,0,specific_days,9,tailwind,,XS,ineligible,financial_score:-48.8;momentum_score:+23.5;clinical_score:+20.8,tier=D;reason=ineligible;cat_days=211;strength=far;decay_w=0.3,v1.3.0,31f399e0,0,financials_missing,1,"cash_runway_lt_6m,survivability_critical","{""burn_ttm"": 0.0, ""cash_total"": 0.0, ""dilution_risk"": null, ""has_revenue"": null, ""lead_phase"": null, ""runway_months"": 0.0, ""stage_bucket"": ""late"", ""surv_score"": ""-5.0"", ""tier1_count"": 3}",late|near_181_270|pos,0.0018974117647058825,,1.1526,0,1,1.2554,1.1526,3,3,buying,0.0307,elite_3,0.0,0.0,0.0,,,0.0,0,0,0,True,False,True,far,0.3,critical,<=2000bps,1708.51,0.7,1,0,1.0,0,1.0,0,211,False,specific_days,0.235491,price_history,,3,0.185,price_history,,-0.26428,,42.915,0.3097,-0.433793,0.169513,late,unknown,sev2,drug_developer,morningstar,,,,0,0.8503525375606293623565598013,77.23,45.56250000000000000000000000,66.5,50,74.58646616541353383458646617,5,74.901,1.3112,3.0,211,50,1.0,0.9163,1,0,0.0,0.4,0.6,autoimmune,0.7265,highly_crowded,1.0,157,0.0018974117647058825,0.409434,-0.229,19.33,0.40566,-0.2387
HRTX,"Heron Therapeutics, Inc.",,,D,ineligible,D,ineligible,,0.484906,,0,0.188889,1,0.811111,272,0,specific_days,9,headwind,deep_drawdown|deep_drawdown_rel_xbi,XS,ineligible,financial_score:-29.6;clinical_score:+24.9;smart_money_score:+12.3,tier=D;reason=ineligible;cat_days=272;strength=far;decay_w=0.3,v1.3.0,31f399e0,0,deep_drawdown,0,,"{""burn_ttm"": 27591000.0, ""cash_total"": 28647000.0, ""dilution_risk"": null, ""has_revenue"": null, ""lead_phase"": null, ""runway_months"": 12.459280200065239, ""stage_bucket"": ""late"", ""surv_score"": ""-2.0"", ""tier1_count"": 2}",late|far_271_540|pos,0.018859409836065575,,1.1456,0,1,1.0812,1.1456,2,2,buying,-0.3571,elite_2,0.0,0.0,0.0,,,0.0,0,0,0,True,False,True,far,0.3,adequate,>2000bps,2020.0,0.55,1,0,1.0,0,1.0,0,272,False,specific_days,-0.123133,price_history,,2,1.0646,price_history,,-0.712662,,25.7961,0.4900,-0.433793,-0.278869,late,micro,sev1,drug_developer,morningstar,,,,0,0.8825854541181999765009987076,38.12,45.56250000000000000000000000,58.0,90.00,70.52631578947368421052631579,16.05478608802708525700215451,70.2901,1.1165,3.0,820,14,1.0,0.3974,0,1,0.0,0.4,0.95,oncology,0.7265,highly_crowded,1.0,129,0.018859409836065575,0.515094,0.0378,25.94,0.567925,0.1711
OCUL,"Ocular Therapeutix, Inc.",,,D,ineligible,D,ineligible,,0.428302,,0,0.277778,1,0.722222,,0,no_upcoming,9,headwind,deep_drawdown|deep_drawdown_rel_xbi,XS,ineligible,catalyst_score:-17.0;smart_money_score:+16.3;momentum_score:-12.2,tier=D;reason=ineligible;cat_days=NA;strength=missing;decay_w=0.0,v1.3.0,31f399e0,0,deep_drawdown,0,,"{""burn_ttm"": 204883000.0, ""cash_total"": 737060000.0, ""dilution_risk"": null, ""has_revenue"": null, ""lead_phase"": null, ""runway_months"": 43.169613877188446, ""stage_bucket"": ""late"", ""surv_score"": ""5.0"", ""tier1_count"": 5}",late|none|pos,0.02625640425531915,,1.1332,0,1,0.7713,1.1332,5,5,buying,0.8065,elite_5,0.0,0.0,0.0,,,0.0,0,0,0,True,False,True,missing,0.0,adequate,<=1000bps,442.9,0.85,1,0,1.0,0,1.0,0,,False,no_upcoming,0.074293,price_history,,5,1.2134,price_history,,-0.763436,,39.1842,0.7517,-0.433793,-0.329643,late,small,none,drug_developer,morningstar,,,,0,0.9,46.04,41.25000000000000000000000000,74.5,70.51,63.30827067669172932330827068,66.09615384615384615384615384,62.3681,0.782,3.0,145,33,1.0,0.0353,0,0,0.0,0.4,0.55,ophthalmology,-0.459,uncrowded,1.0,114,0.02625640425531915,0.571698,0.1807,47.80,0.941509,1.5676
BNTX,BioNTech SE,,,D,ineligible,D,ineligible,,0.330189,,0,0.3,1,0.7,,0,no_upcoming,9,headwind,deep_drawdown|deep_drawdown_rel_xbi,XS,ineligible,financial_score:-34.5;clinical_score:+22.4;smart_money_score:+17.5,tier=D;reason=ineligible;cat_days=NA;strength=missing;decay_w=0.0,v1.3.0,31f399e0,0,financials_missing|deep_drawdown,1,"cash_runway_lt_6m,survivability_critical","{""burn_ttm"": 0.0, ""cash_total"": 0.0, ""dilution_risk"": null, ""has_revenue"": null, ""lead_phase"": null, ""runway_months"": 0.0, ""stage_bucket"": ""late"", ""surv_score"": ""-5.0"", ""tier1_count"": 4}",late|none|pos,0.02625640425531915,,1.1271,0,1,0.7133,1.1271,4,4,selling,0.4186,elite_4,0.0,0.0,0.0,,,0.0,0,0,0,True,False,True,missing,0.0,critical,<=400bps,298.62,1.0,0,0,1.0,0,1.0,0,,False,no_upcoming,-0.284535,price_history,,4,0.9801,price_history,,-0.695325,,34.0283,0.3086,-0.433793,-0.261532,late,unknown,sev2,drug_developer,morningstar,,,,0,0.8557407477520113582584003786,32.47,41.25000000000000000000000000,57.0,50,61.95488721804511278195488722,5,63.1147,0.8135,3.0,41,39,1.0,1.4006,2,2,0.0,0.4,0.95,oncology,0.7265,highly_crowded,1.0,88,0.02625640425531915,0.669811,0.4394,19.95,0.420755,-0.2
GMAB,Genmab A/S,,,D,ineligible,D,ineligible,,0.367925,,0,0.381481,1,0.618519,,0,no_upcoming,9,neutral,deep_drawdown,XS,ineligible,financial_score:-38.4;smart_money_score:+17.1;clinical_score:+14.0,tier=D;reason=ineligible;cat_days=NA;strength=missing;decay_w=0.0,v1.3.0,31f399e0,0,financials_missing,1,"cash_runway_lt_6m,survivability_critical","{""burn_ttm"": 0.0, ""cash_total"": 0.0, ""dilution_risk"": null, ""has_revenue"": null, ""lead_phase"": null, ""runway_months"": 0.0, ""stage_bucket"": ""late"", ""surv_score"": ""-5.0"", ""tier1_count"": 3}",late|none|pos,0.02625640425531915,,1.1106,0,1,0.5196,1.1106,3,3,buying,0.0307,elite_3,0.0,0.0,0.0,,,0.0,0,0,0,True,False,True,missing,0.0,critical,<=1000bps,453.45,0.85,1,0,1.0,0,1.0,0,,False,no_upcoming,-0.03118,price_history,,3,0.621,price_history,,-0.3633,,37.669,0.3342,-0.433793,0.070493,late,unknown,sev2,drug_developer,morningstar,,,,0,0.8430982962612399432087079981,52.98,41.25000000000000000000000000,60.5,50,57.44360902255639097744360902,5,57.5505,0.5785,3.0,507,31,1.0,0.3346,0,1,0.0256,0.4,0.95,oncology,0.7265,highly_crowded,1.0,98,0.02625640425531915,0.632075,0.3374,17.59,0.326415,-0.4498
MESO,Mesoblast Limited,,,D,ineligible,D,ineligible,,0.401887,,0,0.440741,1,0.559259,,0,no_upcoming,9,headwind,deep_drawdown,XS,ineligible,financial_score:-31.1;clinical_score:+17.3;momentum_score:+8.5,tier=D;reason=ineligible;cat_days=NA;strength=missing;decay_w=0.0,v1.3.0,31f399e0,0,financials_missing,1,"cash_runway_lt_6m,sponsor_absent_late_stage,survivability_critical","{""burn_ttm"": 0.0, ""cash_total"": 0.0, ""dilution_risk"": null, ""has_revenue"": null, ""lead_phase"": null, ""runway_months"": 0.0, ""stage_bucket"": ""late"", ""surv_score"": ""-5.0"", ""tier1_count"": 0}",late|none|pos,0.02625640425531915,,0.9017,0,1,0.3453,0.9017,0,0,neutral,-1.1329,,0.0,0.0,0.0,,,0.0,0,0,0,True,False,True,missing,0.0,critical,<=2000bps,1723.07,0.7,1,0,1.0,0,1.0,0,,False,no_upcoming,-0.227078,price_history,,0,0.716,price_history,,-0.61214,,38.1621,0.5347,-0.433793,-0.178347,late,unknown,sev2,drug_developer,morningstar,,,,0,0.7992982022471910112359550562,44.60,41.25000000000000000000000000,,50,53.38345864661654135338345864,5,52.4433,0.3628,3.0,,32,1.0,0.0036,0,0,0.0,0.4,0.6,autoimmune,-0.459,uncrowded,1.0,107,0.02625640425531915,0.598113,0.2485,16.54,0.254717,-0.6597
AVXL,Anavex Life Sciences Corp.,,,D,ineligible,D,ineligible,,0.311321,,0,0.425926,1,0.574074,,0,no_upcoming,9,headwind,deep_drawdown,XS,ineligible,financial_score:+8.6;catalyst_score:-7.5;momentum_score:-6.7,tier=D;reason=ineligible;cat_days=NA;strength=missing;decay_w=0.0,v1.3.0,31f399e0,0,fundamental_red_flag,1,sponsor_absent_late_stage,"{""burn_ttm"": 7151000.0, ""cash_total"": 131749000.0, ""dilution_risk"": null, ""has_revenue"": null, ""lead_phase"": null, ""runway_months"": 221.0862816389316, ""stage_bucket"": ""late"", ""surv_score"": ""5.0"", ""tier1_count"": 0}",late|none|pos,0.02625640425531915,,0.9033,0,1,0.3841,0.9033,0,0,neutral,-1.1329,,0.0,0.0,0.0,,,0.0,0,0,0,True,False,True,missing,0.0,adequate,<=2000bps,1131.52,0.7,1,0,1.0,0,1.0,0,,False,no_upcoming,-0.11067,price_history,,0,1.2324,price_history,,-0.640679,,39.2665,1.1868,-0.433793,-0.206886,late,small,none,drug_developer,morningstar,,,,0,0.7970878661087866108786610879,42.05,41.25000000000000000000000000,,80.77,54.28571428571428571428571428,57.26923076923076923076923077,54.5622,0.4523,3.0,454,8,1.0,0.8875,1,2,0.0,0.4,0.6,cns,0.7265,highly_crowded,1.0,83,0.02625640425531915,0.688679,0.4921,28.87,0.609434,0.2778
ANNX,"Annexon, Inc.",,,D,ineligible,D,ineligible,,0.288679,,0,0.492593,1,0.507407,,0,no_upcoming,9,headwind,deep_drawdown|deep_drawdown_rel_xbi,XS,ineligible,smart_money_score:+32.7;financial_score:-27.0;momentum_score:-19.5,tier=D;reason=ineligible;cat_days=NA;strength=missing;decay_w=0.0,v1.3.0,31f399e0,0,deep_drawdown,0,,"{""burn_ttm"": 140430000.0, ""cash_total"": 139419000.0, ""dilution_risk"": null, ""has_revenue"": null, ""lead_phase"": null, ""runway_months"": 11.913608203375347, ""stage_bucket"": ""late"", ""surv_score"": ""0.0"", ""tier1_count"": 4}",late|none|pos,0.02625640425531915,,0.8974,0,1,0.2098,0.8974,4,4,buying,0.4186,elite_4,0.0,0.0,0.0,,,0.0,0,0,0,True,False,True,missing,0.0,short,<=1000bps,834.55,0.85,1,0,1.0,0,1.0,0,,False,no_upcoming,-0.336597,price_history,,4,1.4723,price_history,,-0.876607,,24.6014,0.9497,-0.433793,-0.442814,late,small,sev2,drug_developer,morningstar,,,,0,0.8266156363211405866542012388,19.27,41.25000000000000000000000000,71.5,61.11,50.22556390977443609022556391,11.75147928994082840236686389,48.9354,0.2147,3.0,778,8,1.0,0.115,0,0,0.0,0.4,0.55,ophthalmology,0.7265,highly_crowded,1.0,77,0.02625640425531915,0.711321,0.5572,14.18,0.186792,-0.8898
ARGX,argenx SE,,,D,ineligible,D,ineligible,,0.3,,0,0.537037,1,0.462963,,0,no_upcoming,9,tailwind,,XS,ineligible,financial_score:-41.4;smart_money_score:+33.6;momentum_score:+12.4,tier=D;reason=ineligible;cat_days=NA;strength=missing;decay_w=0.0,v1.3.0,31f399e0,0,financials_missing,1,"cash_runway_lt_6m,survivability_critical","{""burn_ttm"": 0.0, ""cash_total"": 0.0, ""dilution_risk"": null, ""has_revenue"": null, ""lead_phase"": null, ""runway_months"": 0.0, ""stage_bucket"": ""late"", ""surv_score"": ""-5.0"", ""tier1_count"": 6}",late|none|pos,0.02625640425531915,,0.8954,0,1,0.0659,0.8954,6,6,buying,1.1944,elite_6,0.0,0.0,0.0,,,0.0,0,0,0,True,False,True,missing,0.0,critical,<=400bps,197.05,1.0,0,0,1.0,0,1.0,0,,False,no_upcoming,0.10713,price_history,,6,0.7288,price_history,,-0.246098,,39.7787,0.2190,-0.433793,0.187695,late,unknown,sev2,drug_developer,morningstar,,,,0,0.8454987170979871709798717098,58.81,41.25000000000000000000000000,80.0,50,46.87288396429670667897814712,5,48.0816,0.1786,3.0,4,15,1.0,1.7045,2,2,0.0,0.4,0.95,oncology,0.2523,moderate,1.0,80,0.02625640425531915,0.7,0.5244,17.15,0.315094,-0.4815
ASND,Ascendis Pharma A/S,,,D,ineligible,D,ineligible,,0.243396,,0,0.559259,1,0.440741,28,1,specific_days,9,neutral,deep_drawdown,XS,ineligible,smart_money_score:+41.2;financial_score:-38.8;catalyst_score:-8.9,tier=D;reason=ineligible;cat_days=28;strength=near;decay_w=1.0,v1.3.0,31f399e0,0,financials_missing,1,"cash_runway_lt_6m,survivability_critical","{""burn_ttm"": 0.0, ""cash_total"": 0.0, ""dilution_risk"": null, ""has_revenue"": null, ""lead_phase"": null, ""runway_months"": 0.0, ""stage_bucket"": ""late"", ""surv_score"": ""-5.0"", ""tier1_count"": 9}",late|near_0_30|nonpos,0.038341,,0.8917,0,1,-0.0471,0.8917,9,9,buying,2.358,elite_9,0.0,0.0,0.0,,,0.0,0,0,0,True,False,True,near,1.0,critical,<=400bps,248.3,1.0,0,0,1.0,0,1.0,0,28,True,specific_days,-0.100587,price_history,,9,0.6213,price_history,,-0.409168,,33.4243,0.4165,-0.433793,0.024625,late,unknown,sev2,drug_developer,morningstar,,,,0,0.8447470523294325458158533893,49.80,34.82617777777777777777777778,85,50,44.24149345795566610762495210,5,46.0335,0.0922,3.0,28,8,1.0,1.4981,1,1,0.0588,0.4,0.95,oncology,-0.459,uncrowded,1.0,65,0.038341,0.756604,0.6954,15.90,0.239623,-0.7075
URGN,UroGen Pharma Ltd.,,,D,ineligible,D,ineligible,,0.186792,,0,0.840741,1,0.159259,,0,no_upcoming,9,headwind,deep_drawdown|deep_drawdown_rel_xbi,XS,ineligible,smart_money_score:+37.2;financial_score:-24.4;clinical_score:-19.3,tier=D;reason=ineligible;cat_days=NA;strength=missing;decay_w=0.0,v1.3.0,31f399e0,0,deep_drawdown,0,,"{""burn_ttm"": 124119000.0, ""cash_total"": 153829000.0, ""dilution_risk"": null, ""has_revenue"": null, ""lead_phase"": null, ""runway_months"": 14.872404708384696, ""stage_bucket"": ""late"", ""surv_score"": ""0.0"", ""tier1_count"": 4}",late|none|nonpos,0.08291288555347091,,0.8561,0,1,-1.2805,0.8561,4,4,buying,0.4186,elite_4,0.0,0.0,0.0,,,0.0,0,0,0,True,False,True,missing,0.0,short,<=1000bps,785.74,0.85,1,0,1.0,0,1.0,0,,False,no_upcoming,-0.251744,price_history,,4,0.8749,price_history,,-0.711557,,33.0042,0.7699,-0.433793,-0.277764,late,small,sev2,drug_developer,morningstar,,,,0,0.8225052705551651440618411806,34.72,41.25000000000000000000000000,72.0,66.24,15.50624682005766295437842727,10.33830539119000657462195924,14.54,-1.2378,3.0,335,10,1.0,0.2023,0,0,0.0,0.3,0.95,oncology,0.7265,highly_crowded,1.0,50,0.08291288555347091,0.813208,0.8898,5.79,0.020755,-2.0384
MCRB,"Seres Therapeutics, Inc.",,,D,ineligible,D,ineligible,,0.130189,,0,0.722222,1,0.277778,,0,no_upcoming,9,neutral,deep_drawdown|deep_drawdown_rel_xbi,XS,ineligible,clinical_score:-18.4;financial_score:+16.2;momentum_score:+7.2,tier=D;reason=ineligible;cat_days=NA;strength=missing;decay_w=0.0,v1.3.0,31f399e0,0,fundamental_red_flag|deep_drawdown,1,sponsor_absent_late_stage,"{""burn_ttm"": 0.0, ""cash_total"": 47638000.0, ""dilution_risk"": null, ""has_revenue"": null, ""lead_phase"": null, ""runway_months"": null, ""stage_bucket"": ""late"", ""surv_score"": ""4.0"", ""tier1_count"": 0}",late|none|nonpos,0.08291288555347091,,0.8755,0,1,-0.7504,0.8755,0,0,neutral,-1.1329,,0.0,0.0,0.0,,,0.0,0,0,0,True,False,True,missing,0.0,adequate,>2000bps,2036.0,0.55,1,0,1.0,0,1.0,0,,False,no_upcoming,-0.091256,price_history,,0,1.149,price_history,,-0.741379,,32.116,1.1067,-0.433793,-0.307586,late,micro,none,drug_developer,morningstar,,,,0,0.8030123231401186672752167960,53.48,41.25000000000000000000000000,,90.00,27.85466171694901413935842111,62.40601503759398496240601504,29.3645,-0.6118,3.0,56,5,1.0,1.1908,2,1,0.0,0.4,0.95,oncology,-0.459,uncrowded,1.0,35,0.08291288555347091,0.869811,1.1255,17.74,0.337736,-0.4187
IMTX,Immatics N.V.,,,D,ineligible,D,ineligible,,0.111321,,0,0.633333,1,0.366667,,0,no_upcoming,9,headwind,deep_drawdown,XS,ineligible,financial_score:-26.1;catalyst_score:+10.2;momentum_score:+9.5,tier=D;reason=ineligible;cat_days=NA;strength=missing;decay_w=0.0,v1.3.0,31f399e0,0,financials_missing,1,"cash_runway_lt_6m,sponsor_absent_late_stage,survivability_critical","{""burn_ttm"": 0.0, ""cash_total"": 0.0, ""dilution_risk"": null, ""has_revenue"": null, ""lead_phase"": null, ""runway_months"": 0.0, ""stage_bucket"": ""late"", ""surv_score"": ""-5.0"", ""tier1_count"": 0}",late|none|nonpos,0.08291288555347091,,0.8875,0,1,-0.3388,0.8875,0,0,neutral,-1.1329,,0.0,0.0,0.0,,,0.0,0,0,0,True,False,True,missing,0.0,critical,<=2000bps,1507.41,0.7,1,0,1.0,0,1.0,0,,False,no_upcoming,-0.235391,price_history,,0,0.5202,price_history,,-0.53881,,18.5068,,-0.433793,-0.105017,late,unknown,sev2,drug_developer,morningstar,,,,0,0.7768193584693303320202588633,40.63,41.25000000000000000000000000,,50,37.44555624650598928398690963,5,36.3873,-0.3152,3.0,,13,1.0,0.1123,0,0,0.0,0.3,0.95,oncology,0.7265,highly_crowded,1.0,30,0.08291288555347091,0.888679,1.2195,8.33,0.043396,-1.7126
TENX,"Tenax Therapeutics, Inc.",,,D,ineligible,D,ineligible,,0.175472,,0,0.907407,1,0.092593,,0,no_upcoming,9,headwind,deep_drawdown|deep_drawdown_rel_xbi,XS,ineligible,clinical_score:-30.7;financial_score:+21.8;smart_money_score:+15.5,tier=D;reason=ineligible;cat_days=NA;strength=missing;decay_w=0.0,v1.3.0,31f399e0,0,deep_drawdown,0,,"{""burn_ttm"": 22385000.0, ""cash_total"": 99400000.0, ""dilution_risk"": null, ""has_revenue"": null, ""lead_phase"": null, ""runway_months"": 53.28568237659147, ""stage_bucket"": ""late"", ""surv_score"": ""5.0"", ""tier1_count"": 1}",late|none|nonpos,0.08291288555347091,,0.8408,0,1,-1.5495,0.8408,1,1,buying,-0.745,elite_1,0.0,0.0,0.0,,,0.0,0,0,0,True,False,True,missing,0.0,adequate,<=2000bps,1850.21,0.7,1,0,1.0,0,1.0,0,,False,no_upcoming,-0.447119,price_history,,1,0.3185,price_history,,-0.762712,,28.9357,,-0.433793,-0.328919,late,micro,none,drug_developer,morningstar,,,,0,0.8539370391124061414322537263,31.98,41.25000000000000000000000000,55.5,90.00,9.238195739976507685253233333,61.79699248120300751879699248,8.7255,-1.4834,3.0,,4,1.0,0.003,0,0,-0.1667,0.4,0.85,cardiovascular,-0.459,uncrowded,1.0,47,0.08291288555347091,0.824528,0.9328,20.32,0.435849,-0.1615
ABVX,Abivax SA,,,D,ineligible,D,ineligible,,0.583019,,0,0.085185,1,0.914815,483,0,specific_days,9,neutral,drawdown_data_missing,XS,ineligible,financial_score:-46.3;smart_money_score:+32.4;clinical_score:+23.5,tier=D;reason=ineligible;cat_days=483;strength=far;decay_w=0.3,v1.3.0,31f399e0,0,financials_missing,1,"cash_runway_lt_6m,survivability_critical","{""burn_ttm"": 0.0, ""cash_total"": 0.0, ""dilution_risk"": null, ""has_revenue"": null, ""lead_phase"": null, ""runway_months"": 0.0, ""stage_bucket"": ""mid"", ""surv_score"": ""-5.0"", ""tier1_count"": 8}",mid|far_271_540|pos,0.0043778333333333325,,0.4369,0,1,1.3198,0.4369,8,8,buying,1.9702,elite_8,0.0,0.0,0.0,,,0.0,0,0,0,True,False,True,far,0.3,critical,<=400bps,240.42,1.0,0,0,1.0,0,1.0,0,483,False,specific_days,,,beta_missing:series_too_short,8,,,series_too_short,,no_price_series,,0.7549,-0.433793,,mid,unknown,sev2,drug_developer,morningstar,,,drawdown,1,0.7437349785407725321888412017,50,45.56250000000000000000000000,85,50,76.08695652173913043478260870,6.227683259819365679479101022,75.4919,1.3362,2.0,130,9,1.0,0.6515,0,1,0.0,0.4,0.55,infectious_disease,0.7265,highly_crowded,1.0,155,0.0043778333333333325,0.416981,-0.2096,18.10,0.360377,-0.3575
TARA,"Protara Therapeutics, Inc.",,,D,ineligible,D,ineligible,,0.983019,,0,0.040741,1,0.959259,,0,no_upcoming,9,headwind,deep_drawdown|deep_drawdown_rel_xbi,XS,ineligible,clinical_score:+21.5;catalyst_score:-14.2;momentum_score:-12.2,tier=D;reason=ineligible;cat_days=NA;strength=missing;decay_w=0.0,v1.3.0,31f399e0,0,deep_drawdown,0,,"{""burn_ttm"": 39415000.0, ""cash_total"": 132670000.0, ""dilution_risk"": null, ""has_revenue"": null, ""lead_phase"": null, ""runway_months"": 40.39172903716859, ""stage_bucket"": ""early"", ""surv_score"": ""5.0"", ""tier1_count"": 1}",early|none|pos,-0.1,,-1.2291,914,1,1.359,-1.2291,1,1,selling,-0.745,elite_1,0.0,0.0,0.0,,,0.0,0,0,0,True,False,True,missing,0.0,adequate,<=2000bps,1168.53,0.7,1,0,1.0,0,1.0,0,,False,no_upcoming,-0.17621,price_history,,1,0.6735,price_history,,-0.757015,,33.6817,,-0.433793,-0.323222,early,small,none,drug_developer,morningstar,,,,0,0.7676783346015871290357647570,43.28,41.25000000000000000000000000,54.5,54.76,77.000,61.35135135135135135135135135,76.2917,1.37,1.0,914,2,0.0,0.0002,0,0,0.0,0.3,0.85,oncology,-0.459,uncrowded,1.0,261,-0.1,0.016981,-2.1205,50.32,0.964151,1.801
CADL,"Candel Therapeutics, Inc.",,,D,ineligible,D,ineligible,,0.054717,,0,0.67037,1,0.32963,,0,no_upcoming,9,headwind,deep_drawdown,XS,ineligible,financial_score:+18.9;clinical_score:-8.7;momentum_score:-8.2,tier=D;reason=ineligible;cat_days=NA;strength=missing;decay_w=0.0,v1.3.0,31f399e0,0,fundamental_red_flag,1,sponsor_absent_late_stage,"{""burn_ttm"": 27743000.0, ""cash_total"": 86963000.0, ""dilution_risk"": null, ""has_revenue"": null, ""lead_phase"": null, ""runway_months"": 34.903184982071295, ""stage_bucket"": ""late"", ""surv_score"": ""5.0"", ""tier1_count"": 0}",late|none|nonpos,0.08291288555347091,,0.8851,0,1,-0.4621,0.8851,0,0,neutral,-1.1329,,0.0,0.0,0.0,,,0.0,0,0,0,True,False,True,missing,0.0,adequate,<=2000bps,1387.28,0.7,1,0,1.0,0,1.0,0,,False,no_upcoming,-0.44797,price_history,,0,0.4412,price_history,,-0.652101,,38.9788,0.6596,-0.433793,-0.218308,late,micro,none,drug_developer,morningstar,,,,0,0.8410967125469229894209987487,35.13,41.25000000000000000000000000,,85.90,34.57346373452428062637797501,62.18045112781954887218045113,34.1461,-0.4099,3.0,881,11,1.0,0.0082,0,0,0.0,0.6,0.95,oncology,0.7265,highly_crowded,1.0,15,0.08291288555347091,0.945283,1.6007,22.42,0.481132,-0.0473
PRLD,Prelude Therapeutics Incorporated,,,D,ineligible,D,ineligible,,0.964151,,0,0.033333,1,0.966667,,0,no_upcoming,9,headwind,deep_drawdown|deep_drawdown_rel_xbi,XS,ineligible,financial_score:-36.2;clinical_score:+33.2;smart_money_score:+17.2,tier=D;reason=ineligible;cat_days=NA;strength=missing;decay_w=0.0,v1.3.0,31f399e0,0,deep_drawdown,0,,"{""burn_ttm"": 79421000.0, ""cash_total"": 54957000.0, ""dilution_risk"": null, ""has_revenue"": null, ""lead_phase"": null, ""runway_months"": 8.303647649865905, ""stage_bucket"": ""early"", ""surv_score"": ""-2.0"", ""tier1_count"": 2}",early|none|pos,-0.1,,-0.2594,17,1,1.359,-0.2594,2,2,buying,-0.3571,elite_2,0.0,0.0,0.0,,,0.0,0,0,0,True,False,True,missing,0.0,short,>2000bps,2020.0,0.55,1,0,1.0,0,1.0,0,,False,no_upcoming,-0.142735,price_history,,2,1.1997,price_history,,-0.866099,,33.6611,,-0.433793,-0.432306,early,micro,sev2,drug_developer,morningstar,,,,0,0.7584115138592750533049040512,32.24,41.25000000000000000000000000,61.0,88.10,77.000,7.599522588345349268560184515,76.6833,1.3865,1.0,17,6,1.0,0.273,1,0,0.0,0.3,0.85,oncology,0.7265,highly_crowded,1.0,256,-0.1,0.035849,-1.801,13.48,0.164151,-0.9775
BLTE,"Belite Bio, Inc",,,D,ineligible,D,ineligible,,0.050943,,0,0.774074,1,0.225926,,0,no_upcoming,9,neutral,drawdown_data_missing,XS,ineligible,financial_score:-31.9;smart_money_score:+29.6;clinical_score:-15.1,tier=D;reason=ineligible;cat_days=NA;strength=missing;decay_w=0.0,v1.3.0,31f399e0,0,financials_missing,1,"cash_runway_lt_6m,survivability_critical","{""burn_ttm"": 0.0, ""cash_total"": 0.0, ""dilution_risk"": null, ""has_revenue"": null, ""lead_phase"": null, ""runway_months"": 0.0, ""stage_bucket"": ""late"", ""surv_score"": ""-5.0"", ""tier1_count"": 3}",late|none|nonpos,0.08291288555347091,,0.8709,0,1,-1.0076,0.8709,3,3,buying,0.0307,elite_3,0.0,0.0,0.0,,,0.0,0,0,0,True,False,True,missing,0.0,critical,<=1000bps,466.09,0.85,1,0,1.0,0,1.0,0,,False,no_upcoming,,,beta_missing:series_too_short,3,,,series_too_short,,no_price_series,,,-0.433793,,late,unknown,sev2,drug_developer,morningstar,,,drawdown,1,0.7642713623316405387502759991,50,41.25000000000000000000000000,66.5,50,21.86273955565605743682514558,5,20.7842,-0.9741,3.0,1249,3,0.6667,0.0,0,0,0.0,0.6,0.5,other,0.2523,moderate,1.0,14,0.08291288555347091,0.949057,1.6358,10.36,0.088679,-1.3489
AVIR,"Atea Pharmaceuticals, Inc.",,,D,ineligible,D,ineligible,,0.043396,,0,0.737037,1,0.262963,,0,no_upcoming,9,headwind,deep_drawdown|deep_drawdown_rel_xbi,XS,ineligible,financial_score:-23.3;smart_money_score:+16.7;catalyst_score:+9.0,tier=D;reason=ineligible;cat_days=NA;strength=missing;decay_w=0.0,v1.3.0,31f399e0,0,deep_drawdown,0,,"{""burn_ttm"": 103808000.0, ""cash_total"": 77344000.0, ""dilution_risk"": null, ""has_revenue"": null, ""lead_phase"": null, ""runway_months"": 8.940813810110974, ""stage_bucket"": ""late"", ""surv_score"": ""-2.0"", ""tier1_count"": 2}",late|none|nonpos,0.08291288555347091,,0.8736,0,1,-0.8485,0.8736,2,2,selling,-0.3571,elite_2,0.0,0.0,0.0,,,0.0,0,0,0,True,False,True,missing,0.0,short,>2000bps,2020.0,0.55,1,0,1.0,0,1.0,0,,False,no_upcoming,-0.049558,price_history,,2,0.9364,price_history,,-0.926367,,35.3448,0.5268,-0.433793,-0.492574,late,small,sev2,drug_developer,morningstar,,,,0,0.8879505054025792959219240153,36.61,41.25000000000000000000000000,49.0,88.46,25.57000270098805912023165683,8.948882314266929651545036159,24.8949,-0.8005,3.0,,9,1.0,0.1787,1,0,0.0,0.4,0.55,infectious_disease,0.7265,highly_crowded,1.0,12,0.08291288555347091,0.956604,1.7126,8.40,0.050943,-1.6358
SABS,"SAB Biotherapeutics, Inc.",,,D,ineligible,D,ineligible,,0.560377,,0,0.151852,1,0.848148,,0,no_upcoming,9,headwind,deep_drawdown|deep_drawdown_rel_xbi,XS,ineligible,momentum_score:-31.6;clinical_score:+21.7;financial_score:+13.9,tier=D;reason=ineligible;cat_days=NA;strength=missing;decay_w=0.0,v1.3.0,31f399e0,0,deep_drawdown,0,,"{""burn_ttm"": 27998784.0, ""cash_total"": 110880633.0, ""dilution_risk"": null, ""has_revenue"": null, ""lead_phase"": null, ""runway_months"": 47.52233511283919, ""stage_bucket"": ""mid"", ""surv_score"": ""5.0"", ""tier1_count"": 1}",mid|none|pos,0.014662131736526944,,0.4256,0,1,1.1519,0.4256,1,1,buying,-0.745,elite_1,0.0,0.0,0.0,,,0.0,0,0,0,True,False,True,missing,0.0,adequate,>2000bps,2020.0,0.55,1,0,1.0,0,1.0,0,,False,no_upcoming,-0.414598,price_history,,1,1.1213,price_history,,-0.775801,,21.3204,,-0.433793,-0.342008,mid,micro,none,drug_developer,morningstar,,,,0,0.7639888500218627022299956275,18.86,41.25000000000000000000000000,55.5,86.36,72.17391304347826086956521739,64.34782608695652173913043478,72.2703,1.2001,2.0,34,4,1.0,0.7533,1,1,0.0,0.4,0.55,infectious_disease,0.7265,highly_crowded,1.0,149,0.014662131736526944,0.439623,-0.1519,46.22,0.911321,1.3489
LRMR,"Larimar Therapeutics, Inc.",,,D,ineligible,D,ineligible,,0.930189,,0,0.025926,1,0.974074,,0,no_upcoming,9,headwind,deep_drawdown|deep_drawdown_rel_xbi,XS,ineligible,financial_score:-38.5;clinical_score:+33.5;smart_money_score:+28.0,tier=D;reason=ineligible;cat_days=NA;strength=missing;decay_w=0.0,v1.3.0,31f399e0,0,deep_drawdown,0,,"{""burn_ttm"": 45921000.0, ""cash_total"": 90140000.0, ""dilution_risk"": null, ""has_revenue"": null, ""lead_phase"": null, ""runway_months"": 23.55523616645979, ""stage_bucket"": ""early"", ""surv_score"": ""4.0"", ""tier1_count"": 5}",early|none|pos,-0.1,,-0.0484,0,1,1.359,-0.0484,5,5,buying,0.8065,elite_5,0.0,0.0,0.0,,,0.0,0,0,0,True,False,True,missing,0.0,short,<=1000bps,704.31,0.85,1,0,1.0,0,1.0,0,,False,no_upcoming,-0.426474,price_history,,5,0.56,price_history,,-0.780581,,29.1582,0.7621,-0.433793,-0.346788,early,small,sev2,drug_developer,morningstar,,,,0,0.7727796499619523861289270573,22.99,41.25000000000000000000000000,71.5,50.00,77.000,5,75.7587,1.3474,1.0,,2,0.0,0.0,0,0,0.0,0.4,0.5,other,0.2523,crowded,1.0,247,-0.1,0.069811,-1.4772,17.62,0.330189,-0.4394
OLMA,"Olema Pharmaceuticals, Inc.",,,D,ineligible,D,ineligible,,0.956604,,0,0.12963,1,0.87037,,0,no_upcoming,9,headwind,high_vol|deep_drawdown|deep_drawdown_rel_xbi,XS,ineligible,clinical_score:+25.9;momentum_score:-23.4;smart_money_score:+18.9,tier=D;reason=ineligible;cat_days=NA;strength=missing;decay_w=0.0,v1.3.0,31f399e0,0,deep_drawdown,0,,"{""burn_ttm"": 108389000.0, ""cash_total"": 328960000.0, ""dilution_risk"": null, ""has_revenue"": null, ""lead_phase"": null, ""runway_months"": 36.41993191190988, ""stage_bucket"": ""early"", ""surv_score"": ""5.0"", ""tier1_count"": 3}",early|none|pos,-0.1,,-1.241,879,1,1.2085,-1.241,3,3,buying,0.0307,elite_3,0.0,0.0,0.0,,,0.0,0,0,0,True,False,True,missing,0.0,adequate,<=1000bps,486.91,0.85,1,0,1.0,0,1.0,0,,False,no_upcoming,-0.22739,price_history,,3,1.3525,price_history,,-0.909402,,37.506,2.891,-0.433793,-0.475609,early,small,none,drug_developer,morningstar,,,,0,0.7218075287773514466452348854,24.17,41.25000000000000000000000000,66.5,50,73.49397590361445783132530120,32.42472201931661391120850580,72.4357,1.2071,1.0,879,1,0.0,0.0002,0,0,0.0,0.3,0.85,oncology,0.7265,highly_crowded,1.0,254,-0.1,0.043396,-1.7126,36.28,0.75283,0.6834
SPRY,"ARS Pharmaceuticals, Inc.",,,D,ineligible,D,ineligible,,0.975472,,0,0.174074,1,0.825926,,0,no_upcoming,9,headwind,deep_drawdown|deep_drawdown_rel_xbi,XS,ineligible,clinical_score:+22.7;momentum_score:-14.9;catalyst_score:-7.0,tier=D;reason=ineligible;cat_days=NA;strength=missing;decay_w=0.0,v1.3.0,31f399e0,0,deep_drawdown,0,,"{""burn_ttm"": 127381000.0, ""cash_total"": 288209000.0, ""dilution_risk"": null, ""has_revenue"": null, ""lead_phase"": null, ""runway_months"": 27.150893775366814, ""stage_bucket"": ""early"", ""surv_score"": ""0.0"", ""tier1_count"": 6}",early|none|pos,-0.1,,-0.3829,27,1,1.0999,-0.3829,6,6,selling,1.1944,elite_6,0.0,0.0,0.0,,,0.0,0,0,0,True,False,True,missing,0.0,adequate,<=1000bps,859.01,0.85,1,0,1.0,0,1.0,0,,False,no_upcoming,-0.106784,price_history,,6,1.2211,price_history,,-0.934613,,40.9408,0.7229,-0.433793,-0.50082,early,small,none,drug_developer,morningstar,,,,0,0.7858282640182081522863645769,33.37,41.25000000000000000000000000,53.0,50,70.96385542168674698795180723,42.55766577388199009820631442,70.1987,1.1126,1.0,27,1,0.0,0.1996,1,0,0.0,0.3,0.5,respiratory,-0.459,uncrowded,1.0,259,-0.1,0.024528,-1.9681,45.57,0.896226,1.2603
KOD,Kodiak Sciences Inc,,,D,ineligible,D,ineligible,,0.122642,,0,0.988889,1,0.011111,,0,no_upcoming,9,headwind,deep_drawdown|deep_drawdown_rel_xbi,XS,ineligible,smart_money_score:+41.0;clinical_score:-20.5;financial_score:-20.5,tier=D;reason=ineligible;cat_days=NA;strength=missing;decay_w=0.0,v1.3.0,31f399e0,0,deep_drawdown,0,,"{""burn_ttm"": 96630000.0, ""cash_total"": 72038000.0, ""dilution_risk"": null, ""has_revenue"": null, ""lead_phase"": null, ""runway_months"": 8.94604160198696, ""stage_bucket"": ""late"", ""surv_score"": ""-2.0"", ""tier1_count"": 3}",late|none|nonpos,0.08291288555347091,,0.7889,0,1,-1.7314,0.7889,3,3,buying,0.0307,elite_3,0.0,0.0,0.0,,,0.0,0,0,0,True,False,True,missing,0.0,short,<=1000bps,676.83,0.85,1,0,1.0,0,1.0,0,,False,no_upcoming,-0.439684,price_history,,3,1.7539,price_history,,-0.942713,,13.7472,0.8241,-0.433793,-0.50892,late,small,sev2,drug_developer,morningstar,,,,0,0.8621078447371488518475346777,9.74,41.25000000000000000000000000,66.5,41.45,5,5,4.8464,-1.6472,3.0,53,4,1.0,1.5824,1,2,0.0,0.3,0.55,ophthalmology,0.7265,highly_crowded,1.0,33,0.08291288555347091,0.877358,1.1619,6.13,0.024528,-1.9681
GHRS,GH Research PLC,,,D,ineligible,D,ineligible,,0.903774,,0,0.092593,1,0.907407,,0,no_upcoming,9,neutral,deep_drawdown,XS,ineligible,financial_score:-43.2;clinical_score:+27.4;smart_money_score:+23.3,tier=D;reason=ineligible;cat_days=NA;strength=missing;decay_w=0.0,v1.3.0,31f399e0,0,financials_missing,1,"cash_runway_lt_6m,survivability_critical","{""burn_ttm"": 0.0, ""cash_total"": 0.0, ""dilution_risk"": null, ""has_revenue"": null, ""lead_phase"": null, ""runway_months"": 0.0, ""stage_bucket"": ""early"", ""surv_score"": ""-5.0"", ""tier1_count"": 5}",early|none|pos,-0.1,,-0.0624,0,1,1.3016,-0.0624,5,5,buying,0.8065,elite_5,0.0,0.0,0.0,,,0.0,0,0,0,True,False,True,missing,0.0,critical,<=2000bps,1358.9,0.7,1,0,1.0,0,1.0,0,,False,no_upcoming,-0.16807,price_history,,5,0.6856,price_history,,-0.445161,,36.3236,0.9535,-0.433793,-0.011368,early,unknown,sev2,drug_developer,morningstar,,,,0,0.6752108817614057372710913518,47.70,41.25000000000000000000000000,71.5,50,75.66265060240963855421686747,5,74.3725,1.2889,1.0,,1,0.0,0.0,0,0,0.0,0.4,0.6,cns,0.7265,highly_crowded,1.0,240,-0.1,0.096226,-1.3034,21.67,0.466038,-0.0852
ABEO,Abeona Therapeutics Inc.,,,D,ineligible,D,ineligible,,0.009434,,0,0.885185,1,0.114815,,0,no_upcoming,9,headwind,deep_drawdown|deep_drawdown_rel_xbi,XS,ineligible,clinical_score:-30.8;financial_score:+28.4;smart_money_score:+13.4,tier=D;reason=ineligible;cat_days=NA;strength=missing;decay_w=0.0,v1.3.0,31f399e0,0,deep_drawdown,0,,"{""burn_ttm"": 58373000.0, ""cash_total"": 207117000.0, ""dilution_risk"": null, ""has_revenue"": null, ""lead_phase"": null, ""runway_months"": 38.84982606281337, ""stage_bucket"": ""late"", ""surv_score"": ""2.0"", ""tier1_count"": 2}",late|none|nonpos,0.08291288555347091,,0.8446,0,1,-1.4806,0.8446,2,2,neutral,-0.3571,elite_2,0.0,0.0,0.0,,,0.0,0,0,0,True,False,True,missing,0.0,adequate,<=2000bps,1317.16,0.7,1,0,1.0,0,1.0,0,,False,no_upcoming,-0.288668,price_history,,2,1.0446,price_history,,-0.885106,,50.092,,-0.433793,-0.451313,late,micro,none,drug_developer,morningstar,,,,0,0.8741792361966625601971105387,31.08,41.25000000000000000000000000,55.0,84.19,10.84371329325820817708431480,70.07518796992481203007518797,11.1511,-1.3809,3.0,228,7,1.0,0.8903,3,0,0.0,0.3,0.5,other,-1.6445,uncrowded,1.0,3,0.08291288555347091,0.990566,2.3481,23.32,0.511321,0.0284
PGEN,"Precigen, Inc.",,,D,ineligible,D,ineligible,,0.960377,,0,0.218519,1,0.781481,,0,no_upcoming,9,headwind,deep_drawdown|deep_drawdown_rel_xbi,XS,ineligible,financial_score:-32.9;clinical_score:+26.4;smart_money_score:+14.2,tier=D;reason=ineligible;cat_days=NA;strength=missing;decay_w=0.0,v1.3.0,31f399e0,0,deep_drawdown,0,,"{""burn_ttm"": 64371000.0, ""cash_total"": 121135000.0, ""dilution_risk"": null, ""has_revenue"": null, ""lead_phase"": null, ""runway_months"": 22.581908002050614, ""stage_bucket"": ""early"", ""surv_score"": ""0.0"", ""tier1_count"": 1}",early|none|pos,-0.1,,-0.0853,0,1,0.9603,-0.0853,1,1,buying,-0.745,elite_1,0.0,0.0,0.0,,,0.0,0,0,0,True,False,True,missing,0.0,adequate,<=1000bps,775.44,0.85,1,0,1.0,0,1.0,0,,False,no_upcoming,-0.106072,price_history,,1,1.4084,price_history,,-0.787592,,35.425,0.8424,-0.433793,-0.353799,early,small,sev1,drug_developer,morningstar,,,,0,0.7473850512094138156461102637,33.72,41.25000000000000000000000000,55.5,30.95,67.71084337349397590361445783,8.429348267186105023942861784,67.1207,0.9827,1.0,824,5,1.0,0.0005,0,0,0.0,0.4,0.85,oncology,0.7265,highly_crowded,1.0,255,-0.1,0.039623,-1.7551,26.94,0.575472,0.1903
IRON,"Disc Medicine, Inc.",,,D,ineligible,D,ineligible,,0.915094,,0,0.211111,1,0.788889,,0,no_upcoming,9,headwind,deep_drawdown|deep_drawdown_rel_xbi,XS,ineligible,momentum_score:-26.7;smart_money_score:+22.0;catalyst_score:-16.7,tier=D;reason=ineligible;cat_days=NA;strength=missing;decay_w=0.0,v1.3.0,31f399e0,0,deep_drawdown,0,,"{""burn_ttm"": 180393000.0, ""cash_total"": 791152000.0, ""dilution_risk"": null, ""has_revenue"": null, ""lead_phase"": null, ""runway_months"": 52.62856097520414, ""stage_bucket"": ""early"", ""surv_score"": ""5.0"", ""tier1_count"": 8}",early|none|pos,-0.1,,-0.9396,118,1,1.0069,-0.9396,8,8,buying,1.9702,elite_8,0.0,0.0,0.0,,,0.0,0,0,0,True,False,True,missing,0.0,adequate,<=1000bps,463.13,0.85,1,0,1.0,0,1.0,0,,False,no_upcoming,-0.12065,price_history,,8,1.3588,price_history,,-0.926111,,32.5029,0.4392,-0.433793,-0.492318,early,mid,none,drug_developer,morningstar,,,,0,0.8106080095823351734194354755,31.27,41.25000000000000000000000000,80.0,50,68.79518072289156626506024096,68.450,67.855,1.0137,1.0,118,1,0.0,0.0935,0,0,0.0,0.4,0.5,other,-0.459,uncrowded,1.0,243,-0.1,0.084906,-1.3728,59.07,0.998113,2.8965
RCKT,"Rocket Pharmaceuticals, Inc.",,,D,ineligible,D,ineligible,,0.843396,,0,0.625926,1,0.374074,,0,no_upcoming,9,headwind,deep_drawdown|deep_drawdown_rel_xbi,XS,ineligible,smart_money_score:+18.7;clinical_score:-9.8;momentum_score:-7.7,tier=D;reason=ineligible;cat_days=NA;strength=missing;decay_w=0.0,v1.3.0,31f399e0,0,deep_drawdown,0,,"{""burn_ttm"": 155174000.0, ""cash_total"": 222758000.0, ""dilution_risk"": null, ""has_revenue"": null, ""lead_phase"": null, ""runway_months"": 17.070450597731686, ""stage_bucket"": ""mid"", ""surv_score"": ""2.0"", ""tier1_count"": 3}",mid|none|nonpos,-0.030147721518987338,,0.3726,0,1,-0.3372,0.3726,3,3,buying,0.0307,elite_3,0.0,0.0,0.0,,,0.0,0,0,0,True,False,True,missing,0.0,adequate,<=1000bps,956.37,0.85,1,0,1.0,0,1.0,0,,False,no_upcoming,-0.043079,price_history,,3,1.3629,price_history,,-0.746202,,32.2742,0.6262,-0.433793,-0.312409,mid,small,sev1,drug_developer,morningstar,,,,0,0.7990524420436641908620301598,39.64,41.25000000000000000000000000,66.0,74.24,37.48162150808653644192396555,52.15217391304347826086956522,36.7733,-0.2989,2.0,1065,7,1.0,0.0026,0,0,0.0,0.3,0.95,oncology,-1.6445,uncrowded,1.0,224,-0.030147721518987338,0.156604,-1.0085,25.09,0.537736,0.0947
WVE,Wave Life Sciences Ltd.,,,D,ineligible,D,ineligible,,0.858491,,0,0.781481,1,0.218519,,0,no_upcoming,9,headwind,high_vol|deep_drawdown|deep_drawdown_rel_xbi,XS,ineligible,smart_money_score:+28.9;clinical_score:-26.9;financial_score:+11.3,tier=D;reason=ineligible;cat_days=NA;strength=missing;decay_w=0.0,v1.3.0,31f399e0,0,deep_drawdown,0,,"{""burn_ttm"": 187493000.0, ""cash_total"": 602068000.0, ""dilution_risk"": null, ""has_revenue"": null, ""lead_phase"": null, ""runway_months"": 38.533790594848874, ""stage_bucket"": ""mid"", ""surv_score"": ""5.0"", ""tier1_count"": 5}",mid|none|nonpos,-0.030147721518987338,,0.3541,0,1,-1.0138,0.3541,5,5,buying,0.8065,elite_5,0.0,0.0,0.0,,,0.0,0,0,0,True,False,True,missing,0.0,adequate,<=400bps,327.67,1.0,0,0,1.0,0,1.0,0,,False,no_upcoming,-0.223684,price_history,,5,0.5262,price_history,,-0.779677,,39.2454,3.1359,-0.433793,-0.345884,mid,mid,none,drug_developer,morningstar,,,,0,0.7964782408473405480082892010,42.62,41.25000000000000000000000000,77.5,28.79,21.72022684310018903591682419,59.91304347826086956521739131,21.0979,-0.9609,2.0,,7,1.0,0.0049,0,0,0.0,0.4,0.75,rare_disease,0.7265,highly_crowded,1.0,228,-0.030147721518987338,0.141509,-1.0736,23.70,0.515094,0.0378
IMMP,Immutep Limited,,,D,ineligible,D,ineligible,,0.518868,,0,0.262963,1,0.737037,,0,no_upcoming,9,tailwind,deep_drawdown,XS,ineligible,financial_score:-35.7;clinical_score:+22.4;momentum_score:+14.1,tier=D;reason=ineligible;cat_days=NA;strength=missing;decay_w=0.0,v1.3.0,31f399e0,0,financials_missing,1,"cash_runway_lt_6m,survivability_critical","{""burn_ttm"": 0.0, ""cash_total"": 0.0, ""dilution_risk"": null, ""has_revenue"": null, ""lead_phase"": null, ""runway_months"": 0.0, ""stage_bucket"": ""mid"", ""surv_score"": ""-5.0"", ""tier1_count"": 0}",mid|none|pos,0.014662131736526944,,0.4117,0,1,0.816,0.4117,0,0,neutral,-1.1329,,0.0,0.0,0.0,,,0.0,0,0,0,True,False,True,missing,0.0,critical,>2000bps,2020.0,0.55,1,0,1.0,0,1.0,0,,False,no_upcoming,-0.041311,price_history,,0,0.4631,price_history,,-0.472169,,53.4537,0.7295,-0.433793,-0.038376,mid,unknown,sev2,drug_developer,morningstar,,,,0,0.7435914475837242282098832770,56.01,41.25000000000000000000000000,,50,64.34782608695652173913043478,6.227683259819365679479101022,65.36,0.9083,2.0,90,10,1.0,0.4745,1,1,0.0833,0.5,0.95,oncology,0.7265,highly_crowded,1.0,138,0.014662131736526944,0.481132,-0.0473,17.14,0.311321,-0.4921
NUVB,Nuvation Bio Inc.,,,D,ineligible,D,ineligible,,0.832075,,0,0.862963,1,0.137037,,0,no_upcoming,9,headwind,high_vol|deep_drawdown|deep_drawdown_rel_xbi,XS,ineligible,clinical_score:-27.9;financial_score:+22.8;smart_money_score:+11.4,tier=D;reason=ineligible;cat_days=NA;strength=missing;decay_w=0.0,v1.3.0,31f399e0,0,deep_drawdown,0,,"{""burn_ttm"": 143694000.0, ""cash_total"": 549045000.0, ""dilution_risk"": null, ""has_revenue"": null, ""lead_phase"": null, ""runway_months"": 44.273359540368915, ""stage_bucket"": ""mid"", ""surv_score"": ""3.0"", ""tier1_count"": 6}",mid|none|nonpos,-0.030147721518987338,,0.3505,0,1,-1.3607,0.3505,6,6,selling,1.1944,elite_6,0.0,0.0,0.0,,,0.0,0,0,0,True,False,True,missing,0.0,adequate,<=1000bps,551.15,0.85,1,0,1.0,0,1.0,0,,False,no_upcoming,-0.268263,price_history,,6,0.9238,price_history,,-0.684283,,34.0318,1.2485,-0.433793,-0.25049,mid,mid,none,drug_developer,morningstar,,,,0,0.7815738498789346246973365617,35.66,41.25000000000000000000000000,53.0,34.85,13.63789119932787229573618988,64.34782608695652173913043478,12.5796,-1.3206,2.0,826,8,1.0,0.0573,0,0,0.0,0.3,0.95,oncology,0.7265,highly_crowded,1.0,221,-0.030147721518987338,0.167925,-0.9624,17.08,0.296226,-0.5353
ABOS,"Acumen Pharmaceuticals, Inc.",,,D,ineligible,D,ineligible,,0.862264,,0,0.203704,1,0.796296,,0,no_upcoming,9,headwind,deep_drawdown|deep_drawdown_rel_xbi,XS,ineligible,financial_score:-30.4;clinical_score:+24.6;smart_money_score:+11.3,tier=D;reason=ineligible;cat_days=NA;strength=missing;decay_w=0.0,v1.3.0,31f399e0,0,deep_drawdown,0,,"{""burn_ttm"": 96442000.0, ""cash_total"": 126609000.0, ""dilution_risk"": null, ""has_revenue"": null, ""lead_phase"": null, ""runway_months"": 15.753592832998072, ""stage_bucket"": ""early"", ""surv_score"": ""1.0"", ""tier1_count"": 1}",early|none|pos,-0.1,,-1.2487,465,1,1.0069,-1.2487,1,1,buying,-0.745,elite_1,0.0,0.0,0.0,,,0.0,0,0,0,True,False,True,missing,0.0,short,>2000bps,2020.0,0.55,1,0,1.0,0,1.0,0,,False,no_upcoming,-0.12124,price_history,,1,0.7868,price_history,,-0.752465,,40.5186,,-0.433793,-0.318672,early,micro,sev2,drug_developer,morningstar,,,,0,0.7056030047334842560197571517,41.69,41.25000000000000000000000000,55.5,50,68.79518072289156626506024096,13.76631022080289027596329091,67.505,0.9989,1.0,465,1,0.0,0.0052,0,0,0.0,0.4,0.6,cns,0.7265,highly_crowded,1.0,229,-0.1,0.137736,-1.0905,17.01,0.284906,-0.5683
CELC,Celcuity Inc.,,,D,ineligible,D,ineligible,,0.790566,,0,0.72963,1,0.27037,,0,no_upcoming,9,headwind,deep_drawdown|deep_drawdown_rel_xbi,XS,ineligible,smart_money_score:+34.5;clinical_score:-22.5;catalyst_score:-7.3,tier=D;reason=ineligible;cat_days=NA;strength=missing;decay_w=0.0,v1.3.0,31f399e0,0,deep_drawdown,0,,"{""burn_ttm"": 116881000.0, ""cash_total"": 454978000.0, ""dilution_risk"": null, ""has_revenue"": null, ""lead_phase"": null, ""runway_months"": 46.71192067145216, ""stage_bucket"": ""mid"", ""surv_score"": ""4.0"", ""tier1_count"": 6}",mid|none|nonpos,-0.030147721518987338,,0.3588,0,1,-0.8295,0.3588,6,6,buying,1.1944,elite_6,0.0,0.0,0.0,,,0.0,0,0,0,True,False,True,missing,0.0,adequate,<=400bps,347.34,1.0,0,0,1.0,0,1.0,0,,False,no_upcoming,-0.071413,price_history,,6,0.9765,price_history,,-0.702554,,36.7151,,-0.433793,-0.268761,mid,mid,none,drug_developer,morningstar,,,,0,0.7815896253602305475504322767,42.44,41.25000000000000000000000000,83.0,13.64,26.01344255408527620247847091,49.86961772736819995799201849,25.3051,-0.7832,2.0,605,7,1.0,0.0078,0,0,0.0,0.3,0.95,oncology,-0.459,uncrowded,1.0,210,-0.030147721518987338,0.209434,-0.8084,20.48,0.439623,-0.1519
NGNE,Neurogene Inc.,,,D,ineligible,D,ineligible,,0.945283,,0,0.337037,1,0.662963,,0,no_upcoming,9,headwind,deep_drawdown|deep_drawdown_rel_xbi,XS,ineligible,smart_money_score:+31.0;momentum_score:-25.8;catalyst_score:-12.8,tier=D;reason=ineligible;cat_days=NA;strength=missing;decay_w=0.0,v1.3.0,31f399e0,0,deep_drawdown,0,,"{""burn_ttm"": 59744000.0, ""cash_total"": 265410000.0, ""dilution_risk"": null, ""has_revenue"": null, ""lead_phase"": null, ""runway_months"": 53.30945366898768, ""stage_bucket"": ""early"", ""surv_score"": ""5.0"", ""tier1_count"": 8}",early|none|pos,-0.1,,-1.2409,286,1,0.619,-1.2409,8,8,buying,1.9702,elite_8,0.0,0.0,0.0,,,0.0,0,0,0,True,False,True,missing,0.0,adequate,<=2000bps,1586.17,0.7,1,0,1.0,0,1.0,0,,False,no_upcoming,-0.225285,price_history,,8,1.2807,price_history,,-0.823171,,31.79,0.823,-0.433793,-0.389378,early,small,none,drug_developer,morningstar,,,,0,0.7881479071784862285838212969,28.22,41.25000000000000000000000000,85,69.05,59.75903614457831325301204819,55.83783783783783783783783784,58.1389,0.6034,1.0,286,5,1.0,0.0231,0,0,0.0,0.3,0.65,rare_disease,0.7265,highly_crowded,1.0,251,-0.1,0.054717,-1.6007,40.98,0.820755,0.9182
NKTX,"Nkarta, Inc.",,,D,ineligible,D,ineligible,,0.949057,,0,0.374074,1,0.625926,,0,no_upcoming,9,headwind,deep_drawdown|deep_drawdown_rel_xbi,XS,ineligible,momentum_score:-15.0;smart_money_score:+13.8;catalyst_score:-11.5,tier=D;reason=ineligible;cat_days=NA;strength=missing;decay_w=0.0,v1.3.0,31f399e0,0,deep_drawdown,0,,"{""burn_ttm"": 67052000.0, ""cash_total"": 282331000.0, ""dilution_risk"": null, ""has_revenue"": null, ""lead_phase"": null, ""runway_months"": 50.52753087156237, ""stage_bucket"": ""early"", ""surv_score"": ""5.0"", ""tier1_count"": 3}",early|none|pos,-0.1,,-1.3031,943,1,0.5259,-1.3031,3,3,buying,0.0307,elite_3,0.0,0.0,0.0,,,0.0,0,0,0,True,False,True,missing,0.0,adequate,>2000bps,2020.0,0.55,1,0,1.0,0,1.0,0,,False,no_upcoming,-0.110679,price_history,,3,1.1137,price_history,,-0.814286,,39.9957,,-0.433793,-0.380493,early,micro,none,drug_developer,morningstar,,,,0,0.7691021479958890030832476876,37.77,41.25000000000000000000000000,66.5,50,57.59036144578313253012048193,60.55421686746987951807228916,56.5321,0.5355,1.0,943,2,0.3333,0.0001,0,0,0.0,0.3,0.85,oncology,0.7265,highly_crowded,1.0,252,-0.1,0.050943,-1.6358,45.16,0.888679,1.2195
EDIT,"Editas Medicine, Inc.",,,D,ineligible,D,ineligible,,0.9,,0,0.307407,1,0.692593,,0,no_upcoming,9,headwind,deep_drawdown|deep_drawdown_rel_xbi,XS,ineligible,clinical_score:+25.2;financial_score:-24.8;momentum_score:-4.9,tier=D;reason=ineligible;cat_days=NA;strength=missing;decay_w=0.0,v1.3.0,31f399e0,0,deep_drawdown,0,,"{""burn_ttm"": 128854000.0, ""cash_total"": 165648000.0, ""dilution_risk"": null, ""has_revenue"": null, ""lead_phase"": null, ""runway_months"": 14.22828421495472, ""stage_bucket"": ""early"", ""surv_score"": ""0.0"", ""tier1_count"": 0}",early|none|pos,-0.1,,-1.2783,1176,1,0.7121,-1.2783,0,0,neutral,-1.1329,,0.0,0.0,0.0,,,0.0,0,0,0,True,False,True,missing,0.0,short,<=2000bps,1626.3,0.7,1,0,1.0,0,1.0,0,,False,no_upcoming,-0.100169,price_history,,0,1.4085,price_history,,-0.779819,,40.6879,0.8096,-0.433793,-0.346026,early,micro,sev2,drug_developer,morningstar,,,,0,0.7271273741817791608541689022,31.81,41.25000000000000000000000000,,73.81,61.92771084337349397590361446,11.95775874582668021483524459,60.1694,0.6891,1.0,1176,3,0.6667,0.0,0,0,0.0,0.3,0.55,ophthalmology,0.7265,highly_crowded,1.0,239,-0.1,0.1,-1.2816,11.42,0.115094,-1.1999
NRIX,"Nurix Therapeutics, Inc.",,,D,ineligible,D,ineligible,,0.95283,,0,0.403704,1,0.596296,,0,no_upcoming,9,headwind,deep_drawdown|deep_drawdown_rel_xbi,XS,ineligible,financial_score:-31.9;clinical_score:+18.5;smart_money_score:+14.1,tier=D;reason=ineligible;cat_days=NA;strength=missing;decay_w=0.0,v1.3.0,31f399e0,0,deep_drawdown,0,,"{""burn_ttm"": 249465000.0, ""cash_total"": 246960000.0, ""dilution_risk"": null, ""has_revenue"": null, ""lead_phase"": null, ""runway_months"": 11.879502134567975, ""stage_bucket"": ""early"", ""surv_score"": ""0.0"", ""tier1_count"": 4}",early|none|pos,-0.1,,-1.3003,431,1,0.4328,-1.3003,4,4,selling,0.4186,elite_4,0.0,0.0,0.0,,,0.0,0,0,0,True,False,True,missing,0.0,short,<=1000bps,674.93,0.85,1,0,1.0,0,1.0,0,,False,no_upcoming,-0.189241,price_history,,4,1.2352,price_history,,-0.701262,,30.2021,0.7197,-0.433793,-0.267469,early,small,sev2,drug_developer,morningstar,,,,0,0.8269203490893321769297484822,31.82,41.25000000000000000000000000,51.0,21.43,55.42168674698795180722891566,5,54.3634,0.4439,1.0,431,4,1.0,0.0069,0,0,0.0,0.3,0.85,oncology,0.7265,highly_crowded,1.0,253,-0.1,0.04717,-1.6729,15.72,0.232075,-0.732
TCRX,"TScan Therapeutics, Inc.",,,D,ineligible,D,ineligible,,0.986792,,0,0.462963,1,0.537037,,0,no_upcoming,9,headwind,deep_drawdown|deep_drawdown_rel_xbi,XS,ineligible,financial_score:-21.0;smart_money_score:+17.7;clinical_score:+9.2,tier=D;reason=ineligible;cat_days=NA;strength=missing;decay_w=0.0,v1.3.0,31f399e0,0,deep_drawdown,0,,"{""burn_ttm"": 103317000.0, ""cash_total"": 184453000.0, ""dilution_risk"": null, ""has_revenue"": null, ""lead_phase"": null, ""runway_months"": 21.003529947620134, ""stage_bucket"": ""early"", ""surv_score"": ""3.0"", ""tier1_count"": 2}",early|none|pos,-0.1,,-1.4253,,0,0.3087,-1.4253,2,2,buying,-0.3571,elite_2,0.0,0.0,0.0,,,0.0,0,0,0,True,False,True,missing,0.0,adequate,>2000bps,2036.0,0.55,1,0,1.0,0,1.0,0,,False,no_upcoming,-0.368842,price_history,,2,0.1908,price_history,,-0.718843,,26.1978,,-0.433793,-0.28505,early,micro,sev1,drug_developer,morningstar,,,,0,0.7186810243222972249008893175,39.56,41.25000000000000000000000000,61.0,90.00,52.53012048192771084337349398,22.36625215722327059240979985,51.4027,0.3189,0.0,1025,3,0.0,0.0,0,0,0.0,0.0,0.85,oncology,0.7265,highly_crowded,1.0,262,-0.1,0.013208,-2.2201,19.07,0.39434,-0.268
EPRX,Eupraxia Pharmaceuticals Inc.,,,D,ineligible,D,ineligible,,0.511321,,0,0.366667,1,0.633333,,0,no_upcoming,9,neutral,overbought_rsi,XS,ineligible,financial_score:-38.1;smart_money_score:+22.1;clinical_score:+13.5,tier=D;reason=ineligible;cat_days=NA;strength=missing;decay_w=0.0,v1.3.0,31f399e0,0,financials_missing,1,"cash_runway_lt_6m,survivability_critical","{""burn_ttm"": 0.0, ""cash_total"": 0.0, ""dilution_risk"": null, ""has_revenue"": null, ""lead_phase"": null, ""runway_months"": 0.0, ""stage_bucket"": ""mid"", ""surv_score"": ""-5.0"", ""tier1_count"": 3}",mid|none|pos,0.014662131736526944,,0.4078,0,1,0.536,0.4078,3,3,buying,0.0307,elite_3,0.0,0.0,0.0,,,0.0,0,0,0,True,False,True,missing,0.0,critical,>2000bps,2020.0,0.55,1,0,1.0,0,1.0,0,,False,no_upcoming,,,beta_missing:series_too_short,3,0.8122,,series_too_short,-0.0272,,82.0755,0.6009,-0.433793,0.406593,mid,unknown,sev2,drug_developer,morningstar,,,,0,0.7231718598904050714515955732,50,41.25000000000000000000000000,66.5,50,57.82608695652173913043478261,6.227683259819365679479101022,56.0678,0.5159,2.0,439,1,0.0,0.0258,0,0,0.0,0.3,0.6,autoimmune,0.7265,crowded,1.0,136,0.014662131736526944,0.488679,-0.0284,18.26,0.371698,-0.3274
CMPX,"Compass Therapeutics, Inc.",,,D,ineligible,D,ineligible,,0.884906,,0,0.351852,1,0.648148,,0,no_upcoming,9,headwind,deep_drawdown|deep_drawdown_rel_xbi,XS,ineligible,clinical_score:+12.7;momentum_score:-6.5;catalyst_score:-5.1,tier=D;reason=ineligible;cat_days=NA;strength=missing;decay_w=0.0,v1.3.0,31f399e0,0,deep_drawdown,0,,"{""burn_ttm"": 35889000.0, ""cash_total"": 219895000.0, ""dilution_risk"": null, ""has_revenue"": null, ""lead_phase"": null, ""runway_months"": 73.5250355262058, ""stage_bucket"": ""early"", ""surv_score"": ""5.0"", ""tier1_count"": 0}",early|none|pos,-0.1,,-1.2991,675,1,0.588,-1.2991,0,0,neutral,-1.1329,,0.0,0.0,0.0,,,0.0,0,0,0,True,False,True,missing,0.0,adequate,<=1000bps,913.08,0.85,1,0,1.0,0,1.0,0,,False,no_upcoming,-0.442943,price_history,,0,0.0507,price_history,,-0.814773,,30.5019,,-0.433793,-0.38098,early,small,none,drug_developer,morningstar,,,,0,0.7896149055428690056051484326,39.84,41.25000000000000000000000000,,50,59.03614457831325301204819277,45.20818115412710007304601899,57.9778,0.5966,1.0,675,2,0.3333,0.0009,0,0,0.0,0.3,0.85,oncology,0.7265,highly_crowded,1.0,235,-0.1,0.115094,-1.1999,43.40,0.84717,1.0244
TSHA,"Taysha Gene Therapies, Inc.",,,D,ineligible,D,ineligible,,0.998113,,0,0.507407,1,0.492593,,0,no_upcoming,9,headwind,deep_drawdown|deep_drawdown_rel_xbi,XS,ineligible,smart_money_score:+34.0;momentum_score:-24.0;catalyst_score:-9.7,tier=D;reason=ineligible;cat_days=NA;strength=missing;decay_w=0.0,v1.3.0,31f399e0,0,deep_drawdown,0,,"{""burn_ttm"": 66368000.0, ""cash_total"": 297344000.0, ""dilution_risk"": null, ""has_revenue"": null, ""lead_phase"": null, ""runway_months"": 53.76277724204436, ""stage_bucket"": ""early"", ""surv_score"": ""5.0"", ""tier1_count"": 9}",early|none|pos,-0.1,,-1.3346,1834,1,0.2001,-1.3346,9,9,buying,2.358,elite_9,0.0,0.0,0.0,,,0.0,0,0,0,True,False,True,missing,0.0,adequate,<=1000bps,881.38,0.85,1,0,1.0,0,1.0,0,,False,no_upcoming,-0.310978,price_history,,9,1.0861,price_history,,-0.789086,,30.5254,0.7836,-0.433793,-0.355293,early,small,none,drug_developer,morningstar,,,,0,0.7466463099058068522927233206,26.98,41.25000000000000000000000000,85,50,50,51.70270270270270270270270270,48.5917,0.2002,1.0,1834,1,0.0,0.0,0,0,0.0,0.3,0.5,other,-1.1703,uncrowded,1.0,265,-0.1,0.001887,-2.8965,39.36,0.790566,0.8084
LENZ,"LENZ Therapeutics, Inc.",,,D,ineligible,D,ineligible,,0.533962,,0,0.433333,1,0.566667,,0,no_upcoming,9,headwind,deep_drawdown|deep_drawdown_rel_xbi,XS,ineligible,financial_score:-33.4;smart_money_score:+28.9;clinical_score:+8.8,tier=D;reason=ineligible;cat_days=NA;strength=missing;decay_w=0.0,v1.3.0,31f399e0,0,fundamental_red_flag|deep_drawdown,1,survivability_critical,"{""burn_ttm"": 36145000.0, ""cash_total"": 25399000.0, ""dilution_risk"": null, ""has_revenue"": null, ""lead_phase"": null, ""runway_months"": 8.432369622354406, ""stage_bucket"": ""mid"", ""surv_score"": ""-5.0"", ""tier1_count"": 6}",mid|none|pos,0.014662131736526944,,0.4049,0,1,0.3681,0.4049,6,6,buying,1.1944,elite_6,0.0,0.0,0.0,,,0.0,0,0,0,True,False,True,missing,0.0,short,<=1000bps,831.52,0.85,1,0,1.0,0,1.0,0,,False,no_upcoming,0.139354,price_history,,6,1.2384,price_history,,-0.734136,,37.2297,1.0281,-0.433793,-0.300343,mid,small,sev2,drug_developer,morningstar,,,,0,0.7555477143459026753739203708,44.58,41.25000000000000000000000000,74.0,50,53.91304347826086956521739130,11.62765175383322831337954212,52.9729,0.3852,2.0,,2,0.3333,0.0,0,0,0.0,0.4,0.5,other,-2.83,uncrowded,1.0,142,0.014662131736526944,0.466038,-0.0852,16.35,0.24717,-0.6834
PRQR,ProQR Therapeutics N.V.,,,D,ineligible,D,ineligible,,0.545283,,0,0.485185,1,0.514815,,0,no_upcoming,9,headwind,deep_drawdown|deep_drawdown_rel_xbi,XS,ineligible,financial_score:-26.9;smart_money_score:+22.4;momentum_score:-21.9,tier=D;reason=ineligible;cat_days=NA;strength=missing;decay_w=0.0,v1.3.0,31f399e0,0,financials_missing|deep_drawdown,1,"cash_runway_lt_6m,survivability_critical","{""burn_ttm"": 0.0, ""cash_total"": 0.0, ""dilution_risk"": null, ""has_revenue"": null, ""lead_phase"": null, ""runway_months"": 0.0, ""stage_bucket"": ""mid"", ""surv_score"": ""-5.0"", ""tier1_count"": 1}",mid|none|pos,0.014662131736526944,,0.3997,0,1,0.2561,0.3997,1,1,buying,-0.745,elite_1,0.0,0.0,0.0,,,0.0,0,0,0,True,False,True,missing,0.0,critical,>2000bps,2036.0,0.55,1,0,1.0,0,1.0,0,,False,no_upcoming,-0.572415,price_history,,1,1.1083,price_history,,-0.902169,,17.6212,,-0.433793,-0.468376,mid,unknown,sev2,drug_developer,morningstar,,,,0,0.7467380601861874864689326694,11.15,41.25000000000000000000000000,55.5,50,51.30434782608695652173913043,6.227683259819365679479101022,51.019,0.3027,2.0,362,5,1.0,0.3478,1,0,0.0,0.5,0.55,ophthalmology,0.7265,highly_crowded,1.0,145,0.014662131736526944,0.454717,-0.1138,16.69,0.258491,-0.648
CGEM,"Cullinan Therapeutics, Inc.",,,D,ineligible,D,ineligible,,0.881132,,0,0.448148,1,0.551852,,0,no_upcoming,9,neutral,deep_drawdown|deep_drawdown_rel_xbi,XS,ineligible,catalyst_score:-6.7;clinical_score:+5.3;financial_score:+2.3,tier=D;reason=ineligible;cat_days=NA;strength=missing;decay_w=0.0,v1.3.0,31f399e0,0,deep_drawdown,0,,"{""burn_ttm"": 137641000.0, ""cash_total"": 332596000.0, ""dilution_risk"": null, ""has_revenue"": null, ""lead_phase"": null, ""runway_months"": 28.996825073924192, ""stage_bucket"": ""early"", ""surv_score"": ""5.0"", ""tier1_count"": 4}",early|none|pos,-0.1,,-1.3159,1429,1,0.3397,-1.3159,4,4,selling,0.4186,elite_4,0.0,0.0,0.0,,,0.0,0,0,0,True,False,True,missing,0.0,adequate,<=1000bps,848.87,0.85,1,0,1.0,0,1.0,0,,False,no_upcoming,0.058121,price_history,,4,1.1732,price_history,,-0.757956,,40.8807,1.1117,-0.433793,-0.324163,early,small,none,drug_developer,morningstar,,,,0,0.8225459353999566442662042055,47.58,41.25000000000000000000000000,47.5,40.48,53.25301204819277108433734940,50.32432432432432432432432432,52.1947,0.3523,1.0,1429,4,1.0,0.0,0,0,0.0,0.3,0.85,oncology,0.7265,highly_crowded,1.0,234,-0.1,0.118868,-1.1807,38.82,0.779245,0.7696
LEGN,Legend Biotech Corporation,,,D,ineligible,D,ineligible,,0.60566,,0,0.803704,1,0.196296,303,0,specific_days,9,tailwind,deep_drawdown,XS,ineligible,financial_score:-30.1;smart_money_score:+19.6;momentum_score:+18.1,tier=D;reason=ineligible;cat_days=303;strength=far;decay_w=0.3,v1.3.0,31f399e0,0,financials_missing,1,"cash_runway_lt_6m,survivability_critical","{""burn_ttm"": 0.0, ""cash_total"": 0.0, ""dilution_risk"": null, ""has_revenue"": null, ""lead_phase"": null, ""runway_months"": 0.0, ""stage_bucket"": ""mid"", ""surv_score"": ""-5.0"", ""tier1_count"": 4}",mid|far_271_540|nonpos,-0.002370950819672131,,0.3533,0,1,-1.1032,0.3533,4,4,selling,0.4186,elite_4,0.0,0.0,0.0,,,0.0,0,0,0,True,False,True,far,0.3,critical,<=1000bps,455.48,0.85,1,0,1.0,0,1.0,0,303,False,specific_days,-0.122,price_history,,4,0.6047,price_history,,-0.380835,,35.9091,0.3634,-0.433793,0.052958,mid,unknown,sev2,drug_developer,morningstar,,,,0,0.7872774973031283710895361381,54.44,45.56250000000000000000000000,56.0,50,19.63663095988237765175383322,6.227683259819365679479101022,18.7004,-1.0621,2.0,1224,14,1.0,0.2247,0,0,0.0,0.3,0.95,oncology,0.7265,highly_crowded,1.0,161,-0.002370950819672131,0.39434,-0.268,9.75,0.081132,-1.3975
PRAX,"Praxis Precision Medicines, Inc",,,D,ineligible,D,ineligible,,0.541509,,0,0.344444,1,0.655556,,0,no_upcoming,9,neutral,deep_drawdown|deep_drawdown_rel_xbi,XS,ineligible,smart_money_score:+17.6;catalyst_score:-12.2;financial_score:-5.8,tier=D;reason=ineligible;cat_days=NA;strength=missing;decay_w=0.0,v1.3.0,31f399e0,0,deep_drawdown,0,,"{""burn_ttm"": 249068000.0, ""cash_total"": 599331000.0, ""dilution_risk"": null, ""has_revenue"": null, ""lead_phase"": null, ""runway_months"": 28.875535998201293, ""stage_bucket"": ""mid"", ""surv_score"": ""5.0"", ""tier1_count"": 8}",mid|none|pos,0.014662131736526944,,0.1751,20,1,0.592,0.1751,8,8,buying,1.9702,elite_8,0.0,0.0,0.0,,,0.0,0,0,0,True,False,True,missing,0.0,adequate,<=400bps,221.16,1.0,0,0,1.0,0,1.0,0,,False,no_upcoming,-0.031868,price_history,,8,1.1079,price_history,,-0.71779,,41.2903,0.9863,-0.433793,-0.283997,mid,mid,none,drug_developer,morningstar,,,,0,0.7792337781868384721583064887,48.19,41.25000000000000000000000000,71.0,10.00,59.13043478260869565217391304,47.66918714555765595463137995,59.5903,0.6647,2.0,20,3,0.6667,2.1174,2,4,0.0,0.4,0.5,other,0.7265,highly_crowded,1.0,144,0.014662131736526944,0.458491,-0.1042,32.60,0.658491,0.4083
ELDN,"Eledon Pharmaceuticals, Inc.",,,D,ineligible,D,ineligible,,0.80566,,0,0.92963,1,0.07037,,0,no_upcoming,9,headwind,deep_drawdown|deep_drawdown_rel_xbi,XS,ineligible,clinical_score:-31.1;smart_money_score:+15.1;momentum_score:+6.1,tier=D;reason=ineligible;cat_days=NA;strength=missing;decay_w=0.0,v1.3.0,31f399e0,0,deep_drawdown,0,,"{""burn_ttm"": 48250000.0, ""cash_total"": 93401000.0, ""dilution_risk"": null, ""has_revenue"": null, ""lead_phase"": null, ""runway_months"": 23.229264248704663, ""stage_bucket"": ""mid"", ""surv_score"": ""4.0"", ""tier1_count"": 1}",mid|none|nonpos,-0.030147721518987338,,0.1054,20,1,-1.6788,0.1054,1,1,neutral,-0.745,elite_1,0.0,0.0,0.0,,,0.0,0,0,0,True,False,True,missing,0.0,adequate,>2000bps,2020.0,0.55,1,0,1.0,0,1.0,0,,False,no_upcoming,-0.055615,price_history,,1,0.7775,price_history,,-0.787412,,34.0564,,-0.433793,-0.353619,mid,micro,sev1,drug_developer,morningstar,,,,0,0.7592904001749398644216050733,43.42,41.25000000000000000000000000,52.5,77.27,6.227683259819365679479101022,43.35937828187355597563537072,6.351,-1.5836,2.0,20,4,1.0,0.8614,1,1,0.0,0.3,0.55,metabolic,-0.459,uncrowded,1.0,214,-0.030147721518987338,0.19434,-0.862,14.66,0.201887,-0.8349
BDTX,"Black Diamond Therapeutics, Inc.",,,D,ineligible,D,ineligible,,0.873585,,0,0.544444,1,0.455556,,0,no_upcoming,9,headwind,deep_drawdown|deep_drawdown_rel_xbi,XS,ineligible,momentum_score:-15.6;smart_money_score:+10.3;financial_score:+8.0,tier=D;reason=ineligible;cat_days=NA;strength=missing;decay_w=0.0,v1.3.0,31f399e0,0,deep_drawdown,0,,"{""burn_ttm"": 0.0, ""cash_total"": 30864000.0, ""dilution_risk"": null, ""has_revenue"": null, ""lead_phase"": null, ""runway_months"": null, ""stage_bucket"": ""early"", ""surv_score"": ""5.0"", ""tier1_count"": 1}",early|none|pos,-0.1,,-1.1823,182,1,0.0467,-1.1823,1,1,buying,-0.745,elite_1,0.0,0.0,0.0,,,0.0,0,0,0,True,False,True,missing,0.0,adequate,<=2000bps,1969.35,0.7,1,0,1.0,0,1.0,0,,False,no_upcoming,-0.266667,price_history,,1,0.9696,price_history,,-0.896699,,28.0945,0.7908,-0.433793,-0.462906,early,micro,none,drug_developer,morningstar,,,,0,0.7487296312086975058622894905,29.62,41.25000000000000000000000000,55.5,90.00,46.42586409896614570732730117,53.25301204819277108433734940,45.3676,0.064,1.0,182,2,0.3333,0.0549,0,0,0.0,0.3,0.85,oncology,0.7265,highly_crowded,1.0,232,-0.1,0.126415,-1.1435,34.05,0.696226,0.5136
CABA,"Cabaletta Bio, Inc.",,,D,ineligible,D,ineligible,,0.877358,,0,0.551852,1,0.448148,,0,no_upcoming,9,headwind,high_vol|deep_drawdown|deep_drawdown_rel_xbi,XS,ineligible,smart_money_score:+27.0;momentum_score:-22.2;financial_score:-11.9,tier=D;reason=ineligible;cat_days=NA;strength=missing;decay_w=0.0,v1.3.0,31f399e0,0,deep_drawdown,0,,"{""burn_ttm"": 95737000.0, ""cash_total"": 159931000.0, ""dilution_risk"": null, ""has_revenue"": null, ""lead_phase"": null, ""runway_months"": 19.747412178708867, ""stage_bucket"": ""early"", ""surv_score"": ""4.0"", ""tier1_count"": 3}",early|none|pos,-0.1,,-1.339,2495,1,-0.0137,-1.339,3,3,buying,0.0307,elite_3,0.0,0.0,0.0,,,0.0,0,0,0,True,False,True,missing,0.0,adequate,<=1000bps,998.61,0.85,1,0,1.0,0,1.0,0,,False,no_upcoming,-0.52749,price_history,,3,1.1016,price_history,,-0.859973,,22.9504,1.3399,-0.433793,-0.42618,early,small,sev1,drug_developer,morningstar,,,,0,0.7316276176653535144101181837,17.30,41.25000000000000000000000000,66.5,50,45.01879001951581426106030547,27.63972080188296404512620729,43.2605,-0.025,1.0,2495,1,0.0,0.0,0,0,0.0,0.3,0.5,other,0.7265,highly_crowded,1.0,233,-0.1,0.122642,-1.1619,25.37,0.541509,0.1042
PHVS,Pharvaris N.V.,,,D,ineligible,D,ineligible,,0.537736,,0,0.225926,1,0.774074,,0,no_upcoming,9,tailwind,deep_drawdown,XS,ineligible,financial_score:-48.8;smart_money_score:+30.0;momentum_score:+20.0,tier=D;reason=ineligible;cat_days=NA;strength=missing;decay_w=0.0,v1.3.0,31f399e0,0,financials_missing,1,"cash_runway_lt_6m,survivability_critical","{""burn_ttm"": 0.0, ""cash_total"": 0.0, ""dilution_risk"": null, ""has_revenue"": null, ""lead_phase"": null, ""runway_months"": 0.0, ""stage_bucket"": ""mid"", ""surv_score"": ""-5.0"", ""tier1_count"": 9}",mid|none|pos,0.014662131736526944,,-0.627,203,1,0.9559,-0.627,9,9,buying,2.358,elite_9,0.0,0.0,0.0,,,0.0,0,0,0,True,False,True,missing,0.0,critical,<=2000bps,1159.38,0.7,1,0,1.0,0,1.0,0,,False,no_upcoming,0.168711,price_history,,9,0.0128,price_history,,-0.502937,,52.441,0.7535,-0.433793,-0.069144,mid,unknown,sev2,drug_developer,morningstar,,,,0,0.7121154311649016641452344932,75.02,41.25000000000000000000000000,85,50,67.60869565217391304347826087,6.227683259819365679479101022,66.3864,0.9517,2.0,203,1,0.0,0.1843,0,0,0.0,0.4,0.5,other,0.7265,highly_crowded,1.0,143,0.014662131736526944,0.462264,-0.0947,17.77,0.341509,-0.4083
IVVD,"Invivyd, Inc.",,,D,ineligible,D,ineligible,,0.820755,,0,0.981481,1,0.018519,,0,no_upcoming,9,headwind,high_vol|deep_drawdown|deep_drawdown_rel_xbi,XS,ineligible,smart_money_score:+35.5;clinical_score:-25.0;momentum_score:-15.3,tier=D;reason=ineligible;cat_days=NA;strength=missing;decay_w=0.0,v1.3.0,31f399e0,0,deep_drawdown,0,,"{""burn_ttm"": 42680000.0, ""cash_total"": 84967000.0, ""dilution_risk"": null, ""has_revenue"": null, ""lead_phase"": null, ""runway_months"": 23.88950328022493, ""stage_bucket"": ""mid"", ""surv_score"": ""2.0"", ""tier1_count"": 3}",mid|none|nonpos,-0.030147721518987338,,-0.8406,245,1,-1.7314,-0.8406,3,3,buying,0.0307,elite_3,0.0,0.0,0.0,,,0.0,0,0,0,True,False,True,missing,0.0,adequate,<=2000bps,1286.76,0.7,1,0,1.0,0,1.0,0,,False,no_upcoming,-0.708959,price_history,,3,0.5954,price_history,,-0.910307,,34.6977,1.2594,-0.433793,-0.476514,mid,small,sev1,drug_developer,morningstar,,,,0,0.7535186940494997367035281727,14.72,41.25000000000000000000000000,65.5,50,5,23.63137996219281663516068053,3.8803,-1.688,2.0,244,1,0.0,0.2607,0,0,0.0,0.4,0.55,infectious_disease,0.7265,highly_crowded,1.0,218,-0.030147721518987338,0.179245,-0.9182,11.47,0.118868,-1.1807
FDMT,"4D Molecular Therapeutics, Inc.",,,D,ineligible,D,ineligible,,0.809434,,0,0.9,1,0.1,,0,no_upcoming,9,headwind,deep_drawdown|deep_drawdown_rel_xbi,XS,ineligible,clinical_score:-29.7;financial_score:+18.3;smart_money_score:+14.5,tier=D;reason=ineligible;cat_days=NA;strength=missing;decay_w=0.0,v1.3.0,31f399e0,0,deep_drawdown,0,,"{""burn_ttm"": 137633000.0, ""cash_total"": 305063000.0, ""dilution_risk"": null, ""has_revenue"": null, ""lead_phase"": null, ""runway_months"": 26.597952525920384, ""stage_bucket"": ""mid"", ""surv_score"": ""3.0"", ""tier1_count"": 1}",mid|none|nonpos,-0.030147721518987338,,-0.8246,1399,1,-1.4833,-0.8246,1,1,neutral,-0.745,elite_1,0.0,0.0,0.0,,,0.0,0,0,0,True,False,True,missing,0.0,adequate,<=2000bps,1082.73,0.7,1,0,1.0,0,1.0,0,,False,no_upcoming,-0.118618,price_history,,1,1.2004,price_history,,-0.743919,,36.3908,0.8446,-0.433793,-0.310126,mid,small,none,drug_developer,morningstar,,,,0,0.7763454812140358794990409568,36.70,41.25000000000000000000000000,55.0,62.12,10.78029825666876706574249107,58.80434782608695652173913044,9.0708,-1.4688,2.0,1733,6,1.0,0.0,0,0,0.0,0.3,0.5,respiratory,0.2523,moderate,1.0,215,-0.030147721518987338,0.190566,-0.8758,19.79,0.413208,-0.2193
VOR,Vor Biopharma Inc.,,,D,ineligible,D,ineligible,,0.771698,,0,0.848148,1,0.151852,,0,no_upcoming,9,headwind,high_vol|deep_drawdown|deep_drawdown_rel_xbi,XS,ineligible,clinical_score:-15.6;momentum_score:+11.7;catalyst_score:+11.1,tier=D;reason=ineligible;cat_days=NA;strength=missing;decay_w=0.0,v1.3.0,31f399e0,0,deep_drawdown,0,,"{""burn_ttm"": 119912000.0, ""cash_total"": 170462000.0, ""dilution_risk"": null, ""has_revenue"": null, ""lead_phase"": null, ""runway_months"": 17.05870972046167, ""stage_bucket"": ""early"", ""surv_score"": ""2.0"", ""tier1_count"": 0}",early|none|nonpos,-0.015227360946745564,,-1.3993,1181,1,-1.3204,-1.3993,0,0,neutral,-1.1329,,0.0,0.0,0.0,,,0.0,0,0,0,True,False,True,missing,0.0,adequate,<=1000bps,610.22,0.85,1,0,1.0,0,1.0,0,,False,no_upcoming,-0.049685,price_history,,0,1.4236,price_history,,-0.825676,,41.1575,1.6831,-0.433793,-0.391883,early,small,sev1,drug_developer,morningstar,,,,0,0.7087684626586228416892032453,41.87,41.25000000000000000000000000,,50,14.57605522491572716569087596,23.04236669101533966398831263,13.5178,-1.281,1.0,1181,1,0.0,0.0,0,0,0.0,0.3,0.85,oncology,0.7265,highly_crowded,1.0,205,-0.015227360946745564,0.228302,-0.7445,9.37,0.073585,-1.4496
SANA,"Sana Biotechnology, Inc.",,,D,ineligible,D,ineligible,,0.749057,,0,0.618519,1,0.381481,,0,no_upcoming,9,headwind,deep_drawdown|deep_drawdown_rel_xbi,XS,ineligible,smart_money_score:+26.5;financial_score:-24.1;momentum_score:-12.8,tier=D;reason=ineligible;cat_days=NA;strength=missing;decay_w=0.0,v1.3.0,31f399e0,0,deep_drawdown,0,,"{""burn_ttm"": 111187000.0, ""cash_total"": 153054000.0, ""dilution_risk"": null, ""has_revenue"": null, ""lead_phase"": null, ""runway_months"": 16.51854983046579, ""stage_bucket"": ""early"", ""surv_score"": ""1.0"", ""tier1_count"": 2}",early|none|nonpos,-0.015227360946745564,,-1.4588,,0,-0.3074,-1.4588,2,2,buying,-0.3571,elite_2,0.0,0.0,0.0,,,0.0,0,0,0,True,False,True,missing,0.0,adequate,<=1000bps,861.68,0.85,1,0,1.0,0,1.0,0,,False,no_upcoming,-0.326202,price_history,,2,1.3583,price_history,,-0.838661,,24.6382,1.1156,-0.433793,-0.404868,early,small,sev1,drug_developer,morningstar,,,,0,0.7156269494697442295695570805,21.67,41.25000000000000000000000000,61.0,50,38.17696488766310220802890276,10.37618699780861943024105186,36.3496,-0.3168,0.0,3201,1,0.0,0.0,0,0,0.0,0.0,0.55,metabolic,0.7265,highly_crowded,1.0,199,-0.015227360946745564,0.250943,-0.6715,13.87,0.175472,-0.9328
ACIU,AC Immune SA,,,D,ineligible,D,ineligible,,0.586792,,0,0.388889,1,0.611111,759,0,specific_days,9,headwind,deep_drawdown,XS,ineligible,financial_score:-32.4;clinical_score:+17.9;momentum_score:+7.5,tier=D;reason=ineligible;cat_days=759;strength=far;decay_w=0.3,v1.3.0,31f399e0,0,financials_missing,1,"cash_runway_lt_6m,survivability_critical","{""burn_ttm"": 0.0, ""cash_total"": 0.0, ""dilution_risk"": null, ""has_revenue"": null, ""lead_phase"": null, ""runway_months"": 0.0, ""stage_bucket"": ""mid"", ""surv_score"": ""-5.0"", ""tier1_count"": 0}",mid|far_271_540|pos,0.0043778333333333325,,-0.7625,550,1,0.48,-0.7625,0,0,neutral,-1.1329,,0.0,0.0,0.0,,,0.0,0,0,0,True,False,True,far,0.3,critical,>2000bps,2020.0,0.55,1,0,1.0,0,1.0,0,759,False,specific_days,-0.06804,price_history,,0,0.6777,price_history,,-0.548387,,35.6889,0.7916,-0.433793,-0.114594,mid,unknown,sev2,drug_developer,morningstar,,,,0,0.7305621314697532212273422145,46.15,45.56250000000000000000000000,,50,56.52173913043478260869565218,6.227683259819365679479101022,55.2316,0.4806,2.0,759,3,0.6667,0.0043,0,0,0.0,0.4,0.6,cns,0.7265,highly_crowded,1.0,156,0.0043778333333333325,0.413208,-0.2193,17.08,0.3,-0.5244
ALDX,"Aldeyra Therapeutics, Inc.",,,D,ineligible,D,ineligible,,0.266038,,0,0.32963,1,0.67037,,0,no_upcoming,9,headwind,deep_drawdown|deep_drawdown_rel_xbi,XS,ineligible,momentum_score:-13.2;smart_money_score:+11.5;clinical_score:+10.6,tier=D;reason=ineligible;cat_days=NA;strength=missing;decay_w=0.0,v1.3.0,31f399e0,0,deep_drawdown,0,,"{""burn_ttm"": 28046337.0, ""cash_total"": 75297339.0, ""dilution_risk"": null, ""has_revenue"": null, ""lead_phase"": null, ""runway_months"": 25.71376390435585, ""stage_bucket"": ""late"", ""surv_score"": ""2.0"", ""tier1_count"": 2}",late|none|pos,0.02625640425531915,,0.1273,102,1,0.6358,0.1273,2,2,buying,-0.3571,elite_2,0.0,0.0,0.0,,,0.0,0,0,0,True,False,True,missing,0.0,adequate,<=2000bps,1320.43,0.7,1,0,1.0,0,1.0,0,,False,no_upcoming,-0.173485,price_history,,2,1.2894,price_history,,-0.76431,,40.0901,,-0.433793,-0.330517,late,small,none,drug_developer,morningstar,,,,0,0.8101043621013133208255159475,36.37,41.25000000000000000000000000,61.0,90.00,60.15037593984962406015037594,48.85026298487836949375410914,60.6765,0.7105,3.0,0,14,1.0,2.4266,1,2,0.0,0.8,0.55,ophthalmology,0.2523,moderate,1.0,71,0.02625640425531915,0.733962,0.6248,30.17,0.620755,0.3075
CLLS,Cellectis S.A.,,,D,ineligible,D,ineligible,,0.64717,,0,0.581481,1,0.418519,,0,no_upcoming,9,headwind,deep_drawdown|deep_drawdown_rel_xbi,XS,ineligible,financial_score:-23.0;clinical_score:+14.2;catalyst_score:+13.2,tier=D;reason=ineligible;cat_days=NA;strength=missing;decay_w=0.0,v1.3.0,31f399e0,0,financials_missing|deep_drawdown,1,"cash_runway_lt_6m,survivability_critical","{""burn_ttm"": 0.0, ""cash_total"": 0.0, ""dilution_risk"": null, ""has_revenue"": null, ""lead_phase"": null, ""runway_months"": 0.0, ""stage_bucket"": ""early"", ""surv_score"": ""-5.0"", ""tier1_count"": 0}",early|none|nonpos,-0.015227360946745564,,-0.1715,0,1,-0.1328,-0.1715,0,0,neutral,-1.1329,,0.0,0.0,0.0,,,0.0,0,0,0,True,False,True,missing,0.0,critical,>2000bps,2050.0,0.55,1,0,1.0,0,1.0,0,,False,no_upcoming,-0.326823,price_history,,0,1.0725,price_history,,-0.839253,,18.8514,0.8122,-0.433793,-0.40546,early,unknown,sev2,drug_developer,morningstar,,,,0,0.6775471095496646438837432130,23.68,41.25000000000000000000000000,,50,42.24335091369494040418702924,5,41.185,-0.1126,1.0,471,5,1.0,0.005,0,0,0.0,0.3,0.85,oncology,0.7265,highly_crowded,1.0,172,-0.015227360946745564,0.35283,-0.3777,10.84,0.103774,-1.2603
BMEA,"Biomea Fusion, Inc.",,,D,ineligible,D,ineligible,,0.632075,,0,0.640741,1,0.359259,,0,no_upcoming,9,headwind,deep_drawdown|deep_drawdown_rel_xbi,XS,ineligible,financial_score:-28.4;smart_money_score:+17.8;momentum_score:+7.9,tier=D;reason=ineligible;cat_days=NA;strength=missing;decay_w=0.0,v1.3.0,31f399e0,0,deep_drawdown,0,,"{""burn_ttm"": 56429000.0, ""cash_total"": 46642000.0, ""dilution_risk"": null, ""has_revenue"": null, ""lead_phase"": null, ""runway_months"": 9.918729731166598, ""stage_bucket"": ""early"", ""surv_score"": ""0.0"", ""tier1_count"": 1}",early|none|nonpos,-0.015227360946745564,,-1.3751,1077,1,-0.3645,-1.3751,1,1,buying,-0.745,elite_1,0.0,0.0,0.0,,,0.0,0,0,0,True,False,True,missing,0.0,short,>2000bps,2020.0,0.55,1,0,1.0,0,1.0,0,,False,no_upcoming,-0.152595,price_history,,1,0.9402,price_history,,-0.696608,,47.4575,,-0.433793,-0.262815,early,micro,sev2,drug_developer,morningstar,,,,0,0.7051903292181069958847736626,45.65,41.25000000000000000000000000,55.5,50,36.84730891437234883308333737,9.314849760487734068805341849,35.789,-0.3405,1.0,1077,1,0.0,0.0,0,0,0.0,0.3,0.85,oncology,0.7265,highly_crowded,1.0,168,-0.015227360946745564,0.367925,-0.3374,9.68,0.077358,-1.4231
ZVRA,"Zevra Therapeutics, Inc.",,,D,ineligible,D,ineligible,,0.19434,,0,0.796296,1,0.203704,,0,no_upcoming,9,headwind,deep_drawdown,XS,ineligible,clinical_score:-14.0;momentum_score:+8.4;catalyst_score:+7.2,tier=D;reason=ineligible;cat_days=NA;strength=missing;decay_w=0.0,v1.3.0,31f399e0,0,fundamental_red_flag,1,sponsor_absent_late_stage,"{""burn_ttm"": 7114000.0, ""cash_total"": 54439000.0, ""dilution_risk"": null, ""has_revenue"": null, ""lead_phase"": null, ""runway_months"": 91.8285071689626, ""stage_bucket"": ""late"", ""surv_score"": ""0.0"", ""tier1_count"": 0}",late|none|nonpos,0.08291288555347091,,-0.3029,,0,-1.0852,-0.3029,0,0,neutral,-1.1329,,0.0,0.0,0.0,,,0.0,0,0,0,True,False,True,missing,0.0,adequate,<=2000bps,1120.07,0.7,1,0,1.0,0,1.0,0,,False,no_upcoming,-0.106073,price_history,,0,1.0055,price_history,,-0.659987,,31.2549,0.4964,-0.433793,-0.226194,late,small,none,drug_developer,morningstar,,,,0,0.8486346087704213241616509028,42.45,41.25000000000000000000000000,,50,20.05621823983517691471787238,32.59040105193951347797501644,19.1161,-1.0446,3.0,,1,0.0,0.0,0,0,0.0,0.4,0.6,cns,-0.9332,moderate,1.0,52,0.08291288555347091,0.80566,0.862,19.06,0.390566,-0.2778
SRRK,Scholar Rock Holding Corporatio,,,D,ineligible,D,ineligible,,0.164151,,0,0.677778,1,0.322222,,0,no_upcoming,9,headwind,deep_drawdown|deep_drawdown_rel_xbi,XS,ineligible,financial_score:-32.7;smart_money_score:+30.3;catalyst_score:+3.6,tier=D;reason=ineligible;cat_days=NA;strength=missing;decay_w=0.0,v1.3.0,31f399e0,0,financials_missing|deep_drawdown,1,"cash_runway_lt_6m,survivability_critical","{""burn_ttm"": 0.0, ""cash_total"": 0.0, ""dilution_risk"": null, ""has_revenue"": null, ""lead_phase"": null, ""runway_months"": 0.0, ""stage_bucket"": ""late"", ""surv_score"": ""-5.0"", ""tier1_count"": 7}",late|none|nonpos,0.08291288555347091,,-0.2867,1020,1,-0.4621,-0.2867,7,7,buying,1.5823,elite_7,0.0,0.0,0.0,,,0.0,0,0,0,True,False,True,missing,0.0,critical,<=1000bps,460.05,0.85,1,0,1.0,0,1.0,0,,False,no_upcoming,-0.096138,price_history,,7,1.163,price_history,,-0.77536,,34.9723,0.7098,-0.433793,-0.341567,late,unknown,sev2,drug_developer,morningstar,,,,0,0.7633283029359430604982206406,39.55,41.25000000000000000000000000,68.0,50,34.57346373452428062637797501,5,33.9511,-0.4181,3.0,1020,3,0.6667,0.0027,0,0,0.0,0.4,0.75,rare_disease,0.7265,highly_crowded,1.0,44,0.08291288555347091,0.835849,0.9775,11.60,0.122642,-1.1619
OCGN,"Ocugen, Inc.",,,D,ineligible,D,ineligible,,0.133962,,0,0.996296,1,0.003704,,0,no_upcoming,9,headwind,high_beta|deep_drawdown|deep_drawdown_rel_xbi,XS,ineligible,catalyst_score:+21.2;clinical_score:-15.0;financial_score:-15.0,tier=D;reason=ineligible;cat_days=NA;strength=missing;decay_w=0.0,v1.3.0,31f399e0,0,fundamental_red_flag|deep_drawdown,1,sponsor_absent_late_stage,"{""burn_ttm"": 43003000.0, ""cash_total"": 37800000.0, ""dilution_risk"": null, ""has_revenue"": null, ""lead_phase"": null, ""runway_months"": 10.2385842945173, ""stage_bucket"": ""late"", ""surv_score"": ""0.0"", ""tier1_count"": 0}",late|none|nonpos,0.08291288555347091,,-0.344,546,1,-1.7314,-0.344,0,0,neutral,-1.1329,,0.0,0.0,0.0,,,0.0,0,0,0,True,False,True,missing,0.0,short,<=2000bps,1069.58,0.7,1,0,1.0,0,1.0,0,,False,no_upcoming,-0.058469,price_history,,0,1.9127,price_history,,-0.838648,,35.5433,0.7585,-0.433793,-0.404855,late,small,sev2,drug_developer,morningstar,,,,0,0.8569526884272997032640949555,28.83,41.25000000000000000000000000,,60.26,5,5,4.0599,-1.6804,3.0,,6,1.0,0.0106,0,0,0.0,0.4,0.55,ophthalmology,-0.459,uncrowded,1.0,36,0.08291288555347091,0.866038,1.1079,4.40,0.009434,-2.3481
CNTA,Centessa Pharmaceuticals plc,,,D,ineligible,D,ineligible,,0.069811,,0,0.959259,1,0.040741,,0,no_upcoming,9,headwind,deep_drawdown|deep_drawdown_rel_xbi,XS,ineligible,smart_money_score:+44.1;clinical_score:-27.9;financial_score:-27.9,tier=D;reason=ineligible;cat_days=NA;strength=missing;decay_w=0.0,v1.3.0,31f399e0,0,deep_drawdown,0,,"{""burn_ttm"": 138010000.0, ""cash_total"": 246214000.0, ""dilution_risk"": null, ""has_revenue"": null, ""lead_phase"": null, ""runway_months"": 21.408361712919355, ""stage_bucket"": ""late"", ""surv_score"": ""0.0"", ""tier1_count"": 7}",late|none|nonpos,0.08291288555347091,,-0.0815,117,1,-1.7314,-0.0815,7,7,buying,1.5823,elite_7,0.0,0.0,0.0,,,0.0,0,0,0,True,False,True,missing,0.0,adequate,<=1000bps,533.65,0.85,1,0,1.0,0,1.0,0,,False,no_upcoming,-0.177906,price_history,,7,0.8656,price_history,,-0.699922,,30.891,0.5724,-0.433793,-0.266129,late,mid,sev1,drug_developer,morningstar,,,,0,0.8882339035400332620574958422,36.26,41.25000000000000000000000000,77.0,17.52,5,5,5.4277,-1.6226,3.0,117,4,1.0,1.7304,0,4,0.0,0.4,0.75,rare_disease,0.7265,highly_crowded,1.0,19,0.08291288555347091,0.930189,1.4772,12.29,0.137736,-1.0905
ABSI,Absci Corporation,,,D,ineligible,D,ineligible,,0.013208,,0,0.744444,1,0.255556,,0,no_upcoming,9,tailwind,deep_drawdown|deep_drawdown_rel_xbi,XS,ineligible,clinical_score:-22.8;smart_money_score:+18.9;momentum_score:+6.6,tier=D;reason=ineligible;cat_days=NA;strength=missing;decay_w=0.0,v1.3.0,31f399e0,0,deep_drawdown,0,,"{""burn_ttm"": 63743000.0, ""cash_total"": 152475000.0, ""dilution_risk"": null, ""has_revenue"": null, ""lead_phase"": null, ""runway_months"": 28.70432831840359, ""stage_bucket"": ""late"", ""surv_score"": ""5.0"", ""tier1_count"": 3}",late|none|nonpos,0.08291288555347091,,-0.2986,,0,-0.8808,-0.2986,3,3,buying,0.0307,elite_3,0.0,0.0,0.0,,,0.0,0,0,0,True,False,True,missing,0.0,adequate,<=2000bps,1036.19,0.7,1,0,1.0,0,1.0,0,,False,no_upcoming,0.089176,price_history,,3,1.1448,price_history,,-0.716738,,51.8289,0.9218,-0.433793,-0.282945,late,small,none,drug_developer,morningstar,,,,0,0.8089242139840450492726419521,54.29,41.25000000000000000000000000,66.5,72.22,24.81849988379469978203654499,51.38461538461538461538461539,24.2284,-0.8287,3.0,,7,1.0,0.0,0,0,0.0,0.4,0.95,oncology,0.7265,highly_crowded,1.0,4,0.08291288555347091,0.986792,2.2201,17.97,0.356604,-0.3676
ABCL,AbCellera Biologics Inc.,,,D,ineligible,D,ineligible,,0.00566,,0,0.825926,1,0.174074,,0,no_upcoming,9,headwind,deep_drawdown|deep_drawdown_rel_xbi,XS,ineligible,smart_money_score:+27.2;financial_score:-25.7;clinical_score:-16.4,tier=D;reason=ineligible;cat_days=NA;strength=missing;decay_w=0.0,v1.3.0,31f399e0,0,deep_drawdown,0,,"{""burn_ttm"": 131295000.0, ""cash_total"": 128513000.0, ""dilution_risk"": null, ""has_revenue"": null, ""lead_phase"": null, ""runway_months"": 11.74573289158003, ""stage_bucket"": ""late"", ""surv_score"": ""0.0"", ""tier1_count"": 2}",late|none|nonpos,0.08291288555347091,,-0.2883,354,1,-1.2214,-0.2883,2,2,buying,-0.3571,elite_2,0.0,0.0,0.0,,,0.0,0,0,0,True,False,True,missing,0.0,short,<=1000bps,821.91,0.85,1,0,1.0,0,1.0,0,,False,no_upcoming,-0.16049,price_history,,2,0.9356,price_history,,-0.774815,,40.1187,0.7022,-0.433793,-0.341022,late,small,sev2,drug_developer,morningstar,,,,0,0.8628507403521044654308033112,40.27,41.25000000000000000000000000,60.5,45.73,16.88362510285739411184603112,7.583210059171597633136094668,15.5935,-1.1933,3.0,,3,0.6667,0.0523,0,0,0.0,0.4,0.55,infectious_disease,0.7265,highly_crowded,1.0,2,0.08291288555347091,0.99434,2.5326,7.68,0.035849,-1.801
HALO,"Halozyme Therapeutics, Inc.",,,D,ineligible,,,D,0.59434,0.580769,1,,0,,252,0,specific_days,9,tailwind,,XS,ineligible,financial_score:-22.0;momentum_score:+15.3;clinical_score:+15.2,tier=;reason=;cat_days=252;strength=far;decay_w=0.3,v1.3.0,31f399e0,0,fundamental_red_flag,1,sponsor_absent_late_stage,"{""burn_ttm"": 0.0, ""cash_total"": 133820000.0, ""dilution_risk"": null, ""has_revenue"": null, ""lead_phase"": null, ""runway_months"": null, ""stage_bucket"": ""late"", ""surv_score"": ""-1.0"", ""tier1_count"": 0}",late|near_181_270|pos,0.0018974117647058825,49.891799,1.1443,0,1,1.1152,1.1443,0,0,neutral,-1.1329,,0.0,0.0,0.0,,,0.0,0,0,0,True,False,True,far,0.3,adequate,<=400bps,268.65,1.0,0,0,1.0,0,1.0,0,252,False,specific_days,0.282297,price_history,,0,0.7277,price_history,,-0.315728,,51.9083,0.2835,-0.433793,0.118065,late,mid,none,commercial_biotech,morningstar,,,,0,0.9,69.49,45.56250000000000000000000000,,61.49,69.39849624060150375939849624,32.16066481994459833795013850,68.9711,1.0608,3.0,,29,1.0,0.1239,0,0,0.0,0.7,0.95,oncology,0.7265,highly_crowded,1.0,158,0.0018974117647058825,0.40566,-0.2387,34.58,0.711321,0.5572
SNY,Sanofi,,,D,ineligible,,,D,0.488679,0.165385,1,,0,,544,0,specific_days,9,tailwind,,XS,ineligible,financial_score:-43.7;clinical_score:+25.4;momentum_score:+20.8,tier=;reason=;cat_days=544;strength=far;decay_w=0.3,v1.3.0,31f399e0,0,financials_missing,1,"cash_runway_lt_6m,survivability_critical","{""burn_ttm"": 0.0, ""cash_total"": 0.0, ""dilution_risk"": null, ""has_revenue"": null, ""lead_phase"": null, ""runway_months"": 0.0, ""stage_bucket"": ""late"", ""surv_score"": ""-5.0"", ""tier1_count"": 1}",late|far_271_540|pos,0.018859409836065575,33.654,1.1526,0,1,1.0869,1.1526,1,1,selling,-0.745,elite_1,0.0,0.0,0.0,,,0.0,0,0,0,True,False,True,far,0.3,critical,<=400bps,241.86,1.0,0,0,1.0,0,1.0,0,544,False,specific_days,0.027354,price_history,,1,0.0571,price_history,,-0.10636,,33.184,0.194,-0.433793,0.327433,late,unknown,sev2,commercial_pharma,morningstar,,,,0,0.8562434926644581164221486039,69.52,45.56250000000000000000000000,49.5,50,74.13533834586466165413533835,5,75.4579,1.3347,3.0,14,617,1.0,5.7273,5,10,0.0,0.8,0.95,oncology,0.7265,highly_crowded,1.0,130,0.018859409836065575,0.511321,0.0284,21.60,0.462264,-0.0947
BIIB,Biogen Inc.,,,D,ineligible,,,D,0.481132,0.511538,1,,0,,1764,0,specific_days,9,tailwind,deep_drawdown,XS,ineligible,financial_score:-22.9;clinical_score:+14.8;smart_money_score:+13.9,tier=;reason=;cat_days=1764;strength=far;decay_w=0.3,v1.3.0,31f399e0,0,financials_missing,1,"cash_runway_lt_6m,survivability_critical","{""burn_ttm"": 0.0, ""cash_total"": 0.0, ""dilution_risk"": null, ""has_revenue"": null, ""lead_phase"": null, ""runway_months"": 0.0, ""stage_bucket"": ""late"", ""surv_score"": ""-5.0"", ""tier1_count"": 5}",late|far_271_540|pos,0.018859409836065575,47.660318,1.1443,0,1,0.8913,1.1443,5,5,buying,0.8065,elite_5,0.0,0.0,0.0,,,0.0,0,0,0,True,False,True,far,0.3,critical,<=400bps,177.15,1.0,0,0,1.0,0,1.0,0,1764,False,specific_days,0.00667,price_history,,5,0.3077,price_history,,-0.494948,,41.8239,0.3103,-0.433793,-0.061155,late,large,none,commercial_pharma,morningstar,,,,0,0.8253604890604890604890604891,57.88,45.56250000000000000000000000,68.5,62.26,69.39849624060150375939849624,31.76292862482019585304112411,70.7211,1.1347,3.0,11,335,1.0,3.6324,4,5,0.0,0.8,0.95,oncology,0.7265,highly_crowded,1.0,128,0.018859409836065575,0.518868,0.0473,31.52,0.635849,0.3474
IRWD,"Ironwood Pharmaceuticals, Inc.",,,D,ineligible,,,D,0.386792,0.796154,1,,0,,,0,no_upcoming,9,tailwind,high_vol,XS,ineligible,catalyst_score:-21.2;clinical_score:+13.5;momentum_score:+5.2,tier=;reason=;cat_days=NA;strength=missing;decay_w=0.0,v1.3.0,31f399e0,0,fundamental_red_flag,1,sponsor_absent_late_stage,"{""burn_ttm"": 0.0, ""cash_total"": 140407000.0, ""dilution_risk"": null, ""has_revenue"": null, ""lead_phase"": null, ""runway_months"": null, ""stage_bucket"": ""late"", ""surv_score"": ""2.0"", ""tier1_count"": 0}",late|none|pos,0.02625640425531915,62.42,1.1526,0,1,1.1614,1.1526,0,0,neutral,-1.1329,,0.0,0.0,0.0,,,0.0,0,0,0,True,False,True,missing,0.0,adequate,<=1000bps,819.43,0.85,1,0,1.0,0,1.0,0,,False,no_upcoming,0.103762,price_history,,0,0.4576,price_history,,-0.196416,,54.6474,1.2561,-0.433793,0.237377,late,small,none,commercial_pharma,morningstar,,,,0,0.8509748027487910409773479257,67.71,41.25000000000000000000000000,,56.08,75.93984962406015037593984963,65.00000000000000000000000000,75.8621,1.3518,3.0,808,18,1.0,0.2417,1,0,0.0,0.9,0.55,metabolic,-0.459,uncrowded,1.0,103,0.02625640425531915,0.613208,0.2877,39.15,0.783019,0.7824
MNKD,MannKind Corporation,,,D,ineligible,,,D,0.409434,0.25,1,,0,,,0,no_upcoming,9,neutral,deep_drawdown,XS,ineligible,clinical_score:+20.1;catalyst_score:-11.9;momentum_score:-6.2,tier=;reason=;cat_days=NA;strength=missing;decay_w=0.0,v1.3.0,31f399e0,0,fundamental_red_flag,1,sponsor_absent_late_stage,"{""burn_ttm"": 0.0, ""cash_total"": 171346000.0, ""dilution_risk"": null, ""has_revenue"": null, ""lead_phase"": null, ""runway_months"": null, ""stage_bucket"": ""late"", ""surv_score"": ""1.0"", ""tier1_count"": 0}",late|none|pos,0.02625640425531915,37.854231,1.152,0,1,1.2821,1.152,0,0,neutral,-1.1329,,0.0,0.0,0.0,,,0.0,0,0,0,True,False,True,missing,0.0,adequate,<=1000bps,820.88,0.85,1,0,1.0,0,1.0,0,,False,no_upcoming,-0.126616,price_history,,0,0.7077,price_history,,-0.452555,,38.4665,0.4616,-0.433793,-0.018762,late,small,none,commercial_biotech,morningstar,,,,0,0.9,46.98,41.25000000000000000000000000,,15.54,73.23308270676691729323308271,51.15384615384615384615384615,72.1057,1.1932,3.0,944,19,1.0,0.0006,0,0,0.0,0.8,0.5,respiratory,0.7265,highly_crowded,1.0,109,0.02625640425531915,0.590566,0.229,45.01,0.884906,1.1999
ESPR,"Esperion Therapeutics, Inc.",,,D,ineligible,,,D,0.35283,0.157692,1,,0,,,0,no_upcoming,9,neutral,deep_drawdown|deep_drawdown_rel_xbi,XS,ineligible,financial_score:-30.2;clinical_score:+29.1;smart_money_score:+7.6,tier=;reason=;cat_days=NA;strength=missing;decay_w=0.0,v1.3.0,31f399e0,0,deep_drawdown,0,,"{""burn_ttm"": 58336000.0, ""cash_total"": 92447000.0, ""dilution_risk"": null, ""has_revenue"": null, ""lead_phase"": null, ""runway_months"": 19.01679923203511, ""stage_bucket"": ""late"", ""surv_score"": ""1.0"", ""tier1_count"": 1}",late|none|pos,0.02625640425531915,33.218257,1.1526,0,1,1.2052,1.1526,1,1,buying,-0.745,elite_1,0.0,0.0,0.0,,,0.0,0,0,0,True,False,True,missing,0.0,adequate,<=1000bps,798.17,0.85,1,0,1.0,0,1.0,0,,False,no_upcoming,0.081271,price_history,,1,1.1773,price_history,,-0.863182,,52.4669,0.7805,-0.433793,-0.429389,late,small,sev1,commercial_pharma,morningstar,,,,0,0.8279689456548960681192086151,47.91,41.25000000000000000000000000,55.5,44.85,77.000,17.64168310322156476002629849,75.7852,1.3486,3.0,248,8,1.0,0.1899,0,0,0.0,0.4,0.55,metabolic,0.7265,highly_crowded,1.0,94,0.02625640425531915,0.64717,0.3777,24.20,0.518868,0.0473
VCEL,Vericel Corporation,,,D,ineligible,,,D,0.466038,0.365385,1,,0,,,0,no_upcoming,9,tailwind,deep_drawdown,XS,ineligible,financial_score:-14.7;clinical_score:+14.7;momentum_score:+12.5,tier=;reason=;cat_days=NA;strength=missing;decay_w=0.0,v1.3.0,31f399e0,0,fundamental_red_flag,1,sponsor_absent_late_stage,"{""burn_ttm"": 0.0, ""cash_total"": 137499000.0, ""dilution_risk"": null, ""has_revenue"": null, ""lead_phase"": null, ""runway_months"": null, ""stage_bucket"": ""late"", ""surv_score"": ""1.0"", ""tier1_count"": 0}",late|none|pos,0.02625640425531915,43.240104,1.1436,0,1,1.0661,1.1436,0,0,neutral,-1.1329,,0.0,0.0,0.0,,,0.0,0,0,0,True,False,True,missing,0.0,adequate,<=1000bps,731.33,0.85,1,0,1.0,0,1.0,0,,False,no_upcoming,0.357737,price_history,,0,1.3467,price_history,,-0.418375,,55.3729,0.4807,-0.433793,0.015418,late,small,none,commercial_biotech,morningstar,,,,0,0.9,66.07,41.25000000000000000000000000,,35.81,68.27067669172932330827067669,38.87245233399079552925706772,67.3305,0.9915,3.0,1915,10,1.0,0.0,0,0,0.0,0.4,0.5,other,-1.1703,uncrowded,1.0,124,0.02625640425531915,0.533962,0.0852,41.05,0.824528,0.9328
AZN,Astrazeneca PLC,,,D,ineligible,,,D,0.318868,0.203846,1,,0,,89,0,specific_days,9,tailwind,,XS,ineligible,financial_score:-48.4;momentum_score:+20.5;clinical_score:+20.2,tier=;reason=;cat_days=89;strength=near;decay_w=1.0,v1.3.0,31f399e0,0,financials_missing,1,"cash_runway_lt_6m,survivability_critical","{""burn_ttm"": 0.0, ""cash_total"": 0.0, ""dilution_risk"": null, ""has_revenue"": null, ""lead_phase"": null, ""runway_months"": 0.0, ""stage_bucket"": ""late"", ""surv_score"": ""-5.0"", ""tier1_count"": 4}",late|near_31_90|pos,0.02625640425531915,34.542,1.1526,0,1,1.0683,1.1526,4,4,buying,0.4186,elite_4,0.0,0.0,0.0,,,0.0,0,0,0,True,False,True,near,1.0,critical,<=400bps,263.76,1.0,0,0,1.0,0,1.0,0,89,False,specific_days,0.067659,price_history,,4,0.003,price_history,,-0.084748,,45.5738,0.2344,-0.433793,0.349045,late,unknown,sev2,commercial_pharma,morningstar,,,,0,0.8534669030732860520094562648,73.96,45.56250000000000000000000000,69.0,50,73.68421052631578947368421053,5,75.0068,1.3157,3.0,6,643,1.0,3.7306,5,8,0.0,0.9,0.95,oncology,0.7265,highly_crowded,1.0,85,0.02625640425531915,0.681132,0.4709,19.90,0.416981,-0.2096
ARDX,"Ardelyx, Inc.",,,D,ineligible,,,D,0.296226,0.280769,1,,0,,,0,no_upcoming,9,neutral,deep_drawdown|deep_drawdown_rel_xbi,XS,ineligible,financial_score:-28.6;clinical_score:+27.7;catalyst_score:-8.0,tier=;reason=;cat_days=NA;strength=missing;decay_w=0.0,v1.3.0,31f399e0,0,fundamental_red_flag|deep_drawdown,1,survivability_critical,"{""burn_ttm"": 42483000.0, ""cash_total"": 67999000.0, ""dilution_risk"": null, ""has_revenue"": null, ""lead_phase"": null, ""runway_months"": 19.207400607301743, ""stage_bucket"": ""late"", ""surv_score"": ""-4.0"", ""tier1_count"": 1}",late|none|pos,0.02625640425531915,39.75518,1.1526,0,1,1.4461,1.1526,1,1,buying,-0.745,elite_1,0.0,0.0,0.0,,,0.0,0,0,0,True,False,True,missing,0.0,adequate,<=1000bps,582.84,0.85,1,0,1.0,0,1.0,0,,False,no_upcoming,-0.130913,price_history,,1,0.8616,price_history,,-0.897327,,60.3622,0.8641,-0.433793,-0.463534,late,small,none,commercial_biotech,morningstar,,,,0,0.8854376442844731289561871664,52.00,41.25000000000000000000000000,55.5,57.22,77.000,20.72928994082840236686390532,76.2226,1.367,3.0,,13,1.0,0.0,0,0,0.0,0.6,0.55,metabolic,-0.459,uncrowded,1.0,79,0.02625640425531915,0.703774,0.5353,32.37,0.654717,0.3981
DNA,"Ginkgo Bioworks Holdings, Inc.",,,D,ineligible,,,D,0.341509,0.85,1,,0,,118,0,specific_days,9,headwind,deep_drawdown|deep_drawdown_rel_xbi,XS,ineligible,momentum_score:-27.7;financial_score:+17.0;clinical_score:+13.2,tier=;reason=;cat_days=118;strength=near;decay_w=1.0,v1.3.0,31f399e0,0,deep_drawdown,0,,"{""burn_ttm"": 123381000.0, ""cash_total"": 495484000.0, ""dilution_risk"": null, ""has_revenue"": null, ""lead_phase"": null, ""runway_months"": 48.19062902715977, ""stage_bucket"": ""late"", ""surv_score"": ""4.0"", ""tier1_count"": 1}",late|near_91_180|pos,0.02625640425531915,67.0645,1.1374,0,1,0.909,1.1374,1,1,neutral,-0.745,elite_1,0.0,0.0,0.0,,,0.0,0,0,0,True,False,True,near,1.0,adequate,<=2000bps,1199.57,0.7,1,0,1.0,0,1.0,0,118,False,specific_days,-0.199553,price_history,,1,1.6874,price_history,,-0.770107,,28.2036,0.7795,-0.433793,-0.336314,late,small,none,commercial_biotech,morningstar,,,,0,0.8332732732732732732732732733,23.81,45.56250000000000000000000000,55.0,90.00,64.66165413533834586466165414,68.450,66.4117,0.9527,3.0,242,698,1.0,2.7482,9,8,0.0323,0.8,0.95,oncology,0.7265,highly_crowded,1.0,91,0.02625640425531915,0.658491,0.4083,39.15,0.786792,0.7953
EXEL,"Exelixis, Inc.",,,D,ineligible,,,D,0.356604,0.857692,1,,0,,,0,no_upcoming,9,tailwind,,XS,ineligible,momentum_score:+20.7;catalyst_score:-18.0;financial_score:-1.8,tier=;reason=;cat_days=NA;strength=missing;decay_w=0.0,v1.3.0,31f399e0,0,fundamental_red_flag,1,sponsor_absent_late_stage,"{""burn_ttm"": 0.0, ""cash_total"": 1059091000.0, ""dilution_risk"": null, ""has_revenue"": null, ""lead_phase"": null, ""runway_months"": null, ""stage_bucket"": ""late"", ""surv_score"": ""5.0"", ""tier1_count"": 0}",late|none|pos,0.02625640425531915,67.607124,1.1114,0,1,0.634,1.1114,0,0,neutral,-1.1329,,0.0,0.0,0.0,,,0.0,0,0,0,True,False,True,missing,0.0,adequate,<=400bps,299.43,1.0,0,0,1.0,0,1.0,0,,False,no_upcoming,0.426898,price_history,,0,0.6563,price_history,,-0.190141,,63.5753,0.4304,-0.433793,0.243652,late,large,none,commercial_biotech,morningstar,,,,0,0.9,79.90,41.25000000000000000000000000,,73.65,58.34586466165413533834586466,57.44360902255639097744360902,59.2331,0.6496,3.0,4,75,1.0,2.2664,2,3,-0.0095,0.4,0.95,oncology,0.7265,highly_crowded,1.0,95,0.02625640425531915,0.643396,0.3676,41.21,0.828302,0.9475
AMPH,"Amphastar Pharmaceuticals, Inc.",,,D,ineligible,,,D,0.281132,0.973077,1,,0,,,0,no_upcoming,9,tailwind,,XS,ineligible,momentum_score:+25.0;catalyst_score:-24.1;clinical_score:-2.9,tier=;reason=;cat_days=NA;strength=missing;decay_w=0.0,v1.3.0,31f399e0,0,fundamental_red_flag,1,sponsor_absent_late_stage,"{""burn_ttm"": 0.0, ""cash_total"": 276209000.0, ""dilution_risk"": null, ""has_revenue"": null, ""lead_phase"": null, ""runway_months"": null, ""stage_bucket"": ""late"", ""surv_score"": ""3.0"", ""tier1_count"": 0}",late|none|pos,0.02625640425531915,76.025962,1.1301,0,1,0.6026,1.1301,0,0,neutral,-1.1329,,0.0,0.0,0.0,,,0.0,0,0,0,True,False,True,missing,0.0,adequate,<=2000bps,1139.42,0.7,1,0,1.0,0,1.0,0,,False,no_upcoming,0.339217,price_history,,0,-0.0676,price_history,,-0.004866,,63.9887,0.4149,-0.433793,0.428927,late,small,none,commercial_pharma,morningstar,,,,0,0.9,90.35,41.25000000000000000000000000,,79.05,62.40601503759398496240601504,67.30769230769230769230769231,61.2786,0.736,3.0,,10,1.0,0.0,0,0,0.0,0.6,0.5,respiratory,0.7265,highly_crowded,1.0,75,0.02625640425531915,0.718868,0.5795,47.74,0.937736,1.536
NVCR,NovoCure Limited,,,D,ineligible,,,D,0.201887,0.565385,1,,0,,89,0,specific_days,9,neutral,deep_drawdown|deep_drawdown_rel_xbi,XS,ineligible,financial_score:-22.6;clinical_score:+10.3;smart_money_score:+7.1,tier=;reason=;cat_days=89;strength=near;decay_w=1.0,v1.3.0,31f399e0,0,deep_drawdown,0,,"{""burn_ttm"": 49031000.0, ""cash_total"": 93548000.0, ""dilution_risk"": null, ""has_revenue"": null, ""lead_phase"": null, ""runway_months"": 15.755894902313047, ""stage_bucket"": ""late"", ""surv_score"": ""1.0"", ""tier1_count"": 1}",late|near_31_90|nonpos,0.07221516279069767,48.973424,1.1042,0,1,,1.1042,1,1,selling,-0.745,elite_1,0.0,0.0,0.0,,,0.0,0,0,0,True,False,True,near,1.0,adequate,<=1000bps,603.49,0.85,1,0,1.0,0,1.0,0,89,False,specific_days,0.081256,price_history,,1,1.1414,price_history,,-0.692083,,41.7293,0.5194,-0.433793,-0.25829,late,small,none,platform_devices,morningstar,,,,0,0.8965931730888365753933837195,49.44,45.56250000000000000000000000,52.0,82.99,55.18796992481203007518796992,22.30871959237343852728468113,55.8513,0.5068,3.0,278,46,1.0,0.533,1,1,0.0,0.5,0.95,oncology,0.7265,crowded,1.0,54,0.07221516279069767,0.798113,0.8349,27.82,0.586792,0.2193
NVAX,"Novavax, Inc.",,,D,ineligible,,,D,0.424528,0.903846,1,,0,,,0,no_upcoming,9,headwind,deep_drawdown|deep_drawdown_rel_xbi,XS,ineligible,financial_score:+25.0;momentum_score:-24.0;catalyst_score:-10.8,tier=;reason=;cat_days=NA;strength=missing;decay_w=0.0,v1.3.0,31f399e0,0,deep_drawdown,0,,"{""burn_ttm"": 244635000.0, ""cash_total"": 735084000.0, ""dilution_risk"": null, ""has_revenue"": null, ""lead_phase"": null, ""runway_months"": 34.435271429798334, ""stage_bucket"": ""late"", ""surv_score"": ""4.0"", ""tier1_count"": 1}",late|none|pos,0.02625640425531915,71.762,0.9166,0,1,0.6733,0.9166,1,1,selling,-0.745,elite_1,0.0,0.0,0.0,,,0.0,0,0,0,True,False,True,missing,0.0,adequate,<=1000bps,459.51,0.85,1,0,1.0,0,1.0,0,,False,no_upcoming,-0.166192,price_history,,1,1.6313,price_history,,-0.73494,,36.3757,0.4814,-0.433793,-0.301147,late,small,none,commercial_biotech,morningstar,,,,0,0.8632435867537313432835820896,28.06,41.25000000000000000000000000,54.5,90.00,59.24812030075187969924812030,77.000,59.9196,0.6786,3.0,25,18,1.0,2.2487,4,2,0.0,0.6,0.55,infectious_disease,0.2523,moderate,1.0,113,0.02625640425531915,0.575472,0.1903,44.73,0.877358,1.1619
IONS,"Ionis Pharmaceuticals, Inc.",,,D,ineligible,,,D,0.383019,0.596154,1,,0,,,0,no_upcoming,9,tailwind,deep_drawdown,XS,ineligible,catalyst_score:-16.7;momentum_score:+10.3;financial_score:+6.5,tier=;reason=;cat_days=NA;strength=missing;decay_w=0.0,v1.3.0,31f399e0,0,fundamental_red_flag,1,sponsor_absent_late_stage,"{""burn_ttm"": 130874000.0, ""cash_total"": 2240171000.0, ""dilution_risk"": null, ""has_revenue"": null, ""lead_phase"": null, ""runway_months"": 187.5823540904904, ""stage_bucket"": ""late"", ""surv_score"": ""3.0"", ""tier1_count"": 0}",late|none|pos,0.02625640425531915,50.652541,0.9116,0,1,0.6144,0.9116,0,0,neutral,-1.1329,,0.0,0.0,0.0,,,0.0,0,0,0,True,False,True,missing,0.0,adequate,<=400bps,247.51,1.0,0,0,1.0,0,1.0,0,,False,no_upcoming,0.300671,price_history,,0,0.9017,price_history,,-0.419482,,49.6945,0.2985,-0.433793,0.014311,late,large,none,commercial_biotech,morningstar,,,,0,0.9,68.21,41.25000000000000000000000000,,22.84,57.89473684210526315789473684,64.48120300751879699248120300,58.5662,0.6214,3.0,403,80,1.0,1.9206,2,3,0.0,0.5,0.55,metabolic,0.2523,moderate,1.0,102,0.02625640425531915,0.616981,0.2976,44.46,0.866038,1.1079
MRNA,"Moderna, Inc.",,,D,ineligible,,,D,0.413208,0.226923,1,,0,,,0,no_upcoming,9,headwind,deep_drawdown|deep_drawdown_rel_xbi,XS,ineligible,financial_score:-16.8;smart_money_score:+16.2;clinical_score:+8.8,tier=;reason=;cat_days=NA;strength=missing;decay_w=0.0,v1.3.0,31f399e0,0,deep_drawdown,0,,"{""burn_ttm"": 1873000000.0, ""cash_total"": 2595000000.0, ""dilution_risk"": null, ""has_revenue"": null, ""lead_phase"": null, ""runway_months"": 16.625734116390817, ""stage_bucket"": ""late"", ""surv_score"": ""2.0"", ""tier1_count"": 3}",late|none|pos,0.02625640425531915,35.721218,0.8967,0,1,0.2511,0.8967,3,3,selling,0.0307,elite_3,0.0,0.0,0.0,,,0.0,0,0,0,True,False,True,missing,0.0,adequate,<=400bps,132.16,1.0,0,0,1.0,0,1.0,0,,False,no_upcoming,-0.242519,price_history,,3,1.0129,price_history,,-0.718331,,35.8688,0.6347,-0.433793,-0.284538,late,large,sev1,commercial_biotech,morningstar,,,,0,0.8803362629060690002518257366,32.05,41.25000000000000000000000000,57.0,52.94,49.54950031720906275714348528,23.96048391655831307592288993,50.2045,0.2683,3.0,300,26,1.0,0.648,1,0,0.0,0.4,0.95,oncology,0.7265,highly_crowded,1.0,110,0.02625640425531915,0.586792,0.2193,25.85,0.556604,0.1424
KMDA,Kamada Ltd.,,,D,ineligible,,,D,0.118868,0.134615,1,,0,,,0,no_upcoming,9,tailwind,,XS,ineligible,financial_score:-35.5;momentum_score:+23.7;clinical_score:+11.1,tier=;reason=;cat_days=NA;strength=missing;decay_w=0.0,v1.3.0,31f399e0,0,financials_missing,1,"cash_runway_lt_6m,sponsor_absent_late_stage,survivability_critical","{""burn_ttm"": 0.0, ""cash_total"": 0.0, ""dilution_risk"": null, ""has_revenue"": null, ""lead_phase"": null, ""runway_months"": 0.0, ""stage_bucket"": ""late"", ""surv_score"": ""-5.0"", ""tier1_count"": 0}",late|none|nonpos,0.08291288555347091,32.6,0.8989,0,1,0.1556,0.8989,0,0,neutral,-1.1329,,0.0,0.0,0.0,,,0.0,0,0,0,True,False,True,missing,0.0,critical,>2000bps,2036.0,0.55,1,0,1.0,0,1.0,0,,False,no_upcoming,-0.058448,price_history,,0,0.2531,price_history,,-0.183284,,34.5683,0.3562,-0.433793,0.250509,late,unknown,sev2,commercial_pharma,morningstar,,,,0,0.8372291969985440698846455370,64.25,41.25000000000000000000000000,,50,51.57894736842105263157894737,5,50.6388,0.2866,3.0,2464,13,1.0,0.0,0,0,0.0,0.4,0.55,infectious_disease,-0.459,uncrowded,1.0,32,0.08291288555347091,0.881132,1.1807,17.13,0.303774,-0.5136
GRFS,"Grifols, S.A.",,,D,ineligible,,,D,0.228302,0.142308,1,,0,,361,0,specific_days,9,tailwind,deep_drawdown,XS,ineligible,financial_score:-31.5;momentum_score:+29.7;catalyst_score:+9.0,tier=;reason=;cat_days=361;strength=far;decay_w=0.3,v1.3.0,31f399e0,0,financials_missing,1,"cash_runway_lt_6m,sponsor_absent_late_stage,survivability_critical","{""burn_ttm"": 0.0, ""cash_total"": 0.0, ""dilution_risk"": null, ""has_revenue"": null, ""lead_phase"": null, ""runway_months"": 0.0, ""stage_bucket"": ""late"", ""surv_score"": ""-5.0"", ""tier1_count"": 0}",late|far_271_540|nonpos,0.052779999999999994,32.994,0.8764,0,1,-0.76,0.8764,0,0,neutral,-1.1329,,0.0,0.0,0.0,,,0.0,0,0,0,True,False,True,far,0.3,critical,<=2000bps,1441.59,0.7,1,0,1.0,0,1.0,0,361,False,specific_days,0.103905,price_history,,0,0.2784,price_history,,-0.402674,,44.2136,0.3193,-0.433793,0.031119,late,unknown,sev2,commercial_pharma,morningstar,,,,0,0.8344277329749103942652329749,66.22,45.56250000000000000000000000,,50,29.40289319790704832256078793,5,30.3755,-0.5691,3.0,199,64,1.0,1.2378,0,2,0.0,0.6,0.95,oncology,-0.459,uncrowded,1.0,61,0.052779999999999994,0.771698,0.7445,10.39,0.092453,-1.3258
CRL,Charles River Laboratories Inte,,,D,ineligible,,,D,0.224528,0.342308,1,,0,,1642,0,specific_days,9,neutral,deep_drawdown,XS,ineligible,clinical_score:-13.6;momentum_score:+10.0;catalyst_score:+5.6,tier=;reason=;cat_days=1642;strength=far;decay_w=0.3,v1.3.0,31f399e0,0,fundamental_red_flag,1,sponsor_absent_late_stage,"{""burn_ttm"": 0.0, ""cash_total"": 213770000.0, ""dilution_risk"": null, ""has_revenue"": null, ""lead_phase"": null, ""runway_months"": null, ""stage_bucket"": ""late"", ""surv_score"": ""3.0"", ""tier1_count"": 0}",late|far_271_540|nonpos,0.052779999999999994,42.442896,0.8742,0,1,,0.8742,0,0,neutral,-1.1329,,0.0,0.0,0.0,,,0.0,0,0,0,True,False,True,far,0.3,adequate,<=400bps,254.94,1.0,0,0,1.0,0,1.0,0,1642,False,specific_days,-0.132118,price_history,,0,0.4059,price_history,,-0.39341,,30.6644,0.3443,-0.433793,0.040383,late,mid,none,platform_diagnostics,morningstar,,,,0,0.8717482716501771100525222914,49.94,45.56250000000000000000000000,,44.05,26.32653061224489795918367346,37.86088027085257002154509079,27.9991,-0.6694,3.0,1642,48,1.0,2.1906,3,3,0.0,0.5,0.95,oncology,-0.459,uncrowded,1.0,60,0.052779999999999994,0.775472,0.757,17.03,0.292453,-0.5462
ZLAB,Zai Lab Limited,,,D,ineligible,,,D,0.20566,0.326923,1,,0,,89,0,specific_days,9,headwind,deep_drawdown|deep_drawdown_rel_xbi,XS,ineligible,financial_score:+23.7;clinical_score:-17.7;momentum_score:-9.9,tier=;reason=;cat_days=89;strength=near;decay_w=1.0,v1.3.0,31f399e0,0,deep_drawdown,0,,"{""burn_ttm"": 150789000.0, ""cash_total"": 689573000.0, ""dilution_risk"": null, ""has_revenue"": null, ""lead_phase"": null, ""runway_months"": 54.87718600163142, ""stage_bucket"": ""late"", ""surv_score"": ""4.0"", ""tier1_count"": 3}",late|near_31_90|nonpos,0.07221516279069767,41.2745,0.8748,0,1,-0.7268,0.8748,3,3,selling,0.0307,elite_3,0.0,0.0,0.0,,,0.0,0,0,0,True,False,True,near,1.0,adequate,<=1000bps,827.45,0.85,1,0,1.0,0,1.0,0,89,False,specific_days,-0.146885,price_history,,3,1.0288,price_history,,-0.775,,32.4832,0.3972,-0.433793,-0.341207,late,mid,none,commercial_biotech,morningstar,,,,0,0.8666717678100263852242744063,34.86,45.56250000000000000000000000,48.0,10.00,27.08808361756521629889259489,68.450,28.2479,-0.6589,3.0,89,22,1.0,2.2275,4,5,0.0,0.4,0.95,oncology,0.7265,highly_crowded,1.0,55,0.07221516279069767,0.79434,0.8216,22.47,0.484906,-0.0378
PBYI,Puma Biotechnology Inc,,,D,ineligible,,,D,0.141509,0.911538,1,,0,,,0,no_upcoming,9,neutral,deep_drawdown|deep_drawdown_rel_xbi,XS,ineligible,financial_score:+18.6;catalyst_score:-10.7;clinical_score:-6.8,tier=;reason=;cat_days=NA;strength=missing;decay_w=0.0,v1.3.0,31f399e0,0,deep_drawdown,0,,"{""burn_ttm"": 0.0, ""cash_total"": 94388000.0, ""dilution_risk"": null, ""has_revenue"": null, ""lead_phase"": null, ""runway_months"": null, ""stage_bucket"": ""late"", ""surv_score"": ""1.0"", ""tier1_count"": 1}",late|none|nonpos,0.08291288555347091,72.163342,0.8943,0,1,0.0579,0.8943,1,1,buying,-0.745,elite_1,0.0,0.0,0.0,,,0.0,0,0,0,True,False,True,missing,0.0,adequate,>2000bps,2020.0,0.55,1,0,1.0,0,1.0,0,,False,no_upcoming,0.102756,price_history,,1,1.0513,price_history,,-0.782759,,56.0739,0.7739,-0.433793,-0.348966,late,micro,none,commercial_biotech,morningstar,,,,0,0.8365158154675047704568413963,47.24,41.25000000000000000000000000,55.5,88.51,45.11359853267253346398577898,70.52631578947368421052631579,45.1116,0.0532,3.0,850,16,1.0,0.4506,0,0,0.0,0.5,0.95,oncology,0.7265,highly_crowded,1.0,38,0.08291288555347091,0.858491,1.0736,32.05,0.64717,0.3777
ALVO,Alvotech,,,D,ineligible,,,D,0.020755,0.080769,1,,0,,,0,no_upcoming,9,neutral,drawdown_data_missing,XS,ineligible,financial_score:-32.3;clinical_score:+15.6;momentum_score:+12.7,tier=;reason=;cat_days=NA;strength=missing;decay_w=0.0,v1.3.0,31f399e0,0,financials_missing,1,"cash_runway_lt_6m,sponsor_absent_late_stage,survivability_critical","{""burn_ttm"": 0.0, ""cash_total"": 0.0, ""dilution_risk"": null, ""has_revenue"": null, ""lead_phase"": null, ""runway_months"": 0.0, ""stage_bucket"": ""late"", ""surv_score"": ""-5.0"", ""tier1_count"": 0}",late|none|nonpos,0.08291288555347091,29.75,0.9015,0,1,0.2115,0.9015,0,0,neutral,-1.1329,,0.0,0.0,0.0,,,0.0,0,0,0,True,False,True,missing,0.0,critical,>2000bps,2020.0,0.55,1,0,1.0,0,1.0,0,,False,no_upcoming,,,beta_missing:series_too_short,0,,,series_too_short,,no_price_series,,0.9498,-0.433793,,late,unknown,sev2,commercial_pharma,morningstar,,,drawdown,1,0.7956685739730602248691973728,50,41.25000000000000000000000000,,50,52.93233082706766917293233083,5,52.1783,0.3516,3.0,15,4,1.0,0.4686,1,0,0.0,0.3,0.55,ophthalmology,0.7265,highly_crowded,1.0,6,0.08291288555347091,0.979245,2.0384,14.57,0.19434,-0.862
IBRX,"ImmunityBio, Inc.",,,D,ineligible,,,D,0.232075,0.026923,1,,0,,788,0,specific_days,9,tailwind,high_vol|high_beta|deep_drawdown|deep_drawdown_rel_xbi,XS,ineligible,financial_score:-29.2;clinical_score:-28.4;momentum_score:+27.8,tier=;reason=;cat_days=788;strength=far;decay_w=0.3,v1.3.0,31f399e0,0,fundamental_red_flag|deep_drawdown,1,survivability_critical,"{""burn_ttm"": 304936000.0, ""cash_total"": 242818000.0, ""dilution_risk"": null, ""has_revenue"": null, ""lead_phase"": null, ""runway_months"": 7.9651196483535704, ""stage_bucket"": ""late"", ""surv_score"": ""-4.0"", ""tier1_count"": 1}",late|far_271_540|nonpos,0.052779999999999994,25.57,0.829,0,1,-1.6528,0.829,1,1,neutral,-0.745,elite_1,0.0,0.0,0.0,,,0.0,0,0,0,True,False,True,far,0.3,short,<=400bps,178.96,1.0,0,0,1.0,0,1.0,0,788,False,specific_days,0.556361,price_history,,1,2.0124,price_history,,-0.842636,,45.628,1.3149,-0.433793,-0.408843,late,mid,sev2,commercial_biotech,morningstar,,,,0,0.7846859433847649131332766371,62.00,45.56250000000000000000000000,52.5,31.20,5.816609192153315619876759566,5,7.1997,-1.5478,3.0,1702,43,1.0,0.8214,2,0,0.0,0.4,0.95,oncology,-0.459,uncrowded,1.0,62,0.052779999999999994,0.767925,0.732,3.91,0.001887,-2.8965
OPK,"Opko Health, Inc.",,,D,ineligible,,,D,0.137736,0.888462,1,,0,,,0,no_upcoming,9,tailwind,deep_drawdown,XS,ineligible,financial_score:+15.6;clinical_score:-10.6;catalyst_score:-10.2,tier=;reason=;cat_days=NA;strength=missing;decay_w=0.0,v1.3.0,31f399e0,0,fundamental_red_flag,1,sponsor_absent_late_stage,"{""burn_ttm"": 152621000.0, ""cash_total"": 411972000.0, ""dilution_risk"": null, ""has_revenue"": null, ""lead_phase"": null, ""runway_months"": 32.276737801482106, ""stage_bucket"": ""late"", ""surv_score"": ""-2.0"", ""tier1_count"": 0}",late|none|nonpos,0.08291288555347091,70.923615,0.8901,0,1,,0.8901,0,0,neutral,-1.1329,,0.0,0.0,0.0,,,0.0,0,0,0,True,False,True,missing,0.0,adequate,<=2000bps,1631.21,0.7,1,0,1.0,0,1.0,0,,False,no_upcoming,-0.016483,price_history,,0,0.7348,price_history,,-0.405825,,41.4972,0.354,-0.433793,0.027968,late,small,none,platform_diagnostics,morningstar,,,,0,0.9,56.66,41.25000000000000000000000000,,84.02,40.80332409972299168975069252,67.07692307692307692307692308,39.562,-0.1811,3.0,1214,11,1.0,0.0001,0,0,0.0,0.4,0.55,ophthalmology,0.2523,moderate,1.0,37,0.08291288555347091,0.862264,1.0905,35.78,0.737736,0.6364
AMRX,"Amneal Pharmaceuticals, Inc.",,,D,ineligible,,,D,0.028302,0.419231,1,,0,,,0,no_upcoming,9,tailwind,deep_drawdown,XS,ineligible,momentum_score:+11.8;catalyst_score:-8.4;financial_score:-5.8,tier=;reason=;cat_days=NA;strength=missing;decay_w=0.0,v1.3.0,31f399e0,0,fundamental_red_flag,1,sponsor_absent_late_stage,"{""burn_ttm"": 0.0, ""cash_total"": 201249000.0, ""dilution_risk"": null, ""has_revenue"": null, ""lead_phase"": null, ""runway_months"": null, ""stage_bucket"": ""late"", ""surv_score"": ""1.0"", ""tier1_count"": 0}",late|none|nonpos,0.08291288555347091,45.489796,0.899,0,1,0.1742,0.899,0,0,neutral,-1.1329,,0.0,0.0,0.0,,,0.0,0,0,0,True,False,True,missing,0.0,adequate,<=1000bps,544.86,0.85,1,0,1.0,0,1.0,0,,False,no_upcoming,0.056044,price_history,,0,0.3813,price_history,,-0.452575,,34.3185,0.3236,-0.433793,-0.018782,late,mid,none,commercial_pharma,morningstar,,,,0,0.9,61.49,41.25000000000000000000000000,,38.51,52.03007518796992481203007519,43.80732533087103724222837797,50.7399,0.2909,3.0,,12,1.0,0.0,0,0,0.0,0.4,0.6,autoimmune,0.7265,highly_crowded,1.0,8,0.08291288555347091,0.971698,1.9064,36.65,0.760377,0.7075
PHAT,"Phathom Pharmaceuticals, Inc.",,,D,ineligible,,,D,0.145283,0.219231,1,,0,,,0,no_upcoming,9,tailwind,deep_drawdown,XS,ineligible,financial_score:-24.5;momentum_score:+18.3;smart_money_score:+11.8,tier=;reason=;cat_days=NA;strength=missing;decay_w=0.0,v1.3.0,31f399e0,0,fundamental_red_flag,1,survivability_critical,"{""burn_ttm"": 166775000.0, ""cash_total"": 129972000.0, ""dilution_risk"": null, ""has_revenue"": null, ""lead_phase"": null, ""runway_months"": 9.351905261579972, ""stage_bucket"": ""late"", ""surv_score"": ""-7.0"", ""tier1_count"": 1}",late|none|nonpos,0.08291288555347091,34.926282,0.8758,0,1,-0.6598,0.8758,1,1,selling,-0.745,elite_1,0.0,0.0,0.0,,,0.0,0,0,0,True,False,True,missing,0.0,short,<=1000bps,859.62,0.85,1,0,1.0,0,1.0,0,,False,no_upcoming,0.114647,price_history,,1,0.7511,price_history,,-0.64318,,46.0482,0.6057,-0.433793,-0.209387,late,small,sev2,commercial_biotech,morningstar,,,,0,0.7992588677472398402630960770,55.97,41.25000000000000000000000000,49.5,50.85,28.62626491039629148058115212,13.18840401051939513477975016,27.7334,-0.6807,3.0,262,2,0.3333,0.169,0,0,0.0,0.4,0.55,infectious_disease,-0.459,uncrowded,1.0,39,0.08291288555347091,0.854717,1.0569,8.35,0.04717,-1.6729
TGTX,"TG Therapeutics, Inc.",,,D,ineligible,,,D,0.179245,0.011538,1,,0,,,0,no_upcoming,9,headwind,high_beta|deep_drawdown|deep_drawdown_rel_xbi,XS,ineligible,smart_money_score:+27.2;clinical_score:-19.9;financial_score:-14.3,tier=;reason=;cat_days=NA;strength=missing;decay_w=0.0,v1.3.0,31f399e0,0,deep_drawdown,0,,"{""burn_ttm"": 44432000.0, ""cash_total"": 131582000.0, ""dilution_risk"": null, ""has_revenue"": null, ""lead_phase"": null, ""runway_months"": 35.537090385307884, ""stage_bucket"": ""late"", ""surv_score"": ""3.0"", ""tier1_count"": 3}",late|none|nonpos,0.08291288555347091,21.704821,0.8475,0,1,-1.3193,0.8475,3,3,buying,0.0307,elite_3,0.0,0.0,0.0,,,0.0,0,0,0,True,False,True,missing,0.0,adequate,<=1000bps,429.71,0.85,1,0,1.0,0,1.0,0,,False,no_upcoming,0.096273,price_history,,3,2.1954,price_history,,-0.825611,,33.6141,0.3599,-0.433793,-0.391818,late,mid,none,commercial_biotech,morningstar,,,,0,0.8791415687215159510674022547,32.43,41.25000000000000000000000000,60.5,19.07,13.47786760133416247385380745,18.98738073253308710372422284,14.6377,-1.2337,3.0,73,14,1.0,3.2704,7,6,0.0,0.4,0.95,oncology,0.7265,highly_crowded,1.0,48,0.08291288555347091,0.820755,0.9182,14.82,0.209434,-0.8084
CMPS,COMPASS Pathways Plc - American,,,D,ineligible,,,D,0.79434,0.388462,1,,0,,,0,no_upcoming,9,headwind,deep_drawdown|deep_drawdown_rel_xbi,XS,ineligible,smart_money_score:+26.4;momentum_score:-19.2;clinical_score:+16.5,tier=;reason=;cat_days=NA;strength=missing;decay_w=0.0,v1.3.0,31f399e0,0,deep_drawdown,0,,"{""burn_ttm"": 119452000.0, ""cash_total"": 185937000.0, ""dilution_risk"": null, ""has_revenue"": null, ""lead_phase"": null, ""runway_months"": 16.924559632728812, ""stage_bucket"": ""mid"", ""surv_score"": ""1.0"", ""tier1_count"": 5}",mid|none|nonpos,-0.030147721518987338,43.760533,0.3464,6,1,,0.3464,5,5,buying,0.8065,elite_5,0.0,0.0,0.0,,,0.0,0,0,0,True,False,True,missing,0.0,adequate,<=1000bps,762.54,0.85,1,0,1.0,0,1.0,0,,False,no_upcoming,-0.253584,price_history,,5,1.1558,price_history,,-0.746119,,33.868,0.7735,-0.433793,-0.312326,mid,small,sev1,platform_services,morningstar,,,,0,0.7804504504504504504504504505,31.87,41.25000000000000000000000000,77.5,59.09,67.60869565217391304347826087,37.12229573618987607645452637,67.4551,0.9968,2.0,6,4,1.0,1.1546,1,1,0.0,0.3,0.6,cns,0.7265,highly_crowded,1.0,211,-0.030147721518987338,0.20566,-0.8216,34.19,0.7,0.5244
BBIO,"BridgeBio Pharma, Inc.",,,D,ineligible,,,D,0.04717,0.019231,1,,0,,,0,no_upcoming,9,headwind,deep_drawdown|deep_drawdown_rel_xbi,XS,ineligible,smart_money_score:+36.6;clinical_score:-21.2;momentum_score:-13.3,tier=;reason=;cat_days=NA;strength=missing;decay_w=0.0,v1.3.0,31f399e0,0,fundamental_red_flag|deep_drawdown,1,debt_distress_with_weak_surv,"{""burn_ttm"": 445910000.0, ""cash_total"": 578058000.0, ""dilution_risk"": null, ""has_revenue"": null, ""lead_phase"": null, ""runway_months"": 14.850685940363437, ""stage_bucket"": ""late"", ""surv_score"": ""-3.0"", ""tier1_count"": 5}",late|none|nonpos,0.08291288555347091,22.427297,0.8439,0,1,-1.4621,0.8439,5,5,buying,0.8065,elite_5,0.0,0.0,0.0,,,0.0,0,0,0,True,False,True,missing,0.0,adequate,<=400bps,239.27,1.0,0,0,1.0,0,1.0,0,,False,no_upcoming,-0.343455,price_history,,5,1.7303,price_history,,-0.894552,,31.5539,0.4744,-0.433793,-0.460759,late,large,sev1,commercial_biotech,morningstar,,,,0,0.8926583041082164328657314629,18.10,41.25000000000000000000000000,68.0,28.50,10.19773745139791835478420362,19.62732646151720152511604826,11.0775,-1.384,3.0,361,21,1.0,0.8154,1,1,0.0,0.4,0.95,oncology,0.7265,highly_crowded,1.0,13,0.08291288555347091,0.95283,1.6729,10.83,0.1,-1.2816
SNDX,"Syndax Pharmaceuticals, Inc.",,,D,ineligible,,,D,0.567925,0.719231,1,,0,,119,0,specific_days,9,tailwind,deep_drawdown,XS,ineligible,financial_score:-10.9;catalyst_score:-10.8;clinical_score:+9.3,tier=;reason=;cat_days=119;strength=near;decay_w=1.0,v1.3.0,31f399e0,0,fundamental_red_flag,1,"cash_runway_lt_6m,survivability_critical","{""burn_ttm"": 253492000.0, ""cash_total"": 435979000.0, ""dilution_risk"": null, ""has_revenue"": null, ""lead_phase"": null, ""runway_months"": 5.155381629400534, ""stage_bucket"": ""mid"", ""surv_score"": ""-5.0"", ""tier1_count"": 3}",mid|near_91_180|pos,0.014662131736526944,57.430098,0.4193,0,1,0.9521,0.4193,3,3,neutral,0.0307,elite_3,0.0,0.0,0.0,,,0.0,0,0,0,True,False,True,near,1.0,critical,<=1000bps,584.59,0.85,1,0,1.0,0,1.0,0,119,False,specific_days,0.211195,price_history,,3,1.2311,price_history,,-0.394361,,42.8285,0.5965,-0.433793,0.039432,mid,small,sev1,commercial_biotech,morningstar,,,,0,0.8340492721164613661814109742,60.16,45.56250000000000000000000000,65.0,71.21,65.65217391304347826086956522,45.49910733039277462717916403,66.2748,0.9469,2.0,95,29,1.0,0.9671,0,1,0.0,0.6,0.95,oncology,0.7265,highly_crowded,1.0,151,0.014662131736526944,0.432075,-0.1711,33.05,0.666038,0.429
CATX,"Perspective Therapeutics, Inc.",,,D,ineligible,,,D,0.639623,0.657692,1,,0,,,0,no_upcoming,9,neutral,deep_drawdown|deep_drawdown_rel_xbi,XS,ineligible,catalyst_score:-12.2;clinical_score:+9.2;momentum_score:-6.6,tier=;reason=;cat_days=NA;strength=missing;decay_w=0.0,v1.3.0,31f399e0,0,deep_drawdown,0,,"{""burn_ttm"": 57827000.0, ""cash_total"": 174137000.0, ""dilution_risk"": null, ""has_revenue"": null, ""lead_phase"": null, ""runway_months"": 36.13613018140315, ""stage_bucket"": ""early"", ""surv_score"": ""5.0"", ""tier1_count"": 2}",early|none|nonpos,-0.015227360946745564,53.245568,-1.1493,200,1,,-1.1493,2,2,buying,-0.3571,elite_2,0.0,0.0,0.0,,,0.0,0,0,0,True,False,True,missing,0.0,adequate,<=1000bps,741.74,0.85,1,0,1.0,0,1.0,0,,False,no_upcoming,-0.182641,price_history,,2,0.289,price_history,,-0.767123,,40.5619,0.7923,-0.433793,-0.33333,early,small,none,platform_devices,morningstar,,,,0,0.7112269238747147894627670608,46.89,41.25000000000000000000000000,58.0,50,62.65060240963855421686746988,58.59459459459459459459459460,61.5923,0.7492,1.0,200,2,0.0,0.0472,0,0,0.0,0.3,0.85,oncology,0.7265,highly_crowded,1.0,170,-0.015227360946745564,0.360377,-0.3575,39.40,0.79434,0.8216
TXG,"10x Genomics, Inc.",,,D,ineligible,,,D,0.854717,0.311538,1,,0,,,0,no_upcoming,9,headwind,deep_drawdown,XS,ineligible,clinical_score:-28.2;smart_money_score:+21.8;catalyst_score:+8.1,tier=;reason=;cat_days=NA;strength=missing;decay_w=0.0,v1.3.0,31f399e0,0,financials_missing,1,"cash_runway_lt_6m,survivability_critical","{""burn_ttm"": 0.0, ""cash_total"": 0.0, ""dilution_risk"": null, ""has_revenue"": null, ""lead_phase"": null, ""runway_months"": 0.0, ""stage_bucket"": ""mid"", ""surv_score"": ""-5.0"", ""tier1_count"": 1}",mid|none|nonpos,-0.030147721518987338,40.283247,-0.8471,713,1,,-0.8471,1,1,neutral,-0.745,elite_1,0.0,0.0,0.0,,,0.0,0,0,0,True,False,True,missing,0.0,critical,<=1000bps,422.35,0.85,1,0,1.0,0,1.0,0,,False,no_upcoming,-0.151907,price_history,,1,1.3816,price_history,,-0.655235,,31.6578,0.7498,-0.433793,-0.221442,mid,mid,none,platform_services,morningstar,,,,0,0.6867379326923076923076923077,31.91,41.25000000000000000000000000,55.0,54.73,5,32.76832598193656794791010292,3.9417,-1.6854,2.0,713,1,0.0,0.0026,0,0,0.0,0.3,0.85,cardiovascular,0.7265,crowded,1.0,227,-0.030147721518987338,0.145283,-1.0569,9.04,0.062264,-1.536
STVN,Stevanato Group S.p.A.,,,D,ineligible,,,D,0.756604,0.073077,1,,0,,,0,no_upcoming,9,neutral,deep_drawdown,XS,ineligible,financial_score:-24.8;catalyst_score:+20.2;momentum_score:+19.7,tier=;reason=;cat_days=NA;strength=missing;decay_w=0.0,v1.3.0,31f399e0,0,financials_missing,1,"cash_runway_lt_6m,survivability_critical","{""burn_ttm"": 0.0, ""cash_total"": 0.0, ""dilution_risk"": null, ""has_revenue"": null, ""lead_phase"": null, ""runway_months"": 0.0, ""stage_bucket"": ""early"", ""surv_score"": ""-5.0"", ""tier1_count"": 0}",early|none|nonpos,-0.015227360946745564,29.636,-1.5048,,0,,-1.5048,0,0,neutral,-1.1329,,0.0,0.0,0.0,,,0.0,0,0,0,True,False,True,missing,0.0,critical,<=2000bps,1065.18,0.7,1,0,1.0,0,1.0,0,,False,no_upcoming,-0.096408,price_history,,0,0.6578,price_history,,-0.418815,,46.3221,0.4363,-0.433793,0.014978,early,unknown,sev2,platform_devices,morningstar,,,,0,0.5353861683848797250859106529,49.43,50,,50,14.57605522491572716569087596,5,14.7511,-1.2289,,,,,,,,,,,,-1.6445,unknown,1.0,201,-0.015227360946745564,0.243396,-0.6954,5.39,0.016981,-2.1205
PSNL,"Personalis, Inc.",,,D,ineligible,,,D,0.733962,0.357692,1,,0,,,0,no_upcoming,9,headwind,deep_drawdown|deep_drawdown_rel_xbi,XS,ineligible,clinical_score:-21.2;catalyst_score:+14.2;financial_score:+4.2,tier=;reason=;cat_days=NA;strength=missing;decay_w=0.0,v1.3.0,31f399e0,0,deep_drawdown,0,,"{""burn_ttm"": 52700000.0, ""cash_total"": 150515000.0, ""dilution_risk"": null, ""has_revenue"": null, ""lead_phase"": null, ""runway_months"": 34.18205904617714, ""stage_bucket"": ""early"", ""surv_score"": ""3.0"", ""tier1_count"": 0}",early|none|nonpos,-0.015227360946745564,43.199328,-1.5048,,0,,-1.5048,0,0,neutral,-1.1329,,0.0,0.0,0.0,,,0.0,0,0,0,True,False,True,missing,0.0,adequate,<=1000bps,905.17,0.85,1,0,1.0,0,1.0,0,,False,no_upcoming,0.011747,price_history,,0,1.4131,price_history,,-0.686047,,33.8277,1.0777,-0.433793,-0.252254,early,small,sev1,platform_diagnostics,morningstar,,,,0,0.6179161438728565453785027185,38.60,50,,50,14.57605522491572716569087596,39.95406217027838649460271082,14.7511,-1.2289,,,,,,,,,,,,-1.6445,unknown,1.0,195,-0.015227360946745564,0.266038,-0.6248,11.24,0.107547,-1.2397
PACB,Pacific Biosciences of Californ,,,D,ineligible,,,D,0.718868,0.711538,1,,0,,,0,no_upcoming,9,headwind,deep_drawdown|deep_drawdown_rel_xbi,XS,ineligible,clinical_score:-30.6;financial_score:+23.3;smart_money_score:+12.8,tier=;reason=;cat_days=NA;strength=missing;decay_w=0.0,v1.3.0,31f399e0,0,deep_drawdown,0,,"{""burn_ttm"": 111209000.0, ""cash_total"": 279506000.0, ""dilution_risk"": null, ""has_revenue"": null, ""lead_phase"": null, ""runway_months"": 30.160076972187504, ""stage_bucket"": ""early"", ""surv_score"": ""1.0"", ""tier1_count"": 2}",early|none|nonpos,-0.015227360946745564,55.2925,-1.5048,,0,,-1.5048,2,2,buying,-0.3571,elite_2,0.0,0.0,0.0,,,0.0,0,0,0,True,False,True,missing,0.0,adequate,<=1000bps,913.25,0.85,1,0,1.0,0,1.0,0,,False,no_upcoming,-0.1245,price_history,,2,1.4993,price_history,,-0.703498,,41.9055,1.0113,-0.433793,-0.269705,early,small,sev1,platform_devices,morningstar,,,,0,0.6283799231009040839654993245,34.95,50,58.0,50,14.57605522491572716569087596,68.450,14.7511,-1.2289,,,,,,,,,,,,-1.6445,unknown,1.0,191,-0.015227360946745564,0.281132,-0.5795,17.68,0.333962,-0.429
ZYME,Zymeworks Inc.,,,D,ineligible,,,D,0.579245,0.042308,1,,0,,,0,no_upcoming,9,headwind,deep_drawdown|deep_drawdown_rel_xbi,XS,ineligible,smart_money_score:+30.9;momentum_score:-23.0;financial_score:-6.9,tier=;reason=;cat_days=NA;strength=missing;decay_w=0.0,v1.3.0,31f399e0,0,deep_drawdown,0,,"{""burn_ttm"": 22746000.0, ""cash_total"": 64834000.0, ""dilution_risk"": null, ""has_revenue"": null, ""lead_phase"": null, ""runway_months"": 34.204167765761014, ""stage_bucket"": ""mid"", ""surv_score"": ""3.0"", ""tier1_count"": 7}",mid|none|pos,0.014662131736526944,28.073438,-0.7746,735,1,0.2707,-0.7746,7,7,buying,1.5823,elite_7,0.0,0.0,0.0,,,0.0,0,0,0,True,False,True,missing,0.0,adequate,<=1000bps,781.08,0.85,1,0,1.0,0,1.0,0,,False,no_upcoming,-0.348698,price_history,,7,1.1551,price_history,,-0.838347,,24.2403,0.7975,-0.433793,-0.404554,mid,small,none,commercial_biotech,morningstar,,,,0,0.8070477321088587747788106171,23.06,41.25000000000000000000000000,77.0,16.67,50,39.17097248477210670027305188,49.2917,0.2297,2.0,735,3,0.6667,0.0023,0,0,0.0,0.3,0.95,oncology,-0.459,uncrowded,1.0,154,0.014662131736526944,0.420755,-0.2,33.89,0.688679,0.4921
SIGA,SIGA Technologies Inc.,,,D,ineligible,,,D,0.44717,0.896154,1,,0,,,0,no_upcoming,9,tailwind,,XS,ineligible,catalyst_score:-14.8;momentum_score:+6.6;financial_score:+5.5,tier=;reason=;cat_days=NA;strength=missing;decay_w=0.0,v1.3.0,31f399e0,0,fundamental_red_flag,1,sponsor_absent_late_stage,"{""burn_ttm"": 0.0, ""cash_total"": 171955584.0, ""dilution_risk"": null, ""has_revenue"": null, ""lead_phase"": null, ""runway_months"": null, ""stage_bucket"": ""late"", ""surv_score"": ""2.0"", ""tier1_count"": 0}",late|none|pos,0.02625640425531915,71.714308,-0.05,434,1,0.4536,-0.05,0,0,neutral,-1.1329,,0.0,0.0,0.0,,,0.0,0,0,0,True,False,True,missing,0.0,adequate,>2000bps,2020.0,0.55,1,0,1.0,0,1.0,0,,False,no_upcoming,-0.060937,price_history,,0,0.4623,price_history,,-0.305616,,52.0731,0.5084,-0.433793,0.128177,late,small,none,commercial_pharma,morningstar,,,,0,0.9,62.61,41.25000000000000000000000000,,90.00,58.79699248120300751879699248,61.53846153846153846153846154,58.1747,0.6049,3.0,434,4,1.0,0.0403,0,0,0.0,0.4,0.75,rare_disease,0.7265,highly_crowded,1.0,119,0.02625640425531915,0.55283,0.1328,44.70,0.873585,1.1435
ADPT,Adaptive Biotechnologies Corpor,,,D,ineligible,,,D,0.613208,0.003846,1,,0,,,0,no_upcoming,9,headwind,deep_drawdown|deep_drawdown_rel_xbi,XS,ineligible,financial_score:-25.7;smart_money_score:+24.8;catalyst_score:+19.3,tier=;reason=;cat_days=NA;strength=missing;decay_w=0.0,v1.3.0,31f399e0,0,deep_drawdown,0,,"{""burn_ttm"": 48041000.0, ""cash_total"": 55034000.0, ""dilution_risk"": null, ""has_revenue"": null, ""lead_phase"": null, ""runway_months"": 11.101028752308098, ""stage_bucket"": ""early"", ""surv_score"": ""-2.0"", ""tier1_count"": 1}",early|none|nonpos,-0.015227360946745564,13.549,-1.5048,,0,-1.2715,-1.5048,1,1,buying,-0.745,elite_1,0.0,0.0,0.0,,,0.0,0,0,0,True,False,True,missing,0.0,short,<=1000bps,539.77,0.85,1,0,1.0,0,1.0,0,,False,no_upcoming,-0.165986,price_history,,1,1.4579,price_history,,-0.730282,,31.0674,0.7937,-0.433793,-0.296489,early,mid,sev2,commercial_biotech,morningstar,,,,0,0.6648257315842583249243188698,28.53,50,55.5,15.98,14.57605522491572716569087596,5,14.7511,-1.2289,,,,,,,,,,,,-1.6445,unknown,1.0,163,-0.015227360946745564,0.386792,-0.2877,4.99,0.013208,-2.2201
INVA,"Innoviva, Inc.",,,D,ineligible,,,D,0.115094,0.980769,1,,0,,,0,no_upcoming,9,tailwind,,XS,ineligible,clinical_score:-23.9;momentum_score:+20.4;financial_score:+17.1,tier=;reason=;cat_days=NA;strength=missing;decay_w=0.0,v1.3.0,31f399e0,0,fundamental_red_flag,1,sponsor_absent_late_stage,"{""burn_ttm"": 0.0, ""cash_total"": 550941000.0, ""dilution_risk"": null, ""has_revenue"": null, ""lead_phase"": null, ""runway_months"": null, ""stage_bucket"": ""late"", ""surv_score"": ""2.0"", ""tier1_count"": 0}",late|none|nonpos,0.08291288555347091,78.870385,-0.0939,,0,-0.5577,-0.0939,0,0,neutral,-1.1329,,0.0,0.0,0.0,,,0.0,0,0,0,True,False,True,missing,0.0,adequate,<=1000bps,731.28,0.85,1,0,1.0,0,1.0,0,,False,no_upcoming,0.066791,price_history,,0,0.1205,price_history,,-0.148148,,42.612,0.3385,-0.433793,0.285645,late,small,none,commercial_biotech,morningstar,,,,0,0.9,75.27,41.25000000000000000000000000,,89.86,30.97122505511900050879077393,71.92307692307692307692307692,29.9129,-0.5886,3.0,,3,0.0,0.0,0,0,0.0,0.3,0.95,oncology,0.7265,highly_crowded,1.0,31,0.08291288555347091,0.884906,1.1999,35.82,0.741509,0.648
EOLS,"Evolus, Inc. Common Stock",,,D,ineligible,,,D,0.092453,0.665385,1,,0,,,0,no_upcoming,9,tailwind,deep_drawdown,XS,ineligible,momentum_score:+47.4;financial_score:-31.3;clinical_score:-20.2,tier=;reason=;cat_days=NA;strength=missing;decay_w=0.0,v1.3.0,31f399e0,0,fundamental_red_flag,1,survivability_critical,"{""burn_ttm"": 55092000.0, ""cash_total"": 43523000.0, ""dilution_risk"": null, ""has_revenue"": null, ""lead_phase"": null, ""runway_months"": 9.480069701590068, ""stage_bucket"": ""late"", ""surv_score"": ""-5.0"", ""tier1_count"": 1}",late|none|nonpos,0.08291288555347091,53.334621,-0.2933,468,1,-1.0411,-0.2933,1,1,selling,-0.745,elite_1,0.0,0.0,0.0,,,0.0,0,0,0,True,False,True,missing,0.0,short,<=2000bps,1511.35,0.7,1,0,1.0,0,1.0,0,,False,no_upcoming,0.857484,price_history,,1,0.7392,price_history,,-0.422774,,65.7934,0.5726,-0.433793,0.011019,late,micro,sev2,commercial_pharma,morningstar,,,,0,0.8690122494681446646512148696,90.17,41.25000000000000000000000000,48.5,86.08,22.59414199659549877199263825,11.49471422918197750014133077,21.1858,-0.9572,3.0,,3,0.6667,0.002,0,0,0.0,0.3,0.5,other,-3.0671,uncrowded,1.0,25,0.08291288555347091,0.907547,1.3258,4.03,0.00566,-2.5326
COLL,"Collegium Pharmaceutical, Inc.",,,D,ineligible,,,D,0.077358,0.957692,1,,0,,,0,no_upcoming,9,tailwind,,XS,ineligible,clinical_score:-35.4;financial_score:+21.3;momentum_score:+20.0,tier=;reason=;cat_days=NA;strength=missing;decay_w=0.0,v1.3.0,31f399e0,0,fundamental_red_flag,1,sponsor_absent_late_stage,"{""burn_ttm"": 0.0, ""cash_total"": 386679000.0, ""dilution_risk"": null, ""has_revenue"": null, ""lead_phase"": null, ""runway_months"": null, ""stage_bucket"": ""late"", ""surv_score"": ""3.0"", ""tier1_count"": 0}",late|none|nonpos,0.08291288555347091,75.749692,-0.1266,,0,-1.4859,-0.1266,0,0,neutral,-1.1329,,0.0,0.0,0.0,,,0.0,0,0,0,True,False,True,missing,0.0,adequate,<=1000bps,731.17,0.85,1,0,1.0,0,1.0,0,,False,no_upcoming,0.062475,price_history,,0,0.2615,price_history,,-0.303773,,40.1115,0.4474,-0.433793,0.13002,late,small,none,commercial_pharma,morningstar,,,,0,0.9,67.21,41.25000000000000000000000000,,90.00,11.82209910741766697445367806,68.46153846153846153846153846,10.882,-1.3923,3.0,,2,0.0,0.0,0,0,0.0,0.4,0.5,other,-1.4074,uncrowded,1.0,21,0.08291288555347091,0.922642,1.4231,24.66,0.530189,0.0757
