ticker,company_name,actionable_rank,target_weight_pct,tier_any,tier_any_reason,tier_dev,tier_reason,tier_commercial,alpha_cohort_pct,commercial_quality_pct,has_commercial_quality,clinical_optionality_pct_dev,has_clinical_optionality_dev,clinical_rank_pct_dev,catalyst_days,catalyst_in_window,catalyst_mode,cat_priority,mom_state,risk_flags,size_band,size_reasons,top_3_drivers,catalyst_reason_detail,decision_engine_version,decision_engine_ruleset_id,eligible,ineligible_reasons,fundamental_red_flag,fundamental_red_flag_reasons,fundamental_red_flag_inputs,alpha_cohort_key,alpha_cohort_raw,commercial_quality,clinical_alpha_z,clinical_readout_days,clinical_coverage_flag,clinical_score_z,clinical_score_z_tier,sponsor_tier1_count,sponsor_overlap_count,sponsor_net_buying,coinvest_score_z,coinvest_tag,coinvest_conviction,coinvest_tier1_conviction,coinvest_max_position_pct,coinvest_filing_age_days,coinvest_recency_state,inst_delta_z,inst_delta_net,inst_delta_new,inst_delta_exit,has_coinvest_signal,has_inst_delta,has_catalyst_signal,catalyst_strength,catalyst_decay_w,runway_bucket,cost_bucket,est_cost_bps,cost_mult,cost_haircut_applied,dd_rel_margin_rescued,catalyst_tilt_mult,catalyst_tilt_applied,mom_state_tilt_mult,mom_state_tilt_applied,de_catalyst_days,de_catalyst_in_window,de_catalyst_mode,de_alpha_60d,de_alpha_60d_source,de_alpha_60d_missing_reason,de_tier1_count,de_beta_xbi_60d,de_beta_xbi_60d_source,de_beta_xbi_60d_missing_reason,de_drawdown,de_drawdown_missing_reason,de_rsi_14d,de_vol_60d,de_drawdown_xbi,de_drawdown_rel_xbi,stage_bucket,market_cap_bucket,severity,archetype,returns_source,catalyst_source,catalyst_event_type,missing_components,missingness_penalty,confidence_overall,momentum_score,catalyst_score,smart_money_score,valuation_score,clinical_score,financial_score,clinical_score_v2,clinical_score_v2_z,lead_program_phase,lead_program_readout_days,program_count,program_diversification,readout_curve_score,readout_density_90,late_stage_readouts_180,execution_momentum,design_quality_score,endpoint_strength_score,therapeutic_area,competitive_intensity_z,crowding_level,sizing_multiplier_clinical,composite_rank,composite_score,score_rank_pct,score_z,composite_score_attn,score_rank_pct_attn,score_z_attn
URGN,UroGen Pharma Ltd.,1,0.26,B,high_opt+no_catalyst_data,B,high_opt+no_catalyst_data,,0.976891,,0,0.819444,1,0.180556,,0,no_upcoming,9,headwind,,S,sponsor_confirmed|momentum_headwind|runway_short,smart_money_score:+37.4;financial_score:-25.8;clinical_score:-19.9,tier=B;reason=high_opt+no_catalyst_data;cat_days=NA;strength=missing;decay_w=0.0,v1.3.0,31f399e0,1,,0,,"{""burn_ttm"": 124119000.0, ""cash_total"": 153829000.0, ""dilution_risk"": null, ""has_revenue"": null, ""lead_phase"": null, ""runway_months"": 14.872404708384696, ""stage_bucket"": ""late"", ""surv_score"": ""0.0"", ""tier1_count"": 4}",late|none|nonpos,-0.015220797979797982,,0.8773,0,1,-1.2545,0.8773,4,4,buying,0.4865,elite_4,0.0,0.0,0.0,,,0.0,0,0,0,True,False,True,missing,0.0,short,<=1000bps,785.74,0.85,1,0,1.0,0,1.0,0,,False,no_upcoming,-0.09431,price_history,,4,0.9912,price_history,,-0.31185,,50.691,0.7699,-0.073945,-0.237905,late,small,sev2,drug_developer,morningstar,,,,0,0.8225052705551651440618411806,36.22,41.25000000000000000000000000,72.0,60.89,14.67895362663495838287752674,8.744801512287334593572778822,15.1498,-1.2257,3.0,,10,1.0,0.6015,1,1,0.0,0.3,0.95,oncology,0.7369,highly_crowded,1.0,233,-0.015220797979797982,0.023109,-1.9934,5.72,0.018908,-2.0769
PRTA,Prothena Corporation plc,2,0.43,B,high_opt+no_catalyst_data,B,high_opt+no_catalyst_data,,0.951681,,0,0.847222,1,0.152778,,0,no_upcoming,9,neutral,,M,sponsor_confirmed|cost_haircut_<=2000bps,clinical_score:-30.1;smart_money_score:+11.7;financial_score:+11.2,tier=B;reason=high_opt+no_catalyst_data;cat_days=NA;strength=missing;decay_w=0.0,v1.3.0,31f399e0,1,,0,,"{""burn_ttm"": 140268000.0, ""cash_total"": 330843000.0, ""dilution_risk"": null, ""has_revenue"": null, ""lead_phase"": null, ""runway_months"": 28.303789887928822, ""stage_bucket"": ""late"", ""surv_score"": ""5.0"", ""tier1_count"": 2}",late|none|nonpos,-0.015220797979797982,,0.8708,0,1,-1.3183,0.8708,2,2,neutral,-0.3232,elite_2,0.0,0.0,0.0,,,0.0,0,0,0,True,False,True,missing,0.0,adequate,<=2000bps,1434.82,0.7,1,0,1.0,0,1.0,0,,False,no_upcoming,0.098873,price_history,,2,0.8587,price_history,,-0.173114,,55.5798,0.4848,-0.073945,-0.099169,late,small,none,drug_developer,morningstar,,,,0,0.8475046085637615214094038035,52.47,41.25000000000000000000000000,55.0,80.69,13.13845950587924428590302550,54.43478260869565217391304348,12.0668,-1.3569,3.0,,7,1.0,0.0,0,0,0.0,0.4,0.6,cns,0.7369,highly_crowded,1.0,227,-0.015220797979797982,0.048319,-1.6614,17.60,0.308824,-0.4992
TENX,"Tenax Therapeutics, Inc.",3,0.43,B,high_opt+no_catalyst_data,B,high_opt+no_catalyst_data,,0.964286,,0,0.865741,1,0.134259,,0,no_upcoming,9,tailwind,overbought_rsi,M,momentum_tailwind|cost_haircut_<=2000bps,clinical_score:-36.8;financial_score:+25.3;momentum_score:+10.0,tier=B;reason=high_opt+no_catalyst_data;cat_days=NA;strength=missing;decay_w=0.0,v1.3.0,31f399e0,1,,0,,"{""burn_ttm"": 22385000.0, ""cash_total"": 99400000.0, ""dilution_risk"": null, ""has_revenue"": null, ""lead_phase"": null, ""runway_months"": 53.28568237659147, ""stage_bucket"": ""late"", ""surv_score"": ""5.0"", ""tier1_count"": 1}",late|none|nonpos,-0.015220797979797982,,0.8602,0,1,-1.4118,0.8602,1,1,buying,-0.728,elite_1,0.0,0.0,0.0,,,0.0,0,0,0,True,False,True,missing,0.0,adequate,<=2000bps,1850.21,0.7,1,0,1.0,0,1.0,0,,False,no_upcoming,-0.041151,price_history,,1,0.6251,price_history,,-0.073171,,71.1,,-0.073945,0.000774,late,micro,none,drug_developer,morningstar,,,,0,0.8539473778574630210667861945,57.62,41.25000000000000000000000000,55.5,90.00,10.87726251816620425419474172,72.91379310344827586206896552,10.5361,-1.422,3.0,,4,1.0,0.0,0,0,-0.1667,0.4,0.85,cardiovascular,-0.4386,uncrowded,1.0,230,-0.015220797979797982,0.035714,-1.8027,22.21,0.460084,-0.1002
CGON,"CG Oncology, Inc.",4,0.86,B,high_opt+no_catalyst_data,B,high_opt+no_catalyst_data,,0.838235,,0,0.949074,1,0.050926,,0,no_upcoming,9,neutral,drawdown_data_missing,L,sponsor_confirmed,clinical_score:-45.9;smart_money_score:+32.1;financial_score:+24.1,tier=B;reason=high_opt+no_catalyst_data;cat_days=NA;strength=missing;decay_w=0.0,v1.3.0,31f399e0,1,,0,,"{""burn_ttm"": 96130000.0, ""cash_total"": 680263000.0, ""dilution_risk"": null, ""has_revenue"": null, ""lead_phase"": null, ""runway_months"": 84.91788203474462, ""stage_bucket"": ""late"", ""surv_score"": ""5.0"", ""tier1_count"": 6}",late|none|nonpos,-0.015220797979797982,,0.8353,0,1,-1.6549,0.8353,6,6,buying,1.2961,elite_6,0.0,0.0,0.0,,,0.0,0,0,0,True,False,True,missing,0.0,adequate,<=1000bps,407.78,0.85,1,0,1.0,0,1.0,0,,False,no_upcoming,,,beta_missing:series_too_short,6,,,series_too_short,,no_price_series,,0.7795,-0.073945,,late,mid,none,drug_developer,morningstar,,,drawdown,1,0.8569030382461575122125580841,50,41.25000000000000000000000000,83.0,12.38,5,75.00000000000000000000000000,4.1929,-1.6918,3.0,2681,5,1.0,0.0004,0,0,0.0,0.3,0.95,oncology,0.7369,highly_crowded,1.0,200,-0.015220797979797982,0.161765,-0.9872,16.77,0.262605,-0.6353
ABEO,Abeona Therapeutics Inc.,5,0.21,B,high_opt+no_catalyst_data,B,high_opt+no_catalyst_data,,0.77521,,0,0.828704,1,0.171296,,0,no_upcoming,9,headwind,deep_drawdown|deep_drawdown_rel_xbi,S,sponsor_confirmed|momentum_headwind|cost_haircut_<=2000bps,financial_score:+28.2;clinical_score:-27.0;momentum_score:-15.6,tier=B;reason=high_opt+no_catalyst_data;cat_days=NA;strength=missing;decay_w=0.0,v1.3.0,31f399e0,1,,0,,"{""burn_ttm"": 58373000.0, ""cash_total"": 207117000.0, ""dilution_risk"": null, ""has_revenue"": null, ""lead_phase"": null, ""runway_months"": 38.84982606281337, ""stage_bucket"": ""late"", ""surv_score"": ""2.0"", ""tier1_count"": 2}",late|none|nonpos,-0.015220797979797982,,0.873,0,1,-1.2865,0.873,2,2,neutral,-0.3232,elite_2,0.0,0.0,0.0,,,0.0,0,0,0,True,False,True,missing,0.0,adequate,<=2000bps,1317.16,0.7,1,0,1.0,0,1.0,0,,False,no_upcoming,-0.34623,price_history,,2,1.2457,price_history,,-0.394608,,34.3229,,-0.073945,-0.320663,late,micro,none,drug_developer,morningstar,,,,0,0.8741792361966625601971105387,25.35,41.25000000000000000000000000,55.0,81.68,13.90540362002906592680671159,69.13793103448275862068965517,12.7483,-1.3279,3.0,788,7,1.0,0.0084,0,0,0.0,0.3,0.5,other,-1.6141,uncrowded,1.0,185,-0.015220797979797982,0.22479,-0.7561,24.60,0.502101,0.0053
ADCT,ADC Therapeutics SA,6,0.43,B,high_opt+no_catalyst_data,B,high_opt+no_catalyst_data,,0.779412,,0,0.912037,1,0.087963,,0,no_upcoming,9,neutral,drawdown_data_missing,M,sponsor_confirmed|cost_haircut_<=2000bps,clinical_score:-38.8;smart_money_score:+21.8;financial_score:+12.6,tier=B;reason=high_opt+no_catalyst_data;cat_days=NA;strength=missing;decay_w=0.0,v1.3.0,31f399e0,1,,0,,"{""burn_ttm"": 110051000.0, ""cash_total"": 234738000.0, ""dilution_risk"": null, ""has_revenue"": null, ""lead_phase"": null, ""runway_months"": 23.035925450397038, ""stage_bucket"": ""late"", ""surv_score"": ""3.0"", ""tier1_count"": 3}",late|none|nonpos,-0.015220797979797982,,0.8381,0,1,-1.6205,0.8381,3,3,buying,0.0816,elite_3,0.0,0.0,0.0,,,0.0,0,0,0,True,False,True,missing,0.0,adequate,<=2000bps,1472.59,0.7,1,0,1.0,0,1.0,0,,False,no_upcoming,0.093907,price_history,,3,0.3042,price_history,,,series_too_short,46.4523,0.7505,-0.073945,,late,small,none,drug_developer,morningstar,,,drawdown,1,0.8089244288224956063268892794,52.41,41.25000000000000000000000000,66.5,79.70,5.832342449464922711058263969,57.30434782608695652173913043,5.6983,-1.6278,3.0,2017,11,1.0,0.1467,1,0,0.0,0.3,0.95,oncology,0.7369,highly_crowded,1.0,186,-0.015220797979797982,0.220588,-0.7702,14.45,0.170168,-0.9535
SMMT,Summit Therapeutics Inc.,7,0.86,B,high_opt+no_catalyst_data,B,high_opt+no_catalyst_data,,0.712185,,0,0.791667,1,0.208333,,0,no_upcoming,9,tailwind,,L,sponsor_confirmed|momentum_tailwind,clinical_score:-33.1;momentum_score:+25.8;smart_money_score:+21.8,tier=B;reason=high_opt+no_catalyst_data;cat_days=NA;strength=missing;decay_w=0.0,v1.3.0,31f399e0,1,,0,,"{""burn_ttm"": 322930000.0, ""cash_total"": 713448000.0, ""dilution_risk"": null, ""has_revenue"": null, ""lead_phase"": null, ""runway_months"": 26.511553587464775, ""stage_bucket"": ""late"", ""surv_score"": ""3.0"", ""tier1_count"": 5}",late|none|pos,0.07410067924528302,,0.881,0,1,-1.1734,0.881,5,5,buying,0.8913,elite_5,0.0,0.0,0.0,,,0.0,0,0,0,True,False,True,missing,0.0,adequate,<=1000bps,484.44,0.85,1,0,1.0,0,1.0,0,,False,no_upcoming,-0.126892,price_history,,5,0.5689,price_history,,-0.159091,,56.4867,0.5984,-0.073945,-0.085146,late,large,none,drug_developer,morningstar,,,,0,0.8151449643947100712105798576,75.48,41.25000000000000000000000000,71.5,10.00,16.64172942264499933941075439,43.61385255648038049940546969,15.8346,-1.1966,3.0,453,5,1.0,0.0344,0,0,0.0,0.3,0.75,rare_disease,0.7369,highly_crowded,1.0,170,0.07410067924528302,0.287815,-0.5598,14.52,0.178571,-0.9208
CLDX,"Celldex Therapeutics, Inc.",8,0.86,B,high_opt+no_catalyst_data,B,high_opt+no_catalyst_data,,0.581933,,0,0.717593,1,0.282407,,0,no_upcoming,9,tailwind,,L,sponsor_confirmed|momentum_tailwind,momentum_score:+35.7;clinical_score:-34.7;catalyst_score:-19.6,tier=B;reason=high_opt+no_catalyst_data;cat_days=NA;strength=missing;decay_w=0.0,v1.3.0,31f399e0,1,,0,,"{""burn_ttm"": 210945000.0, ""cash_total"": 518573000.0, ""dilution_risk"": null, ""has_revenue"": null, ""lead_phase"": null, ""runway_months"": 29.49999288914172, ""stage_bucket"": ""late"", ""surv_score"": ""5.0"", ""tier1_count"": 4}",late|none|pos,0.07410067924528302,,0.8956,0,1,-0.7779,0.8956,4,4,buying,0.4865,elite_4,0.0,0.0,0.0,,,0.0,0,0,0,True,False,True,missing,0.0,adequate,<=1000bps,652.37,0.85,1,0,1.0,0,1.0,0,,False,no_upcoming,3.201714,price_history,,4,-0.6258,price_history,,-0.180462,,50.6622,0.4801,-0.073945,-0.106517,late,small,none,drug_developer,morningstar,,,,0,0.8764361862733712693067007316,96.55,41.25000000000000000000000000,71.5,69.80,26.20227242700488836041749240,68.78260869565217391304347826,27.8232,-0.6867,3.0,,46,1.0,0.9922,1,1,0.0,0.4,0.95,oncology,-0.4386,uncrowded,1.0,139,0.07410067924528302,0.418067,-0.2068,25.96,0.539916,0.1002
VIR,"Vir Biotechnology, Inc.",9,0.86,B,high_opt+no_catalyst_data,B,high_opt+no_catalyst_data,,0.741597,,0,0.708333,1,0.291667,,0,no_upcoming,9,tailwind,,L,sponsor_confirmed|momentum_tailwind,momentum_score:+22.2;clinical_score:-21.3;smart_money_score:+12.7,tier=B;reason=high_opt+no_catalyst_data;cat_days=NA;strength=missing;decay_w=0.0,v1.3.0,31f399e0,1,,0,,"{""burn_ttm"": 391781000.0, ""cash_total"": 460938000.0, ""dilution_risk"": null, ""has_revenue"": null, ""lead_phase"": null, ""runway_months"": 14.118234421781557, ""stage_bucket"": ""late"", ""surv_score"": ""2.0"", ""tier1_count"": 2}",late|none|pos,0.07410067924528302,,0.7374,13,1,-0.7418,0.7374,2,2,buying,-0.3232,elite_2,0.0,0.0,0.0,,,0.0,0,0,0,True,False,True,missing,0.0,adequate,<=1000bps,599.02,0.85,1,0,1.0,0,1.0,0,,False,no_upcoming,0.616176,price_history,,2,0.6738,price_history,,-0.121927,,59.9265,0.7493,-0.073945,-0.047982,late,small,sev1,drug_developer,morningstar,,,,0,0.8609403099871809812376179932,70.52,41.25000000000000000000000000,61.0,42.08,27.07491082045184304399524376,41.86725477840789750052509976,26.8189,-0.7294,3.0,593,4,1.0,0.2762,1,0,0.0,0.4,0.55,infectious_disease,0.7369,highly_crowded,1.0,177,0.07410067924528302,0.258403,-0.6483,23.43,0.481092,-0.0474
ABCL,AbCellera Biologics Inc.,10,0.52,B,high_opt+no_catalyst_data,B,high_opt+no_catalyst_data,,0.502101,,0,0.763889,1,0.236111,,0,no_upcoming,9,neutral,drawdown_data_missing,M,sponsor_confirmed|runway_short,financial_score:-28.7;smart_money_score:+25.1;clinical_score:-16.8,tier=B;reason=high_opt+no_catalyst_data;cat_days=NA;strength=missing;decay_w=0.0,v1.3.0,31f399e0,1,,0,,"{""burn_ttm"": 131295000.0, ""cash_total"": 128513000.0, ""dilution_risk"": null, ""has_revenue"": null, ""lead_phase"": null, ""runway_months"": 11.74573289158003, ""stage_bucket"": ""late"", ""surv_score"": ""0.0"", ""tier1_count"": 2}",late|none|pos,0.07410067924528302,,0.8221,5,1,-1.0905,0.8221,2,2,buying,-0.3232,elite_2,0.0,0.0,0.0,,,0.0,0,0,0,True,False,True,missing,0.0,short,<=1000bps,821.91,0.85,1,0,1.0,0,1.0,0,,False,no_upcoming,,,beta_missing:series_too_short,2,,,series_too_short,,no_price_series,,0.7022,-0.073945,,late,small,sev2,drug_developer,morningstar,,,drawdown,1,0.8244251164415463437354448067,50,41.25000000000000000000000000,60.5,33.17,18.64579204650548289073853877,6.760134425540852762024784709,18.9233,-1.0652,3.0,148,2,0.3333,0.6773,1,1,0.0,0.4,0.55,infectious_disease,0.7369,highly_crowded,1.0,120,0.07410067924528302,0.497899,-0.0053,7.92,0.044118,-1.7048
PVLA,"Palvella Therapeutics, Inc.",11,0.52,B,high_opt+no_catalyst_data,B,high_opt+no_catalyst_data,,0.686975,,0,0.782407,1,0.217593,,0,no_upcoming,9,headwind,,M,sponsor_confirmed|momentum_headwind,smart_money_score:+32.5;clinical_score:-22.9;financial_score:-13.1,tier=B;reason=high_opt+no_catalyst_data;cat_days=NA;strength=missing;decay_w=0.0,v1.3.0,31f399e0,1,,0,,"{""burn_ttm"": 20080000.0, ""cash_total"": 63567000.0, ""dilution_risk"": null, ""has_revenue"": null, ""lead_phase"": null, ""runway_months"": 37.98824701195219, ""stage_bucket"": ""late"", ""surv_score"": ""5.0"", ""tier1_count"": 4}",late|none|pos,0.07410067924528302,,0.5551,29,1,-1.1734,0.5551,4,4,buying,0.4865,elite_4,0.0,0.0,0.0,,,0.0,0,0,0,True,False,True,missing,0.0,adequate,<=1000bps,491.35,0.85,1,0,1.0,0,1.0,0,,False,no_upcoming,-0.063841,price_history,,4,0.5543,price_history,,-0.252358,,56.1224,,-0.073945,-0.178413,late,small,none,drug_developer,morningstar,,,,0,0.8123964507162711139619414154,41.17,41.25000000000000000000000000,72.0,50,16.64172942264499933941075439,26.45200588111741230833858433,17.5599,-1.1232,3.0,29,1,0.0,0.8958,1,1,0.0,0.4,0.5,other,-3.495,uncrowded,1.0,164,0.07410067924528302,0.313025,-0.4873,18.47,0.342437,-0.4058
CRSP,CRISPR Therapeutics AG,12,1.01,B,high_opt+no_catalyst_data,B,high_opt+no_catalyst_data,,0.863445,,0,0.967593,1,0.032407,,0,no_upcoming,9,tailwind,,L,sponsor_confirmed|momentum_tailwind,clinical_score:-48.1;financial_score:+26.9;momentum_score:+20.0,tier=B;reason=high_opt+no_catalyst_data;cat_days=NA;strength=missing;decay_w=0.0,v1.3.0,31f399e0,1,,0,,"{""burn_ttm"": 345014000.0, ""cash_total"": 1975828000.0, ""dilution_risk"": null, ""has_revenue"": null, ""lead_phase"": null, ""runway_months"": 68.7216634687288, ""stage_bucket"": ""late"", ""surv_score"": ""3.0"", ""tier1_count"": 3}",late|none|nonpos,-0.015220797979797982,,-0.3573,1231,1,-1.6549,-0.3573,3,3,buying,0.0816,elite_3,0.0,0.0,0.0,,,0.0,0,0,0,True,False,True,missing,0.0,adequate,<=400bps,316.61,1.0,0,0,1.0,0,1.0,0,,False,no_upcoming,0.347748,price_history,,3,1.1935,price_history,,-0.101153,,50.5593,0.5582,-0.073945,-0.027208,late,mid,none,drug_developer,morningstar,,,,0,0.8829781999041227229146692234,73.08,41.25000000000000000000000000,66.0,60.04,5,80.0,4.2345,-1.69,3.0,1781,5,1.0,0.0,0,0,0.0,0.3,0.95,oncology,0.2667,moderate,1.0,206,-0.015220797979797982,0.136555,-1.0959,22.99,0.472689,-0.0685
WVE,Wave Life Sciences Ltd.,13,1.01,B,high_opt+no_catalyst_data,B,high_opt+no_catalyst_data,,0.485294,,0,0.884259,1,0.115741,,0,no_upcoming,9,tailwind,high_vol|overbought_rsi,L,sponsor_confirmed|momentum_tailwind|high_risk,clinical_score:-42.5;smart_money_score:+25.3;financial_score:+22.6,tier=B;reason=high_opt+no_catalyst_data;cat_days=NA;strength=missing;decay_w=0.0,v1.3.0,31f399e0,1,,0,,"{""burn_ttm"": 187493000.0, ""cash_total"": 602068000.0, ""dilution_risk"": null, ""has_revenue"": null, ""lead_phase"": null, ""runway_months"": 38.533790594848874, ""stage_bucket"": ""mid"", ""surv_score"": ""5.0"", ""tier1_count"": 5}",mid|none|nonpos,0.1,,0.3621,0,1,-1.4625,0.3621,5,5,buying,0.8913,elite_5,0.0,0.0,0.0,,,0.0,0,0,0,True,False,True,missing,0.0,adequate,<=400bps,327.67,1.0,0,0,1.0,0,1.0,0,,False,no_upcoming,0.054601,price_history,,5,0.872,price_history,,-0.184248,,76.544,3.1359,-0.073945,-0.110303,mid,mid,none,drug_developer,morningstar,,,,0,0.7964782408473405480082892010,57.79,41.25000000000000000000000000,77.5,20.97,9.651928977415622956591720737,74.76595744680851063829787234,9.2507,-1.4767,2.0,,3,0.6667,0.0561,0,0,0.0,0.4,0.75,rare_disease,0.7369,highly_crowded,1.0,116,0.1,0.514706,0.0369,20.08,0.37605,-0.3159
CNTA,Centessa Pharmaceuticals plc,14,0.86,B,high_opt+no_catalyst_data,B,high_opt+no_catalyst_data,,0.846639,,0,0.958333,1,0.041667,,0,no_upcoming,9,neutral,drawdown_data_missing,L,sponsor_confirmed,smart_money_score:+41.3;clinical_score:-30.7;financial_score:-30.3,tier=B;reason=high_opt+no_catalyst_data;cat_days=NA;strength=missing;decay_w=0.0,v1.3.0,31f399e0,1,,0,,"{""burn_ttm"": 138010000.0, ""cash_total"": 246214000.0, ""dilution_risk"": null, ""has_revenue"": null, ""lead_phase"": null, ""runway_months"": 21.408361712919355, ""stage_bucket"": ""late"", ""surv_score"": ""0.0"", ""tier1_count"": 7}",late|none|nonpos,-0.015220797979797982,,-0.3891,707,1,-1.6549,-0.3891,7,7,buying,1.7009,elite_7,0.0,0.0,0.0,,,0.0,0,0,0,True,False,True,missing,0.0,adequate,<=1000bps,533.65,0.85,1,0,1.0,0,1.0,0,,False,no_upcoming,,,beta_missing:series_too_short,7,,,series_too_short,,no_price_series,,0.5724,-0.073945,,late,mid,sev1,drug_developer,morningstar,,,drawdown,1,0.8882307192630211408999645683,50,41.25000000000000000000000000,77.0,11.39,5,5.401111111111111111111111112,4.5987,-1.6745,3.0,707,3,0.6667,0.0086,0,0,0.0,0.4,0.75,rare_disease,0.7369,highly_crowded,1.0,202,-0.015220797979797982,0.153361,-1.0221,12.65,0.111345,-1.2194
ANRO,"Alto Neuroscience, Inc.",15,0.43,B,high_opt+no_catalyst_data,B,high_opt+no_catalyst_data,,0.804622,,0,0.930556,1,0.069444,,0,no_upcoming,9,neutral,drawdown_data_missing,M,sponsor_confirmed|cost_haircut_<=2000bps,clinical_score:-38.5;smart_money_score:+17.5;financial_score:+16.7,tier=B;reason=high_opt+no_catalyst_data;cat_days=NA;strength=missing;decay_w=0.0,v1.3.0,31f399e0,1,,0,,"{""burn_ttm"": 40253000.0, ""cash_total"": 137816000.0, ""dilution_risk"": null, ""has_revenue"": null, ""lead_phase"": null, ""runway_months"": 41.08493776861352, ""stage_bucket"": ""late"", ""surv_score"": ""5.0"", ""tier1_count"": 2}",late|none|nonpos,-0.015220797979797982,,-0.2002,,0,-1.6549,-0.2002,2,2,buying,-0.3232,elite_2,0.0,0.0,0.0,,,0.0,0,0,0,True,False,True,missing,0.0,adequate,<=2000bps,1346.61,0.7,1,0,1.0,0,1.0,0,,False,no_upcoming,,,beta_missing:series_too_short,2,,,series_too_short,,no_price_series,,0.9516,-0.073945,,late,small,none,drug_developer,morningstar,,,drawdown,1,0.8013299036777583187390542907,50,41.25000000000000000000000000,61.0,50,5,60.17391304347826086956521740,3.1987,-1.7341,0.0,1012,2,0.0,0.0,0,0,0.0,0.0,0.5,other,0.7369,highly_crowded,1.0,192,-0.015220797979797982,0.195378,-0.8582,18.50,0.346639,-0.3944
NUVB,Nuvation Bio Inc.,16,0.52,B,high_opt+no_catalyst_data,B,high_opt+no_catalyst_data,,0.304622,,0,0.689815,1,0.310185,,0,no_upcoming,9,neutral,high_vol|drawdown_data_missing,M,sponsor_confirmed|high_risk,financial_score:+28.4;clinical_score:-20.8;catalyst_score:-9.3,tier=B;reason=high_opt+no_catalyst_data;cat_days=NA;strength=missing;decay_w=0.0,v1.3.0,31f399e0,1,,0,,"{""burn_ttm"": 143694000.0, ""cash_total"": 549045000.0, ""dilution_risk"": null, ""has_revenue"": null, ""lead_phase"": null, ""runway_months"": 44.273359540368915, ""stage_bucket"": ""mid"", ""surv_score"": ""3.0"", ""tier1_count"": 6}",mid|none|pos,0.1,,0.4057,0,1,-0.6311,0.4057,6,6,selling,1.2961,elite_6,0.0,0.0,0.0,,,0.0,0,0,0,True,False,True,missing,0.0,adequate,<=1000bps,551.15,0.85,1,0,1.0,0,1.0,0,,False,no_upcoming,,,beta_missing:series_too_short,6,,,series_too_short,,no_price_series,,1.2485,-0.073945,,mid,mid,none,drug_developer,morningstar,,,drawdown,1,0.7377203682393555811277330265,50,41.25000000000000000000000000,53.0,17.74,29.75152155324178864242241336,78.97872340425531914893617021,28.9444,-0.639,2.0,1386,3,0.6667,0.0,0,0,0.0,0.3,0.95,oncology,0.7369,highly_crowded,1.0,73,0.1,0.695378,0.5112,21.50,0.434874,-0.164
FATE,"Fate Therapeutics, Inc.",17,0.33,B,high_opt+no_catalyst_data,B,high_opt+no_catalyst_data,,0.178571,,0,0.736111,1,0.263889,,0,no_upcoming,9,neutral,,M,sponsor_confirmed|cost_haircut_>2000bps,clinical_score:-27.4;financial_score:+19.1;smart_money_score:+11.9,tier=B;reason=high_opt+no_catalyst_data;cat_days=NA;strength=missing;decay_w=0.0,v1.3.0,31f399e0,1,,0,,"{""burn_ttm"": 106084000.0, ""cash_total"": 203657000.0, ""dilution_risk"": null, ""has_revenue"": null, ""lead_phase"": null, ""runway_months"": 23.037253497228612, ""stage_bucket"": ""mid"", ""surv_score"": ""4.0"", ""tier1_count"": 2}",mid|none|pos,0.1,,0.3934,0,1,-0.9836,0.3934,2,2,buying,-0.3232,elite_2,0.0,0.0,0.0,,,0.0,0,0,0,True,False,True,missing,0.0,adequate,>2000bps,2020.0,0.55,1,0,1.0,0,1.0,0,,False,no_upcoming,0.010951,price_history,,2,1.2631,price_history,,-0.042164,,58.6701,0.8890,-0.073945,0.031781,mid,micro,none,drug_developer,morningstar,,,,0,0.7794111220364907680541898831,52.27,41.25000000000000000000000000,60.5,90.00,21.22881142799657964891102057,67.74468085106382978723404256,20.8929,-0.9815,2.0,,11,1.0,0.1996,0,0,0.0,0.3,0.95,oncology,-0.4386,uncrowded,1.0,43,0.1,0.821429,0.9208,21.41,0.426471,-0.1854
ABSI,Absci Corporation,18,0.43,B,high_opt+no_catalyst_data,B,high_opt+no_catalyst_data,,0.506303,,0,0.699074,1,0.300926,,0,no_upcoming,9,neutral,drawdown_data_missing,M,sponsor_confirmed|cost_haircut_<=2000bps,clinical_score:-20.2;smart_money_score:+17.4;financial_score:+9.7,tier=B;reason=high_opt+no_catalyst_data;cat_days=NA;strength=missing;decay_w=0.0,v1.3.0,31f399e0,1,,0,,"{""burn_ttm"": 63743000.0, ""cash_total"": 152475000.0, ""dilution_risk"": null, ""has_revenue"": null, ""lead_phase"": null, ""runway_months"": 28.70432831840359, ""stage_bucket"": ""late"", ""surv_score"": ""5.0"", ""tier1_count"": 3}",late|none|pos,0.07410067924528302,,-0.2847,,0,-0.6688,-0.2847,3,3,buying,0.0816,elite_3,0.0,0.0,0.0,,,0.0,0,0,0,True,False,True,missing,0.0,adequate,<=2000bps,1036.19,0.7,1,0,1.0,0,1.0,0,,False,no_upcoming,,,beta_missing:series_too_short,3,,,series_too_short,,no_price_series,,0.9218,-0.073945,,late,small,none,drug_developer,morningstar,,,drawdown,1,0.8089663629992992291520672740,50,41.25000000000000000000000000,66.5,67.82,28.84000528471396485665213370,58.73913043478260869565217392,28.863,-0.6424,3.0,,6,1.0,0.4274,0,1,0.0,0.4,0.95,oncology,0.7369,highly_crowded,1.0,121,0.07410067924528302,0.493697,-0.0158,20.20,0.392857,-0.2719
VERA,"Vera Therapeutics, Inc.",19,0.86,B,high_opt+no_catalyst_data,B,high_opt+no_catalyst_data,,0.468487,,0,0.634259,1,0.365741,,0,no_upcoming,9,neutral,drawdown_data_missing,L,sponsor_confirmed,smart_money_score:+17.1;financial_score:+16.1;clinical_score:-15.5,tier=B;reason=high_opt+no_catalyst_data;cat_days=NA;strength=missing;decay_w=0.0,v1.3.0,31f399e0,1,,0,,"{""burn_ttm"": 171110000.0, ""cash_total"": 497389000.0, ""dilution_risk"": null, ""has_revenue"": null, ""lead_phase"": null, ""runway_months"": 34.88205248086027, ""stage_bucket"": ""mid"", ""surv_score"": ""4.0"", ""tier1_count"": 5}",mid|none|pos,0.1,,-0.7615,538,1,-0.2519,-0.7615,5,5,buying,0.8913,elite_5,0.0,0.0,0.0,,,0.0,0,0,0,True,False,True,missing,0.0,adequate,<=1000bps,439.3,0.85,1,0,1.0,0,1.0,0,,False,no_upcoming,,,beta_missing:series_too_short,5,,,series_too_short,,no_price_series,,0.7858,-0.073945,,mid,mid,none,drug_developer,morningstar,,,drawdown,1,0.7463214247853281034665535885,50,41.25000000000000000000000000,71.5,50,38.91806247170665459483929379,70.55319148936170212765957446,37.8168,-0.2616,2.0,538,1,0.0,0.0113,0,0,0.0,0.4,0.55,infectious_disease,0.7369,highly_crowded,1.0,112,0.1,0.531513,0.0791,33.46,0.64916,0.3831
AVIR,"Atea Pharmaceuticals, Inc.",20,0.17,B,high_opt+no_catalyst_data,B,high_opt+no_catalyst_data,,0.044118,,0,0.893519,1,0.106481,,0,no_upcoming,9,neutral,drawdown_data_missing,S,sponsor_confirmed|runway_short|cost_haircut_>2000bps,clinical_score:-27.4;momentum_score:+14.7;smart_money_score:+13.7,tier=B;reason=high_opt+no_catalyst_data;cat_days=NA;strength=missing;decay_w=0.0,v1.3.0,31f399e0,1,,0,,"{""burn_ttm"": 103808000.0, ""cash_total"": 77344000.0, ""dilution_risk"": null, ""has_revenue"": null, ""lead_phase"": null, ""runway_months"": 8.940813810110974, ""stage_bucket"": ""mid"", ""surv_score"": ""-2.0"", ""tier1_count"": 2}",mid|none|nonpos,0.1,,0.3618,0,1,-1.5365,0.3618,2,2,selling,-0.3232,elite_2,0.0,0.0,0.0,,,0.0,0,0,0,True,False,True,missing,0.0,short,>2000bps,2020.0,0.55,1,0,1.0,0,1.0,0,,False,no_upcoming,,,beta_missing:series_too_short,2,,,series_too_short,,no_price_series,,0.5268,-0.073945,,mid,small,sev2,drug_developer,morningstar,,,drawdown,1,0.8544963747908533184606804239,50,41.25000000000000000000000000,49.0,69.35,7.863286555002263467632412855,28.21357074593833308183692973,6.762,-1.5825,2.0,507,2,0.3333,0.0157,0,0,0.0,0.4,0.55,infectious_disease,0.7369,highly_crowded,1.0,11,0.1,0.955882,1.7048,8.24,0.048319,-1.6614
REPL,"Replimune Group, Inc.",21,0.86,B,high_opt+no_catalyst_data,B,high_opt+no_catalyst_data,,0.367647,,0,0.837963,1,0.162037,,0,no_upcoming,9,tailwind,,L,sponsor_confirmed|momentum_tailwind,clinical_score:-34.5;momentum_score:+18.8;financial_score:+17.1,tier=B;reason=high_opt+no_catalyst_data;cat_days=NA;strength=missing;decay_w=0.0,v1.3.0,31f399e0,1,,0,,"{""burn_ttm"": 224183000.0, ""cash_total"": 269137000.0, ""dilution_risk"": null, ""has_revenue"": null, ""lead_phase"": null, ""runway_months"": 14.12718492467587, ""stage_bucket"": ""mid"", ""surv_score"": ""2.0"", ""tier1_count"": 5}",mid|none|nonpos,0.1,,-0.8113,1837,1,-1.3095,-0.8113,5,5,selling,0.8913,elite_5,0.0,0.0,0.0,,,0.0,0,0,0,True,False,True,missing,0.0,adequate,<=1000bps,964.73,0.85,1,0,1.0,0,1.0,0,,False,no_upcoming,0.164273,price_history,,5,0.7178,price_history,,-0.112139,,53.2551,0.5897,-0.073945,-0.038194,mid,small,sev1,drug_developer,morningstar,,,,0,0.8014186229360889587779400202,66.61,41.25000000000000000000000000,53.0,59.68,13.34993209597102761430511543,64.93617021276595744680851064,12.5428,-1.3366,2.0,1837,3,0.6667,0.0,0,0,0.0,0.3,0.95,oncology,0.7369,highly_crowded,1.0,88,0.1,0.632353,0.3381,16.54,0.254202,-0.6613
RCKT,"Rocket Pharmaceuticals, Inc.",22,0.86,B,high_opt+no_catalyst_data,B,high_opt+no_catalyst_data,,0.363445,,0,0.75463,1,0.24537,,0,no_upcoming,9,tailwind,,L,sponsor_confirmed|momentum_tailwind,clinical_score:-31.2;smart_money_score:+15.6;financial_score:+13.1,tier=B;reason=high_opt+no_catalyst_data;cat_days=NA;strength=missing;decay_w=0.0,v1.3.0,31f399e0,1,,0,,"{""burn_ttm"": 155174000.0, ""cash_total"": 222758000.0, ""dilution_risk"": null, ""has_revenue"": null, ""lead_phase"": null, ""runway_months"": 17.070450597731686, ""stage_bucket"": ""mid"", ""surv_score"": ""2.0"", ""tier1_count"": 3}",mid|none|pos,0.1,,-0.4121,102,1,-1.0676,-0.4121,3,3,buying,0.0816,elite_3,0.0,0.0,0.0,,,0.0,0,0,0,True,False,True,missing,0.0,adequate,<=1000bps,956.37,0.85,1,0,1.0,0,1.0,0,,False,no_upcoming,0.265708,price_history,,3,1.3633,price_history,,-0.085694,,51.8006,0.6262,-0.073945,-0.011749,mid,small,sev1,drug_developer,morningstar,,,,0,0.7990352358437464820443543848,62.16,41.25000000000000000000000000,66.0,79.03,19.19873245812584880036215482,63.53191489361702127659574468,18.0508,-1.1023,2.0,102,6,1.0,0.1154,0,0,0.0,0.3,0.5,other,-1.6141,uncrowded,1.0,87,0.1,0.636555,0.3493,21.15,0.418067,-0.2068
KOD,Kodiak Sciences Inc,23,0.26,B,high_opt+no_catalyst_data,B,high_opt+no_catalyst_data,,0.241597,,0,0.99537,1,0.00463,,0,no_upcoming,9,headwind,deep_drawdown_rel_xbi,S,sponsor_confirmed|momentum_headwind|runway_short,smart_money_score:+34.4;clinical_score:-27.1;financial_score:-13.1,tier=B;reason=high_opt+no_catalyst_data;cat_days=NA;strength=missing;decay_w=0.0,v1.3.0,31f399e0,1,,0,,"{""burn_ttm"": 96630000.0, ""cash_total"": 72038000.0, ""dilution_risk"": null, ""has_revenue"": null, ""lead_phase"": null, ""runway_months"": 8.94604160198696, ""stage_bucket"": ""mid"", ""surv_score"": ""-2.0"", ""tier1_count"": 3}",mid|none|nonpos,0.1,,-0.8432,285,1,-1.6549,-0.8432,3,3,buying,0.0816,elite_3,0.0,0.0,0.0,,,0.0,0,0,0,True,False,True,missing,0.0,short,<=1000bps,676.83,0.85,1,0,1.0,0,1.0,0,,False,no_upcoming,-0.298869,price_history,,3,0.9737,price_history,,-0.333469,,52.2435,0.8241,-0.073945,-0.259524,mid,small,sev2,drug_developer,morningstar,,,,0,0.7862404,28.73,41.25000000000000000000000000,66.5,50,5,18.99793772949046828630350586,3.4929,-1.7216,2.0,285,1,0.0,0.0462,0,0,0.0,0.3,0.55,ophthalmology,0.7369,highly_crowded,1.0,58,0.1,0.758403,0.7012,7.79,0.035714,-1.8027
IMVT,"Immunovant, Inc.",24,0.86,B,high_opt+no_catalyst_data,B,high_opt+no_catalyst_data,,0.22479,,0,0.856481,1,0.143519,,0,no_upcoming,9,tailwind,overbought_rsi,L,sponsor_confirmed|momentum_tailwind,clinical_score:-41.5;momentum_score:+28.1;financial_score:+16.2,tier=B;reason=high_opt+no_catalyst_data;cat_days=NA;strength=missing;decay_w=0.0,v1.3.0,31f399e0,1,,0,,"{""burn_ttm"": 312251000.0, ""cash_total"": 994525000.0, ""dilution_risk"": null, ""has_revenue"": null, ""lead_phase"": null, ""runway_months"": 38.220213866408756, ""stage_bucket"": ""mid"", ""surv_score"": ""3.0"", ""tier1_count"": 6}",mid|none|nonpos,0.1,,-0.1119,47,1,-1.3868,-0.1119,6,6,selling,1.2961,elite_6,0.0,0.0,0.0,,,0.0,0,0,0,True,False,True,missing,0.0,adequate,<=1000bps,478.91,0.85,1,0,1.0,0,1.0,0,,False,no_upcoming,0.262841,price_history,,6,0.8417,price_history,,0.0,,76.5085,0.5723,-0.073945,0.073945,mid,mid,none,drug_developer,morningstar,,,,0,0.8550173788848263254113345521,81.05,41.25000000000000000000000000,62.0,10.00,11.48081082440521100548262160,69.14893617021276595744680851,12.1229,-1.3545,2.0,47,3,0.6667,1.0847,1,2,0.0,0.4,0.6,autoimmune,0.2667,moderate,1.0,54,0.1,0.77521,0.7561,25.93,0.535714,0.0896
BDTX,"Black Diamond Therapeutics, Inc.",25,0.11,B,high_opt+no_catalyst_data,B,high_opt+no_catalyst_data,,0.060924,,0,0.939815,1,0.060185,,0,no_upcoming,9,headwind,deep_drawdown_rel_xbi,XS,momentum_headwind|cost_haircut_<=2000bps,clinical_score:-33.2;smart_money_score:+17.3;financial_score:+14.3,tier=B;reason=high_opt+no_catalyst_data;cat_days=NA;strength=missing;decay_w=0.0,v1.3.0,31f399e0,1,,0,,"{""burn_ttm"": 0.0, ""cash_total"": 30864000.0, ""dilution_risk"": null, ""has_revenue"": null, ""lead_phase"": null, ""runway_months"": null, ""stage_bucket"": ""early"", ""surv_score"": ""5.0"", ""tier1_count"": 1}",early|none|nonpos,0.1,,-1.4082,742,1,-1.6549,-1.4082,1,1,buying,-0.728,elite_1,0.0,0.0,0.0,,,0.0,0,0,0,True,False,True,missing,0.0,adequate,<=2000bps,1969.35,0.7,1,0,1.0,0,1.0,0,,False,no_upcoming,-0.37564,price_history,,1,1.2512,price_history,,-0.328795,,46.9627,0.7908,-0.073945,-0.25485,early,micro,none,drug_developer,morningstar,,,,0,0.7487296312086975058622894905,36.55,41.25000000000000000000000000,55.5,90.00,5,52.50000000000000000000000000,4.1929,-1.6918,1.0,742,1,0.0,0.0005,0,0,0.0,0.3,0.85,oncology,0.7369,highly_crowded,1.0,15,0.1,0.939076,1.5471,17.63,0.313025,-0.4873
AURA,"Aura Biosciences, Inc.",26,0.17,B,high_opt+no_catalyst_data,B,high_opt+no_catalyst_data,,0.039916,,0,0.680556,1,0.319444,,0,no_upcoming,9,neutral,drawdown_data_missing,S,sponsor_confirmed|runway_short|cost_haircut_>2000bps,financial_score:-18.1;smart_money_score:+12.7;momentum_score:+10.7,tier=B;reason=high_opt+no_catalyst_data;cat_days=NA;strength=missing;decay_w=0.0,v1.3.0,31f399e0,1,,0,,"{""burn_ttm"": 64273000.0, ""cash_total"": 47553000.0, ""dilution_risk"": null, ""has_revenue"": null, ""lead_phase"": null, ""runway_months"": 8.878315933595756, ""stage_bucket"": ""mid"", ""surv_score"": ""-2.0"", ""tier1_count"": 2}",mid|none|pos,0.1,,-0.5694,158,1,-0.5388,-0.5694,2,2,selling,-0.3232,elite_2,0.0,0.0,0.0,,,0.0,0,0,0,True,False,True,missing,0.0,short,>2000bps,2020.0,0.55,1,0,1.0,0,1.0,0,,False,no_upcoming,,,beta_missing:series_too_short,2,,,series_too_short,,no_price_series,,0.5411,-0.073945,,mid,small,sev2,drug_developer,morningstar,,,drawdown,1,0.8033395525727069351230425056,50,41.25000000000000000000000000,52.0,62.90,31.98279764599366229062924399,21.22881142799657964891102056,30.4757,-0.5739,2.0,1340,3,0.6667,0.067,0,0,0.0,0.3,0.55,ophthalmology,0.7369,highly_crowded,1.0,10,0.1,0.960084,1.7517,10.08,0.060924,-1.5471
OCUL,"Ocular Therapeutix, Inc.",27,0.86,C,low_opt+no_catalyst_data,C,low_opt+no_catalyst_data,,0.678571,,0,0.162037,1,0.837963,,0,no_upcoming,9,tailwind,,L,sponsor_confirmed|momentum_tailwind,catalyst_score:-25.4;financial_score:+12.2;smart_money_score:+7.8,tier=C;reason=low_opt+no_catalyst_data;cat_days=NA;strength=missing;decay_w=0.0,v1.3.0,31f399e0,1,,0,,"{""burn_ttm"": 204883000.0, ""cash_total"": 737060000.0, ""dilution_risk"": null, ""has_revenue"": null, ""lead_phase"": null, ""runway_months"": 43.169613877188446, ""stage_bucket"": ""late"", ""surv_score"": ""5.0"", ""tier1_count"": 5}",late|none|pos,0.07410067924528302,,1.1708,0,1,1.1051,1.1708,5,5,buying,0.8913,elite_5,0.0,0.0,0.0,,,0.0,0,0,0,True,False,True,missing,0.0,adequate,<=1000bps,442.9,0.85,1,0,1.0,0,1.0,0,,False,no_upcoming,0.092139,price_history,,5,1.1007,price_history,,-0.064804,,51.4483,0.7517,-0.073945,0.009141,late,small,none,drug_developer,morningstar,,,,0,0.9,66.96,41.25000000000000000000000000,74.5,71.78,71.72413793103448275862068966,78.82608695652173913043478260,72.6451,1.2198,3.0,32,24,1.0,1.1869,1,1,0.0,0.4,0.55,ophthalmology,-0.4386,uncrowded,1.0,162,0.07410067924528302,0.321429,-0.4637,53.15,0.964286,1.8027
ALT,"Altimmune, Inc.",28,0.86,C,mod_opt+no_catalyst_data,C,mod_opt+no_catalyst_data,,0.787815,,0,0.310185,1,0.689815,,0,no_upcoming,9,tailwind,,L,momentum_tailwind,momentum_score:+31.5;catalyst_score:-23.8;smart_money_score:-16.0,tier=C;reason=mod_opt+no_catalyst_data;cat_days=NA;strength=missing;decay_w=0.0,v1.3.0,31f399e0,1,,0,,"{""burn_ttm"": 48087000.0, ""cash_total"": 210776000.0, ""dilution_risk"": null, ""has_revenue"": null, ""lead_phase"": null, ""runway_months"": 52.5986649198328, ""stage_bucket"": ""late"", ""surv_score"": ""5.0"", ""tier1_count"": 1}",late|none|nonpos,-0.015220797979797982,,1.1443,0,1,0.6558,1.1443,1,1,selling,-0.728,elite_1,0.0,0.0,0.0,,,0.0,0,0,0,True,False,True,missing,0.0,adequate,<=1000bps,696.34,0.85,1,0,1.0,0,1.0,0,,False,no_upcoming,1.873845,price_history,,1,0.7461,price_history,,-0.27721,,50.0686,0.8891,-0.073945,-0.203265,late,small,none,drug_developer,morningstar,,,,0,0.8416931150818443083843558666,96.55,41.25000000000000000000000000,49.0,68.81,60.86206896551724137931034483,77.39130434782608695652173913,59.9781,0.681,2.0,178,6,1.0,0.2718,0,1,0.0,0.4,0.55,infectious_disease,0.7369,highly_crowded,1.0,188,-0.015220797979797982,0.212185,-0.7989,37.39,0.720588,0.5846
CHRS,"Coherus Oncology, Inc.",29,0.11,C,mod_opt+no_catalyst_data,C,mod_opt+no_catalyst_data,,0.842437,,0,0.430556,1,0.569444,,0,no_upcoming,9,headwind,,XS,momentum_headwind|cost_haircut_<=2000bps,financial_score:+15.0;catalyst_score:-10.8;momentum_score:-10.2,tier=C;reason=mod_opt+no_catalyst_data;cat_days=NA;strength=missing;decay_w=0.0,v1.3.0,31f399e0,1,,0,,"{""burn_ttm"": 118797000.0, ""cash_total"": 191663000.0, ""dilution_risk"": null, ""has_revenue"": null, ""lead_phase"": null, ""runway_months"": 18.31919011700611, ""stage_bucket"": ""late"", ""surv_score"": ""2.0"", ""tier1_count"": 1}",late|none|nonpos,-0.015220797979797982,,0.9275,0,1,0.399,0.9275,1,1,buying,-0.728,elite_1,0.0,0.0,0.0,,,0.0,0,0,0,True,False,True,missing,0.0,adequate,<=2000bps,1725.6,0.7,1,0,1.0,0,1.0,0,,False,no_upcoming,-0.042264,price_history,,1,0.9564,price_history,,-0.15668,,52.0191,0.9928,-0.073945,-0.082735,late,micro,none,drug_developer,morningstar,,,,0,0.7863141857578151450174923823,41.85,41.25000000000000000000000000,55.5,85.64,54.65517241379310344827586207,67.06896551724137931034482759,54.1981,0.4352,3.0,,7,1.0,0.0,0,0,0.0,0.3,0.95,oncology,-0.4386,uncrowded,1.0,201,-0.015220797979797982,0.157563,-1.0045,30.72,0.607143,0.2719
XENE,Xenon Pharmaceuticals Inc.,30,0.52,C,low_opt+no_catalyst_data,C,low_opt+no_catalyst_data,,0.489496,,0,0.060185,1,0.939815,,0,no_upcoming,9,headwind,,M,sponsor_confirmed|momentum_headwind,momentum_score:-24.2;clinical_score:+19.8;smart_money_score:+19.8,tier=C;reason=low_opt+no_catalyst_data;cat_days=NA;strength=missing;decay_w=0.0,v1.3.0,31f399e0,1,,0,,"{""burn_ttm"": 197637000.0, ""cash_total"": 462268000.0, ""dilution_risk"": null, ""has_revenue"": null, ""lead_phase"": null, ""runway_months"": 28.067699874011446, ""stage_bucket"": ""mid"", ""surv_score"": ""5.0"", ""tier1_count"": 8}",mid|none|pos,0.1,,0.4593,0,1,1.3233,0.4593,8,8,buying,2.1057,elite_8,0.0,0.0,0.0,,,0.0,0,0,0,True,False,True,missing,0.0,adequate,<=1000bps,519.29,0.85,1,0,1.0,0,1.0,0,,False,no_upcoming,-0.117034,price_history,,8,0.7465,price_history,,-0.314741,,54.3239,0.341,-0.073945,-0.240796,mid,mid,none,drug_developer,morningstar,,,,0,0.8578838176638176638176638177,33.06,41.25000000000000000000000000,77.0,30.65,77.000,57.91489361702127659574468085,75.8987,1.3582,2.0,377,8,1.0,0.0485,0,0,0.0,0.4,0.5,dermatology,0.7369,highly_crowded,1.0,117,0.1,0.510504,0.0263,55.57,0.993697,2.4947
TRVI,"Trevi Therapeutics, Inc.",31,0.86,C,low_opt+no_catalyst_data,C,low_opt+no_catalyst_data,,0.451681,,0,0.106481,1,0.893519,,0,no_upcoming,9,tailwind,deep_drawdown|deep_drawdown_rel_xbi,L,sponsor_confirmed|momentum_tailwind,catalyst_score:-21.9;clinical_score:+11.7;smart_money_score:+8.3,tier=C;reason=low_opt+no_catalyst_data;cat_days=NA;strength=missing;decay_w=0.0,v1.3.0,31f399e0,1,,0,,"{""burn_ttm"": 34458000.0, ""cash_total"": 194927000.0, ""dilution_risk"": null, ""has_revenue"": null, ""lead_phase"": null, ""runway_months"": 67.88333623541703, ""stage_bucket"": ""mid"", ""surv_score"": ""5.0"", ""tier1_count"": 4}",mid|none|pos,0.1,,0.4533,0,1,1.2362,0.4533,4,4,buying,0.4865,elite_4,0.0,0.0,0.0,,,0.0,0,0,0,True,False,True,missing,0.0,adequate,<=1000bps,718.24,0.85,1,0,1.0,0,1.0,0,,False,no_upcoming,0.784299,price_history,,4,-0.6731,price_history,,-0.372291,,45.662,0.6685,-0.073945,-0.298346,mid,small,none,drug_developer,morningstar,,,,0,0.8441542319749216300940438871,66.02,41.25000000000000000000000000,71.5,50.00,74.89361702127659574468085107,62.12765957446808510638297872,74.8162,1.3122,2.0,627,5,1.0,0.1473,1,0,0.0,0.4,0.5,respiratory,-0.4386,uncrowded,1.0,108,0.1,0.548319,0.1214,53.40,0.976891,1.9934
ACRS,"Aclaris Therapeutics, Inc.",32,0.21,C,low_opt+no_catalyst_data,C,low_opt+no_catalyst_data,,0.514706,,0,0.069444,1,0.930556,,0,no_upcoming,9,tailwind,high_vol,S,sponsor_confirmed|momentum_tailwind|runway_short|high_risk|cost_haircut_<=2000bps,financial_score:-50.7;momentum_score:+37.5;clinical_score:+20.8,tier=C;reason=low_opt+no_catalyst_data;cat_days=NA;strength=missing;decay_w=0.0,v1.3.0,31f399e0,1,,0,,"{""burn_ttm"": 33982000.0, ""cash_total"": 25256000.0, ""dilution_risk"": null, ""has_revenue"": null, ""lead_phase"": null, ""runway_months"": 8.918603966805955, ""stage_bucket"": ""late"", ""surv_score"": ""-2.0"", ""tier1_count"": 3}",late|none|pos,0.07410067924528302,,0.1819,167,1,1.319,0.1819,3,3,buying,0.0816,elite_3,0.0,0.0,0.0,,,0.0,0,0,0,True,False,True,missing,0.0,short,<=2000bps,1385.71,0.7,1,0,1.0,0,1.0,0,,False,no_upcoming,0.846244,price_history,,3,0.651,price_history,,-0.059041,,61.4983,1.5686,-0.073945,0.014904,late,small,sev2,drug_developer,morningstar,,,,0,0.8552912560808282399900212049,93.63,41.25000000000000000000000000,63.5,90.00,76.89655172413793103448275862,5.401111111111111111111111112,76.3318,1.3767,3.0,,11,1.0,0.2487,0,1,0.0,0.7,0.5,dermatology,-0.4386,uncrowded,1.0,123,0.07410067924528302,0.485294,-0.0369,10.58,0.073529,-1.45
VKTX,"Viking Therapeutics, Inc.",33,1.01,C,low_opt+no_catalyst_data,C,low_opt+no_catalyst_data,,0.472689,,0,0.25463,1,0.74537,,0,no_upcoming,9,tailwind,,L,sponsor_confirmed|momentum_tailwind|runway_short,financial_score:-25.6;clinical_score:+16.9;smart_money_score:+11.4,tier=C;reason=low_opt+no_catalyst_data;cat_days=NA;strength=missing;decay_w=0.0,v1.3.0,31f399e0,1,,0,,"{""burn_ttm"": 278685000.0, ""cash_total"": 165810000.0, ""dilution_risk"": null, ""has_revenue"": null, ""lead_phase"": null, ""runway_months"": 7.139673825286614, ""stage_bucket"": ""mid"", ""surv_score"": ""-2.0"", ""tier1_count"": 3}",mid|none|pos,0.1,,0.4376,0,1,0.8666,0.4376,3,3,buying,0.0816,elite_3,0.0,0.0,0.0,,,0.0,0,0,0,True,False,True,missing,0.0,short,<=400bps,319.17,1.0,0,0,1.0,0,1.0,0,,False,no_upcoming,-0.011824,price_history,,3,1.2989,price_history,,-0.018564,,61.7326,,-0.073945,0.055381,mid,mid,sev2,drug_developer,morningstar,,,,0,0.7376922184854459004986663574,54.12,41.25000000000000000000000000,60.5,10.00,65.95744680851063829787234042,23.50837483023992756903576279,65.2062,0.9034,2.0,997,3,0.6667,0.0002,0,0,0.0,0.4,0.55,metabolic,-0.4386,uncrowded,1.0,113,0.1,0.527311,0.0685,17.00,0.271008,-0.6098
PTGX,"Protagonist Therapeutics, Inc.",34,1.01,C,low_opt+no_catalyst_data,C,low_opt+no_catalyst_data,,0.35084,,0,0.236111,1,0.763889,,0,no_upcoming,9,tailwind,,L,sponsor_confirmed|momentum_tailwind,momentum_score:+23.9;catalyst_score:-23.0;financial_score:-11.1,tier=C;reason=low_opt+no_catalyst_data;cat_days=NA;strength=missing;decay_w=0.0,v1.3.0,31f399e0,1,,0,,"{""burn_ttm"": 0.0, ""cash_total"": 567364000.0, ""dilution_risk"": null, ""has_revenue"": null, ""lead_phase"": null, ""runway_months"": null, ""stage_bucket"": ""mid"", ""surv_score"": ""5.0"", ""tier1_count"": 5}",mid|none|pos,0.1,,0.4384,0,1,0.9194,0.4384,5,5,buying,0.8913,elite_5,0.0,0.0,0.0,,,0.0,0,0,0,True,False,True,missing,0.0,adequate,<=400bps,371.54,1.0,0,0,1.0,0,1.0,0,,False,no_upcoming,0.183616,price_history,,5,0.9732,price_history,,0.0,,68.0823,0.6429,-0.073945,0.073945,mid,mid,none,drug_developer,morningstar,,,,0,0.8478854297813894929609705849,88.19,41.25000000000000000000000000,71.5,15.54,67.23404255319148936170212766,53.19148936170212765957446809,66.2045,0.9459,2.0,144,5,1.0,0.1089,0,0,0.0,0.4,0.6,autoimmune,0.2667,moderate,1.0,84,0.1,0.64916,0.3831,49.44,0.939076,1.5471
ENTA,"Enanta Pharmaceuticals, Inc.",35,0.11,C,low_opt+no_catalyst_data,C,low_opt+no_catalyst_data,,0.165966,,0,0.013889,1,0.986111,,0,no_upcoming,9,headwind,,XS,momentum_headwind|cost_haircut_<=2000bps,clinical_score:+25.6;momentum_score:-11.8;catalyst_score:-10.1,tier=C;reason=low_opt+no_catalyst_data;cat_days=NA;strength=missing;decay_w=0.0,v1.3.0,31f399e0,1,,0,,"{""burn_ttm"": 11699000.0, ""cash_total"": 37437000.0, ""dilution_risk"": null, ""has_revenue"": null, ""lead_phase"": null, ""runway_months"": 38.40020514573895, ""stage_bucket"": ""mid"", ""surv_score"": ""5.0"", ""tier1_count"": 1}",mid|none|pos,0.1,,0.4742,0,1,1.3233,0.4742,1,1,buying,-0.728,elite_1,0.0,0.0,0.0,,,0.0,0,0,0,True,False,True,missing,0.0,adequate,<=2000bps,1593.49,0.7,1,0,1.0,0,1.0,0,,False,no_upcoming,-0.127089,price_history,,1,0.7844,price_history,,-0.216613,,49.0171,0.5086,-0.073945,-0.142668,mid,small,none,drug_developer,morningstar,,,,0,0.7644271362456259171464047861,39.58,41.25000000000000000000000000,55.5,90.00,77.000,43.49771138272722700065389064,76.2487,1.3731,2.0,409,15,1.0,0.1004,0,0,0.0,0.8,0.55,infectious_disease,-0.4386,uncrowded,1.0,40,0.1,0.834034,0.9702,40.86,0.787815,0.7989
SGMT,Sagimet Biosciences Inc. - Seri,36,0.21,C,mod_opt+no_catalyst_data,C,mod_opt+no_catalyst_data,,0.405462,,0,0.319444,1,0.680556,,0,no_upcoming,9,neutral,drawdown_data_missing,S,cost_haircut_<=2000bps,financial_score:+20.0;catalyst_score:-14.9;momentum_score:-6.2,tier=C;reason=mod_opt+no_catalyst_data;cat_days=NA;strength=missing;decay_w=0.0,v1.3.0,31f399e0,1,,0,,"{""burn_ttm"": 33817000.0, ""cash_total"": 116693000.0, ""dilution_risk"": null, ""has_revenue"": null, ""lead_phase"": null, ""runway_months"": 41.40864062453795, ""stage_bucket"": ""mid"", ""surv_score"": ""5.0"", ""tier1_count"": 1}",mid|none|nonpos,0.1,,0.4328,0,1,0.6553,0.4328,1,1,neutral,-0.728,elite_1,0.0,0.0,0.0,,,0.0,0,0,0,True,False,True,missing,0.0,adequate,<=2000bps,1650.31,0.7,1,0,1.0,0,1.0,0,,False,no_upcoming,,,beta_missing:series_too_short,1,,,series_too_short,,no_price_series,,0.6734,-0.073945,,mid,micro,none,drug_developer,morningstar,,,drawdown,1,0.7593805888767720828789531080,50,41.25000000000000000000000000,52.5,82.26,60.85106382978723404255319149,76.17021276595744680851063830,60.4498,0.7011,2.0,407,4,1.0,0.0337,0,0,0.0,0.4,0.95,oncology,0.7369,highly_crowded,1.0,97,0.1,0.594538,0.2392,41.26,0.80042,0.8431
GOSS,"Gossamer Bio, Inc.",37,0.43,C,low_opt+no_catalyst_data,C,low_opt+no_catalyst_data,,0.19958,,0,0.125,1,0.875,,0,no_upcoming,9,neutral,,M,sponsor_confirmed|cost_haircut_<=2000bps,smart_money_score:+24.7;catalyst_score:-17.0;clinical_score:+15.3,tier=C;reason=low_opt+no_catalyst_data;cat_days=NA;strength=missing;decay_w=0.0,v1.3.0,31f399e0,1,,0,,"{""burn_ttm"": 122952000.0, ""cash_total"": 180224000.0, ""dilution_risk"": null, ""has_revenue"": null, ""lead_phase"": null, ""runway_months"": 17.589693538942026, ""stage_bucket"": ""mid"", ""surv_score"": ""0.0"", ""tier1_count"": 6}",mid|none|pos,0.1,,0.4511,0,1,1.1834,0.4511,6,6,buying,1.2961,elite_6,0.0,0.0,0.0,,,0.0,0,0,0,True,False,True,missing,0.0,adequate,<=2000bps,1384.72,0.7,1,0,1.0,0,1.0,0,,False,no_upcoming,0.030287,price_history,,6,0.9705,price_history,,-0.15582,,49.4586,0.8648,-0.073945,-0.081875,mid,micro,sev1,drug_developer,morningstar,,,,0,0.7866666666666666666666666667,47.34,41.25000000000000000000000000,83.0,90.00,73.61702127659574468085106383,46.21548211860570393843368040,72.5158,1.2143,2.0,257,6,1.0,0.0325,0,0,0.0,0.4,0.5,respiratory,0.7369,highly_crowded,1.0,48,0.1,0.80042,0.8431,36.59,0.703782,0.5353
ALDX,"Aldeyra Therapeutics, Inc.",38,0.71,C,mod_opt+no_catalyst_data,C,mod_opt+no_catalyst_data,,0.783613,,0,0.393519,1,0.606481,,0,no_upcoming,9,tailwind,,L,sponsor_confirmed|momentum_tailwind|cost_haircut_<=2000bps,momentum_score:+26.5;catalyst_score:-19.1;financial_score:-4.5,tier=C;reason=mod_opt+no_catalyst_data;cat_days=NA;strength=missing;decay_w=0.0,v1.3.0,31f399e0,1,,0,,"{""burn_ttm"": 28046337.0, ""cash_total"": 75297339.0, ""dilution_risk"": null, ""has_revenue"": null, ""lead_phase"": null, ""runway_months"": 25.71376390435585, ""stage_bucket"": ""late"", ""surv_score"": ""2.0"", ""tier1_count"": 2}",late|none|nonpos,-0.015220797979797982,,-0.0887,179,1,0.4846,-0.0887,2,2,buying,-0.3232,elite_2,0.0,0.0,0.0,,,0.0,0,0,0,True,False,True,missing,0.0,adequate,<=2000bps,1320.43,0.7,1,0,1.0,0,1.0,0,,False,no_upcoming,0.465876,price_history,,2,1.0235,price_history,,-0.016086,,62.5798,,-0.073945,0.057859,late,small,none,drug_developer,morningstar,,,,0,0.8101043621013133208255159475,86.78,41.25000000000000000000000000,61.0,89.60,56.72413793103448275862068966,55.86956521739130434782608696,55.9771,0.5109,3.0,179,9,1.0,0.3435,0,1,0.0,0.6,0.55,ophthalmology,0.2667,moderate,1.0,187,-0.015220797979797982,0.216387,-0.7845,30.03,0.594538,0.2392
KALV,"KalVista Pharmaceuticals, Inc.",39,0.86,C,low_opt+no_catalyst_data,C,low_opt+no_catalyst_data,,0.237395,,0,0.282407,1,0.717593,,0,no_upcoming,9,neutral,,L,sponsor_confirmed,clinical_score:+12.0;catalyst_score:-10.8;smart_money_score:+2.4,tier=C;reason=low_opt+no_catalyst_data;cat_days=NA;strength=missing;decay_w=0.0,v1.3.0,31f399e0,1,,0,,"{""burn_ttm"": 126985000.0, ""cash_total"": 243497000.0, ""dilution_risk"": null, ""has_revenue"": null, ""lead_phase"": null, ""runway_months"": 23.010308304130408, ""stage_bucket"": ""mid"", ""surv_score"": ""1.0"", ""tier1_count"": 2}",mid|none|nonpos,0.1,,0.4353,0,1,0.7873,0.4353,2,2,selling,-0.3232,elite_2,0.0,0.0,0.0,,,0.0,0,0,0,True,False,True,missing,0.0,adequate,<=1000bps,753.69,0.85,1,0,1.0,0,1.0,0,,False,no_upcoming,0.125149,price_history,,2,1.1419,price_history,,-0.283405,,59.9742,0.6376,-0.073945,-0.20946,mid,small,sev1,drug_developer,morningstar,,,,0,0.8473684906929804888988562458,49.73,41.25000000000000000000000000,54.5,37.10,64.04255319148936170212765958,50.89361702127659574468085106,63.3333,0.8238,2.0,109,2,0.3333,0.4032,0,1,0.0,0.4,0.55,ophthalmology,0.7369,highly_crowded,1.0,57,0.1,0.762605,0.7147,39.91,0.771008,0.7422
VYGR,"Voyager Therapeutics, Inc.",40,0.08,C,low_opt+no_catalyst_data,C,low_opt+no_catalyst_data,,0.481092,,0,0.050926,1,0.949074,,0,no_upcoming,9,headwind,,XS,momentum_headwind|cost_haircut_>2000bps,clinical_score:+22.6;catalyst_score:-13.1;momentum_score:-11.5,tier=C;reason=low_opt+no_catalyst_data;cat_days=NA;strength=missing;decay_w=0.0,v1.3.0,31f399e0,1,,0,,"{""burn_ttm"": 102204000.0, ""cash_total"": 208930000.0, ""dilution_risk"": null, ""has_revenue"": null, ""lead_phase"": null, ""runway_months"": 24.530938123752495, ""stage_bucket"": ""early"", ""surv_score"": ""5.0"", ""tier1_count"": 1}",early|none|pos,0.1,,-0.0405,0,1,1.3233,-0.0405,1,1,selling,-0.728,elite_1,0.0,0.0,0.0,,,0.0,0,0,0,True,False,True,missing,0.0,adequate,>2000bps,2020.0,0.55,1,0,1.0,0,1.0,0,,False,no_upcoming,-0.127888,price_history,,1,1.3437,price_history,,-0.185539,,52.9573,0.56,-0.073945,-0.111594,early,micro,none,drug_developer,morningstar,,,,0,0.8078069895899723815593796473,42.83,41.25000000000000000000000000,49.5,79.49,77.000,61.25000000000000000000000000,75.9283,1.3595,1.0,354,4,1.0,0.0131,0,0,0.0,0.4,0.6,cns,0.7369,highly_crowded,1.0,115,0.1,0.518908,0.0474,54.35,0.981092,2.0769
STRO,"Sutro Biopharma, Inc.",41,0.11,C,low_opt+no_catalyst_data,C,low_opt+no_catalyst_data,,0.426471,,0,0.032407,1,0.967593,,0,no_upcoming,9,headwind,,XS,sponsor_confirmed|momentum_headwind|runway_short|cost_haircut_<=2000bps,financial_score:-39.5;clinical_score:+31.3;smart_money_score:+20.8,tier=C;reason=low_opt+no_catalyst_data;cat_days=NA;strength=missing;decay_w=0.0,v1.3.0,31f399e0,1,,0,,"{""burn_ttm"": 150796000.0, ""cash_total"": 167594000.0, ""dilution_risk"": null, ""has_revenue"": null, ""lead_phase"": null, ""runway_months"": 13.336746332793973, ""stage_bucket"": ""early"", ""surv_score"": ""2.0"", ""tier1_count"": 3}",early|none|pos,0.1,,-1.2209,1273,1,1.3233,-1.2209,3,3,buying,0.0816,elite_3,0.0,0.0,0.0,,,0.0,0,0,0,True,False,True,missing,0.0,short,<=2000bps,1967.55,0.7,1,0,1.0,0,1.0,0,,False,no_upcoming,-0.183816,price_history,,3,1.1648,price_history,,-0.275493,,52.4113,1.0735,-0.073945,-0.201548,early,small,sev2,drug_developer,morningstar,,,,0,0.7218266639021356002488077960,37.39,41.25000000000000000000000000,66.5,50,77.000,6.186082276047673971549404077,76.1929,1.3707,1.0,1273,2,0.3333,0.0,0,0,0.0,0.3,0.85,oncology,0.7369,highly_crowded,1.0,102,0.1,0.573529,0.1854,15.80,0.220588,-0.7702
PRLD,Prelude Therapeutics Incorporated,42,0.17,C,low_opt+no_catalyst_data,C,low_opt+no_catalyst_data,,0.334034,,0,0.023148,1,0.976852,,0,no_upcoming,9,neutral,drawdown_data_missing,S,sponsor_confirmed|runway_short|cost_haircut_>2000bps,financial_score:-40.1;clinical_score:+29.7;smart_money_score:+13.7,tier=C;reason=low_opt+no_catalyst_data;cat_days=NA;strength=missing;decay_w=0.0,v1.3.0,31f399e0,1,,0,,"{""burn_ttm"": 79421000.0, ""cash_total"": 54957000.0, ""dilution_risk"": null, ""has_revenue"": null, ""lead_phase"": null, ""runway_months"": 8.303647649865905, ""stage_bucket"": ""early"", ""surv_score"": ""-2.0"", ""tier1_count"": 2}",early|none|pos,0.1,,-1.2216,817,1,1.3233,-1.2216,2,2,buying,-0.3232,elite_2,0.0,0.0,0.0,,,0.0,0,0,0,True,False,True,missing,0.0,short,>2000bps,2020.0,0.55,1,0,1.0,0,1.0,0,,False,no_upcoming,,,beta_missing:series_too_short,2,,,series_too_short,,no_price_series,,,-0.073945,,early,micro,sev2,drug_developer,morningstar,,,drawdown,1,0.7142139267767408470926058866,50,41.25000000000000000000000000,61.0,50,77.000,7.142061042524005486968449933,76.1929,1.3707,1.0,817,2,0.3333,0.0004,0,0,0.0,0.3,0.85,oncology,0.7369,highly_crowded,1.0,80,0.1,0.665966,0.4288,13.97,0.14916,-1.04
OLMA,"Olema Pharmaceuticals, Inc.",43,0.52,C,low_opt+no_catalyst_data,C,low_opt+no_catalyst_data,,0.308824,,0,0.078704,1,0.921296,,0,no_upcoming,9,neutral,high_vol|drawdown_data_missing,M,sponsor_confirmed|high_risk,clinical_score:+21.6;financial_score:-14.3;catalyst_score:-13.8,tier=C;reason=low_opt+no_catalyst_data;cat_days=NA;strength=missing;decay_w=0.0,v1.3.0,31f399e0,1,,0,,"{""burn_ttm"": 108389000.0, ""cash_total"": 328960000.0, ""dilution_risk"": null, ""has_revenue"": null, ""lead_phase"": null, ""runway_months"": 36.41993191190988, ""stage_bucket"": ""early"", ""surv_score"": ""5.0"", ""tier1_count"": 3}",early|none|pos,0.1,,-1.242,1439,1,1.3095,-1.242,3,3,buying,0.0816,elite_3,0.0,0.0,0.0,,,0.0,0,0,0,True,False,True,missing,0.0,adequate,<=1000bps,486.91,0.85,1,0,1.0,0,1.0,0,,False,no_upcoming,,,beta_missing:series_too_short,3,,,series_too_short,,no_price_series,,2.891,-0.073945,,early,small,none,drug_developer,morningstar,,,drawdown,1,0.7218145161290322580645161290,50,41.25000000000000000000000000,66.5,50,76.66666666666666666666666666,40.75086505190311418685121107,75.8595,1.3566,1.0,1439,1,0.0,0.0,0,0,0.0,0.3,0.85,oncology,0.7369,highly_crowded,1.0,74,0.1,0.691176,0.4992,39.05,0.754202,0.6878
SLN,Silence Therapeutics Plc - Amer,44,0.33,C,low_opt,C,low_opt,,0.409664,,0,0.208333,1,0.791667,405,0,specific_days,9,neutral,drawdown_data_missing,M,catalyst_far_lift|cost_haircut_>2000bps,clinical_score:+12.9;catalyst_score:-9.9;financial_score:+8.5,tier=C;reason=low_opt;cat_days=405;strength=far;decay_w=0.3,v1.3.0,31f399e0,1,,0,,"{""burn_ttm"": 44984000.0, ""cash_total"": 102192000.0, ""dilution_risk"": null, ""has_revenue"": null, ""lead_phase"": null, ""runway_months"": 27.26089276187089, ""stage_bucket"": ""early"", ""surv_score"": ""4.0"", ""tier1_count"": 1}",early|far_271_540|pos,0.1,,-0.0783,0,1,0.9648,-0.0783,1,1,selling,-0.728,elite_1,0.0,0.0,0.0,,,0.0,0,0,0,True,False,True,far,0.3,adequate,>2000bps,2020.0,0.55,1,0,1.0,0,1.0,0,405,False,specific_days,,,beta_missing:series_too_short,1,,,series_too_short,,no_price_series,,0.6409,-0.073945,,early,micro,none,drug_developer,morningstar,,,drawdown,1,0.7049351891202719932001699958,50,45.56250000000000000000000000,49.5,73.59,68.33333333333333333333333334,64.00000000000000000000000000,67.9321,1.0194,1.0,405,3,0.6667,0.0086,0,0,0.0,0.4,0.85,oncology,0.7369,highly_crowded,1.0,98,0.1,0.590336,0.2284,45.78,0.884454,1.1975
TCRX,"TScan Therapeutics, Inc.",45,0.33,C,low_opt+no_catalyst_data,C,low_opt+no_catalyst_data,,0.439076,,0,0.263889,1,0.736111,,0,no_upcoming,9,neutral,drawdown_data_missing,M,sponsor_confirmed|cost_haircut_>2000bps,financial_score:-20.9;clinical_score:+16.5;smart_money_score:+11.7,tier=C;reason=low_opt+no_catalyst_data;cat_days=NA;strength=missing;decay_w=0.0,v1.3.0,31f399e0,1,,0,,"{""burn_ttm"": 103317000.0, ""cash_total"": 184453000.0, ""dilution_risk"": null, ""has_revenue"": null, ""lead_phase"": null, ""runway_months"": 21.003529947620134, ""stage_bucket"": ""early"", ""surv_score"": ""3.0"", ""tier1_count"": 2}",early|none|pos,0.1,,-1.3824,,0,0.8614,-1.3824,2,2,buying,-0.3232,elite_2,0.0,0.0,0.0,,,0.0,0,0,0,True,False,True,missing,0.0,adequate,>2000bps,2036.0,0.55,1,0,1.0,0,1.0,0,,False,no_upcoming,,,beta_missing:series_too_short,2,,,series_too_short,,no_price_series,,,-0.073945,,early,micro,sev1,drug_developer,morningstar,,,drawdown,1,0.7185991578514943000924309336,50,41.25000000000000000000000000,61.0,50,65.83333333333333333333333333,28.34705075445816186556927298,64.0321,0.8535,0.0,234,1,0.0,0.0,0,0,0.0,0.0,0.55,infectious_disease,0.7369,highly_crowded,1.0,105,0.1,0.560924,0.1533,25.00,0.510504,0.0263
PGEN,"Precigen, Inc.",46,0.52,C,low_opt+no_catalyst_data,C,low_opt+no_catalyst_data,,0.329832,,0,0.143519,1,0.856481,,0,no_upcoming,9,tailwind,high_beta,M,momentum_tailwind|high_risk,financial_score:-46.1;momentum_score:+41.6;clinical_score:+17.6,tier=C;reason=low_opt+no_catalyst_data;cat_days=NA;strength=missing;decay_w=0.0,v1.3.0,31f399e0,1,,0,,"{""burn_ttm"": 64371000.0, ""cash_total"": 121135000.0, ""dilution_risk"": null, ""has_revenue"": null, ""lead_phase"": null, ""runway_months"": 22.581908002050614, ""stage_bucket"": ""early"", ""surv_score"": ""0.0"", ""tier1_count"": 1}",early|none|pos,0.1,,-0.0692,0,1,1.1372,-0.0692,1,1,buying,-0.728,elite_1,0.0,0.0,0.0,,,0.0,0,0,0,True,False,True,missing,0.0,adequate,<=1000bps,775.44,0.85,1,0,1.0,0,1.0,0,,False,no_upcoming,1.397349,price_history,,1,2.2274,price_history,,-0.15299,,68.8615,0.8424,-0.073945,-0.079045,early,small,sev1,drug_developer,morningstar,,,,0,0.7474750217202432667245873154,96.55,41.25000000000000000000000000,55.5,44.10,72.50000000000000000000000000,8.863129565551710880430603611,72.0987,1.1966,1.0,418,4,1.0,0.0077,0,0,0.0,0.4,0.85,oncology,0.7369,highly_crowded,1.0,79,0.1,0.670168,0.4404,25.15,0.514706,0.0369
LRMR,"Larimar Therapeutics, Inc.",47,0.26,C,low_opt+no_catalyst_data,C,low_opt+no_catalyst_data,,0.27521,,0,0.097222,1,0.902778,,0,no_upcoming,9,headwind,,S,sponsor_confirmed|momentum_headwind|runway_short,financial_score:-40.2;clinical_score:+29.4;smart_money_score:+25.9,tier=C;reason=low_opt+no_catalyst_data;cat_days=NA;strength=missing;decay_w=0.0,v1.3.0,31f399e0,1,,0,,"{""burn_ttm"": 45921000.0, ""cash_total"": 90140000.0, ""dilution_risk"": null, ""has_revenue"": null, ""lead_phase"": null, ""runway_months"": 23.55523616645979, ""stage_bucket"": ""early"", ""surv_score"": ""4.0"", ""tier1_count"": 5}",early|none|pos,0.1,,-0.7118,71,1,1.2406,-0.7118,5,5,buying,0.8913,elite_5,0.0,0.0,0.0,,,0.0,0,0,0,True,False,True,missing,0.0,short,<=1000bps,704.31,0.85,1,0,1.0,0,1.0,0,,False,no_upcoming,-0.007316,price_history,,5,0.2964,price_history,,-0.323266,,55.1677,0.7621,-0.073945,-0.249321,early,small,sev2,drug_developer,morningstar,,,,0,0.7284527687296416938110749186,34.68,41.25000000000000000000000000,71.5,55.90,75.00000000000000000000000000,5.401111111111111111111111112,74.6616,1.3056,1.0,71,2,0.0,0.1829,1,0,0.0,0.4,0.5,other,0.2667,crowded,1.0,66,0.1,0.72479,0.5971,16.42,0.245798,-0.6878
LCTX,"Lineage Cell Therapeutics, Inc.",48,0.08,C,low_opt+no_catalyst_data,C,low_opt+no_catalyst_data,,0.258403,,0,0.087963,1,0.912037,,0,no_upcoming,9,headwind,deep_drawdown|deep_drawdown_rel_xbi,XS,momentum_headwind|cost_haircut_>2000bps,clinical_score:+29.5;financial_score:-22.7;catalyst_score:-5.1,tier=C;reason=low_opt+no_catalyst_data;cat_days=NA;strength=missing;decay_w=0.0,v1.3.0,31f399e0,1,,0,,"{""burn_ttm"": 14041000.0, ""cash_total"": 40486000.0, ""dilution_risk"": null, ""has_revenue"": null, ""lead_phase"": null, ""runway_months"": 34.60095434798091, ""stage_bucket"": ""early"", ""surv_score"": ""2.0"", ""tier1_count"": 0}",early|none|pos,0.1,,-0.0597,0,1,1.2751,-0.0597,0,0,neutral,-1.1328,,0.0,0.0,0.0,,,0.0,0,0,0,True,False,True,missing,0.0,adequate,>2000bps,2020.0,0.55,1,0,1.0,0,1.0,0,,False,no_upcoming,-0.008521,price_history,,0,0.3445,price_history,,-0.398734,,58.3265,0.5717,-0.073945,-0.324789,early,small,none,drug_developer,morningstar,,,,0,0.7569431482636722811395300478,44.74,41.25000000000000000000000000,,50,75.83333333333333333333333334,23.64398308342945021145713187,74.6762,1.3062,1.0,,2,0.3333,0.0,0,0,0.0,0.3,0.5,other,-2.3195,uncrowded,1.0,62,0.1,0.741597,0.6483,41.06,0.792017,0.8134
LXEO,"Lexeo Therapeutics, Inc.",49,0.21,C,low_opt+no_catalyst_data,C,low_opt+no_catalyst_data,,0.279412,,0,0.134259,1,0.865741,,0,no_upcoming,9,neutral,drawdown_data_missing,S,cost_haircut_<=2000bps,financial_score:-27.5;clinical_score:+25.3;smart_money_score:+7.0,tier=C;reason=low_opt+no_catalyst_data;cat_days=NA;strength=missing;decay_w=0.0,v1.3.0,31f399e0,1,,0,,"{""burn_ttm"": 78482000.0, ""cash_total"": 111914000.0, ""dilution_risk"": null, ""has_revenue"": null, ""lead_phase"": null, ""runway_months"": 17.111796335465456, ""stage_bucket"": ""early"", ""surv_score"": ""2.0"", ""tier1_count"": 1}",early|none|pos,0.1,,-1.2519,1539,1,1.1716,-1.2519,1,1,neutral,-0.728,elite_1,0.0,0.0,0.0,,,0.0,0,0,0,True,False,True,missing,0.0,adequate,<=2000bps,1098.2,0.7,1,0,1.0,0,1.0,0,,False,no_upcoming,,,beta_missing:series_too_short,1,,,series_too_short,,no_price_series,,0.8592,-0.073945,,early,small,sev1,drug_developer,morningstar,,,drawdown,1,0.7256330749354005167958656331,50,41.25000000000000000000000000,55.0,50,73.33333333333333333333333333,20.50173010380622837370242214,72.2058,1.2012,1.0,1539,1,0.0,0.0,0,0,0.0,0.3,0.6,cns,-0.4386,uncrowded,1.0,67,0.1,0.720588,0.5846,29.34,0.590336,0.2284
SABS,"SAB Biotherapeutics, Inc.",50,0.17,C,mod_opt+no_catalyst_data,C,mod_opt+no_catalyst_data,,0.392857,,0,0.300926,1,0.699074,,0,no_upcoming,9,neutral,drawdown_data_missing,S,cost_haircut_>2000bps,catalyst_score:-14.0;financial_score:+12.0;clinical_score:+6.9,tier=C;reason=mod_opt+no_catalyst_data;cat_days=NA;strength=missing;decay_w=0.0,v1.3.0,31f399e0,1,,0,,"{""burn_ttm"": 27998784.0, ""cash_total"": 110880633.0, ""dilution_risk"": null, ""has_revenue"": null, ""lead_phase"": null, ""runway_months"": 47.52233511283919, ""stage_bucket"": ""mid"", ""surv_score"": ""5.0"", ""tier1_count"": 1}",mid|none|nonpos,0.1,,-0.4502,124,1,0.7081,-0.4502,1,1,buying,-0.728,elite_1,0.0,0.0,0.0,,,0.0,0,0,0,True,False,True,missing,0.0,adequate,>2000bps,2020.0,0.55,1,0,1.0,0,1.0,0,,False,no_upcoming,,,beta_missing:series_too_short,1,,,series_too_short,,no_price_series,,,-0.073945,,mid,micro,none,drug_developer,morningstar,,,drawdown,1,0.7640141689373297002724795640,50,41.25000000000000000000000000,55.5,88.71,62.12765957446808510638297872,67.23404255319148936170212766,61.1239,0.7298,2.0,594,4,1.0,0.1818,0,0,0.0,0.4,0.55,infectious_disease,0.7369,highly_crowded,1.0,94,0.1,0.607143,0.2719,43.30,0.85084,1.04
LBRX,LB Pharmaceuticals Inc,51,0.21,C,low_opt+no_catalyst_data,C,low_opt+no_catalyst_data,,0.254202,,0,0.189815,1,0.810185,,0,no_upcoming,9,neutral,drawdown_data_missing,S,cost_haircut_<=2000bps,financial_score:+18.6;catalyst_score:-18.4;momentum_score:-9.7,tier=C;reason=low_opt+no_catalyst_data;cat_days=NA;strength=missing;decay_w=0.0,v1.3.0,31f399e0,1,,0,,"{""burn_ttm"": 17105000.0, ""cash_total"": 314479000.0, ""dilution_risk"": null, ""has_revenue"": null, ""lead_phase"": null, ""runway_months"": 220.6225080385852, ""stage_bucket"": ""early"", ""surv_score"": ""4.0"", ""tier1_count"": 0}",early|none|pos,0.1,,-0.0761,0,1,0.9993,-0.0761,0,0,neutral,-1.1328,,0.0,0.0,0.0,,,0.0,0,0,0,True,False,True,missing,0.0,adequate,<=2000bps,1164.84,0.7,1,0,1.0,0,1.0,0,,False,no_upcoming,,,beta_missing:series_too_short,0,,,series_too_short,,no_price_series,,,-0.073945,,early,small,none,drug_developer,morningstar,,,drawdown,1,0.7639655165267847891410216558,50,41.25000000000000000000000000,,50,69.16666666666666666666666666,78.23529411764705882352941176,68.3378,1.0366,1.0,80,1,0.0,0.1284,1,0,0.0,0.3,0.6,cns,0.7369,highly_crowded,1.0,61,0.1,0.745798,0.6613,53.32,0.968487,1.859
RVMD,"Revolution Medicines, Inc.",52,0.61,C,mod_opt+no_catalyst_data,C,mod_opt+no_catalyst_data,,0.388655,,0,0.402778,1,0.597222,,0,no_upcoming,9,headwind,deep_drawdown_rel_xbi,M,sponsor_confirmed|momentum_headwind,smart_money_score:+23.8;momentum_score:-20.7;catalyst_score:-11.9,tier=C;reason=mod_opt+no_catalyst_data;cat_days=NA;strength=missing;decay_w=0.0,v1.3.0,31f399e0,1,,0,,"{""burn_ttm"": 897741000.0, ""cash_total"": 2025679000.0, ""dilution_risk"": null, ""has_revenue"": null, ""lead_phase"": null, ""runway_months"": 27.077016645112565, ""stage_bucket"": ""early"", ""surv_score"": ""5.0"", ""tier1_count"": 8}",early|none|nonpos,0.1,,-1.3185,536,1,0.4822,-1.3185,8,8,buying,2.1057,elite_8,0.0,0.0,0.0,,,0.0,0,0,0,True,False,True,missing,0.0,adequate,<=400bps,174.63,1.0,0,0,1.0,0,1.0,0,,False,no_upcoming,-0.183001,price_history,,8,0.5744,price_history,,-0.333503,,49.2378,0.4254,-0.073945,-0.259558,early,large,none,drug_developer,morningstar,,,,0,0.8104326498422712933753943218,32.49,41.25000000000000000000000000,77.0,14.62,56.66666666666666666666666667,58.50000000000000000000000000,55.8595,0.5059,1.0,536,3,0.6667,0.003,0,0,0.0,0.3,0.85,oncology,0.7369,highly_crowded,1.0,93,0.1,0.611345,0.2828,46.62,0.892857,1.2419
ANNX,"Annexon, Inc.",53,0.52,C,mod_opt+no_catalyst_data,C,mod_opt+no_catalyst_data,,0.027311,,0,0.50463,1,0.49537,,0,no_upcoming,9,neutral,drawdown_data_missing,M,sponsor_confirmed|runway_short,smart_money_score:+22.6;financial_score:-18.3;catalyst_score:-7.7,tier=C;reason=mod_opt+no_catalyst_data;cat_days=NA;strength=missing;decay_w=0.0,v1.3.0,31f399e0,1,,0,,"{""burn_ttm"": 140430000.0, ""cash_total"": 139419000.0, ""dilution_risk"": null, ""has_revenue"": null, ""lead_phase"": null, ""runway_months"": 11.913608203375347, ""stage_bucket"": ""mid"", ""surv_score"": ""0.0"", ""tier1_count"": 4}",mid|none|nonpos,0.1,,0.4221,0,1,0.2593,0.4221,4,4,buying,0.4865,elite_4,0.0,0.0,0.0,,,0.0,0,0,0,True,False,True,missing,0.0,short,<=1000bps,834.55,0.85,1,0,1.0,0,1.0,0,,False,no_upcoming,,,beta_missing:insufficient_overlap,4,,,insufficient_overlap,,series_too_short,63.8561,0.9497,-0.073945,,mid,small,sev2,drug_developer,morningstar,,,drawdown,1,0.7951092436974789915966386555,50,41.25000000000000000000000000,71.5,53.23,51.27659574468085106382978723,30.63920325939339067451335446,49.7695,0.2468,2.0,525,4,1.0,0.0387,0,0,0.0,0.3,0.55,ophthalmology,0.7369,highly_crowded,1.0,7,0.1,0.972689,1.9219,17.06,0.279412,-0.5846
CTNM,"Contineum Therapeutics, Inc.",54,0.43,C,low_opt+no_catalyst_data,C,low_opt+no_catalyst_data,,0.140756,,0,0.171296,1,0.828704,,0,no_upcoming,9,neutral,drawdown_data_missing,M,sponsor_confirmed|cost_haircut_<=2000bps,catalyst_score:-19.8;smart_money_score:+19.0;momentum_score:-11.0,tier=C;reason=low_opt+no_catalyst_data;cat_days=NA;strength=missing;decay_w=0.0,v1.3.0,31f399e0,1,,0,,"{""burn_ttm"": 42270000.0, ""cash_total"": 182407000.0, ""dilution_risk"": null, ""has_revenue"": null, ""lead_phase"": null, ""runway_months"": 51.783392476934, ""stage_bucket"": ""early"", ""surv_score"": ""5.0"", ""tier1_count"": 7}",early|none|pos,0.1,,-1.212,300,1,1.0855,-1.212,7,7,buying,1.7009,elite_7,0.0,0.0,0.0,,,0.0,0,0,0,True,False,True,missing,0.0,adequate,<=2000bps,1652.63,0.7,1,0,1.0,0,1.0,0,,False,no_upcoming,,,beta_missing:series_too_short,7,,,series_too_short,,no_price_series,,0.783,-0.073945,,early,small,none,drug_developer,morningstar,,,drawdown,1,0.7301157383486617753435982226,50,41.25000000000000000000000000,80.0,50,71.25000000000000000000000000,62.70588235294117647058823529,70.1487,1.1137,1.0,300,1,0.0,0.0205,0,0,0.0,0.4,0.5,other,0.7369,highly_crowded,1.0,34,0.1,0.859244,1.0769,48.38,0.926471,1.45
BCYC,Bicycle Therapeutics plc,55,0.56,C,low_opt+no_catalyst_data,C,low_opt+no_catalyst_data,,0.056723,,0,0.00463,1,0.99537,,0,no_upcoming,9,tailwind,,L,sponsor_confirmed|momentum_tailwind|cost_haircut_>2000bps,clinical_score:+19.7;catalyst_score:-16.0;financial_score:-2.3,tier=C;reason=low_opt+no_catalyst_data;cat_days=NA;strength=missing;decay_w=0.0,v1.3.0,31f399e0,1,,0,,"{""burn_ttm"": 230329000.0, ""cash_total"": 648325000.0, ""dilution_risk"": null, ""has_revenue"": null, ""lead_phase"": null, ""runway_months"": 33.777335897781, ""stage_bucket"": ""early"", ""surv_score"": ""5.0"", ""tier1_count"": 2}",early|none|pos,0.1,,-1.2369,1186,1,1.3233,-1.2369,2,2,neutral,-0.3232,elite_2,0.0,0.0,0.0,,,0.0,0,0,0,True,False,True,missing,0.0,adequate,>2000bps,2020.0,0.55,1,0,1.0,0,1.0,0,,False,no_upcoming,-0.051078,price_history,,2,0.6682,price_history,,-0.05039,,58.8758,0.6162,-0.073945,0.023555,early,small,none,drug_developer,morningstar,,,,0,0.7868349891338093759701955914,55.73,41.25000000000000000000000000,57.5,50,77.000,54.94117647058823529411764706,76.1929,1.3707,1.0,1186,1,0.0,0.0,0,0,0.0,0.3,0.85,oncology,0.7369,highly_crowded,1.0,14,0.1,0.943277,1.5829,53.07,0.960084,1.7517
INBX,"Inhibrx Biosciences, Inc.",56,0.86,C,low_opt+no_catalyst_data,C,low_opt+no_catalyst_data,,0.228992,,0,0.291667,1,0.708333,,0,no_upcoming,9,neutral,drawdown_data_missing,L,sponsor_confirmed,financial_score:-32.5;smart_money_score:+19.6;clinical_score:+15.6,tier=C;reason=low_opt+no_catalyst_data;cat_days=NA;strength=missing;decay_w=0.0,v1.3.0,31f399e0,1,,0,,"{""burn_ttm"": 99672000.0, ""cash_total"": 153088000.0, ""dilution_risk"": null, ""has_revenue"": null, ""lead_phase"": null, ""runway_months"": 18.431013725018058, ""stage_bucket"": ""early"", ""surv_score"": ""3.0"", ""tier1_count"": 3}",early|none|nonpos,0.1,,-1.2927,727,1,0.7235,-1.2927,3,3,buying,0.0816,elite_3,0.0,0.0,0.0,,,0.0,0,0,0,True,False,True,missing,0.0,adequate,<=1000bps,811.15,0.85,1,0,1.0,0,1.0,0,,False,no_upcoming,,,beta_missing:series_too_short,3,,,series_too_short,,no_price_series,,0.7023,-0.073945,,early,small,sev1,drug_developer,morningstar,,,drawdown,1,0.7673758788534342888047593294,50,41.25000000000000000000000000,66.5,50.00,62.50000000000000000000000000,14.49634755863129565551710880,61.6929,0.754,1.0,727,4,1.0,0.0006,0,0,0.0,0.3,0.85,oncology,0.7369,highly_crowded,1.0,55,0.1,0.771008,0.7422,27.90,0.569328,0.1747
PYXS,"Pyxis Oncology, Inc.",57,0.17,C,mod_opt+no_catalyst_data,C,mod_opt+no_catalyst_data,,0.355042,,0,0.486111,1,0.513889,,0,no_upcoming,9,neutral,high_vol|drawdown_data_missing,S,sponsor_confirmed|high_risk|cost_haircut_>2000bps,smart_money_score:+17.5;financial_score:-14.2;catalyst_score:-7.8,tier=C;reason=mod_opt+no_catalyst_data;cat_days=NA;strength=missing;decay_w=0.0,v1.3.0,31f399e0,1,,0,,"{""burn_ttm"": 53075000.0, ""cash_total"": 76256000.0, ""dilution_risk"": null, ""has_revenue"": null, ""lead_phase"": null, ""runway_months"": 17.24111163447951, ""stage_bucket"": ""early"", ""surv_score"": ""1.0"", ""tier1_count"": 3}",early|none|nonpos,0.1,,-1.3434,1135,1,0.3099,-1.3434,3,3,buying,0.0816,elite_3,0.0,0.0,0.0,,,0.0,0,0,0,True,False,True,missing,0.0,adequate,>2000bps,2020.0,0.55,1,0,1.0,0,1.0,0,,False,no_upcoming,,,beta_missing:series_too_short,3,,,series_too_short,,no_price_series,,1.6279,-0.073945,,early,micro,sev1,drug_developer,morningstar,,,drawdown,1,0.7246657095980311730926989336,50,41.25000000000000000000000000,66.5,50,52.50000000000000000000000000,34.79012345679012345679012345,51.6929,0.3286,1.0,1135,2,0.3333,0.0,0,0,0.0,0.3,0.85,oncology,0.7369,highly_crowded,1.0,85,0.1,0.644958,0.3717,27.35,0.548319,0.1214
TRDA,"Entrada Therapeutics, Inc.",58,0.08,C,mod_opt+no_catalyst_data,C,mod_opt+no_catalyst_data,,0.447479,,0,0.597222,1,0.402778,,0,no_upcoming,9,neutral,drawdown_data_missing,XS,runway_short|cost_haircut_>2000bps,financial_score:-32.7;momentum_score:+11.9;smart_money_score:+11.4,tier=C;reason=mod_opt+no_catalyst_data;cat_days=NA;strength=missing;decay_w=0.0,v1.3.0,31f399e0,1,,0,,"{""burn_ttm"": 128512000.0, ""cash_total"": 90394000.0, ""dilution_risk"": null, ""has_revenue"": null, ""lead_phase"": null, ""runway_months"": 8.440674800796813, ""stage_bucket"": ""early"", ""surv_score"": ""-2.0"", ""tier1_count"": 1}",early|none|nonpos,0.1,,-1.4959,,0,-0.0305,-1.4959,1,1,selling,-0.728,elite_1,0.0,0.0,0.0,,,0.0,0,0,0,True,False,True,missing,0.0,short,>2000bps,2020.0,0.55,1,0,1.0,0,1.0,0,,False,no_upcoming,,,beta_missing:series_too_short,1,,,series_too_short,,no_price_series,,0.5606,-0.073945,,early,small,sev2,drug_developer,morningstar,,,drawdown,1,0.7764056268100951592883740174,50,41.25000000000000000000000000,49.5,50,44.27169067215363511659807956,5.401111111111111111111111112,42.8204,-0.0488,0.0,1625,1,0.0,0.0,0,0,0.0,0.0,0.5,other,-0.4386,uncrowded,1.0,107,0.1,0.552521,0.132,10.10,0.065126,-1.5131
DNLI,Denali Therapeutics Inc.,59,0.86,C,low_opt+no_catalyst_data,C,low_opt+no_catalyst_data,,0.14916,,0,0.226852,1,0.773148,,0,no_upcoming,9,tailwind,,L,sponsor_confirmed|momentum_tailwind,catalyst_score:-22.5;financial_score:+14.9;momentum_score:+7.0,tier=C;reason=low_opt+no_catalyst_data;cat_days=NA;strength=missing;decay_w=0.0,v1.3.0,31f399e0,1,,0,,"{""burn_ttm"": 314062000.0, ""cash_total"": 848204000.0, ""dilution_risk"": null, ""has_revenue"": null, ""lead_phase"": null, ""runway_months"": 32.40904025319841, ""stage_bucket"": ""early"", ""surv_score"": ""5.0"", ""tier1_count"": 3}",early|none|pos,0.1,,-0.0805,0,1,0.9304,-0.0805,3,3,buying,0.0816,elite_3,0.0,0.0,0.0,,,0.0,0,0,0,True,False,True,missing,0.0,adequate,<=1000bps,533.31,0.85,1,0,1.0,0,1.0,0,,False,no_upcoming,0.123618,price_history,,3,0.8663,price_history,,-0.021137,,65.5036,0.5691,-0.073945,0.052808,early,mid,none,drug_developer,morningstar,,,,0,0.8406780851998243302591128678,70.67,41.25000000000000000000000000,60.5,38.21,67.50000000000000000000000000,78.66666666666666666666666667,66.7783,0.9703,1.0,347,6,1.0,0.0139,0,0,0.0,0.4,0.6,cns,-0.4386,uncrowded,1.0,36,0.1,0.85084,1.04,55.52,0.989496,2.3078
KYMR,"Kymera Therapeutics, Inc.",60,1.01,C,mod_opt+no_catalyst_data,C,mod_opt+no_catalyst_data,,0.25,,0,0.337963,1,0.662037,,0,no_upcoming,9,neutral,,L,sponsor_confirmed,financial_score:-29.0;smart_money_score:+22.7;clinical_score:+11.7,tier=C;reason=mod_opt+no_catalyst_data;cat_days=NA;strength=missing;decay_w=0.0,v1.3.0,31f399e0,1,,0,,"{""burn_ttm"": 232891000.0, ""cash_total"": 357011000.0, ""dilution_risk"": null, ""has_revenue"": null, ""lead_phase"": null, ""runway_months"": 18.39543820929104, ""stage_bucket"": ""early"", ""surv_score"": ""3.0"", ""tier1_count"": 5}",early|none|nonpos,0.1,,-1.4092,,0,0.6201,-1.4092,5,5,buying,0.8913,elite_5,0.0,0.0,0.0,,,0.0,0,0,0,True,False,True,missing,0.0,adequate,<=400bps,334.94,1.0,0,0,1.0,0,1.0,0,,False,no_upcoming,,,beta_missing:series_too_short,5,1.2991,,series_too_short,-0.2367,,20.3932,0.8541,-0.073945,-0.162755,early,mid,none,drug_developer,morningstar,,,,0,0.7730581458333333333333333333,50,41.25000000000000000000000000,71.0,50,60.00000000000000000000000000,19.30486968449931412894375857,58.1987,0.6054,0.0,215,1,0.0,0.0,0,0,0.0,0.0,0.5,dermatology,0.7369,crowded,1.0,60,0.1,0.75,0.6745,30.39,0.602941,0.261
EDIT,"Editas Medicine, Inc.",61,0.21,C,low_opt+no_catalyst_data,C,low_opt+no_catalyst_data,,0.157563,,0,0.24537,1,0.75463,,0,no_upcoming,9,tailwind,,S,momentum_tailwind|runway_short|cost_haircut_<=2000bps,financial_score:-36.3;momentum_score:+22.9;clinical_score:+19.4,tier=C;reason=low_opt+no_catalyst_data;cat_days=NA;strength=missing;decay_w=0.0,v1.3.0,31f399e0,1,,0,,"{""burn_ttm"": 128854000.0, ""cash_total"": 165648000.0, ""dilution_risk"": null, ""has_revenue"": null, ""lead_phase"": null, ""runway_months"": 14.22828421495472, ""stage_bucket"": ""early"", ""surv_score"": ""0.0"", ""tier1_count"": 0}",early|none|pos,0.1,,-1.2708,1736,1,0.8959,-1.2708,0,0,neutral,-1.1328,,0.0,0.0,0.0,,,0.0,0,0,0,True,False,True,missing,0.0,short,<=2000bps,1626.3,0.7,1,0,1.0,0,1.0,0,,False,no_upcoming,0.185132,price_history,,0,1.5714,price_history,,-0.029063,,58.9266,0.8096,-0.073945,0.044882,early,micro,sev2,drug_developer,morningstar,,,,0,0.7270899907226059169157818782,70.16,41.25000000000000000000000000,,50,66.66666666666666666666666667,11.00960219478737997256515774,65.1595,0.9014,1.0,1736,2,0.0,0.0,0,0,0.0,0.3,0.55,ophthalmology,0.7369,highly_crowded,1.0,38,0.1,0.842437,1.0045,11.86,0.098739,-1.2888
CNTX,Context Therapeutics Inc.,62,0.21,C,low_opt+no_catalyst_data,C,low_opt+no_catalyst_data,,0.115546,,0,0.199074,1,0.800926,,0,no_upcoming,9,neutral,drawdown_data_missing,S,cost_haircut_<=2000bps,financial_score:+18.2;catalyst_score:-18.1;momentum_score:-9.3,tier=C;reason=low_opt+no_catalyst_data;cat_days=NA;strength=missing;decay_w=0.0,v1.3.0,31f399e0,1,,0,,"{""burn_ttm"": 17442425.0, ""cash_total"": 76938183.0, ""dilution_risk"": null, ""has_revenue"": null, ""lead_phase"": null, ""runway_months"": 52.93175667947548, ""stage_bucket"": ""mid"", ""surv_score"": ""3.0"", ""tier1_count"": 0}",mid|none|pos,0.1,,-0.7442,1474,1,0.9722,-0.7442,0,0,neutral,-1.1328,,0.0,0.0,0.0,,,0.0,0,0,0,True,False,True,missing,0.0,adequate,<=2000bps,1735.81,0.7,1,0,1.0,0,1.0,0,,False,no_upcoming,,,beta_missing:series_too_short,0,,,series_too_short,,no_price_series,,,-0.073945,,mid,micro,none,drug_developer,morningstar,,,drawdown,1,0.7199146277980218636127017179,50,41.25000000000000000000000000,,50,68.51063829787234042553191489,77.57446808510638297872340426,67.7035,1.0096,2.0,1474,1,0.0,0.0,0,0,0.0,0.3,0.95,oncology,0.7369,highly_crowded,1.0,28,0.1,0.884454,1.1975,39.58,0.762605,0.7147
CMPX,"Compass Therapeutics, Inc.",63,0.52,C,mod_opt+no_catalyst_data,C,mod_opt+no_catalyst_data,,0.111345,,0,0.328704,1,0.671296,,0,no_upcoming,9,neutral,drawdown_data_missing,M,,catalyst_score:-10.0;clinical_score:+9.6;financial_score:+1.7,tier=C;reason=mod_opt+no_catalyst_data;cat_days=NA;strength=missing;decay_w=0.0,v1.3.0,31f399e0,1,,0,,"{""burn_ttm"": 35889000.0, ""cash_total"": 219895000.0, ""dilution_risk"": null, ""has_revenue"": null, ""lead_phase"": null, ""runway_months"": 73.5250355262058, ""stage_bucket"": ""early"", ""surv_score"": ""5.0"", ""tier1_count"": 0}",early|none|nonpos,0.1,,-1.3012,1235,1,0.6546,-1.3012,0,0,neutral,-1.1328,,0.0,0.0,0.0,,,0.0,0,0,0,True,False,True,missing,0.0,adequate,<=1000bps,913.08,0.85,1,0,1.0,0,1.0,0,,False,no_upcoming,,,beta_missing:series_too_short,0,,,series_too_short,,no_price_series,,,-0.073945,,early,small,none,drug_developer,morningstar,,,drawdown,1,0.7895995032598571872089413226,50,41.25000000000000000000000000,,50,60.83333333333333333333333334,53.0000,60.0262,0.6831,1.0,1235,2,0.3333,0.0,0,0,0.0,0.3,0.85,oncology,0.7369,highly_crowded,1.0,27,0.1,0.888655,1.2194,47.50,0.909664,1.3387
NGNE,Neurogene Inc.,64,0.43,C,mod_opt+no_catalyst_data,C,mod_opt+no_catalyst_data,,0.296218,,0,0.560185,1,0.439815,,0,no_upcoming,9,neutral,,M,sponsor_confirmed|cost_haircut_<=2000bps,smart_money_score:+27.0;catalyst_score:-16.7;clinical_score:-11.3,tier=C;reason=mod_opt+no_catalyst_data;cat_days=NA;strength=missing;decay_w=0.0,v1.3.0,31f399e0,1,,0,,"{""burn_ttm"": 59744000.0, ""cash_total"": 265410000.0, ""dilution_risk"": null, ""has_revenue"": null, ""lead_phase"": null, ""runway_months"": 53.30945366898768, ""stage_bucket"": ""early"", ""surv_score"": ""5.0"", ""tier1_count"": 8}",early|none|nonpos,0.1,,-1.4818,,0,0.07,-1.4818,8,8,buying,2.1057,elite_8,0.0,0.0,0.0,,,0.0,0,0,0,True,False,True,missing,0.0,adequate,<=2000bps,1586.17,0.7,1,0,1.0,0,1.0,0,,False,no_upcoming,-0.104374,price_history,,8,1.6147,price_history,,-0.264516,,54.4236,0.823,-0.073945,-0.190571,early,small,none,drug_developer,morningstar,,,,0,0.7319601040763226366001734605,52.16,41.25000000000000000000000000,85,67.69,46.70096021947873799725651577,64.64705882352941176470588235,45.1977,0.0524,0.0,55,3,0.0,0.0,0,0,0.0,0.0,0.65,rare_disease,0.7369,highly_crowded,1.0,71,0.1,0.703782,0.5353,32.84,0.62395,0.3159
NMRA,"Neumora Therapeutics, Inc.",65,0.11,C,mod_opt+no_catalyst_data,C,mod_opt+no_catalyst_data,,0.30042,,0,0.578704,1,0.421296,,0,no_upcoming,9,neutral,drawdown_data_missing,XS,runway_short|cost_haircut_<=2000bps,financial_score:-11.8;smart_money_score:+10.1;momentum_score:+5.1,tier=C;reason=mod_opt+no_catalyst_data;cat_days=NA;strength=missing;decay_w=0.0,v1.3.0,31f399e0,1,,0,,"{""burn_ttm"": 158485000.0, ""cash_total"": 171525000.0, ""dilution_risk"": null, ""has_revenue"": null, ""lead_phase"": null, ""runway_months"": 11.473010064043915, ""stage_bucket"": ""mid"", ""surv_score"": ""0.0"", ""tier1_count"": 1}",mid|none|nonpos,0.1,,-0.7607,595,1,-0.0014,-0.7607,1,1,neutral,-0.728,elite_1,0.0,0.0,0.0,,,0.0,0,0,0,True,False,True,missing,0.0,short,<=2000bps,1324.22,0.7,1,0,1.0,0,1.0,0,,False,no_upcoming,,,beta_missing:series_too_short,1,,,series_too_short,,no_price_series,,0.9459,-0.073945,,mid,small,sev2,drug_developer,morningstar,,,drawdown,1,0.7153062296459712154638092237,50,41.25000000000000000000000000,55.0,50,44.97409587042905286454403702,33.11352547658568482470700670,43.8728,-0.004,2.0,595,1,0.0,0.007,0,0,0.0,0.4,0.5,other,0.7369,highly_crowded,1.0,72,0.1,0.69958,0.5232,13.24,0.119748,-1.1762
FDMT,"4D Molecular Therapeutics, Inc.",66,0.21,C,mod_opt+no_catalyst_data,C,mod_opt+no_catalyst_data,,0.182773,,0,0.449074,1,0.550926,,0,no_upcoming,9,neutral,drawdown_data_missing,S,cost_haircut_<=2000bps,catalyst_score:-10.6;financial_score:+7.0;smart_money_score:+3.2,tier=C;reason=mod_opt+no_catalyst_data;cat_days=NA;strength=missing;decay_w=0.0,v1.3.0,31f399e0,1,,0,,"{""burn_ttm"": 137633000.0, ""cash_total"": 305063000.0, ""dilution_risk"": null, ""has_revenue"": null, ""lead_phase"": null, ""runway_months"": 26.597952525920384, ""stage_bucket"": ""early"", ""surv_score"": ""3.0"", ""tier1_count"": 1}",early|none|nonpos,0.1,,-1.3387,1959,1,0.3788,-1.3387,1,1,neutral,-0.728,elite_1,0.0,0.0,0.0,,,0.0,0,0,0,True,False,True,missing,0.0,adequate,<=2000bps,1082.73,0.7,1,0,1.0,0,1.0,0,,False,no_upcoming,,,beta_missing:series_too_short,1,,,series_too_short,,no_price_series,,0.8446,-0.073945,,early,small,none,drug_developer,morningstar,,,drawdown,1,0.7671414665801427644386761843,50,41.25000000000000000000000000,55.0,61.79,54.16666666666666666666666666,58.82352941176470588235294118,52.9992,0.3842,1.0,1959,4,1.0,0.0,0,0,0.0,0.3,0.65,rare_disease,0.2667,moderate,1.0,44,0.1,0.817227,0.9048,39.07,0.758403,0.7012
COGT,"Cogent Biosciences, Inc.",67,1.01,C,mod_opt+no_catalyst_data,C,mod_opt+no_catalyst_data,,0.119748,,0,0.375,1,0.625,,0,no_upcoming,9,tailwind,high_vol,L,sponsor_confirmed|momentum_tailwind|high_risk,financial_score:-45.1;momentum_score:+37.8;smart_money_score:+26.2,tier=C;reason=mod_opt+no_catalyst_data;cat_days=NA;strength=missing;decay_w=0.0,v1.3.0,31f399e0,1,,0,,"{""burn_ttm"": 264444000.0, ""cash_total"": 312012000.0, ""dilution_risk"": null, ""has_revenue"": null, ""lead_phase"": null, ""runway_months"": 14.158551526977357, ""stage_bucket"": ""early"", ""surv_score"": ""0.0"", ""tier1_count"": 7}",early|none|nonpos,0.1,,-0.1358,0,1,0.5167,-0.1358,7,7,buying,1.7009,elite_7,0.0,0.0,0.0,,,0.0,0,0,0,True,False,True,missing,0.0,adequate,<=400bps,346.16,1.0,0,0,1.0,0,1.0,0,,False,no_upcoming,4.052867,price_history,,7,0.7455,price_history,,-0.084337,,64.6982,2.489,-0.073945,-0.010392,early,mid,sev1,drug_developer,morningstar,,,,0,0.7698424936667033814296728715,96.55,41.25000000000000000000000000,85,26.41,57.50000000000000000000000000,13.69170096021947873799725652,57.7776,0.5874,1.0,31,4,1.0,0.1931,1,0,0.0,0.3,0.85,oncology,-0.4386,uncrowded,1.0,29,0.1,0.880252,1.1762,25.33,0.527311,0.0685
BCAX,Bicara Therapeutics Inc.,68,0.43,C,mod_opt+no_catalyst_data,C,mod_opt+no_catalyst_data,,0.052521,,0,0.356481,1,0.643519,,0,no_upcoming,9,neutral,drawdown_data_missing,M,sponsor_confirmed|cost_haircut_<=2000bps,catalyst_score:-17.1;smart_money_score:+13.2;financial_score:+12.2,tier=C;reason=mod_opt+no_catalyst_data;cat_days=NA;strength=missing;decay_w=0.0,v1.3.0,31f399e0,1,,0,,"{""burn_ttm"": 82948000.0, ""cash_total"": 290167000.0, ""dilution_risk"": null, ""has_revenue"": null, ""lead_phase"": null, ""runway_months"": 41.9781549886676, ""stage_bucket"": ""early"", ""surv_score"": ""5.0"", ""tier1_count"": 4}",early|none|nonpos,0.1,,-1.3147,2323,1,0.5512,-1.3147,4,4,buying,0.4865,elite_4,0.0,0.0,0.0,,,0.0,0,0,0,True,False,True,missing,0.0,adequate,<=2000bps,1066.54,0.7,1,0,1.0,0,1.0,0,,False,no_upcoming,,,beta_missing:series_too_short,4,,,series_too_short,,no_price_series,,0.6287,-0.073945,,early,small,none,drug_developer,morningstar,,,drawdown,1,0.7275480669836675625387636965,50,41.25000000000000000000000000,71.5,50,58.33333333333333333333333333,70.47058823529411764705882353,57.5262,0.5767,1.0,2323,1,0.0,0.0,0,0,0.0,0.3,0.85,oncology,0.7369,highly_crowded,1.0,13,0.1,0.947479,1.6209,42.72,0.82563,0.937
CABA,"Cabaletta Bio, Inc.",69,0.86,C,mod_opt+no_catalyst_data,C,mod_opt+no_catalyst_data,,0.086134,,0,0.458333,1,0.541667,,0,no_upcoming,9,tailwind,high_vol|deep_drawdown|deep_drawdown_rel_xbi,L,sponsor_confirmed|momentum_tailwind|high_risk,smart_money_score:+16.7;financial_score:-16.1;catalyst_score:-8.5,tier=C;reason=mod_opt+no_catalyst_data;cat_days=NA;strength=missing;decay_w=0.0,v1.3.0,31f399e0,1,,0,,"{""burn_ttm"": 95737000.0, ""cash_total"": 159931000.0, ""dilution_risk"": null, ""has_revenue"": null, ""lead_phase"": null, ""runway_months"": 19.747412178708867, ""stage_bucket"": ""early"", ""surv_score"": ""4.0"", ""tier1_count"": 3}",early|none|nonpos,0.1,,-1.3409,3055,1,0.3444,-1.3409,3,3,buying,0.0816,elite_3,0.0,0.0,0.0,,,0.0,0,0,0,True,False,True,missing,0.0,adequate,<=1000bps,998.61,0.85,1,0,1.0,0,1.0,0,,False,no_upcoming,0.325557,price_history,,3,1.3257,price_history,,-0.357793,,51.6295,1.3399,-0.073945,-0.283848,early,small,sev1,drug_developer,morningstar,,,,0,0.7316004975640095366435161190,54.05,41.25000000000000000000000000,66.5,50,53.33333333333333333333333334,33.62898885044213763936947328,51.8262,0.3343,1.0,3055,1,0.0,0.0,0,0,0.0,0.3,0.5,other,0.7369,highly_crowded,1.0,21,0.1,0.913866,1.3649,28.42,0.581933,0.2068
CGEM,"Cullinan Therapeutics, Inc.",70,0.86,C,mod_opt+no_catalyst_data,C,mod_opt+no_catalyst_data,,0.098739,,0,0.523148,1,0.476852,,0,no_upcoming,9,neutral,drawdown_data_missing,L,sponsor_confirmed,catalyst_score:-8.0;financial_score:+7.6;smart_money_score:-1.8,tier=C;reason=mod_opt+no_catalyst_data;cat_days=NA;strength=missing;decay_w=0.0,v1.3.0,31f399e0,1,,0,,"{""burn_ttm"": 137641000.0, ""cash_total"": 332596000.0, ""dilution_risk"": null, ""has_revenue"": null, ""lead_phase"": null, ""runway_months"": 28.996825073924192, ""stage_bucket"": ""early"", ""surv_score"": ""5.0"", ""tier1_count"": 4}",early|none|nonpos,0.1,,-1.351,1989,1,0.241,-1.351,4,4,selling,0.4865,elite_4,0.0,0.0,0.0,,,0.0,0,0,0,True,False,True,missing,0.0,adequate,<=1000bps,848.87,0.85,1,0,1.0,0,1.0,0,,False,no_upcoming,,,beta_missing:series_too_short,4,,,series_too_short,,no_price_series,,1.1117,-0.073945,,early,small,none,drug_developer,morningstar,,,drawdown,1,0.7772864987613542526837324525,50,41.25000000000000000000000000,47.5,50,50.83333333333333333333333333,56.88235294117647058823529412,50.0262,0.2577,1.0,1989,2,0.3333,0.0,0,0,0.0,0.3,0.85,oncology,0.7369,highly_crowded,1.0,24,0.1,0.901261,1.2888,40.67,0.779412,0.7702
DYN,"Dyne Therapeutics, Inc.",71,0.86,C,mod_opt+no_catalyst_data,C,mod_opt+no_catalyst_data,,0.153361,,0,0.587963,1,0.412037,,0,no_upcoming,9,neutral,drawdown_data_missing,L,sponsor_confirmed,smart_money_score:+29.3;financial_score:-12.6;catalyst_score:-9.5,tier=C;reason=mod_opt+no_catalyst_data;cat_days=NA;strength=missing;decay_w=0.0,v1.3.0,31f399e0,1,,0,,"{""burn_ttm"": 291375000.0, ""cash_total"": 573610000.0, ""dilution_risk"": null, ""has_revenue"": null, ""lead_phase"": null, ""runway_months"": 23.382986890781424, ""stage_bucket"": ""early"", ""surv_score"": ""3.0"", ""tier1_count"": 8}",early|none|nonpos,0.1,,-1.4959,,0,-0.0305,-1.4959,8,8,buying,2.1057,elite_8,0.0,0.0,0.0,,,0.0,0,0,0,True,False,True,missing,0.0,adequate,<=1000bps,520.7,0.85,1,0,1.0,0,1.0,0,,False,no_upcoming,,,beta_missing:series_too_short,8,,,series_too_short,,no_price_series,,0.7655,-0.073945,,early,mid,sev1,drug_developer,morningstar,,,drawdown,1,0.7250182045147196504733173827,50,41.25000000000000000000000000,80.0,50,44.27169067215363511659807956,38.13614540466392318244170095,42.8204,-0.0488,0.0,2475,1,0.0,0.0,0,0,0.0,0.0,0.5,other,-0.4386,uncrowded,1.0,37,0.1,0.846639,1.0221,27.44,0.552521,0.132
ACLX,"Arcellx, Inc.",72,1.01,C,mod_opt+no_catalyst_data,C,mod_opt+no_catalyst_data,,0.010504,,0,0.421296,1,0.578704,,0,no_upcoming,9,neutral,drawdown_data_missing,L,sponsor_confirmed,smart_money_score:+28.4;financial_score:-20.0;catalyst_score:-10.3,tier=C;reason=mod_opt+no_catalyst_data;cat_days=NA;strength=missing;decay_w=0.0,v1.3.0,31f399e0,1,,0,,"{""burn_ttm"": 152083000.0, ""cash_total"": 461383000.0, ""dilution_risk"": null, ""has_revenue"": null, ""lead_phase"": null, ""runway_months"": 36.40509458650868, ""stage_bucket"": ""early"", ""surv_score"": ""5.0"", ""tier1_count"": 7}",early|none|nonpos,0.1,,-1.3364,1504,1,0.4133,-1.3364,7,7,buying,1.7009,elite_7,0.0,0.0,0.0,,,0.0,0,0,0,True,False,True,missing,0.0,adequate,<=400bps,207.9,1.0,0,0,1.0,0,1.0,0,,False,no_upcoming,,,beta_missing:series_too_short,7,,,series_too_short,,no_price_series,,0.5575,-0.073945,,early,mid,none,drug_developer,morningstar,,,drawdown,1,0.8020826998961578400830737279,50,41.25000000000000000000000000,80.0,50,55.00000000000000000000000000,31.52709190672153635116598080,54.1929,0.435,1.0,1504,1,0.0,0.0,0,0,0.0,0.3,0.85,oncology,0.7369,highly_crowded,1.0,3,0.1,0.989496,2.3078,41.69,0.813025,0.8891
NTRA,"Natera, Inc.",73,1.01,C,low_quality+no_catalyst_data,,,C,0.926471,0.311538,1,,0,,,0,no_upcoming,9,tailwind,overbought_rsi,L,sponsor_confirmed|momentum_tailwind,momentum_score:+22.8;catalyst_score:-18.2;clinical_score:+16.9,tier=;reason=;cat_days=NA;strength=missing;decay_w=0.0,v1.3.0,31f399e0,1,,0,,"{""burn_ttm"": 0.0, ""cash_total"": 1000000.0, ""dilution_risk"": null, ""has_revenue"": null, ""lead_phase"": null, ""runway_months"": null, ""stage_bucket"": ""late"", ""surv_score"": ""2.0"", ""tier1_count"": 5}",late|none|nonpos,-0.015220797979797982,41.649404,1.1759,0,1,,1.1759,5,5,selling,0.8913,elite_5,0.0,0.0,0.0,,,0.0,0,0,0,True,False,True,missing,0.0,adequate,<=400bps,210.15,1.0,0,0,1.0,0,1.0,0,,False,no_upcoming,0.407964,price_history,,5,1.2461,price_history,,-0.001969,,74.2623,0.3255,-0.073945,0.071976,late,large,none,platform_diagnostics,morningstar,,,,0,0.8246108961960025789813023856,82.25,41.25000000000000000000000000,53.5,15.54,76.37931034482758620689655173,43.91200951248513674197384066,77.7609,1.4374,3.0,82,52,1.0,1.4494,2,2,0.0,0.8,0.95,oncology,0.2667,moderate,1.0,221,-0.015220797979797982,0.073529,-1.45,33.52,0.653361,0.3944
GH,"Guardant Health, Inc.",74,1.01,C,low_quality,,,C,0.993697,0.242308,1,,0,,11,1,specific_days,9,neutral,,L,sponsor_confirmed,clinical_score:+14.1;catalyst_score:-12.7;smart_money_score:+9.4,tier=;reason=;cat_days=11;strength=near;decay_w=1.0,v1.3.0,31f399e0,1,,0,,"{""burn_ttm"": 184760000.0, ""cash_total"": 378203000.0, ""dilution_risk"": null, ""has_revenue"": null, ""lead_phase"": null, ""runway_months"": 24.05654706689919, ""stage_bucket"": ""late"", ""surv_score"": ""-1.0"", ""tier1_count"": 3}",late|near_0_30|nonpos,-0.01683278313253012,38.589138,1.1697,0,1,,1.1697,3,3,buying,0.0816,elite_3,0.0,0.0,0.0,,,0.0,0,0,0,True,False,True,near,1.0,adequate,<=400bps,236.1,1.0,0,0,1.0,0,1.0,0,11,True,specific_days,-0.013068,price_history,,3,0.8852,price_history,,-0.041231,,63.1659,0.6981,-0.073945,0.032714,late,large,none,platform_diagnostics,morningstar,,,,0,0.9,48.03,44.34240000000000000000000000,66.5,11.74,71.20689655172413793103448276,55.27586206896551724137931034,72.9346,1.2321,3.0,7,527,1.0,5.0482,2,6,0.0025,0.8,0.95,oncology,-0.4386,uncrowded,1.0,237,-0.01683278313253012,0.006303,-2.4947,42.99,0.834034,0.9702
LAB,Standard BioTools Inc.,75,0.33,B,mod_quality+catalyst_near,,,B,0.989496,0.826923,1,,0,,70,0,specific_days,9,tailwind,,M,momentum_tailwind|cost_haircut_>2000bps,momentum_score:+36.1;financial_score:-26.5;catalyst_score:-14.9,tier=;reason=;cat_days=70;strength=near;decay_w=1.0,v1.3.0,31f399e0,1,,0,,"{""burn_ttm"": 73153000.0, ""cash_total"": 129418000.0, ""dilution_risk"": null, ""has_revenue"": null, ""lead_phase"": null, ""runway_months"": 21.229696663158037, ""stage_bucket"": ""late"", ""surv_score"": ""0.0"", ""tier1_count"": 1}",late|near_31_90|nonpos,-0.016257405405405406,66.078904,1.168,0,1,,1.168,1,1,buying,-0.728,elite_1,0.0,0.0,0.0,,,0.0,0,0,0,True,False,True,near,1.0,adequate,>2000bps,2020.0,0.55,1,0,1.0,0,1.0,0,70,False,specific_days,0.864573,price_history,,1,0.9891,price_history,,0.0,,68.0517,0.7324,-0.073945,0.073945,late,small,sev1,platform_devices,morningstar,,,,0,0.8246185644494550920706501315,96.55,45.56250000000000000000000000,55.5,90.00,70.68965517241379310344827586,33.93089687040537702163411048,72.0296,1.1937,3.0,102,612,1.0,3.5507,4,5,0.0,0.8,0.95,oncology,0.7369,highly_crowded,1.0,236,-0.016257405405405406,0.010504,-2.3078,21.07,0.409664,-0.2284
VRTX,Vertex Pharmaceuticals Incorporated,76,0.61,C,low_quality+no_catalyst_data,,,C,0.75,0.326923,1,,0,,,0,no_upcoming,9,headwind,,M,sponsor_confirmed|momentum_headwind,clinical_score:+21.2;catalyst_score:-14.6;momentum_score:-10.6,tier=;reason=;cat_days=NA;strength=missing;decay_w=0.0,v1.3.0,31f399e0,1,,0,,"{""burn_ttm"": 0.0, ""cash_total"": 6608100000.0, ""dilution_risk"": null, ""has_revenue"": null, ""lead_phase"": null, ""runway_months"": null, ""stage_bucket"": ""late"", ""surv_score"": ""3.0"", ""tier1_count"": 3}",late|none|pos,0.07410067924528302,41.961293,1.1759,0,1,1.4365,1.1759,3,3,buying,0.0816,elite_3,0.0,0.0,0.0,,,0.0,0,0,0,True,False,True,missing,0.0,adequate,<=400bps,123.8,1.0,0,0,1.0,0,1.0,0,,False,no_upcoming,-0.086194,price_history,,3,0.7366,price_history,,-0.104982,,45.4365,0.2519,-0.073945,-0.031037,late,large,none,commercial_biotech,morningstar,,,,0,0.9,45.20,41.25000000000000000000000000,63.0,26.45,77.000,52.58620689655172413793103448,78.3399,1.4621,3.0,19,63,1.0,4.1696,5,5,0.0,0.9,0.95,oncology,0.7369,highly_crowded,1.0,179,0.07410067924528302,0.25,-0.6745,49.02,0.934874,1.5131
VNDA,Vanda Pharmaceuticals Inc.,77,0.13,C,low_quality,,,C,0.745798,0.411538,1,,0,,10,1,specific_days,9,headwind,deep_drawdown|deep_drawdown_rel_xbi,XS,momentum_headwind|runway_short,financial_score:-32.5;clinical_score:+31.6;smart_money_score:+7.1,tier=;reason=;cat_days=10;strength=near;decay_w=1.0,v1.3.0,31f399e0,1,,0,,"{""burn_ttm"": 109442000.0, ""cash_total"": 84851000.0, ""dilution_risk"": null, ""has_revenue"": null, ""lead_phase"": null, ""runway_months"": 9.303667696131285, ""stage_bucket"": ""late"", ""surv_score"": ""-3.0"", ""tier1_count"": 1}",late|near_0_30|pos,0.07410067924528302,45.255981,1.1759,0,1,1.4365,1.1759,1,1,neutral,-0.728,elite_1,0.0,0.0,0.0,,,0.0,0,0,0,True,False,True,near,1.0,short,<=1000bps,634.63,0.85,1,0,1.0,0,1.0,0,10,True,specific_days,-0.102085,price_history,,1,0.7663,price_history,,-0.365476,,42.1444,1.0382,-0.073945,-0.291531,late,small,sev2,commercial_biotech,morningstar,,,,0,0.8839970836435840158848349466,39.83,44.66680177777777777777777778,52.5,90.00,77.000,12.86662465868515017853392145,77.7111,1.4353,3.0,10,28,1.0,2.7644,2,3,0.0,0.4,0.6,cns,0.2667,moderate,1.0,178,0.07410067924528302,0.254202,-0.6613,15.25,0.19958,-0.8431
REGN,"Regeneron Pharmaceuticals, Inc.",78,1.01,B,mod_quality+catalyst_near,,,B,0.695378,0.696154,1,,0,,6,1,specific_days,9,tailwind,,L,sponsor_confirmed|momentum_tailwind,clinical_score:+13.9;catalyst_score:-13.8;smart_money_score:+6.6,tier=;reason=;cat_days=6;strength=near;decay_w=1.0,v1.3.0,31f399e0,1,,0,,"{""burn_ttm"": 0.0, ""cash_total"": 8605200000.0, ""dilution_risk"": null, ""has_revenue"": null, ""lead_phase"": null, ""runway_months"": null, ""stage_bucket"": ""late"", ""surv_score"": ""4.0"", ""tier1_count"": 4}",late|near_0_30|pos,0.07410067924528302,55.414138,1.1747,0,1,1.2715,1.1747,4,4,buying,0.4865,elite_4,0.0,0.0,0.0,,,0.0,0,0,0,True,False,True,near,1.0,adequate,<=400bps,128.53,1.0,0,0,1.0,0,1.0,0,6,True,specific_days,-0.005988,price_history,,4,0.61,price_history,,-0.080096,,43.4982,0.388,-0.073945,-0.006151,late,large,none,commercial_biotech,morningstar,,,,0,0.9,53.76,45.56250000000000000000000000,66.0,52.68,73.27586206896551724137931034,58.27586206896551724137931034,74.6506,1.3051,3.0,4,218,1.0,8.3081,10,19,0.0023,0.6,0.95,oncology,0.7369,highly_crowded,1.0,166,0.07410067924528302,0.304622,-0.5112,47.01,0.897059,1.265
NBIX,"Neurocrine Biosciences, Inc.",79,0.61,C,mod_quality+no_catalyst_data,,,C,0.670168,0.673077,1,,0,,,0,no_upcoming,9,headwind,,M,sponsor_confirmed|momentum_headwind,smart_money_score:+23.8;catalyst_score:-18.0;clinical_score:+16.6,tier=;reason=;cat_days=NA;strength=missing;decay_w=0.0,v1.3.0,31f399e0,1,,0,,"{""burn_ttm"": 0.0, ""cash_total"": 713000000.0, ""dilution_risk"": null, ""has_revenue"": null, ""lead_phase"": null, ""runway_months"": null, ""stage_bucket"": ""late"", ""surv_score"": ""3.0"", ""tier1_count"": 8}",late|none|pos,0.07410067924528302,54.480552,1.1759,0,1,1.1799,1.1759,8,8,buying,2.1057,elite_8,0.0,0.0,0.0,,,0.0,0,0,0,True,False,True,missing,0.0,adequate,<=400bps,265.05,1.0,0,0,1.0,0,1.0,0,,False,no_upcoming,-0.113216,price_history,,8,0.6204,price_history,,-0.163078,,37.3812,0.3467,-0.073945,-0.089133,late,large,none,commercial_pharma,morningstar,,,,0,0.9,42.95,41.25000000000000000000000000,83.0,62.84,75.86206896551724137931034483,53.10344827586206896551724138,76.1018,1.3669,3.0,315,28,1.0,0.8313,0,2,0.0,0.8,0.6,cns,-0.4386,uncrowded,1.0,160,0.07410067924528302,0.329832,-0.4404,48.56,0.930672,1.4808
TECH,Bio-Techne Corporation,80,0.61,C,low_quality,,,C,0.728992,0.157692,1,,0,,26,1,specific_days,9,neutral,,M,,financial_score:-27.9;clinical_score:+24.1;smart_money_score:+9.6,tier=;reason=;cat_days=26;strength=near;decay_w=1.0,v1.3.0,31f399e0,1,,0,,"{""burn_ttm"": 0.0, ""cash_total"": 172879000.0, ""dilution_risk"": null, ""has_revenue"": null, ""lead_phase"": null, ""runway_months"": null, ""stage_bucket"": ""late"", ""surv_score"": ""3.0"", ""tier1_count"": 1}",late|near_0_30|pos,0.07410067924528302,32.251,1.1677,0,1,1.1225,1.1677,1,1,buying,-0.728,elite_1,0.0,0.0,0.0,,,0.0,0,0,0,True,False,True,near,1.0,adequate,<=400bps,284.71,1.0,0,0,1.0,0,1.0,0,26,True,specific_days,-0.060219,price_history,,1,0.6792,price_history,,-0.087728,,41.1572,0.3925,-0.073945,-0.013783,late,mid,none,commercial_biotech,morningstar,,,,0,0.9,49.39,36.45884444444444444444444444,55.5,40.78,69.91379310344827586206896552,18.00000000000000000000000000,71.6037,1.1755,3.0,10,570,1.0,6.9974,6,10,0.0,0.7,0.95,oncology,-0.4386,uncrowded,1.0,174,0.07410067924528302,0.271008,-0.6098,35.25,0.682773,0.4755
CDNA,"CareDx, Inc.",81,0.86,C,mod_quality+no_catalyst_data,,,C,0.829832,0.611538,1,,0,,,0,no_upcoming,9,tailwind,,L,sponsor_confirmed|momentum_tailwind,catalyst_score:-12.8;clinical_score:+9.4;smart_money_score:+6.4,tier=;reason=;cat_days=NA;strength=missing;decay_w=0.0,v1.3.0,31f399e0,1,,0,,"{""burn_ttm"": 0.0, ""cash_total"": 177208000.0, ""dilution_risk"": null, ""has_revenue"": null, ""lead_phase"": null, ""runway_months"": null, ""stage_bucket"": ""late"", ""surv_score"": ""1.0"", ""tier1_count"": 3}",late|none|nonpos,-0.015220797979797982,52.219,1.159,0,1,,1.159,3,3,buying,0.0816,elite_3,0.0,0.0,0.0,,,0.0,0,0,0,True,False,True,missing,0.0,adequate,<=1000bps,851.72,0.85,1,0,1.0,0,1.0,0,,False,no_upcoming,-0.020595,price_history,,3,1.1476,price_history,,-0.051182,,53.1721,0.5165,-0.073945,0.022763,late,small,none,platform_diagnostics,morningstar,,,,0,0.8840569973922761703712902024,55.18,41.25000000000000000000000000,60.5,53.38,63.44827586206896551724137931,50,64.097,0.8562,3.0,143,189,1.0,1.1497,0,1,0.0,0.6,0.95,oncology,0.7369,highly_crowded,1.0,198,-0.015220797979797982,0.170168,-0.9535,39.81,0.766807,0.7284
SUPN,"Supernus Pharmaceuticals, Inc.",82,0.52,C,low_quality,,,C,0.720588,0.042308,1,,0,,11,1,specific_days,9,headwind,,M,sponsor_confirmed|momentum_headwind,clinical_score:+22.8;financial_score:-22.7;smart_money_score:+7.9,tier=;reason=;cat_days=11;strength=near;decay_w=1.0,v1.3.0,31f399e0,1,,0,,"{""burn_ttm"": 0.0, ""cash_total"": 151371000.0, ""dilution_risk"": null, ""has_revenue"": null, ""lead_phase"": null, ""runway_months"": null, ""stage_bucket"": ""late"", ""surv_score"": ""1.0"", ""tier1_count"": 2}",late|near_0_30|pos,0.07410067924528302,24.785889,1.1677,0,1,0.9163,1.1677,2,2,neutral,-0.3232,elite_2,0.0,0.0,0.0,,,0.0,0,0,0,True,False,True,near,1.0,adequate,<=1000bps,505.15,0.85,1,0,1.0,0,1.0,0,11,True,specific_days,-0.175057,price_history,,2,0.7347,price_history,,-0.130539,,38.0302,0.4534,-0.073945,-0.056594,late,mid,none,commercial_pharma,morningstar,,,,0,0.9,41.79,44.34240000000000000000000000,55.0,15.54,69.91379310344827586206896552,24.41975308641975308641975309,70.5833,1.1321,3.0,11,29,1.0,3.0192,2,3,0.0,0.4,0.6,cns,0.7369,highly_crowded,1.0,172,0.07410067924528302,0.279412,-0.5846,35.82,0.691176,0.4992
INDV,Indivior PLC,83,1.01,C,mod_quality+no_catalyst_data,,,C,0.628151,0.665385,1,,0,,,0,no_upcoming,9,tailwind,,L,momentum_tailwind,momentum_score:+30.3;catalyst_score:-25.0;smart_money_score:-13.8,tier=;reason=;cat_days=NA;strength=missing;decay_w=0.0,v1.3.0,31f399e0,1,,0,,"{""burn_ttm"": 0.0, ""cash_total"": 445000000.0, ""dilution_risk"": null, ""has_revenue"": null, ""lead_phase"": null, ""runway_months"": null, ""stage_bucket"": ""late"", ""surv_score"": ""3.0"", ""tier1_count"": 1}",late|none|pos,0.07410067924528302,53.549,1.1759,0,1,1.2303,1.1759,1,1,neutral,-0.728,elite_1,0.0,0.0,0.0,,,0.0,0,0,0,True,False,True,missing,0.0,adequate,<=400bps,364.37,1.0,0,0,1.0,0,1.0,0,,False,no_upcoming,1.080689,price_history,,1,-0.4238,price_history,,-0.116216,,64.0688,0.4169,-0.073945,-0.042271,late,mid,none,commercial_pharma,morningstar,,,,0,0.9,96.55,41.25000000000000000000000000,52.5,15.54,77.000,64.00000000000000000000000000,76.263,1.3737,3.0,187,30,1.0,0.351,0,0,0.0,0.8,0.55,infectious_disease,0.2667,moderate,1.0,150,0.07410067924528302,0.371849,-0.327,50.54,0.947479,1.6209
TEM,"Tempus AI, Inc.",84,1.01,C,mod_quality+catalyst_far,,,C,0.758403,0.642308,1,,0,,679,0,specific_days,9,neutral,drawdown_data_missing,L,catalyst_far_lift|sponsor_confirmed,catalyst_score:-14.1;financial_score:+13.1;momentum_score:-9.7,tier=;reason=;cat_days=679;strength=far;decay_w=0.3,v1.3.0,31f399e0,1,,0,,"{""burn_ttm"": 218090000.0, ""cash_total"": 604787000.0, ""dilution_risk"": null, ""has_revenue"": null, ""lead_phase"": null, ""runway_months"": 25.16826017748832, ""stage_bucket"": ""late"", ""surv_score"": ""1.0"", ""tier1_count"": 4}",late|far_271_540|nonpos,0.01786675,53.043,1.1614,0,1,,1.1614,4,4,buying,0.4865,elite_4,0.0,0.0,0.0,,,0.0,0,0,0,True,False,True,far,0.3,adequate,<=400bps,199.47,1.0,0,0,1.0,0,1.0,0,679,False,specific_days,,,beta_missing:series_too_short,4,,,series_too_short,,no_price_series,,0.5816,-0.073945,,late,mid,none,platform_services,morningstar,,,drawdown,1,0.8459278417173154015259278417,50,45.56250000000000000000000000,66.0,29.38,63.96551724137931034482758620,72.80000000000000000000000000,64.6727,0.8807,3.0,137,138,1.0,0.6787,0,1,0.0,0.8,0.95,oncology,-0.4386,uncrowded,1.0,181,0.01786675,0.241597,-0.7012,41.08,0.796218,0.8282
EBS,Emergent BioSolutions Inc.,85,0.43,B,high_quality+no_catalyst_data,,,B,0.590336,0.973077,1,,0,,,0,no_upcoming,9,tailwind,,M,momentum_tailwind|cost_haircut_<=2000bps,catalyst_score:-24.1;momentum_score:+22.8;smart_money_score:-9.9,tier=;reason=;cat_days=NA;strength=missing;decay_w=0.0,v1.3.0,31f399e0,1,,0,,"{""burn_ttm"": 0.0, ""cash_total"": 245500000.0, ""dilution_risk"": null, ""has_revenue"": null, ""lead_phase"": null, ""runway_months"": null, ""stage_bucket"": ""late"", ""surv_score"": ""-1.0"", ""tier1_count"": 1}",late|none|pos,0.07410067924528302,78.384891,1.1759,0,1,1.0882,1.1759,1,1,buying,-0.728,elite_1,0.0,0.0,0.0,,,0.0,0,0,0,True,False,True,missing,0.0,adequate,<=2000bps,1186.43,0.7,1,0,1.0,0,1.0,0,,False,no_upcoming,0.491715,price_history,,1,0.8046,price_history,,-0.051134,,61.1894,1.0204,-0.073945,0.022811,late,small,none,commercial_pharma,morningstar,,,,0,0.9,88.17,41.25000000000000000000000000,55.5,85.81,73.79310344827586206896551724,68.26086956521739130434782609,74.714,1.3078,3.0,314,42,1.0,1.1029,1,2,0.0,0.6,0.55,infectious_disease,-0.4386,uncrowded,1.0,141,0.07410067924528302,0.409664,-0.2284,54.64,0.985294,2.1779
NVCR,NovoCure Limited,86,0.52,C,low_quality+no_catalyst_data,,,C,0.930672,0.557692,1,,0,,,0,no_upcoming,9,neutral,,M,,financial_score:-20.3;momentum_score:+8.2;clinical_score:+7.7,tier=;reason=;cat_days=NA;strength=missing;decay_w=0.0,v1.3.0,31f399e0,1,,0,,"{""burn_ttm"": 49031000.0, ""cash_total"": 93548000.0, ""dilution_risk"": null, ""has_revenue"": null, ""lead_phase"": null, ""runway_months"": 15.755894902313047, ""stage_bucket"": ""late"", ""surv_score"": ""1.0"", ""tier1_count"": 1}",late|none|nonpos,-0.015220797979797982,50.391816,1.1252,0,1,,1.1252,1,1,selling,-0.728,elite_1,0.0,0.0,0.0,,,0.0,0,0,0,True,False,True,missing,0.0,adequate,<=1000bps,603.49,0.85,1,0,1.0,0,1.0,0,,False,no_upcoming,0.122167,price_history,,1,0.5687,price_history,,-0.179112,,67.5721,0.5194,-0.073945,-0.105167,late,small,none,platform_devices,morningstar,,,,0,0.8965931730888365753933837195,52.59,41.25000000000000000000000000,52.0,82.99,52.06896551724137931034482759,24.06070153329132535181684520,52.5138,0.3635,3.0,187,40,1.0,0.7446,0,2,0.0,0.5,0.95,oncology,0.7369,crowded,1.0,222,-0.015220797979797982,0.069328,-1.4808,27.74,0.560924,0.1533
ALKS,Alkermes plc,87,0.52,C,mod_quality+no_catalyst_data,,,C,0.523109,0.803846,1,,0,,,0,no_upcoming,9,headwind,,M,sponsor_confirmed|momentum_headwind,clinical_score:+20.5;momentum_score:-20.4;catalyst_score:-15.2,tier=;reason=;cat_days=NA;strength=missing;decay_w=0.0,v1.3.0,31f399e0,1,,0,,"{""burn_ttm"": 0.0, ""cash_total"": 388570000.0, ""dilution_risk"": null, ""has_revenue"": null, ""lead_phase"": null, ""runway_months"": null, ""stage_bucket"": ""late"", ""surv_score"": ""2.0"", ""tier1_count"": 6}",late|none|pos,0.07410067924528302,63.765,1.1759,0,1,1.2303,1.1759,6,6,buying,1.2961,elite_6,0.0,0.0,0.0,,,0.0,0,0,0,True,False,True,missing,0.0,adequate,<=1000bps,422.31,0.85,1,0,1.0,0,1.0,0,,False,no_upcoming,-0.04664,price_history,,6,0.8104,price_history,,-0.196328,,33.226,0.3674,-0.073945,-0.122383,late,mid,none,commercial_pharma,morningstar,,,,0,0.9,36.02,41.25000000000000000000000000,68.0,84.46,77.000,60.00000000000000000000000000,76.3642,1.378,3.0,284,45,1.0,0.1953,0,0,0.0,0.5,0.5,respiratory,-0.4386,uncrowded,1.0,125,0.07410067924528302,0.476891,-0.058,52.68,0.955882,1.7048
JAZZ,Jazz Pharmaceuticals plc,88,1.01,C,mod_quality+catalyst_far,,,C,0.644958,0.780769,1,,0,,253,0,specific_days,9,neutral,,L,catalyst_far_lift|sponsor_confirmed,smart_money_score:+15.0;catalyst_score:-13.4;momentum_score:-10.6,tier=;reason=;cat_days=253;strength=far;decay_w=0.3,v1.3.0,31f399e0,1,,0,,"{""burn_ttm"": 0.0, ""cash_total"": 1391899000.0, ""dilution_risk"": null, ""has_revenue"": null, ""lead_phase"": null, ""runway_months"": null, ""stage_bucket"": ""late"", ""surv_score"": ""1.0"", ""tier1_count"": 6}",late|near_181_270|pos,0.07410067924528302,61.895431,1.1646,0,1,0.9505,1.1646,6,6,buying,1.2961,elite_6,0.0,0.0,0.0,,,0.0,0,0,0,True,False,True,far,0.3,adequate,<=400bps,227.35,1.0,0,0,1.0,0,1.0,0,253,False,specific_days,0.00207,price_history,,6,0.4524,price_history,,-0.189996,,59.3927,0.4687,-0.073945,-0.116051,late,large,none,commercial_biotech,morningstar,,,,0,0.9,48.34,45.56250000000000000000000000,74.0,70.97,66.03448275862068965517241380,60.86206896551724137931034483,67.3744,0.9956,3.0,60,120,1.0,3.8538,3,5,0.0,0.6,0.95,oncology,0.7369,highly_crowded,1.0,154,0.07410067924528302,0.355042,-0.3717,45.45,0.87605,1.1555
GILD,"Gilead Sciences, Inc.",89,0.61,C,low_quality,,,C,0.602941,0.288462,1,,0,,26,1,specific_days,9,headwind,,M,sponsor_confirmed|momentum_headwind,clinical_score:+19.9;momentum_score:-13.2;catalyst_score:-12.2,tier=;reason=;cat_days=26;strength=near;decay_w=1.0,v1.3.0,31f399e0,1,,0,,"{""burn_ttm"": 0.0, ""cash_total"": 68000000.0, ""dilution_risk"": null, ""has_revenue"": null, ""lead_phase"": null, ""runway_months"": null, ""stage_bucket"": ""late"", ""surv_score"": ""1.0"", ""tier1_count"": 2}",late|near_0_30|pos,0.07410067924528302,40.643572,1.167,0,1,0.859,1.167,2,2,buying,-0.3232,elite_2,0.0,0.0,0.0,,,0.0,0,0,0,True,False,True,near,1.0,adequate,<=400bps,101.32,1.0,0,0,1.0,0,1.0,0,26,True,specific_days,-0.13762,price_history,,2,0.3256,price_history,,-0.201286,,33.8334,0.2352,-0.073945,-0.127341,late,large,none,commercial_pharma,morningstar,,,,0,0.8434170692431561996779388084,35.53,36.45884444444444444444444444,58.0,38.08,68.62068965517241379310344827,44.91015986259743691372704452,70.3106,1.1205,3.0,13,470,1.0,5.4064,9,18,0.0,0.8,0.95,oncology,-0.4386,uncrowded,1.0,144,0.07410067924528302,0.397059,-0.261,33.11,0.632353,0.3381
UTHR,United Therapeutics Corporation,90,1.01,C,mod_quality+catalyst_far,,,C,0.733193,0.773077,1,,0,,467,0,specific_days,9,headwind,,L,catalyst_far_lift|sponsor_confirmed|momentum_headwind,smart_money_score:+19.9;momentum_score:-17.9;catalyst_score:-11.6,tier=;reason=;cat_days=467;strength=far;decay_w=0.3,v1.3.0,31f399e0,1,,0,,"{""burn_ttm"": 0.0, ""cash_total"": 2920300000.0, ""dilution_risk"": null, ""has_revenue"": null, ""lead_phase"": null, ""runway_months"": null, ""stage_bucket"": ""late"", ""surv_score"": ""3.0"", ""tier1_count"": 7}",late|far_271_540|pos,0.07410067924528302,61.010448,1.1456,0,1,0.561,1.1456,7,7,buying,1.7009,elite_7,0.0,0.0,0.0,,,0.0,0,0,0,True,False,True,far,0.3,adequate,<=400bps,229.51,1.0,0,0,1.0,0,1.0,0,467,False,specific_days,-0.118929,price_history,,7,0.5913,price_history,,-0.147592,,37.6941,0.2791,-0.073945,-0.073647,late,large,none,commercial_pharma,morningstar,,,,0,0.9,39.26,45.56250000000000000000000000,77.0,72.30,61.89655172413793103448275862,61.89655172413793103448275862,62.4675,0.7869,3.0,284,66,1.0,1.1495,1,1,0.0,0.5,0.55,infectious_disease,0.7369,highly_crowded,1.0,175,0.07410067924528302,0.266807,-0.6225,46.45,0.888655,1.2194
RARE,Ultragenyx Pharmaceutical Inc.,91,0.52,C,low_quality,,,C,0.691176,0.180769,1,,0,,164,0,specific_days,9,tailwind,high_vol,M,sponsor_confirmed|momentum_tailwind|runway_short|high_risk,financial_score:-39.2;momentum_score:+18.9;clinical_score:+16.9,tier=;reason=;cat_days=164;strength=mid;decay_w=0.7,v1.3.0,31f399e0,1,,0,,"{""burn_ttm"": 466000000.0, ""cash_total"": 421000000.0, ""dilution_risk"": null, ""has_revenue"": null, ""lead_phase"": null, ""runway_months"": 10.841201716738198, ""stage_bucket"": ""late"", ""surv_score"": ""-1.0"", ""tier1_count"": 5}",late|near_91_180|pos,0.07410067924528302,35.044889,1.1568,0,1,0.813,1.1568,5,5,selling,0.8913,elite_5,0.0,0.0,0.0,,,0.0,0,0,0,True,False,True,mid,0.7,short,<=1000bps,402.93,0.85,1,0,1.0,0,1.0,0,164,False,specific_days,0.167071,price_history,,5,1.2563,price_history,,-0.027111,,59.9697,1.2539,-0.073945,0.046834,late,mid,sev2,commercial_biotech,morningstar,,,,0,0.8980016469377251672671127123,65.01,45.56250000000000000000000000,50.0,54.12,62.93103448275862068965517241,6.890864197530864197530864197,63.8815,0.8471,3.0,800,41,1.0,1.1951,1,3,0.0,0.8,0.6,cns,-0.4386,uncrowded,1.0,165,0.07410067924528302,0.308824,-0.4992,13.53,0.140756,-1.0769
AMGN,Amgen Inc.,92,0.61,C,low_quality,,,C,0.531513,0.465385,1,,0,,11,1,specific_days,9,neutral,,M,,clinical_score:+18.9;catalyst_score:-9.5;momentum_score:-5.7,tier=;reason=;cat_days=11;strength=near;decay_w=1.0,v1.3.0,31f399e0,1,,0,,"{""burn_ttm"": 0.0, ""cash_total"": 9129000000.0, ""dilution_risk"": null, ""has_revenue"": null, ""lead_phase"": null, ""runway_months"": null, ""stage_bucket"": ""late"", ""surv_score"": ""1.0"", ""tier1_count"": 1}",late|near_0_30|pos,0.07410067924528302,46.778776,1.1734,0,1,1.0424,1.1734,1,1,neutral,-0.728,elite_1,0.0,0.0,0.0,,,0.0,0,0,0,True,False,True,near,1.0,adequate,<=400bps,100.2,1.0,0,0,1.0,0,1.0,0,11,True,specific_days,0.031025,price_history,,1,0.4171,price_history,,-0.083227,,43.545,0.2777,-0.073945,-0.009282,late,large,none,commercial_pharma,morningstar,,,,0,0.9,48.20,44.34240000000000000000000000,52.5,39.83,72.75862068965517241379310345,51.55172413793103448275862069,74.0986,1.2817,3.0,11,489,1.0,4.63,10,12,0.0,0.8,0.95,oncology,0.7369,highly_crowded,1.0,127,0.07410067924528302,0.468487,-0.0791,43.92,0.859244,1.0769
CAI,"Caris Life Sciences, Inc.",93,0.86,C,low_quality,,,C,0.577731,0.496154,1,,0,,41,1,specific_days,9,neutral,drawdown_data_missing,L,sponsor_confirmed,catalyst_score:-20.0;financial_score:+13.2;momentum_score:-8.8,tier=;reason=;cat_days=41;strength=near;decay_w=1.0,v1.3.0,31f399e0,1,,0,,"{""burn_ttm"": 0.0, ""cash_total"": 755493000.0, ""dilution_risk"": null, ""has_revenue"": null, ""lead_phase"": null, ""runway_months"": null, ""stage_bucket"": ""late"", ""surv_score"": ""-1.0"", ""tier1_count"": 3}",late|near_31_90|pos,0.07410067924528302,47.839,1.1662,0,1,0.9964,1.1662,3,3,buying,0.0816,elite_3,0.0,0.0,0.0,,,0.0,0,0,0,True,False,True,near,1.0,adequate,<=1000bps,447.67,0.85,1,0,1.0,0,1.0,0,41,True,specific_days,,,beta_missing:series_too_short,3,,,series_too_short,,no_price_series,,0.5606,-0.073945,,late,mid,none,commercial_biotech,morningstar,,,drawdown,1,0.9,50,38.82273600000000000000000000,66.0,15.54,67.06896551724137931034482759,72.00000000000000000000000000,68.7589,1.0545,3.0,9,387,1.0,4.1611,3,5,0.0,0.5,0.95,oncology,-0.4386,uncrowded,1.0,138,0.07410067924528302,0.422269,-0.1961,52.40,0.951681,1.6614
DNA,"Ginkgo Bioworks Holdings, Inc.",94,0.43,A,high_quality+catalyst_near,,,A,0.586134,0.957692,1,,0,,41,1,specific_days,9,neutral,drawdown_data_missing,M,tier_a_commercial|cost_haircut_<=2000bps,financial_score:+22.2;catalyst_score:-18.9;momentum_score:-7.8,tier=;reason=;cat_days=41;strength=near;decay_w=1.0,v1.3.0,31f399e0,1,,0,,"{""burn_ttm"": 123381000.0, ""cash_total"": 495484000.0, ""dilution_risk"": null, ""has_revenue"": null, ""lead_phase"": null, ""runway_months"": 48.19062902715977, ""stage_bucket"": ""late"", ""surv_score"": ""4.0"", ""tier1_count"": 1}",late|near_31_90|pos,0.07410067924528302,77.5,1.162,0,1,0.9047,1.162,1,1,neutral,-0.728,elite_1,0.0,0.0,0.0,,,0.0,0,0,0,True,False,True,near,1.0,adequate,<=2000bps,1199.57,0.7,1,0,1.0,0,1.0,0,41,True,specific_days,,,beta_missing:series_too_short,1,,,series_too_short,,no_price_series,,0.7795,-0.073945,,late,small,none,commercial_biotech,morningstar,,,drawdown,1,0.8333465789146901775735750652,50,38.82273600000000000000000000,55.0,90.00,65.00000000000000000000000000,80.0,66.3399,0.9516,3.0,102,613,1.0,3.265,3,5,0.0,0.8,0.95,oncology,0.7369,highly_crowded,1.0,140,0.07410067924528302,0.413866,-0.2176,41.43,0.808824,0.8736
INCY,Incyte Corporation,95,0.61,B,mod_quality+catalyst_near,,,B,0.62395,0.619231,1,,0,,72,0,specific_days,9,headwind,,M,sponsor_confirmed|momentum_headwind,financial_score:+11.0;momentum_score:-10.6;catalyst_score:-10.0,tier=;reason=;cat_days=72;strength=near;decay_w=1.0,v1.3.0,31f399e0,1,,0,,"{""burn_ttm"": 0.0, ""cash_total"": 3097817000.0, ""dilution_risk"": null, ""has_revenue"": null, ""lead_phase"": null, ""runway_months"": null, ""stage_bucket"": ""late"", ""surv_score"": ""5.0"", ""tier1_count"": 3}",late|near_31_90|pos,0.07410067924528302,52.565776,1.1433,0,1,0.6984,1.1433,3,3,buying,0.0816,elite_3,0.0,0.0,0.0,,,0.0,0,0,0,True,False,True,near,1.0,adequate,<=400bps,225.9,1.0,0,0,1.0,0,1.0,0,72,False,specific_days,-0.145935,price_history,,3,0.9395,price_history,,-0.142037,,40.8143,0.3319,-0.073945,-0.068092,late,large,none,commercial_biotech,morningstar,,,,0,0.9,45.03,45.56250000000000000000000000,60.5,38.89,60.34482758620689655172413793,66.55172413793103448275862069,62.0922,0.771,3.0,31,183,1.0,2.9057,14,12,0.0038,0.7,0.95,oncology,-0.4386,uncrowded,1.0,149,0.07410067924528302,0.37605,-0.3159,50.49,0.943277,1.5829
ACAD,ACADIA Pharmaceuticals Inc.,96,0.52,C,low_quality+no_catalyst_data,,,C,0.510504,0.234615,1,,0,,,0,no_upcoming,9,headwind,deep_drawdown_rel_xbi,M,sponsor_confirmed|momentum_headwind,smart_money_score:+21.6;momentum_score:-21.3;clinical_score:+15.1,tier=;reason=;cat_days=NA;strength=missing;decay_w=0.0,v1.3.0,31f399e0,1,,0,,"{""burn_ttm"": 0.0, ""cash_total"": 177695000.0, ""dilution_risk"": null, ""has_revenue"": null, ""lead_phase"": null, ""runway_months"": null, ""stage_bucket"": ""late"", ""surv_score"": ""3.0"", ""tier1_count"": 7}",late|none|pos,0.07410067924528302,38.561889,1.1619,0,1,0.8818,1.1619,7,7,buying,1.7009,elite_7,0.0,0.0,0.0,,,0.0,0,0,0,True,False,True,missing,0.0,adequate,<=1000bps,531.5,0.85,1,0,1.0,0,1.0,0,,False,no_upcoming,-0.326896,price_history,,7,0.9507,price_history,,-0.327719,,30.2072,0.3548,-0.073945,-0.253774,late,mid,none,commercial_biotech,morningstar,,,,0,0.9,28.11,41.25000000000000000000000000,71.0,39.86,64.48275862068965517241379310,42.19753086419753086419753086,65.0832,0.8982,3.0,185,13,1.0,1.121,1,1,0.0,0.6,0.6,cns,0.7369,highly_crowded,1.0,122,0.07410067924528302,0.489496,-0.0263,43.72,0.855042,1.0583
RYTM,"Rhythm Pharmaceuticals, Inc.",97,0.61,C,low_quality+no_catalyst_data,,,C,0.703782,0.488462,1,,0,,,0,no_upcoming,9,headwind,,M,sponsor_confirmed|momentum_headwind,smart_money_score:+20.7;momentum_score:-20.5;catalyst_score:-15.1,tier=;reason=;cat_days=NA;strength=missing;decay_w=0.0,v1.3.0,31f399e0,1,,0,,"{""burn_ttm"": 90286000.0, ""cash_total"": 416052000.0, ""dilution_risk"": null, ""has_revenue"": null, ""lead_phase"": null, ""runway_months"": 54.55942228030924, ""stage_bucket"": ""late"", ""surv_score"": ""4.0"", ""tier1_count"": 9}",late|none|pos,0.07410067924528302,47.524,0.9436,0,1,0.7442,0.9436,9,9,buying,2.5105,elite_9,0.0,0.0,0.0,,,0.0,0,0,0,True,False,True,missing,0.0,adequate,<=400bps,378.27,1.0,0,0,1.0,0,1.0,0,,False,no_upcoming,-0.176085,price_history,,9,1.228,price_history,,-0.2714,,39.4913,0.4754,-0.073945,-0.197455,late,mid,none,commercial_biotech,morningstar,,,,0,0.8851137553545930509281294622,35.82,41.25000000000000000000000000,77.0,30.20,61.37931034482758620689655173,66.20000000000000000000000000,62.0193,0.7679,3.0,35,14,1.0,1.8908,2,2,0.0,0.4,0.55,metabolic,0.7369,highly_crowded,1.0,168,0.07410067924528302,0.296218,-0.5353,47.19,0.901261,1.2888
ZLAB,Zai Lab Limited,98,0.86,C,low_quality+no_catalyst_data,,,C,0.981092,0.588462,1,,0,,,0,no_upcoming,9,tailwind,,L,sponsor_confirmed|momentum_tailwind,financial_score:+29.2;clinical_score:-25.5;catalyst_score:-9.6,tier=;reason=;cat_days=NA;strength=missing;decay_w=0.0,v1.3.0,31f399e0,1,,0,,"{""burn_ttm"": 150789000.0, ""cash_total"": 689573000.0, ""dilution_risk"": null, ""has_revenue"": null, ""lead_phase"": null, ""runway_months"": 54.87718600163142, ""stage_bucket"": ""late"", ""surv_score"": ""4.0"", ""tier1_count"": 3}",late|none|nonpos,-0.015220797979797982,51.432,0.8954,0,1,-0.8532,0.8954,3,3,selling,0.0816,elite_3,0.0,0.0,0.0,,,0.0,0,0,0,True,False,True,missing,0.0,adequate,<=1000bps,827.45,0.85,1,0,1.0,0,1.0,0,,False,no_upcoming,0.111416,price_history,,3,0.7374,price_history,,-0.10181,,51.2739,0.3972,-0.073945,-0.027865,late,mid,none,commercial_biotech,morningstar,,,,0,0.8666968469008512168804699676,59.66,41.25000000000000000000000000,48.0,10.00,25.33623992601400449200687013,80.0,26.6072,-0.7384,3.0,230,16,1.0,1.2187,1,1,0.0,0.4,0.95,oncology,0.7369,highly_crowded,1.0,234,-0.015220797979797982,0.018908,-2.0769,22.90,0.468487,-0.0791
SRPT,"Sarepta Therapeutics, Inc.",99,0.52,B,high_quality+no_catalyst_data,,,B,0.955882,0.942308,1,,0,,,0,no_upcoming,9,headwind,,M,sponsor_confirmed|momentum_headwind,financial_score:+28.6;clinical_score:-22.6;smart_money_score:+13.6,tier=;reason=;cat_days=NA;strength=missing;decay_w=0.0,v1.3.0,31f399e0,1,,0,,"{""burn_ttm"": 336685000.0, ""cash_total"": 850993000.0, ""dilution_risk"": null, ""has_revenue"": null, ""lead_phase"": null, ""runway_months"": 28.848768719225042, ""stage_bucket"": ""late"", ""surv_score"": ""0.0"", ""tier1_count"": 3}",late|none|nonpos,-0.015220797979797982,75.928,0.8985,0,1,-0.6979,0.8985,3,3,neutral,0.0816,elite_3,0.0,0.0,0.0,,,0.0,0,0,0,True,False,True,missing,0.0,adequate,<=1000bps,463.86,0.85,1,0,1.0,0,1.0,0,,False,no_upcoming,-0.137867,price_history,,3,0.7524,price_history,,-0.176395,,32.1737,1.0694,-0.073945,-0.10245,late,small,none,commercial_biotech,morningstar,,,,0,0.8324658653285097444275878165,42.14,41.25000000000000000000000000,65.0,90.00,28.84000528471396485665213370,80.0,28.7543,-0.6471,3.0,201,21,1.0,0.3457,0,0,0.0,0.8,0.75,rare_disease,0.7369,highly_crowded,1.0,228,-0.015220797979797982,0.044118,-1.7048,25.19,0.518908,0.0474
MRNA,"Moderna, Inc.",100,1.01,C,low_quality+no_catalyst_data,,,C,0.922269,0.519231,1,,0,,,0,no_upcoming,9,tailwind,,L,sponsor_confirmed|momentum_tailwind,momentum_score:+33.2;financial_score:-21.0;clinical_score:-10.1,tier=;reason=;cat_days=NA;strength=missing;decay_w=0.0,v1.3.0,31f399e0,1,,0,,"{""burn_ttm"": 1873000000.0, ""cash_total"": 2595000000.0, ""dilution_risk"": null, ""has_revenue"": null, ""lead_phase"": null, ""runway_months"": 16.625734116390817, ""stage_bucket"": ""late"", ""surv_score"": ""2.0"", ""tier1_count"": 3}",late|none|nonpos,-0.015220797979797982,48.285172,0.9109,0,1,-0.2039,0.9109,3,3,selling,0.0816,elite_3,0.0,0.0,0.0,,,0.0,0,0,0,True,False,True,missing,0.0,adequate,<=400bps,132.16,1.0,0,0,1.0,0,1.0,0,,False,no_upcoming,0.15065,price_history,,3,0.5253,price_history,,-0.29942,,41.8137,0.6347,-0.073945,-0.225475,late,large,sev1,commercial_biotech,morningstar,,,,0,0.8803362629060690002518257366,83.29,41.25000000000000000000000000,57.0,52.94,39.98546703659664420663231602,29.10704848725062755978332673,40.3921,-0.1521,3.0,433,16,1.0,0.2481,1,0,0.0,0.4,0.95,oncology,0.7369,highly_crowded,1.0,220,-0.015220797979797982,0.077731,-1.4205,21.80,0.451681,-0.1214
BCRX,"BioCryst Pharmaceuticals, Inc.",101,0.52,C,low_quality+no_catalyst_data,,,C,0.821429,0.173077,1,,0,,,0,no_upcoming,9,headwind,,M,sponsor_confirmed|momentum_headwind,smart_money_score:+15.3;financial_score:-14.0;clinical_score:+4.8,tier=;reason=;cat_days=NA;strength=missing;decay_w=0.0,v1.3.0,31f399e0,1,,0,,"{""burn_ttm"": 0.0, ""cash_total"": 212873000.0, ""dilution_risk"": null, ""has_revenue"": null, ""lead_phase"": null, ""runway_months"": null, ""stage_bucket"": ""late"", ""surv_score"": ""3.0"", ""tier1_count"": 3}",late|none|nonpos,-0.015220797979797982,34.296056,0.92,0,1,0.0338,0.92,3,3,buying,0.0816,elite_3,0.0,0.0,0.0,,,0.0,0,0,0,True,False,True,missing,0.0,adequate,<=1000bps,517.78,0.85,1,0,1.0,0,1.0,0,,False,no_upcoming,-0.179634,price_history,,3,1.2196,price_history,,-0.256684,,44.5521,0.4141,-0.073945,-0.182739,late,mid,none,commercial_pharma,morningstar,,,,0,0.8954064249820531227566403446,43.26,41.25000000000000000000000000,60.5,33.11,50,31.23456790123456790123456790,49.7898,0.2477,3.0,321,23,1.0,0.3106,1,0,0.0,0.8,0.55,infectious_disease,0.7369,highly_crowded,1.0,196,-0.015220797979797982,0.178571,-0.9208,33.28,0.644958,0.3717
TGTX,"TG Therapeutics, Inc.",102,0.86,C,low_quality+no_catalyst_data,,,C,0.968487,0.134615,1,,0,,,0,no_upcoming,9,tailwind,,L,sponsor_confirmed|momentum_tailwind,clinical_score:-28.5;momentum_score:+28.1;financial_score:-19.7,tier=;reason=;cat_days=NA;strength=missing;decay_w=0.0,v1.3.0,31f399e0,1,,0,,"{""burn_ttm"": 44432000.0, ""cash_total"": 131582000.0, ""dilution_risk"": null, ""has_revenue"": null, ""lead_phase"": null, ""runway_months"": 35.537090385307884, ""stage_bucket"": ""late"", ""surv_score"": ""3.0"", ""tier1_count"": 3}",late|none|nonpos,-0.015220797979797982,29.988722,0.8691,0,1,-1.4275,0.8691,3,3,buying,0.0816,elite_3,0.0,0.0,0.0,,,0.0,0,0,0,True,False,True,missing,0.0,adequate,<=1000bps,429.71,0.85,1,0,1.0,0,1.0,0,,False,no_upcoming,0.083233,price_history,,3,1.2711,price_history,,-0.024017,,62.89,0.3599,-0.073945,0.049928,late,mid,none,commercial_biotech,morningstar,,,,0,0.8791415687215159510674022547,68.96,41.25000000000000000000000000,60.5,19.07,12.37812128418549346016646849,21.16049382716049382716049383,13.7181,-1.2866,3.0,77,13,1.0,1.6988,2,2,0.0,0.4,0.95,oncology,0.7369,highly_crowded,1.0,231,-0.015220797979797982,0.031513,-1.859,13.42,0.132353,-1.1153
FOLD,"Amicus Therapeutics, Inc.",103,1.01,C,low_quality+no_catalyst_data,,,C,0.880252,0.319231,1,,0,,,0,no_upcoming,9,tailwind,,L,sponsor_confirmed|momentum_tailwind,smart_money_score:+21.0;clinical_score:-16.8;catalyst_score:-11.8,tier=;reason=;cat_days=NA;strength=missing;decay_w=0.0,v1.3.0,31f399e0,1,,0,,"{""burn_ttm"": 0.0, ""cash_total"": 293536000.0, ""dilution_risk"": null, ""has_revenue"": null, ""lead_phase"": null, ""runway_months"": null, ""stage_bucket"": ""late"", ""surv_score"": ""1.0"", ""tier1_count"": 6}",late|none|nonpos,-0.015220797979797982,41.667,0.9065,0,1,-0.3733,0.9065,6,6,buying,1.2961,elite_6,0.0,0.0,0.0,,,0.0,0,0,0,True,False,True,missing,0.0,adequate,<=400bps,259.01,1.0,0,0,1.0,0,1.0,0,,False,no_upcoming,0.107135,price_history,,6,1.0391,price_history,,-0.081183,,47.307,0.6001,-0.073945,-0.007238,late,mid,none,commercial_biotech,morningstar,,,,0,0.9,59.64,41.25000000000000000000000000,74.0,15.54,36.16461884000528471396485665,54.00000000000000000000000000,36.8134,-0.3043,3.0,116,24,1.0,0.9498,0,2,0.0,0.7,0.75,rare_disease,0.7369,highly_crowded,1.0,210,-0.015220797979797982,0.119748,-1.1762,36.38,0.69958,0.5232
NVAX,"Novavax, Inc.",104,0.86,B,high_quality+no_catalyst_data,,,B,0.67437,0.996154,1,,0,,,0,no_upcoming,9,tailwind,,L,momentum_tailwind,momentum_score:+31.6;catalyst_score:-23.7;financial_score:+12.0,tier=;reason=;cat_days=NA;strength=missing;decay_w=0.0,v1.3.0,31f399e0,1,,0,,"{""burn_ttm"": 244635000.0, ""cash_total"": 735084000.0, ""dilution_risk"": null, ""has_revenue"": null, ""lead_phase"": null, ""runway_months"": 34.435271429798334, ""stage_bucket"": ""late"", ""surv_score"": ""4.0"", ""tier1_count"": 1}",late|none|pos,0.07410067924528302,85.46,0.9299,0,1,0.4921,0.9299,1,1,selling,-0.728,elite_1,0.0,0.0,0.0,,,0.0,0,0,0,True,False,True,missing,0.0,adequate,<=1000bps,459.51,0.85,1,0,1.0,0,1.0,0,,False,no_upcoming,1.936834,price_history,,1,1.5179,price_history,,-0.229063,,49.5306,0.4814,-0.073945,-0.155118,late,small,none,commercial_biotech,morningstar,,,,0,0.8632435867537313432835820896,96.55,41.25000000000000000000000000,54.5,90.00,55.68965517241379310344827586,77.000,56.2322,0.5217,3.0,69,12,1.0,0.8452,1,1,0.0,0.6,0.55,infectious_disease,0.2667,moderate,1.0,161,0.07410067924528302,0.32563,-0.452,43.00,0.838235,0.9872
AUPH,Aurinia Pharmaceuticals Inc,105,0.26,C,low_quality+no_catalyst_data,,,C,0.813025,0.434615,1,,0,,,0,no_upcoming,9,headwind,,S,momentum_headwind,smart_money_score:+16.5;financial_score:-13.0;clinical_score:-3.8,tier=;reason=;cat_days=NA;strength=missing;decay_w=0.0,v1.3.0,31f399e0,1,,0,,"{""burn_ttm"": 0.0, ""cash_total"": 80160000.0, ""dilution_risk"": null, ""has_revenue"": null, ""lead_phase"": null, ""runway_months"": null, ""stage_bucket"": ""late"", ""surv_score"": ""1.0"", ""tier1_count"": 1}",late|none|nonpos,-0.015220797979797982,45.870549,0.9058,0,1,-0.4149,0.9058,1,1,buying,-0.728,elite_1,0.0,0.0,0.0,,,0.0,0,0,0,True,False,True,missing,0.0,adequate,<=1000bps,819.87,0.85,1,0,1.0,0,1.0,0,,False,no_upcoming,-0.087587,price_history,,1,0.7287,price_history,,-0.301025,,55.5125,0.4141,-0.073945,-0.22708,late,small,none,commercial_biotech,morningstar,,,,0,0.8763407441860465116279069767,37.21,41.25000000000000000000000000,55.5,76.35,35.22592152199762187871581451,26.01344255408527620247847091,35.7291,-0.3504,3.0,412,7,1.0,0.8469,1,1,0.0,0.6,0.55,ophthalmology,0.7369,highly_crowded,1.0,194,-0.015220797979797982,0.186975,-0.8891,27.12,0.544118,0.1108
CERS,Cerus Corporation,106,0.43,C,low_quality+no_catalyst_data,,,C,0.834034,0.580769,1,,0,,,0,no_upcoming,9,tailwind,,M,momentum_tailwind|cost_haircut_<=2000bps,momentum_score:+19.8;financial_score:-18.8;clinical_score:-15.4,tier=;reason=;cat_days=NA;strength=missing;decay_w=0.0,v1.3.0,31f399e0,1,,0,,"{""burn_ttm"": 1363000.0, ""cash_total"": 15670000.0, ""dilution_risk"": null, ""has_revenue"": null, ""lead_phase"": null, ""runway_months"": 137.96038151137196, ""stage_bucket"": ""late"", ""surv_score"": ""3.0"", ""tier1_count"": 1}",late|none|nonpos,-0.015220797979797982,51.359262,0.8882,0,1,,0.8882,1,1,selling,-0.728,elite_1,0.0,0.0,0.0,,,0.0,0,0,0,True,False,True,missing,0.0,adequate,<=2000bps,1656.9,0.7,1,0,1.0,0,1.0,0,,False,no_upcoming,0.06154,price_history,,1,1.1621,price_history,,-0.053547,,53.3975,,-0.073945,0.020398,late,small,none,platform_devices,morningstar,,,,0,0.8538365978780459368077416346,58.01,41.25000000000000000000000000,49.5,88.61,22.77777777777777777777777778,19.43058181054400336063852131,22.9074,-0.8958,3.0,238,14,1.0,0.2445,0,0,0.0,0.5,0.95,oncology,-0.4386,uncrowded,1.0,199,-0.015220797979797982,0.165966,-0.9702,18.03,0.329832,-0.4404
PBYI,Puma Biotechnology Inc,107,0.08,B,high_quality+no_catalyst_data,,,B,0.682773,0.903846,1,,0,,,0,no_upcoming,9,headwind,,XS,momentum_headwind|cost_haircut_>2000bps,financial_score:+17.3;catalyst_score:-11.1;momentum_score:-8.0,tier=;reason=;cat_days=NA;strength=missing;decay_w=0.0,v1.3.0,31f399e0,1,,0,,"{""burn_ttm"": 0.0, ""cash_total"": 94388000.0, ""dilution_risk"": null, ""has_revenue"": null, ""lead_phase"": null, ""runway_months"": null, ""stage_bucket"": ""late"", ""surv_score"": ""1.0"", ""tier1_count"": 1}",late|none|pos,0.07410067924528302,71.191328,0.9234,0,1,0.2857,0.9234,1,1,buying,-0.728,elite_1,0.0,0.0,0.0,,,0.0,0,0,0,True,False,True,missing,0.0,adequate,>2000bps,2020.0,0.55,1,0,1.0,0,1.0,0,,False,no_upcoming,-0.097485,price_history,,1,1.2351,price_history,,-0.249828,,57.0701,0.7739,-0.073945,-0.175883,late,micro,none,commercial_biotech,morningstar,,,,0,0.8365158154675047704568413963,44.34,41.25000000000000000000000000,55.5,88.51,51.03448275862068965517241380,69.65517241379310344827586207,51.27,0.3106,3.0,102,15,1.0,0.5872,0,1,0.0,0.5,0.95,oncology,0.7369,highly_crowded,1.0,163,0.07410067924528302,0.317227,-0.4755,34.48,0.665966,0.4288
AQST,"Aquestive Therapeutics, Inc.",108,0.86,B,high_quality+no_catalyst_data,,,B,0.808824,0.934615,1,,0,,,0,no_upcoming,9,tailwind,overbought_rsi,L,sponsor_confirmed|momentum_tailwind,clinical_score:-36.6;momentum_score:+33.2;catalyst_score:-16.9,tier=;reason=;cat_days=NA;strength=missing;decay_w=0.0,v1.3.0,31f399e0,1,,0,,"{""burn_ttm"": 43963000.0, ""cash_total"": 129063000.0, ""dilution_risk"": null, ""has_revenue"": null, ""lead_phase"": null, ""runway_months"": 35.22862407024088, ""stage_bucket"": ""late"", ""surv_score"": ""0.0"", ""tier1_count"": 4}",late|none|nonpos,-0.015220797979797982,73.447717,0.8878,0,1,-1.2282,0.8878,4,4,buying,0.4865,elite_4,0.0,0.0,0.0,,,0.0,0,0,0,True,False,True,missing,0.0,adequate,<=1000bps,726.16,0.85,1,0,1.0,0,1.0,0,,False,no_upcoming,0.530649,price_history,,4,1.3153,price_history,,-0.043681,,73.8075,0.9486,-0.073945,0.030264,late,small,none,commercial_pharma,morningstar,,,,0,0.8092302284710017574692442882,91.35,41.25000000000000000000000000,72.0,74.75,21.52084159069890342185229224,64.47826086956521739130434782,20.0433,-1.0176,3.0,,4,1.0,0.0,0,0,0.0,0.3,0.6,cns,0.7369,highly_crowded,1.0,193,-0.015220797979797982,0.191176,-0.8736,20.15,0.388655,-0.2828
CRMD,CorMedix Inc.,109,0.52,C,mod_quality+no_catalyst_data,,,C,0.859244,0.719231,1,,0,,,0,no_upcoming,9,headwind,,M,sponsor_confirmed|momentum_headwind,clinical_score:-29.1;smart_money_score:+22.5;catalyst_score:+2.8,tier=;reason=;cat_days=NA;strength=missing;decay_w=0.0,v1.3.0,31f399e0,1,,0,,"{""burn_ttm"": 0.0, ""cash_total"": 55716811.0, ""dilution_risk"": null, ""has_revenue"": null, ""lead_phase"": null, ""runway_months"": null, ""stage_bucket"": ""late"", ""surv_score"": ""1.0"", ""tier1_count"": 2}",late|none|nonpos,-0.015220797979797982,56.619577,0.8526,0,1,-1.5593,0.8526,2,2,buying,-0.3232,elite_2,0.0,0.0,0.0,,,0.0,0,0,0,True,False,True,missing,0.0,adequate,<=1000bps,707.46,0.85,1,0,1.0,0,1.0,0,,False,no_upcoming,0.021454,price_history,,2,0.8489,price_history,,-0.286723,,54.2346,0.8522,-0.073945,-0.212778,late,small,none,commercial_biotech,morningstar,,,,0,0.7657396728257031893609509239,40.79,41.25000000000000000000000000,61.0,87.16,9.402827321971198308891531248,39.90128124343625288804872926,8.6516,-1.5021,3.0,,3,0.6667,0.0,0,0,0.0,0.4,0.55,infectious_disease,-2.0844,uncrowded,1.0,205,-0.015220797979797982,0.140756,-1.0769,16.37,0.241597,-0.7012
MIRM,"Mirum Pharmaceuticals, Inc.",110,1.01,C,low_quality+no_catalyst_data,,,C,0.661765,0.403846,1,,0,,,0,no_upcoming,9,tailwind,,L,sponsor_confirmed|momentum_tailwind,catalyst_score:-16.1;momentum_score:+14.1;smart_money_score:+9.2,tier=;reason=;cat_days=NA;strength=missing;decay_w=0.0,v1.3.0,31f399e0,1,,0,,"{""burn_ttm"": 0.0, ""cash_total"": 383327000.0, ""dilution_risk"": null, ""has_revenue"": null, ""lead_phase"": null, ""runway_months"": null, ""stage_bucket"": ""late"", ""surv_score"": ""3.0"", ""tier1_count"": 3}",late|none|pos,0.07410067924528302,44.917,0.9236,0,1,0.3087,0.9236,3,3,buying,0.0816,elite_3,0.0,0.0,0.0,,,0.0,0,0,0,True,False,True,missing,0.0,adequate,<=400bps,372.43,1.0,0,0,1.0,0,1.0,0,,False,no_upcoming,0.403887,price_history,,3,0.5133,price_history,,-0.088003,,60.274,0.4303,-0.073945,-0.014058,late,mid,none,commercial_biotech,morningstar,,,,0,0.8998348834429169157202630006,71.39,41.25000000000000000000000000,66.5,15.54,51.55172413793103448275862069,56.00000000000000000000000000,50.4505,0.2758,3.0,741,10,1.0,0.0034,0,0,0.0,0.4,0.55,infectious_disease,0.7369,highly_crowded,1.0,158,0.07410067924528302,0.338235,-0.4173,37.30,0.712185,0.5598
PTCT,"PTC Therapeutics, Inc.",111,1.01,A,high_quality+catalyst_mid,,,A,0.771008,0.911538,1,,0,,163,0,specific_days,9,headwind,,L,tier_a_commercial|sponsor_confirmed|momentum_headwind,financial_score:+24.2;clinical_score:-21.3;smart_money_score:+18.7,tier=;reason=;cat_days=163;strength=mid;decay_w=0.7,v1.3.0,31f399e0,1,,0,,"{""burn_ttm"": 0.0, ""cash_total"": 1945371000.0, ""dilution_risk"": null, ""has_revenue"": null, ""lead_phase"": null, ""runway_months"": null, ""stage_bucket"": ""late"", ""surv_score"": ""3.0"", ""tier1_count"": 5}",late|near_91_180|nonpos,-0.0048271643835616435,71.4505,0.9007,0,1,-0.5784,0.9007,5,5,buying,0.8913,elite_5,0.0,0.0,0.0,,,0.0,0,0,0,True,False,True,mid,0.7,adequate,<=400bps,343.08,1.0,0,0,1.0,0,1.0,0,163,False,specific_days,-0.108279,price_history,,5,0.9388,price_history,,-0.181604,,47.2769,0.3495,-0.073945,-0.107659,late,mid,none,commercial_biotech,morningstar,,,,0,0.8992316505549588256355173648,38.56,45.56250000000000000000000000,71.5,83.11,31.53719117452767868939093672,77.000,33.1622,-0.4596,3.0,63,33,1.0,2.1805,2,4,0.0161,0.4,0.95,oncology,0.2667,moderate,1.0,184,-0.0048271643835616435,0.228992,-0.7422,33.14,0.636555,0.3493
AXSM,"Axsome Therapeutics, Inc.",112,0.61,C,low_quality,,,C,0.560924,0.303846,1,,0,,102,0,specific_days,9,headwind,,M,sponsor_confirmed|momentum_headwind,smart_money_score:+16.4;momentum_score:-13.1;catalyst_score:-9.0,tier=;reason=;cat_days=102;strength=near;decay_w=1.0,v1.3.0,31f399e0,1,,0,,"{""burn_ttm"": 93405000.0, ""cash_total"": 322933000.0, ""dilution_risk"": null, ""has_revenue"": null, ""lead_phase"": null, ""runway_months"": 27.761023661657504, ""stage_bucket"": ""late"", ""surv_score"": ""1.0"", ""tier1_count"": 7}",late|near_91_180|pos,0.07410067924528302,41.3365,0.9261,0,1,0.3774,0.9261,7,7,buying,1.7009,elite_7,0.0,0.0,0.0,,,0.0,0,0,0,True,False,True,near,1.0,adequate,<=400bps,308.96,1.0,0,0,1.0,0,1.0,0,102,False,specific_days,-0.0737,price_history,,7,1.003,price_history,,-0.23433,,47.6661,0.5091,-0.073945,-0.160385,late,mid,none,commercial_biotech,morningstar,,,,0,0.8868063310722361061525645603,41.47,45.56250000000000000000000000,71.0,14.95,53.10344827586206896551724138,61.80000000000000000000000000,53.8146,0.4189,3.0,32,10,1.0,2.6773,2,3,0.0,0.4,0.6,cns,0.2667,moderate,1.0,134,0.07410067924528302,0.439076,-0.1533,38.20,0.737395,0.6353
INSM,Insmed Incorporated,113,1.01,C,low_quality+no_catalyst_data,,,C,0.632353,0.096154,1,,0,,,0,no_upcoming,9,neutral,,L,sponsor_confirmed,smart_money_score:+27.6;financial_score:-13.3;catalyst_score:-8.2,tier=;reason=;cat_days=NA;strength=missing;decay_w=0.0,v1.3.0,31f399e0,1,,0,,"{""burn_ttm"": 935014000.0, ""cash_total"": 1430047000.0, ""dilution_risk"": null, ""has_revenue"": null, ""lead_phase"": null, ""runway_months"": 16.84374990798079, ""stage_bucket"": ""late"", ""surv_score"": ""-1.0"", ""tier1_count"": 14}",late|none|pos,0.07410067924528302,29.128078,0.9176,0,1,0.0589,0.9176,14,14,buying,4.5346,elite_14,0.0,0.0,0.0,,,0.0,0,0,0,True,False,True,missing,0.0,adequate,<=400bps,156.57,1.0,0,0,1.0,0,1.0,0,,False,no_upcoming,0.000737,price_history,,14,0.9986,price_history,,-0.201295,,47.7138,0.5709,-0.073945,-0.12735,late,large,none,commercial_biotech,morningstar,,,,0,0.8952944094001236858379715523,46.77,41.25000000000000000000000000,77.0,10.00,45.91491610516580790064737746,36.16461884000528471396485665,45.5137,0.0658,3.0,,14,1.0,0.0,0,0,0.0,0.4,0.95,oncology,0.7369,highly_crowded,1.0,151,0.07410067924528302,0.367647,-0.3381,30.34,0.598739,0.2501
MDGL,"Madrigal Pharmaceuticals, Inc.",114,0.61,C,low_quality+no_catalyst_data,,,C,0.653361,0.034615,1,,0,,,0,no_upcoming,9,headwind,,M,sponsor_confirmed|momentum_headwind,smart_money_score:+33.3;financial_score:-30.5;catalyst_score:-2.4,tier=;reason=;cat_days=NA;strength=missing;decay_w=0.0,v1.3.0,31f399e0,1,,0,,"{""burn_ttm"": 189553000.0, ""cash_total"": 198693000.0, ""dilution_risk"": null, ""has_revenue"": null, ""lead_phase"": null, ""runway_months"": 12.363577910292975, ""stage_bucket"": ""late"", ""surv_score"": ""-3.0"", ""tier1_count"": 6}",late|none|pos,0.07410067924528302,23.554389,0.9165,0,1,0.0143,0.9165,6,6,buying,1.2961,elite_6,0.0,0.0,0.0,,,0.0,0,0,0,True,False,True,missing,0.0,adequate,<=400bps,264.79,1.0,0,0,1.0,0,1.0,0,,False,no_upcoming,-0.184484,price_history,,6,1.0365,price_history,,-0.161085,,47.3541,0.4350,-0.073945,-0.08714,late,mid,sev1,commercial_biotech,morningstar,,,,0,0.8947121788772597526165556613,42.18,41.25000000000000000000000000,77.0,26.29,44.91015986259743691372704452,13.14864197530864197530864197,43.8089,-0.0067,3.0,459,2,0.3333,0.0229,0,0,0.0,0.4,0.55,metabolic,0.7369,highly_crowded,1.0,156,0.07410067924528302,0.346639,-0.3944,22.49,0.464286,-0.0896
ALNY,"Alnylam Pharmaceuticals, Inc.",115,0.61,C,low_quality+no_catalyst_data,,,C,0.527311,0.357692,1,,0,,,0,no_upcoming,9,headwind,,M,sponsor_confirmed|momentum_headwind,smart_money_score:+15.2;catalyst_score:-8.5;momentum_score:-5.0,tier=;reason=;cat_days=NA;strength=missing;decay_w=0.0,v1.3.0,31f399e0,1,,0,,"{""burn_ttm"": 0.0, ""cash_total"": 1657250000.0, ""dilution_risk"": null, ""has_revenue"": null, ""lead_phase"": null, ""runway_months"": null, ""stage_bucket"": ""late"", ""surv_score"": ""3.0"", ""tier1_count"": 6}",late|none|pos,0.07410067924528302,42.918017,0.9177,0,1,0.1037,0.9177,6,6,neutral,1.2961,elite_6,0.0,0.0,0.0,,,0.0,0,0,0,True,False,True,missing,0.0,adequate,<=400bps,144.92,1.0,0,0,1.0,0,1.0,0,,False,no_upcoming,-0.057047,price_history,,6,0.9562,price_history,,-0.174572,,38.4035,0.3472,-0.073945,-0.100627,late,large,none,commercial_biotech,morningstar,,,,0,0.9,44.76,41.25000000000000000000000000,65.0,31.43,46.92627824019024970273483948,51.03448275862068965517241380,47.9162,0.168,3.0,46,33,1.0,2.3594,3,2,0.0,0.4,0.55,infectious_disease,-0.4386,uncrowded,1.0,126,0.07410067924528302,0.472689,-0.0685,42.61,0.821429,0.9208
ARQT,"Arcutis Biotherapeutics, Inc.",116,0.52,C,low_quality+no_catalyst_data,,,C,0.552521,0.188462,1,,0,,,0,no_upcoming,9,headwind,,M,sponsor_confirmed|momentum_headwind,smart_money_score:+18.4;financial_score:-8.8;catalyst_score:-6.3,tier=;reason=;cat_days=NA;strength=missing;decay_w=0.0,v1.3.0,31f399e0,1,,0,,"{""burn_ttm"": 5625000.0, ""cash_total"": 42907000.0, ""dilution_risk"": null, ""has_revenue"": null, ""lead_phase"": null, ""runway_months"": 89.4016, ""stage_bucket"": ""late"", ""surv_score"": ""-2.0"", ""tier1_count"": 4}",late|none|pos,0.07410067924528302,35.304889,0.5584,33,1,0.2628,0.5584,4,4,buying,0.4865,elite_4,0.0,0.0,0.0,,,0.0,0,0,0,True,False,True,missing,0.0,adequate,<=1000bps,482.23,0.85,1,0,1.0,0,1.0,0,,False,no_upcoming,-0.140824,price_history,,4,0.9345,price_history,,-0.235772,,57.0368,0.727,-0.073945,-0.161827,late,mid,none,commercial_biotech,morningstar,,,,0,0.8794107570675610924772400575,41.38,41.25000000000000000000000000,66.0,27.32,50.51724137931034482758620690,38.81530864197530864197530865,50.7513,0.2886,3.0,33,6,1.0,3.9367,4,5,0.0,0.3,0.5,dermatology,0.7369,highly_crowded,1.0,132,0.07410067924528302,0.447479,-0.132,34.47,0.661765,0.4173
KNSA,"Kiniksa Pharmaceuticals, Ltd.",117,0.52,C,mod_quality+no_catalyst_data,,,C,0.64916,0.626923,1,,0,,,0,no_upcoming,9,headwind,,M,sponsor_confirmed|momentum_headwind,momentum_score:-19.0;financial_score:+14.1;catalyst_score:-10.6,tier=;reason=;cat_days=NA;strength=missing;decay_w=0.0,v1.3.0,31f399e0,1,,0,,"{""burn_ttm"": 0.0, ""cash_total"": 414074000.0, ""dilution_risk"": null, ""has_revenue"": null, ""lead_phase"": null, ""runway_months"": null, ""stage_bucket"": ""late"", ""surv_score"": ""3.0"", ""tier1_count"": 2}",late|none|pos,0.07410067924528302,52.593,0.201,87,1,0.4006,0.201,2,2,buying,-0.3232,elite_2,0.0,0.0,0.0,,,0.0,0,0,0,True,False,True,missing,0.0,adequate,<=1000bps,643.76,0.85,1,0,1.0,0,1.0,0,,False,no_upcoming,-0.267326,price_history,,2,1.2914,price_history,,-0.321538,,36.7193,0.3477,-0.073945,-0.247593,late,mid,none,commercial_pharma,morningstar,,,,0,0.8893164513041397463508016272,32.88,41.25000000000000000000000000,61.0,46.62,58.27586206896551724137931034,66.00000000000000000000000000,59.1968,0.6478,3.0,678,8,1.0,1.5943,1,3,0.0,0.4,0.55,infectious_disease,-0.4386,uncrowded,1.0,155,0.07410067924528302,0.35084,-0.3831,48.30,0.922269,1.4205
GERN,Geron Corporation,118,0.52,C,low_quality+no_catalyst_data,,,C,0.195378,0.480769,1,,0,,,0,no_upcoming,9,neutral,,M,sponsor_confirmed|runway_short,clinical_score:+26.9;financial_score:-24.3;catalyst_score:-8.9,tier=;reason=;cat_days=NA;strength=missing;decay_w=0.0,v1.3.0,31f399e0,1,,0,,"{""burn_ttm"": 88970000.0, ""cash_total"": 78117000.0, ""dilution_risk"": null, ""has_revenue"": null, ""lead_phase"": null, ""runway_months"": 10.53618073507924, ""stage_bucket"": ""mid"", ""surv_score"": ""-2.0"", ""tier1_count"": 2}",mid|none|pos,0.1,47.447483,0.4707,0,1,1.4365,0.4707,2,2,selling,-0.3232,elite_2,0.0,0.0,0.0,,,0.0,0,0,0,True,False,True,missing,0.0,short,<=1000bps,710.6,0.85,1,0,1.0,0,1.0,0,,False,no_upcoming,-0.048314,price_history,,2,1.1244,price_history,,-0.22831,,44.3875,0.5659,-0.073945,-0.154365,mid,small,sev2,commercial_biotech,morningstar,,,,0,0.8190364719101123595505617978,52.09,41.25000000000000000000000000,54.5,72.58,77.000,25.83662793622051204667773251,76.6404,1.3898,2.0,1148,14,1.0,0.0001,0,0,0.0,0.4,0.95,oncology,0.2667,moderate,1.0,47,0.1,0.804622,0.8582,17.15,0.287815,-0.5598
TVTX,"Travere Therapeutics, Inc.",119,0.86,C,low_quality+no_catalyst_data,,,C,0.972689,0.080769,1,,0,,,0,no_upcoming,9,neutral,,L,sponsor_confirmed,smart_money_score:+36.4;clinical_score:-32.4;financial_score:-13.3,tier=;reason=;cat_days=NA;strength=missing;decay_w=0.0,v1.3.0,31f399e0,1,,0,,"{""burn_ttm"": 0.0, ""cash_total"": 93035000.0, ""dilution_risk"": null, ""has_revenue"": null, ""lead_phase"": null, ""runway_months"": null, ""stage_bucket"": ""late"", ""surv_score"": ""3.0"", ""tier1_count"": 5}",late|none|nonpos,-0.015220797979797982,28.017,-0.3342,941,1,-1.5916,-0.3342,5,5,buying,0.8913,elite_5,0.0,0.0,0.0,,,0.0,0,0,0,True,False,True,missing,0.0,adequate,<=1000bps,403.29,0.85,1,0,1.0,0,1.0,0,,False,no_upcoming,0.067867,price_history,,5,1.0024,price_history,,-0.145295,,44.1654,0.7066,-0.073945,-0.07135,late,mid,none,commercial_biotech,morningstar,,,,0,0.8770708148857245422998683738,50.39,41.25000000000000000000000000,77.5,15.54,8.675518562557801558990619628,27.77777777777777777777777778,7.5743,-1.548,3.0,941,6,1.0,0.0008,0,0,0.0,0.7,0.5,other,0.7369,highly_crowded,1.0,232,-0.015220797979797982,0.027311,-1.9219,15.30,0.203782,-0.8282
ONC,BeOne Medicines Ltd.,120,1.01,C,low_quality+no_catalyst_data,,,C,0.939076,0.534615,1,,0,,,0,no_upcoming,9,tailwind,,L,sponsor_confirmed|momentum_tailwind,clinical_score:-28.8;momentum_score:+20.8;catalyst_score:-11.2,tier=;reason=;cat_days=NA;strength=missing;decay_w=0.0,v1.3.0,31f399e0,1,,0,,"{""burn_ttm"": 0.0, ""cash_total"": 4547530000.0, ""dilution_risk"": null, ""has_revenue"": null, ""lead_phase"": null, ""runway_months"": null, ""stage_bucket"": ""late"", ""surv_score"": ""3.0"", ""tier1_count"": 2}",late|none|nonpos,-0.015220797979797982,48.401966,-0.2824,413,1,-0.9291,-0.2824,2,2,buying,-0.3232,elite_2,0.0,0.0,0.0,,,0.0,0,0,0,True,False,True,missing,0.0,adequate,<=400bps,342.35,1.0,0,0,1.0,0,1.0,0,,False,no_upcoming,0.409919,price_history,,2,0.8201,price_history,,-0.052884,,64.8932,0.415,-0.073945,0.021061,late,large,none,commercial_biotech,morningstar,,,,0,0.8800418733476016618406143774,73.22,41.25000000000000000000000000,61.0,15.54,23.62399260140044920068701282,62.93103448275862068965517241,23.5727,-0.8675,3.0,992,13,1.0,0.0324,0,0,0.0,0.4,0.95,oncology,-0.4386,uncrowded,1.0,224,-0.015220797979797982,0.060924,-1.5471,24.63,0.506303,0.0158
KRYS,"Krystal Biotech, Inc.",121,0.61,C,low_quality+no_catalyst_data,,,C,0.909664,0.380769,1,,0,,,0,no_upcoming,9,headwind,,M,sponsor_confirmed|momentum_headwind,clinical_score:-35.1;smart_money_score:+29.2;financial_score:+9.7,tier=;reason=;cat_days=NA;strength=missing;decay_w=0.0,v1.3.0,31f399e0,1,,0,,"{""burn_ttm"": 0.0, ""cash_total"": 496304000.0, ""dilution_risk"": null, ""has_revenue"": null, ""lead_phase"": null, ""runway_months"": null, ""stage_bucket"": ""late"", ""surv_score"": ""2.0"", ""tier1_count"": 4}",late|none|nonpos,-0.015220797979797982,43.397,-0.3259,434,1,-1.6552,-0.3259,4,4,buying,0.4865,elite_4,0.0,0.0,0.0,,,0.0,0,0,0,True,False,True,missing,0.0,adequate,<=400bps,347.42,1.0,0,0,1.0,0,1.0,0,,False,no_upcoming,-0.150867,price_history,,4,0.9747,price_history,,-0.283211,,62.6738,0.3475,-0.073945,-0.209266,late,mid,none,commercial_biotech,morningstar,,,,0,0.8910317052782421781705278242,39.68,41.25000000000000000000000000,71.5,34.46,7.240718721099220504690183645,52.00000000000000000000000000,6.4895,-1.5941,3.0,434,3,0.6667,0.0407,0,0,0.0,0.4,0.5,other,-0.4386,uncrowded,1.0,217,-0.015220797979797982,0.090336,-1.3387,18.59,0.35084,-0.3831
HRMY,"Harmony Biosciences Holdings, I",122,0.86,B,high_quality+no_catalyst_data,,,B,0.888655,0.95,1,,0,,,0,no_upcoming,9,neutral,drawdown_data_missing,L,sponsor_confirmed,clinical_score:-40.5;financial_score:+31.5;smart_money_score:+9.0,tier=;reason=;cat_days=NA;strength=missing;decay_w=0.0,v1.3.0,31f399e0,1,,0,,"{""burn_ttm"": 0.0, ""cash_total"": 775340000.0, ""dilution_risk"": null, ""has_revenue"": null, ""lead_phase"": null, ""runway_months"": null, ""stage_bucket"": ""late"", ""surv_score"": ""2.0"", ""tier1_count"": 3}",late|none|nonpos,-0.015220797979797982,76.15,-0.3718,726,1,-1.7545,-0.3718,3,3,selling,0.0816,elite_3,0.0,0.0,0.0,,,0.0,0,0,0,True,False,True,missing,0.0,adequate,<=1000bps,643.37,0.85,1,0,1.0,0,1.0,0,,False,no_upcoming,,,beta_missing:insufficient_overlap,3,,,insufficient_overlap,,series_too_short,,0.3158,-0.073945,,late,small,none,commercial_biotech,morningstar,,,drawdown,1,0.8486661870503597122302158273,50,41.25000000000000000000000000,54.5,90.00,5,77.000,4.2487,-1.6894,3.0,2049,3,0.6667,0.0024,0,0,0.0,0.4,0.5,other,-0.4386,uncrowded,1.0,212,-0.015220797979797982,0.111345,-1.2194,21.56,0.439076,-0.1533
IOVA,"Iovance Biotherapeutics, Inc.",123,0.52,C,low_quality,,,C,0.233193,0.257692,1,,0,,467,0,specific_days,9,headwind,,M,catalyst_far_lift|sponsor_confirmed|momentum_headwind|runway_short,momentum_score:-13.7;clinical_score:+11.2;smart_money_score:+10.4,tier=;reason=;cat_days=467;strength=far;decay_w=0.3,v1.3.0,31f399e0,1,,0,,"{""burn_ttm"": 302408000.0, ""cash_total"": 296980000.0, ""dilution_risk"": null, ""has_revenue"": null, ""lead_phase"": null, ""runway_months"": 11.784608872781144, ""stage_bucket"": ""mid"", ""surv_score"": ""-1.0"", ""tier1_count"": 2}",mid|far_271_540|pos,0.1,38.985442,0.4271,0,1,0.4945,0.4271,2,2,neutral,-0.3232,elite_2,0.0,0.0,0.0,,,0.0,0,0,0,True,False,True,far,0.3,short,<=1000bps,449.86,0.85,1,0,1.0,0,1.0,0,467,False,specific_days,-0.191608,price_history,,2,0.9899,price_history,,-0.287317,,49.7903,0.9724,-0.073945,-0.213372,mid,small,sev2,commercial_biotech,morningstar,,,,0,0.7639043959769465476325008476,30.85,45.56250000000000000000000000,55.0,47.94,55.74468085106382978723404256,35.63653739751521553241788643,55.6548,0.4971,2.0,467,14,1.0,0.1799,1,0,0.0,0.3,0.95,oncology,0.7369,highly_crowded,1.0,56,0.1,0.766807,0.7284,12.02,0.107143,-1.2419
STOK,"Stoke Therapeutics, Inc.",124,0.86,C,low_quality+no_catalyst_data,,,C,0.422269,0.265385,1,,0,,,0,no_upcoming,9,neutral,,L,sponsor_confirmed,smart_money_score:+25.9;financial_score:-21.4;clinical_score:+15.9,tier=;reason=;cat_days=NA;strength=missing;decay_w=0.0,v1.3.0,31f399e0,1,,0,,"{""burn_ttm"": 0.0, ""cash_total"": 83394000.0, ""dilution_risk"": null, ""has_revenue"": null, ""lead_phase"": null, ""runway_months"": null, ""stage_bucket"": ""early"", ""surv_score"": ""5.0"", ""tier1_count"": 6}",early|none|pos,0.1,39.410821,-1.2564,1180,1,1.1263,-1.2564,6,6,buying,1.2961,elite_6,0.0,0.0,0.0,,,0.0,0,0,0,True,False,True,missing,0.0,adequate,<=1000bps,603.91,0.85,1,0,1.0,0,1.0,0,,False,no_upcoming,-0.03962,price_history,,6,0.9065,price_history,,-0.180966,,55.0084,0.7422,-0.073945,-0.107021,early,mid,none,commercial_biotech,morningstar,,,,0,0.7793348565121412803532008830,46.61,41.25000000000000000000000000,80.0,43.92,70.00000000000000000000000000,32.70404663923182441700960219,68.8429,1.0581,1.0,1180,1,0.0,0.0,0,0,0.0,0.3,0.5,other,-3.2599,uncrowded,1.0,101,0.1,0.577731,0.1961,44.36,0.863445,1.0959
ZYME,Zymeworks Inc.,125,0.52,C,low_quality+no_catalyst_data,,,C,0.497899,0.457692,1,,0,,,0,no_upcoming,9,headwind,deep_drawdown|deep_drawdown_rel_xbi,M,sponsor_confirmed|momentum_headwind,smart_money_score:+25.8;momentum_score:-24.5;catalyst_score:-10.0,tier=;reason=;cat_days=NA;strength=missing;decay_w=0.0,v1.3.0,31f399e0,1,,0,,"{""burn_ttm"": 22746000.0, ""cash_total"": 64834000.0, ""dilution_risk"": null, ""has_revenue"": null, ""lead_phase"": null, ""runway_months"": 34.204167765761014, ""stage_bucket"": ""mid"", ""surv_score"": ""3.0"", ""tier1_count"": 7}",mid|none|pos,0.1,46.386043,-0.751,1295,1,0.6359,-0.751,7,7,buying,1.7009,elite_7,0.0,0.0,0.0,,,0.0,0,0,0,True,False,True,missing,0.0,adequate,<=1000bps,781.08,0.85,1,0,1.0,0,1.0,0,,False,no_upcoming,-0.286208,price_history,,7,1.0523,price_history,,-0.395382,,43.5092,0.7975,-0.073945,-0.321437,mid,small,none,commercial_biotech,morningstar,,,,0,0.8060521264307466134621442823,26.76,41.25000000000000000000000000,77.0,50,58.93617021276595744680851064,52.29787234042553191489361702,58.4791,0.6173,2.0,1295,2,0.3333,0.0,0,0,0.0,0.3,0.95,oncology,-0.4386,uncrowded,1.0,119,0.1,0.502101,0.0053,41.97,0.817227,0.9048
ANAB,"AnaptysBio, Inc.",126,0.52,C,low_quality+no_catalyst_data,,,C,0.023109,0.203846,1,,0,,,0,no_upcoming,9,headwind,,M,sponsor_confirmed|momentum_headwind,smart_money_score:+19.2;clinical_score:+18.7;financial_score:-14.1,tier=;reason=;cat_days=NA;strength=missing;decay_w=0.0,v1.3.0,31f399e0,1,,0,,"{""burn_ttm"": 78300000.0, ""cash_total"": 109833000.0, ""dilution_risk"": null, ""has_revenue"": null, ""lead_phase"": null, ""runway_months"": 16.83264367816092, ""stage_bucket"": ""mid"", ""surv_score"": ""2.0"", ""tier1_count"": 5}",mid|none|pos,0.1,36.992208,0.2981,12,1,1.1734,0.2981,5,5,buying,0.8913,elite_5,0.0,0.0,0.0,,,0.0,0,0,0,True,False,True,missing,0.0,adequate,<=1000bps,634.48,0.85,1,0,1.0,0,1.0,0,,False,no_upcoming,-0.208631,price_history,,5,1.3322,price_history,,-0.2725,,39.6894,0.5912,-0.073945,-0.198555,mid,small,sev1,commercial_biotech,morningstar,,,,0,0.8316715246636771300448430493,39.72,41.25000000000000000000000000,71.5,33.87,71.06382978723404255319148936,38.20823902218198279764599367,71.6348,1.1769,2.0,12,5,1.0,0.9048,1,1,0.0,0.4,0.5,respiratory,0.7369,highly_crowded,1.0,6,0.1,0.976891,1.9934,37.43,0.72479,0.5971
TWST,Twist Bioscience Corporation,127,0.86,C,mod_quality+no_catalyst_data,,,C,0.455882,0.688462,1,,0,,,0,no_upcoming,9,tailwind,,L,momentum_tailwind,momentum_score:+34.5;catalyst_score:-16.3;financial_score:-14.2,tier=;reason=;cat_days=NA;strength=missing;decay_w=0.0,v1.3.0,31f399e0,1,,0,,"{""burn_ttm"": 24814000.0, ""cash_total"": 197949000.0, ""dilution_risk"": null, ""has_revenue"": null, ""lead_phase"": null, ""runway_months"": 95.72773434351576, ""stage_bucket"": ""early"", ""surv_score"": ""1.0"", ""tier1_count"": 1}",early|none|nonpos,0.1,55.401853,-1.4008,,0,,-1.4008,1,1,selling,-0.728,elite_1,0.0,0.0,0.0,,,0.0,0,0,0,True,False,True,missing,0.0,adequate,<=1000bps,402.96,0.85,1,0,1.0,0,1.0,0,,False,no_upcoming,0.765023,price_history,,1,1.5044,price_history,,-0.037415,,60.9127,0.6351,-0.073945,0.03653,early,mid,none,platform_diagnostics,morningstar,,,,0,0.7583047126436781609195402299,92.06,41.25000000000000000000000000,49.5,50,61.66666666666666666666666666,43.31078532235939643347050755,60.5654,0.706,0.0,,1,0.0,0.0,0,0,0.0,0.0,0.75,cardiovascular,0.7369,highly_crowded,1.0,109,0.1,0.544118,0.1108,38.84,0.75,0.6745
APLS,"Apellis Pharmaceuticals, Inc.",128,0.52,C,low_quality+no_catalyst_data,,,C,0.539916,0.426923,1,,0,,,0,no_upcoming,9,headwind,,M,sponsor_confirmed|momentum_headwind,momentum_score:-19.9;financial_score:+18.9;smart_money_score:+15.9,tier=;reason=;cat_days=NA;strength=missing;decay_w=0.0,v1.3.0,31f399e0,1,,0,,"{""burn_ttm"": 0.0, ""cash_total"": 466233000.0, ""dilution_risk"": null, ""has_revenue"": null, ""lead_phase"": null, ""runway_months"": null, ""stage_bucket"": ""late"", ""surv_score"": ""3.0"", ""tier1_count"": 6}",late|none|pos,0.07410067924528302,45.787,-0.0889,176,1,0.4233,-0.0889,6,6,buying,1.2961,elite_6,0.0,0.0,0.0,,,0.0,0,0,0,True,False,True,missing,0.0,adequate,<=1000bps,418.5,0.85,1,0,1.0,0,1.0,0,,False,no_upcoming,-0.207295,price_history,,6,1.1185,price_history,,-0.316039,,54.7591,0.7133,-0.073945,-0.242094,late,mid,none,commercial_biotech,morningstar,,,,0,0.8657384937739463601532567050,35.24,41.25000000000000000000000000,71.0,15.54,54.13793103448275862068965517,74.00000000000000000000000000,53.4314,0.4026,3.0,223,9,1.0,0.4472,0,0,0.0,0.3,0.55,infectious_disease,-0.4386,uncrowded,1.0,129,0.07410067924528302,0.460084,-0.1002,38.20,0.741597,0.6483
MEDP,"Medpace Holdings, Inc.",129,1.01,C,low_quality+no_catalyst_data,,,C,0.283613,0.45,1,,0,,,0,no_upcoming,9,tailwind,,L,momentum_tailwind,catalyst_score:-13.7;momentum_score:+10.1;clinical_score:+8.4,tier=;reason=;cat_days=NA;strength=missing;decay_w=0.0,v1.3.0,31f399e0,1,,0,,"{""burn_ttm"": 0.0, ""cash_total"": 497049000.0, ""dilution_risk"": null, ""has_revenue"": null, ""lead_phase"": null, ""runway_months"": null, ""stage_bucket"": ""early"", ""surv_score"": ""3.0"", ""tier1_count"": 0}",early|none|nonpos,0.1,46.384,-1.3993,,0,,-1.3993,0,0,neutral,-1.1328,,0.0,0.0,0.0,,,0.0,0,0,0,True,False,True,missing,0.0,adequate,<=400bps,270.97,1.0,0,0,1.0,0,1.0,0,,False,no_upcoming,0.27562,price_history,,0,0.6163,price_history,,-0.025056,,61.2754,0.2643,-0.073945,0.048889,early,large,none,platform_diagnostics,morningstar,,,,0,0.8051694049682264586943963027,65.03,41.25000000000000000000000000,,31.08,63.33333333333333333333333333,50,61.8821,0.762,0.0,,3,0.0,0.0,0,0,0.0,0.0,0.5,dermatology,-3.495,uncrowded,1.0,68,0.1,0.716387,0.5721,35.67,0.686975,0.4873
XERS,"Xeris Biopharma Holdings, Inc.",130,0.86,C,low_quality+no_catalyst_data,,,C,0.493697,0.073077,1,,0,,,0,no_upcoming,9,neutral,drawdown_data_missing,L,sponsor_confirmed,smart_money_score:+23.7;clinical_score:-22.7;financial_score:-15.6,tier=;reason=;cat_days=NA;strength=missing;decay_w=0.0,v1.3.0,31f399e0,1,,0,,"{""burn_ttm"": 0.0, ""cash_total"": 91598000.0, ""dilution_risk"": null, ""has_revenue"": null, ""lead_phase"": null, ""runway_months"": null, ""stage_bucket"": ""early"", ""surv_score"": ""-1.0"", ""tier1_count"": 3}",early|none|nonpos,0.1,27.669104,-1.5082,,0,-1.0854,-1.5082,3,3,buying,0.0816,elite_3,0.0,0.0,0.0,,,0.0,0,0,0,True,False,True,missing,0.0,adequate,<=1000bps,895.88,0.85,1,0,1.0,0,1.0,0,,False,no_upcoming,,,beta_missing:series_too_short,3,,,series_too_short,,no_price_series,,0.6845,-0.073945,,early,small,sev1,commercial_biotech,morningstar,,,drawdown,1,0.7038885059978189749182115594,50,50,66.5,15.54,20.09602194787379972565157750,27.17800845828527489427143407,20.271,-1.0079,,,,,,,,,,,,-1.6141,unknown,1.0,118,0.1,0.506303,0.0158,17.01,0.27521,-0.5971
DAWN,"Day One Biopharmaceuticals, Inc.",131,0.52,C,mod_quality+no_catalyst_data,,,C,0.144958,0.788462,1,,0,,,0,no_upcoming,9,neutral,deep_drawdown|deep_drawdown_rel_xbi,M,,financial_score:+20.5;catalyst_score:-18.2;clinical_score:+11.8,tier=;reason=;cat_days=NA;strength=missing;decay_w=0.0,v1.3.0,31f399e0,1,,0,,"{""burn_ttm"": 103757000.0, ""cash_total"": 441113000.0, ""dilution_risk"": null, ""has_revenue"": null, ""lead_phase"": null, ""runway_months"": 51.01685669400619, ""stage_bucket"": ""early"", ""surv_score"": ""4.0"", ""tier1_count"": 1}",early|none|pos,0.1,63.5,-1.2542,1958,1,1.1817,-1.2542,1,1,neutral,-0.728,elite_1,0.0,0.0,0.0,,,0.0,0,0,0,True,False,True,missing,0.0,adequate,<=1000bps,612.55,0.85,1,0,1.0,0,1.0,0,,False,no_upcoming,,,beta_missing:series_too_short,1,,,series_too_short,-0.3552,,52.2,0.8040,-0.073945,-0.281255,early,small,none,commercial_biotech,morningstar,,,,0,0.7571584426314158835071775276,50,41.25000000000000000000000000,55.0,50,71.25000000000000000000000000,80.0,70.1529,1.1138,1.0,1958,1,0.0,0.0,0,0,1.0,0.3,0.5,other,0.7369,highly_crowded,1.0,35,0.1,0.855042,1.0583,53.34,0.972689,1.9219
VTRS,Viatris Inc.,132,0.61,C,low_quality+no_catalyst_data,,,C,0.476891,0.419231,1,,0,,,0,no_upcoming,9,headwind,,M,sponsor_confirmed|momentum_headwind,clinical_score:-23.7;smart_money_score:+16.7;financial_score:+7.1,tier=;reason=;cat_days=NA;strength=missing;decay_w=0.0,v1.3.0,31f399e0,1,,0,,"{""burn_ttm"": 0.0, ""cash_total"": 975300000.0, ""dilution_risk"": null, ""has_revenue"": null, ""lead_phase"": null, ""runway_months"": null, ""stage_bucket"": ""early"", ""surv_score"": ""-1.0"", ""tier1_count"": 2}",early|none|nonpos,0.1,45.36,-1.5082,,0,-1.2913,-1.5082,2,2,buying,-0.3232,elite_2,0.0,0.0,0.0,,,0.0,0,0,0,True,False,True,missing,0.0,adequate,<=400bps,271.14,1.0,0,0,1.0,0,1.0,0,,False,no_upcoming,-0.104604,price_history,,2,0.3621,price_history,,-0.300219,,44.6259,0.337,-0.073945,-0.226274,early,large,sev1,commercial_pharma,morningstar,,,,0,0.7535327426546244426660569338,37.35,50,60.5,42.90,20.09602194787379972565157750,50.83333333333333333333333333,20.271,-1.0079,,,,,,,,,,,,-1.6141,unknown,1.0,114,0.1,0.523109,0.058,21.67,0.447479,-0.132
VCYT,"Veracyte, Inc.",133,0.86,C,mod_quality+no_catalyst_data,,,C,0.464286,0.603846,1,,0,,,0,no_upcoming,9,tailwind,,L,sponsor_confirmed|momentum_tailwind,clinical_score:-30.3;momentum_score:+17.3;smart_money_score:+10.6,tier=;reason=;cat_days=NA;strength=missing;decay_w=0.0,v1.3.0,31f399e0,1,,0,,"{""burn_ttm"": 0.0, ""cash_total"": 315573000.0, ""dilution_risk"": null, ""has_revenue"": null, ""lead_phase"": null, ""runway_months"": null, ""stage_bucket"": ""early"", ""surv_score"": ""2.0"", ""tier1_count"": 2}",early|none|nonpos,0.1,51.969,-1.5082,,0,,-1.5082,2,2,buying,-0.3232,elite_2,0.0,0.0,0.0,,,0.0,0,0,0,True,False,True,missing,0.0,adequate,<=1000bps,583.25,0.85,1,0,1.0,0,1.0,0,,False,no_upcoming,0.289131,price_history,,2,0.8572,price_history,,-0.001682,,64.0668,0.6453,-0.073945,0.072263,early,mid,sev1,platform_diagnostics,morningstar,,,,0,0.6976459637745974955277280859,67.71,50,61.0,41.22,20.09602194787379972565157750,53.33333333333333333333333334,20.271,-1.0079,,,,,,,,,,,,-1.6141,unknown,1.0,111,0.1,0.535714,0.0896,18.46,0.338235,-0.4173
SERA,"Sera Prognostics, Inc.",134,0.17,C,mod_quality+no_catalyst_data,,,C,0.401261,0.834615,1,,0,,,0,no_upcoming,9,neutral,drawdown_data_missing,S,cost_haircut_>2000bps,catalyst_score:-10.0;financial_score:+8.2;smart_money_score:+4.3,tier=;reason=;cat_days=NA;strength=missing;decay_w=0.0,v1.3.0,31f399e0,1,,0,,"{""burn_ttm"": 19503000.0, ""cash_total"": 43304000.0, ""dilution_risk"": null, ""has_revenue"": null, ""lead_phase"": null, ""runway_months"": 26.633591307467583, ""stage_bucket"": ""early"", ""surv_score"": ""3.0"", ""tier1_count"": 1}",early|none|nonpos,0.1,66.6205,-1.4607,,0,,-1.4607,1,1,buying,-0.728,elite_1,0.0,0.0,0.0,,,0.0,0,0,0,True,False,True,missing,0.0,adequate,>2000bps,2050.0,0.55,1,0,1.0,0,1.0,0,,False,no_upcoming,,,beta_missing:series_too_short,1,,,series_too_short,,no_price_series,,,-0.073945,,early,micro,none,platform_devices,morningstar,,,drawdown,1,0.7541478723404255319148936170,50,41.25000000000000000000000000,55.5,85.38,50,59.41666666666666666666666666,48.5487,0.1949,0.0,1568,3,0.0,0.0,0,0,0.0,0.0,0.5,other,-2.0844,uncrowded,1.0,96,0.1,0.598739,0.2501,30.80,0.611345,0.2828
TKNO,"Alpha Teknova, Inc.",135,0.17,C,low_quality+no_catalyst_data,,,C,0.443277,0.442308,1,,0,,,0,no_upcoming,9,neutral,drawdown_data_missing,S,cost_haircut_>2000bps,clinical_score:-20.3;catalyst_score:+9.6;momentum_score:+9.6,tier=;reason=;cat_days=NA;strength=missing;decay_w=0.0,v1.3.0,31f399e0,1,,0,,"{""burn_ttm"": 8184000.0, ""cash_total"": 22116000.0, ""dilution_risk"": null, ""has_revenue"": null, ""lead_phase"": null, ""runway_months"": 32.42815249266862, ""stage_bucket"": ""early"", ""surv_score"": ""-1.0"", ""tier1_count"": 0}",early|none|nonpos,0.1,46.204321,-1.5082,,0,-1.2913,-1.5082,0,0,neutral,-1.1328,,0.0,0.0,0.0,,,0.0,0,0,0,True,False,True,missing,0.0,adequate,>2000bps,2036.0,0.55,1,0,1.0,0,1.0,0,,False,no_upcoming,,,beta_missing:series_too_short,0,,,series_too_short,,no_price_series,,0.5979,-0.073945,,early,micro,sev1,commercial_pharma,morningstar,,,drawdown,1,0.6804534095591264936135146271,50,50,,50,20.09602194787379972565157750,41.56515775034293552812071331,20.271,-1.0079,,,,,,,,,,,,-1.6141,unknown,1.0,106,0.1,0.556723,0.1427,14.81,0.186975,-0.8891
ARWR,"Arrowhead Pharmaceuticals, Inc.",136,1.01,C,low_quality+no_catalyst_data,,,C,0.035714,0.334615,1,,0,,,0,no_upcoming,9,tailwind,deep_drawdown_rel_xbi,L,sponsor_confirmed|momentum_tailwind,clinical_score:-20.7;smart_money_score:+12.7;financial_score:+8.7,tier=;reason=;cat_days=NA;strength=missing;decay_w=0.0,v1.3.0,31f399e0,1,,0,,"{""burn_ttm"": 0.0, ""cash_total"": 714967000.0, ""dilution_risk"": null, ""has_revenue"": null, ""lead_phase"": null, ""runway_months"": null, ""stage_bucket"": ""mid"", ""surv_score"": ""5.0"", ""tier1_count"": 2}",mid|none|nonpos,0.1,42.014574,0.4016,0,1,-0.7546,0.4016,2,2,buying,-0.3232,elite_2,0.0,0.0,0.0,,,0.0,0,0,0,True,False,True,missing,0.0,adequate,<=400bps,234.38,1.0,0,0,1.0,0,1.0,0,,False,no_upcoming,0.176849,price_history,,2,1.2302,price_history,,-0.326838,,46.6996,0.7267,-0.073945,-0.252893,mid,mid,none,commercial_biotech,morningstar,,,,0,0.7624278870218090811583839828,54.58,41.25000000000000000000000000,61.0,15.54,27.56048488506614355414717570,57.02127659574468085106382979,26.8755,-0.727,2.0,444,10,1.0,0.1583,0,0,0.0,0.4,0.5,respiratory,-0.4386,uncrowded,1.0,9,0.1,0.964286,1.8027,25.84,0.531513,0.0791
AMLX,"Amylyx Pharmaceuticals, Inc.",137,0.86,C,mod_quality+no_catalyst_data,,,C,0.018908,0.634615,1,,0,,,0,no_upcoming,9,neutral,drawdown_data_missing,L,sponsor_confirmed,catalyst_score:-23.9;smart_money_score:+19.8;momentum_score:-15.2,tier=;reason=;cat_days=NA;strength=missing;decay_w=0.0,v1.3.0,31f399e0,1,,0,,"{""burn_ttm"": 95440000.0, ""cash_total"": 343990000.0, ""dilution_risk"": null, ""has_revenue"": null, ""lead_phase"": null, ""runway_months"": 43.251047778709136, ""stage_bucket"": ""mid"", ""surv_score"": ""5.0"", ""tier1_count"": 9}",mid|none|pos,0.1,52.609766,-0.1343,62,1,1.1935,-0.1343,9,9,buying,2.5105,elite_9,0.0,0.0,0.0,,,0.0,0,0,0,True,False,True,missing,0.0,adequate,<=1000bps,684.74,0.85,1,0,1.0,0,1.0,0,,False,no_upcoming,,,beta_missing:series_too_short,9,,,series_too_short,,no_price_series,,0.6469,-0.073945,,mid,small,none,commercial_pharma,morningstar,,,drawdown,1,0.8413891054918124094909212432,50,41.25000000000000000000000000,85,27.42,76.17021276595744680851063830,73.36170212765957446808510638,76.6395,1.3897,2.0,62,3,0.6667,0.7992,1,1,0.0,0.4,0.6,cns,0.7369,highly_crowded,1.0,5,0.1,0.981092,2.0769,55.62,0.997899,2.8626
RPRX,Royalty Pharma plc,138,0.61,C,mod_quality+no_catalyst_data,,,C,0.384454,0.657692,1,,0,,,0,no_upcoming,9,neutral,drawdown_data_missing,M,,clinical_score:-23.4;smart_money_score:+9.0;catalyst_score:+6.5,tier=;reason=;cat_days=NA;strength=missing;decay_w=0.0,v1.3.0,31f399e0,1,,0,,"{""burn_ttm"": 0.0, ""cash_total"": 618696000.0, ""dilution_risk"": null, ""has_revenue"": null, ""lead_phase"": null, ""runway_months"": null, ""stage_bucket"": ""early"", ""surv_score"": ""3.0"", ""tier1_count"": 1}",early|none|nonpos,0.1,53.465222,-1.5082,,0,-1.0854,-1.5082,1,1,neutral,-0.728,elite_1,0.0,0.0,0.0,,,0.0,0,0,0,True,False,True,missing,0.0,adequate,<=400bps,240.28,1.0,0,0,1.0,0,1.0,0,,False,no_upcoming,-0.103775,price_history,,1,0.7192,price_history,,,series_too_short,41.3296,0.257,-0.073945,,early,large,sev1,commercial_biotech,morningstar,,,drawdown,1,0.7531823381377259208419126058,50,50,52.5,66.23,20.09602194787379972565157750,45.07716049382716049382716049,20.271,-1.0079,,,,,,,,,,,,-1.6141,unknown,1.0,92,0.1,0.615546,0.2938,17.97,0.32563,-0.452
HROW,"Harrow, Inc.",139,0.86,C,low_quality+no_catalyst_data,,,C,0.203782,0.15,1,,0,,,0,no_upcoming,9,tailwind,overbought_rsi,L,momentum_tailwind,financial_score:-19.9;momentum_score:+13.0;clinical_score:+9.5,tier=;reason=;cat_days=NA;strength=missing;decay_w=0.0,v1.3.0,31f399e0,1,,0,,"{""burn_ttm"": 0.0, ""cash_total"": 74290000.0, ""dilution_risk"": null, ""has_revenue"": null, ""lead_phase"": null, ""runway_months"": null, ""stage_bucket"": ""early"", ""surv_score"": ""-1.0"", ""tier1_count"": 1}",early|none|pos,0.1,31.367006,-1.4176,,0,0.4401,-1.4176,1,1,buying,-0.728,elite_1,0.0,0.0,0.0,,,0.0,0,0,0,True,False,True,missing,0.0,adequate,<=1000bps,581.17,0.85,1,0,1.0,0,1.0,0,,False,no_upcoming,0.313805,price_history,,1,0.4097,price_history,,-0.049248,,73.3207,0.6339,-0.073945,0.024697,early,mid,none,commercial_pharma,morningstar,,,,0,0.7660734286664449617559028932,62.63,41.25000000000000000000000000,55.5,15.54,59.16666666666666666666666667,29.78223593964334705075445816,57.3654,0.5699,0.0,,2,0.0,0.0,0,0,0.0,0.0,0.55,infectious_disease,0.7369,highly_crowded,1.0,49,0.1,0.796218,0.8282,35.16,0.67437,0.452
RGEN,Repligen Corporation,140,1.01,C,low_quality+no_catalyst_data,,,C,0.371849,0.503846,1,,0,,,0,no_upcoming,9,tailwind,,L,sponsor_confirmed|momentum_tailwind,clinical_score:-27.7;momentum_score:+20.3;smart_money_score:+12.7,tier=;reason=;cat_days=NA;strength=missing;decay_w=0.0,v1.3.0,31f399e0,1,,0,,"{""burn_ttm"": 0.0, ""cash_total"": 748747000.0, ""dilution_risk"": null, ""has_revenue"": null, ""lead_phase"": null, ""runway_months"": null, ""stage_bucket"": ""early"", ""surv_score"": ""-1.0"", ""tier1_count"": 3}",early|none|nonpos,0.1,47.983389,-1.5082,,0,,-1.5082,3,3,buying,0.0816,elite_3,0.0,0.0,0.0,,,0.0,0,0,0,True,False,True,missing,0.0,adequate,<=400bps,336.3,1.0,0,0,1.0,0,1.0,0,,False,no_upcoming,0.107787,price_history,,3,0.755,price_history,,-0.04189,,61.8276,0.4218,-0.073945,0.032055,early,mid,sev1,platform_devices,morningstar,,,,0,0.7118419308197085974863752642,68.04,50,60.5,46.39,20.09602194787379972565157750,40.30864197530864197530864198,20.271,-1.0079,,,,,,,,,,,,-1.6141,unknown,1.0,89,0.1,0.628151,0.327,18.97,0.363445,-0.3493
IDYA,"IDEAYA Biosciences, Inc.",141,0.86,C,mod_quality+no_catalyst_data,,,C,0.207983,0.742308,1,,0,,,0,no_upcoming,9,tailwind,deep_drawdown|deep_drawdown_rel_xbi,L,sponsor_confirmed|momentum_tailwind,catalyst_score:-21.6;financial_score:+17.2;momentum_score:+9.2,tier=;reason=;cat_days=NA;strength=missing;decay_w=0.0,v1.3.0,31f399e0,1,,0,,"{""burn_ttm"": 71098000.0, ""cash_total"": 639388000.0, ""dilution_risk"": null, ""has_revenue"": null, ""lead_phase"": null, ""runway_months"": 107.9166221272047, ""stage_bucket"": ""early"", ""surv_score"": ""5.0"", ""tier1_count"": 6}",early|none|pos,0.1,58.8825,-1.3241,2352,1,0.4984,-1.3241,6,6,neutral,1.2961,elite_6,0.0,0.0,0.0,,,0.0,0,0,0,True,False,True,missing,0.0,adequate,<=1000bps,591.25,0.85,1,0,1.0,0,1.0,0,,False,no_upcoming,0.1549,price_history,,6,0.4442,price_history,,-0.3958,,42.2655,0.3864,-0.073945,-0.321855,early,mid,none,commercial_biotech,morningstar,,,,0,0.7999746966688727112287668211,72.01,41.25000000000000000000000000,65.0,24.23,55.83333333333333333333333333,80.0,55.0262,0.4704,1.0,2352,1,0.0,0.0,0,0,0.0,0.3,0.85,oncology,0.7369,highly_crowded,1.0,50,0.1,0.792017,0.8134,48.19,0.918067,1.3922
PSNL,"Personalis, Inc.",142,0.86,C,mod_quality+no_catalyst_data,,,C,0.346639,0.757692,1,,0,,,0,no_upcoming,9,tailwind,,L,momentum_tailwind,momentum_score:+42.1;clinical_score:-34.3;catalyst_score:-4.4,tier=;reason=;cat_days=NA;strength=missing;decay_w=0.0,v1.3.0,31f399e0,1,,0,,"{""burn_ttm"": 52700000.0, ""cash_total"": 150515000.0, ""dilution_risk"": null, ""has_revenue"": null, ""lead_phase"": null, ""runway_months"": 34.18205904617714, ""stage_bucket"": ""early"", ""surv_score"": ""3.0"", ""tier1_count"": 0}",early|none|nonpos,0.1,59.786471,-1.5082,,0,,-1.5082,0,0,neutral,-1.1328,,0.0,0.0,0.0,,,0.0,0,0,0,True,False,True,missing,0.0,adequate,<=1000bps,905.17,0.85,1,0,1.0,0,1.0,0,,False,no_upcoming,0.871609,price_history,,0,1.288,price_history,,-0.027061,,68.3553,1.0777,-0.073945,0.046884,early,small,sev1,platform_diagnostics,morningstar,,,,0,0.6179161438728565453785027185,96.55,50,,50,20.09602194787379972565157750,51.05882352941176470588235294,20.271,-1.0079,,,,,,,,,,,,-1.6141,unknown,1.0,83,0.1,0.653361,0.3944,14.58,0.182773,-0.9048
PRVA,"Privia Health Group, Inc.",143,0.52,C,low_quality+no_catalyst_data,,,C,0.342437,0.25,1,,0,,,0,no_upcoming,9,neutral,,M,,clinical_score:-25.4;smart_money_score:+10.0;financial_score:+6.2,tier=;reason=;cat_days=NA;strength=missing;decay_w=0.0,v1.3.0,31f399e0,1,,0,,"{""burn_ttm"": 0.0, ""cash_total"": 441352000.0, ""dilution_risk"": null, ""has_revenue"": null, ""lead_phase"": null, ""runway_months"": null, ""stage_bucket"": ""early"", ""surv_score"": ""3.0"", ""tier1_count"": 1}",early|none|nonpos,0.1,38.689,-1.5082,,0,,-1.5082,1,1,buying,-0.728,elite_1,0.0,0.0,0.0,,,0.0,0,0,0,True,False,True,missing,0.0,adequate,<=1000bps,754.69,0.85,1,0,1.0,0,1.0,0,,False,no_upcoming,,,beta_missing:series_too_short,1,,,series_too_short,-0.1587,,40.4,0.2771,-0.073945,-0.084755,early,mid,sev1,platform_services,morningstar,,,,0,0.7247565236719270949099799956,50,50,55.5,15.54,20.09602194787379972565157750,51.66666666666666666666666667,20.271,-1.0079,,,,,,,,,,,,-1.6141,unknown,1.0,82,0.1,0.657563,0.4058,18.79,0.359244,-0.3605
PCRX,"Pacira BioSciences, Inc.",144,0.86,B,high_quality+no_catalyst_data,,,B,0.32563,0.873077,1,,0,,,0,no_upcoming,9,tailwind,,L,momentum_tailwind,clinical_score:-27.6;momentum_score:+19.3;financial_score:+14.7,tier=;reason=;cat_days=NA;strength=missing;decay_w=0.0,v1.3.0,31f399e0,1,,0,,"{""burn_ttm"": 0.0, ""cash_total"": 246334000.0, ""dilution_risk"": null, ""has_revenue"": null, ""lead_phase"": null, ""runway_months"": null, ""stage_bucket"": ""early"", ""surv_score"": ""-1.0"", ""tier1_count"": 0}",early|none|nonpos,0.1,70.074824,-1.5082,,0,-1.2913,-1.5082,0,0,neutral,-1.1328,,0.0,0.0,0.0,,,0.0,0,0,0,True,False,True,missing,0.0,adequate,<=1000bps,713.74,0.85,1,0,1.0,0,1.0,0,,False,no_upcoming,0.314123,price_history,,0,0.6208,price_history,,-0.032566,,62.0796,0.3370,-0.073945,0.041379,early,small,sev1,commercial_pharma,morningstar,,,,0,0.7293044343691252902797744111,67.00,41.25000000000000000000000000,,81.76,20.09602194787379972565157750,62.35294117647058823529411765,18.7048,-1.0745,,,,,0.0,0,0,,0.0,0.5,other,-3.495,uncrowded,1.0,78,0.1,0.67437,0.452,20.38,0.401261,-0.2501
PAHC,Phibro Animal Health Corporatio,145,0.26,C,low_quality+no_catalyst_data,,,C,0.321429,0.026923,1,,0,,,0,no_upcoming,9,headwind,,S,momentum_headwind,catalyst_score:+19.3;clinical_score:-10.6;momentum_score:-4.9,tier=;reason=;cat_days=NA;strength=missing;decay_w=0.0,v1.3.0,31f399e0,1,,0,,"{""burn_ttm"": 0.0, ""cash_total"": 74508000.0, ""dilution_risk"": null, ""has_revenue"": null, ""lead_phase"": null, ""runway_months"": null, ""stage_bucket"": ""early"", ""surv_score"": ""1.0"", ""tier1_count"": 0}",early|none|nonpos,0.1,22.709056,-1.5082,,0,-1.2913,-1.5082,0,0,neutral,-1.1328,,0.0,0.0,0.0,,,0.0,0,0,0,True,False,True,missing,0.0,adequate,<=1000bps,831.95,0.85,1,0,1.0,0,1.0,0,,False,no_upcoming,-0.288742,price_history,,0,0.4317,price_history,,-0.28791,,35.052,0.4021,-0.073945,-0.213965,early,mid,sev1,commercial_pharma,morningstar,,,,0,0.6964531922080846751491949105,25.76,50,,15.54,20.09602194787379972565157750,26.92901234567901234567901234,20.271,-1.0079,,,,,,,,,,,,-1.6141,unknown,1.0,77,0.1,0.678571,0.4637,13.89,0.144958,-1.0583
PACB,Pacific Biosciences of Californ,146,0.86,B,high_quality+no_catalyst_data,,,B,0.317227,0.926923,1,,0,,,0,no_upcoming,9,tailwind,overbought_rsi,L,sponsor_confirmed|momentum_tailwind,clinical_score:-40.0;momentum_score:+32.4;financial_score:+19.9,tier=;reason=;cat_days=NA;strength=missing;decay_w=0.0,v1.3.0,31f399e0,1,,0,,"{""burn_ttm"": 111209000.0, ""cash_total"": 279506000.0, ""dilution_risk"": null, ""has_revenue"": null, ""lead_phase"": null, ""runway_months"": 30.160076972187504, ""stage_bucket"": ""early"", ""surv_score"": ""1.0"", ""tier1_count"": 2}",early|none|nonpos,0.1,71.996,-1.5082,,0,,-1.5082,2,2,buying,-0.3232,elite_2,0.0,0.0,0.0,,,0.0,0,0,0,True,False,True,missing,0.0,adequate,<=1000bps,913.25,0.85,1,0,1.0,0,1.0,0,,False,no_upcoming,0.763445,price_history,,2,0.9365,price_history,,0.0,,83.6495,1.0113,-0.073945,0.073945,early,small,sev1,platform_devices,morningstar,,,,0,0.6283799231009040839654993245,92.48,50,58.0,50,20.09602194787379972565157750,80.0,20.271,-1.0079,,,,,,,,,,,,-1.6141,unknown,1.0,76,0.1,0.682773,0.4755,20.15,0.384454,-0.2938
OPCH,"Option Care Health, Inc.",147,0.26,C,low_quality+no_catalyst_data,,,C,0.313025,0.296154,1,,0,,,0,no_upcoming,9,headwind,deep_drawdown|deep_drawdown_rel_xbi,S,momentum_headwind,clinical_score:-15.2;catalyst_score:+14.7;financial_score:+8.2,tier=;reason=;cat_days=NA;strength=missing;decay_w=0.0,v1.3.0,31f399e0,1,,0,,"{""burn_ttm"": 0.0, ""cash_total"": 232624000.0, ""dilution_risk"": null, ""has_revenue"": null, ""lead_phase"": null, ""runway_months"": null, ""stage_bucket"": ""early"", ""surv_score"": ""1.0"", ""tier1_count"": 0}",early|none|nonpos,0.1,40.936228,-1.5082,,0,,-1.5082,0,0,neutral,-1.1328,,0.0,0.0,0.0,,,0.0,0,0,0,True,False,True,missing,0.0,adequate,<=1000bps,411.44,0.85,1,0,1.0,0,1.0,0,,False,no_upcoming,-0.30069,price_history,,0,0.8705,price_history,,-0.356233,,40.0125,0.3048,-0.073945,-0.282288,early,mid,sev1,platform_services,morningstar,,,,0,0.7335904344897271808689794544,27.65,50,,45.27,20.09602194787379972565157750,43.47050754458161865569272976,20.271,-1.0079,,,,,,,,,,,,-1.6141,unknown,1.0,75,0.1,0.686975,0.4873,16.86,0.266807,-0.6225
MRVI,"Maravai LifeSciences Holdings, Inc.",148,0.21,C,low_quality+no_catalyst_data,,,C,0.287815,0.542308,1,,0,,,0,no_upcoming,9,neutral,deep_drawdown|deep_drawdown_rel_xbi,S,cost_haircut_<=2000bps,clinical_score:-22.0;catalyst_score:+7.9;momentum_score:+7.9,tier=;reason=;cat_days=NA;strength=missing;decay_w=0.0,v1.3.0,31f399e0,1,,0,,"{""burn_ttm"": 34805000.0, ""cash_total"": 243574000.0, ""dilution_risk"": null, ""has_revenue"": null, ""lead_phase"": null, ""runway_months"": 82.10337595173107, ""stage_bucket"": ""early"", ""surv_score"": ""-2.0"", ""tier1_count"": 0}",early|none|nonpos,0.1,49.210208,-1.5082,,0,-1.0854,-1.5082,0,0,neutral,-1.1328,,0.0,0.0,0.0,,,0.0,0,0,0,True,False,True,missing,0.0,adequate,<=2000bps,1558.12,0.7,1,0,1.0,0,1.0,0,,False,no_upcoming,,,beta_missing:series_too_short,0,,,series_too_short,-0.3562,,56.6,0.6854,-0.073945,-0.282255,early,small,sev1,commercial_biotech,morningstar,,,,0,0.6673151029748283752860411899,50,50,,50,20.09602194787379972565157750,48.24490580545943867743175701,20.271,-1.0079,,,,,,,,,,,,-1.6141,unknown,1.0,69,0.1,0.712185,0.5598,15.36,0.207983,-0.8134
LGND,Ligand Pharmaceuticals Incorporated,149,0.52,C,low_quality+no_catalyst_data,,,C,0.271008,0.365385,1,,0,,,0,no_upcoming,9,neutral,,M,,clinical_score:-25.0;financial_score:+17.4;catalyst_score:+4.9,tier=;reason=;cat_days=NA;strength=missing;decay_w=0.0,v1.3.0,31f399e0,1,,0,,"{""burn_ttm"": 0.0, ""cash_total"": 664522000.0, ""dilution_risk"": null, ""has_revenue"": null, ""lead_phase"": null, ""runway_months"": null, ""stage_bucket"": ""early"", ""surv_score"": ""3.0"", ""tier1_count"": 0}",early|none|nonpos,0.1,43.112,-1.5082,,0,-1.0854,-1.5082,0,0,neutral,-1.1328,,0.0,0.0,0.0,,,0.0,0,0,0,True,False,True,missing,0.0,adequate,<=1000bps,494.19,0.85,1,0,1.0,0,1.0,0,,False,no_upcoming,0.043604,price_history,,0,0.7735,price_history,,-0.116319,,42.3254,0.2960,-0.073945,-0.042374,early,mid,sev1,commercial_biotech,morningstar,,,,0,0.7264388707681925542683612642,47.74,50,,15.54,20.09602194787379972565157750,62.50000000000000000000000000,20.271,-1.0079,,,,,,,,,,,,-1.6141,unknown,1.0,65,0.1,0.728992,0.6098,19.03,0.367647,-0.3381
LFCR,"Lifecore Biomedical, Inc.",150,0.08,C,low_quality+no_catalyst_data,,,C,0.266807,0.011538,1,,0,,,0,no_upcoming,9,headwind,,XS,momentum_headwind|cost_haircut_>2000bps,catalyst_score:+19.7;financial_score:-14.1;clinical_score:-10.2,tier=;reason=;cat_days=NA;strength=missing;decay_w=0.0,v1.3.0,31f399e0,1,,0,,"{""burn_ttm"": 0.0, ""cash_total"": 18856000.0, ""dilution_risk"": null, ""has_revenue"": null, ""lead_phase"": null, ""runway_months"": null, ""stage_bucket"": ""early"", ""surv_score"": ""1.0"", ""tier1_count"": 0}",early|none|nonpos,0.1,19.711895,-1.5082,,0,-1.2913,-1.5082,0,0,neutral,-1.1328,,0.0,0.0,0.0,,,0.0,0,0,0,True,False,True,missing,0.0,adequate,>2000bps,2020.0,0.55,1,0,1.0,0,1.0,0,,False,no_upcoming,-0.128611,price_history,,0,0.0349,price_history,,-0.177226,,49.3481,0.4595,-0.073945,-0.103281,early,micro,sev1,commercial_pharma,morningstar,,,,0,0.7115350097129289876969566156,34.91,50,,15.54,20.09602194787379972565157750,16.20198902606310013717421125,20.271,-1.0079,,,,,,,,,,,,-1.6141,unknown,1.0,64,0.1,0.733193,0.6225,11.61,0.090336,-1.3387
KROS,"Keros Therapeutics, Inc.",151,0.71,B,high_quality+no_catalyst_data,,,B,0.245798,0.980769,1,,0,,,0,no_upcoming,9,tailwind,drawdown_data_missing|overbought_rsi,L,sponsor_confirmed|momentum_tailwind|cost_haircut_<=2000bps,clinical_score:-36.3;momentum_score:+27.2;catalyst_score:-15.2,tier=;reason=;cat_days=NA;strength=missing;decay_w=0.0,v1.3.0,31f399e0,1,,0,,"{""burn_ttm"": 0.0, ""cash_total"": 693472000.0, ""dilution_risk"": null, ""has_revenue"": null, ""lead_phase"": null, ""runway_months"": null, ""stage_bucket"": ""early"", ""surv_score"": ""5.0"", ""tier1_count"": 4}",early|none|nonpos,0.1,80.261412,-1.5082,,0,-1.0854,-1.5082,4,4,buying,0.4865,elite_4,0.0,0.0,0.0,,,0.0,0,0,0,True,False,True,missing,0.0,adequate,<=2000bps,1232.31,0.7,1,0,1.0,0,1.0,0,,False,no_upcoming,0.552873,price_history,,4,0.8603,price_history,,,series_too_short,78.7075,0.4961,-0.073945,,early,small,sev1,commercial_biotech,morningstar,,,drawdown,1,0.7354086291643910431458219552,83.66,41.25000000000000000000000000,66.0,90.00,20.09602194787379972565157750,71.17647058823529411764705883,18.7048,-1.0745,,,,,0.0,0,0,,0.0,0.5,other,-0.4386,uncrowded,1.0,59,0.1,0.754202,0.6878,24.21,0.489496,-0.0263
IMCR,Immunocore Holdings plc,152,0.86,B,high_quality+no_catalyst_data,,,B,0.216387,0.919231,1,,0,,,0,no_upcoming,9,neutral,,L,sponsor_confirmed,clinical_score:-46.2;financial_score:+28.8;smart_money_score:+28.8,tier=;reason=;cat_days=NA;strength=missing;decay_w=0.0,v1.3.0,31f399e0,1,,0,,"{""burn_ttm"": 10712000.0, ""cash_total"": 864153000.0, ""dilution_risk"": null, ""has_revenue"": null, ""lead_phase"": null, ""runway_months"": 453.2667191188041, ""stage_bucket"": ""mid"", ""surv_score"": ""4.0"", ""tier1_count"": 6}",mid|none|nonpos,0.1,71.7985,-0.173,53,1,-1.7545,-0.173,6,6,buying,1.2961,elite_6,0.0,0.0,0.0,,,0.0,0,0,0,True,False,True,missing,0.0,adequate,<=1000bps,888.71,0.85,1,0,1.0,0,1.0,0,,False,no_upcoming,,,beta_missing:series_too_short,6,,,series_too_short,-0.2341,,21.9,0.4195,-0.073945,-0.160155,mid,small,none,commercial_biotech,morningstar,,,,0,0.8655893214682981090100111235,50,41.25000000000000000000000000,80.0,73.71,5,80.0,5.5641,-1.6335,2.0,53,6,1.0,0.6716,1,1,0.0,0.3,0.95,oncology,0.7369,highly_crowded,1.0,52,0.1,0.783613,0.7845,21.03,0.405462,-0.2392
ILMN,"Illumina, Inc.",153,1.01,C,low_quality+no_catalyst_data,,,C,0.212185,0.511538,1,,0,,,0,no_upcoming,9,neutral,,L,sponsor_confirmed,clinical_score:-20.3;smart_money_score:+11.6;momentum_score:+6.5,tier=;reason=;cat_days=NA;strength=missing;decay_w=0.0,v1.3.0,31f399e0,1,,0,,"{""burn_ttm"": 0.0, ""cash_total"": 215000000.0, ""dilution_risk"": null, ""has_revenue"": null, ""lead_phase"": null, ""runway_months"": null, ""stage_bucket"": ""early"", ""surv_score"": ""4.0"", ""tier1_count"": 2}",early|none|nonpos,0.1,48.242951,-1.5082,,0,,-1.5082,2,2,selling,-0.3232,elite_2,0.0,0.0,0.0,,,0.0,0,0,0,True,False,True,missing,0.0,adequate,<=400bps,196.98,1.0,0,0,1.0,0,1.0,0,,False,no_upcoming,-0.112874,price_history,,2,0.6817,price_history,,-0.118955,,42.2827,0.6123,-0.073945,-0.04501,early,large,sev1,platform_diagnostics,morningstar,,,,0,0.5483497145633426454512328434,46.90,41.25000000000000000000000000,52.0,57.19,20.09602194787379972565157750,41.88100137174211248285322360,18.7048,-1.0745,,,,,0.0,0,0,,0.0,0.5,other,-2.7897,uncrowded,1.0,51,0.1,0.787815,0.7989,14.32,0.157563,-1.0045
FTRE,Fortrea Holdings Inc.,154,0.52,C,low_quality+no_catalyst_data,,,C,0.191176,0.573077,1,,0,,,0,no_upcoming,9,neutral,drawdown_data_missing,M,,clinical_score:-23.9;smart_money_score:+11.5;catalyst_score:+6.0,tier=;reason=;cat_days=NA;strength=missing;decay_w=0.0,v1.3.0,31f399e0,1,,0,,"{""burn_ttm"": 15600000.0, ""cash_total"": 131300000.0, ""dilution_risk"": null, ""has_revenue"": null, ""lead_phase"": null, ""runway_months"": 43.69230769230769, ""stage_bucket"": ""early"", ""surv_score"": ""1.0"", ""tier1_count"": 1}",early|none|nonpos,0.1,50.915614,-1.5082,,0,-1.0854,-1.5082,1,1,buying,-0.728,elite_1,0.0,0.0,0.0,,,0.0,0,0,0,True,False,True,missing,0.0,adequate,<=1000bps,770.09,0.85,1,0,1.0,0,1.0,0,,False,no_upcoming,,,beta_missing:series_too_short,1,,,series_too_short,,no_price_series,,0.8315,-0.073945,,early,small,sev1,commercial_biotech,morningstar,,,drawdown,1,0.6175386132106473874465987512,50,50,55.5,59.75,20.09602194787379972565157750,44.45136485966935793925413302,20.271,-1.0079,,,,,,,,,,,,-1.6141,unknown,1.0,46,0.1,0.808824,0.8736,16.37,0.237395,-0.7147
FLGT,"Fulgent Genetics, Inc.",155,0.43,B,high_quality+no_catalyst_data,,,B,0.186975,0.965385,1,,0,,,0,no_upcoming,9,tailwind,overbought_rsi,M,momentum_tailwind|cost_haircut_<=2000bps,momentum_score:+39.7;clinical_score:-36.8;catalyst_score:-6.9,tier=;reason=;cat_days=NA;strength=missing;decay_w=0.0,v1.3.0,31f399e0,1,,0,,"{""burn_ttm"": 23495000.0, ""cash_total"": 117641000.0, ""dilution_risk"": null, ""has_revenue"": null, ""lead_phase"": null, ""runway_months"": 60.08478399659502, ""stage_bucket"": ""early"", ""surv_score"": ""2.0"", ""tier1_count"": 0}",early|none|nonpos,0.1,78.154118,-1.5082,,0,,-1.5082,0,0,neutral,-1.1328,,0.0,0.0,0.0,,,0.0,0,0,0,True,False,True,missing,0.0,adequate,<=2000bps,1631.39,0.7,1,0,1.0,0,1.0,0,,False,no_upcoming,1.86132,price_history,,0,1.4625,price_history,,-0.049693,,72.467,0.4849,-0.073945,0.024252,early,small,sev1,platform_diagnostics,morningstar,,,,0,0.7149868987480781902042609269,96.55,50,,90.00,20.09602194787379972565157750,60.76470588235294117647058824,20.271,-1.0079,,,,,,,,,,,,-1.6141,unknown,1.0,45,0.1,0.813025,0.8891,21.14,0.413866,-0.2176
ETON,"Eton Pharmaceuticals, Inc.",156,0.71,C,low_quality+no_catalyst_data,,,C,0.17437,0.211538,1,,0,,,0,no_upcoming,9,tailwind,,L,sponsor_confirmed|momentum_tailwind|cost_haircut_<=2000bps,financial_score:-26.8;momentum_score:+23.6;clinical_score:-22.5,tier=;reason=;cat_days=NA;strength=missing;decay_w=0.0,v1.3.0,31f399e0,1,,0,,"{""burn_ttm"": 0.0, ""cash_total"": 37121000.0, ""dilution_risk"": null, ""has_revenue"": null, ""lead_phase"": null, ""runway_months"": null, ""stage_bucket"": ""early"", ""surv_score"": ""-1.0"", ""tier1_count"": 2}",early|none|nonpos,0.1,37.156337,-1.5082,,0,-1.2913,-1.5082,2,2,buying,-0.3232,elite_2,0.0,0.0,0.0,,,0.0,0,0,0,True,False,True,missing,0.0,adequate,<=2000bps,1543.73,0.7,1,0,1.0,0,1.0,0,,False,no_upcoming,0.41408,price_history,,2,0.8979,price_history,,-0.128991,,53.7544,0.4387,-0.073945,-0.055046,early,small,sev1,commercial_pharma,morningstar,,,,0,0.7060664257555847568988173456,66.22,50,61.0,47.97,20.09602194787379972565157750,15.82852748942714340638216070,20.271,-1.0079,,,,,,,,,,,,-1.6141,unknown,1.0,42,0.1,0.82563,0.937,14.39,0.165966,-0.9702
CTKB,"Cytek Biosciences, Inc.",157,0.21,C,low_quality+no_catalyst_data,,,C,0.132353,0.396154,1,,0,,,0,no_upcoming,9,neutral,drawdown_data_missing,S,cost_haircut_<=2000bps,clinical_score:-19.2;catalyst_score:+10.7;momentum_score:+10.7,tier=;reason=;cat_days=NA;strength=missing;decay_w=0.0,v1.3.0,31f399e0,1,,0,,"{""burn_ttm"": 3915000.0, ""cash_total"": 93281000.0, ""dilution_risk"": null, ""has_revenue"": null, ""lead_phase"": null, ""runway_months"": 285.91877394636015, ""stage_bucket"": ""early"", ""surv_score"": ""2.0"", ""tier1_count"": 0}",early|none|nonpos,0.1,44.214533,-1.5082,,0,,-1.5082,0,0,neutral,-1.1328,,0.0,0.0,0.0,,,0.0,0,0,0,True,False,True,missing,0.0,adequate,<=2000bps,1537.39,0.7,1,0,1.0,0,1.0,0,,False,no_upcoming,,,beta_missing:series_too_short,0,,,series_too_short,,no_price_series,,0.7238,-0.073945,,early,small,sev1,platform_devices,morningstar,,,drawdown,1,0.6841434778089595676125142917,50,50,,50,20.09602194787379972565157750,37.14340638216070742022299117,20.271,-1.0079,,,,,,,,,,,,-1.6141,unknown,1.0,32,0.1,0.867647,1.1153,15.02,0.195378,-0.8582
CSTL,"Castle Biosciences, Inc.",158,0.86,C,mod_quality+no_catalyst_data,,,C,0.128151,0.842308,1,,0,,,0,no_upcoming,9,tailwind,,L,momentum_tailwind,clinical_score:-32.0;financial_score:+22.6;momentum_score:+11.6,tier=;reason=;cat_days=NA;strength=missing;decay_w=0.0,v1.3.0,31f399e0,1,,0,,"{""burn_ttm"": 0.0, ""cash_total"": 287542000.0, ""dilution_risk"": null, ""has_revenue"": null, ""lead_phase"": null, ""runway_months"": null, ""stage_bucket"": ""early"", ""surv_score"": ""3.0"", ""tier1_count"": 0}",early|none|nonpos,0.1,66.924647,-1.5082,,0,,-1.5082,0,0,neutral,-1.1328,,0.0,0.0,0.0,,,0.0,0,0,0,True,False,True,missing,0.0,adequate,<=1000bps,918.38,0.85,1,0,1.0,0,1.0,0,,False,no_upcoming,0.131813,price_history,,0,0.7715,price_history,,-0.000218,,67.459,0.5471,-0.073945,0.073727,early,small,sev1,platform_diagnostics,morningstar,,,,0,0.6982840481980986071191686933,63.67,50,,58.78,20.09602194787379972565157750,74.70588235294117647058823529,20.271,-1.0079,,,,,,,,,,,,-1.6141,unknown,1.0,31,0.1,0.871849,1.1352,20.09,0.380252,-0.3048
CMPS,COMPASS Pathways Plc - American,159,0.86,C,low_quality+no_catalyst_data,,,C,0.107143,0.473077,1,,0,,,0,no_upcoming,9,neutral,drawdown_data_missing,L,sponsor_confirmed,smart_money_score:+30.5;clinical_score:-29.8;catalyst_score:-5.7,tier=;reason=;cat_days=NA;strength=missing;decay_w=0.0,v1.3.0,31f399e0,1,,0,,"{""burn_ttm"": 119452000.0, ""cash_total"": 185937000.0, ""dilution_risk"": null, ""has_revenue"": null, ""lead_phase"": null, ""runway_months"": 16.924559632728812, ""stage_bucket"": ""mid"", ""surv_score"": ""1.0"", ""tier1_count"": 5}",mid|none|nonpos,0.1,47.284374,-0.7685,343,1,,-0.7685,5,5,buying,0.8913,elite_5,0.0,0.0,0.0,,,0.0,0,0,0,True,False,True,missing,0.0,adequate,<=1000bps,762.54,0.85,1,0,1.0,0,1.0,0,,False,no_upcoming,,,beta_missing:series_too_short,5,,,series_too_short,,no_price_series,,0.7735,-0.073945,,mid,small,sev1,platform_services,morningstar,,,drawdown,1,0.7804408795153690823423827687,50,41.25000000000000000000000000,77.5,43.55,17.20889291283134651174488205,48.98194255822141743373069765,15.7313,-1.201,2.0,343,2,0.0,0.058,0,0,0.0,0.3,0.6,cns,0.7369,highly_crowded,1.0,26,0.1,0.892857,1.2419,17.15,0.292017,-0.5475
CATX,"Perspective Therapeutics, Inc.",160,0.52,C,mod_quality+no_catalyst_data,,,C,0.090336,0.703846,1,,0,,,0,no_upcoming,9,headwind,,M,sponsor_confirmed|momentum_headwind,clinical_score:-24.9;financial_score:+23.5;smart_money_score:+13.0,tier=;reason=;cat_days=NA;strength=missing;decay_w=0.0,v1.3.0,31f399e0,1,,0,,"{""burn_ttm"": 57827000.0, ""cash_total"": 174137000.0, ""dilution_risk"": null, ""has_revenue"": null, ""lead_phase"": null, ""runway_months"": 36.13613018140315, ""stage_bucket"": ""early"", ""surv_score"": ""5.0"", ""tier1_count"": 2}",early|none|nonpos,0.1,55.794235,-1.5082,,0,,-1.5082,2,2,buying,-0.3232,elite_2,0.0,0.0,0.0,,,0.0,0,0,0,True,False,True,missing,0.0,adequate,<=1000bps,741.74,0.85,1,0,1.0,0,1.0,0,,False,no_upcoming,-0.087785,price_history,,2,0.3608,price_history,,-0.323232,,47.268,0.7923,-0.073945,-0.249287,early,small,sev1,platform_devices,morningstar,,,,0,0.6277847243930394915077628426,37.28,41.25000000000000000000000000,58.0,50,20.09602194787379972565157750,68.52941176470588235294117647,18.3548,-1.0894,,,,,0.0,0,0,,0.0,0.5,other,0.7369,highly_crowded,1.0,22,0.1,0.909664,1.3387,17.15,0.296218,-0.5353
BRKR,Bruker Corporation,161,0.3,C,mod_quality+no_catalyst_data,,,C,0.081933,0.734615,1,,0,,,0,no_upcoming,9,headwind,,S,momentum_headwind,clinical_score:-21.7;financial_score:+15.7;catalyst_score:+8.2,tier=;reason=;cat_days=NA;strength=missing;decay_w=0.0,v1.3.0,31f399e0,1,,0,,"{""burn_ttm"": 95700000.0, ""cash_total"": 293100000.0, ""dilution_risk"": null, ""has_revenue"": null, ""lead_phase"": null, ""runway_months"": 36.75235109717868, ""stage_bucket"": ""early"", ""surv_score"": ""-1.0"", ""tier1_count"": 0}",early|none|nonpos,0.1,58.207,-1.5082,,0,,-1.5082,0,0,neutral,-1.1328,,0.0,0.0,0.0,,,0.0,0,0,0,True,False,True,missing,0.0,adequate,<=400bps,329.83,1.0,0,0,1.0,0,1.0,0,,False,no_upcoming,-0.078529,price_history,,0,0.5412,price_history,,-0.214736,,45.5165,0.4312,-0.073945,-0.140791,early,mid,sev1,platform_devices,morningstar,,,,0,0.6982677637511271415689810640,39.69,50,,69.59,20.09602194787379972565157750,57.58333333333333333333333333,20.271,-1.0079,,,,,,,,,,,,-1.6141,unknown,1.0,20,0.1,0.918067,1.3922,16.63,0.258403,-0.6483
BIOA,"BioAge Labs, Inc.",162,0.86,C,mod_quality+no_catalyst_data,,,C,0.069328,0.765385,1,,0,,,0,no_upcoming,9,neutral,drawdown_data_missing,L,sponsor_confirmed,clinical_score:-31.4;financial_score:+22.8;smart_money_score:+20.5,tier=;reason=;cat_days=NA;strength=missing;decay_w=0.0,v1.3.0,31f399e0,1,,0,,"{""burn_ttm"": 53376000.0, ""cash_total"": 285778000.0, ""dilution_risk"": null, ""has_revenue"": null, ""lead_phase"": null, ""runway_months"": 63.32104316546763, ""stage_bucket"": ""early"", ""surv_score"": ""5.0"", ""tier1_count"": 4}",early|none|nonpos,0.1,60.958824,-1.5082,,0,-1.2913,-1.5082,4,4,buying,0.4865,elite_4,0.0,0.0,0.0,,,0.0,0,0,0,True,False,True,missing,0.0,adequate,<=1000bps,809.82,0.85,1,0,1.0,0,1.0,0,,False,no_upcoming,,,beta_missing:series_too_short,4,,,series_too_short,,no_price_series,,1.0312,-0.073945,,early,small,sev1,commercial_pharma,morningstar,,,drawdown,1,0.6932879023077719134844251268,50,41.25000000000000000000000000,72.0,50,20.09602194787379972565157750,74.35294117647058823529411765,18.3548,-1.0894,,,,,0.0,0,0,,0.0,0.5,other,0.7369,highly_crowded,1.0,17,0.1,0.930672,1.4808,23.35,0.476891,-0.058
BEAM,Beam Therapeutics Inc.,163,0.86,C,mod_quality+no_catalyst_data,,,C,0.065126,0.796154,1,,0,,,0,no_upcoming,9,neutral,,L,sponsor_confirmed,clinical_score:-31.5;financial_score:+28.4;smart_money_score:+14.4,tier=;reason=;cat_days=NA;strength=missing;decay_w=0.0,v1.3.0,31f399e0,1,,0,,"{""burn_ttm"": 345102000.0, ""cash_total"": 1245210000.0, ""dilution_risk"": null, ""has_revenue"": null, ""lead_phase"": null, ""runway_months"": 43.29885077455361, ""stage_bucket"": ""early"", ""surv_score"": ""5.0"", ""tier1_count"": 4}",early|none|nonpos,0.1,63.656,-1.5082,,0,-1.0854,-1.5082,4,4,buying,0.4865,elite_4,0.0,0.0,0.0,,,0.0,0,0,0,True,False,True,missing,0.0,adequate,<=1000bps,448.95,0.85,1,0,1.0,0,1.0,0,,False,no_upcoming,-0.024584,price_history,,4,0.7452,price_history,,-0.148512,,61.0984,0.7330,-0.073945,-0.074567,early,mid,sev1,commercial_biotech,morningstar,,,,0,0.6748341499162479061976549414,50.78,41.25000000000000000000000000,66.0,50,20.09602194787379972565157750,80.0,18.3548,-1.0894,,,,,0.0,0,0,,0.0,0.5,other,0.7369,highly_crowded,1.0,16,0.1,0.934874,1.5131,21.41,0.430672,-0.1747
AVTR,"Avantor, Inc.",164,1.01,C,mod_quality+no_catalyst_data,,,C,0.048319,0.680769,1,,0,,,0,no_upcoming,9,tailwind,,L,momentum_tailwind,clinical_score:-26.4;momentum_score:+15.2;smart_money_score:+6.0,tier=;reason=;cat_days=NA;strength=missing;decay_w=0.0,v1.3.0,31f399e0,1,,0,,"{""burn_ttm"": 0.0, ""cash_total"": 365400000.0, ""dilution_risk"": null, ""has_revenue"": null, ""lead_phase"": null, ""runway_months"": null, ""stage_bucket"": ""early"", ""surv_score"": ""1.0"", ""tier1_count"": 1}",early|none|nonpos,0.1,55.144858,-1.5082,,0,,-1.5082,1,1,neutral,-0.728,elite_1,0.0,0.0,0.0,,,0.0,0,0,0,True,False,True,missing,0.0,adequate,<=400bps,310.61,1.0,0,0,1.0,0,1.0,0,,False,no_upcoming,0.160689,price_history,,1,0.6726,price_history,,-0.003122,,65.9051,0.5928,-0.073945,0.070823,early,mid,sev1,platform_devices,morningstar,,,,0,0.6823523640004449883190566248,61.71,50,52.5,60.14,20.09602194787379972565157750,48.34190672153635116598079561,20.271,-1.0079,,,,,,,,,,,,-1.6141,unknown,1.0,12,0.1,0.951681,1.6614,19.06,0.371849,-0.327
ADPT,Adaptive Biotechnologies Corpor,165,0.52,C,low_quality+no_catalyst_data,,,C,0.014706,0.019231,1,,0,,,0,no_upcoming,9,tailwind,,M,momentum_tailwind|runway_short,financial_score:-32.8;momentum_score:+21.9;clinical_score:-18.1,tier=;reason=;cat_days=NA;strength=missing;decay_w=0.0,v1.3.0,31f399e0,1,,0,,"{""burn_ttm"": 48041000.0, ""cash_total"": 55034000.0, ""dilution_risk"": null, ""has_revenue"": null, ""lead_phase"": null, ""runway_months"": 11.101028752308098, ""stage_bucket"": ""early"", ""surv_score"": ""-2.0"", ""tier1_count"": 1}",early|none|nonpos,0.1,20.0555,-1.5082,,0,-1.0854,-1.5082,1,1,buying,-0.728,elite_1,0.0,0.0,0.0,,,0.0,0,0,0,True,False,True,missing,0.0,short,<=1000bps,539.77,0.85,1,0,1.0,0,1.0,0,,False,no_upcoming,0.039421,price_history,,1,0.8212,price_history,,-0.114116,,61.0604,0.7937,-0.073945,-0.040171,early,mid,sev2,commercial_biotech,morningstar,,,,0,0.6648493330344131823786571012,60.16,50,55.5,15.98,20.09602194787379972565157750,5.401111111111111111111111112,20.271,-1.0079,,,,,,,,,,,,-1.6141,unknown,1.0,4,0.1,0.985294,2.1779,5.62,0.014706,-2.1779
TBPH,"Theravance Biopharma, Inc.",,,D,ineligible,D,ineligible,,0.72479,,0,0.041667,1,0.958333,,0,no_upcoming,9,headwind,deep_drawdown|deep_drawdown_rel_xbi,XS,ineligible,clinical_score:+28.9;momentum_score:-23.7;smart_money_score:+7.4,tier=D;reason=ineligible;cat_days=NA;strength=missing;decay_w=0.0,v1.3.0,31f399e0,0,deep_drawdown,0,,"{""burn_ttm"": 0.0, ""cash_total"": 174773000.0, ""dilution_risk"": null, ""has_revenue"": null, ""lead_phase"": null, ""runway_months"": null, ""stage_bucket"": ""late"", ""surv_score"": ""3.0"", ""tier1_count"": 1}",late|none|pos,0.07410067924528302,,1.1759,0,1,1.3233,1.1759,1,1,buying,-0.728,elite_1,0.0,0.0,0.0,,,0.0,0,0,0,True,False,True,missing,0.0,adequate,<=2000bps,1103.1,0.7,1,0,1.0,0,1.0,0,,False,no_upcoming,-0.308302,price_history,,1,0.5437,price_history,,-0.408683,,45.3892,0.5264,-0.073945,-0.334738,late,small,none,drug_developer,morningstar,,,,0,0.9,24.41,41.25000000000000000000000000,55.5,90.00,77.000,42.36294896030245746691871456,77.5709,1.4294,3.0,334,40,1.0,1.3088,1,1,0.0,0.9,0.5,respiratory,0.7369,highly_crowded,1.0,173,0.07410067924528302,0.27521,-0.5971,44.84,0.871849,1.1352
HRTX,"Heron Therapeutics, Inc.",,,D,ineligible,D,ineligible,,0.619748,,0,0.217593,1,0.782407,,0,no_upcoming,9,headwind,deep_drawdown|deep_drawdown_rel_xbi,XS,ineligible,clinical_score:+25.3;financial_score:-24.3;smart_money_score:+15.7,tier=D;reason=ineligible;cat_days=NA;strength=missing;decay_w=0.0,v1.3.0,31f399e0,0,deep_drawdown,0,,"{""burn_ttm"": 27591000.0, ""cash_total"": 28647000.0, ""dilution_risk"": null, ""has_revenue"": null, ""lead_phase"": null, ""runway_months"": 12.459280200065239, ""stage_bucket"": ""late"", ""surv_score"": ""-2.0"", ""tier1_count"": 2}",late|none|pos,0.07410067924528302,,1.1663,0,1,0.9339,1.1663,2,2,buying,-0.3232,elite_2,0.0,0.0,0.0,,,0.0,0,0,0,True,False,True,missing,0.0,adequate,>2000bps,2020.0,0.55,1,0,1.0,0,1.0,0,,False,no_upcoming,-0.296637,price_history,,2,1.0863,price_history,,-0.401466,,36.5974,0.4900,-0.073945,-0.327521,late,micro,sev1,drug_developer,morningstar,,,,0,0.8825854541181999765009987076,26.52,41.25000000000000000000000000,58.0,90.00,67.58620689655172413793103448,17.91957325934733782534020346,68.1536,1.0288,3.0,108,13,1.0,0.8367,0,1,0.0,0.4,0.95,oncology,0.7369,highly_crowded,1.0,148,0.07410067924528302,0.380252,-0.3048,25.25,0.523109,0.058
GMAB,Genmab A/S,,,D,ineligible,D,ineligible,,0.611345,,0,0.365741,1,0.634259,,0,no_upcoming,9,tailwind,,XS,ineligible,financial_score:-41.8;momentum_score:+22.5;smart_money_score:+13.7,tier=D;reason=ineligible;cat_days=NA;strength=missing;decay_w=0.0,v1.3.0,31f399e0,0,financials_missing,1,"cash_runway_lt_6m,survivability_critical","{""burn_ttm"": 0.0, ""cash_total"": 0.0, ""dilution_risk"": null, ""has_revenue"": null, ""lead_phase"": null, ""runway_months"": 0.0, ""stage_bucket"": ""late"", ""surv_score"": ""-5.0"", ""tier1_count"": 3}",late|none|pos,0.07410067924528302,,1.1353,0,1,0.5274,1.1353,3,3,buying,0.0816,elite_3,0.0,0.0,0.0,,,0.0,0,0,0,True,False,True,missing,0.0,critical,<=1000bps,453.45,0.85,1,0,1.0,0,1.0,0,,False,no_upcoming,0.180311,price_history,,3,0.6208,price_history,,0.0,,63.3515,0.3342,-0.073945,0.073945,late,unknown,sev2,drug_developer,morningstar,,,,0,0.8431548027952149709818784792,69.26,41.25000000000000000000000000,60.5,50,57.75862068965517241379310345,5,57.3574,0.5696,3.0,,21,1.0,0.0415,0,0,0.0,0.4,0.95,oncology,0.7369,highly_crowded,1.0,146,0.07410067924528302,0.388655,-0.2828,17.66,0.317227,-0.4755
SVRA,"Savara, Inc.",,,D,ineligible,D,ineligible,,0.960084,,0,0.74537,1,0.25463,,0,no_upcoming,9,headwind,deep_drawdown|deep_drawdown_rel_xbi,XS,ineligible,smart_money_score:+33.9;financial_score:-17.6;momentum_score:-12.6,tier=D;reason=ineligible;cat_days=NA;strength=missing;decay_w=0.0,v1.3.0,31f399e0,0,deep_drawdown,0,,"{""burn_ttm"": 75980000.0, ""cash_total"": 124386000.0, ""dilution_risk"": null, ""has_revenue"": null, ""lead_phase"": null, ""runway_months"": 19.645064490655436, ""stage_bucket"": ""late"", ""surv_score"": ""0.0"", ""tier1_count"": 3}",late|none|nonpos,-0.015220797979797982,,0.8877,0,1,-1.0229,0.8877,3,3,buying,0.0816,elite_3,0.0,0.0,0.0,,,0.0,0,0,0,True,False,True,missing,0.0,adequate,<=1000bps,844.9,0.85,1,0,1.0,0,1.0,0,,False,no_upcoming,-0.48643,price_history,,3,1.6004,price_history,,-0.607843,,31.013,0.6811,-0.073945,-0.533898,late,small,sev1,drug_developer,morningstar,,,,0,0.8537484194564329872856642949,20.03,41.25000000000000000000000000,66.5,58.91,20.27876866164618840005284714,15.00378071833648393194706994,20.8497,-0.9833,3.0,146,9,1.0,1.5896,1,3,0.0,0.4,0.5,respiratory,0.7369,highly_crowded,1.0,229,-0.015220797979797982,0.039916,-1.7517,12.90,0.115546,-1.1975
IMTX,Immatics N.V.,,,D,ineligible,D,ineligible,,0.897059,,0,0.643519,1,0.356481,,0,no_upcoming,9,headwind,deep_drawdown|deep_drawdown_rel_xbi,XS,ineligible,financial_score:-24.6;catalyst_score:+11.7;clinical_score:+7.5,tier=D;reason=ineligible;cat_days=NA;strength=missing;decay_w=0.0,v1.3.0,31f399e0,0,financials_missing|deep_drawdown,1,"cash_runway_lt_6m,sponsor_absent_late_stage,survivability_critical","{""burn_ttm"": 0.0, ""cash_total"": 0.0, ""dilution_risk"": null, ""has_revenue"": null, ""lead_phase"": null, ""runway_months"": 0.0, ""stage_bucket"": ""late"", ""surv_score"": ""-5.0"", ""tier1_count"": 0}",late|none|nonpos,-0.015220797979797982,,0.9074,0,1,-0.3267,0.9074,0,0,neutral,-1.1328,,0.0,0.0,0.0,,,0.0,0,0,0,True,False,True,missing,0.0,critical,<=2000bps,1507.41,0.7,1,0,1.0,0,1.0,0,,False,no_upcoming,-0.162252,price_history,,0,0.6725,price_history,,-0.42,,34.6219,,-0.073945,-0.346055,late,unknown,sev2,drug_developer,morningstar,,,,0,0.7767624324324324324324324324,34.95,41.25000000000000000000000000,,50,37.10992205046901836438102788,5,36.3028,-0.326,3.0,,13,1.0,0.0102,0,0,0.0,0.3,0.95,oncology,0.7369,highly_crowded,1.0,214,-0.015220797979797982,0.102941,-1.265,8.29,0.052521,-1.6209
MCRB,"Seres Therapeutics, Inc.",,,D,ineligible,D,ineligible,,0.918067,,0,0.773148,1,0.226852,,0,no_upcoming,9,tailwind,overbought_rsi,XS,ineligible,momentum_score:+42.3;clinical_score:-36.4;catalyst_score:-13.0,tier=D;reason=ineligible;cat_days=NA;strength=missing;decay_w=0.0,v1.3.0,31f399e0,0,fundamental_red_flag,1,sponsor_absent_late_stage,"{""burn_ttm"": 0.0, ""cash_total"": 47638000.0, ""dilution_risk"": null, ""has_revenue"": null, ""lead_phase"": null, ""runway_months"": null, ""stage_bucket"": ""late"", ""surv_score"": ""4.0"", ""tier1_count"": 0}",late|none|nonpos,-0.015220797979797982,,0.8819,0,1,-1.1238,0.8819,0,0,neutral,-1.1328,,0.0,0.0,0.0,,,0.0,0,0,0,True,False,True,missing,0.0,adequate,>2000bps,2036.0,0.55,1,0,1.0,0,1.0,0,,False,no_upcoming,3.308671,price_history,,0,1.4703,price_history,,-0.139958,,73.0886,1.1067,-0.073945,-0.066013,late,micro,none,drug_developer,morningstar,,,,0,0.8030069610863859408878238046,96.55,41.25000000000000000000000000,,90.00,17.83921257761923635883207821,61.37931034482758620689655173,19.4602,-1.0424,3.0,39,4,1.0,1.192,1,1,0.0,0.4,0.95,oncology,-0.4386,uncrowded,1.0,219,-0.015220797979797982,0.081933,-1.3922,14.86,0.191176,-0.8736
LQDA,Liquidia Corporation,,,D,ineligible,D,ineligible,,0.913866,,0,0.875,1,0.125,,0,no_upcoming,9,headwind,deep_drawdown|deep_drawdown_rel_xbi,XS,ineligible,smart_money_score:+32.9;financial_score:-22.6;clinical_score:-22.4,tier=D;reason=ineligible;cat_days=NA;strength=missing;decay_w=0.0,v1.3.0,31f399e0,0,deep_drawdown,0,,"{""burn_ttm"": 79930000.0, ""cash_total"": 157496000.0, ""dilution_risk"": null, ""has_revenue"": null, ""lead_phase"": null, ""runway_months"": 23.645089453271613, ""stage_bucket"": ""late"", ""surv_score"": ""0.0"", ""tier1_count"": 3}",late|none|nonpos,-0.015220797979797982,,0.854,0,1,-1.4424,0.854,3,3,buying,0.0816,elite_3,0.0,0.0,0.0,,,0.0,0,0,0,True,False,True,missing,0.0,adequate,<=1000bps,430.35,0.85,1,0,1.0,0,1.0,0,,False,no_upcoming,-0.515817,price_history,,3,1.2949,price_history,,-0.505245,,42.2867,0.5778,-0.073945,-0.4313,late,mid,sev1,drug_developer,morningstar,,,,0,0.8688101869606903163950143816,36.02,41.25000000000000000000000000,65.5,23.27,10.13674197384066587395957194,9.959999999999999999999999999,9.6586,-1.4593,3.0,124,3,0.6667,0.3558,0,1,0.0,0.3,0.85,cardiovascular,0.7369,highly_crowded,1.0,218,-0.015220797979797982,0.086134,-1.3649,10.88,0.077731,-1.4205
CADL,"Candel Therapeutics, Inc.",,,D,ineligible,D,ineligible,,0.82563,,0,0.662037,1,0.337963,,0,no_upcoming,9,neutral,drawdown_data_missing,XS,ineligible,financial_score:+23.7;clinical_score:-15.5;catalyst_score:-8.5,tier=D;reason=ineligible;cat_days=NA;strength=missing;decay_w=0.0,v1.3.0,31f399e0,0,fundamental_red_flag,1,sponsor_absent_late_stage,"{""burn_ttm"": 27743000.0, ""cash_total"": 86963000.0, ""dilution_risk"": null, ""has_revenue"": null, ""lead_phase"": null, ""runway_months"": 34.903184982071295, ""stage_bucket"": ""late"", ""surv_score"": ""5.0"", ""tier1_count"": 0}",late|none|nonpos,-0.015220797979797982,,0.9049,0,1,-0.4432,0.9049,0,0,neutral,-1.1328,,0.0,0.0,0.0,,,0.0,0,0,0,True,False,True,missing,0.0,adequate,<=2000bps,1387.28,0.7,1,0,1.0,0,1.0,0,,False,no_upcoming,,,beta_missing:series_too_short,0,,,series_too_short,,no_price_series,,0.6596,-0.073945,,late,micro,none,drug_developer,morningstar,,,drawdown,1,0.8411040561975980058916836619,50,41.25000000000000000000000000,,87.62,34.29383009644602985863390144,73.48275862068965517241379310,33.8926,-0.4285,3.0,1441,11,1.0,0.0286,0,0,0.0,0.6,0.95,oncology,0.7369,highly_crowded,1.0,197,-0.015220797979797982,0.17437,-0.937,23.50,0.485294,-0.0369
MESO,Mesoblast Limited,,,D,ineligible,D,ineligible,,0.657563,,0,0.476852,1,0.523148,,0,no_upcoming,9,tailwind,,XS,ineligible,momentum_score:+43.6;financial_score:-42.5;catalyst_score:-6.2,tier=D;reason=ineligible;cat_days=NA;strength=missing;decay_w=0.0,v1.3.0,31f399e0,0,financials_missing,1,"cash_runway_lt_6m,sponsor_absent_late_stage,survivability_critical","{""burn_ttm"": 0.0, ""cash_total"": 0.0, ""dilution_risk"": null, ""has_revenue"": null, ""lead_phase"": null, ""runway_months"": 0.0, ""stage_bucket"": ""late"", ""surv_score"": ""-5.0"", ""tier1_count"": 0}",late|none|pos,0.07410067924528302,,0.9248,0,1,0.3135,0.9248,0,0,neutral,-1.1328,,0.0,0.0,0.0,,,0.0,0,0,0,True,False,True,missing,0.0,critical,<=2000bps,1723.07,0.7,1,0,1.0,0,1.0,0,,False,no_upcoming,0.3619,price_history,,0,1.1627,price_history,,-0.065623,,61.6221,0.5347,-0.073945,0.008322,late,unknown,sev2,drug_developer,morningstar,,,,0,0.7992575876798561151079136691,91.05,41.25000000000000000000000000,,50,52.58620689655172413793103448,5,52.6767,0.3705,3.0,146,30,1.0,0.7191,0,1,0.0,0.4,0.6,autoimmune,-0.4386,uncrowded,1.0,157,0.07410067924528302,0.342437,-0.4058,14.46,0.17437,-0.937
GLPG,Galapagos NV,,,D,ineligible,D,ineligible,,0.607143,,0,0.412037,1,0.587963,,0,no_upcoming,9,headwind,deep_drawdown|deep_drawdown_rel_xbi,XS,ineligible,financial_score:-32.4;smart_money_score:+29.1;momentum_score:-18.3,tier=D;reason=ineligible;cat_days=NA;strength=missing;decay_w=0.0,v1.3.0,31f399e0,0,financials_missing|deep_drawdown,1,"cash_runway_lt_6m,survivability_critical","{""burn_ttm"": 0.0, ""cash_total"": 0.0, ""dilution_risk"": null, ""has_revenue"": null, ""lead_phase"": null, ""runway_months"": 0.0, ""stage_bucket"": ""late"", ""surv_score"": ""-5.0"", ""tier1_count"": 3}",late|none|pos,0.07410067924528302,,0.9286,0,1,0.4204,0.9286,3,3,buying,0.0816,elite_3,0.0,0.0,0.0,,,0.0,0,0,0,True,False,True,missing,0.0,critical,<=2000bps,1708.51,0.7,1,0,1.0,0,1.0,0,,False,no_upcoming,-0.396977,price_history,,3,0.8923,price_history,,-0.499471,,25.6695,0.3097,-0.073945,-0.425526,late,unknown,sev2,drug_developer,morningstar,,,,0,0.8271344575105391613046372310,19.06,41.25000000000000000000000000,66.5,50,55.17241379310344827586206897,5,55.1507,0.4757,3.0,136,43,1.0,2.5223,0,5,0.0,0.4,0.6,autoimmune,0.7369,highly_crowded,1.0,145,0.07410067924528302,0.392857,-0.2719,14.15,0.153361,-1.0221
ASND,Ascendis Pharma A/S,,,D,ineligible,D,ineligible,,0.754202,,0,0.625,1,0.375,588,0,specific_days,9,headwind,,XS,ineligible,smart_money_score:+41.2;financial_score:-38.8;clinical_score:-2.8,tier=D;reason=ineligible;cat_days=588;strength=far;decay_w=0.3,v1.3.0,31f399e0,0,financials_missing,1,"cash_runway_lt_6m,survivability_critical","{""burn_ttm"": 0.0, ""cash_total"": 0.0, ""dilution_risk"": null, ""has_revenue"": null, ""lead_phase"": null, ""runway_months"": 0.0, ""stage_bucket"": ""late"", ""surv_score"": ""-5.0"", ""tier1_count"": 9}",late|far_271_540|nonpos,0.01786675,,0.9111,0,1,-0.1676,0.9111,9,9,buying,2.5105,elite_9,0.0,0.0,0.0,,,0.0,0,0,0,True,False,True,far,0.3,critical,<=400bps,248.3,1.0,0,0,1.0,0,1.0,0,588,False,specific_days,-0.084546,price_history,,9,0.4901,price_history,,-0.098455,,45.2084,0.4165,-0.073945,-0.02451,late,unknown,sev2,drug_developer,morningstar,,,,0,0.8447470523294325458158533893,42.41,45.56250000000000000000000000,85,50,40.95719381688466111771700357,5,40.2059,-0.16,3.0,588,6,1.0,0.0136,0,0,0.0,0.4,0.55,metabolic,-0.4386,uncrowded,1.0,180,0.01786675,0.245798,-0.6878,15.45,0.212185,-0.7989
AVXL,Anavex Life Sciences Corp.,,,D,ineligible,D,ineligible,,0.556723,,0,0.541667,1,0.458333,,0,no_upcoming,9,neutral,,XS,ineligible,financial_score:+15.3;catalyst_score:-9.3;momentum_score:-3.9,tier=D;reason=ineligible;cat_days=NA;strength=missing;decay_w=0.0,v1.3.0,31f399e0,0,fundamental_red_flag,1,sponsor_absent_late_stage,"{""burn_ttm"": 7151000.0, ""cash_total"": 131749000.0, ""dilution_risk"": null, ""has_revenue"": null, ""lead_phase"": null, ""runway_months"": 221.0862816389316, ""stage_bucket"": ""late"", ""surv_score"": ""5.0"", ""tier1_count"": 0}",late|none|pos,0.07410067924528302,,0.919,0,1,0.1426,0.919,0,0,neutral,-1.1328,,0.0,0.0,0.0,,,0.0,0,0,0,True,False,True,missing,0.0,adequate,<=2000bps,1131.52,0.7,1,0,1.0,0,1.0,0,,False,no_upcoming,0.008091,price_history,,0,1.0258,price_history,,-0.244406,,51.1687,1.1868,-0.073945,-0.170461,late,small,none,drug_developer,morningstar,,,,0,0.7970878661087866108786610879,46.68,41.25000000000000000000000000,,77.72,48.45570749108204518430439952,65.91304347826086956521739130,49.1252,0.2194,3.0,70,6,1.0,1.887,3,3,0.0,0.4,0.6,cns,0.7369,highly_crowded,1.0,133,0.07410067924528302,0.443277,-0.1427,27.78,0.565126,0.164
ARGX,argenx SE,,,D,ineligible,D,ineligible,,0.548319,,0,0.606481,1,0.393519,,0,no_upcoming,9,tailwind,,XS,ineligible,financial_score:-40.5;smart_money_score:+34.5;momentum_score:+13.9,tier=D;reason=ineligible;cat_days=NA;strength=missing;decay_w=0.0,v1.3.0,31f399e0,0,financials_missing,1,"cash_runway_lt_6m,survivability_critical","{""burn_ttm"": 0.0, ""cash_total"": 0.0, ""dilution_risk"": null, ""has_revenue"": null, ""lead_phase"": null, ""runway_months"": 0.0, ""stage_bucket"": ""late"", ""surv_score"": ""-5.0"", ""tier1_count"": 6}",late|none|pos,0.07410067924528302,,0.9138,0,1,-0.1271,0.9138,6,6,buying,1.2961,elite_6,0.0,0.0,0.0,,,0.0,0,0,0,True,False,True,missing,0.0,critical,<=400bps,197.05,1.0,0,0,1.0,0,1.0,0,,False,no_upcoming,0.06422,price_history,,6,0.5911,price_history,,-0.133316,,48.3988,0.2190,-0.073945,-0.059371,late,unknown,sev2,drug_developer,morningstar,,,,0,0.8454987170979871709798717098,59.37,41.25000000000000000000000000,80.0,50,41.93552648962874884396882019,5,42.9575,-0.0429,3.0,376,11,1.0,0.6794,1,1,0.0,0.4,0.95,oncology,0.2667,moderate,1.0,131,0.07410067924528302,0.451681,-0.1214,16.15,0.228992,-0.7422
LEGN,Legend Biotech Corporation,,,D,ineligible,D,ineligible,,0.997899,,0,0.902778,1,0.097222,132,0,specific_days,9,neutral,deep_drawdown|deep_drawdown_rel_xbi,XS,ineligible,clinical_score:-26.8;financial_score:-25.9;smart_money_score:+23.1,tier=D;reason=ineligible;cat_days=132;strength=mid;decay_w=0.7,v1.3.0,31f399e0,0,financials_missing|deep_drawdown,1,"cash_runway_lt_6m,survivability_critical","{""burn_ttm"": 0.0, ""cash_total"": 0.0, ""dilution_risk"": null, ""has_revenue"": null, ""lead_phase"": null, ""runway_months"": 0.0, ""stage_bucket"": ""mid"", ""surv_score"": ""-5.0"", ""tier1_count"": 4}",mid|near_91_180|nonpos,-0.0258825,,0.3608,0,1,-1.6088,0.3608,4,4,selling,0.4865,elite_4,0.0,0.0,0.0,,,0.0,0,0,0,True,False,True,mid,0.7,critical,<=1000bps,455.48,0.85,1,0,1.0,0,1.0,0,132,False,specific_days,-0.047389,price_history,,4,0.2738,price_history,,-0.4224,,59.6343,0.3634,-0.073945,-0.348455,mid,unknown,sev2,drug_developer,morningstar,,,,0,0.7871315546983820850744669452,50,45.56250000000000000000000000,56.0,50,6.114883557165132538604697950,6.984055128011669433127106283,6.356,-1.5998,2.0,1784,10,1.0,0.4288,1,0,0.0,0.3,0.95,oncology,0.7369,highly_crowded,1.0,238,-0.0258825,0.002101,-2.8626,7.20,0.027311,-1.9219
EYPT,"EyePoint, Inc.",,,D,ineligible,D,ineligible,,0.87605,,0,0.671296,1,0.328704,,0,no_upcoming,9,headwind,deep_drawdown|deep_drawdown_rel_xbi,XS,ineligible,smart_money_score:+37.4;financial_score:-29.2;momentum_score:-13.5,tier=D;reason=ineligible;cat_days=NA;strength=missing;decay_w=0.0,v1.3.0,31f399e0,0,deep_drawdown,0,,"{""burn_ttm"": 175063000.0, ""cash_total"": 204022000.0, ""dilution_risk"": null, ""has_revenue"": null, ""lead_phase"": null, ""runway_months"": 13.985045383661882, ""stage_bucket"": ""late"", ""surv_score"": ""2.0"", ""tier1_count"": 4}",late|none|nonpos,-0.015220797979797982,,0.2277,76,1,-0.4815,0.2277,4,4,buying,0.4865,elite_4,0.0,0.0,0.0,,,0.0,0,0,0,True,False,True,missing,0.0,short,<=1000bps,660.09,0.85,1,0,1.0,0,1.0,0,,False,no_upcoming,-0.236422,price_history,,4,0.2829,price_history,,-0.673171,,50.9159,0.7147,-0.073945,-0.599226,late,small,sev2,drug_developer,morningstar,,,,0,0.8715204794042355131487084012,21.12,41.25000000000000000000000000,72.0,43.07,33.36834456335050865371911746,5.401111111111111111111111112,33.768,-0.4338,3.0,,6,1.0,0.7378,1,1,0.0,0.4,0.55,ophthalmology,0.2667,moderate,1.0,209,-0.015220797979797982,0.12395,-1.1555,11.83,0.094538,-1.3133
QURE,uniQure N.V.,,,D,ineligible,D,ineligible,,0.762605,,0,0.652778,1,0.347222,11,1,specific_days,9,headwind,high_vol|deep_drawdown|deep_drawdown_rel_xbi,XS,ineligible,momentum_score:-32.2;smart_money_score:+30.1;financial_score:+27.1,tier=D;reason=ineligible;cat_days=11;strength=near;decay_w=1.0,v1.3.0,31f399e0,0,deep_drawdown,0,,"{""burn_ttm"": 100394000.0, ""cash_total"": 597056000.0, ""dilution_risk"": null, ""has_revenue"": null, ""lead_phase"": null, ""runway_months"": 71.36553977329322, ""stage_bucket"": ""mid"", ""surv_score"": ""5.0"", ""tier1_count"": 9}",mid|near_0_30|nonpos,0.003988769230769231,,0.4181,0,1,-0.3492,0.4181,9,9,buying,2.5105,elite_9,0.0,0.0,0.0,,,0.0,0,0,0,True,False,True,near,1.0,adequate,<=1000bps,501.73,0.85,1,0,1.0,0,1.0,0,11,True,specific_days,-0.434063,price_history,,9,0.5197,price_history,,-0.479248,,34.2822,1.3016,-0.073945,-0.405303,mid,small,none,drug_developer,morningstar,,,,0,0.8014266472106858233247278033,20.74,44.34240000000000000000000000,83.0,56.45,36.56606810522609526683768422,80.0,37.1107,-0.2916,2.0,11,6,1.0,0.9124,1,1,0.0,0.3,0.6,cns,-0.4386,uncrowded,1.0,182,0.003988769230769231,0.237395,-0.7147,28.11,0.577731,0.1961
ZVRA,"Zevra Therapeutics, Inc.",,,D,ineligible,D,ineligible,,0.985294,,0,0.800926,1,0.199074,,0,no_upcoming,9,tailwind,overbought_rsi,XS,ineligible,momentum_score:+51.2;clinical_score:-29.9;financial_score:-17.1,tier=D;reason=ineligible;cat_days=NA;strength=missing;decay_w=0.0,v1.3.0,31f399e0,0,fundamental_red_flag,1,sponsor_absent_late_stage,"{""burn_ttm"": 7114000.0, ""cash_total"": 54439000.0, ""dilution_risk"": null, ""has_revenue"": null, ""lead_phase"": null, ""runway_months"": 91.8285071689626, ""stage_bucket"": ""late"", ""surv_score"": ""0.0"", ""tier1_count"": 0}",late|none|nonpos,-0.015220797979797982,,-0.3052,,0,-1.2223,-0.3052,0,0,neutral,-1.1328,,0.0,0.0,0.0,,,0.0,0,0,0,True,False,True,missing,0.0,adequate,<=2000bps,1120.07,0.7,1,0,1.0,0,1.0,0,,False,no_upcoming,3.193084,price_history,,0,0.4179,price_history,,0.0,,81.9745,0.4964,-0.073945,0.073945,late,small,none,drug_developer,morningstar,,,,0,0.8486240808428294990324661363,96.55,41.25000000000000000000000000,,50,15.45910952569692165411547100,28.22306238185255198487712666,14.7374,-1.2433,3.0,,1,0.0,0.0,0,0,0.0,0.4,0.6,cns,-0.9088,moderate,1.0,235,-0.015220797979797982,0.014706,-2.1779,13.44,0.136555,-1.0959
ROIV,Roivant Sciences Ltd.,,,D,ineligible,D,ineligible,,0.380252,,0,0.384259,1,0.615741,,0,no_upcoming,9,neutral,deep_drawdown|deep_drawdown_rel_xbi,XS,ineligible,catalyst_score:-19.9;financial_score:+18.8;smart_money_score:+16.3,tier=D;reason=ineligible;cat_days=NA;strength=missing;decay_w=0.0,v1.3.0,31f399e0,0,deep_drawdown,0,,"{""burn_ttm"": 586531000.0, ""cash_total"": 4529978000.0, ""dilution_risk"": null, ""has_revenue"": null, ""lead_phase"": null, ""runway_months"": 92.68007317601287, ""stage_bucket"": ""mid"", ""surv_score"": ""4.0"", ""tier1_count"": 5}",mid|none|pos,0.1,,0.4274,0,1,0.4969,0.4274,5,5,buying,0.8913,elite_5,0.0,0.0,0.0,,,0.0,0,0,0,True,False,True,missing,0.0,adequate,<=400bps,227.11,1.0,0,0,1.0,0,1.0,0,,False,no_upcoming,,,beta_missing:series_too_short,5,,,series_too_short,-0.4372,,42.5,0.3407,-0.073945,-0.363255,mid,large,none,drug_developer,morningstar,,,,0,0.8415378091872791519434628975,50,41.25000000000000000000000000,77.5,50,57.02127659574468085106382979,80.0,56.3442,0.5265,2.0,102,2,0.3333,0.4274,0,1,0.0,0.4,0.55,infectious_disease,0.7369,highly_crowded,1.0,91,0.1,0.619748,0.3048,44.63,0.867647,1.1153
OCGN,"Ocugen, Inc.",,,D,ineligible,D,ineligible,,0.934874,,0,0.921296,1,0.078704,,0,no_upcoming,9,tailwind,deep_drawdown|deep_drawdown_rel_xbi,XS,ineligible,momentum_score:+35.0;clinical_score:-23.8;financial_score:-23.5,tier=D;reason=ineligible;cat_days=NA;strength=missing;decay_w=0.0,v1.3.0,31f399e0,0,fundamental_red_flag,1,sponsor_absent_late_stage,"{""burn_ttm"": 43003000.0, ""cash_total"": 37800000.0, ""dilution_risk"": null, ""has_revenue"": null, ""lead_phase"": null, ""runway_months"": 10.2385842945173, ""stage_bucket"": ""late"", ""surv_score"": ""0.0"", ""tier1_count"": 0}",late|none|nonpos,-0.015220797979797982,,-0.3465,,0,-1.6492,-0.3465,0,0,neutral,-1.1328,,0.0,0.0,0.0,,,0.0,0,0,0,True,False,True,missing,0.0,short,<=2000bps,1069.58,0.7,1,0,1.0,0,1.0,0,,False,no_upcoming,0.448026,price_history,,0,0.7434,price_history,,-0.351648,,49.6983,0.7585,-0.073945,-0.277703,late,small,sev2,drug_developer,morningstar,,,,0,0.8569526884272997032640949555,63.98,41.25000000000000000000000000,,51.98,5.138063152331880036992997754,5.401111111111111111111111112,4.3868,-1.6836,3.0,,4,1.0,0.0,0,0,0.0,0.4,0.55,ophthalmology,-0.4386,uncrowded,1.0,223,-0.015220797979797982,0.065126,-1.5131,4.44,0.006303,-2.4947
FULC,"Fulcrum Therapeutics, Inc.",,,D,ineligible,D,ineligible,,0.884454,,0,0.986111,1,0.013889,,0,no_upcoming,9,headwind,deep_drawdown|deep_drawdown_rel_xbi,XS,ineligible,financial_score:+35.5;clinical_score:-34.0;momentum_score:-31.3,tier=D;reason=ineligible;cat_days=NA;strength=missing;decay_w=0.0,v1.3.0,31f399e0,0,deep_drawdown,0,,"{""burn_ttm"": 60065000.0, ""cash_total"": 197533000.0, ""dilution_risk"": null, ""has_revenue"": null, ""lead_phase"": null, ""runway_months"": 39.463847498543245, ""stage_bucket"": ""late"", ""surv_score"": ""5.0"", ""tier1_count"": 3}",late|none|nonpos,-0.015220797979797982,,-0.2039,160,1,-1.6549,-0.2039,3,3,buying,0.0816,elite_3,0.0,0.0,0.0,,,0.0,0,0,0,True,False,True,missing,0.0,adequate,<=1000bps,919.56,0.85,1,0,1.0,0,1.0,0,,False,no_upcoming,-0.711033,price_history,,3,1.2302,price_history,,-0.655712,,22.8377,1.1313,-0.073945,-0.581767,late,small,none,drug_developer,morningstar,,,,0,0.8089258911819887429643527205,7.65,41.25000000000000000000000000,66.5,53.96,5,74.52173913043478260869565218,4.7689,-1.6673,3.0,222,2,0.3333,0.4995,0,1,0.0,0.4,0.55,infectious_disease,-0.4386,uncrowded,1.0,211,-0.015220797979797982,0.115546,-1.1975,15.94,0.22479,-0.7561
ABVX,Abivax SA,,,D,ineligible,D,ineligible,,0.002101,,0,0.152778,1,0.847222,,0,no_upcoming,9,neutral,drawdown_data_missing,XS,ineligible,financial_score:-44.1;smart_money_score:+33.9;clinical_score:+21.2,tier=D;reason=ineligible;cat_days=NA;strength=missing;decay_w=0.0,v1.3.0,31f399e0,0,financials_missing,1,"cash_runway_lt_6m,survivability_critical","{""burn_ttm"": 0.0, ""cash_total"": 0.0, ""dilution_risk"": null, ""has_revenue"": null, ""lead_phase"": null, ""runway_months"": 0.0, ""stage_bucket"": ""mid"", ""surv_score"": ""-5.0"", ""tier1_count"": 8}",mid|none|pos,0.1,,0.4503,0,1,1.1306,0.4503,8,8,buying,2.1057,elite_8,0.0,0.0,0.0,,,0.0,0,0,0,True,False,True,missing,0.0,critical,<=400bps,240.42,1.0,0,0,1.0,0,1.0,0,,False,no_upcoming,,,beta_missing:series_too_short,8,,,series_too_short,,no_price_series,,0.7549,-0.073945,,mid,unknown,sev2,drug_developer,morningstar,,,drawdown,1,0.7437349785407725321888412017,50,41.25000000000000000000000000,85,50,72.34042553191489361702127660,6.984055128011669433127106283,71.7617,1.1823,2.0,196,9,1.0,0.5013,0,0,0.0,0.4,0.55,infectious_disease,0.7369,highly_crowded,1.0,1,0.1,0.997899,2.8626,17.51,0.304622,-0.5112
SRRK,Scholar Rock Holding Corporatio,,,D,ineligible,D,ineligible,,0.418067,,0,0.180556,1,0.819444,,0,no_upcoming,9,headwind,deep_drawdown_rel_xbi,XS,ineligible,financial_score:-36.8;clinical_score:+26.0;smart_money_score:+24.2,tier=D;reason=ineligible;cat_days=NA;strength=missing;decay_w=0.0,v1.3.0,31f399e0,0,financials_missing,1,"cash_runway_lt_6m,survivability_critical","{""burn_ttm"": 0.0, ""cash_total"": 0.0, ""dilution_risk"": null, ""has_revenue"": null, ""lead_phase"": null, ""runway_months"": 0.0, ""stage_bucket"": ""mid"", ""surv_score"": ""-5.0"", ""tier1_count"": 7}",mid|none|pos,0.1,,-0.5199,151,1,1.025,-0.5199,7,7,buying,1.7009,elite_7,0.0,0.0,0.0,,,0.0,0,0,0,True,False,True,missing,0.0,critical,<=1000bps,460.05,0.85,1,0,1.0,0,1.0,0,,False,no_upcoming,-0.363743,price_history,,7,1.3113,price_history,,-0.339632,,48.9703,0.7098,-0.073945,-0.265687,mid,unknown,sev2,drug_developer,morningstar,,,,0,0.7305426132065276126661623257,33.05,41.25000000000000000000000000,68.0,50,69.78723404255319148936170213,6.984055128011669433127106283,69.2137,1.0739,2.0,151,2,0.3333,0.2841,0,1,0.0,0.3,0.75,rare_disease,0.7369,highly_crowded,1.0,100,0.1,0.581933,0.2068,21.19,0.422269,-0.1961
IMMP,Immutep Limited,,,D,ineligible,D,ineligible,,0.220588,,0,0.532407,1,0.467593,,0,no_upcoming,9,headwind,deep_drawdown|deep_drawdown_rel_xbi,XS,ineligible,financial_score:-25.5;clinical_score:+16.2;catalyst_score:+8.8,tier=D;reason=ineligible;cat_days=NA;strength=missing;decay_w=0.0,v1.3.0,31f399e0,0,financials_missing|deep_drawdown,1,"cash_runway_lt_6m,survivability_critical","{""burn_ttm"": 0.0, ""cash_total"": 0.0, ""dilution_risk"": null, ""has_revenue"": null, ""lead_phase"": null, ""runway_months"": 0.0, ""stage_bucket"": ""mid"", ""surv_score"": ""-5.0"", ""tier1_count"": 0}",mid|none|pos,0.1,,0.422,0,1,0.1539,0.422,0,0,neutral,-1.1328,,0.0,0.0,0.0,,,0.0,0,0,0,True,False,True,missing,0.0,critical,>2000bps,2020.0,0.55,1,0,1.0,0,1.0,0,,False,no_upcoming,0.029963,price_history,,0,0.4823,price_history,,-0.557756,,52.7177,0.7295,-0.073945,-0.483811,mid,unknown,sev2,drug_developer,morningstar,,,,0,0.7436460766124631670850158245,33.01,41.25000000000000000000000000,,50,48.72843418339117750616166189,6.984055128011669433127106283,48.7604,0.2039,2.0,253,10,1.0,0.1259,0,0,0.0909,0.5,0.95,oncology,0.7369,highly_crowded,1.0,53,0.1,0.779412,0.7702,11.96,0.102941,-1.265
EPRX,Eupraxia Pharmaceuticals Inc.,,,D,ineligible,D,ineligible,,0.170168,,0,0.467593,1,0.532407,,0,no_upcoming,9,neutral,overbought_rsi,XS,ineligible,financial_score:-36.6;smart_money_score:+22.9;clinical_score:+9.6,tier=D;reason=ineligible;cat_days=NA;strength=missing;decay_w=0.0,v1.3.0,31f399e0,0,financials_missing,1,"cash_runway_lt_6m,survivability_critical","{""burn_ttm"": 0.0, ""cash_total"": 0.0, ""dilution_risk"": null, ""has_revenue"": null, ""lead_phase"": null, ""runway_months"": 0.0, ""stage_bucket"": ""mid"", ""surv_score"": ""-5.0"", ""tier1_count"": 3}",mid|none|pos,0.1,,0.423,0,1,0.3385,0.423,3,3,buying,0.0816,elite_3,0.0,0.0,0.0,,,0.0,0,0,0,True,False,True,missing,0.0,critical,>2000bps,2020.0,0.55,1,0,1.0,0,1.0,0,,False,no_upcoming,,,beta_missing:series_too_short,3,0.8122,,series_too_short,-0.0272,,82.0755,0.6009,-0.073945,0.046745,mid,unknown,sev2,drug_developer,morningstar,,,,0,0.7231718598904050714515955732,50,41.25000000000000000000000000,66.5,50,53.19148936170212765957446809,6.984055128011669433127106283,51.7139,0.3295,2.0,999,1,0.0,0.0002,0,0,0.0,0.3,0.6,autoimmune,0.7369,crowded,1.0,41,0.1,0.829832,0.9535,17.30,0.30042,-0.5232
LENZ,"LENZ Therapeutics, Inc.",,,D,ineligible,D,ineligible,,0.262605,,0,0.615741,1,0.384259,,0,no_upcoming,9,neutral,drawdown_data_missing,XS,ineligible,smart_money_score:+29.3;financial_score:-27.9;momentum_score:+5.3,tier=D;reason=ineligible;cat_days=NA;strength=missing;decay_w=0.0,v1.3.0,31f399e0,0,fundamental_red_flag,1,survivability_critical,"{""burn_ttm"": 36145000.0, ""cash_total"": 25399000.0, ""dilution_risk"": null, ""has_revenue"": null, ""lead_phase"": null, ""runway_months"": 8.432369622354406, ""stage_bucket"": ""mid"", ""surv_score"": ""-5.0"", ""tier1_count"": 6}",mid|none|nonpos,0.1,,0.42,0,1,-0.153,0.42,6,6,buying,1.2961,elite_6,0.0,0.0,0.0,,,0.0,0,0,0,True,False,True,missing,0.0,short,<=1000bps,831.52,0.85,1,0,1.0,0,1.0,0,,False,no_upcoming,,,beta_missing:series_too_short,6,,,series_too_short,,no_price_series,,1.0281,-0.073945,,mid,small,sev2,drug_developer,morningstar,,,drawdown,1,0.7554168851599370739381227058,50,41.25000000000000000000000000,74.0,50,41.31029626276344248277249635,16.81575373472159348121321865,40.559,-0.145,2.0,,2,0.3333,0.0,0,0,0.0,0.4,0.5,other,-2.7897,uncrowded,1.0,63,0.1,0.737395,0.6353,15.53,0.216387,-0.7845
CRNX,"Crinetics Pharmaceuticals, Inc.",,,D,ineligible,D,ineligible,,0.12395,,0,0.513889,1,0.486111,,0,no_upcoming,9,headwind,deep_drawdown|deep_drawdown_rel_xbi,XS,ineligible,momentum_score:-25.5;financial_score:+25.4;smart_money_score:+16.9,tier=D;reason=ineligible;cat_days=NA;strength=missing;decay_w=0.0,v1.3.0,31f399e0,0,deep_drawdown,0,,"{""burn_ttm"": 285021000.0, ""cash_total"": 1092291000.0, ""dilution_risk"": null, ""has_revenue"": null, ""lead_phase"": null, ""runway_months"": 45.98781142442136, ""stage_bucket"": ""mid"", ""surv_score"": ""5.0"", ""tier1_count"": 5}",mid|none|pos,0.1,,0.4221,0,1,0.2593,0.4221,5,5,buying,0.8913,elite_5,0.0,0.0,0.0,,,0.0,0,0,0,True,False,True,missing,0.0,adequate,<=1000bps,459.18,0.85,1,0,1.0,0,1.0,0,,False,no_upcoming,-0.209452,price_history,,5,1.1345,price_history,,-0.449735,,43.1353,0.6688,-0.073945,-0.37579,mid,mid,none,drug_developer,morningstar,,,,0,0.8429639747995418098510882016,29.15,41.25000000000000000000000000,71.5,14.52,51.27659574468085106382978723,80.0,51.8475,0.3352,2.0,10,4,1.0,0.92,1,1,0.0,0.4,0.5,other,0.7369,highly_crowded,1.0,30,0.1,0.87605,1.1555,36.93,0.707983,0.5475
BNTX,BioNTech SE,,,D,ineligible,D,ineligible,,0.077731,,0,0.439815,1,0.560185,,0,no_upcoming,9,tailwind,,XS,ineligible,financial_score:-41.4;momentum_score:+33.8;smart_money_score:+8.6,tier=D;reason=ineligible;cat_days=NA;strength=missing;decay_w=0.0,v1.3.0,31f399e0,0,financials_missing,1,"cash_runway_lt_6m,survivability_critical","{""burn_ttm"": 0.0, ""cash_total"": 0.0, ""dilution_risk"": null, ""has_revenue"": null, ""lead_phase"": null, ""runway_months"": 0.0, ""stage_bucket"": ""mid"", ""surv_score"": ""-5.0"", ""tier1_count"": 4}",mid|none|pos,0.1,,0.426,0,1,0.3913,0.426,4,4,selling,0.4865,elite_4,0.0,0.0,0.0,,,0.0,0,0,0,True,False,True,missing,0.0,critical,<=400bps,298.62,1.0,0,0,1.0,0,1.0,0,,False,no_upcoming,0.499276,price_history,,4,0.6729,price_history,,-0.29903,,49.5226,0.3086,-0.073945,-0.225085,mid,unknown,sev2,drug_developer,morningstar,,,,0,0.8007065128315721371576450291,82.20,41.25000000000000000000000000,57.0,50,54.46808510638297872340425532,6.984055128011669433127106283,54.0668,0.4296,2.0,903,25,1.0,0.0815,0,0,0.0,0.4,0.95,oncology,0.7369,highly_crowded,1.0,19,0.1,0.922269,1.4205,18.75,0.355042,-0.3717
RAPT,"RAPT Therapeutics, Inc.",,,D,ineligible,D,ineligible,,0.359244,,0,0.273148,1,0.726852,,0,no_upcoming,9,tailwind,high_vol|deep_drawdown|deep_drawdown_rel_xbi,XS,ineligible,financial_score:-28.4;smart_money_score:+22.2;catalyst_score:-14.0,tier=D;reason=ineligible;cat_days=NA;strength=missing;decay_w=0.0,v1.3.0,31f399e0,0,deep_drawdown,0,,"{""burn_ttm"": 76143000.0, ""cash_total"": 157344000.0, ""dilution_risk"": null, ""has_revenue"": null, ""lead_phase"": null, ""runway_months"": 24.797131712698476, ""stage_bucket"": ""early"", ""surv_score"": ""5.0"", ""tier1_count"": 5}",early|none|pos,0.1,,-0.105,0,1,0.8269,-0.105,5,5,buying,0.8913,elite_5,0.0,0.0,0.0,,,0.0,0,0,0,True,False,True,missing,0.0,adequate,<=400bps,273.59,1.0,0,0,1.0,0,1.0,0,,False,no_upcoming,0.297844,price_history,,5,1.442,price_history,,-0.479943,,54.1993,1.4599,-0.073945,-0.405998,early,small,none,drug_developer,morningstar,,,,0,0.7284551080230159591792422104,65.75,41.25000000000000000000000000,77.5,32.31,65.00000000000000000000000000,26.87927720107650903498654364,64.5987,0.8776,1.0,248,3,0.6667,0.0317,0,0,0.0,0.4,0.85,oncology,0.7369,highly_crowded,1.0,86,0.1,0.640756,0.3605,33.28,0.640756,0.3605
PRQR,ProQR Therapeutics N.V.,,,D,ineligible,D,ineligible,,0.338235,,0,0.347222,1,0.652778,,0,no_upcoming,9,headwind,deep_drawdown|deep_drawdown_rel_xbi,XS,ineligible,financial_score:-32.7;clinical_score:+19.2;smart_money_score:+15.8,tier=D;reason=ineligible;cat_days=NA;strength=missing;decay_w=0.0,v1.3.0,31f399e0,0,financials_missing|deep_drawdown,1,"cash_runway_lt_6m,survivability_critical","{""burn_ttm"": 0.0, ""cash_total"": 0.0, ""dilution_risk"": null, ""has_revenue"": null, ""lead_phase"": null, ""runway_months"": 0.0, ""stage_bucket"": ""mid"", ""surv_score"": ""-5.0"", ""tier1_count"": 1}",mid|none|pos,0.1,,-0.7398,419,1,0.5761,-0.7398,1,1,buying,-0.728,elite_1,0.0,0.0,0.0,,,0.0,0,0,0,True,False,True,missing,0.0,critical,>2000bps,2036.0,0.55,1,0,1.0,0,1.0,0,,False,no_upcoming,-0.068075,price_history,,1,0.3303,price_history,,-0.456566,,53.2439,,-0.073945,-0.382621,mid,unknown,sev2,drug_developer,morningstar,,,,0,0.7467380601861874864689326694,35.90,41.25000000000000000000000000,55.5,50,58.93617021276595744680851064,6.984055128011669433127106283,57.8349,0.5899,2.0,528,4,1.0,0.021,0,0,0.0,0.4,0.55,ophthalmology,0.7369,highly_crowded,1.0,81,0.1,0.661765,0.4173,18.41,0.334034,-0.4288
BLTE,"Belite Bio, Inc",,,D,ineligible,D,ineligible,,0.073529,,0,0.115741,1,0.884259,,0,no_upcoming,9,neutral,drawdown_data_missing,XS,ineligible,financial_score:-42.4;clinical_score:+26.8;smart_money_score:+19.1,tier=D;reason=ineligible;cat_days=NA;strength=missing;decay_w=0.0,v1.3.0,31f399e0,0,financials_missing,1,"cash_runway_lt_6m,survivability_critical","{""burn_ttm"": 0.0, ""cash_total"": 0.0, ""dilution_risk"": null, ""has_revenue"": null, ""lead_phase"": null, ""runway_months"": 0.0, ""stage_bucket"": ""early"", ""surv_score"": ""-5.0"", ""tier1_count"": 3}",early|none|pos,0.1,,-0.0667,0,1,1.2061,-0.0667,3,3,buying,0.0816,elite_3,0.0,0.0,0.0,,,0.0,0,0,0,True,False,True,missing,0.0,critical,<=1000bps,466.09,0.85,1,0,1.0,0,1.0,0,,False,no_upcoming,,,beta_missing:series_too_short,3,,,series_too_short,,no_price_series,,,-0.073945,,early,unknown,sev2,drug_developer,morningstar,,,drawdown,1,0.7090283128091779812651299863,50,41.25000000000000000000000000,66.5,50,74.16666666666666666666666667,5,73.1071,1.2395,1.0,,2,0.3333,0.0,0,0,0.0,0.4,0.5,other,0.2667,moderate,1.0,18,0.1,0.926471,1.45,24.30,0.493697,-0.0158
SANA,"Sana Biotechnology, Inc.",,,D,ineligible,D,ineligible,,0.397059,,0,0.550926,1,0.449074,,0,no_upcoming,9,neutral,deep_drawdown|deep_drawdown_rel_xbi,XS,ineligible,financial_score:-30.8;smart_money_score:+18.6;momentum_score:+7.6,tier=D;reason=ineligible;cat_days=NA;strength=missing;decay_w=0.0,v1.3.0,31f399e0,0,deep_drawdown,0,,"{""burn_ttm"": 111187000.0, ""cash_total"": 153054000.0, ""dilution_risk"": null, ""has_revenue"": null, ""lead_phase"": null, ""runway_months"": 16.51854983046579, ""stage_bucket"": ""early"", ""surv_score"": ""1.0"", ""tier1_count"": 2}",early|none|pos,0.1,,-1.4618,,0,0.1379,-1.4618,2,2,buying,-0.3232,elite_2,0.0,0.0,0.0,,,0.0,0,0,0,True,False,True,missing,0.0,adequate,<=1000bps,861.68,0.85,1,0,1.0,0,1.0,0,,False,no_upcoming,,,beta_missing:series_too_short,2,,,series_too_short,-0.5084,,19.0,1.1156,-0.073945,-0.434455,early,small,sev1,drug_developer,morningstar,,,,0,0.7156683937823834196891191710,50,41.25000000000000000000000000,61.0,50,48.34190672153635116598079561,11.63321799307958477508650519,46.5407,0.1095,0.0,3761,1,0.0,0.0,0,0,0.0,0.0,0.55,metabolic,0.7369,highly_crowded,1.0,95,0.1,0.602941,0.261,16.19,0.233193,-0.7284
CTMX,"CytomX Therapeutics, Inc.",,,D,ineligible,D,ineligible,,0.136555,,0,0.976852,1,0.023148,,0,no_upcoming,9,headwind,deep_drawdown|deep_drawdown_rel_xbi,XS,ineligible,smart_money_score:+43.4;clinical_score:-34.6;momentum_score:-7.5,tier=D;reason=ineligible;cat_days=NA;strength=missing;decay_w=0.0,v1.3.0,31f399e0,0,deep_drawdown,0,,"{""burn_ttm"": 52344000.0, ""cash_total"": 34185000.0, ""dilution_risk"": null, ""has_revenue"": null, ""lead_phase"": null, ""runway_months"": 7.837001375515818, ""stage_bucket"": ""mid"", ""surv_score"": ""-2.0"", ""tier1_count"": 6}",mid|none|nonpos,0.1,,0.1018,20,1,-1.6549,0.1018,6,6,buying,1.2961,elite_6,0.0,0.0,0.0,,,0.0,0,0,0,True,False,True,missing,0.0,adequate,<=1000bps,786.14,0.85,1,0,1.0,0,1.0,0,,False,no_upcoming,-0.298202,price_history,,6,1.082,price_history,,-0.525273,,39.0559,0.9241,-0.073945,-0.451328,mid,small,none,drug_developer,morningstar,,,,0,0.7857006297795771479982006298,32.02,41.25000000000000000000000000,83.0,46.77,5,36.56606810522609526683768422,5.3538,-1.6424,2.0,,5,1.0,0.4616,2,0,0.0,0.3,0.95,oncology,0.7369,highly_crowded,1.0,33,0.1,0.863445,1.0959,13.41,0.128151,-1.1352
CLLS,Cellectis S.A.,,,D,ineligible,D,ineligible,,0.102941,,0,0.49537,1,0.50463,,0,no_upcoming,9,headwind,,XS,ineligible,financial_score:-31.0;clinical_score:+15.6;momentum_score:+10.2,tier=D;reason=ineligible;cat_days=NA;strength=missing;decay_w=0.0,v1.3.0,31f399e0,0,financials_missing,1,"cash_runway_lt_6m,survivability_critical","{""burn_ttm"": 0.0, ""cash_total"": 0.0, ""dilution_risk"": null, ""has_revenue"": null, ""lead_phase"": null, ""runway_months"": 0.0, ""stage_bucket"": ""early"", ""surv_score"": ""-5.0"", ""tier1_count"": 0}",early|none|pos,0.1,,-0.1619,0,1,0.2754,-0.1619,0,0,neutral,-1.1328,,0.0,0.0,0.0,,,0.0,0,0,0,True,False,True,missing,0.0,critical,>2000bps,2050.0,0.55,1,0,1.0,0,1.0,0,,False,no_upcoming,-0.096675,price_history,,0,1.2296,price_history,,-0.129876,,56.3861,0.8122,-0.073945,-0.055931,early,unknown,sev2,drug_developer,morningstar,,,,0,0.6775654673195656802214179263,46.18,41.25000000000000000000000000,,50,51.66666666666666666666666667,5,50.8595,0.2932,1.0,1031,5,1.0,0.0,0,0,0.0,0.3,0.85,oncology,0.7369,highly_crowded,1.0,25,0.1,0.897059,1.265,14.32,0.161765,-0.9872
ELDN,"Eledon Pharmaceuticals, Inc.",,,D,ineligible,D,ineligible,,0.161765,,0,0.569444,1,0.430556,,0,no_upcoming,9,headwind,deep_drawdown|deep_drawdown_rel_xbi,XS,ineligible,momentum_score:-25.8;financial_score:+12.1;smart_money_score:+10.9,tier=D;reason=ineligible;cat_days=NA;strength=missing;decay_w=0.0,v1.3.0,31f399e0,0,deep_drawdown,0,,"{""burn_ttm"": 48250000.0, ""cash_total"": 93401000.0, ""dilution_risk"": null, ""has_revenue"": null, ""lead_phase"": null, ""runway_months"": 23.229264248704663, ""stage_bucket"": ""mid"", ""surv_score"": ""4.0"", ""tier1_count"": 1}",mid|none|pos,0.1,,-0.7604,580,1,-0.0014,-0.7604,1,1,neutral,-0.728,elite_1,0.0,0.0,0.0,,,0.0,0,0,0,True,False,True,missing,0.0,adequate,>2000bps,2020.0,0.55,1,0,1.0,0,1.0,0,,False,no_upcoming,-0.673781,price_history,,1,0.1984,price_history,,-0.656489,,45.0035,,-0.073945,-0.582544,mid,micro,sev1,drug_developer,morningstar,,,,0,0.7175907625091022573598252367,15.81,41.25000000000000000000000000,52.5,50,44.97409587042905286454403702,53.70212765957446808510638298,43.817,-0.0064,2.0,580,1,0.0,0.008,0,0,0.0,0.3,0.5,other,-0.4386,uncrowded,1.0,39,0.1,0.838235,0.9872,27.66,0.556723,0.1427
CELC,Celcuity Inc.,,,D,ineligible,D,ineligible,,0.094538,,0,0.810185,1,0.189815,,0,no_upcoming,9,headwind,deep_drawdown|deep_drawdown_rel_xbi,XS,ineligible,smart_money_score:+39.5;clinical_score:-28.3;momentum_score:-24.7,tier=D;reason=ineligible;cat_days=NA;strength=missing;decay_w=0.0,v1.3.0,31f399e0,0,deep_drawdown,0,,"{""burn_ttm"": 116881000.0, ""cash_total"": 454978000.0, ""dilution_risk"": null, ""has_revenue"": null, ""lead_phase"": null, ""runway_months"": 46.71192067145216, ""stage_bucket"": ""mid"", ""surv_score"": ""4.0"", ""tier1_count"": 6}",mid|none|nonpos,0.1,,-0.7954,516,1,-1.2305,-0.7954,6,6,buying,1.2961,elite_6,0.0,0.0,0.0,,,0.0,0,0,0,True,False,True,missing,0.0,adequate,<=400bps,347.34,1.0,0,0,1.0,0,1.0,0,,False,no_upcoming,-0.492628,price_history,,6,0.3194,price_history,,-0.516129,,46.5435,,-0.073945,-0.442184,mid,mid,none,drug_developer,morningstar,,,,0,0.7815738498789346246973365617,18.81,41.25000000000000000000000000,83.0,10.00,15.25929279211307278305920226,59.31914893617021276595744681,14.8022,-1.2405,2.0,1165,5,1.0,0.0035,0,0,0.0,0.3,0.95,oncology,-0.4386,uncrowded,1.0,23,0.1,0.905462,1.3133,17.07,0.283613,-0.5721
ACIU,AC Immune SA,,,D,ineligible,D,ineligible,,0.006303,,0,0.726852,1,0.273148,,0,no_upcoming,9,headwind,,XS,ineligible,financial_score:-22.9;momentum_score:+16.2;catalyst_score:+11.3,tier=D;reason=ineligible;cat_days=NA;strength=missing;decay_w=0.0,v1.3.0,31f399e0,0,financials_missing,1,"cash_runway_lt_6m,survivability_critical","{""burn_ttm"": 0.0, ""cash_total"": 0.0, ""dilution_risk"": null, ""has_revenue"": null, ""lead_phase"": null, ""runway_months"": 0.0, ""stage_bucket"": ""mid"", ""surv_score"": ""-5.0"", ""tier1_count"": 0}",mid|none|nonpos,0.1,,-0.7854,1110,1,-0.8107,-0.7854,0,0,neutral,-1.1328,,0.0,0.0,0.0,,,0.0,0,0,0,True,False,True,missing,0.0,critical,>2000bps,2020.0,0.55,1,0,1.0,0,1.0,0,,False,no_upcoming,-0.04886,price_history,,0,0.6508,price_history,,-0.222447,,61.3347,0.7916,-0.073945,-0.148502,mid,unknown,sev2,drug_developer,morningstar,,,,0,0.6611859176522120017520805957,46.09,41.25000000000000000000000000,,50,25.40968764146672702580353100,6.984055128011669433127106283,24.338,-0.8349,2.0,1319,2,0.3333,0.0,0,0,0.0,0.4,0.6,cns,0.7369,highly_crowded,1.0,2,0.1,0.993697,2.4947,7.85,0.039916,-1.7517
SNY,Sanofi,,,D,ineligible,,,D,0.716387,0.103846,1,,0,,192,0,specific_days,9,neutral,,XS,ineligible,financial_score:-39.4;clinical_score:+29.9;smart_money_score:+5.1,tier=;reason=;cat_days=192;strength=far;decay_w=0.3,v1.3.0,31f399e0,0,financials_missing,1,"cash_runway_lt_6m,survivability_critical","{""burn_ttm"": 0.0, ""cash_total"": 0.0, ""dilution_risk"": null, ""has_revenue"": null, ""lead_phase"": null, ""runway_months"": 0.0, ""stage_bucket"": ""late"", ""surv_score"": ""-5.0"", ""tier1_count"": 1}",late|near_181_270|pos,0.07410067924528302,29.242,1.1759,0,1,1.1111,1.1759,1,1,selling,-0.728,elite_1,0.0,0.0,0.0,,,0.0,0,0,0,True,False,True,far,0.3,critical,<=400bps,241.86,1.0,0,0,1.0,0,1.0,0,192,False,specific_days,0.008149,price_history,,1,0.4203,price_history,,-0.054119,,45.1723,0.194,-0.073945,0.019826,late,unknown,sev2,commercial_pharma,morningstar,,,,0,0.8561843971631205673758865248,47.46,45.56250000000000000000000000,49.5,50,74.31034482758620689655172414,5,75.6503,1.3477,3.0,19,582,1.0,5.0943,6,9,0.0,0.8,0.95,oncology,0.7369,highly_crowded,1.0,171,0.07410067924528302,0.283613,-0.5721,21.65,0.443277,-0.1427
IRWD,"Ironwood Pharmaceuticals, Inc.",,,D,ineligible,,,D,0.640756,0.711538,1,,0,,,0,no_upcoming,9,headwind,high_vol,XS,ineligible,clinical_score:+20.5;momentum_score:-15.2;catalyst_score:-13.6,tier=;reason=;cat_days=NA;strength=missing;decay_w=0.0,v1.3.0,31f399e0,0,fundamental_red_flag,1,sponsor_absent_late_stage,"{""burn_ttm"": 0.0, ""cash_total"": 140407000.0, ""dilution_risk"": null, ""has_revenue"": null, ""lead_phase"": null, ""runway_months"": null, ""stage_bucket"": ""late"", ""surv_score"": ""2.0"", ""tier1_count"": 0}",late|none|pos,0.07410067924528302,55.913565,1.1759,0,1,1.157,1.1759,0,0,neutral,-1.1328,,0.0,0.0,0.0,,,0.0,0,0,0,True,False,True,missing,0.0,adequate,<=1000bps,819.43,0.85,1,0,1.0,0,1.0,0,,False,no_upcoming,-0.008063,price_history,,0,0.8566,price_history,,-0.256959,,54.8641,1.2561,-0.073945,-0.183014,late,small,none,commercial_pharma,morningstar,,,,0,0.8509832103790384126176545408,39.58,41.25000000000000000000000000,,56.08,75.34482758620689655172413793,63.04347826086956521739130435,76.3348,1.3768,3.0,47,17,1.0,1.9366,2,2,0.0,0.9,0.55,metabolic,-0.4386,uncrowded,1.0,153,0.07410067924528302,0.359244,-0.3605,38.55,0.745798,0.6613
MNKD,MannKind Corporation,,,D,ineligible,,,D,0.665966,0.226923,1,,0,,,0,no_upcoming,9,tailwind,,XS,ineligible,clinical_score:+17.9;catalyst_score:-13.1;financial_score:-6.9,tier=;reason=;cat_days=NA;strength=missing;decay_w=0.0,v1.3.0,31f399e0,0,fundamental_red_flag,1,sponsor_absent_late_stage,"{""burn_ttm"": 0.0, ""cash_total"": 171346000.0, ""dilution_risk"": null, ""has_revenue"": null, ""lead_phase"": null, ""runway_months"": null, ""stage_bucket"": ""late"", ""surv_score"": ""1.0"", ""tier1_count"": 0}",late|none|pos,0.07410067924528302,38.038539,1.1728,0,1,1.2256,1.1728,0,0,neutral,-1.1328,,0.0,0.0,0.0,,,0.0,0,0,0,True,False,True,missing,0.0,adequate,<=1000bps,820.88,0.85,1,0,1.0,0,1.0,0,,False,no_upcoming,0.050032,price_history,,0,1.351,price_history,,-0.21267,,52.7752,0.4616,-0.073945,-0.138725,late,small,none,commercial_biotech,morningstar,,,,0,0.9,56.32,41.25000000000000000000000000,,15.54,72.24137931034482758620689655,47.41230833858433102289434993,71.1401,1.1558,3.0,,17,1.0,0.0,0,0,0.0,0.8,0.5,respiratory,0.7369,highly_crowded,1.0,159,0.07410067924528302,0.334034,-0.4288,43.17,0.842437,1.0045
VCEL,Vericel Corporation,,,D,ineligible,,,D,0.737395,0.219231,1,,0,,,0,no_upcoming,9,neutral,,XS,ineligible,clinical_score:+19.0;financial_score:-14.7;catalyst_score:-6.3,tier=;reason=;cat_days=NA;strength=missing;decay_w=0.0,v1.3.0,31f399e0,0,fundamental_red_flag,1,sponsor_absent_late_stage,"{""burn_ttm"": 0.0, ""cash_total"": 137499000.0, ""dilution_risk"": null, ""has_revenue"": null, ""lead_phase"": null, ""runway_months"": null, ""stage_bucket"": ""late"", ""surv_score"": ""1.0"", ""tier1_count"": 0}",late|none|pos,0.07410067924528302,37.173247,1.166,0,1,0.9735,1.166,0,0,neutral,-1.1328,,0.0,0.0,0.0,,,0.0,0,0,0,True,False,True,missing,0.0,adequate,<=1000bps,731.33,0.85,1,0,1.0,0,1.0,0,,False,no_upcoming,0.094923,price_history,,0,0.7089,price_history,,-0.1436,,55.0448,0.4807,-0.073945,-0.069655,late,small,none,commercial_biotech,morningstar,,,,0,0.9,49.47,41.25000000000000000000000000,,35.81,66.55172413793103448275862069,32.76832598193656794791010292,65.8005,0.9287,3.0,2475,10,1.0,0.0,0,0,0.0,0.4,0.5,other,-1.1439,uncrowded,1.0,176,0.07410067924528302,0.262605,-0.6353,38.11,0.733193,0.6225
AZN,Astrazeneca PLC,,,D,ineligible,,,D,0.565126,0.126923,1,,0,,132,0,specific_days,9,neutral,,XS,ineligible,financial_score:-44.0;clinical_score:+25.8;smart_money_score:+20.0,tier=;reason=;cat_days=132;strength=mid;decay_w=0.7,v1.3.0,31f399e0,0,financials_missing,1,"cash_runway_lt_6m,survivability_critical","{""burn_ttm"": 0.0, ""cash_total"": 0.0, ""dilution_risk"": null, ""has_revenue"": null, ""lead_phase"": null, ""runway_months"": 0.0, ""stage_bucket"": ""late"", ""surv_score"": ""-5.0"", ""tier1_count"": 4}",late|near_91_180|pos,0.07410067924528302,29.884,1.1759,0,1,1.1341,1.1759,4,4,buying,0.4865,elite_4,0.0,0.0,0.0,,,0.0,0,0,0,True,False,True,mid,0.7,critical,<=400bps,263.76,1.0,0,0,1.0,0,1.0,0,132,False,specific_days,0.001076,price_history,,4,0.5571,price_history,,-0.080927,,50.4663,0.2344,-0.073945,-0.006982,late,unknown,sev2,commercial_pharma,morningstar,,,,0,0.8534510452344395889925593481,50.67,45.56250000000000000000000000,69.0,50,74.82758620689655172413793103,5,76.1675,1.3697,3.0,18,592,1.0,4.3639,10,6,0.0,0.9,0.95,oncology,0.7369,highly_crowded,1.0,135,0.07410067924528302,0.434874,-0.164,22.14,0.455882,-0.1108
ARDX,"Ardelyx, Inc.",,,D,ineligible,,,D,0.544118,0.196154,1,,0,,,0,no_upcoming,9,headwind,deep_drawdown_rel_xbi,XS,ineligible,clinical_score:+32.1;financial_score:-23.2;momentum_score:-15.8,tier=;reason=;cat_days=NA;strength=missing;decay_w=0.0,v1.3.0,31f399e0,0,fundamental_red_flag,1,survivability_critical,"{""burn_ttm"": 42483000.0, ""cash_total"": 67999000.0, ""dilution_risk"": null, ""has_revenue"": null, ""lead_phase"": null, ""runway_months"": 19.207400607301743, ""stage_bucket"": ""late"", ""surv_score"": ""-4.0"", ""tier1_count"": 1}",late|none|pos,0.07410067924528302,35.631102,1.1759,0,1,1.4365,1.1759,1,1,buying,-0.728,elite_1,0.0,0.0,0.0,,,0.0,0,0,0,True,False,True,missing,0.0,adequate,<=1000bps,582.84,0.85,1,0,1.0,0,1.0,0,,False,no_upcoming,-0.301621,price_history,,1,1.4129,price_history,,-0.327076,,47.1253,0.8641,-0.073945,-0.253131,late,small,none,commercial_biotech,morningstar,,,,0,0.8854993666956413758847634422,29.15,41.25000000000000000000000000,55.5,57.22,77.000,21.72022684310018903591682419,76.2487,1.3731,3.0,309,12,1.0,0.0,0,0,0.0,0.6,0.55,metabolic,-0.4386,uncrowded,1.0,130,0.07410067924528302,0.455882,-0.1108,32.73,0.619748,0.3048
HALO,"Halozyme Therapeutics, Inc.",,,D,ineligible,,,D,0.615546,0.565385,1,,0,,41,1,specific_days,9,tailwind,,XS,ineligible,clinical_score:+17.2;financial_score:-12.5;catalyst_score:-12.1,tier=;reason=;cat_days=41;strength=near;decay_w=1.0,v1.3.0,31f399e0,0,fundamental_red_flag,1,sponsor_absent_late_stage,"{""burn_ttm"": 0.0, ""cash_total"": 133820000.0, ""dilution_risk"": null, ""has_revenue"": null, ""lead_phase"": null, ""runway_months"": null, ""stage_bucket"": ""late"", ""surv_score"": ""-1.0"", ""tier1_count"": 0}",late|near_31_90|pos,0.07410067924528302,50.4655,1.1667,0,1,1.0422,1.1667,0,0,neutral,-1.1328,,0.0,0.0,0.0,,,0.0,0,0,0,True,False,True,near,1.0,adequate,<=400bps,268.65,1.0,0,0,1.0,0,1.0,0,41,True,specific_days,0.124809,price_history,,0,0.8617,price_history,,-0.049949,,50.9681,0.2835,-0.073945,0.023996,late,mid,none,commercial_biotech,morningstar,,,,0,0.9,58.22,38.82273600000000000000000000,,61.49,68.10344827586206896551724138,38.44444444444444444444444444,69.3744,1.0807,3.0,,29,1.0,0.9452,1,2,0.0,0.7,0.95,oncology,0.7369,highly_crowded,1.0,147,0.07410067924528302,0.384454,-0.2938,35.96,0.695378,0.5112
BIIB,Biogen Inc.,,,D,ineligible,,,D,0.569328,0.35,1,,0,,2324,0,specific_days,9,headwind,,XS,ineligible,financial_score:-20.1;clinical_score:+19.3;smart_money_score:+18.6,tier=;reason=;cat_days=2324;strength=far;decay_w=0.3,v1.3.0,31f399e0,0,financials_missing,1,"cash_runway_lt_6m,survivability_critical","{""burn_ttm"": 0.0, ""cash_total"": 0.0, ""dilution_risk"": null, ""has_revenue"": null, ""lead_phase"": null, ""runway_months"": 0.0, ""stage_bucket"": ""late"", ""surv_score"": ""-5.0"", ""tier1_count"": 5}",late|far_271_540|pos,0.07410067924528302,42.446608,1.1672,0,1,0.8819,1.1672,5,5,buying,0.8913,elite_5,0.0,0.0,0.0,,,0.0,0,0,0,True,False,True,far,0.3,critical,<=400bps,177.15,1.0,0,0,1.0,0,1.0,0,2324,False,specific_days,-0.117837,price_history,,5,0.4574,price_history,,-0.191155,,44.394,0.3103,-0.073945,-0.11721,late,large,none,commercial_pharma,morningstar,,,,0,0.8254976815327644501690549026,36.38,45.56250000000000000000000000,68.5,62.26,69.13793103448275862068965517,29.73246135552913198573127229,70.4779,1.1277,3.0,40,306,1.0,3.8021,6,9,0.0,0.8,0.95,oncology,0.7369,highly_crowded,1.0,136,0.07410067924528302,0.430672,-0.1747,31.39,0.615546,0.2938
BMRN,BioMarin Pharmaceutical Inc.,,,D,ineligible,,,D,0.573529,0.726923,1,,0,,,0,no_upcoming,9,headwind,deep_drawdown|deep_drawdown_rel_xbi,XS,ineligible,momentum_score:-27.8;clinical_score:+16.4;financial_score:+10.8,tier=;reason=;cat_days=NA;strength=missing;decay_w=0.0,v1.3.0,31f399e0,0,deep_drawdown,0,,"{""burn_ttm"": 0.0, ""cash_total"": 1311679000.0, ""dilution_risk"": null, ""has_revenue"": null, ""lead_phase"": null, ""runway_months"": null, ""stage_bucket"": ""late"", ""surv_score"": ""3.0"", ""tier1_count"": 3}",late|none|pos,0.07410067924528302,58.136914,1.1635,0,1,0.9276,1.1635,3,3,neutral,0.0816,elite_3,0.0,0.0,0.0,,,0.0,0,0,0,True,False,True,missing,0.0,adequate,<=400bps,260.52,1.0,0,0,1.0,0,1.0,0,,False,no_upcoming,-0.339998,price_history,,3,0.5795,price_history,,-0.427383,,13.1587,0.4294,-0.073945,-0.353438,late,large,none,commercial_biotech,morningstar,,,,0,0.9,21.27,41.25000000000000000000000000,57.5,77.03,65.51724137931034482758620690,59.82758620689655172413793103,66.7882,0.9707,3.0,87,93,1.0,1.295,1,2,0.0,0.6,0.75,rare_disease,0.7369,highly_crowded,1.0,137,0.07410067924528302,0.426471,-0.1854,45.76,0.880252,1.1762
EXEL,"Exelixis, Inc.",,,D,ineligible,,,D,0.598739,0.75,1,,0,,,0,no_upcoming,9,headwind,,XS,ineligible,clinical_score:+9.3;catalyst_score:-8.2;momentum_score:-7.8,tier=;reason=;cat_days=NA;strength=missing;decay_w=0.0,v1.3.0,31f399e0,0,fundamental_red_flag,1,sponsor_absent_late_stage,"{""burn_ttm"": 0.0, ""cash_total"": 1059091000.0, ""dilution_risk"": null, ""has_revenue"": null, ""lead_phase"": null, ""runway_months"": null, ""stage_bucket"": ""late"", ""surv_score"": ""5.0"", ""tier1_count"": 0}",late|none|pos,0.07410067924528302,59.402603,1.136,0,1,0.6296,1.136,0,0,neutral,-1.1328,,0.0,0.0,0.0,,,0.0,0,0,0,True,False,True,missing,0.0,adequate,<=400bps,299.43,1.0,0,0,1.0,0,1.0,0,,False,no_upcoming,-0.160885,price_history,,0,0.865,price_history,,-0.188549,,41.7487,0.4304,-0.073945,-0.114604,late,large,none,commercial_biotech,morningstar,,,,0,0.9,41.66,41.25000000000000000000000000,,73.65,58.79310344827586206896551724,56.20689655172413793103448276,59.8917,0.6774,3.0,11,64,1.0,2.5433,1,3,-0.0114,0.4,0.95,oncology,0.7369,highly_crowded,1.0,143,0.07410067924528302,0.401261,-0.2501,40.83,0.783613,0.7845
AMPH,"Amphastar Pharmaceuticals, Inc.",,,D,ineligible,,,D,0.535714,0.85,1,,0,,,0,no_upcoming,9,neutral,,XS,ineligible,catalyst_score:-13.8;financial_score:+10.6;clinical_score:+7.4,tier=;reason=;cat_days=NA;strength=missing;decay_w=0.0,v1.3.0,31f399e0,0,fundamental_red_flag,1,sponsor_absent_late_stage,"{""burn_ttm"": 0.0, ""cash_total"": 276209000.0, ""dilution_risk"": null, ""has_revenue"": null, ""lead_phase"": null, ""runway_months"": null, ""stage_bucket"": ""late"", ""surv_score"": ""3.0"", ""tier1_count"": 0}",late|none|pos,0.07410067924528302,67.386978,1.1469,0,1,0.5839,1.1469,0,0,neutral,-1.1328,,0.0,0.0,0.0,,,0.0,0,0,0,True,False,True,missing,0.0,adequate,<=2000bps,1139.42,0.7,1,0,1.0,0,1.0,0,,False,no_upcoming,0.027639,price_history,,0,0.5517,price_history,,-0.108192,,44.6073,0.4149,-0.073945,-0.034247,late,small,none,commercial_pharma,morningstar,,,,0,0.9,50.88,41.25000000000000000000000000,,79.05,62.41379310344827586206896552,65.65217391304347826086956522,61.3125,0.7378,3.0,,10,1.0,0.0,0,0,0.0,0.6,0.5,respiratory,0.7369,highly_crowded,1.0,128,0.07410067924528302,0.464286,-0.0896,47.42,0.905462,1.3133
OPK,"Opko Health, Inc.",,,D,ineligible,,,D,0.943277,0.988462,1,,0,,,0,no_upcoming,9,tailwind,,XS,ineligible,momentum_score:+32.3;clinical_score:-25.2;catalyst_score:-23.0,tier=;reason=;cat_days=NA;strength=missing;decay_w=0.0,v1.3.0,31f399e0,0,fundamental_red_flag,1,sponsor_absent_late_stage,"{""burn_ttm"": 152621000.0, ""cash_total"": 411972000.0, ""dilution_risk"": null, ""has_revenue"": null, ""lead_phase"": null, ""runway_months"": 32.276737801482106, ""stage_bucket"": ""late"", ""surv_score"": ""-2.0"", ""tier1_count"": 0}",late|none|nonpos,-0.015220797979797982,84.717,0.91,0,1,,0.91,0,0,neutral,-1.1328,,0.0,0.0,0.0,,,0.0,0,0,0,True,False,True,missing,0.0,adequate,<=2000bps,1631.21,0.7,1,0,1.0,0,1.0,0,,False,no_upcoming,1.121732,price_history,,0,1.5917,price_history,,-0.184564,,48.9533,0.354,-0.073945,-0.110619,late,small,none,platform_diagnostics,morningstar,,,,0,0.9,96.55,41.25000000000000000000000000,,84.02,39.02034614876469811071475757,80.0,37.9607,-0.2555,3.0,1774,11,1.0,0.0,0,0,0.0,0.4,0.55,ophthalmology,0.2667,moderate,1.0,225,-0.015220797979797982,0.056723,-1.5829,40.12,0.77521,0.7561
KMDA,Kamada Ltd.,,,D,ineligible,,,D,0.905462,0.165385,1,,0,,,0,no_upcoming,9,tailwind,,XS,ineligible,financial_score:-35.2;momentum_score:+30.4;clinical_score:+3.7,tier=;reason=;cat_days=NA;strength=missing;decay_w=0.0,v1.3.0,31f399e0,0,financials_missing,1,"cash_runway_lt_6m,sponsor_absent_late_stage,survivability_critical","{""burn_ttm"": 0.0, ""cash_total"": 0.0, ""dilution_risk"": null, ""has_revenue"": null, ""lead_phase"": null, ""runway_months"": 0.0, ""stage_bucket"": ""late"", ""surv_score"": ""-5.0"", ""tier1_count"": 0}",late|none|nonpos,-0.015220797979797982,33.872,0.9163,0,1,-0.2359,0.9163,0,0,neutral,-1.1328,,0.0,0.0,0.0,,,0.0,0,0,0,True,False,True,missing,0.0,critical,>2000bps,2036.0,0.55,1,0,1.0,0,1.0,0,,False,no_upcoming,0.247484,price_history,,0,0.6459,price_history,,-0.132697,,56.4033,0.3562,-0.073945,-0.058752,late,unknown,sev2,commercial_pharma,morningstar,,,,0,0.8372291969985440698846455370,70.61,41.25000000000000000000000000,,50,43.91200951248513674197384066,5,43.1608,-0.0343,3.0,3024,12,1.0,0.0,0,0,0.0,0.4,0.5,respiratory,-0.4386,uncrowded,1.0,216,-0.015220797979797982,0.094538,-1.3133,13.37,0.12395,-1.1555
IONS,"Ionis Pharmaceuticals, Inc.",,,D,ineligible,,,D,0.636555,0.55,1,,0,,,0,no_upcoming,9,headwind,,XS,ineligible,financial_score:+22.9;momentum_score:-15.6;catalyst_score:-12.7,tier=;reason=;cat_days=NA;strength=missing;decay_w=0.0,v1.3.0,31f399e0,0,fundamental_red_flag,1,sponsor_absent_late_stage,"{""burn_ttm"": 130874000.0, ""cash_total"": 2240171000.0, ""dilution_risk"": null, ""has_revenue"": null, ""lead_phase"": null, ""runway_months"": 187.5823540904904, ""stage_bucket"": ""late"", ""surv_score"": ""3.0"", ""tier1_count"": 0}",late|none|pos,0.07410067924528302,50.277448,0.935,0,1,0.6525,0.935,0,0,neutral,-1.1328,,0.0,0.0,0.0,,,0.0,0,0,0,True,False,True,missing,0.0,adequate,<=400bps,247.51,1.0,0,0,1.0,0,1.0,0,,False,no_upcoming,-0.110028,price_history,,0,0.496,price_history,,-0.169243,,33.9824,0.2985,-0.073945,-0.095298,late,large,none,commercial_biotech,morningstar,,,,0,0.9,38.40,41.25000000000000000000000000,,22.84,59.31034482758620689655172414,76.89655172413793103448275862,59.9919,0.6816,3.0,20,66,1.0,2.4045,3,2,0.0,0.5,0.55,metabolic,0.2667,moderate,1.0,152,0.07410067924528302,0.363445,-0.3493,47.73,0.913866,1.3649
DVAX,Dynavax Technologies Corporation,,,D,ineligible,,,D,0.867647,0.280769,1,,0,,,0,no_upcoming,9,tailwind,high_beta|deep_drawdown|deep_drawdown_rel_xbi,XS,ineligible,momentum_score:+17.9;financial_score:-11.0;clinical_score:-8.0,tier=;reason=;cat_days=NA;strength=missing;decay_w=0.0,v1.3.0,31f399e0,0,deep_drawdown,0,,"{""burn_ttm"": 0.0, ""cash_total"": 160247000.0, ""dilution_risk"": null, ""has_revenue"": null, ""lead_phase"": null, ""runway_months"": null, ""stage_bucket"": ""late"", ""surv_score"": ""2.0"", ""tier1_count"": 2}",late|none|nonpos,-0.015220797979797982,39.712786,0.9089,0,1,-0.4952,0.9089,2,2,selling,-0.3232,elite_2,0.0,0.0,0.0,,,0.0,0,0,0,True,False,True,missing,0.0,adequate,<=1000bps,453.41,0.85,1,0,1.0,0,1.0,0,,False,no_upcoming,0.154909,price_history,,2,2.134,price_history,,-0.445299,,37.2163,0.7250,-0.073945,-0.371354,late,small,none,commercial_pharma,morningstar,,,,0,0.8861010221860843303519572540,64.00,41.25000000000000000000000000,52.0,31.76,38.06183115338882282996432818,35.10396975425330812854442344,38.6919,-0.2244,3.0,1453,18,1.0,0.1529,1,0,0.0,0.4,0.95,oncology,-0.4386,uncrowded,1.0,207,-0.015220797979797982,0.132353,-1.1153,32.90,0.628151,0.327
AMRX,"Amneal Pharmaceuticals, Inc.",,,D,ineligible,,,D,0.796218,0.373077,1,,0,,,0,no_upcoming,9,headwind,,XS,ineligible,momentum_score:-7.6;financial_score:+6.0;clinical_score:+4.4,tier=;reason=;cat_days=NA;strength=missing;decay_w=0.0,v1.3.0,31f399e0,0,fundamental_red_flag,1,sponsor_absent_late_stage,"{""burn_ttm"": 0.0, ""cash_total"": 201249000.0, ""dilution_risk"": null, ""has_revenue"": null, ""lead_phase"": null, ""runway_months"": null, ""stage_bucket"": ""late"", ""surv_score"": ""1.0"", ""tier1_count"": 0}",late|none|nonpos,-0.015220797979797982,43.2725,0.919,0,1,-0.0346,0.919,0,0,neutral,-1.1328,,0.0,0.0,0.0,,,0.0,0,0,0,True,False,True,missing,0.0,adequate,<=1000bps,544.86,0.85,1,0,1.0,0,1.0,0,,False,no_upcoming,-0.206041,price_history,,0,0.7046,price_history,,-0.241758,,42.4904,0.3236,-0.073945,-0.167813,late,mid,none,commercial_pharma,morningstar,,,,0,0.9,36.47,41.25000000000000000000000000,,38.51,48.45570749108204518430439952,50,47.384,0.1453,3.0,,12,1.0,0.0,0,0,0.0,0.4,0.6,autoimmune,0.7369,highly_crowded,1.0,190,-0.015220797979797982,0.203782,-0.8282,37.57,0.728992,0.6098
RIGL,"Rigel Pharmaceuticals, Inc.",,,D,ineligible,,,D,0.69958,0.819231,1,,0,,,0,no_upcoming,9,neutral,deep_drawdown|deep_drawdown_rel_xbi,XS,ineligible,catalyst_score:-10.8;financial_score:+5.7;smart_money_score:+3.4,tier=;reason=;cat_days=NA;strength=missing;decay_w=0.0,v1.3.0,31f399e0,0,deep_drawdown,0,,"{""burn_ttm"": 0.0, ""cash_total"": 137143000.0, ""dilution_risk"": null, ""has_revenue"": null, ""lead_phase"": null, ""runway_months"": null, ""stage_bucket"": ""late"", ""surv_score"": ""1.0"", ""tier1_count"": 1}",late|none|pos,0.07410067924528302,64.611239,0.9265,0,1,0.4004,0.9265,1,1,buying,-0.728,elite_1,0.0,0.0,0.0,,,0.0,0,0,0,True,False,True,missing,0.0,adequate,<=1000bps,815.97,0.85,1,0,1.0,0,1.0,0,,False,no_upcoming,0.062205,price_history,,1,1.7731,price_history,,-0.401937,,49.7107,0.9981,-0.073945,-0.327992,late,small,none,commercial_biotech,morningstar,,,,0,0.8465545465156997782187463523,52.23,41.25000000000000000000000000,55.5,80.41,53.62068965517241379310344827,57.82608695652173913043478261,52.899,0.3799,3.0,598,13,1.0,0.0109,0,0,0.0,0.8,0.6,autoimmune,-0.4386,uncrowded,1.0,167,0.07410067924528302,0.30042,-0.5232,41.37,0.804622,0.8582
ESPR,"Esperion Therapeutics, Inc.",,,D,ineligible,,,D,0.594538,0.088462,1,,0,,,0,no_upcoming,9,headwind,deep_drawdown|deep_drawdown_rel_xbi,XS,ineligible,financial_score:-22.2;clinical_score:+20.4;smart_money_score:+16.1,tier=;reason=;cat_days=NA;strength=missing;decay_w=0.0,v1.3.0,31f399e0,0,deep_drawdown,0,,"{""burn_ttm"": 58336000.0, ""cash_total"": 92447000.0, ""dilution_risk"": null, ""has_revenue"": null, ""lead_phase"": null, ""runway_months"": 19.01679923203511, ""stage_bucket"": ""late"", ""surv_score"": ""1.0"", ""tier1_count"": 1}",late|none|pos,0.07410067924528302,28.117795,0.9402,0,1,0.4693,0.9402,1,1,buying,-0.728,elite_1,0.0,0.0,0.0,,,0.0,0,0,0,True,False,True,missing,0.0,adequate,<=1000bps,798.17,0.85,1,0,1.0,0,1.0,0,,False,no_upcoming,-0.337338,price_history,,1,1.4238,price_history,,-0.563787,,27.8085,0.7805,-0.073945,-0.489842,late,small,sev1,commercial_pharma,morningstar,,,,0,0.7885788174444575055836370048,23.42,41.25000000000000000000000000,55.5,44.85,59.82758620689655172413793103,17.19176643562276832598193657,58.7263,0.6278,3.0,808,8,1.0,0.0018,0,0,0.0,0.4,0.55,metabolic,0.7369,highly_crowded,1.0,142,0.07410067924528302,0.405462,-0.2392,20.37,0.397059,-0.261
CRL,Charles River Laboratories Inte,,,D,ineligible,,,D,0.855042,0.526923,1,,0,,,0,no_upcoming,9,tailwind,,XS,ineligible,clinical_score:-18.7;momentum_score:+17.6;financial_score:+2.9,tier=;reason=;cat_days=NA;strength=missing;decay_w=0.0,v1.3.0,31f399e0,0,fundamental_red_flag,1,sponsor_absent_late_stage,"{""burn_ttm"": 0.0, ""cash_total"": 213770000.0, ""dilution_risk"": null, ""has_revenue"": null, ""lead_phase"": null, ""runway_months"": null, ""stage_bucket"": ""late"", ""surv_score"": ""3.0"", ""tier1_count"": 0}",late|none|nonpos,-0.015220797979797982,48.293722,0.8889,0,1,,0.8889,0,0,neutral,-1.1328,,0.0,0.0,0.0,,,0.0,0,0,0,True,False,True,missing,0.0,adequate,<=400bps,254.94,1.0,0,0,1.0,0,1.0,0,,False,no_upcoming,0.169443,price_history,,0,0.6772,price_history,,-0.023601,,60.1467,0.3443,-0.073945,0.050344,late,mid,none,platform_diagnostics,morningstar,,,,0,0.8717482716501771100525222914,60.77,41.25000000000000000000000000,,44.05,24.47681331747919143876337694,46.04938271604938271604938272,24.4256,-0.8312,3.0,405,37,1.0,0.0705,0,0,0.0,0.5,0.95,oncology,-0.4386,uncrowded,1.0,204,-0.015220797979797982,0.144958,-1.0583,17.70,0.321429,-0.4637
IBRX,"ImmunityBio, Inc.",,,D,ineligible,,,D,0.892857,0.05,1,,0,,,0,no_upcoming,9,neutral,high_vol|high_beta|deep_drawdown|deep_drawdown_rel_xbi,XS,ineligible,financial_score:-26.6;clinical_score:-24.0;momentum_score:+20.8,tier=;reason=;cat_days=NA;strength=missing;decay_w=0.0,v1.3.0,31f399e0,0,fundamental_red_flag|deep_drawdown,1,survivability_critical,"{""burn_ttm"": 304936000.0, ""cash_total"": 242818000.0, ""dilution_risk"": null, ""has_revenue"": null, ""lead_phase"": null, ""runway_months"": 7.9651196483535704, ""stage_bucket"": ""late"", ""surv_score"": ""-4.0"", ""tier1_count"": 1}",late|none|nonpos,-0.015220797979797982,25.285,0.8487,0,1,-1.6235,0.8487,1,1,neutral,-0.728,elite_1,0.0,0.0,0.0,,,0.0,0,0,0,True,False,True,missing,0.0,short,<=400bps,178.96,1.0,0,0,1.0,0,1.0,0,,False,no_upcoming,0.024255,price_history,,1,2.2038,price_history,,-0.476562,,32.0672,1.3149,-0.073945,-0.402617,late,mid,sev2,commercial_biotech,morningstar,,,,0,0.7846938775510204081632653061,52.76,41.25000000000000000000000000,52.5,35.15,7.954815695600475624256837106,5.401111111111111111111111112,9.4972,-1.4662,3.0,2262,38,1.0,0.7869,3,0,0.0,0.4,0.95,oncology,-0.4386,uncrowded,1.0,213,-0.015220797979797982,0.107143,-1.2419,4.12,0.002101,-2.8626
ALVO,Alvotech,,,D,ineligible,,,D,0.792017,0.111538,1,,0,,,0,no_upcoming,9,neutral,drawdown_data_missing,XS,ineligible,financial_score:-26.7;momentum_score:+18.3;catalyst_score:+9.5,tier=;reason=;cat_days=NA;strength=missing;decay_w=0.0,v1.3.0,31f399e0,0,financials_missing,1,"cash_runway_lt_6m,sponsor_absent_late_stage,survivability_critical","{""burn_ttm"": 0.0, ""cash_total"": 0.0, ""dilution_risk"": null, ""has_revenue"": null, ""lead_phase"": null, ""runway_months"": 0.0, ""stage_bucket"": ""late"", ""surv_score"": ""-5.0"", ""tier1_count"": 0}",late|none|nonpos,-0.015220797979797982,29.75,0.8987,0,1,-0.8244,0.8987,0,0,neutral,-1.1328,,0.0,0.0,0.0,,,0.0,0,0,0,True,False,True,missing,0.0,critical,>2000bps,2020.0,0.55,1,0,1.0,0,1.0,0,,False,no_upcoming,,,beta_missing:series_too_short,0,,,series_too_short,,no_price_series,,0.9498,-0.073945,,late,unknown,sev2,commercial_pharma,morningstar,,,drawdown,1,0.7956685739730602248691973728,50,41.25000000000000000000000000,,50,30.63152331880036992997753997,5,29.6114,-0.6106,3.0,189,1,0.0,0.4524,0,0,0.0,0.3,0.6,autoimmune,0.7369,highly_crowded,1.0,189,-0.015220797979797982,0.207983,-0.8134,8.73,0.056723,-1.5829
GRFS,"Grifols, S.A.",,,D,ineligible,,,D,0.766807,0.057692,1,,0,,131,0,specific_days,9,headwind,deep_drawdown_rel_xbi,XS,ineligible,financial_score:-23.2;catalyst_score:+17.4;clinical_score:+4.2,tier=;reason=;cat_days=131;strength=mid;decay_w=0.7,v1.3.0,31f399e0,0,financials_missing,1,"cash_runway_lt_6m,sponsor_absent_late_stage,survivability_critical","{""burn_ttm"": 0.0, ""cash_total"": 0.0, ""dilution_risk"": null, ""has_revenue"": null, ""lead_phase"": null, ""runway_months"": 0.0, ""stage_bucket"": ""late"", ""surv_score"": ""-5.0"", ""tier1_count"": 0}",late|near_91_180|nonpos,-0.0048271643835616435,25.71,0.9012,0,1,-0.7439,0.9012,0,0,neutral,-1.1328,,0.0,0.0,0.0,,,0.0,0,0,0,True,False,True,mid,0.7,critical,<=2000bps,1441.59,0.7,1,0,1.0,0,1.0,0,131,False,specific_days,-0.134005,price_history,,0,0.2715,price_history,,-0.34881,,29.9707,0.3193,-0.073945,-0.274865,late,unknown,sev2,commercial_pharma,morningstar,,,,0,0.8344277329749103942652329749,29.80,45.56250000000000000000000000,,50,32.44946492271105826397146254,5,34.1394,-0.418,3.0,445,48,1.0,2.2668,2,3,0.0,0.6,0.95,oncology,-0.4386,uncrowded,1.0,183,-0.0048271643835616435,0.233193,-0.7284,11.21,0.081933,-1.3922
BBIO,"BridgeBio Pharma, Inc.",,,D,ineligible,,,D,0.817227,0.065385,1,,0,,,0,no_upcoming,9,headwind,,XS,ineligible,smart_money_score:+34.4;clinical_score:-27.1;financial_score:-11.2,tier=;reason=;cat_days=NA;strength=missing;decay_w=0.0,v1.3.0,31f399e0,0,fundamental_red_flag,1,debt_distress_with_weak_surv,"{""burn_ttm"": 445910000.0, ""cash_total"": 578058000.0, ""dilution_risk"": null, ""has_revenue"": null, ""lead_phase"": null, ""runway_months"": 14.850685940363437, ""stage_bucket"": ""late"", ""surv_score"": ""-3.0"", ""tier1_count"": 5}",late|none|nonpos,-0.015220797979797982,26.033514,0.8461,0,1,-1.6865,0.8461,5,5,buying,0.8913,elite_5,0.0,0.0,0.0,,,0.0,0,0,0,True,False,True,missing,0.0,adequate,<=400bps,239.27,1.0,0,0,1.0,0,1.0,0,,False,no_upcoming,-0.274496,price_history,,5,0.8815,price_history,,-0.222468,,43.7117,0.4744,-0.073945,-0.148523,late,large,sev1,commercial_biotech,morningstar,,,,0,0.8926583041082164328657314629,29.80,41.25000000000000000000000000,68.0,28.50,6.533227639054036200290659263,22.44114149821640903686087990,6.2705,-1.6034,3.0,921,12,1.0,0.2126,0,0,0.0,0.4,0.95,oncology,0.7369,highly_crowded,1.0,195,-0.015220797979797982,0.182773,-0.9048,10.16,0.069328,-1.4808
SNDX,"Syndax Pharmaceuticals, Inc.",,,D,ineligible,,,D,0.413866,0.811538,1,,0,,,0,no_upcoming,9,tailwind,,XS,ineligible,catalyst_score:-16.5;smart_money_score:+7.2;clinical_score:+6.3,tier=;reason=;cat_days=NA;strength=missing;decay_w=0.0,v1.3.0,31f399e0,0,fundamental_red_flag,1,"cash_runway_lt_6m,survivability_critical","{""burn_ttm"": 253492000.0, ""cash_total"": 435979000.0, ""dilution_risk"": null, ""has_revenue"": null, ""lead_phase"": null, ""runway_months"": 5.155381629400534, ""stage_bucket"": ""mid"", ""surv_score"": ""-5.0"", ""tier1_count"": 3}",mid|none|pos,0.1,64.035372,0.4353,0,1,0.8623,0.4353,3,3,neutral,0.0816,elite_3,0.0,0.0,0.0,,,0.0,0,0,0,True,False,True,missing,0.0,critical,<=1000bps,584.59,0.85,1,0,1.0,0,1.0,0,,False,no_upcoming,-0.022294,price_history,,3,0.8348,price_history,,-0.196377,,66.6582,0.5965,-0.073945,-0.122432,mid,small,sev1,commercial_biotech,morningstar,,,,0,0.8340389741292417963937730989,63.52,41.25000000000000000000000000,65.0,75.81,64.04255319148936170212765958,55.10638297872340425531914894,64.4918,0.873,2.0,91,29,1.0,0.7479,0,1,0.0,0.6,0.95,oncology,0.7369,highly_crowded,1.0,99,0.1,0.586134,0.2176,33.91,0.657563,0.4058
PHAT,"Phathom Pharmaceuticals, Inc.",,,D,ineligible,,,D,0.947479,0.142308,1,,0,,,0,no_upcoming,9,headwind,,XS,ineligible,financial_score:-22.8;smart_money_score:+15.9;clinical_score:-12.1,tier=;reason=;cat_days=NA;strength=missing;decay_w=0.0,v1.3.0,31f399e0,0,fundamental_red_flag,1,survivability_critical,"{""burn_ttm"": 166775000.0, ""cash_total"": 129972000.0, ""dilution_risk"": null, ""has_revenue"": null, ""lead_phase"": null, ""runway_months"": 9.351905261579972, ""stage_bucket"": ""late"", ""surv_score"": ""-7.0"", ""tier1_count"": 1}",late|none|nonpos,-0.015220797979797982,31.337134,-0.1686,201,1,-1.0223,-0.1686,1,1,selling,-0.728,elite_1,0.0,0.0,0.0,,,0.0,0,0,0,True,False,True,missing,0.0,short,<=1000bps,859.62,0.85,1,0,1.0,0,1.0,0,,False,no_upcoming,-0.084142,price_history,,1,0.6732,price_history,,-0.271062,,65.5818,0.6057,-0.073945,-0.197117,late,small,sev2,commercial_biotech,morningstar,,,,0,0.7615319377348362855609232421,44.93,41.25000000000000000000000000,49.5,50,21.52084159069890342185229224,10.78029825666876706574249108,20.7085,-0.9893,3.0,201,2,0.3333,0.3677,0,0,0.0,0.3,0.55,infectious_disease,-0.4386,uncrowded,1.0,226,-0.015220797979797982,0.052521,-1.6209,7.46,0.031513,-1.859
INVA,"Innoviva, Inc.",,,D,ineligible,,,D,0.901261,0.888462,1,,0,,,0,no_upcoming,9,headwind,,XS,ineligible,financial_score:+26.9;clinical_score:-15.1;momentum_score:-9.1,tier=;reason=;cat_days=NA;strength=missing;decay_w=0.0,v1.3.0,31f399e0,0,fundamental_red_flag,1,sponsor_absent_late_stage,"{""burn_ttm"": 0.0, ""cash_total"": 550941000.0, ""dilution_risk"": null, ""has_revenue"": null, ""lead_phase"": null, ""runway_months"": null, ""stage_bucket"": ""late"", ""surv_score"": ""2.0"", ""tier1_count"": 0}",late|none|nonpos,-0.015220797979797982,70.300304,-0.0836,,0,-0.6979,-0.0836,0,0,neutral,-1.1328,,0.0,0.0,0.0,,,0.0,0,0,0,True,False,True,missing,0.0,adequate,<=1000bps,731.28,0.85,1,0,1.0,0,1.0,0,,False,no_upcoming,-0.178958,price_history,,0,0.7509,price_history,,-0.165793,,34.6294,0.3385,-0.073945,-0.091848,late,small,none,commercial_biotech,morningstar,,,,0,0.9,34.79,41.25000000000000000000000000,,89.86,28.84000528471396485665213370,70.86956521739130434782608696,28.0329,-0.6778,3.0,,3,0.0,0.0,0,0,0.0,0.3,0.95,oncology,0.7369,highly_crowded,1.0,215,-0.015220797979797982,0.098739,-1.2888,34.83,0.670168,0.4404
SIGA,SIGA Technologies Inc.,,,D,ineligible,,,D,0.707983,0.865385,1,,0,,,0,no_upcoming,9,tailwind,,XS,ineligible,catalyst_score:-13.0;momentum_score:+5.1;financial_score:+4.9,tier=;reason=;cat_days=NA;strength=missing;decay_w=0.0,v1.3.0,31f399e0,0,fundamental_red_flag,1,sponsor_absent_late_stage,"{""burn_ttm"": 0.0, ""cash_total"": 171955584.0, ""dilution_risk"": null, ""has_revenue"": null, ""lead_phase"": null, ""runway_months"": null, ""stage_bucket"": ""late"", ""surv_score"": ""2.0"", ""tier1_count"": 0}",late|none|pos,0.07410067924528302,69.964696,-0.0493,,0,0.3547,-0.0493,0,0,neutral,-1.1328,,0.0,0.0,0.0,,,0.0,0,0,0,True,False,True,missing,0.0,adequate,>2000bps,2020.0,0.55,1,0,1.0,0,1.0,0,,False,no_upcoming,0.143861,price_history,,0,0.6139,price_history,,-0.052083,,58.4493,0.5084,-0.073945,0.021862,late,small,none,commercial_pharma,morningstar,,,,0,0.9,59.28,41.25000000000000000000000000,,90.00,57.24137931034482758620689655,59.13043478260869565217391304,56.8401,0.5476,3.0,,4,1.0,0.0,0,0,0.0,0.4,0.75,rare_disease,0.7369,highly_crowded,1.0,169,0.07410067924528302,0.292017,-0.5475,43.22,0.846639,1.0221
EOLS,"Evolus, Inc. Common Stock",,,D,ineligible,,,D,0.871849,0.273077,1,,0,,,0,no_upcoming,9,headwind,deep_drawdown|deep_drawdown_rel_xbi,XS,ineligible,smart_money_score:+20.3;financial_score:-15.4;catalyst_score:+13.1,tier=;reason=;cat_days=NA;strength=missing;decay_w=0.0,v1.3.0,31f399e0,0,fundamental_red_flag|deep_drawdown,1,survivability_critical,"{""burn_ttm"": 55092000.0, ""cash_total"": 43523000.0, ""dilution_risk"": null, ""has_revenue"": null, ""lead_phase"": null, ""runway_months"": 9.480069701590068, ""stage_bucket"": ""late"", ""surv_score"": ""-5.0"", ""tier1_count"": 1}",late|none|nonpos,-0.015220797979797982,39.634859,-0.2957,,0,-1.3195,-0.2957,1,1,selling,-0.728,elite_1,0.0,0.0,0.0,,,0.0,0,0,0,True,False,True,missing,0.0,short,<=2000bps,1511.35,0.7,1,0,1.0,0,1.0,0,,False,no_upcoming,-0.360834,price_history,,1,0.3516,price_history,,-0.709255,,45.4403,0.5726,-0.073945,-0.63531,late,micro,sev2,commercial_pharma,morningstar,,,,0,0.8690122494681446646512148696,18.83,41.25000000000000000000000000,48.5,86.08,19.45897740784780023781212842,12.75746465847536002113885586,18.3019,-1.0917,3.0,,2,0.3333,0.0,0,0,0.0,0.3,0.5,other,-3.0248,uncrowded,1.0,208,-0.015220797979797982,0.128151,-1.1352,5.49,0.010504,-2.3078
COLL,"Collegium Pharmaceutical, Inc.",,,D,ineligible,,,D,0.85084,0.857692,1,,0,,,0,no_upcoming,9,headwind,,XS,ineligible,financial_score:+29.1;clinical_score:-26.2;momentum_score:-6.4,tier=;reason=;cat_days=NA;strength=missing;decay_w=0.0,v1.3.0,31f399e0,0,fundamental_red_flag,1,sponsor_absent_late_stage,"{""burn_ttm"": 0.0, ""cash_total"": 386679000.0, ""dilution_risk"": null, ""has_revenue"": null, ""lead_phase"": null, ""runway_months"": null, ""stage_bucket"": ""late"", ""surv_score"": ""3.0"", ""tier1_count"": 0}",late|none|nonpos,-0.015220797979797982,67.924435,-0.1146,,0,-1.6667,-0.1146,0,0,neutral,-1.1328,,0.0,0.0,0.0,,,0.0,0,0,0,True,False,True,missing,0.0,adequate,<=1000bps,731.17,0.85,1,0,1.0,0,1.0,0,,False,no_upcoming,-0.250195,price_history,,0,0.7224,price_history,,-0.259725,,58.2802,0.4474,-0.073945,-0.18578,late,small,none,commercial_pharma,morningstar,,,,0,0.9,31.47,41.25000000000000000000000000,,90.00,11.62438895494781344959704055,66.95652173913043478260869565,10.8731,-1.4077,3.0,,2,0.0,0.0,0,0,0.0,0.4,0.5,other,-1.379,uncrowded,1.0,203,-0.015220797979797982,0.14916,-1.04,24.49,0.497899,-0.0053
ANIP,"ANI Pharmaceuticals, Inc.",,,D,ineligible,,,D,0.80042,0.596154,1,,0,,,0,no_upcoming,9,headwind,deep_drawdown|deep_drawdown_rel_xbi,XS,ineligible,smart_money_score:+13.4;momentum_score:-8.8;catalyst_score:-3.3,tier=;reason=;cat_days=NA;strength=missing;decay_w=0.0,v1.3.0,31f399e0,0,deep_drawdown,0,,"{""burn_ttm"": 0.0, ""cash_total"": 262610000.0, ""dilution_risk"": null, ""has_revenue"": null, ""lead_phase"": null, ""runway_months"": null, ""stage_bucket"": ""late"", ""surv_score"": ""1.0"", ""tier1_count"": 2}",late|none|nonpos,-0.015220797979797982,51.708481,-0.0664,,0,-0.2799,-0.0664,2,2,buying,-0.3232,elite_2,0.0,0.0,0.0,,,0.0,0,0,0,True,False,True,missing,0.0,adequate,<=1000bps,562.25,0.85,1,0,1.0,0,1.0,0,,False,no_upcoming,-0.082148,price_history,,2,0.744,price_history,,-0.534704,,51.4256,0.3545,-0.073945,-0.460759,late,small,none,commercial_pharma,morningstar,,,,0,0.9,35.81,41.25000000000000000000000000,58.0,69.59,42.92046505482890738538776589,44.86662465868515017853392144,41.7633,-0.0937,3.0,,7,1.0,0.0,0,0,0.0,0.3,0.55,ophthalmology,-0.4386,uncrowded,1.0,191,-0.015220797979797982,0.19958,-0.8431,37.34,0.716387,0.5721
ADMA,ADMA Biologics Inc,,,D,ineligible,,,D,0.518908,0.003846,1,,0,,,0,no_upcoming,9,headwind,deep_drawdown|deep_drawdown_rel_xbi,XS,ineligible,financial_score:-23.3;clinical_score:+17.9;smart_money_score:+10.7,tier=;reason=;cat_days=NA;strength=missing;decay_w=0.0,v1.3.0,31f399e0,0,deep_drawdown,0,,"{""burn_ttm"": 0.0, ""cash_total"": 87630000.0, ""dilution_risk"": null, ""has_revenue"": null, ""lead_phase"": null, ""runway_months"": null, ""stage_bucket"": ""late"", ""surv_score"": ""-1.0"", ""tier1_count"": 2}",late|none|pos,0.07410067924528302,18.167222,-0.0518,,0,0.515,-0.0518,2,2,selling,-0.3232,elite_2,0.0,0.0,0.0,,,0.0,0,0,0,True,False,True,missing,0.0,adequate,<=1000bps,517.31,0.85,1,0,1.0,0,1.0,0,,False,no_upcoming,-0.192418,price_history,,2,0.8437,price_history,,-0.45098,,37.6121,0.4754,-0.073945,-0.377035,late,mid,none,commercial_biotech,morningstar,,,,0,0.9,30.03,41.25000000000000000000000000,49.0,15.54,56.20689655172413793103448276,14.93827160493827160493827160,55.4556,0.4887,3.0,,6,1.0,0.0,0,0,0.0,0.5,0.55,infectious_disease,-0.4386,uncrowded,1.0,124,0.07410067924528302,0.481092,-0.0474,28.56,0.586134,0.2176
TXG,"10x Genomics, Inc.",,,D,ineligible,,,D,0.460084,0.342308,1,,0,,,0,no_upcoming,9,tailwind,overbought_rsi,XS,ineligible,momentum_score:+26.9;clinical_score:-21.1;financial_score:-19.8,tier=;reason=;cat_days=NA;strength=missing;decay_w=0.0,v1.3.0,31f399e0,0,financials_missing,1,"cash_runway_lt_6m,survivability_critical","{""burn_ttm"": 0.0, ""cash_total"": 0.0, ""dilution_risk"": null, ""has_revenue"": null, ""lead_phase"": null, ""runway_months"": 0.0, ""stage_bucket"": ""early"", ""surv_score"": ""-5.0"", ""tier1_count"": 1}",early|none|nonpos,0.1,42.422247,-1.5082,,0,,-1.5082,1,1,neutral,-0.728,elite_1,0.0,0.0,0.0,,,0.0,0,0,0,True,False,True,missing,0.0,critical,<=1000bps,422.35,0.85,1,0,1.0,0,1.0,0,,False,no_upcoming,0.397158,price_history,,1,0.4573,price_history,,0.0,,73.6814,0.7498,-0.073945,0.073945,early,mid,sev1,platform_services,morningstar,,,,0,0.5240700665188470066518847007,68.12,41.25000000000000000000000000,55.0,54.73,20.09602194787379972565157750,21.42832647462277091906721536,18.3548,-1.0894,,,,,0.0,0,0,,0.0,0.5,other,0.7369,crowded,1.0,110,0.1,0.539916,0.1002,11.47,0.086134,-1.3649
TARS,"Tarsus Pharmaceuticals, Inc.",,,D,ineligible,,,D,0.434874,0.65,1,,0,,,0,no_upcoming,9,neutral,deep_drawdown|deep_drawdown_rel_xbi,XS,ineligible,smart_money_score:+28.0;clinical_score:-20.7;catalyst_score:-13.7,tier=;reason=;cat_days=NA;strength=missing;decay_w=0.0,v1.3.0,31f399e0,0,deep_drawdown,0,,"{""burn_ttm"": 12451000.0, ""cash_total"": 417267000.0, ""dilution_risk"": null, ""has_revenue"": null, ""lead_phase"": null, ""runway_months"": 234.13466753951184, ""stage_bucket"": ""mid"", ""surv_score"": ""0.0"", ""tier1_count"": 8}",mid|none|nonpos,0.1,53.384191,-0.6986,256,1,-0.4579,-0.6986,8,8,buying,2.1057,elite_8,0.0,0.0,0.0,,,0.0,0,0,0,True,False,True,missing,0.0,adequate,<=1000bps,462.33,0.85,1,0,1.0,0,1.0,0,,False,no_upcoming,,,beta_missing:series_too_short,8,,,series_too_short,-0.4018,,43.7,0.4256,-0.073945,-0.327855,mid,mid,none,commercial_biotech,morningstar,,,,0,0.8179018764926646195837598089,50,41.25000000000000000000000000,83.0,38.66,34.25431316332176449876766762,66.34042553191489361702127660,33.1104,-0.4618,2.0,256,1,0.0,0.1184,0,0,0.0,0.3,0.5,other,-0.4386,uncrowded,1.0,104,0.1,0.565126,0.164,35.23,0.678571,0.4637
STVN,Stevanato Group S.p.A.,,,D,ineligible,,,D,0.430672,0.119231,1,,0,,,0,no_upcoming,9,neutral,drawdown_data_missing,XS,ineligible,financial_score:-26.3;catalyst_score:+18.7;momentum_score:+18.7,tier=;reason=;cat_days=NA;strength=missing;decay_w=0.0,v1.3.0,31f399e0,0,financials_missing,1,"cash_runway_lt_6m,survivability_critical","{""burn_ttm"": 0.0, ""cash_total"": 0.0, ""dilution_risk"": null, ""has_revenue"": null, ""lead_phase"": null, ""runway_months"": 0.0, ""stage_bucket"": ""early"", ""surv_score"": ""-5.0"", ""tier1_count"": 0}",early|none|nonpos,0.1,29.75,-1.5082,,0,,-1.5082,0,0,neutral,-1.1328,,0.0,0.0,0.0,,,0.0,0,0,0,True,False,True,missing,0.0,critical,<=2000bps,1065.18,0.7,1,0,1.0,0,1.0,0,,False,no_upcoming,,,beta_missing:series_too_short,0,,,series_too_short,,no_price_series,,0.4363,-0.073945,,early,unknown,sev2,platform_devices,morningstar,,,drawdown,1,0.5353678369437626720734179917,50,50,,50,20.09602194787379972565157750,5,20.271,-1.0079,,,,,,,,,,,,-1.6141,unknown,1.0,103,0.1,0.569328,0.1747,6.49,0.023109,-1.9934
RGNX,REGENXBIO Inc.,,,D,ineligible,,,D,0.37605,0.880769,1,,0,,,0,no_upcoming,9,headwind,deep_drawdown|deep_drawdown_rel_xbi,XS,ineligible,financial_score:+35.8;momentum_score:-23.0;clinical_score:-21.0,tier=;reason=;cat_days=NA;strength=missing;decay_w=0.0,v1.3.0,31f399e0,0,deep_drawdown,0,,"{""burn_ttm"": 71673000.0, ""cash_total"": 274205000.0, ""dilution_risk"": null, ""has_revenue"": null, ""lead_phase"": null, ""runway_months"": 45.90933824452723, ""stage_bucket"": ""mid"", ""surv_score"": ""5.0"", ""tier1_count"": 1}",mid|none|nonpos,0.1,70.158,-0.3891,98,1,-0.9435,-0.3891,1,1,buying,-0.728,elite_1,0.0,0.0,0.0,,,0.0,0,0,0,True,False,True,missing,0.0,adequate,<=2000bps,1127.96,0.7,1,0,1.0,0,1.0,0,,False,no_upcoming,-0.367313,price_history,,1,1.1386,price_history,,-0.461993,,31.2923,0.6963,-0.073945,-0.388048,mid,small,none,commercial_biotech,morningstar,,,,0,0.7677529358626919602529358627,21.20,41.25000000000000000000000000,55.5,85.48,23.29912982244353905739147930,80.0,21.8639,-0.9402,2.0,922,9,1.0,0.1312,0,0,0.0,0.3,0.55,ophthalmology,0.2667,moderate,1.0,90,0.1,0.62395,0.3159,28.00,0.573529,0.1854
MYGN,"Myriad Genetics, Inc.",,,D,ineligible,,,D,0.292017,0.388462,1,,0,,,0,no_upcoming,9,headwind,deep_drawdown|deep_drawdown_rel_xbi,XS,ineligible,clinical_score:-26.8;financial_score:+20.7;smart_money_score:+8.6,tier=;reason=;cat_days=NA;strength=missing;decay_w=0.0,v1.3.0,31f399e0,0,deep_drawdown,0,,"{""burn_ttm"": 0.0, ""cash_total"": 149600000.0, ""dilution_risk"": null, ""has_revenue"": null, ""lead_phase"": null, ""runway_months"": null, ""stage_bucket"": ""early"", ""surv_score"": ""-1.0"", ""tier1_count"": 1}",early|none|nonpos,0.1,44.158176,-1.5082,,0,,-1.5082,1,1,buying,-0.728,elite_1,0.0,0.0,0.0,,,0.0,0,0,0,True,False,True,missing,0.0,adequate,<=2000bps,1416.19,0.7,1,0,1.0,0,1.0,0,,False,no_upcoming,-0.106661,price_history,,1,1.2715,price_history,,-0.50999,,65.3471,0.6452,-0.073945,-0.436045,early,small,sev1,platform_diagnostics,morningstar,,,,0,0.6180379397816256755266350502,41.39,50,55.5,15.54,20.09602194787379972565157750,67.64705882352941176470588235,20.271,-1.0079,,,,,,,,,,,,-1.6141,unknown,1.0,70,0.1,0.707983,0.5475,16.45,0.25,-0.6745
ARVN,"Arvinas, Inc.",,,D,ineligible,,,D,0.031513,0.896154,1,,0,,,0,no_upcoming,9,headwind,deep_drawdown|deep_drawdown_rel_xbi,XS,ineligible,momentum_score:-38.0;financial_score:+26.6;smart_money_score:+12.6,tier=;reason=;cat_days=NA;strength=missing;decay_w=0.0,v1.3.0,31f399e0,0,deep_drawdown,0,,"{""burn_ttm"": 273800000.0, ""cash_total"": 685400000.0, ""dilution_risk"": null, ""has_revenue"": null, ""lead_phase"": null, ""runway_months"": 30.030679327976625, ""stage_bucket"": ""early"", ""surv_score"": ""5.0"", ""tier1_count"": 4}",early|none|pos,0.1,70.568,-1.29,1347,1,0.8678,-1.29,4,4,buying,0.4865,elite_4,0.0,0.0,0.0,,,0.0,0,0,0,True,False,True,missing,0.0,adequate,<=1000bps,932.46,0.85,1,0,1.0,0,1.0,0,,False,no_upcoming,-0.503152,price_history,,4,0.7972,price_history,,-0.552344,,25.7983,0.6174,-0.073945,-0.478399,early,small,none,commercial_biotech,morningstar,,,,0,0.7273782281791435109512912717,15.34,41.25000000000000000000000000,66.0,90.00,64.16666666666666666666666667,80.0,63.3595,0.8249,1.0,1347,2,0.3333,0.0,0,0,0.0,0.3,0.85,oncology,0.7369,highly_crowded,1.0,8,0.1,0.968487,1.859,42.95,0.829832,0.9535
