ticker,company_name,actionable_rank,target_weight_pct,tier_any,tier_any_reason,tier_dev,tier_reason,tier_commercial,alpha_cohort_pct,commercial_quality_pct,clinical_optionality_pct_dev,clinical_rank_pct_dev,catalyst_days,catalyst_in_window,catalyst_mode,cat_priority,mom_state,risk_flags,size_band,size_reasons,top_3_drivers,catalyst_reason_detail,decision_engine_version,decision_engine_ruleset_id,eligible,ineligible_reasons,alpha_cohort_key,alpha_cohort_raw,commercial_quality,clinical_alpha_z,clinical_readout_days,clinical_coverage_flag,clinical_score_z,clinical_score_z_tier,sponsor_tier1_count,sponsor_overlap_count,sponsor_net_buying,coinvest_score_z,coinvest_tag,coinvest_conviction,coinvest_tier1_conviction,coinvest_max_position_pct,coinvest_filing_age_days,inst_delta_z,inst_delta_net,inst_delta_new,inst_delta_exit,catalyst_strength,catalyst_decay_w,runway_bucket,cost_bucket,est_cost_bps,cost_mult,cost_haircut_applied,dd_rel_margin_rescued,catalyst_tilt_mult,catalyst_tilt_applied,mom_state_tilt_mult,mom_state_tilt_applied,de_catalyst_days,de_catalyst_in_window,de_catalyst_mode,de_alpha_60d,de_alpha_60d_source,de_alpha_60d_missing_reason,de_tier1_count,de_beta_xbi_60d,de_beta_xbi_60d_source,de_beta_xbi_60d_missing_reason,de_drawdown,de_drawdown_missing_reason,de_rsi_14d,de_drawdown_xbi,de_drawdown_rel_xbi,stage_bucket,market_cap_bucket,severity,archetype,returns_source,catalyst_source,catalyst_event_type,missing_components,missingness_penalty,confidence_overall,momentum_score,catalyst_score,smart_money_score,valuation_score,clinical_score,financial_score,composite_rank,composite_score,score_rank_pct,score_z,composite_score_attn,score_rank_pct_attn,score_z_attn
RNA,"Avidity Biosciences, Inc.",1,0.68,A,high_opt+catalyst_mid,A,high_opt+catalyst_mid,,0.258621,,0.614754,0.385246,180,0,specific_days,3,neutral,overbought_rsi,L,tier_a_dev|sponsor_confirmed|runway_short,smart_money_score:+43.4;financial_score:-36.6;clinical_score:-10.9,tier=A;reason=high_opt+catalyst_mid;cat_days=180;strength=mid;decay_w=0.7,v1.3.0,6e0bf8fb,1,,late|near_91_180|pos,0.1,,0.5337,0,1,-0.4392,1.643,11,11,buying,2.9519,elite_11,19.1775,19.1775,6.47,80,0.0,0,0,0,mid,0.7,short,<=400bps,257.4,1.0,0,0,1.0,0,1.0,0,180,False,specific_days,0.028048,price_history,,11,0.0746,price_history,,0.0,,70.8081,-0.032074,0.032074,late,large,sev2,drug_developer,morningstar,CTGOV_CALENDAR,CT_PRIMARY_COMPLETION,,0,0.8795575556893437688139674895,47.76,39.34736044444444444444444444,85,21.28,30.70446326338582230838123095,5,83,0.1,0.741379,0.6476,12.42,0.105016,-1.2535
PVLA,"Palvella Therapeutics, Inc.",2,0.58,A,high_opt+catalyst_near,A,high_opt+catalyst_near,,0.581505,,0.642077,0.357923,27,1,specific_days,3,neutral,,L,tier_a_dev|sponsor_confirmed,smart_money_score:+35.9;financial_score:-28.3;clinical_score:-17.5,tier=A;reason=high_opt+catalyst_near;cat_days=27;strength=near;decay_w=1.0,v1.3.0,6e0bf8fb,1,,late|near_0_30|pos,0.09254273684210526,,0.5324,0,1,-0.5298,1.4049,4,4,buying,0.3258,elite_4,6.1788,6.1788,1.9,80,0.0,0,0,0,near,1.0,adequate,<=1000bps,672.96,0.85,1,0,1.0,0,1.0,0,27,True,specific_days,-0.186196,price_history,,4,1.3726,price_history,,-0.267443,,39.4635,-0.032074,-0.235369,late,small,none,drug_developer,morningstar,CTGOV_CALENDAR,CT_STUDY_COMPLETION,,0,0.8432369934344577767715644102,50.31,51.872,82.08309198333899345596102140,32.51,28.60671813533766395719257672,17.90075951913887631406870882,186,0.09254273684210526,0.418495,-0.2057,23.40,0.415361,-0.2138
IRON,"Disc Medicine, Inc.",3,0.58,A,high_opt+catalyst_near,A,high_opt+catalyst_near,,0.170846,,0.625683,0.374317,88,0,specific_days,3,headwind,,L,tier_a_dev|sponsor_confirmed|momentum_headwind,smart_money_score:+31.7;clinical_score:-23.2;momentum_score:-13.8,tier=A;reason=high_opt+catalyst_near;cat_days=88;strength=near;decay_w=1.0,v1.3.0,6e0bf8fb,1,,late|near_31_90|pos,0.1,,0.5332,0,1,-0.462,1.5831,8,8,buying,1.8264,elite_8,11.2941,11.2941,2.74,80,0.0,0,0,0,near,1.0,adequate,<=1000bps,494.97,0.85,1,0,1.0,0,1.0,0,88,False,specific_days,-0.191526,price_history,,8,0.7045,price_history,,-0.143024,,52.4705,-0.032074,-0.11095,late,mid,none,drug_developer,morningstar,CTGOV_CALENDAR,CT_STUDY_COMPLETION,,0,0.8899869957230377990983701306,39.59,50.048,85,43.80,30.17662596787175911755036333,61.89285714285714285714285714,55,0.1,0.829154,0.9508,34.89,0.653605,0.3951
ALMS,Alumis Inc.,4,0.68,A,high_opt+catalyst_mid,A,high_opt+catalyst_mid,,0.020376,,0.631148,0.368852,149,0,specific_days,3,tailwind,high_vol|high_beta,L,tier_a_dev|sponsor_confirmed|momentum_tailwind|runway_short|high_risk,financial_score:-48.1;momentum_score:+43.4;smart_money_score:+31.9,tier=A;reason=high_opt+catalyst_mid;cat_days=149;strength=mid;decay_w=0.7,v1.3.0,6e0bf8fb,1,,late|near_91_180|pos,0.1,,0.5327,0,1,-0.5073,1.464,7,7,buying,1.4513,elite_7,8.2635,8.2635,10.45,80,0.0,0,0,0,mid,0.7,short,<=400bps,355.64,1.0,0,0,1.0,0,1.0,0,149,False,specific_days,4.385815,price_history,,7,2.304,price_history,,-0.015648,,68.7253,-0.032074,0.016426,late,mid,sev2,drug_developer,morningstar,CTGOV_CALENDAR,CT_PRIMARY_COMPLETION,,0,0.8266234676007005253940455342,96.55,49.86805377777777777777777778,85,41.70,29.12775340384767994195603623,5,7,0.1,0.979624,2.046,8.70,0.039185,-1.7602
PRAX,"Praxis Precision Medicines, Inc",5,0.68,A,high_opt+catalyst_near,A,high_opt+catalyst_near,,0.246082,,0.663934,0.336066,119,0,specific_days,3,tailwind,,L,tier_a_dev|sponsor_confirmed|momentum_tailwind|runway_short,financial_score:-46.8;momentum_score:+44.8;smart_money_score:+30.3,tier=A;reason=high_opt+catalyst_near;cat_days=119;strength=near;decay_w=1.0,v1.3.0,6e0bf8fb,1,,late|near_91_180|pos,0.1,,0.5308,0,1,-0.5967,1.229,8,8,buying,1.8264,elite_8,10.543,10.543,3.66,80,0.0,0,0,0,near,1.0,short,<=400bps,206.98,1.0,0,0,1.0,0,1.0,0,119,False,specific_days,0.611585,price_history,,8,1.0304,price_history,,-0.046192,,57.386,-0.032074,-0.014118,late,mid,sev2,drug_developer,morningstar,CTGOV_CALENDAR,CT_PRIMARY_COMPLETION,,0,0.8085736016849988298619237070,96.55,48.18626844444444444444444444,82.09011590277621268256445203,40.34,27.05721638381571041503701436,5,79,0.1,0.753918,0.6869,6.76,0.017241,-2.1144
IMVT,"Immunovant, Inc.",6,0.58,A,high_opt+catalyst_near,A,high_opt+catalyst_near,,0.565831,,0.70765,0.29235,27,1,specific_days,3,neutral,,L,tier_a_dev|sponsor_confirmed,financial_score:-28.1;smart_money_score:+20.9;clinical_score:-20.1,tier=A;reason=high_opt+catalyst_near;cat_days=27;strength=near;decay_w=1.0,v1.3.0,6e0bf8fb,1,,late|near_0_30|pos,0.09254273684210526,,0.522,0,1,-0.7709,0.7712,6,6,selling,1.0761,elite_6,7.1001,7.1001,4.38,80,0.0,0,0,0,near,1.0,adequate,<=1000bps,484.14,0.85,1,0,1.0,0,1.0,0,27,True,specific_days,-0.08839,price_history,,6,0.9118,price_history,,-0.053014,,51.0556,-0.032074,-0.02094,late,mid,none,drug_developer,morningstar,CTGOV_CALENDAR,CT_PRIMARY_COMPLETION,,0,0.8935189151759953837276399308,52.38,61.136,63.96887262173006525729312661,51.14,23.02497477581652665827750003,14.96517148526077097505668934,181,0.09254273684210526,0.434169,-0.1658,25.92,0.474922,-0.0629
RVMD,"Revolution Medicines, Inc.",7,0.68,A,high_opt+catalyst_near,A,high_opt+catalyst_near,,0.26489,,0.691257,0.308743,87,0,specific_days,3,tailwind,,L,tier_a_dev|sponsor_confirmed|momentum_tailwind,clinical_score:-33.3;momentum_score:+31.7;smart_money_score:+27.2,tier=A;reason=high_opt+catalyst_near;cat_days=87;strength=near;decay_w=1.0,v1.3.0,6e0bf8fb,1,,late|near_31_90|pos,0.1,,0.5232,0,1,-0.7063,0.9409,8,8,buying,1.8264,elite_8,14.5179,14.5179,10.31,80,0.0,0,0,0,near,1.0,adequate,<=400bps,178.96,1.0,0,0,1.0,0,1.0,0,87,False,specific_days,0.401892,price_history,,8,1.4071,price_history,,-0.211811,,46.902,-0.032074,-0.179737,late,large,none,drug_developer,morningstar,CTGOV_CALENDAR,CT_PRIMARY_COMPLETION,,0,0.8800306176399903869262196587,89.56,40.25610844444444444444444444,85,23.96,24.52006031130610255189379768,49.79323556612498348526885983,85,0.1,0.73511,0.6283,23.82,0.424765,-0.1897
PHVS,Pharvaris N.V.,8,0.48,A,high_opt+catalyst_near,A,high_opt+catalyst_near,,0.242947,,0.702186,0.297814,58,1,specific_days,3,neutral,,L,tier_a_dev|sponsor_confirmed|cost_haircut_<=2000bps,smart_money_score:+42.7;financial_score:-37.3;clinical_score:-18.8,tier=A;reason=high_opt+catalyst_near;cat_days=58;strength=near;decay_w=1.0,v1.3.0,6e0bf8fb,1,,late|near_31_90|pos,0.1,,0.5224,0,1,-0.7494,0.8275,9,9,buying,2.2016,elite_9,14.2459,14.2459,65.62,80,0.0,0,0,0,near,1.0,adequate,<=2000bps,1098.28,0.7,1,0,1.0,0,1.0,0,58,True,specific_days,-0.016758,price_history,,9,1.5568,price_history,,-0.065895,,56.1174,-0.032074,-0.033821,late,small,none,drug_developer,morningstar,CTGOV_CALENDAR,CT_STUDY_COMPLETION,,0,0.7984086312217194570135746606,50.94,47.06311511111111111111111111,85,39.58,23.52106927864503622079379655,5,78,0.1,0.757053,0.6969,19.35,0.330721,-0.4379
KURA,"Kura Oncology, Inc.",9,0.58,A,high_opt+catalyst_mid,A,high_opt+catalyst_mid,,0.18652,,0.718579,0.281421,180,0,specific_days,3,headwind,deep_drawdown_rel_xbi,L,tier_a_dev|sponsor_confirmed|momentum_headwind,smart_money_score:+33.5;financial_score:-15.7;clinical_score:-15.0,tier=A;reason=high_opt+catalyst_mid;cat_days=180;strength=mid;decay_w=0.7,v1.3.0,6e0bf8fb,1,,late|near_91_180|pos,0.1,,0.5213,0,1,-0.8134,0.6593,4,4,buying,0.3258,elite_4,4.8709,4.8709,2.16,80,0.0,0,0,0,mid,0.7,adequate,<=1000bps,888.7,0.85,1,0,1.0,0,1.0,0,180,False,specific_days,-0.487819,price_history,,4,1.742,price_history,,-0.318781,,36.1036,-0.032074,-0.286707,late,small,sev1,drug_developer,morningstar,CTGOV_CALENDAR,CT_PRIMARY_COMPLETION,,0,0.8688988880063542494042891183,30.88,40.25610844444444444444444444,70.46850932127647774432797901,68.98,22.03958779716355473931231507,21.33137166138524219103666817,60,0.1,0.81348,0.8908,17.59,0.289969,-0.5535
CRVS,"Corvus Pharmaceuticals, Inc.",10,0.58,A,high_opt+catalyst_near,A,high_opt+catalyst_near,,0.098746,,0.734973,0.265027,87,0,specific_days,3,tailwind,high_beta|overbought_rsi,L,tier_a_dev|sponsor_confirmed|momentum_tailwind|high_risk,momentum_score:+48.9;financial_score:-32.3;clinical_score:-26.2,tier=A;reason=high_opt+catalyst_near;cat_days=87;strength=near;decay_w=1.0,v1.3.0,6e0bf8fb,1,,late|near_31_90|pos,0.1,,0.5366,0,1,-0.8367,0.5982,3,3,buying,-0.0494,elite_3,2.8596,2.8596,1.24,80,0.0,0,0,0,near,1.0,adequate,<=1000bps,401.7,0.85,1,0,1.0,0,1.0,0,87,False,specific_days,1.345493,price_history,,3,2.1934,price_history,,-0.1779,,70.3007,-0.032074,-0.145826,late,small,none,drug_developer,morningstar,CTGOV_CALENDAR,CT_PRIMARY_COMPLETION,,0,0.8037971080496413526130023910,96.55,43.40787600000000000000000000,61.53477959560453199097715849,54.28,21.50149077758505367932977361,15.40411699612695538453800111,32,0.1,0.901254,1.2887,11.18,0.073668,-1.449
OCGN,"Ocugen, Inc.",11,0.07,A,high_opt+catalyst_near,A,high_opt+catalyst_near,,0.57837,,0.756831,0.243169,15,1,specific_days,3,headwind,,XS,tier_a_dev|momentum_headwind|runway_short|cost_haircut_<=2000bps,financial_score:-25.4;catalyst_score:+23.7;momentum_score:+13.4,tier=A;reason=high_opt+catalyst_near;cat_days=15;strength=near;decay_w=1.0,v1.3.0,6e0bf8fb,1,,late|near_0_30|pos,0.09254273684210526,,0.5083,0,1,-0.9593,0.2759,0,0,neutral,-1.1749,,0.0,0.0,0.0,,0.0,0,0,0,near,1.0,short,<=2000bps,1243.29,0.7,1,0,1.0,0,1.0,0,15,True,specific_days,-0.154651,price_history,,0,0.8468,price_history,,-0.251309,,44.2123,-0.032074,-0.219235,late,small,sev2,drug_developer,morningstar,CTGOV_CALENDAR,CT_PRIMARY_COMPLETION,,0,0.8534956651376146788990825688,43.73,54.026,,67.64,18.66215465542064868664195264,5,185,0.09254273684210526,0.42163,-0.1977,7.29,0.023511,-1.9861
PEPG,PepGen Inc.,12,0.48,A,high_opt+catalyst_mid,A,high_opt+catalyst_mid,,0.804075,,0.980874,0.019126,180,0,specific_days,3,tailwind,deep_drawdown_rel_xbi,L,tier_a_dev|sponsor_confirmed|momentum_tailwind|cost_haircut_<=2000bps,clinical_score:-46.7;momentum_score:+44.1;smart_money_score:+27.3,tier=A;reason=high_opt+catalyst_mid;cat_days=180;strength=mid;decay_w=0.7,v1.3.0,6e0bf8fb,1,,mid|near_91_180|nonpos,0.0646411489361702,,-0.1387,0,1,-1.5493,-1.2751,7,7,buying,1.4513,elite_7,5.4441,5.4441,1.14,80,0.0,0,0,0,mid,0.7,adequate,<=2000bps,1437.47,0.7,1,0,1.0,0,1.0,0,180,False,specific_days,-0.132278,price_history,,7,1.3891,price_history,,-0.291492,,42.6775,-0.032074,-0.259418,mid,small,none,drug_developer,morningstar,CTGOV_CALENDAR,CT_PRIMARY_COMPLETION,,0,0.7856731723453522990406880582,95.84,41.73815511111111111111111111,79.00608214130506519761156500,67.19,5,36.93755739210284664830119375,257,0.0646411489361702,0.195925,-0.8563,12.02,0.089342,-1.3448
ORKA,"Oruka Therapeutics, Inc.",13,0.58,A,high_opt+catalyst_near,A,high_opt+catalyst_near,,0.80094,,0.860656,0.139344,119,0,specific_days,3,tailwind,,L,tier_a_dev|sponsor_confirmed|momentum_tailwind,clinical_score:-42.0;smart_money_score:+32.2;momentum_score:+21.3,tier=A;reason=high_opt+catalyst_near;cat_days=119;strength=near;decay_w=1.0,v1.3.0,6e0bf8fb,1,,mid|near_91_180|nonpos,0.0646411489361702,,-1.1677,119,1,-1.2955,-0.6079,7,7,buying,1.4513,elite_7,9.1817,9.1817,2.89,80,0.0,0,0,0,near,1.0,adequate,<=1000bps,766.32,0.85,1,0,1.0,0,1.0,0,119,False,specific_days,-0.030776,price_history,,7,1.5399,price_history,,-0.034619,,59.0306,-0.032074,-0.002545,mid,small,none,drug_developer,morningstar,CTGOV_CALENDAR,CT_PRIMARY_COMPLETION,,0,0.8330605161998901702361339923,74.12,43.24694444444444444444444444,85,43.48,10.87726251816620425419474172,50.90909090909090909090909091,256,0.0646411489361702,0.19906,-0.845,24.04,0.4279,-0.1817
SION,"Sionna Therapeutics, Inc.",14,0.58,A,high_opt+catalyst_near,A,high_opt+catalyst_near,,0.80721,,0.915301,0.084699,119,0,specific_days,3,tailwind,,L,tier_a_dev|sponsor_confirmed|momentum_tailwind|runway_short,smart_money_score:+43.7;financial_score:-36.3;clinical_score:-34.8,tier=A;reason=high_opt+catalyst_near;cat_days=119;strength=near;decay_w=1.0,v1.3.0,6e0bf8fb,1,,mid|near_91_180|nonpos,0.0646411489361702,,-1.1783,119,1,-1.4831,-1.101,6,6,buying,1.0761,elite_6,8.1892,8.1892,3.79,80,0.0,0,0,0,near,1.0,short,<=1000bps,918.18,0.85,1,0,1.0,0,1.0,0,119,False,specific_days,-0.060264,price_history,,6,1.5606,price_history,,-0.016449,,57.0447,-0.032074,0.015625,mid,small,sev2,drug_developer,morningstar,CTGOV_CALENDAR,CT_PRIMARY_COMPLETION,,0,0.7466253804975333263356775480,68.40,41.73815511111111111111111111,85,58.29,6.533227639054036200290659263,5,258,0.0646411489361702,0.19279,-0.8677,10.71,0.057994,-1.5718
SYRE,"Spyre Therapeutics, Inc.",15,0.58,A,high_opt+catalyst_near,A,high_opt+catalyst_near,,0.65047,,0.784153,0.215847,16,1,specific_days,3,tailwind,,L,tier_a_dev|sponsor_confirmed|momentum_tailwind,clinical_score:-34.5;momentum_score:+20.1;smart_money_score:+8.8,tier=A;reason=high_opt+catalyst_near;cat_days=16;strength=near;decay_w=1.0,v1.3.0,6e0bf8fb,1,,mid|near_0_30|pos,0.07679787341772153,,-0.334,16,1,-1.0294,0.0917,6,6,buying,1.0761,elite_6,5.6268,5.6268,2.06,80,0.0,0,0,0,near,1.0,adequate,<=1000bps,625.99,0.85,1,0,1.0,0,1.0,0,16,True,specific_days,0.146642,price_history,,6,1.525,price_history,,-0.055107,,52.0966,-0.032074,-0.023033,mid,mid,none,drug_developer,morningstar,CTGOV_CALENDAR,CT_PRIMARY_COMPLETION,,0,0.8387348228214842879429462893,71.57,54.272,60.29114168936823602697637860,42.13,17.03923900118906064209274673,54.29310344827586206896551724,208,0.07679787341772153,0.34953,-0.3866,24.62,0.440439,-0.1499
DNTH,"Dianthus Therapeutics, Inc.",16,0.58,A,high_opt+catalyst_mid,A,high_opt+catalyst_mid,,0.669279,,0.948087,0.051913,148,0,specific_days,3,tailwind,overbought_rsi,L,tier_a_dev|sponsor_confirmed|momentum_tailwind,clinical_score:-49.7;momentum_score:+32.3;smart_money_score:+30.3,tier=A;reason=high_opt+catalyst_mid;cat_days=148;strength=mid;decay_w=0.7,v1.3.0,6e0bf8fb,1,,late|near_91_180|nonpos,0.0743638577586207,,0.46,0,1,-1.5493,-1.2751,8,8,buying,1.8264,elite_8,13.2131,13.2131,28.7,80,0.0,0,0,0,mid,0.7,adequate,<=1000bps,528.7,0.85,1,0,1.0,0,1.0,0,148,False,specific_days,0.38404,price_history,,8,1.1924,price_history,,-0.003933,,70.01,-0.032074,0.028141,late,mid,none,drug_developer,morningstar,CTGOV_CALENDAR,CT_PRIMARY_COMPLETION,,0,0.8378522901650778888630551035,87.02,39.34736044444444444444444444,85,34.45,5,57.33928571428571428571428571,214,0.0743638577586207,0.330721,-0.4379,21.09,0.371473,-0.328
CGON,"CG Oncology, Inc.",17,0.58,A,high_opt+catalyst_near,A,high_opt+catalyst_near,,0.663009,,0.877049,0.122951,119,0,specific_days,3,tailwind,,L,tier_a_dev|sponsor_confirmed|momentum_tailwind,clinical_score:-43.2;smart_money_score:+32.1;momentum_score:+23.1,tier=A;reason=high_opt+catalyst_near;cat_days=119;strength=near;decay_w=1.0,v1.3.0,6e0bf8fb,1,,late|near_91_180|nonpos,0.0743638577586207,,0.492,0,1,-1.3496,-0.7501,6,6,buying,1.0761,elite_6,9.9531,9.9531,14.68,80,0.0,0,0,0,near,1.0,adequate,<=1000bps,419.84,0.85,1,0,1.0,0,1.0,0,119,False,specific_days,0.169252,price_history,,6,1.2133,price_history,,-0.048836,,60.5659,-0.032074,-0.016762,late,mid,none,drug_developer,morningstar,CTGOV_CALENDAR,CT_PRIMARY_COMPLETION,,0,0.8542840633737185461323392358,75.98,40.94432400000000000000000000,85,35.89,9.624528109376594225079073563,52.78571428571428571428571429,212,0.0743638577586207,0.336991,-0.4207,16.80,0.249216,-0.677
ARTV,"Artiva Biotherapeutics, Inc.",18,0.48,A,high_opt+catalyst_near,A,high_opt+catalyst_near,,0.051724,,0.724044,0.275956,58,1,specific_days,3,neutral,deep_drawdown_rel_xbi,L,tier_a_dev|sponsor_confirmed|cost_haircut_<=2000bps,smart_money_score:+37.7;clinical_score:-25.1;financial_score:-25.0,tier=A;reason=high_opt+catalyst_near;cat_days=58;strength=near;decay_w=1.0,v1.3.0,6e0bf8fb,1,,mid|near_31_90|pos,0.1,,-0.088,0,1,-0.8178,0.6478,2,2,neutral,-0.4246,elite_2,2.5829,2.5829,1.87,80,0.0,0,0,0,near,1.0,adequate,<=2000bps,1541.94,0.7,1,0,1.0,0,1.0,0,58,True,specific_days,-0.102988,price_history,,2,1.4638,price_history,,-0.336508,,46.2738,-0.032074,-0.304434,mid,micro,sev1,drug_developer,morningstar,CTGOV_CALENDAR,CT_PRIMARY_COMPLETION,,0,0.7861721513559867081144817237,53.43,52.970,84.6750,89.64,21.93816884661117717003567181,21.97999240322367551856255780,17,0.1,0.948276,1.6284,19.53,0.336991,-0.4207
KOD,Kodiak Sciences Inc,19,0.58,A,high_opt+catalyst_mid,A,high_opt+catalyst_mid,,0.691223,,0.964481,0.035519,180,0,specific_days,3,tailwind,,L,tier_a_dev|sponsor_confirmed|momentum_tailwind,momentum_score:+41.1;clinical_score:-37.9;financial_score:-33.8,tier=A;reason=high_opt+catalyst_mid;cat_days=180;strength=mid;decay_w=0.7,v1.3.0,6e0bf8fb,1,,late|near_91_180|nonpos,0.0743638577586207,,0.4641,0,1,-1.5493,-1.2751,3,3,buying,-0.0494,elite_3,3.2705,3.2705,2.05,80,0.0,0,0,0,mid,0.7,adequate,<=1000bps,702.55,0.85,1,0,1.0,0,1.0,0,180,False,specific_days,0.016369,price_history,,3,1.7285,price_history,,-0.22426,,44.1289,-0.032074,-0.192186,late,small,sev1,drug_developer,morningstar,CTGOV_CALENDAR,CT_PRIMARY_COMPLETION,,0,0.8645739713571266196862923392,83.95,50.798,65.52790943415601735370367972,54.83,5,9.066206428248076052512449073,221,0.0743638577586207,0.308777,-0.4993,9.18,0.04232,-1.7244
FDMT,"4D Molecular Therapeutics, Inc.",20,0.07,A,high_opt+catalyst_near,A,high_opt+catalyst_near,,0.675549,,0.909836,0.090164,119,0,specific_days,3,headwind,high_beta,XS,tier_a_dev|momentum_headwind|high_risk|cost_haircut_<=2000bps,clinical_score:-30.9;financial_score:+14.6;catalyst_score:+10.1,tier=A;reason=high_opt+catalyst_near;cat_days=119;strength=near;decay_w=1.0,v1.3.0,6e0bf8fb,1,,late|near_91_180|nonpos,0.0743638577586207,,0.4853,0,1,-1.459,-1.0378,1,1,neutral,-0.7997,elite_1,0.9223,0.9223,0.49,80,0.0,0,0,0,near,1.0,adequate,<=2000bps,1106.94,0.7,1,0,1.0,0,1.0,0,119,False,specific_days,-0.510535,price_history,,1,1.9805,price_history,,-0.254279,,59.1568,-0.032074,-0.222205,late,small,none,drug_developer,morningstar,CTGOV_CALENDAR,CT_PRIMARY_COMPLETION,,0,0.8123974390494687535702045013,40.74,48.05580844444444444444444444,41.38049525336604916496087817,58.24,7.090092847668605244362820126,52.55319148936170212765957446,216,0.0743638577586207,0.324451,-0.4553,15.81,0.214734,-0.7901
CRSP,CRISPR Therapeutics AG,21,0.68,A,high_opt+catalyst_near,A,high_opt+catalyst_near,,0.095611,,0.751366,0.248634,118,0,specific_days,3,headwind,deep_drawdown_rel_xbi,L,tier_a_dev|sponsor_confirmed|momentum_headwind,clinical_score:-25.2;financial_score:+23.7;smart_money_score:+18.3,tier=A;reason=high_opt+catalyst_near;cat_days=118;strength=near;decay_w=1.0,v1.3.0,6e0bf8fb,1,,late|near_91_180|pos,0.1,,0.5127,0,1,-0.9284,0.357,3,3,buying,-0.0494,elite_3,4.2264,4.2264,4.32,80,0.0,0,0,0,near,1.0,adequate,<=400bps,328.15,1.0,0,0,1.0,0,1.0,0,118,False,specific_days,-0.346255,price_history,,3,1.4009,price_history,,-0.331727,,42.5495,-0.032074,-0.299653,late,mid,none,drug_developer,morningstar,CTGOV_CALENDAR,CT_PRIMARY_COMPLETION,,0,0.8801696204005589194224499301,26.70,45.77264400000000000000000000,62.87698516733338982204894065,63.60,19.37653754152070650387148703,68.26785714285714285714285714,31,0.1,0.904389,1.307,28.93,0.537618,0.0944
VRDN,"Viridian Therapeutics, Inc.",22,0.58,A,high_opt+catalyst_near,A,high_opt+catalyst_near,,0.418495,,0.838798,0.161202,27,1,specific_days,3,tailwind,,L,tier_a_dev|sponsor_confirmed|momentum_tailwind|runway_short,financial_score:-34.7;smart_money_score:+30.4;clinical_score:-29.5,tier=A;reason=high_opt+catalyst_near;cat_days=27;strength=near;decay_w=1.0,v1.3.0,6e0bf8fb,1,,late|near_0_30|nonpos,0.09603160592255125,,0.4965,0,1,-1.2366,-0.4531,4,4,buying,0.3258,elite_4,6.3505,6.3505,3.24,80,0.0,0,0,0,near,1.0,short,<=1000bps,489.0,0.85,1,0,1.0,0,1.0,0,27,True,specific_days,0.360149,price_history,,4,0.614,price_history,,-0.01717,,57.2112,-0.032074,0.014904,late,mid,sev2,drug_developer,morningstar,CTGOV_CALENDAR,CT_PRIMARY_COMPLETION,,0,0.9,59.11,58.268,72.12011097792043032453777922,46.14,12.24058769513314967860422406,7.101225907029478458049886619,134,0.09603160592255125,0.581505,0.2057,10.73,0.061129,-1.5454
OLMA,"Olema Pharmaceuticals, Inc.",23,0.68,A,high_opt+catalyst_near,A,high_opt+catalyst_near,,0.405956,,0.81694,0.18306,27,1,specific_days,3,tailwind,high_vol|deep_drawdown_rel_xbi,L,tier_a_dev|sponsor_confirmed|momentum_tailwind|high_risk,clinical_score:-43.1;momentum_score:+38.6;smart_money_score:+27.0,tier=A;reason=high_opt+catalyst_near;cat_days=27;strength=near;decay_w=1.0,v1.3.0,6e0bf8fb,1,,late|near_0_30|nonpos,0.09603160592255125,,0.5015,0,1,-1.1201,-0.1468,3,3,buying,-0.0494,elite_3,6.1377,6.1377,4.45,80,0.0,0,0,0,near,1.0,adequate,<=400bps,342.77,1.0,0,0,1.0,0,1.0,0,27,True,specific_days,1.961637,price_history,,3,0.9112,price_history,,-0.28412,,47.1468,-0.032074,-0.252046,late,small,none,drug_developer,morningstar,CTGOV_CALENDAR,CT_PRIMARY_COMPLETION,,0,0.8110858700590640617900954112,96.55,58.268,85,53.41,14.93827160493827160493827160,35.23189225894069714803078316,130,0.09603160592255125,0.594044,0.238,13.23,0.133229,-1.1113
IVVD,"Invivyd, Inc.",24,0.48,A,high_opt+catalyst_near,A,high_opt+catalyst_near,,0.393417,,0.959016,0.040984,27,1,specific_days,3,tailwind,high_vol|deep_drawdown|deep_drawdown_rel_xbi,L,tier_a_dev|sponsor_confirmed|momentum_tailwind|high_risk|cost_haircut_<=2000bps,clinical_score:-32.3;financial_score:-25.1;catalyst_score:+24.8,tier=A;reason=high_opt+catalyst_near;cat_days=27;strength=near;decay_w=1.0,v1.3.0,6e0bf8fb,1,,late|near_0_30|nonpos,0.09603160592255125,,0.458,0,1,-1.5493,-1.2751,3,3,buying,-0.0494,elite_3,1.9792,1.9792,0.24,80,0.0,0,0,0,near,1.0,adequate,<=2000bps,1203.82,0.7,1,0,1.0,0,1.0,0,27,True,specific_days,-0.021718,price_history,,3,1.4487,price_history,,-0.395833,,29.5287,-0.032074,-0.363759,late,small,sev1,drug_developer,morningstar,CTGOV_CALENDAR,CT_PRIMARY_COMPLETION,,0,0.8270909708078750848608282417,58.42,62.078,48.81783749324208927171595310,69.83,5,12.17701574367486544942407324,126,0.09603160592255125,0.606583,0.2704,11.06,0.067398,-1.4955
ADCT,ADC Therapeutics SA,25,0.29,A,high_opt+catalyst_near,A,high_opt+catalyst_near,,0.365204,,0.887978,0.112022,26,1,specific_days,3,headwind,,M,tier_a_dev|sponsor_confirmed|momentum_headwind|cost_haircut_<=2000bps,clinical_score:-36.8;smart_money_score:+35.4;catalyst_score:+15.8,tier=A;reason=high_opt+catalyst_near;cat_days=26;strength=near;decay_w=1.0,v1.3.0,6e0bf8fb,1,,late|near_0_30|nonpos,0.09603160592255125,,0.4904,0,1,-1.3865,-0.847,3,3,buying,-0.0494,elite_3,4.4418,4.4418,6.1,80,0.0,0,0,0,near,1.0,adequate,<=2000bps,1482.83,0.7,1,0,1.0,0,1.0,0,26,True,specific_days,-0.066264,price_history,,3,0.1862,price_history,,-0.157667,,56.2508,-0.032074,-0.125593,late,small,none,drug_developer,morningstar,CTGOV_CALENDAR,CT_PRIMARY_COMPLETION,,0,0.8110657133129043241402791965,39.47,61.376,81.01320507761027582379755735,72.77,8.770646986135201623417111636,37.20885518837080629746994618,117,0.09603160592255125,0.634796,0.3446,14.17,0.158307,-1.0014
VERA,"Vera Therapeutics, Inc.",26,0.58,A,high_opt+catalyst_near,A,high_opt+catalyst_near,,0.299373,,0.920765,0.079235,41,1,specific_days,9,tailwind,,L,tier_a_dev|sponsor_confirmed|momentum_tailwind,clinical_score:-43.6;momentum_score:+35.5;smart_money_score:+29.0,tier=A;reason=high_opt+catalyst_near;cat_days=41;strength=near;decay_w=1.0,v1.3.0,6e0bf8fb,1,,late|near_31_90|nonpos,0.1,,0.4826,0,1,-1.4947,-1.1317,5,5,buying,0.7009,elite_5,7.8707,7.8707,4.44,80,0.0,0,0,0,near,1.0,adequate,<=1000bps,413.86,0.85,1,0,1.0,0,1.0,0,41,True,specific_days,0.564912,price_history,,5,1.6133,price_history,,-0.186636,,47.3769,-0.032074,-0.154562,late,mid,none,drug_developer,morningstar,,,,0,0.8144123134328358208955223881,85.34,24.09598044444444444444444444,78.83973804691643756143036074,38.84,6.263419832443401466970490537,54.60714285714285714285714286,96,0.1,0.700627,0.5262,19.62,0.340125,-0.4121
CNTA,Centessa Pharmaceuticals plc,27,0.58,A,high_opt+catalyst_near,A,high_opt+catalyst_near,,0.086207,,0.942623,0.057377,87,0,specific_days,3,neutral,,L,tier_a_dev|sponsor_confirmed,smart_money_score:+43.4;clinical_score:-33.4;financial_score:-30.0,tier=A;reason=high_opt+catalyst_near;cat_days=87;strength=near;decay_w=1.0,v1.3.0,6e0bf8fb,1,,late|near_31_90|nonpos,0.1,,0.4536,0,1,-1.5493,-1.2751,7,7,buying,1.4513,elite_7,9.1887,9.1887,3.22,80,0.0,0,0,0,near,1.0,adequate,<=1000bps,530.45,0.85,1,0,1.0,0,1.0,0,87,False,specific_days,-0.06163,price_history,,7,0.6719,price_history,,-0.157807,,55.505,-0.032074,-0.125733,late,mid,sev1,drug_developer,morningstar,CTGOV_CALENDAR,CT_PRIMARY_COMPLETION,,0,0.8838419265738289791690643342,50.18,46.59260844444444444444444444,81.79010870665643067958877571,34.51,5,8.360685941043083900226757365,28,0.1,0.913793,1.3645,14.70,0.177116,-0.9264
IBRX,"ImmunityBio, Inc.",28,0.41,A,high_opt+catalyst_near,A,high_opt+catalyst_near,,0.152038,,0.800546,0.199454,41,1,specific_days,3,tailwind,high_vol,M,tier_a_dev|momentum_tailwind|runway_short|high_risk,momentum_score:+56.4;financial_score:-35.2;clinical_score:-24.3,tier=A;reason=high_opt+catalyst_near;cat_days=41;strength=near;decay_w=1.0,v1.3.0,6e0bf8fb,1,,late|near_31_90|nonpos,0.1,,0.5041,0,1,-1.0805,-0.0427,1,1,neutral,-0.7997,elite_1,0.5278,0.5278,0.22,80,0.0,0,0,0,near,1.0,short,<=400bps,211.86,1.0,0,0,1.0,0,1.0,0,41,True,specific_days,1.830908,price_history,,1,0.6363,price_history,,-0.16485,,68.9147,-0.032074,-0.132776,late,mid,sev2,drug_developer,morningstar,CTGOV_CALENDAR,CT_PRIMARY_COMPLETION,,0,0.7730906507210692930003517411,96.55,51.080,32.27779251019049259380864200,51.78,15.85563831355077146322937569,5,49,0.1,0.847962,1.0277,4.56,0.001567,-2.9542
ABVX,Abivax SA,29,0.41,B,mod_opt+catalyst_near,B,mod_opt+catalyst_near,,0.521944,,0.346995,0.653005,27,1,specific_days,3,neutral,,M,sponsor_confirmed|runway_short,financial_score:-46.6;smart_money_score:+31.9;catalyst_score:+19.5,tier=B;reason=mod_opt+catalyst_near;cat_days=27;strength=near;decay_w=1.0,v1.3.0,6e0bf8fb,1,,late|near_0_30|pos,0.09254273684210526,,0.5702,0,1,0.5708,1.5261,8,8,buying,1.8264,elite_8,13.0314,13.0314,11.42,80,0.0,0,0,0,near,1.0,short,<=400bps,228.57,1.0,0,0,1.0,0,1.0,0,27,True,specific_days,-0.110537,price_history,,8,1.3169,price_history,,-0.23295,,40.4629,-0.032074,-0.200876,late,large,sev2,drug_developer,morningstar,CTGOV_CALENDAR,CT_PRIMARY_COMPLETION,,0,0.7566622016561130053580126644,47.27,72.554,85,27.71,54.09090909090909090909090909,6.533227639054036200290659263,167,0.09254273684210526,0.478056,-0.055,12.73,0.111285,-1.2197
XENE,Xenon Pharmaceuticals Inc.,30,0.35,B,mod_opt+catalyst_mid,B,mod_opt+catalyst_mid,,0.311912,,0.374317,0.625683,180,0,specific_days,3,headwind,,M,sponsor_confirmed|momentum_headwind,smart_money_score:+31.0;financial_score:-17.3;momentum_score:-12.1,tier=B;reason=mod_opt+catalyst_mid;cat_days=180;strength=mid;decay_w=0.7,v1.3.0,6e0bf8fb,1,,late|near_91_180|pos,0.1,,0.5656,0,1,0.4988,1.429,8,8,buying,1.8264,elite_8,8.9271,8.9271,3.31,80,0.0,0,0,0,mid,0.7,adequate,<=1000bps,527.82,0.85,1,0,1.0,0,1.0,0,180,False,specific_days,-0.10644,price_history,,8,0.9134,price_history,,-0.100477,,46.8707,-0.032074,-0.068403,late,mid,none,drug_developer,morningstar,CTGOV_CALENDAR,CT_PRIMARY_COMPLETION,,0,0.8837485763888888888888888889,38.12,46.59260844444444444444444444,81.22940160150621656751727240,43.57,52.42424242424242424242424242,32.90479733560090702947845805,100,0.1,0.688088,0.4904,36.55,0.681818,0.4728
CYTK,"Cytokinetics, Incorporated",31,0.68,B,mod_opt+catalyst_near,B,mod_opt+catalyst_near,,0.101881,,0.368852,0.631148,119,0,specific_days,3,tailwind,,L,sponsor_confirmed|momentum_tailwind,financial_score:-36.6;smart_money_score:+32.0;catalyst_score:+3.8,tier=B;reason=mod_opt+catalyst_near;cat_days=119;strength=near;decay_w=1.0,v1.3.0,6e0bf8fb,1,,late|near_91_180|pos,0.1,,0.5669,0,1,0.5119,1.4466,5,5,buying,0.7009,elite_5,8.2995,8.2995,6.6,80,0.0,0,0,0,near,1.0,adequate,<=400bps,288.33,1.0,0,0,1.0,0,1.0,0,119,False,specific_days,-0.102711,price_history,,5,1.0712,price_history,,-0.043874,,54.0759,-0.032074,-0.0118,late,mid,none,drug_developer,morningstar,CTGOV_CALENDAR,CT_PRIMARY_COMPLETION,,0,0.8699198791681189729290112699,54.16,56.750,85,20.41,52.72727272727272727272727273,16.34750566893424036281179138,33,0.1,0.898119,1.2709,33.05,0.609718,0.2786
KYTX,"Kyverna Therapeutics, Inc.",32,0.35,B,mod_opt+catalyst_near,B,mod_opt+catalyst_near,,0.644201,,0.330601,0.669399,27,1,specific_days,3,tailwind,high_vol|high_beta,M,momentum_tailwind|high_risk,financial_score:-33.6;momentum_score:+22.9;catalyst_score:+15.7,tier=B;reason=mod_opt+catalyst_near;cat_days=27;strength=near;decay_w=1.0,v1.3.0,6e0bf8fb,1,,mid|near_0_30|pos,0.07679787341772153,,-0.0533,0,1,0.6175,1.5891,1,1,buying,-0.7997,elite_1,1.5282,1.5282,1.34,80,0.0,0,0,0,near,1.0,adequate,<=1000bps,938.0,0.85,1,0,1.0,0,1.0,0,27,True,specific_days,-0.172796,price_history,,1,2.6422,price_history,,-0.230129,,47.2691,-0.032074,-0.198055,mid,small,sev1,drug_developer,morningstar,CTGOV_CALENDAR,CT_PRIMARY_COMPLETION,,0,0.7572067257105089226701916722,75.07,67.790,44.05881629688815063242443559,56.46,55.17241379310344827586206897,18.56728905213753698602183450,206,0.07679787341772153,0.355799,-0.3697,19.83,0.346395,-0.3951
DNLI,Denali Therapeutics Inc.,33,0.58,B,mod_opt+catalyst_near,B,mod_opt+catalyst_near,,0.547022,,0.467213,0.532787,23,1,specific_days,3,tailwind,overbought_rsi,L,sponsor_confirmed|momentum_tailwind,catalyst_score:-25.0;momentum_score:+20.5;financial_score:+14.2,tier=B;reason=mod_opt+catalyst_near;cat_days=23;strength=near;decay_w=1.0,v1.3.0,6e0bf8fb,1,,late|near_0_30|pos,0.09254273684210526,,0.5542,0,1,0.1625,0.9752,3,3,buying,-0.0494,elite_3,3.1377,3.1377,1.1,80,0.0,0,0,0,near,1.0,adequate,<=1000bps,568.22,0.85,1,0,1.0,0,1.0,0,23,True,specific_days,0.260886,price_history,,3,1.4414,price_history,,-0.036032,,71.3194,-0.032074,-0.003958,late,mid,none,drug_developer,morningstar,CTGOV_CALENDAR,CT_PRIMARY_COMPLETION,,0,0.8883769230769230769230769231,70.89,25.35004444444444444444444444,46.43891912995939095426512701,58.71,44.63728191000918273645546372,64.62500000000000000000000000,175,0.09254273684210526,0.452978,-0.1181,37.66,0.694357,0.5082
PTGX,"Protagonist Therapeutics, Inc.",34,0.41,B,mod_opt+catalyst_near,B,mod_opt+catalyst_near,,0.249216,,0.45082,0.54918,58,1,specific_days,3,headwind,,M,sponsor_confirmed|momentum_headwind,smart_money_score:+29.7;financial_score:-12.3;momentum_score:-8.8,tier=B;reason=mod_opt+catalyst_near;cat_days=58;strength=near;decay_w=1.0,v1.3.0,6e0bf8fb,1,,late|near_31_90|pos,0.1,,0.5617,0,1,0.2902,1.1475,5,5,buying,0.7009,elite_5,8.9793,8.9793,4.71,80,0.0,0,0,0,near,1.0,adequate,<=400bps,381.32,1.0,0,0,1.0,0,1.0,0,58,True,specific_days,-0.050383,price_history,,5,0.7447,price_history,,-0.128998,,48.3574,-0.032074,-0.096924,late,mid,none,drug_developer,morningstar,CTGOV_CALENDAR,CT_PRIMARY_COMPLETION,,0,0.8733479569394605857159393448,45.11,51.698,83.65863100092839231923796228,35.98,47.59389631443503497375551248,41.65532879818594104308390023,80,0.1,0.750784,0.677,41.28,0.785266,0.7901
VIR,"Vir Biotechnology, Inc.",35,0.58,B,mod_opt+catalyst_near,B,mod_opt+catalyst_near,,0.594044,,0.5,0.5,27,1,specific_days,3,tailwind,high_beta,L,sponsor_confirmed|momentum_tailwind|high_risk,financial_score:-23.3;momentum_score:+21.6;catalyst_score:+11.1,tier=B;reason=mod_opt+catalyst_near;cat_days=27;strength=near;decay_w=1.0,v1.3.0,6e0bf8fb,1,,late|near_0_30|pos,0.09254273684210526,,0.5523,0,1,0.0996,0.8903,2,2,buying,-0.4246,elite_2,1.4055,1.4055,0.32,80,0.0,0,0,0,near,1.0,adequate,<=1000bps,838.43,0.85,1,0,1.0,0,1.0,0,27,True,specific_days,0.128186,price_history,,2,1.8638,price_history,,-0.258654,,64.6298,-0.032074,-0.22658,late,small,sev1,drug_developer,morningstar,CTGOV_CALENDAR,CT_PRIMARY_COMPLETION,,0,0.8712447669683257918552036199,72.59,62.078,49.26992781113698546885344342,77.28,43.18023104218390413676608963,27.61477038378351189577989035,190,0.09254273684210526,0.405956,-0.238,25.35,0.459248,-0.1023
CLDX,"Celldex Therapeutics, Inc.",36,0.35,B,mod_opt+catalyst_near,B,mod_opt+catalyst_near,,0.540752,,0.494536,0.505464,27,1,specific_days,3,headwind,,M,sponsor_confirmed|momentum_headwind,momentum_score:-22.0;catalyst_score:+15.7;smart_money_score:+14.6,tier=B;reason=mod_opt+catalyst_near;cat_days=27;strength=near;decay_w=1.0,v1.3.0,6e0bf8fb,1,,late|near_0_30|pos,0.09254273684210526,,0.5523,0,1,0.0996,0.8903,4,4,buying,0.3258,elite_4,4.8202,4.8202,1.44,80,0.0,0,0,0,near,1.0,adequate,<=1000bps,793.82,0.85,1,0,1.0,0,1.0,0,27,True,specific_days,-0.225207,price_history,,4,1.4191,price_history,,-0.172483,,41.2988,-0.032074,-0.140409,late,small,none,drug_developer,morningstar,CTGOV_CALENDAR,CT_PRIMARY_COMPLETION,,0,0.8821006431230960171499492271,34.84,72.554,71.42566633559976733330282781,60.49,43.18023104218390413676608963,62.31914893617021276595744681,173,0.09254273684210526,0.459248,-0.1023,34.36,0.641066,0.3613
GPCR,Structure Therapeutics Inc.,37,0.68,B,mod_opt+catalyst_mid,B,mod_opt+catalyst_mid,,0.133229,,0.314208,0.685792,149,0,specific_days,3,tailwind,high_vol,L,sponsor_confirmed|momentum_tailwind|high_risk,momentum_score:+29.2;catalyst_score:-18.2;smart_money_score:+17.7,tier=B;reason=mod_opt+catalyst_mid;cat_days=149;strength=mid;decay_w=0.7,v1.3.0,6e0bf8fb,1,,mid|near_91_180|pos,0.1,,-0.0514,0,1,0.6622,1.6494,9,9,buying,2.2016,elite_9,14.2666,14.2666,3.83,80,0.0,0,0,0,mid,0.7,adequate,<=400bps,306.92,1.0,0,0,1.0,0,1.0,0,149,False,specific_days,1.531761,price_history,,9,0.6013,price_history,,-0.042115,,69.9894,-0.032074,-0.010041,mid,mid,none,drug_developer,morningstar,CTGOV_CALENDAR,CT_PRIMARY_COMPLETION,,0,0.7753370660694288913773796193,96.55,49.12636844444444444444444444,85,40.77,56.20689655172413793103448276,49.79323556612498348526885983,43,0.1,0.866771,1.1113,38.36,0.710031,0.5535
FATE,"Fate Therapeutics, Inc.",38,0.11,B,mod_opt+catalyst_near,B,mod_opt+catalyst_near,,0.12069,,0.34153,0.65847,88,0,specific_days,9,headwind,,S,sponsor_confirmed|momentum_headwind|cost_haircut_>2000bps,smart_money_score:+31.4;catalyst_score:-11.8;financial_score:-10.7,tier=B;reason=mod_opt+catalyst_near;cat_days=88;strength=near;decay_w=1.0,v1.3.0,6e0bf8fb,1,,mid|near_31_90|pos,0.1,,-0.0556,0,1,0.5728,1.5288,2,2,buying,-0.4246,elite_2,2.3172,2.3172,1.58,80,0.0,0,0,0,near,1.0,adequate,>2000bps,2020.0,0.55,1,0,1.0,0,1.0,0,88,False,specific_days,-0.242924,price_history,,2,1.5142,price_history,,-0.280702,,57.4259,-0.032074,-0.248628,mid,micro,none,drug_developer,morningstar,,,,0,0.7739051094890510948905109489,44.11,41.73815511111111111111111111,85,88.38,54.13793103448275862068965517,42.92046505482890738538776589,39,0.1,0.87931,1.1715,31.77,0.587774,0.2218
SGMT,Sagimet Biosciences Inc. - Seri,39,0.07,B,mod_opt+catalyst_near,B,mod_opt+catalyst_near,,0.268025,,0.516393,0.483607,119,0,specific_days,9,headwind,deep_drawdown|deep_drawdown_rel_xbi,XS,momentum_headwind|cost_haircut_<=2000bps,momentum_score:-20.7;financial_score:+15.7;smart_money_score:+2.7,tier=B;reason=mod_opt+catalyst_near;cat_days=119;strength=near;decay_w=1.0,v1.3.0,6e0bf8fb,1,,late|near_91_180|pos,0.1,,0.5512,0,1,0.0373,0.8062,1,1,neutral,-0.7997,elite_1,0.5278,0.5278,0.05,80,0.0,0,0,0,near,1.0,adequate,<=2000bps,1709.55,0.7,1,0,1.0,0,1.0,0,119,False,specific_days,-0.383749,price_history,,1,1.1083,price_history,,-0.391602,,52.682,-0.032074,-0.359528,late,micro,none,drug_developer,morningstar,,,,0,0.7839567084756971233329659429,21.08,44.24984177777777777777777778,44.57337580738691833427944164,70.48,41.73735106395039054971714905,57.47727272727272727272727273,86,0.1,0.731975,0.6188,27.69,0.496865,-0.0079
COGT,"Cogent Biosciences, Inc.",40,0.68,B,mod_opt+catalyst_near,B,mod_opt+catalyst_near,,0.089342,,0.418033,0.581967,119,0,specific_days,3,tailwind,high_vol,L,sponsor_confirmed|momentum_tailwind|high_risk,financial_score:-41.0;momentum_score:+38.5;smart_money_score:+26.9,tier=B;reason=mod_opt+catalyst_near;cat_days=119;strength=near;decay_w=1.0,v1.3.0,6e0bf8fb,1,,mid|near_91_180|pos,0.1,,-0.0609,0,1,0.3941,1.2877,7,7,buying,1.4513,elite_7,10.8184,10.8184,3.09,80,0.0,0,0,0,near,1.0,adequate,<=400bps,336.38,1.0,0,0,1.0,0,1.0,0,119,False,specific_days,1.375172,price_history,,7,1.7046,price_history,,-0.098551,,52.0624,-0.032074,-0.066477,mid,mid,none,drug_developer,morningstar,CTGOV_CALENDAR,CT_PRIMARY_COMPLETION,,0,0.7812770270270270270270270270,96.55,41.82915600000000000000000000,85,22.39,50,17.11893909367155502708415907,29,0.1,0.910658,1.3448,23.08,0.402821,-0.2461
WVE,Wave Life Sciences Ltd.,41,0.68,B,mod_opt+catalyst_mid,B,mod_opt+catalyst_mid,,0.308777,,0.532787,0.467213,145,0,specific_days,3,tailwind,high_vol|deep_drawdown|deep_drawdown_rel_xbi,L,sponsor_confirmed|momentum_tailwind|high_risk,financial_score:-34.3;momentum_score:+25.4;smart_money_score:+16.8,tier=B;reason=mod_opt+catalyst_mid;cat_days=145;strength=mid;decay_w=0.7,v1.3.0,6e0bf8fb,1,,mid|near_91_180|pos,0.1,,-0.0705,0,1,-0.0384,0.7041,5,5,buying,0.7009,elite_5,4.5987,4.5987,1.64,80,0.0,0,0,0,mid,0.7,adequate,<=400bps,338.21,1.0,0,0,1.0,0,1.0,0,145,False,specific_days,0.487888,price_history,,5,1.0336,price_history,,-0.369779,,46.0772,-0.032074,-0.337705,mid,mid,sev1,drug_developer,morningstar,CTGOV_CALENDAR,CT_PRIMARY_COMPLETION,,0,0.7953180948091431145141312915,70.27,41.73815511111111111111111111,61.64580125624658895877425748,60.11,39.98546703659664420663231602,10.58026159334126040428061831,99,0.1,0.691223,0.4993,17.44,0.283699,-0.5719
CTMX,"CytomX Therapeutics, Inc.",42,0.58,B,high_opt+catalyst_far,B,high_opt+catalyst_far,,0.985893,,0.680328,0.319672,666,0,specific_days,9,tailwind,,L,catalyst_far_lift|sponsor_confirmed|momentum_tailwind,momentum_score:+41.3;clinical_score:-29.9;smart_money_score:+26.2,tier=B;reason=high_opt+catalyst_far;cat_days=666;strength=far;decay_w=0.3,v1.3.0,6e0bf8fb,1,,mid|far_271_540|nonpos,-0.012862136363636364,,-0.0821,0,1,-0.671,-0.1497,6,6,buying,1.0761,elite_6,5.814,5.814,1.36,80,0.0,0,0,0,far,0.3,adequate,<=1000bps,792.63,0.85,1,0,1.0,0,1.0,0,666,False,specific_days,0.266409,price_history,,6,1.2188,price_history,,0.0,,69.5647,-0.032074,0.032074,mid,small,none,drug_developer,morningstar,,,,0,0.7765801912718478619325052215,96.55,41.73815511111111111111111111,81.48755220842879580811303827,46.54,25.33623992601400449200687013,31.23456790123456790123456790,315,-0.012862136363636364,0.014107,-2.1943,17.66,0.296238,-0.5353
APGE,"Apogee Therapeutics, Inc.",43,0.68,B,high_opt+catalyst_far,B,high_opt+catalyst_far,,0.979624,,0.882514,0.117486,272,0,specific_days,9,tailwind,,L,catalyst_far_lift|sponsor_confirmed|momentum_tailwind,smart_money_score:+35.5;clinical_score:-34.3;momentum_score:+11.3,tier=B;reason=high_opt+catalyst_far;cat_days=272;strength=far;decay_w=0.3,v1.3.0,6e0bf8fb,1,,mid|far_271_540|nonpos,-0.012862136363636364,,-1.4841,272,1,-1.3592,-1.0782,6,6,buying,1.0761,elite_6,9.1006,9.1006,4.98,80,0.0,0,0,0,far,0.3,adequate,<=400bps,387.64,1.0,0,0,1.0,0,1.0,0,272,False,specific_days,-0.011228,price_history,,6,1.2531,price_history,,-0.203809,,30.8884,-0.032074,-0.171735,mid,mid,none,drug_developer,morningstar,,,,0,0.8450612608598797059478725774,55.01,41.73815511111111111111111111,79.21427280168997280892417387,29.72,9.402827321971198308891531248,33.18404016382613291055621614,313,-0.012862136363636364,0.020376,-2.046,23.37,0.412226,-0.2218
RAPT,"RAPT Therapeutics, Inc.",44,0.68,B,high_opt+catalyst_far,B,high_opt+catalyst_far,,0.995298,,0.65847,0.34153,423,0,specific_days,9,tailwind,high_vol|overbought_rsi,L,catalyst_far_lift|sponsor_confirmed|momentum_tailwind|high_risk,momentum_score:+46.1;financial_score:-38.8;smart_money_score:+24.7,tier=B;reason=high_opt+catalyst_far;cat_days=423;strength=far;decay_w=0.3,v1.3.0,6e0bf8fb,1,,mid|far_271_540|nonpos,-0.012862136363636364,,-0.079,0,1,-0.596,-0.0483,5,5,buying,0.7009,elite_5,5.1564,5.1564,1.39,80,0.0,0,0,0,far,0.3,adequate,<=400bps,279.61,1.0,0,0,1.0,0,1.0,0,423,False,specific_days,0.763521,price_history,,5,1.4255,price_history,,0.0,,79.9768,-0.032074,0.032074,mid,small,none,drug_developer,morningstar,,,,0,0.7750946302816901408450704225,96.55,41.73815511111111111111111111,75.12882764465327472277708580,39.73,27.07491082045184304399524376,11.57892051831445770839710234,318,-0.012862136363636364,0.004702,-2.597,15.62,0.205329,-0.8227
KALV,"KalVista Pharmaceuticals, Inc.",45,0.58,B,mod_opt+catalyst_mid,B,mod_opt+catalyst_mid,,0.180251,,0.554645,0.445355,148,0,specific_days,3,tailwind,,L,sponsor_confirmed|momentum_tailwind,financial_score:-23.1;momentum_score:+15.2;smart_money_score:+9.9,tier=B;reason=mod_opt+catalyst_mid;cat_days=148;strength=mid;decay_w=0.7,v1.3.0,6e0bf8fb,1,,late|near_91_180|pos,0.1,,0.544,0,1,-0.158,0.5426,2,2,selling,-0.4246,elite_2,2.9099,2.9099,2.36,80,0.0,0,0,0,mid,0.7,adequate,<=1000bps,741.12,0.85,1,0,1.0,0,1.0,0,148,False,specific_days,0.227176,price_history,,2,1.4786,price_history,,-0.047309,,55.1058,-0.032074,-0.015235,late,small,sev1,drug_developer,morningstar,CTGOV_CALENDAR,CT_PRIMARY_COMPLETION,,0,0.8813730646992054483541430193,57.94,46.12352400000000000000000000,52.57570666028971016996266352,62.42,37.21536351165980795610425240,19.60152909813389668527740054,58,0.1,0.819749,0.9144,24.35,0.434169,-0.1658
ALLO,"Allogene Therapeutics, Inc.",46,0.48,B,high_opt+catalyst_far,B,high_opt+catalyst_far,,0.810345,,0.620219,0.379781,568,0,specific_days,9,tailwind,deep_drawdown_rel_xbi,L,catalyst_far_lift|momentum_tailwind|cost_haircut_<=2000bps,momentum_score:+28.1;clinical_score:-19.6;catalyst_score:-7.0,tier=B;reason=high_opt+catalyst_far;cat_days=568;strength=far;decay_w=0.3,v1.3.0,6e0bf8fb,1,,mid|far_271_540|pos,0.05133853608247423,,-0.0765,0,1,-0.4424,0.1589,0,0,neutral,-1.1749,,0.0,0.0,0.0,,0.0,0,0,0,far,0.3,adequate,<=2000bps,1022.62,0.7,1,0,1.0,0,1.0,0,568,False,specific_days,0.419506,price_history,,0,1.452,price_history,,-0.341549,,64.8184,-0.032074,-0.309475,mid,small,none,drug_developer,morningstar,,,,0,0.7487508364934195850992638858,78.32,43.24694444444444444444444444,,67.09,30.63152331880036992997753997,48.73227221712070196918681767,259,0.05133853608247423,0.189655,-0.8792,18.98,0.318182,-0.4728
IMMP,Immutep Limited,47,0.22,B,mod_opt+catalyst_near,B,mod_opt+catalyst_near,,0.155172,,0.560109,0.439891,58,1,specific_days,3,tailwind,,M,momentum_tailwind|cost_haircut_>2000bps,financial_score:-36.5;momentum_score:+30.2;catalyst_score:+13.1,tier=B;reason=mod_opt+catalyst_near;cat_days=58;strength=near;decay_w=1.0,v1.3.0,6e0bf8fb,1,,late|near_31_90|pos,0.1,,0.5439,0,1,-0.182,0.5103,0,0,neutral,-1.1749,,0.0,0.0,0.0,,0.0,0,0,0,near,1.0,adequate,>2000bps,2020.0,0.55,1,0,1.0,0,1.0,0,58,True,specific_days,0.532553,price_history,,0,0.5062,price_history,,-0.100629,,49.442,-0.032074,-0.068555,late,small,none,drug_developer,morningstar,CTGOV_CALENDAR,CT_PRIMARY_COMPLETION,,0,0.7638793346424858496014785723,73.75,56.624,,72.65,36.66031810812955594100375245,6.984055128011669433127106283,50,0.1,0.844828,1.0145,12.21,0.098746,-1.2887
RAPP,"Rapport Therapeutics, Inc.",48,0.58,B,high_opt+catalyst_far,B,high_opt+catalyst_far,,0.857367,,0.806011,0.193989,241,0,specific_days,3,neutral,,L,catalyst_far_lift|sponsor_confirmed,clinical_score:-36.8;smart_money_score:+30.2;financial_score:+15.7,tier=B;reason=high_opt+catalyst_far;cat_days=241;strength=far;decay_w=0.3,v1.3.0,6e0bf8fb,1,,mid|near_181_270|nonpos,0.00506,,-1.4439,241,1,-1.0976,-0.7253,5,5,neutral,0.7009,elite_5,7.2291,7.2291,6.54,80,0.0,0,0,0,far,0.3,adequate,<=1000bps,967.24,0.85,1,0,1.0,0,1.0,0,241,False,specific_days,-0.20416,price_history,,5,1.3439,price_history,,-0.130094,,50.6146,-0.032074,-0.09802,mid,small,none,drug_developer,morningstar,CTGOV_CALENDAR,CT_PRIMARY_COMPLETION,,0,0.7363500663423264042459088899,53.56,41.82915600000000000000000000,82.47663923731982361811745790,46.30,15.45910952569692165411547100,67.90909090909090909090909091,274,0.00506,0.142633,-1.0686,21.34,0.374608,-0.3197
CLLS,Cellectis S.A.,49,0.11,B,mod_opt+catalyst_mid,B,mod_opt+catalyst_mid,,0.88558,,0.439891,0.560109,148,0,specific_days,3,neutral,deep_drawdown_rel_xbi,S,cost_haircut_>2000bps,financial_score:-28.4;clinical_score:+10.5;momentum_score:+9.0,tier=B;reason=mod_opt+catalyst_mid;cat_days=148;strength=mid;decay_w=0.7,v1.3.0,6e0bf8fb,1,,early|near_91_180|pos,0.0,,-0.7259,0,1,0.3083,1.1719,0,0,neutral,-1.1749,,0.0,0.0,0.0,,0.0,0,0,0,mid,0.7,adequate,>2000bps,2050.0,0.55,1,0,1.0,0,1.0,0,148,False,specific_days,-0.077314,price_history,,0,1.3248,price_history,,-0.285981,,37.9796,-0.032074,-0.253907,early,small,none,drug_developer,morningstar,CTGOV_CALENDAR,CT_PRIMARY_COMPLETION,,0,0.6737540628385698808234019502,46.48,46.29926400000000000000000000,,58.30,48.01234567901234567901234568,9.111111111111111111111111112,283,0.0,0.11442,-1.2034,23.34,0.409091,-0.2299
NAUT,"Nautilus Biotechnology, Inc.",50,0.37,B,high_opt+catalyst_far,B,high_opt+catalyst_far,,0.851097,,0.931694,0.068306,211,0,specific_days,3,tailwind,,L,catalyst_far_lift|momentum_tailwind|cost_haircut_>2000bps,momentum_score:+48.4;clinical_score:-30.7;financial_score:-24.9,tier=B;reason=high_opt+catalyst_far;cat_days=211;strength=far;decay_w=0.3,v1.3.0,6e0bf8fb,1,,mid|near_181_270|nonpos,0.00506,,-1.4356,211,1,-1.5433,-1.3268,1,1,buying,-0.7997,elite_1,0.7314,0.7314,0.31,80,0.0,0,0,0,far,0.3,adequate,>2000bps,2036.0,0.55,1,0,1.0,0,1.0,0,211,False,specific_days,0.031481,price_history,,1,1.274,price_history,,-0.165975,,49.8392,-0.032074,-0.133901,mid,small,none,drug_developer,morningstar,CTGOV_CALENDAR,CT_PRIMARY_COMPLETION,,0,0.7032069886691846256387469451,84.22,41.73815511111111111111111111,37.32324492764189880639693114,75.43,5.138063152331880036992997754,10.92235486174880114274053667,272,0.00506,0.148903,-1.0412,6.58,0.014107,-2.1943
TENX,"Tenax Therapeutics, Inc.",51,0.48,B,high_opt+catalyst_far,B,high_opt+catalyst_far,,0.355799,,0.603825,0.396175,879,0,specific_days,9,tailwind,deep_drawdown_rel_xbi,L,catalyst_far_lift|momentum_tailwind|cost_haircut_<=2000bps,momentum_score:+34.2;clinical_score:-20.6;catalyst_score:-13.6,tier=B;reason=high_opt+catalyst_far;cat_days=879;strength=far;decay_w=0.3,v1.3.0,6e0bf8fb,1,,late|far_271_540|pos,0.0961064745762712,,0.537,0,1,-0.3702,0.2563,1,1,buying,-0.7997,elite_1,0.6597,0.6597,0.04,80,0.0,0,0,0,far,0.3,adequate,<=2000bps,1856.0,0.7,1,0,1.0,0,1.0,0,879,False,specific_days,0.665697,price_history,,1,0.9875,price_history,,-0.291188,,46.7062,-0.032074,-0.259114,late,micro,none,drug_developer,morningstar,,,,0,0.8467484568294020844761382337,87.11,39.34736044444444444444444444,48.43588386445537948727821547,68.09,32.30157920393610629300864991,57.47727272727272727272727273,114,0.0961064745762712,0.644201,0.3697,29.65,0.553292,0.134
SVRA,"Savara, Inc.",52,0.58,B,high_opt+catalyst_far,B,high_opt+catalyst_far,,0.34953,,0.60929,0.39071,333,0,specific_days,9,tailwind,,L,catalyst_far_lift|sponsor_confirmed|momentum_tailwind,financial_score:-36.0;smart_money_score:+31.9;momentum_score:+25.1,tier=B;reason=high_opt+catalyst_far;cat_days=333;strength=far;decay_w=0.3,v1.3.0,6e0bf8fb,1,,late|far_271_540|pos,0.0961064745762712,,0.5358,0,1,-0.4163,0.1941,3,3,buying,-0.0494,elite_3,4.4165,4.4165,4.17,80,0.0,0,0,0,far,0.3,adequate,<=1000bps,846.93,0.85,1,0,1.0,0,1.0,0,333,False,specific_days,0.092733,price_history,,3,1.3351,price_history,,-0.204611,,42.5868,-0.032074,-0.172537,late,small,sev1,drug_developer,morningstar,,,,0,0.8496370437542507367943776921,70.96,39.34736044444444444444444444,77.77952307489586214728993752,59.20,31.23456790123456790123456790,9.833006388008651476283889142,112,0.0961064745762712,0.65047,0.3866,13.11,0.117555,-1.1873
TSHA,"Taysha Gene Therapies, Inc.",53,0.58,B,high_opt+catalyst_far,B,high_opt+catalyst_far,,0.509404,,0.986339,0.013661,403,0,specific_days,9,neutral,high_beta,L,catalyst_far_lift|sponsor_confirmed|high_risk,clinical_score:-41.6;smart_money_score:+38.4;catalyst_score:-7.3,tier=B;reason=high_opt+catalyst_far;cat_days=403;strength=far;decay_w=0.3,v1.3.0,6e0bf8fb,1,,late|far_271_540|nonpos,0.0930939801980198,,-0.9898,403,1,-1.5493,-1.3348,9,9,buying,2.2016,elite_9,11.8193,11.8193,3.78,80,0.0,0,0,0,far,0.3,adequate,<=1000bps,848.7,0.85,1,0,1.0,0,1.0,0,403,False,specific_days,-0.319691,price_history,,9,2.2506,price_history,,-0.211506,,44.828,-0.032074,-0.179432,late,small,none,drug_developer,morningstar,,,,0,0.8277111839873346149496777112,52.43,39.34736044444444444444444444,85,40.47,5,51.46808510638297872340425532,163,0.0930939801980198,0.490596,-0.0236,19.22,0.324451,-0.4553
ABUS,Arbutus Biopharma Corporation,54,0.07,B,mod_opt+catalyst_near,B,mod_opt+catalyst_near,,0.001567,,0.54918,0.45082,58,1,specific_days,3,headwind,,XS,momentum_headwind|cost_haircut_<=2000bps,financial_score:-14.3;catalyst_score:+14.0;clinical_score:+0.3,tier=B;reason=mod_opt+catalyst_near;cat_days=58;strength=near;decay_w=1.0,v1.3.0,6e0bf8fb,1,,mid|near_31_90|pos,0.1,,-0.0707,0,1,-0.1215,0.592,0,0,neutral,-1.1749,,0.0,0.0,0.0,,0.0,0,0,0,near,1.0,adequate,<=2000bps,1271.32,0.7,1,0,1.0,0,1.0,0,58,True,specific_days,-0.204189,price_history,,0,0.9842,price_history,,-0.113131,,50.2217,-0.032074,-0.081057,mid,small,none,drug_developer,morningstar,CTGOV_CALENDAR,CT_STUDY_COMPLETION,,0,0.8412990578585679450232764354,37.72,51.788,,51.48,38.06183115338882282996432818,23.52106927864503622079379655,1,0.1,0.998433,2.9542,25.59,0.468652,-0.0787
PCVX,"Vaxcyte, Inc.",55,0.68,B,high_opt+catalyst_far,B,high_opt+catalyst_far,,0.5,,0.76776,0.23224,333,0,specific_days,9,tailwind,deep_drawdown|deep_drawdown_rel_xbi,L,catalyst_far_lift|sponsor_confirmed|momentum_tailwind,clinical_score:-36.3;smart_money_score:+30.5;momentum_score:+15.1,tier=B;reason=high_opt+catalyst_far;cat_days=333;strength=far;decay_w=0.3,v1.3.0,6e0bf8fb,1,,late|far_271_540|nonpos,0.0930939801980198,,0.5081,0,1,-0.9797,-0.5662,8,8,buying,1.8264,elite_8,10.5048,10.5048,5.31,80,0.0,0,0,0,far,0.3,adequate,<=400bps,357.59,1.0,0,0,1.0,0,1.0,0,333,False,specific_days,0.115466,price_history,,8,1.4931,price_history,,-0.357511,,69.4623,-0.032074,-0.325437,late,mid,none,drug_developer,morningstar,,,,0,0.8202055271713887598699489085,69.58,39.77296044444444444444444444,85,46.99,18.18873357593896314435034974,60.07142857142857142857142857,160,0.0930939801980198,0.5,0.0,27.92,0.50627,0.0157
SRRK,Scholar Rock Holding Corporatio,56,0.58,B,high_opt+catalyst_far,B,high_opt+catalyst_far,,0.50627,,0.653005,0.346995,272,0,specific_days,9,tailwind,,L,catalyst_far_lift|sponsor_confirmed|momentum_tailwind,financial_score:-33.8;smart_money_score:+33.1;momentum_score:+23.1,tier=B;reason=high_opt+catalyst_far;cat_days=272;strength=far;decay_w=0.3,v1.3.0,6e0bf8fb,1,,late|far_271_540|nonpos,0.0930939801980198,,0.5316,0,1,-0.5745,-0.0194,7,7,buying,1.4513,elite_7,8.71,8.71,27.29,80,0.0,0,0,0,far,0.3,adequate,<=1000bps,419.78,0.85,1,0,1.0,0,1.0,0,272,False,specific_days,0.35725,price_history,,7,1.6669,price_history,,-0.024079,,57.4246,-0.032074,0.007995,late,mid,sev1,drug_developer,morningstar,,,,0,0.8723187276296039718277335181,67.76,39.40328711111111111111111111,77.82148584260670783765976718,40.21,27.57144962532167919373306579,10.94104308390022675736961452,162,0.0930939801980198,0.49373,-0.0157,19.96,0.34953,-0.3866
NUVL,"Nuvalent, Inc.",57,0.58,B,high_opt+catalyst_far,B,high_opt+catalyst_far,,0.496865,,0.97541,0.02459,667,0,specific_days,9,neutral,,L,catalyst_far_lift|sponsor_confirmed,clinical_score:-39.5;smart_money_score:+37.1;financial_score:+5.5,tier=B;reason=high_opt+catalyst_far;cat_days=667;strength=far;decay_w=0.3,v1.3.0,6e0bf8fb,1,,late|far_271_540|nonpos,0.0930939801980198,,-0.9744,667,1,-1.5493,-1.3348,5,5,buying,0.7009,elite_5,8.0852,8.0852,23.75,80,0.0,0,0,0,far,0.3,adequate,<=1000bps,409.93,0.85,1,0,1.0,0,1.0,0,667,False,specific_days,-0.071573,price_history,,5,1.2299,price_history,,-0.062863,,51.0393,-0.032074,-0.030789,late,mid,none,drug_developer,morningstar,,,,0,0.8421953197405004633920296571,46.56,39.34736044444444444444444444,81.67622667097882642625963237,34.22,5,50.05357142857142857142857143,159,0.0930939801980198,0.503135,0.0079,17.36,0.277429,-0.5905
ZVRA,"Zevra Therapeutics, Inc.",58,0.14,B,high_opt+catalyst_far,B,high_opt+catalyst_far,,0.515674,,0.713115,0.286885,333,0,specific_days,9,headwind,,S,catalyst_far_lift|momentum_headwind|cost_haircut_<=2000bps,financial_score:-13.2;catalyst_score:+10.9;momentum_score:+8.3,tier=B;reason=high_opt+catalyst_far;cat_days=333;strength=far;decay_w=0.3,v1.3.0,6e0bf8fb,1,,late|far_271_540|nonpos,0.0930939801980198,,0.5218,0,1,-0.7922,-0.3131,0,0,neutral,-1.1749,,0.0,0.0,0.0,,0.0,0,0,0,far,0.3,adequate,<=2000bps,1079.41,0.7,1,0,1.0,0,1.0,0,333,False,specific_days,-0.155783,price_history,,0,0.6125,price_history,,-0.268178,,61.4867,-0.032074,-0.236104,late,small,none,drug_developer,morningstar,,,,0,0.8795363792511164548265200962,36.84,39.34736044444444444444444444,,54.46,22.53114761532269949778367287,15.25929279211307278305920226,165,0.0930939801980198,0.484326,-0.0393,17.23,0.26489,-0.6283
CELC,Celcuity Inc.,59,0.68,B,high_opt+catalyst_far,B,high_opt+catalyst_far,,0.456113,,0.849727,0.150273,637,0,specific_days,9,tailwind,,L,catalyst_far_lift|sponsor_confirmed|momentum_tailwind,clinical_score:-40.4;smart_money_score:+33.3;momentum_score:+26.0,tier=B;reason=high_opt+catalyst_far;cat_days=637;strength=far;decay_w=0.3,v1.3.0,6e0bf8fb,1,,late|far_271_540|nonpos,0.0930939801980198,,0.4951,0,1,-1.2747,-0.9642,6,6,buying,1.0761,elite_6,9.5406,9.5406,4.22,80,0.0,0,0,0,far,0.3,adequate,<=400bps,344.73,1.0,0,0,1.0,0,1.0,0,637,False,specific_days,0.327992,price_history,,6,1.081,price_history,,-0.050405,,55.7926,-0.032074,-0.018331,late,mid,none,drug_developer,morningstar,,,,0,0.8105734558566941956496452251,77.75,44.99190044444444444444444444,85,26.76,11.35949846387556825267262978,39.54000141723356009070294784,146,0.0930939801980198,0.543887,0.1102,16.17,0.230408,-0.7375
ACLX,"Arcellx, Inc.",60,0.68,B,high_opt+catalyst_far,B,high_opt+catalyst_far,,0.437304,,0.92623,0.07377,392,0,specific_days,9,headwind,,L,catalyst_far_lift|sponsor_confirmed|momentum_headwind,smart_money_score:+45.2;clinical_score:-34.0;momentum_score:-13.1,tier=B;reason=high_opt+catalyst_far;cat_days=392;strength=far;decay_w=0.3,v1.3.0,6e0bf8fb,1,,late|far_271_540|nonpos,0.0930939801980198,,0.4772,0,1,-1.5124,-1.2851,7,7,buying,1.4513,elite_7,11.9111,11.9111,5.85,80,0.0,0,0,0,far,0.3,adequate,<=400bps,371.95,1.0,0,0,1.0,0,1.0,0,392,False,specific_days,-0.313539,price_history,,7,0.555,price_history,,-0.247916,,53.3176,-0.032074,-0.215842,late,mid,none,drug_developer,morningstar,,,,0,0.8769802172405823896464062861,26.66,40.25610844444444444444444444,85,34.26,5.853484338332823181308029791,41.25000000000000000000000000,140,0.0930939801980198,0.562696,0.1578,17.11,0.258621,-0.6476
MRSN,"Mersana Therapeutics, Inc.",61,0.29,B,high_opt+catalyst_far,B,high_opt+catalyst_far,,0.490596,,0.696721,0.303279,302,0,specific_days,9,tailwind,high_vol|overbought_rsi,M,catalyst_far_lift|momentum_tailwind|high_risk|cost_haircut_<=2000bps,momentum_score:+46.6;clinical_score:-25.9;catalyst_score:-10.6,tier=B;reason=high_opt+catalyst_far;cat_days=302;strength=far;decay_w=0.3,v1.3.0,6e0bf8fb,1,,late|far_271_540|nonpos,0.0930939801980198,,0.5226,0,1,-0.7279,-0.2264,0,0,neutral,-1.1749,,0.0,0.0,0.0,,0.0,0,0,0,far,0.3,adequate,<=2000bps,1577.16,0.7,1,0,1.0,0,1.0,0,302,False,specific_days,2.609916,price_history,,0,-2.6923,price_history,,-0.163165,,78.0543,-0.032074,-0.131091,late,micro,none,drug_developer,morningstar,,,,0,0.8633466135458167330677290837,96.55,39.34736044444444444444444444,,90.00,24.01943112380822818533256243,39.79777573716967656361595755,157,0.0930939801980198,0.509404,0.0236,17.95,0.302508,-0.5172
LYEL,"Lyell Immunopharma, Inc.",62,0.37,B,high_opt+catalyst_far,B,high_opt+catalyst_far,,0.487461,,0.969945,0.030055,1063,0,specific_days,9,tailwind,deep_drawdown|deep_drawdown_rel_xbi,L,catalyst_far_lift|sponsor_confirmed|momentum_tailwind|cost_haircut_>2000bps,clinical_score:-44.5;momentum_score:+26.4;smart_money_score:+20.7,tier=B;reason=high_opt+catalyst_far;cat_days=1063;strength=far;decay_w=0.3,v1.3.0,6e0bf8fb,1,,late|far_271_540|nonpos,0.0930939801980198,,0.4357,0,1,-1.5493,-1.3348,2,2,buying,-0.4246,elite_2,3.2986,3.2986,4.36,80,0.0,0,0,0,far,0.3,adequate,>2000bps,2020.0,0.55,1,0,1.0,0,1.0,0,1063,False,specific_days,0.243713,price_history,,2,1.6934,price_history,,-0.35829,,45.5905,-0.032074,-0.326216,late,small,none,drug_developer,morningstar,,,,0,0.8025806084083399794918537086,75.90,39.34736044444444444444444444,70.13750288381115665448882269,54.66,5,56.89361702127659574468085107,156,0.0930939801980198,0.512539,0.0314,13.84,0.139498,-1.0826
LQDA,Liquidia Corporation,63,0.58,B,high_opt+catalyst_far,B,high_opt+catalyst_far,,0.484326,,0.789617,0.210383,1245,0,specific_days,9,tailwind,overbought_rsi,L,catalyst_far_lift|sponsor_confirmed|momentum_tailwind,momentum_score:+38.5;financial_score:-32.4;clinical_score:-25.3,tier=B;reason=high_opt+catalyst_far;cat_days=1245;strength=far;decay_w=0.3,v1.3.0,6e0bf8fb,1,,late|far_271_540|nonpos,0.0930939801980198,,0.506,0,1,-1.0405,-0.6482,3,3,buying,-0.0494,elite_3,4.6948,4.6948,8.41,80,0.0,0,0,0,far,0.3,adequate,<=1000bps,413.06,0.85,1,0,1.0,0,1.0,0,1245,False,specific_days,0.393556,price_history,,3,1.0429,price_history,,0.0,,70.569,-0.032074,0.032074,late,mid,sev1,drug_developer,morningstar,,,,0,0.8611188101588774208512118752,80.58,39.34736044444444444444444444,64.03524284337452242944302378,15.80,16.78207439150200092961035722,9.640625000000000000000000000,155,0.0930939801980198,0.515674,0.0393,11.08,0.070533,-1.4718
LBRX,LB Pharmaceuticals Inc,64,0.48,B,high_opt+catalyst_far,B,high_opt+catalyst_far,,0.481191,,0.822404,0.177596,484,0,specific_days,9,tailwind,drawdown_data_missing,L,catalyst_far_lift|momentum_tailwind|cost_haircut_<=2000bps,clinical_score:-31.2;momentum_score:+20.9;financial_score:+16.1,tier=B;reason=high_opt+catalyst_far;cat_days=484;strength=far;decay_w=0.3,v1.3.0,6e0bf8fb,1,,late|far_271_540|nonpos,0.0930939801980198,,0.5012,0,1,-1.1398,-0.7822,0,0,neutral,-1.1749,,0.0,0.0,0.0,,0.0,0,0,0,far,0.3,adequate,<=2000bps,1197.72,0.7,1,0,1.0,0,1.0,0,484,False,specific_days,0.219717,price_history,,0,0.9241,price_history,,,series_too_short,57.7811,-0.032074,,late,small,none,drug_developer,morningstar,,,drawdown,1,0.8306410839361579974738775979,66.59,39.94131377777777777777777778,,49.46,14.48298926413404527882642360,61.77659574468085106382978723,154,0.0930939801980198,0.518809,0.0472,17.07,0.252351,-0.6671
AVBP,"ArriVent BioPharma, Inc.",65,0.58,B,high_opt+catalyst_far,B,high_opt+catalyst_far,,0.449843,,0.904372,0.095628,743,0,specific_days,9,neutral,,L,catalyst_far_lift|sponsor_confirmed,clinical_score:-32.2;smart_money_score:+13.8;momentum_score:+11.1,tier=B;reason=high_opt+catalyst_far;cat_days=743;strength=far;decay_w=0.3,v1.3.0,6e0bf8fb,1,,late|far_271_540|nonpos,0.0930939801980198,,0.4854,0,1,-1.441,-1.1887,4,4,selling,0.3258,elite_4,4.0443,4.0443,1.75,80,0.0,0,0,0,far,0.3,adequate,<=1000bps,985.84,0.85,1,0,1.0,0,1.0,0,743,False,specific_days,-0.080172,price_history,,4,1.5979,price_history,,-0.224957,,52.8138,-0.032074,-0.192883,late,small,none,drug_developer,morningstar,,,,0,0.8711878674807779285391225690,50.80,39.34736044444444444444444444,53.48425859227512023439918258,55.41,7.506830368783230736092688956,47.52976459936622906292440018,144,0.0930939801980198,0.550157,0.1261,17.49,0.286834,-0.5627
ERAS,"Erasca, Inc.",66,0.68,B,high_opt+catalyst_far,B,high_opt+catalyst_far,,0.465517,,0.855191,0.144809,789,0,specific_days,9,tailwind,high_vol|overbought_rsi,L,catalyst_far_lift|sponsor_confirmed|momentum_tailwind|high_risk,momentum_score:+47.7;clinical_score:-37.9;financial_score:-17.5,tier=B;reason=high_opt+catalyst_far;cat_days=789;strength=far;decay_w=0.3,v1.3.0,6e0bf8fb,1,,late|far_271_540|nonpos,0.0930939801980198,,0.4939,0,1,-1.2935,-0.9897,3,3,buying,-0.0494,elite_3,4.1168,4.1168,2.96,80,0.0,0,0,0,far,0.3,adequate,<=400bps,395.22,1.0,0,0,1.0,0,1.0,0,789,False,specific_days,3.28337,price_history,,3,1.6958,price_history,,0.0,,78.3653,-0.032074,0.032074,late,mid,none,drug_developer,morningstar,,,,0,0.7994504209541627689429373246,96.55,44.99190044444444444444444444,60.45067209881479858855109370,49.13,10.92235486174880114274053667,31.29719387755102040816326531,149,0.0930939801980198,0.534483,0.0865,9.48,0.048589,-1.6587
AURA,"Aura Biosciences, Inc.",67,0.22,B,high_opt+catalyst_far,B,high_opt+catalyst_far,,0.446708,,0.811475,0.188525,301,0,specific_days,9,headwind,deep_drawdown_rel_xbi,M,catalyst_far_lift|sponsor_confirmed|momentum_headwind|cost_haircut_>2000bps,clinical_score:-17.1;smart_money_score:+8.7;catalyst_score:+6.8,tier=B;reason=high_opt+catalyst_far;cat_days=301;strength=far;decay_w=0.3,v1.3.0,6e0bf8fb,1,,late|far_271_540|nonpos,0.0930939801980198,,0.5028,0,1,-1.1003,-0.729,2,2,selling,-0.4246,elite_2,1.4217,1.4217,0.69,80,0.0,0,0,0,far,0.3,adequate,>2000bps,2036.0,0.55,1,0,1.0,0,1.0,0,301,False,specific_days,-0.221803,price_history,,2,1.4073,price_history,,-0.2838,,58.7077,-0.032074,-0.251726,late,small,none,drug_developer,morningstar,,,,0,0.8809654195590729225551158847,34.34,39.34736044444444444444444444,41.27252261129404086645911303,64.26,15.39582128807718033307258896,32.32095971027614305115436849,143,0.0930939801980198,0.553292,0.134,16.52,0.239812,-0.7069
ATXS,"Astria Therapeutics, Inc.",68,0.58,B,high_opt+catalyst_far,B,high_opt+catalyst_far,,0.443574,,0.893443,0.106557,1853,0,specific_days,9,neutral,,L,catalyst_far_lift|sponsor_confirmed,clinical_score:-35.0;smart_money_score:+15.2;momentum_score:+9.7,tier=B;reason=high_opt+catalyst_far;cat_days=1853;strength=far;decay_w=0.3,v1.3.0,6e0bf8fb,1,,late|far_271_540|nonpos,0.0930939801980198,,0.4888,0,1,-1.4048,-1.1398,3,3,buying,-0.0494,elite_3,2.8033,2.8033,1.36,80,0.0,0,0,0,far,0.3,adequate,<=1000bps,860.38,0.85,1,0,1.0,0,1.0,0,1853,False,specific_days,-0.041569,price_history,,3,0.296,price_history,,-0.04697,,46.0934,-0.032074,-0.014896,late,small,none,drug_developer,morningstar,,,,0,0.8836367743392816805963406370,53.04,48.05580844444444444444444444,58.56511371604637033139696100,53.63,8.347107438016528925619834711,48.60183089381821839947688748,142,0.0930939801980198,0.556426,0.1419,20.85,0.365204,-0.3446
ABEO,Abeona Therapeutics Inc.,69,0.29,B,high_opt+catalyst_far,B,high_opt+catalyst_far,,0.431034,,0.745902,0.254098,514,0,specific_days,9,headwind,deep_drawdown_rel_xbi,M,catalyst_far_lift|sponsor_confirmed|momentum_headwind|cost_haircut_<=2000bps,financial_score:+22.8;clinical_score:-22.0;smart_money_score:+7.5,tier=B;reason=high_opt+catalyst_far;cat_days=514;strength=far;decay_w=0.3,v1.3.0,6e0bf8fb,1,,late|far_271_540|nonpos,0.0930939801980198,,0.5133,0,1,-0.8974,-0.455,2,2,neutral,-0.4246,elite_2,1.1626,1.1626,0.36,80,0.0,0,0,0,far,0.3,adequate,<=2000bps,1261.77,0.7,1,0,1.0,0,1.0,0,514,False,specific_days,-0.063413,price_history,,2,1.0797,price_history,,-0.284924,,50.4495,-0.032074,-0.25285,late,micro,none,drug_developer,morningstar,,,,0,0.8714326543859649122807017544,36.58,39.34736044444444444444444444,49.61971860213338641558059117,65.78,20.09602194787379972565157750,64.84848484848484848484848485,138,0.0930939801980198,0.568966,0.1737,27.23,0.490596,-0.0236
VTYX,"Ventyx Biosciences, Inc.",70,0.58,B,high_opt+no_catalyst_data,B,high_opt+no_catalyst_data,,0.305643,,0.997268,0.002732,,0,no_upcoming,9,tailwind,high_vol|high_beta|overbought_rsi,L,sponsor_confirmed|momentum_tailwind|high_risk,momentum_score:+47.8;clinical_score:-43.8;smart_money_score:+19.9,tier=B;reason=high_opt+no_catalyst_data;cat_days=NA;strength=missing;decay_w=0.0,v1.3.0,6e0bf8fb,1,,mid|none|nonpos,0.1,,-0.2071,0,1,-1.5493,-1.3348,4,4,buying,0.3258,elite_4,4.1391,4.1391,2.13,80,0.0,0,0,0,missing,0.0,adequate,<=1000bps,477.45,0.85,1,0,1.0,0,1.0,0,,False,no_upcoming,0.332057,price_history,,4,2.1548,price_history,,-0.004989,,74.2952,-0.032074,0.027085,mid,small,none,drug_developer,morningstar,,,,0,0.7294392317032785075615410089,96.55,33.92062044444444444444444444,68.66689334001696450362826515,35.74,5,39.79777573716967656361595755,98,0.1,0.694357,0.5082,14.58,0.173981,-0.9385
NMRA,"Neumora Therapeutics, Inc.",71,0.07,B,high_opt+no_catalyst_data,B,high_opt+no_catalyst_data,,0.214734,,0.647541,0.352459,,0,no_upcoming,9,headwind,deep_drawdown_rel_xbi,XS,momentum_headwind|runway_short|cost_haircut_<=2000bps,financial_score:-23.1;catalyst_score:+12.0;smart_money_score:+9.3,tier=B;reason=high_opt+no_catalyst_data;cat_days=NA;strength=missing;decay_w=0.0,v1.3.0,6e0bf8fb,1,,late|none|pos,0.1,,0.5318,0,1,-0.5522,0.0107,1,1,neutral,-0.7997,elite_1,0.6597,0.6597,0.1,80,0.0,0,0,0,missing,0.0,short,<=2000bps,1297.41,0.7,1,0,1.0,0,1.0,0,,False,no_upcoming,-0.540014,price_history,,1,1.3672,price_history,,-0.344371,,47.1853,-0.032074,-0.312297,late,small,sev2,drug_developer,morningstar,,,,0,0.7817210001139601139601139601,33.51,41.85191511111111111111111111,39.14769312242513883093317198,68.85,28.08795020916233037445158657,6.809416025350837483023992754,69,0.1,0.785266,0.7901,7.51,0.029781,-1.884
FULC,"Fulcrum Therapeutics, Inc.",72,0.58,B,high_opt+no_catalyst_data,B,high_opt+no_catalyst_data,,0.123824,,0.937158,0.062842,,0,no_upcoming,9,tailwind,,L,sponsor_confirmed|momentum_tailwind,clinical_score:-38.2;smart_money_score:+23.3;momentum_score:+17.1,tier=B;reason=high_opt+no_catalyst_data;cat_days=NA;strength=missing;decay_w=0.0,v1.3.0,6e0bf8fb,1,,late|none|nonpos,0.1,,0.4728,0,1,-1.5476,-1.3325,3,3,buying,-0.0494,elite_3,3.8786,3.8786,1.27,80,0.0,0,0,0,missing,0.0,adequate,<=1000bps,821.6,0.85,1,0,1.0,0,1.0,0,,False,no_upcoming,0.198271,price_history,,3,0.4517,price_history,,-0.265753,,49.3416,-0.032074,-0.233679,late,small,none,drug_developer,morningstar,,,,0,0.8037599544937428896473265074,60.31,29.45580844444444444444444444,66.49058832153289311197575945,50.81,5.040415377115713816050516386,54.72340425531914893617021277,40,0.1,0.876176,1.1561,13.15,0.130094,-1.1259
GLPG,Galapagos NV,73,0.14,C,low_opt,C,low_opt,,0.556426,,0.046448,0.953552,27,1,specific_days,3,headwind,,S,sponsor_confirmed|momentum_headwind|cost_haircut_<=2000bps,financial_score:-33.1;clinical_score:+27.8;smart_money_score:+24.9,tier=C;reason=low_opt;cat_days=27;strength=near;decay_w=1.0,v1.3.0,6e0bf8fb,1,,late|near_0_30|pos,0.09254273684210526,,0.8856,0,1,1.5589,1.2977,3,3,buying,-0.0494,elite_3,5.4951,5.4951,5.54,80,0.0,0,0,0,near,1.0,adequate,<=2000bps,1713.37,0.7,1,0,1.0,0,1.0,0,27,True,specific_days,0.059721,price_history,,3,0.3507,price_history,,-0.090112,,60.5828,-0.032074,-0.058038,late,mid,none,drug_developer,morningstar,CTGOV_CALENDAR,CT_STUDY_COMPLETION,,0,0.8566633216256899147014550928,38.09,40.66186844444444444444444444,74.0,54.49,76.96969696969696969696969697,16.02040816326530612244897959,178,0.09254273684210526,0.443574,-0.1419,38.47,0.716301,0.5719
TBPH,"Theravance Biopharma, Inc.",74,0.48,C,low_opt,C,low_opt,,0.352665,,0.030055,0.969945,698,0,specific_days,9,tailwind,,L,catalyst_far_lift|momentum_tailwind|cost_haircut_<=2000bps,clinical_score:+15.6;catalyst_score:-10.8;smart_money_score:-8.0,tier=C;reason=low_opt;cat_days=698;strength=far;decay_w=0.3,v1.3.0,6e0bf8fb,1,,late|far_271_540|pos,0.0961064745762712,,0.8856,0,1,1.5602,1.3001,1,1,buying,-0.7997,elite_1,0.6597,0.6597,0.15,80,0.0,0,0,0,far,0.3,adequate,<=2000bps,1072.7,0.7,1,0,1.0,0,1.0,0,698,False,specific_days,0.128045,price_history,,1,1.1847,price_history,,-0.043877,,55.1027,-0.032074,-0.011803,late,small,none,drug_developer,morningstar,,,,0,0.9,60.07,50.558,53.375,66.16,77.000,65.95744680851063829787234042,113,0.0961064745762712,0.647335,0.3781,55.15,0.992163,2.4164
AGIO,"Agios Pharmaceuticals, Inc.",75,0.35,C,low_opt,C,low_opt,,0.525078,,0.090164,0.909836,27,1,specific_days,3,headwind,deep_drawdown|deep_drawdown_rel_xbi,M,sponsor_confirmed|momentum_headwind,momentum_score:-35.1;clinical_score:+21.2;financial_score:+7.3,tier=C;reason=low_opt;cat_days=27;strength=near;decay_w=1.0,v1.3.0,6e0bf8fb,1,,late|near_0_30|pos,0.09254273684210526,,0.8846,0,1,1.4542,1.1071,3,3,buying,-0.0494,elite_3,4.4909,4.4909,2.25,80,0.0,0,0,0,near,1.0,adequate,<=1000bps,467.13,0.85,1,0,1.0,0,1.0,0,27,True,specific_days,-0.564995,price_history,,3,1.4729,price_history,,-0.380963,,50.066,-0.032074,-0.348889,late,small,none,drug_developer,morningstar,CTGOV_CALENDAR,CT_PRIMARY_COMPLETION,,0,0.8473529057875105282156178559,18.24,54.782,58.6250,66.52,74.54545454545454545454545455,60.69148936170212765957446809,168,0.09254273684210526,0.474922,-0.0629,44.92,0.866771,1.1113
SLN,Silence Therapeutics Plc - Amer,76,0.11,C,low_opt,C,low_opt,,0.96395,,0.068306,0.931694,211,0,specific_days,3,headwind,deep_drawdown_rel_xbi,S,catalyst_far_lift|momentum_headwind|cost_haircut_>2000bps,momentum_score:-29.3;clinical_score:+27.9;smart_money_score:+9.2,tier=C;reason=low_opt;cat_days=211;strength=far;decay_w=0.3,v1.3.0,6e0bf8fb,1,,mid|near_181_270|pos,-0.0007759772727272727,,0.0019,0,1,1.511,1.2106,1,1,selling,-0.7997,elite_1,0.8277,0.8277,1.09,80,0.0,0,0,0,far,0.3,adequate,>2000bps,2020.0,0.55,1,0,1.0,0,1.0,0,211,False,specific_days,-0.424426,price_history,,1,0.9698,price_history,,-0.337838,,35.4235,-0.032074,-0.305764,mid,micro,none,drug_developer,morningstar,CTGOV_CALENDAR,CT_PRIMARY_COMPLETION,,0,0.7509431988789479357550932413,18.59,41.73815511111111111111111111,57.06876037007677719512912556,73.85,75.86206896551724137931034483,46.31866825208085612366230677,308,-0.0007759772727272727,0.03605,-1.7985,44.49,0.860502,1.0826
CTNM,"Contineum Therapeutics, Inc.",77,0.48,C,low_opt,C,low_opt,,0.641066,,0.008197,0.991803,13,1,specific_days,3,tailwind,overbought_rsi,L,sponsor_confirmed|momentum_tailwind|cost_haircut_<=2000bps,catalyst_score:-17.6;smart_money_score:+16.5;financial_score:-14.5,tier=C;reason=low_opt;cat_days=13;strength=near;decay_w=1.0,v1.3.0,6e0bf8fb,1,,mid|near_0_30|pos,0.07679787341772153,,0.0112,0,1,1.5602,1.3001,7,7,buying,1.4513,elite_7,7.2696,7.2696,5.81,80,0.0,0,0,0,near,1.0,adequate,<=2000bps,1610.5,0.7,1,0,1.0,0,1.0,0,13,True,specific_days,0.278153,price_history,,7,0.5797,price_history,,-0.015069,,70.1973,-0.032074,0.017005,mid,small,none,drug_developer,morningstar,CTGOV_CALENDAR,CT_STUDY_COMPLETION,,0,0.7733234388742304309586631486,75.64,50.930,85,61.92,77.000,54.00000000000000000000000000,205,0.07679787341772153,0.358934,-0.3613,47.42,0.904389,1.307
TRVI,"Trevi Therapeutics, Inc.",78,0.35,C,low_opt+no_catalyst_data,C,low_opt+no_catalyst_data,,0.615987,,0.035519,0.964481,,0,no_upcoming,9,headwind,,M,sponsor_confirmed|momentum_headwind,financial_score:-25.5;clinical_score:+22.8;smart_money_score:+14.3,tier=C;reason=low_opt+no_catalyst_data;cat_days=NA;strength=missing;decay_w=0.0,v1.3.0,6e0bf8fb,1,,mid|none|pos,0.08701244092219021,,0.0223,0,1,1.5602,1.3001,4,4,buying,0.3258,elite_4,4.843,4.843,1.8,80,0.0,0,0,0,missing,0.0,adequate,<=1000bps,746.39,0.85,1,0,1.0,0,1.0,0,,False,no_upcoming,-0.241871,price_history,,4,1.3748,price_history,,-0.226535,,48.0985,-0.032074,-0.194461,mid,small,none,drug_developer,morningstar,,,,0,0.8366386771791502409110819098,42.56,54.188,68.51737801222132778216837608,40.25,77.000,28.71074380165289256198347107,197,0.08701244092219021,0.384013,-0.295,47.11,0.898119,1.2709
ENTA,"Enanta Pharmaceuticals, Inc.",79,0.29,C,low_opt+no_catalyst_data,C,low_opt+no_catalyst_data,,0.606583,,0.013661,0.986339,,0,no_upcoming,9,tailwind,,M,momentum_tailwind|cost_haircut_<=2000bps,clinical_score:+24.3;catalyst_score:-18.8;smart_money_score:-16.4,tier=C;reason=low_opt+no_catalyst_data;cat_days=NA;strength=missing;decay_w=0.0,v1.3.0,6e0bf8fb,1,,mid|none|pos,0.08701244092219021,,0.0338,0,1,1.5602,1.3001,1,1,buying,-0.7997,elite_1,0.6597,0.6597,0.06,80,0.0,0,0,0,missing,0.0,adequate,<=2000bps,1570.9,0.7,1,0,1.0,0,1.0,0,,False,no_upcoming,0.024771,price_history,,1,1.0699,price_history,,-0.217211,,47.2795,-0.032074,-0.185137,mid,small,none,drug_developer,morningstar,,,,0,0.7541518218498511740712159630,56.13,33.92062044444444444444444444,36.32385616361710430849761880,69.79,77.000,60.18181818181818181818181818,194,0.08701244092219021,0.393417,-0.2704,43.29,0.829154,0.9508
ACRS,"Aclaris Therapeutics, Inc.",80,0.29,C,low_opt,C,low_opt,,0.007837,,0.057377,0.942623,180,0,specific_days,3,tailwind,high_vol,M,sponsor_confirmed|momentum_tailwind|high_risk|cost_haircut_<=2000bps,catalyst_score:-21.6;momentum_score:+20.6;clinical_score:+14.4,tier=C;reason=low_opt;cat_days=180;strength=mid;decay_w=0.7,v1.3.0,6e0bf8fb,1,,late|near_91_180|pos,0.1,,0.8856,0,1,1.5327,1.25,3,3,buying,-0.0494,elite_3,2.4567,2.4567,0.55,80,0.0,0,0,0,mid,0.7,adequate,<=2000bps,1335.29,0.7,1,0,1.0,0,1.0,0,180,False,specific_days,0.227281,price_history,,3,1.6557,price_history,,-0.203091,,55.2216,-0.032074,-0.171017,late,small,none,drug_developer,morningstar,CTGOV_CALENDAR,CT_PRIMARY_COMPLETION,,0,0.8612525741974560872198667474,82.59,40.41376711111111111111111111,57.375,68.75,76.36363636363636363636363636,53.09574468085106382978723404,3,0.1,0.992163,2.4164,41.91,0.797806,0.8338
ALT,"Altimmune, Inc.",81,0.58,C,low_opt,C,low_opt,,0.023511,,0.07377,0.92623,88,0,specific_days,3,tailwind,,L,momentum_tailwind,clinical_score:+17.7;catalyst_score:-14.8;smart_money_score:-13.3,tier=C;reason=low_opt;cat_days=88;strength=near;decay_w=1.0,v1.3.0,6e0bf8fb,1,,late|near_31_90|pos,0.1,,0.8856,0,1,1.5065,1.2024,1,1,selling,-0.7997,elite_1,0.4403,0.4403,0.31,80,0.0,0,0,0,near,1.0,adequate,<=1000bps,676.46,0.85,1,0,1.0,0,1.0,0,88,False,specific_days,0.32145,price_history,,1,0.8466,price_history,,-0.280156,,60.4069,-0.032074,-0.248082,late,small,none,drug_developer,morningstar,CTGOV_CALENDAR,CT_PRIMARY_COMPLETION,,0,0.8355487706067198452985255016,62.55,43.25843377777777777777777778,44.775,70.15,75.75757575757575757575757576,63.94680851063829787234042554,8,0.1,0.976489,1.9861,40.79,0.772727,0.7479
KYMR,"Kymera Therapeutics, Inc.",82,0.68,C,low_opt,C,low_opt,,0.81348,,0.106557,0.893443,484,0,specific_days,9,tailwind,,L,catalyst_far_lift|sponsor_confirmed|momentum_tailwind,financial_score:-21.0;clinical_score:+15.4;momentum_score:+6.6,tier=C;reason=low_opt;cat_days=484;strength=far;decay_w=0.3,v1.3.0,6e0bf8fb,1,,mid|far_271_540|pos,0.05133853608247423,,-0.0029,0,1,1.377,0.9667,5,5,buying,0.7009,elite_5,6.7563,6.7563,2.72,80,0.0,0,0,0,far,0.3,adequate,<=400bps,351.66,1.0,0,0,1.0,0,1.0,0,484,False,specific_days,0.040423,price_history,,5,1.2145,price_history,,-0.198091,,53.9783,-0.032074,-0.166017,mid,mid,none,drug_developer,morningstar,,,,0,0.8114571077610273590173087661,63.97,50.768,62.89108529330841729682784810,25.45,72.75862068965517241379310345,36.35315101070154577883472058,260,0.05133853608247423,0.18652,-0.8908,45.37,0.87931,1.1715
XNCR,"Xencor, Inc.",83,0.29,C,low_opt,C,low_opt,,0.967085,,0.128415,0.871585,241,0,specific_days,3,headwind,deep_drawdown_rel_xbi,M,catalyst_far_lift|sponsor_confirmed|momentum_headwind|cost_haircut_<=2000bps,momentum_score:-21.4;smart_money_score:+14.3;catalyst_score:-11.2,tier=C;reason=low_opt;cat_days=241;strength=far;decay_w=0.3,v1.3.0,6e0bf8fb,1,,mid|near_181_270|pos,-0.0007759772727272727,,-0.0174,0,1,1.243,0.7227,4,4,buying,0.3258,elite_4,5.0245,5.0245,3.46,80,0.0,0,0,0,far,0.3,adequate,<=2000bps,1125.64,0.7,1,0,1.0,0,1.0,0,241,False,specific_days,-0.423041,price_history,,4,1.6809,price_history,,-0.337527,,33.0183,-0.032074,-0.305453,mid,small,none,drug_developer,morningstar,CTGOV_CALENDAR,CT_PRIMARY_COMPLETION,,0,0.8271307438380281690140845070,38.55,48.76871511111111111111111111,74.19009852366484523500973158,75.58,69.65517241379310344827586207,68.450,309,-0.0007759772727272727,0.032915,-1.8396,52.56,0.976489,1.9861
EWTX,"Edgewise Therapeutics, Inc.",84,0.58,C,low_opt,C,low_opt,,0.11442,,0.084699,0.915301,88,0,specific_days,3,tailwind,high_beta,L,sponsor_confirmed|momentum_tailwind|high_risk,financial_score:-18.5;catalyst_score:-15.0;smart_money_score:+14.9,tier=C;reason=low_opt;cat_days=88;strength=near;decay_w=1.0,v1.3.0,6e0bf8fb,1,,mid|near_31_90|pos,0.1,,0.0012,0,1,1.4663,1.1293,9,9,buying,2.2016,elite_9,12.8422,12.8422,5.92,80,0.0,0,0,0,near,1.0,adequate,<=1000bps,495.86,0.85,1,0,1.0,0,1.0,0,88,False,specific_days,0.288941,price_history,,9,2.073,price_history,,-0.037962,,58.8985,-0.032074,-0.005888,mid,mid,none,drug_developer,morningstar,CTGOV_CALENDAR,CT_PRIMARY_COMPLETION,,0,0.8079037925264919129949804796,84.06,55.172,85,51.12,74.82758620689655172413793103,51.65517241379310344827586207,37,0.1,0.88558,1.2034,49.06,0.929467,1.4718
ACIU,AC Immune SA,85,0.06,C,low_opt,C,low_opt,,0.637931,,0.150273,0.849727,27,1,specific_days,3,headwind,,XS,momentum_headwind|cost_haircut_>2000bps,financial_score:-31.8;catalyst_score:+22.1;clinical_score:+17.2,tier=C;reason=low_opt;cat_days=27;strength=near;decay_w=1.0,v1.3.0,6e0bf8fb,1,,mid|near_0_30|pos,0.07679787341772153,,-0.0226,0,1,1.1536,0.5601,0,0,neutral,-1.1749,,0.0,0.0,0.0,,0.0,0,0,0,near,1.0,adequate,>2000bps,2020.0,0.55,1,0,1.0,0,1.0,0,27,True,specific_days,-0.22852,price_history,,0,1.2015,price_history,,-0.180451,,46.3384,-0.032074,-0.148377,mid,micro,none,drug_developer,morningstar,CTGOV_CALENDAR,CT_PRIMARY_COMPLETION,,0,0.7378029023175222005631362357,42.84,72.554,,70.84,67.58620689655172413793103448,18.64579204650548289073853877,204,0.07679787341772153,0.362069,-0.3529,38.26,0.706897,0.5443
ASMB,"Assembly Biosciences, Inc.",86,0.07,C,low_opt+no_catalyst_data,C,low_opt+no_catalyst_data,,0.603448,,0.166667,0.833333,,0,no_upcoming,9,headwind,deep_drawdown_rel_xbi,XS,momentum_headwind|cost_haircut_<=2000bps,momentum_score:-21.5;clinical_score:+19.4;smart_money_score:-9.7,tier=C;reason=low_opt+no_catalyst_data;cat_days=NA;strength=missing;decay_w=0.0,v1.3.0,6e0bf8fb,1,,mid|none|pos,0.08701244092219021,,-0.024,0,1,1.1089,0.4788,1,1,buying,-0.7997,elite_1,0.7486,0.7486,0.32,80,0.0,0,0,0,missing,0.0,adequate,<=2000bps,1723.82,0.7,1,0,1.0,0,1.0,0,,False,no_upcoming,-0.362415,price_history,,1,1.1029,price_history,,-0.315065,,35.6864,-0.032074,-0.282991,mid,small,none,drug_developer,morningstar,,,,0,0.8140545571177504393673110721,25.65,50.570,37.43805645820293737493065738,64.74,66.55172413793103448275862069,55.54545454545454545454545454,193,0.08701244092219021,0.396552,-0.2623,46.27,0.89185,1.2364
UPB,"Upstream Bio, Inc.",87,0.48,C,low_opt,C,low_opt,,0.819749,,0.210383,0.789617,576,0,specific_days,9,tailwind,,L,catalyst_far_lift|sponsor_confirmed|momentum_tailwind|cost_haircut_<=2000bps,smart_money_score:+22.5;catalyst_score:-20.8;momentum_score:-2.6,tier=C;reason=low_opt;cat_days=576;strength=far;decay_w=0.3,v1.3.0,6e0bf8fb,1,,mid|far_271_540|pos,0.05133853608247423,,-0.0359,0,1,0.9749,0.2349,4,4,buying,0.3258,elite_4,8.4368,8.4368,3.05,80,0.0,0,0,0,far,0.3,adequate,<=2000bps,1175.52,0.7,1,0,1.0,0,1.0,0,576,False,specific_days,-0.015031,price_history,,4,1.1538,price_history,,-0.081595,,49.8068,-0.032074,-0.049521,mid,small,none,drug_developer,morningstar,,,,0,0.8176213901984431531630303695,59.97,41.73815511111111111111111111,85,53.87,63.44827586206896551724137931,62.50000000000000000000000000,262,0.05133853608247423,0.180251,-0.9144,50.75,0.951411,1.6587
SABS,"SAB Biotherapeutics, Inc.",88,0.22,C,low_opt+no_catalyst_data,C,low_opt+no_catalyst_data,,0.612853,,0.177596,0.822404,,0,no_upcoming,9,tailwind,,M,momentum_tailwind|cost_haircut_>2000bps,catalyst_score:-24.1;momentum_score:+15.0;clinical_score:+7.6,tier=C;reason=low_opt+no_catalyst_data;cat_days=NA;strength=missing;decay_w=0.0,v1.3.0,6e0bf8fb,1,,mid|none|pos,0.08701244092219021,,-0.0148,0,1,1.0687,0.4056,1,1,buying,-0.7997,elite_1,0.6597,0.6597,0.11,80,0.0,0,0,0,missing,0.0,adequate,>2000bps,2020.0,0.55,1,0,1.0,0,1.0,0,,False,no_upcoming,0.250479,price_history,,1,0.5323,price_history,,-0.00905,,67.6626,-0.032074,0.023024,mid,micro,none,drug_developer,morningstar,,,,0,0.7535551155994843145681134508,73.04,33.92062044444444444444444444,55.68888047647452925785711607,67.92,65.62068965517241379310344827,61.89655172413793103448275862,196,0.08701244092219021,0.387147,-0.2868,43.11,0.822884,0.9264
STRO,"Sutro Biopharma, Inc.",89,0.37,C,mod_opt+catalyst_far,C,mod_opt+catalyst_far,,0.998433,,0.592896,0.407104,331,0,specific_days,9,tailwind,deep_drawdown_rel_xbi,L,catalyst_far_lift|sponsor_confirmed|momentum_tailwind|runway_short|cost_haircut_>2000bps,momentum_score:+43.7;financial_score:-38.4;clinical_score:-10.0,tier=C;reason=mod_opt+catalyst_far;cat_days=331;strength=far;decay_w=0.3,v1.3.0,6e0bf8fb,1,,mid|far_271_540|nonpos,-0.012862136363636364,,-0.076,0,1,-0.3242,-2.1295,3,3,buying,-0.0494,elite_3,1.9792,1.9792,0.25,80,0.0,0,0,0,far,0.3,short,>2000bps,2020.0,0.55,1,0,1.0,0,1.0,0,331,False,specific_days,0.171803,price_history,,3,1.6897,price_history,,-0.287736,,60.3456,-0.032074,-0.255662,mid,small,sev2,drug_developer,morningstar,,,,0,0.7719462199691426052457571082,87.04,41.73815511111111111111111111,49.68875817380840612130295531,80.78,33.36834456335050865371911746,5,319,-0.012862136363636364,0.001567,-2.9542,6.16,0.010972,-2.2913
SLDB,Solid Biosciences Inc.,90,0.29,C,low_opt,C,low_opt,,0.938871,,0.02459,0.97541,778,0,specific_days,9,tailwind,high_beta,M,catalyst_far_lift|sponsor_confirmed|momentum_tailwind|runway_short|high_risk|cost_haircut_<=2000bps,financial_score:-46.1;clinical_score:+25.9;smart_money_score:+22.3,tier=C;reason=low_opt;cat_days=778;strength=far;decay_w=0.3,v1.3.0,6e0bf8fb,1,,early|far_271_540|pos,0.0,,-2.0706,778,1,1.5602,1.3001,6,6,buying,1.0761,elite_6,10.1417,10.1417,3.24,80,0.0,0,0,0,far,0.3,short,<=2000bps,1281.84,0.7,1,0,1.0,0,1.0,0,778,False,specific_days,0.095432,price_history,,6,1.9946,price_history,,-0.090523,,58.9474,-0.032074,-0.058449,early,small,sev2,drug_developer,morningstar,,,,0,0.7682751232054853224769659310,56.86,43.02881600000000000000000000,73.400,57.64,77.000,5,300,0.0,0.061129,-1.5454,18.89,0.315047,-0.4816
EPRX,Eupraxia Pharmaceuticals Inc.,91,0.37,C,low_opt,C,low_opt,,0.992163,,0.281421,0.718579,302,0,specific_days,9,tailwind,,L,catalyst_far_lift|sponsor_confirmed|momentum_tailwind|cost_haircut_>2000bps,smart_money_score:+22.3;financial_score:-19.9;catalyst_score:-12.3,tier=C;reason=low_opt;cat_days=302;strength=far;decay_w=0.3,v1.3.0,6e0bf8fb,1,,mid|far_271_540|nonpos,-0.012862136363636364,,-0.0489,0,1,0.7515,-0.1717,3,3,buying,-0.0494,elite_3,5.5571,5.5571,3.29,80,0.0,0,0,0,far,0.3,adequate,>2000bps,2020.0,0.55,1,0,1.0,0,1.0,0,302,False,specific_days,0.417929,price_history,,3,0.153,price_history,,-0.127353,,46.4554,-0.032074,-0.095279,mid,small,none,drug_developer,morningstar,,,,0,0.8013192751235584843492586491,59.74,41.73815511111111111111111111,76.33362301068863253739709212,43.69,58.27586206896551724137931034,34.13631262116110600959085807,317,-0.012862136363636364,0.007837,-2.4164,40.79,0.769592,0.7375
DRUG,Bright Minds Biosciences Inc.,92,0.58,C,mod_opt+catalyst_far,C,mod_opt+catalyst_far,,0.989028,,0.461749,0.538251,272,0,specific_days,9,tailwind,,L,catalyst_far_lift|sponsor_confirmed|momentum_tailwind,financial_score:-36.8;smart_money_score:+34.3;momentum_score:+16.1,tier=C;reason=mod_opt+catalyst_far;cat_days=272;strength=far;decay_w=0.3,v1.3.0,6e0bf8fb,1,,mid|far_271_540|nonpos,-0.012862136363636364,,-0.0654,0,1,0.2177,-1.1433,3,3,buying,-0.0494,elite_3,6.4483,6.4483,5.32,80,0.0,0,0,0,far,0.3,adequate,<=1000bps,822.17,0.85,1,0,1.0,0,1.0,0,272,False,specific_days,0.28956,price_history,,3,1.3343,price_history,,-0.180705,,43.966,-0.032074,-0.148631,mid,small,none,drug_developer,morningstar,,,,0,0.7640634140969162995594713656,66.77,41.73815511111111111111111111,85,36.91,45.91491610516580790064737746,13.84940312213039485766758493,316,-0.012862136363636364,0.010972,-2.2913,32.28,0.594044,0.238
DYN,"Dyne Therapeutics, Inc.",93,0.58,C,mod_opt+catalyst_far,C,mod_opt+catalyst_far,,0.894984,,0.303279,0.696721,1245,0,specific_days,9,headwind,,L,catalyst_far_lift|sponsor_confirmed|momentum_headwind,smart_money_score:+15.1;catalyst_score:-14.3;momentum_score:-10.9,tier=C;reason=mod_opt+catalyst_far;cat_days=1245;strength=far;decay_w=0.3,v1.3.0,6e0bf8fb,1,,early|far_271_540|nonpos,0.0,,-2.1346,1245,1,0.6964,-0.272,8,8,buying,1.8264,elite_8,10.0488,10.0488,2.96,80,0.0,0,0,0,far,0.3,adequate,<=1000bps,519.66,0.85,1,0,1.0,0,1.0,0,1245,False,specific_days,-0.439855,price_history,,8,1.7062,price_history,,-0.227666,,54.3851,-0.032074,-0.195592,early,mid,none,drug_developer,morningstar,,,,0,0.7789847220717304149962076065,46.39,43.02881600000000000000000000,72.400,42.47,57.00000000000000000000000000,67.60000000000000000000000000,286,0.0,0.105016,-1.2535,42.49,0.804075,0.8563
TNGX,"Tango Therapeutics, Inc.",94,0.58,C,low_opt,C,low_opt,,0.945141,,0.23224,0.76776,88,0,specific_days,3,tailwind,high_beta,L,sponsor_confirmed|momentum_tailwind|high_risk,financial_score:-49.4;smart_money_score:+20.0;momentum_score:+20.0,tier=C;reason=low_opt;cat_days=88;strength=near;decay_w=1.0,v1.3.0,6e0bf8fb,1,,early|near_31_90|pos,0.0,,-0.6738,0,1,0.9124,0.121,5,5,buying,0.7009,elite_5,6.8074,6.8074,4.29,80,0.0,0,0,0,near,1.0,adequate,<=1000bps,527.96,0.85,1,0,1.0,0,1.0,0,88,False,specific_days,0.14123,price_history,,5,1.9132,price_history,,-0.082244,,57.5831,-0.032074,-0.05017,early,small,sev1,drug_developer,morningstar,CTGOV_CALENDAR,CT_PRIMARY_COMPLETION,,0,0.7672447013487475915221579961,74.32,56.126,74.3375,24.65,62.00000000000000000000000000,5,302,0.0,0.054859,-1.5995,24.98,0.449843,-0.1261
VYGR,"Voyager Therapeutics, Inc.",95,0.11,C,low_opt,C,low_opt,,0.954545,,0.040984,0.959016,453,0,specific_days,9,headwind,deep_drawdown_rel_xbi,S,catalyst_far_lift|momentum_headwind|cost_haircut_>2000bps,clinical_score:+27.1;momentum_score:-17.3;catalyst_score:-6.9,tier=C;reason=low_opt;cat_days=453;strength=far;decay_w=0.3,v1.3.0,6e0bf8fb,1,,early|far_271_540|pos,0.0,,-0.6275,0,1,1.5602,1.3001,1,1,selling,-0.7997,elite_1,0.3958,0.3958,0.15,80,0.0,0,0,0,far,0.3,adequate,>2000bps,2020.0,0.55,1,0,1.0,0,1.0,0,453,False,specific_days,-0.241966,price_history,,1,1.1143,price_history,,-0.293286,,50.0675,-0.032074,-0.261212,early,micro,none,drug_developer,morningstar,,,,0,0.7983793359333825234531464109,32.60,43.02881600000000000000000000,47.375,75.16,77.000,49.50077160493827160493827160,305,0.0,0.045455,-1.6906,50.22,0.945141,1.5995
ELVN,"Enliven Therapeutics, Inc.",96,0.58,C,low_opt,C,low_opt,,0.898119,,0.221311,0.778689,149,0,specific_days,3,tailwind,high_vol|overbought_rsi,L,sponsor_confirmed|momentum_tailwind|high_risk,catalyst_score:-18.0;momentum_score:+16.3;smart_money_score:-3.4,tier=C;reason=low_opt;cat_days=149;strength=mid;decay_w=0.7,v1.3.0,6e0bf8fb,1,,early|near_91_180|pos,0.0,,-1.8381,149,1,0.9555,0.1996,6,6,selling,1.0761,elite_6,6.0109,6.0109,3.83,80,0.0,0,0,0,mid,0.7,adequate,<=1000bps,617.36,0.85,1,0,1.0,0,1.0,0,149,False,specific_days,0.424287,price_history,,6,0.3152,price_history,,0.0,,70.7072,-0.032074,0.032074,early,small,none,drug_developer,morningstar,CTGOV_CALENDAR,CT_PRIMARY_COMPLETION,,0,0.8067353764014949279231179925,77.31,43.02881600000000000000000000,57.6125,34.33,63.00000000000000000000000000,64.20000000000000000000000000,287,0.0,0.101881,-1.2709,48.61,0.923197,1.4269
TRDA,"Entrada Therapeutics, Inc.",97,0.37,C,mod_opt+catalyst_far,C,mod_opt+catalyst_far,,0.951411,,0.363388,0.636612,1150,0,specific_days,9,tailwind,,L,catalyst_far_lift|momentum_tailwind|cost_haircut_>2000bps,momentum_score:+34.5;financial_score:-24.9;catalyst_score:-8.0,tier=C;reason=mod_opt+catalyst_far;cat_days=1150;strength=far;decay_w=0.3,v1.3.0,6e0bf8fb,1,,early|far_271_540|nonpos,0.0,,-2.1458,1150,1,0.5237,-0.5864,1,1,selling,-0.7997,elite_1,0.3958,0.3958,0.2,80,0.0,0,0,0,far,0.3,adequate,>2000bps,2020.0,0.55,1,0,1.0,0,1.0,0,1150,False,specific_days,0.663285,price_history,,1,0.694,price_history,,-0.152966,,62.3698,-0.032074,-0.120892,early,small,none,drug_developer,morningstar,,,,0,0.7570723607540702656383890317,85.55,43.02881600000000000000000000,47.50,62.73,53.00000000000000000000000000,26.08641975308641975308641975,304,0.0,0.048589,-1.6587,31.37,0.581505,0.2057
SANA,"Sana Biotechnology, Inc.",98,0.58,C,low_opt,C,low_opt,,0.932602,,0.193989,0.806011,667,0,specific_days,9,neutral,high_beta,L,catalyst_far_lift|sponsor_confirmed|high_risk,financial_score:-36.5;clinical_score:+18.3;smart_money_score:+11.8,tier=C;reason=low_opt;cat_days=667;strength=far;decay_w=0.3,v1.3.0,6e0bf8fb,1,,early|far_271_540|pos,0.0,,-0.6713,0,1,1.0419,0.3568,2,2,buying,-0.4246,elite_2,1.9954,1.9954,1.02,80,0.0,0,0,0,far,0.3,adequate,<=1000bps,845.16,0.85,1,0,1.0,0,1.0,0,667,False,specific_days,-0.284803,price_history,,2,2.14,price_history,,-0.224662,,49.43,-0.032074,-0.192588,early,small,sev1,drug_developer,morningstar,,,,0,0.7580704267638859103581385374,48.14,51.776,58.550,53.34,65.00000000000000000000000000,10.24493827160493827160493827,298,0.0,0.067398,-1.4955,27.20,0.487461,-0.0314
LRMR,"Larimar Therapeutics, Inc.",99,0.14,C,low_opt,C,low_opt,,0.816614,,0.237705,0.762295,333,0,specific_days,9,headwind,deep_drawdown_rel_xbi,S,catalyst_far_lift|sponsor_confirmed|momentum_headwind|runway_short|cost_haircut_<=2000bps,smart_money_score:+39.2;financial_score:-38.9;clinical_score:+15.6,tier=C;reason=low_opt;cat_days=333;strength=far;decay_w=0.3,v1.3.0,6e0bf8fb,1,,mid|far_271_540|pos,0.05133853608247423,,-0.0408,0,1,0.8856,0.0722,5,5,buying,0.7009,elite_5,5.0304,5.0304,1.51,80,0.0,0,0,0,far,0.3,short,<=2000bps,1669.99,0.7,1,0,1.0,0,1.0,0,333,False,specific_days,-0.276204,price_history,,5,1.0945,price_history,,-0.311765,,49.1015,-0.032074,-0.279691,mid,micro,sev2,drug_developer,morningstar,,,,0,0.7772072072072072072072072072,32.72,42.98293511111111111111111111,85,74.76,61.37931034482758620689655173,6.886147443519619500594530326,261,0.05133853608247423,0.183386,-0.9025,14.41,0.167712,-0.9632
ORIC,"Oric Pharmaceuticals, Inc.",100,0.35,C,low_opt,C,low_opt,,0.923197,,0.062842,0.937158,88,0,specific_days,3,headwind,,M,sponsor_confirmed|momentum_headwind,financial_score:-41.9;clinical_score:+28.5;smart_money_score:+19.3,tier=C;reason=low_opt;cat_days=88;strength=near;decay_w=1.0,v1.3.0,6e0bf8fb,1,,early|near_31_90|pos,0.0,,-0.6457,0,1,1.517,1.2215,3,3,buying,-0.0494,elite_3,5.9929,5.9929,3.87,80,0.0,0,0,0,near,1.0,adequate,<=1000bps,791.14,0.85,1,0,1.0,0,1.0,0,88,False,specific_days,-0.330028,price_history,,3,1.2996,price_history,,-0.225538,,54.72,-0.032074,-0.193464,early,small,sev1,drug_developer,morningstar,CTGOV_CALENDAR,CT_PRIMARY_COMPLETION,,0,0.8038037429151962356967169287,37.81,51.248,66.7625,50.09,76.00000000000000000000000000,5.535308641975308641975308640,295,0.0,0.076803,-1.4269,34.81,0.65047,0.3866
NKTX,"Nkarta, Inc.",101,0.22,C,low_opt,C,low_opt,,0.920063,,0.204918,0.795082,423,0,specific_days,9,headwind,,M,catalyst_far_lift|sponsor_confirmed|momentum_headwind|cost_haircut_>2000bps,momentum_score:-15.0;clinical_score:+10.8;catalyst_score:-10.2,tier=C;reason=low_opt;cat_days=423;strength=far;decay_w=0.3,v1.3.0,6e0bf8fb,1,,early|far_271_540|pos,0.0,,-0.6716,0,1,0.9987,0.2782,3,3,buying,-0.0494,elite_3,3.0135,3.0135,1.02,80,0.0,0,0,0,far,0.3,adequate,>2000bps,2020.0,0.55,1,0,1.0,0,1.0,0,423,False,specific_days,-0.065783,price_history,,3,0.8883,price_history,,-0.178707,,50.1964,-0.032074,-0.146633,early,micro,none,drug_developer,morningstar,,,,0,0.8090840897125408023586395704,38.22,43.02881600000000000000000000,61.550,65.42,64.00000000000000000000000000,59.10000000000000000000000000,294,0.0,0.079937,-1.4055,49.35,0.935737,1.5199
LXEO,"Lexeo Therapeutics, Inc.",102,0.14,C,low_opt,C,low_opt,,0.916928,,0.144809,0.855191,302,0,specific_days,9,headwind,,S,catalyst_far_lift|momentum_headwind|cost_haircut_<=2000bps,financial_score:-28.4;clinical_score:+24.4;smart_money_score:+6.4,tier=C;reason=low_opt;cat_days=302;strength=far;decay_w=0.3,v1.3.0,6e0bf8fb,1,,early|far_271_540|pos,0.0,,-0.6648,0,1,1.1715,0.5926,1,1,neutral,-0.7997,elite_1,0.6597,0.6597,0.03,80,0.0,0,0,0,far,0.3,adequate,<=2000bps,1141.1,0.7,1,0,1.0,0,1.0,0,302,False,specific_days,-0.403171,price_history,,1,1.742,price_history,,-0.281279,,42.1285,-0.032074,-0.249205,early,small,sev1,drug_developer,morningstar,,,,0,0.7632767137960582690659811482,41.88,43.02881600000000000000000000,50.075,64.05,68.00000000000000000000000000,15.24000000000000000000000000,293,0.0,0.083072,-1.3847,28.83,0.528213,0.0708
GLUE,"Monte Rosa Therapeutics, Inc.",103,0.58,C,low_opt,C,low_opt,,0.904389,,0.112022,0.887978,27,1,specific_days,3,tailwind,high_vol|high_beta,L,sponsor_confirmed|momentum_tailwind|high_risk,momentum_score:+28.9;financial_score:-13.6;catalyst_score:-12.6,tier=C;reason=low_opt;cat_days=27;strength=near;decay_w=1.0,v1.3.0,6e0bf8fb,1,,early|near_0_30|pos,0.0,,-0.6549,0,1,1.3442,0.9071,3,3,buying,-0.0494,elite_3,2.39,2.39,0.64,80,0.0,0,0,0,near,1.0,adequate,<=1000bps,593.33,0.85,1,0,1.0,0,1.0,0,27,True,specific_days,0.352697,price_history,,3,2.1207,price_history,,-0.17503,,50.0468,-0.032074,-0.142956,early,small,none,drug_developer,morningstar,CTGOV_CALENDAR,CT_STUDY_COMPLETION,,0,0.7162050456253354804079441761,96.55,55.052,60.600,45.27,72.00000000000000000000000000,54.00000000000000000000000000,289,0.0,0.095611,-1.307,42.55,0.810345,0.8792
FHTX,Foghorn Therapeutics Inc.,104,0.22,C,mod_opt+catalyst_far,C,mod_opt+catalyst_far,,0.901254,,0.423497,0.576503,484,0,specific_days,9,neutral,,M,catalyst_far_lift|cost_haircut_>2000bps,catalyst_score:-4.9;momentum_score:+3.4;financial_score:-3.4,tier=C;reason=mod_opt+catalyst_far;cat_days=484;strength=far;decay_w=0.3,v1.3.0,6e0bf8fb,1,,early|far_271_540|nonpos,0.0,,-0.7251,0,1,0.3941,-0.8222,1,1,neutral,-0.7997,elite_1,0.5278,0.5278,0.24,80,0.0,0,0,0,far,0.3,adequate,>2000bps,2036.0,0.55,1,0,1.0,0,1.0,0,484,False,specific_days,0.456496,price_history,,1,1.0991,price_history,,-0.124251,,54.16,-0.032074,-0.092177,early,small,none,drug_developer,morningstar,,,,0,0.7764363934075342465753424658,51.34,43.02881600000000000000000000,50.600,51.77,50,44.49679012345679012345679012,288,0.0,0.098746,-1.2887,33.67,0.625392,0.3197
CGEM,"Cullinan Therapeutics, Inc.",105,0.58,C,low_opt,C,low_opt,,0.882445,,0.13388,0.86612,27,1,specific_days,3,tailwind,high_beta,L,sponsor_confirmed|momentum_tailwind|high_risk,smart_money_score:-23.0;momentum_score:+21.3;clinical_score:+10.3,tier=C;reason=low_opt;cat_days=27;strength=near;decay_w=1.0,v1.3.0,6e0bf8fb,1,,early|near_0_30|pos,0.0,,-0.661,0,1,1.2147,0.6712,4,4,selling,0.3258,elite_4,1.6137,1.6137,0.27,80,0.0,0,0,0,near,1.0,adequate,<=1000bps,896.02,0.85,1,0,1.0,0,1.0,0,27,True,specific_days,0.383027,price_history,,4,1.8318,price_history,,-0.017015,,65.0307,-0.032074,0.015059,early,small,none,drug_developer,morningstar,CTGOV_CALENDAR,CT_PRIMARY_COMPLETION,,0,0.8232586928662964545066211021,79.97,58.268,35.675,57.92,69.00000000000000000000000000,50.60000000000000000000000000,282,0.0,0.117555,-1.1873,48.02,0.910658,1.3448
BEAM,Beam Therapeutics Inc.,106,0.58,C,low_opt,C,low_opt,,0.873041,,0.155738,0.844262,116,0,specific_days,3,tailwind,high_beta,L,sponsor_confirmed|momentum_tailwind|high_risk,catalyst_score:-7.5;momentum_score:-5.4;clinical_score:+5.2,tier=C;reason=low_opt;cat_days=116;strength=near;decay_w=1.0,v1.3.0,6e0bf8fb,1,,early|near_91_180|pos,0.0,,-0.6702,0,1,1.1283,0.514,4,4,buying,0.3258,elite_4,6.0449,6.0449,3.28,80,0.0,0,0,0,near,1.0,adequate,<=1000bps,451.77,0.85,1,0,1.0,0,1.0,0,116,False,specific_days,-0.106822,price_history,,4,1.8322,price_history,,-0.211522,,44.5525,-0.032074,-0.179448,early,mid,none,drug_developer,morningstar,CTGOV_CALENDAR,CT_STUDY_COMPLETION,,0,0.8178932812330402691848474981,56.34,54.260,64.550,51.06,67.00000000000000000000000000,66.75000000000000000000000000,279,0.0,0.126959,-1.1409,51.16,0.960815,1.7602
CLYM,"Climb Bio, Inc.",107,0.48,C,low_opt,C,low_opt,,0.888715,,0.275956,0.724044,58,1,specific_days,3,tailwind,,L,sponsor_confirmed|momentum_tailwind|cost_haircut_<=2000bps,momentum_score:+39.5;financial_score:-33.8;smart_money_score:-3.8,tier=C;reason=low_opt;cat_days=58;strength=near;decay_w=1.0,v1.3.0,6e0bf8fb,1,,early|near_31_90|nonpos,0.0,,-1.3728,58,1,0.7828,-0.1148,3,3,buying,-0.0494,elite_3,1.7153,1.7153,0.08,80,0.0,0,0,0,near,1.0,adequate,<=2000bps,1197.52,0.7,1,0,1.0,0,1.0,0,58,True,specific_days,1.249793,price_history,,3,1.4574,price_history,,-0.083333,,55.6635,-0.032074,-0.051259,early,small,none,drug_developer,morningstar,CTGOV_CALENDAR,CT_PRIMARY_COMPLETION,,0,0.7730431523717742799014883821,96.55,53.228,53.200,55.54,59.00000000000000000000000000,23.26777777777777777777777778,284,0.0,0.111285,-1.2197,29.62,0.550157,0.1261
BBOT,BridgeBio Oncology Therapeutics,108,0.29,C,low_opt,C,low_opt,,0.866771,,0.248634,0.751366,545,0,specific_days,9,headwind,,M,catalyst_far_lift|sponsor_confirmed|momentum_headwind|cost_haircut_<=2000bps,smart_money_score:+21.7;momentum_score:-16.8;catalyst_score:-11.1,tier=C;reason=low_opt;cat_days=545;strength=far;decay_w=0.3,v1.3.0,6e0bf8fb,1,,early|far_271_540|pos,0.0,,-2.111,545,1,0.8692,0.0424,4,4,buying,0.3258,elite_4,6.2066,6.2066,14.29,80,0.0,0,0,0,far,0.3,adequate,<=2000bps,1921.3,0.7,1,0,1.0,0,1.0,0,545,False,specific_days,-0.108021,price_history,,4,0.5598,price_history,,-0.123816,,48.6084,-0.032074,-0.091742,early,small,none,drug_developer,morningstar,,,,0,0.7586656243306917969586635254,38.54,44.21514711111111111111111111,77.0,36.36,61.00000000000000000000000000,55.70000000000000000000000000,277,0.0,0.133229,-1.1113,44.10,0.851097,1.0412
CABA,"Cabaletta Bio, Inc.",109,0.14,C,low_opt,C,low_opt,,0.876176,,0.079235,0.920765,942,0,specific_days,9,headwind,high_vol|deep_drawdown_rel_xbi,S,catalyst_far_lift|sponsor_confirmed|momentum_headwind|high_risk|cost_haircut_<=2000bps,clinical_score:+24.4;financial_score:-23.1;smart_money_score:+12.1,tier=C;reason=low_opt;cat_days=942;strength=far;decay_w=0.3,v1.3.0,6e0bf8fb,1,,early|far_271_540|pos,0.0,,-0.6474,0,1,1.4738,1.1429,3,3,buying,-0.0494,elite_3,3.4856,3.4856,1.5,80,0.0,0,0,0,far,0.3,adequate,<=2000bps,1065.74,0.7,1,0,1.0,0,1.0,0,942,False,specific_days,-0.274181,price_history,,3,1.0957,price_history,,-0.307479,,50.186,-0.032074,-0.275405,early,micro,sev1,drug_developer,morningstar,,,,0,0.7655002110595187842971718024,44.92,43.02881600000000000000000000,62.750,71.84,75.00000000000000000000000000,27.52250000000000000000000000,280,0.0,0.123824,-1.1561,35.38,0.659875,0.4121
BNTX,BioNTech SE,110,0.41,C,low_opt,C,low_opt,,0.534483,,0.215847,0.784153,27,1,specific_days,3,headwind,,M,sponsor_confirmed|momentum_headwind,financial_score:-17.0;catalyst_score:+16.7;clinical_score:+13.7,tier=C;reason=low_opt;cat_days=27;strength=near;decay_w=1.0,v1.3.0,6e0bf8fb,1,,late|near_0_30|pos,0.09254273684210526,,0.8486,0,1,0.9634,0.2139,4,4,selling,0.3258,elite_4,3.1779,3.1779,1.07,80,0.0,0,0,0,near,1.0,adequate,<=400bps,290.2,1.0,0,0,1.0,0,1.0,0,27,True,specific_days,-0.101461,price_history,,4,0.7671,price_history,,-0.120304,,51.5731,-0.032074,-0.08823,late,large,none,drug_developer,morningstar,CTGOV_CALENDAR,CT_PRIMARY_COMPLETION,,0,0.8405433010224405789403797636,35.99,66.200,49.6750,30.03,63.18181818181818181818181818,32.44946492271105826397146254,171,0.09254273684210526,0.465517,-0.0865,36.20,0.672414,0.4466
NRIX,"Nurix Therapeutics, Inc.",111,0.58,C,low_opt,C,low_opt,,0.854232,,0.265027,0.734973,210,0,specific_days,3,tailwind,,L,catalyst_far_lift|sponsor_confirmed|momentum_tailwind,momentum_score:+8.0;financial_score:-7.0;clinical_score:+6.6,tier=C;reason=low_opt;cat_days=210;strength=far;decay_w=0.3,v1.3.0,6e0bf8fb,1,,mid|near_181_270|nonpos,0.00506,,-0.0466,0,1,0.7962,-0.0904,4,4,selling,0.3258,elite_4,3.4809,3.4809,3.31,80,0.0,0,0,0,far,0.3,adequate,<=1000bps,660.01,0.85,1,0,1.0,0,1.0,0,210,False,specific_days,0.158646,price_history,,4,1.2885,price_history,,-0.204006,,42.6764,-0.032074,-0.171932,mid,small,none,drug_developer,morningstar,CTGOV_CALENDAR,CT_PRIMARY_COMPLETION,,0,0.8283765540763560347673011332,60.66,50.282,47.56753581587303509613415944,49.97,59.31034482758620689655172414,45.69513314967860422405876952,273,0.00506,0.145768,-1.0548,37.08,0.684953,0.4816
TYRA,"Tyra Biosciences, Inc.",112,0.58,C,mod_opt+catalyst_far,C,mod_opt+catalyst_far,,0.863636,,0.483607,0.516393,211,0,specific_days,3,tailwind,,L,catalyst_far_lift|sponsor_confirmed|momentum_tailwind,momentum_score:+43.5;financial_score:-21.6;catalyst_score:-11.3,tier=C;reason=mod_opt+catalyst_far;cat_days=211;strength=far;decay_w=0.3,v1.3.0,6e0bf8fb,1,,mid|near_181_270|nonpos,0.00506,,-0.0668,0,1,0.1312,-1.3008,2,2,buying,-0.4246,elite_2,2.5731,2.5731,2.1,80,0.0,0,0,0,far,0.3,adequate,<=1000bps,728.37,0.85,1,0,1.0,0,1.0,0,211,False,specific_days,0.873682,price_history,,2,1.064,price_history,,-0.040816,,63.6475,-0.032074,-0.008742,mid,small,none,drug_developer,morningstar,CTGOV_CALENDAR,CT_PRIMARY_COMPLETION,,0,0.8343584324086305592250110084,96.55,41.73815511111111111111111111,51.41486677847124367084830533,43.73,43.91200951248513674197384066,31.39404142434445464748495051,276,0.00506,0.136364,-1.0968,25.40,0.462382,-0.0944
DSGN,"Design Therapeutics, Inc.",113,0.48,C,mod_opt+catalyst_far,C,mod_opt+catalyst_far,,0.841693,,0.445355,0.554645,211,0,specific_days,3,tailwind,high_beta,L,catalyst_far_lift|sponsor_confirmed|momentum_tailwind|high_risk|cost_haircut_<=2000bps,catalyst_score:-15.9;momentum_score:+13.4;smart_money_score:+12.9,tier=C;reason=mod_opt+catalyst_far;cat_days=211;strength=far;decay_w=0.3,v1.3.0,6e0bf8fb,1,,mid|near_181_270|nonpos,0.00506,,-0.062,0,1,0.3053,-0.9838,4,4,buying,0.3258,elite_4,4.3398,4.3398,2.47,80,0.0,0,0,0,far,0.3,adequate,<=2000bps,1674.44,0.7,1,0,1.0,0,1.0,0,211,False,specific_days,0.296746,price_history,,4,2.0343,price_history,,-0.019774,,57.0203,-0.032074,0.0123,mid,small,none,drug_developer,morningstar,CTGOV_CALENDAR,CT_PRIMARY_COMPLETION,,0,0.7817611313666998121754502265,71.10,41.73815511111111111111111111,70.56486858324954826553052437,52.87,47.94424626767076231998943057,57.09090909090909090909090909,269,0.00506,0.158307,-1.0014,33.56,0.622257,0.3114
MAZE,"Maze Therapeutics, Inc.",114,0.58,C,mod_opt+catalyst_far,C,mod_opt+catalyst_far,,0.847962,,0.510929,0.489071,211,0,specific_days,3,tailwind,,L,catalyst_far_lift|sponsor_confirmed|momentum_tailwind,momentum_score:+37.5;clinical_score:-17.1;catalyst_score:-14.6,tier=C;reason=mod_opt+catalyst_far;cat_days=211;strength=far;decay_w=0.3,v1.3.0,6e0bf8fb,1,,mid|near_181_270|nonpos,0.00506,,-0.0674,0,1,0.0458,-1.4561,3,3,buying,-0.0494,elite_3,6.1489,6.1489,2.86,80,0.0,0,0,0,far,0.3,adequate,<=1000bps,703.36,0.85,1,0,1.0,0,1.0,0,211,False,specific_days,0.205331,price_history,,3,1.2588,price_history,,0.0,,61.1084,-0.032074,0.032074,mid,mid,none,drug_developer,morningstar,CTGOV_CALENDAR,CT_PRIMARY_COMPLETION,,0,0.7355382813331913534234905761,96.55,44.41185600000000000000000000,64.11696334108773017570541997,52.56,41.93552648962874884396882019,48.04640639450389747654908179,271,0.00506,0.152038,-1.0277,33.39,0.615987,0.295
INBX,"Inhibrx Biosciences, Inc.",115,0.58,C,mod_opt+catalyst_far,C,mod_opt+catalyst_far,,0.844828,,0.401639,0.598361,270,0,specific_days,3,tailwind,,L,catalyst_far_lift|sponsor_confirmed|momentum_tailwind,financial_score:-44.0;momentum_score:+37.3;smart_money_score:+12.1,tier=C;reason=mod_opt+catalyst_far;cat_days=270;strength=far;decay_w=0.3,v1.3.0,6e0bf8fb,1,,mid|near_181_270|nonpos,0.00506,,-0.0607,0,1,0.4388,-0.7409,3,3,buying,-0.0494,elite_3,3.6833,3.6833,1.29,80,0.0,0,0,0,far,0.3,adequate,<=1000bps,754.91,0.85,1,0,1.0,0,1.0,0,270,False,specific_days,-0.13262,price_history,,3,0.7422,price_history,,-0.120629,,59.2427,-0.032074,-0.088555,mid,small,sev1,drug_developer,morningstar,CTGOV_CALENDAR,CT_PRIMARY_COMPLETION,,0,0.7803053435114503816793893130,86.35,41.73815511111111111111111111,61.18688778014944243748451950,40.89,51.03448275862068965517241380,5.121314151617181920212223240,270,0.00506,0.155172,-1.0145,17.13,0.261755,-0.6379
ABOS,"Acumen Pharmaceuticals, Inc.",116,0.22,C,mod_opt+catalyst_far,C,mod_opt+catalyst_far,,0.835423,,0.379781,0.620219,241,0,specific_days,3,tailwind,,M,catalyst_far_lift|momentum_tailwind|runway_short|cost_haircut_>2000bps,financial_score:-39.1;momentum_score:+28.2;smart_money_score:+11.4,tier=C;reason=mod_opt+catalyst_far;cat_days=241;strength=far;decay_w=0.3,v1.3.0,6e0bf8fb,1,,mid|near_181_270|nonpos,0.00506,,-0.0579,0,1,0.4835,-0.6596,1,1,buying,-0.7997,elite_1,0.7401,0.7401,0.31,80,0.0,0,0,0,far,0.3,short,>2000bps,2020.0,0.55,1,0,1.0,0,1.0,0,241,False,specific_days,0.096044,price_history,,1,1.3087,price_history,,-0.078292,,65.9871,-0.032074,-0.046218,mid,micro,sev2,drug_developer,morningstar,CTGOV_CALENDAR,CT_PRIMARY_COMPLETION,,0,0.6997725937770095073465859983,75.36,41.73815511111111111111111111,58.54818013984131934212300633,65.89,52.06896551724137931034482759,8.098427797595455145990223278,267,0.00506,0.164577,-0.9758,13.00,0.11442,-1.2034
LCTX,"Lineage Cell Therapeutics, Inc.",117,0.06,C,low_opt+no_catalyst_data,C,low_opt+no_catalyst_data,,0.829154,,0.122951,0.877049,,0,no_upcoming,9,headwind,,XS,momentum_headwind|cost_haircut_>2000bps,clinical_score:+29.5;financial_score:-22.7;catalyst_score:-4.2,tier=C;reason=low_opt+no_catalyst_data;cat_days=NA;strength=missing;decay_w=0.0,v1.3.0,6e0bf8fb,1,,early|none|pos,0.023322922839506172,,-0.66,0,1,1.2579,0.7498,0,0,neutral,-1.1749,,0.0,0.0,0.0,,0.0,0,0,0,missing,0.0,adequate,>2000bps,2020.0,0.55,1,0,1.0,0,1.0,0,,False,no_upcoming,-0.32207,price_history,,0,0.9726,price_history,,-0.214286,,41.3991,-0.032074,-0.182212,early,small,none,drug_developer,morningstar,,,,0,0.7942481465517241379310344828,37.97,36.38220844444444444444444444,,40.32,70.00000000000000000000000000,17.84456790123456790123456790,265,0.023322922839506172,0.170846,-0.9508,40.84,0.775862,0.7583
EYPT,"EyePoint, Inc.",118,0.17,C,low_opt+no_catalyst_data,C,low_opt+no_catalyst_data,,0.117555,,0.18306,0.81694,,0,no_upcoming,9,headwind,deep_drawdown_rel_xbi,S,sponsor_confirmed|momentum_headwind|runway_short,financial_score:-42.0;smart_money_score:+30.0;clinical_score:+18.6,tier=C;reason=low_opt+no_catalyst_data;cat_days=NA;strength=missing;decay_w=0.0,v1.3.0,6e0bf8fb,1,,late|none|pos,0.1,,0.8582,0,1,1.0681,0.4045,4,4,buying,0.3258,elite_4,6.3038,6.3038,8.18,80,0.0,0,0,0,missing,0.0,short,<=1000bps,795.84,0.85,1,0,1.0,0,1.0,0,,False,no_upcoming,-0.155922,price_history,,4,1.2515,price_history,,-0.29496,,31.6623,-0.032074,-0.262886,late,small,sev2,drug_developer,morningstar,,,,0,0.9,41.42,46.13523377777777777777777778,77.0,58.38,65.60606060606060606060606061,5,38,0.1,0.882445,1.1873,16.16,0.227273,-0.7479
NAMS,NewAmsterdam Pharma Company N.V,119,0.58,C,mod_opt+catalyst_far,C,mod_opt+catalyst_far,,0.625392,,0.308743,0.691257,211,0,specific_days,3,headwind,,L,catalyst_far_lift|sponsor_confirmed|momentum_headwind,smart_money_score:+30.9;momentum_score:-22.4;catalyst_score:-9.1,tier=C;reason=mod_opt+catalyst_far;cat_days=211;strength=far;decay_w=0.3,v1.3.0,6e0bf8fb,1,,late|near_181_270|nonpos,0.08571638372093023,,0.5804,0,1,0.6886,-0.2863,5,5,buying,0.7009,elite_5,10.8737,10.8737,20.23,80,0.0,0,0,0,far,0.3,adequate,<=1000bps,584.94,0.85,1,0,1.0,0,1.0,0,211,False,specific_days,-0.33437,price_history,,5,1.0874,price_history,,-0.238359,,40.7066,-0.032074,-0.206285,late,mid,none,drug_developer,morningstar,CTGOV_CALENDAR,CT_PRIMARY_COMPLETION,,0,0.8742891841708251131484275270,31.69,44.99190044444444444444444444,85,39.43,56.81818181818181818181818182,51.87500000000000000000000000,200,0.08571638372093023,0.374608,-0.3197,44.21,0.854232,1.0548
CRNX,"Crinetics Pharmaceuticals, Inc.",120,0.58,C,mod_opt+catalyst_far,C,mod_opt+catalyst_far,,0.619122,,0.538251,0.461749,241,0,specific_days,3,tailwind,,L,catalyst_far_lift|sponsor_confirmed|momentum_tailwind,smart_money_score:+19.8;catalyst_score:-15.3;clinical_score:-15.2,tier=C;reason=mod_opt+catalyst_far;cat_days=241;strength=far;decay_w=0.3,v1.3.0,6e0bf8fb,1,,late|near_181_270|nonpos,0.08571638372093023,,0.5482,0,1,-0.0612,-1.6508,5,5,buying,0.7009,elite_5,5.9919,5.9919,8.57,80,0.0,0,0,0,far,0.3,adequate,<=1000bps,439.29,0.85,1,0,1.0,0,1.0,0,241,False,specific_days,-0.038053,price_history,,5,1.0894,price_history,,-0.125465,,41.9235,-0.032074,-0.093391,late,mid,none,drug_developer,morningstar,CTGOV_CALENDAR,CT_PRIMARY_COMPLETION,,0,0.8699857441860465116279069767,56.27,39.34736044444444444444444444,74.48885307307766740179756101,47.49,39.45821854912764003673094582,63.71428571428571428571428571,198,0.08571638372093023,0.380878,-0.3032,30.81,0.568966,0.1737
URGN,UroGen Pharma Ltd.,121,0.35,C,mod_opt+catalyst_far,C,mod_opt+catalyst_far,,0.634796,,0.581967,0.418033,211,0,specific_days,3,headwind,deep_drawdown_rel_xbi,M,catalyst_far_lift|sponsor_confirmed|momentum_headwind|runway_short,smart_money_score:+32.6;financial_score:-31.9;catalyst_score:+14.8,tier=C;reason=mod_opt+catalyst_far;cat_days=211;strength=far;decay_w=0.3,v1.3.0,6e0bf8fb,1,,late|near_181_270|nonpos,0.08571638372093023,,0.5377,0,1,-0.3238,-2.1288,4,4,buying,0.3258,elite_4,3.9603,3.9603,1.12,80,0.0,0,0,0,far,0.3,short,<=1000bps,755.58,0.85,1,0,1.0,0,1.0,0,211,False,specific_days,-0.139402,price_history,,4,0.7329,price_history,,-0.330387,,41.9523,-0.032074,-0.298313,late,small,sev2,drug_developer,morningstar,CTGOV_CALENDAR,CT_STUDY_COMPLETION,,0,0.8225082772005936750770635917,24.97,51.728,69.50691518405335150607348830,62.81,33.37765987597637429287260937,5,203,0.08571638372093023,0.365204,-0.3446,8.13,0.03605,-1.7985
MESO,Mesoblast Limited,122,0.14,C,low_opt,C,low_opt,,0.622257,,0.286885,0.713115,241,0,specific_days,3,headwind,,S,catalyst_far_lift|momentum_headwind|cost_haircut_<=2000bps,financial_score:-31.2;clinical_score:+21.3;momentum_score:+5.5,tier=C;reason=low_opt;cat_days=241;strength=far;decay_w=0.3,v1.3.0,6e0bf8fb,1,,late|near_181_270|nonpos,0.08571638372093023,,0.5836,0,1,0.7344,-0.2029,0,0,neutral,-1.1749,,0.0,0.0,0.0,,0.0,0,0,0,far,0.3,adequate,<=2000bps,1649.77,0.7,1,0,1.0,0,1.0,0,241,False,specific_days,-0.067216,price_history,,0,0.93,price_history,,-0.179866,,43.043,-0.032074,-0.147792,late,mid,none,drug_developer,morningstar,CTGOV_CALENDAR,CT_PRIMARY_COMPLETION,,0,0.7893879628527205619716632932,42.02,40.94432400000000000000000000,,49.02,57.87878787878787878787878788,5.286281179138321995464852608,199,0.08571638372093023,0.377743,-0.3114,27.27,0.49373,-0.0157
GOSS,"Gossamer Bio, Inc.",123,0.29,C,mod_opt+catalyst_far,C,mod_opt+catalyst_far,,0.468652,,0.571038,0.428962,667,0,specific_days,9,headwind,deep_drawdown_rel_xbi,M,catalyst_far_lift|sponsor_confirmed|momentum_headwind|cost_haircut_<=2000bps,smart_money_score:+41.8;financial_score:-26.2;clinical_score:-8.2,tier=C;reason=mod_opt+catalyst_far;cat_days=667;strength=far;decay_w=0.3,v1.3.0,6e0bf8fb,1,,late|far_271_540|nonpos,0.0930939801980198,,0.5423,0,1,-0.2533,-2.0006,6,6,buying,1.0761,elite_6,7.6988,7.6988,2.66,80,0.0,0,0,0,far,0.3,adequate,<=2000bps,1016.99,0.7,1,0,1.0,0,1.0,0,667,False,specific_days,-0.204906,price_history,,6,1.5505,price_history,,-0.345646,,42.2992,-0.032074,-0.313572,late,small,sev1,drug_developer,morningstar,,,,0,0.8072878856624319419237749546,39.74,39.34736044444444444444444444,85,45.41,35.00878595154689430783706878,17.06127709873748805392082893,150,0.0930939801980198,0.531348,0.0787,16.74,0.246082,-0.6869
VKTX,"Viking Therapeutics, Inc.",124,0.68,C,mod_opt+catalyst_far,C,mod_opt+catalyst_far,,0.512539,,0.396175,0.603825,514,0,specific_days,9,headwind,deep_drawdown_rel_xbi,L,catalyst_far_lift|sponsor_confirmed|momentum_headwind,financial_score:-20.8;clinical_score:+18.1;momentum_score:-13.4,tier=C;reason=mod_opt+catalyst_far;cat_days=514;strength=far;decay_w=0.3,v1.3.0,6e0bf8fb,1,,late|far_271_540|nonpos,0.0930939801980198,,0.5639,0,1,0.4465,-0.7269,3,3,buying,-0.0494,elite_3,2.2934,2.2934,0.88,80,0.0,0,0,0,far,0.3,adequate,<=400bps,334.82,1.0,0,0,1.0,0,1.0,0,514,False,specific_days,-0.425769,price_history,,3,1.5866,price_history,,-0.289142,,38.8345,-0.032074,-0.257068,late,mid,sev1,drug_developer,morningstar,,,,0,0.8086432748538011695906432749,19.74,39.34736044444444444444444444,42.99000376727465939913527134,44.61,51.21212121212121212121212121,12.26194019274376417233560090,164,0.0930939801980198,0.487461,-0.0314,22.06,0.390282,-0.2786
IMTX,Immatics N.V.,125,0.29,C,mod_opt+catalyst_far,C,mod_opt+catalyst_far,,0.474922,,0.428962,0.571038,576,0,specific_days,9,neutral,,M,catalyst_far_lift|cost_haircut_<=2000bps,catalyst_score:-5.7;financial_score:+5.6;momentum_score:+0.8,tier=C;reason=mod_opt+catalyst_far;cat_days=576;strength=far;decay_w=0.3,v1.3.0,6e0bf8fb,1,,late|far_271_540|nonpos,0.0930939801980198,,0.5628,0,1,0.3941,-0.8222,0,0,neutral,-1.1749,,0.0,0.0,0.0,,0.0,0,0,0,far,0.3,adequate,<=2000bps,1483.71,0.7,1,0,1.0,0,1.0,0,576,False,specific_days,-0.137037,price_history,,0,1.1884,price_history,,-0.158382,,52.3912,-0.032074,-0.126308,late,small,none,drug_developer,morningstar,,,,0,0.8405592928481230627941682930,51.55,44.99190044444444444444444444,,56.03,50,56.35106382978723404255319149,152,0.0930939801980198,0.525078,0.0629,27.93,0.509404,0.0236
ALDX,"Aldeyra Therapeutics, Inc.",126,0.14,C,low_opt+no_catalyst_data,C,low_opt+no_catalyst_data,,0.017241,,0.199454,0.800546,,0,no_upcoming,9,headwind,,S,sponsor_confirmed|momentum_headwind|cost_haircut_<=2000bps,clinical_score:+17.6;catalyst_score:-17.2;smart_money_score:+5.9,tier=C;reason=low_opt+no_catalyst_data;cat_days=NA;strength=missing;decay_w=0.0,v1.3.0,6e0bf8fb,1,,late|none|pos,0.1,,0.6104,0,1,1.0092,0.2973,2,2,buying,-0.4246,elite_2,1.8304,1.8304,0.79,80,0.0,0,0,0,missing,0.0,adequate,<=2000bps,1375.03,0.7,1,0,1.0,0,1.0,0,,False,no_upcoming,-0.090459,price_history,,2,1.0629,price_history,,-0.222063,,61.9403,-0.032074,-0.189989,late,small,none,drug_developer,morningstar,,,,0,0.8107216141947224749772520473,43.65,29.45580844444444444444444444,52.48011488439209895296758036,64.00,64.24242424242424242424242424,43.31418188219908455309089079,6,0.1,0.982759,2.1144,29.18,0.543887,0.1102
CVAC,CureVac N.V.,127,0.14,C,mod_opt+catalyst_far,C,mod_opt+catalyst_far,,0.459248,,0.527322,0.472678,1428,0,specific_days,9,headwind,,S,catalyst_far_lift|momentum_headwind|cost_haircut_<=2000bps,financial_score:-16.1;catalyst_score:+11.5;clinical_score:+10.6,tier=C;reason=mod_opt+catalyst_far;cat_days=1428;strength=far;decay_w=0.3,v1.3.0,6e0bf8fb,1,,late|far_271_540|nonpos,0.0930939801980198,,0.5488,0,1,-0.0367,-1.6063,0,0,neutral,-1.1749,,0.0,0.0,0.0,,0.0,0,0,0,far,0.3,adequate,<=2000bps,1326.58,0.7,1,0,1.0,0,1.0,0,1428,False,specific_days,-0.18581,price_history,,0,0.3146,price_history,,-0.167857,,47.9642,-0.032074,-0.135783,late,small,none,drug_developer,morningstar,,,,0,0.7862661439114391143911439114,23.52,40.94432400000000000000000000,,79.02,40.02460066433130406194379258,13.34993209597102761430511543,147,0.0930939801980198,0.540752,0.1023,15.73,0.211599,-0.8009
ANNX,"Annexon, Inc.",128,0.58,C,mod_opt+catalyst_far,C,mod_opt+catalyst_far,,0.440439,,0.325137,0.674863,271,0,specific_days,9,tailwind,,L,catalyst_far_lift|sponsor_confirmed|momentum_tailwind,momentum_score:+39.6;financial_score:-38.2;catalyst_score:-17.6,tier=C;reason=mod_opt+catalyst_far;cat_days=271;strength=far;decay_w=0.3,v1.3.0,6e0bf8fb,1,,late|far_271_540|nonpos,0.0930939801980198,,0.578,0,1,0.6428,-0.3697,4,4,buying,0.3258,elite_4,5.2211,5.2211,1.87,80,0.0,0,0,0,far,0.3,adequate,<=1000bps,833.94,0.85,1,0,1.0,0,1.0,0,271,False,specific_days,0.842411,price_history,,4,1.254,price_history,,-0.083333,,58.2081,-0.032074,-0.051259,late,small,sev1,drug_developer,morningstar,,,,0,0.8184640708366443410148711545,96.55,39.34736044444444444444444444,74.42089814936294689503819496,69.40,55.75757575757575757575757576,18.74751018560434585785423268,141,0.0930939801980198,0.559561,0.1499,26.11,0.478056,-0.055
BLTE,"Belite Bio, Inc",129,0.58,C,mod_opt+catalyst_far,C,mod_opt+catalyst_far,,0.452978,,0.521858,0.478142,513,0,specific_days,9,tailwind,,L,catalyst_far_lift|sponsor_confirmed|momentum_tailwind|runway_short,momentum_score:+39.3;financial_score:-37.6;smart_money_score:+5.3,tier=C;reason=mod_opt+catalyst_far;cat_days=513;strength=far;decay_w=0.3,v1.3.0,6e0bf8fb,1,,late|far_271_540|nonpos,0.0930939801980198,,0.5496,0,1,-0.0121,-1.5616,3,3,buying,-0.0494,elite_3,2.5426,2.5426,0.8,80,0.0,0,0,0,far,0.3,short,<=1000bps,480.96,0.85,1,0,1.0,0,1.0,0,513,False,specific_days,0.562309,price_history,,3,-0.0114,price_history,,0.0,,68.0437,-0.032074,0.032074,late,mid,sev2,drug_developer,morningstar,,,,0,0.8238014911463187325256290774,83.66,40.94432400000000000000000000,49.64563530627860953953366058,20.82,40.59325012186965048917910870,6.734693877551020408163265306,145,0.0930939801980198,0.547022,0.1181,13.14,0.126959,-1.1409
MBX,"MBX Biosciences, Inc.",130,0.58,C,low_opt,C,low_opt,,0.195925,,0.226776,0.773224,117,0,specific_days,3,tailwind,high_beta,L,sponsor_confirmed|momentum_tailwind|high_risk,momentum_score:+23.8;catalyst_score:-17.8;smart_money_score:+16.4,tier=C;reason=low_opt;cat_days=117;strength=near;decay_w=1.0,v1.3.0,6e0bf8fb,1,,mid|near_91_180|pos,0.1,,-0.0362,0,1,0.9302,0.1535,8,8,buying,1.8264,elite_8,11.0235,11.0235,2.11,80,0.0,0,0,0,near,1.0,adequate,<=1000bps,575.33,0.85,1,0,1.0,0,1.0,0,117,False,specific_days,0.5165,price_history,,8,2.0712,price_history,,-0.094344,,57.8649,-0.032074,-0.06227,mid,small,none,drug_developer,morningstar,CTGOV_CALENDAR,CT_PRIMARY_COMPLETION,,0,0.7835745710514738231412230532,92.41,50.828,85,41.05,62.41379310344827586206896552,52.45454545454545454545454545,63,0.1,0.804075,0.8563,40.26,0.753918,0.6869
AARD,"Aardvark Therapeutics, Inc.",131,0.22,C,mod_opt+catalyst_far,C,mod_opt+catalyst_far,,0.424765,,0.576503,0.423497,392,0,specific_days,9,neutral,,M,catalyst_far_lift|cost_haircut_>2000bps,financial_score:+14.1;clinical_score:-11.1;catalyst_score:-6.3,tier=C;reason=mod_opt+catalyst_far;cat_days=392;strength=far;decay_w=0.3,v1.3.0,6e0bf8fb,1,,late|far_271_540|nonpos,0.0930939801980198,,0.5406,0,1,-0.2769,-2.0435,0,0,neutral,-1.1749,,0.0,0.0,0.0,,0.0,0,0,0,far,0.3,adequate,>2000bps,2003.02,0.55,1,0,1.0,0,1.0,0,392,False,specific_days,0.170185,price_history,,0,1.0237,price_history,,-0.236071,,42.1502,-0.032074,-0.203997,late,micro,none,drug_developer,morningstar,,,,0,0.8060284476052894766085120569,48.97,39.34736044444444444444444444,,75.64,34.46280991735537190082644628,59.66666666666666666666666667,136,0.0930939801980198,0.575235,0.1897,24.75,0.443574,-0.1419
ANRO,"Alto Neuroscience, Inc.",132,0.48,C,low_opt,C,low_opt,,0.374608,,0.270492,0.729508,27,1,specific_days,3,tailwind,,L,sponsor_confirmed|momentum_tailwind|cost_haircut_<=2000bps,momentum_score:+34.2;financial_score:-20.0;smart_money_score:-6.3,tier=C;reason=low_opt;cat_days=27;strength=near;decay_w=1.0,v1.3.0,6e0bf8fb,1,,late|near_0_30|nonpos,0.09603160592255125,,0.8322,0,1,0.7867,-0.1076,2,2,buying,-0.4246,elite_2,1.3194,1.3194,0.02,80,0.0,0,0,0,near,1.0,adequate,<=2000bps,1358.45,0.7,1,0,1.0,0,1.0,0,27,True,specific_days,0.187165,price_history,,2,1.2083,price_history,,-0.211078,,45.3927,-0.032074,-0.179004,late,small,none,drug_developer,morningstar,CTGOV_CALENDAR,CT_STUDY_COMPLETION,,0,0.8321375280029031087456150962,96.55,57.542,56.050,40.14,59.09090909090909090909090909,42.27845681806750163472662341,120,0.09603160592255125,0.625392,0.3197,31.61,0.584639,0.2138
PGEN,"Precigen, Inc.",133,0.58,C,low_opt,C,low_opt,,0.239812,,0.243169,0.756831,123,0,specific_days,3,tailwind,,L,momentum_tailwind,financial_score:-41.1;momentum_score:+29.6;clinical_score:+12.7,tier=C;reason=low_opt;cat_days=123;strength=mid;decay_w=0.7,v1.3.0,6e0bf8fb,1,,late|near_91_180|pos,0.1,,0.8401,0,1,0.8849,0.071,1,1,buying,-0.7997,elite_1,1.6535,1.6535,1.57,80,0.0,0,0,0,mid,0.7,adequate,<=1000bps,706.82,0.85,1,0,1.0,0,1.0,0,123,False,specific_days,-0.073405,price_history,,1,1.7426,price_history,,-0.014286,,59.458,-0.032074,0.017788,late,small,sev1,drug_developer,morningstar,CTGOV_CALENDAR,CT_STUDY_COMPLETION,,0,0.8320011336820338158374893565,78.33,39.34736044444444444444444444,56.9250,34.78,61.36363636363636363636363636,7.554411246919169055882500878,77,0.1,0.760188,0.7069,19.22,0.327586,-0.4466
ROIV,Roivant Sciences Ltd.,134,0.68,C,mod_opt+no_catalyst_data,C,mod_opt+no_catalyst_data,,0.261755,,0.434426,0.565574,,0,no_upcoming,9,tailwind,,L,sponsor_confirmed|momentum_tailwind,catalyst_score:-21.7;smart_money_score:+17.7;financial_score:+11.0,tier=C;reason=mod_opt+no_catalyst_data;cat_days=NA;strength=missing;decay_w=0.0,v1.3.0,6e0bf8fb,1,,mid|none|nonpos,0.1,,-0.0572,0,1,0.3763,-0.8547,5,5,buying,0.7009,elite_5,7.542,7.542,3.22,80,0.0,0,0,0,missing,0.0,adequate,<=400bps,230.97,1.0,0,0,1.0,0,1.0,0,,False,no_upcoming,-0.009053,price_history,,5,0.62,price_history,,-0.078538,,46.6241,-0.032074,-0.046464,mid,large,none,drug_developer,morningstar,,,,0,0.8349607893607893607893607894,54.44,33.92062044444444444444444444,73.325,30.57,49.58673536794820980314440481,66.60344827586206896551724138,84,0.1,0.738245,0.6379,39.88,0.741379,0.6476
MLYS,"Mineralys Therapeutics, Inc.",135,0.58,C,mod_opt+no_catalyst_data,C,mod_opt+no_catalyst_data,,0.208464,,0.478142,0.521858,,0,no_upcoming,9,neutral,deep_drawdown_rel_xbi,L,sponsor_confirmed,smart_money_score:+26.3;clinical_score:-14.7;catalyst_score:-14.0,tier=C;reason=mod_opt+no_catalyst_data;cat_days=NA;strength=missing;decay_w=0.0,v1.3.0,6e0bf8fb,1,,late|none|nonpos,0.1,,0.5525,0,1,0.1373,-1.2897,7,7,buying,1.4513,elite_7,11.1606,11.1606,31.01,80,0.0,0,0,0,missing,0.0,adequate,<=1000bps,520.93,0.85,1,0,1.0,0,1.0,0,,False,no_upcoming,-0.424309,price_history,,7,1.0937,price_history,,-0.347771,,35.7168,-0.032074,-0.315697,late,mid,none,drug_developer,morningstar,,,,0,0.8220006975122064636131132295,52.55,44.70160044444444444444444444,85,16.49,44.05276105612805949506286207,67.35714285714285714285714286,67,0.1,0.791536,0.8118,32.36,0.597179,0.2461
GHRS,GH Research PLC,136,0.14,C,low_opt+no_catalyst_data,C,low_opt+no_catalyst_data,,0.130094,,0.297814,0.702186,,0,no_upcoming,9,headwind,,S,sponsor_confirmed|momentum_headwind|cost_haircut_<=2000bps,financial_score:-36.6;smart_money_score:+29.2;clinical_score:+12.3,tier=C;reason=low_opt+no_catalyst_data;cat_days=NA;strength=missing;decay_w=0.0,v1.3.0,6e0bf8fb,1,,mid|none|nonpos,0.1,,-0.0504,0,1,0.7068,-0.253,5,5,buying,0.7009,elite_5,5.8749,5.8749,1.89,80,0.0,0,0,0,missing,0.0,adequate,<=2000bps,1273.66,0.7,1,0,1.0,0,1.0,0,,False,no_upcoming,-0.09424,price_history,,5,1.457,price_history,,-0.188718,,52.363,-0.032074,-0.156644,mid,small,none,drug_developer,morningstar,,,,0,0.7612556459593183067619571193,45.81,39.02342400000000000000000000,74.13054768582224050716559226,49.74,57.24137931034482758620689655,8.347107438016528925619834711,42,0.1,0.869906,1.1259,32.98,0.606583,0.2704
VRTX,Vertex Pharmaceuticals Incorporated,137,0.41,C,low_quality,,,C,0.600313,0.319853,,,29,1,specific_days,3,headwind,,M,sponsor_confirmed|momentum_headwind,clinical_score:+21.0;financial_score:-12.1;momentum_score:-11.9,tier=;reason=;cat_days=29;strength=near;decay_w=1.0,v1.3.0,6e0bf8fb,1,,late|near_0_30|pos,0.09254273684210526,40.028404,0.8856,0,1,1.2924,1.2447,3,3,buying,-0.0494,elite_3,4.9868,4.9868,2.52,80,0.0,0,0,0,near,1.0,adequate,<=400bps,126.52,1.0,0,0,1.0,0,1.0,0,29,True,specific_days,0.004874,price_history,,3,0.627,price_history,,-0.081264,,57.2116,-0.032074,-0.04919,late,large,none,commercial_biotech,morningstar,CTGOV_CALENDAR,CT_PRIMARY_COMPLETION,,0,0.9,44.08,55.778,59.300,32.72,77.000,43.91200951248513674197384066,192,0.09254273684210526,0.399687,-0.2542,47.56,0.907524,1.3257
VNDA,Vanda Pharmaceuticals Inc.,138,0.58,A,high_quality+catalyst_near,,,A,0.597179,0.974265,,,27,1,specific_days,3,tailwind,,L,tier_a_commercial|momentum_tailwind,momentum_score:+16.4;catalyst_score:-14.4;clinical_score:+12.9,tier=;reason=;cat_days=27;strength=near;decay_w=1.0,v1.3.0,6e0bf8fb,1,,late|near_0_30|pos,0.09254273684210526,71.038926,0.8852,0,1,1.1923,1.0989,1,1,neutral,-0.7997,elite_1,0.7097,0.7097,0.45,80,0.0,0,0,0,near,1.0,adequate,<=1000bps,959.42,0.85,1,0,1.0,0,1.0,0,27,True,specific_days,0.534258,price_history,,1,1.3418,price_history,,-0.122449,,54.0435,-0.032074,-0.090375,late,small,none,commercial_biotech,morningstar,CTGOV_CALENDAR,CT_PRIMARY_COMPLETION,,0,0.8875160734958568512069172571,78.32,47.52322844444444444444444444,51.125,83.67,74.84848484848484848484848485,57.97872340425531914893617021,191,0.09254273684210526,0.402821,-0.2461,48.94,0.926332,1.449
RYTM,"Rhythm Pharmaceuticals, Inc.",139,0.68,C,low_quality,,,C,0.34326,0.386029,,,438,0,specific_days,9,headwind,,L,catalyst_far_lift|sponsor_confirmed|momentum_headwind,smart_money_score:+20.5;clinical_score:+19.6;momentum_score:-16.2,tier=;reason=;cat_days=438;strength=far;decay_w=0.3,v1.3.0,6e0bf8fb,1,,late|far_271_540|pos,0.0961064745762712,42.351145,0.8856,0,1,1.2487,1.1974,9,9,buying,2.2016,elite_9,15.7379,15.7379,7.07,80,0.0,0,0,0,far,0.3,adequate,<=400bps,365.56,1.0,0,0,1.0,0,1.0,0,438,False,specific_days,-0.1806,price_history,,9,1.1975,price_history,,-0.073372,,54.7452,-0.032074,-0.041298,late,mid,none,commercial_biotech,morningstar,,,,0,0.9,40.27,44.43501511111111111111111111,77.0,40.48,76.06060606060606060606060606,44.73143424036281179138321995,110,0.0961064745762712,0.65674,0.4036,45.28,0.876176,1.1561
NVAX,"Novavax, Inc.",140,0.35,A,high_quality+catalyst_near,,,A,0.221003,0.996324,,,104,0,specific_days,9,headwind,,M,tier_a_commercial|momentum_headwind,clinical_score:+18.2;financial_score:+18.2;momentum_score:-16.6,tier=;reason=;cat_days=104;strength=near;decay_w=1.0,v1.3.0,6e0bf8fb,1,,late|near_91_180|pos,0.1,73.2285,0.8856,0,1,1.2924,1.321,1,1,selling,-0.7997,elite_1,0.6597,0.6597,0.02,80,0.0,0,0,0,near,1.0,adequate,<=1000bps,514.96,0.85,1,0,1.0,0,1.0,0,104,False,specific_days,-0.049175,price_history,,1,1.1296,price_history,,-0.122222,,53.8513,-0.032074,-0.090148,late,small,none,commercial_biotech,morningstar,,,,0,0.8958188533717302615790736741,42.20,50.774,47.050,86.11,77.000,77.000,71,0.1,0.778997,0.7688,52.13,0.973354,1.9326
ARDX,"Ardelyx, Inc.",141,0.58,B,mod_quality+catalyst_near,,,B,0.04232,0.650735,,,119,0,specific_days,3,tailwind,,L,momentum_tailwind,clinical_score:+18.3;financial_score:-8.3;catalyst_score:-6.9,tier=;reason=;cat_days=119;strength=near;decay_w=1.0,v1.3.0,6e0bf8fb,1,,late|near_91_180|pos,0.1,54.62284,0.8856,0,1,1.2924,1.4167,1,1,buying,-0.7997,elite_1,1.132,1.132,0.74,80,0.0,0,0,0,near,1.0,adequate,<=1000bps,607.62,0.85,1,0,1.0,0,1.0,0,119,False,specific_days,0.281749,price_history,,1,0.5986,price_history,,-0.025031,,62.3763,-0.032074,0.007043,late,small,none,commercial_biotech,morningstar,CTGOV_CALENDAR,CT_PRIMARY_COMPLETION,,0,0.8881475159696275762323731469,59.53,51.818,54.850,57.27,77.000,50.38297872340425531914893617,14,0.1,0.95768,1.7244,46.23,0.888715,1.2197
REGN,"Regeneron Pharmaceuticals, Inc.",142,0.68,B,mod_quality+catalyst_near,,,B,0.584639,0.694853,,,16,1,specific_days,3,neutral,,L,sponsor_confirmed,momentum_score:-12.7;clinical_score:+9.0;financial_score:+2.2,tier=;reason=;cat_days=16;strength=near;decay_w=1.0,v1.3.0,6e0bf8fb,1,,late|near_0_30|pos,0.09254273684210526,56.15169,0.872,0,1,0.8821,1.035,4,4,buying,0.3258,elite_4,3.3858,3.3858,1.38,80,0.0,0,0,0,near,1.0,adequate,<=400bps,121.62,1.0,0,0,1.0,0,1.0,0,16,True,specific_days,0.093442,price_history,,4,0.6041,price_history,,-0.070481,,49.9594,-0.032074,-0.038407,late,large,none,commercial_biotech,morningstar,CTGOV_CALENDAR,CT_PRIMARY_COMPLETION,,0,0.9,46.44,60.398,59.450,54.98,68.18181818181818181818181818,61.37931034482758620689655173,187,0.09254273684210526,0.415361,-0.2138,48.18,0.913793,1.3645
MNKD,MannKind Corporation,143,0.35,C,low_quality,,,C,0.211599,0.341912,,,58,1,specific_days,3,neutral,,M,,clinical_score:+22.2;financial_score:-17.8;momentum_score:-2.9,tier=;reason=;cat_days=58;strength=near;decay_w=1.0,v1.3.0,6e0bf8fb,1,,late|near_31_90|pos,0.1,41.095322,0.8856,0,1,1.2205,1.1669,0,0,neutral,-1.1749,,0.0,0.0,0.0,,0.0,0,0,0,near,1.0,adequate,<=1000bps,734.46,0.85,1,0,1.0,0,1.0,0,58,True,specific_days,0.013582,price_history,,0,0.4552,price_history,,-0.008251,,58.9435,-0.032074,0.023823,late,small,none,commercial_biotech,morningstar,CTGOV_CALENDAR,CT_PRIMARY_COMPLETION,,0,0.9,50.32,51.698,,43.14,75.45454545454545454545454545,35.40516070620190131281122680,68,0.1,0.788401,0.8009,41.51,0.788401,0.8009
TECH,Bio-Techne Corporation,144,0.2,C,low_quality,,,C,0.590909,0.136029,,,16,1,specific_days,3,headwind,,S,momentum_headwind,financial_score:-27.1;clinical_score:+19.6;catalyst_score:+10.8,tier=;reason=;cat_days=16;strength=near;decay_w=1.0,v1.3.0,6e0bf8fb,1,,late|near_0_30|pos,0.09254273684210526,32.811,0.874,0,1,0.9385,0.8619,1,1,buying,-0.7997,elite_1,0.6597,0.6597,0.02,80,0.0,0,0,0,near,1.0,adequate,<=400bps,290.14,1.0,0,0,1.0,0,1.0,0,16,True,specific_days,-0.016163,price_history,,1,0.4683,price_history,,-0.12796,,50.0222,-0.032074,-0.095886,late,mid,none,commercial_biotech,morningstar,CTGOV_CALENDAR,CT_PRIMARY_COMPLETION,,0,0.9,43.40,60.596,53.050,39.66,69.39393939393939393939393939,22.77777777777777777777777778,189,0.09254273684210526,0.409091,-0.2299,40.11,0.750784,0.677
AMGN,Amgen Inc.,145,0.2,B,mod_quality+catalyst_near,,,B,0.528213,0.783088,,,26,1,specific_days,3,headwind,,S,momentum_headwind,momentum_score:-20.2;financial_score:+14.5;clinical_score:+11.7,tier=;reason=;cat_days=26;strength=near;decay_w=1.0,v1.3.0,6e0bf8fb,1,,late|near_0_30|pos,0.09254273684210526,59.3835,0.8845,0,1,0.8649,0.8896,1,1,neutral,-0.7997,elite_1,1.4166,1.4166,1.8,80,0.0,0,0,0,near,1.0,adequate,<=400bps,100.93,1.0,0,0,1.0,0,1.0,0,26,True,specific_days,0.043801,price_history,,1,0.691,price_history,,-0.0189,,58.5957,-0.032074,0.013174,late,large,none,commercial_pharma,morningstar,CTGOV_CALENDAR,CT_PRIMARY_COMPLETION,,0,0.9,42.31,64.538,54.50,46.49,74.24242424242424242424242424,77.000,169,0.09254273684210526,0.471787,-0.0708,53.64,0.985893,2.1943
AXSM,"Axsome Therapeutics, Inc.",146,0.68,C,low_quality,,,C,0.321317,0.268382,,,302,0,specific_days,9,tailwind,,L,catalyst_far_lift|sponsor_confirmed|momentum_tailwind,financial_score:-20.4;clinical_score:+14.4;catalyst_score:-7.7,tier=;reason=;cat_days=302;strength=far;decay_w=0.3,v1.3.0,6e0bf8fb,1,,late|far_271_540|pos,0.0961064745762712,38.968149,0.8767,0,1,1.009,0.9381,7,7,buying,1.4513,elite_7,9.527,9.527,3.05,80,0.0,0,0,0,far,0.3,adequate,<=400bps,296.94,1.0,0,0,1.0,0,1.0,0,302,False,specific_days,0.253634,price_history,,7,0.6788,price_history,,-0.017028,,64.0401,-0.032074,0.015046,late,mid,none,commercial_biotech,morningstar,,,,0,0.9,63.12,48.87592711111111111111111111,63.6875,28.75,70.90909090909090909090909091,36.18144132653061224489795918,103,0.0961064745762712,0.678683,0.464,43.68,0.841693,1.0014
INCY,Incyte Corporation,147,0.41,B,mod_quality+catalyst_near,,,B,0.568966,0.628676,,,1,1,specific_days,3,headwind,,M,sponsor_confirmed|momentum_headwind,momentum_score:-23.2;financial_score:+14.4;smart_money_score:+8.6,tier=;reason=;cat_days=1;strength=near;decay_w=1.0,v1.3.0,6e0bf8fb,1,,late|near_0_30|pos,0.09254273684210526,54.031897,0.8486,0,1,0.6495,0.8186,3,3,buying,-0.0494,elite_3,4.1443,4.1443,18.84,80,0.0,0,0,0,near,1.0,adequate,<=400bps,222.19,1.0,0,0,1.0,0,1.0,0,1,True,specific_days,-0.134909,price_history,,3,0.7254,price_history,,-0.071448,,50.2131,-0.032074,-0.039374,late,large,none,commercial_biotech,morningstar,CTGOV_CALENDAR,CT_PRIMARY_COMPLETION,,0,0.9,36.19,55.832,68.0,38.82,63.18181818181818181818181818,73.79310344827586206896551724,182,0.09254273684210526,0.431034,-0.1737,53.25,0.979624,2.046
IRWD,"Ironwood Pharmaceuticals, Inc.",148,0.35,B,high_quality+no_catalyst_data,,,B,0.173981,0.966912,,,,0,no_upcoming,9,tailwind,high_vol,M,momentum_tailwind|high_risk,catalyst_score:-38.4;momentum_score:+28.7;clinical_score:+9.1,tier=;reason=;cat_days=NA;strength=missing;decay_w=0.0,v1.3.0,6e0bf8fb,1,,late|none|pos,0.1,69.473787,0.8856,0,1,0.9804,1.0634,0,0,neutral,-1.1749,,0.0,0.0,0.0,,0.0,0,0,0,missing,0.0,adequate,<=1000bps,716.43,0.85,1,0,1.0,0,1.0,0,,False,no_upcoming,1.522235,price_history,,0,0.6542,price_history,,-0.083488,,61.9416,-0.032074,-0.051414,late,small,none,commercial_pharma,morningstar,,,,0,0.8408700454043440912995459566,96.55,29.45580844444444444444444444,,55.24,77.000,68.51063829787234042553191489,56,0.1,0.826019,0.9385,40.00,0.747649,0.6671
TARS,"Tarsus Pharmaceuticals, Inc.",149,0.35,C,low_quality+no_catalyst_data,,,C,0.289969,0.511029,,,,0,no_upcoming,9,headwind,,M,sponsor_confirmed|momentum_headwind,smart_money_score:+28.4;catalyst_score:-25.1;momentum_score:-20.0,tier=;reason=;cat_days=NA;strength=missing;decay_w=0.0,v1.3.0,6e0bf8fb,1,,late|none|pos,0.1,47.785036,0.8762,0,1,0.9808,0.9076,8,8,buying,1.8264,elite_8,13.1189,13.1189,5.62,80,0.0,0,0,0,missing,0.0,adequate,<=1000bps,534.9,0.85,1,0,1.0,0,1.0,0,,False,no_upcoming,-0.2022,price_history,,8,0.6806,price_history,,-0.200945,,25.0614,-0.032074,-0.168871,late,mid,none,commercial_biotech,morningstar,,,,0,0.9,34.56,29.45580844444444444444444444,83.0,45.40,70.30303030303030303030303030,55.51785714285714285714285714,93,0.1,0.710031,0.5535,51.18,0.96395,1.7985
HALO,"Halozyme Therapeutics, Inc.",150,0.2,C,low_quality+no_catalyst_data,,,C,0.136364,0.238971,,,,0,no_upcoming,9,headwind,,S,momentum_headwind,clinical_score:+27.9;financial_score:-15.5;catalyst_score:-7.7,tier=;reason=;cat_days=NA;strength=missing;decay_w=0.0,v1.3.0,6e0bf8fb,1,,late|none|pos,0.1,38.422898,0.8804,0,1,1.1218,1.0602,0,0,neutral,-1.1749,,0.0,0.0,0.0,,0.0,0,0,0,missing,0.0,adequate,<=400bps,264.1,1.0,0,0,1.0,0,1.0,0,,False,no_upcoming,-0.014178,price_history,,0,0.5926,price_history,,-0.048927,,61.3687,-0.032074,-0.016853,late,mid,none,commercial_biotech,morningstar,,,,0,0.9,40.71,37.79043600000000000000000000,,47.96,73.33333333333333333333333333,29.98866213151927437641723356,44,0.1,0.863636,1.0968,36.21,0.675549,0.4553
MIRM,"Mirum Pharmaceuticals, Inc.",151,0.68,C,low_quality,,,C,0.202194,0.363971,,,241,0,specific_days,3,tailwind,overbought_rsi,L,catalyst_far_lift|sponsor_confirmed|momentum_tailwind,financial_score:-22.1;catalyst_score:-16.9;clinical_score:+14.3,tier=;reason=;cat_days=241;strength=far;decay_w=0.3,v1.3.0,6e0bf8fb,1,,late|near_181_270|pos,0.1,42.129,0.8774,0,1,1.0654,0.9991,3,3,buying,-0.0494,elite_3,6.0827,6.0827,3.49,80,0.0,0,0,0,far,0.3,adequate,<=400bps,362.39,1.0,0,0,1.0,0,1.0,0,241,False,specific_days,0.292452,price_history,,3,0.9316,price_history,,0.0,,81.2902,-0.032074,0.032074,late,mid,none,commercial_biotech,morningstar,CTGOV_CALENDAR,CT_PRIMARY_COMPLETION,,0,0.9,71.90,40.94432400000000000000000000,68.3375,33.39,72.12121212121212121212121212,35.69444444444444444444444444,65,0.1,0.797806,0.8338,38.37,0.713166,0.5627
SNY,Sanofi,152,0.2,C,low_quality,,,C,0.587774,0.3125,,,9,1,specific_days,3,headwind,,S,momentum_headwind,clinical_score:+30.6;financial_score:-27.4;momentum_score:-15.9,tier=;reason=;cat_days=9;strength=near;decay_w=1.0,v1.3.0,6e0bf8fb,1,,late|near_0_30|pos,0.09254273684210526,39.595106,0.8856,0,1,0.9665,0.733,1,1,selling,-0.7997,elite_1,0.3958,0.3958,0.18,80,0.0,0,0,0,near,1.0,adequate,<=400bps,257.8,1.0,0,0,1.0,0,1.0,0,9,True,specific_days,-0.077846,price_history,,1,0.2211,price_history,,-0.169225,,48.9364,-0.032074,-0.137151,late,large,none,commercial_pharma,morningstar,CTGOV_CALENDAR,CT_PRIMARY_COMPLETION,,0,0.8482141208338866020448811579,30.18,57.392,47.450,71.91,76.66666666666666666666666666,18.64579204650548289073853877,188,0.09254273684210526,0.412226,-0.2218,34.61,0.647335,0.3781
CHRS,"Coherus Oncology, Inc.",153,0.48,B,high_quality+catalyst_far,,,B,0.324451,0.988971,,,272,0,specific_days,9,tailwind,,L,catalyst_far_lift|momentum_tailwind|cost_haircut_<=2000bps,momentum_score:+22.1;catalyst_score:-17.1;smart_money_score:-10.2,tier=;reason=;cat_days=272;strength=far;decay_w=0.3,v1.3.0,6e0bf8fb,1,,late|far_271_540|pos,0.0961064745762712,72.488955,0.8544,0,1,0.6706,0.8383,1,1,buying,-0.7997,elite_1,0.7485,0.7485,0.32,80,0.0,0,0,0,far,0.3,adequate,<=2000bps,1769.76,0.7,1,0,1.0,0,1.0,0,272,False,specific_days,0.321981,price_history,,1,0.4272,price_history,,-0.135458,,62.1791,-0.032074,-0.103384,late,micro,none,commercial_biotech,morningstar,,,,0,0.8197054226732787452427632338,86.04,46.89827600000000000000000000,53.800,68.53,63.63636363636363636363636364,69.54545454545454545454545455,104,0.0961064745762712,0.675549,0.4553,43.34,0.832288,0.9632
AZN,Astrazeneca PLC,154,0.68,C,low_quality,,,C,0.531348,0.106618,,,24,1,specific_days,3,tailwind,overbought_rsi,L,sponsor_confirmed|momentum_tailwind|runway_short,financial_score:-53.1;momentum_score:+34.1;clinical_score:+12.7,tier=;reason=;cat_days=24;strength=near;decay_w=1.0,v1.3.0,6e0bf8fb,1,,late|near_0_30|pos,0.09254273684210526,30.831772,0.8853,0,1,0.903,0.6677,4,4,buying,0.3258,elite_4,5.085,5.085,3.46,80,0.0,0,0,0,near,1.0,short,<=400bps,311.4,1.0,0,0,1.0,0,1.0,0,24,True,specific_days,1.52418,price_history,,4,-1.2448,price_history,,0.0,,90.4422,-0.032074,0.032074,late,large,sev2,commercial_pharma,morningstar,CTGOV_CALENDAR,CT_PRIMARY_COMPLETION,,0,0.8521126573889993373094764745,96.55,63.110,68.225,20.83,75.15151515151515151515151515,9.402827321971198308891531248,170,0.09254273684210526,0.468652,-0.0787,15.52,0.19906,-0.845
ALKS,Alkermes plc,155,0.58,C,mod_quality+catalyst_far,,,C,0.315047,0.658088,,,850,0,specific_days,9,headwind,overbought_rsi,L,catalyst_far_lift|sponsor_confirmed|momentum_headwind,clinical_score:+18.1;momentum_score:-14.6;catalyst_score:-13.9,tier=;reason=;cat_days=850;strength=far;decay_w=0.3,v1.3.0,6e0bf8fb,1,,late|far_271_540|pos,0.0961064745762712,54.688714,0.8856,0,1,0.9804,0.7473,6,6,buying,1.0761,elite_6,6.548,6.548,1.91,80,0.0,0,0,0,far,0.3,adequate,<=1000bps,413.25,0.85,1,0,1.0,0,1.0,0,850,False,specific_days,0.035395,price_history,,6,0.6296,price_history,,-0.028889,,71.4251,-0.032074,0.003185,late,mid,none,commercial_pharma,morningstar,,,,0,0.9,44.30,44.99190044444444444444444444,57.7750,40.48,77.000,70.35714285714285714285714286,101,0.0961064745762712,0.684953,0.4816,56.21,0.995298,2.597
TVTX,"Travere Therapeutics, Inc.",156,0.58,B,mod_quality+catalyst_near,,,B,0.293103,0.621324,,,119,0,specific_days,3,neutral,,L,sponsor_confirmed,smart_money_score:+14.6;catalyst_score:-11.4;momentum_score:-7.3,tier=;reason=;cat_days=119;strength=near;decay_w=1.0,v1.3.0,6e0bf8fb,1,,late|near_91_180|pos,0.1,52.6415,0.8403,0,1,0.586,0.7596,5,5,buying,0.7009,elite_5,7.1793,7.1793,3.02,80,0.0,0,0,0,near,1.0,adequate,<=1000bps,419.21,0.85,1,0,1.0,0,1.0,0,119,False,specific_days,-0.226287,price_history,,5,1.073,price_history,,-0.178376,,53.6842,-0.032074,-0.146302,late,mid,none,commercial_biotech,morningstar,CTGOV_CALENDAR,CT_PRIMARY_COMPLETION,,0,0.9,50.63,46.59260844444444444444444444,72.575,46.58,61.81818181818181818181818182,58.25000000000000000000000000,94,0.1,0.706897,0.5443,40.40,0.763323,0.717
ACAD,ACADIA Pharmaceuticals Inc.,157,0.35,B,mod_quality+catalyst_near,,,B,0.004702,0.665441,,,102,0,specific_days,3,headwind,,M,sponsor_confirmed|momentum_headwind,catalyst_score:-16.7;momentum_score:-16.2;smart_money_score:+14.6,tier=;reason=;cat_days=102;strength=near;decay_w=1.0,v1.3.0,6e0bf8fb,1,,late|near_91_180|pos,0.1,55.088643,0.8578,0,1,0.7411,0.9039,7,7,buying,1.4513,elite_7,8.9018,8.9018,9.74,80,0.0,0,0,0,near,1.0,adequate,<=1000bps,567.97,0.85,1,0,1.0,0,1.0,0,102,False,specific_days,0.036409,price_history,,7,0.8732,price_history,,-0.068781,,48.088,-0.032074,-0.036707,late,mid,none,commercial_biotech,morningstar,CTGOV_CALENDAR,CT_PRIMARY_COMPLETION,,0,0.9,40.21,39.77296044444444444444444444,71.0,49.47,65.15151515151515151515151515,66.07142857142857142857142857,2,0.1,0.995298,2.597,51.85,0.970219,1.884
NBIX,"Neurocrine Biosciences, Inc.",158,0.41,C,low_quality,,,C,0.575235,0.202206,,,27,1,specific_days,3,headwind,,M,sponsor_confirmed|momentum_headwind,momentum_score:-22.8;smart_money_score:+21.2;clinical_score:+16.7,tier=;reason=;cat_days=27;strength=near;decay_w=1.0,v1.3.0,6e0bf8fb,1,,late|near_0_30|pos,0.09254273684210526,36.352411,0.875,0,1,0.6809,0.4393,8,8,buying,1.8264,elite_8,10.7059,10.7059,2.54,80,0.0,0,0,0,near,1.0,adequate,<=400bps,270.48,1.0,0,0,1.0,0,1.0,0,27,True,specific_days,-0.14848,price_history,,8,0.6004,price_history,,-0.115659,,49.2289,-0.032074,-0.083585,late,large,none,commercial_pharma,morningstar,CTGOV_CALENDAR,CT_PRIMARY_COMPLETION,,0,0.9,30.33,43.07471111111111111111111111,74.350,24.89,69.84848484848484848484848485,47.94424626767076231998943057,184,0.09254273684210526,0.424765,-0.1897,48.59,0.920063,1.4055
INDV,Indivior PLC,159,0.41,C,low_quality+no_catalyst_data,,,C,0.158307,0.518382,,,,0,no_upcoming,9,neutral,,M,,clinical_score:+20.5;catalyst_score:-10.4;momentum_score:-7.8,tier=;reason=;cat_days=NA;strength=missing;decay_w=0.0,v1.3.0,6e0bf8fb,1,,late|none|pos,0.1,47.986571,0.8856,0,1,0.9804,0.7473,1,1,neutral,-0.7997,elite_1,1.6927,1.6927,2.57,80,0.0,0,0,0,missing,0.0,adequate,<=400bps,362.1,1.0,0,0,1.0,0,1.0,0,,False,no_upcoming,0.043892,price_history,,1,0.273,price_history,,-0.043716,,55.2305,-0.032074,-0.011642,late,mid,none,commercial_pharma,morningstar,,,,0,0.9,48.70,46.13523377777777777777777778,56.4250,39.48,77.000,54.28571428571428571428571428,51,0.1,0.841693,1.0014,49.39,0.938871,1.5454
ESPR,"Esperion Therapeutics, Inc.",160,0.58,C,mod_quality+no_catalyst_data,,,C,0.111285,0.819853,,,,0,no_upcoming,9,tailwind,,L,momentum_tailwind,clinical_score:+14.2;smart_money_score:-9.3;catalyst_score:-7.8,tier=;reason=;cat_days=NA;strength=missing;decay_w=0.0,v1.3.0,6e0bf8fb,1,,late|none|pos,0.1,61.477309,0.8856,0,1,0.9804,0.7473,1,1,buying,-0.7997,elite_1,0.6597,0.6597,0.18,80,0.0,0,0,0,missing,0.0,adequate,<=1000bps,717.05,0.85,1,0,1.0,0,1.0,0,,False,no_upcoming,-0.016215,price_history,,1,1.3376,price_history,,-0.142157,,51.7883,-0.032074,-0.110083,late,small,none,commercial_pharma,morningstar,,,,0,0.8227120949727437916414294367,61.87,54.950,53.450,54.59,77.000,66.65957446808510638297872340,36,0.1,0.888715,1.2197,45.90,0.882445,1.1873
EBS,Emergent BioSolutions Inc.,161,0.07,C,mod_quality+no_catalyst_data,,,C,0.105016,0.680147,,,,0,no_upcoming,9,headwind,,XS,momentum_headwind|cost_haircut_<=2000bps,catalyst_score:-26.0;clinical_score:+21.5;financial_score:+14.9,tier=;reason=;cat_days=NA;strength=missing;decay_w=0.0,v1.3.0,6e0bf8fb,1,,late|none|pos,0.1,55.478989,0.8856,0,1,0.9804,0.7473,1,1,buying,-0.7997,elite_1,0.6597,0.6597,0.0,80,0.0,0,0,0,missing,0.0,adequate,<=2000bps,1063.88,0.7,1,0,1.0,0,1.0,0,,False,no_upcoming,-0.129388,price_history,,1,1.5876,price_history,,-0.157554,,47.7665,-0.032074,-0.12548,late,small,none,commercial_pharma,morningstar,,,,0,0.9,45.07,29.45580844444444444444444444,55.5,42.21,77.000,70.42553191489361702127659574,34,0.1,0.894984,1.2535,56.91,0.998433,2.9542
GILD,"Gilead Sciences, Inc.",162,0.68,C,low_quality,,,C,0.553292,0.356618,,,27,1,specific_days,3,neutral,overbought_rsi,L,sponsor_confirmed,financial_score:-19.2;clinical_score:+10.7;momentum_score:-10.5,tier=;reason=;cat_days=27;strength=near;decay_w=1.0,v1.3.0,6e0bf8fb,1,,late|near_0_30|pos,0.09254273684210526,41.67546,0.875,0,1,0.6809,0.4393,2,2,buying,-0.4246,elite_2,3.8605,3.8605,7.6,80,0.0,0,0,0,near,1.0,adequate,<=400bps,99.75,1.0,0,0,1.0,0,1.0,0,27,True,specific_days,0.093461,price_history,,2,0.4157,price_history,,0.0,,74.3601,-0.032074,0.032074,late,large,none,commercial_pharma,morningstar,CTGOV_CALENDAR,CT_PRIMARY_COMPLETION,,0,0.9,48.69,69.236,68.0,39.84,69.84848484848484848484848485,39.98546703659664420663231602,177,0.09254273684210526,0.446708,-0.134,43.47,0.835423,0.9758
SUPN,"Supernus Pharmaceuticals, Inc.",163,0.58,C,low_quality,,,C,0.283699,0.503676,,,211,0,specific_days,3,headwind,,L,catalyst_far_lift|sponsor_confirmed|momentum_headwind,clinical_score:+20.6;momentum_score:-15.2;catalyst_score:-14.0,tier=;reason=;cat_days=211;strength=far;decay_w=0.3,v1.3.0,6e0bf8fb,1,,late|near_181_270|pos,0.1,47.742214,0.8829,0,1,0.8522,0.6155,2,2,neutral,-0.4246,elite_2,1.4456,1.4456,0.99,80,0.0,0,0,0,far,0.3,adequate,<=1000bps,550.99,0.85,1,0,1.0,0,1.0,0,211,False,specific_days,-0.22318,price_history,,2,0.4324,price_history,,-0.144211,,45.4308,-0.032074,-0.112137,late,mid,none,commercial_pharma,morningstar,CTGOV_CALENDAR,CT_PRIMARY_COMPLETION,,0,0.9,38.15,39.34736044444444444444444444,52.475,33.79,73.93939393939393939393939394,62.85714285714285714285714286,91,0.1,0.716301,0.5719,50.65,0.948276,1.6284
KMDA,Kamada Ltd.,164,0.22,C,low_quality,,,C,0.330721,0.290441,,,1033,0,specific_days,9,neutral,,M,catalyst_far_lift|cost_haircut_>2000bps,financial_score:-32.9;clinical_score:+30.4;momentum_score:+4.1,tier=;reason=;cat_days=1033;strength=far;decay_w=0.3,v1.3.0,6e0bf8fb,1,,late|far_271_540|pos,0.0961064745762712,39.372368,0.8799,0,1,0.8142,0.5764,0,0,neutral,-1.1749,,0.0,0.0,0.0,,0.0,0,0,0,far,0.3,adequate,>2000bps,2036.0,0.55,1,0,1.0,0,1.0,0,1033,False,specific_days,0.195368,price_history,,0,0.2191,price_history,,-0.071026,,57.4452,-0.032074,-0.038952,late,small,none,commercial_pharma,morningstar,,,,0,0.8529155144989599902116725804,46.73,40.94432400000000000000000000,,73.38,73.03030303030303030303030303,9.651928977415622956591720737,106,0.0961064745762712,0.669279,0.4379,34.05,0.631661,0.3363
EXEL,"Exelixis, Inc.",165,0.2,C,low_quality,,,C,0.550157,0.488971,,,27,1,specific_days,3,headwind,,S,momentum_headwind,momentum_score:-13.9;clinical_score:+9.3;financial_score:+8.0,tier=;reason=;cat_days=27;strength=near;decay_w=1.0,v1.3.0,6e0bf8fb,1,,late|near_0_30|pos,0.09254273684210526,47.638155,0.8381,0,1,0.5296,0.4195,0,0,neutral,-1.1749,,0.0,0.0,0.0,,0.0,0,0,0,near,1.0,adequate,<=400bps,300.89,1.0,0,0,1.0,0,1.0,0,27,True,specific_days,-0.035984,price_history,,0,0.9064,price_history,,-0.081528,,46.1151,-0.032074,-0.049454,late,large,none,commercial_biotech,morningstar,CTGOV_CALENDAR,CT_STUDY_COMPLETION,,0,0.9,37.35,47.90176711111111111111111111,,38.51,60.60606060606060606060606061,59.31034482758620689655172414,176,0.09254273684210526,0.449843,-0.1261,43.29,0.826019,0.9385
ARGX,argenx SE,166,0.41,C,low_quality,,,C,0.045455,0.003676,,,37,1,specific_days,3,headwind,,M,sponsor_confirmed|momentum_headwind,financial_score:-37.8;smart_money_score:+26.8;momentum_score:-13.4,tier=;reason=;cat_days=37;strength=near;decay_w=1.0,v1.3.0,6e0bf8fb,1,,late|near_31_90|pos,0.1,21.548099,0.8574,0,1,0.727,0.6331,6,6,buying,1.0761,elite_6,12.0846,12.0846,6.15,80,0.0,0,0,0,near,1.0,adequate,<=400bps,189.4,1.0,0,0,1.0,0,1.0,0,37,True,specific_days,-0.063855,price_history,,6,0.3773,price_history,,-0.101042,,50.7346,-0.032074,-0.068968,late,large,none,commercial_biotech,morningstar,CTGOV_CALENDAR,CT_PRIMARY_COMPLETION,,0,0.8539370986920332936979785969,39.83,66.032,80.0,18.93,64.84848484848484848484848485,15.45910952569692165411547100,15,0.1,0.954545,1.6906,33.55,0.619122,0.3032
MDGL,"Madrigal Pharmaceuticals, Inc.",167,0.41,C,low_quality,,,C,0.5721,0.180147,,,27,1,specific_days,3,headwind,,M,sponsor_confirmed|momentum_headwind,smart_money_score:+37.1;catalyst_score:-30.5;momentum_score:-10.5,tier=;reason=;cat_days=27;strength=near;decay_w=1.0,v1.3.0,6e0bf8fb,1,,late|near_0_30|pos,0.09254273684210526,35.935209,0.5804,0,1,0.3534,0.2288,6,6,buying,1.0761,elite_6,12.8067,12.8067,11.27,80,0.0,0,0,0,near,1.0,adequate,<=400bps,256.1,1.0,0,0,1.0,0,1.0,0,27,True,specific_days,-0.083249,price_history,,6,1.0111,price_history,,-0.187615,,36.6571,-0.032074,-0.155541,late,large,none,commercial_biotech,morningstar,CTGOV_CALENDAR,CT_PRIMARY_COMPLETION,,0,0.9,37.36,17.35811600000000000000000000,85,26.14,56.81818181818181818181818182,42.92046505482890738538776589,183,0.09254273684210526,0.4279,-0.1817,39.22,0.731975,0.6188
PBYI,Puma Biotechnology Inc,168,0.14,B,mod_quality+catalyst_near,,,B,0.233542,0.724265,,,118,0,specific_days,3,neutral,,S,cost_haircut_<=2000bps,financial_score:+8.1;smart_money_score:-7.6;clinical_score:+5.0,tier=;reason=;cat_days=118;strength=near;decay_w=1.0,v1.3.0,6e0bf8fb,1,,late|near_91_180|pos,0.1,57.351309,0.5712,0,1,0.2476,0.4448,1,1,buying,-0.7997,elite_1,0.6597,0.6597,0.04,80,0.0,0,0,0,near,1.0,adequate,<=2000bps,1952.05,0.7,1,0,1.0,0,1.0,0,118,False,specific_days,0.255175,price_history,,1,0.7483,price_history,,-0.01016,,63.7454,-0.032074,0.021914,late,small,none,commercial_biotech,morningstar,CTGOV_CALENDAR,CT_PRIMARY_COMPLETION,,0,0.8318342497438816163915765509,47.00,46.75712400000000000000000000,41.99769312242513883093317198,62.87,54.54545454545454545454545455,57.65957446808510638297872340,75,0.1,0.766458,0.7272,33.13,0.612853,0.2868
CATX,"Perspective Therapeutics, Inc.",169,0.58,B,mod_quality+catalyst_near,,,B,0.87931,0.790441,,,87,0,specific_days,3,tailwind,high_beta|overbought_rsi,L,sponsor_confirmed|momentum_tailwind|high_risk,momentum_score:+26.1;catalyst_score:-15.1;financial_score:-12.0,tier=;reason=;cat_days=87;strength=near;decay_w=1.0,v1.3.0,6e0bf8fb,1,,early|near_31_90|nonpos,0.0,59.5205,-0.648,0,1,,,2,2,buying,-0.4246,elite_2,2.5449,2.5449,2.34,80,0.0,0,0,0,near,1.0,adequate,<=1000bps,770.12,0.85,1,0,1.0,0,1.0,0,87,False,specific_days,0.807748,price_history,,2,1.9927,price_history,,0.0,,75.7533,-0.032074,0.032074,early,small,none,platform_devices,morningstar,CTGOV_CALENDAR,CT_PRIMARY_COMPLETION,,0,0.7617235470726999785545785975,92.05,50.900,58.850,48.03,74.00000000000000000000000000,54.00000000000000000000000000,281,0.0,0.12069,-1.1715,42.81,0.819749,0.9144
GMAB,Genmab A/S,170,0.58,C,low_quality,,,C,0.559561,0.305147,,,22,1,specific_days,3,neutral,,L,sponsor_confirmed,financial_score:-24.1;catalyst_score:+8.5;smart_money_score:+7.9,tier=;reason=;cat_days=22;strength=near;decay_w=1.0,v1.3.0,6e0bf8fb,1,,late|near_0_30|pos,0.09254273684210526,39.586308,0.8249,0,1,0.3252,0.1983,3,3,buying,-0.0494,elite_3,2.5484,2.5484,1.73,80,0.0,0,0,0,near,1.0,adequate,<=1000bps,467.54,0.85,1,0,1.0,0,1.0,0,22,True,specific_days,-0.001744,price_history,,3,0.8682,price_history,,-0.058574,,51.5105,-0.032074,-0.0265,late,large,none,commercial_biotech,morningstar,CTGOV_CALENDAR,CT_PRIMARY_COMPLETION,,0,0.8416166202044338245055090933,50.24,57.878,57.3250,51.82,56.21212121212121212121212121,25.33623992601400449200687013,179,0.09254273684210526,0.440439,-0.1499,30.80,0.565831,0.1658
AMRX,"Amneal Pharmaceuticals, Inc.",171,0.58,C,low_quality+no_catalyst_data,,,C,0.032915,0.1875,,,,0,no_upcoming,9,tailwind,,L,momentum_tailwind,financial_score:-21.7;clinical_score:+21.5;momentum_score:+5.4,tier=;reason=;cat_days=NA;strength=missing;decay_w=0.0,v1.3.0,6e0bf8fb,1,,late|none|pos,0.1,36.023541,0.8769,0,1,0.7444,0.5046,0,0,neutral,-1.1749,,0.0,0.0,0.0,,0.0,0,0,0,missing,0.0,adequate,<=1000bps,529.96,0.85,1,0,1.0,0,1.0,0,,False,no_upcoming,0.143017,price_history,,0,0.587,price_history,,0.0,,66.688,-0.032074,0.032074,late,mid,none,commercial_pharma,morningstar,,,,0,0.9,55.30,44.73640711111111111111111111,,35.14,71.36363636363636363636363637,28.14342403628117913832199547,11,0.1,0.967085,1.8396,38.02,0.697492,0.5172
TWST,Twist Bioscience Corporation,172,0.68,C,low_quality+no_catalyst_data,,,C,0.782132,0.253676,,,,0,no_upcoming,9,tailwind,overbought_rsi,L,momentum_tailwind,financial_score:-26.4;momentum_score:+22.4;clinical_score:+6.9,tier=;reason=;cat_days=NA;strength=missing;decay_w=0.0,v1.3.0,6e0bf8fb,1,,early|none|nonpos,0.06969944897959185,38.593181,-2.2611,,0,,,1,1,selling,-0.7997,elite_1,0.3958,0.3958,0.01,80,0.0,0,0,0,missing,0.0,adequate,<=400bps,367.76,1.0,0,0,1.0,0,1.0,0,,False,no_upcoming,0.342081,price_history,,1,1.178,price_history,,-0.128305,,72.2052,-0.032074,-0.096231,early,mid,none,platform_diagnostics,morningstar,,,,0,0.7964795326311217287436203714,73.50,52.148,47.025,36.55,58.00000000000000000000000000,24.66817901234567901234567901,250,0.06969944897959185,0.217868,-0.7794,28.88,0.531348,0.0787
MEDP,"Medpace Holdings, Inc.",173,0.2,C,low_quality+no_catalyst_data,,,C,0.741379,0.150735,,,,0,no_upcoming,9,headwind,,S,momentum_headwind,clinical_score:+13.2;catalyst_score:-5.4;financial_score:-5.2,tier=;reason=;cat_days=NA;strength=missing;decay_w=0.0,v1.3.0,6e0bf8fb,1,,early|none|nonpos,0.06969944897959185,34.035222,-2.265,,0,,,0,0,neutral,-1.1749,,0.0,0.0,0.0,,0.0,0,0,0,missing,0.0,adequate,<=400bps,280.62,1.0,0,0,1.0,0,1.0,0,,False,no_upcoming,-0.070472,price_history,,0,0.3273,price_history,,-0.052241,,47.9065,-0.032074,-0.020167,early,large,none,platform_diagnostics,morningstar,,,,0,0.8411614147548358074673864148,39.20,36.38220844444444444444444444,,27.78,55.00000000000000000000000000,36.60493827160493827160493827,237,0.06969944897959185,0.258621,-0.6476,29.81,0.556426,0.1419
IMCR,Immunocore Holdings plc,174,0.35,C,low_quality,,,C,0.684953,0.591912,,,180,0,specific_days,3,headwind,,M,sponsor_confirmed|momentum_headwind,clinical_score:-42.9;smart_money_score:+34.2;financial_score:+23.5,tier=;reason=;cat_days=180;strength=mid;decay_w=0.7,v1.3.0,6e0bf8fb,1,,late|near_91_180|nonpos,0.0743638577586207,50.962394,0.4873,0,1,-1.9216,-2.2322,6,6,buying,1.0761,elite_6,10.0034,10.0034,3.22,80,0.0,0,0,0,mid,0.7,adequate,<=1000bps,886.48,0.85,1,0,1.0,0,1.0,0,180,False,specific_days,-0.11113,price_history,,6,0.8024,price_history,,-0.178416,,42.4959,-0.032074,-0.146342,late,small,none,commercial_biotech,morningstar,CTGOV_CALENDAR,CT_STUDY_COMPLETION,,0,0.8920156532549728752260397830,32.42,54.356,85,31.61,7.925835232232538629845027156,74.25531914893617021276595744,219,0.0743638577586207,0.315047,-0.4816,21.09,0.368339,-0.3363
IDYA,"IDEAYA Biosciences, Inc.",175,0.35,B,mod_quality+catalyst_mid,,,B,0.681818,0.6875,,,140,0,specific_days,3,headwind,,M,sponsor_confirmed|momentum_headwind,clinical_score:-35.1;financial_score:+24.9;smart_money_score:+20.3,tier=;reason=;cat_days=140;strength=mid;decay_w=0.7,v1.3.0,6e0bf8fb,1,,late|near_91_180|nonpos,0.0743638577586207,55.536643,-0.6358,140,1,-1.6585,-1.3282,6,6,neutral,1.0761,elite_6,7.0218,7.0218,5.49,80,0.0,0,0,0,mid,0.7,adequate,<=1000bps,601.95,0.85,1,0,1.0,0,1.0,0,140,False,specific_days,-0.089118,price_history,,6,1.1311,price_history,,-0.10037,,46.6961,-0.032074,-0.068296,late,mid,none,commercial_biotech,morningstar,CTGOV_CALENDAR,CT_PRIMARY_COMPLETION,,0,0.8762465413184772516248839369,46.40,40.94432400000000000000000000,69.02502852259680162971209179,37.57,13.57922660952963983267013570,73.57142857142857142857142857,218,0.0743638577586207,0.318182,-0.4728,20.37,0.355799,-0.3697
FOLD,"Amicus Therapeutics, Inc.",176,0.68,C,low_quality,,,C,0.678683,0.172794,,,119,0,specific_days,3,tailwind,overbought_rsi,L,sponsor_confirmed|momentum_tailwind,smart_money_score:+23.7;financial_score:-22.8;momentum_score:+21.3,tier=;reason=;cat_days=119;strength=near;decay_w=1.0,v1.3.0,6e0bf8fb,1,,late|near_91_180|nonpos,0.0743638577586207,34.846878,0.5637,0,1,0.0784,-0.0686,6,6,buying,1.0761,elite_6,7.6749,7.6749,7.83,80,0.0,0,0,0,near,1.0,adequate,<=400bps,255.23,1.0,0,0,1.0,0,1.0,0,119,False,specific_days,0.441833,price_history,,6,0.8088,price_history,,-0.006259,,80.3613,-0.032074,0.025815,late,mid,none,commercial_biotech,morningstar,CTGOV_CALENDAR,CT_PRIMARY_COMPLETION,,0,0.8925155437420547786894718595,77.93,40.09862400000000000000000000,80.26745612341333387968876920,11.62,50.90909090909090909090909091,33.76417233560090702947845804,217,0.0743638577586207,0.321317,-0.464,34.44,0.644201,0.3697
UTHR,United Therapeutics Corporation,177,0.68,B,mod_quality+catalyst_near,,,B,0.296238,0.636029,,,56,1,specific_days,3,neutral,,L,sponsor_confirmed,momentum_score:-15.0;smart_money_score:+13.3;catalyst_score:-8.2,tier=;reason=;cat_days=56;strength=near;decay_w=1.0,v1.3.0,6e0bf8fb,1,,late|near_31_90|pos,0.1,54.078328,0.8547,0,1,0.4334,0.2404,7,7,buying,1.4513,elite_7,10.4399,10.4399,4.51,80,0.0,0,0,0,near,1.0,adequate,<=400bps,237.01,1.0,0,0,1.0,0,1.0,0,56,True,specific_days,0.015696,price_history,,7,0.3857,price_history,,-0.081469,,47.0361,-0.032074,-0.049395,late,large,none,commercial_pharma,morningstar,CTGOV_CALENDAR,CT_PRIMARY_COMPLETION,,0,0.9,46.87,53.714,75.1625,38.17,63.93939393939393939393939394,69.65517241379310344827586207,95,0.1,0.703762,0.5353,49.83,0.942006,1.5718
IONS,"Ionis Pharmaceuticals, Inc.",178,0.68,C,low_quality,,,C,0.167712,0.599265,,,58,1,specific_days,3,tailwind,,L,momentum_tailwind,catalyst_score:-11.5;financial_score:+9.8;clinical_score:+1.1,tier=;reason=;cat_days=58;strength=near;decay_w=1.0,v1.3.0,6e0bf8fb,1,,late|near_31_90|pos,0.1,51.8005,0.5902,0,1,0.4873,0.3738,0,0,neutral,-1.1749,,0.0,0.0,0.0,,0.0,0,0,0,near,1.0,adequate,<=400bps,245.42,1.0,0,0,1.0,0,1.0,0,58,True,specific_days,-0.017352,price_history,,0,0.8606,price_history,,-0.009657,,58.3008,-0.032074,0.022417,late,large,none,commercial_biotech,morningstar,CTGOV_CALENDAR,CT_PRIMARY_COMPLETION,,0,0.8982507975460122699386503067,59.21,47.08667777777777777777777778,,26.16,59.69696969696969696969696970,68.450,54,0.1,0.832288,0.9632,47.00,0.894984,1.2535
INSM,Insmed Incorporated,179,0.41,C,low_quality,,,C,0.161442,0.011029,,,40,1,specific_days,3,headwind,,M,sponsor_confirmed|momentum_headwind,smart_money_score:+37.3;financial_score:-23.5;momentum_score:-18.1,tier=;reason=;cat_days=40;strength=near;decay_w=1.0,v1.3.0,6e0bf8fb,1,,late|near_31_90|pos,0.1,21.842202,0.5844,0,1,0.4168,0.2975,14,14,buying,4.0774,elite_14,23.2457,23.2457,13.11,80,0.0,0,0,0,near,1.0,adequate,<=400bps,152.46,1.0,0,0,1.0,0,1.0,0,40,True,specific_days,-0.268377,price_history,,14,0.607,price_history,,-0.271652,,36.1521,-0.032074,-0.239578,late,large,none,commercial_biotech,morningstar,CTGOV_CALENDAR,CT_PRIMARY_COMPLETION,,0,0.8930008476599808978032473734,29.55,41.46549377777777777777777778,85,14.49,58.18181818181818181818181818,24.13489232395296604571277579,52,0.1,0.838558,0.9885,37.16,0.688088,0.4904
JAZZ,Jazz Pharmaceuticals plc,180,0.68,A,high_quality+catalyst_near,,,A,0.177116,0.908088,,,58,1,specific_days,9,neutral,,L,tier_a_commercial|sponsor_confirmed,momentum_score:-11.2;catalyst_score:-11.2;smart_money_score:+10.5,tier=;reason=;cat_days=58;strength=near;decay_w=1.0,v1.3.0,6e0bf8fb,1,,late|near_31_90|pos,0.1,66.060862,0.8666,0,1,0.8398,0.3168,6,6,buying,1.0761,elite_6,10.3623,10.3623,10.79,80,0.0,0,0,0,near,1.0,adequate,<=400bps,239.38,1.0,0,0,1.0,0,1.0,0,58,True,specific_days,0.108726,price_history,,6,0.5755,price_history,,-0.075235,,50.6976,-0.032074,-0.043161,late,large,none,commercial_biotech,morningstar,,,,0,0.9,52.27,52.316,74.0,66.66,67.27272727272727272727272727,71.72413793103448275862068966,57,0.1,0.822884,0.9264,49.08,0.932602,1.4955
RIGL,"Rigel Pharmaceuticals, Inc.",181,0.09,C,low_quality,,,C,0.700627,0.577206,,,149,0,specific_days,3,headwind,high_beta|deep_drawdown_rel_xbi,XS,momentum_headwind|high_risk,momentum_score:-14.7;catalyst_score:+8.2;financial_score:+7.1,tier=;reason=;cat_days=149;strength=mid;decay_w=0.7,v1.3.0,6e0bf8fb,1,,late|near_91_180|nonpos,0.0743638577586207,50.47417,0.5627,0,1,0.008,-0.1448,1,1,buying,-0.7997,elite_1,0.6597,0.6597,0.15,80,0.0,0,0,0,mid,0.7,adequate,<=1000bps,762.63,0.85,1,0,1.0,0,1.0,0,149,False,specific_days,-0.081012,price_history,,1,1.9157,price_history,,-0.293367,,40.0826,-0.032074,-0.261293,late,small,none,commercial_biotech,morningstar,CTGOV_CALENDAR,CT_STUDY_COMPLETION,,0,0.8441606218277000113804483897,31.40,54.356,42.27269312242513883093317198,57.88,49.39507306510673514040517407,53.19148936170212765957446809,224,0.0743638577586207,0.299373,-0.5262,40.41,0.766458,0.7272
RGNX,REGENXBIO Inc.,182,0.07,B,mod_quality+catalyst_near,,,B,0.697492,0.841912,,,119,0,specific_days,3,headwind,high_beta|deep_drawdown_rel_xbi,XS,momentum_headwind|high_risk|cost_haircut_<=2000bps,clinical_score:-26.2;financial_score:+19.9;smart_money_score:+16.9,tier=;reason=;cat_days=119;strength=near;decay_w=1.0,v1.3.0,6e0bf8fb,1,,late|near_91_180|nonpos,0.0743638577586207,62.898457,0.5155,0,1,-1.3103,-1.0043,1,1,buying,-0.7997,elite_1,2.6389,2.6389,4.41,80,0.0,0,0,0,near,1.0,adequate,<=2000bps,1208.71,0.7,1,0,1.0,0,1.0,0,119,False,specific_days,-0.453279,price_history,,1,2.1125,price_history,,-0.325407,,35.0238,-0.032074,-0.293333,late,small,none,commercial_biotech,morningstar,CTGOV_CALENDAR,CT_PRIMARY_COMPLETION,,0,0.8179480279080407182889168478,33.07,50.798,64.16517018852662296310238790,74.41,21.06327018784931242843700756,67.20212765957446808510638298,223,0.0743638577586207,0.302508,-0.5172,22.78,0.399687,-0.2542
ONC,BeOne Medicines Ltd.,183,0.41,C,low_quality,,,C,0.227273,0.474265,,,58,1,specific_days,3,headwind,,M,sponsor_confirmed|momentum_headwind,momentum_score:-16.8;smart_money_score:+13.9;financial_score:+6.4,tier=;reason=;cat_days=58;strength=near;decay_w=1.0,v1.3.0,6e0bf8fb,1,,late|near_31_90|pos,0.1,46.525724,0.8304,0,1,0.4309,0.3127,2,2,buying,-0.4246,elite_2,4.2626,4.2626,21.66,80,0.0,0,0,0,near,1.0,adequate,<=400bps,321.86,1.0,0,0,1.0,0,1.0,0,58,True,specific_days,0.025983,price_history,,2,0.4919,price_history,,-0.08602,,56.8731,-0.032074,-0.053946,late,large,none,commercial_biotech,morningstar,CTGOV_CALENDAR,CT_PRIMARY_COMPLETION,,0,0.9,40.24,52.226,71.0,28.36,58.48484848484848484848484848,63.44827586206896551724137931,73,0.1,0.772727,0.7479,46.22,0.88558,1.2034
ANAB,"AnaptysBio, Inc.",184,0.58,C,low_quality,,,C,0.03605,0.525735,,,88,0,specific_days,3,tailwind,,L,sponsor_confirmed|momentum_tailwind,financial_score:-21.6;smart_money_score:+20.7;momentum_score:+13.7,tier=;reason=;cat_days=88;strength=near;decay_w=1.0,v1.3.0,6e0bf8fb,1,,mid|near_31_90|pos,0.1,48.269135,-0.0319,0,1,0.71,0.6147,5,5,buying,0.7009,elite_5,9.9169,9.9169,11.58,80,0.0,0,0,0,near,1.0,adequate,<=1000bps,610.4,0.85,1,0,1.0,0,1.0,0,88,False,specific_days,0.285911,price_history,,5,0.9248,price_history,,-0.007268,,60.3318,-0.032074,0.024806,mid,small,none,commercial_biotech,morningstar,CTGOV_CALENDAR,CT_STUDY_COMPLETION,,0,0.8289685333920123225877434261,77.98,51.368,85,38.43,64.48275862068965517241379310,42.71696765636159575553514948,12,0.1,0.96395,1.7985,45.01,0.873041,1.1409
DVAX,Dynavax Technologies Corporation,185,0.58,B,mod_quality+catalyst_near,,,B,0.672414,0.849265,,,116,0,specific_days,3,tailwind,overbought_rsi,L,sponsor_confirmed|momentum_tailwind,financial_score:+17.5;catalyst_score:-16.7;clinical_score:-4.6,tier=;reason=;cat_days=116;strength=near;decay_w=1.0,v1.3.0,6e0bf8fb,1,,late|near_91_180|nonpos,0.0743638577586207,62.98566,0.5643,0,1,-0.0869,-0.5424,2,2,selling,-0.4246,elite_2,2.4945,2.4945,4.36,80,0.0,0,0,0,near,1.0,adequate,<=1000bps,453.41,0.85,1,0,1.0,0,1.0,0,116,False,specific_days,0.437834,price_history,,2,0.5665,price_history,,-0.014631,,77.2277,-0.032074,0.017443,late,small,none,commercial_pharma,morningstar,CTGOV_CALENDAR,CT_PRIMARY_COMPLETION,,0,0.8972626115515288788221970555,58.57,39.34736044444444444444444444,57.28602271058348719679012295,51.84,51.51515151515151515151515152,73.61702127659574468085106383,215,0.0743638577586207,0.327586,-0.4466,44.97,0.869906,1.1259
CRL,Charles River Laboratories Inte,186,0.41,C,low_quality,,,C,0.666144,0.371324,,,119,0,specific_days,3,neutral,,M,,financial_score:-18.4;clinical_score:+15.3;catalyst_score:+1.6,tier=;reason=;cat_days=119;strength=near;decay_w=1.0,v1.3.0,6e0bf8fb,1,,late|near_91_180|nonpos,0.0743638577586207,42.21051,0.8582,0,1,,,0,0,neutral,-1.1749,,0.0,0.0,0.0,,0.0,0,0,0,near,1.0,adequate,<=400bps,287.24,1.0,0,0,1.0,0,1.0,0,119,False,specific_days,0.113021,price_history,,0,0.4701,price_history,,-0.059752,,51.5204,-0.032074,-0.027678,late,mid,none,platform_diagnostics,morningstar,CTGOV_CALENDAR,CT_STUDY_COMPLETION,,0,0.9,51.81,51.860,,50.03,65.60606060606060606060606061,31.86224489795918367346938776,213,0.0743638577586207,0.333856,-0.4293,35.86,0.663009,0.4207
NTRA,"Natera, Inc.",187,0.68,C,low_quality,,,C,0.628527,0.143382,,,211,0,specific_days,3,neutral,,L,catalyst_far_lift|sponsor_confirmed,clinical_score:+20.6;financial_score:-16.9;momentum_score:-4.0,tier=;reason=;cat_days=211;strength=far;decay_w=0.3,v1.3.0,6e0bf8fb,1,,late|near_181_270|nonpos,0.08571638372093023,33.904578,0.8815,0,1,,,5,5,selling,0.7009,elite_5,6.4958,6.4958,13.65,80,0.0,0,0,0,far,0.3,adequate,<=400bps,196.25,1.0,0,0,1.0,0,1.0,0,211,False,specific_days,0.066675,price_history,,5,0.6007,price_history,,-0.091588,,44.6247,-0.032074,-0.059514,late,large,none,platform_diagnostics,morningstar,CTGOV_CALENDAR,CT_STUDY_COMPLETION,,0,0.9,49.04,50.378,56.0,22.35,73.63636363636363636363636363,36.16461884000528471396485665,201,0.08571638372093023,0.371473,-0.328,39.72,0.738245,0.6379
CERS,Cerus Corporation,188,0.29,C,low_quality,,,C,0.659875,0.5625,,,178,0,specific_days,3,tailwind,,M,momentum_tailwind|cost_haircut_<=2000bps,financial_score:-24.2;momentum_score:+15.3;clinical_score:+10.9,tier=;reason=;cat_days=178;strength=mid;decay_w=0.7,v1.3.0,6e0bf8fb,1,,late|near_91_180|nonpos,0.0743638577586207,49.955428,0.8394,0,1,,,1,1,selling,-0.7997,elite_1,0.3958,0.3958,0.11,80,0.0,0,0,0,mid,0.7,adequate,<=2000bps,1696.05,0.7,1,0,1.0,0,1.0,0,178,False,specific_days,0.484834,price_history,,1,0.6306,price_history,,-0.153285,,50.6617,-0.032074,-0.121211,late,small,none,platform_devices,morningstar,CTGOV_CALENDAR,CT_PRIMARY_COMPLETION,,0,0.891542,65.31,50.798,47.275,72.26,60.90909090909090909090909091,25.78317237563502841909360696,211,0.0743638577586207,0.340125,-0.4121,32.39,0.600313,0.2542
AVIR,"Atea Pharmaceuticals, Inc.",189,0.37,A,high_quality+catalyst_near,,,A,0.65674,0.856618,,,116,0,specific_days,3,neutral,,L,tier_a_commercial|sponsor_confirmed|cost_haircut_>2000bps,smart_money_score:-13.6;financial_score:+13.3;clinical_score:+2.0,tier=;reason=;cat_days=116;strength=near;decay_w=1.0,v1.3.0,6e0bf8fb,1,,late|near_91_180|nonpos,0.0743638577586207,63.516415,0.5654,0,1,0.1348,-1.2473,2,2,selling,-0.4246,elite_2,1.1287,1.1287,0.54,80,0.0,0,0,0,near,1.0,adequate,>2000bps,2020.0,0.55,1,0,1.0,0,1.0,0,116,False,specific_days,0.234766,price_history,,2,0.1815,price_history,,-0.040094,,61.9019,-0.032074,-0.00802,late,small,none,commercial_biotech,morningstar,CTGOV_CALENDAR,CT_PRIMARY_COMPLETION,,0,0.8882543380154055278658812868,48.80,49.58054444444444444444444444,36.49411048499668089741829843,72.07,52.12121212121212121212121212,63.40425531914893617021276596,210,0.0743638577586207,0.34326,-0.4036,44.07,0.847962,1.0277
TGTX,"TG Therapeutics, Inc.",190,0.58,C,low_quality,,,C,0.358934,0.121324,,,698,0,specific_days,9,headwind,deep_drawdown|deep_drawdown_rel_xbi,L,catalyst_far_lift|sponsor_confirmed|momentum_headwind,smart_money_score:+17.7;financial_score:-17.6;clinical_score:+14.0,tier=;reason=;cat_days=698;strength=far;decay_w=0.3,v1.3.0,6e0bf8fb,1,,late|far_271_540|pos,0.0961064745762712,32.064592,0.8249,0,1,0.3252,0.1983,3,3,buying,-0.0494,elite_3,2.9323,2.9323,2.73,80,0.0,0,0,0,far,0.3,adequate,<=1000bps,433.45,0.85,1,0,1.0,0,1.0,0,698,False,specific_days,-0.270243,price_history,,3,0.7299,price_history,,-0.358822,,41.4878,-0.032074,-0.326748,late,mid,none,commercial_biotech,morningstar,,,,0,0.9,29.88,40.41376711111111111111111111,59.8250,42.99,56.21212121212121212121212121,24.53798185941043083900226758,115,0.0961064745762712,0.641066,0.3613,33.68,0.628527,0.328
ANIP,"ANI Pharmaceuticals, Inc.",191,0.35,C,low_quality,,,C,0.653605,0.422794,,,149,0,specific_days,3,headwind,,M,sponsor_confirmed|momentum_headwind,momentum_score:-18.2;clinical_score:+14.7;smart_money_score:+11.2,tier=;reason=;cat_days=149;strength=mid;decay_w=0.7,v1.3.0,6e0bf8fb,1,,late|near_91_180|nonpos,0.0743638577586207,44.142231,-0.3321,149,1,0.2431,-0.0109,2,2,buying,-0.4246,elite_2,2.5282,2.5282,1.15,80,0.0,0,0,0,mid,0.7,adequate,<=1000bps,537.0,0.85,1,0,1.0,0,1.0,0,149,False,specific_days,-0.191247,price_history,,2,0.208,price_history,,-0.190365,,44.3643,-0.032074,-0.158291,late,small,none,commercial_pharma,morningstar,CTGOV_CALENDAR,CT_PRIMARY_COMPLETION,,0,0.9,26.42,44.99190044444444444444444444,55.8750,64.01,59.39393939393939393939393940,36.56606810522609526683768422,209,0.0743638577586207,0.346395,-0.3951,39.94,0.744514,0.6573
BMRN,BioMarin Pharmaceutical Inc.,192,0.68,A,high_quality+catalyst_near,,,A,0.073668,0.893382,,,119,0,specific_days,3,headwind,,L,tier_a_commercial|sponsor_confirmed|momentum_headwind,momentum_score:-20.2;clinical_score:+10.4;financial_score:+10.1,tier=;reason=;cat_days=119;strength=near;decay_w=1.0,v1.3.0,6e0bf8fb,1,,late|near_91_180|pos,0.1,64.821293,0.871,0,1,0.868,0.3794,3,3,neutral,-0.0494,elite_3,3.2086,3.2086,7.56,80,0.0,0,0,0,near,1.0,adequate,<=400bps,250.33,1.0,0,0,1.0,0,1.0,0,119,False,specific_days,-0.055188,price_history,,3,0.8683,price_history,,-0.204311,,54.6938,-0.032074,-0.172237,late,large,none,commercial_biotech,morningstar,CTGOV_CALENDAR,CT_PRIMARY_COMPLETION,,0,0.9,37.20,49.58054444444444444444444444,65.0,77.05,67.87878787878787878787878788,67.58620689655172413793103448,24,0.1,0.926332,1.449,53.62,0.982759,2.1144
TXG,"10x Genomics, Inc.",193,0.58,C,mod_quality+catalyst_far,,,C,0.631661,0.768382,,,266,0,specific_days,3,tailwind,,L,catalyst_far_lift|momentum_tailwind,clinical_score:-33.5;financial_score:+21.1;momentum_score:+17.7,tier=;reason=;cat_days=266;strength=far;decay_w=0.3,v1.3.0,6e0bf8fb,1,,late|near_181_270|nonpos,0.08571638372093023,59.156786,-0.9055,266,1,,,1,1,neutral,-0.7997,elite_1,0.6597,0.6597,0.05,80,0.0,0,0,0,far,0.3,adequate,<=1000bps,450.69,0.85,1,0,1.0,0,1.0,0,266,False,specific_days,0.373112,price_history,,1,0.6579,price_history,,-0.139715,,49.61,-0.032074,-0.107641,late,mid,none,platform_services,morningstar,CTGOV_CALENDAR,CT_PRIMARY_COMPLETION,,0,0.8418581316497135508008885771,56.22,39.34736044444444444444444444,32.30567292750438113120249248,60.21,5,59.64285714285714285714285714,202,0.08571638372093023,0.368339,-0.3363,14.05,0.145768,-1.0548
ZYME,Zymeworks Inc.,194,0.58,C,low_quality,,,C,0.518809,0.459559,,,484,0,specific_days,9,tailwind,,L,catalyst_far_lift|sponsor_confirmed|momentum_tailwind,smart_money_score:+37.6;clinical_score:-34.8;momentum_score:+14.5,tier=;reason=;cat_days=484;strength=far;decay_w=0.3,v1.3.0,6e0bf8fb,1,,late|far_271_540|nonpos,0.0930939801980198,45.516708,0.4968,0,1,-1.7002,-1.9927,7,7,buying,1.4513,elite_7,10.4235,10.4235,18.83,80,0.0,0,0,0,far,0.3,adequate,<=1000bps,697.3,0.85,1,0,1.0,0,1.0,0,484,False,specific_days,0.048799,price_history,,7,1.2434,price_history,,-0.161115,,44.7583,-0.032074,-0.129041,late,small,none,commercial_biotech,morningstar,,,,0,0.8742136819564972388143807055,61.99,39.34736044444444444444444444,85,45.50,12.68453332426396399460372524,38.20823902218198279764599365,166,0.0930939801980198,0.481191,-0.0472,20.64,0.362069,-0.3529
ASND,Ascendis Pharma A/S,195,0.41,C,low_quality,,,C,0.380878,0.018382,,,27,1,specific_days,3,headwind,,M,sponsor_confirmed|momentum_headwind,smart_money_score:+44.1;financial_score:-28.5;catalyst_score:-19.0,tier=;reason=;cat_days=27;strength=near;decay_w=1.0,v1.3.0,6e0bf8fb,1,,late|near_0_30|nonpos,0.09603160592255125,24.081655,0.5513,0,1,-0.3216,-0.5013,9,9,buying,2.2016,elite_9,16.9563,16.9563,25.19,80,0.0,0,0,0,near,1.0,adequate,<=400bps,256.49,1.0,0,0,1.0,0,1.0,0,27,True,specific_days,-0.018405,price_history,,9,0.5044,price_history,,-0.063693,,53.7455,-0.032074,-0.031619,late,large,none,commercial_biotech,morningstar,CTGOV_CALENDAR,CT_PRIMARY_COMPLETION,,0,0.8491065316943841889611954688,42.77,21.86259377777777777777777778,85,28.45,42.31280254849278418301987325,12.37812128418549346016646849,122,0.09603160592255125,0.619122,0.3032,28.34,0.521944,0.055
KNSA,"Kiniksa Pharmaceuticals, Ltd.",196,0.58,C,low_quality,,,C,0.478056,0.533088,,,697,0,specific_days,9,neutral,,L,catalyst_far_lift|sponsor_confirmed,catalyst_score:-9.6;smart_money_score:+7.1;clinical_score:+4.7,tier=;reason=;cat_days=697;strength=far;decay_w=0.3,v1.3.0,6e0bf8fb,1,,late|far_271_540|nonpos,0.0930939801980198,48.461643,0.5778,0,1,0.0717,-0.1871,2,2,buying,-0.4246,elite_2,3.6362,3.6362,3.48,80,0.0,0,0,0,far,0.3,adequate,<=1000bps,667.86,0.85,1,0,1.0,0,1.0,0,697,False,specific_days,0.025024,price_history,,2,0.7339,price_history,,0.0,,60.9228,-0.032074,0.032074,late,mid,none,commercial_pharma,morningstar,,,,0,0.8989284887087434858135495078,47.93,40.94432400000000000000000000,57.70052555930718046063991446,45.41,55.30303030303030303030303030,51.07142857142857142857142857,153,0.0930939801980198,0.521944,0.055,44.40,0.857367,1.0686
APLS,"Apellis Pharmaceuticals, Inc.",197,0.58,C,mod_quality+catalyst_far,,,C,0.318182,0.709559,,,484,0,specific_days,9,headwind,,L,catalyst_far_lift|sponsor_confirmed|momentum_headwind,smart_money_score:+23.5;momentum_score:-22.3;financial_score:+10.5,tier=;reason=;cat_days=484;strength=far;decay_w=0.3,v1.3.0,6e0bf8fb,1,,late|far_271_540|pos,0.0961064745762712,56.692929,0.5699,0,1,0.2053,0.0687,6,6,buying,1.0761,elite_6,8.8089,8.8089,5.05,80,0.0,0,0,0,far,0.3,adequate,<=1000bps,405.76,0.85,1,0,1.0,0,1.0,0,484,False,specific_days,-0.02716,price_history,,6,0.78,price_history,,-0.248271,,49.9867,-0.032074,-0.216197,late,mid,none,commercial_biotech,morningstar,,,,0,0.8582755532383269609546981810,35.36,50.078,81.16106031775715193431065279,54.07,53.63636363636363636363636364,68.21428571428571428571428572,102,0.0961064745762712,0.681818,0.4728,41.62,0.791536,0.8118
AMLX,"Amylyx Pharmaceuticals, Inc.",198,0.58,B,mod_quality+catalyst_near,,,B,0.371473,0.613971,,,27,1,specific_days,3,tailwind,,L,sponsor_confirmed|momentum_tailwind,smart_money_score:+26.4;clinical_score:-24.6;financial_score:-4.9,tier=;reason=;cat_days=27;strength=near;decay_w=1.0,v1.3.0,6e0bf8fb,1,,late|near_0_30|nonpos,0.09603160592255125,52.030234,0.5401,0,1,-0.8238,-1.651,9,9,buying,2.2016,elite_9,15.0688,15.0688,9.53,80,0.0,0,0,0,near,1.0,adequate,<=1000bps,692.34,0.85,1,0,1.0,0,1.0,0,27,True,specific_days,-0.186115,price_history,,9,1.3897,price_history,,-0.132979,,54.4549,-0.032074,-0.100905,late,small,none,commercial_pharma,morningstar,CTGOV_CALENDAR,CT_PRIMARY_COMPLETION,,0,0.8783065241844769403824521935,61.94,58.268,85,44.30,33.91910122549853189583829314,53.63829787234042553191489362,119,0.09603160592255125,0.628527,0.328,32.58,0.603448,0.2623
ARQT,"Arcutis Biotherapeutics, Inc.",199,0.58,C,low_quality,,,C,0.048589,0.246324,,,102,0,specific_days,3,neutral,,L,sponsor_confirmed,smart_money_score:+21.7;financial_score:-15.0;catalyst_score:-5.7,tier=;reason=;cat_days=102;strength=near;decay_w=1.0,v1.3.0,6e0bf8fb,1,,late|near_91_180|pos,0.1,38.432217,0.5819,0,1,0.3886,0.267,4,4,buying,0.3258,elite_4,6.8698,6.8698,5.06,80,0.0,0,0,0,near,1.0,adequate,<=1000bps,467.79,0.85,1,0,1.0,0,1.0,0,102,False,specific_days,-0.107539,price_history,,4,0.9446,price_history,,-0.180449,,38.9866,-0.032074,-0.148375,late,mid,none,commercial_biotech,morningstar,CTGOV_CALENDAR,CT_PRIMARY_COMPLETION,,0,0.8761224109844077263206888527,47.20,47.12202844444444444444444444,74.50313448596517875113843544,34.17,57.57575757575757575757575758,37.85048185941043083900226758,16,0.1,0.951411,1.6587,38.88,0.72884,0.6093
DAWN,"Day One Biopharmaceuticals, Inc.",200,0.58,B,high_quality+catalyst_far,,,B,0.462382,0.863971,,,483,0,specific_days,9,tailwind,,L,catalyst_far_lift|momentum_tailwind,clinical_score:-40.1;financial_score:+22.9;momentum_score:+18.8,tier=;reason=;cat_days=483;strength=far;decay_w=0.3,v1.3.0,6e0bf8fb,1,,late|far_271_540|nonpos,0.0930939801980198,63.53,0.4761,0,1,-2.037,-1.6803,1,1,neutral,-0.7997,elite_1,0.9389,0.9389,0.51,80,0.0,0,0,0,far,0.3,adequate,<=1000bps,582.81,0.85,1,0,1.0,0,1.0,0,483,False,specific_days,0.350671,price_history,,1,1.2302,price_history,,-0.080735,,57.3594,-0.032074,-0.048661,late,small,none,commercial_biotech,morningstar,,,,0,0.8303126488203266787658802178,64.36,48.05580844444444444444444444,41.51000597451463679460619395,56.73,5.445816186556927297668038411,68.450,148,0.0930939801980198,0.537618,0.0944,15.45,0.195925,-0.8563
PTCT,"PTC Therapeutics, Inc.",201,0.68,B,high_quality+catalyst_far,,,B,0.336991,0.922794,,,697,0,specific_days,9,neutral,,L,catalyst_far_lift|sponsor_confirmed,smart_money_score:+26.1;catalyst_score:-18.5;financial_score:+18.1,tier=;reason=;cat_days=697;strength=far;decay_w=0.3,v1.3.0,6e0bf8fb,1,,late|far_271_540|pos,0.0961064745762712,66.6425,0.5566,0,1,-0.1861,0.0414,5,5,buying,0.7009,elite_5,9.1388,9.1388,9.8,80,0.0,0,0,0,far,0.3,adequate,<=400bps,310.05,1.0,0,0,1.0,0,1.0,0,697,False,specific_days,-0.034932,price_history,,5,0.7702,price_history,,-0.131826,,46.1205,-0.032074,-0.099752,late,mid,none,commercial_biotech,morningstar,,,,0,0.8942251704611117531491968104,46.86,40.41376711111111111111111111,85,64.63,45.22407010622498837987053475,77.000,108,0.0961064745762712,0.663009,0.4207,40.96,0.778997,0.7688
RCUS,"Arcus Biosciences, Inc.",202,0.58,B,mod_quality+catalyst_near,,,B,0.409091,0.827206,,,27,1,specific_days,3,tailwind,,L,sponsor_confirmed|momentum_tailwind,clinical_score:-21.2;smart_money_score:+9.3;financial_score:+8.3,tier=;reason=;cat_days=27;strength=near;decay_w=1.0,v1.3.0,6e0bf8fb,1,,late|near_0_30|nonpos,0.09603160592255125,61.9295,0.5475,0,1,-0.4806,-0.2326,4,4,buying,0.3258,elite_4,5.7321,5.7321,3.09,80,0.0,0,0,0,near,1.0,adequate,<=1000bps,565.84,0.85,1,0,1.0,0,1.0,0,27,True,specific_days,-0.175779,price_history,,4,1.4678,price_history,,-0.170115,,46.6353,-0.032074,-0.138041,late,mid,none,commercial_biotech,morningstar,CTGOV_CALENDAR,CT_PRIMARY_COMPLETION,,0,0.8666569243249507474794298296,63.62,60.122,69.43432629204545935013021942,52.58,38.89410377625865841354056842,68.450,131,0.09603160592255125,0.590909,0.2299,30.95,0.575235,0.1897
ALNY,"Alnylam Pharmaceuticals, Inc.",203,0.41,C,low_quality,,,C,0.368339,0.224265,,,17,1,specific_days,3,headwind,deep_drawdown_rel_xbi,M,sponsor_confirmed|momentum_headwind,momentum_score:-30.0;smart_money_score:+22.4;catalyst_score:+5.9,tier=;reason=;cat_days=17;strength=near;decay_w=1.0,v1.3.0,6e0bf8fb,1,,late|near_0_30|nonpos,0.09603160592255125,37.678552,0.5591,0,1,-0.1587,-0.3251,6,6,neutral,1.0761,elite_6,8.5013,8.5013,3.23,80,0.0,0,0,0,near,1.0,adequate,<=400bps,145.42,1.0,0,0,1.0,0,1.0,0,17,True,specific_days,-0.308862,price_history,,6,0.6004,price_history,,-0.309658,,28.8574,-0.032074,-0.277584,late,large,none,commercial_biotech,morningstar,CTGOV_CALENDAR,CT_PRIMARY_COMPLETION,,0,0.9,18.58,54.536,70.98373154144868644359549079,28.76,45.81312564477547642530807513,53.10344827586206896551724138,118,0.09603160592255125,0.631661,0.3363,42.50,0.80721,0.8677
BIIB,Biogen Inc.,204,0.68,A,high_quality+catalyst_near,,,A,0.384013,0.915441,,,14,1,specific_days,3,neutral,,L,tier_a_commercial|sponsor_confirmed,catalyst_score:-17.8;momentum_score:-15.4;financial_score:+14.0,tier=;reason=;cat_days=14;strength=near;decay_w=1.0,v1.3.0,6e0bf8fb,1,,late|near_0_30|nonpos,0.09603160592255125,66.471931,0.8797,0,1,0.8015,0.0,5,5,buying,0.7009,elite_5,5.3423,5.3423,4.81,80,0.0,0,0,0,near,1.0,adequate,<=400bps,168.83,1.0,0,0,1.0,0,1.0,0,14,True,specific_days,0.114513,price_history,,5,0.4642,price_history,,-0.045464,,55.9807,-0.032074,-0.01339,late,large,none,commercial_pharma,morningstar,CTGOV_CALENDAR,CT_PRIMARY_COMPLETION,,0,0.9,46.52,44.15734044444444444444444444,70.2875,65.80,72.72727272727272727272727273,75.86206896551724137931034483,123,0.09603160592255125,0.615987,0.295,54.82,0.989028,2.2913
KRYS,"Krystal Biotech, Inc.",205,0.68,C,low_quality,,,C,0.396552,0.216912,,,27,1,specific_days,3,tailwind,,L,sponsor_confirmed|momentum_tailwind,smart_money_score:+28.3;clinical_score:-26.8;momentum_score:+25.5,tier=;reason=;cat_days=27;strength=near;decay_w=1.0,v1.3.0,6e0bf8fb,1,,late|near_0_30|nonpos,0.09603160592255125,36.967939,0.5127,0,1,-1.3888,-1.6558,4,4,buying,0.3258,elite_4,5.9925,5.9925,11.36,80,0.0,0,0,0,near,1.0,adequate,<=400bps,356.93,1.0,0,0,1.0,0,1.0,0,27,True,specific_days,0.292486,price_history,,4,0.5269,price_history,,-0.03309,,62.5031,-0.032074,-0.001016,late,mid,none,commercial_biotech,morningstar,CTGOV_CALENDAR,CT_PRIMARY_COMPLETION,,0,0.8988795493934142114384748700,71.60,38.91189511111111111111111111,74.49091318111700275526561491,30.86,19.37653754152070650387148703,26.32653061224489795918367346,127,0.09603160592255125,0.603448,0.2623,18.55,0.308777,-0.4993
GH,"Guardant Health, Inc.",206,0.68,C,low_quality,,,C,0.390282,0.393382,,,3,1,specific_days,3,tailwind,,L,sponsor_confirmed|momentum_tailwind,smart_money_score:+9.2;catalyst_score:-8.8;clinical_score:+6.6,tier=;reason=;cat_days=3;strength=near;decay_w=1.0,v1.3.0,6e0bf8fb,1,,late|near_0_30|nonpos,0.09603160592255125,42.668345,0.8769,0,1,,,3,3,buying,-0.0494,elite_3,5.0001,5.0001,7.24,80,0.0,0,0,0,near,1.0,adequate,<=400bps,217.12,1.0,0,0,1.0,0,1.0,0,3,True,specific_days,0.061783,price_history,,3,0.5968,price_history,,-0.020293,,60.8691,-0.032074,0.011781,late,large,none,platform_diagnostics,morningstar,CTGOV_CALENDAR,CT_PRIMARY_COMPLETION,,0,0.9,63.79,55.910,74.0,10.00,71.36363636363636363636363637,58.68965517241379310344827587,125,0.09603160592255125,0.609718,0.2786,44.87,0.863636,1.0968
CDNA,"CareDx, Inc.",207,0.58,C,low_quality,,,C,0.387147,0.547794,,,27,1,specific_days,3,tailwind,,L,sponsor_confirmed|momentum_tailwind,financial_score:-15.5;clinical_score:+10.8;momentum_score:+4.3,tier=;reason=;cat_days=27;strength=near;decay_w=1.0,v1.3.0,6e0bf8fb,1,,late|near_0_30|nonpos,0.09603160592255125,49.040617,0.8647,0,1,,,3,3,buying,-0.0494,elite_3,2.533,2.533,0.85,80,0.0,0,0,0,near,1.0,adequate,<=1000bps,826.33,0.85,1,0,1.0,0,1.0,0,27,True,specific_days,0.261054,price_history,,3,0.7955,price_history,,-0.180249,,54.6773,-0.032074,-0.148175,late,small,none,platform_diagnostics,morningstar,CTGOV_CALENDAR,CT_PRIMARY_COMPLETION,,0,0.8893167966406718656268746251,59.95,56.516,55.125,54.29,66.36363636363636363636363636,40.10914943916301996881444596,124,0.09603160592255125,0.612853,0.2868,38.70,0.725705,0.5999
ARWR,"Arrowhead Pharmaceuticals, Inc.",208,0.68,B,mod_quality+catalyst_near,,,B,0.377743,0.606618,,,27,1,specific_days,3,tailwind,,L,sponsor_confirmed|momentum_tailwind,momentum_score:+40.9;clinical_score:-26.0;smart_money_score:-12.2,tier=;reason=;cat_days=27;strength=near;decay_w=1.0,v1.3.0,6e0bf8fb,1,,late|near_0_30|nonpos,0.09603160592255125,52.013429,0.5331,0,1,-0.9107,-0.6326,2,2,buying,-0.4246,elite_2,1.8055,1.8055,0.52,80,0.0,0,0,0,near,1.0,adequate,<=400bps,224.07,1.0,0,0,1.0,0,1.0,0,27,True,specific_days,0.730677,price_history,,2,1.0841,price_history,,0.0,,64.7925,-0.032074,0.032074,late,mid,none,commercial_biotech,morningstar,CTGOV_CALENDAR,CT_STUDY_COMPLETION,,0,0.8567559093550261475886112725,96.55,55.418,43.41479257995512780402943624,25.02,29.65105601469237832874196510,53.21428571428571428571428572,121,0.09603160592255125,0.622257,0.3114,28.98,0.540752,0.1023
STOK,"Stoke Therapeutics, Inc.",209,0.58,C,low_quality+no_catalyst_data,,,C,0.280564,0.275735,,,,0,no_upcoming,9,tailwind,,L,sponsor_confirmed|momentum_tailwind,smart_money_score:+44.6;clinical_score:-33.7;momentum_score:+23.4,tier=;reason=;cat_days=NA;strength=missing;decay_w=0.0,v1.3.0,6e0bf8fb,1,,late|none|nonpos,0.1,39.060502,0.4843,0,1,-1.9798,-2.2951,6,6,buying,1.0761,elite_6,9.1833,9.1833,9.55,80,0.0,0,0,0,missing,0.0,adequate,<=1000bps,642.49,0.85,1,0,1.0,0,1.0,0,,False,no_upcoming,-0.005345,price_history,,6,1.2026,price_history,,-0.135674,,50.6972,-0.032074,-0.1036,late,small,none,commercial_biotech,morningstar,,,,0,0.8201348313334842653384650215,63.78,29.45580844444444444444444444,85,53.03,6.675622668888662154655420641,17.20889291283134651174488205,90,0.1,0.719436,0.5812,17.89,0.299373,-0.5262
SIGA,SIGA Technologies Inc.,210,0.06,C,mod_quality+no_catalyst_data,,,C,0.27116,0.738971,,,,0,no_upcoming,9,headwind,,XS,momentum_headwind|cost_haircut_>2000bps,momentum_score:-16.9;clinical_score:+11.7;financial_score:+7.7,tier=;reason=;cat_days=NA;strength=missing;decay_w=0.0,v1.3.0,6e0bf8fb,1,,late|none|pos,0.1,58.01584,0.8378,0,1,0.2811,0.0282,0,0,neutral,-1.1749,,0.0,0.0,0.0,,0.0,0,0,0,missing,0.0,adequate,>2000bps,2020.0,0.55,1,0,1.0,0,1.0,0,,False,no_upcoming,-0.253377,price_history,,0,0.5869,price_history,,-0.266878,,61.5575,-0.032074,-0.234804,late,small,none,commercial_pharma,morningstar,,,,0,0.9,31.74,46.13523377777777777777777778,,75.13,60.30303030303030303030303030,56.38297872340425531914893617,87,0.1,0.72884,0.6093,47.12,0.901254,1.2887
HROW,"Harrow, Inc.",211,0.35,C,low_quality+no_catalyst_data,,,C,0.142633,0.033088,,,,0,no_upcoming,9,neutral,,M,,financial_score:-28.5;smart_money_score:+23.3;clinical_score:+16.7,tier=;reason=;cat_days=NA;strength=missing;decay_w=0.0,v1.3.0,6e0bf8fb,1,,late|none|pos,0.1,25.090578,-0.5993,,0,0.3256,0.0739,1,1,buying,-0.7997,elite_1,2.6389,2.6389,26.6,80,0.0,0,0,0,missing,0.0,adequate,<=1000bps,613.51,0.85,1,0,1.0,0,1.0,0,,False,no_upcoming,0.094973,price_history,,1,0.9671,price_history,,-0.180657,,47.2533,-0.032074,-0.148583,late,small,none,commercial_pharma,morningstar,,,,0,0.9,47.69,30.24627600000000000000000000,68.0,23.57,61.36363636363636363636363636,16.22906292440018107741059303,46,0.1,0.857367,1.0686,28.91,0.534483,0.0865
PCRX,"Pacira BioSciences, Inc.",212,0.17,C,mod_quality+no_catalyst_data,,,C,0.236677,0.746324,,,,0,no_upcoming,9,headwind,,S,momentum_headwind,financial_score:+32.0;clinical_score:-22.9;momentum_score:-6.5,tier=;reason=;cat_days=NA;strength=missing;decay_w=0.0,v1.3.0,6e0bf8fb,1,,late|none|nonpos,0.1,58.095649,-0.7029,,0,-1.8593,-2.1729,0,0,neutral,-1.1749,,0.0,0.0,0.0,,0.0,0,0,0,missing,0.0,adequate,<=1000bps,712.75,0.85,1,0,1.0,0,1.0,0,,False,no_upcoming,-0.162338,price_history,,0,0.5912,price_history,,-0.221284,,44.1706,-0.032074,-0.18921,late,small,none,commercial_pharma,morningstar,,,,0,0.8875926287527459116426653649,25.58,29.45580844444444444444444444,,69.03,9.196453876588556723236857916,64.04255319148936170212765958,76,0.1,0.763323,0.717,21.55,0.380878,-0.3032
OPK,"Opko Health, Inc.",213,0.07,C,mod_quality+no_catalyst_data,,,C,0.230408,0.8125,,,,0,no_upcoming,9,headwind,deep_drawdown_rel_xbi,XS,momentum_headwind|cost_haircut_<=2000bps,clinical_score:+23.0;catalyst_score:-19.7;momentum_score:-19.2,tier=;reason=;cat_days=NA;strength=missing;decay_w=0.0,v1.3.0,6e0bf8fb,1,,late|none|nonpos,0.1,61.131862,0.8774,0,1,,,0,0,neutral,-1.1749,,0.0,0.0,0.0,,0.0,0,0,0,missing,0.0,adequate,<=2000bps,1587.47,0.7,1,0,1.0,0,1.0,0,,False,no_upcoming,-0.151038,price_history,,0,0.3937,price_history,,-0.340206,,44.5854,-0.032074,-0.308132,late,small,none,platform_diagnostics,morningstar,,,,0,0.9,29.89,29.45580844444444444444444444,,73.97,72.12121212121212121212121212,65.03191489361702127659574468,74,0.1,0.769592,0.7375,51.79,0.967085,1.8396
KROS,"Keros Therapeutics, Inc.",214,0.14,B,high_quality+no_catalyst_data,,,B,0.183386,0.886029,,,,0,no_upcoming,9,headwind,,S,sponsor_confirmed|momentum_headwind|cost_haircut_<=2000bps,clinical_score:-32.7;financial_score:+27.7;smart_money_score:+15.3,tier=;reason=;cat_days=NA;strength=missing;decay_w=0.0,v1.3.0,6e0bf8fb,1,,mid|none|nonpos,0.1,64.776273,-0.1098,0,1,-1.7144,-1.3802,4,4,buying,0.3258,elite_4,4.1244,4.1244,1.21,80,0.0,0,0,0,missing,0.0,adequate,<=2000bps,1020.9,0.7,1,0,1.0,0,1.0,0,,False,no_upcoming,0.022438,price_history,,4,0.8807,price_history,,-0.157509,,45.0091,-0.032074,-0.125435,mid,small,none,commercial_biotech,morningstar,,,,0,0.8153480311505977843588899857,45.83,33.92062044444444444444444444,60.29013581099096061075351074,65.38,12.37812128418549346016646849,72.72727272727272727272727273,59,0.1,0.816614,0.9025,20.27,0.352665,-0.3781
LAB,Standard BioTools Inc.,215,0.06,B,mod_quality+catalyst_near,,,B,0.189655,0.672794,,,45,1,specific_days,3,headwind,,XS,momentum_headwind|cost_haircut_>2000bps,financial_score:-17.6;clinical_score:+14.7;catalyst_score:+9.8,tier=;reason=;cat_days=45;strength=near;decay_w=1.0,v1.3.0,6e0bf8fb,1,,late|near_31_90|nonpos,0.1,55.443533,0.8723,0,1,,,1,1,buying,-0.7997,elite_1,0.6597,0.6597,0.0,80,0.0,0,0,0,near,1.0,adequate,>2000bps,2020.0,0.55,1,0,1.0,0,1.0,0,45,True,specific_days,0.130286,price_history,,1,0.2989,price_history,,-0.160714,,44.8162,-0.032074,-0.12864,late,small,none,platform_devices,morningstar,CTGOV_CALENDAR,CT_STUDY_COMPLETION,,0,0.8191151330025414498366210819,45.23,63.638,55.5,86.00,68.48484848484848484848484849,36.21673960062371108093154267,61,0.1,0.810345,0.8792,27.85,0.503135,0.0079
INVA,"Innoviva, Inc.",216,0.17,C,mod_quality+no_catalyst_data,,,C,0.164577,0.716912,,,,0,no_upcoming,9,headwind,,S,momentum_headwind,financial_score:+20.4;catalyst_score:-13.5;momentum_score:-10.8,tier=;reason=;cat_days=NA;strength=missing;decay_w=0.0,v1.3.0,6e0bf8fb,1,,late|none|nonpos,0.1,56.845117,-0.6323,,0,-0.0201,-0.1751,0,0,neutral,-1.1749,,0.0,0.0,0.0,,0.0,0,0,0,missing,0.0,adequate,<=1000bps,725.15,0.85,1,0,1.0,0,1.0,0,,False,no_upcoming,0.095071,price_history,,0,0.3332,price_history,,-0.058348,,68.6334,-0.032074,-0.026274,late,small,none,commercial_biotech,morningstar,,,,0,0.9,34.13,31.43106844444444444444444444,,58.93,48.79241347254815268283281752,65.31914893617021276595744681,53,0.1,0.835423,0.9758,42.35,0.80094,0.845
HRMY,"Harmony Biosciences Holdings, I",217,0.58,A,high_quality+catalyst_near,,,A,0.139498,0.952206,,,58,1,specific_days,3,headwind,,L,tier_a_commercial|sponsor_confirmed|momentum_headwind,financial_score:+16.6;catalyst_score:-13.6;momentum_score:-13.6,tier=;reason=;cat_days=58;strength=near;decay_w=1.0,v1.3.0,6e0bf8fb,1,,late|near_31_90|nonpos,0.1,68.113191,0.8357,0,1,0.5014,-0.4339,3,3,selling,-0.0494,elite_3,3.3126,3.3126,7.64,80,0.0,0,0,0,near,1.0,adequate,<=1000bps,659.48,0.85,1,0,1.0,0,1.0,0,58,True,specific_days,0.136657,price_history,,3,0.5208,price_history,,-0.06591,,56.1103,-0.032074,-0.033836,late,small,none,commercial_biotech,morningstar,CTGOV_CALENDAR,CT_PRIMARY_COMPLETION,,0,0.9,42.14,42.11390044444444444444444444,62.0,77.52,60.00000000000000000000000000,72.34042553191489361702127660,45,0.1,0.860502,1.0826,50.88,0.954545,1.6906
CMPS,COMPASS Pathways Plc - American,218,0.58,C,low_quality,,,C,0.083072,0.327206,,,58,1,specific_days,3,neutral,,L,sponsor_confirmed,smart_money_score:+36.3;financial_score:-32.4;clinical_score:-12.5,tier=;reason=;cat_days=58;strength=near;decay_w=1.0,v1.3.0,6e0bf8fb,1,,late|near_31_90|nonpos,0.1,40.614578,0.5429,0,1,,,5,5,buying,0.7009,elite_5,6.7307,6.7307,4.0,80,0.0,0,0,0,near,1.0,adequate,<=1000bps,938.22,0.85,1,0,1.0,0,1.0,0,58,True,specific_days,-0.18592,price_history,,5,1.0015,price_history,,-0.154731,,44.3373,-0.032074,-0.122657,late,small,sev1,platform_services,morningstar,CTGOV_CALENDAR,CT_STUDY_COMPLETION,,0,0.8011870953084175849142337839,53.14,52.808,85,64.81,36.10754004693398632792572187,16.22906292440018107741059303,27,0.1,0.916928,1.3847,18.78,0.311912,-0.4904
BBIO,"BridgeBio Pharma, Inc.",219,0.68,C,low_quality,,,C,0.064263,0.055147,,,87,0,specific_days,3,tailwind,,L,sponsor_confirmed|momentum_tailwind,smart_money_score:+31.0;financial_score:-25.6;clinical_score:-23.5,tier=;reason=;cat_days=87;strength=near;decay_w=1.0,v1.3.0,6e0bf8fb,1,,late|near_31_90|nonpos,0.1,26.733276,0.5134,0,1,-1.3329,-1.5953,5,5,buying,0.7009,elite_5,6.8421,6.8421,5.02,80,0.0,0,0,0,near,1.0,adequate,<=400bps,234.26,1.0,0,0,1.0,0,1.0,0,87,False,specific_days,0.109519,price_history,,5,0.9055,price_history,,-0.020899,,55.4308,-0.032074,0.011175,late,large,sev1,commercial_biotech,morningstar,CTGOV_CALENDAR,CT_STUDY_COMPLETION,,0,0.8881842385387685980404015967,56.15,50.048,75.05235137322887916383678552,20.53,20.57851239669421487603305786,18.48394768133174791914387633,21,0.1,0.935737,1.5199,15.67,0.208464,-0.8118
COLL,"Collegium Pharmaceutical, Inc.",220,0.17,C,mod_quality+no_catalyst_data,,,C,0.092476,0.702206,,,,0,no_upcoming,9,headwind,,S,momentum_headwind,clinical_score:-22.2;financial_score:+19.8;momentum_score:+8.2,tier=;reason=;cat_days=NA;strength=missing;decay_w=0.0,v1.3.0,6e0bf8fb,1,,late|none|nonpos,0.1,56.498372,0.7418,0,1,-1.6945,-2.0034,0,0,neutral,-1.1749,,0.0,0.0,0.0,,0.0,0,0,0,missing,0.0,adequate,<=1000bps,684.85,0.85,1,0,1.0,0,1.0,0,,False,no_upcoming,0.270641,price_history,,0,0.256,price_history,,-0.054775,,52.7816,-0.032074,-0.022701,late,small,none,commercial_pharma,morningstar,,,,0,0.9,43.51,29.45580844444444444444444444,,65.71,13.13074629572946071262569580,55.10638297872340425531914893,30,0.1,0.907524,1.3257,22.39,0.393417,-0.2704
BIOA,"BioAge Labs, Inc.",221,0.58,C,mod_quality+no_catalyst_data,,,C,0.070533,0.797794,,,,0,no_upcoming,9,tailwind,,L,sponsor_confirmed|momentum_tailwind,clinical_score:-48.1;momentum_score:+43.4;catalyst_score:-19.2,tier=;reason=;cat_days=NA;strength=missing;decay_w=0.0,v1.3.0,6e0bf8fb,1,,mid|none|nonpos,0.1,59.691136,-0.1602,0,1,-2.035,-2.3536,4,4,buying,0.3258,elite_4,3.8165,3.8165,0.87,80,0.0,0,0,0,missing,0.0,adequate,<=1000bps,886.09,0.85,1,0,1.0,0,1.0,0,,False,no_upcoming,1.457125,price_history,,4,1.2793,price_history,,-0.123037,,62.1147,-0.032074,-0.090963,mid,small,none,commercial_pharma,morningstar,,,,0,0.8258254276315789473684210526,96.55,33.92062044444444444444444444,63.83240498193608995659453908,30.05,5,66.36363636363636363636363636,23,0.1,0.929467,1.4718,21.43,0.377743,-0.3114
ARVN,"Arvinas, Inc.",222,0.58,A,high_quality+catalyst_near,,,A,0.054859,0.981618,,,32,1,specific_days,3,tailwind,deep_drawdown_rel_xbi,L,tier_a_commercial|sponsor_confirmed|momentum_tailwind,smart_money_score:+17.0;clinical_score:-15.1;catalyst_score:-9.2,tier=;reason=;cat_days=32;strength=near;decay_w=1.0,v1.3.0,6e0bf8fb,1,,late|near_31_90|nonpos,0.1,71.1225,0.5629,0,1,0.0502,-1.435,4,4,buying,0.3258,elite_4,5.9299,5.9299,4.26,80,0.0,0,0,0,near,1.0,adequate,<=1000bps,837.07,0.85,1,0,1.0,0,1.0,0,32,True,specific_days,0.218677,price_history,,4,1.2649,price_history,,-0.294028,,66.2379,-0.032074,-0.261954,late,small,none,commercial_biotech,morningstar,CTGOV_CALENDAR,CT_STUDY_COMPLETION,,0,0.8050142126208072768618533258,69.51,56.180,82.36591014635806206929119629,75.48,50.30303030303030303030303031,68.450,18,0.1,0.945141,1.5995,30.16,0.562696,0.1578
AUPH,Aurinia Pharmaceuticals Inc,223,0.17,C,low_quality+no_catalyst_data,,,C,0.057994,0.496324,,,,0,no_upcoming,9,headwind,,S,momentum_headwind,smart_money_score:+20.6;catalyst_score:-15.7;momentum_score:-4.2,tier=;reason=;cat_days=NA;strength=missing;decay_w=0.0,v1.3.0,6e0bf8fb,1,,late|none|nonpos,0.1,47.692133,0.562,0,1,-0.048,-0.2054,1,1,buying,-0.7997,elite_1,2.6389,2.6389,4.82,80,0.0,0,0,0,missing,0.0,adequate,<=1000bps,780.9,0.85,1,0,1.0,0,1.0,0,,False,no_upcoming,-0.054967,price_history,,1,0.6655,price_history,,-0.07025,,52.9987,-0.032074,-0.038176,late,small,none,commercial_biotech,morningstar,,,,0,0.8863577058224985867721876767,40.88,29.45580844444444444444444444,65.70267018852662296310238790,59.79,48.19202122232425262728293031,41.31029626276344248277249635,19,0.1,0.942006,1.5718,38.67,0.719436,0.5812
AMPH,"Amphastar Pharmaceuticals, Inc.",224,0.07,C,mod_quality+no_catalyst_data,,,C,0.029781,0.731618,,,,0,no_upcoming,9,headwind,,XS,momentum_headwind|cost_haircut_<=2000bps,catalyst_score:-13.3;financial_score:+9.2;clinical_score:+9.1,tier=;reason=;cat_days=NA;strength=missing;decay_w=0.0,v1.3.0,6e0bf8fb,1,,late|none|nonpos,0.1,57.599702,0.8225,0,1,-0.0761,-0.3392,0,0,neutral,-1.1749,,0.0,0.0,0.0,,0.0,0,0,0,missing,0.0,adequate,<=2000bps,1002.65,0.7,1,0,1.0,0,1.0,0,,False,no_upcoming,-0.000328,price_history,,0,0.5784,price_history,,-0.199312,,59.115,-0.032074,-0.167238,late,small,none,commercial_pharma,morningstar,,,,0,0.9,37.70,29.45580844444444444444444444,,76.28,51.77272727272727272727272728,51.91489361702127659574468085,10,0.1,0.970219,1.884,39.32,0.73511,0.6283
ADMA,ADMA Biologics Inc,225,0.35,C,low_quality+no_catalyst_data,,,C,0.010972,0.069853,,,,0,no_upcoming,9,headwind,deep_drawdown_rel_xbi,M,sponsor_confirmed|momentum_headwind,financial_score:-13.6;smart_money_score:+10.8;momentum_score:+6.3,tier=;reason=;cat_days=NA;strength=missing;decay_w=0.0,v1.3.0,6e0bf8fb,1,,late|none|nonpos,0.1,27.658663,-0.6448,,0,-0.5949,-0.797,2,2,selling,-0.4246,elite_2,1.1626,1.1626,0.59,80,0.0,0,0,0,missing,0.0,adequate,<=1000bps,517.28,0.85,1,0,1.0,0,1.0,0,,False,no_upcoming,-0.002109,price_history,,2,1.0857,price_history,,-0.286006,,48.4475,-0.032074,-0.253932,late,mid,none,commercial_biotech,morningstar,,,,0,0.9,41.03,29.45580844444444444444444444,45.475,28.52,36.43893480257116620752984390,21.04591836734693877551020408,4,0.1,0.989028,2.2913,28.01,0.512539,0.0314
AKRO,"Akero Therapeutics, Inc.",,,D,ineligible,D,ineligible,,0.014107,,0.795082,0.204918,58,1,specific_days,3,neutral,,XS,ineligible,financial_score:-33.8;smart_money_score:+32.3;clinical_score:-22.5,tier=D;reason=ineligible;cat_days=58;strength=near;decay_w=1.0,v1.3.0,6e0bf8fb,0,fundamental_red_flag,late|near_31_90|nonpos,0.1,,0.5042,0,1,-1.0605,-1.101,11,11,selling,2.9519,elite_11,13.7383,13.7383,5.3,80,0.0,0,0,0,near,1.0,critical,,,1.0,0,0,1.0,0,1.0,0,58,True,specific_days,0.148858,price_history,,11,0.4253,price_history,,-0.050556,,69.1502,-0.032074,-0.018482,late,unknown,none,drug_developer,morningstar,CTGOV_CALENDAR,CT_PRIMARY_COMPLETION,,0,0.8265744428894391215416083540,50,51.698,71.0862212662566375766855320,50,16.31772268135904499540863177,5,5,0.1,0.985893,2.1943,11.23,0.076803,-1.4269
ALVO,Alvotech,,,D,ineligible,,,D,0.026646,0.040441,,,,0,no_upcoming,9,headwind,deep_drawdown|deep_drawdown_rel_xbi,XS,ineligible,financial_score:-29.2;clinical_score:+27.1;catalyst_score:+14.7,tier=;reason=;cat_days=NA;strength=missing;decay_w=0.0,v1.3.0,6e0bf8fb,0,deep_drawdown,late|none|pos,0.1,26.419198,0.5975,0,1,0.37,1.2183,0,0,neutral,-1.1749,,0.0,0.0,0.0,,0.0,0,0,0,missing,0.0,adequate,>2000bps,2020.0,0.55,1,0,1.0,0,1.0,0,,False,no_upcoming,-0.012493,price_history,,0,0.6239,price_history,,-0.590454,,55.6884,-0.032074,-0.55838,late,small,none,commercial_pharma,morningstar,,,,0,0.7792433483327564324449059652,22.70,50,,54.65,62.42424242424242424242424243,6.114883557165132538604697950,9,0.1,0.973354,1.9326,28.36,0.525078,0.0629
AQST,"Aquestive Therapeutics, Inc.",,,D,ineligible,,,D,0.039185,0.4375,,,,0,no_upcoming,9,headwind,deep_drawdown|deep_drawdown_rel_xbi,XS,ineligible,smart_money_score:+31.8;momentum_score:-25.4;catalyst_score:-13.9,tier=;reason=;cat_days=NA;strength=missing;decay_w=0.0,v1.3.0,6e0bf8fb,0,deep_drawdown,late|none|pos,0.1,44.60583,0.5459,0,1,-0.639,0.0683,4,4,buying,0.3258,elite_4,4.7831,4.7831,1.82,80,0.0,0,0,0,missing,0.0,adequate,<=1000bps,733.94,0.85,1,0,1.0,0,1.0,0,,False,no_upcoming,-0.561177,price_history,,4,1.2896,price_history,,-0.452603,,48.012,-0.032074,-0.420529,late,small,none,commercial_pharma,morningstar,,,,0,0.7999283357979752019110453873,18.01,29.45580844444444444444444444,75.19796466363515281162564617,45.40,38.33225634572435919237266039,55.80851063829787234042553191,13,0.1,0.960815,1.7602,25.90,0.471787,-0.0708
AVXL,Anavex Life Sciences Corp.,,,D,ineligible,D,ineligible,,0.061129,,0.39071,0.60929,,0,no_upcoming,9,headwind,deep_drawdown|deep_drawdown_rel_xbi,XS,ineligible,clinical_score:+20.4;momentum_score:-18.4;catalyst_score:-2.0,tier=D;reason=ineligible;cat_days=NA;strength=missing;decay_w=0.0,v1.3.0,6e0bf8fb,0,deep_drawdown,late|none|pos,0.1,,0.5648,0,1,0.4726,0.4808,0,0,neutral,-1.1749,,0.0,0.0,0.0,,0.0,0,0,0,missing,0.0,adequate,<=2000bps,1088.82,0.7,1,0,1.0,0,1.0,0,,False,no_upcoming,-0.494757,price_history,,0,0.5467,price_history,,-0.662938,,45.6559,-0.032074,-0.630864,late,small,none,drug_developer,morningstar,,,,0,0.7804890738813735691987513007,13.00,29.45580844444444444444444444,,90.89,51.81818181818181818181818182,31.36518535284945425280418489,20,0.1,0.938871,1.5454,25.24,0.456113,-0.1102
BCRX,"BioCryst Pharmaceuticals, Inc.",,,D,ineligible,,,D,0.067398,0.158088,,,241,0,specific_days,3,headwind,deep_drawdown|deep_drawdown_rel_xbi,XS,ineligible,momentum_score:-15.6;smart_money_score:+15.3;clinical_score:+13.5,tier=;reason=;cat_days=241;strength=far;decay_w=0.3,v1.3.0,6e0bf8fb,0,deep_drawdown,late|near_181_270|pos,0.1,34.684025,0.567,0,1,-0.0235,0.7699,3,3,buying,-0.0494,elite_3,2.6223,2.6223,1.41,80,0.0,0,0,0,far,0.3,adequate,<=1000bps,580.82,0.85,1,0,1.0,0,1.0,0,241,False,specific_days,-0.140953,price_history,,3,0.6665,price_history,,-0.407507,,39.3406,-0.032074,-0.375433,late,small,none,commercial_pharma,morningstar,CTGOV_CALENDAR,CT_PRIMARY_COMPLETION,,0,0.8987249433620299048482102401,23.89,39.34736044444444444444444444,54.82315946737803533345707212,51.40,53.03030303030303030303030303,26.48005633519440671998390423,22,0.1,0.932602,1.4955,34.34,0.637931,0.3529
CADL,"Candel Therapeutics, Inc.",,,D,ineligible,D,ineligible,,0.076803,,0.456284,0.543716,149,0,specific_days,3,headwind,deep_drawdown|deep_drawdown_rel_xbi,XS,ineligible,catalyst_score:+6.0;momentum_score:-5.2;financial_score:-3.3,tier=D;reason=ineligible;cat_days=149;strength=mid;decay_w=0.7,v1.3.0,6e0bf8fb,0,deep_drawdown,late|near_91_180|pos,0.1,,0.5613,0,1,0.2645,0.2661,0,0,neutral,-1.1749,,0.0,0.0,0.0,,0.0,0,0,0,mid,0.7,adequate,<=2000bps,1497.11,0.7,1,0,1.0,0,1.0,0,149,False,specific_days,-0.08422,price_history,,0,1.251,price_history,,-0.519247,,49.9421,-0.032074,-0.487173,late,small,none,drug_developer,morningstar,CTGOV_CALENDAR,CT_STUDY_COMPLETION,,0,0.8317947313691507798960138648,39.37,50.558,,80.68,46.99803874888049972225056399,41.25000000000000000000000000,25,0.1,0.923197,1.4269,23.72,0.42163,-0.1977
CDTX,"Cidara Therapeutics, Inc.",,,D,ineligible,D,ineligible,,0.079937,,0.357923,0.642077,88,0,specific_days,3,tailwind,overbought_rsi,XS,ineligible,financial_score:-51.6;momentum_score:+39.9;smart_money_score:+28.4,tier=D;reason=ineligible;cat_days=88;strength=near;decay_w=1.0,v1.3.0,6e0bf8fb,0,fundamental_red_flag,late|near_31_90|pos,0.1,,0.5674,0,1,0.5381,0.5483,8,8,buying,1.8264,elite_8,14.0958,14.0958,19.2,80,0.0,0,0,0,near,1.0,critical,<=400bps,183.86,1.0,0,0,1.0,0,1.0,0,88,False,specific_days,0.62893,price_history,,8,1.5473,price_history,,0.0,,84.2127,-0.032074,0.032074,late,unknown,none,drug_developer,morningstar,CTGOV_CALENDAR,CT_PRIMARY_COMPLETION,,0,0.8306995300032790468903705323,96.55,43.25843377777777777777777778,85,50,53.33333333333333333333333334,5,26,0.1,0.920063,1.4055,23.19,0.405956,-0.238
EOLS,"Evolus, Inc. Common Stock",,,D,ineligible,,,D,0.10815,0.165441,,,,0,no_upcoming,9,headwind,deep_drawdown|deep_drawdown_rel_xbi,XS,ineligible,clinical_score:+31.0;financial_score:-30.9;momentum_score:-18.7,tier=;reason=;cat_days=NA;strength=missing;decay_w=0.0,v1.3.0,6e0bf8fb,0,fundamental_red_flag|deep_drawdown,late|none|pos,0.1,34.782,0.865,0,1,0.5603,1.4352,1,1,selling,-0.7997,elite_1,0.9017,0.9017,1.3,80,0.0,0,0,0,missing,0.0,short,<=2000bps,1440.13,0.7,1,0,1.0,0,1.0,0,,False,no_upcoming,-0.285986,price_history,,1,0.2846,price_history,,-0.673537,,35.9857,-0.032074,-0.641463,late,micro,sev2,commercial_pharma,morningstar,,,,0,0.9,17.27,46.13523377777777777777777778,44.250,83.08,66.96969696969696969696969697,5,35,0.1,0.89185,1.2364,12.28,0.101881,-1.2709
GERN,Geron Corporation,,,D,ineligible,,,D,0.126959,0.9375,,,119,0,specific_days,3,neutral,deep_drawdown|deep_drawdown_rel_xbi,XS,ineligible,financial_score:+15.0;catalyst_score:-13.4;smart_money_score:-4.6,tier=;reason=;cat_days=119;strength=near;decay_w=1.0,v1.3.0,6e0bf8fb,0,deep_drawdown,late|near_91_180|pos,0.1,67.345606,0.5749,0,1,0.2617,0.5623,2,2,selling,-0.4246,elite_2,2.3888,2.3888,1.57,80,0.0,0,0,0,near,1.0,adequate,<=1000bps,736.88,0.85,1,0,1.0,0,1.0,0,119,False,specific_days,0.129892,price_history,,2,1.1457,price_history,,-0.490066,,66.8033,-0.032074,-0.457992,late,small,none,commercial_biotech,morningstar,CTGOV_CALENDAR,CT_STUDY_COMPLETION,,0,0.8515246957115231486747810260,53.56,39.34736044444444444444444444,48.10474058857109488031362430,74.71,54.84848484848484848484848485,67.74468085106382978723404256,41,0.1,0.873041,1.1409,34.08,0.634796,0.3446
HRTX,"Heron Therapeutics, Inc.",,,D,ineligible,D,ineligible,,0.145768,,0.336066,0.663934,,0,no_upcoming,9,headwind,deep_drawdown|deep_drawdown_rel_xbi,XS,ineligible,catalyst_score:-19.2;financial_score:+13.4;clinical_score:+5.7,tier=D;reason=ineligible;cat_days=NA;strength=missing;decay_w=0.0,v1.3.0,6e0bf8fb,0,deep_drawdown,late|none|pos,0.1,,0.8732,0,1,0.5826,0.5943,2,2,buying,-0.4246,elite_2,1.1875,1.1875,0.17,80,0.0,0,0,0,missing,0.0,adequate,>2000bps,2020.0,0.55,1,0,1.0,0,1.0,0,,False,no_upcoming,0.073481,price_history,,2,0.7504,price_history,,-0.458824,,51.4057,-0.032074,-0.42675,late,micro,none,drug_developer,morningstar,,,,0,0.8800062349570200573065902579,44.16,29.45580844444444444444444444,53.425,82.87,54.36363636363636363636363636,62.11363636363636363636363636,47,0.1,0.854232,1.0548,41.76,0.794671,0.8227
HUMA,"Humacyte, Inc.",,,D,ineligible,D,ineligible,,0.148903,,0.412568,0.587432,241,0,specific_days,3,headwind,deep_drawdown|deep_drawdown_rel_xbi,XS,ineligible,clinical_score:+17.1;momentum_score:-16.9;financial_score:-6.1,tier=D;reason=ineligible;cat_days=241;strength=far;decay_w=0.3,v1.3.0,6e0bf8fb,0,deep_drawdown,late|near_181_270|pos,0.1,,0.5635,0,1,0.4203,0.4268,0,0,neutral,-1.1749,,0.0,0.0,0.0,,0.0,0,0,0,far,0.3,adequate,<=2000bps,1341.7,0.7,1,0,1.0,0,1.0,0,241,False,specific_days,-0.5332,price_history,,0,1.2694,price_history,,-0.777293,,44.5332,-0.032074,-0.745219,late,micro,sev1,drug_developer,morningstar,CTGOV_CALENDAR,CT_PRIMARY_COMPLETION,,0,0.7998403483309143686502177068,16.54,39.34736044444444444444444444,,89.60,50.60606060606060606060606061,27.39121008060401999795939189,48,0.1,0.851097,1.0412,19.35,0.333856,-0.4293
LENZ,"LENZ Therapeutics, Inc.",,,D,ineligible,D,ineligible,,0.19279,,0.543716,0.456284,,0,no_upcoming,9,headwind,deep_drawdown|deep_drawdown_rel_xbi,XS,ineligible,smart_money_score:+50.8;financial_score:-29.2;momentum_score:-20.8,tier=D;reason=ineligible;cat_days=NA;strength=missing;decay_w=0.0,v1.3.0,6e0bf8fb,0,fundamental_red_flag|deep_drawdown,late|none|nonpos,0.1,,0.5702,0,1,-0.1158,-0.1263,6,6,buying,1.0761,elite_6,9.1931,9.1931,4.97,80,0.0,0,0,0,missing,0.0,short,<=1000bps,849.33,0.85,1,0,1.0,0,1.0,0,,False,no_upcoming,-0.655309,price_history,,6,1.2945,price_history,,-0.667686,,38.9817,-0.032074,-0.635612,late,small,sev2,drug_developer,morningstar,,,,0,0.8223747449557923373384720018,13.39,29.45580844444444444444444444,85,73.90,38.19214876033057851239669421,5,62,0.1,0.80721,0.8677,12.68,0.10815,-1.2364
MCRB,"Seres Therapeutics, Inc.",,,D,ineligible,D,ineligible,,0.19906,,0.674863,0.325137,,0,no_upcoming,9,headwind,deep_drawdown|deep_drawdown_rel_xbi,XS,ineligible,financial_score:+20.8;clinical_score:-11.3;catalyst_score:-7.3,tier=D;reason=ineligible;cat_days=NA;strength=missing;decay_w=0.0,v1.3.0,6e0bf8fb,0,deep_drawdown,late|none|nonpos,0.1,,0.5255,0,1,-0.6628,-0.6906,0,0,neutral,-1.1749,,0.0,0.0,0.0,,0.0,0,0,0,missing,0.0,adequate,>2000bps,2020.0,0.55,1,0,1.0,0,1.0,0,,False,no_upcoming,0.032492,price_history,,0,0.3796,price_history,,-0.470835,,46.555,-0.032074,-0.438761,late,micro,none,drug_developer,morningstar,,,,0,0.7862047857540345019476905954,34.63,29.45580844444444444444444444,,79.26,25.52812071330589849108367628,57.57575757575757575757575758,64,0.1,0.80094,0.845,16.66,0.242947,-0.6969
MLTX,MoonLake Immunotherapeutics,,,D,ineligible,D,ineligible,,0.205329,,0.827869,0.172131,53,1,specific_days,3,headwind,deep_drawdown|deep_drawdown_rel_xbi,XS,ineligible,clinical_score:-25.8;financial_score:+20.3;catalyst_score:+2.2,tier=D;reason=ineligible;cat_days=53;strength=near;decay_w=1.0,v1.3.0,6e0bf8fb,0,deep_drawdown,late|near_31_90|nonpos,0.1,,0.5007,0,1,-1.1593,-1.2029,4,4,selling,0.3258,elite_4,2.5661,2.5661,0.99,80,0.0,0,0,0,near,1.0,adequate,<=1000bps,496.08,0.85,1,0,1.0,0,1.0,0,53,True,specific_days,0.439297,price_history,,4,0.654,price_history,,-0.745282,,52.7543,-0.032074,-0.713208,late,small,none,drug_developer,morningstar,CTGOV_CALENDAR,CT_PRIMARY_COMPLETION,,0,0.8205683876811594202898550725,41.61,42.10250000000000000000000000,41.50397256806775673188678618,50.27,14.02997426566450135473704497,60.14893617021276595744680851,66,0.1,0.794671,0.8227,15.98,0.224138,-0.7583
NTLA,"Intellia Therapeutics, Inc.",,,D,ineligible,D,ineligible,,0.217868,,0.86612,0.13388,57,1,specific_days,3,tailwind,high_vol|high_beta|deep_drawdown|deep_drawdown_rel_xbi,XS,ineligible,clinical_score:-27.2;momentum_score:+19.1;catalyst_score:+19.1,tier=D;reason=ineligible;cat_days=57;strength=near;decay_w=1.0,v1.3.0,6e0bf8fb,0,deep_drawdown,late|near_31_90|nonpos,0.1,,0.4928,0,1,-1.3123,-1.3607,1,1,neutral,-0.7997,elite_1,0.7725,0.7725,0.34,80,0.0,0,0,0,near,1.0,adequate,<=1000bps,412.79,0.85,1,0,1.0,0,1.0,0,57,True,specific_days,-0.286166,price_history,,1,1.9529,price_history,,-0.533238,,55.2573,-0.032074,-0.501164,late,small,sev1,drug_developer,morningstar,CTGOV_CALENDAR,CT_STUDY_COMPLETION,,0,0.8061036649214659685863874346,56.79,56.762,40.28798284203722826611339002,71.96,10.48747860195671643483091294,23.98064735174287007695789950,70,0.1,0.782132,0.7794,14.02,0.142633,-1.0686
OCUL,"Ocular Therapeutix, Inc.",,,D,ineligible,D,ineligible,,0.224138,,0.161202,0.838798,86,0,specific_days,3,headwind,deep_drawdown|deep_drawdown_rel_xbi,XS,ineligible,smart_money_score:+30.0;momentum_score:-27.8;clinical_score:+19.7,tier=D;reason=ineligible;cat_days=86;strength=near;decay_w=1.0,v1.3.0,6e0bf8fb,0,deep_drawdown,late|near_31_90|pos,0.1,,0.8648,0,1,1.1139,1.1424,5,5,buying,0.7009,elite_5,9.9583,9.9583,14.08,80,0.0,0,0,0,near,1.0,adequate,<=1000bps,586.4,0.85,1,0,1.0,0,1.0,0,86,False,specific_days,-0.330816,price_history,,5,0.9323,price_history,,-0.43203,,28.8867,-0.032074,-0.399956,late,small,none,drug_developer,morningstar,CTGOV_CALENDAR,CT_PRIMARY_COMPLETION,,0,0.9,19.16,43.51142400000000000000000000,77.0,72.94,66.66666666666666666666666667,28.54147175695387555957949802,72,0.1,0.775862,0.7583,38.70,0.722571,0.5905
QSI,Quantum-Si Incorporated,,,D,ineligible,,,D,0.252351,0.805147,,,57,1,specific_days,3,headwind,deep_drawdown|deep_drawdown_rel_xbi,XS,ineligible,momentum_score:-33.6;clinical_score:+23.9;financial_score:+7.6,tier=;reason=;cat_days=57;strength=near;decay_w=1.0,v1.3.0,6e0bf8fb,0,deep_drawdown,late|near_31_90|nonpos,0.1,59.729636,0.8856,0,1,,,0,0,neutral,-1.1749,,0.0,0.0,0.0,,0.0,0,0,0,near,1.0,adequate,<=2000bps,1520.77,0.7,1,0,1.0,0,1.0,0,57,True,specific_days,-0.621384,price_history,,0,1.2003,price_history,,-0.581749,,37.7847,-0.032074,-0.549675,late,micro,none,platform_devices,morningstar,CTGOV_CALENDAR,CT_PRIMARY_COMPLETION,,0,0.8460116279069767441860465116,19.49,55.094,,81.48,77.000,60.69696969696969696969696970,81,0.1,0.747649,0.6671,42.67,0.816614,0.9025
RCKT,"Rocket Pharmaceuticals, Inc.",,,D,ineligible,D,ineligible,,0.255486,,0.254098,0.745902,92,0,specific_days,3,headwind,deep_drawdown|deep_drawdown_rel_xbi,XS,ineligible,financial_score:-21.7;clinical_score:+17.7;smart_money_score:+8.0,tier=D;reason=ineligible;cat_days=92;strength=near;decay_w=1.0,v1.3.0,6e0bf8fb,0,deep_drawdown,mid|near_91_180|pos,0.1,,-0.0429,0,1,0.8409,0.8608,3,3,buying,-0.0494,elite_3,2.5191,2.5191,0.71,80,0.0,0,0,0,near,1.0,adequate,<=2000bps,1198.5,0.7,1,0,1.0,0,1.0,0,92,False,specific_days,-0.207574,price_history,,3,1.4528,price_history,,-0.690391,,44.9321,-0.032074,-0.658317,mid,small,sev1,drug_developer,morningstar,CTGOV_CALENDAR,CT_PRIMARY_COMPLETION,,0,0.7981790089394106610749365412,39.65,41.73815511111111111111111111,50.65790034531449467661451362,77.07,60.34482758620689655172413793,21.01469237832874196510560147,82,0.1,0.744514,0.6573,28.28,0.518809,0.0472
SMMT,Summit Therapeutics Inc.,,,D,ineligible,D,ineligible,,0.274295,,0.669399,0.330601,50,1,specific_days,3,headwind,deep_drawdown|deep_drawdown_rel_xbi,XS,ineligible,smart_money_score:+45.0;financial_score:-30.2;momentum_score:-20.6,tier=D;reason=ineligible;cat_days=50;strength=near;decay_w=1.0,v1.3.0,6e0bf8fb,0,deep_drawdown,late|near_31_90|nonpos,0.1,,0.5258,0,1,-0.6408,-0.668,5,5,buying,0.7009,elite_5,6.5737,6.5737,5.03,80,0.0,0,0,0,near,1.0,short,<=1000bps,488.94,0.85,1,0,1.0,0,1.0,0,50,True,specific_days,-0.455501,price_history,,5,1.4203,price_history,,-0.616894,,31.0081,-0.032074,-0.58482,late,large,sev2,drug_developer,morningstar,CTGOV_CALENDAR,CT_PRIMARY_COMPLETION,,0,0.8056077617769099340981205760,14.58,50.084,80.15150311072273386858170084,45.84,26.03555192780782006371231961,5,88,0.1,0.725705,0.5999,7.91,0.032915,-1.8396
SPRY,"ARS Pharmaceuticals, Inc.",,,D,ineligible,D,ineligible,,0.277429,,0.29235,0.70765,119,0,specific_days,3,headwind,deep_drawdown|deep_drawdown_rel_xbi,XS,ineligible,momentum_score:-14.2;clinical_score:+12.9;catalyst_score:+6.9,tier=D;reason=ineligible;cat_days=119;strength=near;decay_w=1.0,v1.3.0,6e0bf8fb,0,deep_drawdown,late|near_91_180|pos,0.1,,0.8262,0,1,0.7082,0.7239,6,6,selling,1.0761,elite_6,5.6266,5.6266,1.96,80,0.0,0,0,0,near,1.0,adequate,<=1000bps,786.97,0.85,1,0,1.0,0,1.0,0,119,False,specific_days,-0.110718,price_history,,6,1.6058,price_history,,-0.438692,,46.4457,-0.032074,-0.406618,late,small,none,drug_developer,morningstar,CTGOV_CALENDAR,CT_PRIMARY_COMPLETION,,0,0.8976726097882015077180806510,30.12,51.302,42.900,57.50,57.27272727272727272727272727,40.22881142799657964891102057,89,0.1,0.722571,0.5905,35.37,0.65674,0.4036
TARA,"Protara Therapeutics, Inc.",,,D,ineligible,D,ineligible,,0.286834,,0.188525,0.811475,88,0,specific_days,3,tailwind,,XS,ineligible,smart_money_score:-27.9;momentum_score:+26.5;clinical_score:+7.4,tier=D;reason=ineligible;cat_days=88;strength=near;decay_w=1.0,v1.3.0,6e0bf8fb,0,fundamental_red_flag,mid|near_31_90|pos,0.1,,-0.0308,0,1,1.0643,1.0912,1,1,selling,-0.7997,elite_1,0.6597,0.6597,0.02,80,0.0,0,0,0,near,1.0,critical,<=2000bps,1214.88,0.7,1,0,1.0,0,1.0,0,88,False,specific_days,0.205193,price_history,,1,1.6997,price_history,,-0.068783,,67.2116,-0.032074,-0.036709,mid,small,none,drug_developer,morningstar,CTGOV_CALENDAR,CT_STUDY_COMPLETION,,0,0.8166527624504186866460996033,84.58,51.506,30.22385616361710430849761880,67.74,65.51724137931034482758620690,58.63636363636363636363636364,92,0.1,0.713166,0.5627,43.60,0.838558,0.9885
VOR,Vor Biopharma Inc.,,,D,ineligible,D,ineligible,,0.302508,,0.991803,0.008197,,0,no_upcoming,9,headwind,high_vol|deep_drawdown|deep_drawdown_rel_xbi,XS,ineligible,clinical_score:-13.2;catalyst_score:+11.3;financial_score:+6.7,tier=D;reason=ineligible;cat_days=NA;strength=missing;decay_w=0.0,v1.3.0,6e0bf8fb,0,deep_drawdown,late|none|nonpos,0.1,,0.4024,0,1,-1.5493,-1.6052,0,0,neutral,-1.1749,,0.0,0.0,0.0,,0.0,0,0,0,missing,0.0,adequate,<=1000bps,655.41,0.85,1,0,1.0,0,1.0,0,,False,no_upcoming,-0.554284,price_history,,0,0.9657,price_history,,-0.760487,,43.9158,-0.032074,-0.728413,late,small,sev1,drug_developer,morningstar,,,,0,0.7862528868360277136258660508,13.47,29.45580844444444444444444444,,66.28,5,24.87827574065690860620693123,97,0.1,0.697492,0.5172,5.30,0.004702,-2.597
CRMD,CorMedix Inc.,,,D,ineligible,,,D,0.327586,0.283088,,,333,0,specific_days,9,headwind,deep_drawdown|deep_drawdown_rel_xbi,XS,ineligible,momentum_score:-23.8;smart_money_score:+18.6;financial_score:-11.4,tier=;reason=;cat_days=333;strength=far;decay_w=0.3,v1.3.0,6e0bf8fb,0,deep_drawdown,late|far_271_540|pos,0.0961064745762712,39.148718,0.8043,0,1,-0.1312,0.1814,2,2,buying,-0.4246,elite_2,1.6733,1.6733,0.59,80,0.0,0,0,0,far,0.3,adequate,<=1000bps,684.04,0.85,1,0,1.0,0,1.0,0,333,False,specific_days,-0.458817,price_history,,2,0.954,price_history,,-0.506642,,43.9087,-0.032074,-0.474568,late,small,none,commercial_biotech,morningstar,,,,0,0.8435601411650954798162919990,15.10,48.05580844444444444444444444,57.475,67.79,46.40444852566064687276808489,27.56048488506614355414717570,105,0.0961064745762712,0.672414,0.4466,28.12,0.515674,0.0393
PHAT,"Phathom Pharmaceuticals, Inc.",,,D,ineligible,,,D,0.333856,0.128676,,,302,0,specific_days,9,headwind,,XS,ineligible,financial_score:-35.7;clinical_score:+28.1;smart_money_score:+8.4,tier=;reason=;cat_days=302;strength=far;decay_w=0.3,v1.3.0,6e0bf8fb,0,fundamental_red_flag,late|far_271_540|pos,0.0961064745762712,32.353,0.8727,0,1,0.9103,1.1911,1,1,selling,-0.7997,elite_1,0.7167,0.7167,0.82,80,0.0,0,0,0,far,0.3,short,<=1000bps,910.53,0.85,1,0,1.0,0,1.0,0,302,False,specific_days,-0.181865,price_history,,1,1.1257,price_history,,-0.236173,,43.0342,-0.032074,-0.204099,late,small,sev2,commercial_biotech,morningstar,,,,0,0.8342996593273651100895233487,40.23,40.41376711111111111111111111,49.050,63.02,68.78787878787878787878787879,5,107,0.0961064745762712,0.666144,0.4293,12.15,0.095611,-1.307
RARE,Ultragenyx Pharmaceutical Inc.,,,D,ineligible,,,D,0.340125,0.761029,,,333,0,specific_days,9,headwind,high_vol|deep_drawdown|deep_drawdown_rel_xbi,XS,ineligible,momentum_score:-25.4;financial_score:+17.5;clinical_score:+15.6,tier=;reason=;cat_days=333;strength=far;decay_w=0.3,v1.3.0,6e0bf8fb,0,deep_drawdown,late|far_271_540|pos,0.0961064745762712,58.358893,0.8572,0,1,0.7129,0.9998,5,5,selling,0.7009,elite_5,6.1156,6.1156,2.19,80,0.0,0,0,0,far,0.3,adequate,<=1000bps,436.29,0.85,1,0,1.0,0,1.0,0,333,False,specific_days,-0.46689,price_history,,5,1.2576,price_history,,-0.459152,,45.9244,-0.032074,-0.427078,late,mid,none,commercial_biotech,morningstar,,,,0,0.8934017117340610270404366162,23.57,49.84407511111111111111111111,40.4750,67.84,64.54545454545454545454545454,66.44642857142857142857142857,109,0.0961064745762712,0.659875,0.4121,42.61,0.81348,0.8908
SRPT,"Sarepta Therapeutics, Inc.",,,D,ineligible,,,D,0.346395,0.959559,,,271,0,specific_days,9,headwind,deep_drawdown|deep_drawdown_rel_xbi,XS,ineligible,momentum_score:-14.1;financial_score:+14.1;clinical_score:+8.5,tier=;reason=;cat_days=271;strength=far;decay_w=0.3,v1.3.0,6e0bf8fb,0,deep_drawdown,late|far_271_540|pos,0.0961064745762712,68.171755,0.8449,0,1,0.6283,0.9177,3,3,neutral,-0.0494,elite_3,3.2057,3.2057,1.59,80,0.0,0,0,0,far,0.3,adequate,<=1000bps,430.2,0.85,1,0,1.0,0,1.0,0,271,False,specific_days,-0.017195,price_history,,3,1.6219,price_history,,-0.825912,,45.5698,-0.032074,-0.793838,late,small,none,commercial_biotech,morningstar,,,,0,0.8578292242934455802766085388,40.09,46.07669377777777777777777778,53.9750,84.07,62.72727272727272727272727273,68.28723404255319148936170213,111,0.0961064745762712,0.653605,0.3951,36.20,0.669279,0.4379
VCEL,Vericel Corporation,,,D,ineligible,,,D,0.362069,0.113971,,,484,0,specific_days,9,headwind,deep_drawdown|deep_drawdown_rel_xbi,XS,ineligible,clinical_score:+30.6;financial_score:-17.1;momentum_score:-11.3,tier=;reason=;cat_days=484;strength=far;decay_w=0.3,v1.3.0,6e0bf8fb,0,deep_drawdown,late|far_271_540|pos,0.0961064745762712,30.98422,0.8774,0,1,1.0654,1.3415,0,0,neutral,-1.1749,,0.0,0.0,0.0,,0.0,0,0,0,far,0.3,adequate,<=1000bps,704.06,0.85,1,0,1.0,0,1.0,0,484,False,specific_days,-0.099602,price_history,,0,0.6496,price_history,,-0.402265,,48.3268,-0.032074,-0.370191,late,small,none,commercial_biotech,morningstar,,,,0,0.9,30.17,39.34736044444444444444444444,,39.98,72.12121212121212121212121212,24.34937880388310447160605603,116,0.0961064745762712,0.637931,0.3529,38.12,0.703762,0.5353
MRUS,Merus N.V.,,,D,ineligible,D,ineligible,,0.399687,,0.778689,0.221311,27,1,specific_days,3,headwind,,XS,ineligible,smart_money_score:+47.7;financial_score:-32.3;clinical_score:-20.1,tier=D;reason=ineligible;cat_days=27;strength=near;decay_w=1.0,v1.3.0,6e0bf8fb,0,fundamental_red_flag,late|near_0_30|nonpos,0.09603160592255125,,0.5069,0,1,-1.0203,-1.0595,8,8,buying,1.8264,elite_8,13.2851,13.2851,4.38,80,0.0,0,0,0,near,1.0,critical,<=400bps,303.7,1.0,0,0,1.0,0,1.0,0,27,True,specific_days,-0.063382,price_history,,8,0.0959,price_history,,-0.072261,,14.6757,-0.032074,-0.040187,late,unknown,none,drug_developer,morningstar,CTGOV_CALENDAR,CT_PRIMARY_COMPLETION,,0,0.8321759511610160252916167012,45.16,34.32950044444444444444444444,85,50,17.24869344397963926583455203,5,128,0.09603160592255125,0.600313,0.2542,10.10,0.054859,-1.5995
NVCR,NovoCure Limited,,,D,ineligible,,,D,0.402821,0.944853,,,27,1,specific_days,3,headwind,deep_drawdown|deep_drawdown_rel_xbi,XS,ineligible,momentum_score:-17.2;financial_score:+14.7;clinical_score:+5.0,tier=;reason=;cat_days=27;strength=near;decay_w=1.0,v1.3.0,6e0bf8fb,0,deep_drawdown,late|near_0_30|nonpos,0.09603160592255125,67.87,0.8313,0,1,,,1,1,selling,-0.7997,elite_1,1.8293,1.8293,3.0,80,0.0,0,0,0,near,1.0,adequate,<=1000bps,697.98,0.85,1,0,1.0,0,1.0,0,27,True,specific_days,-0.169773,price_history,,1,1.0163,price_history,,-0.502855,,38.2585,-0.032074,-0.470781,late,small,none,platform_devices,morningstar,CTGOV_CALENDAR,CT_STUDY_COMPLETION,,0,0.8998023376560999039385206532,36.57,50.630,54.50,85.01,58.78787878787878787878787879,68.450,129,0.09603160592255125,0.597179,0.2461,43.80,0.844828,1.0145
REPL,"Replimune Group, Inc.",,,D,ineligible,D,ineligible,,0.412226,,0.844262,0.155738,27,1,specific_days,9,headwind,deep_drawdown|deep_drawdown_rel_xbi,XS,ineligible,clinical_score:-33.7;catalyst_score:+22.6;smart_money_score:+15.4,tier=D;reason=ineligible;cat_days=27;strength=near;decay_w=1.0,v1.3.0,6e0bf8fb,0,deep_drawdown,late|near_0_30|nonpos,0.09603160592255125,,0.4956,0,1,-1.2557,-1.3023,5,5,selling,0.7009,elite_5,4.837,4.837,4.72,80,0.0,0,0,0,near,1.0,adequate,<=1000bps,935.66,0.85,1,0,1.0,0,1.0,0,27,True,specific_days,-0.44434,price_history,,5,1.2152,price_history,,-0.512579,,32.2736,-0.032074,-0.480505,late,small,none,drug_developer,morningstar,,,,0,0.8269696626669685306769300430,32.51,68.096,60.85613501724412107896796667,69.94,11.79890940833701776462719224,54.18085106382978723404255319,132,0.09603160592255125,0.587774,0.2218,15.21,0.189655,-0.8792
TEM,"Tempus AI, Inc.",,,D,ineligible,,,D,0.415361,0.297794,,,27,1,specific_days,9,headwind,deep_drawdown|deep_drawdown_rel_xbi,XS,ineligible,momentum_score:-31.2;clinical_score:+14.9;catalyst_score:+9.1,tier=;reason=;cat_days=27;strength=near;decay_w=1.0,v1.3.0,6e0bf8fb,0,deep_drawdown,late|near_0_30|nonpos,0.09603160592255125,39.383328,0.8688,0,1,,,4,4,buying,0.3258,elite_4,3.5716,3.5716,1.98,80,0.0,0,0,0,near,1.0,adequate,<=400bps,199.02,1.0,0,0,1.0,0,1.0,0,27,True,specific_days,-0.493283,price_history,,4,1.0199,price_history,,-0.43293,,35.6023,-0.032074,-0.400856,late,large,none,platform_services,morningstar,,,,0,0.8413693166710981122042010104,21.56,61.844,60.950,33.79,67.57575757575757575757575757,51.65517241379310344827586207,133,0.09603160592255125,0.584639,0.2138,35.98,0.666144,0.4293
ZLAB,Zai Lab Limited,,,D,ineligible,,,D,0.42163,0.584559,,,26,1,specific_days,3,headwind,deep_drawdown|deep_drawdown_rel_xbi,XS,ineligible,financial_score:+29.8;momentum_score:-24.8;smart_money_score:-9.4,tier=;reason=;cat_days=26;strength=near;decay_w=1.0,v1.3.0,6e0bf8fb,0,deep_drawdown,late|near_0_30|nonpos,0.09603160592255125,50.537,0.5444,0,1,-0.5328,-0.208,3,3,selling,-0.0494,elite_3,2.1715,2.1715,1.57,80,0.0,0,0,0,near,1.0,adequate,<=1000bps,771.12,0.85,1,0,1.0,0,1.0,0,26,True,specific_days,-0.46781,price_history,,3,0.5333,price_history,,-0.621195,,32.1167,-0.032074,-0.589121,late,mid,none,commercial_biotech,morningstar,CTGOV_CALENDAR,CT_PRIMARY_COMPLETION,,0,0.8712184893419833178869323448,13.92,43.97250844444444444444444444,29.29645848394969341954231931,48.43,37.77267625752474237322722171,68.450,135,0.09603160592255125,0.57837,0.1977,25.09,0.452978,-0.1181
ABCL,AbCellera Biologics Inc.,,,D,ineligible,D,ineligible,,0.4279,,0.598361,0.401639,272,0,specific_days,9,headwind,deep_drawdown|deep_drawdown_rel_xbi,XS,ineligible,momentum_score:-17.9;financial_score:+17.7;smart_money_score:+10.2,tier=D;reason=ineligible;cat_days=272;strength=far;decay_w=0.3,v1.3.0,6e0bf8fb,0,deep_drawdown,late|far_271_540|nonpos,0.0930939801980198,,-0.832,272,1,-0.347,-0.3648,2,2,buying,-0.4246,elite_2,2.2559,2.2559,1.0,80,0.0,0,0,0,far,0.3,adequate,<=1000bps,875.54,0.85,1,0,1.0,0,1.0,0,272,False,specific_days,-0.542694,price_history,,2,1.4312,price_history,,-0.432739,,37.6917,-0.032074,-0.400665,late,small,none,drug_developer,morningstar,,,,0,0.8586716098334655035685963521,23.97,40.94432400000000000000000000,52.04317583913451078514118655,62.83,32.83848586878889909192939496,59.60638297872340425531914893,137,0.0930939801980198,0.5721,0.1817,27.82,0.5,0.0
ABSI,Absci Corporation,,,D,ineligible,D,ineligible,,0.434169,,0.565574,0.434426,545,0,specific_days,9,headwind,high_beta|deep_drawdown|deep_drawdown_rel_xbi,XS,ineligible,smart_money_score:+25.3;momentum_score:-19.3;clinical_score:-9.4,tier=D;reason=ineligible;cat_days=545;strength=far;decay_w=0.3,v1.3.0,6e0bf8fb,0,deep_drawdown,late|far_271_540|nonpos,0.0930939801980198,,-0.8934,545,1,-0.2296,-0.2437,3,3,buying,-0.0494,elite_3,4.0396,4.0396,2.44,80,0.0,0,0,0,far,0.3,adequate,<=2000bps,1016.97,0.7,1,0,1.0,0,1.0,0,545,False,specific_days,-0.603127,price_history,,3,2.0239,price_history,,-0.4811,,43.9226,-0.032074,-0.449026,late,small,none,drug_developer,morningstar,,,,0,0.8037931427269620685727303793,25.59,54.128,70.18674652062461650793334017,83.67,35.55702932807309911687016063,39.21489110205724058145968513,139,0.0930939801980198,0.565831,0.1658,24.40,0.437304,-0.1578
IKT,"Inhibikase Therapeutics, Inc.",,,D,ineligible,D,ineligible,,0.471787,,0.953552,0.046448,513,0,specific_days,9,headwind,deep_drawdown|deep_drawdown_rel_xbi,XS,ineligible,clinical_score:-29.7;financial_score:+23.2;smart_money_score:+6.5,tier=D;reason=ineligible;cat_days=513;strength=far;decay_w=0.3,v1.3.0,6e0bf8fb,0,deep_drawdown,late|far_271_540|nonpos,0.0930939801980198,,0.4606,0,1,-1.5493,-1.6052,1,1,selling,-0.7997,elite_1,0.3987,0.3987,0.25,80,0.0,0,0,0,far,0.3,adequate,>2000bps,2020.0,0.55,1,0,1.0,0,1.0,0,513,False,specific_days,-0.142848,price_history,,1,0.7133,price_history,,-0.518405,,43.1563,-0.032074,-0.486331,late,micro,none,drug_developer,morningstar,,,,0,0.7372679328473602827479567042,29.36,39.94131377777777777777777778,41.20470795168154809279239312,56.94,5,57.86363636363636363636363636,151,0.0930939801980198,0.528213,0.0708,14.39,0.164577,-0.9758
NGNE,Neurogene Inc.,,,D,ineligible,D,ineligible,,0.49373,,0.871585,0.128415,1003,0,specific_days,9,headwind,deep_drawdown|deep_drawdown_rel_xbi,XS,ineligible,smart_money_score:+42.1;clinical_score:-32.8;momentum_score:-23.6,tier=D;reason=ineligible;cat_days=1003;strength=far;decay_w=0.3,v1.3.0,6e0bf8fb,0,deep_drawdown,late|far_271_540|nonpos,0.0930939801980198,,0.4922,0,1,-1.331,-1.38,8,8,buying,1.8264,elite_8,11.6327,11.6327,3.89,80,0.0,0,0,0,far,0.3,adequate,<=2000bps,1903.36,0.7,1,0,1.0,0,1.0,0,1003,False,specific_days,-0.707921,price_history,,8,1.5569,price_history,,-0.466686,,46.1655,-0.032074,-0.434612,late,micro,none,drug_developer,morningstar,,,,0,0.8258826754385964912280701754,19.28,39.34736044444444444444444444,85,72.58,10.05486968449931412894375857,60.69696969696969696969696970,158,0.0930939801980198,0.50627,0.0157,21.64,0.387147,-0.2868
PRTA,Prothena Corporation plc,,,D,ineligible,D,ineligible,,0.503135,,0.729508,0.270492,331,0,specific_days,9,headwind,deep_drawdown|deep_drawdown_rel_xbi,XS,ineligible,clinical_score:-18.5;smart_money_score:+13.4;momentum_score:-11.1,tier=D;reason=ineligible;cat_days=331;strength=far;decay_w=0.3,v1.3.0,6e0bf8fb,0,deep_drawdown,late|far_271_540|nonpos,0.0930939801980198,,0.5199,0,1,-0.8345,-0.8678,2,2,neutral,-0.4246,elite_2,2.4362,2.4362,2.39,80,0.0,0,0,0,far,0.3,adequate,<=2000bps,1383.38,0.7,1,0,1.0,0,1.0,0,331,False,specific_days,-0.316418,price_history,,2,1.0121,price_history,,-0.436433,,40.8403,-0.032074,-0.404359,late,small,none,drug_developer,morningstar,,,,0,0.8542652563782741807461163397,28.96,50.798,53.38177722606766437701169465,83.56,21.55029532133909238286342664,45.40743674865449424073235753,161,0.0930939801980198,0.496865,-0.0079,21.64,0.384013,-0.295
CAI,"Caris Life Sciences, Inc.",,,D,ineligible,,,D,0.537618,0.231618,,,27,1,specific_days,3,headwind,deep_drawdown|deep_drawdown_rel_xbi,XS,ineligible,momentum_score:-35.1;catalyst_score:+15.7;clinical_score:+14.3,tier=;reason=;cat_days=27;strength=near;decay_w=1.0,v1.3.0,6e0bf8fb,0,deep_drawdown,late|near_0_30|pos,0.09254273684210526,38.189857,0.8766,0,1,0.9949,1.2732,3,3,buying,-0.0494,elite_3,4.793,4.793,2.16,80,0.0,0,0,0,near,1.0,adequate,<=1000bps,450.53,0.85,1,0,1.0,0,1.0,0,27,True,specific_days,-0.337208,price_history,,3,0.4661,price_history,,-0.406616,,34.3159,-0.032074,-0.374542,late,mid,none,commercial_biotech,morningstar,CTGOV_CALENDAR,CT_PRIMARY_COMPLETION,,0,0.9,21.18,72.020,61.400,24.46,70.60606060606060606060606060,56.42857142857142857142857143,172,0.09254273684210526,0.462382,-0.0944,51.04,0.95768,1.7244
DNA,"Ginkgo Bioworks Holdings, Inc.",,,D,ineligible,,,D,0.543887,0.871324,,,27,1,specific_days,9,headwind,deep_drawdown|deep_drawdown_rel_xbi,XS,ineligible,momentum_score:-29.3;catalyst_score:+13.8;financial_score:+12.1,tier=;reason=;cat_days=27;strength=near;decay_w=1.0,v1.3.0,6e0bf8fb,0,deep_drawdown,late|near_0_30|pos,0.09254273684210526,64.237,0.862,0,1,0.7834,1.0681,1,1,neutral,-0.7997,elite_1,0.6597,0.6597,0.04,80,0.0,0,0,0,near,1.0,adequate,<=2000bps,1050.05,0.7,1,0,1.0,0,1.0,0,27,True,specific_days,-0.478586,price_history,,1,1.4725,price_history,,-0.440098,,47.3381,-0.032074,-0.408024,late,small,none,commercial_biotech,morningstar,,,,0,0.8278343787970470773326878858,27.12,70.124,50.100,80.03,66.06060606060606060606060606,68.450,174,0.09254273684210526,0.456113,-0.1102,40.28,0.757053,0.6969
GRFS,"Grifols, S.A.",,,D,ineligible,,,D,0.562696,0.047794,,,5,1,specific_days,3,headwind,,XS,ineligible,financial_score:-33.8;clinical_score:+23.3;catalyst_score:+14.7,tier=;reason=;cat_days=5;strength=near;decay_w=1.0,v1.3.0,6e0bf8fb,0,fundamental_red_flag,late|near_0_30|pos,0.09254273684210526,26.664,0.8418,0,1,0.3573,1.2038,0,0,neutral,-1.1749,,0.0,0.0,0.0,,0.0,0,0,0,near,1.0,critical,<=2000bps,1468.28,0.7,1,0,1.0,0,1.0,0,5,True,specific_days,-0.069874,price_history,,0,0.4895,price_history,,-0.124767,,57.1772,-0.032074,-0.092693,late,unknown,none,commercial_pharma,morningstar,CTGOV_CALENDAR,CT_STUDY_COMPLETION,,0,0.8726324419837436682765932383,34.57,53.558,,50,62.12121212121212121212121212,5,180,0.09254273684210526,0.437304,-0.1578,24.88,0.446708,-0.134
PRLD,Prelude Therapeutics Incorporated,,,D,ineligible,D,ineligible,,0.609718,,0.095628,0.904372,,0,no_upcoming,9,tailwind,deep_drawdown|deep_drawdown_rel_xbi,XS,ineligible,financial_score:-51.7;smart_money_score:+26.2;momentum_score:+26.1,tier=D;reason=ineligible;cat_days=NA;strength=missing;decay_w=0.0,v1.3.0,6e0bf8fb,0,deep_drawdown,mid|none|pos,0.08701244092219021,,-0.001,0,1,1.4217,1.46,2,2,buying,-0.4246,elite_2,1.4614,1.4614,0.37,80,0.0,0,0,0,missing,0.0,short,>2000bps,2036.0,0.55,1,0,1.0,0,1.0,0,,False,no_upcoming,-0.156787,price_history,,2,1.6985,price_history,,-0.48995,,48.1482,-0.032074,-0.457876,mid,micro,sev2,drug_developer,morningstar,,,,0,0.7615396661295520464067031905,82.75,39.02342400000000000000000000,82.86438470683716122994622326,65.03,73.79310344827586206896551724,5,195,0.08701244092219021,0.390282,-0.2786,13.12,0.123824,-1.1561
SNDX,"Syndax Pharmaceuticals, Inc.",,,D,ineligible,,,D,0.647335,0.334559,,,28,1,specific_days,3,tailwind,,XS,ineligible,financial_score:-38.1;clinical_score:+17.4;catalyst_score:+13.1,tier=;reason=;cat_days=28;strength=near;decay_w=1.0,v1.3.0,6e0bf8fb,0,fundamental_red_flag,mid|near_0_30|pos,0.07679787341772153,40.662487,-0.0089,0,1,1.0469,1.3236,3,3,neutral,-0.0494,elite_3,3.6073,3.6073,1.86,80,0.0,0,0,0,near,1.0,critical,<=1000bps,574.11,0.85,1,0,1.0,0,1.0,0,28,True,specific_days,0.106689,price_history,,3,1.5561,price_history,,-0.034374,,55.3995,-0.032074,-0.0023,mid,small,sev1,commercial_biotech,morningstar,CTGOV_CALENDAR,CT_PRIMARY_COMPLETION,,0,0.8397339901477832512315270936,62.96,67.376,53.21504613348438829745177561,59.40,71.72413793103448275862068966,16.17885930007142128354249567,207,0.07679787341772153,0.352665,-0.3781,36.53,0.678683,0.464
IOVA,"Iovance Biotherapeutics, Inc.",,,D,ineligible,,,D,0.688088,0.349265,,,149,0,specific_days,3,headwind,high_beta|deep_drawdown|deep_drawdown_rel_xbi,XS,ineligible,financial_score:-26.3;smart_money_score:+19.5;catalyst_score:+13.2,tier=;reason=;cat_days=149;strength=mid;decay_w=0.7,v1.3.0,6e0bf8fb,0,deep_drawdown,late|near_91_180|nonpos,0.0743638577586207,41.189184,0.5268,0,1,-1.0552,-0.7145,2,2,neutral,-0.4246,elite_2,2.7036,2.7036,3.06,80,0.0,0,0,0,mid,0.7,short,<=1000bps,577.88,0.85,1,0,1.0,0,1.0,0,149,False,specific_days,0.077354,price_history,,2,1.9532,price_history,,-0.572131,,51.2097,-0.032074,-0.540057,late,small,sev2,commercial_biotech,morningstar,CTGOV_CALENDAR,CT_PRIMARY_COMPLETION,,0,0.8111810482948043030441748684,40.89,50.138,56.41257040890696149551515481,80.68,26.54525048464442403836343231,10.60707459383330818369297318,220,0.0743638577586207,0.311912,-0.4904,5.85,0.007837,-2.4164
NUVB,Nuvation Bio Inc.,,,D,ineligible,D,ineligible,,0.694357,,0.773224,0.226776,149,0,specific_days,9,tailwind,high_vol|deep_drawdown|deep_drawdown_rel_xbi,XS,ineligible,clinical_score:-24.2;momentum_score:+18.6;financial_score:+13.3,tier=D;reason=ineligible;cat_days=149;strength=mid;decay_w=0.7,v1.3.0,6e0bf8fb,0,deep_drawdown,late|near_91_180|nonpos,0.0743638577586207,,0.508,0,1,-1.0001,-1.0386,6,6,selling,1.0761,elite_6,2.6389,2.6389,0.17,80,0.0,0,0,0,mid,0.7,adequate,<=1000bps,496.66,0.85,1,0,1.0,0,1.0,0,149,False,specific_days,-0.072481,price_history,,6,1.3038,price_history,,-0.409853,,35.2096,-0.032074,-0.377779,late,small,none,drug_developer,morningstar,,,,0,0.8073277330003405607901010330,60.56,39.34736044444444444444444444,36.80267018852662296310238790,31.75,17.71757983879196000408121621,55.26595744680851063829787234,222,0.0743638577586207,0.305643,-0.5082,15.17,0.183386,-0.9025
ZBIO,"Zenas BioPharma, Inc.",,,D,ineligible,D,ineligible,,0.703762,,0.685792,0.314208,119,0,specific_days,3,headwind,high_vol|high_beta|deep_drawdown|deep_drawdown_rel_xbi,XS,ineligible,smart_money_score:+33.1;momentum_score:-16.1;clinical_score:-11.0,tier=D;reason=ineligible;cat_days=119;strength=near;decay_w=1.0,v1.3.0,6e0bf8fb,0,deep_drawdown,late|near_91_180|nonpos,0.0743638577586207,,0.5248,0,1,-0.6846,-0.7131,3,3,buying,-0.0494,elite_3,4.0097,4.0097,2.08,80,0.0,0,0,0,near,1.0,adequate,<=1000bps,705.2,0.85,1,0,1.0,0,1.0,0,119,False,specific_days,-0.769349,price_history,,3,2.0553,price_history,,-0.579569,,36.5045,-0.032074,-0.547495,late,small,none,drug_developer,morningstar,CTGOV_CALENDAR,CT_PRIMARY_COMPLETION,,0,0.8123299416942951869212301360,19.96,39.34736044444444444444444444,69.14353142650758216296978946,29.58,25.02295684113865932047750229,26.69533725667722951561792666,225,0.0743638577586207,0.296238,-0.5353,16.45,0.233542,-0.7272
ADPT,Adaptive Biotechnologies Corpor,,,D,ineligible,,,D,0.706897,0.194853,,,,0,no_upcoming,9,neutral,,XS,ineligible,clinical_score:-24.0;momentum_score:+12.2;smart_money_score:+11.8,tier=;reason=;cat_days=NA;strength=missing;decay_w=0.0,v1.3.0,6e0bf8fb,0,fundamental_red_flag,early|none|nonpos,0.06969944897959185,36.115014,-2.3964,,0,-1.4889,-1.1349,1,1,buying,-0.7997,elite_1,0.6597,0.6597,0.01,80,0.0,0,0,0,missing,0.0,adequate,<=1000bps,518.42,0.85,1,0,1.0,0,1.0,0,,False,no_upcoming,-0.034186,price_history,,1,0.6629,price_history,,-0.101173,,55.8357,-0.032074,-0.069099,early,mid,sev1,commercial_biotech,morningstar,,,,0,0.6490132231622898582573343589,53.38,42.67361111111111111111111111,53.025,21.70,17.22530864197530864197530864,39.65336419753086419753086420,226,0.06969944897959185,0.293103,-0.5443,14.10,0.148903,-1.0412
AVTR,"Avantor, Inc.",,,D,ineligible,,,D,0.710031,0.400735,,,,0,no_upcoming,9,headwind,deep_drawdown|deep_drawdown_rel_xbi,XS,ineligible,smart_money_score:+16.5;clinical_score:-16.3;catalyst_score:+9.1,tier=;reason=;cat_days=NA;strength=missing;decay_w=0.0,v1.3.0,6e0bf8fb,0,fundamental_red_flag|deep_drawdown,early|none|nonpos,0.06969944897959185,42.927056,-2.3964,,0,,,1,1,neutral,-0.7997,elite_1,0.5278,0.5278,0.02,80,0.0,0,0,0,missing,0.0,adequate,<=400bps,308.1,1.0,0,0,1.0,0,1.0,0,,False,no_upcoming,-0.082083,price_history,,1,0.2083,price_history,,-0.503142,,39.8778,-0.032074,-0.471068,early,mid,sev1,platform_devices,morningstar,,,,0,0.6676109473684210526315789474,26.67,42.67361111111111111111111111,50.050,67.25,17.22530864197530864197530864,31.23456790123456790123456790,227,0.06969944897959185,0.289969,-0.5535,15.95,0.221003,-0.7688
BRKR,Bruker Corporation,,,D,ineligible,,,D,0.713166,0.643382,,,,0,no_upcoming,9,headwind,,XS,ineligible,clinical_score:-19.9;financial_score:+10.7;catalyst_score:+5.5,tier=;reason=;cat_days=NA;strength=missing;decay_w=0.0,v1.3.0,6e0bf8fb,0,fundamental_red_flag,early|none|nonpos,0.06969944897959185,54.289222,-2.3964,,0,,,0,0,neutral,-1.1749,,0.0,0.0,0.0,,0.0,0,0,0,missing,0.0,adequate,<=400bps,330.03,1.0,0,0,1.0,0,1.0,0,,False,no_upcoming,-0.032881,price_history,,0,0.6432,price_history,,-0.243893,,35.3537,-0.032074,-0.211819,early,mid,sev1,platform_devices,morningstar,,,,0,0.6786504415985868845219695297,40.89,42.67361111111111111111111111,,70.27,17.22530864197530864197530864,47.81493827160493827160493827,228,0.06969944897959185,0.286834,-0.5627,14.80,0.180251,-0.9144
CSTL,"Castle Biosciences, Inc.",,,D,ineligible,,,D,0.716301,0.900735,,,,0,no_upcoming,9,tailwind,,XS,ineligible,clinical_score:-31.2;financial_score:+21.5;momentum_score:+15.5,tier=;reason=;cat_days=NA;strength=missing;decay_w=0.0,v1.3.0,6e0bf8fb,0,fundamental_red_flag,early|none|nonpos,0.06969944897959185,65.718,-2.3964,,0,,,0,0,neutral,-1.1749,,0.0,0.0,0.0,,0.0,0,0,0,missing,0.0,adequate,<=1000bps,863.39,0.85,1,0,1.0,0,1.0,0,,False,no_upcoming,0.145374,price_history,,0,0.5612,price_history,,-0.082946,,46.2927,-0.032074,-0.050872,early,small,sev1,platform_diagnostics,morningstar,,,,0,0.6775268846404518792092113839,63.92,42.67361111111111111111111111,,61.24,17.22530864197530864197530864,70.00000000000000000000000000,229,0.06969944897959185,0.283699,-0.5719,17.33,0.274295,-0.5999
CTKB,"Cytek Biosciences, Inc.",,,D,ineligible,,,D,0.719436,0.775735,,,,0,no_upcoming,9,headwind,,XS,ineligible,clinical_score:-24.9;financial_score:+23.7;momentum_score:+0.7,tier=;reason=;cat_days=NA;strength=missing;decay_w=0.0,v1.3.0,6e0bf8fb,0,fundamental_red_flag,early|none|nonpos,0.06969944897959185,59.2205,-2.3964,,0,,,0,0,neutral,-1.1749,,0.0,0.0,0.0,,0.0,0,0,0,missing,0.0,adequate,<=2000bps,1492.83,0.7,1,0,1.0,0,1.0,0,,False,no_upcoming,0.160696,price_history,,0,0.8706,price_history,,-0.122449,,47.4203,-0.032074,-0.090375,early,small,sev1,platform_devices,morningstar,,,,0,0.6629014354066985645933014354,42.88,42.67361111111111111111111111,,59.97,17.22530864197530864197530864,65.90000000000000000000000000,230,0.06969944897959185,0.280564,-0.5812,17.43,0.280564,-0.5812
ETON,"Eton Pharmaceuticals, Inc.",,,D,ineligible,,,D,0.722571,0.077206,,,,0,no_upcoming,9,headwind,deep_drawdown_rel_xbi,XS,ineligible,smart_money_score:+36.8;financial_score:-19.2;clinical_score:-16.9,tier=;reason=;cat_days=NA;strength=missing;decay_w=0.0,v1.3.0,6e0bf8fb,0,fundamental_red_flag,early|none|nonpos,0.06969944897959185,29.260222,-2.3964,,0,-1.523,-0.9391,2,2,buying,-0.4246,elite_2,4.5588,4.5588,8.79,80,0.0,0,0,0,missing,0.0,adequate,<=2000bps,1569.54,0.7,1,0,1.0,0,1.0,0,,False,no_upcoming,-0.300067,price_history,,2,0.6696,price_history,,-0.325178,,42.3809,-0.032074,-0.293104,early,small,sev1,commercial_pharma,morningstar,,,,0,0.7049392972623410217719336064,24.98,42.67361111111111111111111111,71.0,50.12,17.22530864197530864197530864,14.93827160493827160493827160,231,0.06969944897959185,0.277429,-0.5905,14.11,0.152038,-1.0277
FLGT,"Fulgent Genetics, Inc.",,,D,ineligible,,,D,0.725705,0.834559,,,,0,no_upcoming,9,headwind,,XS,ineligible,financial_score:+27.0;clinical_score:-24.2;momentum_score:-4.0,tier=;reason=;cat_days=NA;strength=missing;decay_w=0.0,v1.3.0,6e0bf8fb,0,fundamental_red_flag,early|none|nonpos,0.06969944897959185,61.975,-2.3964,,0,,,0,0,neutral,-1.1749,,0.0,0.0,0.0,,0.0,0,0,0,missing,0.0,adequate,<=2000bps,1404.91,0.7,1,0,1.0,0,1.0,0,,False,no_upcoming,0.069579,price_history,,0,0.3944,price_history,,-0.153323,,37.8439,-0.032074,-0.121249,early,small,sev1,platform_diagnostics,morningstar,,,,0,0.6959801339526844550070217133,37.44,42.67361111111111111111111111,,67.67,17.22530864197530864197530864,68.450,232,0.06969944897959185,0.274295,-0.5999,20.52,0.358934,-0.3613
FTRE,Fortrea Holdings Inc.,,,D,ineligible,,,D,0.72884,0.481618,,,,0,no_upcoming,9,tailwind,,XS,ineligible,momentum_score:+33.7;clinical_score:-26.7;financial_score:-14.9,tier=;reason=;cat_days=NA;strength=missing;decay_w=0.0,v1.3.0,6e0bf8fb,0,fundamental_red_flag,early|none|nonpos,0.06969944897959185,47.258889,-2.3964,,0,-1.4889,-1.1349,1,1,buying,-0.7997,elite_1,0.6597,0.6597,0.03,80,0.0,0,0,0,missing,0.0,adequate,<=1000bps,811.11,0.85,1,0,1.0,0,1.0,0,,False,no_upcoming,0.463433,price_history,,1,1.5042,price_history,,-0.083696,,52.226,-0.032074,-0.051622,early,small,sev1,commercial_biotech,morningstar,,,,0,0.6020031168269750351237436507,77.63,42.67361111111111111111111111,53.075,53.41,17.22530864197530864197530864,28.97641975308641975308641975,233,0.06969944897959185,0.27116,-0.6093,10.08,0.051724,-1.6284
ILMN,"Illumina, Inc.",,,D,ineligible,,,D,0.731975,0.569853,,,,0,no_upcoming,9,neutral,,XS,ineligible,smart_money_score:+12.3;catalyst_score:-10.1;clinical_score:-8.1,tier=;reason=;cat_days=NA;strength=missing;decay_w=0.0,v1.3.0,6e0bf8fb,0,fundamental_red_flag,early|none|nonpos,0.06969944897959185,50.1295,-2.3947,,0,,,2,2,selling,-0.4246,elite_2,2.1111,2.1111,4.16,80,0.0,0,0,0,missing,0.0,adequate,<=400bps,213.46,1.0,0,0,1.0,0,1.0,0,,False,no_upcoming,0.114288,price_history,,2,0.5114,price_history,,-0.083274,,46.6161,-0.032074,-0.0512,early,large,none,platform_diagnostics,morningstar,,,,0,0.8028794470025581136692247803,47.89,36.38220844444444444444444444,58.850,50.29,38.44444444444444444444444444,51.00000000000000000000000000,234,0.06969944897959185,0.268025,-0.6188,30.85,0.5721,0.1817
LFCR,"Lifecore Biomedical, Inc.",,,D,ineligible,,,D,0.73511,0.0625,,,,0,no_upcoming,9,headwind,,XS,ineligible,momentum_score:+15.4;financial_score:-14.1;clinical_score:-13.4,tier=;reason=;cat_days=NA;strength=missing;decay_w=0.0,v1.3.0,6e0bf8fb,0,fundamental_red_flag,early|none|nonpos,0.06969944897959185,26.823056,-2.3964,,0,-1.523,-0.9391,0,0,neutral,-1.1749,,0.0,0.0,0.0,,0.0,0,0,0,missing,0.0,adequate,>2000bps,2020.0,0.55,1,0,1.0,0,1.0,0,,False,no_upcoming,0.190836,price_history,,0,0.3603,price_history,,-0.034014,,57.3786,-0.032074,-0.00194,early,micro,sev1,commercial_pharma,morningstar,,,,0,0.6901343819985069851764956809,45.97,42.67361111111111111111111111,,29.21,17.22530864197530864197530864,16.45679012345679012345679012,235,0.06969944897959185,0.26489,-0.6283,11.44,0.079937,-1.4055
LGND,Ligand Pharmaceuticals Incorporated,,,D,ineligible,,,D,0.738245,0.452206,,,,0,no_upcoming,9,headwind,,XS,ineligible,clinical_score:-22.1;financial_score:+19.6;catalyst_score:+3.3,tier=;reason=;cat_days=NA;strength=missing;decay_w=0.0,v1.3.0,6e0bf8fb,0,fundamental_red_flag,early|none|nonpos,0.06969944897959185,45.447,-2.3964,,0,-1.4889,-1.1349,0,0,neutral,-1.1749,,0.0,0.0,0.0,,0.0,0,0,0,missing,0.0,adequate,<=1000bps,494.18,0.85,1,0,1.0,0,1.0,0,,False,no_upcoming,-0.043175,price_history,,0,0.4815,price_history,,-0.054279,,51.8603,-0.032074,-0.022205,early,mid,sev1,commercial_biotech,morningstar,,,,0,0.7079254080282311424790471989,38.52,42.67361111111111111111111111,,31.98,17.22530864197530864197530864,59.00000000000000000000000000,236,0.06969944897959185,0.261755,-0.6379,17.25,0.268025,-0.6188
MRVI,"Maravai LifeSciences Holdings, Inc.",,,D,ineligible,,,D,0.744514,0.466912,,,,0,no_upcoming,9,headwind,deep_drawdown_rel_xbi,XS,ineligible,clinical_score:-17.3;momentum_score:+8.7;catalyst_score:+8.1,tier=;reason=;cat_days=NA;strength=missing;decay_w=0.0,v1.3.0,6e0bf8fb,0,fundamental_red_flag,early|none|nonpos,0.06969944897959185,46.149222,-2.3964,,0,-1.4889,-1.1349,0,0,neutral,-1.1749,,0.0,0.0,0.0,,0.0,0,0,0,missing,0.0,adequate,<=2000bps,1670.3,0.7,1,0,1.0,0,1.0,0,,False,no_upcoming,0.027802,price_history,,0,0.8017,price_history,,-0.319192,,39.9684,-0.032074,-0.287118,early,small,sev1,commercial_biotech,morningstar,,,,0,0.6454544754371357202331390508,43.23,42.67361111111111111111111111,,62.19,17.22530864197530864197530864,34.97049382716049382716049383,238,0.06969944897959185,0.255486,-0.6573,11.50,0.083072,-1.3847
MYGN,"Myriad Genetics, Inc.",,,D,ineligible,,,D,0.747649,0.878676,,,,0,no_upcoming,9,headwind,deep_drawdown|deep_drawdown_rel_xbi,XS,ineligible,clinical_score:-23.0;financial_score:+20.6;momentum_score:-15.5,tier=;reason=;cat_days=NA;strength=missing;decay_w=0.0,v1.3.0,6e0bf8fb,0,fundamental_red_flag|deep_drawdown,early|none|nonpos,0.06969944897959185,64.773,-2.3964,,0,,,1,1,buying,-0.7997,elite_1,0.6597,0.6597,0.0,80,0.0,0,0,0,missing,0.0,adequate,<=2000bps,1537.57,0.7,1,0,1.0,0,1.0,0,,False,no_upcoming,-0.320887,price_history,,1,0.9179,price_history,,-0.634846,,32.9709,-0.032074,-0.602772,early,small,sev1,platform_diagnostics,morningstar,,,,0,0.6016845413142485361093038386,24.70,42.67361111111111111111111111,55.5,92.78,17.22530864197530864197530864,60.80000000000000000000000000,239,0.06969944897959185,0.252351,-0.6671,14.22,0.161442,-0.9885
OPCH,"Option Care Health, Inc.",,,D,ineligible,,,D,0.750784,0.408088,,,,0,no_upcoming,9,neutral,,XS,ineligible,clinical_score:-19.5;momentum_score:+11.7;catalyst_score:+6.0,tier=;reason=;cat_days=NA;strength=missing;decay_w=0.0,v1.3.0,6e0bf8fb,0,fundamental_red_flag,early|none|nonpos,0.06969944897959185,43.1055,-2.3964,,0,,,0,0,neutral,-1.1749,,0.0,0.0,0.0,,0.0,0,0,0,missing,0.0,adequate,<=1000bps,401.92,0.85,1,0,1.0,0,1.0,0,,False,no_upcoming,0.246917,price_history,,0,0.1835,price_history,,-0.054113,,54.4683,-0.032074,-0.022039,early,mid,sev1,platform_services,morningstar,,,,0,0.7156455696202531645569620253,48.44,42.67361111111111111111111111,,46.05,17.22530864197530864197530864,38.44444444444444444444444444,240,0.06969944897959185,0.249216,-0.677,14.46,0.170846,-0.9508
PACB,Pacific Biosciences of Californ,,,D,ineligible,,,D,0.753918,0.930147,,,,0,no_upcoming,9,neutral,,XS,ineligible,clinical_score:-29.8;financial_score:+21.4;momentum_score:+6.5,tier=;reason=;cat_days=NA;strength=missing;decay_w=0.0,v1.3.0,6e0bf8fb,0,fundamental_red_flag,early|none|nonpos,0.06969944897959185,66.9175,-2.3964,,0,,,2,2,buying,-0.4246,elite_2,1.1875,1.1875,0.08,80,0.0,0,0,0,missing,0.0,adequate,<=1000bps,877.59,0.85,1,0,1.0,0,1.0,0,,False,no_upcoming,-0.210669,price_history,,2,1.3178,price_history,,-0.228464,,43.5264,-0.032074,-0.19639,early,small,sev1,platform_devices,morningstar,,,,0,0.6168246813801678582530307740,53.56,42.67361111111111111111111111,53.200,72.58,17.22530864197530864197530864,68.450,241,0.06969944897959185,0.246082,-0.6869,17.11,0.255486,-0.6573
PAHC,Phibro Animal Health Corporatio,,,D,ineligible,,,D,0.757053,0.084559,,,,0,no_upcoming,9,headwind,,XS,ineligible,clinical_score:-13.8;catalyst_score:+11.7;momentum_score:+10.4,tier=;reason=;cat_days=NA;strength=missing;decay_w=0.0,v1.3.0,6e0bf8fb,0,fundamental_red_flag,early|none|nonpos,0.06969944897959185,29.744,-2.3964,,0,-1.523,-0.9391,0,0,neutral,-1.1749,,0.0,0.0,0.0,,0.0,0,0,0,missing,0.0,adequate,<=1000bps,846.35,0.85,1,0,1.0,0,1.0,0,,False,no_upcoming,-0.070918,price_history,,0,0.3771,price_history,,-0.083051,,60.0195,-0.032074,-0.050977,early,mid,sev1,commercial_pharma,morningstar,,,,0,0.6769733318627991617955222234,41.40,42.67361111111111111111111111,,32.04,17.22530864197530864197530864,22.77777777777777777777777778,242,0.06969944897959185,0.242947,-0.6969,13.11,0.12069,-1.1715
PRVA,"Privia Health Group, Inc.",,,D,ineligible,,,D,0.760188,0.415441,,,,0,no_upcoming,9,headwind,,XS,ineligible,clinical_score:-23.2;smart_money_score:+14.0;financial_score:+12.6,tier=;reason=;cat_days=NA;strength=missing;decay_w=0.0,v1.3.0,6e0bf8fb,0,fundamental_red_flag,early|none|nonpos,0.06969944897959185,43.2195,-2.3964,,0,,,1,1,buying,-0.7997,elite_1,0.9882,0.9882,0.56,80,0.0,0,0,0,missing,0.0,adequate,<=1000bps,818.97,0.85,1,0,1.0,0,1.0,0,,False,no_upcoming,-0.112567,price_history,,1,0.3325,price_history,,-0.113258,,48.9369,-0.032074,-0.081184,early,mid,sev1,platform_services,morningstar,,,,0,0.7132896213847502191060473269,34.88,42.67361111111111111111111111,54.400,35.41,17.22530864197530864197530864,53.00000000000000000000000000,243,0.06969944897959185,0.239812,-0.7069,17.29,0.27116,-0.6093
PSNL,"Personalis, Inc.",,,D,ineligible,,,D,0.763323,0.444853,,,,0,no_upcoming,9,tailwind,high_beta,XS,ineligible,momentum_score:+29.5;clinical_score:-23.2;financial_score:-8.5,tier=;reason=;cat_days=NA;strength=missing;decay_w=0.0,v1.3.0,6e0bf8fb,0,fundamental_red_flag,early|none|nonpos,0.06969944897959185,44.949,-2.3964,,0,,,0,0,neutral,-1.1749,,0.0,0.0,0.0,,0.0,0,0,0,missing,0.0,adequate,<=1000bps,899.42,0.85,1,0,1.0,0,1.0,0,,False,no_upcoming,-0.28193,price_history,,0,1.9326,price_history,,-0.168889,,49.4828,-0.032074,-0.136815,early,small,sev1,platform_diagnostics,morningstar,,,,0,0.5956834532374100719424460432,69.90,42.67361111111111111111111111,,47.42,17.22530864197530864197530864,31.93777777777777777777777778,244,0.06969944897959185,0.236677,-0.717,10.94,0.064263,-1.5199
RGEN,Repligen Corporation,,,D,ineligible,,,D,0.766458,0.209559,,,,0,no_upcoming,9,headwind,,XS,ineligible,clinical_score:-20.4;smart_money_score:+18.0;catalyst_score:+5.1,tier=;reason=;cat_days=NA;strength=missing;decay_w=0.0,v1.3.0,6e0bf8fb,0,fundamental_red_flag,early|none|nonpos,0.06969944897959185,36.693556,-2.3964,,0,,,3,3,buying,-0.0494,elite_3,2.6743,2.6743,1.04,80,0.0,0,0,0,missing,0.0,adequate,<=400bps,334.51,1.0,0,0,1.0,0,1.0,0,,False,no_upcoming,-0.087836,price_history,,3,0.6371,price_history,,-0.122721,,35.0059,-0.032074,-0.090647,early,mid,sev1,platform_devices,morningstar,,,,0,0.7014279724860792662954471012,37.64,42.67361111111111111111111111,55.600,38.60,17.22530864197530864197530864,34.79012345679012345679012346,245,0.06969944897959185,0.233542,-0.7272,17.65,0.293103,-0.5443
RPRX,Royalty Pharma plc,,,D,ineligible,,,D,0.769592,0.540441,,,,0,no_upcoming,9,headwind,overbought_rsi,XS,ineligible,clinical_score:-21.4;smart_money_score:+11.9;catalyst_score:+4.1,tier=;reason=;cat_days=NA;strength=missing;decay_w=0.0,v1.3.0,6e0bf8fb,0,fundamental_red_flag,early|none|nonpos,0.06969944897959185,48.713389,-2.3964,,0,-1.4889,-1.1349,1,1,neutral,-0.7997,elite_1,0.5278,0.5278,0.2,80,0.0,0,0,0,missing,0.0,adequate,<=400bps,238.67,1.0,0,0,1.0,0,1.0,0,,False,no_upcoming,0.066402,price_history,,1,0.3246,price_history,,0.0,,70.5207,-0.032074,0.032074,early,large,sev1,commercial_biotech,morningstar,,,,0,0.7364454478417266187050359712,42.22,42.67361111111111111111111111,50.50,63.23,17.22530864197530864197530864,40.30864197530864197530864198,246,0.06969944897959185,0.230408,-0.7375,15.56,0.202194,-0.8338
SERA,"Sera Prognostics, Inc.",,,D,ineligible,,,D,0.772727,0.753676,,,,0,no_upcoming,9,headwind,deep_drawdown|deep_drawdown_rel_xbi,XS,ineligible,smart_money_score:+10.3;catalyst_score:-6.6;clinical_score:-2.7,tier=;reason=;cat_days=NA;strength=missing;decay_w=0.0,v1.3.0,6e0bf8fb,0,deep_drawdown,early|none|nonpos,0.06969944897959185,58.269556,-2.3367,,0,,,1,1,buying,-0.7997,elite_1,0.6597,0.6597,0.12,80,0.0,0,0,0,missing,0.0,adequate,>2000bps,2050.0,0.55,1,0,1.0,0,1.0,0,,False,no_upcoming,-0.285531,price_history,,1,1.1283,price_history,,-0.570325,,34.2542,-0.032074,-0.538251,early,micro,none,platform_devices,morningstar,,,,0,0.7455118815441565309360126917,40.59,36.38220844444444444444444444,53.300,86.08,40.30864197530864197530864198,44.49679012345679012345679012,247,0.06969944897959185,0.227273,-0.7479,25.50,0.465517,-0.0865
STVN,Stevanato Group S.p.A.,,,D,ineligible,,,D,0.775862,0.099265,,,,0,no_upcoming,9,headwind,deep_drawdown|deep_drawdown_rel_xbi,XS,ineligible,catalyst_score:+20.9;financial_score:-8.3;momentum_score:-8.0,tier=;reason=;cat_days=NA;strength=missing;decay_w=0.0,v1.3.0,6e0bf8fb,0,fundamental_red_flag|deep_drawdown,early|none|nonpos,0.06969944897959185,29.8645,-2.3964,,0,,,0,0,neutral,-1.1749,,0.0,0.0,0.0,,0.0,0,0,0,missing,0.0,adequate,<=2000bps,1074.18,0.7,1,0,1.0,0,1.0,0,,False,no_upcoming,-0.495297,price_history,,0,0.7179,price_history,,-0.437209,,22.8592,-0.032074,-0.405135,early,mid,sev1,platform_devices,morningstar,,,,0,0.6839960121733655157938923287,13.81,42.67361111111111111111111111,,60.15,17.22530864197530864197530864,13.44444444444444444444444444,248,0.06969944897959185,0.224138,-0.7583,11.56,0.086207,-1.3645
TKNO,"Alpha Teknova, Inc.",,,D,ineligible,,,D,0.778997,0.378676,,,,0,no_upcoming,9,headwind,deep_drawdown|deep_drawdown_rel_xbi,XS,ineligible,momentum_score:-18.1;catalyst_score:+17.1;financial_score:+9.4,tier=;reason=;cat_days=NA;strength=missing;decay_w=0.0,v1.3.0,6e0bf8fb,0,fundamental_red_flag|deep_drawdown,early|none|nonpos,0.06969944897959185,42.334222,-2.3964,,0,-1.523,-0.9391,0,0,neutral,-1.1749,,0.0,0.0,0.0,,0.0,0,0,0,missing,0.0,adequate,>2000bps,2050.0,0.55,1,0,1.0,0,1.0,0,,False,no_upcoming,-0.650736,price_history,,0,0.8196,price_history,,-0.757172,,16.3869,-0.032074,-0.725098,early,micro,sev1,commercial_pharma,morningstar,,,,0,0.6581417845708974491376639471,7.53,42.67361111111111111111111111,,71.69,17.22530864197530864197530864,34.97049382716049382716049383,249,0.06969944897959185,0.221003,-0.7688,12.05,0.092476,-1.3257
VCYT,"Veracyte, Inc.",,,D,ineligible,,,D,0.785266,0.430147,,,,0,no_upcoming,9,headwind,,XS,ineligible,clinical_score:-22.2;smart_money_score:+18.6;financial_score:+6.6,tier=;reason=;cat_days=NA;strength=missing;decay_w=0.0,v1.3.0,6e0bf8fb,0,fundamental_red_flag,early|none|nonpos,0.06969944897959185,44.599722,-2.3964,,0,,,2,2,buying,-0.4246,elite_2,1.9873,1.9873,0.79,80,0.0,0,0,0,missing,0.0,adequate,<=1000bps,570.92,0.85,1,0,1.0,0,1.0,0,,False,no_upcoming,-0.111778,price_history,,2,0.9213,price_history,,-0.227218,,34.5374,-0.032074,-0.195144,early,mid,sev1,platform_diagnostics,morningstar,,,,0,0.6910074435545803620405924301,33.20,42.67361111111111111111111111,57.975,49.25,17.22530864197530864197530864,46.04938271604938271604938272,251,0.06969944897959185,0.214734,-0.7901,16.52,0.236677,-0.717
VTRS,Viatris Inc.,,,D,ineligible,,,D,0.788401,0.555147,,,,0,no_upcoming,9,tailwind,overbought_rsi,XS,ineligible,clinical_score:-27.3;smart_money_score:+18.3;momentum_score:+11.3,tier=;reason=;cat_days=NA;strength=missing;decay_w=0.0,v1.3.0,6e0bf8fb,0,fundamental_red_flag,early|none|nonpos,0.06969944897959185,49.6145,-2.3964,,0,-1.523,-0.9391,2,2,buying,-0.4246,elite_2,3.1778,3.1778,3.64,80,0.0,0,0,0,missing,0.0,adequate,<=400bps,270.76,1.0,0,0,1.0,0,1.0,0,,False,no_upcoming,0.230786,price_history,,2,0.4843,price_history,,0.0,,71.7404,-0.032074,0.032074,early,large,sev1,commercial_pharma,morningstar,,,,0,0.7404211273906721843194273571,55.88,42.67361111111111111111111111,62.900,53.11,17.22530864197530864197530864,44.11111111111111111111111111,252,0.06969944897959185,0.211599,-0.8009,19.11,0.321317,-0.464
XERS,"Xeris Biopharma Holdings, Inc.",,,D,ineligible,,,D,0.791536,0.091912,,,,0,no_upcoming,9,headwind,,XS,ineligible,smart_money_score:+24.4;clinical_score:-18.3;financial_score:-11.1,tier=;reason=;cat_days=NA;strength=missing;decay_w=0.0,v1.3.0,6e0bf8fb,0,fundamental_red_flag,early|none|nonpos,0.06969944897959185,29.839889,-2.3964,,0,-1.4889,-1.1349,3,3,buying,-0.0494,elite_3,2.1081,2.1081,0.36,80,0.0,0,0,0,missing,0.0,adequate,<=1000bps,857.92,0.85,1,0,1.0,0,1.0,0,,False,no_upcoming,-0.327042,price_history,,3,0.3859,price_history,,-0.256566,,48.2485,-0.032074,-0.224492,early,small,sev1,commercial_biotech,morningstar,,,,0,0.6931096371271670076450952945,33.25,42.67361111111111111111111111,59.900,34.86,17.22530864197530864197530864,24.41975308641975308641975309,253,0.06969944897959185,0.208464,-0.8118,15.21,0.18652,-0.8908
BDTX,"Black Diamond Therapeutics, Inc.",,,D,ineligible,D,ineligible,,0.794671,,0.833333,0.166667,119,0,specific_days,3,headwind,deep_drawdown|deep_drawdown_rel_xbi,XS,ineligible,clinical_score:-26.6;financial_score:+21.4;momentum_score:-21.4,tier=D;reason=ineligible;cat_days=119;strength=near;decay_w=1.0,v1.3.0,6e0bf8fb,0,deep_drawdown,mid|near_91_180|nonpos,0.0646411489361702,,-0.104,0,1,-1.1647,-1.2084,1,1,buying,-0.7997,elite_1,0.7251,0.7251,0.3,80,0.0,0,0,0,near,1.0,adequate,<=2000bps,1996.1,0.7,1,0,1.0,0,1.0,0,119,False,specific_days,-0.413198,price_history,,1,0.6289,price_history,,-0.478439,,44.1125,-0.032074,-0.446365,mid,micro,none,drug_developer,morningstar,CTGOV_CALENDAR,CT_STUDY_COMPLETION,,0,0.7415183894872899612236105127,19.13,49.48482177777777777777777778,58.08301229219826149058086262,75.10,13.90540362002906592680671159,61.89655172413793103448275862,254,0.0646411489361702,0.205329,-0.8227,19.82,0.34326,-0.4036
ELDN,"Eledon Pharmaceuticals, Inc.",,,D,ineligible,D,ineligible,,0.797806,,0.587432,0.412568,119,0,specific_days,9,headwind,deep_drawdown|deep_drawdown_rel_xbi,XS,ineligible,financial_score:-15.3;smart_money_score:+11.6;catalyst_score:+4.5,tier=D;reason=ineligible;cat_days=119;strength=near;decay_w=1.0,v1.3.0,6e0bf8fb,0,deep_drawdown,mid|near_91_180|nonpos,0.0646411489361702,,-0.076,0,1,-0.3242,-0.3412,1,1,neutral,-0.7997,elite_1,0.5278,0.5278,0.11,80,0.0,0,0,0,near,1.0,adequate,>2000bps,2020.0,0.55,1,0,1.0,0,1.0,0,119,False,specific_days,-0.672101,price_history,,1,1.2056,price_history,,-0.52,,68.6219,-0.032074,-0.487926,mid,micro,sev1,drug_developer,morningstar,,,,0,0.7476070452250510258889246965,40.37,41.73815511111111111111111111,48.81833786953324054996319910,78.48,33.36834456335050865371911746,21.97999240322367551856255780,255,0.0646411489361702,0.202194,-0.8338,23.62,0.418495,-0.2057
BCYC,Bicycle Therapeutics plc,,,D,ineligible,D,ineligible,,0.822884,,0.002732,0.997268,,0,no_upcoming,9,headwind,deep_drawdown|deep_drawdown_rel_xbi,XS,ineligible,clinical_score:+30.4;momentum_score:-16.5;catalyst_score:-10.2,tier=D;reason=ineligible;cat_days=NA;strength=missing;decay_w=0.0,v1.3.0,6e0bf8fb,0,fundamental_red_flag|deep_drawdown,early|none|pos,0.023322922839506172,,-0.6276,0,1,1.5602,1.6029,2,2,neutral,-0.4246,elite_2,1.6235,1.6235,0.61,80,0.0,0,0,0,missing,0.0,adequate,>2000bps,2020.0,0.55,1,0,1.0,0,1.0,0,,False,no_upcoming,-0.29832,price_history,,2,1.3306,price_history,,-0.51531,,43.3195,-0.032074,-0.483236,early,small,none,drug_developer,morningstar,,,,0,0.7812745662949194547707558860,30.13,36.38220844444444444444444444,51.525,78.63,77.000,38.07456790123456790123456790,263,0.023322922839506172,0.177116,-0.9264,48.33,0.916928,1.3847
EDIT,"Editas Medicine, Inc.",,,D,ineligible,D,ineligible,,0.826019,,0.172131,0.827869,,0,no_upcoming,9,headwind,high_beta|deep_drawdown|deep_drawdown_rel_xbi,XS,ineligible,clinical_score:+34.3;financial_score:-26.7;momentum_score:-12.3,tier=D;reason=ineligible;cat_days=NA;strength=missing;decay_w=0.0,v1.3.0,6e0bf8fb,0,deep_drawdown,early|none|pos,0.023322922839506172,,-0.6711,0,1,1.0851,1.1127,0,0,neutral,-1.1749,,0.0,0.0,0.0,,0.0,0,0,0,missing,0.0,short,<=2000bps,1860.43,0.7,1,0,1.0,0,1.0,0,,False,no_upcoming,-0.60993,price_history,,0,1.8231,price_history,,-0.515663,,42.7814,-0.032074,-0.483589,early,micro,sev2,drug_developer,morningstar,,,,0,0.7616407160258447198390001059,19.42,36.38220844444444444444444444,,77.67,66.00000000000000000000000000,5,264,0.023322922839506172,0.173981,-0.9385,14.14,0.155172,-1.0145
OABI,"OmniAb, Inc.",,,D,ineligible,D,ineligible,,0.832288,,0.489071,0.510929,,0,no_upcoming,9,headwind,deep_drawdown|deep_drawdown_rel_xbi,XS,ineligible,financial_score:-26.5;clinical_score:+11.9;momentum_score:+9.7,tier=D;reason=ineligible;cat_days=NA;strength=missing;decay_w=0.0,v1.3.0,6e0bf8fb,0,fundamental_red_flag|deep_drawdown,early|none|pos,0.023322922839506172,,-2.2967,,0,0.1066,0.1032,0,0,neutral,-1.1749,,0.0,0.0,0.0,,0.0,0,0,0,missing,0.0,short,>2000bps,2036.0,0.55,1,0,1.0,0,1.0,0,,False,no_upcoming,-0.032744,price_history,,0,1.3262,price_history,,-0.53866,,39.2052,-0.032074,-0.506586,early,micro,sev2,drug_developer,morningstar,,,,0,0.7652318991250643335048893464,41.17,36.38220844444444444444444444,,85.69,43.34271604938271604938271606,5,266,0.023322922839506172,0.167712,-0.9632,9.42,0.045455,-1.6906
ACRV,"Acrivon Therapeutics, Inc.",,,D,ineligible,D,ineligible,,0.838558,,0.762295,0.237705,191,0,specific_days,3,headwind,high_beta|deep_drawdown|deep_drawdown_rel_xbi,XS,ineligible,smart_money_score:+31.4;clinical_score:-28.2;financial_score:+11.8,tier=D;reason=ineligible;cat_days=191;strength=far;decay_w=0.3,v1.3.0,6e0bf8fb,0,deep_drawdown,mid|near_181_270|nonpos,0.00506,,-1.3633,191,1,-0.96,-0.9972,2,2,buying,-0.4246,elite_2,1.3194,1.3194,0.19,80,0.0,0,0,0,far,0.3,adequate,>2000bps,2020.0,0.55,1,0,1.0,0,1.0,0,191,False,specific_days,-0.497173,price_history,,2,1.8564,price_history,,-0.740316,,41.2207,-0.032074,-0.708242,mid,micro,none,drug_developer,morningstar,CTGOV_CALENDAR,CT_PRIMARY_COMPLETION,,0,0.7236702000647458724506312723,36.88,41.73815511111111111111111111,78.24746241581621356868059618,78.55,18.64579204650548289073853877,58.68965517241379310344827587,268,0.00506,0.161442,-0.9885,18.35,0.305643,-0.5082
TECX,"Tectonic Therapeutic, Inc.",,,D,ineligible,D,ineligible,,0.860502,,0.898907,0.101093,249,0,specific_days,3,headwind,deep_drawdown|deep_drawdown_rel_xbi,XS,ineligible,clinical_score:-31.4;financial_score:+23.1;catalyst_score:+4.2,tier=D;reason=ineligible;cat_days=249;strength=far;decay_w=0.3,v1.3.0,6e0bf8fb,0,deep_drawdown,mid|near_181_270|nonpos,0.00506,,-1.4639,249,1,-1.4217,-1.4736,4,4,selling,0.3258,elite_4,3.5055,3.5055,1.87,80,0.0,0,0,0,far,0.3,adequate,<=2000bps,1122.64,0.7,1,0,1.0,0,1.0,0,249,False,specific_days,0.085107,price_history,,4,1.4246,price_history,,-0.584041,,62.1678,-0.032074,-0.551967,mid,small,none,drug_developer,morningstar,CTGOV_CALENDAR,CT_PRIMARY_COMPLETION,,0,0.7381919478608220330074634710,42.12,43.51142400000000000000000000,40.70848719097777630461844233,81.68,7.954815695600475624256837106,62.50000000000000000000000000,275,0.00506,0.139498,-1.0826,15.92,0.217868,-0.7794
BCAX,Bicara Therapeutics Inc.,,,D,ineligible,D,ineligible,,0.869906,,0.352459,0.647541,332,0,specific_days,9,neutral,,XS,ineligible,smart_money_score:+11.5;catalyst_score:-10.9;momentum_score:-4.1,tier=D;reason=ineligible;cat_days=332;strength=far;decay_w=0.3,v1.3.0,6e0bf8fb,0,fundamental_red_flag,early|far_271_540|pos,0.0,,-2.1091,332,1,0.5669,0.5781,4,4,buying,0.3258,elite_4,5.7974,5.7974,2.6,80,0.0,0,0,0,far,0.3,adequate,<=2000bps,1136.83,0.7,1,0,1.0,0,1.0,0,332,False,specific_days,-0.140701,price_history,,4,1.5208,price_history,,-0.122972,,47.825,-0.032074,-0.090898,early,small,none,drug_developer,morningstar,,,,0,0.7184656741108354011579818031,49.83,43.02881600000000000000000000,65.50,62.47,54.00000000000000000000000000,57.40000000000000000000000000,278,0.0,0.130094,-1.1259,38.11,0.700627,0.5262
CRBU,"Caribou Biosciences, Inc.",,,D,ineligible,D,ineligible,,0.89185,,0.385246,0.614754,667,0,specific_days,9,headwind,high_beta|deep_drawdown|deep_drawdown_rel_xbi,XS,ineligible,clinical_score:+18.7;momentum_score:-16.4;financial_score:-12.1,tier=D;reason=ineligible;cat_days=667;strength=far;decay_w=0.3,v1.3.0,6e0bf8fb,0,deep_drawdown,early|far_271_540|pos,0.0,,-0.7178,0,1,0.4805,0.4889,0,0,neutral,-1.1749,,0.0,0.0,0.0,,0.0,0,0,0,far,0.3,adequate,>2000bps,2020.0,0.55,1,0,1.0,0,1.0,0,667,False,specific_days,-0.675829,price_history,,0,1.909,price_history,,-0.485915,,41.0403,-0.032074,-0.453841,early,micro,sev1,drug_developer,morningstar,,,,0,0.7466246290801186943620178042,16.90,43.02881600000000000000000000,,78.59,52.00000000000000000000000000,21.20062500000000000000000000,285,0.0,0.10815,-1.2364,26.46,0.481191,-0.0472
IMRX,Immuneering Corporation,,,D,ineligible,D,ineligible,,0.907524,,0.101093,0.898907,119,0,specific_days,3,headwind,high_beta|deep_drawdown|deep_drawdown_rel_xbi,XS,ineligible,momentum_score:-23.7;clinical_score:+20.8;catalyst_score:-9.2,tier=D;reason=ineligible;cat_days=119;strength=near;decay_w=1.0,v1.3.0,6e0bf8fb,0,deep_drawdown,early|near_91_180|pos,0.0,,-0.6502,0,1,1.3874,1.4246,2,2,buying,-0.4246,elite_2,1.6784,1.6784,0.6,80,0.0,0,0,0,near,1.0,adequate,<=2000bps,1074.79,0.7,1,0,1.0,0,1.0,0,119,False,specific_days,-0.653696,price_history,,2,2.2405,price_history,,-0.479482,,42.6027,-0.032074,-0.447408,early,small,none,drug_developer,morningstar,CTGOV_CALENDAR,CT_PRIMARY_COMPLETION,,0,0.7112784183831901459476244695,28.57,43.02881600000000000000000000,57.50,24.03,73.00000000000000000000000000,59.10000000000000000000000000,290,0.0,0.092476,-1.3257,40.36,0.760188,0.7069
JANX,"Janux Therapeutics, Inc.",,,D,ineligible,D,ineligible,,0.910658,,0.259563,0.740437,241,0,specific_days,3,headwind,high_vol|high_beta|deep_drawdown|deep_drawdown_rel_xbi,XS,ineligible,momentum_score:-37.6;financial_score:+18.3;clinical_score:+10.7,tier=D;reason=ineligible;cat_days=241;strength=far;decay_w=0.3,v1.3.0,6e0bf8fb,0,deep_drawdown,early|near_181_270|pos,0.0,,-0.6823,0,1,0.826,0.8454,7,7,selling,1.4513,elite_7,7.2199,7.2199,3.37,80,0.0,0,0,0,far,0.3,adequate,<=1000bps,600.98,0.85,1,0,1.0,0,1.0,0,241,False,specific_days,-0.83114,price_history,,7,1.9115,price_history,,-0.686674,,42.3196,-0.032074,-0.6546,early,small,none,drug_developer,morningstar,CTGOV_CALENDAR,CT_PRIMARY_COMPLETION,,0,0.7274560274560274560274560275,11.75,51.512,55.8875,59.49,60.00000000000000000000000000,67.60000000000000000000000000,291,0.0,0.089342,-1.3448,41.16,0.782132,0.7794
JBIO,"Jade Biosciences, Inc.",,,D,ineligible,D,ineligible,,0.913793,,0.472678,0.527322,241,0,specific_days,3,tailwind,deep_drawdown|deep_drawdown_rel_xbi,XS,ineligible,momentum_score:+39.9;smart_money_score:-20.6;financial_score:-8.0,tier=D;reason=ineligible;cat_days=241;strength=far;decay_w=0.3,v1.3.0,6e0bf8fb,0,fundamental_red_flag|deep_drawdown,early|near_181_270|pos,0.0,,-2.0696,241,1,0.1398,0.1374,10,10,selling,2.5767,elite_10,6.4904,6.4904,2.25,80,0.0,0,0,0,far,0.3,adequate,<=2000bps,1524.78,0.7,1,0,1.0,0,1.0,0,241,False,specific_days,0.580238,price_history,,10,1.4771,price_history,,-0.828262,,61.4069,-0.032074,-0.796188,early,small,none,drug_developer,morningstar,CTGOV_CALENDAR,CT_PRIMARY_COMPLETION,,0,0.7319291175862781566439346973,89.15,43.02881600000000000000000000,28.6250,58.86,44.11111111111111111111111111,41.25000000000000000000000000,292,0.0,0.086207,-1.3645,31.31,0.57837,0.1977
PYXS,"Pyxis Oncology, Inc.",,,D,ineligible,D,ineligible,,0.926332,,0.319672,0.680328,88,0,specific_days,3,headwind,high_vol|deep_drawdown|deep_drawdown_rel_xbi,XS,ineligible,financial_score:-21.1;momentum_score:-18.6;smart_money_score:+17.7,tier=D;reason=ineligible;cat_days=88;strength=near;decay_w=1.0,v1.3.0,6e0bf8fb,0,deep_drawdown,early|near_31_90|pos,0.0,,-1.5935,88,1,0.6532,0.6672,3,3,buying,-0.0494,elite_3,2.1808,2.1808,0.43,80,0.0,0,0,0,near,1.0,adequate,>2000bps,2020.0,0.55,1,0,1.0,0,1.0,0,88,False,specific_days,-0.932006,price_history,,3,1.7758,price_history,,-0.713483,,39.4308,-0.032074,-0.681409,early,micro,sev1,drug_developer,morningstar,CTGOV_CALENDAR,CT_PRIMARY_COMPLETION,,0,0.7644996309184857112728039650,23.74,50.636,60.075,61.54,56.00000000000000000000000000,21.20062500000000000000000000,296,0.0,0.073668,-1.449,27.11,0.484326,-0.0393
RANI,"Rani Therapeutics Holdings, Inc",,,D,ineligible,D,ineligible,,0.929467,,0.019126,0.980874,27,1,specific_days,3,headwind,high_vol|deep_drawdown|deep_drawdown_rel_xbi,XS,ineligible,financial_score:-44.9;clinical_score:+27.1;catalyst_score:+22.7,tier=D;reason=ineligible;cat_days=27;strength=near;decay_w=1.0,v1.3.0,6e0bf8fb,0,deep_drawdown,early|near_0_30|pos,0.0,,-0.6425,0,1,1.5602,1.6029,0,0,neutral,-1.1749,,0.0,0.0,0.0,,0.0,0,0,0,near,1.0,short,>2000bps,2020.0,0.55,1,0,1.0,0,1.0,0,27,True,specific_days,-0.698535,price_history,,0,1.1101,price_history,,-0.578947,,30.0019,-0.032074,-0.546873,early,micro,sev2,drug_developer,morningstar,CTGOV_CALENDAR,CT_PRIMARY_COMPLETION,,0,0.6823001804479354633266107632,44.87,72.554,,86.61,77.000,5,297,0.0,0.070533,-1.4718,15.34,0.19279,-0.8677
SEPN,"Septerna, Inc.",,,D,ineligible,D,ineligible,,0.935737,,0.505464,0.494536,27,1,specific_days,3,tailwind,,XS,ineligible,clinical_score:-19.1;smart_money_score:+15.7;momentum_score:+9.9,tier=D;reason=ineligible;cat_days=27;strength=near;decay_w=1.0,v1.3.0,6e0bf8fb,0,fundamental_red_flag,early|near_0_30|pos,0.0,,-1.1124,27,1,0.0571,0.0522,5,5,buying,0.7009,elite_5,6.9234,6.9234,7.73,80,0.0,0,0,0,near,1.0,adequate,<=2000bps,1100.29,0.7,1,0,1.0,0,1.0,0,27,True,specific_days,0.033871,price_history,,5,1.3818,price_history,,-0.15382,,46.3463,-0.032074,-0.121746,early,small,none,drug_developer,morningstar,CTGOV_CALENDAR,CT_PRIMARY_COMPLETION,,0,0.7265127985434293670343793510,71.18,58.268,77.0,73.96,42.19753086419753086419753086,58.00000000000000000000000000,299,0.0,0.064263,-1.5199,29.59,0.547022,0.1181
TCRX,"TScan Therapeutics, Inc.",,,D,ineligible,D,ineligible,,0.942006,,0.117486,0.882514,119,0,specific_days,3,headwind,deep_drawdown|deep_drawdown_rel_xbi,XS,ineligible,clinical_score:+27.4;financial_score:-25.8;momentum_score:-22.4,tier=D;reason=ineligible;cat_days=119;strength=near;decay_w=1.0,v1.3.0,6e0bf8fb,0,deep_drawdown,early|near_91_180|pos,0.0,,-0.6598,0,1,1.301,1.3355,2,2,buying,-0.4246,elite_2,1.3194,1.3194,0.04,80,0.0,0,0,0,near,1.0,adequate,>2000bps,2036.0,0.55,1,0,1.0,0,1.0,0,119,False,specific_days,-0.350665,price_history,,2,1.4312,price_history,,-0.603113,,39.6119,-0.032074,-0.571039,early,micro,sev1,drug_developer,morningstar,CTGOV_CALENDAR,CT_STUDY_COMPLETION,,0,0.7592188806758183738120380148,21.24,52.040,56.100,88.26,71.00000000000000000000000000,17.84456790123456790123456790,301,0.0,0.057994,-1.5718,31.81,0.590909,0.2299
TNYA,"Tenaya Therapeutics, Inc.",,,D,ineligible,D,ineligible,,0.948276,,0.407104,0.592896,88,0,specific_days,3,headwind,high_beta|deep_drawdown|deep_drawdown_rel_xbi,XS,ineligible,financial_score:-31.8;smart_money_score:+15.8;clinical_score:+13.7,tier=D;reason=ineligible;cat_days=88;strength=near;decay_w=1.0,v1.3.0,6e0bf8fb,0,deep_drawdown,early|near_31_90|pos,0.0,,-1.617,88,1,0.4373,0.4444,1,1,buying,-0.7997,elite_1,0.6597,0.6597,0.05,80,0.0,0,0,0,near,1.0,short,<=2000bps,1836.85,0.7,1,0,1.0,0,1.0,0,88,False,specific_days,-0.74135,price_history,,1,2.1627,price_history,,-0.570476,,59.2636,-0.032074,-0.538402,early,micro,sev2,drug_developer,morningstar,CTGOV_CALENDAR,CT_PRIMARY_COMPLETION,,0,0.7410494765723934149430139299,26.29,50.636,53.125,60.91,51.00000000000000000000000000,5.535308641975308641975308640,303,0.0,0.051724,-1.6284,13.55,0.136364,-1.0968
QURE,uniQure N.V.,,,D,ineligible,D,ineligible,,0.95768,,0.139344,0.860656,240,0,specific_days,3,headwind,high_vol|deep_drawdown|deep_drawdown_rel_xbi,XS,ineligible,smart_money_score:+23.1;catalyst_score:-20.2;momentum_score:-16.0,tier=D;reason=ineligible;cat_days=240;strength=far;decay_w=0.3,v1.3.0,6e0bf8fb,0,deep_drawdown,mid|near_181_270|pos,-0.0007759772727272727,,-0.0213,0,1,1.1983,1.2295,9,9,buying,2.2016,elite_9,12.0937,12.0937,11.17,80,0.0,0,0,0,far,0.3,adequate,<=1000bps,438.69,0.85,1,0,1.0,0,1.0,0,240,False,specific_days,-0.329868,price_history,,9,0.7737,price_history,,-0.650092,,53.109,-0.032074,-0.618018,mid,small,none,drug_developer,morningstar,CTGOV_CALENDAR,CT_PRIMARY_COMPLETION,,0,0.8016479524438573315719947160,45.94,41.73815511111111111111111111,85,61.79,68.62068965517241379310344827,68.450,306,-0.0007759772727272727,0.04232,-1.7244,37.54,0.691223,0.4993
SGMO,"Sangamo Therapeutics, Inc.",,,D,ineligible,D,ineligible,,0.960815,,0.051913,0.948087,203,0,specific_days,3,neutral,deep_drawdown|deep_drawdown_rel_xbi|overbought_rsi,XS,ineligible,clinical_score:+30.6;financial_score:-26.5;catalyst_score:-4.6,tier=D;reason=ineligible;cat_days=203;strength=far;decay_w=0.3,v1.3.0,6e0bf8fb,0,deep_drawdown,mid|near_181_270|pos,-0.0007759772727272727,,0.0081,0,1,1.5557,1.5983,0,0,neutral,-1.1749,,0.0,0.0,0.0,,0.0,0,0,0,far,0.3,adequate,<=2000bps,1979.99,0.7,1,0,1.0,0,1.0,0,203,False,specific_days,-0.221077,price_history,,0,1.3083,price_history,,-0.551181,,70.2829,-0.032074,-0.519107,mid,micro,sev1,drug_developer,morningstar,CTGOV_CALENDAR,CT_PRIMARY_COMPLETION,,0,0.7770741504722614265552057323,46.80,41.73815511111111111111111111,,82.64,76.89655172413793103448275862,19.86804729818998546703659665,307,-0.0007759772727272727,0.039185,-1.7602,30.12,0.559561,0.1499
BMEA,"Biomea Fusion, Inc.",,,D,ineligible,,,D,0.970219,0.261029,,,88,0,specific_days,3,headwind,deep_drawdown|deep_drawdown_rel_xbi,XS,ineligible,smart_money_score:+31.4;financial_score:-23.9;catalyst_score:+18.1,tier=;reason=;cat_days=88;strength=near;decay_w=1.0,v1.3.0,6e0bf8fb,0,deep_drawdown,mid|near_31_90|nonpos,-0.00679275,38.77891,-0.0852,0,1,-1.1912,-0.8463,1,1,buying,-0.7997,elite_1,0.9309,0.9309,0.5,80,0.0,0,0,0,near,1.0,short,>2000bps,2020.0,0.55,1,0,1.0,0,1.0,0,88,False,specific_days,-0.416324,price_history,,1,1.5843,price_history,,-0.736842,,35.8638,-0.032074,-0.704768,mid,micro,sev2,commercial_biotech,morningstar,CTGOV_CALENDAR,CT_PRIMARY_COMPLETION,,0,0.7432923074938178690463391033,17.38,51.368,64.62211516186101521373907425,88.87,23.62399260140044920068701282,9.329799180869335447218919277,310,-0.00679275,0.029781,-1.884,7.22,0.020376,-2.046
CCCC,"C4 Therapeutics, Inc.",,,D,ineligible,D,ineligible,,0.973354,,0.636612,0.363388,57,1,specific_days,3,headwind,deep_drawdown|deep_drawdown_rel_xbi,XS,ineligible,smart_money_score:+39.0;momentum_score:-25.2;clinical_score:-17.1,tier=D;reason=ineligible;cat_days=57;strength=near;decay_w=1.0,v1.3.0,6e0bf8fb,0,deep_drawdown,mid|near_31_90|nonpos,-0.00679275,,-0.078,0,1,-0.5197,-0.543,3,3,buying,-0.0494,elite_3,2.009,2.009,0.27,80,0.0,0,0,0,near,1.0,adequate,<=2000bps,1878.87,0.7,1,0,1.0,0,1.0,0,57,True,specific_days,-0.426142,price_history,,3,1.4127,price_history,,-0.484932,,35.9797,-0.032074,-0.452858,mid,micro,none,drug_developer,morningstar,CTGOV_CALENDAR,CT_STUDY_COMPLETION,,0,0.7739051094890510948905109489,20.78,55.706,85,76.70,28.84000528471396485665213370,39.59862597436913727044523715,311,-0.00679275,0.026646,-1.9326,24.23,0.431034,-0.1737
LEGN,Legend Biotech Corporation,,,D,ineligible,,,D,0.976489,0.025735,,,88,0,specific_days,3,headwind,deep_drawdown|deep_drawdown_rel_xbi,XS,ineligible,financial_score:-24.2;catalyst_score:+22.7;momentum_score:-19.8,tier=;reason=;cat_days=88;strength=near;decay_w=1.0,v1.3.0,6e0bf8fb,0,deep_drawdown,mid|near_31_90|nonpos,-0.00679275,24.709128,-0.0714,0,1,-0.6076,-0.2805,4,4,selling,0.3258,elite_4,5.2215,5.2215,3.19,80,0.0,0,0,0,near,1.0,adequate,<=1000bps,459.52,0.85,1,0,1.0,0,1.0,0,88,False,specific_days,-0.598145,price_history,,4,0.7296,price_history,,-0.613042,,27.2964,-0.032074,-0.580968,mid,mid,none,commercial_biotech,morningstar,CTGOV_CALENDAR,CT_PRIMARY_COMPLETION,,0,0.7965498097156928587418849340,9.61,52.070,43.93627812790125464701108370,58.50,36.16461884000528471396485665,5.138063152331880036992997754,312,-0.00679275,0.023511,-1.9861,22.60,0.396552,-0.2623
CNTX,Context Therapeutics Inc.,,,D,ineligible,D,ineligible,,0.982759,,0.740437,0.259563,302,0,specific_days,9,tailwind,overbought_rsi,XS,ineligible,momentum_score:+53.3;financial_score:-38.3;clinical_score:-23.0,tier=D;reason=ineligible;cat_days=302;strength=far;decay_w=0.3,v1.3.0,6e0bf8fb,0,fundamental_red_flag,mid|far_271_540|nonpos,-0.012862136363636364,,-0.0889,0,1,-0.8895,-0.9245,0,0,neutral,-1.1749,,0.0,0.0,0.0,,0.0,0,0,0,far,0.3,critical,<=2000bps,1724.02,0.7,1,0,1.0,0,1.0,0,302,False,specific_days,1.077351,price_history,,0,0.3164,price_history,,-0.091954,,71.6135,-0.032074,-0.05988,mid,unknown,none,drug_developer,morningstar,,,,0,0.6912976603119584055459272097,96.55,51.368,,50,20.27876866164618840005284714,5,314,-0.012862136363636364,0.017241,-2.1144,7.46,0.026646,-1.9326
