ticker,company_name,actionable_rank,target_weight_pct,tier_any,tier_any_reason,tier_dev,tier_reason,tier_commercial,alpha_cohort_pct,commercial_quality_pct,has_commercial_quality,clinical_optionality_pct_dev,has_clinical_optionality_dev,clinical_rank_pct_dev,catalyst_days,catalyst_in_window,catalyst_mode,cat_priority,mom_state,risk_flags,size_band,size_reasons,top_3_drivers,catalyst_reason_detail,decision_engine_version,decision_engine_ruleset_id,eligible,ineligible_reasons,fundamental_red_flag,fundamental_red_flag_reasons,fundamental_red_flag_inputs,alpha_cohort_key,alpha_cohort_raw,commercial_quality,clinical_alpha_z,clinical_readout_days,clinical_coverage_flag,clinical_score_z,clinical_score_z_tier,sponsor_tier1_count,sponsor_overlap_count,sponsor_net_buying,coinvest_score_z,coinvest_tag,coinvest_conviction,coinvest_tier1_conviction,coinvest_max_position_pct,coinvest_filing_age_days,coinvest_recency_state,inst_delta_z,inst_delta_net,inst_delta_new,inst_delta_exit,has_coinvest_signal,has_inst_delta,has_catalyst_signal,catalyst_strength,catalyst_decay_w,runway_bucket,cost_bucket,est_cost_bps,cost_mult,cost_haircut_applied,dd_rel_margin_rescued,catalyst_tilt_mult,catalyst_tilt_applied,mom_state_tilt_mult,mom_state_tilt_applied,de_catalyst_days,de_catalyst_in_window,de_catalyst_mode,de_alpha_60d,de_alpha_60d_source,de_alpha_60d_missing_reason,de_tier1_count,de_beta_xbi_60d,de_beta_xbi_60d_source,de_beta_xbi_60d_missing_reason,de_drawdown,de_drawdown_missing_reason,de_rsi_14d,de_vol_60d,de_drawdown_xbi,de_drawdown_rel_xbi,stage_bucket,market_cap_bucket,severity,archetype,returns_source,catalyst_source,catalyst_event_type,missing_components,missingness_penalty,confidence_overall,momentum_score,catalyst_score,smart_money_score,valuation_score,clinical_score,financial_score,clinical_score_v2,clinical_score_v2_z,lead_program_phase,lead_program_readout_days,program_count,program_diversification,readout_curve_score,readout_density_90,late_stage_readouts_180,execution_momentum,design_quality_score,endpoint_strength_score,therapeutic_area,competitive_intensity_z,crowding_level,sizing_multiplier_clinical,composite_rank,composite_score,score_rank_pct,score_z,composite_score_attn,score_rank_pct_attn,score_z_attn
ANRO,"Alto Neuroscience, Inc.",1,0.41,B,high_opt+no_catalyst_data,B,high_opt+no_catalyst_data,,0.510601,,0,0.630719,1,0.369281,,0,no_upcoming,9,neutral,drawdown_data_missing,M,sponsor_confirmed|cost_haircut_<=2000bps,smart_money_score:+13.1;clinical_score:-11.4;catalyst_score:-6.7,tier=B;reason=high_opt+no_catalyst_data;cat_days=NA;strength=missing;decay_w=0.0,v1.3.0,31f399e0,1,,0,,"{""burn_ttm"": 40253000.0, ""cash_total"": 137816000.0, ""dilution_risk"": null, ""has_revenue"": null, ""lead_phase"": null, ""runway_months"": 41.08493776861352, ""stage_bucket"": ""late"", ""surv_score"": ""5.0"", ""tier1_count"": 2}",late|none|pos,0.0248237972972973,,1.0307,0,1,-0.3507,1.5456,2,2,buying,-0.386,elite_2,0.0,0.0,0.0,,,0.0,0,0,0,True,False,True,missing,0.0,adequate,<=2000bps,1346.61,0.7,1,0,1.0,0,1.0,0,,False,no_upcoming,,,beta_missing:series_too_short,2,,,series_too_short,,no_price_series,,0.9516,-0.105593,,late,small,none,drug_developer,morningstar,,,drawdown,1,0.8333573290306565719250341318,50,41.25000000000000000000000000,61.0,59.77,36.51912576510567592050408140,50.76190476190476190476190476,36.2757,-0.3172,2.0,6,3,0.0,1.8174,1,3,0.0,0.3,0.5,other,0.6992,highly_crowded,1.0,145,0.0248237972972973,0.489399,-0.0266,26.46,0.560071,0.1511
CLDX,"Celldex Therapeutics, Inc.",2,0.82,B,high_opt+no_catalyst_data,B,high_opt+no_catalyst_data,,0.545936,,0,0.656863,1,0.343137,,0,no_upcoming,9,tailwind,,L,sponsor_confirmed|momentum_tailwind,clinical_score:-21.5;smart_money_score:+16.3;momentum_score:+16.2,tier=B;reason=high_opt+no_catalyst_data;cat_days=NA;strength=missing;decay_w=0.0,v1.3.0,31f399e0,1,,0,,"{""burn_ttm"": 210945000.0, ""cash_total"": 518573000.0, ""dilution_risk"": null, ""has_revenue"": null, ""lead_phase"": null, ""runway_months"": 29.49999288914172, ""stage_bucket"": ""late"", ""surv_score"": ""5.0"", ""tier1_count"": 4}",late|none|pos,0.0248237972972973,,0.8216,0,1,-0.4769,1.2843,4,4,buying,0.3971,elite_4,0.0,0.0,0.0,,,0.0,0,0,0,True,False,True,missing,0.0,adequate,<=1000bps,652.37,0.85,1,0,1.0,0,1.0,0,,False,no_upcoming,0.338218,price_history,,4,1.1082,price_history,,-0.017289,,61.5342,0.4801,-0.105593,0.088304,late,small,none,drug_developer,morningstar,,,,0,0.8764361862733712693067007316,71.39,41.25000000000000000000000000,71.5,68.80,33.60994749986236856197668774,58.04761904761904761904761905,34.2054,-0.4045,3.0,,56,1.0,0.5116,1,0,0.0,0.4,0.95,oncology,-0.4786,uncrowded,1.0,155,0.0248237972972973,0.454064,-0.1154,27.22,0.570671,0.1781
RVMD,"Revolution Medicines, Inc.",3,0.97,B,mod_opt+catalyst_near,B,mod_opt+catalyst_near,,0.316254,,0,0.565359,1,0.434641,70,0,specific_days,9,tailwind,,L,sponsor_confirmed|momentum_tailwind,smart_money_score:+19.9;clinical_score:-14.4;catalyst_score:-11.5,tier=B;reason=mod_opt+catalyst_near;cat_days=70;strength=near;decay_w=1.0,v1.3.0,31f399e0,1,,0,,"{""burn_ttm"": 897741000.0, ""cash_total"": 2025679000.0, ""dilution_risk"": null, ""has_revenue"": null, ""lead_phase"": null, ""runway_months"": 27.077016645112565, ""stage_bucket"": ""mid"", ""surv_score"": ""5.0"", ""tier1_count"": 8}",mid|near_31_90|pos,0.1,,-0.3236,70,1,-0.0837,2.0982,8,8,buying,1.9633,elite_8,0.0,0.0,0.0,,,0.0,0,0,0,True,False,True,near,1.0,adequate,<=400bps,174.63,1.0,0,0,1.0,0,1.0,0,70,False,specific_days,0.320475,price_history,,8,1.4966,price_history,,-0.08541,,60.8689,0.4254,-0.105593,0.020183,mid,large,none,drug_developer,morningstar,,,,0,0.8553730209442669506567270146,68.42,45.56250000000000000000000000,77.0,10.00,42.67361111111111111111111111,51.87500000000000000000000000,42.0802,-0.0725,2.0,530,6,1.0,0.164,1,0,0.0,0.3,0.95,oncology,0.6992,highly_crowded,1.0,90,0.1,0.683746,0.4782,32.03,0.655477,0.4002
DNLI,Denali Therapeutics Inc.,4,0.49,B,high_opt+no_catalyst_data,B,high_opt+no_catalyst_data,,0.553004,,0,0.689542,1,0.310458,,0,no_upcoming,9,headwind,,M,sponsor_confirmed|momentum_headwind,financial_score:+17.3;clinical_score:-16.6;smart_money_score:+11.7,tier=B;reason=high_opt+no_catalyst_data;cat_days=NA;strength=missing;decay_w=0.0,v1.3.0,31f399e0,1,,0,,"{""burn_ttm"": 314062000.0, ""cash_total"": 848204000.0, ""dilution_risk"": null, ""has_revenue"": null, ""lead_phase"": null, ""runway_months"": 32.40904025319841, ""stage_bucket"": ""late"", ""surv_score"": ""5.0"", ""tier1_count"": 3}",late|none|pos,0.0248237972972973,,0.8207,0,1,-0.5389,1.1559,3,3,buying,0.0055,elite_3,0.0,0.0,0.0,,,0.0,0,0,0,True,False,True,missing,0.0,adequate,<=1000bps,533.31,0.85,1,0,1.0,0,1.0,0,,False,no_upcoming,-0.106129,price_history,,3,1.4035,price_history,,-0.245523,,50.8446,0.5691,-0.105593,-0.13993,late,mid,none,drug_developer,morningstar,,,,0,0.8798122047716101186908044599,44.04,41.25000000000000000000000000,60.5,44.74,32.17938130915023847774624766,66.14285714285714285714285715,31.3821,-0.5235,3.0,188,11,1.0,0.3955,0,0,0.0,0.4,0.6,cns,-0.4786,uncrowded,1.0,157,0.0248237972972973,0.446996,-0.1333,32.04,0.659011,0.4098
VIR,"Vir Biotechnology, Inc.",5,0.82,B,high_opt+no_catalyst_data,B,high_opt+no_catalyst_data,,0.669611,,0,0.70915,1,0.29085,,0,no_upcoming,9,tailwind,,L,sponsor_confirmed|momentum_tailwind,smart_money_score:+16.5;clinical_score:-13.4;momentum_score:+10.0,tier=B;reason=high_opt+no_catalyst_data;cat_days=NA;strength=missing;decay_w=0.0,v1.3.0,31f399e0,1,,0,,"{""burn_ttm"": 391781000.0, ""cash_total"": 460938000.0, ""dilution_risk"": null, ""has_revenue"": null, ""lead_phase"": null, ""runway_months"": 14.118234421781557, ""stage_bucket"": ""late"", ""surv_score"": ""2.0"", ""tier1_count"": 2}",late|none|pos,0.0248237972972973,,0.8203,0,1,-0.585,1.0605,2,2,buying,-0.386,elite_2,0.0,0.0,0.0,,,0.0,0,0,0,True,False,True,missing,0.0,adequate,<=1000bps,599.02,0.85,1,0,1.0,0,1.0,0,,False,no_upcoming,0.197314,price_history,,2,0.6673,price_history,,-0.215748,,62.3139,0.7493,-0.105593,-0.110155,late,small,sev1,drug_developer,morningstar,,,,0,0.8609482288510836634817058961,54.53,41.25000000000000000000000000,61.0,77.07,31.11696670320155748740046744,34.53287981859410430839002268,31.4468,-0.5208,3.0,63,14,1.0,2.4128,2,5,0.0,0.4,0.55,infectious_disease,0.6992,highly_crowded,1.0,190,0.0248237972972973,0.330389,-0.4388,26.12,0.553004,0.1333
RCKT,"Rocket Pharmaceuticals, Inc.",6,0.82,B,high_opt+no_catalyst_data,B,high_opt+no_catalyst_data,,0.30212,,0,0.637255,1,0.362745,,0,no_upcoming,9,tailwind,,L,sponsor_confirmed|momentum_tailwind,smart_money_score:+15.8;clinical_score:-14.6;catalyst_score:-9.0,tier=B;reason=high_opt+no_catalyst_data;cat_days=NA;strength=missing;decay_w=0.0,v1.3.0,31f399e0,1,,0,,"{""burn_ttm"": 155174000.0, ""cash_total"": 222758000.0, ""dilution_risk"": null, ""has_revenue"": null, ""lead_phase"": null, ""runway_months"": 17.070450597731686, ""stage_bucket"": ""mid"", ""surv_score"": ""2.0"", ""tier1_count"": 3}",mid|none|pos,0.1,,0.3145,0,1,-0.3864,1.4715,3,3,buying,0.0055,elite_3,0.0,0.0,0.0,,,0.0,0,0,0,True,False,True,missing,0.0,adequate,<=1000bps,956.37,0.85,1,0,1.0,0,1.0,0,,False,no_upcoming,0.065149,price_history,,3,1.5512,price_history,,-0.112917,,50.7838,0.6262,-0.105593,-0.007324,mid,small,sev1,drug_developer,morningstar,,,,0,0.7990524420436641908620301598,58.79,41.25000000000000000000000000,66.0,74.24,35.69444444444444444444444444,49.50077160493827160493827160,34.9266,-0.3741,2.0,743,8,1.0,0.0379,0,0,0.0,0.3,0.95,oncology,-1.6563,uncrowded,1.0,86,0.1,0.69788,0.5183,25.09,0.535336,0.0887
INBX,"Inhibrx Biosciences, Inc.",7,0.82,B,high_opt+no_catalyst_data,B,high_opt+no_catalyst_data,,0.185512,,0,0.728758,1,0.271242,,0,no_upcoming,9,neutral,drawdown_data_missing,L,sponsor_confirmed,smart_money_score:+24.6;financial_score:-19.3;clinical_score:-12.8,tier=B;reason=high_opt+no_catalyst_data;cat_days=NA;strength=missing;decay_w=0.0,v1.3.0,31f399e0,1,,0,,"{""burn_ttm"": 99672000.0, ""cash_total"": 153088000.0, ""dilution_risk"": null, ""has_revenue"": null, ""lead_phase"": null, ""runway_months"": 18.431013725018058, ""stage_bucket"": ""mid"", ""surv_score"": ""3.0"", ""tier1_count"": 3}",mid|none|pos,0.1,,0.3045,0,1,-0.6741,0.876,3,3,buying,0.0055,elite_3,0.0,0.0,0.0,,,0.0,0,0,0,True,False,True,missing,0.0,adequate,<=1000bps,811.15,0.85,1,0,1.0,0,1.0,0,,False,no_upcoming,,,beta_missing:series_too_short,3,,,series_too_short,,no_price_series,,0.7023,-0.105593,,mid,small,sev1,drug_developer,morningstar,,,drawdown,1,0.7778532089468360121389232326,50,41.25000000000000000000000000,66.5,40.91,29.06250000000000000000000000,22.57426697530864197530864197,28.3423,-0.6517,2.0,984,5,1.0,0.0017,0,0,0.0,0.4,0.95,oncology,0.6992,highly_crowded,1.0,53,0.1,0.814488,0.8946,15.93,0.263251,-0.6334
SVRA,"Savara, Inc.",8,0.82,B,high_opt+no_catalyst_data,B,high_opt+no_catalyst_data,,0.651943,,0,0.761438,1,0.238562,,0,no_upcoming,9,tailwind,overbought_rsi,L,sponsor_confirmed|momentum_tailwind,momentum_score:+37.9;financial_score:-31.7;clinical_score:-21.6,tier=B;reason=high_opt+no_catalyst_data;cat_days=NA;strength=missing;decay_w=0.0,v1.3.0,31f399e0,1,,0,,"{""burn_ttm"": 75980000.0, ""cash_total"": 124386000.0, ""dilution_risk"": null, ""has_revenue"": null, ""lead_phase"": null, ""runway_months"": 19.645064490655436, ""stage_bucket"": ""late"", ""surv_score"": ""0.0"", ""tier1_count"": 3}",late|none|pos,0.0248237972972973,,0.8103,0,1,-0.8678,0.475,3,3,buying,0.0055,elite_3,0.0,0.0,0.0,,,0.0,0,0,0,True,False,True,missing,0.0,adequate,<=1000bps,844.9,0.85,1,0,1.0,0,1.0,0,,False,no_upcoming,0.731018,price_history,,3,0.0982,price_history,,0.0,,82.1305,0.6811,-0.105593,0.105593,late,small,sev1,drug_developer,morningstar,,,,0,0.8537484194564329872856642949,84.04,41.25000000000000000000000000,66.5,59.02,24.59754065132201252195847034,14.50894431846812799193751575,23.1773,-0.8694,3.0,314,9,1.0,0.1096,0,0,0.0,0.4,0.5,respiratory,0.6992,highly_crowded,1.0,185,0.0248237972972973,0.348057,-0.3906,10.94,0.09364,-1.3187
REPL,"Replimune Group, Inc.",9,0.82,B,high_opt+no_catalyst_data,B,high_opt+no_catalyst_data,,0.305654,,0,0.754902,1,0.245098,,0,no_upcoming,9,tailwind,,L,sponsor_confirmed|momentum_tailwind,momentum_score:+26.4;clinical_score:-24.2;catalyst_score:-7.8,tier=B;reason=high_opt+no_catalyst_data;cat_days=NA;strength=missing;decay_w=0.0,v1.3.0,31f399e0,1,,0,,"{""burn_ttm"": 224183000.0, ""cash_total"": 269137000.0, ""dilution_risk"": null, ""has_revenue"": null, ""lead_phase"": null, ""runway_months"": 14.12718492467587, ""stage_bucket"": ""mid"", ""surv_score"": ""2.0"", ""tier1_count"": 5}",mid|none|pos,0.1,,-0.904,955,1,-0.8575,0.4963,5,5,selling,0.7886,elite_5,0.0,0.0,0.0,,,0.0,0,0,0,True,False,True,missing,0.0,adequate,<=1000bps,964.73,0.85,1,0,1.0,0,1.0,0,,False,no_upcoming,0.424139,price_history,,5,1.038,price_history,,-0.022452,,59.6587,0.5897,-0.105593,0.083141,mid,small,sev1,drug_developer,morningstar,,,,0,0.8014186229360889587779400202,75.43,41.25000000000000000000000000,53.0,50.00,24.83410493827160493827160494,50.81250000000000000000000000,23.7163,-0.8467,2.0,955,4,1.0,0.0004,0,0,0.0,0.3,0.95,oncology,0.6992,highly_crowded,1.0,87,0.1,0.694346,0.5082,18.03,0.365724,-0.3432
CRNX,"Crinetics Pharmaceuticals, Inc.",10,0.82,B,high_opt+no_catalyst_data,B,high_opt+no_catalyst_data,,0.54947,,0,0.781046,1,0.218954,,0,no_upcoming,9,neutral,,L,sponsor_confirmed,clinical_score:-28.9;smart_money_score:+21.0;financial_score:+16.8,tier=B;reason=high_opt+no_catalyst_data;cat_days=NA;strength=missing;decay_w=0.0,v1.3.0,31f399e0,1,,0,,"{""burn_ttm"": 285021000.0, ""cash_total"": 1092291000.0, ""dilution_risk"": null, ""has_revenue"": null, ""lead_phase"": null, ""runway_months"": 45.98781142442136, ""stage_bucket"": ""late"", ""surv_score"": ""5.0"", ""tier1_count"": 5}",late|none|pos,0.0248237972972973,,0.8086,0,1,-0.9962,0.209,5,5,buying,0.7886,elite_5,0.0,0.0,0.0,,,0.0,0,0,0,True,False,True,missing,0.0,adequate,<=1000bps,459.18,0.85,1,0,1.0,0,1.0,0,,False,no_upcoming,0.059851,price_history,,5,0.9733,price_history,,-0.283647,,66.2508,0.6688,-0.105593,-0.178054,late,mid,none,drug_developer,morningstar,,,,0,0.8739267504488330341113105925,50.97,41.25000000000000000000000000,71.5,21.43,21.63551191387775325435791181,67.35714285714285714285714286,21.5909,-0.9363,3.0,171,5,1.0,0.4647,0,1,0.0,0.5,0.95,oncology,0.6992,highly_crowded,1.0,156,0.0248237972972973,0.45053,-0.1243,22.30,0.492933,-0.0177
VTYX,"Ventyx Biosciences, Inc.",11,0.82,B,high_opt+no_catalyst_data,B,high_opt+no_catalyst_data,,0.468198,,0,0.996732,1,0.003268,,0,no_upcoming,9,tailwind,high_vol,L,sponsor_confirmed|momentum_tailwind|high_risk,clinical_score:-46.6;momentum_score:+28.9;smart_money_score:+20.4,tier=B;reason=high_opt+no_catalyst_data;cat_days=NA;strength=missing;decay_w=0.0,v1.3.0,31f399e0,1,,0,,"{""burn_ttm"": 64503000.0, ""cash_total"": 192638000.0, ""dilution_risk"": null, ""has_revenue"": null, ""lead_phase"": null, ""runway_months"": 35.8379610250686, ""stage_bucket"": ""mid"", ""surv_score"": ""5.0"", ""tier1_count"": 4}",mid|none|nonpos,0.06757794339622641,,-0.9326,248,1,-1.7178,-1.2848,4,4,buying,0.3971,elite_4,0.0,0.0,0.0,,,0.0,0,0,0,True,False,True,missing,0.0,adequate,<=1000bps,449.97,0.85,1,0,1.0,0,1.0,0,,False,no_upcoming,0.080292,price_history,,4,1.3012,price_history,,-0.117571,,58.3562,1.2298,-0.105593,-0.011978,mid,small,none,drug_developer,morningstar,,,,0,0.7392364480067496308795612740,80.50,41.25000000000000000000000000,72.0,50,5,59.31250000000000000000000000,3.5798,-1.6956,2.0,248,2,0.3333,0.1393,0,0,0.0,0.4,0.6,autoimmune,0.6992,highly_crowded,1.0,133,0.06757794339622641,0.531802,0.0798,15.69,0.25265,-0.6662
URGN,UroGen Pharma Ltd.,12,0.25,B,high_opt+no_catalyst_data,B,high_opt+no_catalyst_data,,0.659011,,0,0.794118,1,0.205882,,0,no_upcoming,9,headwind,,S,sponsor_confirmed|momentum_headwind|runway_short,smart_money_score:+36.0;financial_score:-26.2;clinical_score:-15.3,tier=B;reason=high_opt+no_catalyst_data;cat_days=NA;strength=missing;decay_w=0.0,v1.3.0,31f399e0,1,,0,,"{""burn_ttm"": 124119000.0, ""cash_total"": 153829000.0, ""dilution_risk"": null, ""has_revenue"": null, ""lead_phase"": null, ""runway_months"": 14.872404708384696, ""stage_bucket"": ""late"", ""surv_score"": ""0.0"", ""tier1_count"": 4}",late|none|pos,0.0248237972972973,,0.8075,0,1,-1.0383,0.122,4,4,buying,0.3971,elite_4,0.0,0.0,0.0,,,0.0,0,0,0,True,False,True,missing,0.0,short,<=1000bps,785.74,0.85,1,0,1.0,0,1.0,0,,False,no_upcoming,-0.245287,price_history,,4,-0.0986,price_history,,-0.303483,,49.661,0.7699,-0.105593,-0.19789,late,small,sev2,drug_developer,morningstar,,,,0,0.8225052705551651440618411806,36.34,41.25000000000000000000000000,72.0,72.56,20.66618620782847619476600153,9.784104588337392570196803007,21.2984,-0.9487,3.0,13,12,1.0,2.9606,2,3,0.0,0.3,0.95,oncology,0.6992,highly_crowded,1.0,187,0.0248237972972973,0.340989,-0.4098,5.38,0.015901,-2.1469
CELC,Celcuity Inc.,13,0.97,B,high_opt+no_catalyst_data,B,high_opt+no_catalyst_data,,0.075972,,0,0.95098,1,0.04902,,0,no_upcoming,9,neutral,,L,sponsor_confirmed,clinical_score:-40.5;smart_money_score:+37.5;momentum_score:+6.7,tier=B;reason=high_opt+no_catalyst_data;cat_days=NA;strength=missing;decay_w=0.0,v1.3.0,31f399e0,1,,0,,"{""burn_ttm"": 116881000.0, ""cash_total"": 454978000.0, ""dilution_risk"": null, ""has_revenue"": null, ""lead_phase"": null, ""runway_months"": 46.71192067145216, ""stage_bucket"": ""late"", ""surv_score"": ""4.0"", ""tier1_count"": 6}",late|none|nonpos,0.1,,0.7596,0,1,-1.7178,-1.2848,6,6,buying,1.1802,elite_6,0.0,0.0,0.0,,,0.0,0,0,0,True,False,True,missing,0.0,adequate,<=400bps,347.34,1.0,0,0,1.0,0,1.0,0,,False,no_upcoming,0.102158,price_history,,6,0.3514,price_history,,-0.193433,,50.2536,,-0.105593,-0.08784,late,mid,none,drug_developer,morningstar,,,,0,0.8124562462281231140615570308,52.14,41.25000000000000000000000000,83.0,14.66,5,45.91011589821113630637440162,4.2322,-1.6681,3.0,1257,7,1.0,0.114,0,0,0.0,0.3,0.95,oncology,-0.4786,uncrowded,1.0,22,0.1,0.924028,1.4327,12.97,0.150177,-1.0357
AVBP,"ArriVent BioPharma, Inc.",14,0.82,B,high_opt+no_catalyst_data,B,high_opt+no_catalyst_data,,0.047703,,0,0.944444,1,0.055556,,0,no_upcoming,9,neutral,drawdown_data_missing,L,sponsor_confirmed,clinical_score:-35.5;smart_money_score:+13.5;financial_score:+11.9,tier=B;reason=high_opt+no_catalyst_data;cat_days=NA;strength=missing;decay_w=0.0,v1.3.0,31f399e0,1,,0,,"{""burn_ttm"": 129930000.0, ""cash_total"": 300266000.0, ""dilution_risk"": null, ""has_revenue"": null, ""lead_phase"": null, ""runway_months"": 27.731794042946202, ""stage_bucket"": ""late"", ""surv_score"": ""5.0"", ""tier1_count"": 4}",late|none|nonpos,0.1,,-0.4526,865,1,-1.7178,-1.2848,4,4,selling,0.3971,elite_4,0.0,0.0,0.0,,,0.0,0,0,0,True,False,True,missing,0.0,adequate,<=1000bps,986.33,0.85,1,0,1.0,0,1.0,0,,False,no_upcoming,,,beta_missing:series_too_short,4,,,series_too_short,,no_price_series,,0.6474,-0.105593,,late,small,none,drug_developer,morningstar,,,drawdown,1,0.8370803742292153944290878163,50,41.25000000000000000000000000,54.0,50,5,52.38095238095238095238095238,3.8822,-1.6829,3.0,938,2,0.3333,0.0008,0,0,0.0,0.3,0.95,oncology,0.6992,highly_crowded,1.0,14,0.1,0.952297,1.6675,17.17,0.326855,-0.4486
CGON,"CG Oncology, Inc.",15,0.82,B,high_opt+no_catalyst_data,B,high_opt+no_catalyst_data,,0.083039,,0,0.937908,1,0.062092,,0,no_upcoming,9,neutral,drawdown_data_missing,L,sponsor_confirmed,clinical_score:-42.1;smart_money_score:+35.6;financial_score:+10.2,tier=B;reason=high_opt+no_catalyst_data;cat_days=NA;strength=missing;decay_w=0.0,v1.3.0,31f399e0,1,,0,,"{""burn_ttm"": 96130000.0, ""cash_total"": 680263000.0, ""dilution_risk"": null, ""has_revenue"": null, ""lead_phase"": null, ""runway_months"": 84.91788203474462, ""stage_bucket"": ""late"", ""surv_score"": ""5.0"", ""tier1_count"": 6}",late|none|nonpos,0.1,,0.7615,0,1,-1.705,-1.2582,6,6,buying,1.1802,elite_6,0.0,0.0,0.0,,,0.0,0,0,0,True,False,True,missing,0.0,adequate,<=1000bps,407.78,0.85,1,0,1.0,0,1.0,0,,False,no_upcoming,,,beta_missing:series_too_short,6,,,series_too_short,,no_price_series,,0.7795,-0.105593,,late,mid,none,drug_developer,morningstar,,,drawdown,1,0.8569030382461575122125580841,50,41.25000000000000000000000000,83.0,10.00,5.295907591750121365904438737,57.64285714285714285714285714,5.3911,-1.6193,3.0,1799,6,1.0,0.6822,1,1,0.0,0.3,0.95,oncology,0.6992,highly_crowded,1.0,24,0.1,0.916961,1.3849,15.57,0.249117,-0.6773
ZBIO,"Zenas BioPharma, Inc.",16,0.49,B,high_opt+no_catalyst_data,B,high_opt+no_catalyst_data,,0.397527,,0,0.931373,1,0.068627,,0,no_upcoming,9,neutral,high_vol|drawdown_data_missing,M,sponsor_confirmed|high_risk,clinical_score:-34.4;smart_money_score:+26.3;momentum_score:+9.8,tier=B;reason=high_opt+no_catalyst_data;cat_days=NA;strength=missing;decay_w=0.0,v1.3.0,31f399e0,1,,0,,"{""burn_ttm"": 119919000.0, ""cash_total"": 290884000.0, ""dilution_risk"": null, ""has_revenue"": null, ""lead_phase"": null, ""runway_months"": 29.10804793235434, ""stage_bucket"": ""late"", ""surv_score"": ""5.0"", ""tier1_count"": 3}",late|none|nonpos,0.1,,0.0919,74,1,-1.6815,-1.2096,3,3,buying,0.0055,elite_3,0.0,0.0,0.0,,,0.0,0,0,0,True,False,True,missing,0.0,adequate,<=1000bps,681.58,0.85,1,0,1.0,0,1.0,0,,False,no_upcoming,,,beta_missing:series_too_short,3,,,series_too_short,,no_price_series,,1.5048,-0.105593,,late,small,none,drug_developer,morningstar,,,drawdown,1,0.7698922338057865760805903713,50,41.25000000000000000000000000,66.5,20.68,5.837024358262140344028547261,37.47781417093586405755717926,4.9412,-1.6383,3.0,1028,3,0.6667,0.1354,1,0,0.0,0.4,0.6,autoimmune,0.6992,highly_crowded,1.0,113,0.1,0.602473,0.2598,11.33,0.114841,-1.2012
ACRV,"Acrivon Therapeutics, Inc.",17,0.32,B,high_opt+no_catalyst_data,B,high_opt+no_catalyst_data,,0.411661,,0,0.924837,1,0.075163,,0,no_upcoming,9,neutral,drawdown_data_missing,M,sponsor_confirmed|cost_haircut_>2000bps,clinical_score:-38.5;financial_score:+19.6;smart_money_score:+16.5,tier=B;reason=high_opt+no_catalyst_data;cat_days=NA;strength=missing;decay_w=0.0,v1.3.0,31f399e0,1,,0,,"{""burn_ttm"": 48428000.0, ""cash_total"": 129254000.0, ""dilution_risk"": null, ""has_revenue"": null, ""lead_phase"": null, ""runway_months"": 32.02791773354258, ""stage_bucket"": ""mid"", ""surv_score"": ""5.0"", ""tier1_count"": 2}",mid|none|nonpos,0.06757794339622641,,-0.9468,1380,1,-1.6741,-1.1944,2,2,buying,-0.386,elite_2,0.0,0.0,0.0,,,0.0,0,0,0,True,False,True,missing,0.0,adequate,>2000bps,2020.0,0.55,1,0,1.0,0,1.0,0,,False,no_upcoming,-0.173475,price_history,,2,0.6044,price_history,,,series_too_short,65.4634,,-0.105593,,mid,micro,none,drug_developer,morningstar,,,drawdown,1,0.7221625544267053701015965167,50,41.25000000000000000000000000,61.0,50,6.006944444444444444444444442,64.09375000000000000000000000,4.8891,-1.6404,2.0,1380,1,0.0,0.0,0,0,0.0,0.3,0.95,oncology,0.6992,highly_crowded,1.0,117,0.06757794339622641,0.588339,0.2233,15.45,0.242049,-0.6997
BMEA,"Biomea Fusion, Inc.",18,0.08,B,high_opt+no_catalyst_data,B,high_opt+no_catalyst_data,,0.061837,,0,0.663399,1,0.336601,,0,no_upcoming,9,neutral,,XS,runway_short|cost_haircut_>2000bps,financial_score:-27.4;smart_money_score:+17.9;momentum_score:+9.8,tier=B;reason=high_opt+no_catalyst_data;cat_days=NA;strength=missing;decay_w=0.0,v1.3.0,31f399e0,1,,0,,"{""burn_ttm"": 56429000.0, ""cash_total"": 46642000.0, ""dilution_risk"": null, ""has_revenue"": null, ""lead_phase"": null, ""runway_months"": 9.918729731166598, ""stage_bucket"": ""early"", ""surv_score"": ""0.0"", ""tier1_count"": 1}",early|none|pos,0.1,,-1.4724,726,1,-0.4782,1.2816,1,1,buying,-0.7776,elite_1,0.0,0.0,0.0,,,0.0,0,0,0,True,False,True,missing,0.0,short,>2000bps,2020.0,0.55,1,0,1.0,0,1.0,0,,False,no_upcoming,0.008403,price_history,,1,0.544,price_history,,-0.278472,,68.1912,,-0.105593,-0.172879,early,micro,sev2,drug_developer,morningstar,,,,0,0.7051903292181069958847736626,47.37,41.25000000000000000000000000,55.5,50,33.57961968355349107272463347,10.18649699198400025806035387,32.4618,-0.478,1.0,726,2,0.3333,0.0011,0,0,0.0,0.3,0.85,oncology,0.6992,highly_crowded,1.0,18,0.1,0.938163,1.5395,9.25,0.058304,-1.5692
COGT,"Cogent Biosciences, Inc.",19,0.58,B,high_opt+no_catalyst_data,B,high_opt+no_catalyst_data,,0.097173,,0,0.918301,1,0.081699,,0,no_upcoming,9,neutral,high_vol,M,sponsor_confirmed|high_risk,smart_money_score:+46.8;financial_score:-33.2;clinical_score:-31.5,tier=B;reason=high_opt+no_catalyst_data;cat_days=NA;strength=missing;decay_w=0.0,v1.3.0,31f399e0,1,,0,,"{""burn_ttm"": 264444000.0, ""cash_total"": 312012000.0, ""dilution_risk"": null, ""has_revenue"": null, ""lead_phase"": null, ""runway_months"": 14.158551526977357, ""stage_bucket"": ""late"", ""surv_score"": ""0.0"", ""tier1_count"": 7}",late|none|nonpos,0.1,,0.765,0,1,-1.646,-1.1361,7,7,buying,1.5717,elite_7,0.0,0.0,0.0,,,0.0,0,0,0,True,False,True,missing,0.0,adequate,<=400bps,346.16,1.0,0,0,1.0,0,1.0,0,,False,no_upcoming,-0.125495,price_history,,7,1.178,price_history,,-0.210712,,63.6638,2.489,-0.105593,-0.105119,late,mid,sev1,drug_developer,morningstar,,,,0,0.8131084337349397590361445783,52.95,41.25000000000000000000000000,85,10.90,6.656206677376894934662602784,5,6.5884,-1.5688,3.0,984,5,1.0,0.0016,0,0,0.0,0.5,0.95,oncology,-0.4786,uncrowded,1.0,28,0.1,0.902827,1.2978,9.90,0.065371,-1.5112
FDMT,"4D Molecular Therapeutics, Inc.",20,0.41,B,high_opt+no_catalyst_data,B,high_opt+no_catalyst_data,,0.136042,,0,0.787582,1,0.212418,,0,no_upcoming,9,tailwind,,M,momentum_tailwind|cost_haircut_<=2000bps,momentum_score:+41.6;clinical_score:-34.2;catalyst_score:-13.7,tier=B;reason=high_opt+no_catalyst_data;cat_days=NA;strength=missing;decay_w=0.0,v1.3.0,31f399e0,1,,0,,"{""burn_ttm"": 137633000.0, ""cash_total"": 305063000.0, ""dilution_risk"": null, ""has_revenue"": null, ""lead_phase"": null, ""runway_months"": 26.597952525920384, ""stage_bucket"": ""mid"", ""surv_score"": ""3.0"", ""tier1_count"": 1}",mid|none|pos,0.1,,-0.9146,1077,1,-1.0342,0.1304,1,1,neutral,-0.7776,elite_1,0.0,0.0,0.0,,,0.0,0,0,0,True,False,True,missing,0.0,adequate,<=2000bps,1082.73,0.7,1,0,1.0,0,1.0,0,,False,no_upcoming,1.663017,price_history,,1,0.9245,price_history,,-0.202278,,47.4449,0.8446,-0.105593,-0.096685,mid,small,none,drug_developer,morningstar,,,,0,0.7763454812140358794990409568,96.55,41.25000000000000000000000000,55.0,62.12,20.76003086419753086419753086,61.43750000000000000000000000,19.0032,-1.0454,2.0,1411,6,1.0,0.0001,0,0,0.0,0.3,0.5,respiratory,0.2281,moderate,1.0,39,0.1,0.863958,1.0983,23.98,0.517668,0.0443
ELDN,"Eledon Pharmaceuticals, Inc.",21,0.53,B,high_opt+catalyst_far,B,high_opt+catalyst_far,,0.973498,,0,0.892157,1,0.107843,498,0,specific_days,9,tailwind,overbought_rsi,L,catalyst_far_lift|momentum_tailwind|cost_haircut_>2000bps,clinical_score:-33.6;momentum_score:+23.7;smart_money_score:+9.4,tier=B;reason=high_opt+catalyst_far;cat_days=498;strength=far;decay_w=0.3,v1.3.0,31f399e0,1,,0,,"{""burn_ttm"": 48250000.0, ""cash_total"": 93401000.0, ""dilution_risk"": null, ""has_revenue"": null, ""lead_phase"": null, ""runway_months"": 23.229264248704663, ""stage_bucket"": ""mid"", ""surv_score"": ""4.0"", ""tier1_count"": 1}",mid|far_271_540|nonpos,-0.011932392857142857,,-0.7929,192,1,-1.5242,-0.884,1,1,neutral,-0.7776,elite_1,0.0,0.0,0.0,,,0.0,0,0,0,True,False,True,far,0.3,adequate,>2000bps,2020.0,0.55,1,0,1.0,0,1.0,0,498,False,specific_days,0.380811,price_history,,1,0.1924,price_history,,-0.22093,,70.3213,,-0.105593,-0.115337,mid,micro,sev1,drug_developer,morningstar,,,,0,0.7592705599300087489063867017,66.76,45.56250000000000000000000000,52.5,77.27,9.463734567901234567901234566,41.25000000000000000000000000,8.0144,-1.5087,2.0,192,5,1.0,0.22,0,0,0.0,0.3,0.55,metabolic,-0.4786,uncrowded,1.0,276,-0.011932392857142857,0.026502,-1.9349,15.56,0.245583,-0.6885
IMVT,"Immunovant, Inc.",22,0.82,B,high_opt+no_catalyst_data,B,high_opt+no_catalyst_data,,0.181979,,0,0.885621,1,0.114379,,0,no_upcoming,9,tailwind,,L,sponsor_confirmed|momentum_tailwind,clinical_score:-44.0;momentum_score:+42.3;catalyst_score:-13.0,tier=B;reason=high_opt+no_catalyst_data;cat_days=NA;strength=missing;decay_w=0.0,v1.3.0,31f399e0,1,,0,,"{""burn_ttm"": 312251000.0, ""cash_total"": 994525000.0, ""dilution_risk"": null, ""has_revenue"": null, ""lead_phase"": null, ""runway_months"": 38.220213866408756, ""stage_bucket"": ""late"", ""surv_score"": ""3.0"", ""tier1_count"": 6}",late|none|nonpos,0.1,,-0.4203,771,1,-1.4875,-0.808,6,6,selling,1.1802,elite_6,0.0,0.0,0.0,,,0.0,0,0,0,True,False,True,missing,0.0,adequate,<=1000bps,478.91,0.85,1,0,1.0,0,1.0,0,,False,no_upcoming,0.590969,price_history,,6,0.5117,price_history,,-0.10497,,53.8296,0.5723,-0.105593,0.000623,late,mid,none,drug_developer,morningstar,,,,0,0.8870170169572486267016957249,96.55,41.25000000000000000000000000,62.0,13.91,10.31009614181543373922095601,61.28571428571428571428571429,8.9508,-1.4692,3.0,771,6,1.0,0.003,0,0,0.0,0.4,0.6,autoimmune,0.2281,moderate,1.0,52,0.1,0.818021,0.9078,21.81,0.475265,-0.062
RAPT,"RAPT Therapeutics, Inc.",23,0.97,B,high_opt+no_catalyst_data,B,high_opt+no_catalyst_data,,0.454064,,0,0.859477,1,0.140523,,0,no_upcoming,9,tailwind,high_vol|high_beta|overbought_rsi,L,sponsor_confirmed|momentum_tailwind|high_risk,clinical_score:-34.7;smart_money_score:+29.7;momentum_score:+27.7,tier=B;reason=high_opt+no_catalyst_data;cat_days=NA;strength=missing;decay_w=0.0,v1.3.0,31f399e0,1,,0,,"{""burn_ttm"": 76143000.0, ""cash_total"": 157344000.0, ""dilution_risk"": null, ""has_revenue"": null, ""lead_phase"": null, ""runway_months"": 24.797131712698476, ""stage_bucket"": ""mid"", ""surv_score"": ""5.0"", ""tier1_count"": 5}",mid|none|nonpos,0.06757794339622641,,0.2728,0,1,-1.3676,-0.5597,5,5,buying,0.7886,elite_5,0.0,0.0,0.0,,,0.0,0,0,0,True,False,True,missing,0.0,adequate,<=400bps,273.59,1.0,0,0,1.0,0,1.0,0,,False,no_upcoming,0.104652,price_history,,5,1.9851,price_history,,-0.074852,,71.741,1.4599,-0.105593,0.030741,mid,small,none,drug_developer,morningstar,,,,0,0.7846554829993244764692636794,75.53,41.25000000000000000000000000,77.5,22.73,13.07484567901234567901234568,31.56370563271604938271604938,12.3546,-1.3257,2.0,490,4,1.0,0.0175,0,0,0.0,0.4,0.95,oncology,0.6992,highly_crowded,1.0,129,0.06757794339622641,0.545936,0.1154,13.18,0.157244,-1.0059
LQDA,Liquidia Corporation,24,0.82,B,high_opt+no_catalyst_data,B,high_opt+no_catalyst_data,,0.220848,,0,0.852941,1,0.147059,,0,no_upcoming,9,tailwind,,L,sponsor_confirmed|momentum_tailwind,financial_score:-30.6;smart_money_score:+27.4;momentum_score:+25.0,tier=B;reason=high_opt+no_catalyst_data;cat_days=NA;strength=missing;decay_w=0.0,v1.3.0,31f399e0,1,,0,,"{""burn_ttm"": 79930000.0, ""cash_total"": 157496000.0, ""dilution_risk"": null, ""has_revenue"": null, ""lead_phase"": null, ""runway_months"": 23.645089453271613, ""stage_bucket"": ""late"", ""surv_score"": ""0.0"", ""tier1_count"": 3}",late|none|nonpos,0.1,,0.783,0,1,-1.3606,-0.5452,3,3,buying,0.0055,elite_3,0.0,0.0,0.0,,,0.0,0,0,0,True,False,True,missing,0.0,adequate,<=1000bps,430.35,0.85,1,0,1.0,0,1.0,0,,False,no_upcoming,0.281139,price_history,,3,0.6496,price_history,,-0.234803,,58.9927,0.5778,-0.105593,-0.12921,late,mid,sev1,drug_developer,morningstar,,,,0,0.8688101869606903163950143816,63.08,41.25000000000000000000000000,65.5,22.18,13.23589027521282825097968560,7.518770471151423532375913331,11.4181,-1.3652,3.0,790,4,1.0,0.0032,0,0,0.0,0.3,0.5,respiratory,0.6992,highly_crowded,1.0,63,0.1,0.779152,0.7693,11.12,0.100707,-1.2775
ACLX,"Arcellx, Inc.",25,0.97,B,high_opt+no_catalyst_data,B,high_opt+no_catalyst_data,,0.408127,,0,0.839869,1,0.160131,,0,no_upcoming,9,tailwind,,L,sponsor_confirmed|momentum_tailwind,clinical_score:-35.6;smart_money_score:+29.5;momentum_score:+28.7,tier=B;reason=high_opt+no_catalyst_data;cat_days=NA;strength=missing;decay_w=0.0,v1.3.0,31f399e0,1,,0,,"{""burn_ttm"": 152083000.0, ""cash_total"": 461383000.0, ""dilution_risk"": null, ""has_revenue"": null, ""lead_phase"": null, ""runway_months"": 36.40509458650868, ""stage_bucket"": ""mid"", ""surv_score"": ""5.0"", ""tier1_count"": 7}",mid|none|nonpos,0.06757794339622641,,-0.9214,622,1,-1.2867,-0.3924,7,7,buying,1.5717,elite_7,0.0,0.0,0.0,,,0.0,0,0,0,True,False,True,missing,0.0,adequate,<=400bps,207.9,1.0,0,0,1.0,0,1.0,0,,False,no_upcoming,0.590127,price_history,,7,0.6757,price_history,,-0.040214,,58.0676,0.5575,-0.105593,0.065379,mid,mid,none,drug_developer,morningstar,,,,0,0.8080746794871794871794871795,79.26,41.25000000000000000000000000,80.0,10.00,14.93827160493827160493827160,37.29185956790123456790123457,13.8204,-1.2639,2.0,1411,3,0.6667,0.0015,0,0,0.0,0.3,0.95,oncology,0.6992,highly_crowded,1.0,116,0.06757794339622641,0.591873,0.2324,17.42,0.344523,-0.4002
PRTA,Prothena Corporation plc,26,0.68,B,high_opt+no_catalyst_data,B,high_opt+no_catalyst_data,,0.295053,,0,0.820261,1,0.179739,,0,no_upcoming,9,tailwind,,L,sponsor_confirmed|momentum_tailwind|cost_haircut_<=2000bps,clinical_score:-26.2;momentum_score:+14.1;smart_money_score:+11.9,tier=B;reason=high_opt+no_catalyst_data;cat_days=NA;strength=missing;decay_w=0.0,v1.3.0,31f399e0,1,,0,,"{""burn_ttm"": 140268000.0, ""cash_total"": 330843000.0, ""dilution_risk"": null, ""has_revenue"": null, ""lead_phase"": null, ""runway_months"": 28.303789887928822, ""stage_bucket"": ""late"", ""surv_score"": ""5.0"", ""tier1_count"": 2}",late|none|nonpos,0.1,,0.7915,0,1,-1.2025,-0.2181,2,2,neutral,-0.386,elite_2,0.0,0.0,0.0,,,0.0,0,0,0,True,False,True,missing,0.0,adequate,<=2000bps,1434.82,0.7,1,0,1.0,0,1.0,0,,False,no_upcoming,-0.219026,price_history,,2,1.2146,price_history,,-0.160615,,45.5107,0.4848,-0.105593,-0.055022,late,small,none,drug_developer,morningstar,,,,0,0.8475046085637615214094038035,57.24,41.25000000000000000000000000,55.0,84.59,16.87896941579208143777307328,45.12331681643850956020268189,15.4588,-1.1948,3.0,803,9,1.0,0.0086,0,0,0.0,0.4,0.6,cns,0.6992,highly_crowded,1.0,84,0.1,0.704947,0.5387,18.47,0.379859,-0.3059
SMMT,Summit Therapeutics Inc.,27,0.82,B,high_opt+no_catalyst_data,B,high_opt+no_catalyst_data,,0.330389,,0,0.813725,1,0.186275,,0,no_upcoming,9,tailwind,,L,sponsor_confirmed|momentum_tailwind,momentum_score:+44.6;clinical_score:-33.8;financial_score:-19.7,tier=B;reason=high_opt+no_catalyst_data;cat_days=NA;strength=missing;decay_w=0.0,v1.3.0,31f399e0,1,,0,,"{""burn_ttm"": 322930000.0, ""cash_total"": 713448000.0, ""dilution_risk"": null, ""has_revenue"": null, ""lead_phase"": null, ""runway_months"": 26.511553587464775, ""stage_bucket"": ""late"", ""surv_score"": ""3.0"", ""tier1_count"": 5}",late|none|nonpos,0.1,,0.7939,0,1,-1.1485,-0.1062,5,5,buying,0.7886,elite_5,0.0,0.0,0.0,,,0.0,0,0,0,True,False,True,missing,0.0,adequate,<=1000bps,484.44,0.85,1,0,1.0,0,1.0,0,,False,no_upcoming,3.488175,price_history,,5,-1.6992,price_history,,-0.18854,,54.1924,0.5984,-0.105593,-0.082947,late,large,none,drug_developer,morningstar,,,,0,0.8151449643947100712105798576,96.55,41.25000000000000000000000000,71.5,10.00,18.12535971853119729341521153,32.17938130915023847774624767,17.0075,-1.1295,3.0,,6,1.0,0.0,0,0,0.0,0.3,0.95,oncology,0.6992,highly_crowded,1.0,94,0.1,0.669611,0.4388,11.04,0.097173,-1.2978
ABCL,AbCellera Biologics Inc.,28,0.25,B,high_opt+no_catalyst_data,B,high_opt+no_catalyst_data,,0.475265,,0,0.800654,1,0.199346,,0,no_upcoming,9,headwind,,S,sponsor_confirmed|momentum_headwind|runway_short,financial_score:-27.1;smart_money_score:+25.9;clinical_score:-15.2,tier=B;reason=high_opt+no_catalyst_data;cat_days=NA;strength=missing;decay_w=0.0,v1.3.0,31f399e0,1,,0,,"{""burn_ttm"": 131295000.0, ""cash_total"": 128513000.0, ""dilution_risk"": null, ""has_revenue"": null, ""lead_phase"": null, ""runway_months"": 11.74573289158003, ""stage_bucket"": ""late"", ""surv_score"": ""0.0"", ""tier1_count"": 2}",late|none|pos,0.0248237972972973,,0.4467,32,1,-1.0937,0.0072,2,2,buying,-0.386,elite_2,0.0,0.0,0.0,,,0.0,0,0,0,True,False,True,missing,0.0,short,<=1000bps,821.91,0.85,1,0,1.0,0,1.0,0,,False,no_upcoming,-0.075344,price_history,,2,0.7758,price_history,,-0.287879,,49.9811,0.7022,-0.105593,-0.182286,late,small,sev2,drug_developer,morningstar,,,,0,0.8628507403521044654308033112,44.19,41.25000000000000000000000000,60.5,46.99,19.38776531587666221241285427,7.518770471151423532375913331,19.3019,-1.0328,3.0,,3,0.6667,0.7659,1,1,0.0,0.4,0.55,infectious_disease,0.6992,highly_crowded,1.0,135,0.0248237972972973,0.524735,0.062,8.29,0.04417,-1.7042
WVE,Wave Life Sciences Ltd.,29,0.97,B,high_opt+no_catalyst_data,B,high_opt+no_catalyst_data,,0.471731,,0,0.80719,1,0.19281,,0,no_upcoming,9,tailwind,high_vol,L,sponsor_confirmed|momentum_tailwind|high_risk,clinical_score:-33.6;smart_money_score:+25.1;catalyst_score:-11.2,tier=B;reason=high_opt+no_catalyst_data;cat_days=NA;strength=missing;decay_w=0.0,v1.3.0,31f399e0,1,,0,,"{""burn_ttm"": 187493000.0, ""cash_total"": 602068000.0, ""dilution_risk"": null, ""has_revenue"": null, ""lead_phase"": null, ""runway_months"": 38.533790594848874, ""stage_bucket"": ""mid"", ""surv_score"": ""5.0"", ""tier1_count"": 5}",mid|none|nonpos,0.06757794339622641,,0.2834,0,1,-1.1201,-0.0473,5,5,buying,0.7886,elite_5,0.0,0.0,0.0,,,0.0,0,0,0,True,False,True,missing,0.0,adequate,<=400bps,327.67,1.0,0,0,1.0,0,1.0,0,,False,no_upcoming,0.015805,price_history,,5,0.9609,price_history,,-0.32,,42.37,3.1359,-0.105593,-0.214407,mid,mid,none,drug_developer,morningstar,,,,0,0.7964720782959124928036845135,62.10,41.25000000000000000000000000,77.5,37.88,18.78086419753086419753086420,62.50000000000000000000000000,17.9054,-1.0917,2.0,,7,1.0,0.1366,0,0,0.0,0.4,0.75,rare_disease,0.6992,highly_crowded,1.0,134,0.06757794339622641,0.528269,0.0709,22.55,0.5,0.0
TBPH,"Theravance Biopharma, Inc.",30,0.41,C,low_opt+no_catalyst_data,C,low_opt+no_catalyst_data,,0.655477,,0,0.042484,1,0.957516,,0,no_upcoming,9,tailwind,,M,momentum_tailwind|cost_haircut_<=2000bps,clinical_score:+21.8;catalyst_score:-13.9;financial_score:-8.0,tier=C;reason=low_opt+no_catalyst_data;cat_days=NA;strength=missing;decay_w=0.0,v1.3.0,31f399e0,1,,0,,"{""burn_ttm"": 0.0, ""cash_total"": 174773000.0, ""dilution_risk"": null, ""has_revenue"": null, ""lead_phase"": null, ""runway_months"": null, ""stage_bucket"": ""late"", ""surv_score"": ""3.0"", ""tier1_count"": 1}",late|none|pos,0.0248237972972973,,1.1036,0,1,1.4052,1.269,1,1,buying,-0.7776,elite_1,0.0,0.0,0.0,,,0.0,0,0,0,True,False,True,missing,0.0,adequate,<=2000bps,1103.1,0.7,1,0,1.0,0,1.0,0,,False,no_upcoming,0.051487,price_history,,1,0.535,price_history,,-0.030157,,52.0563,0.5264,-0.105593,0.075436,late,small,none,drug_developer,morningstar,,,,0,0.9,54.87,41.25000000000000000000000000,55.5,90.00,77.000,47.16805240614764424288233812,75.8822,1.3525,3.0,297,43,1.0,0.0026,0,0,0.0,0.9,0.5,respiratory,0.6992,highly_crowded,1.0,186,0.0248237972972973,0.344523,-0.4002,46.68,0.924028,1.4327
ACRS,"Aclaris Therapeutics, Inc.",31,0.1,C,low_opt+no_catalyst_data,C,low_opt+no_catalyst_data,,0.482332,,0,0.068627,1,0.931373,,0,no_upcoming,9,neutral,high_vol,XS,sponsor_confirmed|runway_short|high_risk|cost_haircut_<=2000bps,financial_score:-42.0;clinical_score:+29.4;smart_money_score:+16.5,tier=C;reason=low_opt+no_catalyst_data;cat_days=NA;strength=missing;decay_w=0.0,v1.3.0,31f399e0,1,,0,,"{""burn_ttm"": 33982000.0, ""cash_total"": 25256000.0, ""dilution_risk"": null, ""has_revenue"": null, ""lead_phase"": null, ""runway_months"": 8.918603966805955, ""stage_bucket"": ""late"", ""surv_score"": ""-2.0"", ""tier1_count"": 3}",late|none|pos,0.0248237972972973,,0.0043,228,1,1.3781,1.215,3,3,buying,0.0055,elite_3,0.0,0.0,0.0,,,0.0,0,0,0,True,False,True,missing,0.0,short,<=2000bps,1385.71,0.7,1,0,1.0,0,1.0,0,,False,no_upcoming,-0.093792,price_history,,3,0.7393,price_history,,-0.093631,,52.164,1.5686,-0.105593,0.011962,late,small,sev2,drug_developer,morningstar,,,,0,0.8552182044887780548628428928,48.73,41.25000000000000000000000000,63.5,90.00,76.37583892617449664429530202,5,77.1824,1.4074,3.0,,14,1.0,1.2841,1,1,0.0,0.7,0.5,dermatology,-0.4786,uncrowded,1.0,137,0.0248237972972973,0.517668,0.0443,12.27,0.139576,-1.0822
ALT,"Altimmune, Inc.",32,0.82,C,low_opt+no_catalyst_data,C,low_opt+no_catalyst_data,,0.492933,,0,0.140523,1,0.859477,,0,no_upcoming,9,tailwind,deep_drawdown|deep_drawdown_rel_xbi,L,momentum_tailwind,clinical_score:+16.4;catalyst_score:-14.7;smart_money_score:-7.0,tier=C;reason=low_opt+no_catalyst_data;cat_days=NA;strength=missing;decay_w=0.0,v1.3.0,31f399e0,1,,0,,"{""burn_ttm"": 48087000.0, ""cash_total"": 210776000.0, ""dilution_risk"": null, ""has_revenue"": null, ""lead_phase"": null, ""runway_months"": 52.5986649198328, ""stage_bucket"": ""late"", ""surv_score"": ""5.0"", ""tier1_count"": 1}",late|none|pos,0.0248237972972973,,1.098,0,1,1.2034,0.8669,1,1,selling,-0.7776,elite_1,0.0,0.0,0.0,,,0.0,0,0,0,True,False,True,missing,0.0,adequate,<=1000bps,696.34,0.85,1,0,1.0,0,1.0,0,,False,no_upcoming,0.138721,price_history,,1,1.7181,price_history,,-0.359661,,51.2888,0.8891,-0.105593,-0.254068,late,small,none,drug_developer,morningstar,,,,0,0.8417039350405996252342286071,54.48,41.25000000000000000000000000,49.0,82.33,72.34899328859060402684563758,62.90476190476190476190476191,71.6939,1.176,2.0,251,13,1.0,0.3733,1,0,0.0,0.4,0.55,metabolic,0.6992,highly_crowded,1.0,140,0.0248237972972973,0.507067,0.0177,38.98,0.782686,0.7813
VKTX,"Viking Therapeutics, Inc.",33,0.97,C,low_opt+no_catalyst_data,C,low_opt+no_catalyst_data,,0.386926,,0,0.055556,1,0.944444,,0,no_upcoming,9,tailwind,,L,sponsor_confirmed|momentum_tailwind|runway_short,financial_score:-46.1;momentum_score:+39.3;clinical_score:+19.7,tier=C;reason=low_opt+no_catalyst_data;cat_days=NA;strength=missing;decay_w=0.0,v1.3.0,31f399e0,1,,0,,"{""burn_ttm"": 278685000.0, ""cash_total"": 165810000.0, ""dilution_risk"": null, ""has_revenue"": null, ""lead_phase"": null, ""runway_months"": 7.139673825286614, ""stage_bucket"": ""mid"", ""surv_score"": ""-2.0"", ""tier1_count"": 3}",mid|none|pos,0.1,,0.3747,0,1,1.4052,1.269,3,3,buying,0.0055,elite_3,0.0,0.0,0.0,,,0.0,0,0,0,True,False,True,missing,0.0,short,<=400bps,319.17,1.0,0,0,1.0,0,1.0,0,,False,no_upcoming,1.140935,price_history,,3,0.0699,price_history,,-0.076596,,61.7964,,-0.105593,0.028997,mid,mid,sev2,drug_developer,morningstar,,,,0,0.7821440129449838187702265372,96.55,41.25000000000000000000000000,60.5,16.67,77.000,11.15977044753086419753086420,76.1888,1.3655,2.0,115,5,1.0,0.3859,0,1,0.0,0.4,0.55,metabolic,-0.4786,uncrowded,1.0,110,0.1,0.613074,0.2873,16.35,0.280919,-0.5801
ENTA,"Enanta Pharmaceuticals, Inc.",34,0.2,C,low_opt+no_catalyst_data,C,low_opt+no_catalyst_data,,0.128975,,0,0.009804,1,0.990196,,0,no_upcoming,9,neutral,,S,cost_haircut_<=2000bps,clinical_score:+26.8;financial_score:-20.5;catalyst_score:-9.0,tier=C;reason=low_opt+no_catalyst_data;cat_days=NA;strength=missing;decay_w=0.0,v1.3.0,31f399e0,1,,0,,"{""burn_ttm"": 11699000.0, ""cash_total"": 37437000.0, ""dilution_risk"": null, ""has_revenue"": null, ""lead_phase"": null, ""runway_months"": 38.40020514573895, ""stage_bucket"": ""mid"", ""surv_score"": ""5.0"", ""tier1_count"": 1}",mid|none|pos,0.1,,0.3919,0,1,1.4052,1.269,1,1,buying,-0.7776,elite_1,0.0,0.0,0.0,,,0.0,0,0,0,True,False,True,missing,0.0,adequate,<=2000bps,1593.49,0.7,1,0,1.0,0,1.0,0,,False,no_upcoming,0.005085,price_history,,1,0.9309,price_history,,-0.346419,,57.5074,0.5086,-0.105593,-0.240826,mid,small,none,drug_developer,morningstar,,,,0,0.7644271362456259171464047861,47.68,41.25000000000000000000000000,55.5,90.00,77.000,29.71006944444444444444444444,77.9822,1.4411,2.0,19,20,1.0,1.3399,2,2,0.0,0.8,0.55,infectious_disease,-0.4786,uncrowded,1.0,37,0.1,0.871025,1.1312,37.19,0.754417,0.6885
SGMT,Sagimet Biosciences Inc. - Seri,35,0.2,C,low_opt+no_catalyst_data,C,low_opt+no_catalyst_data,,0.323322,,0,0.075163,1,0.924837,,0,no_upcoming,9,neutral,drawdown_data_missing,S,cost_haircut_<=2000bps,clinical_score:+19.4;catalyst_score:-15.6;financial_score:+7.3,tier=C;reason=low_opt+no_catalyst_data;cat_days=NA;strength=missing;decay_w=0.0,v1.3.0,31f399e0,1,,0,,"{""burn_ttm"": 33817000.0, ""cash_total"": 116693000.0, ""dilution_risk"": null, ""has_revenue"": null, ""lead_phase"": null, ""runway_months"": 41.40864062453795, ""stage_bucket"": ""mid"", ""surv_score"": ""5.0"", ""tier1_count"": 1}",mid|none|pos,0.1,,0.3698,0,1,1.3726,1.2042,1,1,neutral,-0.7776,elite_1,0.0,0.0,0.0,,,0.0,0,0,0,True,False,True,missing,0.0,adequate,<=2000bps,1650.31,0.7,1,0,1.0,0,1.0,0,,False,no_upcoming,,,beta_missing:series_too_short,1,,,series_too_short,,no_price_series,,0.6734,-0.105593,,mid,micro,none,drug_developer,morningstar,,,drawdown,1,0.7593805888767720828789531080,50,41.25000000000000000000000000,52.5,89.39,76.25000000000000000000000000,64.09375000000000000000000000,75.5298,1.3377,2.0,255,4,1.0,0.1207,0,0,0.0,0.4,0.95,oncology,0.6992,highly_crowded,1.0,92,0.1,0.676678,0.4584,45.69,0.90636,1.3187
AARD,"Aardvark Therapeutics, Inc.",36,0.16,C,low_opt+no_catalyst_data,C,low_opt+no_catalyst_data,,0.001767,,0,0.133987,1,0.866013,,0,no_upcoming,9,neutral,drawdown_data_missing,S,cost_haircut_>2000bps,catalyst_score:-16.4;clinical_score:+14.9;financial_score:+9.1,tier=C;reason=low_opt+no_catalyst_data;cat_days=NA;strength=missing;decay_w=0.0,v1.3.0,31f399e0,1,,0,,"{""burn_ttm"": 37362000.0, ""cash_total"": 126350000.0, ""dilution_risk"": null, ""has_revenue"": null, ""lead_phase"": null, ""runway_months"": 40.581339328729726, ""stage_bucket"": ""mid"", ""surv_score"": ""5.0"", ""tier1_count"": 0}",mid|none|pos,0.1,,0.1868,14,1,1.21,0.88,0,0,neutral,-1.1691,,0.0,0.0,0.0,,,0.0,0,0,0,True,False,True,missing,0.0,adequate,>2000bps,2020.0,0.55,1,0,1.0,0,1.0,0,,False,no_upcoming,,,beta_missing:series_too_short,0,,,series_too_short,,no_price_series,,0.9146,-0.105593,,mid,micro,none,drug_developer,morningstar,,,drawdown,1,0.7382386050104844939852113453,50,41.25000000000000000000000000,,59.09,72.50000000000000000000000000,66.75000000000000000000000000,72.9526,1.229,2.0,14,3,0.6667,0.8959,1,1,0.0,0.4,0.55,metabolic,-0.4786,uncrowded,1.0,1,0.1,0.998233,2.9171,43.79,0.85689,1.0665
RNA,"Avidity Biosciences, Inc.",37,0.97,C,low_opt+no_catalyst_data,C,low_opt+no_catalyst_data,,0.312721,,0,0.160131,1,0.839869,,0,no_upcoming,9,tailwind,,L,sponsor_confirmed|momentum_tailwind|runway_short,financial_score:-43.1;smart_money_score:+27.6;momentum_score:+17.9,tier=C;reason=low_opt+no_catalyst_data;cat_days=NA;strength=missing;decay_w=0.0,v1.3.0,31f399e0,1,,0,,"{""burn_ttm"": 650441000.0, ""cash_total"": 382517000.0, ""dilution_risk"": null, ""has_revenue"": null, ""lead_phase"": null, ""runway_months"": 7.0570643609489565, ""stage_bucket"": ""mid"", ""surv_score"": ""-2.0"", ""tier1_count"": 11}",mid|none|pos,0.1,,0.0682,25,1,1.1558,0.7719,11,11,buying,3.1379,elite_11,0.0,0.0,0.0,,,0.0,0,0,0,True,False,True,missing,0.0,short,<=400bps,298.2,1.0,0,0,1.0,0,1.0,0,,False,no_upcoming,0.477646,price_history,,11,1.1323,price_history,,-0.040973,,63.939,0.7513,-0.105593,0.06462,mid,mid,sev2,drug_developer,morningstar,,,,0,0.8427691956645750142612664005,75.31,41.25000000000000000000000000,85,19.70,71.25000000000000000000000000,14.28168402777777777777777778,71.2489,1.1572,2.0,959,4,1.0,0.2042,1,0,0.0,0.4,0.75,rare_disease,-0.4786,uncrowded,1.0,89,0.1,0.687279,0.4882,19.21,0.40106,-0.2506
OCUL,"Ocular Therapeutix, Inc.",38,0.82,C,low_opt+no_catalyst_data,C,low_opt+no_catalyst_data,,0.630742,,0,0.22549,1,0.77451,,0,no_upcoming,9,tailwind,deep_drawdown|deep_drawdown_rel_xbi|overbought_rsi,L,sponsor_confirmed|momentum_tailwind,catalyst_score:-18.8;smart_money_score:+14.4;clinical_score:+5.8,tier=C;reason=low_opt+no_catalyst_data;cat_days=NA;strength=missing;decay_w=0.0,v1.3.0,31f399e0,1,,0,,"{""burn_ttm"": 204883000.0, ""cash_total"": 737060000.0, ""dilution_risk"": null, ""has_revenue"": null, ""lead_phase"": null, ""runway_months"": 43.169613877188446, ""stage_bucket"": ""late"", ""surv_score"": ""5.0"", ""tier1_count"": 5}",late|none|pos,0.0248237972972973,,1.0856,0,1,0.924,0.3099,5,5,buying,0.7886,elite_5,0.0,0.0,0.0,,,0.0,0,0,0,True,False,True,missing,0.0,adequate,<=1000bps,442.9,0.85,1,0,1.0,0,1.0,0,,False,no_upcoming,-0.03101,price_history,,5,1.3385,price_history,,-0.369231,,74.1944,0.7517,-0.105593,-0.263638,late,small,none,drug_developer,morningstar,,,,0,0.9,55.00,41.25000000000000000000000000,74.5,71.05,65.90604026845637583892617450,63.71428571428571428571428571,65.5934,0.9188,3.0,335,35,1.0,0.3681,1,0,0.0,0.4,0.55,ophthalmology,-0.4786,uncrowded,1.0,179,0.0248237972972973,0.369258,-0.3338,48.99,0.959364,1.7434
SPRY,"ARS Pharmaceuticals, Inc.",39,0.82,C,low_opt+no_catalyst_data,C,low_opt+no_catalyst_data,,0.337456,,0,0.218954,1,0.781046,,0,no_upcoming,9,neutral,,L,sponsor_confirmed,catalyst_score:-12.5;clinical_score:+12.5;financial_score:+2.3,tier=C;reason=low_opt+no_catalyst_data;cat_days=NA;strength=missing;decay_w=0.0,v1.3.0,31f399e0,1,,0,,"{""burn_ttm"": 127381000.0, ""cash_total"": 288209000.0, ""dilution_risk"": null, ""has_revenue"": null, ""lead_phase"": null, ""runway_months"": 27.150893775366814, ""stage_bucket"": ""mid"", ""surv_score"": ""0.0"", ""tier1_count"": 6}",mid|none|pos,0.1,,0.3544,0,1,0.9389,0.3396,6,6,selling,1.1802,elite_6,0.0,0.0,0.0,,,0.0,0,0,0,True,False,True,missing,0.0,adequate,<=1000bps,859.01,0.85,1,0,1.0,0,1.0,0,,False,no_upcoming,0.073397,price_history,,6,0.6835,price_history,,-0.259136,,40.16,0.7229,-0.105593,-0.153543,mid,small,none,drug_developer,morningstar,,,,0,0.7939506339055312464938853360,52.28,41.25000000000000000000000000,53.0,28.79,66.25000000000000000000000000,56.12500000000000000000000000,65.1798,0.9013,2.0,378,3,0.6667,0.0771,0,0,0.0,0.4,0.5,respiratory,-0.4786,uncrowded,1.0,96,0.1,0.662544,0.4194,45.31,0.89576,1.2578
ALMS,Alumis Inc.,40,0.29,C,low_opt+no_catalyst_data,C,low_opt+no_catalyst_data,,0.019435,,0,0.232026,1,0.767974,,0,no_upcoming,9,neutral,high_vol|drawdown_data_missing,S,sponsor_confirmed|runway_short|high_risk,financial_score:-36.5;smart_money_score:+27.8;clinical_score:+15.8,tier=C;reason=low_opt+no_catalyst_data;cat_days=NA;strength=missing;decay_w=0.0,v1.3.0,31f399e0,1,,0,,"{""burn_ttm"": 297616000.0, ""cash_total"": 377724000.0, ""dilution_risk"": null, ""has_revenue"": null, ""lead_phase"": null, ""runway_months"": 15.229987635073384, ""stage_bucket"": ""mid"", ""surv_score"": ""2.0"", ""tier1_count"": 7}",mid|none|pos,0.1,,0.3518,0,1,0.8847,0.2316,7,7,buying,1.5717,elite_7,0.0,0.0,0.0,,,0.0,0,0,0,True,False,True,missing,0.0,short,<=400bps,343.6,1.0,0,0,1.0,0,1.0,0,,False,no_upcoming,,,beta_missing:series_too_short,7,,,series_too_short,,no_price_series,,2.1586,-0.105593,,mid,mid,sev2,drug_developer,morningstar,,,drawdown,1,0.7516790830945558739255014327,50,41.25000000000000000000000000,77.0,10.61,65.00000000000000000000000000,12.70679012345679012345679012,63.6615,0.8373,2.0,160,3,0.6667,0.2636,0,1,0.0,0.4,0.6,autoimmune,0.6992,highly_crowded,1.0,6,0.1,0.980565,2.0656,15.19,0.238516,-0.7111
PRLD,Prelude Therapeutics Incorporated,41,0.32,C,low_opt+no_catalyst_data,C,low_opt+no_catalyst_data,,0.287986,,0,0.029412,1,0.970588,,0,no_upcoming,9,tailwind,,M,sponsor_confirmed|momentum_tailwind|runway_short|cost_haircut_>2000bps,financial_score:-41.6;clinical_score:+27.0;momentum_score:+12.4,tier=C;reason=low_opt+no_catalyst_data;cat_days=NA;strength=missing;decay_w=0.0,v1.3.0,31f399e0,1,,0,,"{""burn_ttm"": 79421000.0, ""cash_total"": 54957000.0, ""dilution_risk"": null, ""has_revenue"": null, ""lead_phase"": null, ""runway_months"": 8.303647649865905, ""stage_bucket"": ""early"", ""surv_score"": ""-2.0"", ""tier1_count"": 2}",early|none|pos,0.1,,-0.1178,0,1,1.4052,1.269,2,2,buying,-0.386,elite_2,0.0,0.0,0.0,,,0.0,0,0,0,True,False,True,missing,0.0,short,>2000bps,2020.0,0.55,1,0,1.0,0,1.0,0,,False,no_upcoming,-0.03373,price_history,,2,1.2291,price_history,,-0.312264,,69.0306,,-0.105593,-0.206671,early,micro,sev2,drug_developer,morningstar,,,,0,0.7584115138592750533049040512,62.40,41.25000000000000000000000000,61.0,90.00,77.000,8.452524959274850405638618740,76.8513,1.3934,1.0,17,9,1.0,0.3929,2,0,0.0,0.3,0.85,oncology,0.6992,highly_crowded,1.0,82,0.1,0.712014,0.5593,13.59,0.181979,-0.9078
CTNM,"Contineum Therapeutics, Inc.",42,0.41,C,low_opt+no_catalyst_data,C,low_opt+no_catalyst_data,,0.111307,,0,0.062092,1,0.937908,,0,no_upcoming,9,neutral,drawdown_data_missing,M,sponsor_confirmed|cost_haircut_<=2000bps,smart_money_score:+20.7;catalyst_score:-18.0;clinical_score:+17.1,tier=C;reason=low_opt+no_catalyst_data;cat_days=NA;strength=missing;decay_w=0.0,v1.3.0,31f399e0,1,,0,,"{""burn_ttm"": 42270000.0, ""cash_total"": 182407000.0, ""dilution_risk"": null, ""has_revenue"": null, ""lead_phase"": null, ""runway_months"": 51.783392476934, ""stage_bucket"": ""early"", ""surv_score"": ""5.0"", ""tier1_count"": 7}",early|none|pos,0.1,,-0.1466,0,1,1.3785,1.2159,7,7,buying,1.5717,elite_7,0.0,0.0,0.0,,,0.0,0,0,0,True,False,True,missing,0.0,adequate,<=2000bps,1652.63,0.7,1,0,1.0,0,1.0,0,,False,no_upcoming,,,beta_missing:series_too_short,7,,,series_too_short,,no_price_series,,0.783,-0.105593,,early,small,none,drug_developer,morningstar,,,drawdown,1,0.7312015209125475285171102662,50,41.25000000000000000000000000,80.0,43.18,76.38554216867469879518072289,48.65562500000000000000000000,74.9653,1.3139,1.0,,2,0.3333,0.0,0,0,0.0,0.4,0.6,autoimmune,0.6992,highly_crowded,1.0,32,0.1,0.888693,1.2196,44.72,0.878092,1.1655
LBRX,LB Pharmaceuticals Inc,43,0.2,C,low_opt+no_catalyst_data,C,low_opt+no_catalyst_data,,0.210247,,0,0.088235,1,0.911765,,0,no_upcoming,9,neutral,drawdown_data_missing,S,cost_haircut_<=2000bps,catalyst_score:-17.3;clinical_score:+17.1;financial_score:+8.7,tier=C;reason=low_opt+no_catalyst_data;cat_days=NA;strength=missing;decay_w=0.0,v1.3.0,31f399e0,1,,0,,"{""burn_ttm"": 17105000.0, ""cash_total"": 314479000.0, ""dilution_risk"": null, ""has_revenue"": null, ""lead_phase"": null, ""runway_months"": 220.6225080385852, ""stage_bucket"": ""early"", ""surv_score"": ""4.0"", ""tier1_count"": 0}",early|none|pos,0.1,,-0.1502,0,1,1.3472,1.1534,0,0,neutral,-1.1691,,0.0,0.0,0.0,,,0.0,0,0,0,True,False,True,missing,0.0,adequate,<=2000bps,1164.84,0.7,1,0,1.0,0,1.0,0,,False,no_upcoming,,,beta_missing:series_too_short,0,,,series_too_short,,no_price_series,,,-0.105593,,early,small,none,drug_developer,morningstar,,,drawdown,1,0.7639655165267847891410216558,50,41.25000000000000000000000000,,50,75.66265060240963855421686747,67.17500000000000000000000000,73.8448,1.2666,1.0,,1,0.0,0.0,0,0,0.0,0.3,0.6,cns,0.6992,highly_crowded,1.0,60,0.1,0.789753,0.8056,54.73,0.9947,2.5556
LCTX,"Lineage Cell Therapeutics, Inc.",44,0.32,C,low_opt+no_catalyst_data,C,low_opt+no_catalyst_data,,0.213781,,0,0.101307,1,0.898693,,0,no_upcoming,9,tailwind,,M,momentum_tailwind|cost_haircut_>2000bps,financial_score:-29.3;clinical_score:+26.4;momentum_score:+10.2,tier=C;reason=low_opt+no_catalyst_data;cat_days=NA;strength=missing;decay_w=0.0,v1.3.0,31f399e0,1,,0,,"{""burn_ttm"": 14041000.0, ""cash_total"": 40486000.0, ""dilution_risk"": null, ""has_revenue"": null, ""lead_phase"": null, ""runway_months"": 34.60095434798091, ""stage_bucket"": ""early"", ""surv_score"": ""2.0"", ""tier1_count"": 0}",early|none|pos,0.1,,-0.1516,0,1,1.3158,1.0909,0,0,neutral,-1.1691,,0.0,0.0,0.0,,,0.0,0,0,0,True,False,True,missing,0.0,adequate,>2000bps,2020.0,0.55,1,0,1.0,0,1.0,0,,False,no_upcoming,0.285104,price_history,,0,0.755,price_history,,-0.158192,,60.7714,0.5717,-0.105593,-0.052599,early,small,none,drug_developer,morningstar,,,,0,0.7569431482636722811395300478,58.67,41.25000000000000000000000000,,50,74.93975903614457831325301205,19.17361111111111111111111111,73.4719,1.2509,1.0,,2,0.3333,0.0,0,0,0.0,0.3,0.5,other,-2.363,uncrowded,1.0,61,0.1,0.786219,0.7934,39.37,0.789753,0.8056
KYMR,"Kymera Therapeutics, Inc.",45,0.97,C,low_opt+no_catalyst_data,C,low_opt+no_catalyst_data,,0.206714,,0,0.022876,1,0.977124,,0,no_upcoming,9,tailwind,,L,sponsor_confirmed|momentum_tailwind,financial_score:-37.2;clinical_score:+20.4;momentum_score:+17.9,tier=C;reason=low_opt+no_catalyst_data;cat_days=NA;strength=missing;decay_w=0.0,v1.3.0,31f399e0,1,,0,,"{""burn_ttm"": 232891000.0, ""cash_total"": 357011000.0, ""dilution_risk"": null, ""has_revenue"": null, ""lead_phase"": null, ""runway_months"": 18.39543820929104, ""stage_bucket"": ""early"", ""surv_score"": ""3.0"", ""tier1_count"": 5}",early|none|pos,0.1,,-0.1137,0,1,1.4052,1.269,5,5,buying,0.7886,elite_5,0.0,0.0,0.0,,,0.0,0,0,0,True,False,True,missing,0.0,adequate,<=400bps,334.94,1.0,0,0,1.0,0,1.0,0,,False,no_upcoming,0.214559,price_history,,5,1.6536,price_history,,-0.218576,,67.081,0.8541,-0.105593,-0.112983,early,mid,none,drug_developer,morningstar,,,,0,0.8132792814635221512012342958,74.54,41.25000000000000000000000000,71.0,10.00,77.000,19.41570297253270108546636345,76.2798,1.3693,1.0,189,4,1.0,0.0522,0,0,0.0,0.4,0.85,oncology,0.6992,crowded,1.0,59,0.1,0.793286,0.8179,39.65,0.793286,0.8179
VYGR,"Voyager Therapeutics, Inc.",46,0.53,C,low_opt,C,low_opt,,0.687279,,0,0.107843,1,0.892157,710,0,specific_days,9,tailwind,,L,catalyst_far_lift|momentum_tailwind|cost_haircut_>2000bps,momentum_score:+24.9;catalyst_score:-16.0;clinical_score:+12.7,tier=C;reason=low_opt;cat_days=710;strength=far;decay_w=0.3,v1.3.0,31f399e0,1,,0,,"{""burn_ttm"": 102204000.0, ""cash_total"": 208930000.0, ""dilution_risk"": null, ""has_revenue"": null, ""lead_phase"": null, ""runway_months"": 24.530938123752495, ""stage_bucket"": ""early"", ""surv_score"": ""5.0"", ""tier1_count"": 1}",early|far_271_540|pos,0.01927048275862069,,-0.1546,0,1,1.2845,1.0284,1,1,selling,-0.7776,elite_1,0.0,0.0,0.0,,,0.0,0,0,0,True,False,True,far,0.3,adequate,>2000bps,2020.0,0.55,1,0,1.0,0,1.0,0,710,False,specific_days,0.618021,price_history,,1,0.9571,price_history,,-0.150278,,65.6276,0.56,-0.105593,-0.044685,early,micro,none,drug_developer,morningstar,,,,0,0.8078255776807581727185603237,86.38,45.56250000000000000000000000,49.5,84.09,74.21686746987951807228915663,51.95180722891566265060240964,72.7967,1.2225,1.0,649,5,1.0,0.0018,0,0,0.0,0.4,0.6,cns,0.6992,highly_crowded,1.0,195,0.01927048275862069,0.312721,-0.4882,50.03,0.973498,1.9349
UPB,"Upstream Bio, Inc.",47,0.41,C,low_opt+no_catalyst_data,C,low_opt+no_catalyst_data,,0.379859,,0,0.127451,1,0.872549,,0,no_upcoming,9,neutral,drawdown_data_missing,M,sponsor_confirmed|cost_haircut_<=2000bps,catalyst_score:-18.7;clinical_score:+13.2;smart_money_score:+11.5,tier=C;reason=low_opt+no_catalyst_data;cat_days=NA;strength=missing;decay_w=0.0,v1.3.0,31f399e0,1,,0,,"{""burn_ttm"": 102644000.0, ""cash_total"": 372427000.0, ""dilution_risk"": null, ""has_revenue"": null, ""lead_phase"": null, ""runway_months"": 43.540041307821205, ""stage_bucket"": ""early"", ""surv_score"": ""5.0"", ""tier1_count"": 4}",early|none|pos,0.1,,-0.8457,77,1,1.2374,0.9346,4,4,buying,0.3971,elite_4,0.0,0.0,0.0,,,0.0,0,0,0,True,False,True,missing,0.0,adequate,<=2000bps,1072.05,0.7,1,0,1.0,0,1.0,0,,False,no_upcoming,,,beta_missing:series_too_short,4,,,series_too_short,,no_price_series,,0.6702,-0.105593,,early,small,none,drug_developer,morningstar,,,drawdown,1,0.7738801197357555739058629232,50,41.25000000000000000000000000,71.5,50,73.13253012048192771084337350,63.98750000000000000000000000,72.2977,1.2014,1.0,77,1,0.0,0.1761,1,0,0.0,0.4,0.5,respiratory,0.2281,moderate,1.0,108,0.1,0.620141,0.3059,54.14,0.991166,2.3725
PGEN,"Precigen, Inc.",48,0.82,C,low_opt+no_catalyst_data,C,low_opt+no_catalyst_data,,0.273852,,0,0.153595,1,0.846405,,0,no_upcoming,9,tailwind,,L,momentum_tailwind,financial_score:-40.3;clinical_score:+23.2;momentum_score:+16.7,tier=C;reason=low_opt+no_catalyst_data;cat_days=NA;strength=missing;decay_w=0.0,v1.3.0,31f399e0,1,,0,,"{""burn_ttm"": 64371000.0, ""cash_total"": 121135000.0, ""dilution_risk"": null, ""has_revenue"": null, ""lead_phase"": null, ""runway_months"": 22.581908002050614, ""stage_bucket"": ""early"", ""surv_score"": ""0.0"", ""tier1_count"": 1}",early|none|pos,0.1,,-0.1624,0,1,1.159,0.7784,1,1,buying,-0.7776,elite_1,0.0,0.0,0.0,,,0.0,0,0,0,True,False,True,missing,0.0,adequate,<=1000bps,775.44,0.85,1,0,1.0,0,1.0,0,,False,no_upcoming,-0.026604,price_history,,1,1.7554,price_history,,-0.327703,,63.4011,0.8424,-0.105593,-0.22211,early,small,sev1,drug_developer,morningstar,,,,0,0.7473850512094138156461102637,64.91,41.25000000000000000000000000,55.5,34.09,71.32530120481927710843373494,7.854444444444444444444444443,70.6051,1.1301,1.0,502,5,1.0,0.0069,0,0,0.0,0.4,0.85,oncology,0.6992,highly_crowded,1.0,78,0.1,0.726148,0.6012,27.72,0.584806,0.2142
MAZE,"Maze Therapeutics, Inc.",49,0.82,C,low_opt+no_catalyst_data,C,low_opt+no_catalyst_data,,0.227915,,0,0.186275,1,0.813725,,0,no_upcoming,9,neutral,drawdown_data_missing,L,sponsor_confirmed,catalyst_score:-15.2;clinical_score:+13.1;smart_money_score:+10.0,tier=C;reason=low_opt+no_catalyst_data;cat_days=NA;strength=missing;decay_w=0.0,v1.3.0,31f399e0,1,,0,,"{""burn_ttm"": 84210000.0, ""cash_total"": 383935000.0, ""dilution_risk"": null, ""has_revenue"": null, ""lead_phase"": null, ""runway_months"": 54.71107944424653, ""stage_bucket"": ""early"", ""surv_score"": ""5.0"", ""tier1_count"": 3}",early|none|pos,0.1,,-0.1636,0,1,1.0806,0.6222,3,3,buying,0.0055,elite_3,0.0,0.0,0.0,,,0.0,0,0,0,True,False,True,missing,0.0,adequate,<=1000bps,700.63,0.85,1,0,1.0,0,1.0,0,,False,no_upcoming,,,beta_missing:series_too_short,3,,,series_too_short,,no_price_series,,0.5761,-0.105593,,early,mid,none,drug_developer,morningstar,,,drawdown,1,0.7230626691651051426191963356,50,41.25000000000000000000000000,66.5,50,69.51807228915662650602409639,55.02409638554216867469879518,68.7502,1.0519,1.0,,1,0.0,0.0,0,0,0.0,0.6,0.5,other,-0.4786,uncrowded,1.0,65,0.1,0.772085,0.7457,44.52,0.874558,1.1482
MBX,"MBX Biosciences, Inc.",50,0.82,C,low_opt+no_catalyst_data,C,low_opt+no_catalyst_data,,0.231449,,0,0.19281,1,0.80719,,0,no_upcoming,9,neutral,drawdown_data_missing,L,sponsor_confirmed,smart_money_score:+24.2;catalyst_score:-19.6;momentum_score:-10.8,tier=C;reason=low_opt+no_catalyst_data;cat_days=NA;strength=missing;decay_w=0.0,v1.3.0,31f399e0,1,,0,,"{""burn_ttm"": 61648000.0, ""cash_total"": 391673000.0, ""dilution_risk"": null, ""has_revenue"": null, ""lead_phase"": null, ""runway_months"": 76.2405268621853, ""stage_bucket"": ""early"", ""surv_score"": ""5.0"", ""tier1_count"": 8}",early|none|pos,0.1,,-1.1387,151,1,1.0806,0.6222,8,8,buying,1.9633,elite_8,0.0,0.0,0.0,,,0.0,0,0,0,True,False,True,missing,0.0,adequate,<=1000bps,642.63,0.85,1,0,1.0,0,1.0,0,,False,no_upcoming,,,beta_missing:series_too_short,8,,,series_too_short,,no_price_series,,0.9974,-0.105593,,early,small,none,drug_developer,morningstar,,,drawdown,1,0.7385901537826401073382185984,50,41.25000000000000000000000000,85,50,69.51807228915662650602409639,58.25000000000000000000000000,68.1588,1.0269,1.0,151,1,0.0,0.071,0,0,0.0,0.4,0.5,other,0.2281,moderate,1.0,66,0.1,0.768551,0.7341,44.47,0.871025,1.1312
ARTV,"Artiva Biotherapeutics, Inc.",51,0.41,C,mod_opt+no_catalyst_data,C,mod_opt+no_catalyst_data,,0.793286,,0,0.591503,1,0.408497,,0,no_upcoming,9,neutral,drawdown_data_missing,M,sponsor_confirmed|cost_haircut_<=2000bps,smart_money_score:+15.6;financial_score:-12.6;momentum_score:+5.6,tier=C;reason=mod_opt+no_catalyst_data;cat_days=NA;strength=missing;decay_w=0.0,v1.3.0,31f399e0,1,,0,,"{""burn_ttm"": 62025000.0, ""cash_total"": 122968000.0, ""dilution_risk"": null, ""has_revenue"": null, ""lead_phase"": null, ""runway_months"": 23.790665054413545, ""stage_bucket"": ""early"", ""surv_score"": ""4.0"", ""tier1_count"": 2}",early|none|nonpos,-0.0027158562874251497,,-1.4564,589,1,-0.2497,-2.0294,2,2,neutral,-0.386,elite_2,0.0,0.0,0.0,,,0.0,0,0,0,True,False,True,missing,0.0,adequate,<=2000bps,1301.68,0.7,1,0,1.0,0,1.0,0,,False,no_upcoming,,,beta_missing:series_too_short,2,,,series_too_short,,no_price_series,,,-0.105593,,early,micro,sev1,drug_developer,morningstar,,,drawdown,1,0.7385926609266092660926609266,50,41.25000000000000000000000000,60.0,50,38.84663150594345252495927485,31.72131094659763552200770955,37.7288,-0.256,1.0,589,2,0.3333,0.0018,0,0,0.0,0.3,0.85,oncology,0.6992,highly_crowded,1.0,225,-0.0027158562874251497,0.206714,-0.8179,21.38,0.468198,-0.0798
CMPX,"Compass Therapeutics, Inc.",52,0.82,C,mod_opt+no_catalyst_data,C,mod_opt+no_catalyst_data,,0.418728,,0,0.584967,1,0.415033,,0,no_upcoming,9,tailwind,,L,momentum_tailwind,financial_score:+11.0;clinical_score:-9.1;catalyst_score:-8.2,tier=C;reason=mod_opt+no_catalyst_data;cat_days=NA;strength=missing;decay_w=0.0,v1.3.0,31f399e0,1,,0,,"{""burn_ttm"": 35889000.0, ""cash_total"": 219895000.0, ""dilution_risk"": null, ""has_revenue"": null, ""lead_phase"": null, ""runway_months"": 73.5250355262058, ""stage_bucket"": ""mid"", ""surv_score"": ""5.0"", ""tier1_count"": 0}",mid|none|nonpos,0.06757794339622641,,-0.854,353,1,-0.1863,-1.903,0,0,neutral,-1.1691,,0.0,0.0,0.0,,,0.0,0,0,0,True,False,True,missing,0.0,adequate,<=1000bps,913.08,0.85,1,0,1.0,0,1.0,0,,False,no_upcoming,0.183605,price_history,,0,0.4586,price_history,,-0.324818,,31.4413,,-0.105593,-0.219225,mid,small,none,drug_developer,morningstar,,,,0,0.8411694510739856801909307876,55.73,41.25000000000000000000000000,,34.85,40.30864197530864197530864198,60.37500000000000000000000000,39.1908,-0.1943,2.0,829,4,1.0,0.015,0,0,0.0,0.3,0.95,oncology,0.6992,highly_crowded,1.0,119,0.06757794339622641,0.581272,0.2051,27.90,0.588339,0.2233
STRO,"Sutro Biopharma, Inc.",53,0.41,C,low_opt+no_catalyst_data,C,low_opt+no_catalyst_data,,0.344523,,0,0.199346,1,0.800654,,0,no_upcoming,9,tailwind,,M,sponsor_confirmed|momentum_tailwind|runway_short|cost_haircut_<=2000bps,financial_score:-41.4;clinical_score:+20.2;smart_money_score:+19.0,tier=C;reason=low_opt+no_catalyst_data;cat_days=NA;strength=missing;decay_w=0.0,v1.3.0,31f399e0,1,,0,,"{""burn_ttm"": 150796000.0, ""cash_total"": 167594000.0, ""dilution_risk"": null, ""has_revenue"": null, ""lead_phase"": null, ""runway_months"": 13.336746332793973, ""stage_bucket"": ""early"", ""surv_score"": ""2.0"", ""tier1_count"": 3}",early|none|pos,0.1,,-1.3567,391,1,1.0023,0.4659,3,3,buying,0.0055,elite_3,0.0,0.0,0.0,,,0.0,0,0,0,True,False,True,missing,0.0,short,<=2000bps,1967.55,0.7,1,0,1.0,0,1.0,0,,False,no_upcoming,0.144943,price_history,,3,0.331,price_history,,-0.284644,,51.3457,1.0735,-0.105593,-0.179051,early,small,sev2,drug_developer,morningstar,,,,0,0.7225784997819450501526384649,55.87,41.25000000000000000000000000,66.5,61.36,67.71084337349397590361445783,6.108402777777777777777777778,66.593,0.9609,1.0,391,3,0.6667,0.0136,0,0,0.0,0.3,0.85,oncology,0.6992,highly_crowded,1.0,98,0.1,0.655477,0.4002,14.27,0.206714,-0.8179
BDTX,"Black Diamond Therapeutics, Inc.",54,0.41,C,mod_opt+no_catalyst_data,C,mod_opt+no_catalyst_data,,0.803887,,0,0.571895,1,0.428105,,0,no_upcoming,9,tailwind,overbought_rsi,M,momentum_tailwind|cost_haircut_<=2000bps,momentum_score:+29.6;catalyst_score:-14.4;clinical_score:-13.4,tier=C;reason=mod_opt+no_catalyst_data;cat_days=NA;strength=missing;decay_w=0.0,v1.3.0,31f399e0,1,,0,,"{""burn_ttm"": 0.0, ""cash_total"": 30864000.0, ""dilution_risk"": null, ""has_revenue"": null, ""lead_phase"": null, ""runway_months"": null, ""stage_bucket"": ""early"", ""surv_score"": ""5.0"", ""tier1_count"": 1}",early|none|nonpos,-0.0027158562874251497,,-1.4436,1018,1,-0.1024,-1.7357,1,1,buying,-0.7776,elite_1,0.0,0.0,0.0,,,0.0,0,0,0,True,False,True,missing,0.0,adequate,<=2000bps,1969.35,0.7,1,0,1.0,0,1.0,0,,False,no_upcoming,0.868981,price_history,,1,0.7292,price_history,,-0.308756,,78.0359,0.7908,-0.105593,-0.203163,early,micro,none,drug_developer,morningstar,,,,0,0.7487296312086975058622894905,85.19,41.25000000000000000000000000,55.5,90.00,42.24335091369494040418702924,53.97590361445783132530120482,41.1255,-0.1128,1.0,1018,2,0.3333,0.0001,0,0,0.0,0.3,0.85,oncology,0.6992,highly_crowded,1.0,228,-0.0027158562874251497,0.196113,-0.8556,32.29,0.669611,0.4388
CHRS,"Coherus Oncology, Inc.",55,0.41,C,mod_opt+no_catalyst_data,C,mod_opt+no_catalyst_data,,0.086572,,0,0.473856,1,0.526144,,0,no_upcoming,9,tailwind,,M,momentum_tailwind|cost_haircut_<=2000bps,financial_score:+13.1;catalyst_score:-12.3;clinical_score:-3.4,tier=C;reason=mod_opt+no_catalyst_data;cat_days=NA;strength=missing;decay_w=0.0,v1.3.0,31f399e0,1,,0,,"{""burn_ttm"": 118797000.0, ""cash_total"": 191663000.0, ""dilution_risk"": null, ""has_revenue"": null, ""lead_phase"": null, ""runway_months"": 18.31919011700611, ""stage_bucket"": ""late"", ""surv_score"": ""2.0"", ""tier1_count"": 1}",late|none|nonpos,0.1,,0.8387,0,1,0.2428,-1.0478,1,1,buying,-0.7776,elite_1,0.0,0.0,0.0,,,0.0,0,0,0,True,False,True,missing,0.0,adequate,<=2000bps,1725.6,0.7,1,0,1.0,0,1.0,0,,False,no_upcoming,-0.109772,price_history,,1,1.7285,price_history,,-0.349676,,53.2814,0.9928,-0.105593,-0.244083,late,micro,none,drug_developer,morningstar,,,,0,0.7863141857578151450174923823,54.29,41.25000000000000000000000000,55.5,90.00,50.20134228187919463087248322,66.71140939597315436241610738,50.8918,0.299,3.0,,12,1.0,0.5771,1,1,0.0,0.4,0.95,oncology,-0.4786,uncrowded,1.0,25,0.1,0.913428,1.3622,28.83,0.606007,0.2689
XENE,Xenon Pharmaceuticals Inc.,56,0.82,C,mod_opt+no_catalyst_data,C,mod_opt+no_catalyst_data,,0.393993,,0,0.558824,1,0.441176,,0,no_upcoming,9,neutral,,L,sponsor_confirmed,smart_money_score:+28.1;financial_score:-12.2;catalyst_score:-7.7,tier=C;reason=mod_opt+no_catalyst_data;cat_days=NA;strength=missing;decay_w=0.0,v1.3.0,31f399e0,1,,0,,"{""burn_ttm"": 197637000.0, ""cash_total"": 462268000.0, ""dilution_risk"": null, ""has_revenue"": null, ""lead_phase"": null, ""runway_months"": 28.067699874011446, ""stage_bucket"": ""late"", ""surv_score"": ""5.0"", ""tier1_count"": 8}",late|none|nonpos,0.1,,0.8344,0,1,-0.0733,-1.6778,8,8,buying,1.9633,elite_8,0.0,0.0,0.0,,,0.0,0,0,0,True,False,True,missing,0.0,adequate,<=1000bps,519.29,0.85,1,0,1.0,0,1.0,0,,False,no_upcoming,-0.0531,price_history,,8,0.7044,price_history,,-0.083877,,46.1324,0.341,-0.105593,0.021716,late,mid,none,drug_developer,morningstar,,,,0,0.8874476502082093991671624033,46.69,41.25000000000000000000000000,77.0,40.23,42.91383271023827755506508716,36.73551272360796170319979844,42.6947,-0.0466,3.0,116,12,1.0,0.8271,0,1,0.0,0.6,0.6,cns,0.6992,highly_crowded,1.0,112,0.1,0.606007,0.2689,29.92,0.616608,0.2966
NAMS,NewAmsterdam Pharma Company N.V,57,0.49,C,mod_opt+no_catalyst_data,C,mod_opt+no_catalyst_data,,0.242049,,0,0.441176,1,0.558824,,0,no_upcoming,9,headwind,,M,sponsor_confirmed|momentum_headwind,smart_money_score:+23.2;catalyst_score:-13.1;momentum_score:-10.0,tier=C;reason=mod_opt+no_catalyst_data;cat_days=NA;strength=missing;decay_w=0.0,v1.3.0,31f399e0,1,,0,,"{""burn_ttm"": 147783000.0, ""cash_total"": 636241000.0, ""dilution_risk"": null, ""has_revenue"": null, ""lead_phase"": null, ""runway_months"": 51.66285702685695, ""stage_bucket"": ""late"", ""surv_score"": ""5.0"", ""tier1_count"": 5}",late|none|nonpos,0.1,,0.2374,63,1,0.3301,-0.8737,5,5,buying,0.7886,elite_5,0.0,0.0,0.0,,,0.0,0,0,0,True,False,True,missing,0.0,adequate,<=1000bps,596.34,0.85,1,0,1.0,0,1.0,0,,False,no_upcoming,0.026406,price_history,,5,-0.1606,price_history,,-0.158333,,45.5561,0.4954,-0.105593,-0.05274,late,mid,none,drug_developer,morningstar,,,,0,0.8821962108534544585225914415,44.30,41.25000000000000000000000000,77.5,17.67,52.21476510067114093959731544,56.42857142857142857142857143,52.6713,0.374,3.0,63,4,1.0,1.0281,1,2,0.0,0.6,0.55,metabolic,0.6992,highly_crowded,1.0,69,0.1,0.757951,0.6997,38.26,0.772085,0.7457
ANNX,"Annexon, Inc.",58,0.82,C,mod_opt+no_catalyst_data,C,mod_opt+no_catalyst_data,,0.030035,,0,0.401961,1,0.598039,,0,no_upcoming,9,tailwind,,L,sponsor_confirmed|momentum_tailwind|runway_short,financial_score:-38.7;smart_money_score:+21.9;momentum_score:+19.4,tier=C;reason=mod_opt+no_catalyst_data;cat_days=NA;strength=missing;decay_w=0.0,v1.3.0,31f399e0,1,,0,,"{""burn_ttm"": 140430000.0, ""cash_total"": 139419000.0, ""dilution_risk"": null, ""has_revenue"": null, ""lead_phase"": null, ""runway_months"": 11.913608203375347, ""stage_bucket"": ""late"", ""surv_score"": ""0.0"", ""tier1_count"": 4}",late|none|nonpos,0.1,,0.8474,0,1,0.4699,-0.5952,4,4,buying,0.3971,elite_4,0.0,0.0,0.0,,,0.0,0,0,0,True,False,True,missing,0.0,short,<=1000bps,834.55,0.85,1,0,1.0,0,1.0,0,,False,no_upcoming,0.28514,price_history,,4,0.7921,price_history,,-0.16747,,67.5745,0.9497,-0.105593,-0.061877,late,small,sev2,drug_developer,morningstar,,,,0,0.8266156363211405866542012388,69.02,41.25000000000000000000000000,71.5,68.05,55.43624161073825503355704698,10.94104308390022675736961452,55.2986,0.4848,3.0,456,10,1.0,0.7302,1,1,0.0,0.4,0.55,ophthalmology,0.6992,highly_crowded,1.0,9,0.1,0.969965,1.8803,14.65,0.217314,-0.7813
TNGX,"Tango Therapeutics, Inc.",59,0.82,C,mod_opt+no_catalyst_data,C,mod_opt+no_catalyst_data,,0.938163,,0,0.545752,1,0.454248,,0,no_upcoming,9,tailwind,,L,sponsor_confirmed|momentum_tailwind,financial_score:-36.5;smart_money_score:+30.8;momentum_score:+11.8,tier=C;reason=mod_opt+no_catalyst_data;cat_days=NA;strength=missing;decay_w=0.0,v1.3.0,31f399e0,1,,0,,"{""burn_ttm"": 109168000.0, ""cash_total"": 152811000.0, ""dilution_risk"": null, ""has_revenue"": null, ""lead_phase"": null, ""runway_months"": 16.79733987981826, ""stage_bucket"": ""early"", ""surv_score"": ""2.0"", ""tier1_count"": 5}",early|none|nonpos,-0.0027158562874251497,,-1.4408,1046,1,0.018,-1.4958,5,5,buying,0.7886,elite_5,0.0,0.0,0.0,,,0.0,0,0,0,True,False,True,missing,0.0,adequate,<=1000bps,564.69,0.85,1,0,1.0,0,1.0,0,,False,no_upcoming,-0.082616,price_history,,5,0.5267,price_history,,-0.234177,,44.0367,0.8943,-0.105593,-0.128584,early,small,sev1,drug_developer,morningstar,,,,0,0.7286972743289460047673334024,58.03,41.25000000000000000000000000,77.0,50,45.01879001951581426106030547,9.640625000000000000000000000,43.901,0.0042,1.0,1046,1,0.0,0.0,0,0,0.0,0.3,0.85,oncology,0.6992,highly_crowded,1.0,266,-0.0027158562874251497,0.061837,-1.5395,20.01,0.429329,-0.1781
MLYS,"Mineralys Therapeutics, Inc.",60,0.82,C,mod_opt+no_catalyst_data,C,mod_opt+no_catalyst_data,,0.439929,,0,0.506536,1,0.493464,,0,no_upcoming,9,neutral,drawdown_data_missing,L,sponsor_confirmed,smart_money_score:+29.6;financial_score:-17.0;catalyst_score:-9.2,tier=C;reason=mod_opt+no_catalyst_data;cat_days=NA;strength=missing;decay_w=0.0,v1.3.0,31f399e0,1,,0,,"{""burn_ttm"": 104528000.0, ""cash_total"": 217597000.0, ""dilution_risk"": null, ""has_revenue"": null, ""lead_phase"": null, ""runway_months"": 24.9805219654064, ""stage_bucket"": ""mid"", ""surv_score"": ""5.0"", ""tier1_count"": 7}",mid|none|nonpos,0.06757794339622641,,-0.8612,,0,0.1265,-1.2796,7,7,buying,1.5717,elite_7,0.0,0.0,0.0,,,0.0,0,0,0,True,False,True,missing,0.0,adequate,<=1000bps,521.81,0.85,1,0,1.0,0,1.0,0,,False,no_upcoming,,,beta_missing:series_too_short,7,,,series_too_short,,no_price_series,,0.6287,-0.105593,,mid,mid,none,drug_developer,morningstar,,,drawdown,1,0.7538642380599385788414698719,50,41.25000000000000000000000000,80.0,50,47.51929012345679012345679012,33.44521604938271604938271605,46.7991,0.1264,2.0,,1,0.0,0.0,0,0,0.0,0.4,0.85,cardiovascular,0.6992,highly_crowded,1.0,125,0.06757794339622641,0.560071,0.1511,32.85,0.676678,0.4584
PCVX,"Vaxcyte, Inc.",61,0.97,C,mod_opt+no_catalyst_data,C,mod_opt+no_catalyst_data,,0.446996,,0,0.395425,1,0.604575,,0,no_upcoming,9,tailwind,,L,sponsor_confirmed|momentum_tailwind,smart_money_score:+23.6;catalyst_score:-20.2;momentum_score:+8.7,tier=C;reason=mod_opt+no_catalyst_data;cat_days=NA;strength=missing;decay_w=0.0,v1.3.0,31f399e0,1,,0,,"{""burn_ttm"": 655577000.0, ""cash_total"": 1560959000.0, ""dilution_risk"": null, ""has_revenue"": null, ""lead_phase"": null, ""runway_months"": 28.57255211821037, ""stage_bucket"": ""mid"", ""surv_score"": ""5.0"", ""tier1_count"": 8}",mid|none|nonpos,0.06757794339622641,,0.0413,26,1,0.478,-0.5789,8,8,buying,1.9633,elite_8,0.0,0.0,0.0,,,0.0,0,0,0,True,False,True,missing,0.0,adequate,<=400bps,341.6,1.0,0,0,1.0,0,1.0,0,,False,no_upcoming,0.282445,price_history,,8,0.7767,price_history,,-0.059437,,50.6542,0.4931,-0.105593,0.046156,mid,mid,none,drug_developer,morningstar,,,,0,0.7523658432708688245315161840,70.10,41.25000000000000000000000000,85,50,55.62500000000000000000000000,55.06250000000000000000000000,55.5485,0.4953,2.0,26,1,0.0,0.8052,1,1,0.0,0.3,0.5,other,-3.5407,uncrowded,1.0,127,0.06757794339622641,0.553004,0.1333,42.01,0.842756,1.0059
NUVL,"Nuvalent, Inc.",62,0.82,C,mod_opt+no_catalyst_data,C,mod_opt+no_catalyst_data,,0.888693,,0,0.486928,1,0.513072,,0,no_upcoming,9,tailwind,,L,sponsor_confirmed|momentum_tailwind,momentum_score:+26.2;catalyst_score:-20.5;clinical_score:-12.5,tier=C;reason=mod_opt+no_catalyst_data;cat_days=NA;strength=missing;decay_w=0.0,v1.3.0,31f399e0,1,,0,,"{""burn_ttm"": 275209000.0, ""cash_total"": 1371952000.0, ""dilution_risk"": null, ""has_revenue"": null, ""lead_phase"": null, ""runway_months"": 59.82153199931688, ""stage_bucket"": ""early"", ""surv_score"": ""5.0"", ""tier1_count"": 5}",early|none|nonpos,-0.0027158562874251497,,-1.4342,1776,1,0.2028,-1.1275,5,5,buying,0.7886,elite_5,0.0,0.0,0.0,,,0.0,0,0,0,True,False,True,missing,0.0,adequate,<=1000bps,435.14,0.85,1,0,1.0,0,1.0,0,,False,no_upcoming,0.418786,price_history,,5,1.2768,price_history,,-0.142936,,52.3691,0.5143,-0.105593,-0.037343,early,mid,none,drug_developer,morningstar,,,,0,0.8090419593538301198540906722,87.90,41.25000000000000000000000000,74.0,50,49.27872131094659763552200771,56.25301204819277108433734940,48.1609,0.1838,1.0,1776,2,0.3333,0.0,0,0,0.0,0.3,0.85,oncology,0.6992,highly_crowded,1.0,252,-0.0027158562874251497,0.111307,-1.2196,42.02,0.84629,1.0206
DYN,"Dyne Therapeutics, Inc.",63,0.82,C,mod_opt+no_catalyst_data,C,mod_opt+no_catalyst_data,,0.828622,,0,0.415033,1,0.584967,,0,no_upcoming,9,tailwind,,L,sponsor_confirmed|momentum_tailwind,smart_money_score:+26.0;financial_score:-25.5;catalyst_score:-12.7,tier=C;reason=mod_opt+no_catalyst_data;cat_days=NA;strength=missing;decay_w=0.0,v1.3.0,31f399e0,1,,0,,"{""burn_ttm"": 291375000.0, ""cash_total"": 573610000.0, ""dilution_risk"": null, ""has_revenue"": null, ""lead_phase"": null, ""runway_months"": 23.382986890781424, ""stage_bucket"": ""early"", ""surv_score"": ""3.0"", ""tier1_count"": 8}",early|none|nonpos,-0.0027158562874251497,,-1.4182,2354,1,0.4379,-0.659,8,8,buying,1.9633,elite_8,0.0,0.0,0.0,,,0.0,0,0,0,True,False,True,missing,0.0,adequate,<=1000bps,520.7,0.85,1,0,1.0,0,1.0,0,,False,no_upcoming,0.144255,price_history,,8,0.7055,price_history,,-0.085036,,67.9517,0.7655,-0.105593,0.020557,early,mid,sev1,drug_developer,morningstar,,,,0,0.7847121111846459298477829252,65.45,41.25000000000000000000000000,80.0,20.45,54.69879518072289156626506024,28.51905614425573781068047289,53.6415,0.4149,1.0,2354,3,0.0,0.0,0,0,0.0,0.4,0.65,rare_disease,-0.4786,uncrowded,1.0,235,-0.0027158562874251497,0.171378,-0.9487,32.17,0.662544,0.4194
CGEM,"Cullinan Therapeutics, Inc.",64,0.49,C,mod_opt+no_catalyst_data,C,mod_opt+no_catalyst_data,,0.818021,,0,0.447712,1,0.552288,,0,no_upcoming,9,headwind,,M,sponsor_confirmed|momentum_headwind,momentum_score:-10.6;clinical_score:+8.4;smart_money_score:+4.1,tier=C;reason=mod_opt+no_catalyst_data;cat_days=NA;strength=missing;decay_w=0.0,v1.3.0,31f399e0,1,,0,,"{""burn_ttm"": 137641000.0, ""cash_total"": 332596000.0, ""dilution_risk"": null, ""has_revenue"": null, ""lead_phase"": null, ""runway_months"": 28.996825073924192, ""stage_bucket"": ""early"", ""surv_score"": ""5.0"", ""tier1_count"": 4}",early|none|nonpos,-0.0027158562874251497,,-1.4216,1107,1,0.3124,-0.9089,4,4,selling,0.3971,elite_4,0.0,0.0,0.0,,,0.0,0,0,0,True,False,True,missing,0.0,adequate,<=1000bps,848.87,0.85,1,0,1.0,0,1.0,0,,False,no_upcoming,-0.225101,price_history,,4,0.8508,price_history,,-0.309987,,46.1522,1.1117,-0.105593,-0.204394,early,small,none,drug_developer,morningstar,,,,0,0.8225355447154471544715447154,32.82,41.25000000000000000000000000,47.5,38.64,51.80722891566265060240963855,43.67840277777777777777777778,50.6894,0.2904,1.0,1107,4,1.0,0.0,0,0,0.0,0.3,0.85,oncology,0.6992,highly_crowded,1.0,232,-0.0027158562874251497,0.181979,-0.9078,36.27,0.729682,0.6119
OLMA,"Olema Pharmaceuticals, Inc.",65,0.82,C,low_opt+no_catalyst_data,C,low_opt+no_catalyst_data,,0.266784,,0,0.238562,1,0.761438,,0,no_upcoming,9,tailwind,high_vol|overbought_rsi,L,sponsor_confirmed|momentum_tailwind|high_risk,financial_score:-21.7;smart_money_score:+12.8;catalyst_score:-12.4,tier=C;reason=low_opt+no_catalyst_data;cat_days=NA;strength=missing;decay_w=0.0,v1.3.0,31f399e0,1,,0,,"{""burn_ttm"": 108389000.0, ""cash_total"": 328960000.0, ""dilution_risk"": null, ""has_revenue"": null, ""lead_phase"": null, ""runway_months"": 36.41993191190988, ""stage_bucket"": ""early"", ""surv_score"": ""5.0"", ""tier1_count"": 3}",early|none|pos,0.1,,-1.3866,557,1,0.8768,0.216,3,3,buying,0.0055,elite_3,0.0,0.0,0.0,,,0.0,0,0,0,True,False,True,missing,0.0,adequate,<=1000bps,486.91,0.85,1,0,1.0,0,1.0,0,,False,no_upcoming,0.276471,price_history,,3,0.5864,price_history,,-0.337607,,81.1468,2.891,-0.105593,-0.232014,early,small,none,drug_developer,morningstar,,,,0,0.7225586214418148107754389792,63.76,41.25000000000000000000000000,66.5,15.91,64.81927710843373493975903614,31.93777777777777777777777778,63.7015,0.839,1.0,557,3,0.6667,0.0024,0,0,0.0,0.3,0.85,oncology,0.6992,highly_crowded,1.0,76,0.1,0.733216,0.6226,32.70,0.673145,0.4486
BCAX,Bicara Therapeutics Inc.,66,0.41,C,mod_opt+no_catalyst_data,C,mod_opt+no_catalyst_data,,0.800353,,0,0.421569,1,0.578431,,0,no_upcoming,9,neutral,drawdown_data_missing,M,sponsor_confirmed|cost_haircut_<=2000bps,smart_money_score:+17.1;catalyst_score:-13.2;momentum_score:-4.4,tier=C;reason=mod_opt+no_catalyst_data;cat_days=NA;strength=missing;decay_w=0.0,v1.3.0,31f399e0,1,,0,,"{""burn_ttm"": 82948000.0, ""cash_total"": 290167000.0, ""dilution_risk"": null, ""has_revenue"": null, ""lead_phase"": null, ""runway_months"": 41.9781549886676, ""stage_bucket"": ""early"", ""surv_score"": ""5.0"", ""tier1_count"": 4}",early|none|nonpos,-0.0027158562874251497,,-1.4188,1441,1,0.3908,-0.7527,4,4,buying,0.3971,elite_4,0.0,0.0,0.0,,,0.0,0,0,0,True,False,True,missing,0.0,adequate,<=2000bps,1066.54,0.7,1,0,1.0,0,1.0,0,,False,no_upcoming,,,beta_missing:series_too_short,4,,,series_too_short,,no_price_series,,0.6287,-0.105593,,early,small,none,drug_developer,morningstar,,,drawdown,1,0.7275480669836675625387636965,50,41.25000000000000000000000000,71.5,50,53.61445783132530120481927711,55.70000000000000000000000000,52.4966,0.3666,1.0,1441,1,0.0,0.0,0,0,0.0,0.3,0.85,oncology,0.6992,highly_crowded,1.0,227,-0.0027158562874251497,0.199647,-0.8429,36.46,0.740283,0.6442
JANX,"Janux Therapeutics, Inc.",67,0.82,C,mod_opt+no_catalyst_data,C,mod_opt+no_catalyst_data,,0.853357,,0,0.493464,1,0.506536,,0,no_upcoming,9,tailwind,high_vol|overbought_rsi,L,sponsor_confirmed|momentum_tailwind|high_risk,momentum_score:+21.8;catalyst_score:-19.1;clinical_score:-12.5,tier=C;reason=mod_opt+no_catalyst_data;cat_days=NA;strength=missing;decay_w=0.0,v1.3.0,31f399e0,1,,0,,"{""burn_ttm"": 53693000.0, ""cash_total"": 988993000.0, ""dilution_risk"": null, ""has_revenue"": null, ""lead_phase"": null, ""runway_months"": 221.0328348201814, ""stage_bucket"": ""early"", ""surv_score"": ""5.0"", ""tier1_count"": 7}",early|none|nonpos,-0.0027158562874251497,,-1.4359,1623,1,0.1406,-1.2514,7,7,selling,1.5717,elite_7,0.0,0.0,0.0,,,0.0,0,0,0,True,False,True,missing,0.0,adequate,<=1000bps,600.15,0.85,1,0,1.0,0,1.0,0,,False,no_upcoming,0.192022,price_history,,7,1.1411,price_history,,-0.01363,,76.3311,1.2694,-0.105593,0.091963,early,small,none,drug_developer,morningstar,,,,0,0.7309393123446561723280861640,82.11,41.25000000000000000000000000,62.0,50,47.84584119610974016548120192,68.450,46.728,0.1234,1.0,1623,1,0.0,0.0,0,0,0.0,0.3,0.85,oncology,0.6992,highly_crowded,1.0,242,-0.0027158562874251497,0.146643,-1.0509,35.15,0.719081,0.5801
NMRA,"Neumora Therapeutics, Inc.",68,0.1,C,mod_opt+no_catalyst_data,C,mod_opt+no_catalyst_data,,0.443463,,0,0.434641,1,0.565359,,0,no_upcoming,9,neutral,drawdown_data_missing,XS,runway_short|cost_haircut_<=2000bps,financial_score:-25.7;smart_money_score:+11.7;clinical_score:+9.2,tier=C;reason=mod_opt+no_catalyst_data;cat_days=NA;strength=missing;decay_w=0.0,v1.3.0,31f399e0,1,,0,,"{""burn_ttm"": 158485000.0, ""cash_total"": 171525000.0, ""dilution_risk"": null, ""has_revenue"": null, ""lead_phase"": null, ""runway_months"": 11.473010064043915, ""stage_bucket"": ""mid"", ""surv_score"": ""0.0"", ""tier1_count"": 1}",mid|none|nonpos,0.06757794339622641,,-0.8589,,0,0.3425,-0.8491,1,1,neutral,-0.7776,elite_1,0.0,0.0,0.0,,,0.0,0,0,0,True,False,True,missing,0.0,short,<=2000bps,1324.22,0.7,1,0,1.0,0,1.0,0,,False,no_upcoming,,,beta_missing:series_too_short,1,,,series_too_short,,no_price_series,,0.9459,-0.105593,,mid,small,sev2,drug_developer,morningstar,,,drawdown,1,0.7153062296459712154638092237,50,41.25000000000000000000000000,55.0,50,52.50000000000000000000000000,17.51509452160493827160493827,51.0798,0.3069,2.0,,1,0.0,0.0,0,0,0.0,0.4,0.5,other,0.6992,highly_crowded,1.0,126,0.06757794339622641,0.556537,0.1422,13.50,0.174912,-0.9349
QURE,uniQure N.V.,69,0.49,C,mod_opt+no_catalyst_data,C,mod_opt+no_catalyst_data,,0.45053,,0,0.356209,1,0.643791,,0,no_upcoming,9,neutral,high_vol,M,sponsor_confirmed|high_risk,smart_money_score:+23.4;catalyst_score:-18.3;momentum_score:-12.6,tier=C;reason=mod_opt+no_catalyst_data;cat_days=NA;strength=missing;decay_w=0.0,v1.3.0,31f399e0,1,,0,,"{""burn_ttm"": 100394000.0, ""cash_total"": 597056000.0, ""dilution_risk"": null, ""has_revenue"": null, ""lead_phase"": null, ""runway_months"": 71.36553977329322, ""stage_bucket"": ""mid"", ""surv_score"": ""5.0"", ""tier1_count"": 9}",mid|none|nonpos,0.06757794339622641,,0.3434,0,1,0.5865,-0.3628,9,9,buying,2.3548,elite_9,0.0,0.0,0.0,,,0.0,0,0,0,True,False,True,missing,0.0,adequate,<=1000bps,501.73,0.85,1,0,1.0,0,1.0,0,,False,no_upcoming,0.068359,price_history,,9,1.0772,price_history,,-0.198756,,46.934,1.3016,-0.105593,-0.093163,mid,small,none,drug_developer,morningstar,,,,0,0.8014128605094826618785770396,46.98,41.25000000000000000000000000,83.0,53.03,58.12500000000000000000000000,68.450,57.2019,0.565,2.0,,8,1.0,0.0,0,0,0.0,0.3,0.75,rare_disease,-0.4786,uncrowded,1.0,128,0.06757794339622641,0.54947,0.1243,34.16,0.701413,0.5285
ELVN,"Enliven Therapeutics, Inc.",70,0.82,C,mod_opt+no_catalyst_data,C,mod_opt+no_catalyst_data,,0.832155,,0,0.362745,1,0.637255,,0,no_upcoming,9,tailwind,high_vol,L,sponsor_confirmed|momentum_tailwind|high_risk,momentum_score:+27.4;catalyst_score:-20.7;clinical_score:-4.4,tier=C;reason=mod_opt+no_catalyst_data;cat_days=NA;strength=missing;decay_w=0.0,v1.3.0,31f399e0,1,,0,,"{""burn_ttm"": 54463000.0, ""cash_total"": 477565000.0, ""dilution_risk"": null, ""has_revenue"": null, ""lead_phase"": null, ""runway_months"": 105.22336264987239, ""stage_bucket"": ""early"", ""surv_score"": ""5.0"", ""tier1_count"": 6}",early|none|nonpos,-0.0027158562874251497,,-1.4119,1258,1,0.5633,-0.409,6,6,selling,1.1802,elite_6,0.0,0.0,0.0,,,0.0,0,0,0,True,False,True,missing,0.0,adequate,<=1000bps,575.35,0.85,1,0,1.0,0,1.0,0,,False,no_upcoming,-0.189016,price_history,,6,0.8454,price_history,,-0.215385,,44.2942,1.2673,-0.105593,-0.109792,early,small,none,drug_developer,morningstar,,,,0,0.7705896626655629139072847682,89.38,41.25000000000000000000000000,62.0,50,57.59036144578313253012048193,59.52500000000000000000000000,56.4725,0.5342,1.0,1258,2,0.3333,0.0,0,0,0.0,0.3,0.85,oncology,0.6992,highly_crowded,1.0,236,-0.0027158562874251497,0.167845,-0.9627,44.17,0.863958,1.0983
ALDX,"Aldeyra Therapeutics, Inc.",71,0.68,C,low_opt+no_catalyst_data,C,low_opt+no_catalyst_data,,0.015901,,0,0.284314,1,0.715686,,0,no_upcoming,9,tailwind,,L,sponsor_confirmed|momentum_tailwind|cost_haircut_<=2000bps,catalyst_score:-11.8;clinical_score:+8.9;smart_money_score:+8.0,tier=C;reason=low_opt+no_catalyst_data;cat_days=NA;strength=missing;decay_w=0.0,v1.3.0,31f399e0,1,,0,,"{""burn_ttm"": 28046337.0, ""cash_total"": 75297339.0, ""dilution_risk"": null, ""has_revenue"": null, ""lead_phase"": null, ""runway_months"": 25.71376390435585, ""stage_bucket"": ""late"", ""surv_score"": ""2.0"", ""tier1_count"": 2}",late|none|nonpos,0.1,,0.146,83,1,0.7493,-0.0382,2,2,buying,-0.386,elite_2,0.0,0.0,0.0,,,0.0,0,0,0,True,False,True,missing,0.0,adequate,<=2000bps,1320.43,0.7,1,0,1.0,0,1.0,0,,False,no_upcoming,0.109368,price_history,,2,0.9777,price_history,,-0.183462,,48.6683,,-0.105593,-0.077869,late,small,none,drug_developer,morningstar,,,,0,0.8101137162954279015240328253,54.20,41.25000000000000000000000000,61.0,90.00,61.87919463087248322147651007,46.70096021947873799725651579,62.3967,0.784,3.0,92,18,1.0,1.9057,1,4,0.0,0.8,0.55,ophthalmology,0.2281,moderate,1.0,5,0.1,0.984099,2.1469,30.24,0.627208,0.3245
NRIX,"Nurix Therapeutics, Inc.",72,0.25,C,mod_opt+no_catalyst_data,C,mod_opt+no_catalyst_data,,0.885159,,0,0.375817,1,0.624183,,0,no_upcoming,9,headwind,deep_drawdown|deep_drawdown_rel_xbi,S,sponsor_confirmed|momentum_headwind|runway_short,financial_score:-34.8;clinical_score:+16.3;smart_money_score:+11.2,tier=C;reason=mod_opt+no_catalyst_data;cat_days=NA;strength=missing;decay_w=0.0,v1.3.0,31f399e0,1,,0,,"{""burn_ttm"": 249465000.0, ""cash_total"": 246960000.0, ""dilution_risk"": null, ""has_revenue"": null, ""lead_phase"": null, ""runway_months"": 11.879502134567975, ""stage_bucket"": ""early"", ""surv_score"": ""0.0"", ""tier1_count"": 4}",early|none|nonpos,-0.0027158562874251497,,-1.0584,109,1,0.5006,-0.534,4,4,selling,0.3971,elite_4,0.0,0.0,0.0,,,0.0,0,0,0,True,False,True,missing,0.0,short,<=1000bps,674.93,0.85,1,0,1.0,0,1.0,0,,False,no_upcoming,-0.045882,price_history,,4,1.5667,price_history,,-0.359414,,61.9869,0.7197,-0.105593,-0.253821,early,small,sev2,drug_developer,morningstar,,,,0,0.8268661426712922810060711188,45.75,41.25000000000000000000000000,51.0,29.55,56.14457831325301204819277109,5,55.0268,0.4733,1.0,109,4,1.0,0.1008,0,0,0.0,0.3,0.85,oncology,0.6992,highly_crowded,1.0,251,-0.0027158562874251497,0.114841,-1.2012,15.82,0.256184,-0.6552
MLTX,MoonLake Immunotherapeutics,73,0.82,C,low_opt+no_catalyst_data,C,low_opt+no_catalyst_data,,0.238516,,0,0.271242,1,0.728758,,0,no_upcoming,9,tailwind,,L,sponsor_confirmed|momentum_tailwind,momentum_score:+19.3;catalyst_score:-17.8;clinical_score:+3.4,tier=C;reason=low_opt+no_catalyst_data;cat_days=NA;strength=missing;decay_w=0.0,v1.3.0,31f399e0,1,,0,,"{""burn_ttm"": 196007000.0, ""cash_total"": 334517000.0, ""dilution_risk"": null, ""has_revenue"": null, ""lead_phase"": null, ""runway_months"": 20.47990122801737, ""stage_bucket"": ""mid"", ""surv_score"": ""3.0"", ""tier1_count"": 4}",mid|none|pos,0.1,,-0.4952,109,1,0.7762,0.0155,4,4,selling,0.3971,elite_4,0.0,0.0,0.0,,,0.0,0,0,0,True,False,True,missing,0.0,adequate,<=1000bps,513.23,0.85,1,0,1.0,0,1.0,0,,False,no_upcoming,0.402542,price_history,,4,0.1419,price_history,,-0.152453,,53.5407,,-0.105593,-0.04686,mid,small,none,drug_developer,morningstar,,,,0,0.7538429142977468940829648347,78.33,41.25000000000000000000000000,56.0,50,62.50000000000000000000000000,57.18750000000000000000000000,61.5808,0.7496,2.0,109,2,0.3333,0.5528,0,1,0.0,0.4,0.5,dermatology,0.6992,crowded,1.0,68,0.1,0.761484,0.7111,32.19,0.666078,0.4291
CABA,"Cabaletta Bio, Inc.",74,0.82,C,low_opt+no_catalyst_data,C,low_opt+no_catalyst_data,,0.065371,,0,0.245098,1,0.754902,,0,no_upcoming,9,tailwind,high_vol,L,sponsor_confirmed|momentum_tailwind|high_risk,momentum_score:+37.8;financial_score:-33.4;catalyst_score:-17.5,tier=C;reason=low_opt+no_catalyst_data;cat_days=NA;strength=missing;decay_w=0.0,v1.3.0,31f399e0,1,,0,,"{""burn_ttm"": 95737000.0, ""cash_total"": 159931000.0, ""dilution_risk"": null, ""has_revenue"": null, ""lead_phase"": null, ""runway_months"": 19.747412178708867, ""stage_bucket"": ""early"", ""surv_score"": ""4.0"", ""tier1_count"": 3}",early|none|pos,0.1,,-1.3913,916,1,0.8455,0.1535,3,3,buying,0.0055,elite_3,0.0,0.0,0.0,,,0.0,0,0,0,True,False,True,missing,0.0,adequate,<=1000bps,998.61,0.85,1,0,1.0,0,1.0,0,,False,no_upcoming,4.792467,price_history,,3,1.2209,price_history,,-0.075744,,61.6708,1.3399,-0.105593,0.029849,early,small,sev1,drug_developer,morningstar,,,,0,0.7316276176653535144101181837,96.55,41.25000000000000000000000000,66.5,50,64.09638554216867469879518072,25.37506944444444444444444444,62.2786,0.779,1.0,916,2,0.3333,0.0001,0,0,0.0,0.3,0.6,autoimmune,0.6992,highly_crowded,1.0,19,0.1,0.934629,1.5112,26.19,0.556537,0.1422
ROIV,Roivant Sciences Ltd.,75,0.97,C,mod_opt+no_catalyst_data,C,mod_opt+no_catalyst_data,,0.457597,,0,0.323529,1,0.676471,,0,no_upcoming,9,tailwind,,L,sponsor_confirmed|momentum_tailwind,catalyst_score:-26.7;momentum_score:+25.8;smart_money_score:+9.6,tier=C;reason=mod_opt+no_catalyst_data;cat_days=NA;strength=missing;decay_w=0.0,v1.3.0,31f399e0,1,,0,,"{""burn_ttm"": 586531000.0, ""cash_total"": 4529978000.0, ""dilution_risk"": null, ""has_revenue"": null, ""lead_phase"": null, ""runway_months"": 92.68007317601287, ""stage_bucket"": ""mid"", ""surv_score"": ""4.0"", ""tier1_count"": 5}",mid|none|nonpos,0.06757794339622641,,0.3493,0,1,0.6407,-0.2547,5,5,buying,0.7886,elite_5,0.0,0.0,0.0,,,0.0,0,0,0,True,False,True,missing,0.0,adequate,<=400bps,227.11,1.0,0,0,1.0,0,1.0,0,,False,no_upcoming,0.901748,price_history,,5,0.6574,price_history,,-0.12024,,57.2479,0.3407,-0.105593,-0.014647,mid,large,none,drug_developer,morningstar,,,,0,0.8416273883976709079145999569,93.74,41.25000000000000000000000000,77.5,50,59.37500000000000000000000000,67.81250000000000000000000000,57.9548,0.5967,2.0,,2,0.3333,0.0,0,0,0.0,0.4,0.55,infectious_disease,0.6992,highly_crowded,1.0,130,0.06757794339622641,0.542403,0.1065,45.73,0.909894,1.3401
LXEO,"Lexeo Therapeutics, Inc.",76,0.2,C,low_opt+no_catalyst_data,C,low_opt+no_catalyst_data,,0.867491,,0,0.297386,1,0.702614,,0,no_upcoming,9,neutral,drawdown_data_missing,S,cost_haircut_<=2000bps,financial_score:-27.7;clinical_score:+16.3;smart_money_score:+10.1,tier=C;reason=low_opt+no_catalyst_data;cat_days=NA;strength=missing;decay_w=0.0,v1.3.0,31f399e0,1,,0,,"{""burn_ttm"": 78482000.0, ""cash_total"": 111914000.0, ""dilution_risk"": null, ""has_revenue"": null, ""lead_phase"": null, ""runway_months"": 17.111796335465456, ""stage_bucket"": ""early"", ""surv_score"": ""2.0"", ""tier1_count"": 1}",early|none|nonpos,-0.0027158562874251497,,-1.3942,657,1,0.7201,-0.0965,1,1,neutral,-0.7776,elite_1,0.0,0.0,0.0,,,0.0,0,0,0,True,False,True,missing,0.0,adequate,<=2000bps,1098.2,0.7,1,0,1.0,0,1.0,0,,False,no_upcoming,,,beta_missing:series_too_short,1,,,series_too_short,,no_price_series,,0.8592,-0.105593,,early,small,sev1,drug_developer,morningstar,,,drawdown,1,0.7257200304314748396913378981,50,41.25000000000000000000000000,55.0,47.73,61.20481927710843373493975904,17.18673611111111111111111111,59.737,0.6719,1.0,657,2,0.3333,0.001,0,0,0.0,0.3,0.6,cns,-0.4786,uncrowded,1.0,246,-0.0027158562874251497,0.132509,-1.1146,25.28,0.538869,0.0976
RYTM,"Rhythm Pharmaceuticals, Inc.",77,0.97,C,mod_quality+no_catalyst_data,,,C,0.641343,0.673077,1,,0,,,0,no_upcoming,9,tailwind,,L,sponsor_confirmed|momentum_tailwind,catalyst_score:-24.3;momentum_score:+15.3;financial_score:-14.0,tier=;reason=;cat_days=NA;strength=missing;decay_w=0.0,v1.3.0,31f399e0,1,,0,,"{""burn_ttm"": 90286000.0, ""cash_total"": 416052000.0, ""dilution_risk"": null, ""has_revenue"": null, ""lead_phase"": null, ""runway_months"": 54.55942228030924, ""stage_bucket"": ""late"", ""surv_score"": ""4.0"", ""tier1_count"": 9}",late|none|pos,0.0248237972972973,52.137643,1.1036,0,1,1.4049,1.4845,9,9,buying,2.3548,elite_9,0.0,0.0,0.0,,,0.0,0,0,0,True,False,True,missing,0.0,adequate,<=400bps,378.27,1.0,0,0,1.0,0,1.0,0,,False,no_upcoming,0.09379,price_history,,9,1.5336,price_history,,-0.142523,,49.2485,0.4754,-0.105593,-0.03693,late,mid,none,commercial_biotech,morningstar,,,,0,0.9,80.83,41.25000000000000000000000000,77.0,36.47,77.000,51.57142857142857142857142857,76.0837,1.361,3.0,196,17,1.0,0.5548,0,0,0.0,0.4,0.55,metabolic,0.6992,highly_crowded,1.0,182,0.0248237972972973,0.358657,-0.3621,46.98,0.931095,1.484
VRTX,Vertex Pharmaceuticals Incorporated,78,0.97,C,low_quality,,,C,0.761484,0.380769,1,,0,,650,0,specific_days,9,neutral,,L,catalyst_far_lift|sponsor_confirmed,clinical_score:+19.7;catalyst_score:-11.7;momentum_score:-9.0,tier=;reason=;cat_days=650;strength=far;decay_w=0.3,v1.3.0,31f399e0,1,,0,,"{""burn_ttm"": 0.0, ""cash_total"": 6608100000.0, ""dilution_risk"": null, ""has_revenue"": null, ""lead_phase"": null, ""runway_months"": null, ""stage_bucket"": ""late"", ""surv_score"": ""3.0"", ""tier1_count"": 3}",late|far_271_540|pos,0.008393656250000001,42.712852,1.1036,0,1,1.4049,1.4845,3,3,buying,0.0055,elite_3,0.0,0.0,0.0,,,0.0,0,0,0,True,False,True,far,0.3,adequate,<=400bps,123.8,1.0,0,0,1.0,0,1.0,0,650,False,specific_days,-0.039069,price_history,,3,0.3407,price_history,,-0.036208,,60.3377,0.2519,-0.105593,0.069385,late,large,none,commercial_biotech,morningstar,,,,0,0.9,48.24,45.56250000000000000000000000,63.0,26.82,77.000,52.61744966442953020134228188,78.3322,1.4558,3.0,55,79,1.0,2.702,5,4,0.0,0.9,0.95,oncology,0.6992,highly_crowded,1.0,216,0.008393656250000001,0.238516,-0.7111,49.07,0.962898,1.7853
REGN,"Regeneron Pharmaceuticals, Inc.",79,0.97,C,mod_quality+catalyst_far,,,C,0.779152,0.703846,1,,0,,193,0,specific_days,9,neutral,,L,catalyst_far_lift|sponsor_confirmed,clinical_score:+13.7;catalyst_score:-12.6;momentum_score:-8.6,tier=;reason=;cat_days=193;strength=far;decay_w=0.3,v1.3.0,31f399e0,1,,0,,"{""burn_ttm"": 0.0, ""cash_total"": 8605200000.0, ""dilution_risk"": null, ""has_revenue"": null, ""lead_phase"": null, ""runway_months"": null, ""stage_bucket"": ""late"", ""surv_score"": ""4.0"", ""tier1_count"": 4}",late|near_181_270|pos,-0.0008273846153846155,54.475057,1.0969,0,1,1.1851,1.2648,4,4,buying,0.3971,elite_4,0.0,0.0,0.0,,,0.0,0,0,0,True,False,True,far,0.3,adequate,<=400bps,128.53,1.0,0,0,1.0,0,1.0,0,193,False,specific_days,-0.057951,price_history,,4,0.3449,price_history,,-0.057921,,49.3183,0.388,-0.105593,0.047672,late,large,none,commercial_biotech,morningstar,,,,0,0.9,49.65,45.56250000000000000000000000,66.0,52.89,71.94630872483221476510067114,57.85234899328859060402684564,73.3738,1.2468,3.0,6,285,1.0,5.4247,8,11,0.0018,0.6,0.95,oncology,0.6992,highly_crowded,1.0,221,-0.0008273846153846155,0.220848,-0.7693,46.59,0.920495,1.4084
AXSM,"Axsome Therapeutics, Inc.",80,0.97,C,low_quality+no_catalyst_data,,,C,0.531802,0.373077,1,,0,,,0,no_upcoming,9,tailwind,,L,sponsor_confirmed|momentum_tailwind,momentum_score:+22.8;catalyst_score:-22.2;financial_score:-19.9,tier=;reason=;cat_days=NA;strength=missing;decay_w=0.0,v1.3.0,31f399e0,1,,0,,"{""burn_ttm"": 93405000.0, ""cash_total"": 322933000.0, ""dilution_risk"": null, ""has_revenue"": null, ""lead_phase"": null, ""runway_months"": 27.761023661657504, ""stage_bucket"": ""late"", ""surv_score"": ""1.0"", ""tier1_count"": 7}",late|none|pos,0.0248237972972973,42.091334,1.1036,0,1,1.3252,1.4048,7,7,buying,1.5717,elite_7,0.0,0.0,0.0,,,0.0,0,0,0,True,False,True,missing,0.0,adequate,<=400bps,308.96,1.0,0,0,1.0,0,1.0,0,,False,no_upcoming,0.738396,price_history,,7,0.3229,price_history,,-0.111515,,52.6244,0.5091,-0.105593,-0.005922,late,mid,none,commercial_biotech,morningstar,,,,0,0.9,86.28,41.25000000000000000000000000,71.0,14.95,75.16778523489932885906040268,43.56185437137818090199042579,73.8085,1.2651,3.0,420,11,1.0,0.0672,0,0,0.0,0.4,0.6,cns,0.2281,moderate,1.0,151,0.0248237972972973,0.468198,-0.0798,44.96,0.881625,1.1832
BMRN,BioMarin Pharmaceutical Inc.,81,0.97,B,high_quality+no_catalyst_data,,,B,0.538869,0.873077,1,,0,,,0,no_upcoming,9,tailwind,,L,sponsor_confirmed|momentum_tailwind,catalyst_score:-15.7;clinical_score:+10.6;momentum_score:+2.5,tier=;reason=;cat_days=NA;strength=missing;decay_w=0.0,v1.3.0,31f399e0,1,,0,,"{""burn_ttm"": 0.0, ""cash_total"": 1311679000.0, ""dilution_risk"": null, ""has_revenue"": null, ""lead_phase"": null, ""runway_months"": null, ""stage_bucket"": ""late"", ""surv_score"": ""3.0"", ""tier1_count"": 3}",late|none|pos,0.0248237972972973,65.504181,1.0905,0,1,0.9925,1.1016,3,3,neutral,0.0055,elite_3,0.0,0.0,0.0,,,0.0,0,0,0,True,False,True,missing,0.0,adequate,<=400bps,260.52,1.0,0,0,1.0,0,1.0,0,,False,no_upcoming,0.17506,price_history,,3,0.5282,price_history,,-0.02483,,59.5252,0.4294,-0.105593,0.080763,late,large,none,commercial_biotech,morningstar,,,,0,0.9,59.50,41.25000000000000000000000000,57.5,77.22,67.51677852348993288590604027,59.06040268456375838926174497,68.5181,1.0421,3.0,7,99,1.0,1.9191,1,2,0.0,0.6,0.75,rare_disease,0.6992,highly_crowded,1.0,153,0.0248237972972973,0.461131,-0.0976,46.09,0.913428,1.3622
ALKS,Alkermes plc,82,0.82,B,high_quality+no_catalyst_data,,,B,0.489399,0.888462,1,,0,,,0,no_upcoming,9,tailwind,,L,sponsor_confirmed|momentum_tailwind,catalyst_score:-18.4;clinical_score:+17.4;smart_money_score:+8.4,tier=;reason=;cat_days=NA;strength=missing;decay_w=0.0,v1.3.0,31f399e0,1,,0,,"{""burn_ttm"": 0.0, ""cash_total"": 388570000.0, ""dilution_risk"": null, ""has_revenue"": null, ""lead_phase"": null, ""runway_months"": null, ""stage_bucket"": ""late"", ""surv_score"": ""2.0"", ""tier1_count"": 6}",late|none|pos,0.0248237972972973,65.947929,1.1036,0,1,1.1112,1.0,6,6,buying,1.1802,elite_6,0.0,0.0,0.0,,,0.0,0,0,0,True,False,True,missing,0.0,adequate,<=1000bps,422.31,0.85,1,0,1.0,0,1.0,0,,False,no_upcoming,0.190007,price_history,,6,0.5046,price_history,,-0.130217,,59.6605,0.3674,-0.105593,-0.024624,late,mid,none,commercial_pharma,morningstar,,,,0,0.9,56.21,41.25000000000000000000000000,68.0,84.67,77.000,55.71428571428571428571428571,76.4029,1.3745,3.0,229,53,1.0,0.325,0,0,0.0,0.5,0.5,respiratory,-0.4786,uncrowded,1.0,139,0.0248237972972973,0.510601,0.0266,51.00,0.984099,2.1469
JAZZ,Jazz Pharmaceuticals plc,83,0.97,B,mod_quality+catalyst_near,,,B,0.987633,0.826923,1,,0,,40,1,specific_days,9,neutral,,L,sponsor_confirmed,catalyst_score:-19.4;smart_money_score:+16.2;clinical_score:+8.5,tier=;reason=;cat_days=40;strength=near;decay_w=1.0,v1.3.0,31f399e0,1,,0,,"{""burn_ttm"": 0.0, ""cash_total"": 1391899000.0, ""dilution_risk"": null, ""has_revenue"": null, ""lead_phase"": null, ""runway_months"": null, ""stage_bucket"": ""late"", ""surv_score"": ""1.0"", ""tier1_count"": 6}",late|near_31_90|pos,-0.021518142857142854,61.985805,1.0866,0,1,0.94,1.0502,6,6,buying,1.1802,elite_6,0.0,0.0,0.0,,,0.0,0,0,0,True,False,True,near,1.0,adequate,<=400bps,227.35,1.0,0,0,1.0,0,1.0,0,40,True,specific_days,0.111557,price_history,,6,0.5072,price_history,,-0.06771,,53.5028,0.4687,-0.105593,0.037883,late,large,none,commercial_biotech,morningstar,,,,0,0.9,49.90,38.38890000000000000000000000,74.0,71.10,66.30872483221476510067114094,60.26845637583892617449664430,67.6409,1.0051,3.0,21,164,1.0,3.5689,4,5,0.0,0.6,0.95,oncology,0.6992,highly_crowded,1.0,280,-0.021518142857142854,0.012367,-2.2455,45.28,0.888693,1.2196
SRPT,"Sarepta Therapeutics, Inc.",84,0.82,B,high_quality+no_catalyst_data,,,B,0.64841,0.95,1,,0,,,0,no_upcoming,9,tailwind,,L,sponsor_confirmed|momentum_tailwind,catalyst_score:-17.7;financial_score:+6.4;smart_money_score:+6.1,tier=;reason=;cat_days=NA;strength=missing;decay_w=0.0,v1.3.0,31f399e0,1,,0,,"{""burn_ttm"": 336685000.0, ""cash_total"": 850993000.0, ""dilution_risk"": null, ""has_revenue"": null, ""lead_phase"": null, ""runway_months"": 28.848768719225042, ""stage_bucket"": ""late"", ""surv_score"": ""0.0"", ""tier1_count"": 3}",late|none|pos,0.0248237972972973,72.666,1.0774,0,1,0.8524,0.9645,3,3,neutral,0.0055,elite_3,0.0,0.0,0.0,,,0.0,0,0,0,True,False,True,missing,0.0,adequate,<=1000bps,463.86,0.85,1,0,1.0,0,1.0,0,,False,no_upcoming,0.111196,price_history,,3,0.6105,price_history,,-0.014455,,60.4317,1.0694,-0.105593,0.091138,late,small,none,commercial_biotech,morningstar,,,,0,0.8614266186156331552131229029,58.83,41.25000000000000000000000000,65.0,90.00,64.29530201342281879194630873,65.33333333333333333333333334,64.7341,0.8825,3.0,95,22,1.0,0.9052,0,0,0.0,0.8,0.75,rare_disease,0.6992,highly_crowded,1.0,184,0.0248237972972973,0.35159,-0.381,37.39,0.757951,0.6997
CAI,"Caris Life Sciences, Inc.",85,0.82,C,low_quality,,,C,0.980565,0.45,1,,0,,40,1,specific_days,9,neutral,drawdown_data_missing,L,sponsor_confirmed,catalyst_score:-19.7;clinical_score:+12.2;momentum_score:-8.1,tier=;reason=;cat_days=40;strength=near;decay_w=1.0,v1.3.0,31f399e0,1,,0,,"{""burn_ttm"": 0.0, ""cash_total"": 755493000.0, ""dilution_risk"": null, ""has_revenue"": null, ""lead_phase"": null, ""runway_months"": null, ""stage_bucket"": ""late"", ""surv_score"": ""-1.0"", ""tier1_count"": 3}",late|near_31_90|pos,-0.021518142857142854,44.936929,1.0954,0,1,1.1151,1.1948,3,3,buying,0.0055,elite_3,0.0,0.0,0.0,,,0.0,0,0,0,True,False,True,near,1.0,adequate,<=1000bps,447.67,0.85,1,0,1.0,0,1.0,0,40,True,specific_days,,,beta_missing:series_too_short,3,,,series_too_short,,no_price_series,,0.5606,-0.105593,,late,mid,none,commercial_biotech,morningstar,,,drawdown,1,0.9,50,38.38890000000000000000000000,66.0,15.33,70.33557046979865771812080537,65.71428571428571428571428571,72.0177,1.1896,3.0,66,576,1.0,4.3011,5,7,0.0,0.5,0.95,oncology,-0.4786,uncrowded,1.0,278,-0.021518142857142854,0.019435,-2.0656,52.53,0.987633,2.2455
INDV,Indivior PLC,86,0.97,C,low_quality+no_catalyst_data,,,C,0.588339,0.511538,1,,0,,,0,no_upcoming,9,tailwind,overbought_rsi,L,momentum_tailwind,catalyst_score:-18.9;clinical_score:+16.9;momentum_score:+11.2,tier=;reason=;cat_days=NA;strength=missing;decay_w=0.0,v1.3.0,31f399e0,1,,0,,"{""burn_ttm"": 0.0, ""cash_total"": 445000000.0, ""dilution_risk"": null, ""has_revenue"": null, ""lead_phase"": null, ""runway_months"": null, ""stage_bucket"": ""late"", ""surv_score"": ""3.0"", ""tier1_count"": 1}",late|none|pos,0.0248237972972973,45.976643,1.1036,0,1,1.1112,1.0525,1,1,neutral,-0.7776,elite_1,0.0,0.0,0.0,,,0.0,0,0,0,True,False,True,missing,0.0,adequate,<=400bps,364.37,1.0,0,0,1.0,0,1.0,0,,False,no_upcoming,0.845482,price_history,,1,-3.463,price_history,,0.0,,75.4813,0.4169,-0.105593,0.105593,late,mid,none,commercial_pharma,morningstar,,,,0,0.9,71.27,41.25000000000000000000000000,52.5,15.33,77.000,58.57142857142857142857142857,75.9431,1.3551,3.0,,34,1.0,0.0627,0,0,0.0,0.8,0.55,infectious_disease,0.2281,moderate,1.0,167,0.0248237972972973,0.411661,-0.2233,48.82,0.952297,1.6675
NBIX,"Neurocrine Biosciences, Inc.",87,0.97,C,mod_quality+no_catalyst_data,,,C,0.623675,0.719231,1,,0,,,0,no_upcoming,9,neutral,,L,sponsor_confirmed,smart_money_score:+23.8;catalyst_score:-17.9;clinical_score:+12.3,tier=;reason=;cat_days=NA;strength=missing;decay_w=0.0,v1.3.0,31f399e0,1,,0,,"{""burn_ttm"": 0.0, ""cash_total"": 713000000.0, ""dilution_risk"": null, ""has_revenue"": null, ""lead_phase"": null, ""runway_months"": null, ""stage_bucket"": ""late"", ""surv_score"": ""3.0"", ""tier1_count"": 8}",late|none|pos,0.0248237972972973,55.46056,1.0966,0,1,0.8904,0.8168,8,8,buying,1.9633,elite_8,0.0,0.0,0.0,,,0.0,0,0,0,True,False,True,missing,0.0,adequate,<=400bps,265.05,1.0,0,0,1.0,0,1.0,0,,False,no_upcoming,-0.039005,price_history,,8,0.4644,price_history,,-0.123564,,42.0318,0.3467,-0.105593,-0.017971,late,large,none,commercial_pharma,morningstar,,,,0,0.9,47.18,41.25000000000000000000000000,83.0,63.33,71.54362416107382550335570470,53.02013422818791946308724832,72.5258,1.211,3.0,49,35,1.0,2.5897,2,4,0.0,0.8,0.6,cns,-0.4786,uncrowded,1.0,177,0.0248237972972973,0.376325,-0.3151,47.72,0.938163,1.5395
AMGN,Amgen Inc.,88,0.58,C,low_quality,,,C,0.962898,0.534615,1,,0,,16,1,specific_days,9,neutral,,M,,clinical_score:+19.9;catalyst_score:-10.9;momentum_score:-6.7,tier=;reason=;cat_days=16;strength=near;decay_w=1.0,v1.3.0,31f399e0,1,,0,,"{""burn_ttm"": 0.0, ""cash_total"": 9129000000.0, ""dilution_risk"": null, ""has_revenue"": null, ""lead_phase"": null, ""runway_months"": null, ""stage_bucket"": ""late"", ""surv_score"": ""1.0"", ""tier1_count"": 1}",late|near_0_30|pos,-0.006428807692307692,46.687436,1.1002,0,1,0.9556,0.8864,1,1,neutral,-0.7776,elite_1,0.0,0.0,0.0,,,0.0,0,0,0,True,False,True,near,1.0,adequate,<=400bps,100.2,1.0,0,0,1.0,0,1.0,0,16,True,specific_days,-0.005591,price_history,,1,0.1833,price_history,,-0.093495,,41.2855,0.2777,-0.105593,0.012098,late,large,none,commercial_pharma,morningstar,,,,0,0.9,46.58,42.41062400000000000000000000,52.5,40.16,73.15436241610738255033557047,51.81208053691275167785234899,74.4865,1.2937,3.0,11,544,1.0,3.0123,19,19,0.0,0.8,0.95,oncology,0.6992,highly_crowded,1.0,273,-0.006428807692307692,0.037102,-1.7853,44.10,0.860424,1.0822
INCY,Incyte Corporation,89,0.97,C,mod_quality+catalyst_far,,,C,0.750883,0.696154,1,,0,,314,0,specific_days,9,neutral,,L,catalyst_far_lift|sponsor_confirmed,catalyst_score:-11.5;financial_score:+9.2;momentum_score:-5.4,tier=;reason=;cat_days=314;strength=far;decay_w=0.3,v1.3.0,31f399e0,1,,0,,"{""burn_ttm"": 0.0, ""cash_total"": 3097817000.0, ""dilution_risk"": null, ""has_revenue"": null, ""lead_phase"": null, ""runway_months"": null, ""stage_bucket"": ""late"", ""surv_score"": ""5.0"", ""tier1_count"": 3}",late|far_271_540|pos,0.008393656250000001,53.836926,1.0693,0,1,0.7298,0.8097,3,3,buying,0.0055,elite_3,0.0,0.0,0.0,,,0.0,0,0,0,True,False,True,far,0.3,adequate,<=400bps,225.9,1.0,0,0,1.0,0,1.0,0,314,False,specific_days,0.125615,price_history,,3,0.207,price_history,,-0.010819,,61.9904,0.3319,-0.105593,0.094774,late,large,none,commercial_biotech,morningstar,,,,0,0.9,51.67,45.56250000000000000000000000,60.5,39.04,61.47651006711409395973154362,66.30872483221476510067114094,63.3123,0.8226,3.0,27,230,1.0,4.2711,9,11,0.0029,0.7,0.95,oncology,-0.4786,uncrowded,1.0,213,0.008393656250000001,0.249117,-0.6773,50.80,0.980565,2.0656
TECH,Bio-Techne Corporation,90,0.29,C,low_quality,,,C,0.772085,0.126923,1,,0,,132,0,specific_days,9,headwind,,S,momentum_headwind,financial_score:-30.9;clinical_score:+22.9;smart_money_score:+9.7,tier=;reason=;cat_days=132;strength=mid;decay_w=0.7,v1.3.0,31f399e0,1,,0,,"{""burn_ttm"": 0.0, ""cash_total"": 172879000.0, ""dilution_risk"": null, ""has_revenue"": null, ""lead_phase"": null, ""runway_months"": null, ""stage_bucket"": ""late"", ""surv_score"": ""3.0"", ""tier1_count"": 1}",late|near_91_180|pos,0.000335037037037037,29.863722,1.0939,0,1,1.045,1.1248,1,1,buying,-0.7776,elite_1,0.0,0.0,0.0,,,0.0,0,0,0,True,False,True,mid,0.7,adequate,<=400bps,284.71,1.0,0,0,1.0,0,1.0,0,132,False,specific_days,0.086507,price_history,,1,0.5799,price_history,,-0.273319,,47.297,0.3925,-0.105593,-0.167726,late,mid,none,commercial_biotech,morningstar,,,,0,0.9,44.50,45.56250000000000000000000000,55.5,40.69,68.72483221476510067114093960,14.93827160493827160493827160,70.6347,1.1313,3.0,26,726,1.0,4.4967,8,9,0.0043,0.9,0.95,oncology,-0.4786,uncrowded,1.0,219,0.000335037037037037,0.227915,-0.7457,34.06,0.69788,0.5183
ESPR,"Esperion Therapeutics, Inc.",91,0.25,C,low_quality+no_catalyst_data,,,C,0.560071,0.165385,1,,0,,,0,no_upcoming,9,headwind,,S,momentum_headwind,financial_score:-31.2;clinical_score:+30.1;smart_money_score:+8.6,tier=;reason=;cat_days=NA;strength=missing;decay_w=0.0,v1.3.0,31f399e0,1,,0,,"{""burn_ttm"": 58336000.0, ""cash_total"": 92447000.0, ""dilution_risk"": null, ""has_revenue"": null, ""lead_phase"": null, ""runway_months"": 19.01679923203511, ""stage_bucket"": ""late"", ""surv_score"": ""1.0"", ""tier1_count"": 1}",late|none|pos,0.0248237972972973,31.826273,1.1036,0,1,1.1112,1.0525,1,1,buying,-0.7776,elite_1,0.0,0.0,0.0,,,0.0,0,0,0,True,False,True,missing,0.0,adequate,<=1000bps,798.17,0.85,1,0,1.0,0,1.0,0,,False,no_upcoming,-0.225807,price_history,,1,0.4951,price_history,,-0.202103,,53.4154,0.7805,-0.105593,-0.09651,late,small,sev1,commercial_pharma,morningstar,,,,0,0.8279689456548960681192086151,45.25,41.25000000000000000000000000,55.5,44.85,77.000,15.73060664595056129447663839,75.5798,1.3398,3.0,132,8,1.0,0.0,0,0,0.0,0.4,0.55,metabolic,0.6992,highly_crowded,1.0,159,0.0248237972972973,0.439929,-0.1511,23.61,0.507067,0.0177
ACAD,ACADIA Pharmaceuticals Inc.,92,0.82,C,low_quality+no_catalyst_data,,,C,0.478799,0.334615,1,,0,,,0,no_upcoming,9,tailwind,overbought_rsi,L,sponsor_confirmed|momentum_tailwind,financial_score:-23.2;smart_money_score:+16.5;catalyst_score:-13.2,tier=;reason=;cat_days=NA;strength=missing;decay_w=0.0,v1.3.0,31f399e0,1,,0,,"{""burn_ttm"": 0.0, ""cash_total"": 177695000.0, ""dilution_risk"": null, ""has_revenue"": null, ""lead_phase"": null, ""runway_months"": null, ""stage_bucket"": ""late"", ""surv_score"": ""3.0"", ""tier1_count"": 7}",late|none|pos,0.0248237972972973,41.056056,1.0828,0,1,0.8874,0.9673,7,7,buying,1.5717,elite_7,0.0,0.0,0.0,,,0.0,0,0,0,True,False,True,missing,0.0,adequate,<=1000bps,531.5,0.85,1,0,1.0,0,1.0,0,,False,no_upcoming,0.131177,price_history,,7,1.0735,price_history,,-0.296364,,72.9576,0.3548,-0.105593,-0.190771,late,mid,none,commercial_biotech,morningstar,,,,0,0.9,63.83,41.25000000000000000000000000,71.0,40.67,65.10067114093959731543624161,31.23456790123456790123456790,65.0328,0.8951,3.0,105,18,1.0,1.4838,0,3,0.0,0.6,0.6,cns,0.6992,highly_crowded,1.0,136,0.0248237972972973,0.521201,0.0532,40.13,0.803887,0.8556
HRMY,"Harmony Biosciences Holdings, I",93,0.49,B,high_quality+no_catalyst_data,,,B,0.581272,0.957692,1,,0,,,0,no_upcoming,9,headwind,,M,sponsor_confirmed|momentum_headwind,financial_score:+22.3;catalyst_score:-12.7;momentum_score:-12.5,tier=;reason=;cat_days=NA;strength=missing;decay_w=0.0,v1.3.0,31f399e0,1,,0,,"{""burn_ttm"": 0.0, ""cash_total"": 775340000.0, ""dilution_risk"": null, ""has_revenue"": null, ""lead_phase"": null, ""runway_months"": null, ""stage_bucket"": ""late"", ""surv_score"": ""2.0"", ""tier1_count"": 3}",late|none|pos,0.0248237972972973,74.067714,-0.0554,231,1,0.5021,0.6218,3,3,selling,0.0055,elite_3,0.0,0.0,0.0,,,0.0,0,0,0,True,False,True,missing,0.0,adequate,<=1000bps,643.37,0.85,1,0,1.0,0,1.0,0,,False,no_upcoming,-0.103916,price_history,,3,0.5933,price_history,,-0.187326,,40.2296,0.3158,-0.105593,-0.081733,late,small,none,commercial_biotech,morningstar,,,,0,0.9,41.41,41.25000000000000000000000000,54.5,90.00,56.24161073825503355704697986,76.19047619047619047619047619,55.6587,0.4999,3.0,231,7,1.0,0.3348,0,0,0.0,0.6,0.6,autoimmune,-0.4786,uncrowded,1.0,165,0.0248237972972973,0.418728,-0.2051,49.58,0.969965,1.8803
GILD,"Gilead Sciences, Inc.",94,0.97,C,low_quality,,,C,0.969965,0.503846,1,,0,,12,1,specific_days,9,tailwind,,L,sponsor_confirmed|momentum_tailwind,clinical_score:+12.9;catalyst_score:-11.0;financial_score:-10.2,tier=;reason=;cat_days=12;strength=near;decay_w=1.0,v1.3.0,31f399e0,1,,0,,"{""burn_ttm"": 0.0, ""cash_total"": 68000000.0, ""dilution_risk"": null, ""has_revenue"": null, ""lead_phase"": null, ""runway_months"": null, ""stage_bucket"": ""late"", ""surv_score"": ""1.0"", ""tier1_count"": 2}",late|near_0_30|pos,-0.006428807692307692,45.687857,1.0923,0,1,0.7437,0.6602,2,2,buying,-0.386,elite_2,0.0,0.0,0.0,,,0.0,0,0,0,True,False,True,near,1.0,adequate,<=400bps,101.32,1.0,0,0,1.0,0,1.0,0,12,True,specific_days,0.176088,price_history,,2,0.3406,price_history,,-0.064508,,40.8316,0.2352,-0.105593,0.041085,late,large,none,commercial_pharma,morningstar,,,,0,0.8434765813616610333172380493,60.38,44.00714711111111111111111111,58.0,38.37,67.91946308724832214765100671,44.84968144578072058816169442,69.6016,1.0878,3.0,10,541,1.0,6.3011,7,7,0.0,0.8,0.95,oncology,-0.4786,uncrowded,1.0,275,-0.006428807692307692,0.030035,-1.8803,32.99,0.683746,0.4782
UTHR,United Therapeutics Corporation,95,0.97,C,mod_quality+no_catalyst_data,,,C,0.662544,0.834615,1,,0,,,0,no_upcoming,9,neutral,,L,sponsor_confirmed,smart_money_score:+18.1;catalyst_score:-17.6;momentum_score:-6.4,tier=;reason=;cat_days=NA;strength=missing;decay_w=0.0,v1.3.0,31f399e0,1,,0,,"{""burn_ttm"": 0.0, ""cash_total"": 2920300000.0, ""dilution_risk"": null, ""has_revenue"": null, ""lead_phase"": null, ""runway_months"": null, ""stage_bucket"": ""late"", ""surv_score"": ""3.0"", ""tier1_count"": 7}",late|none|pos,0.0248237972972973,63.413721,1.0754,0,1,0.5318,0.434,7,7,buying,1.5717,elite_7,0.0,0.0,0.0,,,0.0,0,0,0,True,False,True,missing,0.0,adequate,<=400bps,229.51,1.0,0,0,1.0,0,1.0,0,,False,no_upcoming,0.171357,price_history,,7,0.0645,price_history,,-0.06679,,40.3522,0.2791,-0.105593,0.038803,late,large,none,commercial_pharma,morningstar,,,,0,0.9,52.48,41.25000000000000000000000000,77.0,72.67,62.68456375838926174496644296,61.07382550335570469798657718,64.0167,0.8523,3.0,82,79,1.0,1.4931,2,2,0.0,0.5,0.95,oncology,0.6992,highly_crowded,1.0,188,0.0248237972972973,0.337456,-0.4194,46.32,0.916961,1.3849
SUPN,"Supernus Pharmaceuticals, Inc.",96,0.82,C,low_quality,,,C,0.757951,0.05,1,,0,,1440,0,specific_days,9,tailwind,,L,catalyst_far_lift|sponsor_confirmed|momentum_tailwind,financial_score:-30.8;clinical_score:+22.6;momentum_score:+7.9,tier=;reason=;cat_days=1440;strength=far;decay_w=0.3,v1.3.0,31f399e0,1,,0,,"{""burn_ttm"": 0.0, ""cash_total"": 151371000.0, ""dilution_risk"": null, ""has_revenue"": null, ""lead_phase"": null, ""runway_months"": null, ""stage_bucket"": ""late"", ""surv_score"": ""1.0"", ""tier1_count"": 2}",late|far_271_540|pos,0.008393656250000001,25.675582,1.0983,0,1,0.9393,0.869,2,2,neutral,-0.386,elite_2,0.0,0.0,0.0,,,0.0,0,0,0,True,False,True,far,0.3,adequate,<=1000bps,505.15,0.85,1,0,1.0,0,1.0,0,1440,False,specific_days,0.140261,price_history,,2,0.4535,price_history,,-0.001734,,68.4796,0.4534,-0.105593,0.103859,late,mid,none,commercial_pharma,morningstar,,,,0,0.9,58.03,45.56250000000000000000000000,55.0,15.33,72.75167785234899328859060403,19.34240362811791383219954649,72.9059,1.2271,3.0,101,37,1.0,1.6434,1,3,0.0,0.4,0.6,cns,0.6992,highly_crowded,1.0,215,0.008393656250000001,0.242049,-0.6997,34.70,0.708481,0.549
PBYI,Puma Biotechnology Inc,97,0.32,B,high_quality+no_catalyst_data,,,B,0.634276,0.996154,1,,0,,,0,no_upcoming,9,tailwind,,M,momentum_tailwind|cost_haircut_>2000bps,momentum_score:+26.0;catalyst_score:-19.5;clinical_score:-9.7,tier=;reason=;cat_days=NA;strength=missing;decay_w=0.0,v1.3.0,31f399e0,1,,0,,"{""burn_ttm"": 0.0, ""cash_total"": 94388000.0, ""dilution_risk"": null, ""has_revenue"": null, ""lead_phase"": null, ""runway_months"": null, ""stage_bucket"": ""late"", ""surv_score"": ""1.0"", ""tier1_count"": 1}",late|none|pos,0.0248237972972973,79.497883,0.8391,0,1,0.2744,0.399,1,1,buying,-0.7776,elite_1,0.0,0.0,0.0,,,0.0,0,0,0,True,False,True,missing,0.0,adequate,>2000bps,2020.0,0.55,1,0,1.0,0,1.0,0,,False,no_upcoming,0.889977,price_history,,1,0.5228,price_history,,-0.137795,,48.4999,0.7739,-0.105593,-0.032202,late,micro,none,commercial_biotech,morningstar,,,,0,0.8365058935788055680287382128,86.78,41.25000000000000000000000000,55.5,88.67,51.00671140939597315436241611,69.12751677852348993288590604,52.1552,0.3522,3.0,528,17,1.0,0.9259,1,1,0.0,0.5,0.95,oncology,0.6992,highly_crowded,1.0,180,0.0248237972972973,0.365724,-0.3432,34.60,0.704947,0.5387
ANAB,"AnaptysBio, Inc.",98,0.49,C,low_quality,,,C,0.026502,0.088462,1,,0,,58,1,specific_days,9,headwind,,M,sponsor_confirmed|momentum_headwind,financial_score:-29.0;smart_money_score:+21.6;clinical_score:+20.1,tier=;reason=;cat_days=58;strength=near;decay_w=1.0,v1.3.0,31f399e0,1,,0,,"{""burn_ttm"": 78300000.0, ""cash_total"": 109833000.0, ""dilution_risk"": null, ""has_revenue"": null, ""lead_phase"": null, ""runway_months"": 16.83264367816092, ""stage_bucket"": ""mid"", ""surv_score"": ""2.0"", ""tier1_count"": 5}",mid|near_31_90|pos,0.1,29.080001,0.3587,0,1,1.1005,1.1802,5,5,buying,0.7886,elite_5,0.0,0.0,0.0,,,0.0,0,0,0,True,False,True,near,1.0,adequate,<=1000bps,634.48,0.85,1,0,1.0,0,1.0,0,58,True,specific_days,-0.153056,price_history,,5,0.6812,price_history,,-0.230769,,45.1357,0.5912,-0.105593,-0.125176,mid,small,sev1,commercial_biotech,morningstar,,,,0,0.8316715246636771300448430493,42.78,44.23827600000000000000000000,71.5,31.82,70.00000000000000000000000000,20.86000192901234567901234568,69.6978,1.0918,2.0,58,6,1.0,0.6167,1,1,0.0,0.4,0.5,dermatology,0.6992,highly_crowded,1.0,8,0.1,0.973498,1.9349,33.80,0.694346,0.5082
KNSA,"Kiniksa Pharmaceuticals, Ltd.",99,0.82,C,mod_quality+no_catalyst_data,,,C,0.606007,0.711538,1,,0,,,0,no_upcoming,9,tailwind,,L,sponsor_confirmed|momentum_tailwind,catalyst_score:-15.0;smart_money_score:+4.8;clinical_score:+4.0,tier=;reason=;cat_days=NA;strength=missing;decay_w=0.0,v1.3.0,31f399e0,1,,0,,"{""burn_ttm"": 0.0, ""cash_total"": 414074000.0, ""dilution_risk"": null, ""has_revenue"": null, ""lead_phase"": null, ""runway_months"": null, ""stage_bucket"": ""late"", ""surv_score"": ""3.0"", ""tier1_count"": 2}",late|none|pos,0.0248237972972973,55.2995,0.8566,0,1,0.434,0.3296,2,2,buying,-0.386,elite_2,0.0,0.0,0.0,,,0.0,0,0,0,True,False,True,missing,0.0,adequate,<=1000bps,643.76,0.85,1,0,1.0,0,1.0,0,,False,no_upcoming,0.101091,price_history,,2,0.4836,price_history,,-0.175953,,41.2937,0.3477,-0.105593,-0.07036,late,mid,none,commercial_pharma,morningstar,,,,0,0.8893374043062200956937799043,58.67,41.25000000000000000000000000,61.0,47.33,60.26845637583892617449664430,60.00000000000000000000000000,59.1982,0.6492,3.0,,9,1.0,0.2061,0,0,0.0,0.4,0.6,autoimmune,-0.4786,uncrowded,1.0,172,0.0248237972972973,0.393993,-0.2689,48.20,0.94523,1.6003
GERN,Geron Corporation,100,0.82,C,low_quality+no_catalyst_data,,,C,0.570671,0.434615,1,,0,,,0,no_upcoming,9,tailwind,,L,sponsor_confirmed|momentum_tailwind|runway_short,financial_score:-41.8;momentum_score:+32.7;clinical_score:+7.5,tier=;reason=;cat_days=NA;strength=missing;decay_w=0.0,v1.3.0,31f399e0,1,,0,,"{""burn_ttm"": 88970000.0, ""cash_total"": 78117000.0, ""dilution_risk"": null, ""has_revenue"": null, ""lead_phase"": null, ""runway_months"": 10.53618073507924, ""stage_bucket"": ""late"", ""surv_score"": ""-2.0"", ""tier1_count"": 2}",late|none|pos,0.0248237972972973,44.282172,0.8462,0,1,0.4321,0.5122,2,2,selling,-0.386,elite_2,0.0,0.0,0.0,,,0.0,0,0,0,True,False,True,missing,0.0,short,<=1000bps,710.6,0.85,1,0,1.0,0,1.0,0,,False,no_upcoming,0.288519,price_history,,2,1.02,price_history,,-0.033333,,63.4447,0.5659,-0.105593,0.07226,late,small,sev2,commercial_biotech,morningstar,,,,0,0.8500595354808590102707749767,79.84,41.25000000000000000000000000,54.5,74.06,54.63087248322147651006711409,5.318160185885053609921334789,53.9716,0.4288,3.0,1988,15,1.0,0.1092,0,0,0.0,0.4,0.95,oncology,0.2281,moderate,1.0,162,0.0248237972972973,0.429329,-0.1781,7.06,0.033569,-1.8308
APLS,"Apellis Pharmaceuticals, Inc.",101,0.49,C,low_quality+no_catalyst_data,,,C,0.514134,0.480769,1,,0,,,0,no_upcoming,9,headwind,,M,sponsor_confirmed|momentum_headwind,financial_score:+16.0;smart_money_score:+15.6;momentum_score:-15.5,tier=;reason=;cat_days=NA;strength=missing;decay_w=0.0,v1.3.0,31f399e0,1,,0,,"{""burn_ttm"": 0.0, ""cash_total"": 466233000.0, ""dilution_risk"": null, ""has_revenue"": null, ""lead_phase"": null, ""runway_months"": null, ""stage_bucket"": ""late"", ""surv_score"": ""3.0"", ""tier1_count"": 6}",late|none|pos,0.0248237972972973,45.492357,0.8436,0,1,0.3795,0.4596,6,6,buying,1.1802,elite_6,0.0,0.0,0.0,,,0.0,0,0,0,True,False,True,missing,0.0,adequate,<=1000bps,418.5,0.85,1,0,1.0,0,1.0,0,,False,no_upcoming,-0.197827,price_history,,6,0.8146,price_history,,-0.242027,,54.6837,0.7133,-0.105593,-0.136434,late,mid,none,commercial_biotech,morningstar,,,,0,0.8657613165769000598444045482,39.92,41.25000000000000000000000000,71.0,15.33,53.42281879194630872483221477,71.42857142857142857142857143,54.1026,0.4343,3.0,38,12,1.0,1.4732,2,2,0.0,0.4,0.55,infectious_disease,-0.4786,uncrowded,1.0,146,0.0248237972972973,0.485866,-0.0354,38.01,0.765018,0.7225
ADMA,ADMA Biologics Inc,102,0.82,C,low_quality+no_catalyst_data,,,C,0.485866,0.034615,1,,0,,,0,no_upcoming,9,tailwind,,L,sponsor_confirmed|momentum_tailwind,financial_score:-33.1;momentum_score:+22.2;clinical_score:+12.4,tier=;reason=;cat_days=NA;strength=missing;decay_w=0.0,v1.3.0,31f399e0,1,,0,,"{""burn_ttm"": 0.0, ""cash_total"": 87630000.0, ""dilution_risk"": null, ""has_revenue"": null, ""lead_phase"": null, ""runway_months"": null, ""stage_bucket"": ""late"", ""surv_score"": ""-1.0"", ""tier1_count"": 2}",late|none|pos,0.0248237972972973,24.740806,-0.1429,,0,0.5897,0.6697,2,2,selling,-0.386,elite_2,0.0,0.0,0.0,,,0.0,0,0,0,True,False,True,missing,0.0,adequate,<=1000bps,517.31,0.85,1,0,1.0,0,1.0,0,,False,no_upcoming,0.156411,price_history,,2,1.4698,price_history,,-0.097938,,50.1052,0.4754,-0.105593,0.007655,late,mid,none,commercial_biotech,morningstar,,,,0,0.9,68.05,41.25000000000000000000000000,49.0,15.33,58.25503355704697986577181208,12.81179138321995464852607710,57.4872,0.577,3.0,,7,1.0,0.0,0,0,0.0,0.5,0.55,infectious_disease,-0.4786,uncrowded,1.0,138,0.0248237972972973,0.514134,0.0354,28.44,0.602473,0.2598
ARQT,"Arcutis Biotherapeutics, Inc.",103,0.49,C,low_quality+no_catalyst_data,,,C,0.521201,0.073077,1,,0,,,0,no_upcoming,9,headwind,deep_drawdown|deep_drawdown_rel_xbi,M,sponsor_confirmed|momentum_headwind,financial_score:-22.9;smart_money_score:+21.0;clinical_score:+12.1,tier=;reason=;cat_days=NA;strength=missing;decay_w=0.0,v1.3.0,31f399e0,1,,0,,"{""burn_ttm"": 5625000.0, ""cash_total"": 42907000.0, ""dilution_risk"": null, ""has_revenue"": null, ""lead_phase"": null, ""runway_months"": 89.4016, ""stage_bucket"": ""late"", ""surv_score"": ""-2.0"", ""tier1_count"": 4}",late|none|pos,0.0248237972972973,27.200735,0.85,0,1,0.5371,0.6172,4,4,buying,0.3971,elite_4,0.0,0.0,0.0,,,0.0,0,0,0,True,False,True,missing,0.0,adequate,<=1000bps,482.23,0.85,1,0,1.0,0,1.0,0,,False,no_upcoming,-0.073245,price_history,,4,0.4592,price_history,,-0.397403,,58.6078,0.727,-0.105593,-0.29181,late,mid,none,commercial_biotech,morningstar,,,,0,0.8793965971722981068775461299,38.51,41.25000000000000000000000000,66.0,27.32,57.04697986577181208053691275,22.08163265306122448979591837,55.9451,0.512,3.0,102,7,1.0,0.7011,0,1,0.0,0.3,0.5,dermatology,0.6992,highly_crowded,1.0,148,0.0248237972972973,0.478799,-0.0532,31.74,0.64841,0.381
MRNA,"Moderna, Inc.",104,0.97,C,low_quality+no_catalyst_data,,,C,0.620141,0.342308,1,,0,,,0,no_upcoming,9,tailwind,,L,sponsor_confirmed|momentum_tailwind,financial_score:-24.8;momentum_score:+15.4;smart_money_score:+9.9,tier=;reason=;cat_days=NA;strength=missing;decay_w=0.0,v1.3.0,31f399e0,1,,0,,"{""burn_ttm"": 1873000000.0, ""cash_total"": 2595000000.0, ""dilution_risk"": null, ""has_revenue"": null, ""lead_phase"": null, ""runway_months"": 16.625734116390817, ""stage_bucket"": ""late"", ""surv_score"": ""2.0"", ""tier1_count"": 3}",late|none|pos,0.0248237972972973,41.07873,0.8419,0,1,0.3445,0.4246,3,3,selling,0.0055,elite_3,0.0,0.0,0.0,,,0.0,0,0,0,True,False,True,missing,0.0,adequate,<=400bps,132.16,1.0,0,0,1.0,0,1.0,0,,False,no_upcoming,0.388835,price_history,,3,0.6404,price_history,,-0.076462,,55.7831,0.6347,-0.105593,0.029131,late,large,sev1,commercial_biotech,morningstar,,,,0,0.8803362629060690002518257366,62.53,41.25000000000000000000000000,57.0,52.94,52.61744966442953020134228188,22.31940002702580964821404441,53.6472,0.4151,3.0,62,37,1.0,1.8343,2,3,0.0,0.4,0.95,oncology,0.6992,highly_crowded,1.0,176,0.0248237972972973,0.379859,-0.3059,26.06,0.54947,0.1243
INSM,Insmed Incorporated,105,0.97,C,low_quality+no_catalyst_data,,,C,0.591873,0.057692,1,,0,,,0,no_upcoming,9,neutral,,L,sponsor_confirmed,smart_money_score:+26.4;financial_score:-22.5;catalyst_score:-9.3,tier=;reason=;cat_days=NA;strength=missing;decay_w=0.0,v1.3.0,31f399e0,1,,0,,"{""burn_ttm"": 935014000.0, ""cash_total"": 1430047000.0, ""dilution_risk"": null, ""has_revenue"": null, ""lead_phase"": null, ""runway_months"": 16.84374990798079, ""stage_bucket"": ""late"", ""surv_score"": ""-1.0"", ""tier1_count"": 14}",late|none|pos,0.0248237972972973,26.408164,0.8465,0,1,0.4496,0.5297,14,14,buying,4.3126,elite_14,0.0,0.0,0.0,,,0.0,0,0,0,True,False,True,missing,0.0,adequate,<=400bps,156.57,1.0,0,0,1.0,0,1.0,0,,False,no_upcoming,0.130908,price_history,,14,0.8909,price_history,,-0.259837,,60.2418,0.5709,-0.105593,-0.154244,late,large,none,commercial_biotech,morningstar,,,,0,0.8952944094001236858379715523,51.50,41.25000000000000000000000000,77.0,10.00,55.03355704697986577181208054,28.01814232592125479833240745,55.1855,0.48,3.0,109,20,1.0,0.9299,1,1,0.0,0.4,0.5,respiratory,0.6992,highly_crowded,1.0,168,0.0248237972972973,0.408127,-0.2324,30.53,0.630742,0.3338
KROS,"Keros Therapeutics, Inc.",106,0.68,B,high_quality+no_catalyst_data,,,B,0.85689,0.980769,1,,0,,,0,no_upcoming,9,tailwind,,L,sponsor_confirmed|momentum_tailwind|cost_haircut_<=2000bps,clinical_score:-37.9;financial_score:+22.6;smart_money_score:+14.6,tier=;reason=;cat_days=NA;strength=missing;decay_w=0.0,v1.3.0,31f399e0,1,,0,,"{""burn_ttm"": 0.0, ""cash_total"": 693472000.0, ""dilution_risk"": null, ""has_revenue"": null, ""lead_phase"": null, ""runway_months"": null, ""stage_bucket"": ""early"", ""surv_score"": ""5.0"", ""tier1_count"": 4}",early|none|nonpos,-0.0027158562874251497,77.256,-1.6149,,0,-1.3569,-1.1974,4,4,buying,0.3971,elite_4,0.0,0.0,0.0,,,0.0,0,0,0,True,False,True,missing,0.0,adequate,<=2000bps,1232.31,0.7,1,0,1.0,0,1.0,0,,False,no_upcoming,0.044525,price_history,,4,1.0374,price_history,,-0.245973,,57.8152,0.4961,-0.105593,-0.14038,early,small,sev1,commercial_biotech,morningstar,,,,0,0.7353643793706293706293706294,62.28,41.25000000000000000000000000,66.0,90.00,13.49800809664360252253995903,74.00000000000000000000000000,12.098,-1.3365,,,,,0.0,0,0,,0.0,0.5,other,-0.4786,uncrowded,1.0,243,-0.0027158562874251497,0.14311,-1.0665,22.31,0.496466,-0.0089
PTCT,"PTC Therapeutics, Inc.",107,0.97,B,high_quality+no_catalyst_data,,,B,0.298587,0.973077,1,,0,,,0,no_upcoming,9,neutral,overbought_rsi,L,sponsor_confirmed,financial_score:+21.2;clinical_score:-20.0;smart_money_score:+15.7,tier=;reason=;cat_days=NA;strength=missing;decay_w=0.0,v1.3.0,31f399e0,1,,0,,"{""burn_ttm"": 0.0, ""cash_total"": 1945371000.0, ""dilution_risk"": null, ""has_revenue"": null, ""lead_phase"": null, ""runway_months"": null, ""stage_bucket"": ""late"", ""surv_score"": ""3.0"", ""tier1_count"": 5}",late|none|nonpos,0.1,74.4755,0.8257,0,1,-0.3876,-0.2488,5,5,buying,0.7886,elite_5,0.0,0.0,0.0,,,0.0,0,0,0,True,False,True,missing,0.0,adequate,<=400bps,343.08,1.0,0,0,1.0,0,1.0,0,,False,no_upcoming,-0.009853,price_history,,5,0.5152,price_history,,-0.128673,,71.1659,0.3495,-0.105593,-0.02308,late,mid,none,commercial_biotech,morningstar,,,,0,0.8992198090692124105011933174,53.30,41.25000000000000000000000000,71.5,83.33,35.78582546331746818211391879,77.000,37.2944,-0.2743,3.0,73,39,1.0,3.0264,3,4,0.0139,0.4,0.95,oncology,0.2281,moderate,1.0,85,0.1,0.701413,0.5285,35.65,0.726148,0.6012
ANIP,"ANI Pharmaceuticals, Inc.",108,0.82,C,mod_quality+no_catalyst_data,,,C,0.507067,0.757692,1,,0,,,0,no_upcoming,9,tailwind,,L,sponsor_confirmed|momentum_tailwind,catalyst_score:-10.2;smart_money_score:+6.6;momentum_score:+3.6,tier=;reason=;cat_days=NA;strength=missing;decay_w=0.0,v1.3.0,31f399e0,1,,0,,"{""burn_ttm"": 0.0, ""cash_total"": 262610000.0, ""dilution_risk"": null, ""has_revenue"": null, ""lead_phase"": null, ""runway_months"": null, ""stage_bucket"": ""late"", ""surv_score"": ""1.0"", ""tier1_count"": 2}",late|none|pos,0.0248237972972973,57.574688,-0.1515,1258,1,0.1731,0.0512,2,2,buying,-0.386,elite_2,0.0,0.0,0.0,,,0.0,0,0,0,True,False,True,missing,0.0,adequate,<=1000bps,562.25,0.85,1,0,1.0,0,1.0,0,,False,no_upcoming,0.062297,price_history,,2,0.6994,price_history,,-0.043914,,54.9439,0.3545,-0.105593,0.061679,late,small,none,commercial_pharma,morningstar,,,,0,0.9,55.01,41.25000000000000000000000000,58.0,70.00,53.82550335570469798657718121,49.05041852131799221746311694,52.3577,0.3608,3.0,1258,9,1.0,0.0,0,0,0.0,0.3,0.55,ophthalmology,-0.4786,uncrowded,1.0,144,0.0248237972972973,0.492933,-0.0177,41.91,0.839223,0.9913
RGNX,REGENXBIO Inc.,109,0.1,B,high_quality+no_catalyst_data,,,B,0.309187,0.926923,1,,0,,,0,no_upcoming,9,headwind,,XS,momentum_headwind|cost_haircut_<=2000bps,clinical_score:-28.6;financial_score:+22.9;smart_money_score:+11.9,tier=;reason=;cat_days=NA;strength=missing;decay_w=0.0,v1.3.0,31f399e0,1,,0,,"{""burn_ttm"": 71673000.0, ""cash_total"": 274205000.0, ""dilution_risk"": null, ""has_revenue"": null, ""lead_phase"": null, ""runway_months"": 45.90933824452723, ""stage_bucket"": ""late"", ""surv_score"": ""5.0"", ""tier1_count"": 1}",late|none|nonpos,0.1,68.322429,0.3587,40,1,-1.2899,-1.1318,1,1,buying,-0.7776,elite_1,0.0,0.0,0.0,,,0.0,0,0,0,True,False,True,missing,0.0,adequate,<=2000bps,1127.96,0.7,1,0,1.0,0,1.0,0,,False,no_upcoming,-0.094097,price_history,,1,1.2001,price_history,,-0.343607,,50.414,0.6963,-0.105593,-0.238014,late,small,none,commercial_biotech,morningstar,,,,0,0.8029201877934272300469483568,39.91,41.25000000000000000000000000,55.5,86.84,15.03941263907031214810143687,66.54761904761904761904761905,14.021,-1.2555,3.0,1350,14,1.0,0.3549,1,0,0.0,0.3,0.55,ophthalmology,0.2281,moderate,1.0,88,0.1,0.690813,0.4982,20.68,0.446996,-0.1333
IMCR,Immunocore Holdings plc,110,0.82,B,high_quality+no_catalyst_data,,,B,0.167845,0.919231,1,,0,,,0,no_upcoming,9,neutral,,L,sponsor_confirmed,clinical_score:-44.6;smart_money_score:+30.4;financial_score:+18.8,tier=;reason=;cat_days=NA;strength=missing;decay_w=0.0,v1.3.0,31f399e0,1,,0,,"{""burn_ttm"": 10712000.0, ""cash_total"": 864153000.0, ""dilution_risk"": null, ""has_revenue"": null, ""lead_phase"": null, ""runway_months"": 453.2667191188041, ""stage_bucket"": ""late"", ""surv_score"": ""4.0"", ""tier1_count"": 6}",late|none|nonpos,0.1,67.303,-0.2219,150,1,-1.7265,-1.5591,6,6,buying,1.1802,elite_6,0.0,0.0,0.0,,,0.0,0,0,0,True,False,True,missing,0.0,adequate,<=1000bps,888.71,0.85,1,0,1.0,0,1.0,0,,False,no_upcoming,0.056657,price_history,,6,0.5387,price_history,,-0.096189,,51.8114,0.4195,-0.105593,0.009404,late,small,none,commercial_biotech,morningstar,,,,0,0.8953852743690669136374160685,53.51,41.25000000000000000000000000,80.0,73.71,5,68.450,3.8822,-1.6829,3.0,1867,8,1.0,0.1035,0,0,0.0,0.3,0.95,oncology,0.6992,highly_crowded,1.0,48,0.1,0.832155,0.9627,19.53,0.415194,-0.2142
MDGL,"Madrigal Pharmaceuticals, Inc.",111,0.97,C,low_quality+no_catalyst_data,,,C,0.609541,0.196154,1,,0,,,0,no_upcoming,9,tailwind,overbought_rsi,L,sponsor_confirmed|momentum_tailwind,financial_score:-45.9;momentum_score:+41.5;smart_money_score:+21.9,tier=;reason=;cat_days=NA;strength=missing;decay_w=0.0,v1.3.0,31f399e0,1,,0,,"{""burn_ttm"": 189553000.0, ""cash_total"": 198693000.0, ""dilution_risk"": null, ""has_revenue"": null, ""lead_phase"": null, ""runway_months"": 12.363577910292975, ""stage_bucket"": ""late"", ""surv_score"": ""-3.0"", ""tier1_count"": 6}",late|none|pos,0.0248237972972973,32.656766,0.8406,0,1,0.2919,0.3721,6,6,buying,1.1802,elite_6,0.0,0.0,0.0,,,0.0,0,0,0,True,False,True,missing,0.0,adequate,<=400bps,264.79,1.0,0,0,1.0,0,1.0,0,,False,no_upcoming,3.501353,price_history,,6,-0.9487,price_history,,0.0,,74.7396,0.4350,-0.105593,0.105593,late,mid,sev1,commercial_biotech,morningstar,,,,0,0.8946691657741282875163632036,96.55,41.25000000000000000000000000,77.0,26.29,51.40939597315436241610738255,9.211703199798437893675988909,49.9892,0.2609,3.0,1136,3,0.6667,0.0001,0,0,0.0,0.4,0.55,metabolic,0.6992,highly_crowded,1.0,173,0.0248237972972973,0.390459,-0.2781,20.36,0.432862,-0.1691
CRMD,CorMedix Inc.,112,0.82,C,mod_quality+no_catalyst_data,,,C,0.10424,0.819231,1,,0,,,0,no_upcoming,9,tailwind,deep_drawdown|deep_drawdown_rel_xbi,L,sponsor_confirmed|momentum_tailwind,clinical_score:-33.1;smart_money_score:+18.2;momentum_score:+15.8,tier=;reason=;cat_days=NA;strength=missing;decay_w=0.0,v1.3.0,31f399e0,1,,0,,"{""burn_ttm"": 0.0, ""cash_total"": 55716811.0, ""dilution_risk"": null, ""has_revenue"": null, ""lead_phase"": null, ""runway_months"": null, ""stage_bucket"": ""late"", ""surv_score"": ""1.0"", ""tier1_count"": 2}",late|none|nonpos,0.1,61.841228,0.7775,0,1,-1.5205,-1.4393,2,2,buying,-0.386,elite_2,0.0,0.0,0.0,,,0.0,0,0,0,True,False,True,missing,0.0,adequate,<=1000bps,707.46,0.85,1,0,1.0,0,1.0,0,,False,no_upcoming,0.422968,price_history,,2,0.9908,price_history,,-0.397606,,62.0564,0.8522,-0.105593,-0.292013,late,small,none,commercial_biotech,morningstar,,,,0,0.7657396728257031893609509239,58.57,41.25000000000000000000000000,61.0,87.33,9.736948786090716634385838470,43.47050754458161865569272976,8.6667,-1.4812,3.0,,3,0.6667,0.0,0,0,0.0,0.4,0.55,infectious_disease,-2.1274,uncrowded,1.0,30,0.1,0.89576,1.2578,16.99,0.316254,-0.4782
MIRM,"Mirum Pharmaceuticals, Inc.",113,0.58,C,low_quality+no_catalyst_data,,,C,0.613074,0.226923,1,,0,,,0,no_upcoming,9,headwind,,M,sponsor_confirmed|momentum_headwind,smart_money_score:+16.6;catalyst_score:-8.7;momentum_score:-8.6,tier=;reason=;cat_days=NA;strength=missing;decay_w=0.0,v1.3.0,31f399e0,1,,0,,"{""burn_ttm"": 0.0, ""cash_total"": 383327000.0, ""dilution_risk"": null, ""has_revenue"": null, ""lead_phase"": null, ""runway_months"": null, ""stage_bucket"": ""late"", ""surv_score"": ""3.0"", ""tier1_count"": 3}",late|none|pos,0.0248237972972973,36.1315,0.8389,0,1,0.2569,0.3371,3,3,buying,0.0055,elite_3,0.0,0.0,0.0,,,0.0,0,0,0,True,False,True,missing,0.0,adequate,<=400bps,372.43,1.0,0,0,1.0,0,1.0,0,,False,no_upcoming,-0.038419,price_history,,3,0.9209,price_history,,-0.278193,,57.2873,0.4303,-0.105593,-0.1726,late,mid,none,commercial_biotech,morningstar,,,,0,0.8998543564001434205808533525,41.33,41.25000000000000000000000000,66.5,15.33,50.60402684563758389261744967,50,50.0835,0.2649,3.0,174,16,1.0,0.4521,0,1,0.0,0.4,0.75,rare_disease,0.6992,highly_crowded,1.0,174,0.0248237972972973,0.386926,-0.2873,36.65,0.743816,0.6552
IDYA,"IDEAYA Biosciences, Inc.",114,0.82,C,mod_quality+no_catalyst_data,,,C,0.160777,0.603846,1,,0,,,0,no_upcoming,9,neutral,,L,sponsor_confirmed,catalyst_score:-14.6;financial_score:+12.1;smart_money_score:+9.2,tier=;reason=;cat_days=NA;strength=missing;decay_w=0.0,v1.3.0,31f399e0,1,,0,,"{""burn_ttm"": 71098000.0, ""cash_total"": 639388000.0, ""dilution_risk"": null, ""has_revenue"": null, ""lead_phase"": null, ""runway_months"": 107.9166221272047, ""stage_bucket"": ""early"", ""surv_score"": ""5.0"", ""tier1_count"": 6}",early|none|pos,0.1,49.54397,-1.4213,1441,1,0.3407,0.4208,6,6,neutral,1.1802,elite_6,0.0,0.0,0.0,,,0.0,0,0,0,True,False,True,missing,0.0,adequate,<=1000bps,591.25,0.85,1,0,1.0,0,1.0,0,,False,no_upcoming,0.034436,price_history,,6,0.5151,price_history,,-0.058227,,50.9206,0.3864,-0.105593,0.047366,early,mid,none,commercial_biotech,morningstar,,,,0,0.7999981252756947507719453022,52.48,41.25000000000000000000000000,65.0,24.23,52.53012048192771084337349398,67.92771084337349397590361446,51.4123,0.3209,1.0,1441,2,0.3333,0.0,0,0,0.0,0.3,0.85,oncology,0.6992,highly_crowded,1.0,46,0.1,0.839223,0.9913,42.28,0.853357,1.0509
DAWN,"Day One Biopharmaceuticals, Inc.",115,0.82,C,mod_quality+no_catalyst_data,,,C,0.114841,0.734615,1,,0,,,0,no_upcoming,9,tailwind,,L,momentum_tailwind,clinical_score:-38.0;financial_score:+22.4;momentum_score:+11.3,tier=;reason=;cat_days=NA;strength=missing;decay_w=0.0,v1.3.0,31f399e0,1,,0,,"{""burn_ttm"": 103757000.0, ""cash_total"": 441113000.0, ""dilution_risk"": null, ""has_revenue"": null, ""lead_phase"": null, ""runway_months"": 51.01685669400619, ""stage_bucket"": ""late"", ""surv_score"": ""4.0"", ""tier1_count"": 1}",late|none|nonpos,0.1,55.8165,-0.4264,535,1,-1.5942,-1.513,1,1,neutral,-0.7776,elite_1,0.0,0.0,0.0,,,0.0,0,0,0,True,False,True,missing,0.0,adequate,<=1000bps,612.55,0.85,1,0,1.0,0,1.0,0,,False,no_upcoming,0.024825,price_history,,1,1.0571,price_history,,-0.154309,,55.9693,0.8040,-0.105593,-0.048716,late,small,none,commercial_biotech,morningstar,,,,0,0.8368762205092268161644475590,57.31,41.25000000000000000000000000,55.0,38.72,8.041529660826088914913742626,68.450,7.3415,-1.5371,3.0,1108,5,1.0,0.0118,0,0,0.2,0.3,0.95,oncology,0.6992,highly_crowded,1.0,33,0.1,0.885159,1.2012,17.37,0.337456,-0.4194
RPRX,Royalty Pharma plc,116,0.29,C,mod_quality+no_catalyst_data,,,C,0.920495,0.680769,1,,0,,,0,no_upcoming,9,headwind,,S,momentum_headwind,clinical_score:-27.1;smart_money_score:+11.9;catalyst_score:+9.4,tier=;reason=;cat_days=NA;strength=missing;decay_w=0.0,v1.3.0,31f399e0,1,,0,,"{""burn_ttm"": 0.0, ""cash_total"": 618696000.0, ""dilution_risk"": null, ""has_revenue"": null, ""lead_phase"": null, ""runway_months"": null, ""stage_bucket"": ""early"", ""surv_score"": ""3.0"", ""tier1_count"": 1}",early|none|nonpos,-0.0027158562874251497,52.632629,-1.6149,,0,-1.3569,-1.2758,1,1,neutral,-0.7776,elite_1,0.0,0.0,0.0,,,0.0,0,0,0,True,False,True,missing,0.0,adequate,<=400bps,240.28,1.0,0,0,1.0,0,1.0,0,,False,no_upcoming,-0.090245,price_history,,1,0.2137,price_history,,-0.13401,,34.9436,0.257,-0.105593,-0.028417,early,large,sev1,commercial_biotech,morningstar,,,,0,0.7531851085832471561530506722,39.31,50,52.5,66.40,13.49800809664360252253995903,47.84584119610974016548120192,13.673,-1.2701,,,,,,,,,,,,-1.6563,unknown,1.0,261,-0.0027158562874251497,0.079505,-1.4084,16.57,0.291519,-0.549
ZLAB,Zai Lab Limited,117,0.82,C,mod_quality+catalyst_far,,,C,0.729682,0.634615,1,,0,,344,0,specific_days,9,tailwind,,L,catalyst_far_lift|sponsor_confirmed|momentum_tailwind,momentum_score:+26.3;clinical_score:-25.6;financial_score:+14.2,tier=;reason=;cat_days=344;strength=far;decay_w=0.3,v1.3.0,31f399e0,1,,0,,"{""burn_ttm"": 150789000.0, ""cash_total"": 689573000.0, ""dilution_risk"": null, ""has_revenue"": null, ""lead_phase"": null, ""runway_months"": 54.87718600163142, ""stage_bucket"": ""late"", ""surv_score"": ""4.0"", ""tier1_count"": 3}",late|far_271_540|nonpos,0.01480362015503876,50.4045,0.819,0,1,-0.6969,-0.6162,3,3,selling,0.0055,elite_3,0.0,0.0,0.0,,,0.0,0,0,0,True,False,True,far,0.3,adequate,<=1000bps,827.45,0.85,1,0,1.0,0,1.0,0,344,False,specific_days,0.874025,price_history,,3,0.9258,price_history,,-0.232597,,61.9639,0.3972,-0.105593,-0.127004,late,mid,none,commercial_biotech,morningstar,,,,0,0.8666717678100263852242744063,80.51,45.56250000000000000000000000,48.0,10.00,28.67303274627269041935047971,68.450,28.0664,-0.6633,3.0,344,23,1.0,0.2856,0,0,0.0,0.4,0.95,oncology,0.6992,highly_crowded,1.0,207,0.01480362015503876,0.270318,-0.6119,23.18,0.503534,0.0089
VTRS,Viatris Inc.,118,0.97,C,mod_quality+no_catalyst_data,,,C,0.95583,0.626923,1,,0,,,0,no_upcoming,9,tailwind,,L,sponsor_confirmed|momentum_tailwind,clinical_score:-33.1;smart_money_score:+13.9;momentum_score:+10.5,tier=;reason=;cat_days=NA;strength=missing;decay_w=0.0,v1.3.0,31f399e0,1,,0,,"{""burn_ttm"": 0.0, ""cash_total"": 975300000.0, ""dilution_risk"": null, ""has_revenue"": null, ""lead_phase"": null, ""runway_months"": null, ""stage_bucket"": ""early"", ""surv_score"": ""-1.0"", ""tier1_count"": 2}",early|none|nonpos,-0.0027158562874251497,49.854753,-1.6149,,0,-1.4593,-1.6913,2,2,buying,-0.386,elite_2,0.0,0.0,0.0,,,0.0,0,0,0,True,False,True,missing,0.0,adequate,<=400bps,271.14,1.0,0,0,1.0,0,1.0,0,,False,no_upcoming,0.200954,price_history,,2,0.2727,price_history,,-0.215193,,54.8236,0.337,-0.105593,-0.1096,early,large,sev1,commercial_pharma,morningstar,,,,0,0.7535252171925011431184270690,57.09,50,60.5,43.21,13.49800809664360252253995903,51.80722891566265060240963855,13.673,-1.2701,,,,,,,,,,,,-1.6563,unknown,1.0,271,-0.0027158562874251497,0.04417,-1.7042,19.65,0.422261,-0.1961
BIOA,"BioAge Labs, Inc.",119,0.82,B,mod_quality+catalyst_near,,,B,0.690813,0.619231,1,,0,,71,0,specific_days,9,neutral,drawdown_data_missing,L,sponsor_confirmed,clinical_score:-43.2;smart_money_score:+23.8;financial_score:+20.2,tier=;reason=;cat_days=71;strength=near;decay_w=1.0,v1.3.0,31f399e0,1,,0,,"{""burn_ttm"": 53376000.0, ""cash_total"": 285778000.0, ""dilution_risk"": null, ""has_revenue"": null, ""lead_phase"": null, ""runway_months"": 63.32104316546763, ""stage_bucket"": ""mid"", ""surv_score"": ""5.0"", ""tier1_count"": 4}",mid|near_31_90|nonpos,0.019220949152542376,49.8185,0.1954,0,1,-1.8033,-1.0,4,4,buying,0.3971,elite_4,0.0,0.0,0.0,,,0.0,0,0,0,True,False,True,near,1.0,adequate,<=1000bps,809.82,0.85,1,0,1.0,0,1.0,0,71,False,specific_days,,,beta_missing:series_too_short,4,,,series_too_short,,no_price_series,,1.0312,-0.105593,,mid,small,none,commercial_pharma,morningstar,,,drawdown,1,0.7916148247676631956107938641,50,45.56250000000000000000000000,72.0,25.76,5,68.450,4.606,-1.6524,2.0,71,3,0.6667,0.5534,1,1,0.0,0.4,0.55,infectious_disease,0.6992,highly_crowded,1.0,196,0.019220949152542376,0.309187,-0.4982,21.01,0.461131,-0.0976
ONC,BeOne Medicines Ltd.,120,0.97,C,low_quality,,,C,0.726148,0.596154,1,,0,,639,0,specific_days,9,tailwind,,L,catalyst_far_lift|sponsor_confirmed|momentum_tailwind,clinical_score:-32.6;momentum_score:+26.4;catalyst_score:-8.7,tier=;reason=;cat_days=639;strength=far;decay_w=0.3,v1.3.0,31f399e0,1,,0,,"{""burn_ttm"": 0.0, ""cash_total"": 4547530000.0, ""dilution_risk"": null, ""has_revenue"": null, ""lead_phase"": null, ""runway_months"": null, ""stage_bucket"": ""late"", ""surv_score"": ""3.0"", ""tier1_count"": 2}",late|far_271_540|nonpos,0.01480362015503876,49.516346,0.8086,0,1,-1.003,-0.9221,2,2,buying,-0.386,elite_2,0.0,0.0,0.0,,,0.0,0,0,0,True,False,True,far,0.3,adequate,<=400bps,342.35,1.0,0,0,1.0,0,1.0,0,639,False,specific_days,0.633325,price_history,,2,0.7052,price_history,,-0.029435,,69.1892,0.415,-0.105593,0.076158,late,large,none,commercial_biotech,morningstar,,,,0,0.8800418733476016618406143774,80.62,45.56250000000000000000000000,61.0,15.33,21.63551191387775325435791181,62.28187919463087248322147651,22.8397,-0.8837,3.0,110,26,1.0,1.1792,1,1,0.0,0.4,0.95,oncology,-0.4786,uncrowded,1.0,206,0.01480362015503876,0.273852,-0.6012,24.00,0.521201,0.0532
AMLX,"Amylyx Pharmaceuticals, Inc.",121,0.82,C,low_quality+no_catalyst_data,,,C,0.022968,0.588462,1,,0,,,0,no_upcoming,9,neutral,,L,sponsor_confirmed,smart_money_score:+33.5;clinical_score:-24.2;catalyst_score:-10.3,tier=;reason=;cat_days=NA;strength=missing;decay_w=0.0,v1.3.0,31f399e0,1,,0,,"{""burn_ttm"": 95440000.0, ""cash_total"": 343990000.0, ""dilution_risk"": null, ""has_revenue"": null, ""lead_phase"": null, ""runway_months"": 43.251047778709136, ""stage_bucket"": ""late"", ""surv_score"": ""5.0"", ""tier1_count"": 9}",late|none|nonpos,0.1,48.859643,0.8154,0,1,-0.9007,-1.095,9,9,buying,2.3548,elite_9,0.0,0.0,0.0,,,0.0,0,0,0,True,False,True,missing,0.0,adequate,<=1000bps,684.74,0.85,1,0,1.0,0,1.0,0,,False,no_upcoming,-0.087885,price_history,,9,0.7955,price_history,,-0.060876,,52.9088,0.6469,-0.105593,0.044717,late,small,none,commercial_pharma,morningstar,,,,0,0.8732299502372410600624927670,52.61,41.25000000000000000000000000,85,43.23,27.29852008668278205686430541,51.57142857142857142857142857,27.4527,-0.6892,3.0,11,5,1.0,1.0411,1,1,0.0,0.4,0.6,cns,0.6992,highly_crowded,1.0,7,0.1,0.977032,1.996,27.09,0.567138,0.1691
TARS,"Tarsus Pharmaceuticals, Inc.",122,0.49,C,low_quality+no_catalyst_data,,,C,0.35159,0.580769,1,,0,,,0,no_upcoming,9,headwind,,M,sponsor_confirmed|momentum_headwind,smart_money_score:+30.1;clinical_score:-13.1;momentum_score:-12.5,tier=;reason=;cat_days=NA;strength=missing;decay_w=0.0,v1.3.0,31f399e0,1,,0,,"{""burn_ttm"": 12451000.0, ""cash_total"": 417267000.0, ""dilution_risk"": null, ""has_revenue"": null, ""lead_phase"": null, ""runway_months"": 234.13466753951184, ""stage_bucket"": ""late"", ""surv_score"": ""0.0"", ""tier1_count"": 8}",late|none|nonpos,0.1,48.651143,0.832,0,1,-0.21,-0.1295,8,8,buying,1.9633,elite_8,0.0,0.0,0.0,,,0.0,0,0,0,True,False,True,missing,0.0,adequate,<=1000bps,462.33,0.85,1,0,1.0,0,1.0,0,,False,no_upcoming,-0.146222,price_history,,8,0.6783,price_history,,-0.276647,,49.9793,0.4256,-0.105593,-0.171054,late,mid,none,commercial_biotech,morningstar,,,,0,0.8917030814991076740035693040,40.44,41.25000000000000000000000000,83.0,38.66,39.86852444084100315801590519,60.07142857142857142857142857,39.0588,-0.1999,3.0,118,3,0.6667,0.3869,0,1,0.0,0.4,0.5,other,-0.4786,uncrowded,1.0,100,0.1,0.64841,0.381,35.29,0.722615,0.5906
ALNY,"Alnylam Pharmaceuticals, Inc.",123,0.97,C,low_quality,,,C,0.69788,0.542308,1,,0,,346,0,specific_days,9,tailwind,,L,catalyst_far_lift|sponsor_confirmed|momentum_tailwind,clinical_score:-12.4;smart_money_score:+11.6;momentum_score:+10.4,tier=;reason=;cat_days=346;strength=far;decay_w=0.3,v1.3.0,31f399e0,1,,0,,"{""burn_ttm"": 0.0, ""cash_total"": 1657250000.0, ""dilution_risk"": null, ""has_revenue"": null, ""lead_phase"": null, ""runway_months"": null, ""stage_bucket"": ""late"", ""surv_score"": ""3.0"", ""tier1_count"": 6}",late|far_271_540|nonpos,0.01480362015503876,46.863228,0.8328,0,1,-0.1606,-0.0802,6,6,neutral,1.1802,elite_6,0.0,0.0,0.0,,,0.0,0,0,0,True,False,True,far,0.3,adequate,<=400bps,144.92,1.0,0,0,1.0,0,1.0,0,346,False,specific_days,0.073027,price_history,,6,0.9181,price_history,,-0.04832,,50.6983,0.3472,-0.105593,0.057273,late,large,none,commercial_biotech,morningstar,,,,0,0.9,63.80,45.56250000000000000000000000,65.0,31.34,41.00300787251825493346145569,51.40939597315436241610738255,42.3828,-0.0598,3.0,18,45,1.0,2.1228,3,3,0.0,0.4,0.85,cardiovascular,-0.4786,uncrowded,1.0,198,0.01480362015503876,0.30212,-0.5183,40.44,0.821555,0.9213
FTRE,Fortrea Holdings Inc.,124,0.49,C,low_quality+no_catalyst_data,,,C,0.84629,0.526923,1,,0,,,0,no_upcoming,9,neutral,drawdown_data_missing,M,,clinical_score:-27.1;smart_money_score:+14.9;catalyst_score:+9.4,tier=;reason=;cat_days=NA;strength=missing;decay_w=0.0,v1.3.0,31f399e0,1,,0,,"{""burn_ttm"": 15600000.0, ""cash_total"": 131300000.0, ""dilution_risk"": null, ""has_revenue"": null, ""lead_phase"": null, ""runway_months"": 43.69230769230769, ""stage_bucket"": ""early"", ""surv_score"": ""1.0"", ""tier1_count"": 1}",early|none|nonpos,-0.0027158562874251497,46.305031,-1.6149,,0,-1.3569,-1.2758,1,1,buying,-0.7776,elite_1,0.0,0.0,0.0,,,0.0,0,0,0,True,False,True,missing,0.0,adequate,<=1000bps,770.09,0.85,1,0,1.0,0,1.0,0,,False,no_upcoming,,,beta_missing:series_too_short,1,,,series_too_short,,no_price_series,,0.8315,-0.105593,,early,small,sev1,commercial_biotech,morningstar,,,drawdown,1,0.6175386132106473874465987512,50,50,55.5,59.75,13.49800809664360252253995903,34.20562500000000000000000000,13.673,-1.2701,,,,,,,,,,,,-1.6563,unknown,1.0,240,-0.0027158562874251497,0.15371,-1.0206,13.43,0.167845,-0.9627
LGND,Ligand Pharmaceuticals Incorporated,125,0.82,C,low_quality+no_catalyst_data,,,C,0.863958,0.496154,1,,0,,,0,no_upcoming,9,tailwind,,L,momentum_tailwind,clinical_score:-33.4;momentum_score:+15.2;financial_score:+15.1,tier=;reason=;cat_days=NA;strength=missing;decay_w=0.0,v1.3.0,31f399e0,1,,0,,"{""burn_ttm"": 0.0, ""cash_total"": 664522000.0, ""dilution_risk"": null, ""has_revenue"": null, ""lead_phase"": null, ""runway_months"": null, ""stage_bucket"": ""early"", ""surv_score"": ""3.0"", ""tier1_count"": 0}",early|none|nonpos,-0.0027158562874251497,45.63697,-1.6149,,0,-1.3569,-1.2758,0,0,neutral,-1.1691,,0.0,0.0,0.0,,,0.0,0,0,0,True,False,True,missing,0.0,adequate,<=1000bps,494.19,0.85,1,0,1.0,0,1.0,0,,False,no_upcoming,0.270688,price_history,,0,0.2763,price_history,,-0.141638,,58.7898,0.2960,-0.105593,-0.036045,early,mid,sev1,commercial_biotech,morningstar,,,,0,0.7264430596175478065241844769,62.02,50,,15.33,13.49800809664360252253995903,61.92771084337349397590361446,13.673,-1.2701,,,,,,,,,,,,-1.6563,unknown,1.0,245,-0.0027158562874251497,0.136042,-1.0983,16.79,0.30212,-0.5183
HROW,"Harrow, Inc.",126,0.82,C,low_quality+no_catalyst_data,,,C,0.157244,0.219231,1,,0,,,0,no_upcoming,9,tailwind,,L,momentum_tailwind,momentum_score:+25.3;financial_score:-21.0;catalyst_score:-11.4,tier=;reason=;cat_days=NA;strength=missing;decay_w=0.0,v1.3.0,31f399e0,1,,0,,"{""burn_ttm"": 0.0, ""cash_total"": 74290000.0, ""dilution_risk"": null, ""has_revenue"": null, ""lead_phase"": null, ""runway_months"": null, ""stage_bucket"": ""early"", ""surv_score"": ""-1.0"", ""tier1_count"": 1}",early|none|pos,0.1,35.193472,-1.523,,0,0.2963,0.1826,1,1,buying,-0.7776,elite_1,0.0,0.0,0.0,,,0.0,0,0,0,True,False,True,missing,0.0,adequate,<=1000bps,581.17,0.85,1,0,1.0,0,1.0,0,,False,no_upcoming,0.189365,price_history,,1,0.7525,price_history,,-0.02571,,59.8359,0.6339,-0.105593,0.079883,early,mid,none,commercial_pharma,morningstar,,,,0,0.7660734286664449617559028932,77.91,41.25000000000000000000000000,55.5,15.33,56.86746987951807228915662650,31.65771519814196545217012628,55.0496,0.4743,0.0,,2,0.0,0.0,0,0,0.0,0.0,0.55,infectious_disease,0.6992,highly_crowded,1.0,45,0.1,0.842756,1.0059,30.95,0.637809,0.3526
KRYS,"Krystal Biotech, Inc.",127,0.97,C,low_quality,,,C,0.715548,0.35,1,,0,,771,0,specific_days,9,neutral,,L,catalyst_far_lift|sponsor_confirmed,clinical_score:-32.5;smart_money_score:+27.0;momentum_score:+7.3,tier=;reason=;cat_days=771;strength=far;decay_w=0.3,v1.3.0,31f399e0,1,,0,,"{""burn_ttm"": 0.0, ""cash_total"": 496304000.0, ""dilution_risk"": null, ""has_revenue"": null, ""lead_phase"": null, ""runway_months"": null, ""stage_bucket"": ""late"", ""surv_score"": ""2.0"", ""tier1_count"": 4}",late|far_271_540|nonpos,0.01480362015503876,41.476398,0.7803,0,1,-1.4197,-1.3386,4,4,buying,0.3971,elite_4,0.0,0.0,0.0,,,0.0,0,0,0,True,False,True,far,0.3,adequate,<=400bps,347.42,1.0,0,0,1.0,0,1.0,0,771,False,specific_days,0.098593,price_history,,4,0.8302,price_history,,-0.020735,,55.3253,0.3475,-0.105593,0.084858,late,mid,none,commercial_biotech,morningstar,,,,0,0.8910317052782421781705278242,51.83,45.56250000000000000000000000,71.5,35.33,12.05356115089910864875956538,41.65532879818594104308390023,11.1288,-1.3774,3.0,192,6,1.0,0.3076,0,0,0.0,0.4,0.5,respiratory,-0.4786,uncrowded,1.0,203,0.01480362015503876,0.284452,-0.5697,19.23,0.408127,-0.2324
TEM,"Tempus AI, Inc.",128,0.97,C,low_quality,,,C,0.786219,0.473077,1,,0,,12,1,specific_days,9,neutral,drawdown_data_missing,L,sponsor_confirmed,catalyst_score:-12.5;clinical_score:+10.6;smart_money_score:+9.5,tier=;reason=;cat_days=12;strength=near;decay_w=1.0,v1.3.0,31f399e0,1,,0,,"{""burn_ttm"": 218090000.0, ""cash_total"": 604787000.0, ""dilution_risk"": null, ""has_revenue"": null, ""lead_phase"": null, ""runway_months"": 25.16826017748832, ""stage_bucket"": ""late"", ""surv_score"": ""1.0"", ""tier1_count"": 4}",late|near_0_30|nonpos,-0.001225421052631579,45.129429,1.0895,0,1,,0.0,4,4,buying,0.3971,elite_4,0.0,0.0,0.0,,,0.0,0,0,0,True,False,True,near,1.0,adequate,<=400bps,199.47,1.0,0,0,1.0,0,1.0,0,12,True,specific_days,,,beta_missing:series_too_short,4,,,series_too_short,,no_price_series,,0.5816,-0.105593,,late,mid,none,platform_services,morningstar,,,drawdown,1,0.8459278417173154015259278417,50,44.00714711111111111111111111,66.0,29.38,67.11409395973154362416107383,55.21428571428571428571428571,68.5891,1.0451,3.0,416,176,1.0,0.7886,2,0,0.0,0.8,0.95,oncology,-0.4786,uncrowded,1.0,223,-0.001225421052631579,0.213781,-0.7934,38.65,0.779152,0.7693
DVAX,Dynavax Technologies Corporation,129,0.49,C,low_quality+no_catalyst_data,,,C,0.125442,0.25,1,,0,,,0,no_upcoming,9,headwind,deep_drawdown,M,sponsor_confirmed|momentum_headwind,smart_money_score:+7.6;financial_score:-4.5;clinical_score:+4.4,tier=;reason=;cat_days=NA;strength=missing;decay_w=0.0,v1.3.0,31f399e0,1,,0,,"{""burn_ttm"": 0.0, ""cash_total"": 160247000.0, ""dilution_risk"": null, ""has_revenue"": null, ""lead_phase"": null, ""runway_months"": null, ""stage_bucket"": ""late"", ""surv_score"": ""2.0"", ""tier1_count"": 2}",late|none|nonpos,0.1,37.368646,0.8375,0,1,-0.0304,-0.1661,2,2,selling,-0.386,elite_2,0.0,0.0,0.0,,,0.0,0,0,0,True,False,True,missing,0.0,adequate,<=1000bps,453.41,0.85,1,0,1.0,0,1.0,0,,False,no_upcoming,-0.100634,price_history,,2,0.9199,price_history,,-0.352064,,53.4246,0.7250,-0.105593,-0.246471,late,small,none,commercial_pharma,morningstar,,,,0,0.8860349361207897793263646922,39.98,41.25000000000000000000000000,52.0,32.67,48.79645061033286788883383631,39.86254584138182021779905377,48.4262,0.195,3.0,571,19,1.0,0.1324,0,0,0.0,0.4,0.95,oncology,-0.4786,uncrowded,1.0,36,0.1,0.874558,1.1482,37.61,0.761484,0.7111
FOLD,"Amicus Therapeutics, Inc.",130,0.97,C,low_quality+no_catalyst_data,,,C,0.139576,0.303846,1,,0,,,0,no_upcoming,9,tailwind,,L,sponsor_confirmed|momentum_tailwind,smart_money_score:+20.6;catalyst_score:-12.1;clinical_score:-11.6,tier=;reason=;cat_days=NA;strength=missing;decay_w=0.0,v1.3.0,31f399e0,1,,0,,"{""burn_ttm"": 0.0, ""cash_total"": 293536000.0, ""dilution_risk"": null, ""has_revenue"": null, ""lead_phase"": null, ""runway_months"": null, ""stage_bucket"": ""late"", ""surv_score"": ""1.0"", ""tier1_count"": 6}",late|none|nonpos,0.1,39.135124,0.8329,0,1,-0.1275,-0.0471,6,6,buying,1.1802,elite_6,0.0,0.0,0.0,,,0.0,0,0,0,True,False,True,missing,0.0,adequate,<=400bps,259.01,1.0,0,0,1.0,0,1.0,0,,False,no_upcoming,0.12586,price_history,,6,0.837,price_history,,-0.005344,,62.0865,0.6001,-0.105593,0.100249,late,mid,none,commercial_biotech,morningstar,,,,0,0.9,62.72,41.25000000000000000000000000,74.0,15.33,41.76433493986757353272375118,47.16805240614764424288233812,41.1912,-0.11,3.0,679,27,1.0,0.0113,0,0,0.0,0.7,0.75,rare_disease,0.6992,highly_crowded,1.0,40,0.1,0.860424,1.0822,38.58,0.775618,0.7575
ZYME,Zymeworks Inc.,131,0.82,C,low_quality+no_catalyst_data,,,C,0.404594,0.280769,1,,0,,,0,no_upcoming,9,tailwind,,L,sponsor_confirmed|momentum_tailwind,momentum_score:+35.9;clinical_score:-33.5;smart_money_score:+27.2,tier=;reason=;cat_days=NA;strength=missing;decay_w=0.0,v1.3.0,31f399e0,1,,0,,"{""burn_ttm"": 22746000.0, ""cash_total"": 64834000.0, ""dilution_risk"": null, ""has_revenue"": null, ""lead_phase"": null, ""runway_months"": 34.204167765761014, ""stage_bucket"": ""late"", ""surv_score"": ""3.0"", ""tier1_count"": 7}",late|none|nonpos,0.1,38.402732,-0.3971,413,1,-1.2367,-1.1557,7,7,buying,1.5717,elite_7,0.0,0.0,0.0,,,0.0,0,0,0,True,False,True,missing,0.0,adequate,<=1000bps,781.08,0.85,1,0,1.0,0,1.0,0,,False,no_upcoming,0.576741,price_history,,7,0.8293,price_history,,-0.134199,,68.6593,0.7975,-0.105593,-0.028606,late,small,none,commercial_biotech,morningstar,,,,0,0.8789094025011579434923575730,85.69,41.25000000000000000000000000,77.0,23.68,16.26177999989990440871031835,28.83718260966938215615464293,15.494,-1.1934,3.0,1593,4,1.0,0.0335,0,0,0.0,0.3,0.95,oncology,-0.4786,uncrowded,1.0,115,0.1,0.595406,0.2415,16.55,0.287986,-0.5593
ETON,"Eton Pharmaceuticals, Inc.",132,0.68,C,low_quality+no_catalyst_data,,,C,0.835689,0.273077,1,,0,,,0,no_upcoming,9,tailwind,,L,sponsor_confirmed|momentum_tailwind|cost_haircut_<=2000bps,clinical_score:-28.6;momentum_score:+28.2;financial_score:-26.4,tier=;reason=;cat_days=NA;strength=missing;decay_w=0.0,v1.3.0,31f399e0,1,,0,,"{""burn_ttm"": 0.0, ""cash_total"": 37121000.0, ""dilution_risk"": null, ""has_revenue"": null, ""lead_phase"": null, ""runway_months"": null, ""stage_bucket"": ""early"", ""surv_score"": ""-1.0"", ""tier1_count"": 2}",early|none|nonpos,-0.0027158562874251497,38.155,-1.6149,,0,-1.4593,-1.6913,2,2,buying,-0.386,elite_2,0.0,0.0,0.0,,,0.0,0,0,0,True,False,True,missing,0.0,adequate,<=2000bps,1543.73,0.7,1,0,1.0,0,1.0,0,,False,no_upcoming,0.624237,price_history,,2,0.3316,price_history,,-0.231461,,56.255,0.4387,-0.105593,-0.125868,early,small,sev1,commercial_pharma,morningstar,,,,0,0.7060664257555847568988173456,70.29,50,61.0,48.67,13.49800809664360252253995903,15.69444444444444444444444444,13.673,-1.2701,,,,,,,,,,,,-1.6563,unknown,1.0,237,-0.0027158562874251497,0.164311,-0.9769,9.23,0.05477,-1.6003
CATX,"Perspective Therapeutics, Inc.",133,0.49,C,mod_quality+no_catalyst_data,,,C,0.814488,0.611538,1,,0,,,0,no_upcoming,9,headwind,,M,sponsor_confirmed|momentum_headwind,momentum_score:-15.9;clinical_score:+15.3;catalyst_score:-9.8,tier=;reason=;cat_days=NA;strength=missing;decay_w=0.0,v1.3.0,31f399e0,1,,0,,"{""burn_ttm"": 57827000.0, ""cash_total"": 174137000.0, ""dilution_risk"": null, ""has_revenue"": null, ""lead_phase"": null, ""runway_months"": 36.13613018140315, ""stage_bucket"": ""early"", ""surv_score"": ""5.0"", ""tier1_count"": 2}",early|none|nonpos,-0.0027158562874251497,49.80975,-0.1883,0,1,,0.0,2,2,buying,-0.386,elite_2,0.0,0.0,0.0,,,0.0,0,0,0,True,False,True,missing,0.0,adequate,<=1000bps,741.74,0.85,1,0,1.0,0,1.0,0,,False,no_upcoming,-0.182091,price_history,,2,0.5265,price_history,,-0.348837,,46.646,0.7923,-0.105593,-0.243244,early,small,none,platform_devices,morningstar,,,,0,0.7565759390310288513881328253,35.12,41.25000000000000000000000000,58.0,52.27,66.26506024096385542168674699,54.42500000000000000000000000,65.1472,0.9,1.0,1806,4,1.0,0.0,0,0,0.0,0.3,0.85,oncology,0.6992,highly_crowded,1.0,231,-0.0027158562874251497,0.185512,-0.8946,39.68,0.79682,0.8303
ARWR,"Arrowhead Pharmaceuticals, Inc.",134,0.58,C,low_quality+no_catalyst_data,,,C,0.040636,0.265385,1,,0,,,0,no_upcoming,9,headwind,deep_drawdown|deep_drawdown_rel_xbi,M,sponsor_confirmed|momentum_headwind,clinical_score:-19.1;smart_money_score:+16.6;financial_score:+9.9,tier=;reason=;cat_days=NA;strength=missing;decay_w=0.0,v1.3.0,31f399e0,1,,0,,"{""burn_ttm"": 0.0, ""cash_total"": 714967000.0, ""dilution_risk"": null, ""has_revenue"": null, ""lead_phase"": null, ""runway_months"": null, ""stage_bucket"": ""late"", ""surv_score"": ""5.0"", ""tier1_count"": 2}",late|none|nonpos,0.1,37.806071,0.8106,0,1,-0.845,-0.7642,2,2,buying,-0.386,elite_2,0.0,0.0,0.0,,,0.0,0,0,0,True,False,True,missing,0.0,adequate,<=400bps,234.38,1.0,0,0,1.0,0,1.0,0,,False,no_upcoming,-0.112171,price_history,,2,1.7529,price_history,,-0.387296,,46.1342,0.7267,-0.105593,-0.281703,late,mid,none,commercial_biotech,morningstar,,,,0,0.7957586865215731195112638412,40.06,41.25000000000000000000000000,61.0,15.33,25.26677977468482400692661491,54.28571428571428571428571428,25.9466,-0.7527,3.0,465,18,1.0,2.1837,2,3,0.0,0.4,0.5,respiratory,-0.4786,uncrowded,1.0,12,0.1,0.959364,1.7434,20.93,0.454064,-0.1154
MEDP,"Medpace Holdings, Inc.",135,0.97,C,low_quality+no_catalyst_data,,,C,0.874558,0.457692,1,,0,,,0,no_upcoming,9,tailwind,,L,momentum_tailwind,clinical_score:+12.3;catalyst_score:-12.0;financial_score:-2.2,tier=;reason=;cat_days=NA;strength=missing;decay_w=0.0,v1.3.0,31f399e0,1,,0,,"{""burn_ttm"": 0.0, ""cash_total"": 497049000.0, ""dilution_risk"": null, ""has_revenue"": null, ""lead_phase"": null, ""runway_months"": null, ""stage_bucket"": ""early"", ""surv_score"": ""3.0"", ""tier1_count"": 0}",early|none|nonpos,-0.0027158562874251497,44.967452,-1.4965,,0,,0.0,0,0,neutral,-1.1691,,0.0,0.0,0.0,,,0.0,0,0,0,True,False,True,missing,0.0,adequate,<=400bps,270.97,1.0,0,0,1.0,0,1.0,0,,False,no_upcoming,0.348557,price_history,,0,0.8839,price_history,,-0.013433,,64.4802,0.2643,-0.105593,0.09216,early,large,none,platform_diagnostics,morningstar,,,,0,0.8532246430216490096729617688,55.07,41.25000000000000000000000000,,31.33,65.54216867469879518072289157,51.08433734939759036144578313,64.0743,0.8547,0.0,,6,0.0,0.0,0,0,0.0,0.0,0.5,dermatology,-3.5407,uncrowded,1.0,248,-0.0027158562874251497,0.125442,-1.1482,38.16,0.768551,0.7341
TGTX,"TG Therapeutics, Inc.",136,0.82,C,low_quality+no_catalyst_data,,,C,0.362191,0.203846,1,,0,,,0,no_upcoming,9,tailwind,high_beta,L,sponsor_confirmed|momentum_tailwind|high_risk,momentum_score:+50.0;financial_score:-29.5;clinical_score:-29.1,tier=;reason=;cat_days=NA;strength=missing;decay_w=0.0,v1.3.0,31f399e0,1,,0,,"{""burn_ttm"": 44432000.0, ""cash_total"": 131582000.0, ""dilution_risk"": null, ""has_revenue"": null, ""lead_phase"": null, ""runway_months"": 35.537090385307884, ""stage_bucket"": ""late"", ""surv_score"": ""3.0"", ""tier1_count"": 3}",late|none|nonpos,0.1,33.686314,0.7921,0,1,-1.1828,-1.1018,3,3,buying,0.0055,elite_3,0.0,0.0,0.0,,,0.0,0,0,0,True,False,True,missing,0.0,adequate,<=1000bps,429.71,0.85,1,0,1.0,0,1.0,0,,False,no_upcoming,1.07931,price_history,,3,3.1821,price_history,,-0.163957,,60.5928,0.3599,-0.105593,-0.058364,late,mid,none,commercial_biotech,morningstar,,,,0,0.8791415687215159510674022547,96.55,41.25000000000000000000000000,60.5,19.07,17.50016265533584573267470434,17.11514235323759133282942807,18.3544,-1.0728,3.0,33,14,1.0,1.2375,1,1,0.0,0.4,0.95,oncology,0.6992,highly_crowded,1.0,103,0.1,0.637809,0.3526,12.21,0.136042,-1.0983
NVCR,NovoCure Limited,137,0.82,C,mod_quality+no_catalyst_data,,,C,0.256184,0.665385,1,,0,,,0,no_upcoming,9,tailwind,,L,momentum_tailwind,financial_score:-27.9;momentum_score:+19.3;clinical_score:+10.1,tier=;reason=;cat_days=NA;strength=missing;decay_w=0.0,v1.3.0,31f399e0,1,,0,,"{""burn_ttm"": 49031000.0, ""cash_total"": 93548000.0, ""dilution_risk"": null, ""has_revenue"": null, ""lead_phase"": null, ""runway_months"": 15.755894902313047, ""stage_bucket"": ""late"", ""surv_score"": ""1.0"", ""tier1_count"": 1}",late|none|nonpos,0.1,51.142206,1.0544,0,1,,0.0,1,1,selling,-0.7776,elite_1,0.0,0.0,0.0,,,0.0,0,0,0,True,False,True,missing,0.0,adequate,<=1000bps,603.49,0.85,1,0,1.0,0,1.0,0,,False,no_upcoming,0.284781,price_history,,1,0.9066,price_history,,-0.255197,,52.3406,0.5194,-0.105593,-0.149604,late,small,none,platform_devices,morningstar,,,,0,0.8965769211700545364402578086,66.62,41.25000000000000000000000000,52.0,82.99,57.44966442953020134228187920,19.49267937627725987514347303,58.0818,0.6021,3.0,118,49,1.0,1.1186,0,2,0.0,0.5,0.95,oncology,0.6992,crowded,1.0,73,0.1,0.743816,0.6552,27.45,0.577739,0.1961
PAHC,Phibro Animal Health Corporatio,138,0.25,C,low_quality+no_catalyst_data,,,C,0.899293,0.080769,1,,0,,,0,no_upcoming,9,headwind,overbought_rsi,S,momentum_headwind,clinical_score:-21.1;catalyst_score:+15.4;momentum_score:+10.1,tier=;reason=;cat_days=NA;strength=missing;decay_w=0.0,v1.3.0,31f399e0,1,,0,,"{""burn_ttm"": 0.0, ""cash_total"": 74508000.0, ""dilution_risk"": null, ""has_revenue"": null, ""lead_phase"": null, ""runway_months"": null, ""stage_bucket"": ""early"", ""surv_score"": ""1.0"", ""tier1_count"": 0}",early|none|nonpos,-0.0027158562874251497,27.982158,-1.6149,,0,-1.4593,-1.6913,0,0,neutral,-1.1691,,0.0,0.0,0.0,,,0.0,0,0,0,True,False,True,missing,0.0,adequate,<=1000bps,831.95,0.85,1,0,1.0,0,1.0,0,,False,no_upcoming,0.072809,price_history,,0,0.2695,price_history,,-0.277032,,76.0313,0.4021,-0.105593,-0.171439,early,mid,sev1,commercial_pharma,morningstar,,,,0,0.6964777665203197118090735112,44.70,50,,15.33,13.49800809664360252253995903,30.39257431331752713665908615,13.673,-1.2701,,,,,,,,,,,,-1.6563,unknown,1.0,255,-0.0027158562874251497,0.100707,-1.2775,11.50,0.121908,-1.1655
XERS,"Xeris Biopharma Holdings, Inc.",139,0.82,C,low_quality+no_catalyst_data,,,C,0.959364,0.065385,1,,0,,,0,no_upcoming,9,neutral,drawdown_data_missing,L,sponsor_confirmed,clinical_score:-27.6;smart_money_score:+25.5;financial_score:-15.8,tier=;reason=;cat_days=NA;strength=missing;decay_w=0.0,v1.3.0,31f399e0,1,,0,,"{""burn_ttm"": 0.0, ""cash_total"": 91598000.0, ""dilution_risk"": null, ""has_revenue"": null, ""lead_phase"": null, ""runway_months"": null, ""stage_bucket"": ""early"", ""surv_score"": ""-1.0"", ""tier1_count"": 3}",early|none|nonpos,-0.0027158562874251497,26.728,-1.6149,,0,-1.3569,-1.2758,3,3,buying,0.0055,elite_3,0.0,0.0,0.0,,,0.0,0,0,0,True,False,True,missing,0.0,adequate,<=1000bps,895.88,0.85,1,0,1.0,0,1.0,0,,False,no_upcoming,,,beta_missing:series_too_short,3,,,series_too_short,,no_price_series,,0.6845,-0.105593,,early,small,sev1,commercial_biotech,morningstar,,,drawdown,1,0.7038885059978189749182115594,50,50,66.5,15.33,13.49800809664360252253995903,25.25000000000000000000000000,13.673,-1.2701,,,,,,,,,,,,-1.6563,unknown,1.0,272,-0.0027158562874251497,0.040636,-1.7434,14.30,0.210247,-0.8056
TVTX,"Travere Therapeutics, Inc.",140,0.49,C,low_quality+no_catalyst_data,,,C,0.372792,0.026923,1,,0,,,0,no_upcoming,9,headwind,,M,sponsor_confirmed|momentum_headwind,smart_money_score:+37.2;clinical_score:-21.6;financial_score:-18.7,tier=;reason=;cat_days=NA;strength=missing;decay_w=0.0,v1.3.0,31f399e0,1,,0,,"{""burn_ttm"": 0.0, ""cash_total"": 93035000.0, ""dilution_risk"": null, ""has_revenue"": null, ""lead_phase"": null, ""runway_months"": null, ""stage_bucket"": ""late"", ""surv_score"": ""3.0"", ""tier1_count"": 5}",late|none|nonpos,0.1,23.618525,0.8026,0,1,-1.1283,-1.0473,5,5,buying,0.7886,elite_5,0.0,0.0,0.0,,,0.0,0,0,0,True,False,True,missing,0.0,adequate,<=1000bps,403.29,0.85,1,0,1.0,0,1.0,0,,False,no_upcoming,-0.133202,price_history,,5,0.8514,price_history,,-0.28857,,58.4541,0.7066,-0.105593,-0.182977,late,mid,none,commercial_biotech,morningstar,,,,0,0.8770708148857245422998683738,42.62,41.25000000000000000000000000,77.5,15.33,18.75456060537813611999459484,21.62005542957923910304862686,19.7558,-1.0137,3.0,59,10,1.0,1.2428,1,1,0.0,0.7,0.75,rare_disease,0.6992,highly_crowded,1.0,106,0.1,0.627208,0.3245,18.08,0.369258,-0.3338
RGEN,Repligen Corporation,141,0.58,C,low_quality+no_catalyst_data,,,C,0.916961,0.426923,1,,0,,,0,no_upcoming,9,headwind,,M,sponsor_confirmed|momentum_headwind,clinical_score:-28.7;smart_money_score:+18.3;catalyst_score:+7.8,tier=;reason=;cat_days=NA;strength=missing;decay_w=0.0,v1.3.0,31f399e0,1,,0,,"{""burn_ttm"": 0.0, ""cash_total"": 748747000.0, ""dilution_risk"": null, ""has_revenue"": null, ""lead_phase"": null, ""runway_months"": null, ""stage_bucket"": ""early"", ""surv_score"": ""-1.0"", ""tier1_count"": 3}",early|none|nonpos,-0.0027158562874251497,44.176508,-1.6149,,0,,0.0,3,3,buying,0.0055,elite_3,0.0,0.0,0.0,,,0.0,0,0,0,True,False,True,missing,0.0,adequate,<=400bps,336.3,1.0,0,0,1.0,0,1.0,0,,False,no_upcoming,-0.009108,price_history,,3,1.0922,price_history,,-0.272862,,60.3615,0.4218,-0.105593,-0.167269,early,mid,sev1,platform_devices,morningstar,,,,0,0.7119082823790994997220678155,44.81,50,60.5,46.30,13.49800809664360252253995903,42.24335091369494040418702924,13.673,-1.2701,,,,,,,,,,,,-1.6563,unknown,1.0,260,-0.0027158562874251497,0.083039,-1.3849,17.28,0.330389,-0.4388
PACB,Pacific Biosciences of Californ,142,0.82,B,high_quality+no_catalyst_data,,,B,0.89576,0.903846,1,,0,,,0,no_upcoming,9,tailwind,high_beta,L,sponsor_confirmed|momentum_tailwind|high_risk,clinical_score:-42.3;momentum_score:+33.3;financial_score:+12.6,tier=;reason=;cat_days=NA;strength=missing;decay_w=0.0,v1.3.0,31f399e0,1,,0,,"{""burn_ttm"": 111209000.0, ""cash_total"": 279506000.0, ""dilution_risk"": null, ""has_revenue"": null, ""lead_phase"": null, ""runway_months"": 30.160076972187504, ""stage_bucket"": ""early"", ""surv_score"": ""1.0"", ""tier1_count"": 2}",early|none|nonpos,-0.0027158562874251497,66.1225,-1.6149,,0,,0.0,2,2,buying,-0.386,elite_2,0.0,0.0,0.0,,,0.0,0,0,0,True,False,True,missing,0.0,adequate,<=1000bps,913.25,0.85,1,0,1.0,0,1.0,0,,False,no_upcoming,0.286043,price_history,,2,1.9854,price_history,,-0.071546,,63.485,1.0113,-0.105593,0.034047,early,small,sev1,platform_devices,morningstar,,,,0,0.6283799231009040839654993245,89.10,50,58.0,50,13.49800809664360252253995903,68.450,13.673,-1.2701,,,,,,,,,,,,-1.6563,unknown,1.0,254,-0.0027158562874251497,0.10424,-1.2578,17.38,0.340989,-0.4098
VCYT,"Veracyte, Inc.",143,0.82,C,mod_quality+no_catalyst_data,,,C,0.952297,0.65,1,,0,,,0,no_upcoming,9,tailwind,,L,sponsor_confirmed|momentum_tailwind,clinical_score:-33.7;smart_money_score:+13.8;momentum_score:+9.7,tier=;reason=;cat_days=NA;strength=missing;decay_w=0.0,v1.3.0,31f399e0,1,,0,,"{""burn_ttm"": 0.0, ""cash_total"": 315573000.0, ""dilution_risk"": null, ""has_revenue"": null, ""lead_phase"": null, ""runway_months"": null, ""stage_bucket"": ""early"", ""surv_score"": ""2.0"", ""tier1_count"": 2}",early|none|nonpos,-0.0027158562874251497,50.698458,-1.6149,,0,,0.0,2,2,buying,-0.386,elite_2,0.0,0.0,0.0,,,0.0,0,0,0,True,False,True,missing,0.0,adequate,<=1000bps,583.25,0.85,1,0,1.0,0,1.0,0,,False,no_upcoming,0.381565,price_history,,2,1.5516,price_history,,-0.233446,,48.9433,0.6453,-0.105593,-0.127853,early,mid,sev1,platform_diagnostics,morningstar,,,,0,0.6976690923317683881064162754,56.92,50,61.0,42.00,13.49800809664360252253995903,54.69879518072289156626506024,13.673,-1.2701,,,,,,,,,,,,-1.6563,unknown,1.0,270,-0.0027158562874251497,0.047703,-1.6675,16.70,0.298587,-0.5285
AVTR,"Avantor, Inc.",144,0.29,C,mod_quality+no_catalyst_data,,,C,0.79682,0.688462,1,,0,,,0,no_upcoming,9,headwind,deep_drawdown|deep_drawdown_rel_xbi,S,momentum_headwind,clinical_score:-29.0;smart_money_score:+10.0;financial_score:+7.8,tier=;reason=;cat_days=NA;strength=missing;decay_w=0.0,v1.3.0,31f399e0,1,,0,,"{""burn_ttm"": 0.0, ""cash_total"": 365400000.0, ""dilution_risk"": null, ""has_revenue"": null, ""lead_phase"": null, ""runway_months"": null, ""stage_bucket"": ""early"", ""surv_score"": ""1.0"", ""tier1_count"": 1}",early|none|nonpos,-0.0027158562874251497,53.161151,-1.6149,,0,,0.0,1,1,neutral,-0.7776,elite_1,0.0,0.0,0.0,,,0.0,0,0,0,True,False,True,missing,0.0,adequate,<=400bps,310.61,1.0,0,0,1.0,0,1.0,0,,False,no_upcoming,0.098478,price_history,,1,0.5163,price_history,,-0.398327,,66.501,0.5928,-0.105593,-0.292734,early,mid,sev1,platform_devices,morningstar,,,,0,0.6823054832610388165943721499,46.32,50,52.5,60.67,13.49800809664360252253995903,50.36144578313253012048192771,13.673,-1.2701,,,,,,,,,,,,-1.6563,unknown,1.0,226,-0.0027158562874251497,0.20318,-0.8303,17.33,0.333922,-0.4291
MYGN,"Myriad Genetics, Inc.",145,0.1,C,low_quality+no_catalyst_data,,,C,0.881625,0.465385,1,,0,,,0,no_upcoming,9,headwind,overbought_rsi,XS,momentum_headwind|cost_haircut_<=2000bps,clinical_score:-32.9;financial_score:+21.6;smart_money_score:+9.1,tier=;reason=;cat_days=NA;strength=missing;decay_w=0.0,v1.3.0,31f399e0,1,,0,,"{""burn_ttm"": 0.0, ""cash_total"": 149600000.0, ""dilution_risk"": null, ""has_revenue"": null, ""lead_phase"": null, ""runway_months"": null, ""stage_bucket"": ""early"", ""surv_score"": ""-1.0"", ""tier1_count"": 1}",early|none|nonpos,-0.0027158562874251497,44.9735,-1.6149,,0,,0.0,1,1,buying,-0.7776,elite_1,0.0,0.0,0.0,,,0.0,0,0,0,True,False,True,missing,0.0,adequate,<=2000bps,1416.19,0.7,1,0,1.0,0,1.0,0,,False,no_upcoming,-0.010388,price_history,,1,0.8191,price_history,,-0.270086,,70.577,0.6452,-0.105593,-0.164493,early,small,sev1,platform_diagnostics,morningstar,,,,0,0.6180379397816256755266350502,45.04,50,55.5,15.33,13.49800809664360252253995903,68.00000000000000000000000000,13.673,-1.2701,,,,,,,,,,,,-1.6563,unknown,1.0,250,-0.0027158562874251497,0.118375,-1.1832,14.87,0.224382,-0.7575
BRKR,Bruker Corporation,146,0.58,C,mod_quality+no_catalyst_data,,,C,0.810954,0.75,1,,0,,,0,no_upcoming,9,neutral,,M,,clinical_score:-27.9;momentum_score:+10.6;financial_score:+8.7,tier=;reason=;cat_days=NA;strength=missing;decay_w=0.0,v1.3.0,31f399e0,1,,0,,"{""burn_ttm"": 95700000.0, ""cash_total"": 293100000.0, ""dilution_risk"": null, ""has_revenue"": null, ""lead_phase"": null, ""runway_months"": 36.75235109717868, ""stage_bucket"": ""early"", ""surv_score"": ""-1.0"", ""tier1_count"": 0}",early|none|nonpos,-0.0027158562874251497,57.307295,-1.6149,,0,,0.0,0,0,neutral,-1.1691,,0.0,0.0,0.0,,,0.0,0,0,0,True,False,True,missing,0.0,adequate,<=400bps,329.83,1.0,0,0,1.0,0,1.0,0,,False,no_upcoming,0.148395,price_history,,0,0.5269,price_history,,-0.020705,,60.4248,0.4312,-0.105593,0.084888,early,mid,sev1,platform_devices,morningstar,,,,0,0.6982677637511271415689810640,52.01,50,,69.59,13.49800809664360252253995903,50.10843373493975903614457831,13.673,-1.2701,,,,,,,,,,,,-1.6563,unknown,1.0,230,-0.0027158562874251497,0.189046,-0.8814,13.90,0.196113,-0.8556
CTKB,"Cytek Biosciences, Inc.",147,0.1,C,low_quality+no_catalyst_data,,,C,0.825088,0.242308,1,,0,,,0,no_upcoming,9,headwind,,XS,momentum_headwind|cost_haircut_<=2000bps,catalyst_score:+18.7;clinical_score:-17.8;financial_score:-1.6,tier=;reason=;cat_days=NA;strength=missing;decay_w=0.0,v1.3.0,31f399e0,1,,0,,"{""burn_ttm"": 3915000.0, ""cash_total"": 93281000.0, ""dilution_risk"": null, ""has_revenue"": null, ""lead_phase"": null, ""runway_months"": 285.91877394636015, ""stage_bucket"": ""early"", ""surv_score"": ""2.0"", ""tier1_count"": 0}",early|none|nonpos,-0.0027158562874251497,37.261531,-1.6149,,0,,0.0,0,0,neutral,-1.1691,,0.0,0.0,0.0,,,0.0,0,0,0,True,False,True,missing,0.0,adequate,<=2000bps,1537.39,0.7,1,0,1.0,0,1.0,0,,False,no_upcoming,-0.382163,price_history,,0,0.9603,price_history,,-0.305801,,48.0802,0.7238,-0.105593,-0.200208,early,small,sev1,platform_devices,morningstar,,,,0,0.6840868857589984350547730829,31.96,50,,50,13.49800809664360252253995903,29.71006944444444444444444444,13.673,-1.2701,,,,,,,,,,,,-1.6563,unknown,1.0,234,-0.0027158562874251497,0.174912,-0.9349,11.75,0.132509,-1.1146
OPCH,"Option Care Health, Inc.",148,0.25,C,low_quality+no_catalyst_data,,,C,0.892226,0.403846,1,,0,,,0,no_upcoming,9,headwind,,S,momentum_headwind,clinical_score:-22.1;catalyst_score:+14.4;financial_score:+10.9,tier=;reason=;cat_days=NA;strength=missing;decay_w=0.0,v1.3.0,31f399e0,1,,0,,"{""burn_ttm"": 0.0, ""cash_total"": 232624000.0, ""dilution_risk"": null, ""has_revenue"": null, ""lead_phase"": null, ""runway_months"": null, ""stage_bucket"": ""early"", ""surv_score"": ""1.0"", ""tier1_count"": 0}",early|none|nonpos,-0.0027158562874251497,43.453639,-1.6149,,0,,0.0,0,0,neutral,-1.1691,,0.0,0.0,0.0,,,0.0,0,0,0,True,False,True,missing,0.0,adequate,<=1000bps,411.44,0.85,1,0,1.0,0,1.0,0,,False,no_upcoming,-0.217681,price_history,,0,0.3751,price_history,,-0.203472,,38.3874,0.3048,-0.105593,-0.097879,early,mid,sev1,platform_services,morningstar,,,,0,0.7335904344897271808689794544,32.31,50,,46.00,13.49800809664360252253995903,46.42586409896614570732730117,13.673,-1.2701,,,,,,,,,,,,-1.6563,unknown,1.0,253,-0.0027158562874251497,0.107774,-1.2385,14.97,0.231449,-0.7341
GLPG,Galapagos NV,,,D,ineligible,D,ineligible,,0.74735,,0,0.081699,1,0.918301,498,0,specific_days,9,headwind,deep_drawdown|deep_drawdown_rel_xbi,XS,ineligible,financial_score:-42.4;clinical_score:+28.6;smart_money_score:+19.1,tier=D;reason=ineligible;cat_days=498;strength=far;decay_w=0.3,v1.3.0,31f399e0,0,financials_missing,1,"cash_runway_lt_6m,survivability_critical","{""burn_ttm"": 0.0, ""cash_total"": 0.0, ""dilution_risk"": null, ""has_revenue"": null, ""lead_phase"": null, ""runway_months"": 0.0, ""stage_bucket"": ""late"", ""surv_score"": ""-5.0"", ""tier1_count"": 3}",late|far_271_540|pos,0.008393656250000001,,1.1036,0,1,1.3606,1.47,3,3,buying,0.0055,elite_3,0.0,0.0,0.0,,,0.0,0,0,0,True,False,True,far,0.3,critical,<=2000bps,1708.51,0.7,1,0,1.0,0,1.0,0,498,False,specific_days,-0.025083,price_history,,3,0.4119,price_history,,-0.359966,,59.2889,0.3097,-0.105593,-0.254373,late,unknown,sev2,drug_developer,morningstar,,,,0,0.8503392434988179669030732861,44.07,45.56250000000000000000000000,66.5,50,75.97315436241610738255033557,5,76.1274,1.3629,3.0,193,52,1.0,1.543,1,2,0.0,0.4,0.6,autoimmune,0.6992,highly_crowded,1.0,212,0.008393656250000001,0.25265,-0.6662,21.91,0.482332,-0.0443
HRTX,"Heron Therapeutics, Inc.",,,D,ineligible,D,ineligible,,0.584806,,0,0.166667,1,0.833333,,0,no_upcoming,9,headwind,deep_drawdown|deep_drawdown_rel_xbi,XS,ineligible,financial_score:-29.4;clinical_score:+26.0;smart_money_score:+13.3,tier=D;reason=ineligible;cat_days=NA;strength=missing;decay_w=0.0,v1.3.0,31f399e0,0,deep_drawdown,0,,"{""burn_ttm"": 27591000.0, ""cash_total"": 28647000.0, ""dilution_risk"": null, ""has_revenue"": null, ""lead_phase"": null, ""runway_months"": 12.459280200065239, ""stage_bucket"": ""late"", ""surv_score"": ""-2.0"", ""tier1_count"": 2}",late|none|pos,0.0248237972972973,,1.0956,0,1,1.1336,1.2344,2,2,buying,-0.386,elite_2,0.0,0.0,0.0,,,0.0,0,0,0,True,False,True,missing,0.0,adequate,>2000bps,2020.0,0.55,1,0,1.0,0,1.0,0,,False,no_upcoming,-0.365862,price_history,,2,1.5246,price_history,,-0.684829,,54.9174,0.4900,-0.105593,-0.579236,late,micro,sev1,drug_developer,morningstar,,,,0,0.8825854541181999765009987076,38.31,41.25000000000000000000000000,58.0,90.00,70.73825503355704697986577181,15.34350304540836498856407870,70.018,1.1053,3.0,498,15,1.0,0.0002,0,0,0.0,0.4,0.95,oncology,0.6992,highly_crowded,1.0,166,0.0248237972972973,0.415194,-0.2142,25.73,0.545936,0.1154
TRVI,"Trevi Therapeutics, Inc.",,,D,ineligible,D,ineligible,,0.365724,,0,0.04902,1,0.95098,,0,no_upcoming,9,neutral,deep_drawdown|deep_drawdown_rel_xbi,XS,ineligible,clinical_score:+19.4;catalyst_score:-16.4;smart_money_score:+13.9,tier=D;reason=ineligible;cat_days=NA;strength=missing;decay_w=0.0,v1.3.0,31f399e0,0,deep_drawdown,0,,"{""burn_ttm"": 34458000.0, ""cash_total"": 194927000.0, ""dilution_risk"": null, ""has_revenue"": null, ""lead_phase"": null, ""runway_months"": 67.88333623541703, ""stage_bucket"": ""mid"", ""surv_score"": ""5.0"", ""tier1_count"": 4}",mid|none|pos,0.1,,0.3729,0,1,1.4052,1.5162,4,4,buying,0.3971,elite_4,0.0,0.0,0.0,,,0.0,0,0,0,True,False,True,missing,0.0,adequate,<=1000bps,718.24,0.85,1,0,1.0,0,1.0,0,,False,no_upcoming,0.184138,price_history,,4,0.4488,price_history,,-0.455608,,51.7806,0.6685,-0.105593,-0.350015,mid,small,none,drug_developer,morningstar,,,,0,0.8441713901947615849563465413,50.89,41.25000000000000000000000000,71.5,43.94,77.000,47.39626736111111111111111111,77.2367,1.4096,2.0,35,5,1.0,0.747,1,1,0.0,0.4,0.5,respiratory,-0.4786,uncrowded,1.0,104,0.1,0.634276,0.3432,50.59,0.977032,1.996
SLN,Silence Therapeutics Plc - Amer,,,D,ineligible,D,ineligible,,0.326855,,0,0.094771,1,0.905229,,0,no_upcoming,9,tailwind,deep_drawdown|deep_drawdown_rel_xbi,XS,ineligible,clinical_score:+19.5;catalyst_score:-14.2;smart_money_score:-6.0,tier=D;reason=ineligible;cat_days=NA;strength=missing;decay_w=0.0,v1.3.0,31f399e0,0,deep_drawdown,0,,"{""burn_ttm"": 44984000.0, ""cash_total"": 102192000.0, ""dilution_risk"": null, ""has_revenue"": null, ""lead_phase"": null, ""runway_months"": 27.26089276187089, ""stage_bucket"": ""mid"", ""surv_score"": ""4.0"", ""tier1_count"": 1}",mid|none|pos,0.1,,0.3627,0,1,1.3184,1.4262,1,1,selling,-0.7776,elite_1,0.0,0.0,0.0,,,0.0,0,0,0,True,False,True,missing,0.0,adequate,>2000bps,2020.0,0.55,1,0,1.0,0,1.0,0,,False,no_upcoming,0.169953,price_history,,1,0.2771,price_history,,-0.41978,,40.3728,0.6409,-0.105593,-0.314187,mid,micro,none,drug_developer,morningstar,,,,0,0.7518501094091903719912472648,57.65,41.25000000000000000000000000,49.5,86.36,75.00000000000000000000000000,54.00000000000000000000000000,74.2798,1.285,2.0,356,7,1.0,0.1828,0,0,0.0,0.4,0.95,oncology,0.6992,highly_crowded,1.0,93,0.1,0.673145,0.4486,42.27,0.849823,1.0357
BNTX,BioNTech SE,,,D,ineligible,D,ineligible,,0.542403,,0,0.251634,1,0.748366,,0,no_upcoming,9,headwind,,XS,ineligible,financial_score:-36.6;clinical_score:+22.3;smart_money_score:+15.4,tier=D;reason=ineligible;cat_days=NA;strength=missing;decay_w=0.0,v1.3.0,31f399e0,0,financials_missing,1,"cash_runway_lt_6m,survivability_critical","{""burn_ttm"": 0.0, ""cash_total"": 0.0, ""dilution_risk"": null, ""has_revenue"": null, ""lead_phase"": null, ""runway_months"": 0.0, ""stage_bucket"": ""late"", ""surv_score"": ""-5.0"", ""tier1_count"": 4}",late|none|pos,0.0248237972972973,,1.0763,0,1,0.8366,0.9262,4,4,selling,0.3971,elite_4,0.0,0.0,0.0,,,0.0,0,0,0,True,False,True,missing,0.0,critical,<=400bps,298.62,1.0,0,0,1.0,0,1.0,0,,False,no_upcoming,0.02253,price_history,,4,0.3251,price_history,,-0.232518,,38.357,0.3086,-0.105593,-0.126925,late,unknown,sev2,drug_developer,morningstar,,,,0,0.8558148498462993615511941357,40.98,41.25000000000000000000000000,57.0,50,63.89261744966442953020134228,5,64.7468,0.8831,3.0,21,54,1.0,2.0477,1,2,0.0,0.4,0.95,oncology,0.6992,highly_crowded,1.0,154,0.0248237972972973,0.457597,-0.1065,20.45,0.443463,-0.1422
SABS,"SAB Biotherapeutics, Inc.",,,D,ineligible,D,ineligible,,0.319788,,0,0.114379,1,0.885621,,0,no_upcoming,9,headwind,deep_drawdown|deep_drawdown_rel_xbi,XS,ineligible,clinical_score:+19.6;momentum_score:-18.7;catalyst_score:-12.9,tier=D;reason=ineligible;cat_days=NA;strength=missing;decay_w=0.0,v1.3.0,31f399e0,0,deep_drawdown,0,,"{""burn_ttm"": 27998784.0, ""cash_total"": 110880633.0, ""dilution_risk"": null, ""has_revenue"": null, ""lead_phase"": null, ""runway_months"": 47.52233511283919, ""stage_bucket"": ""mid"", ""surv_score"": ""5.0"", ""tier1_count"": 1}",mid|none|pos,0.1,,0.3604,0,1,1.2642,1.3699,1,1,buying,-0.7776,elite_1,0.0,0.0,0.0,,,0.0,0,0,0,True,False,True,missing,0.0,adequate,>2000bps,2020.0,0.55,1,0,1.0,0,1.0,0,,False,no_upcoming,-0.077679,price_history,,1,0.411,price_history,,-0.880131,,47.6119,,-0.105593,-0.774538,mid,micro,none,drug_developer,morningstar,,,,0,0.7639888500218627022299956275,35.46,41.25000000000000000000000000,55.5,83.33,73.75000000000000000000000000,65.00000000000000000000000000,72.4412,1.2075,2.0,151,4,1.0,0.2841,0,1,0.0,0.4,0.55,infectious_disease,0.6992,highly_crowded,1.0,91,0.1,0.680212,0.4683,46.82,0.927562,1.4579
EYPT,"EyePoint, Inc.",,,D,ineligible,D,ineligible,,0.567138,,0,0.25817,1,0.74183,,0,no_upcoming,9,headwind,deep_drawdown|deep_drawdown_rel_xbi,XS,ineligible,financial_score:-36.0;smart_money_score:+29.6;clinical_score:+20.7,tier=D;reason=ineligible;cat_days=NA;strength=missing;decay_w=0.0,v1.3.0,31f399e0,0,deep_drawdown,0,,"{""burn_ttm"": 175063000.0, ""cash_total"": 204022000.0, ""dilution_risk"": null, ""has_revenue"": null, ""lead_phase"": null, ""runway_months"": 13.985045383661882, ""stage_bucket"": ""late"", ""surv_score"": ""2.0"", ""tier1_count"": 4}",late|none|pos,0.0248237972972973,,1.0755,0,1,0.8017,0.89,4,4,buying,0.3971,elite_4,0.0,0.0,0.0,,,0.0,0,0,0,True,False,True,missing,0.0,short,<=1000bps,660.09,0.85,1,0,1.0,0,1.0,0,,False,no_upcoming,-0.391036,price_history,,4,1.0322,price_history,,-0.698855,,58.646,0.7147,-0.105593,-0.593262,late,small,sev2,drug_developer,morningstar,,,,0,0.9,29.28,41.25000000000000000000000000,72.0,60.53,63.08724832214765100671140939,6.410374849528288681727835171,63.3024,0.8222,3.0,82,9,1.0,1.3344,1,1,0.0,0.4,0.55,ophthalmology,0.2281,moderate,1.0,161,0.0248237972972973,0.432862,-0.1691,14.80,0.220848,-0.7693
LRMR,"Larimar Therapeutics, Inc.",,,D,ineligible,D,ineligible,,0.224382,,0,0.205882,1,0.794118,,0,no_upcoming,9,tailwind,deep_drawdown|deep_drawdown_rel_xbi,XS,ineligible,financial_score:-41.0;momentum_score:+31.6;catalyst_score:-15.7,tier=D;reason=ineligible;cat_days=NA;strength=missing;decay_w=0.0,v1.3.0,31f399e0,0,deep_drawdown,0,,"{""burn_ttm"": 45921000.0, ""cash_total"": 90140000.0, ""dilution_risk"": null, ""has_revenue"": null, ""lead_phase"": null, ""runway_months"": 23.55523616645979, ""stage_bucket"": ""mid"", ""surv_score"": ""4.0"", ""tier1_count"": 5}",mid|none|pos,0.1,,0.3552,0,1,0.9931,1.0886,5,5,buying,0.7886,elite_5,0.0,0.0,0.0,,,0.0,0,0,0,True,False,True,missing,0.0,short,<=1000bps,704.31,0.85,1,0,1.0,0,1.0,0,,False,no_upcoming,0.450788,price_history,,5,0.3122,price_history,,-0.585714,,52.1845,0.7621,-0.105593,-0.480121,mid,small,sev2,drug_developer,morningstar,,,,0,0.7846407657657657657657657658,88.53,41.25000000000000000000000000,71.5,56.06,67.50000000000000000000000000,15.88445216049382716049382716,66.4431,0.9546,2.0,318,2,0.0,0.0707,0,0,0.0,0.6,0.5,other,0.2281,crowded,1.0,64,0.1,0.775618,0.7575,13.73,0.19258,-0.8684
GMAB,Genmab A/S,,,D,ineligible,D,ineligible,,0.574205,,0,0.343137,1,0.656863,,0,no_upcoming,9,neutral,,XS,ineligible,financial_score:-37.7;smart_money_score:+17.8;clinical_score:+15.9,tier=D;reason=ineligible;cat_days=NA;strength=missing;decay_w=0.0,v1.3.0,31f399e0,0,financials_missing,1,"cash_runway_lt_6m,survivability_critical","{""burn_ttm"": 0.0, ""cash_total"": 0.0, ""dilution_risk"": null, ""has_revenue"": null, ""lead_phase"": null, ""runway_months"": 0.0, ""stage_bucket"": ""late"", ""surv_score"": ""-5.0"", ""tier1_count"": 3}",late|none|pos,0.0248237972972973,,1.0574,0,1,0.6096,0.6906,3,3,buying,0.0055,elite_3,0.0,0.0,0.0,,,0.0,0,0,0,True,False,True,missing,0.0,critical,<=1000bps,453.45,0.85,1,0,1.0,0,1.0,0,,False,no_upcoming,0.036197,price_history,,3,0.3347,price_history,,-0.141734,,39.8762,0.3342,-0.105593,-0.036141,late,unknown,sev2,drug_developer,morningstar,,,,0,0.8430982962612399432087079981,48.14,41.25000000000000000000000000,60.5,50,58.65771812080536912751677852,5,58.6095,0.6243,3.0,185,36,1.0,0.3826,0,0,0.0208,0.4,0.95,oncology,0.6992,highly_crowded,1.0,163,0.0248237972972973,0.425795,-0.1871,17.90,0.358657,-0.3621
AVXL,Anavex Life Sciences Corp.,,,D,ineligible,D,ineligible,,0.528269,,0,0.369281,1,0.630719,,0,no_upcoming,9,headwind,high_beta,XS,ineligible,catalyst_score:-8.2;clinical_score:+7.2;financial_score:+7.0,tier=D;reason=ineligible;cat_days=NA;strength=missing;decay_w=0.0,v1.3.0,31f399e0,0,fundamental_red_flag,1,sponsor_absent_late_stage,"{""burn_ttm"": 7151000.0, ""cash_total"": 131749000.0, ""dilution_risk"": null, ""has_revenue"": null, ""lead_phase"": null, ""runway_months"": 221.0862816389316, ""stage_bucket"": ""late"", ""surv_score"": ""5.0"", ""tier1_count"": 0}",late|none|pos,0.0248237972972973,,0.8492,0,1,0.5223,0.5999,0,0,neutral,-1.1691,,0.0,0.0,0.0,,,0.0,0,0,0,True,False,True,missing,0.0,adequate,<=2000bps,1131.52,0.7,1,0,1.0,0,1.0,0,,False,no_upcoming,-0.356869,price_history,,0,2.1393,price_history,,-0.286209,,54.3794,1.1868,-0.105593,-0.180616,late,small,none,drug_developer,morningstar,,,,0,0.7970878661087866108786610879,43.47,41.25000000000000000000000000,,81.58,56.64429530201342281879194631,56.42857142857142857142857143,55.4267,0.4902,3.0,132,8,1.0,0.347,0,1,0.0,0.4,0.6,cns,0.6992,highly_crowded,1.0,150,0.0248237972972973,0.471731,-0.0709,30.75,0.634276,0.3432
MESO,Mesoblast Limited,,,D,ineligible,D,ineligible,,0.775618,,0,0.382353,1,0.617647,254,0,specific_days,9,neutral,,XS,ineligible,financial_score:-33.3;clinical_score:+17.5;momentum_score:+8.5,tier=D;reason=ineligible;cat_days=254;strength=far;decay_w=0.3,v1.3.0,31f399e0,0,financials_missing,1,"cash_runway_lt_6m,sponsor_absent_late_stage,survivability_critical","{""burn_ttm"": 0.0, ""cash_total"": 0.0, ""dilution_risk"": null, ""has_revenue"": null, ""lead_phase"": null, ""runway_months"": 0.0, ""stage_bucket"": ""late"", ""surv_score"": ""-5.0"", ""tier1_count"": 0}",late|near_181_270|pos,-0.0008273846153846155,,0.8476,0,1,0.4873,0.5637,0,0,neutral,-1.1691,,0.0,0.0,0.0,,,0.0,0,0,0,True,False,True,far,0.3,critical,<=2000bps,1723.07,0.7,1,0,1.0,0,1.0,0,254,False,specific_days,-0.025291,price_history,,0,0.8173,price_history,,-0.327004,,54.9352,0.5347,-0.105593,-0.221411,late,unknown,sev2,drug_developer,morningstar,,,,0,0.7992982022471910112359550562,46.82,45.56250000000000000000000000,,50,55.83892617449664429530201342,5,54.7687,0.4624,3.0,,32,1.0,0.0534,0,0,0.0,0.4,0.6,autoimmune,-0.4786,uncrowded,1.0,220,-0.0008273846153846155,0.224382,-0.7575,17.10,0.319788,-0.4683
IMMP,Immutep Limited,,,D,ineligible,D,ineligible,,0.171378,,0,0.29085,1,0.70915,,0,no_upcoming,9,headwind,deep_drawdown|deep_drawdown_rel_xbi,XS,ineligible,financial_score:-33.0;clinical_score:+23.1;momentum_score:+6.8,tier=D;reason=ineligible;cat_days=NA;strength=missing;decay_w=0.0,v1.3.0,31f399e0,0,financials_missing|deep_drawdown,1,"cash_runway_lt_6m,survivability_critical","{""burn_ttm"": 0.0, ""cash_total"": 0.0, ""dilution_risk"": null, ""has_revenue"": null, ""lead_phase"": null, ""runway_months"": 0.0, ""stage_bucket"": ""mid"", ""surv_score"": ""-5.0"", ""tier1_count"": 0}",mid|none|pos,0.1,,0.3462,0,1,0.722,0.8073,0,0,neutral,-1.1691,,0.0,0.0,0.0,,,0.0,0,0,0,True,False,True,missing,0.0,critical,>2000bps,2020.0,0.55,1,0,1.0,0,1.0,0,,False,no_upcoming,0.030566,price_history,,0,0.6704,price_history,,-0.406433,,53.573,0.7295,-0.105593,-0.30084,mid,unknown,sev2,drug_developer,morningstar,,,,0,0.7435914475837242282098832770,45.01,41.25000000000000000000000000,,50,61.25000000000000000000000000,5.166859567901234567901234570,61.25,0.7357,2.0,416,10,1.0,0.035,0,0,0.0833,0.5,0.95,oncology,0.6992,highly_crowded,1.0,49,0.1,0.828622,0.9487,16.06,0.273852,-0.6012
GOSS,"Gossamer Bio, Inc.",,,D,ineligible,D,ineligible,,0.15371,,0,0.310458,1,0.689542,,0,no_upcoming,9,headwind,high_beta|deep_drawdown|deep_drawdown_rel_xbi,XS,ineligible,momentum_score:-38.1;smart_money_score:+37.6;clinical_score:+14.6,tier=D;reason=ineligible;cat_days=NA;strength=missing;decay_w=0.0,v1.3.0,31f399e0,0,deep_drawdown,0,,"{""burn_ttm"": 122952000.0, ""cash_total"": 180224000.0, ""dilution_risk"": null, ""has_revenue"": null, ""lead_phase"": null, ""runway_months"": 17.589693538942026, ""stage_bucket"": ""mid"", ""surv_score"": ""0.0"", ""tier1_count"": 6}",mid|none|pos,0.1,,0.3456,0,1,0.6678,0.751,6,6,buying,1.1802,elite_6,0.0,0.0,0.0,,,0.0,0,0,0,True,False,True,missing,0.0,adequate,<=2000bps,1384.72,0.7,1,0,1.0,0,1.0,0,,False,no_upcoming,-1.038152,price_history,,6,1.8723,price_history,,-0.866263,,33.1084,0.8648,-0.105593,-0.76067,mid,micro,sev1,drug_developer,morningstar,,,,0,0.7866597600872410032715376227,7.25,41.25000000000000000000000000,83.0,90.00,60.00000000000000000000000000,35.35460069444444444444444444,59.2798,0.6526,2.0,1776,7,1.0,0.0991,0,0,0.0,0.4,0.95,oncology,0.6992,highly_crowded,1.0,44,0.1,0.84629,1.0206,27.69,0.581272,0.2051
PRQR,ProQR Therapeutics N.V.,,,D,ineligible,D,ineligible,,0.291519,,0,0.349673,1,0.650327,40,1,specific_days,9,tailwind,deep_drawdown|deep_drawdown_rel_xbi,XS,ineligible,momentum_score:+45.8;financial_score:-45.6;catalyst_score:-12.4,tier=D;reason=ineligible;cat_days=40;strength=near;decay_w=1.0,v1.3.0,31f399e0,0,financials_missing|deep_drawdown,1,"cash_runway_lt_6m,survivability_critical","{""burn_ttm"": 0.0, ""cash_total"": 0.0, ""dilution_risk"": null, ""has_revenue"": null, ""lead_phase"": null, ""runway_months"": 0.0, ""stage_bucket"": ""mid"", ""surv_score"": ""-5.0"", ""tier1_count"": 1}",mid|near_31_90|pos,0.1,,0.3434,0,1,0.5865,0.6666,1,1,buying,-0.7776,elite_1,0.0,0.0,0.0,,,0.0,0,0,0,True,False,True,near,1.0,critical,>2000bps,2036.0,0.55,1,0,1.0,0,1.0,0,40,True,specific_days,1.998341,price_history,,1,0.5165,price_history,,-0.526936,,50.0935,,-0.105593,-0.421343,mid,unknown,sev2,drug_developer,morningstar,,,,0,0.7467380601861874864689326694,96.55,38.38890000000000000000000000,55.5,50,58.12500000000000000000000000,5.166859567901234567901234570,58.375,0.6145,2.0,40,5,1.0,0.789,1,1,0.0,0.5,0.55,ophthalmology,0.6992,highly_crowded,1.0,83,0.1,0.708481,0.549,16.25,0.277385,-0.5906
IRON,"Disc Medicine, Inc.",,,D,ineligible,D,ineligible,,0.196113,,0,0.388889,1,0.611111,,0,no_upcoming,9,headwind,deep_drawdown|deep_drawdown_rel_xbi,XS,ineligible,momentum_score:-41.8;smart_money_score:+29.1;financial_score:+17.6,tier=D;reason=ineligible;cat_days=NA;strength=missing;decay_w=0.0,v1.3.0,31f399e0,0,deep_drawdown,0,,"{""burn_ttm"": 180393000.0, ""cash_total"": 791152000.0, ""dilution_risk"": null, ""has_revenue"": null, ""lead_phase"": null, ""runway_months"": 52.62856097520414, ""stage_bucket"": ""mid"", ""surv_score"": ""5.0"", ""tier1_count"": 8}",mid|none|pos,0.1,,0.3422,0,1,0.478,0.5541,8,8,buying,1.9633,elite_8,0.0,0.0,0.0,,,0.0,0,0,0,True,False,True,missing,0.0,adequate,<=1000bps,463.13,0.85,1,0,1.0,0,1.0,0,,False,no_upcoming,-0.664227,price_history,,8,0.468,price_history,,-0.65156,,25.7001,0.4392,-0.105593,-0.545967,mid,mid,none,drug_developer,morningstar,,,,0,0.8180503198537811286269134110,9.10,41.25000000000000000000000000,80.0,13.64,55.62500000000000000000000000,68.450,54.5548,0.4534,2.0,396,3,0.6667,0.0369,0,0,0.0,0.4,0.5,other,-0.4786,uncrowded,1.0,56,0.1,0.803887,0.8556,48.09,0.941696,1.5692
VOR,Vor Biopharma Inc.,,,D,ineligible,D,ineligible,,0.390459,,0,0.990196,1,0.009804,,0,no_upcoming,9,tailwind,high_vol|deep_drawdown|deep_drawdown_rel_xbi,XS,ineligible,clinical_score:-28.9;momentum_score:+23.8;catalyst_score:+7.4,tier=D;reason=ineligible;cat_days=NA;strength=missing;decay_w=0.0,v1.3.0,31f399e0,0,fundamental_red_flag|deep_drawdown,1,sponsor_absent_late_stage,"{""burn_ttm"": 119912000.0, ""cash_total"": 170462000.0, ""dilution_risk"": null, ""has_revenue"": null, ""lead_phase"": null, ""runway_months"": 17.05870972046167, ""stage_bucket"": ""late"", ""surv_score"": ""2.0"", ""tier1_count"": 0}",late|none|nonpos,0.1,,-0.529,717,1,-1.7178,-1.7248,0,0,neutral,-1.1691,,0.0,0.0,0.0,,,0.0,0,0,0,True,False,True,missing,0.0,adequate,<=1000bps,610.22,0.85,1,0,1.0,0,1.0,0,,False,no_upcoming,0.285254,price_history,,0,1.026,price_history,,-0.401709,,43.6608,1.6831,-0.105593,-0.296116,late,small,sev1,drug_developer,morningstar,,,,0,0.7587068552253116011505273250,57.64,41.25000000000000000000000000,,39.47,5,31.65266929817194367458917724,4.2798,-1.6661,3.0,717,3,0.6667,0.004,0,0,0.0,0.4,0.95,oncology,0.6992,highly_crowded,1.0,111,0.1,0.609541,0.2781,5.58,0.019435,-2.0656
VERA,"Vera Therapeutics, Inc.",,,D,ineligible,D,ineligible,,0.383392,,0,0.98366,1,0.01634,,0,no_upcoming,9,headwind,deep_drawdown|deep_drawdown_rel_xbi,XS,ineligible,clinical_score:-33.5;smart_money_score:+33.0;momentum_score:-26.0,tier=D;reason=ineligible;cat_days=NA;strength=missing;decay_w=0.0,v1.3.0,31f399e0,0,deep_drawdown,0,,"{""burn_ttm"": 171110000.0, ""cash_total"": 497389000.0, ""dilution_risk"": null, ""has_revenue"": null, ""lead_phase"": null, ""runway_months"": 34.88205248086027, ""stage_bucket"": ""late"", ""surv_score"": ""4.0"", ""tier1_count"": 5}",late|none|nonpos,0.1,,-0.4526,846,1,-1.7178,-1.7248,5,5,buying,0.7886,elite_5,0.0,0.0,0.0,,,0.0,0,0,0,True,False,True,missing,0.0,adequate,<=1000bps,439.3,0.85,1,0,1.0,0,1.0,0,,False,no_upcoming,-0.547096,price_history,,5,0.3686,price_history,,-0.626971,,37.5618,0.7858,-0.105593,-0.521378,late,mid,none,drug_developer,morningstar,,,,0,0.7847545752030056962792388801,12.50,41.25000000000000000000000000,71.5,10.00,5,62.50000000000000000000000000,3.5798,-1.6956,3.0,846,3,0.6667,0.0014,0,0,0.0,0.4,0.55,infectious_disease,0.6992,highly_crowded,1.0,109,0.1,0.616608,0.2966,16.41,0.284452,-0.5697
ABVX,Abivax SA,,,D,ineligible,D,ineligible,,0.765018,,0,0.480392,1,0.519608,161,0,specific_days,9,neutral,drawdown_data_missing,XS,ineligible,financial_score:-42.0;smart_money_score:+38.0;momentum_score:+3.0,tier=D;reason=ineligible;cat_days=161;strength=mid;decay_w=0.7,v1.3.0,31f399e0,0,financials_missing,1,"cash_runway_lt_6m,survivability_critical","{""burn_ttm"": 0.0, ""cash_total"": 0.0, ""dilution_risk"": null, ""has_revenue"": null, ""lead_phase"": null, ""runway_months"": 0.0, ""stage_bucket"": ""late"", ""surv_score"": ""-5.0"", ""tier1_count"": 8}",late|near_91_180|pos,0.000335037037037037,,0.8378,0,1,0.2166,0.2828,8,8,buying,1.9633,elite_8,0.0,0.0,0.0,,,0.0,0,0,0,True,False,True,mid,0.7,critical,<=400bps,240.42,1.0,0,0,1.0,0,1.0,0,161,False,specific_days,,,beta_missing:series_too_short,8,,,series_too_short,,no_price_series,,0.7549,-0.105593,,late,unknown,sev2,drug_developer,morningstar,,,drawdown,1,0.7651837588028169014084507042,50,45.56250000000000000000000000,85,50,49.59781591419805914648489308,5,49.9276,0.2583,3.0,34,9,1.0,1.796,2,2,0.0,0.4,0.55,infectious_disease,0.6992,highly_crowded,1.0,217,0.000335037037037037,0.234982,-0.7225,13.23,0.160777,-0.9913
TSHA,"Taysha Gene Therapies, Inc.",,,D,ineligible,D,ineligible,,0.369258,,0,0.977124,1,0.022876,,0,no_upcoming,9,headwind,deep_drawdown|deep_drawdown_rel_xbi,XS,ineligible,smart_money_score:+42.2;clinical_score:-37.8;momentum_score:-14.8,tier=D;reason=ineligible;cat_days=NA;strength=missing;decay_w=0.0,v1.3.0,31f399e0,0,deep_drawdown,0,,"{""burn_ttm"": 66368000.0, ""cash_total"": 297344000.0, ""dilution_risk"": null, ""has_revenue"": null, ""lead_phase"": null, ""runway_months"": 53.76277724204436, ""stage_bucket"": ""late"", ""surv_score"": ""5.0"", ""tier1_count"": 9}",late|none|nonpos,0.1,,-0.4864,1512,1,-1.7178,-1.7248,9,9,buying,2.3548,elite_9,0.0,0.0,0.0,,,0.0,0,0,0,True,False,True,missing,0.0,adequate,<=1000bps,881.38,0.85,1,0,1.0,0,1.0,0,,False,no_upcoming,0.093575,price_history,,9,1.7632,price_history,,-0.769322,,42.9184,0.7836,-0.105593,-0.663729,late,small,none,drug_developer,morningstar,,,,0,0.7976474022183304144775248103,28.03,41.25000000000000000000000000,85,25.94,5,54.80952380952380952380952381,3.5322,-1.6977,3.0,3054,3,0.6667,0.0,0,0,0.0,0.3,0.5,other,-1.1852,uncrowded,1.0,105,0.1,0.630742,0.3338,18.86,0.386926,-0.2873
KOD,Kodiak Sciences Inc,,,D,ineligible,D,ineligible,,0.20318,,0,0.970588,1,0.029412,,0,no_upcoming,9,headwind,deep_drawdown|deep_drawdown_rel_xbi,XS,ineligible,smart_money_score:+33.8;clinical_score:-27.7;financial_score:-27.7,tier=D;reason=ineligible;cat_days=NA;strength=missing;decay_w=0.0,v1.3.0,31f399e0,0,deep_drawdown,0,,"{""burn_ttm"": 96630000.0, ""cash_total"": 72038000.0, ""dilution_risk"": null, ""has_revenue"": null, ""lead_phase"": null, ""runway_months"": 8.94604160198696, ""stage_bucket"": ""late"", ""surv_score"": ""-2.0"", ""tier1_count"": 3}",late|none|nonpos,0.1,,0.7322,0,1,-1.7178,-1.7248,3,3,buying,0.0055,elite_3,0.0,0.0,0.0,,,0.0,0,0,0,True,False,True,missing,0.0,short,<=1000bps,676.83,0.85,1,0,1.0,0,1.0,0,,False,no_upcoming,0.041111,price_history,,3,0.9881,price_history,,-0.87889,,52.995,0.8241,-0.105593,-0.773297,late,small,sev2,drug_developer,morningstar,,,,0,0.8621040671250437012003263023,45.63,41.25000000000000000000000000,66.5,37.97,5,5,4.7566,-1.646,3.0,67,4,1.0,2.4168,1,3,0.0,0.3,0.55,ophthalmology,0.6992,highly_crowded,1.0,58,0.1,0.79682,0.8303,6.21,0.026502,-1.9349
IVVD,"Invivyd, Inc.",,,D,ineligible,D,ineligible,,0.436396,,0,0.964052,1,0.035948,,0,no_upcoming,9,headwind,high_vol|deep_drawdown|deep_drawdown_rel_xbi,XS,ineligible,smart_money_score:+34.9;clinical_score:-25.6;momentum_score:-13.5,tier=D;reason=ineligible;cat_days=NA;strength=missing;decay_w=0.0,v1.3.0,31f399e0,0,deep_drawdown,0,,"{""burn_ttm"": 42680000.0, ""cash_total"": 84967000.0, ""dilution_risk"": null, ""has_revenue"": null, ""lead_phase"": null, ""runway_months"": 23.88950328022493, ""stage_bucket"": ""mid"", ""surv_score"": ""2.0"", ""tier1_count"": 3}",mid|none|nonpos,0.06757794339622641,,-1.014,,0,-1.7178,-1.7248,3,3,buying,0.0055,elite_3,0.0,0.0,0.0,,,0.0,0,0,0,True,False,True,missing,0.0,adequate,<=2000bps,1286.76,0.7,1,0,1.0,0,1.0,0,,False,no_upcoming,-0.664506,price_history,,3,1.3454,price_history,,-0.831941,,45.0969,1.2594,-0.105593,-0.726348,mid,small,sev1,drug_developer,morningstar,,,,0,0.7535186940494997367035281727,17.10,41.25000000000000000000000000,65.5,50,5,24.31640625000000000000000000,3.5798,-1.6956,2.0,,1,0.0,0.0,0,0,0.0,0.4,0.55,infectious_disease,0.6992,highly_crowded,1.0,124,0.06757794339622641,0.563604,0.1601,11.47,0.118375,-1.1832
CNTA,Centessa Pharmaceuticals plc,,,D,ineligible,D,ineligible,,0.09364,,0,0.957516,1,0.042484,,0,no_upcoming,9,headwind,deep_drawdown|deep_drawdown_rel_xbi,XS,ineligible,smart_money_score:+42.3;clinical_score:-29.7;financial_score:-29.7,tier=D;reason=ineligible;cat_days=NA;strength=missing;decay_w=0.0,v1.3.0,31f399e0,0,deep_drawdown,0,,"{""burn_ttm"": 138010000.0, ""cash_total"": 246214000.0, ""dilution_risk"": null, ""has_revenue"": null, ""lead_phase"": null, ""runway_months"": 21.408361712919355, ""stage_bucket"": ""late"", ""surv_score"": ""0.0"", ""tier1_count"": 7}",late|none|nonpos,0.1,,0.7152,0,1,-1.7178,-1.7248,7,7,buying,1.5717,elite_7,0.0,0.0,0.0,,,0.0,0,0,0,True,False,True,missing,0.0,adequate,<=1000bps,533.65,0.85,1,0,1.0,0,1.0,0,,False,no_upcoming,0.051992,price_history,,7,0.4531,price_history,,-0.636364,,60.4391,0.5724,-0.105593,-0.530771,late,mid,sev1,drug_developer,morningstar,,,,0,0.8882535922099513121957012231,45.30,41.25000000000000000000000000,77.0,18.42,5,5,4.1245,-1.6727,3.0,,6,1.0,0.0435,0,0,0.0,0.4,0.75,rare_disease,0.6992,highly_crowded,1.0,27,0.1,0.90636,1.3187,12.60,0.14311,-1.0665
ADCT,ADC Therapeutics SA,,,D,ineligible,D,ineligible,,0.694346,,0,0.911765,1,0.088235,416,0,specific_days,9,headwind,deep_drawdown|deep_drawdown_rel_xbi,XS,ineligible,clinical_score:-35.1;smart_money_score:+24.8;financial_score:+6.6,tier=D;reason=ineligible;cat_days=416;strength=far;decay_w=0.3,v1.3.0,31f399e0,0,deep_drawdown,0,,"{""burn_ttm"": 110051000.0, ""cash_total"": 234738000.0, ""dilution_risk"": null, ""has_revenue"": null, ""lead_phase"": null, ""runway_months"": 23.035925450397038, ""stage_bucket"": ""late"", ""surv_score"": ""3.0"", ""tier1_count"": 3}",late|far_271_540|nonpos,0.01480362015503876,,0.765,0,1,-1.646,-1.6502,3,3,buying,0.0055,elite_3,0.0,0.0,0.0,,,0.0,0,0,0,True,False,True,far,0.3,adequate,<=2000bps,1472.59,0.7,1,0,1.0,0,1.0,0,416,False,specific_days,-0.086691,price_history,,3,1.1035,price_history,,-0.72973,,62.341,0.7505,-0.105593,-0.624137,late,small,none,drug_developer,morningstar,,,,0,0.8089227523150861563708826632,41.52,45.56250000000000000000000000,66.5,90.00,6.656206677376894934662602784,48.29478458049886621315192743,5.5384,-1.6131,3.0,1135,17,1.0,0.0665,0,0,0.0,0.3,0.95,oncology,0.6992,highly_crowded,1.0,197,0.01480362015503876,0.305654,-0.5082,13.48,0.171378,-0.9487
FULC,"Fulcrum Therapeutics, Inc.",,,D,ineligible,D,ineligible,,0.14311,,0,0.905229,1,0.094771,,0,no_upcoming,9,tailwind,deep_drawdown|deep_drawdown_rel_xbi,XS,ineligible,clinical_score:-47.1;momentum_score:+41.9;catalyst_score:-13.4,tier=D;reason=ineligible;cat_days=NA;strength=missing;decay_w=0.0,v1.3.0,31f399e0,0,deep_drawdown,0,,"{""burn_ttm"": 60065000.0, ""cash_total"": 197533000.0, ""dilution_risk"": null, ""has_revenue"": null, ""lead_phase"": null, ""runway_months"": 39.463847498543245, ""stage_bucket"": ""late"", ""surv_score"": ""5.0"", ""tier1_count"": 3}",late|none|nonpos,0.1,,0.767,0,1,-1.61,-1.6129,3,3,buying,0.0055,elite_3,0.0,0.0,0.0,,,0.0,0,0,0,True,False,True,missing,0.0,adequate,<=1000bps,919.56,0.85,1,0,1.0,0,1.0,0,,False,no_upcoming,1.428983,price_history,,3,0.8482,price_history,,-0.47375,,69.8444,1.1313,-0.105593,-0.368157,late,small,none,drug_developer,morningstar,,,,0,0.8089258911819887429643527205,96.55,41.25000000000000000000000000,66.5,67.29,7.484397599707720873434129592,61.28571428571428571428571429,6.4142,-1.5762,3.0,650,4,1.0,0.0143,0,0,0.0,0.4,0.55,infectious_disease,-0.4786,uncrowded,1.0,41,0.1,0.85689,1.0665,15.93,0.266784,-0.6226
OCGN,"Ocugen, Inc.",,,D,ineligible,D,ineligible,,0.263251,,0,0.898693,1,0.101307,,0,no_upcoming,9,headwind,high_beta|deep_drawdown|deep_drawdown_rel_xbi,XS,ineligible,catalyst_score:+22.1;financial_score:-14.1;clinical_score:-10.5,tier=D;reason=ineligible;cat_days=NA;strength=missing;decay_w=0.0,v1.3.0,31f399e0,0,fundamental_red_flag|deep_drawdown,1,sponsor_absent_late_stage,"{""burn_ttm"": 43003000.0, ""cash_total"": 37800000.0, ""dilution_risk"": null, ""has_revenue"": null, ""lead_phase"": null, ""runway_months"": 10.2385842945173, ""stage_bucket"": ""late"", ""surv_score"": ""0.0"", ""tier1_count"": 0}",late|none|nonpos,0.1,,-0.3286,224,1,-1.5615,-1.5626,0,0,neutral,-1.1691,,0.0,0.0,0.0,,,0.0,0,0,0,True,False,True,missing,0.0,short,<=2000bps,1069.58,0.7,1,0,1.0,0,1.0,0,,False,no_upcoming,-0.484726,price_history,,0,2.0522,price_history,,-0.713948,,43.0014,0.7585,-0.105593,-0.608355,late,small,sev2,drug_developer,morningstar,,,,0,0.8569526884272997032640949555,21.61,41.25000000000000000000000000,,61.28,8.602665545596044222232231787,5,7.5325,-1.529,3.0,,6,1.0,0.1546,0,0,0.0,0.4,0.55,ophthalmology,-0.4786,uncrowded,1.0,75,0.1,0.736749,0.6334,4.93,0.0053,-2.5556
PHVS,Pharvaris N.V.,,,D,ineligible,D,ineligible,,0.280919,,0,0.46732,1,0.53268,,0,no_upcoming,9,tailwind,deep_drawdown|deep_drawdown_rel_xbi,XS,ineligible,financial_score:-45.5;smart_money_score:+34.3;momentum_score:+20.7,tier=D;reason=ineligible;cat_days=NA;strength=missing;decay_w=0.0,v1.3.0,31f399e0,0,financials_missing|deep_drawdown,1,"cash_runway_lt_6m,survivability_critical","{""burn_ttm"": 0.0, ""cash_total"": 0.0, ""dilution_risk"": null, ""has_revenue"": null, ""lead_phase"": null, ""runway_months"": 0.0, ""stage_bucket"": ""mid"", ""surv_score"": ""-5.0"", ""tier1_count"": 9}",mid|none|pos,0.1,,-0.8603,892,1,0.2612,0.329,9,9,buying,2.3548,elite_9,0.0,0.0,0.0,,,0.0,0,0,0,True,False,True,missing,0.0,critical,<=2000bps,1159.38,0.7,1,0,1.0,0,1.0,0,,False,no_upcoming,0.894679,price_history,,9,0.4638,price_history,,-0.627273,,57.2673,0.7535,-0.105593,-0.52168,mid,unknown,sev2,drug_developer,morningstar,,,,0,0.7121154311649016641452344932,71.35,41.25000000000000000000000000,85,50,50.62500000000000000000000000,5.166859567901234567901234570,50.4684,0.2811,2.0,40,2,0.3333,0.7171,1,1,0.0,0.4,0.5,other,0.6992,highly_crowded,1.0,80,0.1,0.719081,0.5801,12.98,0.15371,-1.0206
CRSP,CRISPR Therapeutics AG,,,D,ineligible,D,ineligible,,0.107774,,0,0.879085,1,0.120915,,0,no_upcoming,9,headwind,deep_drawdown|deep_drawdown_rel_xbi,XS,ineligible,clinical_score:-33.5;financial_score:+24.1;smart_money_score:+21.6,tier=D;reason=ineligible;cat_days=NA;strength=missing;decay_w=0.0,v1.3.0,31f399e0,0,deep_drawdown,0,,"{""burn_ttm"": 345014000.0, ""cash_total"": 1975828000.0, ""dilution_risk"": null, ""has_revenue"": null, ""lead_phase"": null, ""runway_months"": 68.7216634687288, ""stage_bucket"": ""late"", ""surv_score"": ""3.0"", ""tier1_count"": 3}",late|none|nonpos,0.1,,0.7792,0,1,-1.4624,-1.4598,3,3,buying,0.0055,elite_3,0.0,0.0,0.0,,,0.0,0,0,0,True,False,True,missing,0.0,adequate,<=400bps,316.61,1.0,0,0,1.0,0,1.0,0,,False,no_upcoming,-0.152476,price_history,,3,1.2616,price_history,,-0.407854,,54.0471,0.5582,-0.105593,-0.302261,late,mid,none,drug_developer,morningstar,,,,0,0.8829781999041227229146692234,35.19,41.25000000000000000000000000,66.0,61.30,10.88724732119173810989494968,68.450,9.8304,-1.4321,3.0,899,8,1.0,0.0194,0,0,0.0,0.3,0.95,oncology,0.2281,moderate,1.0,31,0.1,0.892226,1.2385,24.87,0.528269,0.0709
CNTX,Context Therapeutics Inc.,,,D,ineligible,D,ineligible,,0.422261,,0,0.872549,1,0.127451,,0,no_upcoming,9,headwind,deep_drawdown|deep_drawdown_rel_xbi,XS,ineligible,financial_score:+31.5;clinical_score:-23.0;momentum_score:-15.5,tier=D;reason=ineligible;cat_days=NA;strength=missing;decay_w=0.0,v1.3.0,31f399e0,0,deep_drawdown,0,,"{""burn_ttm"": 17442425.0, ""cash_total"": 76938183.0, ""dilution_risk"": null, ""has_revenue"": null, ""lead_phase"": null, ""runway_months"": 52.93175667947548, ""stage_bucket"": ""mid"", ""surv_score"": ""3.0"", ""tier1_count"": 0}",mid|none|nonpos,0.06757794339622641,,-0.3944,73,1,-1.4467,-1.4434,0,0,neutral,-1.1691,,0.0,0.0,0.0,,,0.0,0,0,0,True,False,True,missing,0.0,adequate,<=2000bps,1735.81,0.7,1,0,1.0,0,1.0,0,,False,no_upcoming,-0.343258,price_history,,0,0.2181,price_history,,-0.739098,,40.8644,,-0.105593,-0.633505,mid,micro,none,drug_developer,morningstar,,,,0,0.7678496406854615809839690437,18.70,41.25000000000000000000000000,,80.30,11.25000000000000000000000000,65.68750000000000000000000000,11.4204,-1.3651,2.0,73,5,1.0,0.7341,1,1,0.0,0.3,0.95,oncology,0.6992,highly_crowded,1.0,120,0.06757794339622641,0.577739,0.1961,14.91,0.227915,-0.7457
NUVB,Nuvation Bio Inc.,,,D,ineligible,D,ineligible,,0.722615,,0,0.866013,1,0.133987,712,0,specific_days,9,neutral,high_vol|deep_drawdown|deep_drawdown_rel_xbi,XS,ineligible,clinical_score:-32.6;financial_score:+19.7;smart_money_score:+7.7,tier=D;reason=ineligible;cat_days=712;strength=far;decay_w=0.3,v1.3.0,31f399e0,0,deep_drawdown,0,,"{""burn_ttm"": 143694000.0, ""cash_total"": 549045000.0, ""dilution_risk"": null, ""has_revenue"": null, ""lead_phase"": null, ""runway_months"": 44.273359540368915, ""stage_bucket"": ""late"", ""surv_score"": ""3.0"", ""tier1_count"": 6}",late|far_271_540|nonpos,0.01480362015503876,,0.7815,0,1,-1.3863,-1.3807,6,6,selling,1.1802,elite_6,0.0,0.0,0.0,,,0.0,0,0,0,True,False,True,far,0.3,adequate,<=1000bps,551.15,0.85,1,0,1.0,0,1.0,0,712,False,specific_days,0.011311,price_history,,6,0.9397,price_history,,-0.613115,,63.1929,1.2485,-0.105593,-0.507522,late,mid,none,drug_developer,morningstar,,,,0,0.8124562462281231140615570308,50.13,45.56250000000000000000000000,53.0,50.00,12.64272380123017481695018743,64.92857142857142857142857143,12.5417,-1.3178,3.0,2142,11,1.0,0.2726,1,0,0.0,0.4,0.95,oncology,0.6992,highly_crowded,1.0,205,0.01480362015503876,0.277385,-0.5906,15.94,0.270318,-0.6119
ACIU,AC Immune SA,,,D,ineligible,D,ineligible,,0.9947,,0,0.460784,1,0.539216,437,0,specific_days,9,headwind,deep_drawdown|deep_drawdown_rel_xbi,XS,ineligible,financial_score:-28.9;clinical_score:+16.5;catalyst_score:+11.5,tier=D;reason=ineligible;cat_days=437;strength=far;decay_w=0.3,v1.3.0,31f399e0,0,financials_missing|deep_drawdown,1,"cash_runway_lt_6m,survivability_critical","{""burn_ttm"": 0.0, ""cash_total"": 0.0, ""dilution_risk"": null, ""has_revenue"": null, ""lead_phase"": null, ""runway_months"": 0.0, ""stage_bucket"": ""mid"", ""surv_score"": ""-5.0"", ""tier1_count"": 0}",mid|far_271_540|pos,-0.02260551724137931,,-0.7652,228,1,0.2612,0.329,0,0,neutral,-1.1691,,0.0,0.0,0.0,,,0.0,0,0,0,True,False,True,far,0.3,critical,>2000bps,2020.0,0.55,1,0,1.0,0,1.0,0,437,False,specific_days,-0.260338,price_history,,0,0.6369,price_history,,-0.49896,,57.4812,0.7916,-0.105593,-0.393367,mid,unknown,sev2,drug_developer,morningstar,,,,0,0.7305280533100284028839851431,35.09,45.56250000000000000000000000,,50,50.62500000000000000000000000,5.166859567901234567901234570,49.2048,0.2279,2.0,437,4,1.0,0.0636,0,0,0.0,0.4,0.6,cns,0.6992,highly_crowded,1.0,282,-0.02260551724137931,0.0053,-2.5556,14.20,0.20318,-0.8303
TENX,"Tenax Therapeutics, Inc.",,,D,ineligible,D,ineligible,,0.358657,,0,0.846405,1,0.153595,,0,no_upcoming,9,headwind,deep_drawdown|deep_drawdown_rel_xbi,XS,ineligible,clinical_score:-26.7;financial_score:+19.6;smart_money_score:+14.4,tier=D;reason=ineligible;cat_days=NA;strength=missing;decay_w=0.0,v1.3.0,31f399e0,0,deep_drawdown,0,,"{""burn_ttm"": 22385000.0, ""cash_total"": 99400000.0, ""dilution_risk"": null, ""has_revenue"": null, ""lead_phase"": null, ""runway_months"": 53.28568237659147, ""stage_bucket"": ""late"", ""surv_score"": ""5.0"", ""tier1_count"": 1}",late|none|nonpos,0.1,,0.7852,0,1,-1.3086,-1.3001,1,1,buying,-0.7776,elite_1,0.0,0.0,0.0,,,0.0,0,0,0,True,False,True,missing,0.0,adequate,<=2000bps,1850.21,0.7,1,0,1.0,0,1.0,0,,False,no_upcoming,-0.215404,price_history,,1,0.6734,price_history,,-0.843976,,52.668,,-0.105593,-0.738383,late,micro,none,drug_developer,morningstar,,,,0,0.8539370391124061414322537263,33.61,41.25000000000000000000000000,55.5,90.00,14.43423469413289691655531032,60.73154362416107382550335570,13.7819,-1.2655,3.0,,4,1.0,0.0432,0,0,-0.1667,0.4,0.85,cardiovascular,-0.4786,uncrowded,1.0,102,0.1,0.641343,0.3621,22.27,0.489399,-0.0266
ABEO,Abeona Therapeutics Inc.,,,D,ineligible,D,ineligible,,0.0053,,0,0.833333,1,0.166667,,0,no_upcoming,9,headwind,deep_drawdown|deep_drawdown_rel_xbi,XS,ineligible,financial_score:+28.2;clinical_score:-24.9;momentum_score:-18.4,tier=D;reason=ineligible;cat_days=NA;strength=missing;decay_w=0.0,v1.3.0,31f399e0,0,deep_drawdown,0,,"{""burn_ttm"": 58373000.0, ""cash_total"": 207117000.0, ""dilution_risk"": null, ""has_revenue"": null, ""lead_phase"": null, ""runway_months"": 38.84982606281337, ""stage_bucket"": ""late"", ""surv_score"": ""2.0"", ""tier1_count"": 2}",late|none|nonpos,0.1,,0.7892,0,1,-1.2559,-1.2454,2,2,neutral,-0.386,elite_2,0.0,0.0,0.0,,,0.0,0,0,0,True,False,True,missing,0.0,adequate,<=2000bps,1317.16,0.7,1,0,1.0,0,1.0,0,,False,no_upcoming,-0.42339,price_history,,2,0.8627,price_history,,-0.698824,,37.22,,-0.105593,-0.593231,late,micro,none,drug_developer,morningstar,,,,0,0.8741792361966625601971105387,22.16,41.25000000000000000000000000,55.0,85.34,15.64859440765931464548643955,68.72483221476510067114093960,14.1808,-1.2487,3.0,,7,1.0,0.0,0,0,0.0,0.3,0.5,other,-1.6563,uncrowded,1.0,2,0.1,0.9947,2.5556,25.36,0.542403,0.1065
CTMX,"CytomX Therapeutics, Inc.",,,D,ineligible,D,ineligible,,0.425795,,0,0.826797,1,0.173203,,0,no_upcoming,9,tailwind,deep_drawdown|deep_drawdown_rel_xbi,XS,ineligible,momentum_score:+39.6;clinical_score:-36.1;smart_money_score:+30.0,tier=D;reason=ineligible;cat_days=NA;strength=missing;decay_w=0.0,v1.3.0,31f399e0,0,deep_drawdown,0,,"{""burn_ttm"": 52344000.0, ""cash_total"": 34185000.0, ""dilution_risk"": null, ""has_revenue"": null, ""lead_phase"": null, ""runway_months"": 7.837001375515818, ""stage_bucket"": ""mid"", ""surv_score"": ""-2.0"", ""tier1_count"": 6}",mid|none|nonpos,0.06757794339622641,,0.2817,0,1,-1.2042,-1.1918,6,6,buying,1.1802,elite_6,0.0,0.0,0.0,,,0.0,0,0,0,True,False,True,missing,0.0,adequate,<=1000bps,786.14,0.85,1,0,1.0,0,1.0,0,,False,no_upcoming,0.868157,price_history,,6,0.3775,price_history,,-0.461538,,64.2373,0.9241,-0.105593,-0.355945,mid,small,none,drug_developer,morningstar,,,,0,0.7857006297795771479982006298,92.52,41.25000000000000000000000000,83.0,46.97,16.84027777777777777777777778,31.23456790123456790123456790,16.0215,-1.1711,2.0,133,7,1.0,0.4135,0,1,0.0,0.3,0.95,oncology,0.6992,highly_crowded,1.0,121,0.06757794339622641,0.574205,0.1871,13.95,0.199647,-0.8429
ARGX,argenx SE,,,D,ineligible,D,ineligible,,0.740283,,0,0.513072,1,0.486928,739,0,specific_days,9,neutral,,XS,ineligible,financial_score:-40.1;smart_money_score:+34.9;momentum_score:+2.8,tier=D;reason=ineligible;cat_days=739;strength=far;decay_w=0.3,v1.3.0,31f399e0,0,financials_missing,1,"cash_runway_lt_6m,survivability_critical","{""burn_ttm"": 0.0, ""cash_total"": 0.0, ""dilution_risk"": null, ""has_revenue"": null, ""lead_phase"": null, ""runway_months"": 0.0, ""stage_bucket"": ""late"", ""surv_score"": ""-5.0"", ""tier1_count"": 6}",late|far_271_540|pos,0.008393656250000001,,0.8373,0,1,0.1129,0.1751,6,6,buying,1.1802,elite_6,0.0,0.0,0.0,,,0.0,0,0,0,True,False,True,far,0.3,critical,<=400bps,197.05,1.0,0,0,1.0,0,1.0,0,739,False,specific_days,-0.020326,price_history,,6,0.4054,price_history,,-0.031042,,54.4086,0.2190,-0.105593,0.074551,late,unknown,sev2,drug_developer,morningstar,,,,0,0.8454987170979871709798717098,47.95,45.56250000000000000000000000,80.0,50,47.20573147355724717104835118,5,47.5965,0.16,3.0,214,18,1.0,1.3236,0,1,0.0,0.4,0.95,oncology,0.2281,moderate,1.0,210,0.008393656250000001,0.259717,-0.6442,18.87,0.390459,-0.2781
ASND,Ascendis Pharma A/S,,,D,ineligible,D,ineligible,,0.524735,,0,0.526144,1,0.473856,,0,no_upcoming,9,tailwind,,XS,ineligible,financial_score:-43.2;smart_money_score:+36.8;momentum_score:+15.2,tier=D;reason=ineligible;cat_days=NA;strength=missing;decay_w=0.0,v1.3.0,31f399e0,0,financials_missing,1,"cash_runway_lt_6m,survivability_critical","{""burn_ttm"": 0.0, ""cash_total"": 0.0, ""dilution_risk"": null, ""has_revenue"": null, ""lead_phase"": null, ""runway_months"": 0.0, ""stage_bucket"": ""late"", ""surv_score"": ""-5.0"", ""tier1_count"": 9}",late|none|pos,0.0248237972972973,,0.8363,0,1,0.0786,0.1395,9,9,buying,2.3548,elite_9,0.0,0.0,0.0,,,0.0,0,0,0,True,False,True,missing,0.0,critical,<=400bps,248.3,1.0,0,0,1.0,0,1.0,0,,False,no_upcoming,0.074074,price_history,,9,0.7115,price_history,,-0.067818,,55.3658,0.4165,-0.105593,0.037775,late,unknown,sev2,drug_developer,morningstar,,,,0,0.8447945205479452054794520548,63.36,41.25000000000000000000000000,85,50,46.41637764064681771091392280,5,48.214,0.1861,3.0,32,9,1.0,1.9521,2,2,0.0526,0.4,0.95,oncology,-0.4786,uncrowded,1.0,149,0.0248237972972973,0.475265,-0.062,16.65,0.295053,-0.5387
LEGN,Legend Biotech Corporation,,,D,ineligible,D,ineligible,,0.977032,,0,0.77451,1,0.22549,620,0,specific_days,9,neutral,,XS,ineligible,financial_score:-31.5;smart_money_score:+19.4;momentum_score:+17.0,tier=D;reason=ineligible;cat_days=620;strength=far;decay_w=0.3,v1.3.0,31f399e0,0,financials_missing,1,"cash_runway_lt_6m,survivability_critical","{""burn_ttm"": 0.0, ""cash_total"": 0.0, ""dilution_risk"": null, ""has_revenue"": null, ""lead_phase"": null, ""runway_months"": 0.0, ""stage_bucket"": ""mid"", ""surv_score"": ""-5.0"", ""tier1_count"": 4}",mid|far_271_540|nonpos,-0.011932392857142857,,0.29,0,1,-0.9467,-0.9245,4,4,selling,0.3971,elite_4,0.0,0.0,0.0,,,0.0,0,0,0,True,False,True,far,0.3,critical,<=1000bps,455.48,0.85,1,0,1.0,0,1.0,0,620,False,specific_days,0.094515,price_history,,4,0.5538,price_history,,-0.054732,,57.02,0.3634,-0.105593,0.050861,mid,unknown,sev2,drug_developer,morningstar,,,,0,0.7872774973031283710895361381,53.58,45.56250000000000000000000000,56.0,50,22.77777777777777777777777778,5.166859567901234567901234570,21.66,-0.9334,2.0,902,17,1.0,0.1238,0,0,0.0,0.3,0.95,oncology,0.6992,highly_crowded,1.0,277,-0.011932392857142857,0.022968,-1.996,10.11,0.068905,-1.484
KALV,"KalVista Pharmaceuticals, Inc.",,,D,ineligible,D,ineligible,,0.199647,,0,0.767974,1,0.232026,,0,no_upcoming,9,tailwind,deep_drawdown|deep_drawdown_rel_xbi|overbought_rsi,XS,ineligible,momentum_score:+22.6;clinical_score:-19.0;financial_score:-14.8,tier=D;reason=ineligible;cat_days=NA;strength=missing;decay_w=0.0,v1.3.0,31f399e0,0,deep_drawdown,0,,"{""burn_ttm"": 126985000.0, ""cash_total"": 243497000.0, ""dilution_risk"": null, ""has_revenue"": null, ""lead_phase"": null, ""runway_months"": 23.010308304130408, ""stage_bucket"": ""late"", ""surv_score"": ""1.0"", ""tier1_count"": 2}",late|none|nonpos,0.1,,0.8098,0,1,-0.9253,-0.9023,2,2,selling,-0.386,elite_2,0.0,0.0,0.0,,,0.0,0,0,0,True,False,True,missing,0.0,adequate,<=1000bps,753.69,0.85,1,0,1.0,0,1.0,0,,False,no_upcoming,0.677913,price_history,,2,0.5946,price_history,,-0.561579,,70.7416,0.6376,-0.105593,-0.455986,late,small,sev1,drug_developer,morningstar,,,,0,0.8797695576251455180442374854,64.87,41.25000000000000000000000000,54.5,62.78,23.27107387555115134953880956,27.45371070238795106519974245,21.8509,-0.9254,3.0,345,4,1.0,0.0847,0,0,0.0,0.4,0.55,ophthalmology,0.6992,highly_crowded,1.0,57,0.1,0.800353,0.8429,19.58,0.418728,-0.2051
TARA,"Protara Therapeutics, Inc.",,,D,ineligible,D,ineligible,,0.348057,,0,0.035948,1,0.964052,,0,no_upcoming,9,headwind,deep_drawdown|deep_drawdown_rel_xbi,XS,ineligible,clinical_score:+22.7;catalyst_score:-13.0;momentum_score:-12.7,tier=D;reason=ineligible;cat_days=NA;strength=missing;decay_w=0.0,v1.3.0,31f399e0,0,deep_drawdown,0,,"{""burn_ttm"": 39415000.0, ""cash_total"": 132670000.0, ""dilution_risk"": null, ""has_revenue"": null, ""lead_phase"": null, ""runway_months"": 40.39172903716859, ""stage_bucket"": ""early"", ""surv_score"": ""5.0"", ""tier1_count"": 1}",early|none|pos,0.1,,-1.3312,592,1,1.4052,1.5162,1,1,selling,-0.7776,elite_1,0.0,0.0,0.0,,,0.0,0,0,0,True,False,True,missing,0.0,adequate,<=2000bps,1168.53,0.7,1,0,1.0,0,1.0,0,,False,no_upcoming,-0.159922,price_history,,1,0.5751,price_history,,-0.492281,,46.6987,,-0.105593,-0.386688,early,small,none,drug_developer,morningstar,,,,0,0.7676783346015871290357647570,41.61,41.25000000000000000000000000,54.5,56.82,77.000,56.975000,76.2322,1.3673,1.0,592,2,0.0,0.0035,0,0,0.0,0.3,0.85,oncology,-0.4786,uncrowded,1.0,99,0.1,0.651943,0.3906,48.90,0.95583,1.7042
ZVRA,"Zevra Therapeutics, Inc.",,,D,ineligible,D,ineligible,,0.40106,,0,0.748366,1,0.251634,,0,no_upcoming,9,tailwind,overbought_rsi,XS,ineligible,momentum_score:+19.3;clinical_score:-12.2;financial_score:-10.2,tier=D;reason=ineligible;cat_days=NA;strength=missing;decay_w=0.0,v1.3.0,31f399e0,0,fundamental_red_flag,1,sponsor_absent_late_stage,"{""burn_ttm"": 7114000.0, ""cash_total"": 54439000.0, ""dilution_risk"": null, ""has_revenue"": null, ""lead_phase"": null, ""runway_months"": 91.8285071689626, ""stage_bucket"": ""late"", ""surv_score"": ""0.0"", ""tier1_count"": 0}",late|none|nonpos,0.1,,-0.3741,404,1,-0.8095,-0.7822,0,0,neutral,-1.1691,,0.0,0.0,0.0,,,0.0,0,0,0,True,False,True,missing,0.0,adequate,<=2000bps,1120.07,0.7,1,0,1.0,0,1.0,0,,False,no_upcoming,0.074679,price_history,,0,0.4226,price_history,,-0.135922,,76.3758,0.4964,-0.105593,-0.030329,late,small,none,drug_developer,morningstar,,,,0,0.8486085822664770033191085823,57.48,41.25000000000000000000000000,,47.74,25.94002272169922275773363562,27.94014725231656448587665519,25.1722,-0.7853,3.0,,2,0.3333,0.0345,0,0,0.0,0.6,0.6,cns,-0.9497,moderate,1.0,114,0.1,0.59894,0.2506,19.83,0.425795,-0.1871
DSGN,"Design Therapeutics, Inc.",,,D,ineligible,D,ineligible,,0.121908,,0,0.120915,1,0.879085,,0,no_upcoming,9,headwind,deep_drawdown|deep_drawdown_rel_xbi,XS,ineligible,momentum_score:-33.5;clinical_score:+22.3;smart_money_score:+21.1,tier=D;reason=ineligible;cat_days=NA;strength=missing;decay_w=0.0,v1.3.0,31f399e0,0,deep_drawdown,0,,"{""burn_ttm"": 42392000.0, ""cash_total"": 205970000.0, ""dilution_risk"": null, ""has_revenue"": null, ""lead_phase"": null, ""runway_months"": 58.30439705604831, ""stage_bucket"": ""early"", ""surv_score"": ""5.0"", ""tier1_count"": 4}",early|none|pos,0.1,,-0.1563,0,1,1.2374,1.3421,4,4,buying,0.3971,elite_4,0.0,0.0,0.0,,,0.0,0,0,0,True,False,True,missing,0.0,adequate,<=2000bps,1688.6,0.7,1,0,1.0,0,1.0,0,,False,no_upcoming,-0.50919,price_history,,4,1.0697,price_history,,-0.651154,,42.8211,0.7359,-0.105593,-0.545561,early,small,none,drug_developer,morningstar,,,,0,0.7264303482587064676616915423,17.38,41.25000000000000000000000000,72.0,50,73.13253012048192771084337350,50.60000000000000000000000000,72.0623,1.1915,1.0,217,1,0.0,0.041,0,0,0.0,0.4,0.5,other,-1.1852,uncrowded,1.0,35,0.1,0.878092,1.1655,47.28,0.934629,1.5112
ABOS,"Acumen Pharmaceuticals, Inc.",,,D,ineligible,D,ineligible,,0.008834,,0,0.147059,1,0.852941,,0,no_upcoming,9,headwind,deep_drawdown|deep_drawdown_rel_xbi,XS,ineligible,financial_score:-30.6;clinical_score:+27.7;smart_money_score:+11.1,tier=D;reason=ineligible;cat_days=NA;strength=missing;decay_w=0.0,v1.3.0,31f399e0,0,deep_drawdown,0,,"{""burn_ttm"": 96442000.0, ""cash_total"": 126609000.0, ""dilution_risk"": null, ""has_revenue"": null, ""lead_phase"": null, ""runway_months"": 15.753592832998072, ""stage_bucket"": ""early"", ""surv_score"": ""1.0"", ""tier1_count"": 1}",early|none|pos,0.1,,-1.1149,143,1,1.1904,1.2933,1,1,buying,-0.7776,elite_1,0.0,0.0,0.0,,,0.0,0,0,0,True,False,True,missing,0.0,short,>2000bps,2020.0,0.55,1,0,1.0,0,1.0,0,,False,no_upcoming,-0.311139,price_history,,1,0.5881,price_history,,-0.454198,,50.1748,,-0.105593,-0.348605,early,micro,sev2,drug_developer,morningstar,,,,0,0.7056030047334842560197571517,39.29,41.25000000000000000000000000,55.5,50,72.04819277108433734939759036,13.76631022080289027596329091,70.628,1.131,1.0,143,1,0.0,0.0759,0,0,0.0,0.4,0.6,cns,0.6992,highly_crowded,1.0,3,0.1,0.991166,2.3725,17.44,0.348057,-0.3906
SRRK,Scholar Rock Holding Corporatio,,,D,ineligible,D,ineligible,,0.340989,,0,0.74183,1,0.25817,,0,no_upcoming,9,tailwind,deep_drawdown|deep_drawdown_rel_xbi|overbought_rsi,XS,ineligible,financial_score:-39.6;momentum_score:+37.6;smart_money_score:+23.4,tier=D;reason=ineligible;cat_days=NA;strength=missing;decay_w=0.0,v1.3.0,31f399e0,0,financials_missing|deep_drawdown,1,"cash_runway_lt_6m,survivability_critical","{""burn_ttm"": 0.0, ""cash_total"": 0.0, ""dilution_risk"": null, ""has_revenue"": null, ""lead_phase"": null, ""runway_months"": 0.0, ""stage_bucket"": ""late"", ""surv_score"": ""-5.0"", ""tier1_count"": 7}",late|none|nonpos,0.1,,-0.3865,698,1,-0.7802,-0.7517,7,7,buying,1.5717,elite_7,0.0,0.0,0.0,,,0.0,0,0,0,True,False,True,missing,0.0,critical,<=1000bps,460.05,0.85,1,0,1.0,0,1.0,0,,False,no_upcoming,0.441787,price_history,,7,1.253,price_history,,-0.435397,,70.3801,0.7098,-0.105593,-0.329804,late,unknown,sev2,drug_developer,morningstar,,,,0,0.8183840430250609891328454203,82.20,41.25000000000000000000000000,68.0,50,26.61726949236520877437953245,5,25.7418,-0.7613,3.0,698,3,0.6667,0.0393,0,0,0.0,0.4,0.75,rare_disease,0.6992,highly_crowded,1.0,97,0.1,0.659011,0.4098,9.10,0.051237,-1.633
ABSI,Absci Corporation,,,D,ineligible,D,ineligible,,0.012367,,0,0.735294,1,0.264706,,0,no_upcoming,9,headwind,deep_drawdown|deep_drawdown_rel_xbi,XS,ineligible,smart_money_score:+21.7;clinical_score:-16.8;momentum_score:-6.5,tier=D;reason=ineligible;cat_days=NA;strength=missing;decay_w=0.0,v1.3.0,31f399e0,0,deep_drawdown,0,,"{""burn_ttm"": 63743000.0, ""cash_total"": 152475000.0, ""dilution_risk"": null, ""has_revenue"": null, ""lead_phase"": null, ""runway_months"": 28.70432831840359, ""stage_bucket"": ""late"", ""surv_score"": ""5.0"", ""tier1_count"": 3}",late|none|nonpos,0.1,,-0.3803,,0,-0.7209,-0.6902,3,3,buying,0.0055,elite_3,0.0,0.0,0.0,,,0.0,0,0,0,True,False,True,missing,0.0,adequate,<=2000bps,1036.19,0.7,1,0,1.0,0,1.0,0,,False,no_upcoming,-0.140804,price_history,,3,1.5089,price_history,,-0.715645,,53.5241,0.9218,-0.105593,-0.610052,late,small,none,drug_developer,morningstar,,,,0,0.8089145740436517249471954940,38.28,41.25000000000000000000000000,66.5,80.08,27.98377450465194260518795449,49.90478989949889420788891688,27.2636,-0.6972,3.0,,11,1.0,0.0,0,0,0.0,0.4,0.95,oncology,0.6992,highly_crowded,1.0,4,0.1,0.987633,2.2455,19.50,0.411661,-0.2233
TNYA,"Tenaya Therapeutics, Inc.",,,D,ineligible,D,ineligible,,0.941696,,0,0.722222,1,0.277778,,0,no_upcoming,9,neutral,deep_drawdown|deep_drawdown_rel_xbi|overbought_rsi,XS,ineligible,financial_score:-24.5;smart_money_score:+18.1;momentum_score:+10.8,tier=D;reason=ineligible;cat_days=NA;strength=missing;decay_w=0.0,v1.3.0,31f399e0,0,deep_drawdown,0,,"{""burn_ttm"": 54324000.0, ""cash_total"": 65308000.0, ""dilution_risk"": null, ""has_revenue"": null, ""lead_phase"": null, ""runway_months"": 14.426330903468081, ""stage_bucket"": ""early"", ""surv_score"": ""2.0"", ""tier1_count"": 1}",early|none|nonpos,-0.0027158562874251497,,-1.6077,,0,-0.6707,-0.6381,1,1,buying,-0.7776,elite_1,0.0,0.0,0.0,,,0.0,0,0,0,True,False,True,missing,0.0,short,<=2000bps,1908.19,0.7,1,0,1.0,0,1.0,0,,False,no_upcoming,-0.054455,price_history,,1,1.4244,price_history,,-0.811718,,71.576,1.1737,-0.105593,-0.706125,early,micro,sev2,drug_developer,morningstar,,,,0,0.7095961677140208097249407644,48.21,41.25000000000000000000000000,55.5,50,29.14033644618635183303495105,12.85737326817309398235512331,27.6725,-0.6799,0.0,1959,1,0.0,0.0,0,0,0.0,0.0,0.5,other,-2.1274,uncrowded,1.0,267,-0.0027158562874251497,0.058304,-1.5692,7.74,0.037102,-1.7853
GHRS,GH Research PLC,,,D,ineligible,D,ineligible,,0.146643,,0,0.01634,1,0.98366,,0,no_upcoming,9,headwind,deep_drawdown|deep_drawdown_rel_xbi,XS,ineligible,financial_score:-41.8;clinical_score:+30.2;smart_money_score:+24.7,tier=D;reason=ineligible;cat_days=NA;strength=missing;decay_w=0.0,v1.3.0,31f399e0,0,financials_missing|deep_drawdown,1,"cash_runway_lt_6m,survivability_critical","{""burn_ttm"": 0.0, ""cash_total"": 0.0, ""dilution_risk"": null, ""has_revenue"": null, ""lead_phase"": null, ""runway_months"": 0.0, ""stage_bucket"": ""early"", ""surv_score"": ""-5.0"", ""tier1_count"": 5}",early|none|pos,0.1,,-0.1389,0,1,1.4052,1.5162,5,5,buying,0.7886,elite_5,0.0,0.0,0.0,,,0.0,0,0,0,True,False,True,missing,0.0,critical,<=2000bps,1358.9,0.7,1,0,1.0,0,1.0,0,,False,no_upcoming,-0.19407,price_history,,5,0.8107,price_history,,-0.525415,,46.4256,0.9535,-0.105593,-0.419822,early,unknown,sev2,drug_developer,morningstar,,,,0,0.6752108817614057372710913518,39.25,41.25000000000000000000000000,71.5,50,77.000,5,75.5798,1.3398,1.0,,1,0.0,0.0,0,0,0.0,0.4,0.6,cns,0.6992,highly_crowded,1.0,42,0.1,0.853357,1.0509,21.93,0.485866,-0.0354
IKT,"Inhibikase Therapeutics, Inc.",,,D,ineligible,D,ineligible,,0.164311,,0,0.179739,1,0.820261,,0,no_upcoming,9,headwind,deep_drawdown|deep_drawdown_rel_xbi,XS,ineligible,financial_score:-27.3;clinical_score:+25.7;smart_money_score:+5.7,tier=D;reason=ineligible;cat_days=NA;strength=missing;decay_w=0.0,v1.3.0,31f399e0,0,deep_drawdown,0,,"{""burn_ttm"": 20270491.0, ""cash_total"": 39052511.0, ""dilution_risk"": null, ""has_revenue"": null, ""lead_phase"": null, ""runway_months"": 23.118834763301983, ""stage_bucket"": ""early"", ""surv_score"": ""4.0"", ""tier1_count"": 1}",early|none|pos,0.1,,-1.3592,527,1,1.0806,1.1794,1,1,selling,-0.7776,elite_1,0.0,0.0,0.0,,,0.0,0,0,0,True,False,True,missing,0.0,adequate,<=2000bps,1865.77,0.7,1,0,1.0,0,1.0,0,,False,no_upcoming,-0.190253,price_history,,1,0.521,price_history,,-0.540541,,66.444,,-0.105593,-0.434948,early,micro,sev1,drug_developer,morningstar,,,,0,0.6055976282117965255383335067,42.19,41.25000000000000000000000000,49.5,50,69.51807228915662650602409639,16.54905566039257431331752714,67.7002,1.0076,1.0,527,1,0.0,0.0031,0,0,0.0,0.3,0.5,other,0.6992,highly_crowded,1.0,47,0.1,0.835689,0.9769,30.97,0.641343,0.3621
PTGX,"Protagonist Therapeutics, Inc.",,,D,ineligible,D,ineligible,,0.637809,,0,0.53268,1,0.46732,,0,no_upcoming,9,tailwind,deep_drawdown|deep_drawdown_rel_xbi,XS,ineligible,smart_money_score:+19.4;financial_score:-15.8;momentum_score:+13.8,tier=D;reason=ineligible;cat_days=NA;strength=missing;decay_w=0.0,v1.3.0,31f399e0,0,deep_drawdown,0,,"{""burn_ttm"": 0.0, ""cash_total"": 567364000.0, ""dilution_risk"": null, ""has_revenue"": null, ""lead_phase"": null, ""runway_months"": null, ""stage_bucket"": ""late"", ""surv_score"": ""5.0"", ""tier1_count"": 5}",late|none|pos,0.0248237972972973,,0.836,0,1,0.0446,0.1042,5,5,buying,0.7886,elite_5,0.0,0.0,0.0,,,0.0,0,0,0,True,False,True,missing,0.0,adequate,<=400bps,371.54,1.0,0,0,1.0,0,1.0,0,,False,no_upcoming,0.33352,price_history,,5,1.2109,price_history,,-0.633449,,60.5151,0.6429,-0.105593,-0.527856,late,mid,none,drug_developer,morningstar,,,,0,0.8802005504367596027282517650,65.95,41.25000000000000000000000000,71.5,15.33,45.63102763138797551661837055,36.34416729654824892920131016,46.0218,0.0937,3.0,763,9,1.0,2.2507,3,3,0.0,0.4,0.6,autoimmune,0.2281,moderate,1.0,181,0.0248237972972973,0.362191,-0.3526,36.39,0.736749,0.6334
DRUG,Bright Minds Biosciences Inc.,,,D,ineligible,D,ineligible,,0.118375,,0,0.173203,1,0.826797,,0,no_upcoming,9,headwind,deep_drawdown|deep_drawdown_rel_xbi,XS,ineligible,financial_score:-38.0;clinical_score:+26.5;smart_money_score:+23.5,tier=D;reason=ineligible;cat_days=NA;strength=missing;decay_w=0.0,v1.3.0,31f399e0,0,financials_missing|deep_drawdown,1,"cash_runway_lt_6m,survivability_critical","{""burn_ttm"": 0.0, ""cash_total"": 0.0, ""dilution_risk"": null, ""has_revenue"": null, ""lead_phase"": null, ""runway_months"": 0.0, ""stage_bucket"": ""early"", ""surv_score"": ""-5.0"", ""tier1_count"": 3}",early|none|pos,0.1,,-0.9851,104,1,1.0806,1.1794,3,3,buying,0.0055,elite_3,0.0,0.0,0.0,,,0.0,0,0,0,True,False,True,missing,0.0,critical,<=1000bps,819.19,0.85,1,0,1.0,0,1.0,0,,False,no_upcoming,-0.221006,price_history,,3,0.4478,price_history,,-0.725085,,44.3649,,-0.105593,-0.619492,early,unknown,sev2,drug_developer,morningstar,,,,0,0.6632225183140460770782460983,32.65,41.25000000000000000000000000,66.5,50,69.51807228915662650602409639,5,68.0979,1.0244,1.0,104,1,0.0,0.1051,0,0,0.0,0.4,0.5,other,0.6992,highly_crowded,1.0,34,0.1,0.881625,1.1832,20.95,0.457597,-0.1065
TRDA,"Entrada Therapeutics, Inc.",,,D,ineligible,D,ineligible,,0.94523,,0,0.715686,1,0.284314,,0,no_upcoming,9,headwind,deep_drawdown|deep_drawdown_rel_xbi,XS,ineligible,financial_score:-26.0;smart_money_score:+18.5;catalyst_score:+10.2,tier=D;reason=ineligible;cat_days=NA;strength=missing;decay_w=0.0,v1.3.0,31f399e0,0,deep_drawdown,0,,"{""burn_ttm"": 128512000.0, ""cash_total"": 90394000.0, ""dilution_risk"": null, ""has_revenue"": null, ""lead_phase"": null, ""runway_months"": 8.440674800796813, ""stage_bucket"": ""early"", ""surv_score"": ""-2.0"", ""tier1_count"": 1}",early|none|nonpos,-0.0027158562874251497,,-1.6066,,0,-0.6164,-0.5817,1,1,selling,-0.7776,elite_1,0.0,0.0,0.0,,,0.0,0,0,0,True,False,True,missing,0.0,short,>2000bps,2020.0,0.55,1,0,1.0,0,1.0,0,,False,no_upcoming,-0.386182,price_history,,1,0.6109,price_history,,-0.413339,,42.8365,0.5606,-0.105593,-0.307746,early,small,sev2,drug_developer,morningstar,,,,0,0.7763720452422953201203694096,29.03,41.25000000000000000000000000,49.5,50,30.39257431331752713665908615,5,28.9247,-0.6271,0.0,743,1,0.0,0.0,0,0,0.0,0.0,0.5,other,-0.4786,uncrowded,1.0,268,-0.0027158562874251497,0.05477,-1.6003,8.14,0.040636,-1.7434
BCYC,Bicycle Therapeutics plc,,,D,ineligible,D,ineligible,,0.058304,,0,0.003268,1,0.996732,,0,no_upcoming,9,neutral,deep_drawdown|deep_drawdown_rel_xbi,XS,ineligible,clinical_score:+23.0;catalyst_score:-12.8;financial_score:-12.8,tier=D;reason=ineligible;cat_days=NA;strength=missing;decay_w=0.0,v1.3.0,31f399e0,0,deep_drawdown,0,,"{""burn_ttm"": 230329000.0, ""cash_total"": 648325000.0, ""dilution_risk"": null, ""has_revenue"": null, ""lead_phase"": null, ""runway_months"": 33.777335897781, ""stage_bucket"": ""early"", ""surv_score"": ""5.0"", ""tier1_count"": 2}",early|none|pos,0.1,,-1.299,304,1,1.4052,1.5162,2,2,neutral,-0.386,elite_2,0.0,0.0,0.0,,,0.0,0,0,0,True,False,True,missing,0.0,adequate,>2000bps,2020.0,0.55,1,0,1.0,0,1.0,0,,False,no_upcoming,0.035187,price_history,,2,0.7393,price_history,,-0.455914,,41.6382,0.6162,-0.105593,-0.350321,early,small,none,drug_developer,morningstar,,,,0,0.7868349891338093759701955914,53.08,41.25000000000000000000000000,57.5,50,77.000,41.25000000000000000000000000,75.8822,1.3525,1.0,304,1,0.0,0.0198,0,0,0.0,0.3,0.85,oncology,0.6992,highly_crowded,1.0,17,0.1,0.941696,1.5692,49.36,0.966431,1.8308
PVLA,"Palvella Therapeutics, Inc.",,,D,ineligible,D,ineligible,,0.998233,,0,0.702614,1,0.297386,254,0,specific_days,9,tailwind,deep_drawdown|deep_drawdown_rel_xbi,XS,ineligible,financial_score:-25.6;smart_money_score:+25.6;momentum_score:+16.1,tier=D;reason=ineligible;cat_days=254;strength=far;decay_w=0.3,v1.3.0,31f399e0,0,deep_drawdown,0,,"{""burn_ttm"": 20080000.0, ""cash_total"": 63567000.0, ""dilution_risk"": null, ""has_revenue"": null, ""lead_phase"": null, ""runway_months"": 37.98824701195219, ""stage_bucket"": ""late"", ""surv_score"": ""5.0"", ""tier1_count"": 4}",late|near_181_270|nonpos,-0.02548249180327869,,0.8203,0,1,-0.585,-0.5491,4,4,buying,0.3971,elite_4,0.0,0.0,0.0,,,0.0,0,0,0,True,False,True,far,0.3,adequate,<=1000bps,491.35,0.85,1,0,1.0,0,1.0,0,254,False,specific_days,0.346365,price_history,,4,0.3668,price_history,,-0.616438,,63.2446,,-0.105593,-0.510845,late,small,none,drug_developer,morningstar,,,,0,0.8521463044998834227092562369,62.53,45.56250000000000000000000000,72.0,37.22,31.11696670320155748740046744,20.77906553567929229304890680,31.9235,-0.5007,3.0,161,4,1.0,1.2211,1,2,0.0,0.7,0.5,other,-3.5407,uncrowded,1.0,283,-0.02548249180327869,0.001767,-2.9171,21.30,0.464664,-0.0887
FATE,"Fate Therapeutics, Inc.",,,D,ineligible,D,ineligible,,0.432862,,0,0.696078,1,0.303922,,0,no_upcoming,9,headwind,deep_drawdown|deep_drawdown_rel_xbi,XS,ineligible,momentum_score:-31.4;smart_money_score:+21.9;financial_score:+14.3,tier=D;reason=ineligible;cat_days=NA;strength=missing;decay_w=0.0,v1.3.0,31f399e0,0,deep_drawdown,0,,"{""burn_ttm"": 106084000.0, ""cash_total"": 203657000.0, ""dilution_risk"": null, ""has_revenue"": null, ""lead_phase"": null, ""runway_months"": 23.037253497228612, ""stage_bucket"": ""mid"", ""surv_score"": ""4.0"", ""tier1_count"": 2}",mid|none|nonpos,0.06757794339622641,,0.3083,0,1,-0.5799,-0.5438,2,2,buying,-0.386,elite_2,0.0,0.0,0.0,,,0.0,0,0,0,True,False,True,missing,0.0,adequate,>2000bps,2020.0,0.55,1,0,1.0,0,1.0,0,,False,no_upcoming,-0.798394,price_history,,2,0.8084,price_history,,-0.87096,,25.331,0.8890,-0.105593,-0.765367,mid,micro,none,drug_developer,morningstar,,,,0,0.7794034090909090909090909091,7.25,41.25000000000000000000000000,60.5,90.00,31.23456790123456790123456790,52.93750000000000000000000000,30.5355,-0.5592,2.0,,16,1.0,0.2547,0,0,0.0,0.3,0.95,oncology,-0.4786,uncrowded,1.0,123,0.06757794339622641,0.567138,0.1691,23.85,0.514134,0.0354
EDIT,"Editas Medicine, Inc.",,,D,ineligible,D,ineligible,,0.680212,,0,0.212418,1,0.787582,854,0,specific_days,9,headwind,deep_drawdown|deep_drawdown_rel_xbi,XS,ineligible,clinical_score:+30.7;financial_score:-24.3;momentum_score:-15.7,tier=D;reason=ineligible;cat_days=854;strength=far;decay_w=0.3,v1.3.0,31f399e0,0,deep_drawdown,0,,"{""burn_ttm"": 128854000.0, ""cash_total"": 165648000.0, ""dilution_risk"": null, ""has_revenue"": null, ""lead_phase"": null, ""runway_months"": 14.22828421495472, ""stage_bucket"": ""early"", ""surv_score"": ""0.0"", ""tier1_count"": 0}",early|far_271_540|pos,0.01927048275862069,,-1.3821,854,1,0.9709,1.0655,0,0,neutral,-1.1691,,0.0,0.0,0.0,,,0.0,0,0,0,True,False,True,far,0.3,short,<=2000bps,1626.3,0.7,1,0,1.0,0,1.0,0,854,False,specific_days,-0.481545,price_history,,0,1.7423,price_history,,-0.622951,,39.712,0.8096,-0.105593,-0.517358,early,micro,sev2,drug_developer,morningstar,,,,0,0.7741403320835565077664702732,20.54,45.56250000000000000000000000,,79.55,66.98795180722891566265060241,11.95775874582668021483524459,65.1701,0.9009,1.0,854,3,0.6667,0.0004,0,0,0.0,0.3,0.55,ophthalmology,0.6992,highly_crowded,1.0,193,0.01927048275862069,0.319788,-0.4683,12.91,0.146643,-1.0509
MCRB,"Seres Therapeutics, Inc.",,,D,ineligible,D,ineligible,,0.234982,,0,0.683007,1,0.316993,,0,no_upcoming,9,headwind,deep_drawdown|deep_drawdown_rel_xbi,XS,ineligible,financial_score:+16.1;clinical_score:-11.6;catalyst_score:-3.3,tier=D;reason=ineligible;cat_days=NA;strength=missing;decay_w=0.0,v1.3.0,31f399e0,0,fundamental_red_flag|deep_drawdown,1,sponsor_absent_late_stage,"{""burn_ttm"": 0.0, ""cash_total"": 47638000.0, ""dilution_risk"": null, ""has_revenue"": null, ""lead_phase"": null, ""runway_months"": null, ""stage_bucket"": ""late"", ""surv_score"": ""4.0"", ""tier1_count"": 0}",late|none|nonpos,0.1,,0.8208,0,1,-0.508,-0.4692,0,0,neutral,-1.1691,,0.0,0.0,0.0,,,0.0,0,0,0,True,False,True,missing,0.0,adequate,>2000bps,2036.0,0.55,1,0,1.0,0,1.0,0,,False,no_upcoming,-0.232153,price_history,,0,1.3334,price_history,,-0.424309,,41.3303,1.1067,-0.105593,-0.318716,late,micro,none,drug_developer,morningstar,,,,0,0.8030123231401186672752167960,43.28,41.25000000000000000000000000,,90.00,32.89266249268050988694202964,60.67114093959731543624161074,32.5225,-0.4755,3.0,,5,1.0,0.0026,0,0,0.0,0.4,0.95,oncology,-0.4786,uncrowded,1.0,67,0.1,0.765018,0.7225,19.12,0.397527,-0.2598
AURA,"Aura Biosciences, Inc.",,,D,ineligible,D,ineligible,,0.415194,,0,0.676471,1,0.323529,,0,no_upcoming,9,headwind,deep_drawdown|deep_drawdown_rel_xbi,XS,ineligible,financial_score:-24.0;smart_money_score:+18.3;catalyst_score:+7.6,tier=D;reason=ineligible;cat_days=NA;strength=missing;decay_w=0.0,v1.3.0,31f399e0,0,deep_drawdown,0,,"{""burn_ttm"": 64273000.0, ""cash_total"": 47553000.0, ""dilution_risk"": null, ""has_revenue"": null, ""lead_phase"": null, ""runway_months"": 8.878315933595756, ""stage_bucket"": ""mid"", ""surv_score"": ""-2.0"", ""tier1_count"": 2}",mid|none|nonpos,0.06757794339622641,,-0.8778,458,1,-0.484,-0.4443,2,2,selling,-0.386,elite_2,0.0,0.0,0.0,,,0.0,0,0,0,True,False,True,missing,0.0,short,>2000bps,2020.0,0.55,1,0,1.0,0,1.0,0,,False,no_upcoming,-0.243435,price_history,,2,0.5938,price_history,,-0.550129,,42.2074,0.5411,-0.105593,-0.444536,mid,small,sev2,drug_developer,morningstar,,,,0,0.8473825268817204301075268817,32.00,41.25000000000000000000000000,52.0,65.15,33.44521604938271604938271605,9.640625000000000000000000000,32.3274,-0.4837,2.0,458,5,1.0,0.022,0,0,0.0,0.3,0.95,oncology,0.6992,highly_crowded,1.0,118,0.06757794339622641,0.584806,0.2142,9.38,0.061837,-1.5395
LYEL,"Lyell Immunopharma, Inc.",,,D,ineligible,D,ineligible,,0.871025,,0,0.669935,1,0.330065,,0,no_upcoming,9,headwind,deep_drawdown|deep_drawdown_rel_xbi,XS,ineligible,momentum_score:-25.7;financial_score:+19.0;smart_money_score:+17.9,tier=D;reason=ineligible;cat_days=NA;strength=missing;decay_w=0.0,v1.3.0,31f399e0,0,deep_drawdown,0,,"{""burn_ttm"": 117773000.0, ""cash_total"": 319624000.0, ""dilution_risk"": null, ""has_revenue"": null, ""lead_phase"": null, ""runway_months"": 32.56678525638304, ""stage_bucket"": ""early"", ""surv_score"": ""5.0"", ""tier1_count"": 2}",early|none|nonpos,-0.0027158562874251497,,-1.4721,677,1,-0.4782,-0.4383,2,2,buying,-0.386,elite_2,0.0,0.0,0.0,,,0.0,0,0,0,True,False,True,missing,0.0,adequate,<=2000bps,1990.72,0.7,1,0,1.0,0,1.0,0,,False,no_upcoming,-0.683963,price_history,,2,1.3805,price_history,,-0.638452,,37.5586,0.9083,-0.105593,-0.532859,early,small,none,drug_developer,morningstar,,,,0,0.7112309447267447889660893913,17.40,41.25000000000000000000000000,61.0,50,33.57961968355349107272463347,62.07500000000000000000000000,32.4618,-0.478,1.0,677,2,0.3333,0.0015,0,0,0.0,0.3,0.85,oncology,0.6992,highly_crowded,1.0,247,-0.0027158562874251497,0.128975,-1.1312,27.43,0.574205,0.1871
TCRX,"TScan Therapeutics, Inc.",,,D,ineligible,D,ineligible,,0.355124,,0,0.264706,1,0.735294,,0,no_upcoming,9,headwind,deep_drawdown|deep_drawdown_rel_xbi,XS,ineligible,clinical_score:+19.4;financial_score:-18.9;smart_money_score:+17.7,tier=D;reason=ineligible;cat_days=NA;strength=missing;decay_w=0.0,v1.3.0,31f399e0,0,deep_drawdown,0,,"{""burn_ttm"": 103317000.0, ""cash_total"": 184453000.0, ""dilution_risk"": null, ""has_revenue"": null, ""lead_phase"": null, ""runway_months"": 21.003529947620134, ""stage_bucket"": ""early"", ""surv_score"": ""3.0"", ""tier1_count"": 2}",early|none|pos,0.1,,-1.3942,1046,1,0.7828,0.8703,2,2,buying,-0.386,elite_2,0.0,0.0,0.0,,,0.0,0,0,0,True,False,True,missing,0.0,adequate,>2000bps,2036.0,0.55,1,0,1.0,0,1.0,0,,False,no_upcoming,-0.309466,price_history,,2,0.5484,price_history,,-0.611111,,54.1658,,-0.105593,-0.505518,early,micro,sev1,drug_developer,morningstar,,,,0,0.7584115138592750533049040512,26.98,41.25000000000000000000000000,61.0,90.00,62.65060240963855421686746988,24.37989709843389622748020193,61.5328,0.7476,1.0,1046,4,0.0,0.0,0,0,0.0,0.3,0.85,oncology,0.6992,highly_crowded,1.0,101,0.1,0.644876,0.3715,30.04,0.620141,0.3059
ERAS,"Erasca, Inc.",,,D,ineligible,D,ineligible,,0.683746,,0,0.303922,1,0.696078,771,0,specific_days,9,headwind,high_vol|deep_drawdown|deep_drawdown_rel_xbi,XS,ineligible,momentum_score:-27.4;smart_money_score:+22.0;clinical_score:+16.0,tier=D;reason=ineligible;cat_days=771;strength=far;decay_w=0.3,v1.3.0,31f399e0,0,deep_drawdown,0,,"{""burn_ttm"": 73744000.0, ""cash_total"": 288400000.0, ""dilution_risk"": null, ""has_revenue"": null, ""lead_phase"": null, ""runway_months"": 46.92991972228249, ""stage_bucket"": ""early"", ""surv_score"": ""3.0"", ""tier1_count"": 3}",early|far_271_540|pos,0.01927048275862069,,-0.9916,97,1,0.6887,0.7727,3,3,buying,0.0055,elite_3,0.0,0.0,0.0,,,0.0,0,0,0,True,False,True,far,0.3,adequate,<=400bps,374.33,1.0,0,0,1.0,0,1.0,0,771,False,specific_days,-0.644243,price_history,,3,1.5504,price_history,,-0.692308,,35.0792,1.2457,-0.105593,-0.586715,early,mid,none,drug_developer,morningstar,,,,0,0.7634936288088642659279778393,17.09,45.56250000000000000000000000,66.5,11.36,60.48192771084337349397590361,32.80737407461169981129336624,59.3641,0.6562,1.0,97,5,1.0,0.1123,0,0,0.0,0.3,0.85,oncology,0.6992,highly_crowded,1.0,194,0.01927048275862069,0.316254,-0.4782,34.90,0.715548,0.5697
NTLA,"Intellia Therapeutics, Inc.",,,D,ineligible,D,ineligible,,0.25265,,0,0.316993,1,0.683007,,0,no_upcoming,9,headwind,high_vol|deep_drawdown|deep_drawdown_rel_xbi,XS,ineligible,clinical_score:+19.7;momentum_score:-19.1;financial_score:-16.8,tier=D;reason=ineligible;cat_days=NA;strength=missing;decay_w=0.0,v1.3.0,31f399e0,0,deep_drawdown,0,,"{""burn_ttm"": 325451000.0, ""cash_total"": 511044000.0, ""dilution_risk"": null, ""has_revenue"": null, ""lead_phase"": null, ""runway_months"": 18.843168403231207, ""stage_bucket"": ""early"", ""surv_score"": ""3.0"", ""tier1_count"": 1}",early|none|pos,0.1,,-1.3986,440,1,0.6574,0.7401,1,1,neutral,-0.7776,elite_1,0.0,0.0,0.0,,,0.0,0,0,0,True,False,True,missing,0.0,adequate,<=1000bps,404.59,0.85,1,0,1.0,0,1.0,0,,False,no_upcoming,-0.458467,price_history,,1,1.4199,price_history,,-0.660822,,36.9147,1.2984,-0.105593,-0.555229,early,small,sev1,drug_developer,morningstar,,,,0,0.7256705189707806367204535543,20.91,41.25000000000000000000000000,55.0,63.89,59.75903614457831325301204819,23.26777777777777777777777778,58.6412,0.6257,1.0,440,3,0.6667,0.0065,0,0,0.0,0.3,0.85,oncology,0.6992,highly_crowded,1.0,72,0.1,0.74735,0.6662,28.11,0.595406,0.2415
NGNE,Neurogene Inc.,,,D,ineligible,D,ineligible,,0.245583,,0,0.277778,1,0.722222,,0,no_upcoming,9,headwind,deep_drawdown|deep_drawdown_rel_xbi,XS,ineligible,smart_money_score:+29.3;momentum_score:-17.2;catalyst_score:-14.5,tier=D;reason=ineligible;cat_days=NA;strength=missing;decay_w=0.0,v1.3.0,31f399e0,0,deep_drawdown,0,,"{""burn_ttm"": 59744000.0, ""cash_total"": 265410000.0, ""dilution_risk"": null, ""has_revenue"": null, ""lead_phase"": null, ""runway_months"": 53.30945366898768, ""stage_bucket"": ""early"", ""surv_score"": ""5.0"", ""tier1_count"": 8}",early|none|pos,0.1,,-0.1958,0,1,0.7514,0.8378,8,8,buying,1.9633,elite_8,0.0,0.0,0.0,,,0.0,0,0,0,True,False,True,missing,0.0,adequate,<=2000bps,1586.17,0.7,1,0,1.0,0,1.0,0,,False,no_upcoming,-0.105316,price_history,,8,0.5147,price_history,,-0.843902,,64.4884,0.823,-0.105593,-0.738309,early,small,none,drug_developer,morningstar,,,,0,0.7881479071784862285838212969,38.56,41.25000000000000000000000000,85,75.00,61.92771084337349397590361446,51.87500000000000000000000000,60.1228,0.6881,1.0,573,5,1.0,0.0021,0,0,0.0,0.3,0.65,rare_disease,0.6992,highly_crowded,1.0,70,0.1,0.754417,0.6885,40.65,0.825088,0.9349
AVIR,"Atea Pharmaceuticals, Inc.",,,D,ineligible,D,ineligible,,0.051237,,0,0.650327,1,0.349673,,0,no_upcoming,9,headwind,deep_drawdown|deep_drawdown_rel_xbi,XS,ineligible,financial_score:-24.4;smart_money_score:+16.0;catalyst_score:+8.2,tier=D;reason=ineligible;cat_days=NA;strength=missing;decay_w=0.0,v1.3.0,31f399e0,0,deep_drawdown,0,,"{""burn_ttm"": 103808000.0, ""cash_total"": 77344000.0, ""dilution_risk"": null, ""has_revenue"": null, ""lead_phase"": null, ""runway_months"": 8.940813810110974, ""stage_bucket"": ""late"", ""surv_score"": ""-2.0"", ""tier1_count"": 2}",late|none|nonpos,0.1,,0.8232,0,1,-0.4456,-0.4045,2,2,selling,-0.386,elite_2,0.0,0.0,0.0,,,0.0,0,0,0,True,False,True,missing,0.0,short,>2000bps,2020.0,0.55,1,0,1.0,0,1.0,0,,False,no_upcoming,-0.205585,price_history,,2,0.9805,price_history,,-0.442548,,54.9676,0.5268,-0.105593,-0.336955,late,small,sev2,drug_developer,morningstar,,,,0,0.8879505054025792959219240153,31.89,41.25000000000000000000000000,49.0,90.00,34.33123633069581450285022196,8.643347050754458161865569271,33.4354,-0.437,3.0,461,11,1.0,0.1938,1,0,0.0,0.4,0.55,infectious_disease,0.6992,highly_crowded,1.0,15,0.1,0.948763,1.633,10.56,0.079505,-1.4084
TYRA,"Tyra Biosciences, Inc.",,,D,ineligible,D,ineligible,,0.376325,,0,0.408497,1,0.591503,,0,no_upcoming,9,headwind,deep_drawdown|deep_drawdown_rel_xbi,XS,ineligible,financial_score:-36.0;smart_money_score:+19.5;clinical_score:+14.4,tier=D;reason=ineligible;cat_days=NA;strength=missing;decay_w=0.0,v1.3.0,31f399e0,0,deep_drawdown,0,,"{""burn_ttm"": 71518000.0, ""cash_total"": 61951000.0, ""dilution_risk"": null, ""has_revenue"": null, ""lead_phase"": null, ""runway_months"": 10.394753768282111, ""stage_bucket"": ""early"", ""surv_score"": ""0.0"", ""tier1_count"": 2}",early|none|pos,0.1,,-1.417,1381,1,0.4692,0.5449,2,2,buying,-0.386,elite_2,0.0,0.0,0.0,,,0.0,0,0,0,True,False,True,missing,0.0,short,<=1000bps,678.57,0.85,1,0,1.0,0,1.0,0,,False,no_upcoming,0.046353,price_history,,2,0.8409,price_history,,-0.413589,,54.7493,0.7452,-0.105593,-0.307996,early,small,sev2,drug_developer,morningstar,,,,0,0.7853921532091097308488612836,42.98,41.25000000000000000000000000,60.5,50,55.42168674698795180722891566,5,54.3039,0.4428,1.0,1381,1,0.0,0.0,0,0,0.0,0.3,0.85,oncology,0.6992,highly_crowded,1.0,107,0.1,0.623675,0.3151,15.90,0.259717,-0.6442
NKTX,"Nkarta, Inc.",,,D,ineligible,D,ineligible,,0.249117,,0,0.336601,1,0.663399,,0,no_upcoming,9,headwind,deep_drawdown|deep_drawdown_rel_xbi,XS,ineligible,momentum_score:-34.1;smart_money_score:+18.7;financial_score:+10.9,tier=D;reason=ineligible;cat_days=NA;strength=missing;decay_w=0.0,v1.3.0,31f399e0,0,deep_drawdown,0,,"{""burn_ttm"": 67052000.0, ""cash_total"": 282331000.0, ""dilution_risk"": null, ""has_revenue"": null, ""lead_phase"": null, ""runway_months"": 50.52753087156237, ""stage_bucket"": ""early"", ""surv_score"": ""5.0"", ""tier1_count"": 3}",early|none|pos,0.1,,-1.4073,621,1,0.6103,0.6913,3,3,buying,0.0055,elite_3,0.0,0.0,0.0,,,0.0,0,0,0,True,False,True,missing,0.0,adequate,>2000bps,2020.0,0.55,1,0,1.0,0,1.0,0,,False,no_upcoming,-0.690269,price_history,,3,1.0436,price_history,,-0.726337,,36.6302,,-0.105593,-0.620744,early,micro,none,drug_developer,morningstar,,,,0,0.7691021479958890030832476876,13.70,41.25000000000000000000000000,66.5,50,58.67469879518072289156626506,58.71084337349397590361445783,57.5569,0.58,1.0,621,2,0.3333,0.0018,0,0,0.0,0.3,0.85,oncology,0.6992,highly_crowded,1.0,71,0.1,0.750883,0.6773,45.29,0.892226,1.2385
SANA,"Sana Biotechnology, Inc.",,,D,ineligible,D,ineligible,,0.924028,,0,0.643791,1,0.356209,,0,no_upcoming,9,headwind,high_beta|deep_drawdown|deep_drawdown_rel_xbi,XS,ineligible,financial_score:-25.3;smart_money_score:+24.2;catalyst_score:+4.5,tier=D;reason=ineligible;cat_days=NA;strength=missing;decay_w=0.0,v1.3.0,31f399e0,0,deep_drawdown,0,,"{""burn_ttm"": 111187000.0, ""cash_total"": 153054000.0, ""dilution_risk"": null, ""has_revenue"": null, ""lead_phase"": null, ""runway_months"": 16.51854983046579, ""stage_bucket"": ""early"", ""surv_score"": ""1.0"", ""tier1_count"": 2}",early|none|nonpos,-0.0027158562874251497,,-1.5678,,0,-0.3935,-0.3505,2,2,buying,-0.386,elite_2,0.0,0.0,0.0,,,0.0,0,0,0,True,False,True,missing,0.0,adequate,<=1000bps,861.68,0.85,1,0,1.0,0,1.0,0,,False,no_upcoming,-0.382487,price_history,,2,2.0443,price_history,,-0.514439,,56.133,1.1156,-0.105593,-0.408846,early,small,sev1,drug_developer,morningstar,,,,0,0.7156269494697442295695570805,34.55,41.25000000000000000000000000,61.0,50,35.53055595877485847002467702,11.46694444444444444444444444,33.7127,-0.4253,0.0,2879,1,0.0,0.0,0,0,0.0,0.0,0.55,metabolic,0.6992,highly_crowded,1.0,262,-0.0027158562874251497,0.075972,-1.4327,13.53,0.178445,-0.9213
CCCC,"C4 Therapeutics, Inc.",,,D,ineligible,D,ineligible,,0.072438,,0,0.330065,1,0.669935,,0,no_upcoming,9,headwind,deep_drawdown|deep_drawdown_rel_xbi,XS,ineligible,financial_score:-34.4;smart_money_score:+22.7;clinical_score:+14.9,tier=D;reason=ineligible;cat_days=NA;strength=missing;decay_w=0.0,v1.3.0,31f399e0,0,deep_drawdown,0,,"{""burn_ttm"": 98694000.0, ""cash_total"": 74603000.0, ""dilution_risk"": null, ""has_revenue"": null, ""lead_phase"": null, ""runway_months"": 9.070824974162564, ""stage_bucket"": ""early"", ""surv_score"": ""0.0"", ""tier1_count"": 3}",early|none|pos,0.1,,-1.3788,333,1,0.6103,0.6913,3,3,buying,0.0055,elite_3,0.0,0.0,0.0,,,0.0,0,0,0,True,False,True,missing,0.0,short,<=2000bps,1461.59,0.7,1,0,1.0,0,1.0,0,,False,no_upcoming,-0.230206,price_history,,3,1.4725,price_history,,-0.691232,,56.4713,0.7106,-0.105593,-0.585639,early,micro,sev2,drug_developer,morningstar,,,,0,0.7251216389244558258642765685,43.03,41.25000000000000000000000000,66.5,70.45,58.67469879518072289156626506,9.314849760487734068805341849,57.5569,0.58,1.0,333,3,0.6667,0.0157,0,0,0.0,0.3,0.85,oncology,0.6992,highly_crowded,1.0,21,0.1,0.927562,1.4579,13.26,0.164311,-0.9769
PRAX,"Praxis Precision Medicines, Inc",,,D,ineligible,D,ineligible,,0.284452,,0,0.539216,1,0.460784,,0,no_upcoming,9,tailwind,deep_drawdown|deep_drawdown_rel_xbi|overbought_rsi,XS,ineligible,momentum_score:+36.7;catalyst_score:-18.6;clinical_score:-14.8,tier=D;reason=ineligible;cat_days=NA;strength=missing;decay_w=0.0,v1.3.0,31f399e0,0,deep_drawdown,0,,"{""burn_ttm"": 249068000.0, ""cash_total"": 599331000.0, ""dilution_risk"": null, ""has_revenue"": null, ""lead_phase"": null, ""runway_months"": 28.875535998201293, ""stage_bucket"": ""mid"", ""surv_score"": ""5.0"", ""tier1_count"": 8}",mid|none|pos,0.1,,0.3374,0,1,0.0205,0.0793,8,8,buying,1.9633,elite_8,0.0,0.0,0.0,,,0.0,0,0,0,True,False,True,missing,0.0,adequate,<=400bps,221.16,1.0,0,0,1.0,0,1.0,0,,False,no_upcoming,1.818255,price_history,,8,0.6711,price_history,,-0.699333,,80.5614,0.9863,-0.105593,-0.59374,mid,mid,none,drug_developer,morningstar,,,,0,0.7792174913693901035673187572,96.55,41.25000000000000000000000000,71.0,10.00,45.07716049382716049382716049,45.31963734567901234567901235,45.1082,0.0551,2.0,20,5,1.0,0.8465,1,1,0.0,0.4,0.6,cns,0.6992,highly_crowded,1.0,81,0.1,0.715548,0.5697,26.59,0.563604,0.1601
GLUE,"Monte Rosa Therapeutics, Inc.",,,D,ineligible,D,ineligible,,0.150177,,0,0.428105,1,0.571895,,0,no_upcoming,9,headwind,high_vol|deep_drawdown|deep_drawdown_rel_xbi,XS,ineligible,smart_money_score:+20.4;financial_score:-13.1;momentum_score:-10.1,tier=D;reason=ineligible;cat_days=NA;strength=missing;decay_w=0.0,v1.3.0,31f399e0,0,deep_drawdown,0,,"{""burn_ttm"": 0.0, ""cash_total"": 208343000.0, ""dilution_risk"": null, ""has_revenue"": null, ""lead_phase"": null, ""runway_months"": null, ""stage_bucket"": ""early"", ""surv_score"": ""5.0"", ""tier1_count"": 3}",early|none|pos,0.1,,-1.4188,1197,1,0.3908,0.4636,3,3,buying,0.0055,elite_3,0.0,0.0,0.0,,,0.0,0,0,0,True,False,True,missing,0.0,adequate,<=1000bps,598.18,0.85,1,0,1.0,0,1.0,0,,False,no_upcoming,-0.225216,price_history,,3,1.4174,price_history,,-0.518224,,43.8633,1.2054,-0.105593,-0.412631,early,small,none,drug_developer,morningstar,,,,0,0.7225755097590230073056373351,35.97,41.25000000000000000000000000,66.5,31.33,53.61445783132530120481927711,33.00000000000000000000000000,52.4966,0.3666,1.0,1197,1,0.0,0.0,0,0,0.0,0.3,0.85,oncology,0.6992,highly_crowded,1.0,43,0.1,0.849823,1.0357,30.12,0.623675,0.3151
LENZ,"LENZ Therapeutics, Inc.",,,D,ineligible,D,ineligible,,0.217314,,0,0.624183,1,0.375817,,0,no_upcoming,9,headwind,deep_drawdown|deep_drawdown_rel_xbi,XS,ineligible,smart_money_score:+39.1;financial_score:-29.9;momentum_score:-18.1,tier=D;reason=ineligible;cat_days=NA;strength=missing;decay_w=0.0,v1.3.0,31f399e0,0,fundamental_red_flag|deep_drawdown,1,survivability_critical,"{""burn_ttm"": 36145000.0, ""cash_total"": 25399000.0, ""dilution_risk"": null, ""has_revenue"": null, ""lead_phase"": null, ""runway_months"": 8.432369622354406, ""stage_bucket"": ""late"", ""surv_score"": ""-5.0"", ""tier1_count"": 6}",late|none|nonpos,0.1,,0.8294,0,1,-0.3187,-0.2728,6,6,buying,1.1802,elite_6,0.0,0.0,0.0,,,0.0,0,0,0,True,False,True,missing,0.0,short,<=1000bps,831.52,0.85,1,0,1.0,0,1.0,0,,False,no_upcoming,-0.453318,price_history,,6,0.5032,price_history,,-0.824864,,28.8778,1.0281,-0.105593,-0.719271,late,small,sev2,drug_developer,morningstar,,,,0,0.8295253090739444833216701656,16.75,41.25000000000000000000000000,74.0,62.03,37.25642989054547092473312013,5,36.1862,-0.321,3.0,329,3,0.6667,0.0967,0,0,0.0,0.4,0.55,ophthalmology,-2.8341,uncrowded,1.0,62,0.1,0.782686,0.7813,11.24,0.111307,-1.2196
EPRX,Eupraxia Pharmaceuticals Inc.,,,D,ineligible,D,ineligible,,0.429329,,0,0.617647,1,0.382353,,0,no_upcoming,9,neutral,overbought_rsi,XS,ineligible,financial_score:-35.0;smart_money_score:+26.3;momentum_score:+9.8,tier=D;reason=ineligible;cat_days=NA;strength=missing;decay_w=0.0,v1.3.0,31f399e0,0,financials_missing,1,"cash_runway_lt_6m,survivability_critical","{""burn_ttm"": 0.0, ""cash_total"": 0.0, ""dilution_risk"": null, ""has_revenue"": null, ""lead_phase"": null, ""runway_months"": 0.0, ""stage_bucket"": ""mid"", ""surv_score"": ""-5.0"", ""tier1_count"": 3}",mid|none|nonpos,0.06757794339622641,,0.321,0,1,-0.2872,-0.2401,3,3,buying,0.0055,elite_3,0.0,0.0,0.0,,,0.0,0,0,0,True,False,True,missing,0.0,critical,>2000bps,2020.0,0.55,1,0,1.0,0,1.0,0,,False,no_upcoming,,,beta_missing:series_too_short,3,0.8122,,series_too_short,-0.0272,,82.0755,0.6009,-0.105593,0.078393,mid,unknown,sev2,drug_developer,morningstar,,,,0,0.7231718598904050714515955732,50,41.25000000000000000000000000,66.5,50,37.98225308641975308641975309,5.166859567901234567901234570,36.4108,-0.3115,2.0,117,2,0.3333,0.3772,0,1,0.0,0.3,0.6,autoimmune,0.6992,crowded,1.0,122,0.06757794339622641,0.570671,0.1781,14.37,0.213781,-0.7934
IMTX,Immatics N.V.,,,D,ineligible,D,ineligible,,0.178445,,0,0.611111,1,0.388889,,0,no_upcoming,9,headwind,,XS,ineligible,financial_score:-23.9;catalyst_score:+12.3;clinical_score:+9.1,tier=D;reason=ineligible;cat_days=NA;strength=missing;decay_w=0.0,v1.3.0,31f399e0,0,financials_missing,1,"cash_runway_lt_6m,sponsor_absent_late_stage,survivability_critical","{""burn_ttm"": 0.0, ""cash_total"": 0.0, ""dilution_risk"": null, ""has_revenue"": null, ""lead_phase"": null, ""runway_months"": 0.0, ""stage_bucket"": ""late"", ""surv_score"": ""-5.0"", ""tier1_count"": 0}",late|none|nonpos,0.1,,0.8301,0,1,-0.2865,-0.2394,0,0,neutral,-1.1691,,0.0,0.0,0.0,,,0.0,0,0,0,True,False,True,missing,0.0,critical,<=2000bps,1507.41,0.7,1,0,1.0,0,1.0,0,,False,no_upcoming,-0.283833,price_history,,0,0.7918,price_history,,-0.333078,,45.7652,,-0.105593,-0.227485,late,unknown,sev2,drug_developer,morningstar,,,,0,0.7767624324324324324324324324,31.36,41.25000000000000000000000000,,50,37.99773783963685319480103499,5,37.678,-0.2581,3.0,,14,1.0,0.2749,2,0,0.0,0.3,0.95,oncology,0.6992,highly_crowded,1.0,51,0.1,0.821555,0.9213,8.53,0.047703,-1.6675
CADL,"Candel Therapeutics, Inc.",,,D,ineligible,D,ineligible,,0.068905,,0,0.604575,1,0.395425,,0,no_upcoming,9,tailwind,deep_drawdown|deep_drawdown_rel_xbi,XS,ineligible,financial_score:+11.5;clinical_score:-10.9;catalyst_score:-8.4,tier=D;reason=ineligible;cat_days=NA;strength=missing;decay_w=0.0,v1.3.0,31f399e0,0,fundamental_red_flag|deep_drawdown,1,sponsor_absent_late_stage,"{""burn_ttm"": 27743000.0, ""cash_total"": 86963000.0, ""dilution_risk"": null, ""has_revenue"": null, ""lead_phase"": null, ""runway_months"": 34.903184982071295, ""stage_bucket"": ""late"", ""surv_score"": ""5.0"", ""tier1_count"": 0}",late|none|nonpos,0.1,,0.8306,0,1,-0.2542,-0.2059,0,0,neutral,-1.1691,,0.0,0.0,0.0,,,0.0,0,0,0,True,False,True,missing,0.0,adequate,<=2000bps,1387.28,0.7,1,0,1.0,0,1.0,0,,False,no_upcoming,0.186822,price_history,,0,0.6069,price_history,,-0.625197,,62.3039,0.6596,-0.105593,-0.519604,late,micro,none,drug_developer,morningstar,,,,0,0.8410944962474414373436433932,57.35,41.25000000000000000000000000,,87.59,38.74304961237982273070782598,61.07382550335570469798657718,38.3252,-0.2308,3.0,559,11,1.0,0.1198,0,0,0.0,0.6,0.95,oncology,0.6992,highly_crowded,1.0,20,0.1,0.931095,1.484,23.72,0.510601,0.0266
BLTE,"Belite Bio, Inc",,,D,ineligible,D,ineligible,,0.535336,,0,0.552288,1,0.447712,,0,no_upcoming,9,headwind,,XS,ineligible,financial_score:-35.2;smart_money_score:+26.3;momentum_score:+4.0,tier=D;reason=ineligible;cat_days=NA;strength=missing;decay_w=0.0,v1.3.0,31f399e0,0,financials_missing,1,"cash_runway_lt_6m,survivability_critical","{""burn_ttm"": 0.0, ""cash_total"": 0.0, ""dilution_risk"": null, ""has_revenue"": null, ""lead_phase"": null, ""runway_months"": 0.0, ""stage_bucket"": ""late"", ""surv_score"": ""-5.0"", ""tier1_count"": 3}",late|none|pos,0.0248237972972973,,0.8346,0,1,-0.0231,0.034,3,3,buying,0.0055,elite_3,0.0,0.0,0.0,,,0.0,0,0,0,True,False,True,missing,0.0,critical,<=1000bps,466.09,0.85,1,0,1.0,0,1.0,0,,False,no_upcoming,0.047892,price_history,,3,-0.1887,price_history,,-0.3275,,49.3365,,-0.105593,-0.221907,late,unknown,sev2,drug_developer,morningstar,,,,0,0.8224032419229488175863217498,44.24,41.25000000000000000000000000,66.5,50,44.07233908382505292554389441,5,43.0155,-0.0331,3.0,207,4,1.0,0.0452,0,0,0.0,0.6,0.55,ophthalmology,0.2281,moderate,1.0,152,0.0248237972972973,0.464664,-0.0887,16.89,0.305654,-0.5082
IMRX,Immuneering Corporation,,,D,ineligible,D,ineligible,,0.174912,,0,0.454248,1,0.545752,,0,no_upcoming,9,headwind,deep_drawdown|deep_drawdown_rel_xbi,XS,ineligible,momentum_score:-31.3;financial_score:+17.5;smart_money_score:+14.5,tier=D;reason=ineligible;cat_days=NA;strength=missing;decay_w=0.0,v1.3.0,31f399e0,0,deep_drawdown,0,,"{""burn_ttm"": 35503997.0, ""cash_total"": 227563077.0, ""dilution_risk"": null, ""has_revenue"": null, ""lead_phase"": null, ""runway_months"": 76.91407037917449, ""stage_bucket"": ""early"", ""surv_score"": ""5.0"", ""tier1_count"": 2}",early|none|pos,0.1,,-1.4222,1228,1,0.2811,0.3497,2,2,buying,-0.386,elite_2,0.0,0.0,0.0,,,0.0,0,0,0,True,False,True,missing,0.0,adequate,<=2000bps,1094.84,0.7,1,0,1.0,0,1.0,0,,False,no_upcoming,-0.746552,price_history,,2,0.732,price_history,,-0.710667,,42.7955,1.1957,-0.105593,-0.605074,early,small,none,drug_developer,morningstar,,,,0,0.7112309447267447889660893913,15.19,41.25000000000000000000000000,61.0,50,51.08433734939759036144578313,63.98750000000000000000000000,49.9665,0.26,1.0,1228,1,0.0,0.0,0,0,0.0,0.3,0.85,oncology,0.6992,highly_crowded,1.0,50,0.1,0.825088,0.9349,31.87,0.651943,0.3906
FHTX,Foghorn Therapeutics Inc.,,,D,ineligible,D,ineligible,,0.839223,,0,0.598039,1,0.401961,,0,no_upcoming,9,headwind,deep_drawdown|deep_drawdown_rel_xbi,XS,ineligible,financial_score:-22.0;smart_money_score:+15.3;catalyst_score:+4.0,tier=D;reason=ineligible;cat_days=NA;strength=missing;decay_w=0.0,v1.3.0,31f399e0,0,deep_drawdown,0,,"{""burn_ttm"": 63828000.0, ""cash_total"": 89334000.0, ""dilution_risk"": null, ""has_revenue"": null, ""lead_phase"": null, ""runway_months"": 16.795262267343485, ""stage_bucket"": ""early"", ""surv_score"": ""2.0"", ""tier1_count"": 1}",early|none|nonpos,-0.0027158562874251497,,-1.4215,314,1,-0.2497,-0.2012,1,1,neutral,-0.7776,elite_1,0.0,0.0,0.0,,,0.0,0,0,0,True,False,True,missing,0.0,adequate,>2000bps,2036.0,0.55,1,0,1.0,0,1.0,0,,False,no_upcoming,-0.092469,price_history,,1,1.3596,price_history,,-0.563021,,58.172,0.9327,-0.105593,-0.457428,early,small,sev1,drug_developer,morningstar,,,,0,0.7395278509966234614965690012,38.35,41.25000000000000000000000000,52.5,65.91,38.84663150594345252495927485,15.24000000000000000000000000,37.7288,-0.256,1.0,314,3,0.6667,0.036,0,0,0.0,0.3,0.85,oncology,0.6992,highly_crowded,1.0,238,-0.0027158562874251497,0.160777,-0.9913,18.66,0.383392,-0.2966
PYXS,"Pyxis Oncology, Inc.",,,D,ineligible,D,ineligible,,0.913428,,0,0.578431,1,0.421569,,0,no_upcoming,9,headwind,high_vol|deep_drawdown|deep_drawdown_rel_xbi,XS,ineligible,smart_money_score:+24.4;financial_score:-14.6;momentum_score:-7.8,tier=D;reason=ineligible;cat_days=NA;strength=missing;decay_w=0.0,v1.3.0,31f399e0,0,deep_drawdown,0,,"{""burn_ttm"": 53075000.0, ""cash_total"": 76256000.0, ""dilution_risk"": null, ""has_revenue"": null, ""lead_phase"": null, ""runway_months"": 17.24111163447951, ""stage_bucket"": ""early"", ""surv_score"": ""1.0"", ""tier1_count"": 3}",early|none|nonpos,-0.0027158562874251497,,-1.3757,253,1,-0.1617,-0.1099,3,3,buying,0.0055,elite_3,0.0,0.0,0.0,,,0.0,0,0,0,True,False,True,missing,0.0,adequate,>2000bps,2020.0,0.55,1,0,1.0,0,1.0,0,,False,no_upcoming,-0.087037,price_history,,3,0.1555,price_history,,-0.841791,,68.132,1.6279,-0.105593,-0.736198,early,micro,sev1,drug_developer,morningstar,,,,0,0.7246236116824352118469765529,34.25,41.25000000000000000000000000,66.5,50,40.87498588732439799358074870,27.47028273737520362574797181,39.7572,-0.1704,1.0,253,2,0.3333,0.0307,0,0,0.0,0.3,0.85,oncology,0.6992,highly_crowded,1.0,259,-0.0027158562874251497,0.086572,-1.3622,20.68,0.45053,-0.1243
OABI,"OmniAb, Inc.",,,D,ineligible,D,ineligible,,0.259717,,0,0.5,1,0.5,,0,no_upcoming,9,headwind,deep_drawdown|deep_drawdown_rel_xbi,XS,ineligible,financial_score:-22.5;clinical_score:+20.2;catalyst_score:+13.8,tier=D;reason=ineligible;cat_days=NA;strength=missing;decay_w=0.0,v1.3.0,31f399e0,0,deep_drawdown,0,,"{""burn_ttm"": 30781000.0, ""cash_total"": 28537000.0, ""dilution_risk"": null, ""has_revenue"": null, ""lead_phase"": null, ""runway_months"": 11.125174620707579, ""stage_bucket"": ""early"", ""surv_score"": ""-1.0"", ""tier1_count"": 0}",early|none|pos,0.1,,-1.5318,,0,0.1344,0.1975,0,0,neutral,-1.1691,,0.0,0.0,0.0,,,0.0,0,0,0,True,False,True,missing,0.0,short,>2000bps,2036.0,0.55,1,0,1.0,0,1.0,0,,False,no_upcoming,-0.707558,price_history,,0,1.1685,price_history,,-0.617847,,56.7768,0.5798,-0.105593,-0.512254,early,micro,sev2,drug_developer,morningstar,,,,0,0.7808184666117065127782357791,15.96,41.25000000000000000000000000,,50,47.70326285059918388413090111,5,46.2354,0.1027,0.0,,1,0.0,0.0,0,0,0.0,0.0,0.5,other,-2.5985,uncrowded,1.0,74,0.1,0.740283,0.6442,10.81,0.086572,-1.3622
CLLS,Cellectis S.A.,,,D,ineligible,D,ineligible,,0.090106,,0,0.519608,1,0.480392,,0,no_upcoming,9,tailwind,deep_drawdown|deep_drawdown_rel_xbi,XS,ineligible,financial_score:-34.1;momentum_score:+24.5;clinical_score:+7.4,tier=D;reason=ineligible;cat_days=NA;strength=missing;decay_w=0.0,v1.3.0,31f399e0,0,financials_missing|deep_drawdown,1,"cash_runway_lt_6m,survivability_critical","{""burn_ttm"": 0.0, ""cash_total"": 0.0, ""dilution_risk"": null, ""has_revenue"": null, ""lead_phase"": null, ""runway_months"": 0.0, ""stage_bucket"": ""early"", ""surv_score"": ""-5.0"", ""tier1_count"": 0}",early|none|pos,0.1,,-0.2377,0,1,0.079,0.14,0,0,neutral,-1.1691,,0.0,0.0,0.0,,,0.0,0,0,0,True,False,True,missing,0.0,critical,>2000bps,2050.0,0.55,1,0,1.0,0,1.0,0,,False,no_upcoming,0.217606,price_history,,0,0.9874,price_history,,-0.545319,,56.9936,0.8122,-0.105593,-0.439726,early,unknown,sev2,drug_developer,morningstar,,,,0,0.6775471095496646438837432130,63.58,41.25000000000000000000000000,,50,46.42586409896614570732730117,5,45.308,0.0636,1.0,149,6,1.0,0.0729,0,0,0.0,0.3,0.85,oncology,0.6992,highly_crowded,1.0,26,0.1,0.909894,1.3401,11.70,0.128975,-1.1312
EBS,Emergent BioSolutions Inc.,,,D,ineligible,,,D,0.556537,0.85,1,,0,,,0,no_upcoming,9,headwind,deep_drawdown|deep_drawdown_rel_xbi,XS,ineligible,momentum_score:-31.2;clinical_score:+24.3;financial_score:+15.1,tier=;reason=;cat_days=NA;strength=missing;decay_w=0.0,v1.3.0,31f399e0,0,deep_drawdown,0,,"{""burn_ttm"": 0.0, ""cash_total"": 245500000.0, ""dilution_risk"": null, ""has_revenue"": null, ""lead_phase"": null, ""runway_months"": null, ""stage_bucket"": ""late"", ""surv_score"": ""-1.0"", ""tier1_count"": 1}",late|none|pos,0.0248237972972973,64.784571,1.1036,0,1,1.1023,1.2008,1,1,buying,-0.7776,elite_1,0.0,0.0,0.0,,,0.0,0,0,0,True,False,True,missing,0.0,adequate,<=2000bps,1186.43,0.7,1,0,1.0,0,1.0,0,,False,no_upcoming,-0.452582,price_history,,1,1.6955,price_history,,-0.713648,,56.3615,1.0204,-0.105593,-0.608055,late,small,none,commercial_pharma,morningstar,,,,0,0.9,21.28,41.25000000000000000000000000,55.5,86.00,76.77852348993288590604026845,67.61904761904761904761904762,77.5851,1.4243,3.0,73,47,1.0,1.3047,1,2,0.0,0.6,0.55,infectious_disease,-0.4786,uncrowded,1.0,158,0.0248237972972973,0.443463,-0.1422,55.11,0.998233,2.9171
IRWD,"Ironwood Pharmaceuticals, Inc.",,,D,ineligible,,,D,0.59894,0.765385,1,,0,,,0,no_upcoming,9,headwind,high_vol,XS,ineligible,clinical_score:+20.0;catalyst_score:-15.7;momentum_score:-11.1,tier=;reason=;cat_days=NA;strength=missing;decay_w=0.0,v1.3.0,31f399e0,0,fundamental_red_flag,1,sponsor_absent_late_stage,"{""burn_ttm"": 0.0, ""cash_total"": 140407000.0, ""dilution_risk"": null, ""has_revenue"": null, ""lead_phase"": null, ""runway_months"": null, ""stage_bucket"": ""late"", ""surv_score"": ""2.0"", ""tier1_count"": 0}",late|none|pos,0.0248237972972973,57.724786,1.1036,0,1,1.1112,1.21,0,0,neutral,-1.1691,,0.0,0.0,0.0,,,0.0,0,0,0,True,False,True,missing,0.0,adequate,<=1000bps,819.43,0.85,1,0,1.0,0,1.0,0,,False,no_upcoming,0.024942,price_history,,0,0.5597,price_history,,-0.11413,,43.3868,1.2561,-0.105593,-0.008537,late,small,none,commercial_pharma,morningstar,,,,0,0.8509832103790384126176545408,45.88,41.25000000000000000000000000,,56.67,77.000,63.80952380952380952380952381,76.2322,1.3673,3.0,486,18,1.0,0.0277,0,0,0.0,0.9,0.55,metabolic,-0.4786,uncrowded,1.0,170,0.0248237972972973,0.40106,-0.2506,39.04,0.786219,0.7934
ARDX,"Ardelyx, Inc.",,,D,ineligible,,,D,0.517668,0.55,1,,0,,,0,no_upcoming,9,tailwind,,XS,ineligible,financial_score:-39.5;momentum_score:+38.8;clinical_score:+19.3,tier=;reason=;cat_days=NA;strength=missing;decay_w=0.0,v1.3.0,31f399e0,0,fundamental_red_flag,1,survivability_critical,"{""burn_ttm"": 42483000.0, ""cash_total"": 67999000.0, ""dilution_risk"": null, ""has_revenue"": null, ""lead_phase"": null, ""runway_months"": 19.207400607301743, ""stage_bucket"": ""late"", ""surv_score"": ""-4.0"", ""tier1_count"": 1}",late|none|pos,0.0248237972972973,47.537113,1.1036,0,1,1.4049,1.2759,1,1,buying,-0.7776,elite_1,0.0,0.0,0.0,,,0.0,0,0,0,True,False,True,missing,0.0,adequate,<=1000bps,582.84,0.85,1,0,1.0,0,1.0,0,,False,no_upcoming,1.107224,price_history,,1,0.8169,price_history,,-0.051359,,62.2943,0.8641,-0.105593,0.054234,late,small,none,commercial_biotech,morningstar,,,,0,0.8854993666956413758847634422,96.55,41.25000000000000000000000000,55.5,57.22,77.000,18.22247417485512723607961704,76.2322,1.3673,3.0,1228,13,1.0,0.0001,0,0,0.0,0.6,0.55,metabolic,-0.4786,uncrowded,1.0,147,0.0248237972972973,0.482332,-0.0443,28.39,0.59894,0.2506
VNDA,Vanda Pharmaceuticals Inc.,,,D,ineligible,,,D,0.673145,0.396154,1,,0,,,0,no_upcoming,9,headwind,deep_drawdown|deep_drawdown_rel_xbi,XS,ineligible,clinical_score:+33.3;financial_score:-29.0;momentum_score:-13.4,tier=;reason=;cat_days=NA;strength=missing;decay_w=0.0,v1.3.0,31f399e0,0,deep_drawdown,0,,"{""burn_ttm"": 109442000.0, ""cash_total"": 84851000.0, ""dilution_risk"": null, ""has_revenue"": null, ""lead_phase"": null, ""runway_months"": 9.303667696131285, ""stage_bucket"": ""late"", ""surv_score"": ""-3.0"", ""tier1_count"": 1}",late|none|pos,0.0248237972972973,43.256558,1.1036,0,1,1.3428,1.2116,1,1,neutral,-0.7776,elite_1,0.0,0.0,0.0,,,0.0,0,0,0,True,False,True,missing,0.0,short,<=1000bps,634.63,0.85,1,0,1.0,0,1.0,0,,False,no_upcoming,-0.31734,price_history,,1,0.3969,price_history,,-0.504274,,42.1165,1.0382,-0.105593,-0.398681,late,small,sev2,commercial_biotech,morningstar,,,,0,0.8839761142147734326505276226,28.85,41.25000000000000000000000000,52.5,90.00,75.57046979865771812080536913,13.30346294896559446823997088,75.7856,1.3485,3.0,71,38,1.0,1.5206,1,1,0.0,0.4,0.6,cns,0.2281,moderate,1.0,191,0.0248237972972973,0.326855,-0.4486,15.14,0.234982,-0.7225
MNKD,MannKind Corporation,,,D,ineligible,,,D,0.616608,0.357692,1,,0,,,0,no_upcoming,9,tailwind,,XS,ineligible,catalyst_score:-17.2;clinical_score:+16.0;momentum_score:+9.1,tier=;reason=;cat_days=NA;strength=missing;decay_w=0.0,v1.3.0,31f399e0,0,fundamental_red_flag,1,sponsor_absent_late_stage,"{""burn_ttm"": 0.0, ""cash_total"": 171346000.0, ""dilution_risk"": null, ""has_revenue"": null, ""lead_phase"": null, ""runway_months"": null, ""stage_bucket"": ""late"", ""surv_score"": ""1.0"", ""tier1_count"": 0}",late|none|pos,0.0248237972972973,41.583786,1.1036,0,1,1.2902,1.1573,0,0,neutral,-1.1691,,0.0,0.0,0.0,,,0.0,0,0,0,True,False,True,missing,0.0,adequate,<=1000bps,820.88,0.85,1,0,1.0,0,1.0,0,,False,no_upcoming,0.348712,price_history,,0,1.0821,price_history,,-0.115456,,48.2239,0.4616,-0.105593,-0.009863,late,small,none,commercial_biotech,morningstar,,,,0,0.9,67.52,41.25000000000000000000000000,,15.33,74.36241610738255033557046980,50.47619047619047619047619047,73.2446,1.2413,3.0,622,19,1.0,0.0084,0,0,0.0,0.8,0.5,respiratory,0.6992,highly_crowded,1.0,175,0.0248237972972973,0.383392,-0.2966,44.98,0.885159,1.2012
DNA,"Ginkgo Bioworks Holdings, Inc.",,,D,ineligible,,,D,0.768551,0.880769,1,,0,,100,0,specific_days,9,headwind,deep_drawdown|deep_drawdown_rel_xbi,XS,ineligible,momentum_score:-30.0;clinical_score:+15.8;financial_score:+15.6,tier=;reason=;cat_days=100;strength=near;decay_w=1.0,v1.3.0,31f399e0,0,deep_drawdown,0,,"{""burn_ttm"": 123381000.0, ""cash_total"": 495484000.0, ""dilution_risk"": null, ""has_revenue"": null, ""lead_phase"": null, ""runway_months"": 48.19062902715977, ""stage_bucket"": ""late"", ""surv_score"": ""4.0"", ""tier1_count"": 1}",late|near_91_180|pos,0.000335037037037037,65.632429,1.087,0,1,0.9575,0.8132,1,1,neutral,-0.7776,elite_1,0.0,0.0,0.0,,,0.0,0,0,0,True,False,True,near,1.0,adequate,<=2000bps,1199.57,0.7,1,0,1.0,0,1.0,0,100,False,specific_days,-0.50067,price_history,,1,1.5432,price_history,,-0.733119,,44.9542,0.7795,-0.105593,-0.627526,late,small,none,commercial_biotech,morningstar,,,,0,0.8332732732732732732732732733,20.93,45.56250000000000000000000000,55.0,90.00,66.71140939597315436241610738,66.54761904761904761904761905,68.2858,1.0323,3.0,21,753,1.0,3.5015,1,6,0.0303,0.8,0.95,oncology,0.6992,highly_crowded,1.0,218,0.000335037037037037,0.231449,-0.7341,39.70,0.800353,0.8429
HALO,"Halozyme Therapeutics, Inc.",,,D,ineligible,,,D,0.577739,0.442308,1,,0,,,0,no_upcoming,9,neutral,,XS,ineligible,clinical_score:+23.8;financial_score:-18.6;catalyst_score:-6.1,tier=;reason=;cat_days=NA;strength=missing;decay_w=0.0,v1.3.0,31f399e0,0,fundamental_red_flag,1,sponsor_absent_late_stage,"{""burn_ttm"": 0.0, ""cash_total"": 133820000.0, ""dilution_risk"": null, ""has_revenue"": null, ""lead_phase"": null, ""runway_months"": null, ""stage_bucket"": ""late"", ""surv_score"": ""-1.0"", ""tier1_count"": 0}",late|none|pos,0.0248237972972973,44.287909,1.0959,0,1,1.1501,1.0124,0,0,neutral,-1.1691,,0.0,0.0,0.0,,,0.0,0,0,0,True,False,True,missing,0.0,adequate,<=400bps,268.65,1.0,0,0,1.0,0,1.0,0,,False,no_upcoming,0.065607,price_history,,0,0.3655,price_history,,-0.134253,,40.2733,0.2835,-0.105593,-0.02866,late,mid,none,commercial_biotech,morningstar,,,,0,0.9,48.24,41.25000000000000000000000000,,62.00,71.14093959731543624161073826,28.75535399344923154446963970,70.7231,1.135,3.0,,29,1.0,0.0218,0,0,0.0,0.7,0.95,oncology,0.6992,highly_crowded,1.0,164,0.0248237972972973,0.422261,-0.1961,33.76,0.690813,0.4982
SNY,Sanofi,,,D,ineligible,,,D,0.782686,0.134615,1,,0,,222,0,specific_days,9,neutral,,XS,ineligible,financial_score:-40.2;clinical_score:+29.6;momentum_score:+6.0,tier=;reason=;cat_days=222;strength=far;decay_w=0.3,v1.3.0,31f399e0,0,financials_missing,1,"cash_runway_lt_6m,survivability_critical","{""burn_ttm"": 0.0, ""cash_total"": 0.0, ""dilution_risk"": null, ""has_revenue"": null, ""lead_phase"": null, ""runway_months"": 0.0, ""stage_bucket"": ""late"", ""surv_score"": ""-5.0"", ""tier1_count"": 1}",late|near_181_270|pos,-0.0008273846153846155,29.998,1.1036,0,1,1.0208,1.117,1,1,selling,-0.7776,elite_1,0.0,0.0,0.0,,,0.0,0,0,0,True,False,True,far,0.3,critical,<=400bps,241.86,1.0,0,0,1.0,0,1.0,0,222,False,specific_days,0.196941,price_history,,1,0.0499,price_history,,-0.123425,,57.9221,0.194,-0.105593,-0.017832,late,unknown,sev2,commercial_pharma,morningstar,,,,0,0.8561843971631205673758865248,51.24,45.56250000000000000000000000,49.5,50,74.76510067114093959731543624,5,76.0973,1.3616,3.0,13,635,1.0,4.2441,3,6,0.0,0.8,0.95,oncology,0.6992,highly_crowded,1.0,222,-0.0008273846153846155,0.217314,-0.7813,21.74,0.471731,-0.0709
BIIB,Biogen Inc.,,,D,ineligible,,,D,0.743816,0.519231,1,,0,,1442,0,specific_days,9,neutral,,XS,ineligible,financial_score:-23.2;clinical_score:+15.8;smart_money_score:+15.2,tier=;reason=;cat_days=1442;strength=far;decay_w=0.3,v1.3.0,31f399e0,0,financials_missing,1,"cash_runway_lt_6m,survivability_critical","{""burn_ttm"": 0.0, ""cash_total"": 0.0, ""dilution_risk"": null, ""has_revenue"": null, ""lead_phase"": null, ""runway_months"": 0.0, ""stage_bucket"": ""late"", ""surv_score"": ""-5.0"", ""tier1_count"": 5}",late|far_271_540|pos,0.008393656250000001,46.036102,1.0948,0,1,0.7926,0.8824,5,5,buying,0.7886,elite_5,0.0,0.0,0.0,,,0.0,0,0,0,True,False,True,far,0.3,critical,<=400bps,177.15,1.0,0,0,1.0,0,1.0,0,1442,False,specific_days,-0.004486,price_history,,5,0.4158,price_history,,-0.068303,,53.097,0.3103,-0.105593,0.03729,late,large,none,commercial_pharma,morningstar,,,,0,0.8253604890604890604890604891,53.25,45.56250000000000000000000000,68.5,62.45,69.12751677852348993288590604,30.06356070046894784519215852,70.4597,1.1239,3.0,11,346,1.0,3.6195,2,3,0.0,0.8,0.95,oncology,0.6992,highly_crowded,1.0,211,0.008393656250000001,0.256184,-0.6552,31.41,0.644876,0.3715
AMPH,"Amphastar Pharmaceuticals, Inc.",,,D,ineligible,,,D,0.5,0.857692,1,,0,,,0,no_upcoming,9,headwind,,XS,ineligible,momentum_score:-14.5;financial_score:+13.3;clinical_score:+12.3,tier=;reason=;cat_days=NA;strength=missing;decay_w=0.0,v1.3.0,31f399e0,0,fundamental_red_flag,1,sponsor_absent_late_stage,"{""burn_ttm"": 0.0, ""cash_total"": 276209000.0, ""dilution_risk"": null, ""has_revenue"": null, ""lead_phase"": null, ""runway_months"": null, ""stage_bucket"": ""late"", ""surv_score"": ""3.0"", ""tier1_count"": 0}",late|none|pos,0.0248237972972973,64.910929,1.0795,0,1,0.6133,0.6981,0,0,neutral,-1.1691,,0.0,0.0,0.0,,,0.0,0,0,0,True,False,True,missing,0.0,adequate,<=2000bps,1139.42,0.7,1,0,1.0,0,1.0,0,,False,no_upcoming,-0.080026,price_history,,0,0.1676,price_history,,-0.314968,,54.7221,0.4149,-0.105593,-0.209375,late,small,none,commercial_pharma,morningstar,,,,0,0.9,37.87,41.25000000000000000000000000,,79.33,64.69798657718120805369127517,65.71428571428571428571428571,65.1491,0.9,3.0,,11,1.0,0.9277,1,1,0.0,0.6,0.5,respiratory,0.6992,highly_crowded,1.0,142,0.0248237972972973,0.5,0.0,48.60,0.948763,1.633
AZN,Astrazeneca PLC,,,D,ineligible,,,D,0.966431,0.157692,1,,0,,11,1,specific_days,9,neutral,,XS,ineligible,financial_score:-44.1;clinical_score:+24.5;smart_money_score:+19.9,tier=;reason=;cat_days=11;strength=near;decay_w=1.0,v1.3.0,31f399e0,0,financials_missing,1,"cash_runway_lt_6m,survivability_critical","{""burn_ttm"": 0.0, ""cash_total"": 0.0, ""dilution_risk"": null, ""has_revenue"": null, ""lead_phase"": null, ""runway_months"": 0.0, ""stage_bucket"": ""late"", ""surv_score"": ""-5.0"", ""tier1_count"": 4}",late|near_0_30|pos,-0.006428807692307692,30.436,1.1032,0,1,0.9719,1.0667,4,4,buying,0.3971,elite_4,0.0,0.0,0.0,,,0.0,0,0,0,True,False,True,near,1.0,critical,<=400bps,263.76,1.0,0,0,1.0,0,1.0,0,11,True,specific_days,0.227342,price_history,,4,0.2382,price_history,,-0.034218,,49.8384,0.2344,-0.105593,0.071375,late,unknown,sev2,commercial_pharma,morningstar,,,,0,0.8534510452344395889925593481,53.43,44.34240000000000000000000000,69.0,50,73.55704697986577181208053691,5,74.8892,1.3107,3.0,12,663,1.0,5.4981,12,11,0.0,0.9,0.95,oncology,0.6992,highly_crowded,1.0,274,-0.006428807692307692,0.033569,-1.8308,21.88,0.478799,-0.0532
VCEL,Vericel Corporation,,,D,ineligible,,,D,0.666078,0.296154,1,,0,,,0,no_upcoming,9,neutral,high_beta,XS,ineligible,clinical_score:+20.4;financial_score:-12.8;catalyst_score:-7.9,tier=;reason=;cat_days=NA;strength=missing;decay_w=0.0,v1.3.0,31f399e0,0,fundamental_red_flag,1,sponsor_absent_late_stage,"{""burn_ttm"": 0.0, ""cash_total"": 137499000.0, ""dilution_risk"": null, ""has_revenue"": null, ""lead_phase"": null, ""runway_months"": null, ""stage_bucket"": ""late"", ""surv_score"": ""1.0"", ""tier1_count"": 0}",late|none|pos,0.0248237972972973,39.091375,1.0952,0,1,1.0801,0.94,0,0,neutral,-1.1691,,0.0,0.0,0.0,,,0.0,0,0,0,True,False,True,missing,0.0,adequate,<=1000bps,731.33,0.85,1,0,1.0,0,1.0,0,,False,no_upcoming,-0.040114,price_history,,0,2.0741,price_history,,-0.330561,,62.0685,0.4807,-0.105593,-0.224968,late,small,none,commercial_biotech,morningstar,,,,0,0.9,49.51,41.25000000000000000000000000,,36.67,69.53020134228187919463087249,36.34416729654824892920131016,68.46,1.0396,3.0,1593,10,1.0,0.0,0,0,0.0,0.4,0.5,other,-1.1852,uncrowded,1.0,189,0.0248237972972973,0.333922,-0.4291,40.38,0.818021,0.9078
NVAX,"Novavax, Inc.",,,D,ineligible,,,D,0.627208,0.934615,1,,0,,,0,no_upcoming,9,headwind,deep_drawdown|deep_drawdown_rel_xbi,XS,ineligible,momentum_score:-34.7;financial_score:+27.2;clinical_score:+11.3,tier=;reason=;cat_days=NA;strength=missing;decay_w=0.0,v1.3.0,31f399e0,0,deep_drawdown,0,,"{""burn_ttm"": 244635000.0, ""cash_total"": 735084000.0, ""dilution_risk"": null, ""has_revenue"": null, ""lead_phase"": null, ""runway_months"": 34.435271429798334, ""stage_bucket"": ""late"", ""surv_score"": ""4.0"", ""tier1_count"": 1}",late|none|pos,0.0248237972972973,69.154,0.8618,0,1,0.7123,0.5597,1,1,selling,-0.7776,elite_1,0.0,0.0,0.0,,,0.0,0,0,0,True,False,True,missing,0.0,adequate,<=1000bps,459.51,0.85,1,0,1.0,0,1.0,0,,False,no_upcoming,-0.61687,price_history,,1,1.5852,price_history,,-0.878651,,43.3527,0.4814,-0.105593,-0.773058,late,small,none,commercial_biotech,morningstar,,,,0,0.8632435867537313432835820896,15.02,41.25000000000000000000000000,54.5,90.00,61.07382550335570469798657718,77.000,61.7669,0.7575,3.0,80,19,1.0,1.8976,2,2,0.0,0.6,0.55,infectious_disease,0.2281,moderate,1.0,178,0.0248237972972973,0.372792,-0.3245,45.63,0.902827,1.2978
SNDX,"Syndax Pharmaceuticals, Inc.",,,D,ineligible,,,D,0.333922,0.742308,1,,0,,,0,no_upcoming,9,tailwind,,XS,ineligible,catalyst_score:-14.1;clinical_score:+13.4;financial_score:-12.1,tier=;reason=;cat_days=NA;strength=missing;decay_w=0.0,v1.3.0,31f399e0,0,fundamental_red_flag,1,"cash_runway_lt_6m,survivability_critical","{""burn_ttm"": 253492000.0, ""cash_total"": 435979000.0, ""dilution_risk"": null, ""has_revenue"": null, ""lead_phase"": null, ""runway_months"": 5.155381629400534, ""stage_bucket"": ""mid"", ""surv_score"": ""-5.0"", ""tier1_count"": 3}",mid|none|pos,0.1,56.073397,0.3562,0,1,1.0461,0.9049,3,3,neutral,0.0055,elite_3,0.0,0.0,0.0,,,0.0,0,0,0,True,False,True,missing,0.0,critical,<=1000bps,584.59,0.85,1,0,1.0,0,1.0,0,,False,no_upcoming,0.069092,price_history,,3,0.665,price_history,,-0.011891,,59.7196,0.5965,-0.105593,0.093702,mid,small,sev1,commercial_biotech,morningstar,,,,0,0.8340492721164613661814109742,58.39,41.25000000000000000000000000,65.0,71.21,68.75000000000000000000000000,43.27088155864197530864197531,70.0822,1.108,2.0,0,32,1.0,3.2881,4,4,0.0,0.6,0.95,oncology,0.6992,highly_crowded,1.0,95,0.1,0.666078,0.4291,36.66,0.74735,0.6662
EXEL,"Exelixis, Inc.",,,D,ineligible,,,D,0.563604,0.780769,1,,0,,,0,no_upcoming,9,headwind,,XS,ineligible,clinical_score:+10.5;catalyst_score:-8.9;momentum_score:-7.7,tier=;reason=;cat_days=NA;strength=missing;decay_w=0.0,v1.3.0,31f399e0,0,fundamental_red_flag,1,sponsor_absent_late_stage,"{""burn_ttm"": 0.0, ""cash_total"": 1059091000.0, ""dilution_risk"": null, ""has_revenue"": null, ""lead_phase"": null, ""runway_months"": null, ""stage_bucket"": ""late"", ""surv_score"": ""5.0"", ""tier1_count"": 0}",late|none|pos,0.0248237972972973,59.704725,1.0615,0,1,0.6948,0.5416,0,0,neutral,-1.1691,,0.0,0.0,0.0,,,0.0,0,0,0,True,False,True,missing,0.0,adequate,<=400bps,299.43,1.0,0,0,1.0,0,1.0,0,,False,no_upcoming,-0.02929,price_history,,0,0.5018,price_history,,-0.277634,,54.1003,0.4304,-0.105593,-0.172041,late,large,none,commercial_biotech,morningstar,,,,0,0.9,42.48,41.25000000000000000000000000,,74.00,60.67114093959731543624161074,56.24161073825503355704697986,61.2432,0.7354,3.0,102,79,1.0,1.3439,1,1,-0.0091,0.4,0.95,oncology,0.6992,highly_crowded,1.0,160,0.0248237972972973,0.436396,-0.1601,41.44,0.835689,0.9769
SIGA,SIGA Technologies Inc.,,,D,ineligible,,,D,0.644876,0.842308,1,,0,,,0,no_upcoming,9,headwind,deep_drawdown|deep_drawdown_rel_xbi,XS,ineligible,momentum_score:-21.0;financial_score:+13.6;clinical_score:+12.6,tier=;reason=;cat_days=NA;strength=missing;decay_w=0.0,v1.3.0,31f399e0,0,fundamental_red_flag|deep_drawdown,1,sponsor_absent_late_stage,"{""burn_ttm"": 0.0, ""cash_total"": 171955584.0, ""dilution_risk"": null, ""has_revenue"": null, ""lead_phase"": null, ""runway_months"": null, ""stage_bucket"": ""late"", ""surv_score"": ""2.0"", ""tier1_count"": 0}",late|none|pos,0.0248237972972973,63.576,0.2063,112,1,0.3851,0.4635,0,0,neutral,-1.1691,,0.0,0.0,0.0,,,0.0,0,0,0,True,False,True,missing,0.0,adequate,>2000bps,2020.0,0.55,1,0,1.0,0,1.0,0,,False,no_upcoming,-0.236259,price_history,,0,0.6401,price_history,,-0.709751,,46.8827,0.5084,-0.105593,-0.604158,late,small,none,commercial_pharma,morningstar,,,,0,0.9,25.38,41.25000000000000000000000000,,90.00,59.06040268456375838926174497,60.00000000000000000000000000,58.2054,0.6073,3.0,112,6,1.0,0.5971,0,1,0.0,0.4,0.55,infectious_disease,0.6992,highly_crowded,1.0,183,0.0248237972972973,0.355124,-0.3715,44.38,0.867491,1.1146
IONS,"Ionis Pharmaceuticals, Inc.",,,D,ineligible,,,D,0.595406,0.488462,1,,0,,,0,no_upcoming,9,headwind,,XS,ineligible,catalyst_score:-11.2;financial_score:+11.1;clinical_score:+7.5,tier=;reason=;cat_days=NA;strength=missing;decay_w=0.0,v1.3.0,31f399e0,0,fundamental_red_flag,1,sponsor_absent_late_stage,"{""burn_ttm"": 130874000.0, ""cash_total"": 2240171000.0, ""dilution_risk"": null, ""has_revenue"": null, ""lead_phase"": null, ""runway_months"": 187.5823540904904, ""stage_bucket"": ""late"", ""surv_score"": ""3.0"", ""tier1_count"": 0}",late|none|pos,0.0248237972972973,45.561409,0.8564,0,1,0.6597,0.5054,0,0,neutral,-1.1691,,0.0,0.0,0.0,,,0.0,0,0,0,True,False,True,missing,0.0,adequate,<=400bps,247.51,1.0,0,0,1.0,0,1.0,0,,False,no_upcoming,-0.154006,price_history,,0,0.598,price_history,,-0.162351,,58.4096,0.2985,-0.105593,-0.056758,late,large,none,commercial_biotech,morningstar,,,,0,0.9,45.03,41.25000000000000000000000000,,22.84,59.86577181208053691275167785,63.46979865771812080536912752,60.5589,0.7065,3.0,61,84,1.0,3.8401,4,6,0.0,0.5,0.55,metabolic,0.2281,moderate,1.0,169,0.0248237972972973,0.404594,-0.2415,45.38,0.899293,1.2775
RARE,Ultragenyx Pharmaceutical Inc.,,,D,ineligible,,,D,0.991166,0.142308,1,,0,,40,1,specific_days,9,headwind,high_vol|deep_drawdown|deep_drawdown_rel_xbi,XS,ineligible,financial_score:-34.2;clinical_score:+23.4;smart_money_score:+9.9,tier=;reason=;cat_days=40;strength=near;decay_w=1.0,v1.3.0,31f399e0,0,deep_drawdown,0,,"{""burn_ttm"": 466000000.0, ""cash_total"": 421000000.0, ""dilution_risk"": null, ""has_revenue"": null, ""lead_phase"": null, ""runway_months"": 10.841201716738198, ""stage_bucket"": ""late"", ""surv_score"": ""-1.0"", ""tier1_count"": 5}",late|near_31_90|pos,-0.021518142857142854,30.08601,1.0761,0,1,0.8174,0.6684,5,5,selling,0.7886,elite_5,0.0,0.0,0.0,,,0.0,0,0,0,True,False,True,near,1.0,short,<=1000bps,402.93,0.85,1,0,1.0,0,1.0,0,40,True,specific_days,0.009346,price_history,,5,1.2199,price_history,,-0.503513,,48.6122,1.2539,-0.105593,-0.39792,late,mid,sev2,commercial_biotech,morningstar,,,,0,0.8980125498264112125498264112,42.53,38.38890000000000000000000000,50.0,54.12,63.48993288590604026845637584,5.862244897959183673469387748,64.0794,0.8549,3.0,40,55,1.0,0.2849,2,0,0.0,0.8,0.75,rare_disease,-0.4786,uncrowded,1.0,281,-0.021518142857142854,0.008834,-2.3725,13.73,0.189046,-0.8814
RIGL,"Rigel Pharmaceuticals, Inc.",,,D,ineligible,,,D,0.754417,0.965385,1,,0,,437,0,specific_days,9,tailwind,deep_drawdown|deep_drawdown_rel_xbi|overbought_rsi,XS,ineligible,momentum_score:+34.6;catalyst_score:-16.4;clinical_score:-8.9,tier=;reason=;cat_days=437;strength=far;decay_w=0.3,v1.3.0,31f399e0,0,deep_drawdown,0,,"{""burn_ttm"": 0.0, ""cash_total"": 137143000.0, ""dilution_risk"": null, ""has_revenue"": null, ""lead_phase"": null, ""runway_months"": null, ""stage_bucket"": ""late"", ""surv_score"": ""1.0"", ""tier1_count"": 1}",late|far_271_540|pos,0.008393656250000001,74.115929,0.8435,0,1,0.362,0.1975,1,1,buying,-0.7776,elite_1,0.0,0.0,0.0,,,0.0,0,0,0,True,False,True,far,0.3,adequate,<=1000bps,815.97,0.85,1,0,1.0,0,1.0,0,437,False,specific_days,1.584766,price_history,,1,0.7553,price_history,,-0.42029,,74.5985,0.9981,-0.105593,-0.314697,late,small,none,commercial_biotech,morningstar,,,,0,0.8466212467896334345085220640,96.55,45.56250000000000000000000000,55.5,80.67,53.02013422818791946308724832,59.04761904761904761904761905,54.0023,0.4301,3.0,225,17,1.0,1.1571,2,1,0.0,0.8,0.6,autoimmune,-0.4786,uncrowded,1.0,214,0.008393656250000001,0.245583,-0.6885,41.43,0.832155,0.9627
GRFS,"Grifols, S.A.",,,D,ineligible,,,D,0.984099,0.180769,1,,0,,39,1,specific_days,9,tailwind,,XS,ineligible,financial_score:-37.3;momentum_score:+21.8;clinical_score:+19.9,tier=;reason=;cat_days=39;strength=near;decay_w=1.0,v1.3.0,31f399e0,0,financials_missing,1,"cash_runway_lt_6m,sponsor_absent_late_stage,survivability_critical","{""burn_ttm"": 0.0, ""cash_total"": 0.0, ""dilution_risk"": null, ""has_revenue"": null, ""lead_phase"": null, ""runway_months"": 0.0, ""stage_bucket"": ""late"", ""surv_score"": ""-5.0"", ""tier1_count"": 0}",late|near_31_90|pos,-0.021518142857142854,32.58,1.0737,0,1,0.5155,0.5976,0,0,neutral,-1.1691,,0.0,0.0,0.0,,,0.0,0,0,0,True,False,True,near,1.0,critical,<=2000bps,1441.59,0.7,1,0,1.0,0,1.0,0,39,True,specific_days,0.441883,price_history,,0,0.5661,price_history,,-0.307229,,64.3089,0.3193,-0.105593,-0.201636,late,unknown,sev2,commercial_pharma,morningstar,,,,0,0.8627286825415819073830321886,64.15,37.92320400000000000000000000,,50,62.28187919463087248322147651,5,63.9641,0.8501,3.0,392,71,1.0,3.1906,4,6,0.0,0.6,0.95,oncology,-0.4786,uncrowded,1.0,279,-0.021518142857142854,0.015901,-2.1469,18.23,0.372792,-0.3245
ALVO,Alvotech,,,D,ineligible,,,D,0.496466,0.234615,1,,0,,,0,no_upcoming,9,tailwind,,XS,ineligible,financial_score:-42.6;momentum_score:+38.8;clinical_score:+10.2,tier=;reason=;cat_days=NA;strength=missing;decay_w=0.0,v1.3.0,31f399e0,0,financials_missing,1,"cash_runway_lt_6m,sponsor_absent_late_stage,survivability_critical","{""burn_ttm"": 0.0, ""cash_total"": 0.0, ""dilution_risk"": null, ""has_revenue"": null, ""lead_phase"": null, ""runway_months"": 0.0, ""stage_bucket"": ""late"", ""surv_score"": ""-5.0"", ""tier1_count"": 0}",late|none|pos,0.0248237972972973,37.036,0.8517,0,1,0.3361,0.4132,0,0,neutral,-1.1691,,0.0,0.0,0.0,,,0.0,0,0,0,True,False,True,missing,0.0,critical,>2000bps,2020.0,0.55,1,0,1.0,0,1.0,0,,False,no_upcoming,0.903461,price_history,,0,0.0533,price_history,,-0.081746,,65.9224,0.9498,-0.105593,0.023847,late,unknown,sev2,commercial_pharma,morningstar,,,,0,0.7957144399460188933873144399,86.43,41.25000000000000000000000000,,50,57.85234899328859060402684564,5,56.0347,0.5158,3.0,301,6,1.0,0.2074,0,0,0.0,0.3,0.55,ophthalmology,0.6992,highly_crowded,1.0,141,0.0248237972972973,0.503534,0.0089,13.69,0.185512,-0.8946
COLL,"Collegium Pharmaceutical, Inc.",,,D,ineligible,,,D,0.100707,0.988462,1,,0,,,0,no_upcoming,9,tailwind,,XS,ineligible,clinical_score:-38.4;momentum_score:+30.1;financial_score:+16.8,tier=;reason=;cat_days=NA;strength=missing;decay_w=0.0,v1.3.0,31f399e0,0,fundamental_red_flag,1,sponsor_absent_late_stage,"{""burn_ttm"": 0.0, ""cash_total"": 386679000.0, ""dilution_risk"": null, ""has_revenue"": null, ""lead_phase"": null, ""runway_months"": null, ""stage_bucket"": ""late"", ""surv_score"": ""3.0"", ""tier1_count"": 0}",late|none|nonpos,0.1,77.49,-0.2154,,0,-1.5415,-1.5168,0,0,neutral,-1.1691,,0.0,0.0,0.0,,,0.0,0,0,0,True,False,True,missing,0.0,adequate,<=1000bps,731.17,0.85,1,0,1.0,0,1.0,0,,False,no_upcoming,0.524827,price_history,,0,0.3759,price_history,,-0.04071,,63.1483,0.4474,-0.105593,0.064883,late,small,none,commercial_pharma,morningstar,,,,0,0.9,79.95,41.25000000000000000000000000,,90.00,11.46840232421962974640781947,66.66666666666666666666666667,10.3982,-1.4082,3.0,,2,0.0,0.0,0,0,0.0,0.4,0.5,other,-1.4208,uncrowded,1.0,29,0.1,0.899293,1.2775,24.45,0.524735,0.062
INVA,"Innoviva, Inc.",,,D,ineligible,,,D,0.189046,0.942308,1,,0,,,0,no_upcoming,9,headwind,deep_drawdown|deep_drawdown_rel_xbi,XS,ineligible,financial_score:+22.7;clinical_score:-11.8;catalyst_score:-5.6,tier=;reason=;cat_days=NA;strength=missing;decay_w=0.0,v1.3.0,31f399e0,0,fundamental_red_flag,1,sponsor_absent_late_stage,"{""burn_ttm"": 0.0, ""cash_total"": 550941000.0, ""dilution_risk"": null, ""has_revenue"": null, ""lead_phase"": null, ""runway_months"": null, ""stage_bucket"": ""late"", ""surv_score"": ""2.0"", ""tier1_count"": 0}",late|none|nonpos,0.1,71.109714,-0.1711,,0,-0.4193,-0.6103,0,0,neutral,-1.1691,,0.0,0.0,0.0,,,0.0,0,0,0,True,False,True,missing,0.0,adequate,<=1000bps,731.28,0.85,1,0,1.0,0,1.0,0,,False,no_upcoming,-0.111962,price_history,,0,0.5239,price_history,,-0.357037,,45.4098,0.3385,-0.105593,-0.251444,late,small,none,commercial_biotech,morningstar,,,,0,0.9,41.62,41.25000000000000000000000000,,90.00,35.05652898518084770956263231,69.52380952380952380952380952,33.9387,-0.4158,3.0,,3,0.0,0.0,0,0,0.0,0.3,0.95,oncology,0.6992,highly_crowded,1.0,54,0.1,0.810954,0.8814,36.80,0.750883,0.6773
ARVN,"Arvinas, Inc.",,,D,ineligible,,,D,0.037102,0.911538,1,,0,,,0,no_upcoming,9,headwind,deep_drawdown|deep_drawdown_rel_xbi,XS,ineligible,financial_score:+24.4;clinical_score:-24.1;smart_money_score:+21.9,tier=;reason=;cat_days=NA;strength=missing;decay_w=0.0,v1.3.0,31f399e0,0,deep_drawdown,0,,"{""burn_ttm"": 273800000.0, ""cash_total"": 685400000.0, ""dilution_risk"": null, ""has_revenue"": null, ""lead_phase"": null, ""runway_months"": 30.030679327976625, ""stage_bucket"": ""late"", ""surv_score"": ""5.0"", ""tier1_count"": 4}",late|none|nonpos,0.1,67.2505,0.5669,20,1,-1.073,-1.2863,4,4,buying,0.3971,elite_4,0.0,0.0,0.0,,,0.0,0,0,0,True,False,True,missing,0.0,adequate,<=1000bps,932.46,0.85,1,0,1.0,0,1.0,0,,False,no_upcoming,-0.383327,price_history,,4,1.575,price_history,,-0.572431,,47.1121,0.6174,-0.105593,-0.466838,late,small,none,commercial_biotech,morningstar,,,,0,0.8141091718402249033618367108,24.74,41.25000000000000000000000000,66.0,90.00,20.02497385002677557066998984,68.450,20.195,-0.9952,3.0,742,5,1.0,0.6127,2,0,0.0,0.3,0.95,oncology,0.6992,highly_crowded,1.0,11,0.1,0.962898,1.7853,19.01,0.393993,-0.2689
AQST,"Aquestive Therapeutics, Inc.",,,D,ineligible,,,D,0.033569,0.811538,1,,0,,,0,no_upcoming,9,neutral,deep_drawdown|deep_drawdown_rel_xbi,XS,ineligible,clinical_score:-25.4;smart_money_score:+24.0;financial_score:+7.6,tier=;reason=;cat_days=NA;strength=missing;decay_w=0.0,v1.3.0,31f399e0,0,deep_drawdown,0,,"{""burn_ttm"": 43963000.0, ""cash_total"": 129063000.0, ""dilution_risk"": null, ""has_revenue"": null, ""lead_phase"": null, ""runway_months"": 35.22862407024088, ""stage_bucket"": ""late"", ""surv_score"": ""0.0"", ""tier1_count"": 4}",late|none|nonpos,0.1,61.192571,0.8096,0,1,-1.0903,-1.0531,4,4,buying,0.3971,elite_4,0.0,0.0,0.0,,,0.0,0,0,0,True,False,True,missing,0.0,adequate,<=1000bps,726.16,0.85,1,0,1.0,0,1.0,0,,False,no_upcoming,-0.048177,price_history,,4,0.7966,price_history,,-0.72,,48.8728,0.9486,-0.105593,-0.614407,late,small,none,commercial_pharma,morningstar,,,,0,0.8092350046860356138706654171,48.59,41.25000000000000000000000000,72.0,75.56,22.61384622314310166208729337,55.61904761904761904761904762,20.796,-0.9698,3.0,,4,1.0,0.0,0,0,0.0,0.3,0.6,cns,0.6992,highly_crowded,1.0,10,0.1,0.966431,1.8308,20.41,0.439929,-0.1511
PCRX,"Pacira BioSciences, Inc.",,,D,ineligible,,,D,0.902827,0.788462,1,,0,,,0,no_upcoming,9,headwind,deep_drawdown|deep_drawdown_rel_xbi,XS,ineligible,financial_score:+24.9;clinical_score:-20.6;momentum_score:-11.5,tier=;reason=;cat_days=NA;strength=missing;decay_w=0.0,v1.3.0,31f399e0,0,deep_drawdown,0,,"{""burn_ttm"": 0.0, ""cash_total"": 246334000.0, ""dilution_risk"": null, ""has_revenue"": null, ""lead_phase"": null, ""runway_months"": null, ""stage_bucket"": ""early"", ""surv_score"": ""-1.0"", ""tier1_count"": 0}",early|none|nonpos,-0.0027158562874251497,59.77,-1.6149,,0,-1.4593,-1.4324,0,0,neutral,-1.1691,,0.0,0.0,0.0,,,0.0,0,0,0,True,False,True,missing,0.0,adequate,<=1000bps,713.74,0.85,1,0,1.0,0,1.0,0,,False,no_upcoming,-0.366712,price_history,,0,0.4926,price_history,,-0.564797,,27.474,0.3370,-0.105593,-0.459204,early,small,sev1,commercial_pharma,morningstar,,,,0,0.7293044343691252902797744111,22.60,41.25000000000000000000000000,,82.00,13.49800809664360252253995903,59.00000000000000000000000000,12.098,-1.3365,,,,,0.0,0,0,,0.0,0.5,other,-3.5407,uncrowded,1.0,256,-0.0027158562874251497,0.097173,-1.2978,17.99,0.362191,-0.3526
BEAM,Beam Therapeutics Inc.,,,D,ineligible,,,D,0.80742,0.726923,1,,0,,,0,no_upcoming,9,headwind,high_beta|deep_drawdown|deep_drawdown_rel_xbi,XS,ineligible,financial_score:+17.1;smart_money_score:+14.7;momentum_score:-14.0,tier=;reason=;cat_days=NA;strength=missing;decay_w=0.0,v1.3.0,31f399e0,0,deep_drawdown,0,,"{""burn_ttm"": 345102000.0, ""cash_total"": 1245210000.0, ""dilution_risk"": null, ""has_revenue"": null, ""lead_phase"": null, ""runway_months"": 43.29885077455361, ""stage_bucket"": ""early"", ""surv_score"": ""5.0"", ""tier1_count"": 4}",early|none|nonpos,-0.0027158562874251497,55.7725,-1.443,1838,1,-0.0466,-0.225,4,4,buying,0.3971,elite_4,0.0,0.0,0.0,,,0.0,0,0,0,True,False,True,missing,0.0,adequate,<=1000bps,448.95,0.85,1,0,1.0,0,1.0,0,,False,no_upcoming,-0.173026,price_history,,4,1.8053,price_history,,-0.431525,,56.2362,0.7330,-0.105593,-0.325932,early,mid,none,commercial_biotech,morningstar,,,,0,0.7750354771351012737523491334,37.35,41.25000000000000000000000000,66.0,50,43.62461895775874582668021484,68.450,41.8068,-0.084,1.0,1838,1,0.0,0.0,0,0,0.0,0.3,0.5,other,0.6992,highly_crowded,1.0,229,-0.0027158562874251497,0.19258,-0.8684,40.23,0.80742,0.8684
AUPH,Aurinia Pharmaceuticals Inc,,,D,ineligible,,,D,0.04417,0.657692,1,,0,,,0,no_upcoming,9,tailwind,deep_drawdown|deep_drawdown_rel_xbi,XS,ineligible,financial_score:-20.2;momentum_score:+15.0;smart_money_score:+9.0,tier=;reason=;cat_days=NA;strength=missing;decay_w=0.0,v1.3.0,31f399e0,0,deep_drawdown,0,,"{""burn_ttm"": 0.0, ""cash_total"": 80160000.0, ""dilution_risk"": null, ""has_revenue"": null, ""lead_phase"": null, ""runway_months"": null, ""stage_bucket"": ""late"", ""surv_score"": ""1.0"", ""tier1_count"": 1}",late|none|nonpos,0.1,50.993439,0.8374,0,1,0.1436,-0.0283,1,1,buying,-0.7776,elite_1,0.0,0.0,0.0,,,0.0,0,0,0,True,False,True,missing,0.0,adequate,<=1000bps,819.87,0.85,1,0,1.0,0,1.0,0,,False,no_upcoming,0.094843,price_history,,1,0.9565,price_history,,-0.565013,,68.4029,0.4141,-0.105593,-0.45942,late,small,none,commercial_biotech,morningstar,,,,0,0.8763407441860465116279069767,61.56,41.25000000000000000000000000,55.5,76.67,47.99908913011926389702165568,26.32653061224489795918367346,46.8813,0.1299,3.0,895,11,1.0,0.0009,0,0,0.0,0.6,0.55,ophthalmology,0.6992,highly_crowded,1.0,13,0.1,0.95583,1.7042,33.02,0.687279,0.4882
KMDA,Kamada Ltd.,,,D,ineligible,,,D,0.602473,0.096154,1,,0,,,0,no_upcoming,9,neutral,,XS,ineligible,financial_score:-31.8;clinical_score:+17.4;momentum_score:+9.9,tier=;reason=;cat_days=NA;strength=missing;decay_w=0.0,v1.3.0,31f399e0,0,financials_missing,1,"cash_runway_lt_6m,sponsor_absent_late_stage,survivability_critical","{""burn_ttm"": 0.0, ""cash_total"": 0.0, ""dilution_risk"": null, ""has_revenue"": null, ""lead_phase"": null, ""runway_months"": 0.0, ""stage_bucket"": ""late"", ""surv_score"": ""-5.0"", ""tier1_count"": 0}",late|none|pos,0.0248237972972973,29.084,0.8448,0,1,0.1894,0.2624,0,0,neutral,-1.1691,,0.0,0.0,0.0,,,0.0,0,0,0,True,False,True,missing,0.0,critical,>2000bps,2036.0,0.55,1,0,1.0,0,1.0,0,,False,no_upcoming,-0.013814,price_history,,0,0.2837,price_history,,-0.239303,,55.6979,0.3562,-0.105593,-0.13371,late,unknown,sev2,commercial_pharma,morningstar,,,,0,0.8372182113275128721737183792,46.67,41.25000000000000000000000000,,50,54.22818791946308724832214765,5,53.158,0.3945,3.0,2142,13,1.0,0.0,0,0,0.0,0.4,0.55,infectious_disease,-0.4786,uncrowded,1.0,171,0.0248237972972973,0.397527,-0.2598,17.75,0.355124,-0.3715
AMRX,"Amneal Pharmaceuticals, Inc.",,,D,ineligible,,,D,0.503534,0.257692,1,,0,,,0,no_upcoming,9,headwind,deep_drawdown|deep_drawdown_rel_xbi,XS,ineligible,clinical_score:+10.9;momentum_score:-9.2;financial_score:-2.0,tier=;reason=;cat_days=NA;strength=missing;decay_w=0.0,v1.3.0,31f399e0,0,fundamental_red_flag|deep_drawdown,1,sponsor_absent_late_stage,"{""burn_ttm"": 0.0, ""cash_total"": 201249000.0, ""dilution_risk"": null, ""has_revenue"": null, ""lead_phase"": null, ""runway_months"": null, ""stage_bucket"": ""late"", ""surv_score"": ""1.0"", ""tier1_count"": 0}",late|none|pos,0.0248237972972973,37.650049,0.8408,0,1,0.0916,0.1619,0,0,neutral,-1.1691,,0.0,0.0,0.0,,,0.0,0,0,0,True,False,True,missing,0.0,adequate,<=1000bps,544.86,0.85,1,0,1.0,0,1.0,0,,False,no_upcoming,-0.098003,price_history,,0,0.6488,price_history,,-0.566735,,43.6371,0.3236,-0.105593,-0.461142,late,mid,none,commercial_pharma,morningstar,,,,0,0.9,31.73,41.25000000000000000000000000,,39.33,51.81208053691275167785234899,38.97455278407659360040312422,50.3919,0.2779,3.0,,13,1.0,0.0,0,0,0.0,0.4,0.6,autoimmune,0.6992,highly_crowded,1.0,143,0.0248237972972973,0.496466,-0.0089,34.83,0.712014,0.5593
EOLS,"Evolus, Inc. Common Stock",,,D,ineligible,,,D,0.132509,0.565385,1,,0,,,0,no_upcoming,9,tailwind,overbought_rsi,XS,ineligible,financial_score:-26.4;momentum_score:+25.7;clinical_score:-13.7,tier=;reason=;cat_days=NA;strength=missing;decay_w=0.0,v1.3.0,31f399e0,0,fundamental_red_flag,1,survivability_critical,"{""burn_ttm"": 55092000.0, ""cash_total"": 43523000.0, ""dilution_risk"": null, ""has_revenue"": null, ""lead_phase"": null, ""runway_months"": 9.480069701590068, ""stage_bucket"": ""late"", ""surv_score"": ""-5.0"", ""tier1_count"": 1}",late|none|nonpos,0.1,47.896136,-0.0798,122,1,-1.0369,-0.9982,1,1,selling,-0.7776,elite_1,0.0,0.0,0.0,,,0.0,0,0,0,True,False,True,missing,0.0,short,<=2000bps,1511.35,0.7,1,0,1.0,0,1.0,0,,False,no_upcoming,0.274891,price_history,,1,0.5501,price_history,,-0.207317,,80.9386,0.5726,-0.105593,-0.101724,late,micro,sev2,commercial_pharma,morningstar,,,,0,0.8690122494681446646512148696,63.43,41.25000000000000000000000000,48.5,86.08,23.93230535161078830282920189,11.29363542182784559254087653,22.7315,-0.8882,3.0,,3,0.6667,0.3914,0,1,0.0,0.3,0.5,other,-3.0696,uncrowded,1.0,38,0.1,0.867491,1.1146,5.93,0.022968,-1.996
IOVA,"Iovance Biotherapeutics, Inc.",,,D,ineligible,,,D,0.19258,0.119231,1,,0,,101,0,specific_days,9,headwind,deep_drawdown|deep_drawdown_rel_xbi,XS,ineligible,financial_score:-19.9;momentum_score:-17.1;smart_money_score:+15.9,tier=;reason=;cat_days=101;strength=near;decay_w=1.0,v1.3.0,31f399e0,0,deep_drawdown,0,,"{""burn_ttm"": 302408000.0, ""cash_total"": 296980000.0, ""dilution_risk"": null, ""has_revenue"": null, ""lead_phase"": null, ""runway_months"": 11.784608872781144, ""stage_bucket"": ""mid"", ""surv_score"": ""-1.0"", ""tier1_count"": 2}",mid|near_91_180|pos,0.1,29.795125,0.3406,0,1,0.3937,0.2304,2,2,neutral,-0.386,elite_2,0.0,0.0,0.0,,,0.0,0,0,0,True,False,True,near,1.0,short,<=1000bps,449.86,0.85,1,0,1.0,0,1.0,0,101,False,specific_days,-0.447551,price_history,,2,1.1496,price_history,,-0.657938,,46.9692,0.9724,-0.105593,-0.552345,mid,small,sev2,commercial_biotech,morningstar,,,,0,0.7639043959769465476325008476,21.94,45.56250000000000000000000000,55.0,47.94,53.75000000000000000000000000,19.17361111111111111111111111,54.2066,0.4387,2.0,10,19,1.0,1.5883,1,2,0.0,0.3,0.95,oncology,0.6992,highly_crowded,1.0,55,0.1,0.80742,0.8684,10.87,0.090106,-1.3401
TKNO,"Alpha Teknova, Inc.",,,D,ineligible,,,D,0.934629,0.411538,1,,0,,,0,no_upcoming,9,tailwind,deep_drawdown|deep_drawdown_rel_xbi,XS,ineligible,clinical_score:-25.5;momentum_score:+23.0;catalyst_score:+11.0,tier=;reason=;cat_days=NA;strength=missing;decay_w=0.0,v1.3.0,31f399e0,0,deep_drawdown,0,,"{""burn_ttm"": 8184000.0, ""cash_total"": 22116000.0, ""dilution_risk"": null, ""has_revenue"": null, ""lead_phase"": null, ""runway_months"": 32.42815249266862, ""stage_bucket"": ""early"", ""surv_score"": ""-1.0"", ""tier1_count"": 0}",early|none|nonpos,-0.0027158562874251497,43.690057,-1.6149,,0,-1.4593,-1.4324,0,0,neutral,-1.1691,,0.0,0.0,0.0,,,0.0,0,0,0,True,False,True,missing,0.0,adequate,>2000bps,2036.0,0.55,1,0,1.0,0,1.0,0,,False,no_upcoming,0.484349,price_history,,0,1.4508,price_history,,-0.662864,,65.8607,0.5979,-0.105593,-0.557271,early,micro,sev1,commercial_pharma,morningstar,,,,0,0.6804914634146341463414634146,62.00,50,,50,13.49800809664360252253995903,30.64457024886695375881034178,13.673,-1.2701,,,,,,,,,,,,-1.6563,unknown,1.0,265,-0.0027158562874251497,0.065371,-1.5112,11.24,0.107774,-1.2385
NTRA,"Natera, Inc.",,,D,ineligible,,,D,0.719081,0.188462,1,,0,,1320,0,specific_days,9,headwind,deep_drawdown|deep_drawdown_rel_xbi,XS,ineligible,clinical_score:+23.1;momentum_score:-13.6;financial_score:-6.8,tier=;reason=;cat_days=1320;strength=far;decay_w=0.3,v1.3.0,31f399e0,0,deep_drawdown,0,,"{""burn_ttm"": 0.0, ""cash_total"": 1000000.0, ""dilution_risk"": null, ""has_revenue"": null, ""lead_phase"": null, ""runway_months"": null, ""stage_bucket"": ""late"", ""surv_score"": ""2.0"", ""tier1_count"": 5}",late|far_271_540|nonpos,0.01480362015503876,32.644053,1.1036,0,1,,0.0,5,5,selling,0.7886,elite_5,0.0,0.0,0.0,,,0.0,0,0,0,True,False,True,far,0.3,adequate,<=400bps,210.15,1.0,0,0,1.0,0,1.0,0,1320,False,specific_days,-0.147014,price_history,,5,0.9754,price_history,,-0.442795,,52.7606,0.3255,-0.105593,-0.337202,late,large,none,platform_diagnostics,morningstar,,,,0,0.8246108961960025789813023856,37.23,45.56250000000000000000000000,53.5,15.33,73.95973154362416107382550336,44.07233908382505292554389441,73.7834,1.2641,3.0,255,60,1.0,0.3318,0,0,0.0,0.8,0.95,oncology,0.2281,moderate,1.0,204,0.01480362015503876,0.280919,-0.5801,32.93,0.680212,0.4683
STOK,"Stoke Therapeutics, Inc.",,,D,ineligible,,,D,0.461131,0.365385,1,,0,,,0,no_upcoming,9,headwind,deep_drawdown|deep_drawdown_rel_xbi,XS,ineligible,smart_money_score:+35.9;momentum_score:-19.3;clinical_score:-17.2,tier=;reason=;cat_days=NA;strength=missing;decay_w=0.0,v1.3.0,31f399e0,0,deep_drawdown,0,,"{""burn_ttm"": 0.0, ""cash_total"": 83394000.0, ""dilution_risk"": null, ""has_revenue"": null, ""lead_phase"": null, ""runway_months"": null, ""stage_bucket"": ""mid"", ""surv_score"": ""5.0"", ""tier1_count"": 6}",mid|none|nonpos,0.06757794339622641,41.972181,-0.856,298,1,-0.7728,-0.9758,6,6,buying,1.1802,elite_6,0.0,0.0,0.0,,,0.0,0,0,0,True,False,True,missing,0.0,adequate,<=1000bps,603.91,0.85,1,0,1.0,0,1.0,0,,False,no_upcoming,-0.474185,price_history,,6,1.3011,price_history,,-0.634866,,55.0014,0.7422,-0.105593,-0.529273,mid,mid,none,commercial_biotech,morningstar,,,,0,0.7884608316103836434642775098,24.77,41.25000000000000000000000000,80.0,44.67,26.92901234567901234567901234,47.51929012345679012345679012,25.4612,-0.7732,2.0,298,1,0.0,0.0209,0,0,0.0,0.3,0.5,other,-3.3052,uncrowded,1.0,131,0.06757794339622641,0.538869,0.0976,28.86,0.609541,0.2781
GH,"Guardant Health, Inc.",,,D,ineligible,,,D,0.676678,0.111538,1,,0,,132,0,specific_days,9,headwind,deep_drawdown|deep_drawdown_rel_xbi,XS,ineligible,momentum_score:-24.8;clinical_score:+19.4;smart_money_score:+16.0,tier=;reason=;cat_days=132;strength=mid;decay_w=0.7,v1.3.0,31f399e0,0,deep_drawdown,0,,"{""burn_ttm"": 184760000.0, ""cash_total"": 378203000.0, ""dilution_risk"": null, ""has_revenue"": null, ""lead_phase"": null, ""runway_months"": 24.05654706689919, ""stage_bucket"": ""late"", ""surv_score"": ""-1.0"", ""tier1_count"": 3}",late|near_91_180|nonpos,0.02370926829268293,29.421357,1.0953,0,1,,0.0,3,3,buying,0.0055,elite_3,0.0,0.0,0.0,,,0.0,0,0,0,True,False,True,mid,0.7,adequate,<=400bps,236.1,1.0,0,0,1.0,0,1.0,0,132,False,specific_days,-0.385121,price_history,,3,1.1727,price_history,,-0.590175,,45.7919,0.6981,-0.105593,-0.484582,late,large,none,platform_diagnostics,morningstar,,,,0,0.9,25.65,45.56250000000000000000000000,66.5,11.74,69.93288590604026845637583892,44.84968144578072058816169442,71.5454,1.1697,3.0,32,660,1.0,3.367,1,6,0.002,0.8,0.95,oncology,-0.4786,uncrowded,1.0,192,0.02370926829268293,0.323322,-0.4584,40.31,0.810954,0.8814
LAB,Standard BioTools Inc.,,,D,ineligible,,,D,0.736749,0.796154,1,,0,,40,1,specific_days,9,tailwind,deep_drawdown|deep_drawdown_rel_xbi|overbought_rsi,XS,ineligible,momentum_score:+29.2;financial_score:-28.3;catalyst_score:-16.0,tier=;reason=;cat_days=40;strength=near;decay_w=1.0,v1.3.0,31f399e0,0,deep_drawdown,0,,"{""burn_ttm"": 73153000.0, ""cash_total"": 129418000.0, ""dilution_risk"": null, ""has_revenue"": null, ""lead_phase"": null, ""runway_months"": 21.229696663158037, ""stage_bucket"": ""late"", ""surv_score"": ""0.0"", ""tier1_count"": 1}",late|near_31_90|nonpos,0.014200297872340426,59.950889,1.0938,0,1,,0.0,1,1,buying,-0.7776,elite_1,0.0,0.0,0.0,,,0.0,0,0,0,True,False,True,near,1.0,adequate,>2000bps,2020.0,0.55,1,0,1.0,0,1.0,0,40,True,specific_days,0.735007,price_history,,1,0.9786,price_history,,-0.506266,,72.1849,0.7324,-0.105593,-0.400673,late,small,sev1,platform_devices,morningstar,,,,0,0.8246185644494550920706501315,83.56,38.38890000000000000000000000,55.5,90.00,68.32214765100671140939597315,26.08641975308641975308641975,70.0721,1.1076,3.0,66,747,1.0,1.7107,11,5,0.0476,0.8,0.95,oncology,0.6992,highly_crowded,1.0,209,0.014200297872340426,0.263251,-0.6334,19.21,0.404594,-0.2415
MRVI,"Maravai LifeSciences Holdings, Inc.",,,D,ineligible,,,D,0.878092,0.311538,1,,0,,,0,no_upcoming,9,headwind,deep_drawdown|deep_drawdown_rel_xbi,XS,ineligible,clinical_score:-18.6;catalyst_score:+17.9;financial_score:+4.4,tier=;reason=;cat_days=NA;strength=missing;decay_w=0.0,v1.3.0,31f399e0,0,deep_drawdown,0,,"{""burn_ttm"": 34805000.0, ""cash_total"": 243574000.0, ""dilution_risk"": null, ""has_revenue"": null, ""lead_phase"": null, ""runway_months"": 82.10337595173107, ""stage_bucket"": ""early"", ""surv_score"": ""-2.0"", ""tier1_count"": 0}",early|none|nonpos,-0.0027158562874251497,39.605125,-1.6149,,0,-1.3569,-1.5798,0,0,neutral,-1.1691,,0.0,0.0,0.0,,,0.0,0,0,0,True,False,True,missing,0.0,adequate,<=2000bps,1558.12,0.7,1,0,1.0,0,1.0,0,,False,no_upcoming,-0.247768,price_history,,0,0.9156,price_history,,-0.656647,,50.877,0.6854,-0.105593,-0.551054,early,small,sev1,commercial_biotech,morningstar,,,,0,0.6673252766757151806222593443,28.37,50,,50,13.49800809664360252253995903,36.51361111111111111111111111,13.673,-1.2701,,,,,,,,,,,,-1.6563,unknown,1.0,249,-0.0027158562874251497,0.121908,-1.1655,11.19,0.10424,-1.2578
CDNA,"CareDx, Inc.",,,D,ineligible,,,D,0.704947,0.573077,1,,0,,985,0,specific_days,9,headwind,deep_drawdown|deep_drawdown_rel_xbi,XS,ineligible,momentum_score:-20.9;clinical_score:+15.0;smart_money_score:+10.0,tier=;reason=;cat_days=985;strength=far;decay_w=0.3,v1.3.0,31f399e0,0,deep_drawdown,0,,"{""burn_ttm"": 0.0, ""cash_total"": 177208000.0, ""dilution_risk"": null, ""has_revenue"": null, ""lead_phase"": null, ""runway_months"": null, ""stage_bucket"": ""late"", ""surv_score"": ""1.0"", ""tier1_count"": 3}",late|far_271_540|nonpos,0.01480362015503876,47.962857,1.0843,0,1,,0.0,3,3,buying,0.0055,elite_3,0.0,0.0,0.0,,,0.0,0,0,0,True,False,True,far,0.3,adequate,<=1000bps,851.72,0.85,1,0,1.0,0,1.0,0,985,False,specific_days,-0.243925,price_history,,3,0.6707,price_history,,-0.685883,,63.6953,0.5165,-0.105593,-0.58029,late,small,none,platform_diagnostics,morningstar,,,,0,0.8840539130434782608695652174,29.60,45.56250000000000000000000000,60.5,54.00,65.50335570469798657718120805,51.42857142857142857142857143,66.6068,0.9615,3.0,244,237,1.0,0.8948,1,1,0.0,0.6,0.95,oncology,0.6992,highly_crowded,1.0,200,0.01480362015503876,0.295053,-0.5387,40.88,0.828622,0.9487
TWST,Twist Bioscience Corporation,,,D,ineligible,,,D,0.948763,0.288462,1,,0,,,0,no_upcoming,9,headwind,high_beta|deep_drawdown|deep_drawdown_rel_xbi,XS,ineligible,clinical_score:+19.5;momentum_score:-12.4;financial_score:-10.0,tier=;reason=;cat_days=NA;strength=missing;decay_w=0.0,v1.3.0,31f399e0,0,deep_drawdown,0,,"{""burn_ttm"": 24814000.0, ""cash_total"": 197949000.0, ""dilution_risk"": null, ""has_revenue"": null, ""lead_phase"": null, ""runway_months"": 95.72773434351576, ""stage_bucket"": ""early"", ""surv_score"": ""1.0"", ""tier1_count"": 1}",early|none|nonpos,-0.0027158562874251497,39.046242,-1.5011,,0,,0.0,1,1,selling,-0.7776,elite_1,0.0,0.0,0.0,,,0.0,0,0,0,True,False,True,missing,0.0,adequate,<=1000bps,402.96,0.85,1,0,1.0,0,1.0,0,,False,no_upcoming,-0.268888,price_history,,1,1.8296,price_history,,-0.581644,,55.3399,0.6351,-0.105593,-0.476051,early,mid,none,platform_diagnostics,morningstar,,,,0,0.7583047126436781609195402299,31.45,41.25000000000000000000000000,49.5,50,63.37349397590361445783132530,33.90275963290914662666731183,62.1004,0.7715,0.0,,2,0.0,0.0,0,0,0.0,0.0,0.75,cardiovascular,0.6992,highly_crowded,1.0,269,-0.0027158562874251497,0.051237,-1.633,36.28,0.733216,0.6226
CERS,Cerus Corporation,,,D,ineligible,,,D,0.079505,0.419231,1,,0,,,0,no_upcoming,9,headwind,deep_drawdown|deep_drawdown_rel_xbi,XS,ineligible,financial_score:-21.8;clinical_score:+20.7;momentum_score:-12.2,tier=;reason=;cat_days=NA;strength=missing;decay_w=0.0,v1.3.0,31f399e0,0,deep_drawdown,0,,"{""burn_ttm"": 1363000.0, ""cash_total"": 15670000.0, ""dilution_risk"": null, ""has_revenue"": null, ""lead_phase"": null, ""runway_months"": 137.96038151137196, ""stage_bucket"": ""late"", ""surv_score"": ""3.0"", ""tier1_count"": 1}",late|none|nonpos,0.1,44.124802,1.0601,0,1,,0.0,1,1,selling,-0.7776,elite_1,0.0,0.0,0.0,,,0.0,0,0,0,True,False,True,missing,0.0,adequate,<=2000bps,1656.9,0.7,1,0,1.0,0,1.0,0,,False,no_upcoming,-0.247972,price_history,,1,1.3806,price_history,,-0.468484,,40.0696,,-0.105593,-0.362891,late,small,none,platform_devices,morningstar,,,,0,0.8929900124069478908188585608,26.52,41.25000000000000000000000000,49.5,89.10,59.46308724832214765100671141,16.96844993141289437585733882,59.3953,0.6575,3.0,318,15,1.0,0.1063,0,0,0.0,0.5,0.95,oncology,-0.4786,uncrowded,1.0,23,0.1,0.920495,1.4084,27.98,0.591873,0.2324
PHAT,"Phathom Pharmaceuticals, Inc.",,,D,ineligible,,,D,0.277385,0.173077,1,,0,,,0,no_upcoming,9,headwind,deep_drawdown|deep_drawdown_rel_xbi,XS,ineligible,financial_score:-22.9;smart_money_score:+14.5;catalyst_score:+6.2,tier=;reason=;cat_days=NA;strength=missing;decay_w=0.0,v1.3.0,31f399e0,0,fundamental_red_flag|deep_drawdown,1,survivability_critical,"{""burn_ttm"": 166775000.0, ""cash_total"": 129972000.0, ""dilution_risk"": null, ""has_revenue"": null, ""lead_phase"": null, ""runway_months"": 9.351905261579972, ""stage_bucket"": ""late"", ""surv_score"": ""-7.0"", ""tier1_count"": 1}",late|none|nonpos,0.1,32.045373,0.832,0,1,-0.21,-0.3939,1,1,selling,-0.7776,elite_1,0.0,0.0,0.0,,,0.0,0,0,0,True,False,True,missing,0.0,short,<=1000bps,859.62,0.85,1,0,1.0,0,1.0,0,,False,no_upcoming,-0.22305,price_history,,1,1.0376,price_history,,-0.562944,,45.7958,0.6057,-0.105593,-0.457351,late,small,sev2,commercial_biotech,morningstar,,,,0,0.7992469454887218045112781955,32.31,41.25000000000000000000000000,49.5,57.52,39.86852444084100315801590519,12.11416253744296072338400381,39.4408,-0.1838,3.0,117,2,0.3333,0.6504,0,1,0.0,0.4,0.55,infectious_disease,-0.4786,uncrowded,1.0,79,0.1,0.722615,0.5906,10.34,0.072438,-1.4579
BCRX,"BioCryst Pharmaceuticals, Inc.",,,D,ineligible,,,D,0.05477,0.103846,1,,0,,,0,no_upcoming,9,headwind,deep_drawdown|deep_drawdown_rel_xbi,XS,ineligible,smart_money_score:+20.2;financial_score:-16.3;momentum_score:-7.6,tier=;reason=;cat_days=NA;strength=missing;decay_w=0.0,v1.3.0,31f399e0,0,deep_drawdown,0,,"{""burn_ttm"": 0.0, ""cash_total"": 212873000.0, ""dilution_risk"": null, ""has_revenue"": null, ""lead_phase"": null, ""runway_months"": null, ""stage_bucket"": ""late"", ""surv_score"": ""3.0"", ""tier1_count"": 3}",late|none|nonpos,0.1,29.210644,0.8344,0,1,-0.2686,-0.2084,3,3,buying,0.0055,elite_3,0.0,0.0,0.0,,,0.0,0,0,0,True,False,True,missing,0.0,adequate,<=1000bps,517.78,0.85,1,0,1.0,0,1.0,0,,False,no_upcoming,-0.359259,price_history,,3,1.0511,price_history,,-0.473684,,43.4479,0.4141,-0.105593,-0.368091,late,mid,none,commercial_pharma,morningstar,,,,0,0.8953892651986596457635232169,32.67,41.25000000000000000000000000,60.5,34.00,42.91383271023827755506508716,23.94809775762156714537666919,42.0762,-0.0727,3.0,600,26,1.0,0.4005,0,0,0.0,0.8,0.55,infectious_disease,0.6992,highly_crowded,1.0,16,0.1,0.94523,1.6003,29.56,0.613074,0.2873
BBIO,"BridgeBio Pharma, Inc.",,,D,ineligible,,,D,0.701413,0.042308,1,,0,,315,0,specific_days,9,headwind,high_beta,XS,ineligible,smart_money_score:+31.5;clinical_score:-22.7;financial_score:-18.0,tier=;reason=;cat_days=315;strength=far;decay_w=0.3,v1.3.0,31f399e0,0,fundamental_red_flag,1,debt_distress_with_weak_surv,"{""burn_ttm"": 445910000.0, ""cash_total"": 578058000.0, ""dilution_risk"": null, ""has_revenue"": null, ""lead_phase"": null, ""runway_months"": 14.850685940363437, ""stage_bucket"": ""late"", ""surv_score"": ""-3.0"", ""tier1_count"": 5}",late|far_271_540|nonpos,0.01480362015503876,25.65108,0.7838,0,1,-1.3423,-1.5647,5,5,buying,0.7886,elite_5,0.0,0.0,0.0,,,0.0,0,0,0,True,False,True,far,0.3,adequate,<=400bps,239.27,1.0,0,0,1.0,0,1.0,0,315,False,specific_days,-0.40574,price_history,,5,2.1117,price_history,,-0.317961,,51.6163,0.4744,-0.105593,-0.212368,late,large,sev1,commercial_biotech,morningstar,,,,0,0.8926583041082164328657314629,36.75,45.56250000000000000000000000,68.0,28.50,13.83306057284706895084805990,18.50239979180117011746217638,14.8629,-1.22,3.0,39,24,1.0,3.1524,3,3,0.0,0.4,0.95,oncology,0.6992,highly_crowded,1.0,199,0.01480362015503876,0.298587,-0.5285,11.69,0.125442,-1.1482
IBRX,"ImmunityBio, Inc.",,,D,ineligible,,,D,0.712014,0.019231,1,,0,,466,0,specific_days,9,headwind,high_vol|high_beta|deep_drawdown|deep_drawdown_rel_xbi,XS,ineligible,financial_score:-25.7;smart_money_score:+21.8;clinical_score:-21.5,tier=;reason=;cat_days=466;strength=far;decay_w=0.3,v1.3.0,31f399e0,0,fundamental_red_flag,1,survivability_critical,"{""burn_ttm"": 304936000.0, ""cash_total"": 242818000.0, ""dilution_risk"": null, ""has_revenue"": null, ""lead_phase"": null, ""runway_months"": 7.9651196483535704, ""stage_bucket"": ""late"", ""surv_score"": ""-4.0"", ""tier1_count"": 1}",late|far_271_540|nonpos,0.01480362015503876,21.38,0.7745,0,1,-1.5452,-1.7745,1,1,neutral,-0.7776,elite_1,0.0,0.0,0.0,,,0.0,0,0,0,True,False,True,far,0.3,short,<=400bps,178.96,1.0,0,0,1.0,0,1.0,0,466,False,specific_days,-0.320221,price_history,,1,1.9542,price_history,,-0.38369,,41.9135,1.3149,-0.105593,-0.278097,late,mid,sev2,commercial_biotech,morningstar,,,,0,0.7846938775510204081632653061,41.05,45.56250000000000000000000000,52.5,31.20,9.167805254017586795389597056,5,8.7976,-1.4757,3.0,1380,46,1.0,0.0474,0,0,0.0,0.4,0.95,oncology,-0.4786,uncrowded,1.0,202,0.01480362015503876,0.287986,-0.5593,4.29,0.001767,-2.9171
LFCR,"Lifecore Biomedical, Inc.",,,D,ineligible,,,D,0.860424,0.011538,1,,0,,,0,no_upcoming,9,headwind,deep_drawdown|deep_drawdown_rel_xbi,XS,ineligible,catalyst_score:+21.0;clinical_score:-15.5;financial_score:-7.1,tier=;reason=;cat_days=NA;strength=missing;decay_w=0.0,v1.3.0,31f399e0,0,deep_drawdown,0,,"{""burn_ttm"": 0.0, ""cash_total"": 18856000.0, ""dilution_risk"": null, ""has_revenue"": null, ""lead_phase"": null, ""runway_months"": null, ""stage_bucket"": ""early"", ""surv_score"": ""1.0"", ""tier1_count"": 0}",early|none|nonpos,-0.0027158562874251497,21.321543,-1.6149,,0,-1.4593,-1.4324,0,0,neutral,-1.1691,,0.0,0.0,0.0,,,0.0,0,0,0,True,False,True,missing,0.0,adequate,>2000bps,2020.0,0.55,1,0,1.0,0,1.0,0,,False,no_upcoming,-0.190847,price_history,,0,0.488,price_history,,-0.413244,,48.6482,0.4595,-0.105593,-0.307651,early,micro,sev1,commercial_pharma,morningstar,,,,0,0.7115350097129289876969566156,30.51,50,,15.33,13.49800809664360252253995903,21.89787261495782326091514652,13.673,-1.2701,,,,,,,,,,,,-1.6563,unknown,1.0,244,-0.0027158562874251497,0.139576,-1.0822,10.52,0.075972,-1.4327
ADPT,Adaptive Biotechnologies Corpor,,,D,ineligible,,,D,0.789753,0.003846,1,,0,,,0,no_upcoming,9,tailwind,high_beta|deep_drawdown|deep_drawdown_rel_xbi,XS,ineligible,financial_score:-30.4;clinical_score:-22.8;momentum_score:+20.5,tier=;reason=;cat_days=NA;strength=missing;decay_w=0.0,v1.3.0,31f399e0,0,deep_drawdown,0,,"{""burn_ttm"": 48041000.0, ""cash_total"": 55034000.0, ""dilution_risk"": null, ""has_revenue"": null, ""lead_phase"": null, ""runway_months"": 11.101028752308098, ""stage_bucket"": ""early"", ""surv_score"": ""-2.0"", ""tier1_count"": 1}",early|none|nonpos,-0.0027158562874251497,19.621668,-1.6149,,0,-1.3569,-1.5798,1,1,buying,-0.7776,elite_1,0.0,0.0,0.0,,,0.0,0,0,0,True,False,True,missing,0.0,short,<=1000bps,539.77,0.85,1,0,1.0,0,1.0,0,,False,no_upcoming,0.17785,price_history,,1,1.9928,price_history,,-0.483146,,56.0979,0.7937,-0.105593,-0.377553,early,mid,sev2,commercial_biotech,morningstar,,,,0,0.6648493330344131823786571012,56.82,50,55.5,15.98,13.49800809664360252253995903,5.921485137336494572668182772,13.673,-1.2701,,,,,,,,,,,,-1.6563,unknown,1.0,224,-0.0027158562874251497,0.210247,-0.8056,4.94,0.008834,-2.3725
CMPS,COMPASS Pathways Plc - American,,,D,ineligible,,,D,0.733216,0.388462,1,,0,,85,0,specific_days,9,headwind,deep_drawdown|deep_drawdown_rel_xbi,XS,ineligible,smart_money_score:+34.4;financial_score:-18.4;clinical_score:-13.0,tier=;reason=;cat_days=85;strength=near;decay_w=1.0,v1.3.0,31f399e0,0,deep_drawdown,0,,"{""burn_ttm"": 119452000.0, ""cash_total"": 185937000.0, ""dilution_risk"": null, ""has_revenue"": null, ""lead_phase"": null, ""runway_months"": 16.924559632728812, ""stage_bucket"": ""late"", ""surv_score"": ""1.0"", ""tier1_count"": 5}",late|near_31_90|nonpos,0.014200297872340426,42.999389,0.8201,0,1,,0.0,5,5,buying,0.7886,elite_5,0.0,0.0,0.0,,,0.0,0,0,0,True,False,True,near,1.0,adequate,<=1000bps,762.54,0.85,1,0,1.0,0,1.0,0,85,False,specific_days,-0.147234,price_history,,5,1.4521,price_history,,-0.507723,,59.2414,0.7735,-0.105593,-0.40213,late,small,sev1,platform_services,morningstar,,,,0,0.8100316011235955056179775281,37.63,45.56250000000000000000000000,77.5,69.55,30.06356070046894784519215852,24.73530976176478821981467485,29.733,-0.5931,3.0,85,6,1.0,0.8714,1,2,0.0,0.3,0.6,cns,0.6992,highly_crowded,1.0,208,0.014200297872340426,0.266784,-0.6226,17.15,0.323322,-0.4584
CRL,Charles River Laboratories Inte,,,D,ineligible,,,D,0.708481,0.319231,1,,0,,1320,0,specific_days,9,neutral,,XS,ineligible,clinical_score:-10.2;momentum_score:+10.1;catalyst_score:+6.0,tier=;reason=;cat_days=1320;strength=far;decay_w=0.3,v1.3.0,31f399e0,0,fundamental_red_flag,1,sponsor_absent_late_stage,"{""burn_ttm"": 0.0, ""cash_total"": 213770000.0, ""dilution_risk"": null, ""has_revenue"": null, ""lead_phase"": null, ""runway_months"": null, ""stage_bucket"": ""late"", ""surv_score"": ""3.0"", ""tier1_count"": 0}",late|far_271_540|nonpos,0.01480362015503876,40.622878,0.8196,0,1,,0.0,0,0,neutral,-1.1691,,0.0,0.0,0.0,,,0.0,0,0,0,True,False,True,far,0.3,adequate,<=400bps,254.94,1.0,0,0,1.0,0,1.0,0,1320,False,specific_days,0.172796,price_history,,0,0.3496,price_history,,-0.299141,,62.5216,0.3443,-0.105593,-0.193548,late,mid,none,platform_diagnostics,morningstar,,,,0,0.8717482716501771100525222914,49.69,45.56250000000000000000000000,,44.26,29.36629481154502549935188105,33.76417233560090702947845804,29.2985,-0.6114,3.0,1320,54,1.0,0.0003,0,0,0.0,0.5,0.95,oncology,-0.4786,uncrowded,1.0,201,0.01480362015503876,0.291519,-0.549,17.59,0.35159,-0.381
ILMN,"Illumina, Inc.",,,D,ineligible,,,D,0.849823,0.557692,1,,0,,,0,no_upcoming,9,headwind,deep_drawdown|deep_drawdown_rel_xbi,XS,ineligible,smart_money_score:+10.3;clinical_score:-10.0;financial_score:+1.9,tier=;reason=;cat_days=NA;strength=missing;decay_w=0.0,v1.3.0,31f399e0,0,deep_drawdown,0,,"{""burn_ttm"": 0.0, ""cash_total"": 215000000.0, ""dilution_risk"": null, ""has_revenue"": null, ""lead_phase"": null, ""runway_months"": null, ""stage_bucket"": ""early"", ""surv_score"": ""4.0"", ""tier1_count"": 2}",early|none|nonpos,-0.0027158562874251497,47.727079,-1.6046,,0,,0.0,2,2,selling,-0.386,elite_2,0.0,0.0,0.0,,,0.0,0,0,0,True,False,True,missing,0.0,adequate,<=400bps,196.98,1.0,0,0,1.0,0,1.0,0,,False,no_upcoming,-0.144131,price_history,,2,0.6527,price_history,,-0.462754,,51.1529,0.6123,-0.105593,-0.357161,early,large,none,platform_diagnostics,morningstar,,,,0,0.6753394815792631705268210728,39.89,41.25000000000000000000000000,52.0,57.48,31.65771519814196545217012628,43.62461895775874582668021484,30.1899,-0.5738,0.0,711,1,0.0,0.0,0,0,0.0,0.0,0.5,other,-2.8341,uncrowded,1.0,241,-0.0027158562874251497,0.150177,-1.0357,20.37,0.436396,-0.1601
TXG,"10x Genomics, Inc.",,,D,ineligible,,,D,0.464664,0.642308,1,,0,,,0,no_upcoming,9,tailwind,deep_drawdown|deep_drawdown_rel_xbi|overbought_rsi,XS,ineligible,momentum_score:+36.6;clinical_score:-35.8;smart_money_score:+11.5,tier=;reason=;cat_days=NA;strength=missing;decay_w=0.0,v1.3.0,31f399e0,0,financials_missing|deep_drawdown,1,"cash_runway_lt_6m,survivability_critical","{""burn_ttm"": 0.0, ""cash_total"": 0.0, ""dilution_risk"": null, ""has_revenue"": null, ""lead_phase"": null, ""runway_months"": 0.0, ""stage_bucket"": ""mid"", ""surv_score"": ""-5.0"", ""tier1_count"": 1}",mid|none|nonpos,0.06757794339622641,50.437847,-0.9202,391,1,,0.0,1,1,neutral,-0.7776,elite_1,0.0,0.0,0.0,,,0.0,0,0,0,True,False,True,missing,0.0,critical,<=1000bps,422.35,0.85,1,0,1.0,0,1.0,0,,False,no_upcoming,0.760131,price_history,,1,1.6565,price_history,,-0.52413,,74.1713,0.7498,-0.105593,-0.418537,mid,mid,none,platform_services,morningstar,,,,0,0.6867379326923076923076923077,80.11,41.25000000000000000000000000,55.0,55.33,7.716049382716049382716049384,33.44521604938271604938271605,6.9958,-1.5516,2.0,391,2,0.3333,0.0385,0,0,0.0,0.4,0.85,cardiovascular,0.6992,crowded,1.0,132,0.06757794339622641,0.535336,0.0887,7.02,0.030035,-1.8803
PRVA,"Privia Health Group, Inc.",,,D,ineligible,,,D,0.90636,0.211538,1,,0,,,0,no_upcoming,9,headwind,deep_drawdown|deep_drawdown_rel_xbi,XS,ineligible,clinical_score:-26.8;smart_money_score:+15.2;financial_score:+13.0,tier=;reason=;cat_days=NA;strength=missing;decay_w=0.0,v1.3.0,31f399e0,0,deep_drawdown,0,,"{""burn_ttm"": 0.0, ""cash_total"": 441352000.0, ""dilution_risk"": null, ""has_revenue"": null, ""lead_phase"": null, ""runway_months"": null, ""stage_bucket"": ""early"", ""surv_score"": ""3.0"", ""tier1_count"": 1}",early|none|nonpos,-0.0027158562874251497,35.153355,-1.6149,,0,,0.0,1,1,buying,-0.7776,elite_1,0.0,0.0,0.0,,,0.0,0,0,0,True,False,True,missing,0.0,adequate,<=1000bps,754.69,0.85,1,0,1.0,0,1.0,0,,False,no_upcoming,-0.331785,price_history,,1,1.0104,price_history,,-0.416802,,54.9381,0.2771,-0.105593,-0.311209,early,mid,sev1,platform_services,morningstar,,,,0,0.7247679982146842222718143272,29.12,50,55.5,15.33,13.49800809664360252253995903,53.25301204819277108433734940,13.673,-1.2701,,,,,,,,,,,,-1.6563,unknown,1.0,257,-0.0027158562874251497,0.09364,-1.3187,16.92,0.309187,-0.4982
SERA,"Sera Prognostics, Inc.",,,D,ineligible,,,D,0.927562,0.803846,1,,0,,,0,no_upcoming,9,headwind,deep_drawdown|deep_drawdown_rel_xbi,XS,ineligible,smart_money_score:+11.7;momentum_score:-9.0;clinical_score:-7.0,tier=;reason=;cat_days=NA;strength=missing;decay_w=0.0,v1.3.0,31f399e0,0,deep_drawdown,0,,"{""burn_ttm"": 19503000.0, ""cash_total"": 43304000.0, ""dilution_risk"": null, ""has_revenue"": null, ""lead_phase"": null, ""runway_months"": 26.633591307467583, ""stage_bucket"": ""early"", ""surv_score"": ""3.0"", ""tier1_count"": 1}",early|none|nonpos,-0.0027158562874251497,60.803301,-1.5667,,0,,0.0,1,1,buying,-0.7776,elite_1,0.0,0.0,0.0,,,0.0,0,0,0,True,False,True,missing,0.0,adequate,>2000bps,2050.0,0.55,1,0,1.0,0,1.0,0,,False,no_upcoming,-0.070359,price_history,,1,1.1195,price_history,,-0.783523,,55.4459,,-0.105593,-0.67793,early,micro,none,platform_devices,morningstar,,,,0,0.7540628675291350368865604619,34.77,41.25000000000000000000000000,55.5,88.64,36.84730891437234883308333737,50.72289156626506024096385542,35.3795,-0.355,0.0,686,3,0.0,0.0,0,0,0.0,0.0,0.5,other,-2.1274,uncrowded,1.0,263,-0.0027158562874251497,0.072438,-1.4579,25.03,0.531802,0.0798
CSTL,"Castle Biosciences, Inc.",,,D,ineligible,,,D,0.821555,0.896154,1,,0,,,0,no_upcoming,9,neutral,deep_drawdown|deep_drawdown_rel_xbi,XS,ineligible,clinical_score:-35.0;financial_score:+28.5;momentum_score:+4.9,tier=;reason=;cat_days=NA;strength=missing;decay_w=0.0,v1.3.0,31f399e0,0,deep_drawdown,0,,"{""burn_ttm"": 0.0, ""cash_total"": 287542000.0, ""dilution_risk"": null, ""has_revenue"": null, ""lead_phase"": null, ""runway_months"": null, ""stage_bucket"": ""early"", ""surv_score"": ""3.0"", ""tier1_count"": 0}",early|none|nonpos,-0.0027158562874251497,66.0875,-1.6149,,0,,0.0,0,0,neutral,-1.1691,,0.0,0.0,0.0,,,0.0,0,0,0,True,False,True,missing,0.0,adequate,<=1000bps,918.38,0.85,1,0,1.0,0,1.0,0,,False,no_upcoming,0.125872,price_history,,0,1.6956,price_history,,-0.43295,,62.0416,0.5471,-0.105593,-0.327357,early,small,sev1,platform_diagnostics,morningstar,,,,0,0.6982341954022988505747126437,53.36,50,,59.33,13.49800809664360252253995903,77.000,13.673,-1.2701,,,,,,,,,,,,-1.6563,unknown,1.0,233,-0.0027158562874251497,0.178445,-0.9213,18.39,0.376325,-0.3151
STVN,Stevanato Group S.p.A.,,,D,ineligible,,,D,0.931095,0.15,1,,0,,,0,no_upcoming,9,neutral,,XS,ineligible,financial_score:-25.2;momentum_score:+22.0;catalyst_score:+19.8,tier=;reason=;cat_days=NA;strength=missing;decay_w=0.0,v1.3.0,31f399e0,0,financials_missing,1,"cash_runway_lt_6m,survivability_critical","{""burn_ttm"": 0.0, ""cash_total"": 0.0, ""dilution_risk"": null, ""has_revenue"": null, ""lead_phase"": null, ""runway_months"": 0.0, ""stage_bucket"": ""early"", ""surv_score"": ""-5.0"", ""tier1_count"": 0}",early|none|nonpos,-0.0027158562874251497,30.174,-1.6149,,0,,0.0,0,0,neutral,-1.1691,,0.0,0.0,0.0,,,0.0,0,0,0,True,False,True,missing,0.0,critical,<=2000bps,1065.18,0.7,1,0,1.0,0,1.0,0,,False,no_upcoming,-0.02047,price_history,,0,0.5557,price_history,,-0.029043,,63.2745,0.4363,-0.105593,0.07655,early,unknown,sev2,platform_devices,morningstar,,,,0,0.5353861683848797250859106529,52.12,50,,50,13.49800809664360252253995903,5,13.673,-1.2701,,,,,,,,,,,,-1.6563,unknown,1.0,264,-0.0027158562874251497,0.068905,-1.484,5.17,0.012367,-2.2455
FLGT,"Fulgent Genetics, Inc.",,,D,ineligible,,,D,0.842756,0.773077,1,,0,,,0,no_upcoming,9,headwind,deep_drawdown|deep_drawdown_rel_xbi,XS,ineligible,clinical_score:-21.1;catalyst_score:+15.4;financial_score:+11.6,tier=;reason=;cat_days=NA;strength=missing;decay_w=0.0,v1.3.0,31f399e0,0,deep_drawdown,0,,"{""burn_ttm"": 23495000.0, ""cash_total"": 117641000.0, ""dilution_risk"": null, ""has_revenue"": null, ""lead_phase"": null, ""runway_months"": 60.08478399659502, ""stage_bucket"": ""early"", ""surv_score"": ""2.0"", ""tier1_count"": 0}",early|none|nonpos,-0.0027158562874251497,57.986125,-1.6149,,0,,0.0,0,0,neutral,-1.1691,,0.0,0.0,0.0,,,0.0,0,0,0,True,False,True,missing,0.0,adequate,<=2000bps,1631.39,0.7,1,0,1.0,0,1.0,0,,False,no_upcoming,-0.214667,price_history,,0,0.6848,price_history,,-0.543636,,53.1971,0.4849,-0.105593,-0.438043,early,small,sev1,platform_diagnostics,morningstar,,,,0,0.7149868987480781902042609269,28.60,50,,90.00,13.49800809664360252253995903,46.14694444444444444444444444,13.673,-1.2701,,,,,,,,,,,,-1.6563,unknown,1.0,239,-0.0027158562874251497,0.157244,-1.0059,16.98,0.312721,-0.4882
OPK,"Opko Health, Inc.",,,D,ineligible,,,D,0.270318,0.865385,1,,0,,,0,no_upcoming,9,headwind,deep_drawdown|deep_drawdown_rel_xbi,XS,ineligible,financial_score:+18.6;momentum_score:-12.9;catalyst_score:-4.7,tier=;reason=;cat_days=NA;strength=missing;decay_w=0.0,v1.3.0,31f399e0,0,fundamental_red_flag|deep_drawdown,1,sponsor_absent_late_stage,"{""burn_ttm"": 152621000.0, ""cash_total"": 411972000.0, ""dilution_risk"": null, ""has_revenue"": null, ""lead_phase"": null, ""runway_months"": 32.276737801482106, ""stage_bucket"": ""late"", ""surv_score"": ""-2.0"", ""tier1_count"": 0}",late|none|nonpos,0.1,65.056714,0.8357,0,1,,0.0,0,0,neutral,-1.1691,,0.0,0.0,0.0,,,0.0,0,0,0,True,False,True,missing,0.0,adequate,<=2000bps,1631.21,0.7,1,0,1.0,0,1.0,0,,False,no_upcoming,-0.303429,price_history,,0,1.21,price_history,,-0.658257,,58.485,0.354,-0.105593,-0.552664,late,small,none,platform_diagnostics,morningstar,,,,0,0.9,33.07,41.25000000000000000000000000,,84.02,44.84968144578072058816169442,64.52380952380952380952380952,43.4904,-0.0131,3.0,892,11,1.0,0.0009,0,0,0.0,0.4,0.55,ophthalmology,0.2281,moderate,1.0,77,0.1,0.729682,0.6119,40.36,0.814488,0.8946
PSNL,"Personalis, Inc.",,,D,ineligible,,,D,0.909894,0.326923,1,,0,,,0,no_upcoming,9,headwind,deep_drawdown|deep_drawdown_rel_xbi,XS,ineligible,clinical_score:-19.3;catalyst_score:+17.2;financial_score:+6.1,tier=;reason=;cat_days=NA;strength=missing;decay_w=0.0,v1.3.0,31f399e0,0,deep_drawdown,0,,"{""burn_ttm"": 52700000.0, ""cash_total"": 150515000.0, ""dilution_risk"": null, ""has_revenue"": null, ""lead_phase"": null, ""runway_months"": 34.18205904617714, ""stage_bucket"": ""early"", ""surv_score"": ""3.0"", ""tier1_count"": 0}",early|none|nonpos,-0.0027158562874251497,40.729781,-1.6149,,0,,0.0,0,0,neutral,-1.1691,,0.0,0.0,0.0,,,0.0,0,0,0,True,False,True,missing,0.0,adequate,<=1000bps,905.17,0.85,1,0,1.0,0,1.0,0,,False,no_upcoming,-0.277156,price_history,,0,1.6999,price_history,,-0.829365,,44.2225,1.0777,-0.105593,-0.723772,early,small,sev1,platform_diagnostics,morningstar,,,,0,0.6179161438728565453785027185,28.71,50,,50,13.49800809664360252253995903,38.86173611111111111111111111,13.673,-1.2701,,,,,,,,,,,,-1.6563,unknown,1.0,258,-0.0027158562874251497,0.090106,-1.3401,10.75,0.083039,-1.3849
