ticker,company_name,actionable_rank,target_weight_pct,tier_any,tier_any_reason,tier_dev,tier_reason,tier_commercial,alpha_cohort_pct,commercial_quality_pct,has_commercial_quality,clinical_optionality_pct_dev,has_clinical_optionality_dev,clinical_rank_pct_dev,catalyst_days,catalyst_in_window,catalyst_mode,cat_priority,mom_state,risk_flags,size_band,size_reasons,top_3_drivers,catalyst_reason_detail,decision_engine_version,decision_engine_ruleset_id,eligible,ineligible_reasons,fundamental_red_flag,fundamental_red_flag_reasons,fundamental_red_flag_inputs,alpha_cohort_key,alpha_cohort_raw,commercial_quality,clinical_alpha_z,clinical_readout_days,clinical_coverage_flag,clinical_score_z,clinical_score_z_tier,sponsor_tier1_count,sponsor_overlap_count,sponsor_net_buying,coinvest_score_z,coinvest_tag,coinvest_conviction,coinvest_tier1_conviction,coinvest_max_position_pct,coinvest_filing_age_days,coinvest_recency_state,inst_delta_z,inst_delta_net,inst_delta_new,inst_delta_exit,has_coinvest_signal,has_inst_delta,has_catalyst_signal,catalyst_strength,catalyst_decay_w,runway_bucket,cost_bucket,est_cost_bps,cost_mult,cost_haircut_applied,dd_rel_margin_rescued,catalyst_tilt_mult,catalyst_tilt_applied,mom_state_tilt_mult,mom_state_tilt_applied,de_catalyst_days,de_catalyst_in_window,de_catalyst_mode,de_alpha_60d,de_alpha_60d_source,de_alpha_60d_missing_reason,de_tier1_count,de_beta_xbi_60d,de_beta_xbi_60d_source,de_beta_xbi_60d_missing_reason,de_drawdown,de_drawdown_missing_reason,de_rsi_14d,de_vol_60d,de_drawdown_xbi,de_drawdown_rel_xbi,stage_bucket,market_cap_bucket,severity,archetype,returns_source,catalyst_source,catalyst_event_type,missing_components,missingness_penalty,confidence_overall,momentum_score,catalyst_score,smart_money_score,valuation_score,clinical_score,financial_score,clinical_score_v2,clinical_score_v2_z,lead_program_phase,lead_program_readout_days,program_count,program_diversification,readout_curve_score,readout_density_90,late_stage_readouts_180,execution_momentum,design_quality_score,endpoint_strength_score,therapeutic_area,competitive_intensity_z,crowding_level,sizing_multiplier_clinical,composite_rank,composite_score,score_rank_pct,score_z,composite_score_attn,score_rank_pct_attn,score_z_attn
XENE,Xenon Pharmaceuticals Inc.,1,0.85,B,high_opt+no_catalyst_data,B,high_opt+no_catalyst_data,,0.484791,,0,0.642857,1,0.357143,,0,no_upcoming,9,tailwind,,L,sponsor_confirmed|momentum_tailwind,smart_money_score:+23.9;clinical_score:-15.9;momentum_score:+15.8,tier=B;reason=high_opt+no_catalyst_data;cat_days=NA;strength=missing;decay_w=0.0,v1.3.0,31f399e0,1,,0,,"{""burn_ttm"": 197637000.0, ""cash_total"": 462268000.0, ""dilution_risk"": null, ""has_revenue"": null, ""lead_phase"": null, ""runway_months"": 28.067699874011446, ""stage_bucket"": ""late"", ""surv_score"": ""5.0"", ""tier1_count"": 8}",late|none|pos,0.027091856115107917,,0.8869,0,1,-0.3565,1.3596,8,8,buying,1.9633,elite_8,0.0,0.0,0.0,,,0.0,0,0,0,True,False,True,missing,0.0,adequate,<=1000bps,519.29,0.85,1,0,1.0,0,1.0,0,,False,no_upcoming,0.087375,price_history,,8,0.9622,price_history,,-0.233898,,45.3844,0.341,-0.462867,0.228969,late,mid,none,drug_developer,morningstar,,,,0,0.8772728819444444444444444444,68.97,41.25000000000000000000000000,77.0,40.95,37.26207356473657971239697247,41.25000000000000000000000000,35.7928,-0.3364,3.0,470,9,1.0,0.0363,0,0,0.0,0.4,0.6,cns,0.7492,highly_crowded,1.0,128,0.027091856115107917,0.515209,0.0381,28.00,0.591255,0.2308
PVLA,"Palvella Therapeutics, Inc.",2,0.85,B,high_opt+no_catalyst_data,B,high_opt+no_catalyst_data,,0.431559,,0,0.672932,1,0.327068,,0,no_upcoming,9,tailwind,deep_drawdown,L,sponsor_confirmed|momentum_tailwind,smart_money_score:+25.2;financial_score:-22.4;momentum_score:+14.9,tier=B;reason=high_opt+no_catalyst_data;cat_days=NA;strength=missing;decay_w=0.0,v1.3.0,31f399e0,1,,0,,"{""burn_ttm"": 20080000.0, ""cash_total"": 63567000.0, ""dilution_risk"": null, ""has_revenue"": null, ""lead_phase"": null, ""runway_months"": 37.98824701195219, ""stage_bucket"": ""late"", ""surv_score"": ""5.0"", ""tier1_count"": 4}",late|none|pos,0.027091856115107917,,0.8855,0,1,-0.4631,1.162,4,4,buying,0.4139,elite_4,0.0,0.0,0.0,,,0.0,0,0,0,True,False,True,missing,0.0,adequate,<=1000bps,491.35,0.85,1,0,1.0,0,1.0,0,,False,no_upcoming,0.137322,price_history,,4,1.1845,price_history,,-0.377778,,54.5065,,-0.462867,0.085089,late,small,none,drug_developer,morningstar,,,,0,0.8444130286493860845839017735,61.77,41.25000000000000000000000000,72.0,32.33,34.76260772164274291189972094,24.41975308641975308641975309,34.148,-0.4059,3.0,318,4,1.0,0.2512,0,0,0.0,0.7,0.5,other,-3.0199,uncrowded,1.0,114,0.027091856115107917,0.568441,0.1724,23.43,0.515209,0.0381
RVMD,"Revolution Medicines, Inc.",3,1.0,B,high_opt+no_catalyst_data,B,high_opt+no_catalyst_data,,0.568441,,0,0.605263,1,0.394737,,0,no_upcoming,9,neutral,deep_drawdown,L,sponsor_confirmed,smart_money_score:+24.5;clinical_score:-12.6;catalyst_score:-11.2,tier=B;reason=high_opt+no_catalyst_data;cat_days=NA;strength=missing;decay_w=0.0,v1.3.0,31f399e0,1,,0,,"{""burn_ttm"": 897741000.0, ""cash_total"": 2025679000.0, ""dilution_risk"": null, ""has_revenue"": null, ""lead_phase"": null, ""runway_months"": 27.077016645112565, ""stage_bucket"": ""mid"", ""surv_score"": ""5.0"", ""tier1_count"": 8}",mid|none|pos,0.013448488095238095,,0.2871,8,1,-0.244,1.5682,8,8,buying,1.9633,elite_8,0.0,0.0,0.0,,,0.0,0,0,0,True,False,True,missing,0.0,adequate,<=400bps,174.63,1.0,0,0,1.0,0,1.0,0,,False,no_upcoming,0.021532,price_history,,8,1.2222,price_history,,-0.60463,,40.0995,0.4254,-0.462867,-0.141763,mid,large,none,drug_developer,morningstar,,,,0,0.8444834926851745190646238913,48.79,41.25000000000000000000000000,77.0,10.00,39.90128124343625288804872926,55.47826086956521739130434782,39.3848,-0.1844,2.0,884,4,1.0,0.2424,1,0,0.0,0.3,0.95,oncology,0.7492,highly_crowded,1.0,150,0.013448488095238095,0.431559,-0.1724,31.89,0.636882,0.3501
VIR,"Vir Biotechnology, Inc.",4,0.85,B,high_opt+no_catalyst_data,B,high_opt+no_catalyst_data,,0.477186,,0,0.710526,1,0.289474,,0,no_upcoming,9,tailwind,deep_drawdown,L,sponsor_confirmed|momentum_tailwind,momentum_score:+21.1;clinical_score:-15.3;smart_money_score:+13.4,tier=B;reason=high_opt+no_catalyst_data;cat_days=NA;strength=missing;decay_w=0.0,v1.3.0,31f399e0,1,,0,,"{""burn_ttm"": 391781000.0, ""cash_total"": 460938000.0, ""dilution_risk"": null, ""has_revenue"": null, ""lead_phase"": null, ""runway_months"": 14.118234421781557, ""stage_bucket"": ""late"", ""surv_score"": ""2.0"", ""tier1_count"": 2}",late|none|pos,0.027091856115107917,,0.8817,0,1,-0.5677,0.9681,2,2,buying,-0.3608,elite_2,0.0,0.0,0.0,,,0.0,0,0,0,True,False,True,missing,0.0,adequate,<=1000bps,599.02,0.85,1,0,1.0,0,1.0,0,,False,no_upcoming,0.119255,price_history,,2,0.614,price_history,,-0.571036,,45.7351,0.7493,-0.462867,-0.108169,late,small,sev1,drug_developer,morningstar,,,,0,0.8535494828957836117740652347,68.68,41.25000000000000000000000000,61.0,66.81,32.30975920854133079527870040,34.79012345679012345679012346,32.5905,-0.4718,3.0,65,11,1.0,1.9252,2,3,0.0,0.4,0.55,infectious_disease,0.7492,highly_crowded,1.0,126,0.027091856115107917,0.522814,0.0572,24.61,0.538023,0.0955
FATE,"Fate Therapeutics, Inc.",5,0.08,B,high_opt+no_catalyst_data,B,high_opt+no_catalyst_data,,0.522814,,0,0.635338,1,0.364662,,0,no_upcoming,9,headwind,high_beta|deep_drawdown,XS,sponsor_confirmed|momentum_headwind|high_risk|cost_haircut_>2000bps,smart_money_score:+13.2;clinical_score:-9.8;financial_score:+9.3,tier=B;reason=high_opt+no_catalyst_data;cat_days=NA;strength=missing;decay_w=0.0,v1.3.0,31f399e0,1,,0,,"{""burn_ttm"": 106084000.0, ""cash_total"": 203657000.0, ""dilution_risk"": null, ""has_revenue"": null, ""lead_phase"": null, ""runway_months"": 23.037253497228612, ""stage_bucket"": ""mid"", ""surv_score"": ""4.0"", ""tier1_count"": 2}",mid|none|pos,0.013448488095238095,,0.3753,0,1,-0.3472,1.3769,2,2,buying,-0.3608,elite_2,0.0,0.0,0.0,,,0.0,0,0,0,True,False,True,missing,0.0,adequate,>2000bps,2020.0,0.55,1,0,1.0,0,1.0,0,,False,no_upcoming,0.241927,price_history,,2,1.8266,price_history,,-0.623253,,43.0512,0.8890,-0.462867,-0.160386,mid,micro,none,drug_developer,morningstar,,,,0,0.7712539016252287159616833495,40.71,41.25000000000000000000000000,60.5,90.00,37.48162150808653644192396555,56.58695652173913043478260869,36.7555,-0.2957,2.0,,15,1.0,0.0336,0,0,0.0,0.3,0.95,oncology,-0.2978,uncrowded,1.0,138,0.013448488095238095,0.477186,-0.0572,26.32,0.557034,0.1435
CLDX,"Celldex Therapeutics, Inc.",6,0.85,B,high_opt+no_catalyst_data,B,high_opt+no_catalyst_data,,0.336502,,0,0.718045,1,0.281955,,0,no_upcoming,9,neutral,deep_drawdown,L,sponsor_confirmed,smart_money_score:+21.7;clinical_score:-20.6;financial_score:+9.2,tier=B;reason=high_opt+no_catalyst_data;cat_days=NA;strength=missing;decay_w=0.0,v1.3.0,31f399e0,1,,0,,"{""burn_ttm"": 210945000.0, ""cash_total"": 518573000.0, ""dilution_risk"": null, ""has_revenue"": null, ""lead_phase"": null, ""runway_months"": 29.49999288914172, ""stage_bucket"": ""late"", ""surv_score"": ""5.0"", ""tier1_count"": 4}",late|none|pos,0.027091856115107917,,0.8761,0,1,-0.704,0.7153,4,4,buying,0.4139,elite_4,0.0,0.0,0.0,,,0.0,0,0,0,True,False,True,missing,0.0,adequate,<=1000bps,652.37,0.85,1,0,1.0,0,1.0,0,,False,no_upcoming,-0.00037,price_history,,4,1.1591,price_history,,-0.448907,,43.473,0.4801,-0.462867,0.01396,late,small,none,drug_developer,morningstar,,,,0,0.8674272768463978251019483462,47.89,41.25000000000000000000000000,71.5,68.53,29.11181037106099748136925457,59.00000000000000000000000000,28.4866,-0.6454,3.0,,49,1.0,0.2994,0,0,0.0,0.4,0.95,oncology,0.7492,highly_crowded,1.0,89,0.027091856115107917,0.663498,0.422,24.08,0.519011,0.0477
INBX,"Inhibrx Biosciences, Inc.",7,0.85,B,high_opt+no_catalyst_data,B,high_opt+no_catalyst_data,,0.534221,,0,0.703008,1,0.296992,,0,no_upcoming,9,neutral,drawdown_data_missing,L,sponsor_confirmed,smart_money_score:+24.0;financial_score:-20.6;clinical_score:-9.7,tier=B;reason=high_opt+no_catalyst_data;cat_days=NA;strength=missing;decay_w=0.0,v1.3.0,31f399e0,1,,0,,"{""burn_ttm"": 99672000.0, ""cash_total"": 153088000.0, ""dilution_risk"": null, ""has_revenue"": null, ""lead_phase"": null, ""runway_months"": 18.431013725018058, ""stage_bucket"": ""mid"", ""surv_score"": ""3.0"", ""tier1_count"": 3}",mid|none|pos,0.013448488095238095,,-0.6755,199,1,-0.5481,1.0043,3,3,buying,0.0265,elite_3,0.0,0.0,0.0,,,0.0,0,0,0,True,False,True,missing,0.0,adequate,<=1000bps,811.15,0.85,1,0,1.0,0,1.0,0,,False,no_upcoming,,,beta_missing:series_too_short,3,,,series_too_short,,no_price_series,,0.7023,-0.462867,,mid,small,sev1,drug_developer,morningstar,,,drawdown,1,0.7697638919393806281572589501,50,41.25000000000000000000000000,66.5,39.06,32.76832598193656794791010292,21.82550934677588741860953582,31.9991,-0.4968,2.0,1338,5,1.0,0.0477,0,0,0.0,0.4,0.95,oncology,0.7492,highly_crowded,1.0,141,0.013448488095238095,0.465779,-0.0859,17.09,0.321293,-0.4641
CELC,Celcuity Inc.,8,0.6,B,high_opt+no_catalyst_data,B,high_opt+no_catalyst_data,,0.511407,,0,0.725564,1,0.274436,,0,no_upcoming,9,headwind,deep_drawdown,M,sponsor_confirmed|momentum_headwind,smart_money_score:+33.9;clinical_score:-20.8;catalyst_score:-7.8,tier=B;reason=high_opt+no_catalyst_data;cat_days=NA;strength=missing;decay_w=0.0,v1.3.0,31f399e0,1,,0,,"{""burn_ttm"": 116881000.0, ""cash_total"": 454978000.0, ""dilution_risk"": null, ""has_revenue"": null, ""lead_phase"": null, ""runway_months"": 46.71192067145216, ""stage_bucket"": ""mid"", ""surv_score"": ""4.0"", ""tier1_count"": 6}",mid|none|pos,0.013448488095238095,,0.3632,0,1,-0.7419,0.645,6,6,buying,1.1886,elite_6,0.0,0.0,0.0,,,0.0,0,0,0,True,False,True,missing,0.0,adequate,<=400bps,347.34,1.0,0,0,1.0,0,1.0,0,,False,no_upcoming,-0.095313,price_history,,6,1.0872,price_history,,-0.640479,,42.3496,,-0.462867,-0.177612,mid,mid,none,drug_developer,morningstar,,,,0,0.7735489687816972838949622450,41.81,41.25000000000000000000000000,83.0,14.06,28.22306238185255198487712666,51.04347826086956521739130435,27.497,-0.6873,2.0,637,7,1.0,0.0059,0,0,0.0,0.3,0.95,oncology,-0.2978,uncrowded,1.0,135,0.013448488095238095,0.488593,-0.0286,21.34,0.458175,-0.105
NAMS,NewAmsterdam Pharma Company N.V,9,0.85,B,high_opt+no_catalyst_data,B,high_opt+no_catalyst_data,,0.412548,,0,0.755639,1,0.244361,,0,no_upcoming,9,tailwind,,L,sponsor_confirmed|momentum_tailwind,clinical_score:-29.9;smart_money_score:+23.1;momentum_score:+15.5,tier=B;reason=high_opt+no_catalyst_data;cat_days=NA;strength=missing;decay_w=0.0,v1.3.0,31f399e0,1,,0,,"{""burn_ttm"": 147783000.0, ""cash_total"": 636241000.0, ""dilution_risk"": null, ""has_revenue"": null, ""lead_phase"": null, ""runway_months"": 51.66285702685695, ""stage_bucket"": ""late"", ""surv_score"": ""5.0"", ""tier1_count"": 5}",late|none|pos,0.027091856115107917,,-0.2951,463,1,-0.9019,0.3483,5,5,buying,0.8012,elite_5,0.0,0.0,0.0,,,0.0,0,0,0,True,False,True,missing,0.0,adequate,<=1000bps,596.34,0.85,1,0,1.0,0,1.0,0,,False,no_upcoming,0.000284,price_history,,5,-0.0058,price_history,,-0.084967,,56.7357,0.4954,-0.462867,0.3779,late,mid,none,drug_developer,morningstar,,,,0,0.8732197978389682816312303939,69.88,41.25000000000000000000000000,77.5,10.00,24.47027821481524645675918912,58.92105263157894736842105263,23.7442,-0.846,3.0,969,3,0.6667,0.0216,0,0,0.0,0.6,0.55,metabolic,-0.2978,uncrowded,1.0,109,0.027091856115107917,0.587452,0.221,27.04,0.568441,0.1724
REPL,"Replimune Group, Inc.",10,0.51,B,high_opt+no_catalyst_data,B,high_opt+no_catalyst_data,,0.560837,,0,0.733083,1,0.266917,,0,no_upcoming,9,headwind,deep_drawdown,M,sponsor_confirmed|momentum_headwind,clinical_score:-17.2;financial_score:+11.2;smart_money_score:+9.8,tier=B;reason=high_opt+no_catalyst_data;cat_days=NA;strength=missing;decay_w=0.0,v1.3.0,31f399e0,1,,0,,"{""burn_ttm"": 224183000.0, ""cash_total"": 269137000.0, ""dilution_risk"": null, ""has_revenue"": null, ""lead_phase"": null, ""runway_months"": 14.12718492467587, ""stage_bucket"": ""mid"", ""surv_score"": ""2.0"", ""tier1_count"": 5}",mid|none|pos,0.013448488095238095,,-0.8133,1309,1,-0.8361,0.4703,5,5,selling,0.8012,elite_5,0.0,0.0,0.0,,,0.0,0,0,0,True,False,True,missing,0.0,adequate,<=1000bps,964.73,0.85,1,0,1.0,0,1.0,0,,False,no_upcoming,-0.087006,price_history,,5,1.0377,price_history,,-0.542982,,32.7109,0.5897,-0.462867,-0.080115,mid,small,sev1,drug_developer,morningstar,,,,0,0.7945235209871102787264514708,41.29,41.25000000000000000000000000,53.0,54.69,26.01344255408527620247847091,54.36956521739130434782608696,24.9634,-0.7944,2.0,1309,4,1.0,0.0,0,0,0.0,0.3,0.95,oncology,0.7492,highly_crowded,1.0,148,0.013448488095238095,0.439163,-0.1531,18.35,0.374525,-0.3199
KOD,Kodiak Sciences Inc,11,0.25,B,high_opt+no_catalyst_data,B,high_opt+no_catalyst_data,,0.127376,,0,0.988722,1,0.011278,,0,no_upcoming,9,headwind,deep_drawdown,S,sponsor_confirmed|momentum_headwind|runway_short,smart_money_score:+35.6;clinical_score:-25.9;financial_score:-25.9,tier=B;reason=high_opt+no_catalyst_data;cat_days=NA;strength=missing;decay_w=0.0,v1.3.0,31f399e0,1,,0,,"{""burn_ttm"": 96630000.0, ""cash_total"": 72038000.0, ""dilution_risk"": null, ""has_revenue"": null, ""lead_phase"": null, ""runway_months"": 8.94604160198696, ""stage_bucket"": ""late"", ""surv_score"": ""-2.0"", ""tier1_count"": 3}",late|none|nonpos,0.07721950850661626,,0.7879,0,1,-1.7321,-1.1909,3,3,buying,0.0265,elite_3,0.0,0.0,0.0,,,0.0,0,0,0,True,False,True,missing,0.0,short,<=1000bps,676.83,0.85,1,0,1.0,0,1.0,0,,False,no_upcoming,-0.114889,price_history,,3,1.4109,price_history,,-0.634427,,36.6213,0.8241,-0.462867,-0.17156,late,small,sev2,drug_developer,morningstar,,,,0,0.8549376903841782223232552853,36.94,41.25000000000000000000000000,66.5,41.81,5,5,4.7588,-1.649,3.0,85,4,1.0,1.212,1,2,0.0,0.3,0.55,ophthalmology,0.7492,highly_crowded,1.0,34,0.07721950850661626,0.872624,1.1389,6.23,0.028517,-1.903
IVVD,"Invivyd, Inc.",12,0.1,B,high_opt+no_catalyst_data,B,high_opt+no_catalyst_data,,0.834601,,0,0.981203,1,0.018797,,0,no_upcoming,9,headwind,high_vol|drawdown_data_missing,XS,sponsor_confirmed|momentum_headwind|high_risk|cost_haircut_<=2000bps,smart_money_score:+32.9;clinical_score:-27.6;financial_score:-9.0,tier=B;reason=high_opt+no_catalyst_data;cat_days=NA;strength=missing;decay_w=0.0,v1.3.0,31f399e0,1,,0,,"{""burn_ttm"": 42680000.0, ""cash_total"": 84967000.0, ""dilution_risk"": null, ""has_revenue"": null, ""lead_phase"": null, ""runway_months"": 23.88950328022493, ""stage_bucket"": ""mid"", ""surv_score"": ""2.0"", ""tier1_count"": 3}",mid|none|nonpos,-0.01560273913043478,,0.129,10,1,-1.7321,-1.1909,3,3,buying,0.0265,elite_3,0.0,0.0,0.0,,,0.0,0,0,0,True,False,True,missing,0.0,adequate,<=2000bps,1286.76,0.7,1,0,1.0,0,1.0,0,,False,no_upcoming,-0.886147,price_history,,3,-0.3855,price_history,,,series_too_short,41.8169,1.2594,-0.462867,,mid,small,sev1,drug_developer,morningstar,,,drawdown,1,0.7439760428706525165493327729,27.81,41.25000000000000000000000000,65.5,50,5,23.63137996219281663516068053,5.0096,-1.6384,2.0,10,1,0.0,1.0195,1,1,0.0,0.4,0.55,infectious_disease,0.7492,highly_crowded,1.0,220,-0.01560273913043478,0.165399,-0.9725,11.18,0.093156,-1.3216
CRSP,CRISPR Therapeutics AG,13,0.6,B,high_opt+no_catalyst_data,B,high_opt+no_catalyst_data,,0.089354,,0,0.973684,1,0.026316,,0,no_upcoming,9,headwind,deep_drawdown,M,sponsor_confirmed|momentum_headwind,clinical_score:-39.9;financial_score:+23.4;smart_money_score:+21.1,tier=B;reason=high_opt+no_catalyst_data;cat_days=NA;strength=missing;decay_w=0.0,v1.3.0,31f399e0,1,,0,,"{""burn_ttm"": 345014000.0, ""cash_total"": 1975828000.0, ""dilution_risk"": null, ""has_revenue"": null, ""lead_phase"": null, ""runway_months"": 68.7216634687288, ""stage_bucket"": ""late"", ""surv_score"": ""3.0"", ""tier1_count"": 3}",late|none|nonpos,0.07721950850661626,,-0.3236,353,1,-1.7321,-1.1909,3,3,buying,0.0265,elite_3,0.0,0.0,0.0,,,0.0,0,0,0,True,False,True,missing,0.0,adequate,<=400bps,316.61,1.0,0,0,1.0,0,1.0,0,,False,no_upcoming,0.039764,price_history,,3,1.2576,price_history,,-0.623294,,42.8206,0.5582,-0.462867,-0.160427,late,mid,none,drug_developer,morningstar,,,,0,0.8749074720670391061452513966,43.99,41.25000000000000000000000000,66.0,58.72,5,68.31578947368421052631578947,3.95,-1.6832,3.0,1253,6,1.0,0.0142,0,0,0.0,0.3,0.95,oncology,0.7492,highly_crowded,1.0,24,0.07721950850661626,0.910646,1.3447,19.74,0.412548,-0.221
COGT,"Cogent Biosciences, Inc.",14,1.0,B,high_opt+no_catalyst_data,B,high_opt+no_catalyst_data,,0.074144,,0,0.966165,1,0.033835,,0,no_upcoming,9,tailwind,high_vol,L,sponsor_confirmed|momentum_tailwind|high_risk,smart_money_score:+45.6;clinical_score:-34.4;financial_score:-34.4,tier=B;reason=high_opt+no_catalyst_data;cat_days=NA;strength=missing;decay_w=0.0,v1.3.0,31f399e0,1,,0,,"{""burn_ttm"": 264444000.0, ""cash_total"": 312012000.0, ""dilution_risk"": null, ""has_revenue"": null, ""lead_phase"": null, ""runway_months"": 14.158551526977357, ""stage_bucket"": ""late"", ""surv_score"": ""0.0"", ""tier1_count"": 7}",late|none|nonpos,0.07721950850661626,,0.8199,0,1,-1.7321,-1.1909,7,7,buying,1.576,elite_7,0.0,0.0,0.0,,,0.0,0,0,0,True,False,True,missing,0.0,adequate,<=400bps,346.16,1.0,0,0,1.0,0,1.0,0,,False,no_upcoming,0.132292,price_history,,7,0.9287,price_history,,-0.300648,,45.7586,2.489,-0.462867,0.162219,late,mid,sev1,drug_developer,morningstar,,,,0,0.8065586239176222794289726188,60.63,41.25000000000000000000000000,85,15.09,5,5,4.65,-1.6536,3.0,1338,5,1.0,0.0001,0,0,0.0,0.5,0.95,oncology,0.7492,highly_crowded,1.0,20,0.07721950850661626,0.925856,1.4456,8.47,0.058935,-1.5638
CNTA,Centessa Pharmaceuticals plc,15,0.51,B,high_opt+no_catalyst_data,B,high_opt+no_catalyst_data,,0.070342,,0,0.958647,1,0.041353,,0,no_upcoming,9,headwind,deep_drawdown,M,sponsor_confirmed|momentum_headwind,smart_money_score:+42.3;clinical_score:-29.7;financial_score:-29.7,tier=B;reason=high_opt+no_catalyst_data;cat_days=NA;strength=missing;decay_w=0.0,v1.3.0,31f399e0,1,,0,,"{""burn_ttm"": 138010000.0, ""cash_total"": 246214000.0, ""dilution_risk"": null, ""has_revenue"": null, ""lead_phase"": null, ""runway_months"": 21.408361712919355, ""stage_bucket"": ""late"", ""surv_score"": ""0.0"", ""tier1_count"": 7}",late|none|nonpos,0.07721950850661626,,-0.1794,149,1,-1.7321,-1.1909,7,7,buying,1.576,elite_7,0.0,0.0,0.0,,,0.0,0,0,0,True,False,True,missing,0.0,adequate,<=1000bps,533.65,0.85,1,0,1.0,0,1.0,0,,False,no_upcoming,-0.012445,price_history,,7,0.8513,price_history,,-0.628605,,45.5693,0.5724,-0.462867,-0.165738,late,mid,sev1,drug_developer,morningstar,,,,0,0.8717669633568373598427927407,45.10,41.25000000000000000000000000,77.0,17.67,5,5,5.4562,-1.6195,3.0,149,4,1.0,1.3254,0,2,0.0,0.4,0.75,rare_disease,-0.2978,uncrowded,1.0,19,0.07721950850661626,0.929658,1.4732,13.05,0.146388,-1.0521
CGON,"CG Oncology, Inc.",16,0.85,B,high_opt+no_catalyst_data,B,high_opt+no_catalyst_data,,0.062738,,0,0.951128,1,0.048872,,0,no_upcoming,9,neutral,drawdown_data_missing,L,sponsor_confirmed,clinical_score:-42.9;smart_money_score:+35.1;financial_score:+12.4,tier=B;reason=high_opt+no_catalyst_data;cat_days=NA;strength=missing;decay_w=0.0,v1.3.0,31f399e0,1,,0,,"{""burn_ttm"": 96130000.0, ""cash_total"": 680263000.0, ""dilution_risk"": null, ""has_revenue"": null, ""lead_phase"": null, ""runway_months"": 84.91788203474462, ""stage_bucket"": ""late"", ""surv_score"": ""5.0"", ""tier1_count"": 6}",late|none|nonpos,0.07721950850661626,,0.8165,0,1,-1.7321,-1.1909,6,6,buying,1.1886,elite_6,0.0,0.0,0.0,,,0.0,0,0,0,True,False,True,missing,0.0,adequate,<=1000bps,407.78,0.85,1,0,1.0,0,1.0,0,,False,no_upcoming,,,beta_missing:series_too_short,6,,,series_too_short,,no_price_series,,0.7795,-0.462867,,late,mid,none,drug_developer,morningstar,,,drawdown,1,0.8483328339287772271522415581,50,41.25000000000000000000000000,83.0,10.78,5,60.26315789473684210526315790,3.95,-1.6832,3.0,2153,6,1.0,0.0357,0,0,0.0,0.3,0.95,oncology,0.7492,highly_crowded,1.0,17,0.07721950850661626,0.937262,1.5322,14.90,0.211027,-0.8029
ADCT,ADC Therapeutics SA,17,0.21,B,high_opt+no_catalyst_data,B,high_opt+no_catalyst_data,,0.01711,,0,0.93609,1,0.06391,,0,no_upcoming,9,headwind,deep_drawdown,S,sponsor_confirmed|momentum_headwind|cost_haircut_<=2000bps,clinical_score:-35.6;smart_money_score:+25.9;financial_score:+9.4,tier=B;reason=high_opt+no_catalyst_data;cat_days=NA;strength=missing;decay_w=0.0,v1.3.0,31f399e0,1,,0,,"{""burn_ttm"": 110051000.0, ""cash_total"": 234738000.0, ""dilution_risk"": null, ""has_revenue"": null, ""lead_phase"": null, ""runway_months"": 23.035925450397038, ""stage_bucket"": ""late"", ""surv_score"": ""3.0"", ""tier1_count"": 3}",late|none|nonpos,0.07721950850661626,,0.8205,0,1,-1.7321,-1.1909,3,3,buying,0.0265,elite_3,0.0,0.0,0.0,,,0.0,0,0,0,True,False,True,missing,0.0,adequate,<=2000bps,1472.59,0.7,1,0,1.0,0,1.0,0,,False,no_upcoming,-0.284378,price_history,,3,0.6213,price_history,,-0.496674,,36.0069,0.7505,-0.462867,-0.033807,late,small,none,drug_developer,morningstar,,,,0,0.8026464877213021130782410051,40.44,41.25000000000000000000000000,66.5,89.22,5,50,4.3218,-1.6675,3.0,190,15,1.0,0.4866,0,0,0.0,0.3,0.95,oncology,0.7492,highly_crowded,1.0,5,0.07721950850661626,0.98289,2.1175,12.33,0.131179,-1.1208
VERA,"Vera Therapeutics, Inc.",18,0.85,B,high_opt+no_catalyst_data,B,high_opt+no_catalyst_data,,0.195817,,0,0.928571,1,0.071429,,0,no_upcoming,9,tailwind,deep_drawdown,L,sponsor_confirmed|momentum_tailwind,clinical_score:-45.2;smart_money_score:+21.0;momentum_score:+19.6,tier=B;reason=high_opt+no_catalyst_data;cat_days=NA;strength=missing;decay_w=0.0,v1.3.0,31f399e0,1,,0,,"{""burn_ttm"": 171110000.0, ""cash_total"": 497389000.0, ""dilution_risk"": null, ""has_revenue"": null, ""lead_phase"": null, ""runway_months"": 34.88205248086027, ""stage_bucket"": ""late"", ""surv_score"": ""4.0"", ""tier1_count"": 5}",late|none|nonpos,0.07721950850661626,,0.7043,10,1,-1.7204,-1.1691,5,5,buying,0.8012,elite_5,0.0,0.0,0.0,,,0.0,0,0,0,True,False,True,missing,0.0,adequate,<=1000bps,439.3,0.85,1,0,1.0,0,1.0,0,,False,no_upcoming,0.162359,price_history,,5,0.3827,price_history,,-0.443296,,43.9552,0.7858,-0.462867,0.019571,late,mid,none,drug_developer,morningstar,,,,0,0.7750422810060711188204683435,70.06,41.25000000000000000000000000,71.5,50,5.275333605267758289143989278,64.28947368421052631578947368,5.514,-1.6171,3.0,1200,2,0.3333,0.9201,1,1,0.0,0.4,0.55,infectious_disease,-1.1354,moderate,1.0,52,0.07721950850661626,0.804183,0.8567,17.76,0.359316,-0.3603
FULC,"Fulcrum Therapeutics, Inc.",19,0.51,B,high_opt+no_catalyst_data,B,high_opt+no_catalyst_data,,0.108365,,0,0.913534,1,0.086466,,0,no_upcoming,9,headwind,deep_drawdown,M,sponsor_confirmed|momentum_headwind,clinical_score:-37.2;smart_money_score:+22.8;financial_score:+19.3,tier=B;reason=high_opt+no_catalyst_data;cat_days=NA;strength=missing;decay_w=0.0,v1.3.0,31f399e0,1,,0,,"{""burn_ttm"": 60065000.0, ""cash_total"": 197533000.0, ""dilution_risk"": null, ""has_revenue"": null, ""lead_phase"": null, ""runway_months"": 39.463847498543245, ""stage_bucket"": ""late"", ""surv_score"": ""5.0"", ""tier1_count"": 3}",late|none|nonpos,0.07721950850661626,,0.8301,0,1,-1.6676,-1.0713,3,3,buying,0.0265,elite_3,0.0,0.0,0.0,,,0.0,0,0,0,True,False,True,missing,0.0,adequate,<=1000bps,919.56,0.85,1,0,1.0,0,1.0,0,,False,no_upcoming,-0.096942,price_history,,3,1.019,price_history,,-0.607362,,31.5397,1.1313,-0.462867,-0.144495,late,small,none,drug_developer,morningstar,,,,0,0.8026464877213021130782410051,41.38,41.25000000000000000000000000,66.5,62.50,6.511728790733510738172471170,63.00000000000000000000000000,5.0425,-1.637,3.0,,4,1.0,0.0231,0,0,0.0,0.4,0.55,infectious_disease,0.7492,highly_crowded,1.0,29,0.07721950850661626,0.891635,1.2353,13.78,0.173004,-0.9424
LQDA,Liquidia Corporation,20,0.85,B,high_opt+no_catalyst_data,B,high_opt+no_catalyst_data,,0.131179,,0,0.906015,1,0.093985,,0,no_upcoming,9,tailwind,,L,sponsor_confirmed|momentum_tailwind,momentum_score:+52.6;financial_score:-35.8;clinical_score:-35.6,tier=B;reason=high_opt+no_catalyst_data;cat_days=NA;strength=missing;decay_w=0.0,v1.3.0,31f399e0,1,,0,,"{""burn_ttm"": 79930000.0, ""cash_total"": 157496000.0, ""dilution_risk"": null, ""has_revenue"": null, ""lead_phase"": null, ""runway_months"": 23.645089453271613, ""stage_bucket"": ""late"", ""surv_score"": ""0.0"", ""tier1_count"": 3}",late|none|nonpos,0.07721950850661626,,0.8375,0,1,-1.5869,-0.9217,3,3,buying,0.0265,elite_3,0.0,0.0,0.0,,,0.0,0,0,0,True,False,True,missing,0.0,adequate,<=1000bps,430.35,0.85,1,0,1.0,0,1.0,0,,False,no_upcoming,0.499534,price_history,,3,0.6238,price_history,,-0.168869,,53.8229,0.5778,-0.462867,0.293998,late,mid,sev1,drug_developer,morningstar,,,,0,0.8602016070804704786304879469,96.55,41.25000000000000000000000000,65.5,22.84,8.405169343925826648278719831,8.227146814404432132963988913,6.6552,-1.5688,3.0,1144,4,1.0,0.0002,0,0,0.0,0.3,0.5,respiratory,0.7492,highly_crowded,1.0,35,0.07721950850661626,0.868821,1.1208,7.37,0.032319,-1.8477
PRTA,Prothena Corporation plc,21,0.21,B,high_opt+no_catalyst_data,B,high_opt+no_catalyst_data,,0.153992,,0,0.883459,1,0.116541,,0,no_upcoming,9,headwind,deep_drawdown,S,sponsor_confirmed|momentum_headwind|cost_haircut_<=2000bps,clinical_score:-27.2;smart_money_score:+16.2;financial_score:+7.2,tier=B;reason=high_opt+no_catalyst_data;cat_days=NA;strength=missing;decay_w=0.0,v1.3.0,31f399e0,1,,0,,"{""burn_ttm"": 140268000.0, ""cash_total"": 330843000.0, ""dilution_risk"": null, ""has_revenue"": null, ""lead_phase"": null, ""runway_months"": 28.303789887928822, ""stage_bucket"": ""late"", ""surv_score"": ""5.0"", ""tier1_count"": 2}",late|none|nonpos,0.07721950850661626,,0.8459,0,1,-1.4479,-0.664,2,2,neutral,-0.3608,elite_2,0.0,0.0,0.0,,,0.0,0,0,0,True,False,True,missing,0.0,adequate,<=2000bps,1434.82,0.7,1,0,1.0,0,1.0,0,,False,no_upcoming,-0.004663,price_history,,2,1.3883,price_history,,-0.568006,,35.4315,0.4848,-0.462867,-0.105139,late,small,none,drug_developer,morningstar,,,,0,0.8386505629477993858751279427,40.15,41.25000000000000000000000000,55.0,83.19,11.66449766589618579595853648,46.04938271604938271604938272,10.5191,-1.4054,3.0,1157,9,1.0,0.0005,0,0,0.0,0.4,0.6,cns,-0.2978,uncrowded,1.0,41,0.07721950850661626,0.846008,1.0195,17.16,0.325095,-0.4535
CNTX,Context Therapeutics Inc.,22,0.1,B,high_opt+no_catalyst_data,B,high_opt+no_catalyst_data,,0.815589,,0,0.87594,1,0.12406,,0,no_upcoming,9,headwind,drawdown_data_missing,XS,momentum_headwind|cost_haircut_<=2000bps,financial_score:+25.4;clinical_score:-25.0;momentum_score:-4.9,tier=B;reason=high_opt+no_catalyst_data;cat_days=NA;strength=missing;decay_w=0.0,v1.3.0,31f399e0,1,,0,,"{""burn_ttm"": 17442425.0, ""cash_total"": 76938183.0, ""dilution_risk"": null, ""has_revenue"": null, ""lead_phase"": null, ""runway_months"": 52.93175667947548, ""stage_bucket"": ""mid"", ""surv_score"": ""3.0"", ""tier1_count"": 0}",mid|none|nonpos,-0.01560273913043478,,-0.8176,427,1,-1.4455,-0.6594,0,0,neutral,-1.1356,,0.0,0.0,0.0,,,0.0,0,0,0,True,False,True,missing,0.0,adequate,<=2000bps,1735.81,0.7,1,0,1.0,0,1.0,0,,False,no_upcoming,-0.633126,price_history,,0,0.0459,price_history,,,series_too_short,35.9379,,-0.462867,,mid,micro,none,drug_developer,morningstar,,,drawdown,1,0.7587025969792458980767141150,31.77,41.25000000000000000000000000,,79.69,11.72232724217601344255408528,62.13043478260869565217391304,10.6723,-1.3989,2.0,427,4,1.0,0.0348,0,0,0.0,0.3,0.95,oncology,0.7492,highly_crowded,1.0,215,-0.01560273913043478,0.184411,-0.8987,13.92,0.176806,-0.9276
RAPT,"RAPT Therapeutics, Inc.",23,0.3,B,high_opt+no_catalyst_data,B,high_opt+no_catalyst_data,,0.853612,,0,0.868421,1,0.131579,,0,no_upcoming,9,headwind,high_vol|deep_drawdown,S,sponsor_confirmed|momentum_headwind|high_risk,smart_money_score:+37.2;clinical_score:-26.7;financial_score:-9.1,tier=B;reason=high_opt+no_catalyst_data;cat_days=NA;strength=missing;decay_w=0.0,v1.3.0,31f399e0,1,,0,,"{""burn_ttm"": 76143000.0, ""cash_total"": 157344000.0, ""dilution_risk"": null, ""has_revenue"": null, ""lead_phase"": null, ""runway_months"": 24.797131712698476, ""stage_bucket"": ""mid"", ""surv_score"": ""5.0"", ""tier1_count"": 5}",mid|none|nonpos,-0.01560273913043478,,0.3506,0,1,-1.3638,-0.508,5,5,buying,0.8012,elite_5,0.0,0.0,0.0,,,0.0,0,0,0,True,False,True,missing,0.0,adequate,<=400bps,273.59,1.0,0,0,1.0,0,1.0,0,,False,no_upcoming,-0.078426,price_history,,5,1.1822,price_history,,-0.462456,,32.135,1.4599,-0.462867,0.000411,mid,small,none,drug_developer,morningstar,,,,0,0.7766979465665709869728416869,37.90,41.25000000000000000000000000,77.5,20.31,13.63789119932787229573618988,31.15837009031716026044948540,12.8686,-1.306,2.0,225,4,1.0,0.1534,0,0,0.0,0.4,0.95,oncology,0.7492,highly_crowded,1.0,225,-0.01560273913043478,0.146388,-1.0521,16.26,0.256654,-0.6537
CRNX,"Crinetics Pharmaceuticals, Inc.",24,0.85,B,high_opt+no_catalyst_data,B,high_opt+no_catalyst_data,,0.085551,,0,0.860902,1,0.139098,,0,no_upcoming,9,neutral,,L,sponsor_confirmed,clinical_score:-35.4;smart_money_score:+22.4;financial_score:+17.9,tier=B;reason=high_opt+no_catalyst_data;cat_days=NA;strength=missing;decay_w=0.0,v1.3.0,31f399e0,1,,0,,"{""burn_ttm"": 285021000.0, ""cash_total"": 1092291000.0, ""dilution_risk"": null, ""has_revenue"": null, ""lead_phase"": null, ""runway_months"": 45.98781142442136, ""stage_bucket"": ""late"", ""surv_score"": ""5.0"", ""tier1_count"": 5}",late|none|nonpos,0.07721950850661626,,0.8471,0,1,-1.3619,-0.5045,5,5,buying,0.8012,elite_5,0.0,0.0,0.0,,,0.0,0,0,0,True,False,True,missing,0.0,adequate,<=1000bps,459.18,0.85,1,0,1.0,0,1.0,0,,False,no_upcoming,0.050566,price_history,,5,1.1798,price_history,,-0.335093,,34.6278,0.6688,-0.462867,0.127774,late,mid,none,drug_developer,morningstar,,,,0,0.8644624883720930232558139535,52.00,41.25000000000000000000000000,71.5,21.12,13.68225109906830086306806777,66.97368421052631578947368421,12.213,-1.3337,3.0,525,4,1.0,0.0226,0,0,0.0,0.4,0.5,other,0.7492,highly_crowded,1.0,23,0.07721950850661626,0.914449,1.3687,18.60,0.382129,-0.2999
CTMX,"CytomX Therapeutics, Inc.",25,0.85,B,high_opt+catalyst_far,B,high_opt+catalyst_far,,0.595057,,0,0.838346,1,0.161654,304,0,specific_days,9,tailwind,deep_drawdown,L,catalyst_far_lift|sponsor_confirmed|momentum_tailwind,smart_money_score:+36.7;clinical_score:-30.7;financial_score:-15.8,tier=B;reason=high_opt+catalyst_far;cat_days=304;strength=far;decay_w=0.3,v1.3.0,31f399e0,1,,0,,"{""burn_ttm"": 52344000.0, ""cash_total"": 34185000.0, ""dilution_risk"": null, ""has_revenue"": null, ""lead_phase"": null, ""runway_months"": 7.837001375515818, ""stage_bucket"": ""mid"", ""surv_score"": ""-2.0"", ""tier1_count"": 6}",mid|far_271_540|nonpos,0.008449262295081968,,0.3509,0,1,-1.2803,-0.3532,6,6,buying,1.1886,elite_6,0.0,0.0,0.0,,,0.0,0,0,0,True,False,True,far,0.3,adequate,<=1000bps,786.14,0.85,1,0,1.0,0,1.0,0,304,False,specific_days,-0.03145,price_history,,6,0.7065,price_history,,-0.535822,,52.7005,0.9241,-0.462867,-0.072955,mid,small,none,drug_developer,morningstar,,,,0,0.7777748373580328591906494652,56.88,45.56250000000000000000000000,83.0,48.44,15.59546313799621928166351607,30.47469019113631590002100399,14.5455,-1.2351,2.0,487,6,1.0,0.0415,0,0,0.0,0.3,0.95,oncology,0.7492,highly_crowded,1.0,157,0.008449262295081968,0.404943,-0.2406,16.41,0.268061,-0.6187
SVRA,"Savara, Inc.",26,0.85,B,high_opt+no_catalyst_data,B,high_opt+no_catalyst_data,,0.173004,,0,0.815789,1,0.184211,,0,no_upcoming,9,tailwind,deep_drawdown,L,sponsor_confirmed|momentum_tailwind,momentum_score:+27.1;financial_score:-25.7;clinical_score:-25.0,tier=B;reason=high_opt+no_catalyst_data;cat_days=NA;strength=missing;decay_w=0.0,v1.3.0,31f399e0,1,,0,,"{""burn_ttm"": 75980000.0, ""cash_total"": 124386000.0, ""dilution_risk"": null, ""has_revenue"": null, ""lead_phase"": null, ""runway_months"": 19.645064490655436, ""stage_bucket"": ""late"", ""surv_score"": ""0.0"", ""tier1_count"": 3}",late|none|nonpos,0.07721950850661626,,0.8643,0,1,-1.2141,-0.2305,3,3,buying,0.0265,elite_3,0.0,0.0,0.0,,,0.0,0,0,0,True,False,True,missing,0.0,adequate,<=1000bps,844.9,0.85,1,0,1.0,0,1.0,0,,False,no_upcoming,0.18448,price_history,,3,0.5254,price_history,,-0.472103,,51.8646,0.6811,-0.462867,-0.009236,late,small,sev1,drug_developer,morningstar,,,,0,0.8454783439490445859872611465,69.21,41.25000000000000000000000000,66.5,59.91,17.14876755433832527242002214,16.45679012345679012345679013,15.6795,-1.1871,3.0,668,9,1.0,0.0057,0,0,0.0,0.4,0.5,respiratory,0.7492,highly_crowded,1.0,46,0.07721950850661626,0.826996,0.9424,12.69,0.134981,-1.1032
NUVB,Nuvation Bio Inc.,27,0.25,B,high_opt+no_catalyst_data,B,high_opt+no_catalyst_data,,0.846008,,0,0.808271,1,0.191729,,0,no_upcoming,9,headwind,high_vol|deep_drawdown,S,sponsor_confirmed|momentum_headwind|high_risk,clinical_score:-26.9;financial_score:+19.9;smart_money_score:+8.5,tier=B;reason=high_opt+no_catalyst_data;cat_days=NA;strength=missing;decay_w=0.0,v1.3.0,31f399e0,1,,0,,"{""burn_ttm"": 143694000.0, ""cash_total"": 549045000.0, ""dilution_risk"": null, ""has_revenue"": null, ""lead_phase"": null, ""runway_months"": 44.273359540368915, ""stage_bucket"": ""mid"", ""surv_score"": ""3.0"", ""tier1_count"": 6}",mid|none|nonpos,-0.01560273913043478,,0.3513,0,1,-1.1951,-0.1952,6,6,selling,1.1886,elite_6,0.0,0.0,0.0,,,0.0,0,0,0,True,False,True,missing,0.0,adequate,<=1000bps,551.15,0.85,1,0,1.0,0,1.0,0,,False,no_upcoming,-0.194419,price_history,,6,0.5341,price_history,,-0.581332,,40.5063,1.2485,-0.462867,-0.118465,mid,mid,none,drug_developer,morningstar,,,,0,0.7735489687816972838949622450,46.16,41.25000000000000000000000000,53.0,35.94,17.59504305818105440033606385,64.34782608695652173913043478,16.545,-1.1505,2.0,858,8,1.0,0.0438,0,0,0.0,0.3,0.95,oncology,0.7492,highly_crowded,1.0,223,-0.01560273913043478,0.153992,-1.0195,18.06,0.36692,-0.34
TNYA,"Tenaya Therapeutics, Inc.",28,0.1,B,high_opt+no_catalyst_data,B,high_opt+no_catalyst_data,,0.990494,,0,0.695489,1,0.304511,,0,no_upcoming,9,headwind,deep_drawdown,XS,momentum_headwind|runway_short|cost_haircut_<=2000bps,financial_score:-21.5;smart_money_score:+20.2;catalyst_score:+6.0,tier=B;reason=high_opt+no_catalyst_data;cat_days=NA;strength=missing;decay_w=0.0,v1.3.0,31f399e0,1,,0,,"{""burn_ttm"": 54324000.0, ""cash_total"": 65308000.0, ""dilution_risk"": null, ""has_revenue"": null, ""lead_phase"": null, ""runway_months"": 14.426330903468081, ""stage_bucket"": ""early"", ""surv_score"": ""2.0"", ""tier1_count"": 1}",early|none|pos,-0.1,,-1.5018,,0,-0.541,1.0176,1,1,buying,-0.7482,elite_1,0.0,0.0,0.0,,,0.0,0,0,0,True,False,True,missing,0.0,short,<=2000bps,1908.19,0.7,1,0,1.0,0,1.0,0,,False,no_upcoming,-0.104532,price_history,,1,1.4028,price_history,,-0.597025,,43.1243,1.1737,-0.462867,-0.134158,early,micro,sev2,drug_developer,morningstar,,,,0,0.6980787060883898217780982796,33.01,41.25000000000000000000000000,55.5,50,32.93575910065966677956807148,13.76631022080289027596329091,31.5358,-0.5164,0.0,2313,1,0.0,0.0,0,0,0.0,0.0,0.5,other,-1.9729,uncrowded,1.0,261,-0.1,0.009506,-2.3453,8.26,0.043726,-1.709
ANRO,"Alto Neuroscience, Inc.",29,0.42,B,high_opt+no_catalyst_data,B,high_opt+no_catalyst_data,,0.032319,,0,0.785714,1,0.214286,,0,no_upcoming,9,neutral,drawdown_data_missing,M,sponsor_confirmed|cost_haircut_<=2000bps,clinical_score:-24.8;smart_money_score:+16.1;financial_score:+7.1,tier=B;reason=high_opt+no_catalyst_data;cat_days=NA;strength=missing;decay_w=0.0,v1.3.0,31f399e0,1,,0,,"{""burn_ttm"": 40253000.0, ""cash_total"": 137816000.0, ""dilution_risk"": null, ""has_revenue"": null, ""lead_phase"": null, ""runway_months"": 41.08493776861352, ""stage_bucket"": ""late"", ""surv_score"": ""5.0"", ""tier1_count"": 2}",late|none|nonpos,0.07721950850661626,,-0.0659,304,1,-1.0919,-0.0038,2,2,buying,-0.3608,elite_2,0.0,0.0,0.0,,,0.0,0,0,0,True,False,True,missing,0.0,adequate,<=2000bps,1346.61,0.7,1,0,1.0,0,1.0,0,,False,no_upcoming,,,beta_missing:series_too_short,2,,,series_too_short,,no_price_series,,0.9516,-0.462867,,late,small,none,drug_developer,morningstar,,,drawdown,1,0.8305602106775197510174766579,50,41.25000000000000000000000000,61.0,56.47,20.01521537853919416765404762,52.00000000000000000000000000,18.2652,-1.0777,2.0,304,4,1.0,0.1247,0,0,0.0,0.3,0.5,other,0.7492,highly_crowded,1.0,9,0.07721950850661626,0.967681,1.8477,19.66,0.408745,-0.2308
DYN,"Dyne Therapeutics, Inc.",30,0.51,B,high_opt+no_catalyst_data,B,high_opt+no_catalyst_data,,0.906844,,0,0.657895,1,0.342105,,0,no_upcoming,9,headwind,deep_drawdown,M,sponsor_confirmed|momentum_headwind,smart_money_score:+36.6;financial_score:-14.9;momentum_score:-11.5,tier=B;reason=high_opt+no_catalyst_data;cat_days=NA;strength=missing;decay_w=0.0,v1.3.0,31f399e0,1,,0,,"{""burn_ttm"": 291375000.0, ""cash_total"": 573610000.0, ""dilution_risk"": null, ""has_revenue"": null, ""lead_phase"": null, ""runway_months"": 23.382986890781424, ""stage_bucket"": ""early"", ""surv_score"": ""3.0"", ""tier1_count"": 8}",early|none|pos,-0.1,,-1.4901,,0,-0.4304,1.2227,8,8,buying,1.9633,elite_8,0.0,0.0,0.0,,,0.0,0,0,0,True,False,True,missing,0.0,adequate,<=1000bps,520.7,0.85,1,0,1.0,0,1.0,0,,False,no_upcoming,-0.153985,price_history,,8,1.1265,price_history,,-0.667712,,29.9981,0.7655,-0.462867,-0.204845,early,mid,sev1,drug_developer,morningstar,,,,0,0.7148227320125130344108446298,31.93,41.25000000000000000000000000,80.0,50,35.53055595877485847002467702,28.51905614425573781068047289,34.1306,-0.4067,0.0,1947,2,0.0,0.0,0,0,0.0,0.0,0.5,other,-2.3917,uncrowded,1.0,239,-0.1,0.093156,-1.3216,22.65,0.5,0.0
TRDA,"Entrada Therapeutics, Inc.",31,0.08,B,high_opt+no_catalyst_data,B,high_opt+no_catalyst_data,,0.994297,,0,0.62782,1,0.37218,,0,no_upcoming,9,headwind,drawdown_data_missing,XS,momentum_headwind|runway_short|cost_haircut_>2000bps,financial_score:-28.5;smart_money_score:+16.0;catalyst_score:+7.8,tier=B;reason=high_opt+no_catalyst_data;cat_days=NA;strength=missing;decay_w=0.0,v1.3.0,31f399e0,1,,0,,"{""burn_ttm"": 128512000.0, ""cash_total"": 90394000.0, ""dilution_risk"": null, ""has_revenue"": null, ""lead_phase"": null, ""runway_months"": 8.440674800796813, ""stage_bucket"": ""early"", ""surv_score"": ""-2.0"", ""tier1_count"": 1}",early|none|pos,-0.1,,-1.4846,,0,-0.3459,1.3792,1,1,selling,-0.7482,elite_1,0.0,0.0,0.0,,,0.0,0,0,0,True,False,True,missing,0.0,short,>2000bps,2020.0,0.55,1,0,1.0,0,1.0,0,,False,no_upcoming,-0.246115,price_history,,1,1.0231,price_history,,,series_too_short,45.2642,0.5606,-0.462867,,early,small,sev2,drug_developer,morningstar,,,drawdown,1,0.7635591511387163561076604555,34.15,41.25000000000000000000000000,49.5,50,37.51052402380606764407025692,5,36.1105,-0.3229,0.0,1097,1,0.0,0.0,0,0,0.0,0.0,0.5,other,-2.6011,uncrowded,1.0,262,-0.1,0.005703,-2.53,9.39,0.06654,-1.5021
BMEA,"Biomea Fusion, Inc.",32,0.08,B,high_opt+no_catalyst_data,B,high_opt+no_catalyst_data,,0.887833,,0,0.620301,1,0.379699,,0,no_upcoming,9,headwind,deep_drawdown,XS,momentum_headwind|runway_short|cost_haircut_>2000bps,financial_score:-27.8;smart_money_score:+17.6;momentum_score:+7.3,tier=B;reason=high_opt+no_catalyst_data;cat_days=NA;strength=missing;decay_w=0.0,v1.3.0,31f399e0,1,,0,,"{""burn_ttm"": 56429000.0, ""cash_total"": 46642000.0, ""dilution_risk"": null, ""has_revenue"": null, ""lead_phase"": null, ""runway_months"": 9.918729731166598, ""stage_bucket"": ""early"", ""surv_score"": ""0.0"", ""tier1_count"": 1}",early|none|pos,-0.1,,-1.379,1109,1,-0.3459,1.3792,1,1,buying,-0.7482,elite_1,0.0,0.0,0.0,,,0.0,0,0,0,True,False,True,missing,0.0,short,>2000bps,2020.0,0.55,1,0,1.0,0,1.0,0,,False,no_upcoming,-0.061284,price_history,,1,1.0414,price_history,,-0.657907,,43.8402,,-0.462867,-0.19504,early,micro,sev2,drug_developer,morningstar,,,,0,0.6940250925545043192102015631,45.24,41.25000000000000000000000000,55.5,50,37.51052402380606764407025692,10.18649699198400025806035387,36.4605,-0.3081,1.0,1109,1,0.0,0.0,0,0,0.0,0.3,0.85,oncology,0.7492,highly_crowded,1.0,234,-0.1,0.112167,-1.2151,9.95,0.074144,-1.4456
TBPH,"Theravance Biopharma, Inc.",33,0.42,C,low_opt+no_catalyst_data,C,low_opt+no_catalyst_data,,0.465779,,0,0.048872,1,0.951128,,0,no_upcoming,9,tailwind,deep_drawdown,M,momentum_tailwind|cost_haircut_<=2000bps,clinical_score:+21.2;catalyst_score:-14.5;financial_score:-9.3,tier=C;reason=low_opt+no_catalyst_data;cat_days=NA;strength=missing;decay_w=0.0,v1.3.0,31f399e0,1,,0,,"{""burn_ttm"": 0.0, ""cash_total"": 174773000.0, ""dilution_risk"": null, ""has_revenue"": null, ""lead_phase"": null, ""runway_months"": null, ""stage_bucket"": ""late"", ""surv_score"": ""3.0"", ""tier1_count"": 1}",late|none|pos,0.027091856115107917,,1.1504,0,1,1.3378,1.2692,1,1,buying,-0.7482,elite_1,0.0,0.0,0.0,,,0.0,0,0,0,True,False,True,missing,0.0,adequate,<=2000bps,1103.1,0.7,1,0,1.0,0,1.0,0,,False,no_upcoming,0.391434,price_history,,1,0.8696,price_history,,-0.59439,,44.7976,0.5264,-0.462867,-0.131523,late,small,none,drug_developer,morningstar,,,,0,0.9,58.67,41.25000000000000000000000000,55.5,90.00,77.000,46.50903498654363706266820454,75.95,1.3621,3.0,651,42,1.0,0.0001,0,0,0.0,0.9,0.5,respiratory,0.7492,highly_crowded,1.0,123,0.027091856115107917,0.534221,0.0859,47.44,0.918251,1.3934
ACRS,"Aclaris Therapeutics, Inc.",34,0.1,C,low_opt+no_catalyst_data,C,low_opt+no_catalyst_data,,0.260456,,0,0.078947,1,0.921053,,0,no_upcoming,9,neutral,high_vol|deep_drawdown,XS,sponsor_confirmed|runway_short|high_risk|cost_haircut_<=2000bps,financial_score:-41.7;clinical_score:+29.6;smart_money_score:+16.8,tier=C;reason=low_opt+no_catalyst_data;cat_days=NA;strength=missing;decay_w=0.0,v1.3.0,31f399e0,1,,0,,"{""burn_ttm"": 33982000.0, ""cash_total"": 25256000.0, ""dilution_risk"": null, ""has_revenue"": null, ""lead_phase"": null, ""runway_months"": 8.918603966805955, ""stage_bucket"": ""late"", ""surv_score"": ""-2.0"", ""tier1_count"": 3}",late|none|pos,0.027091856115107917,,0.0138,326,1,1.3095,1.2088,3,3,buying,0.0265,elite_3,0.0,0.0,0.0,,,0.0,0,0,0,True,False,True,missing,0.0,short,<=2000bps,1385.71,0.7,1,0,1.0,0,1.0,0,,False,no_upcoming,-0.035285,price_history,,3,0.9575,price_history,,-0.631081,,41.7917,1.5686,-0.462867,-0.168214,late,small,sev2,drug_developer,morningstar,,,,0,0.8533676310374046725578017189,47.38,41.25000000000000000000000000,63.5,90.00,76.33587786259541984732824428,5,75.6098,1.3478,3.0,,13,1.0,0.0,0,0,0.0,0.7,0.5,dermatology,-0.2978,uncrowded,1.0,69,0.027091856115107917,0.739544,0.6419,13.12,0.15019,-1.0356
VKTX,"Viking Therapeutics, Inc.",35,0.3,C,low_opt+no_catalyst_data,C,low_opt+no_catalyst_data,,0.587452,,0,0.06391,1,0.93609,,0,no_upcoming,9,headwind,deep_drawdown,S,sponsor_confirmed|momentum_headwind|runway_short,financial_score:-32.1;clinical_score:+30.0;smart_money_score:+13.5,tier=C;reason=low_opt+no_catalyst_data;cat_days=NA;strength=missing;decay_w=0.0,v1.3.0,31f399e0,1,,0,,"{""burn_ttm"": 278685000.0, ""cash_total"": 165810000.0, ""dilution_risk"": null, ""has_revenue"": null, ""lead_phase"": null, ""runway_months"": 7.139673825286614, ""stage_bucket"": ""mid"", ""surv_score"": ""-2.0"", ""tier1_count"": 3}",mid|none|pos,0.013448488095238095,,0.438,0,1,1.3378,1.2692,3,3,buying,0.0265,elite_3,0.0,0.0,0.0,,,0.0,0,0,0,True,False,True,missing,0.0,short,<=400bps,319.17,1.0,0,0,1.0,0,1.0,0,,False,no_upcoming,-0.153513,price_history,,3,0.9312,price_history,,-0.616339,,34.5373,,-0.462867,-0.153472,mid,mid,sev2,drug_developer,morningstar,,,,0,0.7744094399277326106594399277,41.50,41.25000000000000000000000000,60.5,10.94,77.000,14.90553455156479731148918294,75.8546,1.3581,2.0,469,5,1.0,0.0202,0,0,0.0,0.4,0.55,metabolic,-0.2978,uncrowded,1.0,155,0.013448488095238095,0.412548,-0.221,19.29,0.393536,-0.2701
ENTA,"Enanta Pharmaceuticals, Inc.",36,0.42,C,low_opt+no_catalyst_data,C,low_opt+no_catalyst_data,,0.515209,,0,0.011278,1,0.988722,,0,no_upcoming,9,tailwind,deep_drawdown,M,momentum_tailwind|cost_haircut_<=2000bps,clinical_score:+24.8;financial_score:-23.0;catalyst_score:-11.0,tier=C;reason=low_opt+no_catalyst_data;cat_days=NA;strength=missing;decay_w=0.0,v1.3.0,31f399e0,1,,0,,"{""burn_ttm"": 11699000.0, ""cash_total"": 37437000.0, ""dilution_risk"": null, ""has_revenue"": null, ""lead_phase"": null, ""runway_months"": 38.40020514573895, ""stage_bucket"": ""mid"", ""surv_score"": ""5.0"", ""tier1_count"": 1}",mid|none|pos,0.013448488095238095,,0.4513,0,1,1.3378,1.2692,1,1,buying,-0.7482,elite_1,0.0,0.0,0.0,,,0.0,0,0,0,True,False,True,missing,0.0,adequate,<=2000bps,1593.49,0.7,1,0,1.0,0,1.0,0,,False,no_upcoming,-0.139481,price_history,,1,0.625,price_history,,-0.38975,,38.3906,0.5086,-0.462867,0.073117,mid,small,none,drug_developer,morningstar,,,,0,0.7575918141592920353982300885,58.12,41.25000000000000000000000000,55.5,90.00,77.000,29.23109640831758034026465028,76.2739,1.3758,2.0,485,15,1.0,0.018,0,0,0.0,0.8,0.55,infectious_disease,-0.2978,uncrowded,1.0,136,0.013448488095238095,0.484791,-0.0381,38.07,0.773764,0.7513
HRTX,"Heron Therapeutics, Inc.",37,0.55,C,low_opt,C,low_opt,,0.5,,0,0.176692,1,0.823308,304,0,specific_days,9,neutral,deep_drawdown,L,catalyst_far_lift|sponsor_confirmed|cost_haircut_>2000bps,financial_score:-32.4;clinical_score:+22.7;smart_money_score:+9.9,tier=C;reason=low_opt;cat_days=304;strength=far;decay_w=0.3,v1.3.0,31f399e0,1,,0,,"{""burn_ttm"": 27591000.0, ""cash_total"": 28647000.0, ""dilution_risk"": null, ""has_revenue"": null, ""lead_phase"": null, ""runway_months"": 12.459280200065239, ""stage_bucket"": ""late"", ""surv_score"": ""-2.0"", ""tier1_count"": 2}",late|far_271_540|pos,0.02018109677419355,,1.145,0,1,1.0751,0.7086,2,2,buying,-0.3608,elite_2,0.0,0.0,0.0,,,0.0,0,0,0,True,False,True,far,0.3,adequate,>2000bps,2020.0,0.55,1,0,1.0,0,1.0,0,304,False,specific_days,0.051678,price_history,,2,0.9231,price_history,,-0.560988,,48.6066,0.4900,-0.462867,-0.098121,late,micro,sev1,drug_developer,morningstar,,,,0,0.8774237903689231122859441444,50.55,45.56250000000000000000000000,58.0,90.00,70.83969465648854961832061069,15.71183367972599369371119269,70.2206,1.1198,3.0,852,14,1.0,0.3044,0,1,0.0,0.4,0.95,oncology,0.7492,highly_crowded,1.0,132,0.02018109677419355,0.5,0.0,27.21,0.572243,0.1821
ROIV,Roivant Sciences Ltd.,38,1.0,C,low_opt+no_catalyst_data,C,low_opt+no_catalyst_data,,0.564639,,0,0.116541,1,0.883459,,0,no_upcoming,9,tailwind,deep_drawdown,L,sponsor_confirmed|momentum_tailwind,catalyst_score:-21.4;smart_money_score:+14.9;clinical_score:+12.1,tier=C;reason=low_opt+no_catalyst_data;cat_days=NA;strength=missing;decay_w=0.0,v1.3.0,31f399e0,1,,0,,"{""burn_ttm"": 586531000.0, ""cash_total"": 4529978000.0, ""dilution_risk"": null, ""has_revenue"": null, ""lead_phase"": null, ""runway_months"": 92.68007317601287, ""stage_bucket"": ""mid"", ""surv_score"": ""4.0"", ""tier1_count"": 5}",mid|none|pos,0.013448488095238095,,0.4303,0,1,1.2432,1.0674,5,5,buying,0.8012,elite_5,0.0,0.0,0.0,,,0.0,0,0,0,True,False,True,missing,0.0,adequate,<=400bps,227.11,1.0,0,0,1.0,0,1.0,0,,False,no_upcoming,0.062296,price_history,,5,0.616,price_history,,-0.485947,,37.4453,0.3407,-0.462867,-0.02308,mid,large,none,drug_developer,morningstar,,,,0,0.8264448931371496079905488132,54.20,41.25000000000000000000000000,77.5,50,74.78260869565217391304347826,65.45652173913043478260869565,73.3133,1.2506,2.0,,2,0.3333,0.0,0,0,0.0,0.4,0.55,infectious_disease,0.7492,highly_crowded,1.0,149,0.013448488095238095,0.435361,-0.1627,56.30,0.990494,2.3453
SGMT,Sagimet Biosciences Inc. - Seri,39,0.21,C,low_opt+no_catalyst_data,C,low_opt+no_catalyst_data,,0.576046,,0,0.131579,1,0.868421,,0,no_upcoming,9,neutral,drawdown_data_missing,S,cost_haircut_<=2000bps,clinical_score:+17.8;catalyst_score:-14.4;momentum_score:-5.6,tier=C;reason=low_opt+no_catalyst_data;cat_days=NA;strength=missing;decay_w=0.0,v1.3.0,31f399e0,1,,0,,"{""burn_ttm"": 33817000.0, ""cash_total"": 116693000.0, ""dilution_risk"": null, ""has_revenue"": null, ""lead_phase"": null, ""runway_months"": 41.40864062453795, ""stage_bucket"": ""mid"", ""surv_score"": ""5.0"", ""tier1_count"": 1}",mid|none|pos,0.013448488095238095,,0.4263,0,1,1.1876,0.9487,1,1,neutral,-0.7482,elite_1,0.0,0.0,0.0,,,0.0,0,0,0,True,False,True,missing,0.0,adequate,<=2000bps,1650.31,0.7,1,0,1.0,0,1.0,0,,False,no_upcoming,,,beta_missing:series_too_short,1,,,series_too_short,,no_price_series,,0.6734,-0.462867,,mid,micro,none,drug_developer,morningstar,,,drawdown,1,0.7519028730703259005145797599,50,41.25000000000000000000000000,52.5,82.81,73.47826086956521739130434782,61.02173913043478260869565218,73.0329,1.2388,2.0,609,4,1.0,0.0063,0,0,0.0,0.4,0.95,oncology,-0.2978,uncrowded,1.0,152,0.013448488095238095,0.423954,-0.1918,45.62,0.88403,1.1954
SABS,"SAB Biotherapeutics, Inc.",40,0.08,C,low_opt+no_catalyst_data,C,low_opt+no_catalyst_data,,0.572243,,0,0.154135,1,0.845865,,0,no_upcoming,9,headwind,deep_drawdown,XS,momentum_headwind|cost_haircut_>2000bps,clinical_score:+16.4;catalyst_score:-14.5;momentum_score:-11.5,tier=C;reason=low_opt+no_catalyst_data;cat_days=NA;strength=missing;decay_w=0.0,v1.3.0,31f399e0,1,,0,,"{""burn_ttm"": 27998784.0, ""cash_total"": 110880633.0, ""dilution_risk"": null, ""has_revenue"": null, ""lead_phase"": null, ""runway_months"": 47.52233511283919, ""stage_bucket"": ""mid"", ""surv_score"": ""5.0"", ""tier1_count"": 1}",mid|none|pos,0.013448488095238095,,0.424,0,1,1.132,0.83,1,1,buying,-0.7482,elite_1,0.0,0.0,0.0,,,0.0,0,0,0,True,False,True,missing,0.0,adequate,>2000bps,2020.0,0.55,1,0,1.0,0,1.0,0,,False,no_upcoming,-0.025193,price_history,,1,0.9409,price_history,,-0.483096,,39.9447,,-0.462867,-0.020229,mid,micro,none,drug_developer,morningstar,,,,0,0.7569082489769545552444540168,44.22,41.25000000000000000000000000,55.5,85.94,72.17391304347826086956521739,65.65217391304347826086956522,71.6451,1.1801,2.0,66,4,1.0,0.5769,1,1,0.0,0.4,0.55,infectious_disease,0.7492,highly_crowded,1.0,151,0.013448488095238095,0.427757,-0.1821,46.59,0.910646,1.3447
ALT,"Altimmune, Inc.",41,0.51,C,low_opt+no_catalyst_data,C,low_opt+no_catalyst_data,,0.275665,,0,0.236842,1,0.763158,,0,no_upcoming,9,neutral,deep_drawdown,M,,catalyst_score:-13.5;clinical_score:+12.4;financial_score:+10.2,tier=C;reason=low_opt+no_catalyst_data;cat_days=NA;strength=missing;decay_w=0.0,v1.3.0,31f399e0,1,,0,,"{""burn_ttm"": 48087000.0, ""cash_total"": 210776000.0, ""dilution_risk"": null, ""has_revenue"": null, ""lead_phase"": null, ""runway_months"": 52.5986649198328, ""stage_bucket"": ""late"", ""surv_score"": ""5.0"", ""tier1_count"": 1}",late|none|pos,0.027091856115107917,,1.1406,0,1,0.9189,0.3751,1,1,selling,-0.7482,elite_1,0.0,0.0,0.0,,,0.0,0,0,0,True,False,True,missing,0.0,adequate,<=1000bps,696.34,0.85,1,0,1.0,0,1.0,0,,False,no_upcoming,0.093343,price_history,,1,1.2492,price_history,,-0.668038,,51.0231,0.8891,-0.462867,-0.205171,late,small,none,drug_developer,morningstar,,,,0,0.8454526724033450490849593989,51.40,41.25000000000000000000000000,49.0,78.88,67.17557251908396946564885496,65.00000000000000000000000000,65.7088,0.929,2.0,786,12,1.0,0.183,0,0,0.0,0.4,0.55,metabolic,0.7492,highly_crowded,1.0,73,0.027091856115107917,0.724335,0.5958,38.83,0.781369,0.7768
GOSS,"Gossamer Bio, Inc.",42,0.7,C,low_opt+no_catalyst_data,C,low_opt+no_catalyst_data,,0.526616,,0,0.25188,1,0.74812,,0,no_upcoming,9,tailwind,,L,sponsor_confirmed|momentum_tailwind|cost_haircut_<=2000bps,smart_money_score:+26.0;financial_score:-21.9;catalyst_score:-15.7,tier=C;reason=low_opt+no_catalyst_data;cat_days=NA;strength=missing;decay_w=0.0,v1.3.0,31f399e0,1,,0,,"{""burn_ttm"": 122952000.0, ""cash_total"": 180224000.0, ""dilution_risk"": null, ""has_revenue"": null, ""lead_phase"": null, ""runway_months"": 17.589693538942026, ""stage_bucket"": ""mid"", ""surv_score"": ""0.0"", ""tier1_count"": 6}",mid|none|pos,0.013448488095238095,,0.4178,0,1,0.8818,0.2958,6,6,buying,1.1886,elite_6,0.0,0.0,0.0,,,0.0,0,0,0,True,False,True,missing,0.0,adequate,<=2000bps,1384.72,0.7,1,0,1.0,0,1.0,0,,False,no_upcoming,0.102715,price_history,,6,1.2211,price_history,,-0.318408,,39.7128,0.8648,-0.462867,0.144459,mid,micro,sev1,drug_developer,morningstar,,,,0,0.7785167669819432502149613070,59.16,41.25000000000000000000000000,83.0,90.00,66.30434782608695652173913043,35.10396975425330812854442345,65.8278,0.934,2.0,121,6,1.0,0.6199,1,1,0.0,0.4,0.5,respiratory,0.7492,highly_crowded,1.0,139,0.013448488095238095,0.473384,-0.0668,30.89,0.617871,0.2999
KALV,"KalVista Pharmaceuticals, Inc.",43,0.85,C,low_opt+no_catalyst_data,C,low_opt+no_catalyst_data,,0.541825,,0,0.274436,1,0.725564,,0,no_upcoming,9,neutral,deep_drawdown,L,sponsor_confirmed,clinical_score:+14.7;financial_score:-10.5;catalyst_score:-8.4,tier=C;reason=low_opt+no_catalyst_data;cat_days=NA;strength=missing;decay_w=0.0,v1.3.0,31f399e0,1,,0,,"{""burn_ttm"": 126985000.0, ""cash_total"": 243497000.0, ""dilution_risk"": null, ""has_revenue"": null, ""lead_phase"": null, ""runway_months"": 23.010308304130408, ""stage_bucket"": ""mid"", ""surv_score"": ""1.0"", ""tier1_count"": 2}",mid|none|pos,0.013448488095238095,,0.4122,0,1,0.7983,0.1178,2,2,selling,-0.3608,elite_2,0.0,0.0,0.0,,,0.0,0,0,0,True,False,True,missing,0.0,adequate,<=1000bps,753.69,0.85,1,0,1.0,0,1.0,0,,False,no_upcoming,-0.005604,price_history,,2,0.9941,price_history,,-0.703547,,50.2312,0.6376,-0.462867,-0.24068,mid,small,sev1,drug_developer,morningstar,,,,0,0.8376976792784865816102067752,48.85,41.25000000000000000000000000,54.5,60.94,64.34782608695652173913043478,39.17097248477210670027305188,62.8786,0.8093,2.0,269,4,1.0,0.1063,0,0,0.0,0.4,0.55,ophthalmology,0.7492,crowded,1.0,143,0.013448488095238095,0.458175,-0.105,37.25,0.762357,0.7139
SLN,Silence Therapeutics Plc - Amer,44,0.33,C,low_opt+no_catalyst_data,C,low_opt+no_catalyst_data,,0.975285,,0,0.093985,1,0.906015,,0,no_upcoming,9,tailwind,,M,momentum_tailwind|cost_haircut_>2000bps,clinical_score:+19.6;catalyst_score:-14.8;smart_money_score:-6.5,tier=C;reason=low_opt+no_catalyst_data;cat_days=NA;strength=missing;decay_w=0.0,v1.3.0,31f399e0,1,,0,,"{""burn_ttm"": 44984000.0, ""cash_total"": 102192000.0, ""dilution_risk"": null, ""has_revenue"": null, ""lead_phase"": null, ""runway_months"": 27.26089276187089, ""stage_bucket"": ""early"", ""surv_score"": ""4.0"", ""tier1_count"": 1}",early|none|pos,-0.1,,-0.0674,0,1,1.2808,1.1475,1,1,selling,-0.7482,elite_1,0.0,0.0,0.0,,,0.0,0,0,0,True,False,True,missing,0.0,adequate,>2000bps,2020.0,0.55,1,0,1.0,0,1.0,0,,False,no_upcoming,-0.063197,price_history,,1,-0.1271,price_history,,-0.259259,,46.8611,0.6409,-0.462867,0.203608,early,micro,none,drug_developer,morningstar,,,,0,0.7416032953105196451204055767,60.00,41.25000000000000000000000000,49.5,87.50,75.66265060240963855421686747,53.79518072289156626506024096,74.8934,1.3175,1.0,477,5,1.0,0.0069,0,0,0.0,0.4,0.85,oncology,0.7492,highly_crowded,1.0,257,-0.1,0.024715,-1.9649,46.51,0.906844,1.3216
PTGX,"Protagonist Therapeutics, Inc.",45,1.0,C,mod_opt+no_catalyst_data,C,mod_opt+no_catalyst_data,,0.161597,,0,0.597744,1,0.402256,,0,no_upcoming,9,neutral,deep_drawdown,L,sponsor_confirmed,smart_money_score:+21.9;financial_score:-8.8;catalyst_score:-8.4,tier=C;reason=mod_opt+no_catalyst_data;cat_days=NA;strength=missing;decay_w=0.0,v1.3.0,31f399e0,1,,0,,"{""burn_ttm"": 0.0, ""cash_total"": 567364000.0, ""dilution_risk"": null, ""has_revenue"": null, ""lead_phase"": null, ""runway_months"": null, ""stage_bucket"": ""late"", ""surv_score"": ""5.0"", ""tier1_count"": 5}",late|none|nonpos,0.07721950850661626,,0.8894,0,1,-0.1745,-1.9587,5,5,buying,0.8012,elite_5,0.0,0.0,0.0,,,0.0,0,0,0,True,False,True,missing,0.0,adequate,<=400bps,371.54,1.0,0,0,1.0,0,1.0,0,,False,no_upcoming,0.178403,price_history,,5,0.9519,price_history,,-0.410545,,40.5718,0.6429,-0.462867,0.052322,late,mid,none,drug_developer,morningstar,,,,0,0.8717642956764295676429567643,53.05,41.25000000000000000000000000,71.5,15.54,41.53144403654280701072846052,40.80332409972299168975069252,42.1361,-0.0681,3.0,1117,9,1.0,1.2299,2,1,0.0,0.4,0.6,autoimmune,-0.2978,uncrowded,1.0,43,0.07721950850661626,0.838403,0.9879,33.57,0.6673,0.4325
KYMR,"Kymera Therapeutics, Inc.",46,0.6,C,low_opt+no_catalyst_data,C,low_opt+no_catalyst_data,,0.929658,,0,0.12406,1,0.87594,,0,no_upcoming,9,headwind,deep_drawdown,M,sponsor_confirmed|momentum_headwind,financial_score:-31.6;clinical_score:+24.2;smart_money_score:+21.0,tier=C;reason=low_opt+no_catalyst_data;cat_days=NA;strength=missing;decay_w=0.0,v1.3.0,31f399e0,1,,0,,"{""burn_ttm"": 232891000.0, ""cash_total"": 357011000.0, ""dilution_risk"": null, ""has_revenue"": null, ""lead_phase"": null, ""runway_months"": 18.39543820929104, ""stage_bucket"": ""early"", ""surv_score"": ""3.0"", ""tier1_count"": 5}",early|none|pos,-0.1,,-1.1794,262,1,1.2191,1.0159,5,5,buying,0.8012,elite_5,0.0,0.0,0.0,,,0.0,0,0,0,True,False,True,missing,0.0,adequate,<=400bps,334.94,1.0,0,0,1.0,0,1.0,0,,False,no_upcoming,0.00881,price_history,,5,1.199,price_history,,-0.458833,,39.3482,0.8541,-0.462867,0.004034,early,mid,none,drug_developer,morningstar,,,,0,0.7549364990107258148495261897,45.30,41.25000000000000000000000000,71.0,50,74.21686746987951807228915663,18.45083143820260963532846244,72.7574,1.2271,1.0,262,2,0.0,0.0282,0,0,0.0,0.4,0.5,dermatology,0.3304,moderate,1.0,245,-0.1,0.070342,-1.4732,43.64,0.861217,1.0858
BCYC,Bicycle Therapeutics plc,47,0.55,C,low_opt+no_catalyst_data,C,low_opt+no_catalyst_data,,0.880228,,0,0.071429,1,0.928571,,0,no_upcoming,9,tailwind,,L,sponsor_confirmed|momentum_tailwind|cost_haircut_>2000bps,catalyst_score:-18.1;clinical_score:+17.0;momentum_score:+17.0,tier=C;reason=low_opt+no_catalyst_data;cat_days=NA;strength=missing;decay_w=0.0,v1.3.0,31f399e0,1,,0,,"{""burn_ttm"": 230329000.0, ""cash_total"": 648325000.0, ""dilution_risk"": null, ""has_revenue"": null, ""lead_phase"": null, ""runway_months"": 33.777335897781, ""stage_bucket"": ""early"", ""surv_score"": ""5.0"", ""tier1_count"": 2}",early|none|pos,-0.1,,-1.239,658,1,1.3116,1.2133,2,2,neutral,-0.3608,elite_2,0.0,0.0,0.0,,,0.0,0,0,0,True,False,True,missing,0.0,adequate,>2000bps,2020.0,0.55,1,0,1.0,0,1.0,0,,False,no_upcoming,0.031708,price_history,,2,0.5532,price_history,,-0.201341,,44.8266,0.6162,-0.462867,0.261526,early,small,none,drug_developer,morningstar,,,,0,0.7744054143418061582971688365,76.36,41.25000000000000000000000000,57.5,50,76.38554216867469879518072289,45.20818115412710007304601899,75.3355,1.3361,1.0,658,1,0.0,0.001,0,0,0.0,0.3,0.85,oncology,0.7492,highly_crowded,1.0,232,-0.1,0.119772,-1.1761,50.59,0.971483,1.903
FHTX,Foghorn Therapeutics Inc.,48,0.33,C,mod_opt+no_catalyst_data,C,mod_opt+no_catalyst_data,,0.674905,,0,0.590226,1,0.409774,,0,no_upcoming,9,tailwind,,M,momentum_tailwind|cost_haircut_>2000bps,momentum_score:+36.7;financial_score:-32.4;smart_money_score:+5.7,tier=C;reason=mod_opt+no_catalyst_data;cat_days=NA;strength=missing;decay_w=0.0,v1.3.0,31f399e0,1,,0,,"{""burn_ttm"": 63828000.0, ""cash_total"": 89334000.0, ""dilution_risk"": null, ""has_revenue"": null, ""lead_phase"": null, ""runway_months"": 16.795262267343485, ""stage_bucket"": ""early"", ""surv_score"": ""2.0"", ""tier1_count"": 1}",early|none|nonpos,-0.00746955223880597,,-1.3548,668,1,-0.1441,-1.8939,1,1,neutral,-0.7482,elite_1,0.0,0.0,0.0,,,0.0,0,0,0,True,False,True,missing,0.0,adequate,>2000bps,2036.0,0.55,1,0,1.0,0,1.0,0,,False,no_upcoming,0.475886,price_history,,1,1.109,price_history,,-0.327503,,44.2577,0.9327,-0.462867,0.135364,early,small,sev1,drug_developer,morningstar,,,,0,0.7277960154655783481903125336,83.44,41.25000000000000000000000000,52.5,62.50,42.24335091369494040418702924,14.41059978897816735654573492,41.1934,-0.1079,1.0,668,3,0.6667,0.0019,0,0,0.0,0.3,0.85,oncology,0.7492,highly_crowded,1.0,178,-0.00746955223880597,0.325095,-0.4535,17.00,0.31749,-0.4747
LRMR,"Larimar Therapeutics, Inc.",49,0.85,C,low_opt+no_catalyst_data,C,low_opt+no_catalyst_data,,0.941065,,0,0.139098,1,0.860902,,0,no_upcoming,9,tailwind,deep_drawdown,L,sponsor_confirmed|momentum_tailwind|runway_short,financial_score:-44.2;clinical_score:+23.9;smart_money_score:+22.3,tier=C;reason=low_opt+no_catalyst_data;cat_days=NA;strength=missing;decay_w=0.0,v1.3.0,31f399e0,1,,0,,"{""burn_ttm"": 45921000.0, ""cash_total"": 90140000.0, ""dilution_risk"": null, ""has_revenue"": null, ""lead_phase"": null, ""runway_months"": 23.55523616645979, ""stage_bucket"": ""early"", ""surv_score"": ""4.0"", ""tier1_count"": 5}",early|none|pos,-0.1,,-0.0715,0,1,1.1729,0.9173,5,5,buying,0.8012,elite_5,0.0,0.0,0.0,,,0.0,0,0,0,True,False,True,missing,0.0,short,<=1000bps,704.31,0.85,1,0,1.0,0,1.0,0,,False,no_upcoming,0.07135,price_history,,5,1.1159,price_history,,-0.515,,51.04,0.7621,-0.462867,-0.052133,early,small,sev2,drug_developer,morningstar,,,,0,0.7652535105584735770179011684,55.25,41.25000000000000000000000000,71.5,47.50,73.13253012048192771084337350,5,72.0133,1.1956,1.0,,2,0.0,0.0,0,0,0.0,0.4,0.5,other,-2.1823,uncrowded,1.0,248,-0.1,0.058935,-1.5638,18.49,0.378327,-0.3099
CTNM,"Contineum Therapeutics, Inc.",50,0.42,C,low_opt+no_catalyst_data,C,low_opt+no_catalyst_data,,0.89924,,0,0.161654,1,0.838346,,0,no_upcoming,9,neutral,drawdown_data_missing,M,sponsor_confirmed|cost_haircut_<=2000bps,smart_money_score:+20.4;catalyst_score:-18.3;clinical_score:+12.5,tier=C;reason=low_opt+no_catalyst_data;cat_days=NA;strength=missing;decay_w=0.0,v1.3.0,31f399e0,1,,0,,"{""burn_ttm"": 42270000.0, ""cash_total"": 182407000.0, ""dilution_risk"": null, ""has_revenue"": null, ""lead_phase"": null, ""runway_months"": 51.783392476934, ""stage_bucket"": ""early"", ""surv_score"": ""5.0"", ""tier1_count"": 7}",early|none|pos,-0.1,,-0.0721,0,1,1.1267,0.8186,7,7,buying,1.576,elite_7,0.0,0.0,0.0,,,0.0,0,0,0,True,False,True,missing,0.0,adequate,<=2000bps,1652.63,0.7,1,0,1.0,0,1.0,0,,False,no_upcoming,,,beta_missing:series_too_short,7,,,series_too_short,,no_price_series,,0.783,-0.462867,,early,small,none,drug_developer,morningstar,,,drawdown,1,0.7203131680205215904232578025,50,41.25000000000000000000000000,80.0,42.50,72.04819277108433734939759036,54.45945945945945945945945946,70.9028,1.1487,1.0,,2,0.3333,0.0,0,0,0.0,0.4,0.6,autoimmune,-0.2978,uncrowded,1.0,237,-0.1,0.10076,-1.2772,46.06,0.895437,1.256
CHRS,"Coherus Oncology, Inc.",51,0.21,C,mod_opt+no_catalyst_data,C,mod_opt+no_catalyst_data,,0.06654,,0,0.537594,1,0.462406,,0,no_upcoming,9,neutral,deep_drawdown,S,cost_haircut_<=2000bps,financial_score:+15.1;catalyst_score:-11.8;clinical_score:-5.3,tier=C;reason=mod_opt+no_catalyst_data;cat_days=NA;strength=missing;decay_w=0.0,v1.3.0,31f399e0,1,,0,,"{""burn_ttm"": 118797000.0, ""cash_total"": 191663000.0, ""dilution_risk"": null, ""has_revenue"": null, ""lead_phase"": null, ""runway_months"": 18.31919011700611, ""stage_bucket"": ""late"", ""surv_score"": ""2.0"", ""tier1_count"": 1}",late|none|nonpos,0.07721950850661626,,0.8953,0,1,0.0896,-1.395,1,1,buying,-0.7482,elite_1,0.0,0.0,0.0,,,0.0,0,0,0,True,False,True,missing,0.0,adequate,<=2000bps,1725.6,0.7,1,0,1.0,0,1.0,0,,False,no_upcoming,-0.093405,price_history,,1,0.6849,price_history,,-0.381381,,31.4244,0.9928,-0.462867,0.081486,late,micro,none,drug_developer,morningstar,,,,0,0.7801537950874087187430847533,52.49,41.25000000000000000000000000,55.5,87.50,47.72611023703617375314828843,68.09160305343511450381679389,47.0,0.1377,3.0,,9,1.0,0.0302,0,0,0.0,0.3,0.95,oncology,-0.2978,uncrowded,1.0,18,0.07721950850661626,0.93346,1.5021,27.23,0.576046,0.1918
MLYS,"Mineralys Therapeutics, Inc.",52,0.85,C,mod_opt+no_catalyst_data,C,mod_opt+no_catalyst_data,,0.838403,,0,0.492481,1,0.507519,,0,no_upcoming,9,neutral,drawdown_data_missing,L,sponsor_confirmed,smart_money_score:+28.9;financial_score:-18.0;catalyst_score:-9.9,tier=C;reason=mod_opt+no_catalyst_data;cat_days=NA;strength=missing;decay_w=0.0,v1.3.0,31f399e0,1,,0,,"{""burn_ttm"": 104528000.0, ""cash_total"": 217597000.0, ""dilution_risk"": null, ""has_revenue"": null, ""lead_phase"": null, ""runway_months"": 24.9805219654064, ""stage_bucket"": ""mid"", ""surv_score"": ""5.0"", ""tier1_count"": 7}",mid|none|nonpos,-0.01560273913043478,,-0.6684,219,1,0.2422,-1.0693,7,7,buying,1.576,elite_7,0.0,0.0,0.0,,,0.0,0,0,0,True,False,True,missing,0.0,adequate,<=1000bps,521.81,0.85,1,0,1.0,0,1.0,0,,False,no_upcoming,,,beta_missing:series_too_short,7,,,series_too_short,,no_price_series,,0.6287,-0.462867,,mid,mid,none,drug_developer,morningstar,,,drawdown,1,0.7444887439511887229118451504,50,41.25000000000000000000000000,80.0,50,51.30434782608695652173913043,33.11599453896240285654274312,50.5351,0.2872,2.0,219,1,0.0,0.1612,0,0,0.0,0.4,0.85,cardiovascular,0.7492,highly_crowded,1.0,221,-0.01560273913043478,0.161597,-0.9879,33.75,0.68251,0.4747
VYGR,"Voyager Therapeutics, Inc.",53,0.55,C,low_opt,C,low_opt,,0.001901,,0,0.169173,1,0.830827,1064,0,specific_days,9,tailwind,deep_drawdown,L,catalyst_far_lift|momentum_tailwind|cost_haircut_>2000bps,clinical_score:+16.1;catalyst_score:-9.6;smart_money_score:-5.7,tier=C;reason=low_opt;cat_days=1064;strength=far;decay_w=0.3,v1.3.0,31f399e0,1,,0,,"{""burn_ttm"": 102204000.0, ""cash_total"": 208930000.0, ""dilution_risk"": null, ""has_revenue"": null, ""lead_phase"": null, ""runway_months"": 24.530938123752495, ""stage_bucket"": ""early"", ""surv_score"": ""5.0"", ""tier1_count"": 1}",early|far_271_540|pos,0.08305363636363637,,-0.08,0,1,1.0958,0.7528,1,1,selling,-0.7482,elite_1,0.0,0.0,0.0,,,0.0,0,0,0,True,False,True,far,0.3,adequate,>2000bps,2020.0,0.55,1,0,1.0,0,1.0,0,1064,False,specific_days,0.000997,price_history,,1,0.9363,price_history,,-0.6425,,48.8162,0.56,-0.462867,-0.179633,early,micro,none,drug_developer,morningstar,,,,0,0.7984789029535864978902953586,57.60,45.56250000000000000000000000,49.5,82.50,71.32530120481927710843373494,51.95180722891566265060240964,69.856,1.1044,1.0,1003,5,1.0,0.0001,0,0,0.0,0.4,0.6,cns,0.7492,highly_crowded,1.0,1,0.08305363636363637,0.998099,2.8941,49.42,0.948669,1.6321
NUVL,"Nuvalent, Inc.",54,0.51,C,mod_opt+no_catalyst_data,C,mod_opt+no_catalyst_data,,0.720532,,0,0.484962,1,0.515038,,0,no_upcoming,9,headwind,deep_drawdown,M,sponsor_confirmed|momentum_headwind,smart_money_score:+21.9;momentum_score:-15.3;catalyst_score:-10.8,tier=C;reason=mod_opt+no_catalyst_data;cat_days=NA;strength=missing;decay_w=0.0,v1.3.0,31f399e0,1,,0,,"{""burn_ttm"": 275209000.0, ""cash_total"": 1371952000.0, ""dilution_risk"": null, ""has_revenue"": null, ""lead_phase"": null, ""runway_months"": 59.82153199931688, ""stage_bucket"": ""early"", ""surv_score"": ""5.0"", ""tier1_count"": 5}",early|none|nonpos,-0.00746955223880597,,-1.3362,2160,1,0.2482,-1.0564,5,5,buying,0.8012,elite_5,0.0,0.0,0.0,,,0.0,0,0,0,True,False,True,missing,0.0,adequate,<=1000bps,435.14,0.85,1,0,1.0,0,1.0,0,,False,no_upcoming,-0.251686,price_history,,5,0.9888,price_history,,-0.64824,,40.5018,0.5143,-0.462867,-0.185373,early,mid,none,drug_developer,morningstar,,,,0,0.7963750312109862671660424469,36.77,41.25000000000000000000000000,74.0,50,51.44578313253012048192771084,56.86746987951807228915662650,50.3958,0.2813,1.0,2160,1,0.0,0.0,0,0,0.0,0.3,0.85,oncology,0.7492,highly_crowded,1.0,190,-0.00746955223880597,0.279468,-0.5844,41.64,0.842205,1.0036
ARTV,"Artiva Biotherapeutics, Inc.",55,0.42,C,mod_opt+no_catalyst_data,C,mod_opt+no_catalyst_data,,0.621673,,0,0.530075,1,0.469925,,0,no_upcoming,9,neutral,drawdown_data_missing,M,sponsor_confirmed|cost_haircut_<=2000bps,financial_score:-14.4;smart_money_score:+13.8;catalyst_score:-4.9,tier=C;reason=mod_opt+no_catalyst_data;cat_days=NA;strength=missing;decay_w=0.0,v1.3.0,31f399e0,1,,0,,"{""burn_ttm"": 62025000.0, ""cash_total"": 122968000.0, ""dilution_risk"": null, ""has_revenue"": null, ""lead_phase"": null, ""runway_months"": 23.790665054413545, ""stage_bucket"": ""early"", ""surv_score"": ""4.0"", ""tier1_count"": 2}",early|none|nonpos,-0.00746955223880597,,-1.3406,943,1,0.0947,-1.3841,2,2,neutral,-0.3608,elite_2,0.0,0.0,0.0,,,0.0,0,0,0,True,False,True,missing,0.0,adequate,<=2000bps,1301.68,0.7,1,0,1.0,0,1.0,0,,False,no_upcoming,,,beta_missing:series_too_short,2,,,series_too_short,,no_price_series,,,-0.462867,,early,micro,sev1,drug_developer,morningstar,,,drawdown,1,0.7182348128451626099406831663,50,41.25000000000000000000000000,60.0,50,47.84584119610974016548120192,31.72131094659763552200770955,46.7958,0.129,1.0,943,1,0.0,0.0001,0,0,0.0,0.3,0.85,oncology,0.7492,highly_crowded,1.0,164,-0.00746955223880597,0.378327,-0.3099,20.85,0.442966,-0.1435
ACLX,"Arcellx, Inc.",56,1.0,C,mod_opt+no_catalyst_data,C,mod_opt+no_catalyst_data,,0.614068,,0,0.5,1,0.5,,0,no_upcoming,9,neutral,drawdown_data_missing,L,sponsor_confirmed,smart_money_score:+30.7;financial_score:-23.9;catalyst_score:-8.1,tier=C;reason=mod_opt+no_catalyst_data;cat_days=NA;strength=missing;decay_w=0.0,v1.3.0,31f399e0,1,,0,,"{""burn_ttm"": 152083000.0, ""cash_total"": 461383000.0, ""dilution_risk"": null, ""has_revenue"": null, ""lead_phase"": null, ""runway_months"": 36.40509458650868, ""stage_bucket"": ""early"", ""surv_score"": ""5.0"", ""tier1_count"": 7}",early|none|nonpos,-0.00746955223880597,,-1.3384,976,1,0.1866,-1.188,7,7,buying,1.576,elite_7,0.0,0.0,0.0,,,0.0,0,0,0,True,False,True,missing,0.0,adequate,<=400bps,207.9,1.0,0,0,1.0,0,1.0,0,,False,no_upcoming,,,beta_missing:series_too_short,7,,,series_too_short,,no_price_series,,0.5575,-0.462867,,early,mid,none,drug_developer,morningstar,,,drawdown,1,0.7895967331748164995347875530,50,41.25000000000000000000000000,80.0,50,50,25.40070321446428283414783633,48.95,0.2201,1.0,976,1,0.0,0.0001,0,0,0.0,0.3,0.85,oncology,0.7492,highly_crowded,1.0,162,-0.00746955223880597,0.385932,-0.2899,34.74,0.705323,0.5398
LXEO,"Lexeo Therapeutics, Inc.",57,0.21,C,low_opt+no_catalyst_data,C,low_opt+no_catalyst_data,,0.944867,,0,0.184211,1,0.815789,,0,no_upcoming,9,neutral,drawdown_data_missing,S,cost_haircut_<=2000bps,financial_score:-30.1;clinical_score:+23.6;smart_money_score:+8.4,tier=C;reason=low_opt+no_catalyst_data;cat_days=NA;strength=missing;decay_w=0.0,v1.3.0,31f399e0,1,,0,,"{""burn_ttm"": 78482000.0, ""cash_total"": 111914000.0, ""dilution_risk"": null, ""has_revenue"": null, ""lead_phase"": null, ""runway_months"": 17.111796335465456, ""stage_bucket"": ""early"", ""surv_score"": ""2.0"", ""tier1_count"": 1}",early|none|pos,-0.1,,-1.2547,1011,1,1.0496,0.6541,1,1,neutral,-0.7482,elite_1,0.0,0.0,0.0,,,0.0,0,0,0,True,False,True,missing,0.0,adequate,<=2000bps,1098.2,0.7,1,0,1.0,0,1.0,0,,False,no_upcoming,,,beta_missing:series_too_short,1,,,series_too_short,,no_price_series,,0.8592,-0.462867,,early,small,sev1,drug_developer,morningstar,,,drawdown,1,0.7159460572369775581634753963,50,41.25000000000000000000000000,55.0,50,70.24096385542168674698795181,16.49817384952520087655222791,68.491,1.0467,1.0,1011,1,0.0,0.0001,0,0,0.0,0.3,0.6,cns,0.7492,highly_crowded,1.0,249,-0.1,0.055133,-1.597,27.51,0.58365,0.2112
LBRX,LB Pharmaceuticals Inc,58,0.21,C,low_opt+no_catalyst_data,C,low_opt+no_catalyst_data,,0.93346,,0,0.206767,1,0.793233,,0,no_upcoming,9,neutral,drawdown_data_missing,S,cost_haircut_<=2000bps,catalyst_score:-15.6;clinical_score:+12.3;financial_score:+10.0,tier=C;reason=low_opt+no_catalyst_data;cat_days=NA;strength=missing;decay_w=0.0,v1.3.0,31f399e0,1,,0,,"{""burn_ttm"": 17105000.0, ""cash_total"": 314479000.0, ""dilution_risk"": null, ""has_revenue"": null, ""lead_phase"": null, ""runway_months"": 220.6225080385852, ""stage_bucket"": ""early"", ""surv_score"": ""4.0"", ""tier1_count"": 0}",early|none|pos,-0.1,,-0.0845,0,1,1.0034,0.5554,0,0,neutral,-1.1356,,0.0,0.0,0.0,,,0.0,0,0,0,True,False,True,missing,0.0,adequate,<=2000bps,1164.84,0.7,1,0,1.0,0,1.0,0,,False,no_upcoming,,,beta_missing:series_too_short,0,,,series_too_short,,no_price_series,,,-0.462867,,early,small,none,drug_developer,morningstar,,,drawdown,1,0.7506446301454658000619003405,50,41.25000000000000000000000000,,50,69.15662650602409638554216868,66.86486486486486486486486487,67.4066,1.0008,1.0,,1,0.0,0.0,0,0,0.0,0.3,0.6,cns,0.7492,highly_crowded,1.0,246,-0.1,0.06654,-1.5021,51.54,0.979087,2.0353
CCCC,"C4 Therapeutics, Inc.",59,0.1,C,mod_opt+no_catalyst_data,C,mod_opt+no_catalyst_data,,0.648289,,0,0.477444,1,0.522556,,0,no_upcoming,9,headwind,deep_drawdown,XS,sponsor_confirmed|momentum_headwind|runway_short|cost_haircut_<=2000bps,financial_score:-32.7;smart_money_score:+24.5;clinical_score:+9.5,tier=C;reason=mod_opt+no_catalyst_data;cat_days=NA;strength=missing;decay_w=0.0,v1.3.0,31f399e0,1,,0,,"{""burn_ttm"": 98694000.0, ""cash_total"": 74603000.0, ""dilution_risk"": null, ""has_revenue"": null, ""lead_phase"": null, ""runway_months"": 9.070824974162564, ""stage_bucket"": ""early"", ""surv_score"": ""0.0"", ""tier1_count"": 3}",early|none|nonpos,-0.00746955223880597,,-1.3362,1430,1,0.2482,-1.0564,3,3,buying,0.0265,elite_3,0.0,0.0,0.0,,,0.0,0,0,0,True,False,True,missing,0.0,short,<=2000bps,1461.59,0.7,1,0,1.0,0,1.0,0,,False,no_upcoming,-0.091827,price_history,,3,1.2744,price_history,,-0.516238,,40.8443,0.7106,-0.462867,-0.053371,early,micro,sev2,drug_developer,morningstar,,,,0,0.7136811266447368421052631579,41.43,41.25000000000000000000000000,66.5,50,51.44578313253012048192771084,9.314849760487734068805341849,50.3958,0.2813,1.0,1430,1,0.0,0.0,0,0,0.0,0.3,0.85,oncology,0.7492,highly_crowded,1.0,171,-0.00746955223880597,0.351711,-0.3807,12.97,0.142586,-1.0688
AURA,"Aura Biosciences, Inc.",60,0.33,C,mod_opt+no_catalyst_data,C,mod_opt+no_catalyst_data,,0.804183,,0,0.56015,1,0.43985,,0,no_upcoming,9,tailwind,drawdown_data_missing,M,sponsor_confirmed|momentum_tailwind|runway_short|cost_haircut_>2000bps,financial_score:-30.2;momentum_score:+22.5;smart_money_score:+8.5,tier=C;reason=mod_opt+no_catalyst_data;cat_days=NA;strength=missing;decay_w=0.0,v1.3.0,31f399e0,1,,0,,"{""burn_ttm"": 64273000.0, ""cash_total"": 47553000.0, ""dilution_risk"": null, ""has_revenue"": null, ""lead_phase"": null, ""runway_months"": 8.878315933595756, ""stage_bucket"": ""mid"", ""surv_score"": ""-2.0"", ""tier1_count"": 2}",mid|none|nonpos,-0.01560273913043478,,-0.7805,812,1,-0.0323,-1.6552,2,2,selling,-0.3608,elite_2,0.0,0.0,0.0,,,0.0,0,0,0,True,False,True,missing,0.0,short,>2000bps,2020.0,0.55,1,0,1.0,0,1.0,0,,False,no_upcoming,0.100352,price_history,,2,0.253,price_history,,,series_too_short,54.225,0.5411,-0.462867,,mid,small,sev2,drug_developer,morningstar,,,drawdown,1,0.7895208979861340376361835589,66.02,41.25000000000000000000000000,52.0,57.81,44.86662465868515017853392144,13.25141776937618147448015123,43.1166,-0.0266,2.0,812,3,0.6667,0.0012,0,0,0.0,0.3,0.55,ophthalmology,0.7492,highly_crowded,1.0,212,-0.01560273913043478,0.195817,-0.8567,11.64,0.112167,-1.2151
TCRX,"TScan Therapeutics, Inc.",61,0.16,C,mod_opt+no_catalyst_data,C,mod_opt+no_catalyst_data,,0.773764,,0,0.469925,1,0.530075,,0,no_upcoming,9,headwind,deep_drawdown,S,sponsor_confirmed|momentum_headwind|cost_haircut_>2000bps,financial_score:-20.7;smart_money_score:+17.0;clinical_score:+8.5,tier=C;reason=mod_opt+no_catalyst_data;cat_days=NA;strength=missing;decay_w=0.0,v1.3.0,31f399e0,1,,0,,"{""burn_ttm"": 103317000.0, ""cash_total"": 184453000.0, ""dilution_risk"": null, ""has_revenue"": null, ""lead_phase"": null, ""runway_months"": 21.003529947620134, ""stage_bucket"": ""early"", ""surv_score"": ""3.0"", ""tier1_count"": 2}",early|none|nonpos,-0.00746955223880597,,-1.4383,,0,0.2945,-0.9578,2,2,buying,-0.3608,elite_2,0.0,0.0,0.0,,,0.0,0,0,0,True,False,True,missing,0.0,adequate,>2000bps,2036.0,0.55,1,0,1.0,0,1.0,0,,False,no_upcoming,-0.346104,price_history,,2,0.2866,price_history,,-0.641691,,46.998,,-0.462867,-0.178824,early,micro,sev1,drug_developer,morningstar,,,,0,0.7031269922879177377892030848,42.01,41.25000000000000000000000000,61.0,50,52.53012048192771084337349398,23.36841341268689214690085644,50.7801,0.2975,0.0,,2,0.0,0.0,0,0,0.0,0.0,0.55,infectious_disease,0.7492,highly_crowded,1.0,204,-0.00746955223880597,0.226236,-0.7513,27.01,0.564639,0.1627
LCTX,"Lineage Cell Therapeutics, Inc.",62,0.08,C,low_opt+no_catalyst_data,C,low_opt+no_catalyst_data,,0.937262,,0,0.026316,1,0.973684,,0,no_upcoming,9,headwind,deep_drawdown,XS,momentum_headwind|cost_haircut_>2000bps,clinical_score:+32.5;financial_score:-25.9;momentum_score:-3.4,tier=C;reason=low_opt+no_catalyst_data;cat_days=NA;strength=missing;decay_w=0.0,v1.3.0,31f399e0,1,,0,,"{""burn_ttm"": 14041000.0, ""cash_total"": 40486000.0, ""dilution_risk"": null, ""has_revenue"": null, ""lead_phase"": null, ""runway_months"": 34.60095434798091, ""stage_bucket"": ""early"", ""surv_score"": ""2.0"", ""tier1_count"": 0}",early|none|pos,-0.1,,-0.0608,0,1,1.3378,1.2692,0,0,neutral,-1.1356,,0.0,0.0,0.0,,,0.0,0,0,0,True,False,True,missing,0.0,adequate,>2000bps,2020.0,0.55,1,0,1.0,0,1.0,0,,False,no_upcoming,0.029927,price_history,,0,1.3987,price_history,,-0.490323,,36.1943,0.5717,-0.462867,-0.027456,early,small,none,drug_developer,morningstar,,,,0,0.7438271453771920722216457404,41.12,41.25000000000000000000000000,,50,77.000,18.63265968671374076779482184,75.6,1.3473,1.0,,2,0.3333,0.0,0,0,0.0,0.3,0.5,other,-2.3917,uncrowded,1.0,247,-0.1,0.062738,-1.5322,40.99,0.823194,0.9276
MBX,"MBX Biosciences, Inc.",63,0.85,C,low_opt+no_catalyst_data,C,low_opt+no_catalyst_data,,0.948669,,0,0.259398,1,0.740602,,0,no_upcoming,9,neutral,drawdown_data_missing,L,sponsor_confirmed,smart_money_score:+24.0;catalyst_score:-19.8;momentum_score:-11.0,tier=C;reason=low_opt+no_catalyst_data;cat_days=NA;strength=missing;decay_w=0.0,v1.3.0,31f399e0,1,,0,,"{""burn_ttm"": 61648000.0, ""cash_total"": 391673000.0, ""dilution_risk"": null, ""has_revenue"": null, ""lead_phase"": null, ""runway_months"": 76.2405268621853, ""stage_bucket"": ""early"", ""surv_score"": ""5.0"", ""tier1_count"": 8}",early|none|pos,-0.1,,-1.2577,505,1,0.8801,0.2923,8,8,buying,1.9633,elite_8,0.0,0.0,0.0,,,0.0,0,0,0,True,False,True,missing,0.0,adequate,<=1000bps,642.63,0.85,1,0,1.0,0,1.0,0,,False,no_upcoming,,,beta_missing:series_too_short,8,,,series_too_short,,no_price_series,,0.9974,-0.462867,,early,small,none,drug_developer,morningstar,,,drawdown,1,0.7243789841661525807114949620,50,41.25000000000000000000000000,85,50,66.26506024096385542168674699,62.72972972972972972972972973,64.7958,0.8904,1.0,505,1,0.0,0.0037,0,0,0.0,0.4,0.5,other,0.7492,highly_crowded,1.0,250,-0.1,0.051331,-1.6321,43.11,0.857414,1.0688
PYXS,"Pyxis Oncology, Inc.",64,0.33,C,mod_opt+no_catalyst_data,C,mod_opt+no_catalyst_data,,0.750951,,0,0.552632,1,0.447368,,0,no_upcoming,9,tailwind,high_vol|drawdown_data_missing,M,sponsor_confirmed|momentum_tailwind|high_risk|cost_haircut_>2000bps,smart_money_score:+19.6;financial_score:-19.4;momentum_score:+7.2,tier=C;reason=mod_opt+no_catalyst_data;cat_days=NA;strength=missing;decay_w=0.0,v1.3.0,31f399e0,1,,0,,"{""burn_ttm"": 53075000.0, ""cash_total"": 76256000.0, ""dilution_risk"": null, ""has_revenue"": null, ""lead_phase"": null, ""runway_months"": 17.24111163447951, ""stage_bucket"": ""early"", ""surv_score"": ""1.0"", ""tier1_count"": 3}",early|none|nonpos,-0.00746955223880597,,-1.344,607,1,-0.0258,-1.6414,3,3,buying,0.0265,elite_3,0.0,0.0,0.0,,,0.0,0,0,0,True,False,True,missing,0.0,adequate,>2000bps,2020.0,0.55,1,0,1.0,0,1.0,0,,False,no_upcoming,-0.013745,price_history,,3,0.9331,price_history,,,series_too_short,47.4066,1.6279,-0.462867,,early,micro,sev1,drug_developer,morningstar,,,drawdown,1,0.7136316005753030614341483460,54.04,41.25000000000000000000000000,66.5,50,45.01879001951581426106030547,27.47028273737520362574797181,43.9688,0.0094,1.0,607,2,0.3333,0.0016,0,0,0.0,0.3,0.85,oncology,0.7492,highly_crowded,1.0,198,-0.00746955223880597,0.249049,-0.6775,21.75,0.469582,-0.0763
NMRA,"Neumora Therapeutics, Inc.",65,0.1,C,mod_opt+no_catalyst_data,C,mod_opt+no_catalyst_data,,0.842205,,0,0.432331,1,0.567669,,0,no_upcoming,9,neutral,drawdown_data_missing,XS,runway_short|cost_haircut_<=2000bps,financial_score:-26.8;smart_money_score:+11.6;clinical_score:+10.6,tier=C;reason=mod_opt+no_catalyst_data;cat_days=NA;strength=missing;decay_w=0.0,v1.3.0,31f399e0,1,,0,,"{""burn_ttm"": 158485000.0, ""cash_total"": 171525000.0, ""dilution_risk"": null, ""has_revenue"": null, ""lead_phase"": null, ""runway_months"": 11.473010064043915, ""stage_bucket"": ""mid"", ""surv_score"": ""0.0"", ""tier1_count"": 1}",mid|none|nonpos,-0.01560273913043478,,-0.2118,67,1,0.3534,-0.8319,1,1,neutral,-0.7482,elite_1,0.0,0.0,0.0,,,0.0,0,0,0,True,False,True,missing,0.0,short,<=2000bps,1324.22,0.7,1,0,1.0,0,1.0,0,,False,no_upcoming,,,beta_missing:series_too_short,1,,,series_too_short,,no_price_series,,0.9459,-0.462867,,mid,small,sev2,drug_developer,morningstar,,,drawdown,1,0.7044120718462823725981620718,50,41.25000000000000000000000000,55.0,50,53.91304347826086956521739130,16.59000210039907582440663725,53.3785,0.4074,2.0,67,1,0.0,0.5722,1,1,0.0,0.4,0.5,other,0.7492,highly_crowded,1.0,222,-0.01560273913043478,0.157795,-1.0036,15.14,0.218631,-0.7768
STRO,"Sutro Biopharma, Inc.",66,0.1,C,low_opt+no_catalyst_data,C,low_opt+no_catalyst_data,,0.98289,,0,0.266917,1,0.733083,,0,no_upcoming,9,headwind,deep_drawdown,XS,sponsor_confirmed|momentum_headwind|runway_short|cost_haircut_<=2000bps,financial_score:-36.4;smart_money_score:+23.6;clinical_score:+22.6,tier=C;reason=low_opt+no_catalyst_data;cat_days=NA;strength=missing;decay_w=0.0,v1.3.0,31f399e0,1,,0,,"{""burn_ttm"": 150796000.0, ""cash_total"": 167594000.0, ""dilution_risk"": null, ""has_revenue"": null, ""lead_phase"": null, ""runway_months"": 13.336746332793973, ""stage_bucket"": ""early"", ""surv_score"": ""2.0"", ""tier1_count"": 3}",early|none|pos,-0.1,,-1.2711,745,1,0.8493,0.2265,3,3,buying,0.0265,elite_3,0.0,0.0,0.0,,,0.0,0,0,0,True,False,True,missing,0.0,short,<=2000bps,1967.55,0.7,1,0,1.0,0,1.0,0,,False,no_upcoming,-0.336009,price_history,,3,0.6909,price_history,,-0.611212,,37.4494,1.0735,-0.462867,-0.148345,early,small,sev2,drug_developer,morningstar,,,,0,0.7116605760963026655202063629,34.76,41.25000000000000000000000000,66.5,57.50,65.54216867469879518072289157,6.529421313205096988880772665,64.4922,0.8775,1.0,745,3,0.6667,0.0007,0,0,0.0,0.3,0.85,oncology,0.7492,highly_crowded,1.0,259,-0.1,0.01711,-2.1175,14.63,0.195817,-0.8567
NRIX,"Nurix Therapeutics, Inc.",67,0.25,C,mod_opt+no_catalyst_data,C,mod_opt+no_catalyst_data,,0.712928,,0,0.402256,1,0.597744,,0,no_upcoming,9,headwind,deep_drawdown,S,sponsor_confirmed|momentum_headwind|runway_short,financial_score:-33.3;clinical_score:+17.9;smart_money_score:+12.7,tier=C;reason=mod_opt+no_catalyst_data;cat_days=NA;strength=missing;decay_w=0.0,v1.3.0,31f399e0,1,,0,,"{""burn_ttm"": 249465000.0, ""cash_total"": 246960000.0, ""dilution_risk"": null, ""has_revenue"": null, ""lead_phase"": null, ""runway_months"": 11.879502134567975, ""stage_bucket"": ""early"", ""surv_score"": ""0.0"", ""tier1_count"": 4}",early|none|nonpos,-0.00746955223880597,,-1.307,463,1,0.4486,-0.6288,4,4,selling,0.4139,elite_4,0.0,0.0,0.0,,,0.0,0,0,0,True,False,True,missing,0.0,short,<=1000bps,674.93,0.85,1,0,1.0,0,1.0,0,,False,no_upcoming,-0.13627,price_history,,4,1.0571,price_history,,-0.594865,,31.8901,0.7197,-0.462867,-0.131998,early,small,sev2,drug_developer,morningstar,,,,0,0.8178850235344458707744972187,37.92,41.25000000000000000000000000,51.0,17.50,56.14457831325301204819277109,5,55.0946,0.48,1.0,463,4,1.0,0.0053,0,0,0.0,0.3,0.85,oncology,0.7492,highly_crowded,1.0,188,-0.00746955223880597,0.287072,-0.562,16.47,0.279468,-0.5844
FDMT,"4D Molecular Therapeutics, Inc.",68,0.1,C,mod_opt+no_catalyst_data,C,mod_opt+no_catalyst_data,,0.671103,,0,0.447368,1,0.552632,,0,no_upcoming,9,headwind,deep_drawdown,XS,momentum_headwind|cost_haircut_<=2000bps,catalyst_score:-7.1;smart_money_score:+6.7;momentum_score:-6.5,tier=C;reason=mod_opt+no_catalyst_data;cat_days=NA;strength=missing;decay_w=0.0,v1.3.0,31f399e0,1,,0,,"{""burn_ttm"": 137633000.0, ""cash_total"": 305063000.0, ""dilution_risk"": null, ""has_revenue"": null, ""lead_phase"": null, ""runway_months"": 26.597952525920384, ""stage_bucket"": ""early"", ""surv_score"": ""3.0"", ""tier1_count"": 1}",early|none|nonpos,-0.00746955223880597,,-1.3228,1431,1,0.3253,-0.892,1,1,neutral,-0.7482,elite_1,0.0,0.0,0.0,,,0.0,0,0,0,True,False,True,missing,0.0,adequate,<=2000bps,1082.73,0.7,1,0,1.0,0,1.0,0,,False,no_upcoming,-0.030839,price_history,,1,1.1174,price_history,,-0.700019,,40.6901,0.8446,-0.462867,-0.237152,early,small,none,drug_developer,morningstar,,,,0,0.7604633204633204633204633205,41.86,41.25000000000000000000000000,55.0,67.50,53.25301204819277108433734940,50.32432432432432432432432432,51.527,0.3291,1.0,1431,5,1.0,0.0,0,0,0.0,0.3,0.65,rare_disease,0.3304,moderate,1.0,177,-0.00746955223880597,0.328897,-0.443,37.52,0.769962,0.7387
NTLA,"Intellia Therapeutics, Inc.",69,0.13,C,mod_opt+no_catalyst_data,C,mod_opt+no_catalyst_data,,0.71673,,0,0.364662,1,0.635338,,0,no_upcoming,9,headwind,high_vol|deep_drawdown,XS,momentum_headwind|high_risk,financial_score:-20.0;clinical_score:+13.7;smart_money_score:+9.7,tier=C;reason=mod_opt+no_catalyst_data;cat_days=NA;strength=missing;decay_w=0.0,v1.3.0,31f399e0,1,,0,,"{""burn_ttm"": 325451000.0, ""cash_total"": 511044000.0, ""dilution_risk"": null, ""has_revenue"": null, ""lead_phase"": null, ""runway_months"": 18.843168403231207, ""stage_bucket"": ""early"", ""surv_score"": ""3.0"", ""tier1_count"": 1}",early|none|nonpos,-0.00746955223880597,,-1.1306,171,1,0.5719,-0.3656,1,1,neutral,-0.7482,elite_1,0.0,0.0,0.0,,,0.0,0,0,0,True,False,True,missing,0.0,adequate,<=1000bps,404.59,0.85,1,0,1.0,0,1.0,0,,False,no_upcoming,0.17178,price_history,,1,1.568,price_history,,-0.465041,,46.7869,1.2984,-0.462867,-0.002174,early,small,sev1,drug_developer,morningstar,,,,0,0.7160326670964968837309262841,46.04,41.25000000000000000000000000,55.0,58.33,59.03614457831325301204819277,25.31758785812839866893920948,57.9861,0.6023,1.0,171,3,0.6667,0.0605,0,0,0.0,0.3,0.85,oncology,0.7492,highly_crowded,1.0,189,-0.00746955223880597,0.28327,-0.5732,28.87,0.598859,0.2504
BCAX,Bicara Therapeutics Inc.,70,0.42,C,mod_opt+no_catalyst_data,C,mod_opt+no_catalyst_data,,0.629278,,0,0.409774,1,0.590226,,0,no_upcoming,9,neutral,drawdown_data_missing,M,sponsor_confirmed|cost_haircut_<=2000bps,smart_money_score:+15.9;catalyst_score:-14.4;momentum_score:-5.6,tier=C;reason=mod_opt+no_catalyst_data;cat_days=NA;strength=missing;decay_w=0.0,v1.3.0,31f399e0,1,,0,,"{""burn_ttm"": 82948000.0, ""cash_total"": 290167000.0, ""dilution_risk"": null, ""has_revenue"": null, ""lead_phase"": null, ""runway_months"": 41.9781549886676, ""stage_bucket"": ""early"", ""surv_score"": ""5.0"", ""tier1_count"": 4}",early|none|nonpos,-0.00746955223880597,,-1.3169,1795,1,0.4177,-0.6946,4,4,buying,0.4139,elite_4,0.0,0.0,0.0,,,0.0,0,0,0,True,False,True,missing,0.0,adequate,<=2000bps,1066.54,0.7,1,0,1.0,0,1.0,0,,False,no_upcoming,,,beta_missing:series_too_short,4,,,series_too_short,,no_price_series,,0.6287,-0.462867,,early,small,none,drug_developer,morningstar,,,drawdown,1,0.7169584019769357495881383855,50,41.25000000000000000000000000,71.5,50,55.42168674698795180722891566,59.97297297297297297297297297,54.3717,0.4495,1.0,1795,1,0.0,0.0,0,0,0.0,0.3,0.85,oncology,0.7492,highly_crowded,1.0,166,-0.00746955223880597,0.370722,-0.3299,39.69,0.807985,0.8705
QURE,uniQure N.V.,71,0.25,C,mod_opt+no_catalyst_data,C,mod_opt+no_catalyst_data,,0.84981,,0,0.327068,1,0.672932,,0,no_upcoming,9,headwind,high_vol|deep_drawdown,S,sponsor_confirmed|momentum_headwind|high_risk,smart_money_score:+24.1;momentum_score:-18.6;catalyst_score:-17.7,tier=C;reason=mod_opt+no_catalyst_data;cat_days=NA;strength=missing;decay_w=0.0,v1.3.0,31f399e0,1,,0,,"{""burn_ttm"": 100394000.0, ""cash_total"": 597056000.0, ""dilution_risk"": null, ""has_revenue"": null, ""lead_phase"": null, ""runway_months"": 71.36553977329322, ""stage_bucket"": ""mid"", ""surv_score"": ""5.0"", ""tier1_count"": 9}",mid|none|nonpos,-0.01560273913043478,,0.4103,0,1,0.6871,-0.1196,9,9,buying,2.3507,elite_9,0.0,0.0,0.0,,,0.0,0,0,0,True,False,True,missing,0.0,adequate,<=1000bps,501.73,0.85,1,0,1.0,0,1.0,0,,False,no_upcoming,-0.175552,price_history,,9,1.0597,price_history,,-0.534194,,37.6806,1.3016,-0.462867,-0.071327,mid,small,none,drug_developer,morningstar,,,,0,0.7944704975781594011448701013,40.32,41.25000000000000000000000000,83.0,51.56,61.73913043478260869565217391,68.22826086956521739130434782,60.8645,0.7241,2.0,,7,1.0,0.0,0,0,0.0,0.3,0.75,rare_disease,-0.2978,uncrowded,1.0,224,-0.01560273913043478,0.15019,-1.0356,35.45,0.720532,0.5844
DNLI,Denali Therapeutics Inc.,72,0.51,C,low_opt+no_catalyst_data,C,low_opt+no_catalyst_data,,0.903042,,0,0.003759,1,0.996241,,0,no_upcoming,9,headwind,deep_drawdown,M,sponsor_confirmed|momentum_headwind,clinical_score:+19.3;catalyst_score:-16.4;momentum_score:-14.2,tier=C;reason=low_opt+no_catalyst_data;cat_days=NA;strength=missing;decay_w=0.0,v1.3.0,31f399e0,1,,0,,"{""burn_ttm"": 314062000.0, ""cash_total"": 848204000.0, ""dilution_risk"": null, ""has_revenue"": null, ""lead_phase"": null, ""runway_months"": 32.40904025319841, ""stage_bucket"": ""early"", ""surv_score"": ""5.0"", ""tier1_count"": 3}",early|none|pos,-0.1,,-0.0618,0,1,1.3378,1.2692,3,3,buying,0.0265,elite_3,0.0,0.0,0.0,,,0.0,0,0,0,True,False,True,missing,0.0,adequate,<=1000bps,533.31,0.85,1,0,1.0,0,1.0,0,,False,no_upcoming,-0.000866,price_history,,3,1.1713,price_history,,-0.563743,,41.0144,0.5691,-0.462867,-0.100876,early,mid,none,drug_developer,morningstar,,,,0,0.8322260869565217391304347826,43.45,41.25000000000000000000000000,60.5,27.50,77.000,66.08433734939759036144578313,75.8546,1.3581,1.0,318,7,1.0,0.0177,0,0,0.0,0.4,0.6,cns,-0.2978,uncrowded,1.0,238,-0.1,0.096958,-1.2991,59.19,0.998099,2.8941
OABI,"OmniAb, Inc.",73,0.16,C,mod_opt+no_catalyst_data,C,mod_opt+no_catalyst_data,,0.724335,,0,0.379699,1,0.620301,,0,no_upcoming,9,tailwind,drawdown_data_missing,S,momentum_tailwind|runway_short|cost_haircut_>2000bps,financial_score:-37.8;momentum_score:+24.5;clinical_score:+14.8,tier=C;reason=mod_opt+no_catalyst_data;cat_days=NA;strength=missing;decay_w=0.0,v1.3.0,31f399e0,1,,0,,"{""burn_ttm"": 30781000.0, ""cash_total"": 28537000.0, ""dilution_risk"": null, ""has_revenue"": null, ""lead_phase"": null, ""runway_months"": 11.125174620707579, ""stage_bucket"": ""early"", ""surv_score"": ""-1.0"", ""tier1_count"": 0}",early|none|nonpos,-0.00746955223880597,,-1.4178,,0,0.5102,-0.4972,0,0,neutral,-1.1356,,0.0,0.0,0.0,,,0.0,0,0,0,True,False,True,missing,0.0,short,>2000bps,2036.0,0.55,1,0,1.0,0,1.0,0,,False,no_upcoming,-0.00547,price_history,,0,-0.0015,price_history,,,series_too_short,36.9829,0.5798,-0.462867,,early,micro,sev2,drug_developer,morningstar,,,drawdown,1,0.7667000514774014207762792134,67.31,41.25000000000000000000000000,,50,57.59036144578313253012048193,5,56.1904,0.5264,0.0,,1,0.0,0.0,0,0,0.0,0.0,0.5,other,-1.7635,uncrowded,1.0,191,-0.00746955223880597,0.275665,-0.5958,13.57,0.157795,-1.0036
ERAS,"Erasca, Inc.",74,0.3,C,mod_opt+no_catalyst_data,C,mod_opt+no_catalyst_data,,0.663498,,0,0.334586,1,0.665414,,0,no_upcoming,9,headwind,high_vol|deep_drawdown,S,sponsor_confirmed|momentum_headwind|high_risk,smart_money_score:+17.8;financial_score:-14.8;clinical_score:+11.8,tier=C;reason=mod_opt+no_catalyst_data;cat_days=NA;strength=missing;decay_w=0.0,v1.3.0,31f399e0,1,,0,,"{""burn_ttm"": 73744000.0, ""cash_total"": 288400000.0, ""dilution_risk"": null, ""has_revenue"": null, ""lead_phase"": null, ""runway_months"": 46.92991972228249, ""stage_bucket"": ""early"", ""surv_score"": ""3.0"", ""tier1_count"": 3}",early|none|nonpos,-0.00746955223880597,,-1.2818,451,1,0.6335,-0.2341,3,3,buying,0.0265,elite_3,0.0,0.0,0.0,,,0.0,0,0,0,True,False,True,missing,0.0,adequate,<=400bps,374.33,1.0,0,0,1.0,0,1.0,0,,False,no_upcoming,-0.112246,price_history,,3,0.9727,price_history,,-0.513147,,43.3694,1.2457,-0.462867,-0.05028,early,mid,none,drug_developer,morningstar,,,,0,0.7559520697167755991285403050,41.41,41.25000000000000000000000000,66.5,10.00,60.48192771084337349397590361,33.90275963290914662666731183,59.4319,0.6635,1.0,451,3,0.6667,0.0059,0,0,0.0,0.3,0.85,oncology,0.7492,highly_crowded,1.0,175,-0.00746955223880597,0.336502,-0.422,35.76,0.728137,0.6072
AARD,"Aardvark Therapeutics, Inc.",75,0.16,C,mod_opt+no_catalyst_data,C,mod_opt+no_catalyst_data,,0.80038,,0,0.304511,1,0.695489,,0,no_upcoming,9,neutral,drawdown_data_missing,S,cost_haircut_>2000bps,catalyst_score:-13.1;financial_score:+8.9;clinical_score:+8.7,tier=C;reason=mod_opt+no_catalyst_data;cat_days=NA;strength=missing;decay_w=0.0,v1.3.0,31f399e0,1,,0,,"{""burn_ttm"": 37362000.0, ""cash_total"": 126350000.0, ""dilution_risk"": null, ""has_revenue"": null, ""lead_phase"": null, ""runway_months"": 40.581339328729726, ""stage_bucket"": ""mid"", ""surv_score"": ""5.0"", ""tier1_count"": 0}",mid|none|nonpos,-0.01560273913043478,,-0.7116,282,1,0.7427,-0.0009,0,0,neutral,-1.1356,,0.0,0.0,0.0,,,0.0,0,0,0,True,False,True,missing,0.0,adequate,>2000bps,2020.0,0.55,1,0,1.0,0,1.0,0,,False,no_upcoming,,,beta_missing:series_too_short,0,,,series_too_short,,no_price_series,,0.9146,-0.462867,,mid,micro,none,drug_developer,morningstar,,,drawdown,1,0.7271995441359303771239121426,50,41.25000000000000000000000000,,50,63.04347826086956521739130435,63.23913043478260869565217391,61.5742,0.7541,2.0,282,2,0.3333,0.0957,0,0,0.0,0.4,0.55,metabolic,0.7492,highly_crowded,1.0,211,-0.01560273913043478,0.19962,-0.843,39.04,0.792776,0.8161
RNA,"Avidity Biosciences, Inc.",76,0.6,C,low_opt+no_catalyst_data,C,low_opt+no_catalyst_data,,0.971483,,0,0.289474,1,0.710526,,0,no_upcoming,9,neutral,deep_drawdown,M,sponsor_confirmed|runway_short,financial_score:-42.1;smart_money_score:+36.1;clinical_score:+14.5,tier=C;reason=low_opt+no_catalyst_data;cat_days=NA;strength=missing;decay_w=0.0,v1.3.0,31f399e0,1,,0,,"{""burn_ttm"": 650441000.0, ""cash_total"": 382517000.0, ""dilution_risk"": null, ""has_revenue"": null, ""lead_phase"": null, ""runway_months"": 7.0570643609489565, ""stage_bucket"": ""early"", ""surv_score"": ""-2.0"", ""tier1_count"": 11}",early|none|pos,-0.1,,-1.2601,379,1,0.7568,0.0291,11,11,buying,3.1254,elite_11,0.0,0.0,0.0,,,0.0,0,0,0,True,False,True,missing,0.0,short,<=400bps,298.2,1.0,0,0,1.0,0,1.0,0,,False,no_upcoming,0.066881,price_history,,11,1.2541,price_history,,-0.431989,,42.5031,0.7513,-0.462867,0.030878,early,mid,sev2,drug_developer,morningstar,,,,0,0.7806115152774890875077946373,48.01,41.25000000000000000000000000,85,50,63.37349397590361445783132530,6.755842647699230657570039185,62.2542,0.7829,1.0,379,2,0.0,0.0106,0,0,0.0,0.4,0.5,other,-2.3917,uncrowded,1.0,256,-0.1,0.028517,-1.903,19.63,0.404943,-0.2406
EYPT,"EyePoint, Inc.",77,0.51,C,low_opt+no_catalyst_data,C,low_opt+no_catalyst_data,,0.10076,,0,0.296992,1,0.703008,,0,no_upcoming,9,neutral,deep_drawdown,M,sponsor_confirmed|runway_short,financial_score:-40.5;smart_money_score:+25.2;clinical_score:+16.2,tier=C;reason=low_opt+no_catalyst_data;cat_days=NA;strength=missing;decay_w=0.0,v1.3.0,31f399e0,1,,0,,"{""burn_ttm"": 175063000.0, ""cash_total"": 204022000.0, ""dilution_risk"": null, ""has_revenue"": null, ""lead_phase"": null, ""runway_months"": 13.985045383661882, ""stage_bucket"": ""late"", ""surv_score"": ""2.0"", ""tier1_count"": 4}",late|none|nonpos,0.07721950850661626,,0.3442,100,1,0.7431,-0.0,4,4,buying,0.4139,elite_4,0.0,0.0,0.0,,,0.0,0,0,0,True,False,True,missing,0.0,short,<=1000bps,660.09,0.85,1,0,1.0,0,1.0,0,,False,no_upcoming,-0.118632,price_history,,4,0.4459,price_history,,-0.490761,,36.8998,0.7147,-0.462867,-0.027894,late,small,sev2,drug_developer,morningstar,,,,0,0.9,51.55,41.25000000000000000000000000,72.0,54.74,63.05343511450381679389312977,6.345679012345679012345679012,61.594,0.7549,3.0,436,8,1.0,0.1483,0,0,0.0,0.4,0.55,ophthalmology,0.3304,moderate,1.0,27,0.07721950850661626,0.89924,1.2772,15.55,0.23384,-0.7263
VRTX,Vertex Pharmaceuticals Incorporated,78,1.0,C,mod_quality+catalyst_far,,,C,0.503802,0.603846,1,,0,,1004,0,specific_days,9,tailwind,overbought_rsi,L,catalyst_far_lift|sponsor_confirmed|momentum_tailwind,momentum_score:+19.1;catalyst_score:-19.0;clinical_score:+12.5,tier=;reason=;cat_days=1004;strength=far;decay_w=0.3,v1.3.0,31f399e0,1,,0,,"{""burn_ttm"": 0.0, ""cash_total"": 6608100000.0, ""dilution_risk"": null, ""has_revenue"": null, ""lead_phase"": null, ""runway_months"": null, ""stage_bucket"": ""late"", ""surv_score"": ""3.0"", ""tier1_count"": 3}",late|far_271_540|pos,0.02018109677419355,50.019302,1.1504,0,1,1.4513,1.5893,3,3,buying,0.0265,elite_3,0.0,0.0,0.0,,,0.0,0,0,0,True,False,True,far,0.3,adequate,<=400bps,123.8,1.0,0,0,1.0,0,1.0,0,1004,False,specific_days,0.319469,price_history,,3,0.1119,price_history,,0.0,,77.1316,0.2519,-0.462867,0.462867,late,large,none,commercial_biotech,morningstar,,,,0,0.9,83.58,45.56250000000000000000000000,63.0,26.45,77.000,53.43511450381679389312977099,78.1588,1.4556,3.0,123,66,1.0,2.9267,1,5,0.0,0.9,0.95,oncology,0.7492,highly_crowded,1.0,133,0.02018109677419355,0.496198,-0.0095,50.31,0.956274,1.709
VNDA,Vanda Pharmaceuticals Inc.,79,0.51,C,mod_quality+no_catalyst_data,,,C,0.480989,0.611538,1,,0,,,0,no_upcoming,9,tailwind,,M,momentum_tailwind|runway_short,financial_score:-34.3;clinical_score:+27.7;momentum_score:+11.3,tier=;reason=;cat_days=NA;strength=missing;decay_w=0.0,v1.3.0,31f399e0,1,,0,,"{""burn_ttm"": 109442000.0, ""cash_total"": 84851000.0, ""dilution_risk"": null, ""has_revenue"": null, ""lead_phase"": null, ""runway_months"": 9.303667696131285, ""stage_bucket"": ""late"", ""surv_score"": ""-3.0"", ""tier1_count"": 1}",late|none|pos,0.027091856115107917,50.342222,1.1504,0,1,1.4513,1.5893,1,1,neutral,-0.7482,elite_1,0.0,0.0,0.0,,,0.0,0,0,0,True,False,True,missing,0.0,short,<=1000bps,634.63,0.85,1,0,1.0,0,1.0,0,,False,no_upcoming,-0.077348,price_history,,1,0.6771,price_history,,-0.295212,,49.2713,1.0382,-0.462867,0.167655,late,small,sev2,commercial_biotech,morningstar,,,,0,0.8782537849566055930568948891,60.60,41.25000000000000000000000000,52.5,90.00,77.000,14.93827160493827160493827160,77.0395,1.4082,3.0,211,33,1.0,1.7909,1,2,0.0,0.4,0.6,cns,0.7492,highly_crowded,1.0,127,0.027091856115107917,0.519011,0.0477,15.70,0.245247,-0.6895
INDV,Indivior PLC,80,1.0,C,low_quality+no_catalyst_data,,,C,0.370722,0.473077,1,,0,,,0,no_upcoming,9,tailwind,,L,momentum_tailwind,catalyst_score:-18.7;clinical_score:+17.1;momentum_score:+7.9,tier=;reason=;cat_days=NA;strength=missing;decay_w=0.0,v1.3.0,31f399e0,1,,0,,"{""burn_ttm"": 0.0, ""cash_total"": 445000000.0, ""dilution_risk"": null, ""has_revenue"": null, ""lead_phase"": null, ""runway_months"": null, ""stage_bucket"": ""late"", ""surv_score"": ""3.0"", ""tier1_count"": 1}",late|none|pos,0.027091856115107917,46.474684,1.1504,0,1,1.2538,1.6269,1,1,neutral,-0.7482,elite_1,0.0,0.0,0.0,,,0.0,0,0,0,True,False,True,missing,0.0,adequate,<=400bps,364.37,1.0,0,0,1.0,0,1.0,0,,False,no_upcoming,-0.163963,price_history,,1,0.045,price_history,,-0.185596,,34.4622,0.4169,-0.462867,0.277271,late,mid,none,commercial_pharma,morningstar,,,,0,0.8935429967426710097719869707,67.81,41.25000000000000000000000000,52.5,15.54,77.000,61.05263157894736842105263158,76.2739,1.3758,3.0,,35,1.0,0.0033,0,0,0.0,0.8,0.55,infectious_disease,-0.2978,uncrowded,1.0,98,0.027091856115107917,0.629278,0.3299,50.33,0.960076,1.7516
NBIX,"Neurocrine Biosciences, Inc.",81,1.0,C,mod_quality+no_catalyst_data,,,C,0.41635,0.726923,1,,0,,,0,no_upcoming,9,tailwind,,L,sponsor_confirmed|momentum_tailwind,catalyst_score:-20.9;smart_money_score:+20.9;clinical_score:+10.5,tier=;reason=;cat_days=NA;strength=missing;decay_w=0.0,v1.3.0,31f399e0,1,,0,,"{""burn_ttm"": 0.0, ""cash_total"": 713000000.0, ""dilution_risk"": null, ""has_revenue"": null, ""lead_phase"": null, ""runway_months"": null, ""stage_bucket"": ""late"", ""surv_score"": ""3.0"", ""tier1_count"": 8}",late|none|pos,0.027091856115107917,58.217908,1.1497,0,1,1.0718,1.4424,8,8,buying,1.9633,elite_8,0.0,0.0,0.0,,,0.0,0,0,0,True,False,True,missing,0.0,adequate,<=400bps,265.05,1.0,0,0,1.0,0,1.0,0,,False,no_upcoming,0.013626,price_history,,8,0.5533,price_history,,-0.335966,,50.7586,0.3467,-0.462867,0.126901,late,large,none,commercial_pharma,morningstar,,,,0,0.9,59.86,41.25000000000000000000000000,83.0,62.84,72.67175572519083969465648855,53.89312977099236641221374046,72.6024,1.2205,3.0,403,34,1.0,0.7208,0,1,0.0,0.8,0.6,cns,-0.2978,uncrowded,1.0,110,0.027091856115107917,0.58365,0.2112,49.19,0.944867,1.597
AXSM,"Axsome Therapeutics, Inc.",82,1.0,C,low_quality+no_catalyst_data,,,C,0.313688,0.257692,1,,0,,,0,no_upcoming,9,tailwind,deep_drawdown,L,sponsor_confirmed|momentum_tailwind,catalyst_score:-17.0;clinical_score:+15.3;smart_money_score:+12.7,tier=;reason=;cat_days=NA;strength=missing;decay_w=0.0,v1.3.0,31f399e0,1,,0,,"{""burn_ttm"": 93405000.0, ""cash_total"": 322933000.0, ""dilution_risk"": null, ""has_revenue"": null, ""lead_phase"": null, ""runway_months"": 27.761023661657504, ""stage_bucket"": ""late"", ""surv_score"": ""1.0"", ""tier1_count"": 7}",late|none|pos,0.027091856115107917,38.599431,1.1504,0,1,1.3043,1.4381,7,7,buying,1.576,elite_7,0.0,0.0,0.0,,,0.0,0,0,0,True,False,True,missing,0.0,adequate,<=400bps,308.96,1.0,0,0,1.0,0,1.0,0,,False,no_upcoming,-0.052107,price_history,,7,0.9206,price_history,,-0.638376,,42.7086,0.5091,-0.462867,-0.175509,late,mid,none,commercial_biotech,morningstar,,,,0,0.9,56.46,41.25000000000000000000000000,71.0,14.95,73.58778625954198473282442748,49.05540166204986149584487534,74.1924,1.2878,3.0,18,12,1.0,1.128,2,1,0.0,0.4,0.6,cns,-0.2978,uncrowded,1.0,83,0.027091856115107917,0.686312,0.4854,47.47,0.922053,1.419
REGN,"Regeneron Pharmaceuticals, Inc.",83,1.0,B,mod_quality+catalyst_near,,,B,0.439163,0.742308,1,,0,,29,1,specific_days,9,tailwind,,L,sponsor_confirmed|momentum_tailwind,catalyst_score:-25.9;clinical_score:+11.4;momentum_score:+9.2,tier=;reason=;cat_days=29;strength=near;decay_w=1.0,v1.3.0,31f399e0,1,,0,,"{""burn_ttm"": 0.0, ""cash_total"": 8605200000.0, ""dilution_risk"": null, ""has_revenue"": null, ""lead_phase"": null, ""runway_months"": null, ""stage_bucket"": ""late"", ""surv_score"": ""4.0"", ""tier1_count"": 4}",late|near_0_30|pos,0.027091856115107917,58.773084,1.1458,0,1,1.2056,1.1093,4,4,buying,0.4139,elite_4,0.0,0.0,0.0,,,0.0,0,0,0,True,False,True,near,1.0,adequate,<=400bps,128.53,1.0,0,0,1.0,0,1.0,0,29,True,specific_days,-0.056706,price_history,,4,0.033,price_history,,-0.106276,,45.431,0.388,-0.462867,0.356591,late,large,none,commercial_biotech,morningstar,,,,0,0.9,69.08,33.93136400000000000000000000,66.0,52.68,71.29770992366412213740458015,58.93129770992366412213740458,72.6977,1.2246,3.0,0,252,1.0,8.053,7,20,0.0,0.6,0.95,oncology,0.7492,crowded,1.0,116,0.027091856115107917,0.560837,0.1531,47.48,0.925856,1.4456
GILD,"Gilead Sciences, Inc.",84,1.0,C,low_quality,,,C,0.355513,0.55,1,,0,,60,1,specific_days,9,tailwind,,L,sponsor_confirmed|momentum_tailwind,momentum_score:+13.3;catalyst_score:-12.7;financial_score:-11.5,tier=;reason=;cat_days=60;strength=near;decay_w=1.0,v1.3.0,31f399e0,1,,0,,"{""burn_ttm"": 0.0, ""cash_total"": 68000000.0, ""dilution_risk"": null, ""has_revenue"": null, ""lead_phase"": null, ""runway_months"": null, ""stage_bucket"": ""late"", ""surv_score"": ""1.0"", ""tier1_count"": 2}",late|near_31_90|pos,0.027091856115107917,48.140638,1.1421,0,1,0.8599,1.2277,2,2,buying,-0.3608,elite_2,0.0,0.0,0.0,,,0.0,0,0,0,True,False,True,near,1.0,adequate,<=400bps,101.32,1.0,0,0,1.0,0,1.0,0,60,True,specific_days,0.044396,price_history,,2,0.0501,price_history,,-0.067355,,42.0168,0.2352,-0.462867,0.395512,late,large,none,commercial_pharma,morningstar,,,,0,0.8555254942767950052029136316,70.72,44.66680177777777777777777778,58.0,38.08,67.63358778625954198473282443,45.93030709166132509760503467,69.0336,1.0696,3.0,49,512,1.0,3.3248,7,4,0.0,0.8,0.95,oncology,0.7492,highly_crowded,1.0,94,0.027091856115107917,0.644487,0.3705,34.46,0.693916,0.507
JAZZ,Jazz Pharmaceuticals plc,85,1.0,A,high_quality+catalyst_near,,,A,0.385932,0.85,1,,0,,90,0,specific_days,9,tailwind,,L,tier_a_commercial|sponsor_confirmed|momentum_tailwind,catalyst_score:-17.9;smart_money_score:+10.5;momentum_score:+7.3,tier=;reason=;cat_days=90;strength=near;decay_w=1.0,v1.3.0,31f399e0,1,,0,,"{""burn_ttm"": 0.0, ""cash_total"": 1391899000.0, ""dilution_risk"": null, ""has_revenue"": null, ""lead_phase"": null, ""runway_months"": null, ""stage_bucket"": ""late"", ""surv_score"": ""1.0"", ""tier1_count"": 6}",late|near_31_90|pos,0.027091856115107917,66.745225,1.1374,0,1,0.9491,1.0,6,6,buying,1.1886,elite_6,0.0,0.0,0.0,,,0.0,0,0,0,True,False,True,near,1.0,adequate,<=400bps,227.35,1.0,0,0,1.0,0,1.0,0,90,False,specific_days,0.089461,price_history,,6,0.2466,price_history,,-0.254855,,56.0058,0.4687,-0.462867,0.208012,late,large,none,commercial_biotech,morningstar,,,,0,0.9,70.75,45.56250000000000000000000000,74.0,70.97,65.34351145038167938931297710,61.67938931297709923664122137,66.7435,0.9727,3.0,85,147,1.0,3.3819,4,6,0.0,0.6,0.95,oncology,0.7492,highly_crowded,1.0,102,0.027091856115107917,0.614068,0.2899,46.00,0.891635,1.2353
SUPN,"Supernus Pharmaceuticals, Inc.",86,0.85,C,low_quality+no_catalyst_data,,,C,0.461977,0.111538,1,,0,,,0,no_upcoming,9,tailwind,,L,sponsor_confirmed|momentum_tailwind,financial_score:-31.3;momentum_score:+21.6;clinical_score:+19.0,tier=;reason=;cat_days=NA;strength=missing;decay_w=0.0,v1.3.0,31f399e0,1,,0,,"{""burn_ttm"": 0.0, ""cash_total"": 151371000.0, ""dilution_risk"": null, ""has_revenue"": null, ""lead_phase"": null, ""runway_months"": null, ""stage_bucket"": ""late"", ""surv_score"": ""1.0"", ""tier1_count"": 2}",late|none|pos,0.027091856115107917,29.979515,1.1459,0,1,1.0332,1.4033,2,2,neutral,-0.3608,elite_2,0.0,0.0,0.0,,,0.0,0,0,0,True,False,True,missing,0.0,adequate,<=1000bps,505.15,0.85,1,0,1.0,0,1.0,0,,False,no_upcoming,0.160318,price_history,,2,0.4382,price_history,,-0.09848,,57.2478,0.4534,-0.462867,0.364387,late,mid,none,commercial_pharma,morningstar,,,,0,0.9,74.33,41.25000000000000000000000000,55.0,15.54,71.75572519083969465648854962,21.49892274546014158202523854,72.0365,1.1966,3.0,176,35,1.0,1.1301,2,2,0.0,0.4,0.6,cns,0.7492,highly_crowded,1.0,122,0.027091856115107917,0.538023,0.0955,32.79,0.652091,0.391
BMRN,BioMarin Pharmaceutical Inc.,87,1.0,B,high_quality+no_catalyst_data,,,B,0.325095,0.880769,1,,0,,,0,no_upcoming,9,tailwind,,L,sponsor_confirmed|momentum_tailwind,catalyst_score:-19.0;momentum_score:+15.2;clinical_score:+6.5,tier=;reason=;cat_days=NA;strength=missing;decay_w=0.0,v1.3.0,31f399e0,1,,0,,"{""burn_ttm"": 0.0, ""cash_total"": 1311679000.0, ""dilution_risk"": null, ""has_revenue"": null, ""lead_phase"": null, ""runway_months"": null, ""stage_bucket"": ""late"", ""surv_score"": ""3.0"", ""tier1_count"": 3}",late|none|pos,0.027091856115107917,69.187905,1.1396,0,1,1.0083,0.8924,3,3,neutral,0.0265,elite_3,0.0,0.0,0.0,,,0.0,0,0,0,True,False,True,missing,0.0,adequate,<=400bps,260.52,1.0,0,0,1.0,0,1.0,0,,False,no_upcoming,0.234528,price_history,,3,0.5694,price_history,,-0.031048,,56.1229,0.4294,-0.462867,0.431819,late,large,none,commercial_biotech,morningstar,,,,0,0.9,75.45,41.25000000000000000000000000,57.5,77.03,66.71755725190839694656488550,60.30534351145038167938931298,67.63,1.0102,3.0,361,97,1.0,0.6974,1,1,0.0,0.6,0.75,rare_disease,-0.2978,uncrowded,1.0,86,0.027091856115107917,0.674905,0.4535,48.41,0.937262,1.5322
CAI,"Caris Life Sciences, Inc.",88,0.85,C,low_quality,,,C,0.3327,0.465385,1,,0,,28,1,specific_days,9,neutral,drawdown_data_missing,L,sponsor_confirmed,catalyst_score:-22.4;financial_score:+11.7;clinical_score:+9.1,tier=;reason=;cat_days=28;strength=near;decay_w=1.0,v1.3.0,31f399e0,1,,0,,"{""burn_ttm"": 0.0, ""cash_total"": 755493000.0, ""dilution_risk"": null, ""has_revenue"": null, ""lead_phase"": null, ""runway_months"": null, ""stage_bucket"": ""late"", ""surv_score"": ""-1.0"", ""tier1_count"": 3}",late|near_0_30|pos,0.027091856115107917,46.465316,1.1391,0,1,0.9885,1.1136,3,3,buying,0.0265,elite_3,0.0,0.0,0.0,,,0.0,0,0,0,True,False,True,near,1.0,adequate,<=1000bps,447.67,0.85,1,0,1.0,0,1.0,0,28,True,specific_days,,,beta_missing:series_too_short,3,,,series_too_short,,no_price_series,,0.5606,-0.462867,,late,mid,none,commercial_biotech,morningstar,,,drawdown,1,0.9,50,34.82617777777777777777777778,66.0,15.54,66.25954198473282442748091603,68.94736842105263157894736842,67.6595,1.0115,3.0,28,475,1.0,3.8907,2,6,0.0,0.8,0.95,oncology,0.7492,highly_crowded,1.0,88,0.027091856115107917,0.6673,0.4325,50.39,0.963878,1.7976
TECH,Bio-Techne Corporation,89,0.6,C,low_quality,,,C,0.469582,0.134615,1,,0,,89,0,specific_days,9,neutral,,M,,financial_score:-31.2;clinical_score:+20.8;smart_money_score:+7.7,tier=;reason=;cat_days=89;strength=near;decay_w=1.0,v1.3.0,31f399e0,1,,0,,"{""burn_ttm"": 0.0, ""cash_total"": 172879000.0, ""dilution_risk"": null, ""has_revenue"": null, ""lead_phase"": null, ""runway_months"": null, ""stage_bucket"": ""late"", ""surv_score"": ""3.0"", ""tier1_count"": 1}",late|near_31_90|pos,0.027091856115107917,32.242828,1.1434,0,1,1.0872,1.215,1,1,buying,-0.7482,elite_1,0.0,0.0,0.0,,,0.0,0,0,0,True,False,True,near,1.0,adequate,<=400bps,284.71,1.0,0,0,1.0,0,1.0,0,89,False,specific_days,-0.085446,price_history,,1,0.5525,price_history,,-0.30105,,37.1624,0.3925,-0.462867,0.161817,late,mid,none,commercial_biotech,morningstar,,,,0,0.9,52.64,45.56250000000000000000000000,55.5,40.78,68.54961832061068702290076336,16.53739612188365650969529086,69.9496,1.1083,3.0,8,646,1.0,6.0803,8,9,0.0,0.6,0.95,oncology,0.7492,highly_crowded,1.0,124,0.027091856115107917,0.530418,0.0763,34.72,0.697719,0.5179
EBS,Emergent BioSolutions Inc.,90,0.42,B,high_quality+no_catalyst_data,,,B,0.340304,0.973077,1,,0,,,0,no_upcoming,9,tailwind,deep_drawdown,M,momentum_tailwind|cost_haircut_<=2000bps,catalyst_score:-22.9;momentum_score:+14.9;clinical_score:+11.3,tier=;reason=;cat_days=NA;strength=missing;decay_w=0.0,v1.3.0,31f399e0,1,,0,,"{""burn_ttm"": 0.0, ""cash_total"": 245500000.0, ""dilution_risk"": null, ""has_revenue"": null, ""lead_phase"": null, ""runway_months"": null, ""stage_bucket"": ""late"", ""surv_score"": ""-1.0"", ""tier1_count"": 1}",late|none|pos,0.027091856115107917,77.064794,1.1504,0,1,1.1873,0.5971,1,1,buying,-0.7482,elite_1,0.0,0.0,0.0,,,0.0,0,0,0,True,False,True,missing,0.0,adequate,<=2000bps,1186.43,0.7,1,0,1.0,0,1.0,0,,False,no_upcoming,0.137076,price_history,,1,0.8143,price_history,,-0.626168,,51.5308,1.0204,-0.462867,-0.163301,late,small,none,commercial_pharma,morningstar,,,,0,0.9,78.98,41.25000000000000000000000000,55.5,85.81,75.41984732824427480916030534,69.41176470588235294117647059,75.4107,1.3393,3.0,94,45,1.0,0.6594,1,1,0.0,0.6,0.55,infectious_disease,0.7492,highly_crowded,1.0,90,0.027091856115107917,0.659696,0.4116,54.24,0.986692,2.2171
ALKS,Alkermes plc,91,0.85,B,high_quality+no_catalyst_data,,,B,0.271863,0.865385,1,,0,,,0,no_upcoming,9,tailwind,,L,sponsor_confirmed|momentum_tailwind,catalyst_score:-20.0;clinical_score:+15.8;smart_money_score:+6.8,tier=;reason=;cat_days=NA;strength=missing;decay_w=0.0,v1.3.0,31f399e0,1,,0,,"{""burn_ttm"": 0.0, ""cash_total"": 388570000.0, ""dilution_risk"": null, ""has_revenue"": null, ""lead_phase"": null, ""runway_months"": null, ""stage_bucket"": ""late"", ""surv_score"": ""2.0"", ""tier1_count"": 6}",late|none|pos,0.027091856115107917,68.019632,1.1504,0,1,1.2538,0.6586,6,6,buying,1.1886,elite_6,0.0,0.0,0.0,,,0.0,0,0,0,True,False,True,missing,0.0,adequate,<=1000bps,422.31,0.85,1,0,1.0,0,1.0,0,,False,no_upcoming,0.027146,price_history,,6,0.6403,price_history,,-0.206349,,57.7381,0.3674,-0.462867,0.256518,late,mid,none,commercial_pharma,morningstar,,,,0,0.9,62.03,41.25000000000000000000000000,68.0,84.46,77.000,57.89473684210526315789473684,76.2739,1.3758,3.0,583,56,1.0,0.0699,0,0,0.0,0.5,0.5,respiratory,-0.2978,uncrowded,1.0,72,0.027091856115107917,0.728137,0.6072,52.65,0.98289,2.1175
ACAD,ACADIA Pharmaceuticals Inc.,92,0.85,C,low_quality+no_catalyst_data,,,C,0.256654,0.419231,1,,0,,,0,no_upcoming,9,tailwind,deep_drawdown,L,sponsor_confirmed|momentum_tailwind,financial_score:-22.7;momentum_score:+20.1;catalyst_score:-16.5,tier=;reason=;cat_days=NA;strength=missing;decay_w=0.0,v1.3.0,31f399e0,1,,0,,"{""burn_ttm"": 0.0, ""cash_total"": 177695000.0, ""dilution_risk"": null, ""has_revenue"": null, ""lead_phase"": null, ""runway_months"": null, ""stage_bucket"": ""late"", ""surv_score"": ""3.0"", ""tier1_count"": 7}",late|none|pos,0.027091856115107917,45.251997,1.1321,0,1,0.8701,0.9919,7,7,buying,1.576,elite_7,0.0,0.0,0.0,,,0.0,0,0,0,True,False,True,missing,0.0,adequate,<=1000bps,531.5,0.85,1,0,1.0,0,1.0,0,,False,no_upcoming,0.369187,price_history,,7,0.8734,price_history,,-0.565243,,51.2335,0.3548,-0.462867,-0.102376,late,mid,none,commercial_biotech,morningstar,,,,0,0.9,77.80,41.25000000000000000000000000,71.0,39.86,63.51145038167938931297709924,34.97999384425977223761157279,63.9702,0.8554,3.0,95,16,1.0,2.0764,1,2,0.0,0.6,0.6,cns,0.7492,highly_crowded,1.0,68,0.027091856115107917,0.743346,0.6537,37.26,0.76616,0.7263
SRPT,"Sarepta Therapeutics, Inc.",93,0.85,B,high_quality+no_catalyst_data,,,B,0.458175,0.942308,1,,0,,,0,no_upcoming,9,tailwind,,L,sponsor_confirmed|momentum_tailwind,catalyst_score:-17.1;financial_score:+9.6;smart_money_score:+6.6,tier=;reason=;cat_days=NA;strength=missing;decay_w=0.0,v1.3.0,31f399e0,1,,0,,"{""burn_ttm"": 336685000.0, ""cash_total"": 850993000.0, ""dilution_risk"": null, ""has_revenue"": null, ""lead_phase"": null, ""runway_months"": 28.848768719225042, ""stage_bucket"": ""late"", ""surv_score"": ""0.0"", ""tier1_count"": 3}",late|none|pos,0.027091856115107917,73.33,1.1256,0,1,0.7813,0.6429,3,3,neutral,0.0265,elite_3,0.0,0.0,0.0,,,0.0,0,0,0,True,False,True,missing,0.0,adequate,<=1000bps,463.86,0.85,1,0,1.0,0,1.0,0,,False,no_upcoming,0.02411,price_history,,3,0.649,price_history,,-0.280125,,43.9449,1.0694,-0.462867,0.182742,late,small,none,commercial_biotech,morningstar,,,,0,0.8595847416706904876871076775,56.15,41.25000000000000000000000000,65.0,90.00,61.45038167938931297709923664,68.00000000000000000000000000,60.9972,0.7297,3.0,212,23,1.0,0.2182,0,0,0.0,0.8,0.75,rare_disease,0.7492,highly_crowded,1.0,121,0.027091856115107917,0.541825,0.105,36.71,0.747148,0.6655
KNSA,"Kiniksa Pharmaceuticals, Ltd.",94,0.85,C,mod_quality+no_catalyst_data,,,C,0.389734,0.703846,1,,0,,,0,no_upcoming,9,tailwind,deep_drawdown,L,sponsor_confirmed|momentum_tailwind,catalyst_score:-14.5;financial_score:+6.9;smart_money_score:+5.3,tier=;reason=;cat_days=NA;strength=missing;decay_w=0.0,v1.3.0,31f399e0,1,,0,,"{""burn_ttm"": 0.0, ""cash_total"": 414074000.0, ""dilution_risk"": null, ""has_revenue"": null, ""lead_phase"": null, ""runway_months"": null, ""stage_bucket"": ""late"", ""surv_score"": ""3.0"", ""tier1_count"": 2}",late|none|pos,0.027091856115107917,55.839211,0.9095,0,1,0.4168,0.7786,2,2,buying,-0.3608,elite_2,0.0,0.0,0.0,,,0.0,0,0,0,True,False,True,missing,0.0,adequate,<=1000bps,643.76,0.85,1,0,1.0,0,1.0,0,,False,no_upcoming,0.069198,price_history,,2,1.0658,price_history,,-0.531498,,48.259,0.3477,-0.462867,-0.068631,late,mid,none,commercial_pharma,morningstar,,,,0,0.8800550882899628252788104089,56.69,41.25000000000000000000000000,61.0,46.62,57.09923664122137404580152672,62.63157894736842105263157895,56.3363,0.5325,3.0,150,9,1.0,0.4953,0,1,0.0,0.4,0.6,autoimmune,-0.2978,uncrowded,1.0,103,0.027091856115107917,0.610266,0.28,47.08,0.914449,1.3687
ANAB,"AnaptysBio, Inc.",95,0.85,C,low_quality+no_catalyst_data,,,C,0.507605,0.226923,1,,0,,,0,no_upcoming,9,tailwind,,L,sponsor_confirmed|momentum_tailwind,financial_score:-35.0;momentum_score:+16.5;smart_money_score:+16.5,tier=;reason=;cat_days=NA;strength=missing;decay_w=0.0,v1.3.0,31f399e0,1,,0,,"{""burn_ttm"": 78300000.0, ""cash_total"": 109833000.0, ""dilution_risk"": null, ""has_revenue"": null, ""lead_phase"": null, ""runway_months"": 16.83264367816092, ""stage_bucket"": ""mid"", ""surv_score"": ""2.0"", ""tier1_count"": 5}",mid|none|pos,0.013448488095238095,34.813995,-0.7277,353,1,1.1872,1.3177,5,5,buying,0.8012,elite_5,0.0,0.0,0.0,,,0.0,0,0,0,True,False,True,missing,0.0,adequate,<=1000bps,634.48,0.85,1,0,1.0,0,1.0,0,,False,no_upcoming,0.220577,price_history,,5,0.9252,price_history,,-0.146556,,46.9971,0.5912,-0.462867,0.316311,mid,small,sev1,commercial_biotech,morningstar,,,,0,0.8224276598085597975574870723,71.54,41.25000000000000000000000000,71.5,32.81,70.86956521739130434782608696,20.04998949800462087796681370,69.4003,1.0851,2.0,353,6,1.0,0.0528,0,0,0.0,0.4,0.5,dermatology,0.7492,highly_crowded,1.0,134,0.013448488095238095,0.492395,-0.0191,31.47,0.629278,0.3299
INCY,Incyte Corporation,96,1.0,B,mod_quality+catalyst_near,,,B,0.36692,0.75,1,,0,,60,1,specific_days,9,tailwind,,L,sponsor_confirmed|momentum_tailwind,catalyst_score:-16.6;momentum_score:+12.5;financial_score:+6.3,tier=;reason=;cat_days=60;strength=near;decay_w=1.0,v1.3.0,31f399e0,1,,0,,"{""burn_ttm"": 0.0, ""cash_total"": 3097817000.0, ""dilution_risk"": null, ""has_revenue"": null, ""lead_phase"": null, ""runway_months"": null, ""stage_bucket"": ""late"", ""surv_score"": ""5.0"", ""tier1_count"": 3}",late|near_31_90|pos,0.027091856115107917,58.812615,1.1185,0,1,0.7122,0.567,3,3,buying,0.0265,elite_3,0.0,0.0,0.0,,,0.0,0,0,0,True,False,True,near,1.0,adequate,<=400bps,225.9,1.0,0,0,1.0,0,1.0,0,60,True,specific_days,0.232092,price_history,,3,0.3927,price_history,,-0.206046,,54.9781,0.3319,-0.462867,0.256821,late,large,none,commercial_biotech,morningstar,,,,0,0.9,73.83,44.66680177777777777777777778,60.5,38.89,59.84732824427480916030534351,67.63358778625954198473282443,61.5712,0.754,3.0,37,217,1.0,5.1497,15,13,0.0,0.7,0.95,oncology,-0.2978,uncrowded,1.0,97,0.027091856115107917,0.63308,0.34,50.21,0.952471,1.6693
NVAX,"Novavax, Inc.",97,0.25,B,high_quality+no_catalyst_data,,,B,0.420152,0.926923,1,,0,,,0,no_upcoming,9,headwind,deep_drawdown,S,momentum_headwind,financial_score:+23.9;momentum_score:-17.9;catalyst_score:-11.8,tier=;reason=;cat_days=NA;strength=missing;decay_w=0.0,v1.3.0,31f399e0,1,,0,,"{""burn_ttm"": 244635000.0, ""cash_total"": 735084000.0, ""dilution_risk"": null, ""has_revenue"": null, ""lead_phase"": null, ""runway_months"": 34.435271429798334, ""stage_bucket"": ""late"", ""surv_score"": ""4.0"", ""tier1_count"": 1}",late|none|pos,0.027091856115107917,73.182,0.9113,0,1,0.6135,0.4586,1,1,selling,-0.7482,elite_1,0.0,0.0,0.0,,,0.0,0,0,0,True,False,True,missing,0.0,adequate,<=1000bps,459.51,0.85,1,0,1.0,0,1.0,0,,False,no_upcoming,-0.064911,price_history,,1,1.4992,price_history,,-0.707123,,38.5091,0.4814,-0.462867,-0.244256,late,small,none,commercial_biotech,morningstar,,,,0,0.8559923243120309301796679554,35.16,41.25000000000000000000000000,54.5,90.00,57.55725190839694656488549619,77.000,58.2573,0.6138,3.0,57,17,1.0,1.7223,2,2,0.0,0.6,0.55,infectious_disease,0.7492,highly_crowded,1.0,111,0.027091856115107917,0.579848,0.2015,42.13,0.84981,1.0356
RARE,Ultragenyx Pharmaceutical Inc.,98,0.51,C,low_quality,,,C,0.435361,0.157692,1,,0,,1,1,specific_days,9,tailwind,high_vol|deep_drawdown,M,sponsor_confirmed|momentum_tailwind|runway_short|high_risk,financial_score:-37.3;clinical_score:+17.8;momentum_score:+11.4,tier=;reason=;cat_days=1;strength=near;decay_w=1.0,v1.3.0,31f399e0,1,,0,,"{""burn_ttm"": 466000000.0, ""cash_total"": 421000000.0, ""dilution_risk"": null, ""has_revenue"": null, ""lead_phase"": null, ""runway_months"": 10.841201716738198, ""stage_bucket"": ""late"", ""surv_score"": ""-1.0"", ""tier1_count"": 5}",late|near_0_30|pos,0.027091856115107917,32.833641,1.1256,0,1,0.7813,0.9006,5,5,selling,0.8012,elite_5,0.0,0.0,0.0,,,0.0,0,0,0,True,False,True,near,1.0,short,<=1000bps,402.93,0.85,1,0,1.0,0,1.0,0,1,True,specific_days,0.047655,price_history,,5,0.7726,price_history,,-0.58308,,44.2504,1.2539,-0.462867,-0.120213,late,mid,sev2,commercial_biotech,morningstar,,,,0,0.8942030378486055776892430279,55.10,45.56250000000000000000000000,50.0,54.12,61.45038167938931297709923664,6.381425053862726992920898738,62.1504,0.7785,3.0,272,52,1.0,1.431,3,1,0.0,0.8,0.6,cns,0.7492,highly_crowded,1.0,115,0.027091856115107917,0.564639,0.1627,13.18,0.153992,-1.0195
AMGN,Amgen Inc.,99,1.0,B,mod_quality+catalyst_mid,,,B,0.279468,0.65,1,,0,,155,0,specific_days,9,tailwind,,L,momentum_tailwind,momentum_score:+13.6;catalyst_score:-13.5;clinical_score:+13.1,tier=;reason=;cat_days=155;strength=mid;decay_w=0.7,v1.3.0,31f399e0,1,,0,,"{""burn_ttm"": 0.0, ""cash_total"": 9129000000.0, ""dilution_risk"": null, ""has_revenue"": null, ""lead_phase"": null, ""runway_months"": null, ""stage_bucket"": ""late"", ""surv_score"": ""1.0"", ""tier1_count"": 1}",late|near_91_180|pos,0.027091856115107917,52.118088,1.1471,0,1,1.0525,0.4724,1,1,neutral,-0.7482,elite_1,0.0,0.0,0.0,,,0.0,0,0,0,True,False,True,mid,0.7,adequate,<=400bps,100.2,1.0,0,0,1.0,0,1.0,0,155,False,specific_days,0.084014,price_history,,1,0.1119,price_history,,-0.103038,,52.823,0.2777,-0.462867,0.359829,late,large,none,commercial_pharma,morningstar,,,,0,0.9,72.72,45.56250000000000000000000000,52.5,39.83,72.21374045801526717557251908,52.51908396946564885496183206,73.6137,1.2633,3.0,0,567,1.0,6.4551,17,18,0.0,0.8,0.95,oncology,0.7492,highly_crowded,1.0,74,0.027091856115107917,0.720532,0.5844,45.16,0.872624,1.1389
RIGL,"Rigel Pharmaceuticals, Inc.",100,0.51,C,mod_quality+no_catalyst_data,,,C,0.442966,0.842308,1,,0,,,0,no_upcoming,9,neutral,deep_drawdown,M,,catalyst_score:-11.0;financial_score:+7.8;smart_money_score:+3.3,tier=;reason=;cat_days=NA;strength=missing;decay_w=0.0,v1.3.0,31f399e0,1,,0,,"{""burn_ttm"": 0.0, ""cash_total"": 137143000.0, ""dilution_risk"": null, ""has_revenue"": null, ""lead_phase"": null, ""runway_months"": null, ""stage_bucket"": ""late"", ""surv_score"": ""1.0"", ""tier1_count"": 1}",late|none|pos,0.027091856115107917,65.6255,0.8987,0,1,0.3767,0.4847,1,1,buying,-0.7482,elite_1,0.0,0.0,0.0,,,0.0,0,0,0,True,False,True,missing,0.0,adequate,<=1000bps,815.97,0.85,1,0,1.0,0,1.0,0,,False,no_upcoming,0.092111,price_history,,1,1.1744,price_history,,-0.48073,,53.2086,0.9981,-0.462867,-0.017863,late,small,none,commercial_biotech,morningstar,,,,0,0.8393230804231600500511887157,52.41,41.25000000000000000000000000,55.5,80.41,52.06106870229007633587786259,60.00000000000000000000000000,52.8438,0.3848,3.0,70,16,1.0,1.4959,1,2,0.0,0.8,0.6,autoimmune,-0.2978,uncrowded,1.0,117,0.027091856115107917,0.557034,0.1435,41.10,0.826996,0.9424
APLS,"Apellis Pharmaceuticals, Inc.",101,0.85,C,mod_quality+no_catalyst_data,,,C,0.294677,0.642308,1,,0,,,0,no_upcoming,9,tailwind,deep_drawdown,L,sponsor_confirmed|momentum_tailwind,catalyst_score:-19.4;financial_score:+13.1;smart_money_score:+10.4,tier=;reason=;cat_days=NA;strength=missing;decay_w=0.0,v1.3.0,31f399e0,1,,0,,"{""burn_ttm"": 0.0, ""cash_total"": 466233000.0, ""dilution_risk"": null, ""has_revenue"": null, ""lead_phase"": null, ""runway_months"": null, ""stage_bucket"": ""late"", ""surv_score"": ""3.0"", ""tier1_count"": 6}",late|none|pos,0.027091856115107917,51.976895,0.8969,0,1,0.2978,0.4036,6,6,buying,1.1886,elite_6,0.0,0.0,0.0,,,0.0,0,0,0,True,False,True,missing,0.0,adequate,<=1000bps,418.5,0.85,1,0,1.0,0,1.0,0,,False,no_upcoming,0.431448,price_history,,6,0.8637,price_history,,-0.423396,,47.4769,0.7133,-0.462867,0.039471,late,mid,none,commercial_biotech,morningstar,,,,0,0.8572039678845706306725622527,66.90,41.25000000000000000000000000,71.0,15.54,50.22900763358778625954198473,73.68421052631578947368421053,50.1336,0.2702,3.0,140,12,1.0,1.1357,0,2,0.0,0.4,0.55,infectious_disease,-0.2978,uncrowded,1.0,78,0.027091856115107917,0.705323,0.5398,35.56,0.724335,0.5958
GERN,Geron Corporation,102,0.51,C,low_quality+no_catalyst_data,,,C,0.351711,0.242308,1,,0,,,0,no_upcoming,9,neutral,deep_drawdown,M,sponsor_confirmed|runway_short,financial_score:-36.8;clinical_score:+13.5;smart_money_score:+12.7,tier=;reason=;cat_days=NA;strength=missing;decay_w=0.0,v1.3.0,31f399e0,1,,0,,"{""burn_ttm"": 88970000.0, ""cash_total"": 78117000.0, ""dilution_risk"": null, ""has_revenue"": null, ""lead_phase"": null, ""runway_months"": 10.53618073507924, ""stage_bucket"": ""late"", ""surv_score"": ""-2.0"", ""tier1_count"": 2}",late|none|pos,0.027091856115107917,37.696,0.9045,0,1,0.5149,0.6267,2,2,selling,-0.3608,elite_2,0.0,0.0,0.0,,,0.0,0,0,0,True,False,True,missing,0.0,short,<=1000bps,710.6,0.85,1,0,1.0,0,1.0,0,,False,no_upcoming,0.099079,price_history,,2,1.3981,price_history,,-0.466667,,45.7863,0.5659,-0.462867,-0.0038,late,small,sev2,commercial_biotech,morningstar,,,,0,0.8418807416676146058468888636,52.77,41.25000000000000000000000000,54.5,71.12,55.26717557251908396946564885,5,54.4979,0.4548,3.0,2342,15,1.0,0.0057,0,0,0.0,0.4,0.95,oncology,0.7492,crowded,1.0,93,0.027091856115107917,0.648289,0.3807,8.54,0.062738,-1.5322
ARVN,"Arvinas, Inc.",103,0.85,B,high_quality+no_catalyst_data,,,B,0.876426,0.934615,1,,0,,,0,no_upcoming,9,tailwind,,L,sponsor_confirmed|momentum_tailwind,catalyst_score:-17.6;financial_score:+9.6;smart_money_score:+7.1,tier=;reason=;cat_days=NA;strength=missing;decay_w=0.0,v1.3.0,31f399e0,1,,0,,"{""burn_ttm"": 273800000.0, ""cash_total"": 685400000.0, ""dilution_risk"": null, ""has_revenue"": null, ""lead_phase"": null, ""runway_months"": 30.030679327976625, ""stage_bucket"": ""early"", ""surv_score"": ""5.0"", ""tier1_count"": 4}",early|none|pos,-0.1,73.2125,-1.2755,819,1,0.8953,0.7683,4,4,buying,0.4139,elite_4,0.0,0.0,0.0,,,0.0,0,0,0,True,False,True,missing,0.0,adequate,<=1000bps,932.46,0.85,1,0,1.0,0,1.0,0,,False,no_upcoming,0.024196,price_history,,4,0.8501,price_history,,-0.337258,,52.0335,0.6174,-0.462867,0.125609,early,small,none,commercial_biotech,morningstar,,,,0,0.7165413533834586466165413534,54.55,41.25000000000000000000000000,66.0,90.00,64.09638554216867469879518072,68.450,63.0464,0.8164,1.0,819,2,0.3333,0.0005,0,0,0.0,0.3,0.85,oncology,0.7492,highly_crowded,1.0,231,-0.1,0.123574,-1.1573,41.44,0.834601,0.9725
ANIP,"ANI Pharmaceuticals, Inc.",104,0.85,C,mod_quality+no_catalyst_data,,,C,0.287072,0.773077,1,,0,,,0,no_upcoming,9,tailwind,,L,sponsor_confirmed|momentum_tailwind,momentum_score:+15.3;catalyst_score:-11.1;clinical_score:-6.4,tier=;reason=;cat_days=NA;strength=missing;decay_w=0.0,v1.3.0,31f399e0,1,,0,,"{""burn_ttm"": 0.0, ""cash_total"": 262610000.0, ""dilution_risk"": null, ""has_revenue"": null, ""lead_phase"": null, ""runway_months"": null, ""stage_bucket"": ""late"", ""surv_score"": ""1.0"", ""tier1_count"": 2}",late|none|pos,0.027091856115107917,59.859011,-0.0791,,0,-0.053,0.3026,2,2,buying,-0.3608,elite_2,0.0,0.0,0.0,,,0.0,0,0,0,True,False,True,missing,0.0,adequate,<=1000bps,562.25,0.85,1,0,1.0,0,1.0,0,,False,no_upcoming,-0.134062,price_history,,2,0.5026,price_history,,-0.289006,,39.1976,0.3545,-0.462867,0.173861,late,small,none,commercial_pharma,morningstar,,,,0,0.9,67.65,41.25000000000000000000000000,58.0,69.59,45.93030709166132509760503467,48.82780127301465248408731684,44.5042,0.0321,3.0,,7,1.0,0.0,0,0,0.0,0.3,0.55,ophthalmology,-0.2978,uncrowded,1.0,76,0.027091856115107917,0.712928,0.562,39.64,0.80038,0.843
DNA,"Ginkgo Bioworks Holdings, Inc.",105,0.21,A,high_quality+catalyst_near,,,A,0.207224,0.873077,1,,0,,89,0,specific_days,9,headwind,deep_drawdown,S,tier_a_commercial|momentum_headwind|cost_haircut_<=2000bps,momentum_score:-19.6;financial_score:+14.9;clinical_score:+11.3,tier=;reason=;cat_days=89;strength=near;decay_w=1.0,v1.3.0,31f399e0,1,,0,,"{""burn_ttm"": 123381000.0, ""cash_total"": 495484000.0, ""dilution_risk"": null, ""has_revenue"": null, ""lead_phase"": null, ""runway_months"": 48.19062902715977, ""stage_bucket"": ""late"", ""surv_score"": ""4.0"", ""tier1_count"": 1}",late|near_31_90|nonpos,0.0613193023255814,69.0965,1.1363,0,1,0.9293,-1.0,1,1,neutral,-0.7482,elite_1,0.0,0.0,0.0,,,0.0,0,0,0,True,False,True,near,1.0,adequate,<=2000bps,1199.57,0.7,1,0,1.0,0,1.0,0,89,False,specific_days,-0.120988,price_history,,1,1.5075,price_history,,-0.599196,,41.8498,0.7795,-0.462867,-0.136329,late,small,none,commercial_biotech,morningstar,,,,0,0.8304459295261239368165249089,33.97,45.56250000000000000000000000,55.0,90.00,64.88549618320610687022900763,68.450,66.6094,0.9671,3.0,18,697,1.0,5.1475,9,11,0.0,0.7,0.95,oncology,-0.2978,uncrowded,1.0,55,0.0613193023255814,0.792776,0.8161,40.67,0.815589,0.8987
ADMA,ADMA Biologics Inc,106,0.85,C,low_quality+no_catalyst_data,,,C,0.264259,0.042308,1,,0,,,0,no_upcoming,9,tailwind,deep_drawdown,L,sponsor_confirmed|momentum_tailwind,financial_score:-32.0;momentum_score:+24.6;clinical_score:+9.5,tier=;reason=;cat_days=NA;strength=missing;decay_w=0.0,v1.3.0,31f399e0,1,,0,,"{""burn_ttm"": 0.0, ""cash_total"": 87630000.0, ""dilution_risk"": null, ""has_revenue"": null, ""lead_phase"": null, ""runway_months"": null, ""stage_bucket"": ""late"", ""surv_score"": ""-1.0"", ""tier1_count"": 2}",late|none|pos,0.027091856115107917,25.972036,-0.0684,,0,0.5346,0.647,2,2,selling,-0.3608,elite_2,0.0,0.0,0.0,,,0.0,0,0,0,True,False,True,missing,0.0,adequate,<=1000bps,517.31,0.85,1,0,1.0,0,1.0,0,,False,no_upcoming,0.254385,price_history,,2,0.9265,price_history,,-0.508475,,56.2006,0.4754,-0.462867,-0.045608,late,mid,none,commercial_biotech,morningstar,,,,0,0.9,70.83,41.25000000000000000000000000,49.0,15.54,55.72519083969465648854961832,14.14896891351184979993844260,54.9991,0.476,3.0,,7,1.0,0.0,0,0,0.0,0.5,0.55,infectious_disease,-0.2978,uncrowded,1.0,70,0.027091856115107917,0.735741,0.6303,25.41,0.541825,0.105
IOVA,"Iovance Biotherapeutics, Inc.",107,0.51,C,low_quality,,,C,0.538023,0.219231,1,,0,,90,0,specific_days,9,neutral,deep_drawdown,M,sponsor_confirmed|runway_short,financial_score:-26.8;clinical_score:+12.7;smart_money_score:+9.9,tier=;reason=;cat_days=90;strength=near;decay_w=1.0,v1.3.0,31f399e0,1,,0,,"{""burn_ttm"": 302408000.0, ""cash_total"": 296980000.0, ""dilution_risk"": null, ""has_revenue"": null, ""lead_phase"": null, ""runway_months"": 11.784608872781144, ""stage_bucket"": ""mid"", ""surv_score"": ""-1.0"", ""tier1_count"": 2}",mid|near_31_90|pos,0.013448488095238095,34.800169,0.4089,0,1,0.6251,0.7401,2,2,neutral,-0.3608,elite_2,0.0,0.0,0.0,,,0.0,0,0,0,True,False,True,near,1.0,short,<=1000bps,449.86,0.85,1,0,1.0,0,1.0,0,90,False,specific_days,0.037824,price_history,,2,1.2126,price_history,,-0.6834,,53.5564,0.9724,-0.462867,-0.220533,mid,small,sev2,commercial_biotech,morningstar,,,,0,0.7560832503044392782021476807,48.92,45.56250000000000000000000000,55.0,47.94,57.82608695652173913043478261,18.30482041587901701323251417,57.9112,0.5992,2.0,90,16,1.0,0.7369,1,1,0.0,0.3,0.95,oncology,0.7492,highly_crowded,1.0,142,0.013448488095238095,0.461977,-0.0955,12.13,0.123574,-1.1573
ARQT,"Arcutis Biotherapeutics, Inc.",108,0.51,C,low_quality+no_catalyst_data,,,C,0.302281,0.103846,1,,0,,,0,no_upcoming,9,headwind,deep_drawdown,M,sponsor_confirmed|momentum_headwind,financial_score:-21.8;smart_money_score:+19.6;clinical_score:+8.0,tier=;reason=;cat_days=NA;strength=missing;decay_w=0.0,v1.3.0,31f399e0,1,,0,,"{""burn_ttm"": 5625000.0, ""cash_total"": 42907000.0, ""dilution_risk"": null, ""has_revenue"": null, ""lead_phase"": null, ""runway_months"": 89.4016, ""stage_bucket"": ""late"", ""surv_score"": ""-2.0"", ""tier1_count"": 4}",late|none|pos,0.027091856115107917,29.761313,0.9031,0,1,0.4754,0.5862,4,4,buying,0.4139,elite_4,0.0,0.0,0.0,,,0.0,0,0,0,True,False,True,missing,0.0,adequate,<=1000bps,482.23,0.85,1,0,1.0,0,1.0,0,,False,no_upcoming,0.004713,price_history,,4,1.2228,price_history,,-0.591401,,38.1489,0.727,-0.462867,-0.128534,late,mid,none,commercial_biotech,morningstar,,,,0,0.8709327437747265534093553642,45.66,41.25000000000000000000000000,66.0,27.32,54.35114503816793893129770993,24.59402893197907048322560787,54.1099,0.4384,3.0,65,7,1.0,2.4247,1,3,0.0,0.3,0.5,dermatology,0.7492,highly_crowded,1.0,80,0.027091856115107917,0.697719,0.5179,32.51,0.644487,0.3705
UTHR,United Therapeutics Corporation,109,1.0,A,high_quality+catalyst_mid,,,A,0.222433,0.857692,1,,0,,121,0,specific_days,9,tailwind,,L,tier_a_commercial|sponsor_confirmed|momentum_tailwind,catalyst_score:-17.4;smart_money_score:+14.0;momentum_score:+6.0,tier=;reason=;cat_days=121;strength=mid;decay_w=0.7,v1.3.0,31f399e0,1,,0,,"{""burn_ttm"": 0.0, ""cash_total"": 2920300000.0, ""dilution_risk"": null, ""has_revenue"": null, ""lead_phase"": null, ""runway_months"": null, ""stage_bucket"": ""late"", ""surv_score"": ""3.0"", ""tier1_count"": 7}",late|near_91_180|nonpos,0.05349036082474226,67.264939,1.1242,0,1,0.5709,0.0,7,7,buying,1.576,elite_7,0.0,0.0,0.0,,,0.0,0,0,0,True,False,True,mid,0.7,adequate,<=400bps,229.51,1.0,0,0,1.0,0,1.0,0,121,False,specific_days,0.089689,price_history,,7,0.3172,price_history,,-0.065763,,49.5767,0.2791,-0.462867,0.397104,late,large,none,commercial_pharma,morningstar,,,,0,0.9,68.96,45.56250000000000000000000000,77.0,72.30,60.76335877862595419847328244,62.59541984732824427480916031,61.4634,0.7494,3.0,121,75,1.0,2.9669,2,3,0.0,0.5,0.55,infectious_disease,0.7492,highly_crowded,1.0,59,0.05349036082474226,0.777567,0.764,46.39,0.903042,1.2991
HRMY,"Harmony Biosciences Holdings, I",110,0.85,B,high_quality+no_catalyst_data,,,B,0.112167,0.996154,1,,0,,,0,no_upcoming,9,tailwind,,L,sponsor_confirmed|momentum_tailwind,clinical_score:-40.3;financial_score:+27.6;momentum_score:+15.8,tier=;reason=;cat_days=NA;strength=missing;decay_w=0.0,v1.3.0,31f399e0,1,,0,,"{""burn_ttm"": 0.0, ""cash_total"": 775340000.0, ""dilution_risk"": null, ""has_revenue"": null, ""lead_phase"": null, ""runway_months"": null, ""stage_bucket"": ""late"", ""surv_score"": ""2.0"", ""tier1_count"": 3}",late|none|nonpos,0.07721950850661626,79.184,-0.2036,198,1,-1.4768,-1.8389,3,3,selling,0.0265,elite_3,0.0,0.0,0.0,,,0.0,0,0,0,True,False,True,missing,0.0,adequate,<=1000bps,643.37,0.85,1,0,1.0,0,1.0,0,,False,no_upcoming,0.104402,price_history,,3,0.8865,price_history,,-0.199375,,45.8501,0.3158,-0.462867,0.263492,late,small,none,commercial_biotech,morningstar,,,,0,0.8781327287155651286702187961,65.17,41.25000000000000000000000000,54.5,90.00,9.046675601654915214731076280,77.000,8.3815,-1.4958,3.0,585,6,1.0,0.2096,0,0,0.0,0.6,0.6,autoimmune,-1.3448,uncrowded,1.0,30,0.07721950850661626,0.887833,1.2151,21.31,0.45057,-0.1242
KROS,"Keros Therapeutics, Inc.",111,0.7,B,high_quality+no_catalyst_data,,,B,0.690114,0.988462,1,,0,,,0,no_upcoming,9,tailwind,,L,sponsor_confirmed|momentum_tailwind|cost_haircut_<=2000bps,clinical_score:-38.9;financial_score:+18.9;momentum_score:+13.1,tier=;reason=;cat_days=NA;strength=missing;decay_w=0.0,v1.3.0,31f399e0,1,,0,,"{""burn_ttm"": 0.0, ""cash_total"": 693472000.0, ""dilution_risk"": null, ""has_revenue"": null, ""lead_phase"": null, ""runway_months"": null, ""stage_bucket"": ""early"", ""surv_score"": ""5.0"", ""tier1_count"": 4}",early|none|nonpos,-0.00746955223880597,78.121081,-1.5088,,0,-1.1915,-1.5253,4,4,buying,0.4139,elite_4,0.0,0.0,0.0,,,0.0,0,0,0,True,False,True,missing,0.0,adequate,<=2000bps,1232.31,0.7,1,0,1.0,0,1.0,0,,False,no_upcoming,0.413758,price_history,,4,0.9827,price_history,,-0.346809,,42.5436,0.4961,-0.462867,0.116058,early,small,sev1,commercial_biotech,morningstar,,,,0,0.7151622064210299504417151476,67.70,50,66.0,90.00,15.66700537088111482072869792,73.51351351351351351351351351,15.842,-1.1802,,,,,,,,,,,,-1.3448,unknown,1.0,182,-0.00746955223880597,0.309886,-0.4962,21.87,0.477186,-0.0572
INSM,Insmed Incorporated,112,1.0,C,low_quality+no_catalyst_data,,,C,0.374525,0.057692,1,,0,,,0,no_upcoming,9,neutral,deep_drawdown,L,sponsor_confirmed,smart_money_score:+26.4;financial_score:-22.3;catalyst_score:-9.3,tier=;reason=;cat_days=NA;strength=missing;decay_w=0.0,v1.3.0,31f399e0,1,,0,,"{""burn_ttm"": 935014000.0, ""cash_total"": 1430047000.0, ""dilution_risk"": null, ""has_revenue"": null, ""lead_phase"": null, ""runway_months"": 16.84374990798079, ""stage_bucket"": ""late"", ""surv_score"": ""-1.0"", ""tier1_count"": 14}",late|none|pos,0.027091856115107917,26.792737,0.9019,0,1,0.4359,0.5456,14,14,buying,4.2875,elite_14,0.0,0.0,0.0,,,0.0,0,0,0,True,False,True,missing,0.0,adequate,<=400bps,156.57,1.0,0,0,1.0,0,1.0,0,,False,no_upcoming,0.001167,price_history,,14,0.9936,price_history,,-0.488036,,41.6671,0.5709,-0.462867,-0.025169,late,large,none,commercial_biotech,morningstar,,,,0,0.8864977253681312103435891297,52.82,41.25000000000000000000000000,77.0,10.00,53.43511450381679389312977099,28.28608148968267842459323143,52.4513,0.3682,3.0,463,18,1.0,0.3138,0,0,0.0,0.4,0.5,respiratory,-0.2978,uncrowded,1.0,99,0.027091856115107917,0.625475,0.3199,31.80,0.63308,0.34
PTCT,"PTC Therapeutics, Inc.",113,1.0,B,high_quality+no_catalyst_data,,,B,0.157795,0.980769,1,,0,,,0,no_upcoming,9,tailwind,deep_drawdown,L,sponsor_confirmed|momentum_tailwind,clinical_score:-27.0;financial_score:+19.3;catalyst_score:-16.4,tier=;reason=;cat_days=NA;strength=missing;decay_w=0.0,v1.3.0,31f399e0,1,,0,,"{""burn_ttm"": 0.0, ""cash_total"": 1945371000.0, ""dilution_risk"": null, ""has_revenue"": null, ""lead_phase"": null, ""runway_months"": null, ""stage_bucket"": ""late"", ""surv_score"": ""3.0"", ""tier1_count"": 5}",late|none|nonpos,0.07721950850661626,77.3125,0.8792,0,1,-0.5437,-0.8133,5,5,buying,0.8012,elite_5,0.0,0.0,0.0,,,0.0,0,0,0,True,False,True,missing,0.0,adequate,<=400bps,343.08,1.0,0,0,1.0,0,1.0,0,,False,no_upcoming,0.263615,price_history,,5,0.9153,price_history,,-0.370973,,51.3108,0.3495,-0.462867,0.091894,late,mid,none,commercial_biotech,morningstar,,,,0,0.8904889559164733178654292343,67.87,41.25000000000000000000000000,71.5,83.11,30.70042538313618087524037061,77.000,32.0051,-0.4966,3.0,33,37,1.0,2.108,2,3,0.0,0.4,0.95,oncology,-0.2978,uncrowded,1.0,42,0.07721950850661626,0.842205,1.0036,32.49,0.640684,0.3603
PCRX,"Pacira BioSciences, Inc.",114,0.85,B,high_quality+no_catalyst_data,,,B,0.739544,0.919231,1,,0,,,0,no_upcoming,9,tailwind,,L,momentum_tailwind,clinical_score:-35.5;momentum_score:+24.2;financial_score:+12.6,tier=;reason=;cat_days=NA;strength=missing;decay_w=0.0,v1.3.0,31f399e0,1,,0,,"{""burn_ttm"": 0.0, ""cash_total"": 246334000.0, ""dilution_risk"": null, ""has_revenue"": null, ""lead_phase"": null, ""runway_months"": null, ""stage_bucket"": ""early"", ""surv_score"": ""-1.0"", ""tier1_count"": 0}",early|none|nonpos,-0.00746955223880597,72.396703,-1.5088,,0,-1.3258,-1.7281,0,0,neutral,-1.1356,,0.0,0.0,0.0,,,0.0,0,0,0,True,False,True,missing,0.0,adequate,<=1000bps,713.74,0.85,1,0,1.0,0,1.0,0,,False,no_upcoming,0.25752,price_history,,0,0.4763,price_history,,-0.203629,,57.4524,0.3370,-0.462867,0.259238,early,small,sev1,commercial_pharma,morningstar,,,,0,0.7067802807704864511916421809,75.39,50,,81.76,15.66700537088111482072869792,63.78378378378378378378378378,15.842,-1.1802,,,,,,,,,,,,-1.3448,unknown,1.0,195,-0.00746955223880597,0.260456,-0.6419,17.88,0.363118,-0.3501
RGNX,REGENXBIO Inc.,115,0.21,B,high_quality+no_catalyst_data,,,B,0.857414,0.911538,1,,0,,,0,no_upcoming,9,neutral,deep_drawdown,S,cost_haircut_<=2000bps,financial_score:+16.7;catalyst_score:-10.3;clinical_score:-9.1,tier=;reason=;cat_days=NA;strength=missing;decay_w=0.0,v1.3.0,31f399e0,1,,0,,"{""burn_ttm"": 71673000.0, ""cash_total"": 274205000.0, ""dilution_risk"": null, ""has_revenue"": null, ""lead_phase"": null, ""runway_months"": 45.90933824452723, ""stage_bucket"": ""mid"", ""surv_score"": ""5.0"", ""tier1_count"": 1}",mid|none|nonpos,-0.01560273913043478,71.911717,-0.7706,394,1,-0.0412,-0.261,1,1,buying,-0.7482,elite_1,0.0,0.0,0.0,,,0.0,0,0,0,True,False,True,missing,0.0,adequate,<=2000bps,1127.96,0.7,1,0,1.0,0,1.0,0,,False,no_upcoming,0.041249,price_history,,1,1.1258,price_history,,-0.458462,,41.564,0.6963,-0.462867,0.004405,mid,small,none,commercial_biotech,morningstar,,,,0,0.7611396326620933834919229918,50.19,41.25000000000000000000000000,55.5,89.06,42.36294896030245746691871456,68.22826086956521739130434782,40.9368,-0.1188,2.0,394,13,1.0,0.0186,0,0,0.0,0.3,0.55,ophthalmology,-0.2978,uncrowded,1.0,226,-0.01560273913043478,0.142586,-1.0688,33.60,0.671103,0.443
IMCR,Immunocore Holdings plc,116,0.51,C,mod_quality+no_catalyst_data,,,C,0.826996,0.819231,1,,0,,,0,no_upcoming,9,headwind,deep_drawdown,M,sponsor_confirmed|momentum_headwind,clinical_score:-38.7;smart_money_score:+31.5;financial_score:+19.9,tier=;reason=;cat_days=NA;strength=missing;decay_w=0.0,v1.3.0,31f399e0,1,,0,,"{""burn_ttm"": 10712000.0, ""cash_total"": 864153000.0, ""dilution_risk"": null, ""has_revenue"": null, ""lead_phase"": null, ""runway_months"": 453.2667191188041, ""stage_bucket"": ""mid"", ""surv_score"": ""4.0"", ""tier1_count"": 6}",mid|none|nonpos,-0.01560273913043478,65.207,-0.8277,504,1,-1.4422,-1.3848,6,6,buying,1.1886,elite_6,0.0,0.0,0.0,,,0.0,0,0,0,True,False,True,missing,0.0,adequate,<=1000bps,888.71,0.85,1,0,1.0,0,1.0,0,,False,no_upcoming,-0.006834,price_history,,6,1.3229,price_history,,-0.599397,,39.5891,0.4195,-0.462867,-0.13653,mid,small,none,commercial_biotech,morningstar,,,,0,0.8544898093359631821170282709,43.03,41.25000000000000000000000000,80.0,73.71,9.848771266540642722117202270,68.450,8.7988,-1.4781,2.0,504,7,1.0,0.0343,0,0,0.0,0.3,0.95,oncology,0.7492,highly_crowded,1.0,218,-0.01560273913043478,0.173004,-0.9424,21.33,0.454373,-0.1146
RPRX,Royalty Pharma plc,117,1.0,C,mod_quality+no_catalyst_data,,,C,0.758555,0.780769,1,,0,,,0,no_upcoming,9,tailwind,,L,momentum_tailwind,clinical_score:-32.4;momentum_score:+24.8;smart_money_score:+4.4,tier=;reason=;cat_days=NA;strength=missing;decay_w=0.0,v1.3.0,31f399e0,1,,0,,"{""burn_ttm"": 0.0, ""cash_total"": 618696000.0, ""dilution_risk"": null, ""has_revenue"": null, ""lead_phase"": null, ""runway_months"": null, ""stage_bucket"": ""early"", ""surv_score"": ""3.0"", ""tier1_count"": 1}",early|none|nonpos,-0.00746955223880597,59.931925,-1.5088,,0,-1.1915,-1.1271,1,1,neutral,-0.7482,elite_1,0.0,0.0,0.0,,,0.0,0,0,0,True,False,True,missing,0.0,adequate,<=400bps,240.28,1.0,0,0,1.0,0,1.0,0,,False,no_upcoming,0.075686,price_history,,1,0.1934,price_history,,-0.166727,,52.9748,0.257,-0.462867,0.29614,early,large,sev1,commercial_biotech,morningstar,,,,0,0.7307844682048396173325830051,72.88,50,52.5,66.23,15.66700537088111482072869792,49.27872131094659763552200771,15.842,-1.1802,,,,,,,,,,,,-1.3448,unknown,1.0,200,-0.00746955223880597,0.241445,-0.7017,16.70,0.306084,-0.507
AQST,"Aquestive Therapeutics, Inc.",118,0.51,C,mod_quality+no_catalyst_data,,,C,0.036122,0.765385,1,,0,,,0,no_upcoming,9,headwind,deep_drawdown,M,sponsor_confirmed|momentum_headwind,smart_money_score:+24.2;clinical_score:-16.3;momentum_score:-9.6,tier=;reason=;cat_days=NA;strength=missing;decay_w=0.0,v1.3.0,31f399e0,1,,0,,"{""burn_ttm"": 43963000.0, ""cash_total"": 129063000.0, ""dilution_risk"": null, ""has_revenue"": null, ""lead_phase"": null, ""runway_months"": 35.22862407024088, ""stage_bucket"": ""late"", ""surv_score"": ""0.0"", ""tier1_count"": 4}",late|none|nonpos,0.07721950850661626,59.2465,0.8797,0,1,-0.6598,-0.3124,4,4,buying,0.4139,elite_4,0.0,0.0,0.0,,,0.0,0,0,0,True,False,True,missing,0.0,adequate,<=1000bps,726.16,0.85,1,0,1.0,0,1.0,0,,False,no_upcoming,-0.271108,price_history,,4,0.8825,price_history,,-0.59584,,28.3499,0.9486,-0.462867,-0.132973,late,small,none,commercial_pharma,morningstar,,,,0,0.8024997145141030033116364052,38.23,41.25000000000000000000000000,72.0,75.43,31.50250244417251001948863379,56.00000000000000000000000000,29.7525,-0.5919,3.0,,4,1.0,0.0,0,0,0.0,0.3,0.6,cns,0.7492,highly_crowded,1.0,10,0.07721950850661626,0.963878,1.7976,22.43,0.492395,-0.0191
IDYA,"IDEAYA Biosciences, Inc.",119,0.85,C,low_quality+no_catalyst_data,,,C,0.922053,0.557692,1,,0,,,0,no_upcoming,9,neutral,deep_drawdown,L,sponsor_confirmed,catalyst_score:-14.0;financial_score:+12.1;smart_money_score:+9.8,tier=;reason=;cat_days=NA;strength=missing;decay_w=0.0,v1.3.0,31f399e0,1,,0,,"{""burn_ttm"": 71098000.0, ""cash_total"": 639388000.0, ""dilution_risk"": null, ""has_revenue"": null, ""lead_phase"": null, ""runway_months"": 107.9166221272047, ""stage_bucket"": ""early"", ""surv_score"": ""5.0"", ""tier1_count"": 6}",early|none|pos,-0.1,48.351464,-1.3195,1795,1,0.4904,0.6016,6,6,neutral,1.1886,elite_6,0.0,0.0,0.0,,,0.0,0,0,0,True,False,True,missing,0.0,adequate,<=1000bps,591.25,0.85,1,0,1.0,0,1.0,0,,False,no_upcoming,0.039214,price_history,,6,1.1873,price_history,,-0.388109,,40.6493,0.3864,-0.462867,0.074758,early,mid,none,commercial_biotech,morningstar,,,,0,0.7873724953869532182785194833,47.90,41.25000000000000000000000000,65.0,24.23,54.69879518072289156626506024,67.31325301204819277108433735,53.6488,0.4189,1.0,1795,2,0.3333,0.0,0,0,0.0,0.3,0.85,oncology,0.7492,highly_crowded,1.0,243,-0.1,0.077947,-1.419,45.56,0.880228,1.1761
MDGL,"Madrigal Pharmaceuticals, Inc.",120,0.6,C,low_quality+no_catalyst_data,,,C,0.393536,0.034615,1,,0,,,0,no_upcoming,9,headwind,deep_drawdown,M,sponsor_confirmed|momentum_headwind,financial_score:-34.3;smart_money_score:+32.6;clinical_score:+6.3,tier=;reason=;cat_days=NA;strength=missing;decay_w=0.0,v1.3.0,31f399e0,1,,0,,"{""burn_ttm"": 189553000.0, ""cash_total"": 198693000.0, ""dilution_risk"": null, ""has_revenue"": null, ""lead_phase"": null, ""runway_months"": 12.363577910292975, ""stage_bucket"": ""late"", ""surv_score"": ""-3.0"", ""tier1_count"": 6}",late|none|pos,0.027091856115107917,22.322305,0.8979,0,1,0.3175,0.4239,6,6,buying,1.1886,elite_6,0.0,0.0,0.0,,,0.0,0,0,0,True,False,True,missing,0.0,adequate,<=400bps,264.79,1.0,0,0,1.0,0,1.0,0,,False,no_upcoming,-0.074307,price_history,,6,1.0217,price_history,,-0.58151,,28.409,0.4350,-0.462867,-0.118643,late,mid,sev1,commercial_biotech,morningstar,,,,0,0.8854547241817971550826876373,42.84,41.25000000000000000000000000,77.0,26.29,50.68702290076335877862595420,10.11734379809172052939365959,49.2178,0.2315,3.0,340,3,0.6667,0.0882,0,0,0.0,0.4,0.55,metabolic,0.7492,highly_crowded,1.0,104,0.027091856115107917,0.606464,0.2701,24.43,0.530418,0.0763
BEAM,Beam Therapeutics Inc.,121,0.51,C,mod_quality+no_catalyst_data,,,C,0.636882,0.734615,1,,0,,,0,no_upcoming,9,neutral,high_beta|deep_drawdown,M,sponsor_confirmed|high_risk,clinical_score:-34.5;financial_score:+18.3;smart_money_score:+15.9,tier=;reason=;cat_days=NA;strength=missing;decay_w=0.0,v1.3.0,31f399e0,1,,0,,"{""burn_ttm"": 345102000.0, ""cash_total"": 1245210000.0, ""dilution_risk"": null, ""has_revenue"": null, ""lead_phase"": null, ""runway_months"": 43.29885077455361, ""stage_bucket"": ""early"", ""surv_score"": ""5.0"", ""tier1_count"": 4}",early|none|nonpos,-0.00746955223880597,58.3965,-1.5088,,0,-1.1915,-1.1271,4,4,buying,0.4139,elite_4,0.0,0.0,0.0,,,0.0,0,0,0,True,False,True,missing,0.0,adequate,<=1000bps,448.95,0.85,1,0,1.0,0,1.0,0,,False,no_upcoming,0.295208,price_history,,4,1.8593,price_history,,-0.481961,,48.9972,0.7330,-0.462867,-0.019094,early,mid,sev1,commercial_biotech,morningstar,,,,0,0.6569204013377926421404682274,50.47,50,66.0,50,15.66700537088111482072869792,68.450,15.842,-1.1802,,,,,,,,,,,,-1.3448,unknown,1.0,168,-0.00746955223880597,0.363118,-0.3501,19.14,0.389734,-0.28
AUPH,Aurinia Pharmaceuticals Inc,122,0.51,C,mod_quality+no_catalyst_data,,,C,0.306084,0.626923,1,,0,,,0,no_upcoming,9,neutral,deep_drawdown,M,,financial_score:-12.8;smart_money_score:+11.4;momentum_score:+5.9,tier=;reason=;cat_days=NA;strength=missing;decay_w=0.0,v1.3.0,31f399e0,1,,0,,"{""burn_ttm"": 0.0, ""cash_total"": 80160000.0, ""dilution_risk"": null, ""has_revenue"": null, ""lead_phase"": null, ""runway_months"": null, ""stage_bucket"": ""late"", ""surv_score"": ""1.0"", ""tier1_count"": 1}",late|none|pos,0.027091856115107917,50.774056,0.8899,0,1,-0.0395,0.0569,1,1,buying,-0.7482,elite_1,0.0,0.0,0.0,,,0.0,0,0,0,True,False,True,missing,0.0,adequate,<=1000bps,819.87,0.85,1,0,1.0,0,1.0,0,,False,no_upcoming,0.004611,price_history,,1,1.5036,price_history,,-0.496372,,41.1849,0.4141,-0.462867,-0.033505,late,small,none,commercial_biotech,morningstar,,,,0,0.8678169670180210812648758926,49.98,41.25000000000000000000000000,55.5,76.35,42.40085724090152736502016848,31.23456790123456790123456790,42.3717,-0.0581,3.0,,8,1.0,0.643,1,1,0.0,0.6,0.55,ophthalmology,0.7492,highly_crowded,1.0,81,0.027091856115107917,0.693916,0.507,31.31,0.625475,0.3199
MIRM,"Mirum Pharmaceuticals, Inc.",123,1.0,C,low_quality+no_catalyst_data,,,C,0.401141,0.434615,1,,0,,,0,no_upcoming,9,tailwind,,L,sponsor_confirmed|momentum_tailwind,momentum_score:+25.5;catalyst_score:-16.6;clinical_score:-12.8,tier=;reason=;cat_days=NA;strength=missing;decay_w=0.0,v1.3.0,31f399e0,1,,0,,"{""burn_ttm"": 0.0, ""cash_total"": 383327000.0, ""dilution_risk"": null, ""has_revenue"": null, ""lead_phase"": null, ""runway_months"": null, ""stage_bucket"": ""late"", ""surv_score"": ""3.0"", ""tier1_count"": 3}",late|none|pos,0.027091856115107917,46.034053,0.8939,0,1,0.0742,0.1738,3,3,buying,0.0265,elite_3,0.0,0.0,0.0,,,0.0,0,0,0,True,False,True,missing,0.0,adequate,<=400bps,372.43,1.0,0,0,1.0,0,1.0,0,,False,no_upcoming,0.373642,price_history,,3,0.731,price_history,,-0.130931,,66.196,0.4303,-0.462867,0.331936,late,mid,none,commercial_biotech,morningstar,,,,0,0.8899845492565055762081784387,83.37,41.25000000000000000000000000,66.5,15.54,45.04017507397263821714611295,53.15789473684210526315789473,44.1046,0.0152,3.0,213,15,1.0,0.3534,0,0,0.0,0.4,0.55,infectious_disease,-0.2978,uncrowded,1.0,106,0.027091856115107917,0.598859,0.2504,35.28,0.712928,0.562
VTRS,Viatris Inc.,124,1.0,C,mod_quality+no_catalyst_data,,,C,0.792776,0.696154,1,,0,,,0,no_upcoming,9,tailwind,,L,sponsor_confirmed|momentum_tailwind,clinical_score:-35.0;momentum_score:+24.1;smart_money_score:+9.8,tier=;reason=;cat_days=NA;strength=missing;decay_w=0.0,v1.3.0,31f399e0,1,,0,,"{""burn_ttm"": 0.0, ""cash_total"": 975300000.0, ""dilution_risk"": null, ""has_revenue"": null, ""lead_phase"": null, ""runway_months"": null, ""stage_bucket"": ""early"", ""surv_score"": ""-1.0"", ""tier1_count"": 2}",early|none|nonpos,-0.00746955223880597,53.617554,-1.5088,,0,-1.3258,-0.9873,2,2,buying,-0.3608,elite_2,0.0,0.0,0.0,,,0.0,0,0,0,True,False,True,missing,0.0,adequate,<=400bps,271.14,1.0,0,0,1.0,0,1.0,0,,False,no_upcoming,0.12193,price_history,,2,0.118,price_history,,-0.172843,,63.0581,0.337,-0.462867,0.290024,early,large,sev1,commercial_pharma,morningstar,,,,0,0.7317714541788034954066771230,74.82,50,60.5,42.90,15.66700537088111482072869792,52.53012048192771084337349398,15.842,-1.1802,,,,,,,,,,,,-1.3448,unknown,1.0,209,-0.00746955223880597,0.207224,-0.8161,20.06,0.420152,-0.2015
MRNA,"Moderna, Inc.",125,0.6,C,low_quality+no_catalyst_data,,,C,0.408745,0.234615,1,,0,,,0,no_upcoming,9,headwind,deep_drawdown,M,sponsor_confirmed|momentum_headwind,financial_score:-18.5;smart_money_score:+14.8;clinical_score:+4.6,tier=;reason=;cat_days=NA;strength=missing;decay_w=0.0,v1.3.0,31f399e0,1,,0,,"{""burn_ttm"": 1873000000.0, ""cash_total"": 2595000000.0, ""dilution_risk"": null, ""has_revenue"": null, ""lead_phase"": null, ""runway_months"": 16.625734116390817, ""stage_bucket"": ""late"", ""surv_score"": ""2.0"", ""tier1_count"": 3}",late|none|pos,0.027091856115107917,37.652668,0.8951,0,1,0.1511,0.2529,3,3,selling,0.0265,elite_3,0.0,0.0,0.0,,,0.0,0,0,0,True,False,True,missing,0.0,adequate,<=400bps,132.16,1.0,0,0,1.0,0,1.0,0,,False,no_upcoming,-0.337597,price_history,,3,0.5696,price_history,,-0.650484,,36.0098,0.6347,-0.462867,-0.187617,late,large,sev1,commercial_biotech,morningstar,,,,0,0.8724536087484811664641555286,42.26,41.25000000000000000000000000,57.0,52.94,46.82561881268250360960575983,23.71481848377134199638715692,47.2226,0.1471,3.0,332,26,1.0,0.4963,1,0,0.0,0.4,0.95,oncology,-0.2978,uncrowded,1.0,108,0.027091856115107917,0.591255,0.2308,27.27,0.579848,0.2015
TARS,"Tarsus Pharmaceuticals, Inc.",126,0.85,C,mod_quality+no_catalyst_data,,,C,0.176806,0.657692,1,,0,,,0,no_upcoming,9,neutral,deep_drawdown,L,sponsor_confirmed,clinical_score:-32.4;smart_money_score:+31.3;financial_score:+11.3,tier=;reason=;cat_days=NA;strength=missing;decay_w=0.0,v1.3.0,31f399e0,1,,0,,"{""burn_ttm"": 12451000.0, ""cash_total"": 417267000.0, ""dilution_risk"": null, ""has_revenue"": null, ""lead_phase"": null, ""runway_months"": 234.13466753951184, ""stage_bucket"": ""late"", ""surv_score"": ""0.0"", ""tier1_count"": 8}",late|none|nonpos,0.07721950850661626,52.219316,0.866,0,1,-1.0354,-0.9666,8,8,buying,1.9633,elite_8,0.0,0.0,0.0,,,0.0,0,0,0,True,False,True,missing,0.0,adequate,<=1000bps,462.33,0.85,1,0,1.0,0,1.0,0,,False,no_upcoming,0.056089,price_history,,8,1.0974,price_history,,-0.52043,,44.5178,0.4256,-0.462867,-0.057563,late,mid,none,commercial_biotech,morningstar,,,,0,0.8821725127255900046274872744,51.81,41.25000000000000000000000000,83.0,38.66,19.29083386749023949653283608,62.94736842105263157894736842,19.386,-1.0303,3.0,98,2,0.3333,0.8236,1,1,0.0,0.4,0.5,other,-0.2978,uncrowded,1.0,47,0.07721950850661626,0.823194,0.9276,25.61,0.545627,0.1146
BIOA,"BioAge Labs, Inc.",127,0.85,C,low_quality+no_catalyst_data,,,C,0.807985,0.573077,1,,0,,,0,no_upcoming,9,neutral,drawdown_data_missing,L,sponsor_confirmed,clinical_score:-42.0;smart_money_score:+25.0;financial_score:+19.6,tier=;reason=;cat_days=NA;strength=missing;decay_w=0.0,v1.3.0,31f399e0,1,,0,,"{""burn_ttm"": 53376000.0, ""cash_total"": 285778000.0, ""dilution_risk"": null, ""has_revenue"": null, ""lead_phase"": null, ""runway_months"": 63.32104316546763, ""stage_bucket"": ""mid"", ""surv_score"": ""5.0"", ""tier1_count"": 4}",mid|none|nonpos,-0.01560273913043478,49.250348,-0.3083,60,1,-1.7745,-1.442,4,4,buying,0.4139,elite_4,0.0,0.0,0.0,,,0.0,0,0,0,True,False,True,missing,0.0,adequate,<=1000bps,809.82,0.85,1,0,1.0,0,1.0,0,,False,no_upcoming,,,beta_missing:series_too_short,4,,,series_too_short,,no_price_series,,1.0312,-0.462867,,mid,small,none,commercial_pharma,morningstar,,,drawdown,1,0.7747716241375533895520753477,50,41.25000000000000000000000000,72.0,26.56,5,66.56521739130434782608695652,5.2807,-1.6269,2.0,60,3,0.6667,1.1532,2,2,0.0,0.4,0.55,infectious_disease,0.7492,highly_crowded,1.0,213,-0.01560273913043478,0.192015,-0.8705,19.53,0.401141,-0.2504
KRYS,"Krystal Biotech, Inc.",128,1.0,C,low_quality,,,C,0.488593,0.534615,1,,0,,243,0,specific_days,9,tailwind,,L,catalyst_far_lift|sponsor_confirmed|momentum_tailwind,clinical_score:-41.2;momentum_score:+24.3;smart_money_score:+22.5,tier=;reason=;cat_days=243;strength=far;decay_w=0.3,v1.3.0,31f399e0,1,,0,,"{""burn_ttm"": 0.0, ""cash_total"": 496304000.0, ""dilution_risk"": null, ""has_revenue"": null, ""lead_phase"": null, ""runway_months"": null, ""stage_bucket"": ""late"", ""surv_score"": ""2.0"", ""tier1_count"": 4}",late|near_181_270|nonpos,0.022976969696969697,47.825798,-0.2604,243,1,-1.5318,-1.4769,4,4,buying,0.4139,elite_4,0.0,0.0,0.0,,,0.0,0,0,0,True,False,True,far,0.3,adequate,<=400bps,347.42,1.0,0,0,1.0,0,1.0,0,243,False,specific_days,0.38299,price_history,,4,0.8721,price_history,,-0.331369,,46.8976,0.3475,-0.462867,0.131498,late,mid,none,commercial_biotech,morningstar,,,,0,0.8976753216645415555813144778,73.36,45.56250000000000000000000000,71.5,34.46,7.768842789529229713368166834,46.87288396429670667897814712,6.6235,-1.5701,3.0,546,6,1.0,0.0491,0,0,0.0,0.4,0.5,respiratory,-0.2978,uncrowded,1.0,129,0.022976969696969697,0.511407,0.0286,20.69,0.435361,-0.1627
DAWN,"Day One Biopharmaceuticals, Inc.",129,0.25,C,low_quality+no_catalyst_data,,,C,0.819392,0.519231,1,,0,,,0,no_upcoming,9,headwind,deep_drawdown,S,momentum_headwind,clinical_score:-35.2;financial_score:+25.2;smart_money_score:+11.8,tier=;reason=;cat_days=NA;strength=missing;decay_w=0.0,v1.3.0,31f399e0,1,,0,,"{""burn_ttm"": 103757000.0, ""cash_total"": 441113000.0, ""dilution_risk"": null, ""has_revenue"": null, ""lead_phase"": null, ""runway_months"": 51.01685669400619, ""stage_bucket"": ""mid"", ""surv_score"": ""4.0"", ""tier1_count"": 1}",mid|none|nonpos,-0.01560273913043478,47.6825,-0.8344,889,1,-1.5211,-1.4659,1,1,neutral,-0.7482,elite_1,0.0,0.0,0.0,,,0.0,0,0,0,True,False,True,missing,0.0,adequate,<=1000bps,612.55,0.85,1,0,1.0,0,1.0,0,,False,no_upcoming,-0.175063,price_history,,1,0.8284,price_history,,-0.471705,,45.1073,0.8040,-0.462867,-0.008838,mid,small,none,commercial_biotech,morningstar,,,,0,0.7486483090185676392572944297,43.38,41.25000000000000000000000000,55.0,23.44,8.017223272421760134425540846,68.450,6.9672,-1.5556,2.0,889,3,0.6667,0.0006,0,0,0.0,0.3,0.95,oncology,0.7492,highly_crowded,1.0,216,-0.01560273913043478,0.180608,-0.913,17.17,0.328897,-0.443
AMLX,"Amylyx Pharmaceuticals, Inc.",130,0.85,C,low_quality+no_catalyst_data,,,C,0.024715,0.488462,1,,0,,,0,no_upcoming,9,neutral,drawdown_data_missing,L,sponsor_confirmed,smart_money_score:+34.9;clinical_score:-29.0;catalyst_score:-8.8,tier=;reason=;cat_days=NA;strength=missing;decay_w=0.0,v1.3.0,31f399e0,1,,0,,"{""burn_ttm"": 95440000.0, ""cash_total"": 343990000.0, ""dilution_risk"": null, ""has_revenue"": null, ""lead_phase"": null, ""runway_months"": 43.251047778709136, ""stage_bucket"": ""late"", ""surv_score"": ""5.0"", ""tier1_count"": 9}",late|none|nonpos,0.07721950850661626,46.674,0.0822,100,1,-1.0968,-0.7552,9,9,buying,2.3507,elite_9,0.0,0.0,0.0,,,0.0,0,0,0,True,False,True,missing,0.0,adequate,<=1000bps,684.74,0.85,1,0,1.0,0,1.0,0,,False,no_upcoming,,,beta_missing:insufficient_overlap,9,,,insufficient_overlap,,series_too_short,64.1847,0.6469,-0.462867,,late,small,none,commercial_pharma,morningstar,,,drawdown,1,0.8663174122659490974324475838,50,41.25000000000000000000000000,85,36.64,21.11149958886104798347674636,53.00000000000000000000000000,19.6422,-1.0195,3.0,333,4,1.0,0.1748,0,0,0.0,0.4,0.6,cns,0.7492,highly_crowded,1.0,7,0.07721950850661626,0.975285,1.9649,24.43,0.534221,0.0859
FTRE,Fortrea Holdings Inc.,131,0.51,C,low_quality+no_catalyst_data,,,C,0.68251,0.480769,1,,0,,,0,no_upcoming,9,neutral,drawdown_data_missing,M,,clinical_score:-25.5;smart_money_score:+14.3;catalyst_score:+8.8,tier=;reason=;cat_days=NA;strength=missing;decay_w=0.0,v1.3.0,31f399e0,1,,0,,"{""burn_ttm"": 15600000.0, ""cash_total"": 131300000.0, ""dilution_risk"": null, ""has_revenue"": null, ""lead_phase"": null, ""runway_months"": 43.69230769230769, ""stage_bucket"": ""early"", ""surv_score"": ""1.0"", ""tier1_count"": 1}",early|none|nonpos,-0.00746955223880597,46.611916,-1.5088,,0,-1.1915,-1.1271,1,1,buying,-0.7482,elite_1,0.0,0.0,0.0,,,0.0,0,0,0,True,False,True,missing,0.0,adequate,<=1000bps,770.09,0.85,1,0,1.0,0,1.0,0,,False,no_upcoming,,,beta_missing:series_too_short,1,,,series_too_short,,no_price_series,,0.8315,-0.462867,,early,small,sev1,commercial_biotech,morningstar,,,drawdown,1,0.5997502959853621784522656334,50,50,55.5,59.75,15.66700537088111482072869792,34.88759029299569840110380650,15.842,-1.1802,,,,,,,,,,,,-1.3448,unknown,1.0,180,-0.00746955223880597,0.31749,-0.4747,13.65,0.165399,-0.9725
LGND,Ligand Pharmaceuticals Incorporated,132,0.85,C,low_quality+no_catalyst_data,,,C,0.697719,0.426923,1,,0,,,0,no_upcoming,9,tailwind,deep_drawdown,L,momentum_tailwind,clinical_score:-32.0;momentum_score:+15.4;financial_score:+14.3,tier=;reason=;cat_days=NA;strength=missing;decay_w=0.0,v1.3.0,31f399e0,1,,0,,"{""burn_ttm"": 0.0, ""cash_total"": 664522000.0, ""dilution_risk"": null, ""has_revenue"": null, ""lead_phase"": null, ""runway_months"": null, ""stage_bucket"": ""early"", ""surv_score"": ""3.0"", ""tier1_count"": 0}",early|none|nonpos,-0.00746955223880597,45.91647,-1.5088,,0,-1.1915,-1.1271,0,0,neutral,-1.1356,,0.0,0.0,0.0,,,0.0,0,0,0,True,False,True,missing,0.0,adequate,<=1000bps,494.19,0.85,1,0,1.0,0,1.0,0,,False,no_upcoming,0.022269,price_history,,0,0.801,price_history,,-0.422555,,44.0042,0.2960,-0.462867,0.040312,early,mid,sev1,commercial_biotech,morningstar,,,,0,0.7042993705135284373274434014,63.05,50,,15.54,15.66700537088111482072869792,61.92771084337349397590361446,15.842,-1.1802,,,,,,,,,,,,-1.3448,unknown,1.0,184,-0.00746955223880597,0.302281,-0.5179,16.34,0.264259,-0.6303
NTRA,"Natera, Inc.",133,1.0,C,low_quality,,,C,0.252852,0.211538,1,,0,,1674,0,specific_days,9,headwind,deep_drawdown,L,catalyst_far_lift|sponsor_confirmed|momentum_headwind,clinical_score:+23.0;momentum_score:-8.3;financial_score:-7.9,tier=;reason=;cat_days=1674;strength=far;decay_w=0.3,v1.3.0,31f399e0,1,,0,,"{""burn_ttm"": 0.0, ""cash_total"": 1000000.0, ""dilution_risk"": null, ""has_revenue"": null, ""lead_phase"": null, ""runway_months"": null, ""stage_bucket"": ""late"", ""surv_score"": ""2.0"", ""tier1_count"": 5}",late|far_271_540|nonpos,0.030535590909090908,34.631079,1.1504,0,1,,0.0,5,5,selling,0.8012,elite_5,0.0,0.0,0.0,,,0.0,0,0,0,True,False,True,far,0.3,adequate,<=400bps,210.15,1.0,0,0,1.0,0,1.0,0,1674,False,specific_days,-0.009995,price_history,,5,1.1817,price_history,,-0.440883,,44.6669,0.3255,-0.462867,0.021984,late,large,none,platform_diagnostics,morningstar,,,,0,0.8351120689655172413793103448,44.62,45.56250000000000000000000000,53.5,15.54,75.87786259541984732824427481,45.04017507397263821714611295,76.2501,1.3748,3.0,134,56,1.0,0.5084,0,1,0.0,0.8,0.95,oncology,-0.2978,uncrowded,1.0,67,0.030535590909090908,0.747148,0.6655,35.77,0.731939,0.6187
ONC,BeOne Medicines Ltd.,134,1.0,C,low_quality+no_catalyst_data,,,C,0.142586,0.388462,1,,0,,,0,no_upcoming,9,neutral,deep_drawdown,L,sponsor_confirmed,clinical_score:-29.3;financial_score:+16.3;smart_money_score:+13.8,tier=;reason=;cat_days=NA;strength=missing;decay_w=0.0,v1.3.0,31f399e0,1,,0,,"{""burn_ttm"": 0.0, ""cash_total"": 4547530000.0, ""dilution_risk"": null, ""has_revenue"": null, ""lead_phase"": null, ""runway_months"": null, ""stage_bucket"": ""late"", ""surv_score"": ""3.0"", ""tier1_count"": 2}",late|none|nonpos,0.07721950850661626,44.477153,-0.2686,304,1,-1.0971,-1.0301,2,2,buying,-0.3608,elite_2,0.0,0.0,0.0,,,0.0,0,0,0,True,False,True,missing,0.0,adequate,<=400bps,342.35,1.0,0,0,1.0,0,1.0,0,,False,no_upcoming,-0.160918,price_history,,2,0.6259,price_history,,-0.398274,,47.7663,0.415,-0.462867,0.064593,late,large,none,commercial_biotech,morningstar,,,,0,0.8703968541236487307178428276,52.29,41.25000000000000000000000000,61.0,15.54,17.85760995538980504891582334,63.51145038167938931297709924,17.0883,-1.1275,3.0,464,21,1.0,0.1409,0,0,0.0,0.4,0.95,oncology,0.7492,highly_crowded,1.0,38,0.07721950850661626,0.857414,1.0688,20.75,0.439163,-0.1531
ALNY,"Alnylam Pharmaceuticals, Inc.",135,1.0,C,low_quality,,,C,0.237643,0.373077,1,,0,,700,0,specific_days,9,neutral,,L,catalyst_far_lift|sponsor_confirmed,smart_money_score:+14.7;clinical_score:-10.5;catalyst_score:-4.8,tier=;reason=;cat_days=700;strength=far;decay_w=0.3,v1.3.0,31f399e0,1,,0,,"{""burn_ttm"": 0.0, ""cash_total"": 1657250000.0, ""dilution_risk"": null, ""has_revenue"": null, ""lead_phase"": null, ""runway_months"": null, ""stage_bucket"": ""late"", ""surv_score"": ""3.0"", ""tier1_count"": 6}",late|far_271_540|nonpos,0.030535590909090908,44.261981,0.889,0,1,-0.1513,-0.0579,6,6,neutral,1.1886,elite_6,0.0,0.0,0.0,,,0.0,0,0,0,True,False,True,far,0.3,adequate,<=400bps,144.92,1.0,0,0,1.0,0,1.0,0,700,False,specific_days,0.04767,price_history,,6,0.8292,price_history,,-0.342539,,38.3805,0.3472,-0.462867,0.120328,late,large,none,commercial_biotech,morningstar,,,,0,0.9,49.17,45.56250000000000000000000000,65.0,31.43,39.80815673782284119677045497,52.06106870229007633587786259,40.4128,-0.141,3.0,140,41,1.0,1.6011,2,2,0.0,0.4,0.55,metabolic,-0.2978,uncrowded,1.0,63,0.030535590909090908,0.762357,0.7139,40.14,0.811787,0.8845
MRVI,"Maravai LifeSciences Holdings, Inc.",136,0.21,C,low_quality+no_catalyst_data,,,C,0.705323,0.365385,1,,0,,,0,no_upcoming,9,neutral,deep_drawdown,S,cost_haircut_<=2000bps,clinical_score:-22.4;catalyst_score:+11.9;momentum_score:+11.3,tier=;reason=;cat_days=NA;strength=missing;decay_w=0.0,v1.3.0,31f399e0,1,,0,,"{""burn_ttm"": 34805000.0, ""cash_total"": 243574000.0, ""dilution_risk"": null, ""has_revenue"": null, ""lead_phase"": null, ""runway_months"": 82.10337595173107, ""stage_bucket"": ""early"", ""surv_score"": ""-2.0"", ""tier1_count"": 0}",early|none|nonpos,-0.00746955223880597,44.206817,-1.5088,,0,-1.1915,-1.1271,0,0,neutral,-1.1356,,0.0,0.0,0.0,,,0.0,0,0,0,True,False,True,missing,0.0,adequate,<=2000bps,1558.12,0.7,1,0,1.0,0,1.0,0,,False,no_upcoming,-0.099897,price_history,,0,0.8514,price_history,,-0.52293,,41.3884,0.6854,-0.462867,-0.060063,early,small,sev1,commercial_biotech,morningstar,,,,0,0.6461128528278304343297573169,49.39,50,,50,15.66700537088111482072869792,37.39737034331628926223520819,15.842,-1.1802,,,,,,,,,,,,-1.3448,unknown,1.0,186,-0.00746955223880597,0.294677,-0.5398,11.24,0.096958,-1.2991
GH,"Guardant Health, Inc.",137,0.6,C,low_quality,,,C,0.211027,0.188462,1,,0,,90,0,specific_days,9,headwind,deep_drawdown,M,sponsor_confirmed|momentum_headwind,clinical_score:+15.7;smart_money_score:+12.1;momentum_score:-10.6,tier=;reason=;cat_days=90;strength=near;decay_w=1.0,v1.3.0,31f399e0,1,,0,,"{""burn_ttm"": 184760000.0, ""cash_total"": 378203000.0, ""dilution_risk"": null, ""has_revenue"": null, ""lead_phase"": null, ""runway_months"": 24.05654706689919, ""stage_bucket"": ""late"", ""surv_score"": ""-1.0"", ""tier1_count"": 3}",late|near_31_90|nonpos,0.0613193023255814,33.62203,1.1448,0,1,,0.0,3,3,buying,0.0265,elite_3,0.0,0.0,0.0,,,0.0,0,0,0,True,False,True,near,1.0,adequate,<=400bps,236.1,1.0,0,0,1.0,0,1.0,0,90,False,specific_days,-0.044536,price_history,,3,1.1466,price_history,,-0.611669,,36.681,0.6981,-0.462867,-0.148802,late,large,none,platform_diagnostics,morningstar,,,,0,0.9,43.82,45.56250000000000000000000000,66.5,11.74,70.15267175572519083969465649,46.10895505959896146948183543,71.8766,1.1898,3.0,70,623,1.0,4.2595,4,7,0.0,0.9,0.95,oncology,-0.2978,uncrowded,1.0,56,0.0613193023255814,0.788973,0.8029,41.36,0.830798,0.9573
LAB,Standard BioTools Inc.,138,0.08,B,mod_quality+catalyst_near,,,B,0.230038,0.688462,1,,0,,29,1,specific_days,9,headwind,deep_drawdown,XS,momentum_headwind|cost_haircut_>2000bps,clinical_score:+23.6;financial_score:-17.1;catalyst_score:-12.7,tier=;reason=;cat_days=29;strength=near;decay_w=1.0,v1.3.0,31f399e0,1,,0,,"{""burn_ttm"": 73153000.0, ""cash_total"": 129418000.0, ""dilution_risk"": null, ""has_revenue"": null, ""lead_phase"": null, ""runway_months"": 21.229696663158037, ""stage_bucket"": ""late"", ""surv_score"": ""0.0"", ""tier1_count"": 1}",late|near_0_30|nonpos,0.03839184507042254,53.556222,1.1448,0,1,,0.0,1,1,buying,-0.7482,elite_1,0.0,0.0,0.0,,,0.0,0,0,0,True,False,True,near,1.0,adequate,>2000bps,2020.0,0.55,1,0,1.0,0,1.0,0,29,True,specific_days,-0.113088,price_history,,1,0.826,price_history,,-0.558704,,48.0336,0.7324,-0.462867,-0.095837,late,small,sev1,platform_devices,morningstar,,,,0,0.8219951397326852976913730255,43.92,33.93136400000000000000000000,55.5,90.00,70.15267175572519083969465649,29.49382716049382716049382716,71.5527,1.1762,3.0,5,718,1.0,6.1296,14,11,0.0,0.8,0.95,oncology,0.7492,highly_crowded,1.0,61,0.03839184507042254,0.769962,0.7387,23.36,0.507605,0.0191
DVAX,Dynavax Technologies Corporation,139,0.85,C,low_quality+no_catalyst_data,,,C,0.093156,0.35,1,,0,,,0,no_upcoming,9,tailwind,deep_drawdown,L,sponsor_confirmed|momentum_tailwind,momentum_score:+16.0;clinical_score:-8.7;financial_score:-7.0,tier=;reason=;cat_days=NA;strength=missing;decay_w=0.0,v1.3.0,31f399e0,1,,0,,"{""burn_ttm"": 0.0, ""cash_total"": 160247000.0, ""dilution_risk"": null, ""has_revenue"": null, ""lead_phase"": null, ""runway_months"": null, ""stage_bucket"": ""late"", ""surv_score"": ""2.0"", ""tier1_count"": 2}",late|none|nonpos,0.07721950850661626,41.565003,0.888,0,1,-0.3821,-0.0309,2,2,selling,-0.3608,elite_2,0.0,0.0,0.0,,,0.0,0,0,0,True,False,True,missing,0.0,adequate,<=1000bps,453.41,0.85,1,0,1.0,0,1.0,0,,False,no_upcoming,-0.081684,price_history,,2,0.9848,price_history,,-0.380611,,46.7034,0.7250,-0.462867,0.082256,late,small,none,commercial_pharma,morningstar,,,,0,0.8775088838526912181303116147,62.79,41.25000000000000000000000000,52.0,31.76,38.10558825243284190897966318,39.75778546712802768166089965,37.3363,-0.2711,3.0,925,16,1.0,0.1067,0,0,0.0,0.4,0.95,oncology,0.7492,crowded,1.0,25,0.07721950850661626,0.906844,1.3216,32.91,0.655894,0.4013
TKNO,"Alpha Teknova, Inc.",140,0.16,C,low_quality+no_catalyst_data,,,C,0.777567,0.326923,1,,0,,,0,no_upcoming,9,neutral,deep_drawdown,S,cost_haircut_>2000bps,clinical_score:-20.6;catalyst_score:+13.7;momentum_score:+12.5,tier=;reason=;cat_days=NA;strength=missing;decay_w=0.0,v1.3.0,31f399e0,1,,0,,"{""burn_ttm"": 8184000.0, ""cash_total"": 22116000.0, ""dilution_risk"": null, ""has_revenue"": null, ""lead_phase"": null, ""runway_months"": 32.42815249266862, ""stage_bucket"": ""early"", ""surv_score"": ""-1.0"", ""tier1_count"": 0}",early|none|nonpos,-0.00746955223880597,41.032057,-1.5088,,0,-1.3258,-0.9873,0,0,neutral,-1.1356,,0.0,0.0,0.0,,,0.0,0,0,0,True,False,True,missing,0.0,adequate,>2000bps,2036.0,0.55,1,0,1.0,0,1.0,0,,False,no_upcoming,0.078573,price_history,,0,1.2881,price_history,,-0.436026,,42.8447,0.5979,-0.462867,0.026841,early,micro,sev1,commercial_pharma,morningstar,,,,0,0.6585549896694214876033057851,48.71,50,,50,15.66700537088111482072869792,30.64457024886695375881034178,15.842,-1.1802,,,,,,,,,,,,-1.3448,unknown,1.0,205,-0.00746955223880597,0.222433,-0.764,11.27,0.104563,-1.256
ARWR,"Arrowhead Pharmaceuticals, Inc.",141,1.0,C,low_quality+no_catalyst_data,,,C,0.043726,0.319231,1,,0,,,0,no_upcoming,9,neutral,deep_drawdown,L,sponsor_confirmed,clinical_score:-29.2;smart_money_score:+16.1;financial_score:+11.4,tier=;reason=;cat_days=NA;strength=missing;decay_w=0.0,v1.3.0,31f399e0,1,,0,,"{""burn_ttm"": 0.0, ""cash_total"": 714967000.0, ""dilution_risk"": null, ""has_revenue"": null, ""lead_phase"": null, ""runway_months"": null, ""stage_bucket"": ""late"", ""surv_score"": ""5.0"", ""tier1_count"": 2}",late|none|nonpos,0.07721950850661626,40.859105,0.8565,0,1,-1.1881,-1.1236,2,2,buying,-0.3608,elite_2,0.0,0.0,0.0,,,0.0,0,0,0,True,False,True,missing,0.0,adequate,<=400bps,234.38,1.0,0,0,1.0,0,1.0,0,,False,no_upcoming,0.038223,price_history,,2,1.2593,price_history,,-0.416823,,39.7133,0.7267,-0.462867,0.046044,late,mid,none,commercial_biotech,morningstar,,,,0,0.7984220441854819130857004127,50.39,41.25000000000000000000000000,61.0,15.54,15.74662186223284061405383007,56.31578947368421052631578947,15.9479,-1.1757,3.0,819,15,1.0,0.9108,1,1,0.0,0.4,0.5,respiratory,-0.2978,uncrowded,1.0,12,0.07721950850661626,0.956274,1.709,17.34,0.3327,-0.4325
TEM,"Tempus AI, Inc.",142,1.0,C,low_quality,,,C,0.218631,0.45,1,,0,,151,0,specific_days,9,neutral,drawdown_data_missing,L,sponsor_confirmed,catalyst_score:-11.4;smart_money_score:+9.0;clinical_score:+8.8,tier=;reason=;cat_days=151;strength=mid;decay_w=0.7,v1.3.0,31f399e0,1,,0,,"{""burn_ttm"": 218090000.0, ""cash_total"": 604787000.0, ""dilution_risk"": null, ""has_revenue"": null, ""lead_phase"": null, ""runway_months"": 25.16826017748832, ""stage_bucket"": ""late"", ""surv_score"": ""1.0"", ""tier1_count"": 4}",late|near_91_180|nonpos,0.05349036082474226,46.193526,1.1383,0,1,,0.0,4,4,buying,0.4139,elite_4,0.0,0.0,0.0,,,0.0,0,0,0,True,False,True,mid,0.7,adequate,<=400bps,199.47,1.0,0,0,1.0,0,1.0,0,151,False,specific_days,,,beta_missing:series_too_short,4,,,series_too_short,,no_price_series,,0.5816,-0.462867,,late,mid,none,platform_services,morningstar,,,drawdown,1,0.8423474702380952380952380952,50,45.56250000000000000000000000,66.0,29.38,65.80152671755725190839694656,57.57894736842105263157894737,67.2842,0.9956,3.0,770,164,1.0,1.2854,1,1,0.0,0.8,0.95,oncology,-0.2978,uncrowded,1.0,58,0.05349036082474226,0.781369,0.7768,39.08,0.796578,0.8295
FOLD,"Amicus Therapeutics, Inc.",143,1.0,C,low_quality+no_catalyst_data,,,C,0.104563,0.296154,1,,0,,,0,no_upcoming,9,tailwind,deep_drawdown,L,sponsor_confirmed|momentum_tailwind,smart_money_score:+22.5;clinical_score:-16.0;catalyst_score:-10.3,tier=;reason=;cat_days=NA;strength=missing;decay_w=0.0,v1.3.0,31f399e0,1,,0,,"{""burn_ttm"": 0.0, ""cash_total"": 293536000.0, ""dilution_risk"": null, ""has_revenue"": null, ""lead_phase"": null, ""runway_months"": null, ""stage_bucket"": ""late"", ""surv_score"": ""1.0"", ""tier1_count"": 6}",late|none|nonpos,0.07721950850661626,39.711526,0.8864,0,1,-0.333,-0.2447,6,6,buying,1.1886,elite_6,0.0,0.0,0.0,,,0.0,0,0,0,True,False,True,missing,0.0,adequate,<=400bps,259.01,1.0,0,0,1.0,0,1.0,0,,False,no_upcoming,0.079863,price_history,,6,1.0494,price_history,,-0.533697,,43.4391,0.6001,-0.462867,-0.07083,late,mid,none,commercial_biotech,morningstar,,,,0,0.8938070601851851851851851852,55.31,41.25000000000000000000000000,74.0,15.54,35.59058329934153021385700134,51.57894736842105263157894737,35.0921,-0.366,3.0,1033,27,1.0,0.0006,0,0,0.0,0.7,0.75,rare_disease,0.7492,highly_crowded,1.0,28,0.07721950850661626,0.895437,1.256,33.64,0.674905,0.4535
BCRX,"BioCryst Pharmaceuticals, Inc.",144,0.85,C,low_quality+no_catalyst_data,,,C,0.321293,0.280769,1,,0,,,0,no_upcoming,9,tailwind,,L,sponsor_confirmed|momentum_tailwind,momentum_score:+30.0;financial_score:-22.6;smart_money_score:+11.2,tier=;reason=;cat_days=NA;strength=missing;decay_w=0.0,v1.3.0,31f399e0,1,,0,,"{""burn_ttm"": 0.0, ""cash_total"": 212873000.0, ""dilution_risk"": null, ""has_revenue"": null, ""lead_phase"": null, ""runway_months"": null, ""stage_bucket"": ""late"", ""surv_score"": ""3.0"", ""tier1_count"": 3}",late|none|pos,0.027091856115107917,39.466506,0.8886,0,1,-0.3464,0.0053,3,3,buying,0.0265,elite_3,0.0,0.0,0.0,,,0.0,0,0,0,True,False,True,missing,0.0,adequate,<=1000bps,517.78,0.85,1,0,1.0,0,1.0,0,,False,no_upcoming,0.563198,price_history,,3,1.0451,price_history,,-0.124646,,58.2658,0.4141,-0.462867,0.338221,late,mid,none,commercial_pharma,morningstar,,,,0,0.8862825561111757181067565996,79.30,41.25000000000000000000000000,60.5,33.11,38.95428264346159573710415736,26.70667897814712219144352108,39.6543,-0.173,3.0,65,25,1.0,1.5226,2,2,0.0,0.8,0.55,infectious_disease,0.7492,highly_crowded,1.0,85,0.027091856115107917,0.678707,0.4641,25.80,0.54943,0.1242
CDNA,"CareDx, Inc.",145,0.85,B,mod_quality+catalyst_near,,,B,0.226236,0.673077,1,,0,,29,1,specific_days,9,tailwind,deep_drawdown,L,sponsor_confirmed|momentum_tailwind,catalyst_score:-19.0;clinical_score:+11.5;smart_money_score:+7.6,tier=;reason=;cat_days=29;strength=near;decay_w=1.0,v1.3.0,31f399e0,1,,0,,"{""burn_ttm"": 0.0, ""cash_total"": 177208000.0, ""dilution_risk"": null, ""has_revenue"": null, ""lead_phase"": null, ""runway_months"": null, ""stage_bucket"": ""late"", ""surv_score"": ""1.0"", ""tier1_count"": 3}",late|near_0_30|nonpos,0.03839184507042254,52.759118,1.1345,0,1,,0.0,3,3,buying,0.0265,elite_3,0.0,0.0,0.0,,,0.0,0,0,0,True,False,True,near,1.0,adequate,<=1000bps,851.72,0.85,1,0,1.0,0,1.0,0,29,True,specific_days,0.240926,price_history,,3,1.257,price_history,,-0.560509,,51.6822,0.5165,-0.462867,-0.097642,late,small,none,platform_diagnostics,morningstar,,,,0,0.8791667068612082479199324732,53.91,33.93136400000000000000000000,60.5,53.38,64.42748091603053435114503817,51.76470588235294117647058824,66.1514,0.9477,3.0,193,221,1.0,2.6719,5,3,0.0,0.6,0.95,oncology,-0.2978,uncrowded,1.0,60,0.03839184507042254,0.773764,0.7513,42.42,0.853612,1.0521
HROW,"Harrow, Inc.",146,0.51,C,low_quality+no_catalyst_data,,,C,0.918251,0.088462,1,,0,,,0,no_upcoming,9,neutral,deep_drawdown,M,,financial_score:-15.0;smart_money_score:+8.9;clinical_score:+8.4,tier=;reason=;cat_days=NA;strength=missing;decay_w=0.0,v1.3.0,31f399e0,1,,0,,"{""burn_ttm"": 0.0, ""cash_total"": 74290000.0, ""dilution_risk"": null, ""has_revenue"": null, ""lead_phase"": null, ""runway_months"": null, ""stage_bucket"": ""early"", ""surv_score"": ""-1.0"", ""tier1_count"": 1}",early|none|pos,-0.1,29.630972,-1.4189,,0,0.3295,0.6902,1,1,buying,-0.7482,elite_1,0.0,0.0,0.0,,,0.0,0,0,0,True,False,True,missing,0.0,adequate,<=1000bps,581.17,0.85,1,0,1.0,0,1.0,0,,False,no_upcoming,-0.228511,price_history,,1,0.4477,price_history,,-0.375,,37.2432,0.6339,-0.462867,0.087867,early,mid,none,commercial_pharma,morningstar,,,,0,0.7536190912062765609676364825,49.73,41.25000000000000000000000000,55.5,15.54,55.02409638554216867469879518,31.65771519814196545217012628,53.2741,0.403,0.0,,2,0.0,0.0,0,0,0.0,0.0,0.55,infectious_disease,0.7492,highly_crowded,1.0,242,-0.1,0.081749,-1.3934,34.73,0.701521,0.5288
TWST,Twist Bioscience Corporation,147,0.25,C,low_quality+no_catalyst_data,,,C,0.781369,0.303846,1,,0,,,0,no_upcoming,9,headwind,deep_drawdown,S,momentum_headwind,clinical_score:+19.9;momentum_score:-10.8;financial_score:-9.9,tier=;reason=;cat_days=NA;strength=missing;decay_w=0.0,v1.3.0,31f399e0,1,,0,,"{""burn_ttm"": 24814000.0, ""cash_total"": 197949000.0, ""dilution_risk"": null, ""has_revenue"": null, ""lead_phase"": null, ""runway_months"": 95.72773434351576, ""stage_bucket"": ""early"", ""surv_score"": ""1.0"", ""tier1_count"": 1}",early|none|nonpos,-0.00746955223880597,40.07936,-1.3808,,0,,0.0,1,1,selling,-0.7482,elite_1,0.0,0.0,0.0,,,0.0,0,0,0,True,False,True,missing,0.0,adequate,<=1000bps,402.96,0.85,1,0,1.0,0,1.0,0,,False,no_upcoming,-0.02326,price_history,,1,1.7613,price_history,,-0.699368,,42.2642,0.6351,-0.462867,-0.236501,early,mid,none,platform_diagnostics,morningstar,,,,0,0.7510647470735785953177257525,34.13,41.25000000000000000000000000,49.5,50,64.81927710843373493975903614,35.00746762148997596812954629,63.9447,0.8544,0.0,,2,0.0,0.0,0,0,0.0,0.0,0.75,cardiovascular,-0.2978,uncrowded,1.0,206,-0.00746955223880597,0.218631,-0.7768,36.76,0.750951,0.6775
MEDP,"Medpace Holdings, Inc.",148,1.0,C,low_quality+no_catalyst_data,,,C,0.701521,0.442308,1,,0,,,0,no_upcoming,9,tailwind,,L,momentum_tailwind,catalyst_score:-12.2;clinical_score:+7.8;momentum_score:+6.0,tier=;reason=;cat_days=NA;strength=missing;decay_w=0.0,v1.3.0,31f399e0,1,,0,,"{""burn_ttm"": 0.0, ""cash_total"": 497049000.0, ""dilution_risk"": null, ""has_revenue"": null, ""lead_phase"": null, ""runway_months"": null, ""stage_bucket"": ""early"", ""surv_score"": ""3.0"", ""tier1_count"": 0}",early|none|nonpos,-0.00746955223880597,46.073253,-1.393,,0,,0.0,0,0,neutral,-1.1356,,0.0,0.0,0.0,,,0.0,0,0,0,True,False,True,missing,0.0,adequate,<=400bps,270.97,1.0,0,0,1.0,0,1.0,0,,False,no_upcoming,-0.008248,price_history,,0,0.6601,price_history,,-0.221325,,43.7495,0.2643,-0.462867,0.241542,early,large,none,platform_diagnostics,morningstar,,,,0,0.8425105091236765037170533904,59.41,41.25000000000000000000000000,,31.08,61.20481927710843373493975904,51.80722891566265060240963855,59.8048,0.6793,0.0,,6,0.0,0.0,0,0,0.0,0.0,0.5,dermatology,-3.0199,uncrowded,1.0,185,-0.00746955223880597,0.298479,-0.5288,35.44,0.71673,0.5732
TVTX,"Travere Therapeutics, Inc.",149,0.85,C,low_quality+no_catalyst_data,,,C,0.188213,0.165385,1,,0,,,0,no_upcoming,9,tailwind,,L,sponsor_confirmed|momentum_tailwind,momentum_score:+35.2;clinical_score:-33.7;smart_money_score:+29.4,tier=;reason=;cat_days=NA;strength=missing;decay_w=0.0,v1.3.0,31f399e0,1,,0,,"{""burn_ttm"": 0.0, ""cash_total"": 93035000.0, ""dilution_risk"": null, ""has_revenue"": null, ""lead_phase"": null, ""runway_months"": null, ""stage_bucket"": ""late"", ""surv_score"": ""3.0"", ""tier1_count"": 5}",late|none|nonpos,0.07721950850661626,32.93341,-0.3094,413,1,-1.2476,-1.1848,5,5,buying,0.8012,elite_5,0.0,0.0,0.0,,,0.0,0,0,0,True,False,True,missing,0.0,adequate,<=1000bps,403.29,0.85,1,0,1.0,0,1.0,0,,False,no_upcoming,0.167981,price_history,,5,0.9016,price_history,,-0.134404,,50.6697,0.7066,-0.462867,0.328463,late,mid,none,commercial_biotech,morningstar,,,,0,0.8693118064441084099104338723,83.31,41.25000000000000000000000000,77.5,15.54,14.36519498345732248185485177,24.07202216066481994459833794,13.6391,-1.2734,3.0,413,8,1.0,0.0645,0,0,0.0,0.7,0.6,autoimmune,-0.2978,uncrowded,1.0,50,0.07721950850661626,0.811787,0.8845,14.75,0.203422,-0.8295
CERS,Cerus Corporation,150,0.21,C,mod_quality+no_catalyst_data,,,C,0.058935,0.619231,1,,0,,,0,no_upcoming,9,neutral,,S,cost_haircut_<=2000bps,financial_score:-24.1;clinical_score:+13.0;momentum_score:+7.6,tier=;reason=;cat_days=NA;strength=missing;decay_w=0.0,v1.3.0,31f399e0,1,,0,,"{""burn_ttm"": 1363000.0, ""cash_total"": 15670000.0, ""dilution_risk"": null, ""has_revenue"": null, ""lead_phase"": null, ""runway_months"": 137.96038151137196, ""stage_bucket"": ""late"", ""surv_score"": ""3.0"", ""tier1_count"": 1}",late|none|nonpos,0.07721950850661626,50.541556,1.1087,0,1,,0.0,1,1,selling,-0.7482,elite_1,0.0,0.0,0.0,,,0.0,0,0,0,True,False,True,missing,0.0,adequate,<=2000bps,1656.9,0.7,1,0,1.0,0,1.0,0,,False,no_upcoming,0.026417,price_history,,1,1.1176,price_history,,-0.324086,,40.6331,,-0.462867,0.138781,late,small,none,platform_devices,morningstar,,,,0,0.8892062507527399735035529327,51.18,41.25000000000000000000000000,49.5,90.00,56.64122137404580152671755725,19.56790123456790123456790122,56.6151,0.5443,3.0,672,17,1.0,0.0056,0,0,0.0,0.5,0.95,oncology,-0.2978,uncrowded,1.0,16,0.07721950850661626,0.941065,1.5638,29.01,0.602662,0.2602
ETON,"Eton Pharmaceuticals, Inc.",151,0.42,C,low_quality+no_catalyst_data,,,C,0.6673,0.15,1,,0,,,0,no_upcoming,9,neutral,deep_drawdown,M,sponsor_confirmed|cost_haircut_<=2000bps,smart_money_score:+23.4;financial_score:-23.0;clinical_score:-21.9,tier=;reason=;cat_days=NA;strength=missing;decay_w=0.0,v1.3.0,31f399e0,1,,0,,"{""burn_ttm"": 0.0, ""cash_total"": 37121000.0, ""dilution_risk"": null, ""has_revenue"": null, ""lead_phase"": null, ""runway_months"": null, ""stage_bucket"": ""early"", ""surv_score"": ""-1.0"", ""tier1_count"": 2}",early|none|nonpos,-0.00746955223880597,32.644945,-1.5088,,0,-1.3258,-0.9873,2,2,buying,-0.3608,elite_2,0.0,0.0,0.0,,,0.0,0,0,0,True,False,True,missing,0.0,adequate,<=2000bps,1543.73,0.7,1,0,1.0,0,1.0,0,,False,no_upcoming,-0.191735,price_history,,2,0.7961,price_history,,-0.632572,,42.3912,0.4387,-0.462867,-0.169705,early,small,sev1,commercial_pharma,morningstar,,,,0,0.6859866004962779156327543424,46.58,50,61.0,47.97,15.66700537088111482072869792,14.53209966723480236993750507,15.842,-1.1802,,,,,,,,,,,,-1.3448,unknown,1.0,176,-0.00746955223880597,0.3327,-0.4325,12.69,0.138783,-1.0858
NVCR,NovoCure Limited,152,0.25,C,low_quality,,,C,0.214829,0.526923,1,,0,,121,0,specific_days,9,headwind,deep_drawdown,S,momentum_headwind,financial_score:-20.8;clinical_score:+11.3;smart_money_score:+8.4,tier=;reason=;cat_days=121;strength=mid;decay_w=0.7,v1.3.0,31f399e0,1,,0,,"{""burn_ttm"": 49031000.0, ""cash_total"": 93548000.0, ""dilution_risk"": null, ""has_revenue"": null, ""lead_phase"": null, ""runway_months"": 15.755894902313047, ""stage_bucket"": ""late"", ""surv_score"": ""1.0"", ""tier1_count"": 1}",late|near_91_180|nonpos,0.05349036082474226,47.8185,1.1035,0,1,,0.0,1,1,selling,-0.7482,elite_1,0.0,0.0,0.0,,,0.0,0,0,0,True,False,True,mid,0.7,adequate,<=1000bps,603.49,0.85,1,0,1.0,0,1.0,0,121,False,specific_days,-0.036275,price_history,,1,1.1258,price_history,,-0.695673,,46.4206,0.5194,-0.462867,-0.232806,late,small,none,platform_devices,morningstar,,,,0,0.8911274641954507160909856782,42.61,45.56250000000000000000000000,52.0,82.99,54.80916030534351145038167939,22.77777777777777777777777778,55.4432,0.4948,3.0,472,44,1.0,0.6127,1,0,0.0,0.5,0.95,oncology,0.7492,crowded,1.0,57,0.05349036082474226,0.785171,0.7898,29.50,0.610266,0.28
PAHC,Phibro Animal Health Corporatio,153,0.85,C,low_quality+no_catalyst_data,,,C,0.735741,0.126923,1,,0,,,0,no_upcoming,9,tailwind,deep_drawdown,L,momentum_tailwind,clinical_score:-22.7;momentum_score:+20.3;catalyst_score:+11.6,tier=;reason=;cat_days=NA;strength=missing;decay_w=0.0,v1.3.0,31f399e0,1,,0,,"{""burn_ttm"": 0.0, ""cash_total"": 74508000.0, ""dilution_risk"": null, ""has_revenue"": null, ""lead_phase"": null, ""runway_months"": null, ""stage_bucket"": ""early"", ""surv_score"": ""1.0"", ""tier1_count"": 0}",early|none|nonpos,-0.00746955223880597,30.280151,-1.5088,,0,-1.3258,-0.9873,0,0,neutral,-1.1356,,0.0,0.0,0.0,,,0.0,0,0,0,True,False,True,missing,0.0,adequate,<=1000bps,831.95,0.85,1,0,1.0,0,1.0,0,,False,no_upcoming,-0.021835,price_history,,0,0.3519,price_history,,-0.35162,,41.9947,0.4021,-0.462867,0.111247,early,mid,sev1,commercial_pharma,morningstar,,,,0,0.6750789217852408307556341140,58.64,50,,15.54,15.66700537088111482072869792,29.14033644618635183303495105,15.842,-1.1802,,,,,,,,,,,,-1.3448,unknown,1.0,194,-0.00746955223880597,0.264259,-0.6303,12.25,0.127376,-1.1389
LFCR,"Lifecore Biomedical, Inc.",154,0.33,C,low_quality+no_catalyst_data,,,C,0.693916,0.073077,1,,0,,,0,no_upcoming,9,tailwind,,M,momentum_tailwind|cost_haircut_>2000bps,momentum_score:+32.7;clinical_score:-24.0;financial_score:-19.0,tier=;reason=;cat_days=NA;strength=missing;decay_w=0.0,v1.3.0,31f399e0,1,,0,,"{""burn_ttm"": 0.0, ""cash_total"": 18856000.0, ""dilution_risk"": null, ""has_revenue"": null, ""lead_phase"": null, ""runway_months"": null, ""stage_bucket"": ""early"", ""surv_score"": ""1.0"", ""tier1_count"": 0}",early|none|nonpos,-0.00746955223880597,29.25418,-1.5088,,0,-1.3258,-0.9873,0,0,neutral,-1.1356,,0.0,0.0,0.0,,,0.0,0,0,0,True,False,True,missing,0.0,adequate,>2000bps,2020.0,0.55,1,0,1.0,0,1.0,0,,False,no_upcoming,0.173013,price_history,,0,0.1599,price_history,,-0.158842,,53.2549,0.4595,-0.462867,0.304025,early,micro,sev1,commercial_pharma,morningstar,,,,0,0.6888769115762494660401537804,72.42,50,,15.54,15.66700537088111482072869792,20.73595587167948904049934679,15.842,-1.1802,,,,,,,,,,,,-1.3448,unknown,1.0,183,-0.00746955223880597,0.306084,-0.507,8.07,0.036122,-1.7976
XERS,"Xeris Biopharma Holdings, Inc.",155,0.85,C,low_quality+no_catalyst_data,,,C,0.796578,0.05,1,,0,,,0,no_upcoming,9,neutral,drawdown_data_missing,L,sponsor_confirmed,clinical_score:-25.7;smart_money_score:+25.1;financial_score:-16.6,tier=;reason=;cat_days=NA;strength=missing;decay_w=0.0,v1.3.0,31f399e0,1,,0,,"{""burn_ttm"": 0.0, ""cash_total"": 91598000.0, ""dilution_risk"": null, ""has_revenue"": null, ""lead_phase"": null, ""runway_months"": null, ""stage_bucket"": ""early"", ""surv_score"": ""-1.0"", ""tier1_count"": 3}",early|none|nonpos,-0.00746955223880597,26.58911,-1.5088,,0,-1.1915,-1.1271,3,3,buying,0.0265,elite_3,0.0,0.0,0.0,,,0.0,0,0,0,True,False,True,missing,0.0,adequate,<=1000bps,895.88,0.85,1,0,1.0,0,1.0,0,,False,no_upcoming,,,beta_missing:series_too_short,3,,,series_too_short,,no_price_series,,0.6845,-0.462867,,early,small,sev1,commercial_biotech,morningstar,,,drawdown,1,0.6842142627345844504021447721,50,50,66.5,15.54,15.66700537088111482072869792,24.77802126450775099423748073,15.842,-1.1802,,,,,,,,,,,,-1.3448,unknown,1.0,210,-0.00746955223880597,0.203422,-0.8295,14.92,0.214829,-0.7898
RGEN,Repligen Corporation,156,1.0,C,low_quality+no_catalyst_data,,,C,0.754753,0.457692,1,,0,,,0,no_upcoming,9,neutral,deep_drawdown,L,sponsor_confirmed,clinical_score:-28.6;smart_money_score:+16.2;momentum_score:+7.4,tier=;reason=;cat_days=NA;strength=missing;decay_w=0.0,v1.3.0,31f399e0,1,,0,,"{""burn_ttm"": 0.0, ""cash_total"": 748747000.0, ""dilution_risk"": null, ""has_revenue"": null, ""lead_phase"": null, ""runway_months"": null, ""stage_bucket"": ""early"", ""surv_score"": ""-1.0"", ""tier1_count"": 3}",early|none|nonpos,-0.00746955223880597,46.201579,-1.5088,,0,,0.0,3,3,buying,0.0265,elite_3,0.0,0.0,0.0,,,0.0,0,0,0,True,False,True,missing,0.0,adequate,<=400bps,336.3,1.0,0,0,1.0,0,1.0,0,,False,no_upcoming,-0.078316,price_history,,3,0.8013,price_history,,-0.388236,,42.5767,0.4218,-0.462867,0.074631,early,mid,sev1,platform_devices,morningstar,,,,0,0.6923108657630083078268473983,51.67,50,60.5,46.39,15.66700537088111482072869792,43.62461895775874582668021484,15.842,-1.1802,,,,,,,,,,,,-1.3448,unknown,1.0,199,-0.00746955223880597,0.245247,-0.6895,17.73,0.355513,-0.3705
ILMN,"Illumina, Inc.",157,1.0,C,mod_quality+no_catalyst_data,,,C,0.686312,0.634615,1,,0,,,0,no_upcoming,9,tailwind,,L,sponsor_confirmed|momentum_tailwind,clinical_score:-11.4;momentum_score:+10.0;smart_money_score:+6.4,tier=;reason=;cat_days=NA;strength=missing;decay_w=0.0,v1.3.0,31f399e0,1,,0,,"{""burn_ttm"": 0.0, ""cash_total"": 215000000.0, ""dilution_risk"": null, ""has_revenue"": null, ""lead_phase"": null, ""runway_months"": null, ""stage_bucket"": ""early"", ""surv_score"": ""4.0"", ""tier1_count"": 2}",early|none|nonpos,-0.00746955223880597,51.396956,-1.4988,,0,,0.0,2,2,selling,-0.3608,elite_2,0.0,0.0,0.0,,,0.0,0,0,0,True,False,True,missing,0.0,adequate,<=400bps,196.98,1.0,0,0,1.0,0,1.0,0,,False,no_upcoming,0.024761,price_history,,2,0.6371,price_history,,-0.335378,,42.8778,0.6123,-0.462867,0.127489,early,large,none,platform_diagnostics,morningstar,,,,0,0.6810030877761073204579622991,55.61,41.25000000000000000000000000,52.0,57.19,34.22670602087063111885292173,45.01879001951581426106030547,32.8267,-0.4618,0.0,1065,1,0.0,0.0,0,0,0.0,0.0,0.5,other,-2.6011,uncrowded,1.0,181,-0.00746955223880597,0.313688,-0.4854,21.71,0.465779,-0.0859
VCYT,"Veracyte, Inc.",158,0.25,C,low_quality+no_catalyst_data,,,C,0.785171,0.542308,1,,0,,,0,no_upcoming,9,headwind,high_beta|deep_drawdown,S,sponsor_confirmed|momentum_headwind|high_risk,clinical_score:-29.4;smart_money_score:+15.9;financial_score:+9.6,tier=;reason=;cat_days=NA;strength=missing;decay_w=0.0,v1.3.0,31f399e0,1,,0,,"{""burn_ttm"": 0.0, ""cash_total"": 315573000.0, ""dilution_risk"": null, ""has_revenue"": null, ""lead_phase"": null, ""runway_months"": null, ""stage_bucket"": ""early"", ""surv_score"": ""2.0"", ""tier1_count"": 2}",early|none|nonpos,-0.00746955223880597,47.875458,-1.5088,,0,,0.0,2,2,buying,-0.3608,elite_2,0.0,0.0,0.0,,,0.0,0,0,0,True,False,True,missing,0.0,adequate,<=1000bps,583.25,0.85,1,0,1.0,0,1.0,0,,False,no_upcoming,0.121646,price_history,,2,1.8327,price_history,,-0.626321,,45.3053,0.6453,-0.462867,-0.163454,early,mid,sev1,platform_diagnostics,morningstar,,,,0,0.6777445018125892562891354499,44.17,50,61.0,41.22,15.66700537088111482072869792,54.69879518072289156626506024,15.842,-1.1802,,,,,,,,,,,,-1.3448,unknown,1.0,207,-0.00746955223880597,0.214829,-0.7898,16.47,0.275665,-0.5958
AVTR,"Avantor, Inc.",159,1.0,C,mod_quality+no_catalyst_data,,,C,0.625475,0.711538,1,,0,,,0,no_upcoming,9,tailwind,,L,momentum_tailwind,clinical_score:-31.7;momentum_score:+20.0;smart_money_score:+5.2,tier=;reason=;cat_days=NA;strength=missing;decay_w=0.0,v1.3.0,31f399e0,1,,0,,"{""burn_ttm"": 0.0, ""cash_total"": 365400000.0, ""dilution_risk"": null, ""has_revenue"": null, ""lead_phase"": null, ""runway_months"": null, ""stage_bucket"": ""early"", ""surv_score"": ""1.0"", ""tier1_count"": 1}",early|none|nonpos,-0.00746955223880597,57.504952,-1.5088,,0,,0.0,1,1,neutral,-0.7482,elite_1,0.0,0.0,0.0,,,0.0,0,0,0,True,False,True,missing,0.0,adequate,<=400bps,310.61,1.0,0,0,1.0,0,1.0,0,,False,no_upcoming,0.083428,price_history,,1,0.4511,price_history,,-0.151784,,48.4738,0.5928,-0.462867,0.311083,early,mid,sev1,platform_devices,morningstar,,,,0,0.6634303839002515585693973532,67.34,50,52.5,60.14,15.66700537088111482072869792,51.08433734939759036144578313,15.842,-1.1802,,,,,,,,,,,,-1.3448,unknown,1.0,165,-0.00746955223880597,0.374525,-0.3199,17.59,0.351711,-0.3807
MYGN,"Myriad Genetics, Inc.",160,0.42,C,low_quality+no_catalyst_data,,,C,0.709125,0.580769,1,,0,,,0,no_upcoming,9,tailwind,,M,momentum_tailwind|cost_haircut_<=2000bps,clinical_score:-34.6;financial_score:+21.6;momentum_score:+8.2,tier=;reason=;cat_days=NA;strength=missing;decay_w=0.0,v1.3.0,31f399e0,1,,0,,"{""burn_ttm"": 0.0, ""cash_total"": 149600000.0, ""dilution_risk"": null, ""has_revenue"": null, ""lead_phase"": null, ""runway_months"": null, ""stage_bucket"": ""early"", ""surv_score"": ""-1.0"", ""tier1_count"": 1}",early|none|nonpos,-0.00746955223880597,49.484351,-1.5088,,0,,0.0,1,1,buying,-0.7482,elite_1,0.0,0.0,0.0,,,0.0,0,0,0,True,False,True,missing,0.0,adequate,<=2000bps,1416.19,0.7,1,0,1.0,0,1.0,0,,False,no_upcoming,0.167305,price_history,,1,0.8876,price_history,,-0.28287,,49.8715,0.6452,-0.462867,0.179997,early,small,sev1,platform_diagnostics,morningstar,,,,0,0.5995329640490930813511458673,58.47,50,55.5,15.54,15.66700537088111482072869792,71.89189189189189189189189189,15.842,-1.1802,,,,,,,,,,,,-1.3448,unknown,1.0,187,-0.00746955223880597,0.290875,-0.5508,14.56,0.192015,-0.8705
PRVA,"Privia Health Group, Inc.",161,0.51,C,low_quality+no_catalyst_data,,,C,0.743346,0.265385,1,,0,,,0,no_upcoming,9,neutral,deep_drawdown,M,,clinical_score:-29.1;smart_money_score:+10.7;financial_score:+8.4,tier=;reason=;cat_days=NA;strength=missing;decay_w=0.0,v1.3.0,31f399e0,1,,0,,"{""burn_ttm"": 0.0, ""cash_total"": 441352000.0, ""dilution_risk"": null, ""has_revenue"": null, ""lead_phase"": null, ""runway_months"": null, ""stage_bucket"": ""early"", ""surv_score"": ""3.0"", ""tier1_count"": 1}",early|none|nonpos,-0.00746955223880597,39.330855,-1.5088,,0,,0.0,1,1,buying,-0.7482,elite_1,0.0,0.0,0.0,,,0.0,0,0,0,True,False,True,missing,0.0,adequate,<=1000bps,754.69,0.85,1,0,1.0,0,1.0,0,,False,no_upcoming,0.067342,price_history,,1,0.8688,price_history,,-0.567919,,44.8033,0.2771,-0.462867,-0.105052,early,mid,sev1,platform_services,morningstar,,,,0,0.7041553776998136169279684245,49.64,50,55.5,15.54,15.66700537088111482072869792,53.25301204819277108433734940,15.842,-1.1802,,,,,,,,,,,,-1.3448,unknown,1.0,196,-0.00746955223880597,0.256654,-0.6537,16.72,0.309886,-0.4962
SERA,"Sera Prognostics, Inc.",162,0.08,C,mod_quality+no_catalyst_data,,,C,0.76616,0.803846,1,,0,,,0,no_upcoming,9,headwind,deep_drawdown,XS,momentum_headwind|cost_haircut_>2000bps,smart_money_score:+9.2;clinical_score:-5.4;catalyst_score:-5.1,tier=;reason=;cat_days=NA;strength=missing;decay_w=0.0,v1.3.0,31f399e0,1,,0,,"{""burn_ttm"": 19503000.0, ""cash_total"": 43304000.0, ""dilution_risk"": null, ""has_revenue"": null, ""lead_phase"": null, ""runway_months"": 26.633591307467583, ""stage_bucket"": ""early"", ""surv_score"": ""3.0"", ""tier1_count"": 1}",early|none|nonpos,-0.00746955223880597,62.961301,-1.4617,,0,,0.0,1,1,buying,-0.7482,elite_1,0.0,0.0,0.0,,,0.0,0,0,0,True,False,True,missing,0.0,adequate,>2000bps,2050.0,0.55,1,0,1.0,0,1.0,0,,False,no_upcoming,-0.222849,price_history,,1,0.4013,price_history,,-0.482362,,40.7252,,-0.462867,-0.019495,early,micro,none,platform_devices,morningstar,,,,0,0.7463359101980302869850683046,43.18,41.25000000000000000000000000,55.5,90.00,40.87498588732439799358074870,50.72289156626506024096385542,39.475,-0.1806,0.0,1040,3,0.0,0.0,0,0,0.0,0.0,0.5,other,-0.926,moderate,1.0,202,-0.00746955223880597,0.23384,-0.7263,26.11,0.553232,0.1338
BRKR,Bruker Corporation,163,1.0,C,mod_quality+no_catalyst_data,,,C,0.640684,0.719231,1,,0,,,0,no_upcoming,9,tailwind,,L,momentum_tailwind,clinical_score:-27.2;momentum_score:+12.7;financial_score:+7.3,tier=;reason=;cat_days=NA;strength=missing;decay_w=0.0,v1.3.0,31f399e0,1,,0,,"{""burn_ttm"": 95700000.0, ""cash_total"": 293100000.0, ""dilution_risk"": null, ""has_revenue"": null, ""lead_phase"": null, ""runway_months"": 36.75235109717868, ""stage_bucket"": ""early"", ""surv_score"": ""-1.0"", ""tier1_count"": 0}",early|none|nonpos,-0.00746955223880597,58.013295,-1.5088,,0,,0.0,0,0,neutral,-1.1356,,0.0,0.0,0.0,,,0.0,0,0,0,True,False,True,missing,0.0,adequate,<=400bps,329.83,1.0,0,0,1.0,0,1.0,0,,False,no_upcoming,-0.072822,price_history,,0,0.3418,price_history,,-0.270668,,36.2036,0.4312,-0.462867,0.192199,early,mid,sev1,platform_devices,morningstar,,,,0,0.6767266452826014821369317553,55.54,50,,69.59,15.66700537088111482072869792,50.10843373493975903614457831,15.842,-1.1802,,,,,,,,,,,,-1.3448,unknown,1.0,169,-0.00746955223880597,0.359316,-0.3603,13.75,0.169202,-0.9573
OPCH,"Option Care Health, Inc.",164,0.85,C,low_quality+no_catalyst_data,,,C,0.728137,0.596154,1,,0,,,0,no_upcoming,9,tailwind,,L,momentum_tailwind,clinical_score:-28.4;momentum_score:+18.7;catalyst_score:+5.9,tier=;reason=;cat_days=NA;strength=missing;decay_w=0.0,v1.3.0,31f399e0,1,,0,,"{""burn_ttm"": 0.0, ""cash_total"": 232624000.0, ""dilution_risk"": null, ""has_revenue"": null, ""lead_phase"": null, ""runway_months"": null, ""stage_bucket"": ""early"", ""surv_score"": ""1.0"", ""tier1_count"": 0}",early|none|nonpos,-0.00746955223880597,49.935129,-1.5088,,0,,0.0,0,0,neutral,-1.1356,,0.0,0.0,0.0,,,0.0,0,0,0,True,False,True,missing,0.0,adequate,<=1000bps,411.44,0.85,1,0,1.0,0,1.0,0,,False,no_upcoming,0.015399,price_history,,0,0.5886,price_history,,-0.178559,,43.08,0.3048,-0.462867,0.284308,early,mid,sev1,platform_services,morningstar,,,,0,0.7114406966490299823633156966,62.80,50,,45.27,15.66700537088111482072869792,47.84584119610974016548120192,15.842,-1.1802,,,,,,,,,,,,-1.3448,unknown,1.0,192,-0.00746955223880597,0.271863,-0.6072,15.22,0.226236,-0.7513
CSTL,"Castle Biosciences, Inc.",165,0.51,C,mod_quality+no_catalyst_data,,,C,0.655894,0.826923,1,,0,,,0,no_upcoming,9,neutral,deep_drawdown,M,,clinical_score:-32.7;financial_score:+28.3;momentum_score:+2.8,tier=;reason=;cat_days=NA;strength=missing;decay_w=0.0,v1.3.0,31f399e0,1,,0,,"{""burn_ttm"": 0.0, ""cash_total"": 287542000.0, ""dilution_risk"": null, ""has_revenue"": null, ""lead_phase"": null, ""runway_months"": null, ""stage_bucket"": ""early"", ""surv_score"": ""3.0"", ""tier1_count"": 0}",early|none|nonpos,-0.00746955223880597,65.359541,-1.5088,,0,,0.0,0,0,neutral,-1.1356,,0.0,0.0,0.0,,,0.0,0,0,0,True,False,True,missing,0.0,adequate,<=1000bps,918.38,0.85,1,0,1.0,0,1.0,0,,False,no_upcoming,0.141187,price_history,,0,1.4644,price_history,,-0.555635,,60.5195,0.5471,-0.462867,-0.092768,early,small,sev1,platform_diagnostics,morningstar,,,,0,0.6763767942583732057416267943,51.23,50,,58.78,15.66700537088111482072869792,76.75675675675675675675675675,15.842,-1.1802,,,,,,,,,,,,-1.3448,unknown,1.0,173,-0.00746955223880597,0.344106,-0.4013,17.46,0.336502,-0.422
FLGT,"Fulgent Genetics, Inc.",166,0.21,C,mod_quality+no_catalyst_data,,,C,0.678707,0.834615,1,,0,,,0,no_upcoming,9,neutral,deep_drawdown,S,cost_haircut_<=2000bps,clinical_score:-26.6;financial_score:+10.8;momentum_score:+8.2,tier=;reason=;cat_days=NA;strength=missing;decay_w=0.0,v1.3.0,31f399e0,1,,0,,"{""burn_ttm"": 23495000.0, ""cash_total"": 117641000.0, ""dilution_risk"": null, ""has_revenue"": null, ""lead_phase"": null, ""runway_months"": 60.08478399659502, ""stage_bucket"": ""early"", ""surv_score"": ""2.0"", ""tier1_count"": 0}",early|none|nonpos,-0.00746955223880597,65.484486,-1.5088,,0,,0.0,0,0,neutral,-1.1356,,0.0,0.0,0.0,,,0.0,0,0,0,True,False,True,missing,0.0,adequate,<=2000bps,1631.39,0.7,1,0,1.0,0,1.0,0,,False,no_upcoming,-0.029537,price_history,,0,0.8093,price_history,,-0.652597,,33.2918,0.4849,-0.462867,-0.18973,early,small,sev1,platform_diagnostics,morningstar,,,,0,0.6936498864987568911469030375,50.49,50,,90.00,15.66700537088111482072869792,53.08108108108108108108108108,15.842,-1.1802,,,,,,,,,,,,-1.3448,unknown,1.0,179,-0.00746955223880597,0.321293,-0.4641,17.51,0.344106,-0.4013
CTKB,"Cytek Biosciences, Inc.",167,0.1,C,low_quality+no_catalyst_data,,,C,0.659696,0.273077,1,,0,,,0,no_upcoming,9,headwind,deep_drawdown,XS,momentum_headwind|cost_haircut_<=2000bps,clinical_score:-18.8;catalyst_score:+15.5;momentum_score:+7.7,tier=;reason=;cat_days=NA;strength=missing;decay_w=0.0,v1.3.0,31f399e0,1,,0,,"{""burn_ttm"": 3915000.0, ""cash_total"": 93281000.0, ""dilution_risk"": null, ""has_revenue"": null, ""lead_phase"": null, ""runway_months"": 285.91877394636015, ""stage_bucket"": ""early"", ""surv_score"": ""2.0"", ""tier1_count"": 0}",early|none|nonpos,-0.00746955223880597,39.441944,-1.5088,,0,,0.0,0,0,neutral,-1.1356,,0.0,0.0,0.0,,,0.0,0,0,0,True,False,True,missing,0.0,adequate,<=2000bps,1537.39,0.7,1,0,1.0,0,1.0,0,,False,no_upcoming,-0.129828,price_history,,0,0.8706,price_history,,-0.478697,,44.4132,0.7238,-0.462867,-0.01583,early,small,sev1,platform_devices,morningstar,,,,0,0.6625769126678463620276881441,42.19,50,,50,15.66700537088111482072869792,30.00876552227903579254930606,15.842,-1.1802,,,,,,,,,,,,-1.3448,unknown,1.0,174,-0.00746955223880597,0.340304,-0.4116,11.90,0.11597,-1.1954
GLPG,Galapagos NV,,,D,ineligible,D,ineligible,,0.359316,,0,0.101504,1,0.898496,243,0,specific_days,9,tailwind,deep_drawdown|overbought_rsi,XS,ineligible,financial_score:-50.0;momentum_score:+28.1;clinical_score:+19.9,tier=D;reason=ineligible;cat_days=243;strength=far;decay_w=0.3,v1.3.0,31f399e0,0,financials_missing,1,"cash_runway_lt_6m,survivability_critical","{""burn_ttm"": 0.0, ""cash_total"": 0.0, ""dilution_risk"": null, ""has_revenue"": null, ""lead_phase"": null, ""runway_months"": 0.0, ""stage_bucket"": ""late"", ""surv_score"": ""-5.0"", ""tier1_count"": 3}",late|near_181_270|pos,0.027091856115107917,,1.1504,0,1,1.2509,1.285,3,3,buying,0.0265,elite_3,0.0,0.0,0.0,,,0.0,0,0,0,True,False,True,far,0.3,critical,<=2000bps,1708.51,0.7,1,0,1.0,0,1.0,0,243,False,specific_days,0.257608,price_history,,3,0.1947,price_history,,-0.38249,,75.621,0.3097,-0.462867,0.080377,late,unknown,sev2,drug_developer,morningstar,,,,0,0.8575581803297859899426967606,83.19,45.56250000000000000000000000,66.5,50,74.96183206106870229007633588,5,74.1262,1.285,3.0,243,51,1.0,0.7018,0,0,0.0,0.4,0.6,autoimmune,0.7492,highly_crowded,1.0,95,0.027091856115107917,0.640684,0.3603,19.77,0.41635,-0.2112
TRVI,"Trevi Therapeutics, Inc.",,,D,ineligible,D,ineligible,,0.58365,,0,0.056391,1,0.943609,,0,no_upcoming,9,headwind,deep_drawdown|deep_drawdown_rel_xbi,XS,ineligible,clinical_score:+21.9;momentum_score:-21.4;smart_money_score:+16.4,tier=D;reason=ineligible;cat_days=NA;strength=missing;decay_w=0.0,v1.3.0,31f399e0,0,deep_drawdown,0,,"{""burn_ttm"": 34458000.0, ""cash_total"": 194927000.0, ""dilution_risk"": null, ""has_revenue"": null, ""lead_phase"": null, ""runway_months"": 67.88333623541703, ""stage_bucket"": ""mid"", ""surv_score"": ""5.0"", ""tier1_count"": 4}",mid|none|pos,0.013448488095238095,,0.4363,0,1,1.3378,1.3761,4,4,buying,0.4139,elite_4,0.0,0.0,0.0,,,0.0,0,0,0,True,False,True,missing,0.0,adequate,<=1000bps,718.24,0.85,1,0,1.0,0,1.0,0,,False,no_upcoming,-0.416161,price_history,,4,0.2146,price_history,,-0.820282,,36.2085,0.6685,-0.462867,-0.357415,mid,small,none,drug_developer,morningstar,,,,0,0.8352698231352301439086015599,33.73,41.25000000000000000000000000,71.5,45.31,77.000,52.15217391304347826086956522,76.6564,1.392,2.0,99,5,1.0,0.8186,0,2,0.0,0.4,0.5,respiratory,-1.3448,uncrowded,1.0,154,0.013448488095238095,0.41635,-0.2112,51.53,0.975285,1.9649
ABVX,Abivax SA,,,D,ineligible,D,ineligible,,0.602662,,0,0.086466,1,0.913534,515,0,specific_days,9,neutral,drawdown_data_missing,XS,ineligible,financial_score:-46.3;smart_money_score:+32.4;clinical_score:+23.5,tier=D;reason=ineligible;cat_days=515;strength=far;decay_w=0.3,v1.3.0,31f399e0,0,financials_missing,1,"cash_runway_lt_6m,survivability_critical","{""burn_ttm"": 0.0, ""cash_total"": 0.0, ""dilution_risk"": null, ""has_revenue"": null, ""lead_phase"": null, ""runway_months"": 0.0, ""stage_bucket"": ""mid"", ""surv_score"": ""-5.0"", ""tier1_count"": 8}",mid|far_271_540|pos,0.004020559322033899,,0.4354,0,1,1.2989,1.3353,8,8,buying,1.9633,elite_8,0.0,0.0,0.0,,,0.0,0,0,0,True,False,True,far,0.3,critical,<=400bps,240.42,1.0,0,0,1.0,0,1.0,0,515,False,specific_days,,,beta_missing:series_too_short,8,,,series_too_short,,no_price_series,,0.7549,-0.462867,,mid,unknown,sev2,drug_developer,morningstar,,,drawdown,1,0.7450509445977499469327106771,50,45.56250000000000000000000000,85,50,76.08695652173913043478260870,6.227683259819365679479101022,75.7252,1.3526,2.0,18,9,1.0,0.7142,1,1,0.0,0.4,0.55,infectious_disease,0.7492,highly_crowded,1.0,159,0.004020559322033899,0.397338,-0.2602,18.30,0.370722,-0.3299
OCUL,"Ocular Therapeutix, Inc.",,,D,ineligible,D,ineligible,,0.423954,,0,0.281955,1,0.718045,,0,no_upcoming,9,neutral,deep_drawdown|deep_drawdown_rel_xbi,XS,ineligible,catalyst_score:-17.5;smart_money_score:+15.7;momentum_score:-10.7,tier=D;reason=ineligible;cat_days=NA;strength=missing;decay_w=0.0,v1.3.0,31f399e0,0,deep_drawdown,0,,"{""burn_ttm"": 204883000.0, ""cash_total"": 737060000.0, ""dilution_risk"": null, ""has_revenue"": null, ""lead_phase"": null, ""runway_months"": 43.169613877188446, ""stage_bucket"": ""late"", ""surv_score"": ""5.0"", ""tier1_count"": 5}",late|none|pos,0.027091856115107917,,1.1325,0,1,0.7822,0.7935,5,5,buying,0.8012,elite_5,0.0,0.0,0.0,,,0.0,0,0,0,True,False,True,missing,0.0,adequate,<=1000bps,442.9,0.85,1,0,1.0,0,1.0,0,,False,no_upcoming,0.150547,price_history,,5,1.1934,price_history,,-0.728407,,40.8513,0.7517,-0.462867,-0.26554,late,small,none,drug_developer,morningstar,,,,0,0.9,48.11,41.25000000000000000000000000,74.5,70.26,63.96946564885496183206106870,66.00000000000000000000000000,62.8241,0.807,3.0,177,33,1.0,0.027,0,0,0.0,0.4,0.55,ophthalmology,-0.2978,uncrowded,1.0,112,0.027091856115107917,0.576046,0.1918,48.21,0.93346,1.5021
BNTX,BioNTech SE,,,D,ineligible,D,ineligible,,0.328897,,0,0.31203,1,0.68797,,0,no_upcoming,9,headwind,deep_drawdown,XS,ineligible,financial_score:-37.3;clinical_score:+19.8;smart_money_score:+14.7,tier=D;reason=ineligible;cat_days=NA;strength=missing;decay_w=0.0,v1.3.0,31f399e0,0,financials_missing,1,"cash_runway_lt_6m,survivability_critical","{""burn_ttm"": 0.0, ""cash_total"": 0.0, ""dilution_risk"": null, ""has_revenue"": null, ""lead_phase"": null, ""runway_months"": 0.0, ""stage_bucket"": ""late"", ""surv_score"": ""-5.0"", ""tier1_count"": 4}",late|none|pos,0.027091856115107917,,1.1284,0,1,0.7041,0.7116,4,4,selling,0.4139,elite_4,0.0,0.0,0.0,,,0.0,0,0,0,True,False,True,missing,0.0,critical,<=400bps,298.62,1.0,0,0,1.0,0,1.0,0,,False,no_upcoming,-0.243407,price_history,,4,0.5735,price_history,,-0.615232,,38.9051,0.3086,-0.462867,-0.152365,late,unknown,sev2,drug_developer,morningstar,,,,0,0.8632909600560616678346180799,46.30,41.25000000000000000000000000,57.0,50,62.13740458015267175572519084,5,63.1181,0.8194,3.0,73,40,1.0,1.3049,3,2,0.0,0.4,0.95,oncology,0.7492,highly_crowded,1.0,87,0.027091856115107917,0.671103,0.443,20.32,0.427757,-0.1821
PHVS,Pharvaris N.V.,,,D,ineligible,D,ineligible,,0.54943,,0,0.199248,1,0.800752,,0,no_upcoming,9,tailwind,deep_drawdown,XS,ineligible,financial_score:-49.5;smart_money_score:+29.3;momentum_score:+20.7,tier=D;reason=ineligible;cat_days=NA;strength=missing;decay_w=0.0,v1.3.0,31f399e0,0,financials_missing,1,"cash_runway_lt_6m,survivability_critical","{""burn_ttm"": 0.0, ""cash_total"": 0.0, ""dilution_risk"": null, ""has_revenue"": null, ""lead_phase"": null, ""runway_months"": 0.0, ""stage_bucket"": ""mid"", ""surv_score"": ""-5.0"", ""tier1_count"": 9}",mid|none|pos,0.013448488095238095,,-0.6668,235,1,1.0208,1.0437,9,9,buying,2.3507,elite_9,0.0,0.0,0.0,,,0.0,0,0,0,True,False,True,missing,0.0,critical,<=2000bps,1159.38,0.7,1,0,1.0,0,1.0,0,,False,no_upcoming,0.160453,price_history,,9,0.1337,price_history,,-0.571429,,51.4603,0.7535,-0.462867,-0.108562,mid,unknown,sev2,drug_developer,morningstar,,,,0,0.7126280330684990337126905733,76.39,41.25000000000000000000000000,85,50,69.56521739130434782608695652,6.227683259819365679479101022,68.1058,1.0304,2.0,235,1,0.0,0.1411,0,0,0.0,0.4,0.5,other,0.3304,crowded,1.0,145,0.013448488095238095,0.45057,-0.1242,20.12,0.423954,-0.1918
PRAX,"Praxis Precision Medicines, Inc",,,D,ineligible,D,ineligible,,0.553232,,0,0.214286,1,0.785714,,0,no_upcoming,9,neutral,deep_drawdown|deep_drawdown_rel_xbi,XS,ineligible,catalyst_score:-15.4;smart_money_score:+14.4;clinical_score:+11.6,tier=D;reason=ineligible;cat_days=NA;strength=missing;decay_w=0.0,v1.3.0,31f399e0,0,deep_drawdown,0,,"{""burn_ttm"": 249068000.0, ""cash_total"": 599331000.0, ""dilution_risk"": null, ""has_revenue"": null, ""lead_phase"": null, ""runway_months"": 28.875535998201293, ""stage_bucket"": ""mid"", ""surv_score"": ""5.0"", ""tier1_count"": 8}",mid|none|pos,0.013448488095238095,,-0.0965,52,1,0.9652,0.9854,8,8,buying,1.9633,elite_8,0.0,0.0,0.0,,,0.0,0,0,0,True,False,True,missing,0.0,adequate,<=400bps,221.16,1.0,0,0,1.0,0,1.0,0,,False,no_upcoming,0.052919,price_history,,8,1.2405,price_history,,-0.727339,,42.9526,0.9863,-0.462867,-0.264472,mid,mid,none,drug_developer,morningstar,,,,0,0.7709664716471647164716471647,52.72,41.25000000000000000000000000,71.0,10.00,68.26086956521739130434782609,49.86961772736819995799201849,68.3004,1.0386,2.0,52,2,0.3333,1.4024,1,3,0.0,0.4,0.5,other,0.7492,highly_crowded,1.0,146,0.013448488095238095,0.446768,-0.1338,36.12,0.735741,0.6303
ALDX,"Aldeyra Therapeutics, Inc.",,,D,ineligible,D,ineligible,,0.268061,,0,0.349624,1,0.650376,,0,no_upcoming,9,headwind,deep_drawdown|deep_drawdown_rel_xbi,XS,ineligible,momentum_score:-17.1;smart_money_score:+12.6;clinical_score:+11.9,tier=D;reason=ineligible;cat_days=NA;strength=missing;decay_w=0.0,v1.3.0,31f399e0,0,deep_drawdown,0,,"{""burn_ttm"": 28046337.0, ""cash_total"": 75297339.0, ""dilution_risk"": null, ""has_revenue"": null, ""lead_phase"": null, ""runway_months"": 25.71376390435585, ""stage_bucket"": ""late"", ""surv_score"": ""2.0"", ""tier1_count"": 2}",late|none|pos,0.027091856115107917,,0.5698,32,1,0.626,0.6296,2,2,buying,-0.3608,elite_2,0.0,0.0,0.0,,,0.0,0,0,0,True,False,True,missing,0.0,adequate,<=2000bps,1320.43,0.7,1,0,1.0,0,1.0,0,,False,no_upcoming,-0.292168,price_history,,2,1.0764,price_history,,-0.752862,,40.4648,,-0.462867,-0.289995,late,small,none,drug_developer,morningstar,,,,0,0.8050131383525648349137438592,31.21,41.25000000000000000000000000,61.0,90.00,60.30534351145038167938931298,48.01234567901234567901234568,60.7641,0.7198,3.0,32,13,1.0,1.8221,1,2,0.0,0.8,0.55,ophthalmology,0.7492,highly_crowded,1.0,71,0.027091856115107917,0.731939,0.6187,29.31,0.606464,0.2701
GMAB,Genmab A/S,,,D,ineligible,D,ineligible,,0.363118,,0,0.394737,1,0.605263,,0,no_upcoming,9,neutral,,XS,ineligible,financial_score:-38.0;smart_money_score:+17.5;clinical_score:+13.2,tier=D;reason=ineligible;cat_days=NA;strength=missing;decay_w=0.0,v1.3.0,31f399e0,0,financials_missing,1,"cash_runway_lt_6m,survivability_critical","{""burn_ttm"": 0.0, ""cash_total"": 0.0, ""dilution_risk"": null, ""has_revenue"": null, ""lead_phase"": null, ""runway_months"": 0.0, ""stage_bucket"": ""late"", ""surv_score"": ""-5.0"", ""tier1_count"": 3}",late|none|pos,0.027091856115107917,,1.1077,0,1,0.4502,0.4453,3,3,buying,0.0265,elite_3,0.0,0.0,0.0,,,0.0,0,0,0,True,False,True,missing,0.0,critical,<=1000bps,453.45,0.85,1,0,1.0,0,1.0,0,,False,no_upcoming,-0.079988,price_history,,3,0.6159,price_history,,-0.300493,,42.4794,0.3342,-0.462867,0.162374,late,unknown,sev2,drug_developer,morningstar,,,,0,0.8504735857877512856474988312,51.85,41.25000000000000000000000000,60.5,50,56.18320610687022900763358779,5,56.9227,0.5574,3.0,539,31,1.0,1.1918,1,1,0.0,0.4,0.95,oncology,0.7492,highly_crowded,1.0,96,0.027091856115107917,0.636882,0.3501,17.58,0.347909,-0.391
IMMP,Immutep Limited,,,D,ineligible,D,ineligible,,0.530418,,0,0.342105,1,0.657895,,0,no_upcoming,9,headwind,deep_drawdown,XS,ineligible,financial_score:-32.0;clinical_score:+22.2;momentum_score:+6.7,tier=D;reason=ineligible;cat_days=NA;strength=missing;decay_w=0.0,v1.3.0,31f399e0,0,financials_missing,1,"cash_runway_lt_6m,survivability_critical","{""burn_ttm"": 0.0, ""cash_total"": 0.0, ""dilution_risk"": null, ""has_revenue"": null, ""lead_phase"": null, ""runway_months"": 0.0, ""stage_bucket"": ""mid"", ""surv_score"": ""-5.0"", ""tier1_count"": 0}",mid|none|pos,0.013448488095238095,,0.4101,0,1,0.6315,0.6354,0,0,neutral,-1.1356,,0.0,0.0,0.0,,,0.0,0,0,0,True,False,True,missing,0.0,critical,>2000bps,2020.0,0.55,1,0,1.0,0,1.0,0,,False,no_upcoming,-0.159395,price_history,,0,0.821,price_history,,-0.472169,,40.2475,0.7295,-0.462867,-0.009302,mid,unknown,sev2,drug_developer,morningstar,,,,0,0.7444196167586878856771679117,44.86,41.25000000000000000000000000,,50,60.43478260869565217391304348,6.227683259819365679479101022,60.3067,0.7005,2.0,122,10,1.0,0.3634,0,1,0.0,0.5,0.95,oncology,0.7492,highly_crowded,1.0,140,0.013448488095238095,0.469582,-0.0763,16.26,0.260456,-0.6419
AVXL,Anavex Life Sciences Corp.,,,D,ineligible,D,ineligible,,0.309886,,0,0.43985,1,0.56015,,0,no_upcoming,9,headwind,deep_drawdown,XS,ineligible,financial_score:+8.1;catalyst_score:-7.7;momentum_score:-5.4,tier=D;reason=ineligible;cat_days=NA;strength=missing;decay_w=0.0,v1.3.0,31f399e0,0,fundamental_red_flag,1,sponsor_absent_late_stage,"{""burn_ttm"": 7151000.0, ""cash_total"": 131749000.0, ""dilution_risk"": null, ""has_revenue"": null, ""lead_phase"": null, ""runway_months"": 221.0862816389316, ""stage_bucket"": ""late"", ""surv_score"": ""5.0"", ""tier1_count"": 0}",late|none|pos,0.027091856115107917,,0.9023,0,1,0.3526,0.3429,0,0,neutral,-1.1356,,0.0,0.0,0.0,,,0.0,0,0,0,True,False,True,missing,0.0,adequate,<=2000bps,1131.52,0.7,1,0,1.0,0,1.0,0,,False,no_upcoming,-0.036924,price_history,,0,1.2212,price_history,,-0.546778,,40.0123,1.1868,-0.462867,-0.083911,late,small,none,drug_developer,morningstar,,,,0,0.7898548705445257169395100430,43.49,41.25000000000000000000000000,,80.60,53.89312977099236641221374046,57.00000000000000000000000000,53.0307,0.3927,3.0,486,8,1.0,0.6798,0,2,0.0,0.4,0.6,cns,0.7492,highly_crowded,1.0,82,0.027091856115107917,0.690114,0.4962,28.64,0.595057,0.2406
MESO,Mesoblast Limited,,,D,ineligible,D,ineligible,,0.397338,,0,0.454887,1,0.545113,,0,no_upcoming,9,headwind,deep_drawdown,XS,ineligible,financial_score:-30.5;clinical_score:+17.4;momentum_score:+7.4,tier=D;reason=ineligible;cat_days=NA;strength=missing;decay_w=0.0,v1.3.0,31f399e0,0,financials_missing,1,"cash_runway_lt_6m,sponsor_absent_late_stage,survivability_critical","{""burn_ttm"": 0.0, ""cash_total"": 0.0, ""dilution_risk"": null, ""has_revenue"": null, ""lead_phase"": null, ""runway_months"": 0.0, ""stage_bucket"": ""late"", ""surv_score"": ""-5.0"", ""tier1_count"": 0}",late|none|pos,0.027091856115107917,,0.9008,0,1,0.3135,0.302,0,0,neutral,-1.1356,,0.0,0.0,0.0,,,0.0,0,0,0,True,False,True,missing,0.0,critical,<=2000bps,1723.07,0.7,1,0,1.0,0,1.0,0,,False,no_upcoming,-0.1396,price_history,,0,0.7016,price_history,,-0.63105,,34.125,0.5347,-0.462867,-0.168183,late,unknown,sev2,drug_developer,morningstar,,,,0,0.8018815789473684210526315789,42.90,41.25000000000000000000000000,,50,52.97709923664122137404580153,5,51.5176,0.3287,3.0,,32,1.0,0.0028,0,0,0.0,0.4,0.6,autoimmune,0.3304,moderate,1.0,105,0.027091856115107917,0.602662,0.2602,16.67,0.298479,-0.5288
OCGN,"Ocugen, Inc.",,,D,ineligible,D,ineligible,,0.138783,,0,0.996241,1,0.003759,,0,no_upcoming,9,headwind,deep_drawdown|deep_drawdown_rel_xbi,XS,ineligible,catalyst_score:+21.3;clinical_score:-15.0;financial_score:-15.0,tier=D;reason=ineligible;cat_days=NA;strength=missing;decay_w=0.0,v1.3.0,31f399e0,0,fundamental_red_flag|deep_drawdown,1,sponsor_absent_late_stage,"{""burn_ttm"": 43003000.0, ""cash_total"": 37800000.0, ""dilution_risk"": null, ""has_revenue"": null, ""lead_phase"": null, ""runway_months"": 10.2385842945173, ""stage_bucket"": ""late"", ""surv_score"": ""0.0"", ""tier1_count"": 0}",late|none|nonpos,0.07721950850661626,,-0.3515,1855,1,-1.7321,-1.8433,0,0,neutral,-1.1356,,0.0,0.0,0.0,,,0.0,0,0,0,True,False,True,missing,0.0,short,<=2000bps,1069.58,0.7,1,0,1.0,0,1.0,0,,False,no_upcoming,-0.193486,price_history,,0,1.7383,price_history,,-0.775459,,40.6099,0.7585,-0.462867,-0.312592,late,small,sev2,drug_developer,morningstar,,,,0,0.8491919686129702284791137780,28.59,41.25000000000000000000000000,,58.19,5,5,3.5405,-1.7005,3.0,,5,1.0,0.0,0,0,0.0,0.4,0.55,ophthalmology,0.3304,moderate,1.0,37,0.07721950850661626,0.861217,1.0858,4.48,0.005703,-2.53
EPRX,Eupraxia Pharmaceuticals Inc.,,,D,ineligible,D,ineligible,,0.519011,,0,0.387218,1,0.612782,,0,no_upcoming,9,neutral,overbought_rsi,XS,ineligible,financial_score:-37.9;smart_money_score:+22.4;clinical_score:+12.4,tier=D;reason=ineligible;cat_days=NA;strength=missing;decay_w=0.0,v1.3.0,31f399e0,0,financials_missing,1,"cash_runway_lt_6m,survivability_critical","{""burn_ttm"": 0.0, ""cash_total"": 0.0, ""dilution_risk"": null, ""has_revenue"": null, ""lead_phase"": null, ""runway_months"": 0.0, ""stage_bucket"": ""mid"", ""surv_score"": ""-5.0"", ""tier1_count"": 3}",mid|none|pos,0.013448488095238095,,0.4062,0,1,0.4646,0.4605,3,3,buying,0.0265,elite_3,0.0,0.0,0.0,,,0.0,0,0,0,True,False,True,missing,0.0,critical,>2000bps,2020.0,0.55,1,0,1.0,0,1.0,0,,False,no_upcoming,,,beta_missing:series_too_short,3,0.8122,,series_too_short,-0.0272,,82.0755,0.6009,-0.462867,0.435667,mid,unknown,sev2,drug_developer,morningstar,,,,0,0.7236226224630751248538943789,50,41.25000000000000000000000000,66.5,50,56.52173913043478260869565218,6.227683259819365679479101022,55.1217,0.4812,2.0,471,1,0.0,0.0197,0,0,0.0,0.3,0.6,autoimmune,-0.7166,moderate,1.0,137,0.013448488095238095,0.480989,-0.0477,18.86,0.385932,-0.2899
ACIU,AC Immune SA,,,D,ineligible,D,ineligible,,0.606464,,0,0.417293,1,0.582707,791,0,specific_days,9,headwind,deep_drawdown,XS,ineligible,financial_score:-31.8;clinical_score:+17.2;catalyst_score:+7.6,tier=D;reason=ineligible;cat_days=791;strength=far;decay_w=0.3,v1.3.0,31f399e0,0,financials_missing,1,"cash_runway_lt_6m,survivability_critical","{""burn_ttm"": 0.0, ""cash_total"": 0.0, ""dilution_risk"": null, ""has_revenue"": null, ""lead_phase"": null, ""runway_months"": 0.0, ""stage_bucket"": ""mid"", ""surv_score"": ""-5.0"", ""tier1_count"": 0}",mid|far_271_540|pos,0.004020559322033899,,-0.7664,582,1,0.409,0.4021,0,0,neutral,-1.1356,,0.0,0.0,0.0,,,0.0,0,0,0,True,False,True,far,0.3,critical,>2000bps,2020.0,0.55,1,0,1.0,0,1.0,0,791,False,specific_days,-0.13899,price_history,,0,0.8253,price_history,,-0.506696,,41.0845,0.7916,-0.462867,-0.043829,mid,unknown,sev2,drug_developer,morningstar,,,,0,0.7315197009102730819245773732,44.94,45.56250000000000000000000000,,50,55.21739130434782608695652174,6.227683259819365679479101022,53.7481,0.4231,2.0,791,3,0.6667,0.0033,0,0,0.0,0.4,0.6,cns,0.7492,highly_crowded,1.0,160,0.004020559322033899,0.393536,-0.2701,16.95,0.313688,-0.4854
BDTX,"Black Diamond Therapeutics, Inc.",,,D,ineligible,D,ineligible,,0.63308,,0,0.943609,1,0.056391,,0,no_upcoming,9,headwind,deep_drawdown|deep_drawdown_rel_xbi,XS,ineligible,clinical_score:-33.1;smart_money_score:+17.4;financial_score:+15.9,tier=D;reason=ineligible;cat_days=NA;strength=missing;decay_w=0.0,v1.3.0,31f399e0,0,deep_drawdown,0,,"{""burn_ttm"": 0.0, ""cash_total"": 30864000.0, ""dilution_risk"": null, ""has_revenue"": null, ""lead_phase"": null, ""runway_months"": null, ""stage_bucket"": ""early"", ""surv_score"": ""5.0"", ""tier1_count"": 1}",early|none|nonpos,-0.00746955223880597,,-1.3011,214,1,-1.7321,-1.8433,1,1,buying,-0.7482,elite_1,0.0,0.0,0.0,,,0.0,0,0,0,True,False,True,missing,0.0,adequate,<=2000bps,1969.35,0.7,1,0,1.0,0,1.0,0,,False,no_upcoming,-0.166963,price_history,,1,1.0567,price_history,,-0.856306,,42.5114,0.7908,-0.462867,-0.393439,early,micro,none,drug_developer,morningstar,,,,0,0.7364062097370366458971380294,34.78,41.25000000000000000000000000,55.5,90.00,5,53.97590361445783132530120482,3.95,-1.6832,1.0,214,1,0.0,0.042,0,0,0.0,0.3,0.85,oncology,0.7492,highly_crowded,1.0,167,-0.00746955223880597,0.36692,-0.34,15.72,0.252852,-0.6655
ELDN,"Eledon Pharmaceuticals, Inc.",,,D,ineligible,D,ineligible,,0.823194,,0,0.921053,1,0.078947,,0,no_upcoming,9,neutral,deep_drawdown|deep_drawdown_rel_xbi,XS,ineligible,clinical_score:-33.2;smart_money_score:+13.0;momentum_score:+12.3,tier=D;reason=ineligible;cat_days=NA;strength=missing;decay_w=0.0,v1.3.0,31f399e0,0,deep_drawdown,0,,"{""burn_ttm"": 48250000.0, ""cash_total"": 93401000.0, ""dilution_risk"": null, ""has_revenue"": null, ""lead_phase"": null, ""runway_months"": 23.229264248704663, ""stage_bucket"": ""mid"", ""surv_score"": ""4.0"", ""tier1_count"": 1}",mid|none|nonpos,-0.01560273913043478,,-0.1777,52,1,-1.6798,-1.7884,1,1,neutral,-0.7482,elite_1,0.0,0.0,0.0,,,0.0,0,0,0,True,False,True,missing,0.0,adequate,>2000bps,2020.0,0.55,1,0,1.0,0,1.0,0,,False,no_upcoming,0.019084,price_history,,1,0.6781,price_history,,-0.789282,,48.0444,,-0.462867,-0.326415,mid,micro,sev1,drug_developer,morningstar,,,,0,0.7551825525040387722132471729,51.78,41.25000000000000000000000000,52.5,76.56,6.227683259819365679479101022,45.49910733039277462717916403,5.5189,-1.6169,2.0,52,4,1.0,0.6597,1,1,0.0,0.3,0.55,metabolic,0.7492,highly_crowded,1.0,217,-0.01560273913043478,0.176806,-0.9276,13.97,0.180608,-0.913
ABEO,Abeona Therapeutics Inc.,,,D,ineligible,D,ineligible,,0.009506,,0,0.898496,1,0.101504,,0,no_upcoming,9,headwind,deep_drawdown|deep_drawdown_rel_xbi,XS,ineligible,financial_score:+30.4;clinical_score:-29.2;momentum_score:-18.5,tier=D;reason=ineligible;cat_days=NA;strength=missing;decay_w=0.0,v1.3.0,31f399e0,0,deep_drawdown,0,,"{""burn_ttm"": 58373000.0, ""cash_total"": 207117000.0, ""dilution_risk"": null, ""has_revenue"": null, ""lead_phase"": null, ""runway_months"": 38.84982606281337, ""stage_bucket"": ""late"", ""surv_score"": ""2.0"", ""tier1_count"": 2}",late|none|nonpos,0.07721950850661626,,0.8436,0,1,-1.5042,-1.6043,2,2,neutral,-0.3608,elite_2,0.0,0.0,0.0,,,0.0,0,0,0,True,False,True,missing,0.0,adequate,<=2000bps,1317.16,0.7,1,0,1.0,0,1.0,0,,False,no_upcoming,-0.448414,price_history,,2,0.8759,price_history,,-0.923304,,37.8003,,-0.462867,-0.460437,late,micro,none,drug_developer,morningstar,,,,0,0.8661432245301681503461918892,21.06,41.25000000000000000000000000,55.0,84.05,10.34522722711056724226119949,69.92366412213740458015267176,10.2546,-1.4166,3.0,260,7,1.0,0.6819,3,0,0.0,0.3,0.5,other,-1.5542,uncrowded,1.0,3,0.07721950850661626,0.990494,2.3453,22.31,0.488593,-0.0286
SMMT,Summit Therapeutics Inc.,,,D,ineligible,D,ineligible,,0.165399,,0,0.890977,1,0.109023,,0,no_upcoming,9,headwind,deep_drawdown|deep_drawdown_rel_xbi,XS,ineligible,smart_money_score:+34.8;clinical_score:-25.7;momentum_score:-9.9,tier=D;reason=ineligible;cat_days=NA;strength=missing;decay_w=0.0,v1.3.0,31f399e0,0,deep_drawdown,0,,"{""burn_ttm"": 322930000.0, ""cash_total"": 713448000.0, ""dilution_risk"": null, ""has_revenue"": null, ""lead_phase"": null, ""runway_months"": 26.511553587464775, ""stage_bucket"": ""late"", ""surv_score"": ""3.0"", ""tier1_count"": 5}",late|none|nonpos,0.07721950850661626,,0.845,0,1,-1.4762,-1.5749,5,5,buying,0.8012,elite_5,0.0,0.0,0.0,,,0.0,0,0,0,True,False,True,missing,0.0,adequate,<=1000bps,484.44,0.85,1,0,1.0,0,1.0,0,,False,no_upcoming,-0.349006,price_history,,5,0.8364,price_history,,-0.803396,,34.3434,0.5984,-0.462867,-0.340529,late,large,none,drug_developer,morningstar,,,,0,0.8269437982123178645769560426,26.84,41.25000000000000000000000000,71.5,10.00,11.00227259483713070333896626,33.04071894282254983845800231,10.1545,-1.4208,3.0,240,5,1.0,0.203,0,0,0.0,0.3,0.75,rare_disease,-0.2978,uncrowded,1.0,44,0.07721950850661626,0.834601,0.9725,15.39,0.230038,-0.7387
ZVRA,"Zevra Therapeutics, Inc.",,,D,ineligible,D,ineligible,,0.19962,,0,0.853383,1,0.146617,,0,no_upcoming,9,neutral,deep_drawdown,XS,ineligible,clinical_score:-20.4;momentum_score:+15.8;catalyst_score:+6.3,tier=D;reason=ineligible;cat_days=NA;strength=missing;decay_w=0.0,v1.3.0,31f399e0,0,fundamental_red_flag,1,sponsor_absent_late_stage,"{""burn_ttm"": 7114000.0, ""cash_total"": 54439000.0, ""dilution_risk"": null, ""has_revenue"": null, ""lead_phase"": null, ""runway_months"": 91.8285071689626, ""stage_bucket"": ""late"", ""surv_score"": ""0.0"", ""tier1_count"": 0}",late|none|nonpos,0.07721950850661626,,-0.304,,0,-1.3225,-1.4138,0,0,neutral,-1.1356,,0.0,0.0,0.0,,,0.0,0,0,0,True,False,True,missing,0.0,adequate,<=2000bps,1120.07,0.7,1,0,1.0,0,1.0,0,,False,no_upcoming,0.060761,price_history,,0,1.0074,price_history,,-0.533937,,44.7563,0.4964,-0.462867,-0.07107,late,small,none,drug_developer,morningstar,,,,0,0.8366104632502407189472558040,50.83,41.25000000000000000000000000,,50,14.60544904790578119638197722,33.31410995770857362552864283,13.4862,-1.2799,3.0,,1,0.0,0.0,0,0,0.0,0.4,0.6,cns,-0.7166,moderate,1.0,53,0.07721950850661626,0.80038,0.843,16.44,0.271863,-0.6072
LENZ,"LENZ Therapeutics, Inc.",,,D,ineligible,D,ineligible,,0.545627,,0,0.462406,1,0.537594,,0,no_upcoming,9,headwind,deep_drawdown,XS,ineligible,financial_score:-33.1;smart_money_score:+29.3;clinical_score:+7.9,tier=D;reason=ineligible;cat_days=NA;strength=missing;decay_w=0.0,v1.3.0,31f399e0,0,fundamental_red_flag,1,survivability_critical,"{""burn_ttm"": 36145000.0, ""cash_total"": 25399000.0, ""dilution_risk"": null, ""has_revenue"": null, ""lead_phase"": null, ""runway_months"": 8.432369622354406, ""stage_bucket"": ""mid"", ""surv_score"": ""-5.0"", ""tier1_count"": 6}",mid|none|pos,0.013448488095238095,,0.4033,0,1,0.2978,0.2855,6,6,buying,1.1886,elite_6,0.0,0.0,0.0,,,0.0,0,0,0,True,False,True,missing,0.0,short,<=1000bps,831.52,0.85,1,0,1.0,0,1.0,0,,False,no_upcoming,0.169348,price_history,,6,1.5142,price_history,,-0.696062,,44.5106,1.0281,-0.462867,-0.233195,mid,small,sev2,drug_developer,morningstar,,,,0,0.7357908565423016290068313190,44.08,41.25000000000000000000000000,74.0,50,52.60869565217391304347826087,11.62765175383322831337954212,51.4894,0.3275,2.0,,2,0.3333,0.0,0,0,0.0,0.4,0.5,other,-3.0199,uncrowded,1.0,144,0.013448488095238095,0.454373,-0.1146,16.53,0.287072,-0.562
URGN,UroGen Pharma Ltd.,,,D,ineligible,D,ineligible,,0.192015,,0,0.845865,1,0.154135,,0,no_upcoming,9,headwind,deep_drawdown|deep_drawdown_rel_xbi,XS,ineligible,smart_money_score:+37.6;financial_score:-23.9;clinical_score:-19.4,tier=D;reason=ineligible;cat_days=NA;strength=missing;decay_w=0.0,v1.3.0,31f399e0,0,deep_drawdown,0,,"{""burn_ttm"": 124119000.0, ""cash_total"": 153829000.0, ""dilution_risk"": null, ""has_revenue"": null, ""lead_phase"": null, ""runway_months"": 14.872404708384696, ""stage_bucket"": ""late"", ""surv_score"": ""0.0"", ""tier1_count"": 4}",late|none|nonpos,0.07721950850661626,,0.8558,0,1,-1.3035,-1.3938,4,4,buying,0.4139,elite_4,0.0,0.0,0.0,,,0.0,0,0,0,True,False,True,missing,0.0,short,<=1000bps,785.74,0.85,1,0,1.0,0,1.0,0,,False,no_upcoming,-0.300878,price_history,,4,0.9547,price_history,,-0.71365,,38.7523,0.7699,-0.462867,-0.250783,late,small,sev2,drug_developer,morningstar,,,,0,0.8167599040986413974197967805,33.31,41.25000000000000000000000000,72.0,65.95,15.05331857117883573218343920,10.53086419753086419753086419,14.0033,-1.258,3.0,367,10,1.0,0.1197,0,0,0.0,0.3,0.95,oncology,0.7492,highly_crowded,1.0,51,0.07721950850661626,0.807985,0.8705,5.95,0.020913,-2.0353
VOR,Vor Biopharma Inc.,,,D,ineligible,D,ineligible,,0.788973,,0,0.830827,1,0.169173,,0,no_upcoming,9,headwind,high_vol|deep_drawdown|deep_drawdown_rel_xbi,XS,ineligible,clinical_score:-13.2;catalyst_score:+12.4;momentum_score:+6.7,tier=D;reason=ineligible;cat_days=NA;strength=missing;decay_w=0.0,v1.3.0,31f399e0,0,deep_drawdown,0,,"{""burn_ttm"": 119912000.0, ""cash_total"": 170462000.0, ""dilution_risk"": null, ""has_revenue"": null, ""lead_phase"": null, ""runway_months"": 17.05870972046167, ""stage_bucket"": ""early"", ""surv_score"": ""2.0"", ""tier1_count"": 0}",early|none|nonpos,-0.00746955223880597,,-1.4032,1213,1,-1.2773,-1.3663,0,0,neutral,-1.1356,,0.0,0.0,0.0,,,0.0,0,0,0,True,False,True,missing,0.0,adequate,<=1000bps,610.22,0.85,1,0,1.0,0,1.0,0,,False,no_upcoming,-0.157644,price_history,,0,1.2456,price_history,,-0.847448,,34.3581,1.6831,-0.462867,-0.384581,early,small,sev1,drug_developer,morningstar,,,,0,0.6970411129568106312292358804,35.63,41.25000000000000000000000000,,50,15.66700537088111482072869792,23.04236669101533966398831263,14.617,-1.232,1.0,1213,1,0.0,0.0,0,0,0.0,0.3,0.85,oncology,0.7492,highly_crowded,1.0,208,-0.00746955223880597,0.211027,-0.8029,9.41,0.070342,-1.4732
ABCL,AbCellera Biologics Inc.,,,D,ineligible,D,ineligible,,0.005703,,0,0.823308,1,0.176692,,0,no_upcoming,9,headwind,deep_drawdown|deep_drawdown_rel_xbi,XS,ineligible,smart_money_score:+27.3;financial_score:-25.5;clinical_score:-16.7,tier=D;reason=ineligible;cat_days=NA;strength=missing;decay_w=0.0,v1.3.0,31f399e0,0,deep_drawdown,0,,"{""burn_ttm"": 131295000.0, ""cash_total"": 128513000.0, ""dilution_risk"": null, ""has_revenue"": null, ""lead_phase"": null, ""runway_months"": 11.74573289158003, ""stage_bucket"": ""late"", ""surv_score"": ""0.0"", ""tier1_count"": 2}",late|none|nonpos,0.07721950850661626,,-0.2977,386,1,-1.2441,-1.3315,2,2,buying,-0.3608,elite_2,0.0,0.0,0.0,,,0.0,0,0,0,True,False,True,missing,0.0,short,<=1000bps,821.91,0.85,1,0,1.0,0,1.0,0,,False,no_upcoming,-0.175771,price_history,,2,1.0345,price_history,,-0.81483,,34.2578,0.7022,-0.462867,-0.351963,late,small,sev2,drug_developer,morningstar,,,,0,0.8560888598385813345458679095,39.98,41.25000000000000000000000000,60.5,46.12,16.44510485661933712746602439,7.716049382716049382716049384,14.9758,-1.2169,3.0,,2,0.3333,0.0401,0,0,0.0,0.4,0.55,infectious_disease,0.7492,highly_crowded,1.0,2,0.07721950850661626,0.994297,2.53,8.07,0.039924,-1.7516
TENX,"Tenax Therapeutics, Inc.",,,D,ineligible,D,ineligible,,0.180608,,0,0.800752,1,0.199248,,0,no_upcoming,9,headwind,deep_drawdown|deep_drawdown_rel_xbi,XS,ineligible,clinical_score:-22.3;financial_score:+20.8;smart_money_score:+14.6,tier=D;reason=ineligible;cat_days=NA;strength=missing;decay_w=0.0,v1.3.0,31f399e0,0,deep_drawdown,0,,"{""burn_ttm"": 22385000.0, ""cash_total"": 99400000.0, ""dilution_risk"": null, ""has_revenue"": null, ""lead_phase"": null, ""runway_months"": 53.28568237659147, ""stage_bucket"": ""late"", ""surv_score"": ""5.0"", ""tier1_count"": 1}",late|none|nonpos,0.07721950850661626,,0.8649,0,1,-1.1534,-1.2364,1,1,buying,-0.7482,elite_1,0.0,0.0,0.0,,,0.0,0,0,0,True,False,True,missing,0.0,adequate,<=2000bps,1850.21,0.7,1,0,1.0,0,1.0,0,,False,no_upcoming,-0.40646,price_history,,1,0.5827,price_history,,-0.767025,,28.3195,,-0.462867,-0.304158,late,micro,none,drug_developer,morningstar,,,,0,0.8450048823400043985045084671,27.48,41.25000000000000000000000000,55.5,90.00,18.57163205977377645695342799,61.65648854961832061068702290,18.1263,-1.0836,3.0,,5,1.0,0.0023,0,0,0.0,0.4,0.85,cardiovascular,-0.2978,uncrowded,1.0,48,0.07721950850661626,0.819392,0.913,22.56,0.496198,-0.0095
LEGN,Legend Biotech Corporation,,,D,ineligible,D,ineligible,,0.598859,,0,0.793233,1,0.206767,335,0,specific_days,9,tailwind,,XS,ineligible,financial_score:-32.2;momentum_score:+26.3;clinical_score:-18.8,tier=D;reason=ineligible;cat_days=335;strength=far;decay_w=0.3,v1.3.0,31f399e0,0,financials_missing,1,"cash_runway_lt_6m,survivability_critical","{""burn_ttm"": 0.0, ""cash_total"": 0.0, ""dilution_risk"": null, ""has_revenue"": null, ""lead_phase"": null, ""runway_months"": 0.0, ""stage_bucket"": ""mid"", ""surv_score"": ""-5.0"", ""tier1_count"": 4}",mid|far_271_540|nonpos,0.008449262295081968,,0.3517,0,1,-1.108,-1.1888,4,4,selling,0.4139,elite_4,0.0,0.0,0.0,,,0.0,0,0,0,True,False,True,far,0.3,critical,<=1000bps,455.48,0.85,1,0,1.0,0,1.0,0,335,False,specific_days,0.059691,price_history,,4,0.7766,price_history,,-0.251667,,50.1941,0.3634,-0.462867,0.2112,mid,unknown,sev2,drug_developer,morningstar,,,,0,0.7873161484023161055114733005,64.73,45.56250000000000000000000000,56.0,50,19.63663095988237765175383322,6.227683259819365679479101022,18.5866,-1.0641,2.0,1256,14,1.0,0.1721,0,0,0.0,0.3,0.95,oncology,0.7492,highly_crowded,1.0,158,0.008449262295081968,0.401141,-0.2504,9.99,0.077947,-1.419
WVE,Wave Life Sciences Ltd.,,,D,ineligible,D,ineligible,,0.868821,,0,0.778195,1,0.221805,,0,no_upcoming,9,headwind,high_vol|deep_drawdown|deep_drawdown_rel_xbi,XS,ineligible,smart_money_score:+31.3;clinical_score:-24.4;momentum_score:-15.7,tier=D;reason=ineligible;cat_days=NA;strength=missing;decay_w=0.0,v1.3.0,31f399e0,0,deep_drawdown,0,,"{""burn_ttm"": 187493000.0, ""cash_total"": 602068000.0, ""dilution_risk"": null, ""has_revenue"": null, ""lead_phase"": null, ""runway_months"": 38.533790594848874, ""stage_bucket"": ""mid"", ""surv_score"": ""5.0"", ""tier1_count"": 5}",mid|none|nonpos,-0.01560273913043478,,0.3525,0,1,-1.0192,-1.0957,5,5,buying,0.8012,elite_5,0.0,0.0,0.0,,,0.0,0,0,0,True,False,True,missing,0.0,adequate,<=400bps,327.67,1.0,0,0,1.0,0,1.0,0,,False,no_upcoming,-0.283098,price_history,,5,0.8742,price_history,,-0.817652,,27.2311,3.1359,-0.462867,-0.354785,mid,mid,none,drug_developer,morningstar,,,,0,0.7892883684269789438126337124,30.42,41.25000000000000000000000000,77.5,29.69,21.72022684310018903591682419,59.91304347826086956521739131,20.8025,-0.9704,2.0,1608,6,1.0,0.0037,0,0,0.0,0.4,0.75,rare_disease,0.7492,highly_crowded,1.0,229,-0.01560273913043478,0.131179,-1.1208,23.39,0.511407,0.0286
AVIR,"Atea Pharmaceuticals, Inc.",,,D,ineligible,D,ineligible,,0.047529,,0,0.770677,1,0.229323,,0,no_upcoming,9,headwind,deep_drawdown|deep_drawdown_rel_xbi,XS,ineligible,financial_score:-22.5;smart_money_score:+17.4;catalyst_score:+9.7,tier=D;reason=ineligible;cat_days=NA;strength=missing;decay_w=0.0,v1.3.0,31f399e0,0,deep_drawdown,0,,"{""burn_ttm"": 103808000.0, ""cash_total"": 77344000.0, ""dilution_risk"": null, ""has_revenue"": null, ""lead_phase"": null, ""runway_months"": 8.940813810110974, ""stage_bucket"": ""late"", ""surv_score"": ""-2.0"", ""tier1_count"": 2}",late|none|nonpos,0.07721950850661626,,0.8696,0,1,-0.9661,-1.04,2,2,selling,-0.3608,elite_2,0.0,0.0,0.0,,,0.0,0,0,0,True,False,True,missing,0.0,short,>2000bps,2020.0,0.55,1,0,1.0,0,1.0,0,,False,no_upcoming,-0.148953,price_history,,2,0.8419,price_history,,-0.919267,,42.5857,0.5268,-0.462867,-0.4564,late,small,sev2,drug_developer,morningstar,,,,0,0.8792634560906515580736543909,35.55,41.25000000000000000000000000,49.0,86.64,22.96453845605992916755692818,9.111111111111111111111111112,22.8082,-0.8856,3.0,,8,1.0,0.8831,1,1,0.0,0.4,0.55,infectious_disease,0.7492,highly_crowded,1.0,13,0.07721950850661626,0.952471,1.6693,8.28,0.051331,-1.6321
ANNX,"Annexon, Inc.",,,D,ineligible,D,ineligible,,0.290875,,0,0.522556,1,0.477444,,0,no_upcoming,9,headwind,deep_drawdown|deep_drawdown_rel_xbi,XS,ineligible,smart_money_score:+30.7;financial_score:-28.8;momentum_score:-10.7,tier=D;reason=ineligible;cat_days=NA;strength=missing;decay_w=0.0,v1.3.0,31f399e0,0,deep_drawdown,0,,"{""burn_ttm"": 140430000.0, ""cash_total"": 139419000.0, ""dilution_risk"": null, ""has_revenue"": null, ""lead_phase"": null, ""runway_months"": 11.913608203375347, ""stage_bucket"": ""late"", ""surv_score"": ""0.0"", ""tier1_count"": 4}",late|none|pos,0.027091856115107917,,0.8965,0,1,0.1476,0.128,4,4,buying,0.4139,elite_4,0.0,0.0,0.0,,,0.0,0,0,0,True,False,True,missing,0.0,short,<=1000bps,834.55,0.85,1,0,1.0,0,1.0,0,,False,no_upcoming,-0.115278,price_history,,4,1.4483,price_history,,-0.785775,,34.8362,0.9497,-0.462867,-0.322908,late,small,sev2,drug_developer,morningstar,,,,0,0.8211189608021877848678213309,30.13,41.25000000000000000000000000,71.5,61.64,49.08655931731510077760296279,11.97530864197530864197530864,47.9412,0.1775,3.0,810,8,1.0,0.0881,0,0,0.0,0.4,0.55,ophthalmology,-0.2978,uncrowded,1.0,77,0.027091856115107917,0.709125,0.5508,15.20,0.222433,-0.764
PRQR,ProQR Therapeutics N.V.,,,D,ineligible,D,ineligible,,0.557034,,0,0.507519,1,0.492481,,0,no_upcoming,9,neutral,deep_drawdown,XS,ineligible,financial_score:-34.0;smart_money_score:+15.2;clinical_score:+9.7,tier=D;reason=ineligible;cat_days=NA;strength=missing;decay_w=0.0,v1.3.0,31f399e0,0,financials_missing,1,"cash_runway_lt_6m,survivability_critical","{""burn_ttm"": 0.0, ""cash_total"": 0.0, ""dilution_risk"": null, ""has_revenue"": null, ""lead_phase"": null, ""runway_months"": 0.0, ""stage_bucket"": ""mid"", ""surv_score"": ""-5.0"", ""tier1_count"": 1}",mid|none|pos,0.013448488095238095,,0.3981,0,1,0.1866,0.1688,1,1,buying,-0.7482,elite_1,0.0,0.0,0.0,,,0.0,0,0,0,True,False,True,missing,0.0,critical,>2000bps,2036.0,0.55,1,0,1.0,0,1.0,0,,False,no_upcoming,0.006715,price_history,,1,1.0235,price_history,,-0.408894,,34.4075,,-0.462867,0.053973,mid,unknown,sev2,drug_developer,morningstar,,,,0,0.7475276947877485222998387963,48.40,41.25000000000000000000000000,55.5,50,50,6.227683259819365679479101022,50.7,0.2942,2.0,0,5,1.0,1.2289,2,1,0.0,0.5,0.55,ophthalmology,0.7492,highly_crowded,1.0,147,0.013448488095238095,0.442966,-0.1435,16.56,0.290875,-0.5508
IMVT,"Immunovant, Inc.",,,D,ineligible,D,ineligible,,0.830798,,0,0.763158,1,0.236842,,0,no_upcoming,9,tailwind,deep_drawdown|deep_drawdown_rel_xbi,XS,ineligible,clinical_score:-24.3;smart_money_score:+13.8;financial_score:+9.5,tier=D;reason=ineligible;cat_days=NA;strength=missing;decay_w=0.0,v1.3.0,31f399e0,0,deep_drawdown,0,,"{""burn_ttm"": 312251000.0, ""cash_total"": 994525000.0, ""dilution_risk"": null, ""has_revenue"": null, ""lead_phase"": null, ""runway_months"": 38.220213866408756, ""stage_bucket"": ""mid"", ""surv_score"": ""3.0"", ""tier1_count"": 6}",mid|none|nonpos,-0.01560273913043478,,-0.8202,,0,-0.9286,-1.0006,6,6,selling,1.1886,elite_6,0.0,0.0,0.0,,,0.0,0,0,0,True,False,True,missing,0.0,adequate,<=1000bps,478.91,0.85,1,0,1.0,0,1.0,0,,False,no_upcoming,0.14305,price_history,,6,1.1666,price_history,,-0.739859,,44.1119,0.5723,-0.462867,-0.276992,mid,mid,none,drug_developer,morningstar,,,,0,0.8495094179421293710199977656,56.10,41.25000000000000000000000000,62.0,10.00,23.84583070783448855282503676,57.69565217391304347826086956,22.7005,-0.8901,2.0,,3,0.6667,0.0,0,0,0.0,0.4,0.6,autoimmune,-0.2978,uncrowded,1.0,219,-0.01560273913043478,0.169202,-0.9573,31.12,0.621673,0.3099
ABSI,Absci Corporation,,,D,ineligible,D,ineligible,,0.013308,,0,0.74812,1,0.25188,,0,no_upcoming,9,headwind,deep_drawdown|deep_drawdown_rel_xbi,XS,ineligible,smart_money_score:+24.2;clinical_score:-17.1;momentum_score:-14.7,tier=D;reason=ineligible;cat_days=NA;strength=missing;decay_w=0.0,v1.3.0,31f399e0,0,deep_drawdown,0,,"{""burn_ttm"": 63743000.0, ""cash_total"": 152475000.0, ""dilution_risk"": null, ""has_revenue"": null, ""lead_phase"": null, ""runway_months"": 28.70432831840359, ""stage_bucket"": ""late"", ""surv_score"": ""5.0"", ""tier1_count"": 3}",late|none|nonpos,0.07721950850661626,,-0.3011,,0,-0.8695,-0.9387,3,3,buying,0.0265,elite_3,0.0,0.0,0.0,,,0.0,0,0,0,True,False,True,missing,0.0,adequate,<=2000bps,1036.19,0.7,1,0,1.0,0,1.0,0,,False,no_upcoming,-0.288371,price_history,,3,1.0606,price_history,,-0.777814,,42.6993,0.9218,-0.462867,-0.314947,late,small,none,drug_developer,morningstar,,,,0,0.8026266437964551172098341910,27.58,41.25000000000000000000000000,66.5,71.98,25.23091764919164254867302476,51.00000000000000000000000000,24.4715,-0.8152,3.0,,7,1.0,0.0,0,0,0.0,0.4,0.95,oncology,0.3304,moderate,1.0,4,0.07721950850661626,0.986692,2.2171,19.40,0.397338,-0.2602
MCRB,"Seres Therapeutics, Inc.",,,D,ineligible,D,ineligible,,0.134981,,0,0.740602,1,0.259398,,0,no_upcoming,9,tailwind,deep_drawdown,XS,ineligible,momentum_score:+27.4;clinical_score:-26.3;catalyst_score:-11.0,tier=D;reason=ineligible;cat_days=NA;strength=missing;decay_w=0.0,v1.3.0,31f399e0,0,fundamental_red_flag,1,sponsor_absent_late_stage,"{""burn_ttm"": 0.0, ""cash_total"": 47638000.0, ""dilution_risk"": null, ""has_revenue"": null, ""lead_phase"": null, ""runway_months"": null, ""stage_bucket"": ""late"", ""surv_score"": ""4.0"", ""tier1_count"": 0}",late|none|nonpos,0.07721950850661626,,0.8745,0,1,-0.8369,-0.9044,0,0,neutral,-1.1356,,0.0,0.0,0.0,,,0.0,0,0,0,True,False,True,missing,0.0,adequate,>2000bps,2036.0,0.55,1,0,1.0,0,1.0,0,,False,no_upcoming,0.50403,price_history,,0,1.0466,price_history,,-0.711618,,53.291,1.1067,-0.462867,-0.248751,late,micro,none,drug_developer,morningstar,,,,0,0.7958896459287389701775941025,79.67,41.25000000000000000000000000,,90.00,25.99673678690053027212866383,62.13740458015267175572519084,27.1408,-0.7023,3.0,88,5,1.0,0.9121,2,1,0.0,0.4,0.95,oncology,-0.2978,uncrowded,1.0,36,0.07721950850661626,0.865019,1.1032,16.52,0.28327,-0.5732
SRRK,Scholar Rock Holding Corporatio,,,D,ineligible,D,ineligible,,0.169202,,0,0.68797,1,0.31203,,0,no_upcoming,9,headwind,deep_drawdown|deep_drawdown_rel_xbi,XS,ineligible,financial_score:-32.5;smart_money_score:+30.5;clinical_score:-4.0,tier=D;reason=ineligible;cat_days=NA;strength=missing;decay_w=0.0,v1.3.0,31f399e0,0,financials_missing|deep_drawdown,1,"cash_runway_lt_6m,survivability_critical","{""burn_ttm"": 0.0, ""cash_total"": 0.0, ""dilution_risk"": null, ""has_revenue"": null, ""lead_phase"": null, ""runway_months"": 0.0, ""stage_bucket"": ""late"", ""surv_score"": ""-5.0"", ""tier1_count"": 7}",late|none|nonpos,0.07721950850661626,,-0.2892,1052,1,-0.5156,-0.5676,7,7,buying,1.576,elite_7,0.0,0.0,0.0,,,0.0,0,0,0,True,False,True,missing,0.0,critical,<=1000bps,460.05,0.85,1,0,1.0,0,1.0,0,,False,no_upcoming,-0.08429,price_history,,7,0.9544,price_history,,-0.738165,,35.657,0.7098,-0.462867,-0.275298,late,unknown,sev2,drug_developer,morningstar,,,,0,0.7654061949823943661971830986,39.70,41.25000000000000000000000000,68.0,50,33.53035629884298376810468181,5,32.6126,-0.4709,3.0,1052,3,0.6667,0.0021,0,0,0.0,0.4,0.75,rare_disease,0.7492,highly_crowded,1.0,45,0.07721950850661626,0.830798,0.9573,11.59,0.108365,-1.2353
CADL,"Candel Therapeutics, Inc.",,,D,ineligible,D,ineligible,,0.055133,,0,0.680451,1,0.319549,,0,no_upcoming,9,headwind,deep_drawdown,XS,ineligible,financial_score:+20.7;momentum_score:-12.8;clinical_score:-7.8,tier=D;reason=ineligible;cat_days=NA;strength=missing;decay_w=0.0,v1.3.0,31f399e0,0,fundamental_red_flag,1,sponsor_absent_late_stage,"{""burn_ttm"": 27743000.0, ""cash_total"": 86963000.0, ""dilution_risk"": null, ""has_revenue"": null, ""lead_phase"": null, ""runway_months"": 34.903184982071295, ""stage_bucket"": ""late"", ""surv_score"": ""5.0"", ""tier1_count"": 0}",late|none|nonpos,0.07721950850661626,,0.8841,0,1,-0.5156,-0.5676,0,0,neutral,-1.1356,,0.0,0.0,0.0,,,0.0,0,0,0,True,False,True,missing,0.0,adequate,<=2000bps,1387.28,0.7,1,0,1.0,0,1.0,0,,False,no_upcoming,-0.407408,price_history,,0,0.7443,price_history,,-0.639496,,24.4467,0.6596,-0.462867,-0.176629,late,micro,none,drug_developer,morningstar,,,,0,0.8320923488138990978950885399,28.50,41.25000000000000000000000000,,85.78,33.53035629884298376810468181,62.04580152671755725190839695,33.1804,-0.4469,3.0,913,11,1.0,0.0063,0,0,0.0,0.6,0.95,oncology,0.7492,highly_crowded,1.0,15,0.07721950850661626,0.944867,1.597,21.42,0.461977,-0.0955
RCKT,"Rocket Pharmaceuticals, Inc.",,,D,ineligible,D,ineligible,,0.610266,,0,0.665414,1,0.334586,29,1,specific_days,9,headwind,deep_drawdown|deep_drawdown_rel_xbi,XS,ineligible,smart_money_score:+21.6;momentum_score:-10.7;catalyst_score:-10.5,tier=D;reason=ineligible;cat_days=29;strength=near;decay_w=1.0,v1.3.0,31f399e0,0,deep_drawdown,0,,"{""burn_ttm"": 155174000.0, ""cash_total"": 222758000.0, ""dilution_risk"": null, ""has_revenue"": null, ""lead_phase"": null, ""runway_months"": 17.070450597731686, ""stage_bucket"": ""mid"", ""surv_score"": ""2.0"", ""tier1_count"": 3}",mid|near_0_30|nonpos,0.002986803921568627,,0.371,0,1,-0.4485,-0.4972,3,3,buying,0.0265,elite_3,0.0,0.0,0.0,,,0.0,0,0,0,True,False,True,near,1.0,adequate,<=1000bps,956.37,0.85,1,0,1.0,0,1.0,0,29,True,specific_days,-0.089022,price_history,,3,1.4209,price_history,,-0.747535,,37.207,0.6262,-0.462867,-0.284668,mid,small,sev1,drug_developer,morningstar,,,,0,0.7920746384012366125648669537,33.76,33.93136400000000000000000000,66.0,73.44,35.10396975425330812854442344,53.26086956521739130434782609,34.8838,-0.3748,2.0,29,7,1.0,0.1983,1,0,0.0,0.3,0.95,oncology,-1.3448,uncrowded,1.0,161,0.002986803921568627,0.389734,-0.28,24.27,0.526616,0.0668
IMTX,Immatics N.V.,,,D,ineligible,D,ineligible,,0.11597,,0,0.650376,1,0.349624,,0,no_upcoming,9,tailwind,,XS,ineligible,financial_score:-29.5;momentum_score:+20.8;catalyst_score:+6.8,tier=D;reason=ineligible;cat_days=NA;strength=missing;decay_w=0.0,v1.3.0,31f399e0,0,financials_missing,1,"cash_runway_lt_6m,sponsor_absent_late_stage,survivability_critical","{""burn_ttm"": 0.0, ""cash_total"": 0.0, ""dilution_risk"": null, ""has_revenue"": null, ""lead_phase"": null, ""runway_months"": 0.0, ""stage_bucket"": ""late"", ""surv_score"": ""-5.0"", ""tier1_count"": 0}",late|none|nonpos,0.07721950850661626,,0.8865,0,1,-0.3923,-0.4382,0,0,neutral,-1.1356,,0.0,0.0,0.0,,,0.0,0,0,0,True,False,True,missing,0.0,critical,<=2000bps,1507.41,0.7,1,0,1.0,0,1.0,0,,False,no_upcoming,-0.061944,price_history,,0,0.5683,price_history,,-0.347348,,34.5307,,-0.462867,0.115519,late,unknown,sev2,drug_developer,morningstar,,,,0,0.7794546991435880324769213658,55.25,41.25000000000000000000000000,,50,36.42373858037280914735608518,5,35.3737,-0.3541,3.0,,13,1.0,0.086,0,0,0.0,0.3,0.95,oncology,0.7492,highly_crowded,1.0,31,0.07721950850661626,0.88403,1.1954,8.26,0.047529,-1.6693
OLMA,"Olema Pharmaceuticals, Inc.",,,D,ineligible,D,ineligible,,0.960076,,0,0.146617,1,0.853383,,0,no_upcoming,9,headwind,high_vol|deep_drawdown|deep_drawdown_rel_xbi,XS,ineligible,momentum_score:-27.0;clinical_score:+26.5;smart_money_score:+19.9,tier=D;reason=ineligible;cat_days=NA;strength=missing;decay_w=0.0,v1.3.0,31f399e0,0,deep_drawdown,0,,"{""burn_ttm"": 108389000.0, ""cash_total"": 328960000.0, ""dilution_risk"": null, ""has_revenue"": null, ""lead_phase"": null, ""runway_months"": 36.41993191190988, ""stage_bucket"": ""early"", ""surv_score"": ""5.0"", ""tier1_count"": 3}",early|none|pos,-0.1,,-1.2448,911,1,1.1729,1.2032,3,3,buying,0.0265,elite_3,0.0,0.0,0.0,,,0.0,0,0,0,True,False,True,missing,0.0,adequate,<=1000bps,486.91,0.85,1,0,1.0,0,1.0,0,,False,no_upcoming,-0.583831,price_history,,3,0.6145,price_history,,-0.880127,,33.5069,2.891,-0.462867,-0.41726,early,small,none,drug_developer,morningstar,,,,0,0.7111313528620225649518683366,19.63,41.25000000000000000000000000,66.5,50,73.13253012048192771084337350,32.42472201931661391120850580,72.0825,1.1986,1.0,911,1,0.0,0.0001,0,0,0.0,0.3,0.85,oncology,0.7492,highly_crowded,1.0,253,-0.1,0.039924,-1.7516,36.57,0.739544,0.6419
SPRY,"ARS Pharmaceuticals, Inc.",,,D,ineligible,D,ineligible,,0.979087,,0,0.191729,1,0.808271,,0,no_upcoming,9,headwind,deep_drawdown|deep_drawdown_rel_xbi,XS,ineligible,clinical_score:+22.9;momentum_score:-17.7;catalyst_score:-6.1,tier=D;reason=ineligible;cat_days=NA;strength=missing;decay_w=0.0,v1.3.0,31f399e0,0,deep_drawdown,0,,"{""burn_ttm"": 127381000.0, ""cash_total"": 288209000.0, ""dilution_risk"": null, ""has_revenue"": null, ""lead_phase"": null, ""runway_months"": 27.150893775366814, ""stage_bucket"": ""early"", ""surv_score"": ""0.0"", ""tier1_count"": 6}",early|none|pos,-0.1,,-0.6456,59,1,1.0496,1.0739,6,6,selling,1.1886,elite_6,0.0,0.0,0.0,,,0.0,0,0,0,True,False,True,missing,0.0,adequate,<=1000bps,859.01,0.85,1,0,1.0,0,1.0,0,,False,no_upcoming,-0.031439,price_history,,6,1.4278,price_history,,-0.919384,,43.0938,0.7229,-0.462867,-0.456517,early,small,none,drug_developer,morningstar,,,,0,0.7743740576267685634617370650,29.62,41.25000000000000000000000000,53.0,50,70.24096385542168674698795181,42.55766577388199009820631442,69.2998,1.0809,1.0,59,1,0.0,0.1529,1,0,0.0,0.3,0.5,respiratory,-3.0199,uncrowded,1.0,258,-0.1,0.020913,-2.0353,45.46,0.876426,1.1573
PGEN,"Precigen, Inc.",,,D,ineligible,D,ineligible,,0.963878,,0,0.244361,1,0.755639,,0,no_upcoming,9,headwind,deep_drawdown|deep_drawdown_rel_xbi,XS,ineligible,financial_score:-32.5;clinical_score:+26.1;smart_money_score:+14.6,tier=D;reason=ineligible;cat_days=NA;strength=missing;decay_w=0.0,v1.3.0,31f399e0,0,deep_drawdown,0,,"{""burn_ttm"": 64371000.0, ""cash_total"": 121135000.0, ""dilution_risk"": null, ""has_revenue"": null, ""lead_phase"": null, ""runway_months"": 22.581908002050614, ""stage_bucket"": ""early"", ""surv_score"": ""0.0"", ""tier1_count"": 1}",early|none|pos,-0.1,,-0.0875,0,1,0.9109,0.9285,1,1,buying,-0.7482,elite_1,0.0,0.0,0.0,,,0.0,0,0,0,True,False,True,missing,0.0,adequate,<=1000bps,775.44,0.85,1,0,1.0,0,1.0,0,,False,no_upcoming,-0.075628,price_history,,1,1.4999,price_history,,-0.728707,,32.3138,0.8424,-0.462867,-0.26584,early,small,sev1,drug_developer,morningstar,,,,0,0.7400537056928034371643394200,32.33,41.25000000000000000000000000,55.5,32.50,66.98795180722891566265060241,8.429348267186105023942861784,66.2187,0.9505,1.0,856,5,1.0,0.0004,0,0,0.0,0.4,0.85,oncology,0.7492,highly_crowded,1.0,254,-0.1,0.036122,-1.7976,27.94,0.587452,0.221
IRON,"Disc Medicine, Inc.",,,D,ineligible,D,ineligible,,0.925856,,0,0.229323,1,0.770677,,0,no_upcoming,9,headwind,deep_drawdown|deep_drawdown_rel_xbi,XS,ineligible,momentum_score:-24.1;smart_money_score:+21.6;catalyst_score:-17.2,tier=D;reason=ineligible;cat_days=NA;strength=missing;decay_w=0.0,v1.3.0,31f399e0,0,deep_drawdown,0,,"{""burn_ttm"": 180393000.0, ""cash_total"": 791152000.0, ""dilution_risk"": null, ""has_revenue"": null, ""lead_phase"": null, ""runway_months"": 52.62856097520414, ""stage_bucket"": ""early"", ""surv_score"": ""5.0"", ""tier1_count"": 8}",early|none|pos,-0.1,,-1.0375,150,1,0.9571,0.9769,8,8,buying,1.9633,elite_8,0.0,0.0,0.0,,,0.0,0,0,0,True,False,True,missing,0.0,adequate,<=1000bps,463.13,0.85,1,0,1.0,0,1.0,0,,False,no_upcoming,0.005723,price_history,,8,1.5868,price_history,,-0.891111,,39.5126,0.4392,-0.462867,-0.428244,early,mid,none,drug_developer,morningstar,,,,0,0.7922217599334304139796130643,34.30,41.25000000000000000000000000,80.0,50,68.07228915662650602409638554,68.450,66.603,0.9668,1.0,150,1,0.0,0.0716,0,0,0.0,0.4,0.5,other,0.7492,highly_crowded,1.0,244,-0.1,0.074144,-1.4456,56.69,0.994297,2.53
BLTE,"Belite Bio, Inc",,,D,ineligible,D,ineligible,,0.88403,,0,0.109023,1,0.890977,,0,no_upcoming,9,neutral,drawdown_data_missing,XS,ineligible,financial_score:-42.5;clinical_score:+27.4;smart_money_score:+19.0,tier=D;reason=ineligible;cat_days=NA;strength=missing;decay_w=0.0,v1.3.0,31f399e0,0,financials_missing,1,"cash_runway_lt_6m,survivability_critical","{""burn_ttm"": 0.0, ""cash_total"": 0.0, ""dilution_risk"": null, ""has_revenue"": null, ""lead_phase"": null, ""runway_months"": 0.0, ""stage_bucket"": ""early"", ""surv_score"": ""-5.0"", ""tier1_count"": 3}",early|none|pos,-0.1,,-0.0689,0,1,1.2499,1.284,3,3,buying,0.0265,elite_3,0.0,0.0,0.0,,,0.0,0,0,0,True,False,True,missing,0.0,critical,<=1000bps,466.09,0.85,1,0,1.0,0,1.0,0,,False,no_upcoming,,,beta_missing:series_too_short,3,,,series_too_short,,no_price_series,,,-0.462867,,early,unknown,sev2,drug_developer,morningstar,,,drawdown,1,0.7010242221758195865525161829,50,41.25000000000000000000000000,66.5,50,74.93975903614457831325301205,5,73.4705,1.2573,1.0,,2,0.3333,0.0,0,0,0.0,0.4,0.5,other,0.7492,highly_crowded,1.0,233,-0.1,0.11597,-1.1954,24.20,0.522814,0.0572
SANA,"Sana Biotechnology, Inc.",,,D,ineligible,D,ineligible,,0.762357,,0,0.612782,1,0.387218,,0,no_upcoming,9,headwind,deep_drawdown|deep_drawdown_rel_xbi,XS,ineligible,financial_score:-25.4;smart_money_score:+25.3;momentum_score:-9.2,tier=D;reason=ineligible;cat_days=NA;strength=missing;decay_w=0.0,v1.3.0,31f399e0,0,deep_drawdown,0,,"{""burn_ttm"": 111187000.0, ""cash_total"": 153054000.0, ""dilution_risk"": null, ""has_revenue"": null, ""lead_phase"": null, ""runway_months"": 16.51854983046579, ""stage_bucket"": ""early"", ""surv_score"": ""1.0"", ""tier1_count"": 2}",early|none|nonpos,-0.00746955223880597,,-1.4628,,0,-0.2603,-0.2998,2,2,buying,-0.3608,elite_2,0.0,0.0,0.0,,,0.0,0,0,0,True,False,True,missing,0.0,adequate,<=1000bps,861.68,0.85,1,0,1.0,0,1.0,0,,False,no_upcoming,-0.188749,price_history,,2,1.426,price_history,,-0.798621,,28.0152,1.1156,-0.462867,-0.335754,early,small,sev1,drug_developer,morningstar,,,,0,0.7075259659326963024511840465,26.49,41.25000000000000000000000000,61.0,50,39.51952387864711859486137321,10.37618699780861943024105186,37.7695,-0.2528,0.0,3233,1,0.0,0.0,0,0,0.0,0.0,0.55,metabolic,0.7492,highly_crowded,1.0,201,-0.00746955223880597,0.237643,-0.7139,15.69,0.241445,-0.7017
ABOS,"Acumen Pharmaceuticals, Inc.",,,D,ineligible,D,ineligible,,0.872624,,0,0.221805,1,0.778195,,0,no_upcoming,9,headwind,deep_drawdown|deep_drawdown_rel_xbi,XS,ineligible,clinical_score:+26.9;financial_score:-26.5;momentum_score:-14.9,tier=D;reason=ineligible;cat_days=NA;strength=missing;decay_w=0.0,v1.3.0,31f399e0,0,deep_drawdown,0,,"{""burn_ttm"": 96442000.0, ""cash_total"": 126609000.0, ""dilution_risk"": null, ""has_revenue"": null, ""lead_phase"": null, ""runway_months"": 15.753592832998072, ""stage_bucket"": ""early"", ""surv_score"": ""1.0"", ""tier1_count"": 1}",early|none|pos,-0.1,,-1.2544,497,1,0.9571,0.9769,1,1,buying,-0.7482,elite_1,0.0,0.0,0.0,,,0.0,0,0,0,True,False,True,missing,0.0,short,>2000bps,2020.0,0.55,1,0,1.0,0,1.0,0,,False,no_upcoming,-0.435312,price_history,,1,0.6906,price_history,,-0.747535,,33.7114,,-0.462867,-0.284668,early,micro,sev2,drug_developer,morningstar,,,,0,0.6942370614260726412182323284,26.25,41.25000000000000000000000000,55.5,50,68.07228915662650602409638554,14.68456960371606909565974742,66.603,0.9668,1.0,497,1,0.0,0.004,0,0,0.0,0.4,0.6,cns,0.7492,highly_crowded,1.0,230,-0.1,0.127376,-1.1389,17.47,0.340304,-0.4116
NKTX,"Nkarta, Inc.",,,D,ineligible,D,ineligible,,0.956274,,0,0.37218,1,0.62782,,0,no_upcoming,9,headwind,deep_drawdown|deep_drawdown_rel_xbi,XS,ineligible,momentum_score:-20.7;smart_money_score:+15.0;catalyst_score:-10.2,tier=D;reason=ineligible;cat_days=NA;strength=missing;decay_w=0.0,v1.3.0,31f399e0,0,deep_drawdown,0,,"{""burn_ttm"": 67052000.0, ""cash_total"": 282331000.0, ""dilution_risk"": null, ""has_revenue"": null, ""lead_phase"": null, ""runway_months"": 50.52753087156237, ""stage_bucket"": ""early"", ""surv_score"": ""5.0"", ""tier1_count"": 3}",early|none|pos,-0.1,,-1.3069,975,1,0.541,0.5406,3,3,buying,0.0265,elite_3,0.0,0.0,0.0,,,0.0,0,0,0,True,False,True,missing,0.0,adequate,>2000bps,2020.0,0.55,1,0,1.0,0,1.0,0,,False,no_upcoming,0.021459,price_history,,3,1.5879,price_history,,-0.825927,,30.8931,,-0.462867,-0.36306,early,micro,none,drug_developer,morningstar,,,,0,0.7567971543044996918019313746,30.77,41.25000000000000000000000000,66.5,50,58.31325301204819277108433735,60.55421686746987951807228916,57.5872,0.5855,1.0,975,2,0.3333,0.0001,0,0,0.0,0.3,0.85,oncology,-0.2978,uncrowded,1.0,252,-0.1,0.043726,-1.709,46.17,0.89924,1.2772
NGNE,Neurogene Inc.,,,D,ineligible,D,ineligible,,0.952471,,0,0.357143,1,0.642857,,0,no_upcoming,9,headwind,deep_drawdown|deep_drawdown_rel_xbi,XS,ineligible,smart_money_score:+30.0;momentum_score:-21.8;catalyst_score:-13.8,tier=D;reason=ineligible;cat_days=NA;strength=missing;decay_w=0.0,v1.3.0,31f399e0,0,deep_drawdown,0,,"{""burn_ttm"": 59744000.0, ""cash_total"": 265410000.0, ""dilution_risk"": null, ""has_revenue"": null, ""lead_phase"": null, ""runway_months"": 53.30945366898768, ""stage_bucket"": ""early"", ""surv_score"": ""5.0"", ""tier1_count"": 8}",early|none|pos,-0.1,,-1.262,318,1,0.6027,0.6052,8,8,buying,1.9633,elite_8,0.0,0.0,0.0,,,0.0,0,0,0,True,False,True,missing,0.0,adequate,<=2000bps,1586.17,0.7,1,0,1.0,0,1.0,0,,False,no_upcoming,-0.162053,price_history,,8,1.243,price_history,,-0.751739,,39.672,0.823,-0.462867,-0.288872,early,small,none,drug_developer,morningstar,,,,0,0.7816820029959340894500320993,33.26,41.25000000000000000000000000,85,72.50,59.75903614457831325301204819,55.83783783783783783783783784,58.0232,0.6039,1.0,318,4,0.0,0.0177,0,0,0.0,0.3,0.65,rare_disease,0.7492,highly_crowded,1.0,251,-0.1,0.047529,-1.6693,40.99,0.819392,0.913
EDIT,"Editas Medicine, Inc.",,,D,ineligible,D,ineligible,,0.910646,,0,0.319549,1,0.680451,,0,no_upcoming,9,headwind,deep_drawdown|deep_drawdown_rel_xbi,XS,ineligible,clinical_score:+25.4;financial_score:-23.7;momentum_score:-6.3,tier=D;reason=ineligible;cat_days=NA;strength=missing;decay_w=0.0,v1.3.0,31f399e0,0,deep_drawdown,0,,"{""burn_ttm"": 128854000.0, ""cash_total"": 165648000.0, ""dilution_risk"": null, ""has_revenue"": null, ""lead_phase"": null, ""runway_months"": 14.22828421495472, ""stage_bucket"": ""early"", ""surv_score"": ""0.0"", ""tier1_count"": 0}",early|none|pos,-0.1,,-1.282,1208,1,0.6951,0.7022,0,0,neutral,-1.1356,,0.0,0.0,0.0,,,0.0,0,0,0,True,False,True,missing,0.0,short,<=2000bps,1626.3,0.7,1,0,1.0,0,1.0,0,,False,no_upcoming,-0.077098,price_history,,0,1.4192,price_history,,-0.738964,,33.2829,0.8096,-0.462867,-0.276097,early,micro,sev2,drug_developer,morningstar,,,,0,0.7162719065321295804567180032,30.22,41.25000000000000000000000000,,77.50,61.92771084337349397590361446,12.85737326817309398235512331,60.1777,0.695,1.0,1208,3,0.6667,0.0,0,0,0.0,0.3,0.55,ophthalmology,0.7492,highly_crowded,1.0,240,-0.1,0.089354,-1.3447,11.94,0.119772,-1.1761
TSHA,"Taysha Gene Therapies, Inc.",,,D,ineligible,D,ineligible,,0.998099,,0,0.515038,1,0.484962,,0,no_upcoming,9,headwind,deep_drawdown|deep_drawdown_rel_xbi,XS,ineligible,smart_money_score:+32.7;momentum_score:-18.6;catalyst_score:-11.1,tier=D;reason=ineligible;cat_days=NA;strength=missing;decay_w=0.0,v1.3.0,31f399e0,0,deep_drawdown,0,,"{""burn_ttm"": 66368000.0, ""cash_total"": 297344000.0, ""dilution_risk"": null, ""has_revenue"": null, ""lead_phase"": null, ""runway_months"": 53.76277724204436, ""stage_bucket"": ""early"", ""surv_score"": ""5.0"", ""tier1_count"": 9}",early|none|pos,-0.1,,-1.3385,1866,1,0.1866,0.1688,9,9,buying,2.3507,elite_9,0.0,0.0,0.0,,,0.0,0,0,0,True,False,True,missing,0.0,adequate,<=1000bps,881.38,0.85,1,0,1.0,0,1.0,0,,False,no_upcoming,-0.152562,price_history,,9,1.2254,price_history,,-0.745763,,34.1008,0.7836,-0.462867,-0.282896,early,small,none,drug_developer,morningstar,,,,0,0.7374857910509455409734421825,33.76,41.25000000000000000000000000,85,50,50,51.70270270270270270270270270,48.6,0.2053,1.0,1866,1,0.0,0.0,0,0,0.0,0.3,0.5,other,-3.0199,uncrowded,1.0,263,-0.1,0.001901,-2.8941,38.86,0.785171,0.7898
ARGX,argenx SE,,,D,ineligible,D,ineligible,,0.039924,,0,0.582707,1,0.417293,,0,no_upcoming,9,tailwind,,XS,ineligible,financial_score:-40.2;smart_money_score:+34.8;momentum_score:+11.3,tier=D;reason=ineligible;cat_days=NA;strength=missing;decay_w=0.0,v1.3.0,31f399e0,0,financials_missing,1,"cash_runway_lt_6m,survivability_critical","{""burn_ttm"": 0.0, ""cash_total"": 0.0, ""dilution_risk"": null, ""has_revenue"": null, ""lead_phase"": null, ""runway_months"": 0.0, ""stage_bucket"": ""late"", ""surv_score"": ""-5.0"", ""tier1_count"": 6}",late|none|nonpos,0.07721950850661626,,0.8918,0,1,-0.1001,-0.1318,6,6,buying,1.1886,elite_6,0.0,0.0,0.0,,,0.0,0,0,0,True,False,True,missing,0.0,critical,<=400bps,197.05,1.0,0,0,1.0,0,1.0,0,,False,no_upcoming,0.031058,price_history,,6,0.6518,price_history,,-0.291999,,36.8163,0.2190,-0.462867,0.170868,late,unknown,sev2,drug_developer,morningstar,,,,0,0.8466439641020028455729451680,56.50,41.25000000000000000000000000,80.0,50,43.27545014859273935085367986,5,44.5801,0.0353,3.0,3,15,1.0,2.7553,3,3,0.0,0.4,0.95,oncology,-0.2978,uncrowded,1.0,11,0.07721950850661626,0.960076,1.7516,16.58,0.294677,-0.5398
TARA,"Protara Therapeutics, Inc.",,,D,ineligible,D,ineligible,,0.986692,,0,0.041353,1,0.958647,,0,no_upcoming,9,neutral,deep_drawdown|deep_drawdown_rel_xbi,XS,ineligible,clinical_score:+20.5;catalyst_score:-15.3;momentum_score:-8.0,tier=D;reason=ineligible;cat_days=NA;strength=missing;decay_w=0.0,v1.3.0,31f399e0,0,deep_drawdown,0,,"{""burn_ttm"": 39415000.0, ""cash_total"": 132670000.0, ""dilution_risk"": null, ""has_revenue"": null, ""lead_phase"": null, ""runway_months"": 40.39172903716859, ""stage_bucket"": ""early"", ""surv_score"": ""5.0"", ""tier1_count"": 1}",early|none|pos,-0.1,,-1.2328,946,1,1.3378,1.3761,1,1,selling,-0.7482,elite_1,0.0,0.0,0.0,,,0.0,0,0,0,True,False,True,missing,0.0,adequate,<=2000bps,1168.53,0.7,1,0,1.0,0,1.0,0,,False,no_upcoming,-0.03253,price_history,,1,0.7492,price_history,,-0.767825,,32.7644,,-0.462867,-0.304958,early,small,none,drug_developer,morningstar,,,,0,0.7563284734133790737564322470,48.49,41.25000000000000000000000000,54.5,52.50,77.000,61.35135135135135135135135135,76.2739,1.3758,1.0,946,2,0.0,0.0002,0,0,0.0,0.3,0.85,oncology,-0.2978,uncrowded,1.0,260,-0.1,0.013308,-2.2171,50.43,0.967681,1.8477
PRLD,Prelude Therapeutics Incorporated,,,D,ineligible,D,ineligible,,0.967681,,0,0.033835,1,0.966165,,0,no_upcoming,9,headwind,deep_drawdown|deep_drawdown_rel_xbi,XS,ineligible,financial_score:-35.8;clinical_score:+32.7;smart_money_score:+16.7,tier=D;reason=ineligible;cat_days=NA;strength=missing;decay_w=0.0,v1.3.0,31f399e0,0,deep_drawdown,0,,"{""burn_ttm"": 79421000.0, ""cash_total"": 54957000.0, ""dilution_risk"": null, ""has_revenue"": null, ""lead_phase"": null, ""runway_months"": 8.303647649865905, ""stage_bucket"": ""early"", ""surv_score"": ""-2.0"", ""tier1_count"": 2}",early|none|pos,-0.1,,-0.5524,49,1,1.3378,1.3761,2,2,buying,-0.3608,elite_2,0.0,0.0,0.0,,,0.0,0,0,0,True,False,True,missing,0.0,short,>2000bps,2020.0,0.55,1,0,1.0,0,1.0,0,,False,no_upcoming,-0.095685,price_history,,2,1.2109,price_history,,-0.891688,,44.6129,,-0.462867,-0.428821,early,micro,sev2,drug_developer,morningstar,,,,0,0.7505807814149947201689545935,33.75,41.25000000000000000000000000,61.0,90.00,77.000,8.452524959274850405638618740,76.443,1.383,1.0,49,6,1.0,0.2091,1,0,0.0,0.3,0.85,oncology,0.7492,highly_crowded,1.0,255,-0.1,0.032319,-1.8477,14.18,0.184411,-0.8987
ASND,Ascendis Pharma A/S,,,D,ineligible,D,ineligible,,0.203422,,0,0.567669,1,0.432331,60,1,specific_days,9,tailwind,,XS,ineligible,financial_score:-42.4;smart_money_score:+37.6;momentum_score:+10.9,tier=D;reason=ineligible;cat_days=60;strength=near;decay_w=1.0,v1.3.0,31f399e0,0,financials_missing,1,"cash_runway_lt_6m,survivability_critical","{""burn_ttm"": 0.0, ""cash_total"": 0.0, ""dilution_risk"": null, ""has_revenue"": null, ""lead_phase"": null, ""runway_months"": 0.0, ""stage_bucket"": ""late"", ""surv_score"": ""-5.0"", ""tier1_count"": 9}",late|near_31_90|nonpos,0.0613193023255814,,0.893,0,1,-0.0626,-0.0925,9,9,buying,2.3507,elite_9,0.0,0.0,0.0,,,0.0,0,0,0,True,False,True,near,1.0,critical,<=400bps,248.3,1.0,0,0,1.0,0,1.0,0,60,True,specific_days,-0.017224,price_history,,9,0.7733,price_history,,-0.312458,,48.5327,0.4165,-0.462867,0.150409,late,unknown,sev2,drug_developer,morningstar,,,,0,0.8461229726775956284153005464,58.34,44.66680177777777777777777778,85,50,44.15522275961644296822899468,5,44.8947,0.0486,3.0,60,8,1.0,1.1141,1,1,0.0,0.4,0.95,oncology,0.7492,crowded,1.0,54,0.0613193023255814,0.796578,0.8295,15.60,0.237643,-0.7139
CGEM,"Cullinan Therapeutics, Inc.",,,D,ineligible,D,ineligible,,0.895437,,0,0.424812,1,0.575188,,0,no_upcoming,9,headwind,deep_drawdown|deep_drawdown_rel_xbi,XS,ineligible,clinical_score:+7.9;momentum_score:-6.5;catalyst_score:-4.8,tier=D;reason=ineligible;cat_days=NA;strength=missing;decay_w=0.0,v1.3.0,31f399e0,0,deep_drawdown,0,,"{""burn_ttm"": 137641000.0, ""cash_total"": 332596000.0, ""dilution_risk"": null, ""has_revenue"": null, ""lead_phase"": null, ""runway_months"": 28.996825073924192, ""stage_bucket"": ""early"", ""surv_score"": ""5.0"", ""tier1_count"": 4}",early|none|pos,-0.1,,-1.3198,1461,1,0.3561,0.3466,4,4,selling,0.4139,elite_4,0.0,0.0,0.0,,,0.0,0,0,0,True,False,True,missing,0.0,adequate,<=1000bps,848.87,0.85,1,0,1.0,0,1.0,0,,False,no_upcoming,-0.079878,price_history,,4,1.0801,price_history,,-0.74766,,43.4141,1.1117,-0.462867,-0.284793,early,small,none,drug_developer,morningstar,,,,0,0.8137094952951240376390076989,39.53,41.25000000000000000000000000,47.5,37.50,53.97590361445783132530120482,47.90560831101371641912182454,52.9259,0.3883,1.0,1461,4,1.0,0.0,0,0,0.0,0.3,0.85,oncology,0.7492,highly_crowded,1.0,236,-0.1,0.104563,-1.256,38.47,0.777567,0.764
CLLS,Cellectis S.A.,,,D,ineligible,D,ineligible,,0.652091,,0,0.575188,1,0.424812,,0,no_upcoming,9,headwind,deep_drawdown|deep_drawdown_rel_xbi,XS,ineligible,financial_score:-26.1;clinical_score:+12.5;catalyst_score:+10.1,tier=D;reason=ineligible;cat_days=NA;strength=missing;decay_w=0.0,v1.3.0,31f399e0,0,financials_missing|deep_drawdown,1,"cash_runway_lt_6m,survivability_critical","{""burn_ttm"": 0.0, ""cash_total"": 0.0, ""dilution_risk"": null, ""has_revenue"": null, ""lead_phase"": null, ""runway_months"": 0.0, ""stage_bucket"": ""early"", ""surv_score"": ""-5.0"", ""tier1_count"": 0}",early|none|nonpos,-0.00746955223880597,,-0.1738,0,1,-0.0853,-0.1162,0,0,neutral,-1.1356,,0.0,0.0,0.0,,,0.0,0,0,0,True,False,True,missing,0.0,critical,>2000bps,2050.0,0.55,1,0,1.0,0,1.0,0,,False,no_upcoming,-0.164642,price_history,,0,1.1587,price_history,,-0.785047,,30.3667,0.8122,-0.462867,-0.32218,early,unknown,sev2,drug_developer,morningstar,,,,0,0.6822937625754527162977867203,34.70,41.25000000000000000000000000,,50,43.62461895775874582668021484,5,42.5746,-0.0495,1.0,503,5,1.0,0.0038,0,0,0.0,0.3,0.85,oncology,0.7492,highly_crowded,1.0,172,-0.00746955223880597,0.347909,-0.391,11.25,0.10076,-1.2772
CABA,"Cabaletta Bio, Inc.",,,D,ineligible,D,ineligible,,0.891635,,0,0.545113,1,0.454887,,0,no_upcoming,9,headwind,high_vol|deep_drawdown|deep_drawdown_rel_xbi,XS,ineligible,smart_money_score:+25.4;momentum_score:-17.2;financial_score:-13.5,tier=D;reason=ineligible;cat_days=NA;strength=missing;decay_w=0.0,v1.3.0,31f399e0,0,deep_drawdown,0,,"{""burn_ttm"": 95737000.0, ""cash_total"": 159931000.0, ""dilution_risk"": null, ""has_revenue"": null, ""lead_phase"": null, ""runway_months"": 19.747412178708867, ""stage_bucket"": ""early"", ""surv_score"": ""4.0"", ""tier1_count"": 3}",early|none|pos,-0.1,,-1.3429,2527,1,0.0342,0.009,3,3,buying,0.0265,elite_3,0.0,0.0,0.0,,,0.0,0,0,0,True,False,True,missing,0.0,adequate,<=1000bps,998.61,0.85,1,0,1.0,0,1.0,0,,False,no_upcoming,-0.364782,price_history,,3,1.4131,price_history,,-0.793716,,33.2747,1.3399,-0.462867,-0.330849,early,small,sev1,drug_developer,morningstar,,,,0,0.7264759441282979824107604759,23.93,41.25000000000000000000000000,66.5,50,46.42586409896614570732730117,27.63972080188296404512620729,45.0259,0.0542,1.0,2527,1,0.0,0.0,0,0,0.0,0.3,0.5,other,-2.1823,uncrowded,1.0,235,-0.1,0.108365,-1.2353,26.79,0.560837,0.1531
GHRS,GH Research PLC,,,D,ineligible,D,ineligible,,0.914449,,0,0.018797,1,0.981203,,0,no_upcoming,9,neutral,deep_drawdown,XS,ineligible,financial_score:-44.0;clinical_score:+28.0;smart_money_score:+22.5,tier=D;reason=ineligible;cat_days=NA;strength=missing;decay_w=0.0,v1.3.0,31f399e0,0,financials_missing,1,"cash_runway_lt_6m,survivability_critical","{""burn_ttm"": 0.0, ""cash_total"": 0.0, ""dilution_risk"": null, ""has_revenue"": null, ""lead_phase"": null, ""runway_months"": 0.0, ""stage_bucket"": ""early"", ""surv_score"": ""-5.0"", ""tier1_count"": 5}",early|none|pos,-0.1,,-0.0646,0,1,1.3378,1.3761,5,5,buying,0.8012,elite_5,0.0,0.0,0.0,,,0.0,0,0,0,True,False,True,missing,0.0,critical,<=2000bps,1358.9,0.7,1,0,1.0,0,1.0,0,,False,no_upcoming,-0.080984,price_history,,5,0.7509,price_history,,-0.391398,,40.2668,0.9535,-0.462867,0.071469,early,unknown,sev2,drug_developer,morningstar,,,,0,0.6789400631911532385466034755,50.42,41.25000000000000000000000000,71.5,50,77.000,5,75.5307,1.3444,1.0,,1,0.0,0.0,0,0,0.0,0.4,0.6,cns,0.7492,highly_crowded,1.0,241,-0.1,0.085551,-1.3687,22.14,0.484791,-0.0381
IRWD,"Ironwood Pharmaceuticals, Inc.",,,D,ineligible,,,D,0.382129,0.788462,1,,0,,,0,no_upcoming,9,tailwind,high_vol,XS,ineligible,catalyst_score:-19.1;clinical_score:+16.5;financial_score:+4.4,tier=;reason=;cat_days=NA;strength=missing;decay_w=0.0,v1.3.0,31f399e0,0,fundamental_red_flag,1,sponsor_absent_late_stage,"{""burn_ttm"": 0.0, ""cash_total"": 140407000.0, ""dilution_risk"": null, ""has_revenue"": null, ""lead_phase"": null, ""runway_months"": null, ""stage_bucket"": ""late"", ""surv_score"": ""2.0"", ""tier1_count"": 0}",late|none|pos,0.027091856115107917,60.451647,1.1504,0,1,1.2451,1.1735,0,0,neutral,-1.1356,,0.0,0.0,0.0,,,0.0,0,0,0,True,False,True,missing,0.0,adequate,<=1000bps,819.43,0.85,1,0,1.0,0,1.0,0,,False,no_upcoming,0.041785,price_history,,0,0.5735,price_history,,-0.200717,,47.4371,1.2561,-0.462867,0.26215,late,small,none,commercial_pharma,morningstar,,,,0,0.8485100357098879448343800025,58.53,41.25000000000000000000000000,,56.08,76.79389312977099236641221374,64.70588235294117647058823530,76.5316,1.3867,3.0,840,18,1.0,0.1851,1,0,0.0,0.9,0.55,metabolic,-0.2978,uncrowded,1.0,101,0.027091856115107917,0.617871,0.2999,39.68,0.804183,0.8567
RYTM,"Rhythm Pharmaceuticals, Inc.",,,D,ineligible,,,D,0.446768,0.411538,1,,0,,,0,no_upcoming,9,headwind,deep_drawdown|deep_drawdown_rel_xbi,XS,ineligible,momentum_score:-20.3;clinical_score:+19.9;smart_money_score:+19.9,tier=;reason=;cat_days=NA;strength=missing;decay_w=0.0,v1.3.0,31f399e0,0,deep_drawdown,0,,"{""burn_ttm"": 90286000.0, ""cash_total"": 416052000.0, ""dilution_risk"": null, ""has_revenue"": null, ""lead_phase"": null, ""runway_months"": 54.55942228030924, ""stage_bucket"": ""late"", ""surv_score"": ""4.0"", ""tier1_count"": 9}",late|none|pos,0.027091856115107917,45.179684,1.1504,0,1,1.4513,1.3707,9,9,buying,2.3507,elite_9,0.0,0.0,0.0,,,0.0,0,0,0,True,False,True,missing,0.0,adequate,<=400bps,378.27,1.0,0,0,1.0,0,1.0,0,,False,no_upcoming,-0.016448,price_history,,9,1.4764,price_history,,-0.783333,,37.5971,0.4754,-0.462867,-0.320466,late,mid,none,commercial_biotech,morningstar,,,,0,0.9,36.77,41.25000000000000000000000000,77.0,39.22,77.000,53.55263157894736842105263158,77.0395,1.4082,3.0,550,17,1.0,1.1057,1,2,0.0,0.4,0.55,metabolic,0.7492,highly_crowded,1.0,118,0.027091856115107917,0.553232,0.1338,48.58,0.941065,1.5638
ARDX,"Ardelyx, Inc.",,,D,ineligible,,,D,0.298479,0.25,1,,0,,,0,no_upcoming,9,headwind,deep_drawdown|deep_drawdown_rel_xbi,XS,ineligible,clinical_score:+29.3;financial_score:-26.5;smart_money_score:+7.8,tier=;reason=;cat_days=NA;strength=missing;decay_w=0.0,v1.3.0,31f399e0,0,fundamental_red_flag|deep_drawdown,1,survivability_critical,"{""burn_ttm"": 42483000.0, ""cash_total"": 67999000.0, ""dilution_risk"": null, ""has_revenue"": null, ""lead_phase"": null, ""runway_months"": 19.207400607301743, ""stage_bucket"": ""late"", ""surv_score"": ""-4.0"", ""tier1_count"": 1}",late|none|pos,0.027091856115107917,38.219222,1.1504,0,1,1.4513,1.3707,1,1,buying,-0.7482,elite_1,0.0,0.0,0.0,,,0.0,0,0,0,True,False,True,missing,0.0,adequate,<=1000bps,582.84,0.85,1,0,1.0,0,1.0,0,,False,no_upcoming,0.013423,price_history,,1,1.1263,price_history,,-0.908018,,37.3018,0.8641,-0.462867,-0.445151,late,small,none,commercial_biotech,morningstar,,,,0,0.8813912619018922502109196095,43.35,41.25000000000000000000000000,55.5,57.22,77.000,21.16049382716049382716049384,77.4521,1.4257,3.0,,13,1.0,0.7723,1,1,0.0,0.6,0.55,metabolic,-0.2978,uncrowded,1.0,79,0.027091856115107917,0.701521,0.5288,34.11,0.686312,0.4854
MNKD,MannKind Corporation,,,D,ineligible,,,D,0.404943,0.288462,1,,0,,,0,no_upcoming,9,tailwind,deep_drawdown,XS,ineligible,clinical_score:+18.4;catalyst_score:-14.4;financial_score:-5.1,tier=;reason=;cat_days=NA;strength=missing;decay_w=0.0,v1.3.0,31f399e0,0,fundamental_red_flag,1,sponsor_absent_late_stage,"{""burn_ttm"": 0.0, ""cash_total"": 171346000.0, ""dilution_risk"": null, ""has_revenue"": null, ""lead_phase"": null, ""runway_months"": null, ""stage_bucket"": ""late"", ""surv_score"": ""1.0"", ""tier1_count"": 0}",late|none|pos,0.027091856115107917,39.573706,1.1504,0,1,1.324,1.2527,0,0,neutral,-1.1356,,0.0,0.0,0.0,,,0.0,0,0,0,True,False,True,missing,0.0,adequate,<=1000bps,820.88,0.85,1,0,1.0,0,1.0,0,,False,no_upcoming,0.039674,price_history,,0,0.9724,price_history,,-0.392508,,42.2708,0.4616,-0.462867,0.070359,late,small,none,commercial_biotech,morningstar,,,,0,0.9,56.85,41.25000000000000000000000000,,15.54,74.04580152671755725190839694,50.58823529411764705882352941,72.9958,1.2372,3.0,976,19,1.0,0.0004,0,0,0.0,0.8,0.5,respiratory,0.7492,highly_crowded,1.0,107,0.027091856115107917,0.595057,0.2406,45.83,0.887833,1.2151
HALO,"Halozyme Therapeutics, Inc.",,,D,ineligible,,,D,0.496198,0.503846,1,,0,,284,0,specific_days,9,tailwind,,XS,ineligible,financial_score:-19.0;clinical_score:+17.9;momentum_score:+6.6,tier=;reason=;cat_days=284;strength=far;decay_w=0.3,v1.3.0,31f399e0,0,fundamental_red_flag,1,sponsor_absent_late_stage,"{""burn_ttm"": 0.0, ""cash_total"": 133820000.0, ""dilution_risk"": null, ""has_revenue"": null, ""lead_phase"": null, ""runway_months"": null, ""stage_bucket"": ""late"", ""surv_score"": ""-1.0"", ""tier1_count"": 0}",late|far_271_540|pos,0.02018109677419355,47.545799,1.1437,0,1,1.1069,1.0515,0,0,neutral,-1.1356,,0.0,0.0,0.0,,,0.0,0,0,0,True,False,True,far,0.3,adequate,<=400bps,268.65,1.0,0,0,1.0,0,1.0,0,284,False,specific_days,0.095104,price_history,,0,0.7608,price_history,,-0.327308,,46.792,0.2835,-0.462867,0.135559,late,mid,none,commercial_biotech,morningstar,,,,0,0.9,57.76,45.56250000000000000000000000,,61.49,69.00763358778625954198473282,32.16066481994459833795013850,68.6674,1.0541,3.0,,27,1.0,0.0949,0,0,0.0,0.7,0.95,oncology,0.3304,moderate,1.0,131,0.02018109677419355,0.503802,0.0095,37.24,0.758555,0.7017
AZN,Astrazeneca PLC,,,D,ineligible,,,D,0.31749,0.173077,1,,0,,90,0,specific_days,9,tailwind,,XS,ineligible,financial_score:-47.3;clinical_score:+22.2;smart_money_score:+16.7,tier=;reason=;cat_days=90;strength=near;decay_w=1.0,v1.3.0,31f399e0,0,financials_missing,1,"cash_runway_lt_6m,survivability_critical","{""burn_ttm"": 0.0, ""cash_total"": 0.0, ""dilution_risk"": null, ""has_revenue"": null, ""lead_phase"": null, ""runway_months"": 0.0, ""stage_bucket"": ""late"", ""surv_score"": ""-5.0"", ""tier1_count"": 4}",late|near_31_90|pos,0.027091856115107917,33.266,1.1504,0,1,1.1488,1.0601,4,4,buying,0.4139,elite_4,0.0,0.0,0.0,,,0.0,0,0,0,True,False,True,near,1.0,critical,<=400bps,263.76,1.0,0,0,1.0,0,1.0,0,90,False,specific_days,-0.129267,price_history,,4,-0.1358,price_history,,-0.088047,,50.2493,0.2344,-0.462867,0.37482,late,unknown,sev2,commercial_pharma,morningstar,,,,0,0.8605421194064727187755578923,67.58,45.56250000000000000000000000,69.0,50,74.50381679389312977099236641,5,76.2277,1.3739,3.0,65,611,1.0,5.6498,10,14,0.0,0.9,0.95,oncology,-0.2978,uncrowded,1.0,84,0.027091856115107917,0.68251,0.4747,23.18,0.503802,0.0095
VCEL,Vericel Corporation,,,D,ineligible,,,D,0.473384,0.311538,1,,0,,,0,no_upcoming,9,neutral,deep_drawdown,XS,ineligible,clinical_score:+18.0;financial_score:-12.5;catalyst_score:-8.9,tier=;reason=;cat_days=NA;strength=missing;decay_w=0.0,v1.3.0,31f399e0,0,fundamental_red_flag,1,sponsor_absent_late_stage,"{""burn_ttm"": 0.0, ""cash_total"": 137499000.0, ""dilution_risk"": null, ""has_revenue"": null, ""lead_phase"": null, ""runway_months"": null, ""stage_bucket"": ""late"", ""surv_score"": ""1.0"", ""tier1_count"": 0}",late|none|pos,0.027091856115107917,40.150573,1.143,0,1,1.0675,1.0149,0,0,neutral,-1.1356,,0.0,0.0,0.0,,,0.0,0,0,0,True,False,True,missing,0.0,adequate,<=1000bps,731.33,0.85,1,0,1.0,0,1.0,0,,False,no_upcoming,0.061186,price_history,,0,1.1531,price_history,,-0.475299,,48.5546,0.4807,-0.462867,-0.012432,late,small,none,commercial_biotech,morningstar,,,,0,0.9,53.54,41.25000000000000000000000000,,35.81,68.09160305343511450381679389,37.57571874065530351574180870,66.9723,0.9824,3.0,1947,10,1.0,0.0,0,0,0.0,0.4,0.5,other,-1.7635,uncrowded,1.0,125,0.027091856115107917,0.526616,0.0668,41.56,0.838403,0.9879
SNY,Sanofi,,,D,ineligible,,,D,0.454373,0.196154,1,,0,,200,0,specific_days,9,tailwind,,XS,ineligible,financial_score:-43.9;clinical_score:+24.2;momentum_score:+22.4,tier=;reason=;cat_days=200;strength=far;decay_w=0.3,v1.3.0,31f399e0,0,financials_missing,1,"cash_runway_lt_6m,survivability_critical","{""burn_ttm"": 0.0, ""cash_total"": 0.0, ""dilution_risk"": null, ""has_revenue"": null, ""lead_phase"": null, ""runway_months"": 0.0, ""stage_bucket"": ""late"", ""surv_score"": ""-5.0"", ""tier1_count"": 1}",late|near_181_270|pos,0.027091856115107917,33.998,1.1503,0,1,1.091,0.992,1,1,selling,-0.7482,elite_1,0.0,0.0,0.0,,,0.0,0,0,0,True,False,True,far,0.3,critical,<=400bps,241.86,1.0,0,0,1.0,0,1.0,0,200,False,specific_days,0.003058,price_history,,1,0.0321,price_history,,-0.041475,,56.96,0.194,-0.462867,0.421392,late,unknown,sev2,commercial_pharma,morningstar,,,,0,0.8636907963980820956613261607,71.24,45.56250000000000000000000000,49.5,50,73.12977099236641221374045802,5,74.8537,1.3158,3.0,47,591,1.0,2.8541,2,8,0.0,0.9,0.95,oncology,-0.2978,uncrowded,1.0,120,0.027091856115107917,0.545627,0.1146,20.51,0.431559,-0.1724
BIIB,Biogen Inc.,,,D,ineligible,,,D,0.492395,0.496154,1,,0,,1796,0,specific_days,9,neutral,deep_drawdown,XS,ineligible,financial_score:-22.2;clinical_score:+15.7;smart_money_score:+14.8,tier=;reason=;cat_days=1796;strength=far;decay_w=0.3,v1.3.0,31f399e0,0,financials_missing,1,"cash_runway_lt_6m,survivability_critical","{""burn_ttm"": 0.0, ""cash_total"": 0.0, ""dilution_risk"": null, ""has_revenue"": null, ""lead_phase"": null, ""runway_months"": 0.0, ""stage_bucket"": ""late"", ""surv_score"": ""-5.0"", ""tier1_count"": 5}",late|far_271_540|pos,0.02018109677419355,46.687126,1.1438,0,1,0.9369,0.8104,5,5,buying,0.8012,elite_5,0.0,0.0,0.0,,,0.0,0,0,0,True,False,True,far,0.3,critical,<=400bps,177.15,1.0,0,0,1.0,0,1.0,0,1796,False,specific_days,-0.082945,price_history,,5,0.3582,price_history,,-0.455041,,45.2073,0.3103,-0.462867,0.007826,late,large,none,commercial_pharma,morningstar,,,,0,0.8359181021681021681021681022,53.60,45.56250000000000000000000000,68.5,62.26,69.46564885496183206106870229,31.50250244417251001948863379,70.8656,1.1471,3.0,43,329,1.0,2.8404,5,4,0.0,0.8,0.95,oncology,0.7492,highly_crowded,1.0,130,0.02018109677419355,0.507605,0.0191,33.64,0.678707,0.4641
SNDX,"Syndax Pharmaceuticals, Inc.",,,D,ineligible,,,D,0.579848,0.757692,1,,0,,151,0,specific_days,9,tailwind,deep_drawdown,XS,ineligible,catalyst_score:-12.2;financial_score:-10.1;clinical_score:+8.6,tier=;reason=;cat_days=151;strength=mid;decay_w=0.7,v1.3.0,31f399e0,0,fundamental_red_flag,1,"cash_runway_lt_6m,survivability_critical","{""burn_ttm"": 253492000.0, ""cash_total"": 435979000.0, ""dilution_risk"": null, ""has_revenue"": null, ""lead_phase"": null, ""runway_months"": 5.155381629400534, ""stage_bucket"": ""mid"", ""surv_score"": ""-5.0"", ""tier1_count"": 3}",mid|near_91_180|pos,0.013448488095238095,58.895634,0.4178,0,1,0.9905,0.9435,3,3,neutral,0.0265,elite_3,0.0,0.0,0.0,,,0.0,0,0,0,True,False,True,mid,0.7,critical,<=1000bps,584.59,0.85,1,0,1.0,0,1.0,0,151,False,specific_days,0.166341,price_history,,3,1.1828,price_history,,-0.351072,,41.6273,0.5965,-0.462867,0.111795,mid,small,sev1,commercial_biotech,morningstar,,,,0,0.8241598153440316553088590899,64.18,45.56250000000000000000000000,65.0,70.31,66.30434782608695652173913043,47.66918714555765595463137995,67.3246,0.9973,2.0,127,29,1.0,0.9302,1,1,0.0,0.6,0.95,oncology,0.7492,highly_crowded,1.0,153,0.013448488095238095,0.420152,-0.2015,34.88,0.709125,0.5508
EXEL,"Exelixis, Inc.",,,D,ineligible,,,D,0.347909,0.811538,1,,0,,,0,no_upcoming,9,tailwind,,XS,ineligible,catalyst_score:-14.9;momentum_score:+11.1;clinical_score:+2.8,tier=;reason=;cat_days=NA;strength=missing;decay_w=0.0,v1.3.0,31f399e0,0,fundamental_red_flag,1,sponsor_absent_late_stage,"{""burn_ttm"": 0.0, ""cash_total"": 1059091000.0, ""dilution_risk"": null, ""has_revenue"": null, ""lead_phase"": null, ""runway_months"": null, ""stage_bucket"": ""late"", ""surv_score"": ""5.0"", ""tier1_count"": 0}",late|none|pos,0.027091856115107917,64.918156,1.1125,0,1,0.6728,0.649,0,0,neutral,-1.1356,,0.0,0.0,0.0,,,0.0,0,0,0,True,False,True,missing,0.0,adequate,<=400bps,299.43,1.0,0,0,1.0,0,1.0,0,,False,no_upcoming,0.146306,price_history,,0,0.6772,price_history,,-0.291862,,51.2632,0.4304,-0.462867,0.171005,late,large,none,commercial_biotech,morningstar,,,,0,0.9,67.23,41.25000000000000000000000000,,73.65,58.93129770992366412213740458,57.09923664122137404580152672,59.912,0.6838,3.0,0,72,1.0,4.9884,4,5,0.0,0.4,0.95,oncology,0.7492,highly_crowded,1.0,92,0.027091856115107917,0.652091,0.391,41.70,0.846008,1.0195
AMPH,"Amphastar Pharmaceuticals, Inc.",,,D,ineligible,,,D,0.28327,0.95,1,,0,,,0,no_upcoming,9,tailwind,,XS,ineligible,catalyst_score:-21.1;momentum_score:+16.0;financial_score:+4.8,tier=;reason=;cat_days=NA;strength=missing;decay_w=0.0,v1.3.0,31f399e0,0,fundamental_red_flag,1,sponsor_absent_late_stage,"{""burn_ttm"": 0.0, ""cash_total"": 276209000.0, ""dilution_risk"": null, ""has_revenue"": null, ""lead_phase"": null, ""runway_months"": null, ""stage_bucket"": ""late"", ""surv_score"": ""3.0"", ""tier1_count"": 0}",late|none|pos,0.027091856115107917,73.507971,1.1309,0,1,0.648,0.47,0,0,neutral,-1.1356,,0.0,0.0,0.0,,,0.0,0,0,0,True,False,True,missing,0.0,adequate,<=2000bps,1139.42,0.7,1,0,1.0,0,1.0,0,,False,no_upcoming,0.148577,price_history,,0,-0.1011,price_history,,-0.113968,,43.2876,0.4149,-0.462867,0.348899,late,small,none,commercial_pharma,morningstar,,,,0,0.9,78.32,41.25000000000000000000000000,,79.05,62.59541984732824427480916031,67.05882352941176470588235294,61.5454,0.7529,3.0,,11,1.0,0.0,0,0,0.0,0.6,0.5,respiratory,0.7492,highly_crowded,1.0,75,0.027091856115107917,0.71673,0.5732,47.82,0.929658,1.4732
IONS,"Ionis Pharmaceuticals, Inc.",,,D,ineligible,,,D,0.378327,0.588462,1,,0,,,0,no_upcoming,9,tailwind,deep_drawdown,XS,ineligible,catalyst_score:-15.5;financial_score:+7.6;momentum_score:+6.6,tier=;reason=;cat_days=NA;strength=missing;decay_w=0.0,v1.3.0,31f399e0,0,fundamental_red_flag,1,sponsor_absent_late_stage,"{""burn_ttm"": 130874000.0, ""cash_total"": 2240171000.0, ""dilution_risk"": null, ""has_revenue"": null, ""lead_phase"": null, ""runway_months"": 187.5823540904904, ""stage_bucket"": ""late"", ""surv_score"": ""3.0"", ""tier1_count"": 0}",late|none|pos,0.027091856115107917,49.641756,0.9117,0,1,0.6333,0.6124,0,0,neutral,-1.1356,,0.0,0.0,0.0,,,0.0,0,0,0,True,False,True,missing,0.0,adequate,<=400bps,247.51,1.0,0,0,1.0,0,1.0,0,,False,no_upcoming,0.259417,price_history,,0,1.0459,price_history,,-0.480732,,53.6619,0.2985,-0.462867,-0.017865,late,large,none,commercial_biotech,morningstar,,,,0,0.8995732774559349192653765561,63.38,41.25000000000000000000000000,,22.84,58.01526717557251908396946565,64.38167938931297709923664122,58.798,0.6367,3.0,435,83,1.0,1.4711,1,3,0.0,0.5,0.55,metabolic,-0.2978,uncrowded,1.0,100,0.027091856115107917,0.621673,0.3099,44.68,0.868821,1.1208
SIGA,SIGA Technologies Inc.,,,D,ineligible,,,D,0.45057,0.903846,1,,0,,,0,no_upcoming,9,tailwind,,XS,ineligible,catalyst_score:-15.0;momentum_score:+8.0;financial_score:+4.9,tier=;reason=;cat_days=NA;strength=missing;decay_w=0.0,v1.3.0,31f399e0,0,fundamental_red_flag,1,sponsor_absent_late_stage,"{""burn_ttm"": 0.0, ""cash_total"": 171955584.0, ""dilution_risk"": null, ""has_revenue"": null, ""lead_phase"": null, ""runway_months"": null, ""stage_bucket"": ""late"", ""surv_score"": ""2.0"", ""tier1_count"": 0}",late|none|pos,0.027091856115107917,71.885412,-0.055,466,1,0.4746,0.2657,0,0,neutral,-1.1356,,0.0,0.0,0.0,,,0.0,0,0,0,True,False,True,missing,0.0,adequate,>2000bps,2020.0,0.55,1,0,1.0,0,1.0,0,,False,no_upcoming,0.07391,price_history,,0,0.6553,price_history,,-0.296976,,39.6048,0.5084,-0.462867,0.165891,late,small,none,commercial_pharma,morningstar,,,,0,0.9,64.28,41.25000000000000000000000000,,90.00,58.47328244274809160305343511,61.17647058823529411764705882,57.5555,0.5841,3.0,466,4,1.0,0.0309,0,0,0.0,0.4,0.75,rare_disease,0.7492,highly_crowded,1.0,119,0.027091856115107917,0.54943,0.1242,44.65,0.865019,1.1032
PBYI,Puma Biotechnology Inc,,,D,ineligible,,,D,0.427757,0.896154,1,,0,,,0,no_upcoming,9,headwind,deep_drawdown|deep_drawdown_rel_xbi,XS,ineligible,financial_score:+19.8;momentum_score:-14.0;catalyst_score:-9.3,tier=;reason=;cat_days=NA;strength=missing;decay_w=0.0,v1.3.0,31f399e0,0,deep_drawdown,0,,"{""burn_ttm"": 0.0, ""cash_total"": 94388000.0, ""dilution_risk"": null, ""has_revenue"": null, ""lead_phase"": null, ""runway_months"": null, ""stage_bucket"": ""late"", ""surv_score"": ""1.0"", ""tier1_count"": 1}",late|none|pos,0.027091856115107917,69.954256,0.8965,0,1,0.2485,0.2558,1,1,buying,-0.7482,elite_1,0.0,0.0,0.0,,,0.0,0,0,0,True,False,True,missing,0.0,adequate,>2000bps,2020.0,0.55,1,0,1.0,0,1.0,0,,False,no_upcoming,-0.214751,price_history,,1,1.3553,price_history,,-0.819516,,41.151,0.7739,-0.462867,-0.356649,late,micro,none,commercial_biotech,morningstar,,,,0,0.8279776896817531108908710494,36.52,41.25000000000000000000000000,55.5,88.51,49.08655931731510077760296279,70.38167938931297709923664122,48.936,0.2195,3.0,,30,1.0,0.3449,0,0,0.0,0.5,0.95,oncology,0.7492,highly_crowded,1.0,113,0.027091856115107917,0.572243,0.1821,33.05,0.663498,0.422
INVA,"Innoviva, Inc.",,,D,ineligible,,,D,0.119772,0.965385,1,,0,,,0,no_upcoming,9,tailwind,,XS,ineligible,clinical_score:-22.1;financial_score:+19.7;momentum_score:+13.2,tier=;reason=;cat_days=NA;strength=missing;decay_w=0.0,v1.3.0,31f399e0,0,fundamental_red_flag,1,sponsor_absent_late_stage,"{""burn_ttm"": 0.0, ""cash_total"": 550941000.0, ""dilution_risk"": null, ""has_revenue"": null, ""lead_phase"": null, ""runway_months"": null, ""stage_bucket"": ""late"", ""surv_score"": ""2.0"", ""tier1_count"": 0}",late|none|nonpos,0.07721950850661626,76.793118,-0.0961,,0,-0.5781,-0.5105,0,0,neutral,-1.1356,,0.0,0.0,0.0,,,0.0,0,0,0,True,False,True,missing,0.0,adequate,<=1000bps,731.28,0.85,1,0,1.0,0,1.0,0,,False,no_upcoming,-0.024718,price_history,,0,0.1953,price_history,,-0.143697,,40.3058,0.3385,-0.462867,0.31917,late,small,none,commercial_biotech,morningstar,,,,0,0.9,65.24,41.25000000000000000000000000,,89.86,29.90352802543234336253391088,71.76470588235294117647058823,28.8535,-0.6299,3.0,,3,0.0,0.0,0,0,0.0,0.3,0.95,oncology,0.7492,highly_crowded,1.0,32,0.07721950850661626,0.880228,1.1761,34.24,0.690114,0.4962
COLL,"Collegium Pharmaceutical, Inc.",,,D,ineligible,,,D,0.077947,0.957692,1,,0,,,0,no_upcoming,9,tailwind,,XS,ineligible,clinical_score:-37.1;financial_score:+22.3;momentum_score:+19.4,tier=;reason=;cat_days=NA;strength=missing;decay_w=0.0,v1.3.0,31f399e0,0,fundamental_red_flag,1,sponsor_absent_late_stage,"{""burn_ttm"": 0.0, ""cash_total"": 386679000.0, ""dilution_risk"": null, ""has_revenue"": null, ""lead_phase"": null, ""runway_months"": null, ""stage_bucket"": ""late"", ""surv_score"": ""3.0"", ""tier1_count"": 0}",late|none|nonpos,0.07721950850661626,75.271882,-0.1275,,0,-1.6151,-2.1963,0,0,neutral,-1.1356,,0.0,0.0,0.0,,,0.0,0,0,0,True,False,True,missing,0.0,adequate,<=1000bps,731.17,0.85,1,0,1.0,0,1.0,0,,False,no_upcoming,-0.029046,price_history,,0,0.276,price_history,,-0.316092,,43.6504,0.4474,-0.462867,0.146775,late,small,none,commercial_pharma,morningstar,,,,0,0.9,65.33,41.25000000000000000000000000,,90.00,8.789451534163380792365117292,68.23529411764705882352941176,7.6702,-1.5259,3.0,,2,0.0,0.0,0,0,0.0,0.4,0.5,other,-1.1354,uncrowded,1.0,21,0.07721950850661626,0.922053,1.419,22.01,0.480989,-0.0477
CRMD,CorMedix Inc.,,,D,ineligible,,,D,0.081749,0.796154,1,,0,,,0,no_upcoming,9,neutral,deep_drawdown|deep_drawdown_rel_xbi,XS,ineligible,clinical_score:-34.1;smart_money_score:+19.7;momentum_score:+11.5,tier=;reason=;cat_days=NA;strength=missing;decay_w=0.0,v1.3.0,31f399e0,0,deep_drawdown,0,,"{""burn_ttm"": 0.0, ""cash_total"": 55716811.0, ""dilution_risk"": null, ""has_revenue"": null, ""lead_phase"": null, ""runway_months"": null, ""stage_bucket"": ""late"", ""surv_score"": ""1.0"", ""tier1_count"": 2}",late|none|nonpos,0.07721950850661626,60.955,0.8322,0,1,-1.559,-1.4198,2,2,buying,-0.3608,elite_2,0.0,0.0,0.0,,,0.0,0,0,0,True,False,True,missing,0.0,adequate,<=1000bps,707.46,0.85,1,0,1.0,0,1.0,0,,False,no_upcoming,-0.010175,price_history,,2,0.6898,price_history,,-0.759386,,42.5336,0.8522,-0.462867,-0.296519,late,small,none,commercial_biotech,morningstar,,,,0,0.7575699220541036221916552040,52.74,41.25000000000000000000000000,61.0,87.16,7.137695938465124409999417289,44.22444359007219445512409757,6.0184,-1.5957,3.0,,3,0.6667,0.0,0,0,0.0,0.4,0.55,infectious_disease,-1.7635,uncrowded,1.0,22,0.07721950850661626,0.918251,1.3934,15.70,0.249049,-0.6775
ESPR,"Esperion Therapeutics, Inc.",,,D,ineligible,,,D,0.344106,0.080769,1,,0,,,0,no_upcoming,9,headwind,deep_drawdown|deep_drawdown_rel_xbi,XS,ineligible,financial_score:-22.6;clinical_score:+18.8;smart_money_score:+14.9,tier=;reason=;cat_days=NA;strength=missing;decay_w=0.0,v1.3.0,31f399e0,0,deep_drawdown,0,,"{""burn_ttm"": 58336000.0, ""cash_total"": 92447000.0, ""dilution_risk"": null, ""has_revenue"": null, ""lead_phase"": null, ""runway_months"": 19.01679923203511, ""stage_bucket"": ""late"", ""surv_score"": ""1.0"", ""tier1_count"": 1}",late|none|pos,0.027091856115107917,29.5955,0.9162,0,1,0.5131,0.3111,1,1,buying,-0.7482,elite_1,0.0,0.0,0.0,,,0.0,0,0,0,True,False,True,missing,0.0,adequate,<=1000bps,798.17,0.85,1,0,1.0,0,1.0,0,,False,no_upcoming,-0.149248,price_history,,1,1.4757,price_history,,-0.883708,,46.4201,0.7805,-0.462867,-0.420841,late,small,sev1,commercial_pharma,morningstar,,,,0,0.7831046724690792487402656894,28.99,41.25000000000000000000000000,55.5,44.85,59.38931297709923664122137405,18.00000000000000000000000000,57.92,0.5995,3.0,280,8,1.0,0.1455,0,0,0.0,0.4,0.55,metabolic,0.7492,highly_crowded,1.0,91,0.027091856115107917,0.655894,0.4013,21.01,0.446768,-0.1338
STOK,"Stoke Therapeutics, Inc.",,,D,ineligible,,,D,0.861217,0.565385,1,,0,,,0,no_upcoming,9,neutral,deep_drawdown|deep_drawdown_rel_xbi,XS,ineligible,smart_money_score:+29.3;clinical_score:-20.2;catalyst_score:-9.5,tier=;reason=;cat_days=NA;strength=missing;decay_w=0.0,v1.3.0,31f399e0,0,deep_drawdown,0,,"{""burn_ttm"": 0.0, ""cash_total"": 83394000.0, ""dilution_risk"": null, ""has_revenue"": null, ""lead_phase"": null, ""runway_months"": null, ""stage_bucket"": ""mid"", ""surv_score"": ""5.0"", ""tier1_count"": 6}",mid|none|nonpos,-0.01560273913043478,48.570957,-0.8082,652,1,-0.5534,-0.4876,6,6,buying,1.1886,elite_6,0.0,0.0,0.0,,,0.0,0,0,0,True,False,True,missing,0.0,adequate,<=1000bps,603.91,0.85,1,0,1.0,0,1.0,0,,False,no_upcoming,0.028721,price_history,,6,1.0412,price_history,,-0.715935,,44.8965,0.7422,-0.462867,-0.253068,mid,mid,none,commercial_biotech,morningstar,,,,0,0.7762819519317160826594788859,50.56,41.25000000000000000000000000,80.0,43.92,30.47469019113631590002100399,51.30434782608695652173913043,29.0747,-0.6205,2.0,652,1,0.0,0.0011,0,0,0.0,0.3,0.5,other,-2.8105,uncrowded,1.0,227,-0.01560273913043478,0.138783,-1.0858,30.79,0.614068,0.2899
EOLS,"Evolus, Inc. Common Stock",,,D,ineligible,,,D,0.096958,0.511538,1,,0,,,0,no_upcoming,9,tailwind,deep_drawdown,XS,ineligible,financial_score:-26.3;momentum_score:+25.2;clinical_score:-13.7,tier=;reason=;cat_days=NA;strength=missing;decay_w=0.0,v1.3.0,31f399e0,0,fundamental_red_flag,1,survivability_critical,"{""burn_ttm"": 55092000.0, ""cash_total"": 43523000.0, ""dilution_risk"": null, ""has_revenue"": null, ""lead_phase"": null, ""runway_months"": 9.480069701590068, ""stage_bucket"": ""late"", ""surv_score"": ""-5.0"", ""tier1_count"": 1}",late|none|nonpos,0.07721950850661626,47.653574,-0.2978,500,1,-0.9873,-1.4567,1,1,selling,-0.7482,elite_1,0.0,0.0,0.0,,,0.0,0,0,0,True,False,True,missing,0.0,short,<=2000bps,1511.35,0.7,1,0,1.0,0,1.0,0,,False,no_upcoming,0.253111,price_history,,1,0.9034,price_history,,-0.550575,,67.7485,0.5726,-0.462867,-0.087708,late,micro,sev2,commercial_pharma,morningstar,,,,0,0.8602894921960870520993624973,62.65,41.25000000000000000000000000,48.5,86.08,23.71481848377134199638715692,11.10127614940854262572111182,22.3148,-0.9064,3.0,,3,0.6667,0.0016,0,0,0.0,0.3,0.5,other,-3.0199,uncrowded,1.0,26,0.07721950850661626,0.903042,1.2991,5.85,0.01711,-2.1175
AMRX,"Amneal Pharmaceuticals, Inc.",,,D,ineligible,,,D,0.028517,0.403846,1,,0,,,0,no_upcoming,9,tailwind,deep_drawdown,XS,ineligible,momentum_score:+10.7;catalyst_score:-7.9;financial_score:-5.3,tier=;reason=;cat_days=NA;strength=missing;decay_w=0.0,v1.3.0,31f399e0,0,fundamental_red_flag,1,sponsor_absent_late_stage,"{""burn_ttm"": 0.0, ""cash_total"": 201249000.0, ""dilution_risk"": null, ""has_revenue"": null, ""lead_phase"": null, ""runway_months"": null, ""stage_bucket"": ""late"", ""surv_score"": ""1.0"", ""tier1_count"": 0}",late|none|nonpos,0.07721950850661626,45.159796,0.8981,0,1,0.1856,-0.0747,0,0,neutral,-1.1356,,0.0,0.0,0.0,,,0.0,0,0,0,True,False,True,missing,0.0,adequate,<=1000bps,544.86,0.85,1,0,1.0,0,1.0,0,,False,no_upcoming,-0.021685,price_history,,0,0.4797,price_history,,-0.399729,,44.5343,0.3236,-0.462867,0.063138,late,mid,none,commercial_pharma,morningstar,,,,0,0.9,59.84,41.25000000000000000000000000,,38.51,51.60305343511450381679389313,43.80732533087103724222837797,50.1338,0.2702,3.0,,12,1.0,0.0,0,0,0.0,0.4,0.6,autoimmune,0.7492,highly_crowded,1.0,8,0.07721950850661626,0.971483,1.903,36.99,0.754753,0.6895
ZLAB,Zai Lab Limited,,,D,ineligible,,,D,0.23384,0.334615,1,,0,,29,1,specific_days,9,headwind,deep_drawdown|deep_drawdown_rel_xbi,XS,ineligible,financial_score:+26.0;clinical_score:-14.9;catalyst_score:-8.5,tier=;reason=;cat_days=29;strength=near;decay_w=1.0,v1.3.0,31f399e0,0,deep_drawdown,0,,"{""burn_ttm"": 150789000.0, ""cash_total"": 689573000.0, ""dilution_risk"": null, ""has_revenue"": null, ""lead_phase"": null, ""runway_months"": 54.87718600163142, ""stage_bucket"": ""late"", ""surv_score"": ""4.0"", ""tier1_count"": 3}",late|near_0_30|nonpos,0.03839184507042254,41.1905,0.875,0,1,-0.6797,-0.6047,3,3,selling,0.0265,elite_3,0.0,0.0,0.0,,,0.0,0,0,0,True,False,True,near,1.0,adequate,<=1000bps,827.45,0.85,1,0,1.0,0,1.0,0,29,True,specific_days,-0.270353,price_history,,3,0.8284,price_history,,-0.729805,,41.9275,0.3972,-0.462867,-0.266938,late,mid,none,commercial_biotech,morningstar,,,,0,0.8575241668608715917035656024,34.44,33.93136400000000000000000000,48.0,10.00,27.54391417231578061366535232,68.450,28.5246,-0.6438,3.0,29,21,1.0,2.272,4,3,0.0,0.4,0.95,oncology,0.7492,highly_crowded,1.0,62,0.03839184507042254,0.76616,0.7263,21.83,0.473384,-0.0668
ZYME,Zymeworks Inc.,,,D,ineligible,,,D,0.591255,0.065385,1,,0,,,0,no_upcoming,9,headwind,deep_drawdown|deep_drawdown_rel_xbi,XS,ineligible,smart_money_score:+31.0;momentum_score:-23.0;catalyst_score:-4.7,tier=;reason=;cat_days=NA;strength=missing;decay_w=0.0,v1.3.0,31f399e0,0,deep_drawdown,0,,"{""burn_ttm"": 22746000.0, ""cash_total"": 64834000.0, ""dilution_risk"": null, ""has_revenue"": null, ""lead_phase"": null, ""runway_months"": 34.204167765761014, ""stage_bucket"": ""mid"", ""surv_score"": ""3.0"", ""tier1_count"": 7}",mid|none|pos,0.013448488095238095,29.181,-0.7779,767,1,0.1764,0.1889,7,7,buying,1.576,elite_7,0.0,0.0,0.0,,,0.0,0,0,0,True,False,True,missing,0.0,adequate,<=1000bps,781.08,0.85,1,0,1.0,0,1.0,0,,False,no_upcoming,-0.319192,price_history,,7,1.0563,price_history,,-0.78703,,23.2999,0.7975,-0.462867,-0.324163,mid,small,none,commercial_biotech,morningstar,,,,0,0.7940844835164835164835164835,23.01,41.25000000000000000000000000,77.0,17.19,47.41230833858433102289434993,41.25000000000000000000000000,46.3623,0.1107,2.0,767,3,0.6667,0.0018,0,0,0.0,0.3,0.95,oncology,0.7492,highly_crowded,1.0,156,0.013448488095238095,0.408745,-0.2308,33.04,0.659696,0.4116
KMDA,Kamada Ltd.,,,D,ineligible,,,D,0.123574,0.203846,1,,0,,,0,no_upcoming,9,tailwind,,XS,ineligible,financial_score:-37.4;momentum_score:+29.7;clinical_score:+8.8,tier=;reason=;cat_days=NA;strength=missing;decay_w=0.0,v1.3.0,31f399e0,0,financials_missing,1,"cash_runway_lt_6m,sponsor_absent_late_stage,survivability_critical","{""burn_ttm"": 0.0, ""cash_total"": 0.0, ""dilution_risk"": null, ""has_revenue"": null, ""lead_phase"": null, ""runway_months"": 0.0, ""stage_bucket"": ""late"", ""surv_score"": ""-5.0"", ""tier1_count"": 0}",late|none|nonpos,0.07721950850661626,34.152,0.898,0,1,0.1664,-0.0974,0,0,neutral,-1.1356,,0.0,0.0,0.0,,,0.0,0,0,0,True,False,True,missing,0.0,critical,>2000bps,2036.0,0.55,1,0,1.0,0,1.0,0,,False,no_upcoming,0.101962,price_history,,0,0.2749,price_history,,-0.24938,,38.1174,0.3562,-0.462867,0.213487,late,unknown,sev2,commercial_pharma,morningstar,,,,0,0.8312701041205139565795303500,72.01,41.25000000000000000000000000,,50,51.14503816793893129770992367,5,49.9997,0.2645,3.0,2496,13,1.0,0.0,0,0,0.0,0.4,0.55,infectious_disease,-0.2978,uncrowded,1.0,33,0.07721950850661626,0.876426,1.1573,13.62,0.161597,-0.9879
CATX,"Perspective Therapeutics, Inc.",,,D,ineligible,,,D,0.644487,0.665385,1,,0,,,0,no_upcoming,9,headwind,deep_drawdown|deep_drawdown_rel_xbi,XS,ineligible,catalyst_score:-11.4;clinical_score:+10.0;momentum_score:-9.7,tier=;reason=;cat_days=NA;strength=missing;decay_w=0.0,v1.3.0,31f399e0,0,deep_drawdown,0,,"{""burn_ttm"": 57827000.0, ""cash_total"": 174137000.0, ""dilution_risk"": null, ""has_revenue"": null, ""lead_phase"": null, ""runway_months"": 36.13613018140315, ""stage_bucket"": ""early"", ""surv_score"": ""5.0"", ""tier1_count"": 2}",early|none|nonpos,-0.00746955223880597,52.467568,-1.1909,232,1,,0.0,2,2,buying,-0.3608,elite_2,0.0,0.0,0.0,,,0.0,0,0,0,True,False,True,missing,0.0,adequate,<=1000bps,741.74,0.85,1,0,1.0,0,1.0,0,,False,no_upcoming,-0.339763,price_history,,2,0.3341,price_history,,-0.804124,,47.7836,0.7923,-0.462867,-0.341257,early,small,none,platform_devices,morningstar,,,,0,0.7005175447676223993375426974,43.00,41.25000000000000000000000000,58.0,50,62.65060240963855421686746988,58.59459459459459459459459460,61.6006,0.7552,1.0,232,2,0.0,0.0362,0,0,0.0,0.3,0.85,oncology,0.7492,highly_crowded,1.0,170,-0.00746955223880597,0.355513,-0.3705,38.97,0.788973,0.8029
ALVO,Alvotech,,,D,ineligible,,,D,0.020913,0.096154,1,,0,,,0,no_upcoming,9,neutral,drawdown_data_missing,XS,ineligible,financial_score:-32.2;clinical_score:+15.3;momentum_score:+12.8,tier=;reason=;cat_days=NA;strength=missing;decay_w=0.0,v1.3.0,31f399e0,0,financials_missing,1,"cash_runway_lt_6m,sponsor_absent_late_stage,survivability_critical","{""burn_ttm"": 0.0, ""cash_total"": 0.0, ""dilution_risk"": null, ""has_revenue"": null, ""lead_phase"": null, ""runway_months"": 0.0, ""stage_bucket"": ""late"", ""surv_score"": ""-5.0"", ""tier1_count"": 0}",late|none|nonpos,0.07721950850661626,29.75,0.9006,0,1,0.2242,-0.0293,0,0,neutral,-1.1356,,0.0,0.0,0.0,,,0.0,0,0,0,True,False,True,missing,0.0,critical,>2000bps,2020.0,0.55,1,0,1.0,0,1.0,0,,False,no_upcoming,,,beta_missing:series_too_short,0,,,series_too_short,,no_price_series,,0.9498,-0.462867,,late,unknown,sev2,commercial_pharma,morningstar,,,drawdown,1,0.7983258939311098961180973209,50,41.25000000000000000000000000,,50,52.51908396946564885496183206,5,51.4443,0.3256,3.0,47,5,1.0,0.3589,1,0,0.0,0.3,0.55,ophthalmology,0.7492,highly_crowded,1.0,6,0.07721950850661626,0.979087,2.0353,14.76,0.207224,-0.8161
CMPS,COMPASS Pathways Plc - American,,,D,ineligible,,,D,0.811787,0.396154,1,,0,,,0,no_upcoming,9,headwind,deep_drawdown|deep_drawdown_rel_xbi,XS,ineligible,smart_money_score:+28.9;momentum_score:-20.4;financial_score:-11.5,tier=;reason=;cat_days=NA;strength=missing;decay_w=0.0,v1.3.0,31f399e0,0,deep_drawdown,0,,"{""burn_ttm"": 119452000.0, ""cash_total"": 185937000.0, ""dilution_risk"": null, ""has_revenue"": null, ""lead_phase"": null, ""runway_months"": 16.924559632728812, ""stage_bucket"": ""mid"", ""surv_score"": ""1.0"", ""tier1_count"": 5}",mid|none|nonpos,-0.01560273913043478,44.772033,0.0058,38,1,,0.0,5,5,buying,0.8012,elite_5,0.0,0.0,0.0,,,0.0,0,0,0,True,False,True,missing,0.0,adequate,<=1000bps,762.54,0.85,1,0,1.0,0,1.0,0,,False,no_upcoming,-0.330203,price_history,,5,1.0622,price_history,,-0.726087,,33.631,0.7735,-0.462867,-0.26322,mid,small,sev1,platform_services,morningstar,,,,0,0.7722332670642809807819748178,28.23,41.25000000000000000000000000,77.5,64.06,59.13043478260869565217391304,37.12229573618987607645452637,58.6948,0.6323,2.0,38,4,1.0,0.8843,1,1,0.0,0.3,0.6,cns,0.7492,highly_crowded,1.0,214,-0.01560273913043478,0.188213,-0.8845,32.63,0.648289,0.3807
PHAT,"Phathom Pharmaceuticals, Inc.",,,D,ineligible,,,D,0.15019,0.180769,1,,0,,,0,no_upcoming,9,neutral,deep_drawdown,XS,ineligible,financial_score:-22.1;smart_money_score:+13.9;momentum_score:+11.4,tier=;reason=;cat_days=NA;strength=missing;decay_w=0.0,v1.3.0,31f399e0,0,fundamental_red_flag,1,survivability_critical,"{""burn_ttm"": 166775000.0, ""cash_total"": 129972000.0, ""dilution_risk"": null, ""has_revenue"": null, ""lead_phase"": null, ""runway_months"": 9.351905261579972, ""stage_bucket"": ""late"", ""surv_score"": ""-7.0"", ""tier1_count"": 1}",late|none|nonpos,0.07721950850661626,33.4035,0.8748,0,1,-0.7132,-0.6357,1,1,selling,-0.7482,elite_1,0.0,0.0,0.0,,,0.0,0,0,0,True,False,True,missing,0.0,short,<=1000bps,859.62,0.85,1,0,1.0,0,1.0,0,,False,no_upcoming,-0.060608,price_history,,1,0.7396,price_history,,-0.654889,,48.1681,0.6057,-0.462867,-0.192022,late,small,sev2,commercial_biotech,morningstar,,,,0,0.7945177897265759066468367464,47.01,41.25000000000000000000000000,49.5,51.29,26.76773562794190962712610634,13.44444444444444444444444444,25.6224,-0.7665,3.0,294,3,0.6667,0.1294,0,0,0.0,0.4,0.55,infectious_disease,-0.2978,uncrowded,1.0,40,0.07721950850661626,0.84981,1.0356,8.33,0.055133,-1.597
GRFS,"Grifols, S.A.",,,D,ineligible,,,D,0.245247,0.142308,1,,0,,393,0,specific_days,9,tailwind,deep_drawdown,XS,ineligible,financial_score:-30.7;momentum_score:+28.2;catalyst_score:+9.9,tier=;reason=;cat_days=393;strength=far;decay_w=0.3,v1.3.0,31f399e0,0,financials_missing,1,"cash_runway_lt_6m,sponsor_absent_late_stage,survivability_critical","{""burn_ttm"": 0.0, ""cash_total"": 0.0, ""dilution_risk"": null, ""has_revenue"": null, ""lead_phase"": null, ""runway_months"": 0.0, ""stage_bucket"": ""late"", ""surv_score"": ""-5.0"", ""tier1_count"": 0}",late|far_271_540|nonpos,0.030535590909090908,32.528,0.8754,0,1,-0.7934,-1.2282,0,0,neutral,-1.1356,,0.0,0.0,0.0,,,0.0,0,0,0,True,False,True,far,0.3,critical,<=2000bps,1441.59,0.7,1,0,1.0,0,1.0,0,393,False,specific_days,0.000333,price_history,,0,0.3043,price_history,,-0.372193,,49.0013,0.3193,-0.462867,0.090674,late,unknown,sev2,commercial_pharma,morningstar,,,,0,0.8360594462901439645625692137,63.89,45.56250000000000000000000000,,50,28.32527242002214323174640172,5,29.808,-0.5895,3.0,231,64,1.0,1.6974,1,2,0.0,0.6,0.95,oncology,-0.2978,uncrowded,1.0,65,0.030535590909090908,0.754753,0.6895,10.37,0.081749,-1.3934
IBRX,"ImmunityBio, Inc.",,,D,ineligible,,,D,0.249049,0.026923,1,,0,,820,0,specific_days,9,headwind,high_vol|high_beta|deep_drawdown|deep_drawdown_rel_xbi,XS,ineligible,financial_score:-25.6;clinical_score:-24.7;smart_money_score:+21.9,tier=;reason=;cat_days=820;strength=far;decay_w=0.3,v1.3.0,31f399e0,0,fundamental_red_flag|deep_drawdown,1,survivability_critical,"{""burn_ttm"": 304936000.0, ""cash_total"": 242818000.0, ""dilution_risk"": null, ""has_revenue"": null, ""lead_phase"": null, ""runway_months"": 7.9651196483535704, ""stage_bucket"": ""late"", ""surv_score"": ""-4.0"", ""tier1_count"": 1}",late|far_271_540|nonpos,0.030535590909090908,22.0465,0.828,0,1,-1.6128,-1.4696,1,1,neutral,-0.7482,elite_1,0.0,0.0,0.0,,,0.0,0,0,0,True,False,True,far,0.3,short,<=400bps,178.96,1.0,0,0,1.0,0,1.0,0,820,False,specific_days,0.258656,price_history,,1,1.9578,price_history,,-0.862249,,47.8559,1.3149,-0.462867,-0.399382,late,mid,sev2,commercial_biotech,morningstar,,,,0,0.7786866902237926972909305065,43.91,45.56250000000000000000000000,52.5,31.47,5.890941346334388697887328503,5,6.8717,-1.5596,3.0,1734,43,1.0,2.3381,4,2,0.0,0.4,0.95,oncology,0.7492,highly_crowded,1.0,66,0.030535590909090908,0.750951,0.6775,3.46,0.001901,-2.8941
BBIO,"BridgeBio Pharma, Inc.",,,D,ineligible,,,D,0.051331,0.019231,1,,0,,,0,no_upcoming,9,headwind,deep_drawdown|deep_drawdown_rel_xbi,XS,ineligible,smart_money_score:+37.0;clinical_score:-21.3;momentum_score:-14.3,tier=;reason=;cat_days=NA;strength=missing;decay_w=0.0,v1.3.0,31f399e0,0,fundamental_red_flag|deep_drawdown,1,debt_distress_with_weak_surv,"{""burn_ttm"": 445910000.0, ""cash_total"": 578058000.0, ""dilution_risk"": null, ""has_revenue"": null, ""lead_phase"": null, ""runway_months"": 14.850685940363437, ""stage_bucket"": ""late"", ""surv_score"": ""-3.0"", ""tier1_count"": 5}",late|none|nonpos,0.07721950850661626,22.002118,0.8429,0,1,-1.4489,-1.3177,5,5,buying,0.8012,elite_5,0.0,0.0,0.0,,,0.0,0,0,0,True,False,True,missing,0.0,adequate,<=400bps,239.27,1.0,0,0,1.0,0,1.0,0,,False,no_upcoming,-0.319159,price_history,,5,1.5928,price_history,,-0.86358,,26.7983,0.4744,-0.462867,-0.400713,late,large,sev1,commercial_biotech,morningstar,,,,0,0.8829367631037404672557801719,16.65,41.25000000000000000000000000,68.0,28.50,9.693361562716495412725236163,19.32692992508854055383977882,10.6741,-1.3988,3.0,393,20,1.0,1.7287,3,2,0.0,0.4,0.95,oncology,0.7492,crowded,1.0,14,0.07721950850661626,0.948669,1.6321,10.65,0.085551,-1.3687
TGTX,"TG Therapeutics, Inc.",,,D,ineligible,,,D,0.184411,0.011538,1,,0,,,0,no_upcoming,9,headwind,high_beta|deep_drawdown|deep_drawdown_rel_xbi,XS,ineligible,smart_money_score:+28.4;clinical_score:-19.1;financial_score:-13.1,tier=;reason=;cat_days=NA;strength=missing;decay_w=0.0,v1.3.0,31f399e0,0,deep_drawdown,0,,"{""burn_ttm"": 44432000.0, ""cash_total"": 131582000.0, ""dilution_risk"": null, ""has_revenue"": null, ""lead_phase"": null, ""runway_months"": 35.537090385307884, ""stage_bucket"": ""late"", ""surv_score"": ""3.0"", ""tier1_count"": 3}",late|none|nonpos,0.07721950850661626,20.528821,0.8465,0,1,-1.3062,-1.1855,3,3,buying,0.0265,elite_3,0.0,0.0,0.0,,,0.0,0,0,0,True,False,True,missing,0.0,adequate,<=1000bps,429.71,0.85,1,0,1.0,0,1.0,0,,False,no_upcoming,0.028522,price_history,,3,2.2302,price_history,,-0.786924,,37.2184,0.3599,-0.462867,-0.324057,late,mid,none,commercial_biotech,morningstar,,,,0,0.8692797273680531282768262845,26.55,41.25000000000000000000000000,60.5,19.07,13.00448691801177087582308723,18.98738073253308710372422284,13.744,-1.269,3.0,105,15,1.0,3.0461,1,7,0.0,0.4,0.95,oncology,0.7492,highly_crowded,1.0,49,0.07721950850661626,0.815589,0.8987,14.71,0.19962,-0.843
ADPT,Adaptive Biotechnologies Corpor,,,D,ineligible,,,D,0.617871,0.003846,1,,0,,,0,no_upcoming,9,headwind,deep_drawdown|deep_drawdown_rel_xbi,XS,ineligible,financial_score:-26.8;smart_money_score:+23.6;catalyst_score:+18.1,tier=;reason=;cat_days=NA;strength=missing;decay_w=0.0,v1.3.0,31f399e0,0,deep_drawdown,0,,"{""burn_ttm"": 48041000.0, ""cash_total"": 55034000.0, ""dilution_risk"": null, ""has_revenue"": null, ""lead_phase"": null, ""runway_months"": 11.101028752308098, ""stage_bucket"": ""early"", ""surv_score"": ""-2.0"", ""tier1_count"": 1}",early|none|nonpos,-0.00746955223880597,14.500403,-1.5088,,0,-1.1915,-1.0791,1,1,buying,-0.7482,elite_1,0.0,0.0,0.0,,,0.0,0,0,0,True,False,True,missing,0.0,short,<=1000bps,539.77,0.85,1,0,1.0,0,1.0,0,,False,no_upcoming,-0.053255,price_history,,1,1.4793,price_history,,-0.737744,,37.6954,0.7937,-0.462867,-0.274877,early,mid,sev2,commercial_biotech,morningstar,,,,0,0.6454523132848645076007931262,33.07,50,55.5,15.98,15.66700537088111482072869792,5.096450057257141013854615243,15.842,-1.1802,,,,,,,,,,,,-1.3448,unknown,1.0,163,-0.00746955223880597,0.382129,-0.2999,5.19,0.009506,-2.3453
CRL,Charles River Laboratories Inte,,,D,ineligible,,,D,0.241445,0.380769,1,,0,,1674,0,specific_days,9,tailwind,,XS,ineligible,clinical_score:-19.0;momentum_score:+18.0;catalyst_score:+4.3,tier=;reason=;cat_days=1674;strength=far;decay_w=0.3,v1.3.0,31f399e0,0,fundamental_red_flag,1,sponsor_absent_late_stage,"{""burn_ttm"": 0.0, ""cash_total"": 213770000.0, ""dilution_risk"": null, ""has_revenue"": null, ""lead_phase"": null, ""runway_months"": null, ""stage_bucket"": ""late"", ""surv_score"": ""3.0"", ""tier1_count"": 0}",late|far_271_540|nonpos,0.030535590909090908,44.306896,0.8695,0,1,,0.0,0,0,neutral,-1.1356,,0.0,0.0,0.0,,,0.0,0,0,0,True,False,True,far,0.3,adequate,<=400bps,254.94,1.0,0,0,1.0,0,1.0,0,1674,False,specific_days,-0.009936,price_history,,0,0.4604,price_history,,-0.280471,,43.8656,0.3443,-0.462867,0.182396,late,mid,none,platform_diagnostics,morningstar,,,,0,0.8612187278316386852683849610,59.26,45.56250000000000000000000000,,44.05,22.21943813168100797026850287,37.86088027085257002154509079,21.8694,-0.9253,3.0,1674,45,1.0,0.0,0,0,0.0,0.5,0.95,oncology,0.7492,highly_crowded,1.0,64,0.030535590909090908,0.758555,0.7017,14.29,0.188213,-0.8845
PACB,Pacific Biosciences of Californ,,,D,ineligible,,,D,0.731939,0.680769,1,,0,,,0,no_upcoming,9,headwind,deep_drawdown|deep_drawdown_rel_xbi,XS,ineligible,clinical_score:-27.8;financial_score:+25.0;momentum_score:-18.4,tier=;reason=;cat_days=NA;strength=missing;decay_w=0.0,v1.3.0,31f399e0,0,deep_drawdown,0,,"{""burn_ttm"": 111209000.0, ""cash_total"": 279506000.0, ""dilution_risk"": null, ""has_revenue"": null, ""lead_phase"": null, ""runway_months"": 30.160076972187504, ""stage_bucket"": ""early"", ""surv_score"": ""1.0"", ""tier1_count"": 2}",early|none|nonpos,-0.00746955223880597,53.3125,-1.5088,,0,,0.0,2,2,buying,-0.3608,elite_2,0.0,0.0,0.0,,,0.0,0,0,0,True,False,True,missing,0.0,adequate,<=1000bps,913.25,0.85,1,0,1.0,0,1.0,0,,False,no_upcoming,-0.097469,price_history,,2,1.7248,price_history,,-0.781427,,33.8052,1.0113,-0.462867,-0.31856,early,small,sev1,platform_devices,morningstar,,,,0,0.6111243646924592884555544031,25.05,50,58.0,50,15.66700537088111482072869792,68.450,15.842,-1.1802,,,,,,,,,,,,-1.3448,unknown,1.0,193,-0.00746955223880597,0.268061,-0.6187,16.69,0.302281,-0.5179
TXG,"10x Genomics, Inc.",,,D,ineligible,,,D,0.865019,0.342308,1,,0,,,0,no_upcoming,9,headwind,deep_drawdown,XS,ineligible,clinical_score:-29.4;smart_money_score:+20.6;catalyst_score:+6.9,tier=;reason=;cat_days=NA;strength=missing;decay_w=0.0,v1.3.0,31f399e0,0,financials_missing,1,"cash_runway_lt_6m,survivability_critical","{""burn_ttm"": 0.0, ""cash_total"": 0.0, ""dilution_risk"": null, ""has_revenue"": null, ""lead_phase"": null, ""runway_months"": 0.0, ""stage_bucket"": ""mid"", ""surv_score"": ""-5.0"", ""tier1_count"": 1}",mid|none|nonpos,-0.01560273913043478,41.481247,-0.8504,745,1,,0.0,1,1,neutral,-0.7482,elite_1,0.0,0.0,0.0,,,0.0,0,0,0,True,False,True,missing,0.0,critical,<=1000bps,422.35,0.85,1,0,1.0,0,1.0,0,,False,no_upcoming,-0.029156,price_history,,1,1.2664,price_history,,-0.524287,,36.5021,0.7498,-0.462867,-0.06142,mid,mid,none,platform_services,morningstar,,,,0,0.6852740482822655524605385330,37.90,41.25000000000000000000000000,55.0,54.73,5,32.76832598193656794791010292,3.95,-1.6832,2.0,745,1,0.0,0.002,0,0,0.0,0.3,0.85,cardiovascular,0.7492,highly_crowded,1.0,228,-0.01560273913043478,0.134981,-1.1032,5.99,0.024715,-1.9649
OPK,"Opko Health, Inc.",,,D,ineligible,,,D,0.146388,0.888462,1,,0,,,0,no_upcoming,9,neutral,deep_drawdown,XS,ineligible,financial_score:+16.9;clinical_score:-9.5;catalyst_score:-8.9,tier=;reason=;cat_days=NA;strength=missing;decay_w=0.0,v1.3.0,31f399e0,0,fundamental_red_flag,1,sponsor_absent_late_stage,"{""burn_ttm"": 152621000.0, ""cash_total"": 411972000.0, ""dilution_risk"": null, ""has_revenue"": null, ""lead_phase"": null, ""runway_months"": 32.276737801482106, ""stage_bucket"": ""late"", ""surv_score"": ""-2.0"", ""tier1_count"": 0}",late|none|nonpos,0.07721950850661626,69.883,0.8891,0,1,,0.0,0,0,neutral,-1.1356,,0.0,0.0,0.0,,,0.0,0,0,0,True,False,True,missing,0.0,adequate,<=2000bps,1631.21,0.7,1,0,1.0,0,1.0,0,,False,no_upcoming,-0.096881,price_history,,0,0.6476,price_history,,-0.450877,,33.2974,0.354,-0.462867,0.01199,late,small,none,platform_diagnostics,morningstar,,,,0,0.9,51.63,41.25000000000000000000000000,,84.02,40.66721053551657828797855603,67.00000000000000000000000000,39.1979,-0.1923,3.0,1246,11,1.0,0.0,0,0,0.0,0.4,0.55,ophthalmology,0.7492,highly_crowded,1.0,39,0.07721950850661626,0.853612,1.0521,36.69,0.743346,0.6537
STVN,Stevanato Group S.p.A.,,,D,ineligible,,,D,0.769962,0.119231,1,,0,,,0,no_upcoming,9,neutral,deep_drawdown,XS,ineligible,financial_score:-25.6;momentum_score:+21.3;catalyst_score:+19.4,tier=;reason=;cat_days=NA;strength=missing;decay_w=0.0,v1.3.0,31f399e0,0,financials_missing,1,"cash_runway_lt_6m,survivability_critical","{""burn_ttm"": 0.0, ""cash_total"": 0.0, ""dilution_risk"": null, ""has_revenue"": null, ""lead_phase"": null, ""runway_months"": 0.0, ""stage_bucket"": ""early"", ""surv_score"": ""-5.0"", ""tier1_count"": 0}",early|none|nonpos,-0.00746955223880597,30.128,-1.5088,,0,,0.0,0,0,neutral,-1.1356,,0.0,0.0,0.0,,,0.0,0,0,0,True,False,True,missing,0.0,critical,<=2000bps,1065.18,0.7,1,0,1.0,0,1.0,0,,False,no_upcoming,-0.192785,price_history,,0,0.5399,price_history,,-0.394773,,40.6807,0.4363,-0.462867,0.068094,early,unknown,sev2,platform_devices,morningstar,,,,0,0.5393422933333333333333333333,51.89,50,,50,15.66700537088111482072869792,5,15.842,-1.1802,,,,,,,,,,,,-1.3448,unknown,1.0,203,-0.00746955223880597,0.230038,-0.7387,5.59,0.013308,-2.2171
PSNL,"Personalis, Inc.",,,D,ineligible,,,D,0.747148,0.357692,1,,0,,,0,no_upcoming,9,headwind,deep_drawdown|deep_drawdown_rel_xbi,XS,ineligible,clinical_score:-20.9;catalyst_score:+13.4;momentum_score:+4.2,tier=;reason=;cat_days=NA;strength=missing;decay_w=0.0,v1.3.0,31f399e0,0,deep_drawdown,0,,"{""burn_ttm"": 52700000.0, ""cash_total"": 150515000.0, ""dilution_risk"": null, ""has_revenue"": null, ""lead_phase"": null, ""runway_months"": 34.18205904617714, ""stage_bucket"": ""early"", ""surv_score"": ""3.0"", ""tier1_count"": 0}",early|none|nonpos,-0.00746955223880597,43.631328,-1.5088,,0,,0.0,0,0,neutral,-1.1356,,0.0,0.0,0.0,,,0.0,0,0,0,True,False,True,missing,0.0,adequate,<=1000bps,905.17,0.85,1,0,1.0,0,1.0,0,,False,no_upcoming,0.027712,price_history,,0,1.5133,price_history,,-0.732378,,45.3959,1.0777,-0.462867,-0.269511,early,small,sev1,platform_diagnostics,morningstar,,,,0,0.5977938875560655053718577240,40.76,50,,50,15.66700537088111482072869792,39.95406217027838649460271082,15.842,-1.1802,,,,,,,,,,,,-1.3448,unknown,1.0,197,-0.00746955223880597,0.252852,-0.6655,10.78,0.089354,-1.3447
