ticker,company_name,actionable_rank,target_weight_pct,tier_any,tier_any_reason,tier_dev,tier_reason,tier_commercial,alpha_cohort_pct,commercial_quality_pct,has_commercial_quality,clinical_optionality_pct_dev,has_clinical_optionality_dev,clinical_rank_pct_dev,catalyst_days,catalyst_in_window,catalyst_mode,cat_priority,mom_state,risk_flags,size_band,size_reasons,top_3_drivers,catalyst_reason_detail,decision_engine_version,decision_engine_ruleset_id,eligible,ineligible_reasons,alpha_cohort_key,alpha_cohort_raw,commercial_quality,clinical_alpha_z,clinical_readout_days,clinical_coverage_flag,clinical_score_z,clinical_score_z_tier,sponsor_tier1_count,sponsor_overlap_count,sponsor_net_buying,coinvest_score_z,coinvest_tag,coinvest_conviction,coinvest_tier1_conviction,coinvest_max_position_pct,coinvest_filing_age_days,coinvest_recency_state,inst_delta_z,inst_delta_net,inst_delta_new,inst_delta_exit,has_coinvest_signal,has_inst_delta,has_catalyst_signal,catalyst_strength,catalyst_decay_w,runway_bucket,cost_bucket,est_cost_bps,cost_mult,cost_haircut_applied,dd_rel_margin_rescued,catalyst_tilt_mult,catalyst_tilt_applied,mom_state_tilt_mult,mom_state_tilt_applied,de_catalyst_days,de_catalyst_in_window,de_catalyst_mode,de_alpha_60d,de_alpha_60d_source,de_alpha_60d_missing_reason,de_tier1_count,de_beta_xbi_60d,de_beta_xbi_60d_source,de_beta_xbi_60d_missing_reason,de_drawdown,de_drawdown_missing_reason,de_rsi_14d,de_drawdown_xbi,de_drawdown_rel_xbi,stage_bucket,market_cap_bucket,severity,archetype,returns_source,catalyst_source,catalyst_event_type,missing_components,missingness_penalty,confidence_overall,momentum_score,catalyst_score,smart_money_score,valuation_score,clinical_score,financial_score,composite_rank,composite_score,score_rank_pct,score_z,composite_score_attn,score_rank_pct_attn,score_z_attn
SLN,Silence Therapeutics Plc - Amer,1,,B,mod_opt+catalyst_near,B,mod_opt+catalyst_near,,0.998584,,,0.408915,1,0.408915,214,1,specific_days,,neutral,drawdown_data_missing,L,catalyst_far_lift,,,v1.3.0,e094cbec,1,,early|near_181_270|pos,0.0,,0.219628,0,1,0.533876,5.066021,,0,neutral,-0.7036,,0.0,0.0,0.0,,,0,0,0,0,False,False,True,far,0.3,adequate,,,1.0,0,0,1.0,0,1.0,0,214,,specific_days,,,series_too_short,,,,series_too_short,,series_too_short,,,,early,micro,NONE,drug_developer,pit_bundle,CTGOV,CLINICAL_PCD,sponsor|drawdown,2,0.5,,,,,0.5595,,353,0.0,0.998584,,,,
ZBIO,"Zenas BioPharma, Inc.",2,,B,high_opt+no_catalyst_data,B,high_opt+no_catalyst_data,,0.995751,,,0.908915,1,0.908915,,0,no_upcoming,,neutral,drawdown_data_missing,S,runway_short,,,v1.3.0,e094cbec,1,,early|none|pos,0.023322922839506172,,-1.305798,,1,-0.928766,0.252289,,0,neutral,-0.7036,,0.0,0.0,0.0,,,0,0,0,0,False,False,False,missing,0.0,short,,,1.0,0,0,1.0,0,1.0,0,,,missing,,,series_too_short,,,,series_too_short,,series_too_short,,,,early,small,SEV2,drug_developer,pit_bundle,,,sponsor|drawdown,2,0.5,,,,,0.15,,352,0.023322922839506172,0.995751,,,,
VRDN,Healthcare,3,,B,high_opt+no_catalyst_data,B,high_opt+no_catalyst_data,,0.990085,,,0.901163,1,0.901163,,0,no_upcoming,,headwind,,XS,momentum_headwind|runway_short,,,v1.3.0,e094cbec,1,,early|none|pos,0.023322922839506172,,-1.305798,,1,-0.928766,0.252289,,0,neutral,-0.7036,,0.0,0.0,0.0,,,0,0,0,0,False,False,False,missing,0.0,short,,,1.0,0,0,1.0,0,1.0,0,,,missing,-0.22462,price_history,,,1.3927,price_history,,-0.340554,,37.504,-0.149376,-0.191178,early,mid,SEV2,drug_developer,pit_bundle,,,sponsor,1,0.5,,,,,0.15,,350,0.023322922839506172,0.990085,,,,
VOR,Vor Biopharma Inc.,4,,B,high_opt+no_catalyst_data,B,high_opt+no_catalyst_data,,0.987252,,,0.897287,1,0.897287,,0,no_upcoming,,neutral,drawdown_data_missing,M,,,,v1.3.0,e094cbec,1,,early|none|pos,0.023322922839506172,,-1.305798,,1,-0.928766,0.252289,,0,neutral,-0.7036,,0.0,0.0,0.0,,,0,0,0,0,False,False,False,missing,0.0,adequate,,,1.0,0,0,1.0,0,1.0,0,,,missing,,,series_too_short,,,,series_too_short,,series_too_short,,,,early,small,SEV1,drug_developer,pit_bundle,,,sponsor|drawdown,2,0.5,,,,,0.15,,349,0.023322922839506172,0.987252,,,,
VERV,"Verve Therapeutics, Inc.",5,,B,high_opt+no_catalyst_data,B,high_opt+no_catalyst_data,,0.984419,,,0.893411,1,0.893411,,0,no_upcoming,,neutral,drawdown_data_missing,M,,,,v1.3.0,e094cbec,1,,early|none|pos,0.023322922839506172,,-1.305798,,1,-0.928766,0.252289,,0,neutral,-0.7036,,0.0,0.0,0.0,,,0,0,0,0,False,False,False,missing,0.0,adequate,,,1.0,0,0,1.0,0,1.0,0,,,missing,,,no_price_series,,,,no_price_series,,no_price_series,,,,early,,NONE,drug_developer,pit_bundle,,,sponsor|drawdown,2,0.5,,,,,0.15,,348,0.023322922839506172,0.984419,,,,
UPB,"Upstream Bio, Inc.",6,,B,high_opt+no_catalyst_data,B,high_opt+no_catalyst_data,,0.981586,,,0.889535,1,0.889535,,0,no_upcoming,,neutral,drawdown_data_missing,S,runway_short,,,v1.3.0,e094cbec,1,,early|none|pos,0.023322922839506172,,-1.305798,,1,-0.928766,0.252289,,0,neutral,-0.7036,,0.0,0.0,0.0,,,0,0,0,0,False,False,False,missing,0.0,short,,,1.0,0,0,1.0,0,1.0,0,,,missing,,,series_too_short,,,,series_too_short,,series_too_short,,,,early,small,SEV2,drug_developer,pit_bundle,,,sponsor|drawdown,2,0.5,,,,,0.15,,347,0.023322922839506172,0.981586,,,,
TYRA,"Tyra Biosciences, Inc.",7,,B,high_opt+no_catalyst_data,B,high_opt+no_catalyst_data,,0.978754,,,0.885659,1,0.885659,,0,no_upcoming,,neutral,drawdown_data_missing,S,runway_short,,,v1.3.0,e094cbec,1,,early|none|pos,0.023322922839506172,,-1.305798,,1,-0.928766,0.252289,,0,neutral,-0.7036,,0.0,0.0,0.0,,,0,0,0,0,False,False,False,missing,0.0,short,,,1.0,0,0,1.0,0,1.0,0,,,missing,,,series_too_short,,,,series_too_short,,series_too_short,,,,early,small,SEV2,drug_developer,pit_bundle,,,sponsor|drawdown,2,0.5,,,,,0.15,,346,0.023322922839506172,0.978754,,,,
TSHA,"Taysha Gene Therapies, Inc.",8,,B,high_opt+no_catalyst_data,B,high_opt+no_catalyst_data,,0.975921,,,0.881783,1,0.881783,,0,no_upcoming,,neutral,drawdown_data_missing,L,sponsor_confirmed,,,v1.3.0,e094cbec,1,,early|none|pos,0.023322922839506172,,-1.305798,,1,-0.928766,0.252289,4,7,buying,1.0034,,6.0629,4.6566,0.82,1,fresh,0,0,0,0,True,False,False,missing,0.0,adequate,,,1.0,0,0,1.0,0,1.0,0,,,missing,,,series_too_short,4,,,series_too_short,,series_too_short,,,,early,small,NONE,drug_developer,pit_bundle,,,drawdown,1,0.5,,,,,0.15,,345,0.023322922839506172,0.975921,,,,
TRDA,"Entrada Therapeutics, Inc.",9,,B,high_opt+no_catalyst_data,B,high_opt+no_catalyst_data,,0.973088,,,0.877907,1,0.877907,,0,no_upcoming,,neutral,drawdown_data_missing,S,runway_short,,,v1.3.0,e094cbec,1,,early|none|pos,0.023322922839506172,,-1.305798,,1,-0.928766,0.252289,,0,neutral,-0.7036,,0.0,0.0,0.0,,,0,0,0,0,False,False,False,missing,0.0,short,,,1.0,0,0,1.0,0,1.0,0,,,missing,,,series_too_short,,,,series_too_short,,series_too_short,,,,early,small,SEV2,drug_developer,pit_bundle,,,sponsor|drawdown,2,0.5,,,,,0.15,,344,0.023322922839506172,0.973088,,,,
TNYA,"Tenaya Therapeutics, Inc.",10,,B,high_opt+no_catalyst_data,B,high_opt+no_catalyst_data,,0.970255,,,0.874031,1,0.874031,,0,no_upcoming,,neutral,drawdown_data_missing,M,,,,v1.3.0,e094cbec,1,,early|none|pos,0.023322922839506172,,-1.305798,,1,-0.928766,0.252289,,0,neutral,-0.7036,,0.0,0.0,0.0,,,0,0,0,0,False,False,False,missing,0.0,adequate,,,1.0,0,0,1.0,0,1.0,0,,,missing,,,series_too_short,,,,series_too_short,,series_too_short,,,,early,micro,SEV1,drug_developer,pit_bundle,,,sponsor|drawdown,2,0.5,,,,,0.15,,343,0.023322922839506172,0.970255,,,,
TNGX,"Tango Therapeutics, Inc.",11,,B,high_opt+no_catalyst_data,B,high_opt+no_catalyst_data,,0.967422,,,0.870155,1,0.870155,,0,no_upcoming,,neutral,drawdown_data_missing,S,runway_short,,,v1.3.0,e094cbec,1,,early|none|pos,0.023322922839506172,,-1.305798,,1,-0.928766,0.252289,,0,neutral,-0.7036,,0.0,0.0,0.0,,,0,0,0,0,False,False,False,missing,0.0,short,,,1.0,0,0,1.0,0,1.0,0,,,missing,,,series_too_short,,,,series_too_short,,series_too_short,,,,early,small,SEV2,drug_developer,pit_bundle,,,sponsor|drawdown,2,0.5,,,,,0.15,,342,0.023322922839506172,0.967422,,,,
TCRX,Healthcare,12,,B,high_opt+no_catalyst_data,B,high_opt+no_catalyst_data,,0.964589,,,0.862403,1,0.862403,,0,no_upcoming,,neutral,drawdown_data_missing,M,,,,v1.3.0,e094cbec,1,,early|none|pos,0.023322922839506172,,-1.305798,,1,-0.928766,0.252289,,0,neutral,-0.7036,,0.0,0.0,0.0,,,0,0,0,0,False,False,False,missing,0.0,adequate,,,1.0,0,0,1.0,0,1.0,0,,,missing,,,series_too_short,,,,series_too_short,,series_too_short,,,,early,micro,NONE,drug_developer,pit_bundle,,,sponsor|drawdown,2,0.5,,,,,0.15,,341,0.023322922839506172,0.964589,,,,
SYRE,"Spyre Therapeutics, Inc.",13,,B,high_opt+no_catalyst_data,B,high_opt+no_catalyst_data,,0.961756,,,0.854651,1,0.854651,,0,no_upcoming,,headwind,,XS,momentum_headwind|runway_short,,,v1.3.0,e094cbec,1,,early|none|pos,0.023322922839506172,,-1.305798,,1,-0.928766,0.252289,,0,neutral,-0.7036,,0.0,0.0,0.0,,,0,0,0,0,False,False,False,missing,0.0,short,,,1.0,0,0,1.0,0,1.0,0,,,missing,-0.20025,price_history,,,0.6277,price_history,,-0.324875,,48.649,-0.149376,-0.175499,early,mid,SEV2,drug_developer,pit_bundle,,,sponsor,1,0.5,,,,,0.15,,340,0.023322922839506172,0.961756,,,,
SLDB,Solid Biosciences Inc.,14,,B,high_opt+no_catalyst_data,B,high_opt+no_catalyst_data,,0.958924,,,0.660853,1,0.660853,,0,no_upcoming,,tailwind,high_vol,S,momentum_tailwind|runway_short|high_risk,,,v1.3.0,e094cbec,1,,early|none|pos,0.023322922839506172,,-1.084155,2055,1,-0.716246,0.95172,,0,neutral,-0.7036,,0.0,0.0,0.0,,,0,0,0,0,False,False,False,missing,0.0,short,,,1.0,0,0,1.0,0,1.0,0,,,missing,1.340876,price_history,,,0.5957,price_history,,-0.181725,,54.0533,-0.149376,-0.032349,early,small,SEV2,drug_developer,pit_bundle,,,sponsor,1,0.5,,,,,0.2095,,339,0.023322922839506172,0.958924,,,,
SION,"Sionna Therapeutics, Inc.",15,,B,high_opt+no_catalyst_data,B,high_opt+no_catalyst_data,,0.956091,,,0.843023,1,0.843023,,0,no_upcoming,,neutral,drawdown_data_missing,M,,,,v1.3.0,e094cbec,1,,early|none|pos,0.023322922839506172,,-1.305798,,1,-0.928766,0.252289,,0,neutral,-0.7036,,0.0,0.0,0.0,,,0,0,0,0,False,False,False,missing,0.0,adequate,,,1.0,0,0,1.0,0,1.0,0,,,missing,,,series_too_short,,,,series_too_short,,series_too_short,,,,early,small,SEV1,drug_developer,pit_bundle,,,sponsor|drawdown,2,0.5,,,,,0.15,,338,0.023322922839506172,0.956091,,,,
SEPN,"Septerna, Inc.",16,,B,high_opt+no_catalyst_data,B,high_opt+no_catalyst_data,,0.953258,,,0.839147,1,0.839147,,0,no_upcoming,,neutral,drawdown_data_missing,M,,,,v1.3.0,e094cbec,1,,early|none|pos,0.023322922839506172,,-1.305798,,1,-0.928766,0.252289,,0,neutral,-0.7036,,0.0,0.0,0.0,,,0,0,0,0,False,False,False,missing,0.0,adequate,,,1.0,0,0,1.0,0,1.0,0,,,missing,,,series_too_short,,,,series_too_short,,series_too_short,,,,early,small,NONE,drug_developer,pit_bundle,,,sponsor|drawdown,2,0.5,,,,,0.15,,337,0.023322922839506172,0.953258,,,,
SANA,"Sana Biotechnology, Inc.",17,,B,high_opt+no_catalyst_data,B,high_opt+no_catalyst_data,,0.950425,,,0.835271,1,0.835271,,0,no_upcoming,,neutral,drawdown_data_missing,S,runway_short,,,v1.3.0,e094cbec,1,,early|none|pos,0.023322922839506172,,-1.305798,,1,-0.928766,0.252289,,0,neutral,-0.7036,,0.0,0.0,0.0,,,0,0,0,0,False,False,False,missing,0.0,short,,,1.0,0,0,1.0,0,1.0,0,,,missing,,,series_too_short,,,,series_too_short,,series_too_short,,,,early,small,SEV2,drug_developer,pit_bundle,,,sponsor|drawdown,2,0.5,,,,,0.15,,336,0.023322922839506172,0.950425,,,,
RNA,"Avidity Biosciences, Inc.",18,,B,high_opt+no_catalyst_data,B,high_opt+no_catalyst_data,,0.947592,,,0.831395,1,0.831395,,0,no_upcoming,,headwind,,S,sponsor_confirmed|momentum_headwind|runway_short,,,v1.3.0,e094cbec,1,,early|none|pos,0.023322922839506172,,-1.305798,,1,-0.928766,0.252289,8,8,selling,2.7103,,12.6086,12.6086,4.22,1,fresh,0,0,0,0,True,False,False,missing,0.0,short,,,1.0,0,0,1.0,0,1.0,0,,,missing,-0.262226,price_history,,8,0.6063,price_history,,-0.328603,,47.3088,-0.149376,-0.179227,early,large,SEV2,drug_developer,pit_bundle,,,,0,0.5,,,,,0.15,,335,0.023322922839506172,0.947592,,,,
RAPP,"Rapport Therapeutics, Inc.",19,,B,high_opt+no_catalyst_data,B,high_opt+no_catalyst_data,,0.941926,,,0.823643,1,0.823643,,0,no_upcoming,,neutral,drawdown_data_missing,M,,,,v1.3.0,e094cbec,1,,early|none|pos,0.023322922839506172,,-1.305798,,1,-0.928766,0.252289,,0,neutral,-0.7036,,0.0,0.0,0.0,,,0,0,0,0,False,False,False,missing,0.0,adequate,,,1.0,0,0,1.0,0,1.0,0,,,missing,,,series_too_short,,,,series_too_short,,series_too_short,,,,early,small,NONE,drug_developer,pit_bundle,,,sponsor|drawdown,2,0.5,,,,,0.15,,333,0.023322922839506172,0.941926,,,,
PRME,"Prime Medicine, Inc.",20,,B,high_opt+no_catalyst_data,B,high_opt+no_catalyst_data,,0.939093,,,0.819767,1,0.819767,,0,no_upcoming,,neutral,drawdown_data_missing,S,runway_short,,,v1.3.0,e094cbec,1,,early|none|pos,0.023322922839506172,,-1.305798,,1,-0.928766,0.252289,,0,neutral,-0.7036,,0.0,0.0,0.0,,,0,0,0,0,False,False,False,missing,0.0,short,,,1.0,0,0,1.0,0,1.0,0,,,missing,,,series_too_short,,,,series_too_short,,series_too_short,,,,early,small,SEV2,drug_developer,pit_bundle,,,sponsor|drawdown,2,0.5,,,,,0.15,,332,0.023322922839506172,0.939093,,,,
PRAX,"Praxis Precision Medicines, Inc",21,,B,high_opt+no_catalyst_data,B,high_opt+no_catalyst_data,,0.936261,,,0.815891,1,0.815891,,0,no_upcoming,,neutral,drawdown_data_missing,S,runway_short,,,v1.3.0,e094cbec,1,,early|none|pos,0.023322922839506172,,-1.305798,,1,-0.928766,0.252289,,0,neutral,-0.7036,,0.0,0.0,0.0,,,0,0,0,0,False,False,False,missing,0.0,short,,,1.0,0,0,1.0,0,1.0,0,,,missing,,,series_too_short,,,,series_too_short,,series_too_short,,,,early,mid,SEV2,drug_developer,pit_bundle,,,sponsor|drawdown,2,0.5,,,,,0.15,,331,0.023322922839506172,0.936261,,,,
PEPG,PepGen Inc.,22,,B,high_opt+no_catalyst_data,B,high_opt+no_catalyst_data,,0.930595,,,0.812016,1,0.812016,,0,no_upcoming,,neutral,drawdown_data_missing,M,,,,v1.3.0,e094cbec,1,,early|none|pos,0.023322922839506172,,-1.305798,,1,-0.928766,0.252289,,0,neutral,-0.7036,,0.0,0.0,0.0,,,0,0,0,0,False,False,False,missing,0.0,adequate,,,1.0,0,0,1.0,0,1.0,0,,,missing,,,series_too_short,,,,series_too_short,,series_too_short,,,,early,small,NONE,drug_developer,pit_bundle,,,sponsor|drawdown,2,0.5,,,,,0.15,,329,0.023322922839506172,0.930595,,,,
OABI,"OmniAb, Inc.",23,,B,high_opt+no_catalyst_data,B,high_opt+no_catalyst_data,,0.927762,,,0.800388,1,0.800388,,0,no_upcoming,,neutral,drawdown_data_missing,S,runway_short,,,v1.3.0,e094cbec,1,,early|none|pos,0.023322922839506172,,-1.305798,,1,-0.928766,0.252289,,0,neutral,-0.7036,,0.0,0.0,0.0,,,0,0,0,0,False,False,False,missing,0.0,short,,,1.0,0,0,1.0,0,1.0,0,,,missing,,,series_too_short,,,,series_too_short,,series_too_short,,,,early,micro,SEV2,drug_developer,pit_bundle,,,sponsor|drawdown,2,0.5,,,,,0.15,,328,0.023322922839506172,0.927762,,,,
NUVL,"Nuvalent, Inc.",24,,B,high_opt+no_catalyst_data,B,high_opt+no_catalyst_data,,0.924929,,,0.796512,1,0.796512,,0,no_upcoming,,neutral,drawdown_data_missing,S,runway_short,,,v1.3.0,e094cbec,1,,early|none|pos,0.023322922839506172,,-1.305798,,1,-0.928766,0.252289,,0,neutral,-0.7036,,0.0,0.0,0.0,,,0,0,0,0,False,False,False,missing,0.0,short,,,1.0,0,0,1.0,0,1.0,0,,,missing,,,series_too_short,,,,series_too_short,,series_too_short,,,,early,mid,SEV2,drug_developer,pit_bundle,,,sponsor|drawdown,2,0.5,,,,,0.15,,327,0.023322922839506172,0.924929,,,,
NTLA,"Intellia Therapeutics, Inc.",25,,B,high_opt+no_catalyst_data,B,high_opt+no_catalyst_data,,0.922096,,,0.653101,1,0.653101,,0,no_upcoming,,tailwind,high_beta,S,momentum_tailwind|runway_short|high_risk,,,v1.3.0,e094cbec,1,,early|none|pos,0.023322922839506172,,-1.084155,1657,1,-0.716246,0.95172,1,3,selling,-0.2768,,1.2188,0.4688,0.01,45,fresh,0,0,0,0,True,False,False,missing,0.0,short,,,1.0,0,0,1.0,0,1.0,0,,,missing,0.302432,price_history,,1,2.1093,price_history,,-0.277486,,42.7371,-0.149376,-0.12811,early,small,SEV2,drug_developer,pit_bundle,,,,0,0.5,,,,,0.2095,,326,0.023322922839506172,0.922096,,,,
NRIX,"Nurix Therapeutics, Inc.",26,,B,high_opt+no_catalyst_data,B,high_opt+no_catalyst_data,,0.919263,,,0.792636,1,0.792636,,0,no_upcoming,,headwind,high_vol,S,sponsor_confirmed|momentum_headwind|high_risk,,,v1.3.0,e094cbec,1,,early|none|pos,0.023322922839506172,,-1.305798,,1,-0.928766,0.252289,9,9,buying,3.1371,,14.7018,14.7018,4.18,44,fresh,0,0,0,0,True,False,False,missing,0.0,adequate,,,1.0,0,0,1.0,0,1.0,0,,,missing,-0.344682,price_history,,9,1.6027,price_history,,-0.290213,,44.5987,-0.149376,-0.140837,early,small,SEV1,drug_developer,pit_bundle,,,,0,0.5,,,,,0.15,,325,0.023322922839506172,0.919263,,,,
NKTX,Healthcare,27,,B,high_opt+no_catalyst_data,B,high_opt+no_catalyst_data,,0.916431,,,0.649225,1,0.649225,,0,no_upcoming,,tailwind,deep_drawdown,L,sponsor_confirmed|momentum_tailwind|runway_short,,,v1.3.0,e094cbec,1,,early|none|pos,0.023322922839506172,,-1.084155,1312,1,-0.716246,0.95172,5,5,buying,1.4301,,12.496,12.496,17.06,1,fresh,0,0,0,0,True,False,False,missing,0.0,short,,,1.0,0,0,1.0,0,1.0,0,,,missing,0.358272,price_history,,5,0.9505,price_history,,-0.355197,,43.7541,-0.149376,-0.205821,early,micro,SEV2,drug_developer,pit_bundle,,,,0,0.5,,,,,0.2095,,324,0.023322922839506172,0.916431,,,,
MLYS,"Mineralys Therapeutics, Inc.",28,,B,high_opt+no_catalyst_data,B,high_opt+no_catalyst_data,,0.913598,,,0.78876,1,0.78876,,0,no_upcoming,,neutral,drawdown_data_missing,M,,,,v1.3.0,e094cbec,1,,early|none|pos,0.023322922839506172,,-1.305798,,1,-0.928766,0.252289,,0,neutral,-0.7036,,0.0,0.0,0.0,,,0,0,0,0,False,False,False,missing,0.0,adequate,,,1.0,0,0,1.0,0,1.0,0,,,missing,,,series_too_short,,,,series_too_short,,series_too_short,,,,early,mid,NONE,drug_developer,pit_bundle,,,sponsor|drawdown,2,0.5,,,,,0.15,,323,0.023322922839506172,0.913598,,,,
MLTX,Healthcare,29,,B,high_opt+no_catalyst_data,B,high_opt+no_catalyst_data,,0.910765,,,0.784884,1,0.784884,,0,no_upcoming,,neutral,drawdown_data_missing,M,,,,v1.3.0,e094cbec,1,,early|none|pos,0.023322922839506172,,-1.305798,,1,-0.928766,0.252289,,0,neutral,-0.7036,,0.0,0.0,0.0,,,0,0,0,0,False,False,False,missing,0.0,adequate,,,1.0,0,0,1.0,0,1.0,0,,,missing,,,series_too_short,,,,series_too_short,,series_too_short,,,,early,small,NONE,drug_developer,pit_bundle,,,sponsor|drawdown,2,0.5,,,,,0.15,,322,0.023322922839506172,0.910765,,,,
MBX,"MBX Biosciences, Inc.",30,,B,high_opt+no_catalyst_data,B,high_opt+no_catalyst_data,,0.907932,,,0.781008,1,0.781008,,0,no_upcoming,,neutral,drawdown_data_missing,M,,,,v1.3.0,e094cbec,1,,early|none|pos,0.023322922839506172,,-1.305798,,1,-0.928766,0.252289,,0,neutral,-0.7036,,0.0,0.0,0.0,,,0,0,0,0,False,False,False,missing,0.0,adequate,,,1.0,0,0,1.0,0,1.0,0,,,missing,,,series_too_short,,,,series_too_short,,series_too_short,,,,early,small,NONE,drug_developer,pit_bundle,,,sponsor|drawdown,2,0.5,,,,,0.15,,321,0.023322922839506172,0.907932,,,,
MAZE,"Maze Therapeutics, Inc.",31,,B,high_opt+no_catalyst_data,B,high_opt+no_catalyst_data,,0.905099,,,0.777132,1,0.777132,,0,no_upcoming,,neutral,drawdown_data_missing,M,,,,v1.3.0,e094cbec,1,,early|none|pos,0.023322922839506172,,-1.305798,,1,-0.928766,0.252289,,0,neutral,-0.7036,,0.0,0.0,0.0,,,0,0,0,0,False,False,False,missing,0.0,adequate,,,1.0,0,0,1.0,0,1.0,0,,,missing,,,series_too_short,,,,series_too_short,,series_too_short,,,,early,mid,NONE,drug_developer,pit_bundle,,,sponsor|drawdown,2,0.5,,,,,0.15,,320,0.023322922839506172,0.905099,,,,
LYEL,"Lyell Immunopharma, Inc.",32,,B,high_opt+no_catalyst_data,B,high_opt+no_catalyst_data,,0.902266,,,0.773256,1,0.773256,,0,no_upcoming,,neutral,drawdown_data_missing,M,,,,v1.3.0,e094cbec,1,,early|none|pos,0.023322922839506172,,-1.305798,,1,-0.928766,0.252289,,0,neutral,-0.7036,,0.0,0.0,0.0,,,0,0,0,0,False,False,False,missing,0.0,adequate,,,1.0,0,0,1.0,0,1.0,0,,,missing,,,series_too_short,,,,series_too_short,,series_too_short,,,,early,small,SEV1,drug_developer,pit_bundle,,,sponsor|drawdown,2,0.5,,,,,0.15,,319,0.023322922839506172,0.902266,,,,
LXEO,"Lexeo Therapeutics, Inc.",33,,B,high_opt+no_catalyst_data,B,high_opt+no_catalyst_data,,0.899433,,,0.645349,1,0.645349,,0,no_upcoming,,neutral,drawdown_data_missing,S,runway_short,,,v1.3.0,e094cbec,1,,early|none|pos,0.023322922839506172,,-1.084155,1348,1,-0.716246,0.95172,,0,neutral,-0.7036,,0.0,0.0,0.0,,,0,0,0,0,False,False,False,missing,0.0,short,,,1.0,0,0,1.0,0,1.0,0,,,missing,,,series_too_short,,,,series_too_short,,series_too_short,,,,early,small,SEV2,drug_developer,pit_bundle,,,sponsor|drawdown,2,0.5,,,,,0.2095,,318,0.023322922839506172,0.899433,,,,
KROS,"Keros Therapeutics, Inc.",34,,B,high_opt+no_catalyst_data,B,high_opt+no_catalyst_data,,0.896601,,,0.765504,1,0.765504,,0,no_upcoming,,headwind,,M,sponsor_confirmed|momentum_headwind,,,v1.3.0,e094cbec,1,,early|none|pos,0.023322922839506172,,-1.305798,,1,-0.928766,0.252289,3,5,buying,0.5766,,6.6357,5.7044,7.9,44,fresh,0,0,0,0,True,False,False,missing,0.0,adequate,,,1.0,0,0,1.0,0,1.0,0,,,missing,-0.251371,price_history,,3,1.0429,price_history,,-0.208726,,50.3229,-0.149376,-0.05935,early,small,NONE,drug_developer,pit_bundle,,,,0,0.5,,,,,0.15,,317,0.023322922839506172,0.896601,,,,
JBIO,Healthcare,35,,B,high_opt+no_catalyst_data,B,high_opt+no_catalyst_data,,0.893768,,,0.761628,1,0.761628,,0,no_upcoming,,neutral,drawdown_data_missing,S,runway_short,,,v1.3.0,e094cbec,1,,early|none|pos,0.023322922839506172,,-1.305798,,1,-0.928766,0.252289,,0,neutral,-0.7036,,0.0,0.0,0.0,,,0,0,0,0,False,False,False,missing,0.0,short,,,1.0,0,0,1.0,0,1.0,0,,,missing,,,series_too_short,,,,series_too_short,,series_too_short,,,,early,small,SEV2,drug_developer,pit_bundle,,,sponsor|drawdown,2,0.5,,,,,0.15,,316,0.023322922839506172,0.893768,,,,
JANX,"Janux Therapeutics, Inc.",36,,B,high_opt+no_catalyst_data,B,high_opt+no_catalyst_data,,0.890935,,,0.757752,1,0.757752,,0,no_upcoming,,neutral,drawdown_data_missing,S,runway_short,,,v1.3.0,e094cbec,1,,early|none|pos,0.023322922839506172,,-1.305798,,1,-0.928766,0.252289,,0,neutral,-0.7036,,0.0,0.0,0.0,,,0,0,0,0,False,False,False,missing,0.0,short,,,1.0,0,0,1.0,0,1.0,0,,,missing,,,series_too_short,,,,series_too_short,,series_too_short,,,,early,small,SEV2,drug_developer,pit_bundle,,,sponsor|drawdown,2,0.5,,,,,0.15,,315,0.023322922839506172,0.890935,,,,
IVVD,"Invivyd, Inc.",37,,B,high_opt+no_catalyst_data,B,high_opt+no_catalyst_data,,0.888102,,,0.753876,1,0.753876,,0,no_upcoming,,neutral,drawdown_data_missing,M,,,,v1.3.0,e094cbec,1,,early|none|pos,0.023322922839506172,,-1.305798,,1,-0.928766,0.252289,,0,neutral,-0.7036,,0.0,0.0,0.0,,,0,0,0,0,False,False,False,missing,0.0,adequate,,,1.0,0,0,1.0,0,1.0,0,,,missing,,,series_too_short,,,,series_too_short,,series_too_short,,,,early,small,NONE,drug_developer,pit_bundle,,,sponsor|drawdown,2,0.5,,,,,0.15,,314,0.023322922839506172,0.888102,,,,
IRON,"Disc Medicine, Inc.",38,,B,high_opt+no_catalyst_data,B,high_opt+no_catalyst_data,,0.885269,,,0.75,1,0.75,,0,no_upcoming,,tailwind,overbought_rsi,L,momentum_tailwind,,,v1.3.0,e094cbec,1,,early|none|pos,0.023322922839506172,,-1.305798,,1,-0.928766,0.252289,,0,neutral,-0.7036,,0.0,0.0,0.0,,,0,0,0,0,False,False,False,missing,0.0,adequate,,,1.0,0,0,1.0,0,1.0,0,,,missing,0.521469,price_history,,,-0.0535,price_history,,0.0,,75.5629,-0.149376,0.149376,early,mid,SEV1,drug_developer,pit_bundle,,,sponsor,1,0.5,,,,,0.15,,313,0.023322922839506172,0.885269,,,,
IMRX,Immuneering Corporation,39,,B,high_opt+no_catalyst_data,B,high_opt+no_catalyst_data,,0.882436,,,0.746124,1,0.746124,,0,no_upcoming,,neutral,drawdown_data_missing,M,,,,v1.3.0,e094cbec,1,,early|none|pos,0.023322922839506172,,-1.305798,,1,-0.928766,0.252289,,0,neutral,-0.7036,,0.0,0.0,0.0,,,0,0,0,0,False,False,False,missing,0.0,adequate,,,1.0,0,0,1.0,0,1.0,0,,,missing,,,series_too_short,,,,series_too_short,,series_too_short,,,,early,small,NONE,drug_developer,pit_bundle,,,sponsor|drawdown,2,0.5,,,,,0.15,,312,0.023322922839506172,0.882436,,,,
IKT,Healthcare,40,,B,high_opt+no_catalyst_data,B,high_opt+no_catalyst_data,,0.879603,,,0.742248,1,0.742248,,0,no_upcoming,,neutral,drawdown_data_missing,M,,,,v1.3.0,e094cbec,1,,early|none|pos,0.023322922839506172,,-1.305798,,1,-0.928766,0.252289,,0,neutral,-0.7036,,0.0,0.0,0.0,,,0,0,0,0,False,False,False,missing,0.0,adequate,,,1.0,0,0,1.0,0,1.0,0,,,missing,,,series_too_short,,,,series_too_short,,series_too_short,,,,early,micro,NONE,drug_developer,pit_bundle,,,sponsor|drawdown,2,0.5,,,,,0.15,,311,0.023322922839506172,0.879603,,,,
IDYA,"IDEAYA Biosciences, Inc.",41,,B,high_opt+no_catalyst_data,B,high_opt+no_catalyst_data,,0.876771,,,0.641473,1,0.641473,,0,no_upcoming,,tailwind,,L,sponsor_confirmed|momentum_tailwind,,,v1.3.0,e094cbec,1,,early|none|pos,0.023322922839506172,,-1.084155,2161,1,-0.716246,0.95172,2,4,selling,0.1499,,2.3993,1.6543,0.96,44,fresh,0,0,0,0,True,False,False,missing,0.0,adequate,,,1.0,0,0,1.0,0,1.0,0,,,missing,0.251306,price_history,,2,1.0379,price_history,,-0.089738,,55.5913,-0.149376,0.059638,early,mid,NONE,drug_developer,pit_bundle,,,,0,0.5,,,,,0.2095,,310,0.023322922839506172,0.876771,,,,
HOWL,Healthcare,42,,B,high_opt+no_catalyst_data,B,high_opt+no_catalyst_data,,0.873938,,,0.738372,1,0.738372,,0,no_upcoming,,neutral,drawdown_data_missing,M,,,,v1.3.0,e094cbec,1,,early|none|pos,0.023322922839506172,,-1.305798,,1,-0.928766,0.252289,,0,neutral,-0.7036,,0.0,0.0,0.0,,,0,0,0,0,False,False,False,missing,0.0,adequate,,,1.0,0,0,1.0,0,1.0,0,,,missing,,,series_too_short,,,,series_too_short,,series_too_short,,,,early,micro,SEV1,drug_developer,pit_bundle,,,sponsor|drawdown,2,0.5,,,,,0.15,,309,0.023322922839506172,0.873938,,,,
GPCR,Structure Therapeutics Inc.,43,,B,high_opt+no_catalyst_data,B,high_opt+no_catalyst_data,,0.871105,,,0.734496,1,0.734496,,0,no_upcoming,,neutral,drawdown_data_missing,S,runway_short,,,v1.3.0,e094cbec,1,,early|none|pos,0.023322922839506172,,-1.305798,,1,-0.928766,0.252289,,0,neutral,-0.7036,,0.0,0.0,0.0,,,0,0,0,0,False,False,False,missing,0.0,short,,,1.0,0,0,1.0,0,1.0,0,,,missing,,,series_too_short,,,,series_too_short,,series_too_short,,,,early,mid,SEV2,drug_developer,pit_bundle,,,sponsor|drawdown,2,0.5,,,,,0.15,,308,0.023322922839506172,0.871105,,,,
GLUE,"Monte Rosa Therapeutics, Inc.",44,,B,high_opt+no_catalyst_data,B,high_opt+no_catalyst_data,,0.868272,,,0.73062,1,0.73062,,0,no_upcoming,,neutral,drawdown_data_missing,M,,,,v1.3.0,e094cbec,1,,early|none|pos,0.023322922839506172,,-1.305798,,1,-0.928766,0.252289,,0,neutral,-0.7036,,0.0,0.0,0.0,,,0,0,0,0,False,False,False,missing,0.0,adequate,,,1.0,0,0,1.0,0,1.0,0,,,missing,,,series_too_short,,,,series_too_short,,series_too_short,,,,early,small,NONE,drug_developer,pit_bundle,,,sponsor|drawdown,2,0.5,,,,,0.15,,307,0.023322922839506172,0.868272,,,,
FHTX,Foghorn Therapeutics Inc.,45,,B,high_opt+no_catalyst_data,B,high_opt+no_catalyst_data,,0.865439,,,0.726744,1,0.726744,,0,no_upcoming,,neutral,drawdown_data_missing,M,,,,v1.3.0,e094cbec,1,,early|none|pos,0.023322922839506172,,-1.305798,,1,-0.928766,0.252289,,0,neutral,-0.7036,,0.0,0.0,0.0,,,0,0,0,0,False,False,False,missing,0.0,adequate,,,1.0,0,0,1.0,0,1.0,0,,,missing,,,series_too_short,,,,series_too_short,,series_too_short,,,,early,small,SEV1,drug_developer,pit_bundle,,,sponsor|drawdown,2,0.5,,,,,0.15,,306,0.023322922839506172,0.865439,,,,
ERAS,"Erasca, Inc.",46,,B,high_opt+no_catalyst_data,B,high_opt+no_catalyst_data,,0.862606,,,0.633721,1,0.633721,,0,no_upcoming,,neutral,drawdown_data_missing,S,runway_short,,,v1.3.0,e094cbec,1,,early|none|pos,0.023322922839506172,,-1.084155,1707,1,-0.716246,0.95172,,0,neutral,-0.7036,,0.0,0.0,0.0,,,0,0,0,0,False,False,False,missing,0.0,short,,,1.0,0,0,1.0,0,1.0,0,,,missing,,,series_too_short,,,,series_too_short,,series_too_short,,,,early,mid,SEV2,drug_developer,pit_bundle,,,sponsor|drawdown,2,0.5,,,,,0.2095,,305,0.023322922839506172,0.862606,,,,
DYN,"Dyne Therapeutics, Inc.",47,,B,high_opt+no_catalyst_data,B,high_opt+no_catalyst_data,,0.859773,,,0.718992,1,0.718992,,0,no_upcoming,,neutral,drawdown_data_missing,L,sponsor_confirmed,,,v1.3.0,e094cbec,1,,early|none|pos,0.023322922839506172,,-1.305798,,1,-0.928766,0.252289,7,8,buying,2.2836,,10.085,9.6162,4.15,1,fresh,0,0,0,0,True,False,False,missing,0.0,adequate,,,1.0,0,0,1.0,0,1.0,0,,,missing,,,series_too_short,7,,,series_too_short,,series_too_short,,,,early,mid,NONE,drug_developer,pit_bundle,,,drawdown,1,0.5,,,,,0.15,,304,0.023322922839506172,0.859773,,,,
DRUG,Healthcare,48,,B,high_opt+no_catalyst_data,B,high_opt+no_catalyst_data,,0.856941,,,0.71124,1,0.71124,,0,no_upcoming,,neutral,drawdown_data_missing,M,,,,v1.3.0,e094cbec,1,,early|none|pos,0.023322922839506172,,-1.305798,,1,-0.928766,0.252289,,0,neutral,-0.7036,,0.0,0.0,0.0,,,0,0,0,0,False,False,False,missing,0.0,adequate,,,1.0,0,0,1.0,0,1.0,0,,,missing,,,series_too_short,,,,series_too_short,,series_too_short,,,,early,small,NONE,drug_developer,pit_bundle,,,sponsor|drawdown,2,0.5,,,,,0.15,,303,0.023322922839506172,0.856941,,,,
DNTH,Healthcare,49,,B,high_opt+no_catalyst_data,B,high_opt+no_catalyst_data,,0.854108,,,0.707364,1,0.707364,,0,no_upcoming,,tailwind,,M,momentum_tailwind|runway_short,,,v1.3.0,e094cbec,1,,early|none|pos,0.023322922839506172,,-1.305798,,1,-0.928766,0.252289,,0,neutral,-0.7036,,0.0,0.0,0.0,,,0,0,0,0,False,False,False,missing,0.0,short,,,1.0,0,0,1.0,0,1.0,0,,,missing,0.347811,price_history,,,1.0861,price_history,,-0.160543,,56.5829,-0.149376,-0.011167,early,mid,SEV2,drug_developer,pit_bundle,,,sponsor,1,0.5,,,,,0.15,,302,0.023322922839506172,0.854108,,,,
CLYM,Healthcare,50,,B,high_opt+no_catalyst_data,B,high_opt+no_catalyst_data,,0.845609,,,0.703488,1,0.703488,,0,no_upcoming,,neutral,drawdown_data_missing,S,runway_short,,,v1.3.0,e094cbec,1,,early|none|pos,0.023322922839506172,,-1.305798,,1,-0.928766,0.252289,,0,neutral,-0.7036,,0.0,0.0,0.0,,,0,0,0,0,False,False,False,missing,0.0,short,,,1.0,0,0,1.0,0,1.0,0,,,missing,,,series_too_short,,,,series_too_short,,series_too_short,,,,early,small,SEV2,drug_developer,pit_bundle,,,sponsor|drawdown,2,0.5,,,,,0.15,,299,0.023322922839506172,0.845609,,,,
CGEM,"Cullinan Therapeutics, Inc.",51,,B,high_opt+no_catalyst_data,B,high_opt+no_catalyst_data,,0.842776,,,0.618217,1,0.618217,,0,no_upcoming,,neutral,drawdown_data_missing,S,runway_short,,,v1.3.0,e094cbec,1,,early|none|pos,0.023322922839506172,,-1.084155,1798,1,-0.716246,0.95172,,0,neutral,-0.7036,,0.0,0.0,0.0,,,0,0,0,0,False,False,False,missing,0.0,short,,,1.0,0,0,1.0,0,1.0,0,,,missing,,,series_too_short,,,,series_too_short,,series_too_short,,,,early,small,SEV2,drug_developer,pit_bundle,,,sponsor|drawdown,2,0.5,,,,,0.2095,,298,0.023322922839506172,0.842776,,,,
CCCC,"C4 Therapeutics, Inc.",52,,B,high_opt+no_catalyst_data,B,high_opt+no_catalyst_data,,0.839943,,,0.614341,1,0.614341,,0,no_upcoming,,neutral,drawdown_data_missing,S,runway_short,,,v1.3.0,e094cbec,1,,early|none|pos,0.023322922839506172,,-1.084155,1767,1,-0.716246,0.95172,,0,neutral,-0.7036,,0.0,0.0,0.0,,,0,0,0,0,False,False,False,missing,0.0,short,,,1.0,0,0,1.0,0,1.0,0,,,missing,,,series_too_short,,,,series_too_short,,series_too_short,,,,early,micro,SEV2,drug_developer,pit_bundle,,,sponsor|drawdown,2,0.5,,,,,0.2095,,297,0.023322922839506172,0.839943,,,,
CABA,"Cabaletta Bio, Inc.",53,,B,high_opt+no_catalyst_data,B,high_opt+no_catalyst_data,,0.83711,,,0.610465,1,0.610465,,0,no_upcoming,,headwind,,S,sponsor_confirmed|momentum_headwind|runway_short,,,v1.3.0,e094cbec,1,,early|none|pos,0.023322922839506172,,-1.084155,2864,1,-0.716246,0.95172,5,6,neutral,1.4301,,4.526,4.151,0.86,1,fresh,0,0,0,0,True,False,False,missing,0.0,short,,,1.0,0,0,1.0,0,1.0,0,,,missing,-0.349332,price_history,,5,0.7101,price_history,,-0.337599,,36.1693,-0.149376,-0.188223,early,small,SEV2,drug_developer,pit_bundle,,,,0,0.5,,,,,0.2095,,296,0.023322922839506172,0.83711,,,,
BEAM,Beam Therapeutics Inc.,54,,B,high_opt+no_catalyst_data,B,high_opt+no_catalyst_data,,0.834278,,,0.699612,1,0.699612,,0,no_upcoming,,tailwind,high_beta,L,sponsor_confirmed|momentum_tailwind|high_risk,,,v1.3.0,e094cbec,1,,early|none|pos,0.023322922839506172,,-1.305798,,1,-0.928766,0.252289,2,2,selling,0.1499,,1.9637,1.9637,1.5,45,fresh,0,0,0,0,True,False,False,missing,0.0,adequate,,,1.0,0,0,1.0,0,1.0,0,,,missing,0.571475,price_history,,2,1.8777,price_history,,-0.261863,,40.8318,-0.149376,-0.112487,early,mid,SEV1,drug_developer,pit_bundle,,,,0,0.5,,,,,0.15,,295,0.023322922839506172,0.834278,,,,
BCAX,Bicara Therapeutics Inc.,55,,B,high_opt+no_catalyst_data,B,high_opt+no_catalyst_data,,0.831445,,,0.606589,1,0.606589,,0,no_upcoming,,neutral,drawdown_data_missing,M,,,,v1.3.0,e094cbec,1,,early|none|pos,0.023322922839506172,,-1.084155,2132,1,-0.716246,0.95172,,0,neutral,-0.7036,,0.0,0.0,0.0,,,0,0,0,0,False,False,False,missing,0.0,adequate,,,1.0,0,0,1.0,0,1.0,0,,,missing,,,series_too_short,,,,series_too_short,,series_too_short,,,,early,small,NONE,drug_developer,pit_bundle,,,sponsor|drawdown,2,0.5,,,,,0.2095,,294,0.023322922839506172,0.831445,,,,
BBOT,BridgeBio Oncology Therapeutics,56,,B,high_opt+no_catalyst_data,B,high_opt+no_catalyst_data,,0.828612,,,0.695736,1,0.695736,,0,no_upcoming,,neutral,drawdown_data_missing,M,,,,v1.3.0,e094cbec,1,,early|none|pos,0.023322922839506172,,-1.305798,,1,-0.928766,0.252289,,0,neutral,-0.7036,,0.0,0.0,0.0,,,0,0,0,0,False,False,False,missing,0.0,adequate,,,1.0,0,0,1.0,0,1.0,0,,,missing,,,series_too_short,,,,series_too_short,,series_too_short,,,,early,small,NONE,drug_developer,pit_bundle,,,sponsor|drawdown,2,0.5,,,,,0.15,,293,0.023322922839506172,0.828612,,,,
AVBP,"ArriVent BioPharma, Inc.",57,,B,high_opt+no_catalyst_data,B,high_opt+no_catalyst_data,,0.825779,,,0.69186,1,0.69186,,0,no_upcoming,,neutral,drawdown_data_missing,S,runway_short,,,v1.3.0,e094cbec,1,,early|none|pos,0.023322922839506172,,-1.305798,,1,-0.928766,0.252289,,0,neutral,-0.7036,,0.0,0.0,0.0,,,0,0,0,0,False,False,False,missing,0.0,short,,,1.0,0,0,1.0,0,1.0,0,,,missing,,,series_too_short,,,,series_too_short,,series_too_short,,,,early,small,SEV2,drug_developer,pit_bundle,,,sponsor|drawdown,2,0.5,,,,,0.15,,292,0.023322922839506172,0.825779,,,,
APGE,"Apogee Therapeutics, Inc.",58,,B,high_opt+no_catalyst_data,B,high_opt+no_catalyst_data,,0.822946,,,0.684109,1,0.684109,,0,no_upcoming,,neutral,drawdown_data_missing,S,runway_short,,,v1.3.0,e094cbec,1,,early|none|pos,0.023322922839506172,,-1.305798,,1,-0.928766,0.252289,,0,neutral,-0.7036,,0.0,0.0,0.0,,,0,0,0,0,False,False,False,missing,0.0,short,,,1.0,0,0,1.0,0,1.0,0,,,missing,,,series_too_short,,,,series_too_short,,series_too_short,,,,early,mid,SEV2,drug_developer,pit_bundle,,,sponsor|drawdown,2,0.5,,,,,0.15,,291,0.023322922839506172,0.822946,,,,
ANRO,"Alto Neuroscience, Inc.",59,,B,high_opt+no_catalyst_data,B,high_opt+no_catalyst_data,,0.820113,,,0.680233,1,0.680233,,0,no_upcoming,,neutral,drawdown_data_missing,M,,,,v1.3.0,e094cbec,1,,early|none|pos,0.023322922839506172,,-1.305798,,1,-0.928766,0.252289,,0,neutral,-0.7036,,0.0,0.0,0.0,,,0,0,0,0,False,False,False,missing,0.0,adequate,,,1.0,0,0,1.0,0,1.0,0,,,missing,,,series_too_short,,,,series_too_short,,series_too_short,,,,early,small,NONE,drug_developer,pit_bundle,,,sponsor|drawdown,2,0.5,,,,,0.15,,290,0.023322922839506172,0.820113,,,,
ACRV,Healthcare,60,,B,high_opt+no_catalyst_data,B,high_opt+no_catalyst_data,,0.81728,,,0.672481,1,0.672481,,0,no_upcoming,,neutral,drawdown_data_missing,S,runway_short,,,v1.3.0,e094cbec,1,,early|none|pos,0.023322922839506172,,-1.305798,,1,-0.928766,0.252289,,0,neutral,-0.7036,,0.0,0.0,0.0,,,0,0,0,0,False,False,False,missing,0.0,short,,,1.0,0,0,1.0,0,1.0,0,,,missing,,,series_too_short,,,,series_too_short,,series_too_short,,,,early,micro,SEV2,drug_developer,pit_bundle,,,sponsor|drawdown,2,0.5,,,,,0.15,,289,0.023322922839506172,0.81728,,,,
AARD,"Aardvark Therapeutics, Inc.",61,,B,high_opt+no_catalyst_data,B,high_opt+no_catalyst_data,,0.814448,,,0.664729,1,0.664729,,0,no_upcoming,,neutral,drawdown_data_missing,M,,,,v1.3.0,e094cbec,1,,early|none|pos,0.023322922839506172,,-1.305798,,1,-0.928766,0.252289,,0,neutral,-0.7036,,0.0,0.0,0.0,,,0,0,0,0,False,False,False,missing,0.0,adequate,,,1.0,0,0,1.0,0,1.0,0,,,missing,,,series_too_short,,,,series_too_short,,series_too_short,,,,early,small,SEV1,drug_developer,pit_bundle,,,sponsor|drawdown,2,0.5,,,,,0.15,,288,0.023322922839506172,0.814448,,,,
_XBI_BENCHMARK_,,62,,B,high_opt+no_catalyst_data,B,high_opt+no_catalyst_data,,0.803116,,,0.998062,1,0.998062,,0,no_upcoming,,neutral,drawdown_data_missing,M,,,,v1.3.0,e094cbec,1,,early|none|nonpos,0.06969944897959185,,,,,-1.464533,-1.510982,,0,neutral,-0.7036,,0.0,0.0,0.0,,,0,0,0,0,False,False,False,missing,0.0,adequate,,,1.0,0,0,1.0,0,1.0,0,,,missing,,,no_price_series,,,,no_price_series,,no_price_series,,,,early,,NONE,drug_developer,pit_bundle,,,sponsor|drawdown,2,0.5,,,,,0.0,,284,0.06969944897959185,0.803116,,,,
XERS,"Xeris Biopharma Holdings, Inc.",63,,B,high_opt+no_catalyst_data,B,high_opt+no_catalyst_data,,0.800283,,,0.994186,1,0.994186,,0,no_upcoming,,neutral,drawdown_data_missing,M,,,,v1.3.0,e094cbec,1,,early|none|nonpos,0.06969944897959185,,,,,-1.464533,-1.510982,,0,neutral,-0.7036,,0.0,0.0,0.0,,,0,0,0,0,False,False,False,missing,0.0,adequate,,,1.0,0,0,1.0,0,1.0,0,,,missing,,,series_too_short,,,,series_too_short,,series_too_short,,,,early,small,NONE,drug_developer,pit_bundle,,,sponsor|drawdown,2,0.5,,,,,0.0,,283,0.06969944897959185,0.800283,,,,
TERN,"Terns Pharmaceuticals, Inc.",64,,B,high_opt+no_catalyst_data,B,high_opt+no_catalyst_data,,0.783286,,,0.99031,1,0.99031,,0,no_upcoming,,neutral,drawdown_data_missing,M,,,,v1.3.0,e094cbec,1,,early|none|nonpos,0.06969944897959185,,,,,-1.464533,-1.510982,,0,neutral,-0.7036,,0.0,0.0,0.0,,,0,0,0,0,False,False,False,missing,0.0,adequate,,,1.0,0,0,1.0,0,1.0,0,,,missing,,,series_too_short,,,,series_too_short,,series_too_short,,,,early,mid,NONE,drug_developer,pit_bundle,,,sponsor|drawdown,2,0.5,,,,,0.0,,277,0.06969944897959185,0.783286,,,,
SRZN,"Surrozen, Inc.",65,,B,high_opt+no_catalyst_data,B,high_opt+no_catalyst_data,,0.769122,,,0.986434,1,0.986434,,0,no_upcoming,,neutral,drawdown_data_missing,M,,,,v1.3.0,e094cbec,1,,early|none|nonpos,0.06969944897959185,,,,,-1.464533,-1.510982,,0,neutral,-0.7036,,0.0,0.0,0.0,,,0,0,0,0,False,False,False,missing,0.0,adequate,,,1.0,0,0,1.0,0,1.0,0,,,missing,,,series_too_short,,,,series_too_short,,series_too_short,,,,early,micro,NONE,drug_developer,pit_bundle,,,sponsor|drawdown,2,0.5,,,,,0.0,,272,0.06969944897959185,0.769122,,,,
RXRX,"Recursion Pharmaceuticals, Inc.",66,,B,high_opt+no_catalyst_data,B,high_opt+no_catalyst_data,,0.75779,,,0.982558,1,0.982558,,0,no_upcoming,,neutral,drawdown_data_missing,M,,,,v1.3.0,e094cbec,1,,early|none|nonpos,0.06969944897959185,,,,,-1.464533,-1.510982,,0,neutral,-0.7036,,0.0,0.0,0.0,,,0,0,0,0,False,False,False,missing,0.0,adequate,,,1.0,0,0,1.0,0,1.0,0,,,missing,,,series_too_short,,,,series_too_short,,series_too_short,,,,early,mid,NONE,drug_developer,pit_bundle,,,sponsor|drawdown,2,0.5,,,,,0.0,,268,0.06969944897959185,0.75779,,,,
OCS,Healthcare,67,,B,high_opt+no_catalyst_data,B,high_opt+no_catalyst_data,,0.703966,,,0.978682,1,0.978682,,0,no_upcoming,,neutral,drawdown_data_missing,S,runway_short,,,v1.3.0,e094cbec,1,,early|none|nonpos,0.06969944897959185,,,,,-1.464533,-1.510982,,0,neutral,-0.7036,,0.0,0.0,0.0,,,0,0,0,0,False,False,False,missing,0.0,short,,,1.0,0,0,1.0,0,1.0,0,,,missing,,,series_too_short,,,,series_too_short,,series_too_short,,,,early,small,SEV2,drug_developer,pit_bundle,,,sponsor|drawdown,2,0.5,,,,,0.0,,249,0.06969944897959185,0.703966,,,,
OBIO,"Orchestra BioMed Holdings, Inc.",68,,B,high_opt+no_catalyst_data,B,high_opt+no_catalyst_data,,0.701133,,,0.974806,1,0.974806,,0,no_upcoming,,neutral,,S,runway_short,,,v1.3.0,e094cbec,1,,early|none|nonpos,0.06969944897959185,,,,,-1.464533,-1.510982,,0,neutral,-0.7036,,0.0,0.0,0.0,,,0,0,0,0,False,False,False,missing,0.0,short,,,1.0,0,0,1.0,0,1.0,0,,,missing,0.031126,price_history,,,0.311,price_history,,-0.141079,,42.8894,-0.149376,0.008297,early,micro,SEV2,drug_developer,pit_bundle,,,sponsor,1,0.5,,,,,0.0,,248,0.06969944897959185,0.701133,,,,
NBP,NovaBridge Biosciences,69,,B,high_opt+no_catalyst_data,B,high_opt+no_catalyst_data,,0.695467,,,0.97093,1,0.97093,,0,no_upcoming,,tailwind,,L,momentum_tailwind,,,v1.3.0,e094cbec,1,,early|none|nonpos,0.06969944897959185,,,,,-1.464533,-1.510982,,0,neutral,-0.7036,,0.0,0.0,0.0,,,0,0,0,0,False,False,False,missing,0.0,adequate,,,1.0,0,0,1.0,0,1.0,0,,,missing,0.489495,price_history,,,0.2025,price_history,,-0.074578,,57.8395,-0.149376,0.074798,early,small,NONE,drug_developer,pit_bundle,,,sponsor,1,0.5,,,,,0.0,,246,0.06969944897959185,0.695467,,,,
MRVI,"Maravai LifeSciences Holdings, Inc.",70,,B,high_opt+no_catalyst_data,B,high_opt+no_catalyst_data,,0.689802,,,0.967054,1,0.967054,,0,no_upcoming,,neutral,drawdown_data_missing,M,,,,v1.3.0,e094cbec,1,,early|none|nonpos,0.06969944897959185,,,,,-1.464533,-1.510982,,0,neutral,-0.7036,,0.0,0.0,0.0,,,0,0,0,0,False,False,False,missing,0.0,adequate,,,1.0,0,0,1.0,0,1.0,0,,,missing,,,series_too_short,,,,series_too_short,,series_too_short,,,,early,small,NONE,drug_developer,pit_bundle,,,sponsor|drawdown,2,0.5,,,,,0.0,,244,0.06969944897959185,0.689802,,,,
MENS,Jyong Biotech Ltd.,71,,B,high_opt+no_catalyst_data,B,high_opt+no_catalyst_data,,0.67847,,,0.955426,1,0.955426,,0,no_upcoming,,neutral,drawdown_data_missing,M,,,,v1.3.0,e094cbec,1,,early|none|nonpos,0.06969944897959185,,,,,-1.464533,-1.510982,,0,neutral,-0.7036,,0.0,0.0,0.0,,,0,0,0,0,False,False,False,missing,0.0,adequate,,,1.0,0,0,1.0,0,1.0,0,,,missing,,,series_too_short,,,,series_too_short,,series_too_short,,,,early,micro,SEV1,drug_developer,pit_bundle,,,sponsor|drawdown,2,0.5,,,,,0.0,,240,0.06969944897959185,0.67847,,,,
LGND,Ligand Pharmaceuticals Incorporated,72,,B,high_opt+no_catalyst_data,B,high_opt+no_catalyst_data,,0.669972,,,0.95155,1,0.95155,,0,no_upcoming,,tailwind,,L,momentum_tailwind,,,v1.3.0,e094cbec,1,,early|none|nonpos,0.06969944897959185,,,,,-1.464533,-1.510982,1,4,selling,-0.2768,,1.6212,0.7812,0.13,45,fresh,0,0,0,0,True,False,False,missing,0.0,adequate,,,1.0,0,0,1.0,0,1.0,0,,,missing,0.652578,price_history,,1,0.9268,price_history,,-0.313256,,45.9994,-0.149376,-0.16388,early,mid,NONE,drug_developer,pit_bundle,,,,0,0.5,,,,,0.0,,237,0.06969944897959185,0.669972,,,,
GBIO,Healthcare,73,,B,high_opt+no_catalyst_data,B,high_opt+no_catalyst_data,,0.635977,,,0.943798,1,0.943798,,0,no_upcoming,,headwind,,M,sponsor_confirmed|momentum_headwind,,,v1.3.0,e094cbec,1,,early|none|nonpos,0.06969944897959185,,,,,-1.464533,-1.510982,3,3,buying,0.5766,,4.3847,4.3847,2.23,1,fresh,0,0,0,0,True,False,False,missing,0.0,adequate,,,1.0,0,0,1.0,0,1.0,0,,,missing,-0.46539,price_history,,3,1.686,price_history,,-0.323387,,53.8574,-0.149376,-0.174011,early,micro,NONE,drug_developer,pit_bundle,,,,0,0.5,,,,,0.0,,225,0.06969944897959185,0.635977,,,,
FGEN,"FibroGen, Inc.",74,,B,high_opt+no_catalyst_data,B,high_opt+no_catalyst_data,,0.627479,,,0.939922,1,0.939922,,0,no_upcoming,,tailwind,,L,momentum_tailwind,,,v1.3.0,e094cbec,1,,early|none|nonpos,0.06969944897959185,,,,,-1.464533,-1.510982,,0,neutral,-0.7036,,0.0,0.0,0.0,,,0,0,0,0,False,False,False,missing,0.0,adequate,,,1.0,0,0,1.0,0,1.0,0,,,missing,0.126207,price_history,,,0.7549,price_history,,-0.102118,,50.1576,-0.149376,0.047258,early,micro,NONE,drug_developer,pit_bundle,,,sponsor,1,0.5,,,,,0.0,,222,0.06969944897959185,0.627479,,,,
ENGN,Healthcare,75,,B,high_opt+no_catalyst_data,B,high_opt+no_catalyst_data,,0.616147,,,0.936047,1,0.936047,,0,no_upcoming,,neutral,drawdown_data_missing,S,runway_short,,,v1.3.0,e094cbec,1,,early|none|nonpos,0.06969944897959185,,,,,-1.464533,-1.510982,,0,neutral,-0.7036,,0.0,0.0,0.0,,,0,0,0,0,False,False,False,missing,0.0,short,,,1.0,0,0,1.0,0,1.0,0,,,missing,,,series_too_short,,,,series_too_short,,series_too_short,,,,early,small,SEV2,drug_developer,pit_bundle,,,sponsor|drawdown,2,0.5,,,,,0.0,,218,0.06969944897959185,0.616147,,,,
CDXS,"Codexis, Inc.",76,,B,high_opt+no_catalyst_data,B,high_opt+no_catalyst_data,,0.587819,,,0.932171,1,0.932171,,0,no_upcoming,,neutral,,M,sponsor_confirmed|runway_short,,,v1.3.0,e094cbec,1,,early|none|nonpos,0.06969944897959185,,,,,-1.464533,-1.510982,2,3,selling,0.1499,,3.8792,3.598,3.21,45,fresh,0,0,0,0,True,False,False,missing,0.0,short,,,1.0,0,0,1.0,0,1.0,0,,,missing,0.02937,price_history,,2,1.4628,price_history,,-0.232292,,40.4489,-0.149376,-0.082916,early,micro,SEV2,drug_developer,pit_bundle,,,,0,0.5,,,,,0.0,,208,0.06969944897959185,0.587819,,,,
BLUE,"bluebird bio, Inc.",77,,B,high_opt+no_catalyst_data,B,high_opt+no_catalyst_data,,0.576487,,,0.928295,1,0.928295,,0,no_upcoming,,neutral,drawdown_data_missing,M,,,,v1.3.0,e094cbec,1,,early|none|nonpos,0.06969944897959185,,,,,-1.464533,-1.510982,,0,neutral,-0.7036,,0.0,0.0,0.0,,,0,0,0,0,False,False,False,missing,0.0,adequate,,,1.0,0,0,1.0,0,1.0,0,,,missing,,,no_price_series,,,,no_price_series,,no_price_series,,,,early,,NONE,drug_developer,pit_bundle,,,sponsor|drawdown,2,0.5,,,,,0.0,,204,0.06969944897959185,0.576487,,,,
ATAI,AtaiBeckley Inc.,78,,B,high_opt+no_catalyst_data,B,high_opt+no_catalyst_data,,0.556657,,,0.920543,1,0.920543,,0,no_upcoming,,neutral,drawdown_data_missing,S,runway_short,,,v1.3.0,e094cbec,1,,early|none|nonpos,0.06969944897959185,,,,,-1.464533,-1.510982,,0,neutral,-0.7036,,0.0,0.0,0.0,,,0,0,0,0,False,False,False,missing,0.0,short,,,1.0,0,0,1.0,0,1.0,0,,,missing,,,series_too_short,,,,series_too_short,,series_too_short,,,,early,small,SEV2,drug_developer,pit_bundle,,,sponsor|drawdown,2,0.5,,,,,0.0,,197,0.06969944897959185,0.556657,,,,
ADPT,Adaptive Biotechnologies Corpor,79,,B,high_opt+no_catalyst_data,B,high_opt+no_catalyst_data,,0.536827,,,0.912791,1,0.912791,,0,no_upcoming,,tailwind,,L,sponsor_confirmed|momentum_tailwind,,,v1.3.0,e094cbec,1,,early|none|nonpos,0.06969944897959185,,,,,-1.464533,-1.510982,4,8,selling,1.0034,,6.6536,4.1261,1.55,1,fresh,0,0,0,0,True,False,False,missing,0.0,adequate,,,1.0,0,0,1.0,0,1.0,0,,,missing,0.068383,price_history,,4,0.9319,price_history,,-0.164895,,42.8416,-0.149376,-0.015519,early,mid,SEV1,drug_developer,pit_bundle,,,,0,0.5,,,,,0.0,,190,0.06969944897959185,0.536827,,,,
RARE,Ultragenyx Pharmaceutical Inc.,80,,C,low_opt,C,low_opt,,0.417847,,,0.160853,1,0.160853,338,1,specific_days,,neutral,,M,catalyst_far_lift|runway_short,,,v1.3.0,e094cbec,1,,late|far_271_540|pos,0.0961064745762712,,1.080124,0,1,1.358957,0.994241,1,3,neutral,-0.2768,,2.121,1.371,1.2,45,fresh,0,0,0,0,True,False,True,far,0.3,short,,,1.0,0,0,1.0,0,1.0,0,338,,specific_days,0.035591,price_history,,1,1.4091,price_history,,-0.202097,,45.8796,-0.149376,-0.052721,late,mid,SEV2,drug_developer,pit_bundle,CTGOV,CLINICAL_CD,,0,0.5,,,,,0.7905,,148,0.0961064745762712,0.417847,,,,
HRTX,"Heron Therapeutics, Inc.",81,,C,low_opt,C,low_opt,,0.412181,,,0.091085,1,0.091085,641,1,specific_days,,neutral,,L,catalyst_far_lift|sponsor_confirmed,,,v1.3.0,e094cbec,1,,late|far_271_540|pos,0.0961064745762712,,1.080124,0,1,1.358957,0.994241,3,6,buying,0.5766,,5.1473,4.026,7.77,45,fresh,0,0,0,0,True,False,True,far,0.3,adequate,,,1.0,0,0,1.0,0,1.0,0,641,,specific_days,-0.046077,price_history,,3,0.7947,price_history,,-0.183378,,45.937,-0.149376,-0.034002,late,micro,NONE,drug_developer,pit_bundle,CTGOV,CLINICAL_CD,,0,0.5,,,,,0.7905,,146,0.0961064745762712,0.412181,,,,
ZLAB,Zai Lab Limited,82,,C,low_opt+no_catalyst_data,C,low_opt+no_catalyst_data,,0.383853,,,0.203488,1,0.203488,,0,no_upcoming,,tailwind,,L,sponsor_confirmed|momentum_tailwind,,,v1.3.0,e094cbec,1,,late|none|pos,0.1,,1.080124,0,1,1.358957,0.994241,4,6,selling,1.0034,,4.7346,3.8908,1.74,45,fresh,0,0,0,0,True,False,False,missing,0.0,adequate,,,1.0,0,0,1.0,0,1.0,0,,,missing,0.217445,price_history,,4,1.0157,price_history,,-0.230504,,35.503,-0.149376,-0.081128,late,mid,NONE,drug_developer,pit_bundle,,,,0,0.5,,,,,0.7905,,136,0.1,0.383853,,,,
XENE,Xenon Pharmaceuticals Inc.,83,,C,low_opt+no_catalyst_data,C,low_opt+no_catalyst_data,,0.38102,,,0.199612,1,0.199612,,0,no_upcoming,,tailwind,,L,sponsor_confirmed|momentum_tailwind|runway_short,,,v1.3.0,e094cbec,1,,late|none|pos,0.1,,1.080124,0,1,1.358957,0.994241,6,9,selling,1.8569,,4.6474,3.8074,1.04,44,fresh,0,0,0,0,True,False,False,missing,0.0,short,,,1.0,0,0,1.0,0,1.0,0,,,missing,0.476114,price_history,,6,0.8445,price_history,,0.0,,68.2519,-0.149376,0.149376,late,mid,SEV2,drug_developer,pit_bundle,,,,0,0.5,,,,,0.7905,,135,0.1,0.38102,,,,
VNDA,Vanda Pharmaceuticals Inc.,84,,C,low_opt+no_catalyst_data,C,low_opt+no_catalyst_data,,0.375354,,,0.195736,1,0.195736,,0,no_upcoming,,tailwind,,L,sponsor_confirmed|momentum_tailwind|runway_short,,,v1.3.0,e094cbec,1,,late|none|pos,0.1,,1.080124,0,1,1.358957,0.994241,2,5,selling,0.1499,,2.9638,1.9363,2.21,45,fresh,0,0,0,0,True,False,False,missing,0.0,short,,,1.0,0,0,1.0,0,1.0,0,,,missing,0.490692,price_history,,2,0.3268,price_history,,-0.080375,,62.8136,-0.149376,0.069001,late,small,SEV2,drug_developer,pit_bundle,,,,0,0.5,,,,,0.7905,,133,0.1,0.375354,,,,
VCEL,Vericel Corporation,85,,C,low_opt+no_catalyst_data,C,low_opt+no_catalyst_data,,0.366856,,,0.19186,1,0.19186,,0,no_upcoming,,tailwind,,L,sponsor_confirmed|momentum_tailwind,,,v1.3.0,e094cbec,1,,late|none|pos,0.1,,1.080124,0,1,1.358957,0.994241,3,6,buying,0.5766,,6.6344,5.4219,2.47,1,fresh,0,0,0,0,True,False,False,missing,0.0,adequate,,,1.0,0,0,1.0,0,1.0,0,,,missing,0.771386,price_history,,3,1.0582,price_history,,-0.0607,,58.7164,-0.149376,0.088676,late,small,NONE,drug_developer,pit_bundle,,,,0,0.5,,,,,0.7905,,130,0.1,0.366856,,,,
URGN,UroGen Pharma Ltd.,86,,C,low_opt+no_catalyst_data,C,low_opt+no_catalyst_data,,0.364023,,,0.187984,1,0.187984,,0,no_upcoming,,headwind,deep_drawdown,XS,momentum_headwind|runway_short,,,v1.3.0,e094cbec,1,,late|none|pos,0.1,,1.080124,0,1,1.358957,0.994241,1,2,selling,-0.2768,,0.75,0.4688,0.03,45,fresh,0,0,0,0,True,False,False,missing,0.0,short,,,1.0,0,0,1.0,0,1.0,0,,,missing,-0.170653,price_history,,1,0.7891,price_history,,-0.360094,,32.4772,-0.149376,-0.210718,late,small,SEV2,drug_developer,pit_bundle,,,,0,0.5,,,,,0.7905,,129,0.1,0.364023,,,,
TENX,Healthcare,87,,C,low_opt+no_catalyst_data,C,low_opt+no_catalyst_data,,0.355524,,,0.184109,1,0.184109,,0,no_upcoming,,tailwind,high_vol,M,momentum_tailwind|high_risk,,,v1.3.0,e094cbec,1,,late|none|pos,0.1,,1.080124,0,1,1.358957,0.994241,,0,neutral,-0.7036,,0.0,0.0,0.0,,,0,0,0,0,False,False,False,missing,0.0,adequate,,,1.0,0,0,1.0,0,1.0,0,,,missing,1.118437,price_history,,,-1.1357,price_history,,-0.229391,,43.4372,-0.149376,-0.080015,late,micro,NONE,drug_developer,pit_bundle,,,sponsor,1,0.5,,,,,0.7905,,126,0.1,0.355524,,,,
SMMT,Summit Therapeutics Inc.,88,,C,low_opt+no_catalyst_data,C,low_opt+no_catalyst_data,,0.324363,,,0.172481,1,0.172481,,0,no_upcoming,,tailwind,deep_drawdown,L,momentum_tailwind,,,v1.3.0,e094cbec,1,,late|none|pos,0.1,,1.080124,0,1,1.358957,0.994241,0,1,buying,-0.7036,,0.4625,0.0,0.0,48,fresh,0,0,0,0,True,False,False,missing,0.0,adequate,,,1.0,0,0,1.0,0,1.0,0,,,missing,0.351506,price_history,,0,1.3602,price_history,,-0.394996,,46.7425,-0.149376,-0.24562,late,large,SEV1,drug_developer,pit_bundle,,,,0,0.5,,,,,0.7905,,115,0.1,0.324363,,,,
RYTM,"Rhythm Pharmaceuticals, Inc.",89,,C,low_opt+no_catalyst_data,C,low_opt+no_catalyst_data,,0.318697,,,0.168605,1,0.168605,,0,no_upcoming,,headwind,,S,sponsor_confirmed|momentum_headwind|runway_short,,,v1.3.0,e094cbec,1,,late|none|pos,0.1,,1.080124,0,1,1.358957,0.994241,5,6,selling,1.4301,,5.2424,4.9649,2.04,1,fresh,0,0,0,0,True,False,False,missing,0.0,short,,,1.0,0,0,1.0,0,1.0,0,,,missing,-0.241508,price_history,,5,0.7025,price_history,,-0.343631,,31.8112,-0.149376,-0.194255,late,mid,SEV2,drug_developer,pit_bundle,,,,0,0.5,,,,,0.7905,,113,0.1,0.318697,,,,
RIGL,"Rigel Pharmaceuticals, Inc.",90,,C,low_opt+no_catalyst_data,C,low_opt+no_catalyst_data,,0.315864,,,0.164729,1,0.164729,,0,no_upcoming,,tailwind,,L,momentum_tailwind,,,v1.3.0,e094cbec,1,,late|none|pos,0.1,,1.080124,0,1,1.358957,0.994241,,0,neutral,-0.7036,,0.0,0.0,0.0,,,0,0,0,0,False,False,False,missing,0.0,adequate,,,1.0,0,0,1.0,0,1.0,0,,,missing,0.271872,price_history,,,0.8695,price_history,,-0.158215,,48.5561,-0.149376,-0.008839,late,small,NONE,drug_developer,pit_bundle,,,sponsor,1,0.5,,,,,0.7905,,112,0.1,0.315864,,,,
PVLA,Healthcare,91,,C,low_opt+no_catalyst_data,C,low_opt+no_catalyst_data,,0.3017,,,0.156977,1,0.156977,,0,no_upcoming,,headwind,,S,momentum_headwind,,,v1.3.0,e094cbec,1,,late|none|pos,0.1,,1.080124,0,1,1.358957,0.994241,,0,neutral,-0.7036,,0.0,0.0,0.0,,,0,0,0,0,False,False,False,missing,0.0,adequate,,,1.0,0,0,1.0,0,1.0,0,,,missing,-0.127366,price_history,,,0.5236,price_history,,-0.244444,,46.4204,-0.149376,-0.095068,late,small,NONE,drug_developer,pit_bundle,,,sponsor,1,0.5,,,,,0.7905,,107,0.1,0.3017,,,,
PRTA,Prothena Corporation plc,92,,C,low_opt+no_catalyst_data,C,low_opt+no_catalyst_data,,0.296034,,,0.153101,1,0.153101,,0,no_upcoming,,tailwind,,L,sponsor_confirmed|momentum_tailwind,,,v1.3.0,e094cbec,1,,late|none|pos,0.1,,1.080124,0,1,1.358957,0.994241,6,9,selling,1.8569,,8.747,7.722,6.71,45,fresh,0,0,0,0,True,False,False,missing,0.0,adequate,,,1.0,0,0,1.0,0,1.0,0,,,missing,0.865702,price_history,,6,0.943,price_history,,-0.07,,67.6771,-0.149376,0.079376,late,small,NONE,drug_developer,pit_bundle,,,,0,0.5,,,,,0.7905,,105,0.1,0.296034,,,,
PHAT,"Phathom Pharmaceuticals, Inc.",93,,C,low_opt+no_catalyst_data,C,low_opt+no_catalyst_data,,0.287535,,,0.149225,1,0.149225,,0,no_upcoming,,neutral,,S,runway_short,,,v1.3.0,e094cbec,1,,late|none|pos,0.1,,1.080124,0,1,1.358957,0.994241,1,1,buying,-0.2768,,2.5027,2.5027,2.57,45,fresh,0,0,0,0,True,False,False,missing,0.0,short,,,1.0,0,0,1.0,0,1.0,0,,,missing,-0.035084,price_history,,1,0.5675,price_history,,-0.193223,,53.1252,-0.149376,-0.043847,late,small,SEV2,drug_developer,pit_bundle,,,,0,0.5,,,,,0.7905,,102,0.1,0.287535,,,,
PBYI,Puma Biotechnology Inc,94,,C,low_opt+no_catalyst_data,C,low_opt+no_catalyst_data,,0.284703,,,0.145349,1,0.145349,,0,no_upcoming,,headwind,,S,momentum_headwind,,,v1.3.0,e094cbec,1,,late|none|pos,0.1,,1.080124,0,1,1.358957,0.994241,,0,neutral,-0.7036,,0.0,0.0,0.0,,,0,0,0,0,False,False,False,missing,0.0,adequate,,,1.0,0,0,1.0,0,1.0,0,,,missing,-0.242588,price_history,,,1.1377,price_history,,-0.269259,,35.6218,-0.149376,-0.119883,late,small,NONE,drug_developer,pit_bundle,,,sponsor,1,0.5,,,,,0.7905,,101,0.1,0.284703,,,,
OCUL,"Ocular Therapeutix, Inc.",95,,C,low_opt+no_catalyst_data,C,low_opt+no_catalyst_data,,0.273371,,,0.137597,1,0.137597,,0,no_upcoming,,neutral,,L,sponsor_confirmed,,,v1.3.0,e094cbec,1,,late|none|pos,0.1,,1.080124,0,1,1.358957,0.994241,2,4,neutral,0.1499,,4.0202,3.2702,8.91,45,fresh,0,0,0,0,True,False,False,missing,0.0,adequate,,,1.0,0,0,1.0,0,1.0,0,,,missing,-0.026771,price_history,,2,0.665,price_history,,-0.200871,,44.5924,-0.149376,-0.051495,late,mid,NONE,drug_developer,pit_bundle,,,,0,0.5,,,,,0.7905,,97,0.1,0.273371,,,,
MNKD,MannKind Corporation,96,,C,low_opt+no_catalyst_data,C,low_opt+no_catalyst_data,,0.24221,,,0.133721,1,0.133721,,0,no_upcoming,,tailwind,,L,momentum_tailwind,,,v1.3.0,e094cbec,1,,late|none|pos,0.1,,1.080124,0,1,1.358957,0.994241,0,1,selling,-0.7036,,0.2775,0.0,0.0,48,fresh,0,0,0,0,True,False,False,missing,0.0,adequate,,,1.0,0,0,1.0,0,1.0,0,,,missing,0.805952,price_history,,0,0.9797,price_history,,-0.070033,,59.9737,-0.149376,0.079343,late,small,NONE,drug_developer,pit_bundle,,,,0,0.5,,,,,0.7905,,86,0.1,0.24221,,,,
MIRM,"Mirum Pharmaceuticals, Inc.",97,,C,low_opt+no_catalyst_data,C,low_opt+no_catalyst_data,,0.239377,,,0.129845,1,0.129845,,0,no_upcoming,,headwind,,M,sponsor_confirmed|momentum_headwind,,,v1.3.0,e094cbec,1,,late|none|pos,0.1,,1.080124,0,1,1.358957,0.994241,5,6,neutral,1.4301,,5.2565,4.7877,1.62,1,fresh,0,0,0,0,True,False,False,missing,0.0,adequate,,,1.0,0,0,1.0,0,1.0,0,,,missing,-0.260661,price_history,,5,0.3878,price_history,,-0.309515,,40.6358,-0.149376,-0.160139,late,mid,NONE,drug_developer,pit_bundle,,,,0,0.5,,,,,0.7905,,85,0.1,0.239377,,,,
JAZZ,Jazz Pharmaceuticals plc,98,,C,low_opt,C,low_opt,,0.211048,,,0.114341,1,0.114341,62,1,specific_days,,tailwind,,L,sponsor_confirmed|momentum_tailwind,,,v1.3.0,e094cbec,1,,late|near_31_90|pos,0.1,,1.080124,0,1,1.358957,0.994241,2,5,selling,0.1499,,3.0667,1.8669,1.38,45,fresh,0,0,0,0,True,False,True,near,1.0,adequate,,,1.0,0,0,1.0,0,1.0,0,62,,specific_days,0.146398,price_history,,2,0.4254,price_history,,-0.03147,,55.2285,-0.149376,0.117906,late,large,NONE,drug_developer,pit_bundle,CTGOV,CLINICAL_PCD,,0,0.5,,,,,0.7905,,75,0.1,0.211048,,,,
IONS,"Ionis Pharmaceuticals, Inc.",99,,C,low_opt+no_catalyst_data,C,low_opt+no_catalyst_data,,0.205382,,,0.110465,1,0.110465,,0,no_upcoming,,neutral,,M,,,,v1.3.0,e094cbec,1,,late|none|pos,0.1,,1.080124,0,1,1.358957,0.994241,0,4,buying,-0.7036,,1.6837,0.0,0.0,45,fresh,0,0,0,0,True,False,False,missing,0.0,adequate,,,1.0,0,0,1.0,0,1.0,0,,,missing,-0.031894,price_history,,0,0.6128,price_history,,-0.178426,,32.3343,-0.149376,-0.02905,late,large,NONE,drug_developer,pit_bundle,,,,0,0.5,,,,,0.7905,,73,0.1,0.205382,,,,
IMTX,Healthcare,100,,C,low_opt+no_catalyst_data,C,low_opt+no_catalyst_data,,0.194051,,,0.102713,1,0.102713,,0,no_upcoming,,neutral,deep_drawdown,L,sponsor_confirmed,,,v1.3.0,e094cbec,1,,late|none|pos,0.1,,1.080124,0,1,1.358957,0.994241,4,5,buying,1.0034,,3.8178,3.349,0.41,45,fresh,0,0,0,0,True,False,False,missing,0.0,adequate,,,1.0,0,0,1.0,0,1.0,0,,,missing,0.010174,price_history,,4,0.461,price_history,,-0.365294,,45.6775,-0.149376,-0.215918,late,small,NONE,drug_developer,pit_bundle,,,,0,0.5,,,,,0.7905,,69,0.1,0.194051,,,,
GERN,Geron Corporation,101,,C,low_opt+no_catalyst_data,C,low_opt+no_catalyst_data,,0.177054,,,0.083333,1,0.083333,,0,no_upcoming,,headwind,,S,sponsor_confirmed|momentum_headwind|runway_short,,,v1.3.0,e094cbec,1,,late|none|pos,0.1,,1.080124,0,1,1.358957,0.994241,4,8,selling,1.0034,,5.5435,4.3285,2.39,45,fresh,0,0,0,0,True,False,False,missing,0.0,short,,,1.0,0,0,1.0,0,1.0,0,,,missing,-0.156917,price_history,,4,1.0151,price_history,,-0.182648,,44.2975,-0.149376,-0.033272,late,small,SEV2,drug_developer,pit_bundle,,,,0,0.5,,,,,0.7905,,63,0.1,0.177054,,,,
DNA,"Ginkgo Bioworks Holdings, Inc.",102,,C,low_opt,C,low_opt,,0.148725,,,0.075581,1,0.075581,93,1,specific_days,,neutral,drawdown_data_missing,S,runway_short,,,v1.3.0,e094cbec,1,,late|near_91_180|pos,0.1,,1.080124,0,1,1.358957,0.994241,,0,neutral,-0.7036,,0.0,0.0,0.0,,,0,0,0,0,False,False,True,near,1.0,short,,,1.0,0,0,1.0,0,1.0,0,93,,specific_days,,,series_too_short,,,,series_too_short,,series_too_short,,,,late,small,SEV2,drug_developer,pit_bundle,CTGOV,CLINICAL_CD,sponsor|drawdown,2,0.5,,,,,0.7905,,53,0.1,0.148725,,,,
CYTK,"Cytokinetics, Incorporated",103,,C,low_opt+no_catalyst_data,C,low_opt+no_catalyst_data,,0.145892,,,0.071705,1,0.071705,,0,no_upcoming,,tailwind,deep_drawdown,L,sponsor_confirmed|momentum_tailwind|runway_short,,,v1.3.0,e094cbec,1,,late|none|pos,0.1,,1.080124,0,1,1.358957,0.994241,8,10,buying,2.7103,,12.4868,11.7368,5.46,44,fresh,0,0,0,0,True,False,False,missing,0.0,short,,,1.0,0,0,1.0,0,1.0,0,,,missing,0.063013,price_history,,8,0.4613,price_history,,-0.353246,,36.2858,-0.149376,-0.20387,late,mid,SEV2,drug_developer,pit_bundle,,,,0,0.5,,,,,0.7905,,52,0.1,0.145892,,,,
CVAC,CureVac N.V.,104,,C,low_opt+no_catalyst_data,C,low_opt+no_catalyst_data,,0.143059,,,0.067829,1,0.067829,,0,no_upcoming,,headwind,,S,momentum_headwind,,,v1.3.0,e094cbec,1,,late|none|pos,0.1,,1.080124,0,1,1.358957,0.994241,1,2,buying,-0.2768,,3.5938,3.125,4.81,45,fresh,0,0,0,0,True,False,False,missing,0.0,adequate,,,1.0,0,0,1.0,0,1.0,0,,,missing,-0.25535,price_history,,1,1.3518,price_history,,-0.307991,,40.7245,-0.149376,-0.158615,late,small,NONE,drug_developer,pit_bundle,,,,0,0.5,,,,,0.7905,,51,0.1,0.143059,,,,
CRMD,CorMedix Inc.,105,,C,low_opt+no_catalyst_data,C,low_opt+no_catalyst_data,,0.134561,,,0.060078,1,0.060078,,0,no_upcoming,,tailwind,,L,momentum_tailwind,,,v1.3.0,e094cbec,1,,late|none|pos,0.1,,1.080124,0,1,1.358957,0.994241,0,1,buying,-0.7036,,0.4688,0.0,0.0,45,fresh,0,0,0,0,True,False,False,missing,0.0,adequate,,,1.0,0,0,1.0,0,1.0,0,,,missing,0.610121,price_history,,0,0.5029,price_history,,-0.146758,,58.4448,-0.149376,0.002618,late,small,NONE,drug_developer,pit_bundle,,,,0,0.5,,,,,0.7905,,48,0.1,0.134561,,,,
CHRS,"Coherus Oncology, Inc.",106,,C,low_opt+no_catalyst_data,C,low_opt+no_catalyst_data,,0.117564,,,0.052326,1,0.052326,,0,no_upcoming,,headwind,,S,sponsor_confirmed|momentum_headwind|runway_short,,,v1.3.0,e094cbec,1,,late|none|pos,0.1,,1.080124,0,1,1.358957,0.994241,4,6,selling,1.0034,,4.5651,4.0064,1.83,45,fresh,0,0,0,0,True,False,False,missing,0.0,short,,,1.0,0,0,1.0,0,1.0,0,,,missing,-0.201036,price_history,,4,0.7184,price_history,,-0.240767,,41.709,-0.149376,-0.091391,late,micro,SEV2,drug_developer,pit_bundle,,,,0,0.5,,,,,0.7905,,42,0.1,0.117564,,,,
CADL,"Candel Therapeutics, Inc.",107,,C,low_opt+no_catalyst_data,C,low_opt+no_catalyst_data,,0.103399,,,0.040698,1,0.040698,,0,no_upcoming,,neutral,drawdown_data_missing,M,,,,v1.3.0,e094cbec,1,,late|none|pos,0.1,,1.080124,0,1,1.358957,0.994241,,0,neutral,-0.7036,,0.0,0.0,0.0,,,0,0,0,0,False,False,False,missing,0.0,adequate,,,1.0,0,0,1.0,0,1.0,0,,,missing,,,series_too_short,,,,series_too_short,,series_too_short,,,,late,small,NONE,drug_developer,pit_bundle,,,sponsor|drawdown,2,0.5,,,,,0.7905,,37,0.1,0.103399,,,,
BBIO,"BridgeBio Pharma, Inc.",108,,C,low_opt+no_catalyst_data,C,low_opt+no_catalyst_data,,0.086402,,,0.02907,1,0.02907,,0,no_upcoming,,tailwind,,L,momentum_tailwind,,,v1.3.0,e094cbec,1,,late|none|pos,0.1,,1.080124,0,1,1.358957,0.994241,1,2,buying,-0.2768,,4.0409,2.26,3.27,45,fresh,0,0,0,0,True,False,False,missing,0.0,adequate,,,1.0,0,0,1.0,0,1.0,0,,,missing,0.305709,price_history,,1,0.8995,price_history,,-0.023082,,59.4173,-0.149376,0.126294,late,large,NONE,drug_developer,pit_bundle,,,,0,0.5,,,,,0.7905,,31,0.1,0.086402,,,,
AVXL,Anavex Life Sciences Corp.,109,,C,low_opt+no_catalyst_data,C,low_opt+no_catalyst_data,,0.077904,,,0.025194,1,0.025194,,0,no_upcoming,,tailwind,high_vol,M,momentum_tailwind|high_risk,,,v1.3.0,e094cbec,1,,late|none|pos,0.1,,1.080124,0,1,1.358957,0.994241,,0,neutral,-0.7036,,0.0,0.0,0.0,,,0,0,0,0,False,False,False,missing,0.0,adequate,,,1.0,0,0,1.0,0,1.0,0,,,missing,1.35114,price_history,,,0.815,price_history,,-0.131421,,62.6387,-0.149376,0.017955,late,small,NONE,drug_developer,pit_bundle,,,sponsor,1,0.5,,,,,0.7905,,28,0.1,0.077904,,,,
AUPH,Aurinia Pharmaceuticals Inc,110,,C,low_opt+no_catalyst_data,C,low_opt+no_catalyst_data,,0.072238,,,0.021318,1,0.021318,,0,no_upcoming,,headwind,,M,sponsor_confirmed|momentum_headwind,,,v1.3.0,e094cbec,1,,late|none|pos,0.1,,1.080124,0,1,1.358957,0.994241,7,10,buying,2.2836,,11.9573,10.7423,3.29,45,fresh,0,0,0,0,True,False,False,missing,0.0,adequate,,,1.0,0,0,1.0,0,1.0,0,,,missing,-0.16566,price_history,,7,0.7712,price_history,,-0.255715,,38.7569,-0.149376,-0.106339,late,small,NONE,drug_developer,pit_bundle,,,,0,0.5,,,,,0.7905,,26,0.1,0.072238,,,,
ARDX,"Ardelyx, Inc.",111,,C,low_opt+no_catalyst_data,C,low_opt+no_catalyst_data,,0.063739,,,0.017442,1,0.017442,,0,no_upcoming,,headwind,,S,sponsor_confirmed|momentum_headwind|runway_short,,,v1.3.0,e094cbec,1,,late|none|pos,0.1,,1.080124,0,1,1.358957,0.994241,4,7,selling,1.0034,,3.5249,2.6849,0.68,1,fresh,0,0,0,0,True,False,False,missing,0.0,short,,,1.0,0,0,1.0,0,1.0,0,,,missing,-0.063533,price_history,,4,0.7768,price_history,,-0.204686,,33.1506,-0.149376,-0.05531,late,small,SEV2,drug_developer,pit_bundle,,,,0,0.5,,,,,0.7905,,23,0.1,0.063739,,,,
ANNX,"Annexon, Inc.",112,,C,low_opt+no_catalyst_data,C,low_opt+no_catalyst_data,,0.055241,,,0.013566,1,0.013566,,0,no_upcoming,,tailwind,,L,sponsor_confirmed|momentum_tailwind|runway_short,,,v1.3.0,e094cbec,1,,late|none|pos,0.1,,1.080124,0,1,1.358957,0.994241,8,8,buying,2.7103,,12.3849,12.3849,9.13,1,fresh,0,0,0,0,True,False,False,missing,0.0,short,,,1.0,0,0,1.0,0,1.0,0,,,missing,0.132203,price_history,,8,0.6287,price_history,,-0.118947,,55.2325,-0.149376,0.030429,late,small,SEV2,drug_developer,pit_bundle,,,,0,0.5,,,,,0.7905,,20,0.1,0.055241,,,,
ABEO,Healthcare,113,,C,low_opt+no_catalyst_data,C,low_opt+no_catalyst_data,,0.004249,,,0.001938,1,0.001938,,0,no_upcoming,,tailwind,,L,momentum_tailwind,,,v1.3.0,e094cbec,1,,late|none|pos,0.1,,1.080124,0,1,1.358957,0.994241,,0,neutral,-0.7036,,0.0,0.0,0.0,,,0,0,0,0,False,False,False,missing,0.0,adequate,,,1.0,0,0,1.0,0,1.0,0,,,missing,0.314443,price_history,,,1.5954,price_history,,-0.292398,,50.6992,-0.149376,-0.143022,late,micro,SEV1,drug_developer,pit_bundle,,,sponsor,1,0.5,,,,,0.7905,,2,0.1,0.004249,,,,
IOVA,"Iovance Biotherapeutics, Inc.",114,,C,low_opt,C,low_opt,,0.805949,,,0.26938,1,0.26938,276,1,specific_days,,headwind,,M,catalyst_far_lift|sponsor_confirmed|momentum_headwind|runway_short,,,v1.3.0,e094cbec,1,,mid|far_271_540|pos,0.05133853608247423,,0.649876,0,1,0.946417,0.403483,6,9,buying,1.8569,,14.6748,13.1616,11.48,45,fresh,0,0,0,0,True,False,True,far,0.3,short,,,1.0,0,0,1.0,0,1.0,0,276,,specific_days,-0.175486,price_history,,6,1.2147,price_history,,-0.29074,,29.9249,-0.149376,-0.141364,mid,small,SEV2,drug_developer,pit_bundle,CTGOV,CLINICAL_PCD,,0,0.5,,,,,0.675,,285,0.05133853608247423,0.805949,,,,
VKTX,Healthcare,115,,C,mod_opt+no_catalyst_data,C,mod_opt+no_catalyst_data,,0.522663,,,0.331395,1,0.331395,,0,no_upcoming,,headwind,,S,sponsor_confirmed|momentum_headwind|runway_short,,,v1.3.0,e094cbec,1,,mid|none|pos,0.08701244092219021,,0.649876,0,1,0.946417,0.403483,2,5,selling,0.1499,,2.4278,1.4028,0.05,1,fresh,0,0,0,0,True,False,False,missing,0.0,short,,,1.0,0,0,1.0,0,1.0,0,,,missing,-0.078259,price_history,,2,1.1248,price_history,,-0.302999,,38.3638,-0.149376,-0.153623,mid,mid,SEV2,drug_developer,pit_bundle,,,,0,0.5,,,,,0.675,,185,0.08701244092219021,0.522663,,,,
SGMT,Sagimet Biosciences Inc. - Seri,116,,C,mod_opt+no_catalyst_data,C,mod_opt+no_catalyst_data,,0.514164,,,0.319767,1,0.319767,,0,no_upcoming,,neutral,drawdown_data_missing,S,runway_short,,,v1.3.0,e094cbec,1,,mid|none|pos,0.08701244092219021,,0.649876,0,1,0.946417,0.403483,,0,neutral,-0.7036,,0.0,0.0,0.0,,,0,0,0,0,False,False,False,missing,0.0,short,,,1.0,0,0,1.0,0,1.0,0,,,missing,,,series_too_short,,,,series_too_short,,series_too_short,,,,mid,micro,SEV2,drug_developer,pit_bundle,,,sponsor|drawdown,2,0.5,,,,,0.675,,182,0.08701244092219021,0.514164,,,,
SABS,Healthcare,117,,C,mod_opt+no_catalyst_data,C,mod_opt+no_catalyst_data,,0.508499,,,0.312016,1,0.312016,,0,no_upcoming,,neutral,drawdown_data_missing,M,,,,v1.3.0,e094cbec,1,,mid|none|pos,0.08701244092219021,,0.649876,0,1,0.946417,0.403483,,0,neutral,-0.7036,,0.0,0.0,0.0,,,0,0,0,0,False,False,False,missing,0.0,adequate,,,1.0,0,0,1.0,0,1.0,0,,,missing,,,series_too_short,,,,series_too_short,,series_too_short,,,,mid,micro,SEV1,drug_developer,pit_bundle,,,sponsor|drawdown,2,0.5,,,,,0.675,,180,0.08701244092219021,0.508499,,,,
ARQT,"Arcutis Biotherapeutics, Inc.",118,,C,low_opt+no_catalyst_data,C,low_opt+no_catalyst_data,,0.069405,,,0.207364,1,0.207364,,0,no_upcoming,,tailwind,,L,sponsor_confirmed|momentum_tailwind,,,v1.3.0,e094cbec,1,,late|none|pos,0.1,,0.763912,25,1,1.055759,0.560062,3,4,buying,0.5766,,5.5965,5.1277,10.87,45,fresh,0,0,0,0,True,False,False,missing,0.0,adequate,,,1.0,0,0,1.0,0,1.0,0,,,missing,0.137645,price_history,,3,1.0878,price_history,,-0.075987,,54.0957,-0.149376,0.073389,late,mid,SEV1,drug_developer,pit_bundle,,,,0,0.5,,,,,0.705613,,25,0.1,0.069405,,,,
ROIV,Roivant Sciences Ltd.,119,,C,mod_opt+no_catalyst_data,C,mod_opt+no_catalyst_data,,0.505666,,,0.30814,1,0.30814,,0,no_upcoming,,neutral,drawdown_data_missing,M,,,,v1.3.0,e094cbec,1,,mid|none|pos,0.08701244092219021,,0.649876,0,1,0.946417,0.403483,,0,neutral,-0.7036,,0.0,0.0,0.0,,,0,0,0,0,False,False,False,missing,0.0,adequate,,,1.0,0,0,1.0,0,1.0,0,,,missing,,,series_too_short,,,,series_too_short,,series_too_short,,,,mid,large,NONE,drug_developer,pit_bundle,,,sponsor|drawdown,2,0.5,,,,,0.675,,179,0.08701244092219021,0.505666,,,,
RCUS,"Arcus Biosciences, Inc.",120,,C,mod_opt+no_catalyst_data,C,mod_opt+no_catalyst_data,,0.502833,,,0.304264,1,0.304264,,0,no_upcoming,,tailwind,,L,sponsor_confirmed|momentum_tailwind|runway_short,,,v1.3.0,e094cbec,1,,mid|none|pos,0.08701244092219021,,0.649876,0,1,0.946417,0.403483,4,6,selling,1.0034,,5.3635,4.7073,2.21,44,fresh,0,0,0,0,True,False,False,missing,0.0,short,,,1.0,0,0,1.0,0,1.0,0,,,missing,0.157102,price_history,,4,1.2255,price_history,,-0.148103,,51.0144,-0.149376,0.001273,mid,mid,SEV2,drug_developer,pit_bundle,,,,0,0.5,,,,,0.675,,178,0.08701244092219021,0.502833,,,,
PTGX,"Protagonist Therapeutics, Inc.",121,,C,low_opt+no_catalyst_data,C,low_opt+no_catalyst_data,,0.497167,,,0.292636,1,0.292636,,0,no_upcoming,,headwind,,S,sponsor_confirmed|momentum_headwind|runway_short,,,v1.3.0,e094cbec,1,,mid|none|pos,0.08701244092219021,,0.649876,0,1,0.946417,0.403483,4,6,buying,1.0034,,5.6733,5.1145,1.6,1,fresh,0,0,0,0,True,False,False,missing,0.0,short,,,1.0,0,0,1.0,0,1.0,0,,,missing,-0.113168,price_history,,4,0.7893,price_history,,-0.127683,,47.4893,-0.149376,0.021693,mid,mid,SEV2,drug_developer,pit_bundle,,,,0,0.5,,,,,0.675,,176,0.08701244092219021,0.497167,,,,
NUVB,Nuvation Bio Inc.,122,,C,low_opt+no_catalyst_data,C,low_opt+no_catalyst_data,,0.494334,,,0.28876,1,0.28876,,0,no_upcoming,,neutral,,S,runway_short,,,v1.3.0,e094cbec,1,,mid|none|pos,0.08701244092219021,,0.649876,0,1,0.946417,0.403483,,0,neutral,-0.7036,,0.0,0.0,0.0,,,0,0,0,0,False,False,False,missing,0.0,short,,,1.0,0,0,1.0,0,1.0,0,,,missing,-0.001108,price_history,,,0.001,price_history,,-0.15,,45.4988,-0.149376,-0.000624,mid,small,SEV2,drug_developer,pit_bundle,,,sponsor,1,0.5,,,,,0.675,,175,0.08701244092219021,0.494334,,,,
LYRA,Healthcare,123,,C,low_opt+no_catalyst_data,C,low_opt+no_catalyst_data,,0.491501,,,0.284884,1,0.284884,,0,no_upcoming,,tailwind,,M,momentum_tailwind|runway_short,,,v1.3.0,e094cbec,1,,mid|none|pos,0.08701244092219021,,0.649876,0,1,0.946417,0.403483,1,1,neutral,-0.2768,,0.625,0.625,0.17,45,fresh,0,0,0,0,True,False,False,missing,0.0,short,,,1.0,0,0,1.0,0,1.0,0,,,missing,0.210227,price_history,,1,-0.0795,price_history,,-0.196121,,67.0178,-0.149376,-0.046745,mid,micro,SEV2,drug_developer,pit_bundle,,,,0,0.5,,,,,0.675,,174,0.08701244092219021,0.491501,,,,
LENZ,"LENZ Therapeutics, Inc.",124,,C,low_opt+no_catalyst_data,C,low_opt+no_catalyst_data,,0.488669,,,0.281008,1,0.281008,,0,no_upcoming,,neutral,drawdown_data_missing,S,runway_short,,,v1.3.0,e094cbec,1,,mid|none|pos,0.08701244092219021,,0.649876,0,1,0.946417,0.403483,,0,neutral,-0.7036,,0.0,0.0,0.0,,,0,0,0,0,False,False,False,missing,0.0,short,,,1.0,0,0,1.0,0,1.0,0,,,missing,,,series_too_short,,,,series_too_short,,series_too_short,,,,mid,small,SEV2,drug_developer,pit_bundle,,,sponsor|drawdown,2,0.5,,,,,0.675,,173,0.08701244092219021,0.488669,,,,
KURA,"Kura Oncology, Inc.",125,,C,low_opt+no_catalyst_data,C,low_opt+no_catalyst_data,,0.483003,,,0.277132,1,0.277132,,0,no_upcoming,,headwind,,S,sponsor_confirmed|momentum_headwind|runway_short,,,v1.3.0,e094cbec,1,,mid|none|pos,0.08701244092219021,,0.649876,0,1,0.946417,0.403483,7,8,buying,2.2836,,13.2217,12.7529,10.07,44,fresh,0,0,0,0,True,False,False,missing,0.0,short,,,1.0,0,0,1.0,0,1.0,0,,,missing,-0.356785,price_history,,7,1.1396,price_history,,-0.327246,,35.3421,-0.149376,-0.17787,mid,small,SEV2,drug_developer,pit_bundle,,,,0,0.5,,,,,0.675,,171,0.08701244092219021,0.483003,,,,
KALV,"KalVista Pharmaceuticals, Inc.",126,,C,low_opt+no_catalyst_data,C,low_opt+no_catalyst_data,,0.48017,,,0.273256,1,0.273256,,0,no_upcoming,,tailwind,high_vol,L,sponsor_confirmed|momentum_tailwind|high_risk,,,v1.3.0,e094cbec,1,,mid|none|pos,0.08701244092219021,,0.649876,0,1,0.946417,0.403483,5,6,neutral,1.4301,,5.1635,4.6947,1.27,44,fresh,0,0,0,0,True,False,False,missing,0.0,adequate,,,1.0,0,0,1.0,0,1.0,0,,,missing,0.768137,price_history,,5,-0.1007,price_history,,-0.22786,,59.5466,-0.149376,-0.078484,mid,small,NONE,drug_developer,pit_bundle,,,,0,0.5,,,,,0.675,,170,0.08701244092219021,0.48017,,,,
EPRX,Eupraxia Pharmaceuticals Inc.,127,,C,low_opt+no_catalyst_data,C,low_opt+no_catalyst_data,,0.466006,,,0.253876,1,0.253876,,0,no_upcoming,,neutral,drawdown_data_missing,M,,,,v1.3.0,e094cbec,1,,mid|none|pos,0.08701244092219021,,0.649876,0,1,0.946417,0.403483,,0,neutral,-0.7036,,0.0,0.0,0.0,,,0,0,0,0,False,False,False,missing,0.0,adequate,,,1.0,0,0,1.0,0,1.0,0,,,missing,,,series_too_short,,,,series_too_short,,series_too_short,,,,mid,small,NONE,drug_developer,pit_bundle,,,sponsor|drawdown,2,0.5,,,,,0.675,,165,0.08701244092219021,0.466006,,,,
ENTA,"Enanta Pharmaceuticals, Inc.",128,,C,low_opt+no_catalyst_data,C,low_opt+no_catalyst_data,,0.463173,,,0.25,1,0.25,,0,no_upcoming,,tailwind,,L,momentum_tailwind,,,v1.3.0,e094cbec,1,,mid|none|pos,0.08701244092219021,,0.649876,0,1,0.946417,0.403483,1,5,buying,-0.2768,,4.3332,2.7444,12.03,23,fresh,0,0,0,0,True,False,False,missing,0.0,adequate,,,1.0,0,0,1.0,0,1.0,0,,,missing,0.129928,price_history,,1,0.5973,price_history,,-0.143453,,45.8822,-0.149376,0.005923,mid,small,NONE,drug_developer,pit_bundle,,,,0,0.5,,,,,0.675,,164,0.08701244092219021,0.463173,,,,
DRMA,"Dermata Therapeutics, Inc.",129,,C,low_opt+no_catalyst_data,C,low_opt+no_catalyst_data,,0.46034,,,0.246124,1,0.246124,,0,no_upcoming,,neutral,drawdown_data_missing,S,runway_short,,,v1.3.0,e094cbec,1,,mid|none|pos,0.08701244092219021,,0.649876,0,1,0.946417,0.403483,,0,neutral,-0.7036,,0.0,0.0,0.0,,,0,0,0,0,False,False,False,missing,0.0,short,,,1.0,0,0,1.0,0,1.0,0,,,missing,,,series_too_short,,,,series_too_short,,series_too_short,,,,mid,micro,SEV2,drug_developer,pit_bundle,,,sponsor|drawdown,2,0.5,,,,,0.675,,163,0.08701244092219021,0.46034,,,,
AVIR,"Atea Pharmaceuticals, Inc.",130,,C,low_opt+no_catalyst_data,C,low_opt+no_catalyst_data,,0.449008,,,0.234496,1,0.234496,,0,no_upcoming,,neutral,drawdown_data_missing,S,runway_short,,,v1.3.0,e094cbec,1,,mid|none|pos,0.08701244092219021,,0.649876,0,1,0.946417,0.403483,,0,neutral,-0.7036,,0.0,0.0,0.0,,,0,0,0,0,False,False,False,missing,0.0,short,,,1.0,0,0,1.0,0,1.0,0,,,missing,,,series_too_short,,,,series_too_short,,series_too_short,,,,mid,small,SEV2,drug_developer,pit_bundle,,,sponsor|drawdown,2,0.5,,,,,0.675,,159,0.08701244092219021,0.449008,,,,
ABVX,Abivax SA,131,,C,low_opt+no_catalyst_data,C,low_opt+no_catalyst_data,,0.432011,,,0.218992,1,0.218992,,0,no_upcoming,,neutral,drawdown_data_missing,M,,,,v1.3.0,e094cbec,1,,mid|none|pos,0.08701244092219021,,0.649876,0,1,0.946417,0.403483,,0,neutral,-0.7036,,0.0,0.0,0.0,,,0,0,0,0,False,False,False,missing,0.0,adequate,,,1.0,0,0,1.0,0,1.0,0,,,missing,,,series_too_short,,,,series_too_short,,series_too_short,,,,mid,mid,NONE,drug_developer,pit_bundle,,,sponsor|drawdown,2,0.5,,,,,0.675,,153,0.08701244092219021,0.432011,,,,
ABUS,Arbutus Biopharma Corporation,132,,C,low_opt+no_catalyst_data,C,low_opt+no_catalyst_data,,0.429178,,,0.215116,1,0.215116,,0,no_upcoming,,headwind,high_beta|deep_drawdown,XS,momentum_headwind|runway_short|high_risk,,,v1.3.0,e094cbec,1,,mid|none|pos,0.08701244092219021,,0.649876,0,1,0.946417,0.403483,1,1,buying,-0.2768,,1.0488,1.0488,0.45,45,fresh,0,0,0,0,True,False,False,missing,0.0,short,,,1.0,0,0,1.0,0,1.0,0,,,missing,-0.389731,price_history,,1,1.9348,price_history,,-0.395161,,43.2741,-0.149376,-0.245785,mid,small,SEV2,drug_developer,pit_bundle,,,,0,0.5,,,,,0.675,,152,0.08701244092219021,0.429178,,,,
RANI,"Rani Therapeutics Holdings, Inc",133,,C,mod_opt+no_catalyst_data,C,mod_opt+no_catalyst_data,,0.743626,,,0.401163,1,0.401163,,0,no_upcoming,,neutral,drawdown_data_missing,M,,,,v1.3.0,e094cbec,1,,early|none|nonpos,0.06969944897959185,,0.219628,0,1,0.533876,-0.187275,,0,neutral,-0.7036,,0.0,0.0,0.0,,,0,0,0,0,False,False,False,missing,0.0,adequate,,,1.0,0,0,1.0,0,1.0,0,,,missing,,,series_too_short,,,,series_too_short,,series_too_short,,,,early,micro,NONE,drug_developer,pit_bundle,,,sponsor|drawdown,2,0.5,,,,,0.5595,,263,0.06969944897959185,0.743626,,,,
PRLD,Healthcare,134,,C,mod_opt+no_catalyst_data,C,mod_opt+no_catalyst_data,,0.729462,,,0.563953,1,0.563953,,0,no_upcoming,,neutral,drawdown_data_missing,M,sponsor_confirmed|runway_short,,,v1.3.0,e094cbec,1,,early|none|nonpos,0.06969944897959185,,-1.066267,386,1,-0.699094,-1.952889,4,5,buying,1.0034,,6.9196,6.4509,5.91,45,fresh,0,0,0,0,True,False,False,missing,0.0,short,,,1.0,0,0,1.0,0,1.0,0,,,missing,,,series_too_short,4,,,series_too_short,,series_too_short,,,,early,micro,SEV2,drug_developer,pit_bundle,,,drawdown,1,0.5,,,,,0.214302,,258,0.06969944897959185,0.729462,,,,
ORIC,"Oric Pharmaceuticals, Inc.",135,,C,mod_opt+no_catalyst_data,C,mod_opt+no_catalyst_data,,0.712465,,,0.393411,1,0.393411,,0,no_upcoming,,headwind,,S,sponsor_confirmed|momentum_headwind|runway_short,,,v1.3.0,e094cbec,1,,early|none|nonpos,0.06969944897959185,,0.219628,0,1,0.533876,-0.187275,3,4,selling,0.5766,,3.7398,3.271,4.71,45,fresh,0,0,0,0,True,False,False,missing,0.0,short,,,1.0,0,0,1.0,0,1.0,0,,,missing,-0.089246,price_history,,3,0.3977,price_history,,-0.18593,,44.6203,-0.149376,-0.036554,early,small,SEV2,drug_developer,pit_bundle,,,,0,0.5,,,,,0.5595,,252,0.06969944897959185,0.712465,,,,
NGNE,Neurogene Inc.,136,,C,mod_opt+no_catalyst_data,C,mod_opt+no_catalyst_data,,0.6983,,,0.579457,1,0.579457,,0,no_upcoming,,headwind,,S,momentum_headwind,,,v1.3.0,e094cbec,1,,early|none|nonpos,0.06969944897959185,,-1.083253,655,1,-0.715381,-1.976213,,0,neutral,-0.7036,,0.0,0.0,0.0,,,0,0,0,0,False,False,False,missing,0.0,adequate,,,1.0,0,0,1.0,0,1.0,0,,,missing,-0.151022,price_history,,,0.8876,price_history,,-0.293842,,41.8255,-0.149376,-0.144466,early,micro,SEV1,drug_developer,pit_bundle,,,sponsor,1,0.5,,,,,0.209742,,247,0.06969944897959185,0.6983,,,,
MRSN,"Mersana Therapeutics, Inc.",137,,C,mod_opt+no_catalyst_data,C,mod_opt+no_catalyst_data,,0.686969,,,0.389535,1,0.389535,,0,no_upcoming,,headwind,,M,sponsor_confirmed|momentum_headwind,,,v1.3.0,e094cbec,1,,early|none|nonpos,0.06969944897959185,,0.219628,0,1,0.533876,-0.187275,6,10,selling,1.8569,,10.197,8.8883,5.98,45,fresh,0,0,0,0,True,False,False,missing,0.0,adequate,,,1.0,0,0,1.0,0,1.0,0,,,missing,-0.400669,price_history,,6,1.0154,price_history,,-0.341066,,32.5947,-0.149376,-0.19169,early,micro,SEV1,drug_developer,pit_bundle,,,,0,0.5,,,,,0.5595,,243,0.06969944897959185,0.686969,,,,
LRMR,"Larimar Therapeutics, Inc.",138,,C,mod_opt+no_catalyst_data,C,mod_opt+no_catalyst_data,,0.672805,,,0.385659,1,0.385659,,0,no_upcoming,,headwind,,M,sponsor_confirmed|momentum_headwind,,,v1.3.0,e094cbec,1,,early|none|nonpos,0.06969944897959185,,0.219628,0,1,0.533876,-0.187275,5,7,buying,1.4301,,9.4462,8.515,3.42,1,fresh,0,0,0,0,True,False,False,missing,0.0,adequate,,,1.0,0,0,1.0,0,1.0,0,,,missing,-0.321758,price_history,,5,0.8003,price_history,,-0.318835,,40.2099,-0.149376,-0.169459,early,small,NONE,drug_developer,pit_bundle,,,,0,0.5,,,,,0.5595,,238,0.06969944897959185,0.672805,,,,
LCTX,"Lineage Cell Therapeutics, Inc.",139,,C,mod_opt+no_catalyst_data,C,mod_opt+no_catalyst_data,,0.664306,,,0.381783,1,0.381783,,0,no_upcoming,,tailwind,,L,momentum_tailwind,,,v1.3.0,e094cbec,1,,early|none|nonpos,0.06969944897959185,,0.219628,0,1,0.533876,-0.187275,,0,neutral,-0.7036,,0.0,0.0,0.0,,,0,0,0,0,False,False,False,missing,0.0,adequate,,,1.0,0,0,1.0,0,1.0,0,,,missing,0.507647,price_history,,,0.896,price_history,,-0.258065,,40.9751,-0.149376,-0.108689,early,small,NONE,drug_developer,pit_bundle,,,sponsor,1,0.5,,,,,0.5595,,235,0.06969944897959185,0.664306,,,,
LBRX,Healthcare,140,,C,mod_opt+no_catalyst_data,C,mod_opt+no_catalyst_data,,0.661473,,,0.377907,1,0.377907,,0,no_upcoming,,neutral,drawdown_data_missing,M,,,,v1.3.0,e094cbec,1,,early|none|nonpos,0.06969944897959185,,0.219628,0,1,0.533876,-0.187275,,0,neutral,-0.7036,,0.0,0.0,0.0,,,0,0,0,0,False,False,False,missing,0.0,adequate,,,1.0,0,0,1.0,0,1.0,0,,,missing,,,series_too_short,,,,series_too_short,,series_too_short,,,,early,small,NONE,drug_developer,pit_bundle,,,sponsor|drawdown,2,0.5,,,,,0.5595,,234,0.06969944897959185,0.661473,,,,
INBX,"Inhibrx Biosciences, Inc.",141,,C,mod_opt+no_catalyst_data,C,mod_opt+no_catalyst_data,,0.650142,,,0.567829,1,0.567829,,0,no_upcoming,,neutral,drawdown_data_missing,M,,,,v1.3.0,e094cbec,1,,early|none|nonpos,0.06969944897959185,,-1.080776,536,1,-0.713006,-1.972811,,0,neutral,-0.7036,,0.0,0.0,0.0,,,0,0,0,0,False,False,False,missing,0.0,adequate,,,1.0,0,0,1.0,0,1.0,0,,,missing,,,series_too_short,,,,series_too_short,,series_too_short,,,,early,small,NONE,drug_developer,pit_bundle,,,sponsor|drawdown,2,0.5,,,,,0.210407,,230,0.06969944897959185,0.650142,,,,
GHRS,GH Research PLC,142,,C,mod_opt+no_catalyst_data,C,mod_opt+no_catalyst_data,,0.63881,,,0.374031,1,0.374031,,0,no_upcoming,,neutral,drawdown_data_missing,M,,,,v1.3.0,e094cbec,1,,early|none|nonpos,0.06969944897959185,,0.219628,0,1,0.533876,-0.187275,,0,neutral,-0.7036,,0.0,0.0,0.0,,,0,0,0,0,False,False,False,missing,0.0,adequate,,,1.0,0,0,1.0,0,1.0,0,,,missing,,,series_too_short,,,,series_too_short,,series_too_short,,,,early,small,NONE,drug_developer,pit_bundle,,,sponsor|drawdown,2,0.5,,,,,0.5595,,226,0.06969944897959185,0.63881,,,,
CTNM,"Contineum Therapeutics, Inc.",143,,C,mod_opt+no_catalyst_data,C,mod_opt+no_catalyst_data,,0.601983,,,0.544574,1,0.544574,,0,no_upcoming,,neutral,drawdown_data_missing,M,,,,v1.3.0,e094cbec,1,,early|none|nonpos,0.06969944897959185,,-0.695803,109,1,-0.343877,-1.444218,,0,neutral,-0.7036,,0.0,0.0,0.0,,,0,0,0,0,False,False,False,missing,0.0,adequate,,,1.0,0,0,1.0,0,1.0,0,,,missing,,,series_too_short,,,,series_too_short,,series_too_short,,,,early,small,SEV1,drug_developer,pit_bundle,,,sponsor|drawdown,2,0.5,,,,,0.313753,,213,0.06969944897959185,0.601983,,,,
CLLS,Cellectis S.A.,144,,C,mod_opt+no_catalyst_data,C,mod_opt+no_catalyst_data,,0.590652,,,0.362403,1,0.362403,,0,no_upcoming,,headwind,deep_drawdown,S,momentum_headwind,,,v1.3.0,e094cbec,1,,early|none|nonpos,0.06969944897959185,,0.219628,0,1,0.533876,-0.187275,0,2,selling,-0.7036,,0.6562,0.0,0.0,45,fresh,0,0,0,0,True,False,False,missing,0.0,adequate,,,1.0,0,0,1.0,0,1.0,0,,,missing,-0.343496,price_history,,0,1.6983,price_history,,-0.353383,,37.2179,-0.149376,-0.204007,early,small,NONE,drug_developer,pit_bundle,,,,0,0.5,,,,,0.5595,,209,0.06969944897959185,0.590652,,,,
BLTE,Healthcare,145,,C,mod_opt+no_catalyst_data,C,mod_opt+no_catalyst_data,,0.573654,,,0.358527,1,0.358527,,0,no_upcoming,,neutral,drawdown_data_missing,M,,,,v1.3.0,e094cbec,1,,early|none|nonpos,0.06969944897959185,,0.219628,0,1,0.533876,-0.187275,,0,neutral,-0.7036,,0.0,0.0,0.0,,,0,0,0,0,False,False,False,missing,0.0,adequate,,,1.0,0,0,1.0,0,1.0,0,,,missing,,,series_too_short,,,,series_too_short,,series_too_short,,,,early,mid,NONE,drug_developer,pit_bundle,,,sponsor|drawdown,2,0.5,,,,,0.5595,,203,0.06969944897959185,0.573654,,,,
BDTX,"Black Diamond Therapeutics, Inc.",146,,C,mod_opt+no_catalyst_data,C,mod_opt+no_catalyst_data,,0.570822,,,0.571705,1,0.571705,,0,no_upcoming,,headwind,deep_drawdown,S,sponsor_confirmed|momentum_headwind|runway_short,,,v1.3.0,e094cbec,1,,early|none|nonpos,0.06969944897959185,,-1.081294,551,1,-0.713503,-1.973522,5,6,selling,1.4301,,5.3429,4.8742,2.1,1,fresh,0,0,0,0,True,False,False,missing,0.0,short,,,1.0,0,0,1.0,0,1.0,0,,,missing,-0.181419,price_history,,5,0.189,price_history,,-0.375,,49.2268,-0.149376,-0.225624,early,micro,SEV2,drug_developer,pit_bundle,,,,0,0.5,,,,,0.210268,,202,0.06969944897959185,0.570822,,,,
BCYC,Bicycle Therapeutics plc,147,,C,mod_opt+no_catalyst_data,C,mod_opt+no_catalyst_data,,0.567989,,,0.587209,1,0.587209,,0,no_upcoming,,tailwind,,L,momentum_tailwind,,,v1.3.0,e094cbec,1,,early|none|nonpos,0.06969944897959185,,-1.084132,995,1,-0.716224,-1.97742,0,2,neutral,-0.7036,,0.745,0.0,0.0,45,fresh,0,0,0,0,True,False,False,missing,0.0,adequate,,,1.0,0,0,1.0,0,1.0,0,,,missing,0.1061,price_history,,0,0.6844,price_history,,-0.164628,,47.2471,-0.149376,-0.015252,early,small,NONE,drug_developer,pit_bundle,,,,0,0.5,,,,,0.209506,,201,0.06969944897959185,0.567989,,,,
ACRS,"Aclaris Therapeutics, Inc.",148,,C,mod_opt+no_catalyst_data,C,mod_opt+no_catalyst_data,,0.015581,,,0.343023,1,0.343023,,0,no_upcoming,,tailwind,high_vol,M,sponsor_confirmed|momentum_tailwind|runway_short|high_risk,,,v1.3.0,e094cbec,1,,late|none|pos,0.1,,0.621643,39,1,0.919346,0.364718,4,6,buying,1.0034,,5.4119,4.4807,1.54,45,fresh,0,0,0,0,True,False,False,missing,0.0,short,,,1.0,0,0,1.0,0,1.0,0,,,missing,5.4906,price_history,,4,1.6014,price_history,,-0.079719,,61.5409,-0.149376,0.069657,late,small,SEV2,drug_developer,pit_bundle,,,,0,0.5,,,,,0.667421,,6,0.1,0.015581,,,,
ALGS,Healthcare,149,,C,mod_opt+no_catalyst_data,C,mod_opt+no_catalyst_data,,0.53966,,,0.560078,1,0.560078,,0,no_upcoming,,neutral,drawdown_data_missing,S,runway_short,,,v1.3.0,e094cbec,1,,early|none|nonpos,0.06969944897959185,,-1.063488,373,1,-0.69643,-1.949074,,0,neutral,-0.7036,,0.0,0.0,0.0,,,0,0,0,0,False,False,False,missing,0.0,short,,,1.0,0,0,1.0,0,1.0,0,,,missing,,,series_too_short,,,,series_too_short,,series_too_short,,,,early,micro,SEV2,drug_developer,pit_bundle,,,sponsor|drawdown,2,0.5,,,,,0.215048,,191,0.06969944897959185,0.53966,,,,
ACLX,"Arcellx, Inc.",150,,C,mod_opt+no_catalyst_data,C,mod_opt+no_catalyst_data,,0.533994,,,0.598837,1,0.598837,,0,no_upcoming,,neutral,drawdown_data_missing,S,runway_short,,,v1.3.0,e094cbec,1,,early|none|nonpos,0.06969944897959185,,-1.084155,1313,1,-0.716246,-1.97745,,0,neutral,-0.7036,,0.0,0.0,0.0,,,0,0,0,0,False,False,False,missing,0.0,short,,,1.0,0,0,1.0,0,1.0,0,,,missing,,,series_too_short,,,,series_too_short,,series_too_short,,,,early,mid,SEV2,drug_developer,pit_bundle,,,sponsor|drawdown,2,0.5,,,,,0.2095,,189,0.06969944897959185,0.533994,,,,
ZYME,Zymeworks Inc.,151,,C,mod_opt+no_catalyst_data,C,mod_opt+no_catalyst_data,,0.389518,,,0.517442,1,0.517442,,0,no_upcoming,,headwind,deep_drawdown,S,momentum_headwind,,,v1.3.0,e094cbec,1,,mid|none|nonpos,0.1,,-0.653899,1104,1,-0.303698,-1.386682,,0,neutral,-0.7036,,0.0,0.0,0.0,,,0,0,0,0,False,False,False,missing,0.0,adequate,,,1.0,0,0,1.0,0,1.0,0,,,missing,-0.38817,price_history,,,0.6921,price_history,,-0.360852,,31.6011,-0.149376,-0.211476,mid,small,NONE,drug_developer,pit_bundle,,,sponsor,1,0.5,,,,,0.325002,,138,0.1,0.389518,,,,
TVTX,"Travere Therapeutics, Inc.",152,,C,mod_opt+no_catalyst_data,C,mod_opt+no_catalyst_data,,0.36119,,,0.455426,1,0.455426,,0,no_upcoming,,tailwind,,L,momentum_tailwind,,,v1.3.0,e094cbec,1,,late|none|nonpos,0.1,,-0.223345,750,1,0.109135,-0.795505,,0,neutral,-0.7036,,0.0,0.0,0.0,,,0,0,0,0,False,False,False,missing,0.0,adequate,,,1.0,0,0,1.0,0,1.0,0,,,missing,0.277673,price_history,,,0.5907,price_history,,-0.029902,,59.0105,-0.149376,0.119474,late,mid,NONE,drug_developer,pit_bundle,,,sponsor,1,0.5,,,,,0.440584,,128,0.1,0.36119,,,,
TARS,"Tarsus Pharmaceuticals, Inc.",153,,C,mod_opt+no_catalyst_data,C,mod_opt+no_catalyst_data,,0.344193,,,0.420543,1,0.420543,,0,no_upcoming,,neutral,drawdown_data_missing,M,,,,v1.3.0,e094cbec,1,,mid|none|nonpos,0.1,,-0.020697,65,1,0.303443,-0.517255,0,4,buying,-0.7036,,2.7624,0.0,0.0,45,fresh,0,0,0,0,True,False,False,missing,0.0,adequate,,,1.0,0,0,1.0,0,1.0,0,,,missing,,,series_too_short,0,,,series_too_short,,series_too_short,,,,mid,mid,NONE,drug_developer,pit_bundle,,,drawdown,1,0.5,,,,,0.494985,,122,0.1,0.344193,,,,
STOK,"Stoke Therapeutics, Inc.",154,,C,mod_opt+no_catalyst_data,C,mod_opt+no_catalyst_data,,0.335694,,,0.513566,1,0.513566,,0,no_upcoming,,neutral,,L,sponsor_confirmed,,,v1.3.0,e094cbec,1,,mid|none|nonpos,0.1,,-0.653884,989,1,-0.303684,-1.386662,4,4,buying,1.0034,,7.5777,7.5777,2.86,45,fresh,0,0,0,0,True,False,False,missing,0.0,adequate,,,1.0,0,0,1.0,0,1.0,0,,,missing,0.033007,price_history,,4,1.0382,price_history,,-0.1421,,47.8468,-0.149376,0.007276,mid,small,NONE,drug_developer,pit_bundle,,,,0,0.5,,,,,0.325006,,119,0.1,0.335694,,,,
SRRK,Scholar Rock Holding Corporatio,155,,C,mod_opt+no_catalyst_data,C,mod_opt+no_catalyst_data,,0.332861,,,0.540698,1,0.540698,,0,no_upcoming,,neutral,,M,,,,v1.3.0,e094cbec,1,,mid|none|nonpos,0.1,,-0.653906,1506,1,-0.303705,-1.386692,1,2,neutral,-0.2768,,1.5833,1.2133,0.94,45,fresh,0,0,0,0,True,False,False,missing,0.0,adequate,,,1.0,0,0,1.0,0,1.0,0,,,missing,-0.006526,price_history,,1,0.8221,price_history,,-0.163316,,51.0373,-0.149376,-0.01394,mid,mid,SEV1,drug_developer,pit_bundle,,,,0,0.5,,,,,0.325,,118,0.1,0.332861,,,,
RGNX,REGENXBIO Inc.,156,,C,mod_opt+no_catalyst_data,C,mod_opt+no_catalyst_data,,0.313031,,,0.501938,1,0.501938,,0,no_upcoming,,tailwind,,L,sponsor_confirmed|momentum_tailwind|runway_short,,,v1.3.0,e094cbec,1,,mid|none|nonpos,0.1,,-0.653519,731,1,-0.303334,-1.386161,4,6,selling,1.0034,,4.0974,3.4411,1.13,45,fresh,0,0,0,0,True,False,False,missing,0.0,short,,,1.0,0,0,1.0,0,1.0,0,,,missing,0.065913,price_history,,4,0.9633,price_history,,-0.180981,,41.0998,-0.149376,-0.031605,mid,small,SEV2,drug_developer,pit_bundle,,,,0,0.5,,,,,0.325104,,111,0.1,0.313031,,,,
REPL,"Replimune Group, Inc.",157,,C,mod_opt+no_catalyst_data,C,mod_opt+no_catalyst_data,,0.310198,,,0.536822,1,0.536822,,0,no_upcoming,,headwind,,S,sponsor_confirmed|momentum_headwind|runway_short,,,v1.3.0,e094cbec,1,,mid|none|nonpos,0.1,,-0.653906,1646,1,-0.303705,-1.386692,3,5,buying,0.5766,,5.7019,4.7644,4.55,45,fresh,0,0,0,0,True,False,False,missing,0.0,short,,,1.0,0,0,1.0,0,1.0,0,,,missing,-0.435775,price_history,,3,0.9415,price_history,,-0.34226,,36.6969,-0.149376,-0.192884,mid,small,SEV2,drug_developer,pit_bundle,,,,0,0.5,,,,,0.325,,110,0.1,0.310198,,,,
PHVS,Pharvaris N.V.,158,,C,mod_opt+no_catalyst_data,C,mod_opt+no_catalyst_data,,0.290368,,,0.498062,1,0.498062,,0,no_upcoming,,neutral,drawdown_data_missing,M,,,,v1.3.0,e094cbec,1,,mid|none|nonpos,0.1,,-0.651642,572,1,-0.301534,-1.383583,,0,neutral,-0.7036,,0.0,0.0,0.0,,,0,0,0,0,False,False,False,missing,0.0,adequate,,,1.0,0,0,1.0,0,1.0,0,,,missing,,,series_too_short,,,,series_too_short,,series_too_short,,,,mid,small,NONE,drug_developer,pit_bundle,,,sponsor|drawdown,2,0.5,,,,,0.325608,,103,0.1,0.290368,,,,
OCGN,"Ocugen, Inc.",159,,C,mod_opt+no_catalyst_data,C,mod_opt+no_catalyst_data,,0.270538,,,0.474806,1,0.474806,,0,no_upcoming,,tailwind,high_vol|high_beta,S,momentum_tailwind|runway_short|high_risk,,,v1.3.0,e094cbec,1,,late|none|nonpos,0.1,,-0.223658,,1,0.108835,-0.795934,,0,neutral,-0.7036,,0.0,0.0,0.0,,,0,0,0,0,False,False,False,missing,0.0,short,,,1.0,0,0,1.0,0,1.0,0,,,missing,32.652051,price_history,,,5.9941,price_history,,-0.3074,,62.4084,-0.149376,-0.158024,late,small,SEV2,drug_developer,pit_bundle,,,sponsor,1,0.5,,,,,0.4405,,96,0.1,0.270538,,,,
NMRA,"Neumora Therapeutics, Inc.",160,,C,mod_opt+no_catalyst_data,C,mod_opt+no_catalyst_data,,0.259207,,,0.494186,1,0.494186,,0,no_upcoming,,neutral,drawdown_data_missing,S,runway_short,,,v1.3.0,e094cbec,1,,mid|none|nonpos,0.1,,-0.639259,404,1,-0.289661,-1.366581,,0,neutral,-0.7036,,0.0,0.0,0.0,,,0,0,0,0,False,False,False,missing,0.0,short,,,1.0,0,0,1.0,0,1.0,0,,,missing,,,series_too_short,,,,series_too_short,,series_too_short,,,,mid,small,SEV2,drug_developer,pit_bundle,,,sponsor|drawdown,2,0.5,,,,,0.328932,,92,0.1,0.259207,,,,
NAMS,NewAmsterdam Pharma Company N.V,161,,C,mod_opt+no_catalyst_data,C,mod_opt+no_catalyst_data,,0.250708,,,0.424419,1,0.424419,,0,no_upcoming,,neutral,drawdown_data_missing,M,,,,v1.3.0,e094cbec,1,,mid|none|nonpos,0.1,,-0.041457,68,1,0.283538,-0.54576,,0,neutral,-0.7036,,0.0,0.0,0.0,,,0,0,0,0,False,False,False,missing,0.0,adequate,,,1.0,0,0,1.0,0,1.0,0,,,missing,,,series_too_short,,,,series_too_short,,series_too_short,,,,mid,mid,NONE,drug_developer,pit_bundle,,,sponsor|drawdown,2,0.5,,,,,0.489412,,89,0.1,0.250708,,,,
MRUS,Merus N.V.,162,,C,mod_opt+no_catalyst_data,C,mod_opt+no_catalyst_data,,0.247875,,,0.432171,1,0.432171,,0,no_upcoming,,tailwind,,L,sponsor_confirmed|momentum_tailwind,,,v1.3.0,e094cbec,1,,mid|none|nonpos,0.1,,-0.06808,72,1,0.25801,-0.582315,4,5,selling,1.0034,,2.9991,2.7178,1.17,45,fresh,0,0,0,0,True,False,False,missing,0.0,adequate,,,1.0,0,0,1.0,0,1.0,0,,,missing,0.26887,price_history,,4,0.3968,price_history,,-0.22707,,46.9809,-0.149376,-0.077694,mid,mid,NONE,drug_developer,pit_bundle,,,,0,0.5,,,,,0.482265,,88,0.1,0.247875,,,,
KRYS,"Krystal Biotech, Inc.",163,,C,mod_opt+no_catalyst_data,C,mod_opt+no_catalyst_data,,0.22238,,,0.439922,1,0.439922,,0,no_upcoming,,tailwind,,L,sponsor_confirmed|momentum_tailwind,,,v1.3.0,e094cbec,1,,late|none|nonpos,0.1,,-0.136037,243,1,0.19285,-0.675624,2,4,buying,0.1499,,3.0736,2.3274,1.19,45,fresh,0,0,0,0,True,False,False,missing,0.0,adequate,,,1.0,0,0,1.0,0,1.0,0,,,missing,0.373369,price_history,,2,0.5564,price_history,,-0.02737,,65.5394,-0.149376,0.122006,late,mid,NONE,drug_developer,pit_bundle,,,,0,0.5,,,,,0.464022,,79,0.1,0.22238,,,,
KOD,Kodiak Sciences Inc,164,,C,mod_opt+no_catalyst_data,C,mod_opt+no_catalyst_data,,0.219547,,,0.354651,1,0.354651,,0,no_upcoming,,headwind,,S,sponsor_confirmed|momentum_headwind|runway_short,,,v1.3.0,e094cbec,1,,late|none|nonpos,0.1,,0.235128,94,1,0.548738,-0.165992,3,6,buying,0.5766,,6.5487,5.43,2.92,1,fresh,0,0,0,0,True,False,False,missing,0.0,short,,,1.0,0,0,1.0,0,1.0,0,,,missing,-0.20459,price_history,,3,1.3211,price_history,,-0.215602,,42.7526,-0.149376,-0.066226,late,small,SEV2,drug_developer,pit_bundle,,,,0,0.5,,,,,0.563661,,78,0.1,0.219547,,,,
INVA,"Innoviva, Inc.",165,,C,mod_opt+no_catalyst_data,C,mod_opt+no_catalyst_data,,0.20255,,,0.47093,1,0.47093,,0,no_upcoming,,neutral,,M,,,,v1.3.0,e094cbec,1,,late|none|nonpos,0.1,,-0.223658,,1,0.108835,-0.795934,0,3,selling,-0.7036,,1.0275,0.0,0.0,45,fresh,0,0,0,0,True,False,False,missing,0.0,adequate,,,1.0,0,0,1.0,0,1.0,0,,,missing,0.047714,price_history,,0,0.4004,price_history,,-0.250983,,37.8616,-0.149376,-0.101607,late,small,NONE,drug_developer,pit_bundle,,,,0,0.5,,,,,0.4405,,72,0.1,0.20255,,,,
IMCR,Immunocore Holdings plc,166,,C,mod_opt+no_catalyst_data,C,mod_opt+no_catalyst_data,,0.191218,,,0.428295,1,0.428295,,0,no_upcoming,,neutral,drawdown_data_missing,M,,,,v1.3.0,e094cbec,1,,mid|none|nonpos,0.1,,-0.061535,71,1,0.264286,-0.573329,,0,neutral,-0.7036,,0.0,0.0,0.0,,,0,0,0,0,False,False,False,missing,0.0,adequate,,,1.0,0,0,1.0,0,1.0,0,,,missing,,,series_too_short,,,,series_too_short,,series_too_short,,,,mid,small,NONE,drug_developer,pit_bundle,,,sponsor|drawdown,2,0.5,,,,,0.484022,,68,0.1,0.191218,,,,
CNTX,Context Therapeutics Inc.,167,,C,mod_opt+no_catalyst_data,C,mod_opt+no_catalyst_data,,0.126062,,,0.505814,1,0.505814,,0,no_upcoming,,neutral,drawdown_data_missing,M,,,,v1.3.0,e094cbec,1,,mid|none|nonpos,0.1,,-0.653638,764,1,-0.303448,-1.386324,,0,neutral,-0.7036,,0.0,0.0,0.0,,,0,0,0,0,False,False,False,missing,0.0,adequate,,,1.0,0,0,1.0,0,1.0,0,,,missing,,,series_too_short,,,,series_too_short,,series_too_short,,,,mid,micro,NONE,drug_developer,pit_bundle,,,sponsor|drawdown,2,0.5,,,,,0.325072,,45,0.1,0.126062,,,,
CELC,Healthcare,168,,C,mod_opt+no_catalyst_data,C,mod_opt+no_catalyst_data,,0.109065,,,0.486434,1,0.486434,,0,no_upcoming,,tailwind,,M,momentum_tailwind|runway_short,,,v1.3.0,e094cbec,1,,mid|none|nonpos,0.1,,-0.618675,325,1,-0.269924,-1.338317,0,1,selling,-0.7036,,0.2775,0.0,0.0,48,fresh,0,0,0,0,True,False,False,missing,0.0,short,,,1.0,0,0,1.0,0,1.0,0,,,missing,0.399249,price_history,,0,0.3509,price_history,,-0.202247,,45.9069,-0.149376,-0.052871,mid,mid,SEV2,drug_developer,pit_bundle,,,,0,0.5,,,,,0.334458,,39,0.1,0.109065,,,,
AURA,"Aura Biosciences, Inc.",169,,C,mod_opt+no_catalyst_data,C,mod_opt+no_catalyst_data,,0.075071,,,0.525194,1,0.525194,,0,no_upcoming,,neutral,drawdown_data_missing,S,runway_short,,,v1.3.0,e094cbec,1,,mid|none|nonpos,0.1,,-0.653903,1149,1,-0.303702,-1.386687,,0,neutral,-0.7036,,0.0,0.0,0.0,,,0,0,0,0,False,False,False,missing,0.0,short,,,1.0,0,0,1.0,0,1.0,0,,,missing,,,series_too_short,,,,series_too_short,,series_too_short,,,,mid,small,SEV2,drug_developer,pit_bundle,,,sponsor|drawdown,2,0.5,,,,,0.325001,,27,0.1,0.075071,,,,
ANAB,"AnaptysBio, Inc.",170,,C,mod_opt+no_catalyst_data,C,mod_opt+no_catalyst_data,,0.049575,,,0.52907,1,0.52907,,0,no_upcoming,,neutral,,L,sponsor_confirmed,,,v1.3.0,e094cbec,1,,mid|none|nonpos,0.1,,-0.653906,,1,-0.303705,-1.386692,9,12,selling,3.1371,,9.1782,7.9657,7.02,23,fresh,0,0,0,0,True,False,False,missing,0.0,adequate,,,1.0,0,0,1.0,0,1.0,0,,,missing,0.024964,price_history,,9,0.7815,price_history,,-0.185353,,52.934,-0.149376,-0.035977,mid,small,SEV1,drug_developer,pit_bundle,,,,0,0.5,,,,,0.325,,18,0.1,0.049575,,,,
ALDX,Healthcare,171,,C,mod_opt+no_catalyst_data,C,mod_opt+no_catalyst_data,,0.029745,,,0.436047,1,0.436047,,0,no_upcoming,,tailwind,,L,sponsor_confirmed|momentum_tailwind,,,v1.3.0,e094cbec,1,,late|none|nonpos,0.1,,-0.075947,196,1,0.250466,-0.593118,4,5,buying,1.0034,,7.6526,7.2776,3.31,45,fresh,0,0,0,0,True,False,False,missing,0.0,adequate,,,1.0,0,0,1.0,0,1.0,0,,,missing,0.620194,price_history,,4,1.1007,price_history,,-0.149792,,53.3824,-0.149376,-0.000416,late,small,NONE,drug_developer,pit_bundle,,,,0,0.5,,,,,0.480153,,11,0.1,0.029745,,,,
AKRO,"Akero Therapeutics, Inc.",172,,C,mod_opt+no_catalyst_data,C,mod_opt+no_catalyst_data,,0.026912,,,0.521318,1,0.521318,,0,no_upcoming,,neutral,,L,sponsor_confirmed,,,v1.3.0,e094cbec,1,,mid|none|nonpos,0.1,,-0.653903,1159,1,-0.303702,-1.386687,6,8,buying,1.8569,,9.9588,9.0276,11.44,44,fresh,0,0,0,0,True,False,False,missing,0.0,adequate,,,1.0,0,0,1.0,0,1.0,0,,,missing,-0.020652,price_history,,6,0.6843,price_history,,-0.238477,,50.6507,-0.149376,-0.089101,mid,mid,NONE,drug_developer,pit_bundle,,,,0,0.5,,,,,0.325001,,10,0.1,0.026912,,,,
ADMA,ADMA Biologics Inc,173,,C,mod_opt+no_catalyst_data,C,mod_opt+no_catalyst_data,,0.021246,,,0.467054,1,0.467054,,0,no_upcoming,,neutral,deep_drawdown,M,,,,v1.3.0,e094cbec,1,,late|none|nonpos,0.1,,-0.223658,,1,0.108835,-0.795934,0,2,neutral,-0.7036,,0.75,0.0,0.0,45,fresh,0,0,0,0,True,False,False,missing,0.0,adequate,,,1.0,0,0,1.0,0,1.0,0,,,missing,0.037118,price_history,,0,0.847,price_history,,-0.382353,,40.5784,-0.149376,-0.232977,late,mid,NONE,drug_developer,pit_bundle,,,,0,0.5,,,,,0.4405,,8,0.1,0.021246,,,,
ACIU,AC Immune SA,174,,C,mod_opt+no_catalyst_data,C,mod_opt+no_catalyst_data,,0.012748,,,0.50969,1,0.50969,,0,no_upcoming,,tailwind,,L,momentum_tailwind,,,v1.3.0,e094cbec,1,,mid|none|nonpos,0.1,,-0.653858,919,1,-0.303659,-1.386626,,0,neutral,-0.7036,,0.0,0.0,0.0,,,0,0,0,0,False,False,False,missing,0.0,adequate,,,1.0,0,0,1.0,0,1.0,0,,,missing,0.268482,price_history,,,0.9032,price_history,,-0.162252,,53.3561,-0.149376,-0.012876,mid,small,NONE,drug_developer,pit_bundle,,,sponsor,1,0.5,,,,,0.325013,,5,0.1,0.012748,,,,
ABCL,AbCellera Biologics Inc.,175,,C,mod_opt+no_catalyst_data,C,mod_opt+no_catalyst_data,,0.001416,,,0.416667,1,0.416667,,0,no_upcoming,,neutral,drawdown_data_missing,S,runway_short,,,v1.3.0,e094cbec,1,,late|none|nonpos,0.1,,0.143707,114,1,0.46108,-0.291519,,0,neutral,-0.7036,,0.0,0.0,0.0,,,0,0,0,0,False,False,False,missing,0.0,short,,,1.0,0,0,1.0,0,1.0,0,,,missing,,,series_too_short,,,,series_too_short,,series_too_short,,,,late,small,SEV2,drug_developer,pit_bundle,,,sponsor|drawdown,2,0.5,,,,,0.539119,,1,0.1,0.001416,,,,
TEM,"Tempus AI, Inc.",176,,C,no_quality_data,,,C,0.352691,,,,,,122,1,specific_days,,neutral,drawdown_data_missing,M,,,,v1.3.0,e094cbec,1,,late|near_91_180|pos,0.1,,1.080124,0,1,1.428911,1.670536,,0,neutral,-0.7036,,0.0,0.0,0.0,,,0,0,0,0,False,False,True,mid,0.7,adequate,,,1.0,0,0,1.0,0,1.0,0,122,,specific_days,,,series_too_short,,,,series_too_short,,series_too_short,,,,late,large,NONE,platform_services,pit_bundle,CTGOV,CLINICAL_PCD,sponsor|drawdown,2,0.5,,,,,0.7905,,125,0.1,0.352691,,,,
NVCR,NovoCure Limited,177,,C,no_quality_data,,,C,0.267705,,,,,,,0,no_upcoming,,tailwind,,L,momentum_tailwind,,,v1.3.0,e094cbec,1,,late|none|pos,0.1,,1.080124,0,1,1.428911,1.483734,1,5,neutral,-0.2768,,2.4997,1.0985,0.49,45,fresh,0,0,0,0,True,False,False,missing,0.0,adequate,,,1.0,0,0,1.0,0,1.0,0,,,missing,0.074225,price_history,,1,0.9997,price_history,,-0.215965,,35.0184,-0.149376,-0.066589,late,small,NONE,platform_devices,pit_bundle,,,,0,0.5,,,,,0.7905,,95,0.1,0.267705,,,,
GH,"Guardant Health, Inc.",178,,C,no_quality_data,,,C,0.40085,,,,,,427,1,specific_days,,tailwind,,L,catalyst_far_lift|sponsor_confirmed|momentum_tailwind,,,v1.3.0,e094cbec,1,,late|far_271_540|pos,0.0961064745762712,,1.080124,0,1,1.428911,1.322157,5,9,buying,1.4301,,8.9167,6.5283,1.26,45,fresh,0,0,0,0,True,False,True,far,0.3,adequate,,,1.0,0,0,1.0,0,1.0,0,427,,specific_days,0.158501,price_history,,5,0.5039,price_history,,-0.178225,,39.8133,-0.149376,-0.028849,late,large,NONE,platform_diagnostics,pit_bundle,CTGOV,CLINICAL_CD,,0,0.5,,,,,0.7905,,142,0.0961064745762712,0.40085,,,,
CDNA,"CareDx, Inc.",179,,C,no_quality_data,,,C,0.398017,,,,,,3502,1,specific_days,,tailwind,,L,catalyst_far_lift|momentum_tailwind,,,v1.3.0,e094cbec,1,,late|far_271_540|pos,0.0961064745762712,,1.080124,0,1,1.428911,1.322157,1,5,buying,-0.2768,,3.5548,1.7798,2.03,45,fresh,0,0,0,0,True,False,True,far,0.3,adequate,,,1.0,0,0,1.0,0,1.0,0,3502,,specific_days,0.249588,price_history,,1,1.1887,price_history,,-0.172803,,43.7056,-0.149376,-0.023427,late,small,NONE,platform_diagnostics,pit_bundle,CTGOV,CLINICAL_PCD,,0,0.5,,,,,0.7905,,141,0.0961064745762712,0.398017,,,,
CERS,Healthcare,180,,C,no_quality_data,,,C,0.111898,,,,,,,0,no_upcoming,,headwind,,M,sponsor_confirmed|momentum_headwind,,,v1.3.0,e094cbec,1,,late|none|pos,0.1,,1.080124,0,1,1.428911,1.483734,2,4,selling,0.1499,,1.855,1.2925,0.34,1,fresh,0,0,0,0,True,False,False,missing,0.0,adequate,,,1.0,0,0,1.0,0,1.0,0,,,missing,-0.189467,price_history,,2,1.003,price_history,,-0.28271,,31.4819,-0.149376,-0.133334,late,small,NONE,platform_devices,pit_bundle,,,,0,0.5,,,,,0.7905,,40,0.1,0.111898,,,,
OPK,"Opko Health, Inc.",181,,C,no_quality_data,,,C,0.28187,,,,,,,0,no_upcoming,,headwind,,S,momentum_headwind,,,v1.3.0,e094cbec,1,,late|none|pos,0.1,,1.080124,0,1,1.428911,1.322157,0,2,selling,-0.7036,,0.5625,0.0,0.0,45,fresh,0,0,0,0,True,False,False,missing,0.0,adequate,,,1.0,0,0,1.0,0,1.0,0,,,missing,-0.114422,price_history,,0,0.7493,price_history,,-0.248748,,38.6413,-0.149376,-0.099372,late,small,NONE,platform_diagnostics,pit_bundle,,,,0,0.5,,,,,0.7905,,100,0.1,0.28187,,,,
NTRA,"Natera, Inc.",182,,C,no_quality_data,,,C,0.26204,,,,,,214,1,specific_days,,tailwind,,L,catalyst_far_lift|sponsor_confirmed|momentum_tailwind,,,v1.3.0,e094cbec,1,,late|near_181_270|pos,0.1,,1.080124,0,1,1.428911,1.322157,5,9,buying,1.4301,,12.3118,10.443,16.61,1,fresh,0,0,0,0,True,False,True,far,0.3,adequate,,,1.0,0,0,1.0,0,1.0,0,214,,specific_days,0.203136,price_history,,5,0.9964,price_history,,-0.066501,,52.4251,-0.149376,0.082875,late,large,NONE,platform_diagnostics,pit_bundle,CTGOV,CLINICAL_PCD,,0,0.5,,,,,0.7905,,93,0.1,0.26204,,,,
CRL,Charles River Laboratories Inte,183,,C,no_quality_data,,,C,0.131728,,,,,,214,1,specific_days,,tailwind,,L,catalyst_far_lift|momentum_tailwind,,,v1.3.0,e094cbec,1,,late|near_181_270|pos,0.1,,1.080124,0,1,1.428911,1.322157,,0,neutral,-0.7036,,0.0,0.0,0.0,,,0,0,0,0,False,False,True,far,0.3,adequate,,,1.0,0,0,1.0,0,1.0,0,214,,specific_days,0.179418,price_history,,,0.3619,price_history,,-0.044544,,55.6556,-0.149376,0.104832,late,large,NONE,platform_diagnostics,pit_bundle,CTGOV,CLINICAL_PCD,sponsor,1,0.5,,,,,0.7905,,47,0.1,0.131728,,,,
GRFS,"Grifols, S.A.",184,,C,no_quality_data,,,C,0.426346,,,,,,30,1,specific_days,,headwind,,S,momentum_headwind,,,v1.3.0,e094cbec,1,,late|near_0_30|pos,0.09254273684210526,,1.080124,0,1,0.684383,0.693848,0,3,buying,-0.7036,,1.2125,0.0,0.0,45,fresh,0,0,0,0,True,False,True,near,1.0,adequate,,,1.0,0,0,1.0,0,1.0,0,30,,specific_days,-0.133962,price_history,,0,0.1019,price_history,,-0.286066,,36.9824,-0.149376,-0.13669,late,mid,NONE,commercial_pharma,pit_bundle,CTGOV,CLINICAL_CD,,0,0.5,,,,,0.7905,,151,0.09254273684210526,0.426346,,,,
UTHR,United Therapeutics Corporation,185,,C,no_quality_data,,,C,0.42068,,,,,,276,1,specific_days,,tailwind,,L,catalyst_far_lift|sponsor_confirmed|momentum_tailwind,,,v1.3.0,e094cbec,1,,late|far_271_540|pos,0.0961064745762712,,1.080124,0,1,0.684383,0.693848,5,9,selling,1.4301,,10.0403,8.8456,13.71,23,fresh,0,0,0,0,True,False,True,far,0.3,adequate,,,1.0,0,0,1.0,0,1.0,0,276,,specific_days,0.214855,price_history,,5,0.4051,price_history,,-0.043866,,49.1429,-0.149376,0.10551,late,large,NONE,commercial_pharma,pit_bundle,CTGOV,CLINICAL_PCD,,0,0.5,,,,,0.7905,,149,0.0961064745762712,0.42068,,,,
INDV,Indivior PLC,186,,C,no_quality_data,,,C,0.415014,,,,,,306,1,specific_days,,tailwind,,L,catalyst_far_lift|momentum_tailwind,,,v1.3.0,e094cbec,1,,late|far_271_540|pos,0.0961064745762712,,1.080124,0,1,0.684383,0.693848,,0,neutral,-0.7036,,0.0,0.0,0.0,,,0,0,0,0,False,False,True,far,0.3,adequate,,,1.0,0,0,1.0,0,1.0,0,306,,specific_days,0.275148,price_history,,,0.2597,price_history,,-0.118511,,47.0904,-0.149376,0.030865,late,mid,NONE,commercial_pharma,pit_bundle,CTGOV,CLINICAL_PCD,sponsor,1,0.5,,,,,0.7905,,147,0.0961064745762712,0.415014,,,,
GILD,"Gilead Sciences, Inc.",187,,C,no_quality_data,,,C,0.403683,,,,,,580,1,specific_days,,neutral,,L,catalyst_far_lift|sponsor_confirmed,,,v1.3.0,e094cbec,1,,late|far_271_540|pos,0.0961064745762712,,1.080124,0,1,0.684383,0.693848,3,7,selling,0.5766,,5.2859,3.869,3.33,45,fresh,0,0,0,0,True,False,True,far,0.3,adequate,,,1.0,0,0,1.0,0,1.0,0,580,,specific_days,-0.002419,price_history,,3,0.2304,price_history,,-0.24638,,34.1169,-0.149376,-0.097004,late,large,NONE,commercial_pharma,pit_bundle,CTGOV,CLINICAL_PCD,,0,0.5,,,,,0.7905,,143,0.0961064745762712,0.403683,,,,
BIIB,Biogen Inc.,188,,C,no_quality_data,,,C,0.395184,,,,,,2133,1,specific_days,,tailwind,,L,catalyst_far_lift|sponsor_confirmed|momentum_tailwind,,,v1.3.0,e094cbec,1,,late|far_271_540|pos,0.0961064745762712,,1.080124,0,1,0.684383,0.693848,7,11,buying,2.2836,,15.5122,13.3619,12.39,23,fresh,0,0,0,0,True,False,True,far,0.3,adequate,,,1.0,0,0,1.0,0,1.0,0,2133,,specific_days,0.113449,price_history,,7,0.2023,price_history,,-0.232686,,49.6807,-0.149376,-0.08331,late,large,NONE,commercial_pharma,pit_bundle,CTGOV,CLINICAL_PCD,,0,0.5,,,,,0.7905,,140,0.0961064745762712,0.395184,,,,
SUPN,"Supernus Pharmaceuticals, Inc.",189,,C,no_quality_data,,,C,0.338527,,,,,,,0,no_upcoming,,tailwind,,L,momentum_tailwind,,,v1.3.0,e094cbec,1,,late|none|pos,0.1,,1.080124,0,1,0.684383,0.693848,1,4,selling,-0.2768,,1.5933,0.6608,0.51,45,fresh,0,0,0,0,True,False,False,missing,0.0,adequate,,,1.0,0,0,1.0,0,1.0,0,,,missing,0.219271,price_history,,1,0.3756,price_history,,-0.145628,,38.7511,-0.149376,0.003748,late,mid,NONE,commercial_pharma,pit_bundle,,,,0,0.5,,,,,0.7905,,120,0.1,0.338527,,,,
SNY,Sanofi,190,,C,no_quality_data,,,C,0.327195,,,,,,,0,no_upcoming,,headwind,,S,momentum_headwind,,,v1.3.0,e094cbec,1,,late|none|pos,0.1,,1.080124,0,1,0.684383,0.693848,1,3,buying,-0.2768,,2.7298,1.9798,1.61,45,fresh,0,0,0,0,True,False,False,missing,0.0,adequate,,,1.0,0,0,1.0,0,1.0,0,,,missing,-0.10116,price_history,,1,0.1361,price_history,,-0.14655,,34.8981,-0.149376,0.002826,late,large,NONE,commercial_pharma,pit_bundle,,,,0,0.5,,,,,0.7905,,116,0.1,0.327195,,,,
NBIX,"Neurocrine Biosciences, Inc.",191,,C,no_quality_data,,,C,0.256374,,,,,,,0,no_upcoming,,tailwind,,L,sponsor_confirmed|momentum_tailwind,,,v1.3.0,e094cbec,1,,late|none|pos,0.1,,1.080124,0,1,0.684383,0.693848,3,6,selling,0.5766,,4.4518,3.4268,3.58,45,fresh,0,0,0,0,True,False,False,missing,0.0,adequate,,,1.0,0,0,1.0,0,1.0,0,,,missing,0.104611,price_history,,3,0.4345,price_history,,-0.189715,,47.6065,-0.149376,-0.040339,late,large,NONE,commercial_pharma,pit_bundle,,,,0,0.5,,,,,0.7905,,91,0.1,0.256374,,,,
KNSA,"Kiniksa Pharmaceuticals, Ltd.",192,,C,no_quality_data,,,C,0.216714,,,,,,,0,no_upcoming,,neutral,,M,,,,v1.3.0,e094cbec,1,,late|none|pos,0.1,,1.080124,0,1,0.684383,0.693848,,0,neutral,-0.7036,,0.0,0.0,0.0,,,0,0,0,0,False,False,False,missing,0.0,adequate,,,1.0,0,0,1.0,0,1.0,0,,,missing,-0.025035,price_history,,,1.133,price_history,,-0.208846,,47.0292,-0.149376,-0.05947,late,mid,NONE,commercial_pharma,pit_bundle,,,sponsor,1,0.5,,,,,0.7905,,77,0.1,0.216714,,,,
IRWD,"Ironwood Pharmaceuticals, Inc.",193,,C,no_quality_data,,,C,0.208215,,,,,,,0,no_upcoming,,headwind,,M,sponsor_confirmed|momentum_headwind,,,v1.3.0,e094cbec,1,,late|none|pos,0.1,,1.080124,0,1,0.684383,0.693848,2,5,selling,0.1499,,3.6059,2.4686,2.4,45,fresh,0,0,0,0,True,False,False,missing,0.0,adequate,,,1.0,0,0,1.0,0,1.0,0,,,missing,-0.26961,price_history,,2,0.6299,price_history,,-0.272656,,34.7451,-0.149376,-0.12328,late,small,NONE,commercial_pharma,pit_bundle,,,,0,0.5,,,,,0.7905,,74,0.1,0.208215,,,,
EBS,Emergent BioSolutions Inc.,194,,C,no_quality_data,,,C,0.154391,,,,,,,0,no_upcoming,,tailwind,,L,momentum_tailwind,,,v1.3.0,e094cbec,1,,late|none|pos,0.1,,1.080124,0,1,0.684383,0.693848,1,3,buying,-0.2768,,2.0455,1.2992,0.71,45,fresh,0,0,0,0,True,False,False,missing,0.0,adequate,,,1.0,0,0,1.0,0,1.0,0,,,missing,0.098928,price_history,,1,0.6475,price_history,,-0.288573,,36.6474,-0.149376,-0.139197,late,small,NONE,commercial_pharma,pit_bundle,,,,0,0.5,,,,,0.7905,,55,0.1,0.154391,,,,
CAI,"Caris Life Sciences, Inc.",195,,C,no_quality_data,,,C,0.423513,,,,,,1,1,specific_days,,neutral,drawdown_data_missing,M,,,,v1.3.0,e094cbec,1,,late|near_0_30|pos,0.09254273684210526,,1.080124,0,1,0.489733,0.512974,,0,neutral,-0.7036,,0.0,0.0,0.0,,,0,0,0,0,False,False,True,near,1.0,adequate,,,1.0,0,0,1.0,0,1.0,0,1,,specific_days,,,series_too_short,,,,series_too_short,,series_too_short,,,,late,mid,NONE,commercial_biotech,pit_bundle,CTGOV,CLINICAL_PCD,sponsor|drawdown,2,0.5,,,,,0.7905,,150,0.09254273684210526,0.423513,,,,
DVAX,Dynavax Technologies Corporation,196,,C,no_quality_data,,,C,0.151558,,,,,,,0,no_upcoming,,tailwind,high_vol|high_beta,L,sponsor_confirmed|momentum_tailwind|high_risk,,,v1.3.0,e094cbec,1,,late|none|pos,0.1,,1.080124,0,1,0.684383,0.693848,4,8,selling,1.0034,,5.0934,3.4097,4.39,45,fresh,0,0,0,0,True,False,False,missing,0.0,adequate,,,1.0,0,0,1.0,0,1.0,0,,,missing,0.388218,price_history,,4,2.9725,price_history,,-0.252137,,52.0635,-0.149376,-0.102761,late,small,NONE,commercial_pharma,pit_bundle,,,,0,0.5,,,,,0.7905,,54,0.1,0.151558,,,,
HALO,"Halozyme Therapeutics, Inc.",197,,C,no_quality_data,,,C,0.409348,,,,,,621,1,specific_days,,tailwind,,L,catalyst_far_lift|momentum_tailwind,,,v1.3.0,e094cbec,1,,late|far_271_540|pos,0.0961064745762712,,1.080124,0,1,0.489733,0.512974,0,2,neutral,-0.7036,,0.7462,0.0,0.0,45,fresh,0,0,0,0,True,False,True,far,0.3,adequate,,,1.0,0,0,1.0,0,1.0,0,621,,specific_days,0.059108,price_history,,0,0.8732,price_history,,-0.120505,,42.7584,-0.149376,0.028871,late,mid,NONE,commercial_biotech,pit_bundle,CTGOV,CLINICAL_CD,,0,0.5,,,,,0.7905,,145,0.0961064745762712,0.409348,,,,
ASND,Ascendis Pharma A/S,198,,C,no_quality_data,,,C,0.392351,,,,,,397,1,specific_days,,headwind,,L,catalyst_far_lift|sponsor_confirmed|momentum_headwind,,,v1.3.0,e094cbec,1,,late|far_271_540|pos,0.0961064745762712,,1.080124,0,1,0.489733,0.512974,7,9,selling,2.2836,,14.5465,13.984,16.68,45,fresh,0,0,0,0,True,False,True,far,0.3,adequate,,,1.0,0,0,1.0,0,1.0,0,397,,specific_days,-0.11499,price_history,,7,0.2974,price_history,,-0.152057,,47.3032,-0.149376,-0.002681,late,large,NONE,commercial_biotech,pit_bundle,CTGOV,CLINICAL_PCD,,0,0.5,,,,,0.7905,,139,0.0961064745762712,0.392351,,,,
VRTX,Vertex Pharmaceuticals Incorporated,199,,C,no_quality_data,,,C,0.378187,,,,,,,0,no_upcoming,,headwind,,M,sponsor_confirmed|momentum_headwind,,,v1.3.0,e094cbec,1,,late|none|pos,0.1,,1.080124,0,1,0.489733,0.512974,3,6,selling,0.5766,,4.2281,2.818,2.28,45,fresh,0,0,0,0,True,False,False,missing,0.0,adequate,,,1.0,0,0,1.0,0,1.0,0,,,missing,-0.083932,price_history,,3,0.1529,price_history,,-0.298746,,43.4601,-0.149376,-0.14937,late,large,NONE,commercial_biotech,pit_bundle,,,,0,0.5,,,,,0.7905,,134,0.1,0.378187,,,,
TGTX,"TG Therapeutics, Inc.",200,,C,no_quality_data,,,C,0.358357,,,,,,,0,no_upcoming,,tailwind,,L,sponsor_confirmed|momentum_tailwind,,,v1.3.0,e094cbec,1,,late|none|pos,0.1,,1.080124,0,1,0.489733,0.512974,7,10,selling,2.2836,,13.6205,12.593,5.99,44,fresh,0,0,0,0,True,False,False,missing,0.0,adequate,,,1.0,0,0,1.0,0,1.0,0,,,missing,0.340242,price_history,,7,1.3481,price_history,,-0.202732,,38.0031,-0.149376,-0.053356,late,mid,NONE,commercial_biotech,pit_bundle,,,,0,0.5,,,,,0.7905,,127,0.1,0.358357,,,,
AZN,Astrazeneca PLC,201,,C,no_quality_data,,,C,0.083569,,,,,,123,1,specific_days,,headwind,,S,momentum_headwind,,,v1.3.0,e094cbec,1,,late|near_91_180|pos,0.1,,1.080124,0,1,0.684383,0.693848,0,3,selling,-0.7036,,0.84,0.0,0.0,45,fresh,0,0,0,0,True,False,True,mid,0.7,adequate,,,1.0,0,0,1.0,0,1.0,0,123,,specific_days,-0.06412,price_history,,0,-0.0387,price_history,,-0.186426,,41.051,-0.149376,-0.03705,late,large,NONE,commercial_pharma,pit_bundle,CTGOV,CLINICAL_PCD,,0,0.5,,,,,0.7905,,30,0.1,0.083569,,,,
TECH,Bio-Techne Corporation,202,,C,no_quality_data,,,C,0.349858,,,,,,246,1,specific_days,,tailwind,,L,catalyst_far_lift|momentum_tailwind,,,v1.3.0,e094cbec,1,,late|near_181_270|pos,0.1,,1.080124,0,1,0.489733,0.512974,0,3,buying,-0.7036,,1.215,0.0,0.0,45,fresh,0,0,0,0,True,False,True,far,0.3,adequate,,,1.0,0,0,1.0,0,1.0,0,246,,specific_days,0.130141,price_history,,0,0.5631,price_history,,-0.119976,,45.5253,-0.149376,0.0294,late,large,NONE,commercial_biotech,pit_bundle,CTGOV,CLINICAL_PCD,,0,0.5,,,,,0.7905,,124,0.1,0.349858,,,,
AMRX,"Amneal Pharmaceuticals, Inc.",203,,C,no_quality_data,,,C,0.046742,,,,,,,0,no_upcoming,,tailwind,,L,momentum_tailwind,,,v1.3.0,e094cbec,1,,late|none|pos,0.1,,1.080124,0,1,0.684383,0.693848,0,3,buying,-0.7036,,1.2125,0.0,0.0,45,fresh,0,0,0,0,True,False,False,missing,0.0,adequate,,,1.0,0,0,1.0,0,1.0,0,,,missing,0.269412,price_history,,0,0.8462,price_history,,-0.087986,,53.515,-0.149376,0.06139,late,mid,NONE,commercial_pharma,pit_bundle,,,,0,0.5,,,,,0.7905,,17,0.1,0.046742,,,,
AMPH,"Amphastar Pharmaceuticals, Inc.",204,,C,no_quality_data,,,C,0.043909,,,,,,,0,no_upcoming,,neutral,,M,,,,v1.3.0,e094cbec,1,,late|none|pos,0.1,,1.080124,0,1,0.684383,0.693848,0,2,neutral,-0.7036,,0.7462,0.0,0.0,45,fresh,0,0,0,0,True,False,False,missing,0.0,adequate,,,1.0,0,0,1.0,0,1.0,0,,,missing,-0.048762,price_history,,0,0.3185,price_history,,-0.219501,,37.2876,-0.149376,-0.070125,late,small,NONE,commercial_pharma,pit_bundle,,,,0,0.5,,,,,0.7905,,16,0.1,0.043909,,,,
AMGN,Amgen Inc.,205,,C,no_quality_data,,,C,0.041076,,,,,,93,1,specific_days,,neutral,,L,sponsor_confirmed,,,v1.3.0,e094cbec,1,,late|near_91_180|pos,0.1,,1.080124,0,1,0.684383,0.693848,3,7,neutral,0.5766,,5.0829,3.5866,2.1,45,fresh,0,0,0,0,True,False,True,near,1.0,adequate,,,1.0,0,0,1.0,0,1.0,0,93,,specific_days,0.010631,price_history,,3,0.0878,price_history,,-0.123773,,33.2786,-0.149376,0.025603,late,large,NONE,commercial_pharma,pit_bundle,CTGOV,CLINICAL_PCD,,0,0.5,,,,,0.7905,,15,0.1,0.041076,,,,
ALVO,Alvotech,206,,C,no_quality_data,,,C,0.038244,,,,,,,0,no_upcoming,,neutral,drawdown_data_missing,M,,,,v1.3.0,e094cbec,1,,late|none|pos,0.1,,1.080124,0,1,0.684383,0.693848,,0,neutral,-0.7036,,0.0,0.0,0.0,,,0,0,0,0,False,False,False,missing,0.0,adequate,,,1.0,0,0,1.0,0,1.0,0,,,missing,,,series_too_short,,,,series_too_short,,series_too_short,,,,late,small,NONE,commercial_pharma,pit_bundle,,,sponsor|drawdown,2,0.5,,,,,0.7905,,14,0.1,0.038244,,,,
REGN,"Regeneron Pharmaceuticals, Inc.",207,,C,no_quality_data,,,C,0.307365,,,,,,215,1,specific_days,,headwind,,L,catalyst_far_lift|sponsor_confirmed|momentum_headwind,,,v1.3.0,e094cbec,1,,late|near_181_270|pos,0.1,,1.080124,0,1,0.489733,0.512974,2,6,buying,0.1499,,6.3731,4.364,14.66,23,fresh,0,0,0,0,True,False,True,far,0.3,adequate,,,1.0,0,0,1.0,0,1.0,0,215,,specific_days,-0.150915,price_history,,2,0.214,price_history,,-0.315462,,27.6492,-0.149376,-0.166086,late,large,NONE,commercial_biotech,pit_bundle,CTGOV,CLINICAL_PCD,,0,0.5,,,,,0.7905,,109,0.1,0.307365,,,,
ALKS,Alkermes plc,208,,C,no_quality_data,,,C,0.032578,,,,,,,0,no_upcoming,,headwind,,M,sponsor_confirmed|momentum_headwind,,,v1.3.0,e094cbec,1,,late|none|pos,0.1,,1.080124,0,1,0.684383,0.693848,2,5,selling,0.1499,,3.6171,2.6833,8.3,23,fresh,0,0,0,0,True,False,False,missing,0.0,adequate,,,1.0,0,0,1.0,0,1.0,0,,,missing,-0.056567,price_history,,2,0.883,price_history,,-0.17931,,35.9454,-0.149376,-0.029934,late,mid,NONE,commercial_pharma,pit_bundle,,,,0,0.5,,,,,0.7905,,12,0.1,0.032578,,,,
PTCT,"PTC Therapeutics, Inc.",209,,C,no_quality_data,,,C,0.298867,,,,,,153,1,specific_days,,headwind,,M,sponsor_confirmed|momentum_headwind,,,v1.3.0,e094cbec,1,,late|near_91_180|pos,0.1,,1.080124,0,1,0.489733,0.512974,7,11,selling,2.2836,,12.4667,11.253,4.49,1,fresh,0,0,0,0,True,False,True,mid,0.7,adequate,,,1.0,0,0,1.0,0,1.0,0,153,,specific_days,-0.151141,price_history,,7,0.5667,price_history,,-0.171503,,39.3907,-0.149376,-0.022127,late,mid,NONE,commercial_biotech,pit_bundle,CTGOV,CLINICAL_PCD,,0,0.5,,,,,0.7905,,106,0.1,0.298867,,,,
NVAX,"Novavax, Inc.",210,,C,no_quality_data,,,C,0.264873,,,,,,,0,no_upcoming,,tailwind,high_vol,L,sponsor_confirmed|momentum_tailwind|high_risk,,,v1.3.0,e094cbec,1,,late|none|pos,0.1,,1.080124,0,1,0.489733,0.512974,6,9,buying,1.8569,,8.9283,7.7158,2.38,45,fresh,0,0,0,0,True,False,False,missing,0.0,adequate,,,1.0,0,0,1.0,0,1.0,0,,,missing,0.456579,price_history,,6,1.7875,price_history,,-0.277248,,49.8824,-0.149376,-0.127872,late,small,SEV1,commercial_biotech,pit_bundle,,,,0,0.5,,,,,0.7905,,94,0.1,0.264873,,,,
MDGL,"Madrigal Pharmaceuticals, Inc.",211,,C,no_quality_data,,,C,0.233711,,,,,,,0,no_upcoming,,neutral,,L,sponsor_confirmed,,,v1.3.0,e094cbec,1,,late|none|pos,0.1,,1.080124,0,1,0.489733,0.512974,2,4,selling,0.1499,,2.707,2.1482,0.77,45,fresh,0,0,0,0,True,False,False,missing,0.0,adequate,,,1.0,0,0,1.0,0,1.0,0,,,missing,-0.019793,price_history,,2,0.5111,price_history,,-0.093568,,53.365,-0.149376,0.055808,late,large,NONE,commercial_biotech,pit_bundle,,,,0,0.5,,,,,0.7905,,83,0.1,0.233711,,,,
INCY,Incyte Corporation,212,,C,no_quality_data,,,C,0.196884,,,,,,153,1,specific_days,,headwind,,M,sponsor_confirmed|momentum_headwind,,,v1.3.0,e094cbec,1,,late|near_91_180|pos,0.1,,1.080124,0,1,0.489733,0.512974,4,8,selling,1.0034,,6.8255,5.1929,11.47,45,fresh,0,0,0,0,True,False,True,mid,0.7,adequate,,,1.0,0,0,1.0,0,1.0,0,153,,specific_days,-0.155478,price_history,,4,0.7642,price_history,,-0.282888,,34.6451,-0.149376,-0.133512,late,large,NONE,commercial_biotech,pit_bundle,CTGOV,CLINICAL_PCD,,0,0.5,,,,,0.7905,,70,0.1,0.196884,,,,
GMAB,Genmab A/S,213,,C,no_quality_data,,,C,0.179887,,,,,,,0,no_upcoming,,headwind,,S,momentum_headwind,,,v1.3.0,e094cbec,1,,late|none|pos,0.1,,1.080124,0,1,0.489733,0.512974,0,4,neutral,-0.7036,,1.4937,0.0,0.0,45,fresh,0,0,0,0,True,False,False,missing,0.0,adequate,,,1.0,0,0,1.0,0,1.0,0,,,missing,-0.154485,price_history,,0,0.2821,price_history,,-0.237162,,22.2253,-0.149376,-0.087786,late,large,NONE,commercial_biotech,pit_bundle,,,,0,0.5,,,,,0.7905,,64,0.1,0.179887,,,,
EXEL,"Exelixis, Inc.",214,,C,no_quality_data,,,C,0.165722,,,,,,,0,no_upcoming,,tailwind,,L,sponsor_confirmed|momentum_tailwind,,,v1.3.0,e094cbec,1,,late|none|pos,0.1,,1.080124,0,1,0.489733,0.512974,3,6,selling,0.5766,,4.9056,3.6052,1.8,45,fresh,0,0,0,0,True,False,False,missing,0.0,adequate,,,1.0,0,0,1.0,0,1.0,0,,,missing,0.072282,price_history,,3,0.5176,price_history,,-0.210066,,44.053,-0.149376,-0.06069,late,large,NONE,commercial_biotech,pit_bundle,,,,0,0.5,,,,,0.7905,,59,0.1,0.165722,,,,
BNTX,BioNTech SE,215,,C,no_quality_data,,,C,0.100567,,,,,,,0,no_upcoming,,headwind,,M,sponsor_confirmed|momentum_headwind,,,v1.3.0,e094cbec,1,,late|none|pos,0.1,,1.080124,0,1,0.489733,0.512974,4,6,buying,1.0034,,5.6148,4.6773,1.57,45,fresh,0,0,0,0,True,False,False,missing,0.0,adequate,,,1.0,0,0,1.0,0,1.0,0,,,missing,-0.173179,price_history,,4,0.4514,price_history,,-0.158329,,44.8681,-0.149376,-0.008953,late,large,NONE,commercial_biotech,pit_bundle,,,,0,0.5,,,,,0.7905,,36,0.1,0.100567,,,,
AXSM,"Axsome Therapeutics, Inc.",216,,C,no_quality_data,,,C,0.080737,,,,,,,0,no_upcoming,,headwind,,M,sponsor_confirmed|momentum_headwind,,,v1.3.0,e094cbec,1,,late|none|pos,0.1,,1.080124,0,1,0.489733,0.512974,6,9,selling,1.8569,,6.6152,5.584,2.87,45,fresh,0,0,0,0,True,False,False,missing,0.0,adequate,,,1.0,0,0,1.0,0,1.0,0,,,missing,-0.146484,price_history,,6,0.6734,price_history,,-0.317459,,35.5097,-0.149376,-0.168083,late,mid,NONE,commercial_biotech,pit_bundle,,,,0,0.5,,,,,0.7905,,29,0.1,0.080737,,,,
ARGX,argenx SE,217,,C,no_quality_data,,,C,0.066572,,,,,,185,1,specific_days,,tailwind,,L,catalyst_far_lift|sponsor_confirmed|momentum_tailwind,,,v1.3.0,e094cbec,1,,late|near_181_270|pos,0.1,,1.080124,0,1,0.489733,0.512974,7,9,buying,2.2836,,11.564,11.0053,4.76,44,fresh,0,0,0,0,True,False,True,far,0.3,adequate,,,1.0,0,0,1.0,0,1.0,0,185,,specific_days,0.106987,price_history,,7,0.4085,price_history,,-0.130499,,45.4823,-0.149376,0.018877,late,large,NONE,commercial_biotech,pit_bundle,CTGOV,CLINICAL_PCD,,0,0.5,,,,,0.7905,,24,0.1,0.066572,,,,
ALNY,"Alnylam Pharmaceuticals, Inc.",218,,C,no_quality_data,,,C,0.035411,,,,,,,0,no_upcoming,,tailwind,,L,sponsor_confirmed|momentum_tailwind,,,v1.3.0,e094cbec,1,,late|none|pos,0.1,,1.080124,0,1,0.489733,0.512974,3,6,buying,0.5766,,8.338,7.0255,5.9,45,fresh,0,0,0,0,True,False,False,missing,0.0,adequate,,,1.0,0,0,1.0,0,1.0,0,,,missing,0.065136,price_history,,3,0.666,price_history,,-0.157038,,44.3458,-0.149376,-0.007662,late,large,NONE,commercial_biotech,pit_bundle,,,,0,0.5,,,,,0.7905,,13,0.1,0.035411,,,,
VTRS,Viatris Inc.,219,,C,no_quality_data,,,C,0.794618,,,,,,,0,no_upcoming,,headwind,,S,momentum_headwind,,,v1.3.0,e094cbec,1,,early|none|nonpos,0.06969944897959185,,,,,-1.940062,-1.92469,,0,neutral,-0.7036,,0.0,0.0,0.0,,,0,0,0,0,False,False,False,missing,0.0,adequate,,,1.0,0,0,1.0,0,1.0,0,,,missing,-0.147638,price_history,,,0.2714,price_history,,-0.209265,,24.9611,-0.149376,-0.059889,early,large,NONE,commercial_pharma,pit_bundle,,,sponsor,1,0.5,,,,,0.0,,281,0.06969944897959185,0.794618,,,,
VCYT,"Veracyte, Inc.",220,,C,no_quality_data,,,C,0.791785,,,,,,,0,no_upcoming,,headwind,,S,momentum_headwind,,,v1.3.0,e094cbec,1,,early|none|nonpos,0.06969944897959185,,,,,-0.862224,-0.923957,0,2,buying,-0.7036,,0.8438,0.0,0.0,45,fresh,0,0,0,0,True,False,False,missing,0.0,adequate,,,1.0,0,0,1.0,0,1.0,0,,,missing,-0.100035,price_history,,0,1.4689,price_history,,-0.286557,,41.1677,-0.149376,-0.137181,early,mid,NONE,platform_diagnostics,pit_bundle,,,,0,0.5,,,,,0.0,,280,0.06969944897959185,0.791785,,,,
TWST,Twist Bioscience Corporation,221,,C,no_quality_data,,,C,0.788952,,,,,,,0,no_upcoming,,neutral,high_beta,M,sponsor_confirmed|high_risk,,,v1.3.0,e094cbec,1,,early|none|nonpos,0.06969944897959185,,-1.305798,,1,-0.427473,-0.49775,3,5,buying,0.5766,,6.3014,5.5514,3.4,45,fresh,0,0,0,0,True,False,False,missing,0.0,adequate,,,1.0,0,0,1.0,0,1.0,0,,,missing,0.017874,price_history,,3,1.9025,price_history,,-0.338174,,40.6907,-0.149376,-0.188798,early,mid,NONE,platform_diagnostics,pit_bundle,,,,0,0.5,,,,,0.15,,279,0.06969944897959185,0.788952,,,,
ACAD,ACADIA Pharmaceuticals Inc.,222,,C,no_quality_data,,,C,0.009915,,,,,,,0,no_upcoming,,headwind,,M,sponsor_confirmed|momentum_headwind,,,v1.3.0,e094cbec,1,,late|none|pos,0.1,,1.080124,0,1,0.489733,0.512974,8,12,buying,2.7103,,14.7755,13.2818,7.13,44,fresh,0,0,0,0,True,False,False,missing,0.0,adequate,,,1.0,0,0,1.0,0,1.0,0,,,missing,-0.189951,price_history,,8,0.4823,price_history,,-0.140877,,44.8247,-0.149376,0.008499,late,mid,NONE,commercial_biotech,pit_bundle,,,,0,0.5,,,,,0.7905,,4,0.1,0.009915,,,,
CMPS,COMPASS Pathways Plc - American,223,,C,no_quality_data,,,C,0.451841,,,,,,,0,no_upcoming,,neutral,drawdown_data_missing,L,sponsor_confirmed,,,v1.3.0,e094cbec,1,,mid|none|pos,0.08701244092219021,,-0.413064,152,1,0.267124,0.302466,3,4,buying,0.5766,,6.5994,6.1307,3.7,44,fresh,0,0,0,0,True,False,False,missing,0.0,adequate,,,1.0,0,0,1.0,0,1.0,0,,,missing,,,series_too_short,3,,,series_too_short,,series_too_short,,,,mid,small,NONE,platform_services,pit_bundle,,,drawdown,1,0.5,,,,,0.389654,,160,0.08701244092219021,0.451841,,,,
RPRX,Royalty Pharma plc,224,,C,no_quality_data,,,C,0.752125,,,,,,,0,no_upcoming,,tailwind,,L,sponsor_confirmed|momentum_tailwind,,,v1.3.0,e094cbec,1,,early|none|nonpos,0.06969944897959185,,,,,-2.869758,-2.754595,3,5,selling,0.5766,,4.0118,3.4245,2.13,45,fresh,0,0,0,0,True,False,False,missing,0.0,adequate,,,1.0,0,0,1.0,0,1.0,0,,,missing,0.070942,price_history,,3,0.2329,price_history,,-0.115151,,44.2359,-0.149376,0.034225,early,large,NONE,commercial_biotech,pit_bundle,,,,0,0.5,,,,,0.0,,266,0.06969944897959185,0.752125,,,,
RGEN,Repligen Corporation,225,,C,no_quality_data,,,C,0.746459,,,,,,,0,no_upcoming,,tailwind,,L,momentum_tailwind,,,v1.3.0,e094cbec,1,,early|none|nonpos,0.06969944897959185,,,,,-0.862224,-0.753788,1,5,buying,-0.2768,,3.4348,1.7535,1.29,45,fresh,0,0,0,0,True,False,False,missing,0.0,adequate,,,1.0,0,0,1.0,0,1.0,0,,,missing,0.063309,price_history,,1,0.5023,price_history,,-0.061301,,50.5646,-0.149376,0.088075,early,mid,NONE,platform_devices,pit_bundle,,,,0,0.5,,,,,0.0,,264,0.06969944897959185,0.746459,,,,
QTRX,Quanterix Corporation,226,,C,no_quality_data,,,C,0.740793,,,,,,,0,no_upcoming,,tailwind,,M,momentum_tailwind|runway_short,,,v1.3.0,e094cbec,1,,early|none|nonpos,0.06969944897959185,,,,,-0.862224,-0.753788,0,1,selling,-0.7036,,0.2812,0.0,0.0,45,fresh,0,0,0,0,True,False,False,missing,0.0,short,,,1.0,0,0,1.0,0,1.0,0,,,missing,0.653741,price_history,,0,0.8906,price_history,,-0.164276,,50.2738,-0.149376,-0.0149,early,small,SEV2,platform_devices,pit_bundle,,,,0,0.5,,,,,0.0,,262,0.06969944897959185,0.740793,,,,
AMLX,"Amylyx Pharmaceuticals, Inc.",227,,C,no_quality_data,,,C,0.44051,,,,,,,0,no_upcoming,,neutral,drawdown_data_missing,M,,,,v1.3.0,e094cbec,1,,mid|none|pos,0.08701244092219021,,0.635471,1,1,0.288087,0.298444,,0,neutral,-0.7036,,0.0,0.0,0.0,,,0,0,0,0,False,False,False,missing,0.0,adequate,,,1.0,0,0,1.0,0,1.0,0,,,missing,,,series_too_short,,,,series_too_short,,series_too_short,,,,mid,small,NONE,commercial_pharma,pit_bundle,,,sponsor|drawdown,2,0.5,,,,,0.671133,,156,0.08701244092219021,0.44051,,,,
PSNL,"Personalis, Inc.",228,,C,no_quality_data,,,C,0.735127,,,,,,,0,no_upcoming,,neutral,deep_drawdown,S,runway_short,,,v1.3.0,e094cbec,1,,early|none|nonpos,0.06969944897959185,,,,,-0.862224,-0.923957,1,3,buying,-0.2768,,1.7125,0.7812,0.13,45,fresh,0,0,0,0,True,False,False,missing,0.0,short,,,1.0,0,0,1.0,0,1.0,0,,,missing,-0.014495,price_history,,1,1.195,price_history,,-0.395727,,32.4894,-0.149376,-0.246351,early,small,SEV2,platform_diagnostics,pit_bundle,,,,0,0.5,,,,,0.0,,260,0.06969944897959185,0.735127,,,,
PCRX,"Pacira BioSciences, Inc.",229,,C,no_quality_data,,,C,0.723796,,,,,,,0,no_upcoming,,tailwind,,L,sponsor_confirmed|momentum_tailwind,,,v1.3.0,e094cbec,1,,early|none|nonpos,0.06969944897959185,,-1.305798,,1,-1.442064,-1.427813,2,5,buying,0.1499,,4.7251,3.4188,1.75,1,fresh,0,0,0,0,True,False,False,missing,0.0,adequate,,,1.0,0,0,1.0,0,1.0,0,,,missing,0.13233,price_history,,2,0.7181,price_history,,-0.067496,,50.9513,-0.149376,0.08188,early,small,NONE,commercial_pharma,pit_bundle,,,,0,0.5,,,,,0.15,,256,0.06969944897959185,0.723796,,,,
PAHC,Phibro Animal Health Corporatio,230,,C,no_quality_data,,,C,0.720963,,,,,,,0,no_upcoming,,tailwind,,L,momentum_tailwind,,,v1.3.0,e094cbec,1,,early|none|nonpos,0.06969944897959185,,,,,-1.940062,-1.92469,0,3,selling,-0.7036,,1.0275,0.0,0.0,45,fresh,0,0,0,0,True,False,False,missing,0.0,adequate,,,1.0,0,0,1.0,0,1.0,0,,,missing,0.113225,price_history,,0,0.2548,price_history,,-0.224637,,46.419,-0.149376,-0.075261,early,small,NONE,commercial_pharma,pit_bundle,,,,0,0.5,,,,,0.0,,255,0.06969944897959185,0.720963,,,,
OPCH,"Option Care Health, Inc.",231,,C,no_quality_data,,,C,0.709632,,,,,,,0,no_upcoming,,tailwind,,L,momentum_tailwind,,,v1.3.0,e094cbec,1,,early|none|nonpos,0.06969944897959185,,,,,-0.862224,-1.027407,0,2,buying,-0.7036,,0.9313,0.0,0.0,45,fresh,0,0,0,0,True,False,False,missing,0.0,adequate,,,1.0,0,0,1.0,0,1.0,0,,,missing,0.188043,price_history,,0,0.2701,price_history,,-0.038577,,53.1059,-0.149376,0.110799,early,mid,NONE,platform_services,pit_bundle,,,,0,0.5,,,,,0.0,,251,0.06969944897959185,0.709632,,,,
MYGN,"Myriad Genetics, Inc.",232,,C,no_quality_data,,,C,0.692635,,,,,,,0,no_upcoming,,tailwind,,L,momentum_tailwind,,,v1.3.0,e094cbec,1,,early|none|nonpos,0.06969944897959185,,,,,-0.862224,-0.923957,0,4,buying,-0.7036,,1.8687,0.0,0.0,45,fresh,0,0,0,0,True,False,False,missing,0.0,adequate,,,1.0,0,0,1.0,0,1.0,0,,,missing,0.67375,price_history,,0,0.5742,price_history,,-0.027122,,61.2129,-0.149376,0.122254,early,small,NONE,platform_diagnostics,pit_bundle,,,,0,0.5,,,,,0.0,,245,0.06969944897959185,0.692635,,,,
MEDP,"Medpace Holdings, Inc.",233,,C,no_quality_data,,,C,0.675637,,,,,,,0,no_upcoming,,tailwind,,L,momentum_tailwind,,,v1.3.0,e094cbec,1,,early|none|nonpos,0.06969944897959185,,-1.305798,,1,-0.427473,-0.49775,0,3,buying,-0.7036,,1.4,0.0,0.0,45,fresh,0,0,0,0,True,False,False,missing,0.0,adequate,,,1.0,0,0,1.0,0,1.0,0,,,missing,0.227061,price_history,,0,0.3412,price_history,,-0.034649,,61.8888,-0.149376,0.114727,early,large,NONE,platform_diagnostics,pit_bundle,,,,0,0.5,,,,,0.15,,239,0.06969944897959185,0.675637,,,,
LFCR,"Lifecore Biomedical, Inc.",234,,C,no_quality_data,,,C,0.667139,,,,,,,0,no_upcoming,,tailwind,,L,momentum_tailwind,,,v1.3.0,e094cbec,1,,early|none|nonpos,0.06969944897959185,,,,,-1.940062,-1.92469,0,3,buying,-0.7036,,1.4,0.0,0.0,45,fresh,0,0,0,0,True,False,False,missing,0.0,adequate,,,1.0,0,0,1.0,0,1.0,0,,,missing,0.084671,price_history,,0,-0.0656,price_history,,-0.074689,,46.7079,-0.149376,0.074687,early,small,NONE,commercial_pharma,pit_bundle,,,,0,0.5,,,,,0.0,,236,0.06969944897959185,0.667139,,,,
ILMN,"Illumina, Inc.",235,,C,no_quality_data,,,C,0.647309,,,,,,,0,no_upcoming,,tailwind,,L,sponsor_confirmed|momentum_tailwind,,,v1.3.0,e094cbec,1,,early|none|nonpos,0.06969944897959185,,-1.305798,,1,-0.427473,-0.49775,3,6,selling,0.5766,,3.998,3.158,1.3,45,fresh,0,0,0,0,True,False,False,missing,0.0,adequate,,,1.0,0,0,1.0,0,1.0,0,,,missing,0.31465,price_history,,3,0.4411,price_history,,-0.129468,,48.1599,-0.149376,0.019908,early,large,NONE,platform_diagnostics,pit_bundle,,,,0,0.5,,,,,0.15,,229,0.06969944897959185,0.647309,,,,
HROW,"Harrow, Inc.",236,,C,no_quality_data,,,C,0.644476,,,,,,,0,no_upcoming,,tailwind,,L,momentum_tailwind,,,v1.3.0,e094cbec,1,,early|none|nonpos,0.06969944897959185,,-1.305798,,1,-1.442064,-1.427813,1,2,buying,-0.2768,,3.1803,2.8103,3.23,45,fresh,0,0,0,0,True,False,False,missing,0.0,adequate,,,1.0,0,0,1.0,0,1.0,0,,,missing,0.271735,price_history,,1,0.553,price_history,,-0.304624,,39.4501,-0.149376,-0.155248,early,small,NONE,commercial_pharma,pit_bundle,,,,0,0.5,,,,,0.15,,228,0.06969944897959185,0.644476,,,,
GRAL,"GRAIL, Inc.",237,,C,no_quality_data,,,C,0.641643,,,,,,,0,no_upcoming,,neutral,drawdown_data_missing,S,runway_short,,,v1.3.0,e094cbec,1,,early|none|nonpos,0.06969944897959185,,-1.305798,,1,-0.427473,-0.49775,,0,neutral,-0.7036,,0.0,0.0,0.0,,,0,0,0,0,False,False,False,missing,0.0,short,,,1.0,0,0,1.0,0,1.0,0,,,missing,,,series_too_short,,,,series_too_short,,series_too_short,,,,early,mid,SEV2,platform_diagnostics,pit_bundle,,,sponsor|drawdown,2,0.5,,,,,0.15,,227,0.06969944897959185,0.641643,,,,
FTRE,Fortrea Holdings Inc.,238,,C,no_quality_data,,,C,0.633144,,,,,,,0,no_upcoming,,neutral,drawdown_data_missing,M,,,,v1.3.0,e094cbec,1,,early|none|nonpos,0.06969944897959185,,,,,-2.869758,-2.754595,,0,neutral,-0.7036,,0.0,0.0,0.0,,,0,0,0,0,False,False,False,missing,0.0,adequate,,,1.0,0,0,1.0,0,1.0,0,,,missing,,,series_too_short,,,,series_too_short,,series_too_short,,,,early,small,NONE,commercial_biotech,pit_bundle,,,sponsor|drawdown,2,0.5,,,,,0.0,,224,0.06969944897959185,0.633144,,,,
ETON,"Eton Pharmaceuticals, Inc.",239,,C,no_quality_data,,,C,0.61898,,,,,,,0,no_upcoming,,headwind,,S,momentum_headwind,,,v1.3.0,e094cbec,1,,early|none|nonpos,0.06969944897959185,,,,,-1.940062,-1.92469,1,1,buying,-0.2768,,3.125,3.125,5.62,45,fresh,0,0,0,0,True,False,False,missing,0.0,adequate,,,1.0,0,0,1.0,0,1.0,0,,,missing,-0.083733,price_history,,1,0.7111,price_history,,-0.214499,,31.3823,-0.149376,-0.065123,early,small,NONE,commercial_pharma,pit_bundle,,,,0,0.5,,,,,0.0,,219,0.06969944897959185,0.61898,,,,
TXG,"10x Genomics, Inc.",240,,C,no_quality_data,,,C,0.51983,,,,,,,0,no_upcoming,,tailwind,,L,sponsor_confirmed|momentum_tailwind,,,v1.3.0,e094cbec,1,,mid|none|pos,0.08701244092219021,,-0.653899,1082,1,0.079741,0.081811,2,5,buying,0.1499,,4.3821,2.9821,1.98,45,fresh,0,0,0,0,True,False,False,missing,0.0,adequate,,,1.0,0,0,1.0,0,1.0,0,,,missing,0.073919,price_history,,2,0.7878,price_history,,-0.095855,,49.4084,-0.149376,0.053521,mid,mid,NONE,platform_services,pit_bundle,,,,0,0.5,,,,,0.325002,,184,0.08701244092219021,0.51983,,,,
CTKB,"Cytek Biosciences, Inc.",241,,C,no_quality_data,,,C,0.59915,,,,,,,0,no_upcoming,,neutral,drawdown_data_missing,M,,,,v1.3.0,e094cbec,1,,early|none|nonpos,0.06969944897959185,,,,,-0.862224,-0.753788,,0,neutral,-0.7036,,0.0,0.0,0.0,,,0,0,0,0,False,False,False,missing,0.0,adequate,,,1.0,0,0,1.0,0,1.0,0,,,missing,,,series_too_short,,,,series_too_short,,series_too_short,,,,early,small,NONE,platform_devices,pit_bundle,,,sponsor|drawdown,2,0.5,,,,,0.0,,212,0.06969944897959185,0.59915,,,,
CSTL,"Castle Biosciences, Inc.",242,,C,no_quality_data,,,C,0.596317,,,,,,,0,no_upcoming,,tailwind,,L,sponsor_confirmed|momentum_tailwind,,,v1.3.0,e094cbec,1,,early|none|nonpos,0.06969944897959185,,,,,-0.862224,-0.923957,2,5,selling,0.1499,,2.9897,1.9622,0.92,45,fresh,0,0,0,0,True,False,False,missing,0.0,adequate,,,1.0,0,0,1.0,0,1.0,0,,,missing,0.45879,price_history,,2,1.2529,price_history,,-0.218329,,43.4429,-0.149376,-0.068953,early,small,NONE,platform_diagnostics,pit_bundle,,,,0,0.5,,,,,0.0,,211,0.06969944897959185,0.596317,,,,
BRKR,Bruker Corporation,243,,C,no_quality_data,,,C,0.582153,,,,,,,0,no_upcoming,,tailwind,,L,momentum_tailwind,,,v1.3.0,e094cbec,1,,early|none|nonpos,0.06969944897959185,,,,,-0.862224,-0.753788,0,3,neutral,-0.7036,,1.1212,0.0,0.0,45,fresh,0,0,0,0,True,False,False,missing,0.0,adequate,,,1.0,0,0,1.0,0,1.0,0,,,missing,0.183334,price_history,,0,0.1918,price_history,,-0.051042,,53.3151,-0.149376,0.098334,early,mid,NONE,platform_devices,pit_bundle,,,,0,0.5,,,,,0.0,,206,0.06969944897959185,0.582153,,,,
BMEA,Healthcare,244,,C,no_quality_data,,,C,0.57932,,,,,,,0,no_upcoming,,neutral,drawdown_data_missing,S,runway_short,,,v1.3.0,e094cbec,1,,early|none|nonpos,0.06969944897959185,,-1.305798,,1,-2.232284,-2.134563,,0,neutral,-0.7036,,0.0,0.0,0.0,,,0,0,0,0,False,False,False,missing,0.0,short,,,1.0,0,0,1.0,0,1.0,0,,,missing,,,series_too_short,,,,series_too_short,,series_too_short,,,,early,micro,SEV2,commercial_biotech,pit_bundle,,,sponsor|drawdown,2,0.5,,,,,0.15,,205,0.06969944897959185,0.57932,,,,
AVTR,"Avantor, Inc.",245,,C,no_quality_data,,,C,0.565156,,,,,,,0,no_upcoming,,neutral,,M,,,,v1.3.0,e094cbec,1,,early|none|nonpos,0.06969944897959185,,,,,-0.862224,-0.753788,1,6,buying,-0.2768,,5.8028,3.125,4.76,45,fresh,0,0,0,0,True,False,False,missing,0.0,adequate,,,1.0,0,0,1.0,0,1.0,0,,,missing,-0.005729,price_history,,1,0.2433,price_history,,-0.091887,,39.5408,-0.149376,0.057489,early,mid,NONE,platform_devices,pit_bundle,,,,0,0.5,,,,,0.0,,200,0.06969944897959185,0.565156,,,,
LEGN,Legend Biotech Corporation,246,,C,no_quality_data,,,C,0.485836,,,,,,,0,no_upcoming,,headwind,deep_drawdown,M,sponsor_confirmed|momentum_headwind,,,v1.3.0,e094cbec,1,,mid|none|pos,0.08701244092219021,,0.649876,0,1,-0.001122,0.035549,4,5,selling,1.0034,,2.7807,2.4995,1.36,45,fresh,0,0,0,0,True,False,False,missing,0.0,adequate,,,1.0,0,0,1.0,0,1.0,0,,,missing,-0.166885,price_history,,4,0.7214,price_history,,-0.361372,,48.9024,-0.149376,-0.211996,mid,mid,NONE,commercial_biotech,pit_bundle,,,,0,0.5,,,,,0.675,,172,0.08701244092219021,0.485836,,,,
ARWR,"Arrowhead Pharmaceuticals, Inc.",247,,C,no_quality_data,,,C,0.443343,,,,,,,0,no_upcoming,,tailwind,,L,momentum_tailwind,,,v1.3.0,e094cbec,1,,mid|none|pos,0.08701244092219021,,0.649876,0,1,-0.001122,0.035549,1,4,buying,-0.2768,,2.9211,1.7024,1.19,45,fresh,0,0,0,0,True,False,False,missing,0.0,adequate,,,1.0,0,0,1.0,0,1.0,0,,,missing,0.162758,price_history,,1,0.9889,price_history,,-0.119487,,43.3751,-0.149376,0.029889,mid,mid,NONE,commercial_biotech,pit_bundle,,,,0,0.5,,,,,0.675,,157,0.08701244092219021,0.443343,,,,
SIGA,SIGA Technologies Inc.,248,,C,no_quality_data,,,C,0.32153,,,,,,,0,no_upcoming,,headwind,,S,momentum_headwind,,,v1.3.0,e094cbec,1,,late|none|nonpos,0.1,,-0.223658,,1,-0.47761,-0.46553,1,5,buying,-0.2768,,2.5101,1.0164,0.42,45,fresh,0,0,0,0,True,False,False,missing,0.0,adequate,,,1.0,0,0,1.0,0,1.0,0,,,missing,-0.123711,price_history,,1,0.3174,price_history,,-0.185567,,38.2315,-0.149376,-0.036191,late,small,NONE,commercial_pharma,pit_bundle,,,,0,0.5,,,,,0.4405,,114,0.1,0.32153,,,,
ONC,BeOne Medicines Ltd.,249,,C,no_quality_data,,,C,0.279037,,,,,,,0,no_upcoming,,tailwind,,L,momentum_tailwind,,,v1.3.0,e094cbec,1,,late|none|nonpos,0.1,,-0.113008,222,1,-0.871471,-0.810985,,0,neutral,-0.7036,,0.0,0.0,0.0,,,0,0,0,0,False,False,False,missing,0.0,adequate,,,1.0,0,0,1.0,0,1.0,0,,,missing,0.170605,price_history,,,0.7196,price_history,,-0.162567,,41.3986,-0.149376,-0.013191,late,large,NONE,commercial_biotech,pit_bundle,,,sponsor,1,0.5,,,,,0.470204,,99,0.1,0.279037,,,,
HRMY,"Harmony Biosciences Holdings, I",250,,C,no_quality_data,,,C,0.18272,,,,,,,0,no_upcoming,,headwind,,M,sponsor_confirmed|momentum_headwind,,,v1.3.0,e094cbec,1,,late|none|nonpos,0.1,,-0.220242,535,1,-0.993811,-0.929977,4,5,buying,1.0034,,6.8706,6.4018,18.05,44,fresh,0,0,0,0,True,False,False,missing,0.0,adequate,,,1.0,0,0,1.0,0,1.0,0,,,missing,-0.218361,price_history,,4,0.3422,price_history,,-0.309116,,40.1191,-0.149376,-0.15974,late,mid,NONE,commercial_biotech,pit_bundle,,,,0,0.5,,,,,0.441417,,65,0.1,0.18272,,,,
APLS,"Apellis Pharmaceuticals, Inc.",251,,C,no_quality_data,,,C,0.058074,,,,,,,0,no_upcoming,,headwind,,M,sponsor_confirmed|momentum_headwind,,,v1.3.0,e094cbec,1,,late|none|pos,0.1,,0.69001,32,1,0.044665,0.080084,5,7,selling,1.4301,,7.0186,6.4561,2.3,45,fresh,0,0,0,0,True,False,False,missing,0.0,adequate,,,1.0,0,0,1.0,0,1.0,0,,,missing,-0.065447,price_history,,5,0.7764,price_history,,-0.160655,,53.5436,-0.149376,-0.011279,late,mid,NONE,commercial_biotech,pit_bundle,,,,0,0.5,,,,,0.685774,,21,0.1,0.058074,,,,
EOLS,"Evolus, Inc. Common Stock",252,,C,no_quality_data,,,C,0.160057,,,,,,,0,no_upcoming,,tailwind,high_vol|overbought_rsi,S,momentum_tailwind|runway_short|high_risk,,,v1.3.0,e094cbec,1,,late|none|nonpos,0.1,,-0.223658,,1,-0.47761,-0.46553,1,4,neutral,-0.2768,,1.8087,0.7812,0.06,45,fresh,0,0,0,0,True,False,False,missing,0.0,short,,,1.0,0,0,1.0,0,1.0,0,,,missing,2.047093,price_history,,1,1.7748,price_history,,-0.014646,,70.7646,-0.149376,0.13473,late,small,SEV2,commercial_pharma,pit_bundle,,,,0,0.5,,,,,0.4405,,57,0.1,0.160057,,,,
COLL,"Collegium Pharmaceutical, Inc.",253,,C,no_quality_data,,,C,0.128895,,,,,,,0,no_upcoming,,tailwind,,L,sponsor_confirmed|momentum_tailwind,,,v1.3.0,e094cbec,1,,late|none|nonpos,0.1,,-0.223658,,1,-0.47761,-0.46553,2,4,buying,0.1499,,3.6055,2.7668,0.97,45,fresh,0,0,0,0,True,False,False,missing,0.0,adequate,,,1.0,0,0,1.0,0,1.0,0,,,missing,0.257486,price_history,,2,0.1631,price_history,,-0.096169,,47.1236,-0.149376,0.053207,late,small,NONE,commercial_pharma,pit_bundle,,,,0,0.5,,,,,0.4405,,46,0.1,0.128895,,,,
BIOA,"BioAge Labs, Inc.",254,,C,no_quality_data,,,C,0.094901,,,,,,,0,no_upcoming,,neutral,drawdown_data_missing,M,,,,v1.3.0,e094cbec,1,,mid|none|nonpos,0.1,,-0.641088,416,1,-0.849644,-0.836726,,0,neutral,-0.7036,,0.0,0.0,0.0,,,0,0,0,0,False,False,False,missing,0.0,adequate,,,1.0,0,0,1.0,0,1.0,0,,,missing,,,series_too_short,,,,series_too_short,,series_too_short,,,,mid,small,NONE,commercial_pharma,pit_bundle,,,sponsor|drawdown,2,0.5,,,,,0.328441,,34,0.1,0.094901,,,,
GLPG,Galapagos NV,,,D,ineligible,D,ineligible,,0.406516,,,0.087209,1,0.087209,580,1,specific_days,,headwind,deep_drawdown|deep_drawdown_rel_xbi,XS,ineligible,,,v1.3.0,e094cbec,0,deep_drawdown,late|far_271_540|pos,0.0961064745762712,,1.080124,0,1,1.358957,1.202436,3,6,selling,0.5766,,3.2939,2.2664,0.71,45,fresh,0,0,0,0,True,False,True,far,0.3,adequate,,,1.0,0,0,1.0,0,1.0,0,580,,specific_days,-0.378007,price_history,,3,0.4597,price_history,,-0.642811,,27.9362,-0.149376,-0.493435,late,mid,NONE,drug_developer,pit_bundle,CTGOV,CLINICAL_PCD,,0,0.5,,,,,0.7905,,144,0.0961064745762712,0.406516,,,,
TBPH,"Theravance Biopharma, Inc.",,,D,ineligible,D,ineligible,,0.347025,,,0.180233,1,0.180233,,0,no_upcoming,,headwind,deep_drawdown|deep_drawdown_rel_xbi,XS,ineligible,,,v1.3.0,e094cbec,0,deep_drawdown,late|none|pos,0.1,,1.080124,0,1,1.358957,1.202436,3,5,buying,0.5766,,3.9008,3.1508,1.16,45,fresh,0,0,0,0,True,False,False,missing,0.0,adequate,,,1.0,0,0,1.0,0,1.0,0,,,missing,-0.058257,price_history,,3,0.5074,price_history,,-0.460085,,28.8768,-0.149376,-0.310709,late,small,NONE,drug_developer,pit_bundle,,,,0,0.5,,,,,0.7905,,123,0.1,0.347025,,,,
SVRA,"Savara, Inc.",,,D,ineligible,D,ineligible,,0.34136,,,0.176357,1,0.176357,,0,no_upcoming,,tailwind,deep_drawdown|deep_drawdown_rel_xbi,XS,ineligible,,,v1.3.0,e094cbec,0,fundamental_red_flag|sev3|deep_drawdown,late|none|pos,0.1,,1.080124,0,1,1.358957,1.202436,3,4,buying,0.5766,,3.5313,3.0688,2.14,45,fresh,0,0,0,0,True,False,False,missing,0.0,critical,,,1.0,0,0,1.0,0,1.0,0,,,missing,0.21562,price_history,,3,0.4717,price_history,,-0.442623,,48.529,-0.149376,-0.293247,late,small,SEV3,drug_developer,pit_bundle,,,,0,0.5,,,,,0.7905,,121,0.1,0.34136,,,,
OMER,Omeros Corporation,,,D,ineligible,D,ineligible,,0.276204,,,0.141473,1,0.141473,,0,no_upcoming,,tailwind,,XS,ineligible,,,v1.3.0,e094cbec,0,fundamental_red_flag|sev3,late|none|pos,0.1,,1.080124,0,1,1.358957,1.202436,1,4,buying,-0.2768,,3.6046,2.3858,2.33,45,fresh,0,0,0,0,True,False,False,missing,0.0,critical,,,1.0,0,0,1.0,0,1.0,0,,,missing,0.622043,price_history,,1,0.8752,price_history,,-0.152571,,46.5904,-0.149376,-0.003195,late,small,SEV3,drug_developer,pit_bundle,,,,0,0.5,,,,,0.7905,,98,0.1,0.276204,,,,
MESO,Mesoblast Limited,,,D,ineligible,D,ineligible,,0.236544,,,0.125969,1,0.125969,,0,no_upcoming,,headwind,deep_drawdown|deep_drawdown_rel_xbi,XS,ineligible,,,v1.3.0,e094cbec,0,deep_drawdown,late|none|pos,0.1,,1.080124,0,1,1.358957,1.202436,,0,neutral,-0.7036,,0.0,0.0,0.0,,,0,0,0,0,False,False,False,missing,0.0,adequate,,,1.0,0,0,1.0,0,1.0,0,,,missing,-0.353911,price_history,,,-0.0881,price_history,,-0.515396,,44.5114,-0.149376,-0.36602,late,mid,NONE,drug_developer,pit_bundle,,,sponsor,1,0.5,,,,,0.7905,,84,0.1,0.236544,,,,
MCRB,"Seres Therapeutics, Inc.",,,D,ineligible,D,ineligible,,0.230878,,,0.122093,1,0.122093,,0,no_upcoming,,headwind,deep_drawdown|deep_drawdown_rel_xbi,XS,ineligible,,,v1.3.0,e094cbec,0,deep_drawdown,late|none|pos,0.1,,1.080124,0,1,1.358957,1.202436,,0,neutral,-0.7036,,0.0,0.0,0.0,,,0,0,0,0,False,False,False,missing,0.0,short,,,1.0,0,0,1.0,0,1.0,0,,,missing,-0.487069,price_history,,,1.5713,price_history,,-0.495362,,31.2518,-0.149376,-0.345986,late,micro,SEV2,drug_developer,pit_bundle,,,sponsor,1,0.5,,,,,0.7905,,82,0.1,0.230878,,,,
LQDA,Liquidia Corporation,,,D,ineligible,D,ineligible,,0.228045,,,0.118217,1,0.118217,,0,no_upcoming,,headwind,deep_drawdown|deep_drawdown_rel_xbi,XS,ineligible,,,v1.3.0,e094cbec,0,deep_drawdown,late|none|pos,0.1,,1.080124,0,1,1.358957,1.202436,2,4,selling,0.1499,,1.7015,1.1428,0.53,45,fresh,0,0,0,0,True,False,False,missing,0.0,adequate,,,1.0,0,0,1.0,0,1.0,0,,,missing,-0.087311,price_history,,2,0.8084,price_history,,-0.755245,,41.3946,-0.149376,-0.605869,late,mid,NONE,drug_developer,pit_bundle,,,,0,0.5,,,,,0.7905,,81,0.1,0.228045,,,,
INSM,Insmed Incorporated,,,D,ineligible,D,ineligible,,0.199717,,,0.106589,1,0.106589,,0,no_upcoming,,headwind,,XS,ineligible,,,v1.3.0,e094cbec,0,fundamental_red_flag|sev3,late|none|pos,0.1,,1.080124,0,1,1.358957,1.202436,5,8,buying,1.4301,,8.0015,6.789,10.64,45,fresh,0,0,0,0,True,False,False,missing,0.0,critical,,,1.0,0,0,1.0,0,1.0,0,,,missing,-0.188534,price_history,,5,0.9381,price_history,,-0.192551,,38.06,-0.149376,-0.043175,late,large,SEV3,drug_developer,pit_bundle,,,,0,0.5,,,,,0.7905,,71,0.1,0.199717,,,,
IBRX,"ImmunityBio, Inc.",,,D,ineligible,D,ineligible,,0.188385,,,0.098837,1,0.098837,,0,no_upcoming,,tailwind,high_vol|high_beta,XS,ineligible,,,v1.3.0,e094cbec,0,fundamental_red_flag|sev3,late|none|pos,0.1,,1.080124,0,1,1.358957,1.202436,,0,neutral,-0.7036,,0.0,0.0,0.0,,,0,0,0,0,False,False,False,missing,0.0,critical,,,1.0,0,0,1.0,0,1.0,0,,,missing,2.166931,price_history,,,2.0153,price_history,,-0.230533,,59.0302,-0.149376,-0.081157,late,mid,SEV3,drug_developer,pit_bundle,,,sponsor,1,0.5,,,,,0.7905,,67,0.1,0.188385,,,,
HUMA,"Humacyte, Inc.",,,D,ineligible,D,ineligible,,0.185552,,,0.094961,1,0.094961,,0,no_upcoming,,neutral,drawdown_data_missing,XS,ineligible,,,v1.3.0,e094cbec,0,fundamental_red_flag|sev3,late|none|pos,0.1,,1.080124,0,1,1.358957,1.202436,,0,neutral,-0.7036,,0.0,0.0,0.0,,,0,0,0,0,False,False,False,missing,0.0,critical,,,1.0,0,0,1.0,0,1.0,0,,,missing,,,series_too_short,,,,series_too_short,,series_too_short,,,,late,micro,SEV3,drug_developer,pit_bundle,,,sponsor|drawdown,2,0.5,,,,,0.7905,,66,0.1,0.185552,,,,
FOLD,"Amicus Therapeutics, Inc.",,,D,ineligible,D,ineligible,,0.171388,,,0.079457,1,0.079457,,0,no_upcoming,,headwind,deep_drawdown|deep_drawdown_rel_xbi,XS,ineligible,,,v1.3.0,e094cbec,0,deep_drawdown,late|none|pos,0.1,,1.080124,0,1,1.358957,1.202436,6,10,selling,1.8569,,12.6221,11.4071,6.1,44,fresh,0,0,0,0,True,False,False,missing,0.0,adequate,,,1.0,0,0,1.0,0,1.0,0,,,missing,-0.551459,price_history,,6,0.7821,price_history,,-0.506629,,24.312,-0.149376,-0.357253,late,mid,NONE,drug_developer,pit_bundle,,,,0,0.5,,,,,0.7905,,61,0.1,0.171388,,,,
CRVS,"Corvus Pharmaceuticals, Inc.",,,D,ineligible,D,ineligible,,0.140227,,,0.063953,1,0.063953,,0,no_upcoming,,headwind,deep_drawdown,XS,ineligible,,,v1.3.0,e094cbec,0,fundamental_red_flag|sev3,late|none|pos,0.1,,1.080124,0,1,1.358957,1.202436,1,3,buying,-0.2768,,1.6563,0.9125,0.34,45,fresh,0,0,0,0,True,False,False,missing,0.0,critical,,,1.0,0,0,1.0,0,1.0,0,,,missing,-0.179125,price_history,,1,0.4563,price_history,,-0.351955,,42.8848,-0.149376,-0.202579,late,small,SEV3,drug_developer,pit_bundle,,,,0,0.5,,,,,0.7905,,50,0.1,0.140227,,,,
CLDX,"Celldex Therapeutics, Inc.",,,D,ineligible,D,ineligible,,0.120397,,,0.056202,1,0.056202,,0,no_upcoming,,tailwind,,XS,ineligible,,,v1.3.0,e094cbec,0,fundamental_red_flag|sev3,late|none|pos,0.1,,1.080124,0,1,1.358957,1.202436,8,9,buying,2.7103,,12.3015,11.839,6.22,44,fresh,0,0,0,0,True,False,False,missing,0.0,critical,,,1.0,0,0,1.0,0,1.0,0,,,missing,0.165956,price_history,,8,0.3344,price_history,,-0.041416,,69.6131,-0.149376,0.10796,late,small,SEV3,drug_developer,pit_bundle,,,,0,0.5,,,,,0.7905,,43,0.1,0.120397,,,,
CGON,"CG Oncology, Inc.",,,D,ineligible,D,ineligible,,0.114731,,,0.04845,1,0.04845,,0,no_upcoming,,neutral,drawdown_data_missing,XS,ineligible,,,v1.3.0,e094cbec,0,fundamental_red_flag|sev3,late|none|pos,0.1,,1.080124,0,1,1.358957,1.202436,,0,neutral,-0.7036,,0.0,0.0,0.0,,,0,0,0,0,False,False,False,missing,0.0,critical,,,1.0,0,0,1.0,0,1.0,0,,,missing,,,series_too_short,,,,series_too_short,,series_too_short,,,,late,mid,SEV3,drug_developer,pit_bundle,,,sponsor|drawdown,2,0.5,,,,,0.7905,,41,0.1,0.114731,,,,
CDTX,"Cidara Therapeutics, Inc.",,,D,ineligible,D,ineligible,,0.106232,,,0.044574,1,0.044574,,0,no_upcoming,,headwind,deep_drawdown|deep_drawdown_rel_xbi,XS,ineligible,,,v1.3.0,e094cbec,0,deep_drawdown,late|none|pos,0.1,,1.080124,0,1,1.358957,1.202436,,0,neutral,-0.7036,,0.0,0.0,0.0,,,0,0,0,0,False,False,False,missing,0.0,adequate,,,1.0,0,0,1.0,0,1.0,0,,,missing,-0.122451,price_history,,,0.823,price_history,,-0.446341,,41.9105,-0.149376,-0.296965,late,mid,NONE,drug_developer,pit_bundle,,,sponsor,1,0.5,,,,,0.7905,,38,0.1,0.106232,,,,
BMRN,BioMarin Pharmaceutical Inc.,,,D,ineligible,D,ineligible,,0.097734,,,0.036822,1,0.036822,,0,no_upcoming,,headwind,deep_drawdown|deep_drawdown_rel_xbi,XS,ineligible,,,v1.3.0,e094cbec,0,deep_drawdown,late|none|pos,0.1,,1.080124,0,1,1.358957,1.202436,6,9,selling,1.8569,,8.8344,7.6156,7.23,44,fresh,0,0,0,0,True,False,False,missing,0.0,adequate,,,1.0,0,0,1.0,0,1.0,0,,,missing,-0.063811,price_history,,6,0.424,price_history,,-0.409067,,33.6537,-0.149376,-0.259691,late,large,NONE,drug_developer,pit_bundle,,,,0,0.5,,,,,0.7905,,35,0.1,0.097734,,,,
BHVN,Biohaven Ltd.,,,D,ineligible,D,ineligible,,0.092068,,,0.032946,1,0.032946,,0,no_upcoming,,neutral,drawdown_data_missing,XS,ineligible,,,v1.3.0,e094cbec,0,fundamental_red_flag|sev3,late|none|pos,0.1,,1.080124,0,1,1.358957,1.202436,,0,neutral,-0.7036,,0.0,0.0,0.0,,,0,0,0,0,False,False,False,missing,0.0,critical,,,1.0,0,0,1.0,0,1.0,0,,,missing,,,series_too_short,,,,series_too_short,,series_too_short,,,,late,small,SEV3,drug_developer,pit_bundle,,,sponsor|drawdown,2,0.5,,,,,0.7905,,33,0.1,0.092068,,,,
AGIO,"Agios Pharmaceuticals, Inc.",,,D,ineligible,D,ineligible,,0.024079,,,0.00969,1,0.00969,,0,no_upcoming,,neutral,,XS,ineligible,,,v1.3.0,e094cbec,0,fundamental_red_flag|sev3,late|none|pos,0.1,,1.080124,0,1,1.358957,1.202436,4,8,selling,1.0034,,7.2618,5.7681,2.74,45,fresh,0,0,0,0,True,False,False,missing,0.0,critical,,,1.0,0,0,1.0,0,1.0,0,,,missing,-0.049883,price_history,,4,0.6587,price_history,,-0.174957,,41.8093,-0.149376,-0.025581,late,small,SEV3,drug_developer,pit_bundle,,,,0,0.5,,,,,0.7905,,9,0.1,0.024079,,,,
ADCT,ADC Therapeutics SA,,,D,ineligible,D,ineligible,,0.018414,,,0.005814,1,0.005814,,0,no_upcoming,,headwind,deep_drawdown|deep_drawdown_rel_xbi,XS,ineligible,,,v1.3.0,e094cbec,0,deep_drawdown,late|none|pos,0.1,,1.080124,0,1,1.358957,1.202436,3,5,selling,0.5766,,3.8056,2.8681,3.85,1,fresh,0,0,0,0,True,False,False,missing,0.0,adequate,,,1.0,0,0,1.0,0,1.0,0,,,missing,-0.345554,price_history,,3,0.5179,price_history,,-0.479138,,31.0887,-0.149376,-0.329762,late,small,NONE,drug_developer,pit_bundle,,,,0,0.5,,,,,0.7905,,7,0.1,0.018414,,,,
SNDX,"Syndax Pharmaceuticals, Inc.",,,D,ineligible,D,ineligible,,0.811615,,,0.323643,1,0.323643,488,1,specific_days,,neutral,,XS,ineligible,,,v1.3.0,e094cbec,0,fundamental_red_flag|sev3,mid|far_271_540|pos,0.05133853608247423,,0.649876,0,1,0.946417,0.778729,7,9,buying,2.2836,,9.3554,8.5117,1.81,44,fresh,0,0,0,0,True,False,True,far,0.3,critical,,,1.0,0,0,1.0,0,1.0,0,488,,specific_days,-0.034128,price_history,,7,0.7795,price_history,,-0.076778,,58.6589,-0.149376,0.072598,mid,small,SEV3,drug_developer,pit_bundle,CTGOV,CLINICAL_PCD,,0,0.5,,,,,0.675,,287,0.05133853608247423,0.811615,,,,
RCKT,"Rocket Pharmaceuticals, Inc.",,,D,ineligible,D,ineligible,,0.808782,,,0.300388,1,0.300388,366,1,specific_days,,tailwind,high_vol,XS,ineligible,,,v1.3.0,e094cbec,0,fundamental_red_flag|sev3,mid|far_271_540|pos,0.05133853608247423,,0.649876,0,1,0.946417,0.778729,7,9,selling,2.2836,,11.1186,10.4623,12.27,44,fresh,0,0,0,0,True,False,True,far,0.3,critical,,,1.0,0,0,1.0,0,1.0,0,366,,specific_days,0.781896,price_history,,7,0.1185,price_history,,-0.156729,,48.9951,-0.149376,-0.007353,mid,small,SEV3,drug_developer,pit_bundle,CTGOV,CLINICAL_CD,,0,0.5,,,,,0.675,,286,0.05133853608247423,0.808782,,,,
VIR,"Vir Biotechnology, Inc.",,,D,ineligible,D,ineligible,,0.372521,,,0.346899,1,0.346899,,0,no_upcoming,,tailwind,high_vol,XS,ineligible,,,v1.3.0,e094cbec,0,fundamental_red_flag|sev3,late|none|pos,0.1,,0.621643,39,1,0.919346,0.750925,,0,neutral,-0.7036,,0.0,0.0,0.0,,,0,0,0,0,False,False,False,missing,0.0,critical,,,1.0,0,0,1.0,0,1.0,0,,,missing,0.870196,price_history,,,0.8392,price_history,,-0.246058,,50.0807,-0.149376,-0.096682,late,small,SEV3,drug_developer,pit_bundle,,,sponsor,1,0.5,,,,,0.667421,,132,0.1,0.372521,,,,
FULC,"Fulcrum Therapeutics, Inc.",,,D,ineligible,D,ineligible,,0.174221,,,0.21124,1,0.21124,,0,no_upcoming,,neutral,deep_drawdown|deep_drawdown_rel_xbi,XS,ineligible,,,v1.3.0,e094cbec,0,deep_drawdown,late|none|pos,0.1,,0.700221,31,1,0.994689,0.828308,6,6,neutral,1.8569,,5.4032,5.4032,0.82,44,fresh,0,0,0,0,True,False,False,missing,0.0,adequate,,,1.0,0,0,1.0,0,1.0,0,,,missing,0.004674,price_history,,6,0.8766,price_history,,-0.428377,,46.94,-0.149376,-0.279001,late,small,SEV1,drug_developer,pit_bundle,,,,0,0.5,,,,,0.688515,,62,0.1,0.174221,,,,
XNCR,"Xencor, Inc.",,,D,ineligible,D,ineligible,,0.528329,,,0.339147,1,0.339147,,0,no_upcoming,,neutral,,XS,ineligible,,,v1.3.0,e094cbec,0,fundamental_red_flag|sev3,mid|none|pos,0.08701244092219021,,0.649876,0,1,0.946417,0.778729,2,3,buying,0.1499,,4.375,3.9062,12.58,45,fresh,0,0,0,0,True,False,False,missing,0.0,critical,,,1.0,0,0,1.0,0,1.0,0,,,missing,0.049572,price_history,,2,1.0197,price_history,,-0.085561,,50.0943,-0.149376,0.063815,mid,small,SEV3,drug_developer,pit_bundle,,,,0,0.5,,,,,0.675,,187,0.08701244092219021,0.528329,,,,
WVE,Wave Life Sciences Ltd.,,,D,ineligible,D,ineligible,,0.525496,,,0.335271,1,0.335271,,0,no_upcoming,,neutral,deep_drawdown|deep_drawdown_rel_xbi,XS,ineligible,,,v1.3.0,e094cbec,0,deep_drawdown,mid|none|pos,0.08701244092219021,,0.649876,0,1,0.946417,0.778729,4,6,selling,1.0034,,3.5813,2.925,1.21,45,fresh,0,0,0,0,True,False,False,missing,0.0,adequate,,,1.0,0,0,1.0,0,1.0,0,,,missing,-0.015681,price_history,,4,0.7344,price_history,,-0.518424,,40.0922,-0.149376,-0.369048,mid,mid,SEV1,drug_developer,pit_bundle,,,,0,0.5,,,,,0.675,,186,0.08701244092219021,0.525496,,,,
TRVI,"Trevi Therapeutics, Inc.",,,D,ineligible,D,ineligible,,0.516997,,,0.327519,1,0.327519,,0,no_upcoming,,headwind,deep_drawdown|deep_drawdown_rel_xbi,XS,ineligible,,,v1.3.0,e094cbec,0,deep_drawdown,mid|none|pos,0.08701244092219021,,0.649876,0,1,0.946417,0.778729,,0,neutral,-0.7036,,0.0,0.0,0.0,,,0,0,0,0,False,False,False,missing,0.0,adequate,,,1.0,0,0,1.0,0,1.0,0,,,missing,-0.170611,price_history,,,0.8467,price_history,,-0.629678,,40.6263,-0.149376,-0.480302,mid,small,NONE,drug_developer,pit_bundle,,,sponsor,1,0.5,,,,,0.675,,183,0.08701244092219021,0.516997,,,,
SGMO,"Sangamo Therapeutics, Inc.",,,D,ineligible,D,ineligible,,0.511331,,,0.315891,1,0.315891,,0,no_upcoming,,headwind,high_vol|high_beta|deep_drawdown,XS,ineligible,,,v1.3.0,e094cbec,0,fundamental_red_flag|sev3,mid|none|pos,0.08701244092219021,,0.649876,0,1,0.946417,0.778729,4,7,buying,1.0034,,6.1657,4.7657,2.7,45,fresh,0,0,0,0,True,False,False,missing,0.0,critical,,,1.0,0,0,1.0,0,1.0,0,,,missing,-0.077796,price_history,,4,2.0273,price_history,,-0.367987,,31.0683,-0.149376,-0.218611,mid,micro,SEV3,drug_developer,pit_bundle,,,,0,0.5,,,,,0.675,,181,0.08701244092219021,0.511331,,,,
QURE,uniQure N.V.,,,D,ineligible,D,ineligible,,0.5,,,0.296512,1,0.296512,,0,no_upcoming,,headwind,deep_drawdown|deep_drawdown_rel_xbi,XS,ineligible,,,v1.3.0,e094cbec,0,deep_drawdown,mid|none|pos,0.08701244092219021,,0.649876,0,1,0.946417,0.778729,7,10,selling,2.2836,,5.5639,4.5326,0.97,44,fresh,0,0,0,0,True,False,False,missing,0.0,adequate,,,1.0,0,0,1.0,0,1.0,0,,,missing,-0.299216,price_history,,7,0.5561,price_history,,-0.458223,,47.148,-0.149376,-0.308847,mid,small,NONE,drug_developer,pit_bundle,,,,0,0.5,,,,,0.675,,177,0.08701244092219021,0.5,,,,
IMMP,Immutep Limited,,,D,ineligible,D,ineligible,,0.474504,,,0.265504,1,0.265504,,0,no_upcoming,,tailwind,high_vol|high_beta|deep_drawdown|deep_drawdown_rel_xbi,XS,ineligible,,,v1.3.0,e094cbec,0,deep_drawdown,mid|none|pos,0.08701244092219021,,0.649876,0,1,0.946417,0.778729,0,1,selling,-0.7036,,0.2775,0.0,0.0,48,fresh,0,0,0,0,True,False,False,missing,0.0,adequate,,,1.0,0,0,1.0,0,1.0,0,,,missing,0.060916,price_history,,0,2.6636,price_history,,-0.528998,,36.8188,-0.149376,-0.379622,mid,small,NONE,drug_developer,pit_bundle,,,,0,0.5,,,,,0.675,,168,0.08701244092219021,0.474504,,,,
GOSS,"Gossamer Bio, Inc.",,,D,ineligible,D,ineligible,,0.471671,,,0.261628,1,0.261628,,0,no_upcoming,,neutral,deep_drawdown|deep_drawdown_rel_xbi,XS,ineligible,,,v1.3.0,e094cbec,0,fundamental_red_flag|sev3|deep_drawdown,mid|none|pos,0.08701244092219021,,0.649876,0,1,0.946417,0.778729,3,5,neutral,0.5766,,3.8696,3.1234,1.1,44,fresh,0,0,0,0,True,False,False,missing,0.0,critical,,,1.0,0,0,1.0,0,1.0,0,,,missing,-0.044334,price_history,,3,0.9577,price_history,,-0.411765,,37.2181,-0.149376,-0.262389,mid,small,SEV3,drug_developer,pit_bundle,,,,0,0.5,,,,,0.675,,167,0.08701244092219021,0.471671,,,,
FATE,"Fate Therapeutics, Inc.",,,D,ineligible,D,ineligible,,0.468839,,,0.257752,1,0.257752,,0,no_upcoming,,tailwind,high_beta,XS,ineligible,,,v1.3.0,e094cbec,0,fundamental_red_flag|sev3,mid|none|pos,0.08701244092219021,,0.649876,0,1,0.946417,0.778729,6,9,buying,1.8569,,11.9809,10.7684,9.27,1,fresh,0,0,0,0,True,False,False,missing,0.0,critical,,,1.0,0,0,1.0,0,1.0,0,,,missing,0.319019,price_history,,6,1.9161,price_history,,-0.235775,,40.898,-0.149376,-0.086399,mid,micro,SEV3,drug_developer,pit_bundle,,,,0,0.5,,,,,0.675,,166,0.08701244092219021,0.468839,,,,
CTMX,"CytomX Therapeutics, Inc.",,,D,ineligible,D,ineligible,,0.457507,,,0.242248,1,0.242248,,0,no_upcoming,,headwind,deep_drawdown|deep_drawdown_rel_xbi,XS,ineligible,,,v1.3.0,e094cbec,0,deep_drawdown,mid|none|pos,0.08701244092219021,,0.649876,0,1,0.946417,0.778729,2,5,selling,0.1499,,2.1525,0.9375,0.24,45,fresh,0,0,0,0,True,False,False,missing,0.0,short,,,1.0,0,0,1.0,0,1.0,0,,,missing,-0.101219,price_history,,2,1.2905,price_history,,-0.463798,,47.1788,-0.149376,-0.314422,mid,small,SEV2,drug_developer,pit_bundle,,,,0,0.5,,,,,0.675,,162,0.08701244092219021,0.457507,,,,
CRNX,"Crinetics Pharmaceuticals, Inc.",,,D,ineligible,D,ineligible,,0.454674,,,0.238372,1,0.238372,,0,no_upcoming,,neutral,,XS,ineligible,,,v1.3.0,e094cbec,0,fundamental_red_flag|sev3,mid|none|pos,0.08701244092219021,,0.649876,0,1,0.946417,0.778729,5,5,selling,1.4301,,3.9018,3.9018,1.56,45,fresh,0,0,0,0,True,False,False,missing,0.0,critical,,,1.0,0,0,1.0,0,1.0,0,,,missing,0.040848,price_history,,5,0.9139,price_history,,-0.341799,,48.0463,-0.149376,-0.192423,mid,mid,SEV3,drug_developer,pit_bundle,,,,0,0.5,,,,,0.675,,161,0.08701244092219021,0.454674,,,,
ASMB,Healthcare,,,D,ineligible,D,ineligible,,0.446176,,,0.23062,1,0.23062,,0,no_upcoming,,headwind,deep_drawdown|deep_drawdown_rel_xbi,XS,ineligible,,,v1.3.0,e094cbec,0,fundamental_red_flag|sev3|deep_drawdown,mid|none|pos,0.08701244092219021,,0.649876,0,1,0.946417,0.778729,,0,neutral,-0.7036,,0.0,0.0,0.0,,,0,0,0,0,False,False,False,missing,0.0,critical,,,1.0,0,0,1.0,0,1.0,0,,,missing,-0.211873,price_history,,,0.8208,price_history,,-0.81213,,29.7195,-0.149376,-0.662754,mid,small,SEV3,drug_developer,pit_bundle,,,sponsor,1,0.5,,,,,0.675,,158,0.08701244092219021,0.446176,,,,
ALT,"Altimmune, Inc.",,,D,ineligible,D,ineligible,,0.437677,,,0.226744,1,0.226744,,0,no_upcoming,,tailwind,high_beta|deep_drawdown|deep_drawdown_rel_xbi,XS,ineligible,,,v1.3.0,e094cbec,0,deep_drawdown,mid|none|pos,0.08701244092219021,,0.649876,0,1,0.946417,0.778729,4,7,buying,1.0034,,6.8302,5.6177,2.47,45,fresh,0,0,0,0,True,False,False,missing,0.0,adequate,,,1.0,0,0,1.0,0,1.0,0,,,missing,0.077025,price_history,,4,2.0129,price_history,,-0.520746,,41.8914,-0.149376,-0.37137,mid,small,SEV1,drug_developer,pit_bundle,,,,0,0.5,,,,,0.675,,155,0.08701244092219021,0.437677,,,,
AKTX,Healthcare,,,D,ineligible,D,ineligible,,0.434844,,,0.222868,1,0.222868,,0,no_upcoming,,tailwind,,XS,ineligible,,,v1.3.0,e094cbec,0,fundamental_red_flag|sev3,mid|none|pos,0.08701244092219021,,0.649876,0,1,0.946417,0.778729,,0,neutral,-0.7036,,0.0,0.0,0.0,,,0,0,0,0,False,False,False,missing,0.0,critical,,,1.0,0,0,1.0,0,1.0,0,,,missing,0.999763,price_history,,,0.8359,price_history,,-0.136598,,57.1161,-0.149376,0.012778,mid,micro,SEV3,drug_developer,pit_bundle,,,sponsor,1,0.5,,,,,0.675,,154,0.08701244092219021,0.434844,,,,
VYGR,"Voyager Therapeutics, Inc.",,,D,ineligible,D,ineligible,,0.992918,,,0.412791,1,0.412791,,0,no_upcoming,,headwind,deep_drawdown|deep_drawdown_rel_xbi,XS,ineligible,,,v1.3.0,e094cbec,0,fundamental_red_flag|sev3|deep_drawdown,early|none|pos,0.023322922839506172,,0.219628,0,1,0.533876,0.355021,0,1,selling,-0.7036,,0.2775,0.0,0.0,48,fresh,0,0,0,0,True,False,False,missing,0.0,critical,,,1.0,0,0,1.0,0,1.0,0,,,missing,-0.431004,price_history,,0,1.0005,price_history,,-0.600985,,24.8525,-0.149376,-0.451609,early,micro,SEV3,drug_developer,pit_bundle,,,,0,0.5,,,,,0.5595,,351,0.023322922839506172,0.992918,,,,
RAPT,"RAPT Therapeutics, Inc.",,,D,ineligible,D,ineligible,,0.944759,,,0.405039,1,0.405039,,0,no_upcoming,,headwind,deep_drawdown|deep_drawdown_rel_xbi,XS,ineligible,,,v1.3.0,e094cbec,0,fundamental_red_flag|sev3|deep_drawdown,early|none|pos,0.023322922839506172,,0.219628,0,1,0.533876,0.355021,,0,neutral,-0.7036,,0.0,0.0,0.0,,,0,0,0,0,False,False,False,missing,0.0,critical,,,1.0,0,0,1.0,0,1.0,0,,,missing,-0.282611,price_history,,,1.0688,price_history,,-0.555909,,35.9149,-0.149376,-0.406533,early,small,SEV3,drug_developer,pit_bundle,,,sponsor,1,0.5,,,,,0.5595,,334,0.023322922839506172,0.944759,,,,
PGEN,"Precigen, Inc.",,,D,ineligible,D,ineligible,,0.933428,,,0.397287,1,0.397287,,0,no_upcoming,,neutral,,XS,ineligible,,,v1.3.0,e094cbec,0,fundamental_red_flag|sev3,early|none|pos,0.023322922839506172,,0.219628,0,1,0.533876,0.355021,0,2,selling,-0.7036,,0.5625,0.0,0.0,45,fresh,0,0,0,0,True,False,False,missing,0.0,critical,,,1.0,0,0,1.0,0,1.0,0,,,missing,0.007695,price_history,,0,0.5155,price_history,,-0.229224,,50.8969,-0.149376,-0.079848,early,small,SEV3,drug_developer,pit_bundle,,,,0,0.5,,,,,0.5595,,330,0.023322922839506172,0.933428,,,,
IMVT,"Immunovant, Inc.",,,D,ineligible,D,ineligible,,0.477337,,,0.350775,1,0.350775,,0,no_upcoming,,headwind,high_vol|deep_drawdown|deep_drawdown_rel_xbi,XS,ineligible,,,v1.3.0,e094cbec,0,deep_drawdown,mid|none|pos,0.08701244092219021,,0.259762,32,1,0.572359,0.394545,7,8,buying,2.2836,,13.6282,13.1595,6.36,45,fresh,0,0,0,0,True,False,False,missing,0.0,adequate,,,1.0,0,0,1.0,0,1.0,0,,,missing,-0.751265,price_history,,7,0.6409,price_history,,-0.700626,,24.0135,-0.149376,-0.55125,mid,mid,NONE,drug_developer,pit_bundle,,,,0,0.5,,,,,0.570274,,169,0.08701244092219021,0.477337,,,,
DNLI,Denali Therapeutics Inc.,,,D,ineligible,D,ineligible,,0.851275,,,0.370155,1,0.370155,,0,no_upcoming,,neutral,,XS,ineligible,,,v1.3.0,e094cbec,0,fundamental_red_flag|sev3,early|none|pos,0.023322922839506172,,0.219628,0,1,0.533876,0.355021,2,6,buying,0.1499,,4.9152,3.0464,2.1,45,fresh,0,0,0,0,True,False,False,missing,0.0,critical,,,1.0,0,0,1.0,0,1.0,0,,,missing,0.031616,price_history,,2,1.2986,price_history,,-0.232578,,53.2646,-0.149376,-0.083202,early,mid,SEV3,drug_developer,pit_bundle,,,,0,0.5,,,,,0.5595,,301,0.023322922839506172,0.851275,,,,
COGT,"Cogent Biosciences, Inc.",,,D,ineligible,D,ineligible,,0.848442,,,0.366279,1,0.366279,,0,no_upcoming,,headwind,deep_drawdown|deep_drawdown_rel_xbi,XS,ineligible,,,v1.3.0,e094cbec,0,deep_drawdown,early|none|pos,0.023322922839506172,,0.219628,0,1,0.533876,0.355021,,0,neutral,-0.7036,,0.0,0.0,0.0,,,0,0,0,0,False,False,False,missing,0.0,short,,,1.0,0,0,1.0,0,1.0,0,,,missing,-0.298817,price_history,,,0.8716,price_history,,-0.409639,,26.6209,-0.149376,-0.260263,early,mid,SEV2,drug_developer,pit_bundle,,,sponsor,1,0.5,,,,,0.5595,,300,0.023322922839506172,0.848442,,,,
VTYX,"Ventyx Biosciences, Inc.",,,D,ineligible,D,ineligible,,0.79745,,,0.905039,1,0.905039,,0,no_upcoming,,neutral,drawdown_data_missing,XS,ineligible,,,v1.3.0,e094cbec,0,fundamental_red_flag|sev3,early|none|nonpos,0.06969944897959185,,-1.305798,,1,-0.928766,-1.147216,,0,neutral,-0.7036,,0.0,0.0,0.0,,,0,0,0,0,False,False,False,missing,0.0,critical,,,1.0,0,0,1.0,0,1.0,0,,,missing,,,series_too_short,,,,series_too_short,,series_too_short,,,,early,small,SEV3,drug_developer,pit_bundle,,,sponsor|drawdown,2,0.5,,,,,0.15,,282,0.06969944897959185,0.79745,,,,
TECX,"Tectonic Therapeutic, Inc.",,,D,ineligible,D,ineligible,,0.780453,,,0.866279,1,0.866279,,0,no_upcoming,,headwind,deep_drawdown|deep_drawdown_rel_xbi,XS,ineligible,,,v1.3.0,e094cbec,0,deep_drawdown,early|none|nonpos,0.06969944897959185,,-1.305798,,1,-0.928766,-1.147216,,0,neutral,-0.7036,,0.0,0.0,0.0,,,0,0,0,0,False,False,False,missing,0.0,adequate,,,1.0,0,0,1.0,0,1.0,0,,,missing,-0.369662,price_history,,,1.4986,price_history,,-0.520906,,33.5145,-0.149376,-0.37153,early,small,NONE,drug_developer,pit_bundle,,,sponsor,1,0.5,,,,,0.15,,276,0.06969944897959185,0.780453,,,,
TARA,Healthcare,,,D,ineligible,D,ineligible,,0.77762,,,0.858527,1,0.858527,,0,no_upcoming,,headwind,deep_drawdown|deep_drawdown_rel_xbi,XS,ineligible,,,v1.3.0,e094cbec,0,fundamental_red_flag|sev3|deep_drawdown,early|none|nonpos,0.06969944897959185,,-1.305798,,1,-0.928766,-1.147216,7,9,buying,2.2836,,7.1647,6.4184,8.42,1,fresh,0,0,0,0,True,False,False,missing,0.0,critical,,,1.0,0,0,1.0,0,1.0,0,,,missing,-0.319938,price_history,,7,0.3123,price_history,,-0.716639,,35.4934,-0.149376,-0.567263,early,small,SEV3,drug_developer,pit_bundle,,,,0,0.5,,,,,0.15,,275,0.06969944897959185,0.77762,,,,
STRO,"Sutro Biopharma, Inc.",,,D,ineligible,D,ineligible,,0.771955,,,0.591085,1,0.591085,,0,no_upcoming,,tailwind,,XS,ineligible,,,v1.3.0,e094cbec,0,fundamental_red_flag|sev3,early|none|nonpos,0.06969944897959185,,-1.084147,1082,1,-0.716239,-0.928935,5,6,buying,1.4301,,8.5208,8.0521,4.7,45,fresh,0,0,0,0,True,False,False,missing,0.0,critical,,,1.0,0,0,1.0,0,1.0,0,,,missing,0.159598,price_history,,5,1.2331,price_history,,-0.1939,,43.4292,-0.149376,-0.044524,early,micro,SEV3,drug_developer,pit_bundle,,,,0,0.5,,,,,0.209502,,273,0.06969944897959185,0.771955,,,,
SPRY,"ARS Pharmaceuticals, Inc.",,,D,ineligible,D,ineligible,,0.766289,,,0.850775,1,0.850775,,0,no_upcoming,,neutral,drawdown_data_missing,XS,ineligible,,,v1.3.0,e094cbec,0,fundamental_red_flag|sev3,early|none|nonpos,0.06969944897959185,,-1.305798,,1,-0.928766,-1.147216,,0,neutral,-0.7036,,0.0,0.0,0.0,,,0,0,0,0,False,False,False,missing,0.0,critical,,,1.0,0,0,1.0,0,1.0,0,,,missing,,,series_too_short,,,,series_too_short,,series_too_short,,,,early,small,SEV3,drug_developer,pit_bundle,,,sponsor|drawdown,2,0.5,,,,,0.15,,271,0.06969944897959185,0.766289,,,,
SKYE,Healthcare,,,D,ineligible,D,ineligible,,0.763456,,,0.846899,1,0.846899,,0,no_upcoming,,tailwind,high_vol|deep_drawdown|deep_drawdown_rel_xbi,XS,ineligible,,,v1.3.0,e094cbec,0,deep_drawdown,early|none|nonpos,0.06969944897959185,,-1.305798,,1,-0.928766,-1.147216,,0,neutral,-0.7036,,0.0,0.0,0.0,,,0,0,0,0,False,False,False,missing,0.0,short,,,1.0,0,0,1.0,0,1.0,0,,,missing,2.461652,price_history,,,0.7714,price_history,,-0.411765,,50.9157,-0.149376,-0.262389,early,micro,SEV2,drug_developer,pit_bundle,,,sponsor,1,0.5,,,,,0.15,,270,0.06969944897959185,0.763456,,,,
RVMD,"Revolution Medicines, Inc.",,,D,ineligible,D,ineligible,,0.754958,,,0.556202,1,0.556202,,0,no_upcoming,,headwind,,XS,ineligible,,,v1.3.0,e094cbec,0,fundamental_red_flag|sev3,early|none|nonpos,0.06969944897959185,,-1.055945,345,1,-0.689197,-0.901161,5,5,buying,1.4301,,12.9879,12.9879,3.98,1,fresh,0,0,0,0,True,False,False,missing,0.0,critical,,,1.0,0,0,1.0,0,1.0,0,,,missing,-0.086613,price_history,,5,1.1882,price_history,,-0.160757,,49.7261,-0.149376,-0.011381,early,large,SEV3,drug_developer,pit_bundle,,,,0,0.5,,,,,0.217073,,267,0.06969944897959185,0.754958,,,,
RLAY,"Relay Therapeutics, Inc.",,,D,ineligible,D,ineligible,,0.749292,,,0.827519,1,0.827519,,0,no_upcoming,,headwind,,XS,ineligible,,,v1.3.0,e094cbec,0,fundamental_red_flag|sev3,early|none|nonpos,0.06969944897959185,,-1.305798,,1,-0.928766,-1.147216,8,8,buying,2.7103,,13.5254,13.5254,9.72,44,fresh,0,0,0,0,True,False,False,missing,0.0,critical,,,1.0,0,0,1.0,0,1.0,0,,,missing,-0.319499,price_history,,8,0.8329,price_history,,-0.32927,,37.6475,-0.149376,-0.179894,early,small,SEV3,drug_developer,pit_bundle,,,,0,0.5,,,,,0.15,,265,0.06969944897959185,0.749292,,,,
PYXS,"Pyxis Oncology, Inc.",,,D,ineligible,D,ineligible,,0.73796,,,0.583333,1,0.583333,,0,no_upcoming,,neutral,drawdown_data_missing,XS,ineligible,,,v1.3.0,e094cbec,0,fundamental_red_flag|sev3,early|none|nonpos,0.06969944897959185,,-1.084117,944,1,-0.71621,-0.928906,,0,neutral,-0.7036,,0.0,0.0,0.0,,,0,0,0,0,False,False,False,missing,0.0,critical,,,1.0,0,0,1.0,0,1.0,0,,,missing,,,series_too_short,,,,series_too_short,,series_too_short,,,,early,micro,SEV3,drug_developer,pit_bundle,,,sponsor|drawdown,2,0.5,,,,,0.20951,,261,0.06969944897959185,0.73796,,,,
PCVX,"Vaxcyte, Inc.",,,D,ineligible,D,ineligible,,0.726629,,,0.80814,1,0.80814,,0,no_upcoming,,headwind,deep_drawdown|deep_drawdown_rel_xbi,XS,ineligible,,,v1.3.0,e094cbec,0,deep_drawdown,early|none|nonpos,0.06969944897959185,,-1.305798,,1,-0.928766,-1.147216,3,5,buying,0.5766,,7.3894,6.8269,4.77,45,fresh,0,0,0,0,True,False,False,missing,0.0,short,,,1.0,0,0,1.0,0,1.0,0,,,missing,-0.351227,price_history,,3,0.7576,price_history,,-0.574729,,41.2243,-0.149376,-0.425353,early,mid,SEV2,drug_developer,pit_bundle,,,,0,0.5,,,,,0.15,,257,0.06969944897959185,0.726629,,,,
ORKA,"Oruka Therapeutics, Inc.",,,D,ineligible,D,ineligible,,0.715297,,,0.804264,1,0.804264,,0,no_upcoming,,headwind,deep_drawdown|deep_drawdown_rel_xbi,XS,ineligible,,,v1.3.0,e094cbec,0,deep_drawdown,early|none|nonpos,0.06969944897959185,,-1.305798,,1,-0.928766,-1.147216,,0,neutral,-0.7036,,0.0,0.0,0.0,,,0,0,0,0,False,False,False,missing,0.0,adequate,,,1.0,0,0,1.0,0,1.0,0,,,missing,-0.068658,price_history,,,0.5477,price_history,,-0.780843,,38.522,-0.149376,-0.631467,early,small,SEV1,drug_developer,pit_bundle,,,sponsor,1,0.5,,,,,0.15,,253,0.06969944897959185,0.715297,,,,
OLMA,"Olema Pharmaceuticals, Inc.",,,D,ineligible,D,ineligible,,0.706799,,,0.656977,1,0.656977,,0,no_upcoming,,neutral,drawdown_data_missing,XS,ineligible,,,v1.3.0,e094cbec,0,fundamental_red_flag|sev3,early|none|nonpos,0.06969944897959185,,-1.084155,1248,1,-0.716246,-0.928942,,0,neutral,-0.7036,,0.0,0.0,0.0,,,0,0,0,0,False,False,False,missing,0.0,critical,,,1.0,0,0,1.0,0,1.0,0,,,missing,,,series_too_short,,,,series_too_short,,series_too_short,,,,early,mid,SEV3,drug_developer,pit_bundle,,,sponsor|drawdown,2,0.5,,,,,0.2095,,250,0.06969944897959185,0.706799,,,,
MNMD,Mind Medicine (MindMed) Inc.,,,D,ineligible,D,ineligible,,0.684136,,,0.963178,1,0.963178,,0,no_upcoming,,tailwind,high_vol,XS,ineligible,,,v1.3.0,e094cbec,0,fundamental_red_flag|sev3,early|none|nonpos,0.06969944897959185,,,,,-1.464533,-1.697486,,0,neutral,-0.7036,,0.0,0.0,0.0,,,0,0,0,0,False,False,False,missing,0.0,critical,,,1.0,0,0,1.0,0,1.0,0,,,missing,0.913343,price_history,,,0.8169,price_history,,-0.240275,,45.8514,-0.149376,-0.090899,early,small,SEV3,drug_developer,pit_bundle,,,sponsor,1,0.5,,,,,0.0,,242,0.06969944897959185,0.684136,,,,
MGTX,MeiraGTx Holdings plc,,,D,ineligible,D,ineligible,,0.681303,,,0.959302,1,0.959302,,0,no_upcoming,,neutral,,XS,ineligible,,,v1.3.0,e094cbec,0,fundamental_red_flag|sev3,early|none|nonpos,0.06969944897959185,,,,,-1.464533,-1.697486,2,2,neutral,0.1499,,1.6077,1.6077,0.62,45,fresh,0,0,0,0,True,False,False,missing,0.0,critical,,,1.0,0,0,1.0,0,1.0,0,,,missing,-0.042625,price_history,,2,0.8326,price_history,,-0.191721,,42.3028,-0.149376,-0.042345,early,small,SEV3,drug_developer,pit_bundle,,,,0,0.5,,,,,0.0,,241,0.06969944897959185,0.681303,,,,
KYTX,"Kyverna Therapeutics, Inc.",,,D,ineligible,D,ineligible,,0.65864,,,0.76938,1,0.76938,,0,no_upcoming,,neutral,drawdown_data_missing,XS,ineligible,,,v1.3.0,e094cbec,0,fundamental_red_flag|sev3,early|none|nonpos,0.06969944897959185,,-1.305798,,1,-0.928766,-1.147216,,0,neutral,-0.7036,,0.0,0.0,0.0,,,0,0,0,0,False,False,False,missing,0.0,critical,,,1.0,0,0,1.0,0,1.0,0,,,missing,,,series_too_short,,,,series_too_short,,series_too_short,,,,early,small,SEV3,drug_developer,pit_bundle,,,sponsor|drawdown,2,0.5,,,,,0.15,,233,0.06969944897959185,0.65864,,,,
KYMR,"Kymera Therapeutics, Inc.",,,D,ineligible,D,ineligible,,0.655807,,,0.575581,1,0.575581,,0,no_upcoming,,headwind,deep_drawdown|deep_drawdown_rel_xbi,XS,ineligible,,,v1.3.0,e094cbec,0,deep_drawdown,early|none|nonpos,0.06969944897959185,,-1.082478,599,1,-0.714638,-0.927292,8,9,buying,2.7103,,10.8464,10.3777,2.2,44,fresh,0,0,0,0,True,False,False,missing,0.0,short,,,1.0,0,0,1.0,0,1.0,0,,,missing,-0.152036,price_history,,8,1.6077,price_history,,-0.453717,,31.4419,-0.149376,-0.304341,early,mid,SEV2,drug_developer,pit_bundle,,,,0,0.5,,,,,0.20995,,232,0.06969944897959185,0.655807,,,,
KALA,"KALA BIO, Inc.",,,D,ineligible,D,ineligible,,0.652975,,,0.947674,1,0.947674,,0,no_upcoming,,headwind,deep_drawdown|deep_drawdown_rel_xbi,XS,ineligible,,,v1.3.0,e094cbec,0,deep_drawdown,early|none|nonpos,0.06969944897959185,,,,,-1.464533,-1.697486,,0,neutral,-0.7036,,0.0,0.0,0.0,,,0,0,0,0,False,False,False,missing,0.0,short,,,1.0,0,0,1.0,0,1.0,0,,,missing,-0.083588,price_history,,,0.6838,price_history,,-0.462654,,38.5435,-0.149376,-0.313278,early,micro,SEV2,drug_developer,pit_bundle,,,sponsor,1,0.5,,,,,0.0,,231,0.06969944897959185,0.652975,,,,
FDMT,"4D Molecular Therapeutics, Inc.",,,D,ineligible,D,ineligible,,0.624646,,,0.637597,1,0.637597,,0,no_upcoming,,neutral,drawdown_data_missing,XS,ineligible,,,v1.3.0,e094cbec,0,fundamental_red_flag|sev3,early|none|nonpos,0.06969944897959185,,-1.084155,1768,1,-0.716246,-0.928942,,0,neutral,-0.7036,,0.0,0.0,0.0,,,0,0,0,0,False,False,False,missing,0.0,critical,,,1.0,0,0,1.0,0,1.0,0,,,missing,,,series_too_short,,,,series_too_short,,series_too_short,,,,early,small,SEV3,drug_developer,pit_bundle,,,sponsor|drawdown,2,0.5,,,,,0.2095,,221,0.06969944897959185,0.624646,,,,
EWTX,"Edgewise Therapeutics, Inc.",,,D,ineligible,D,ineligible,,0.621813,,,0.552326,1,0.552326,,0,no_upcoming,,neutral,drawdown_data_missing,XS,ineligible,,,v1.3.0,e094cbec,0,fundamental_red_flag|sev3,early|none|nonpos,0.06969944897959185,,-1.011616,260,1,-0.646693,-0.857506,,0,neutral,-0.7036,,0.0,0.0,0.0,,,0,0,0,0,False,False,False,missing,0.0,critical,,,1.0,0,0,1.0,0,1.0,0,,,missing,,,series_too_short,,,,series_too_short,,series_too_short,,,,early,mid,SEV3,drug_developer,pit_bundle,,,sponsor|drawdown,2,0.5,,,,,0.228973,,220,0.06969944897959185,0.621813,,,,
ELVN,"Enliven Therapeutics, Inc.",,,D,ineligible,D,ineligible,,0.613314,,,0.722868,1,0.722868,,0,no_upcoming,,headwind,deep_drawdown|deep_drawdown_rel_xbi,XS,ineligible,,,v1.3.0,e094cbec,0,deep_drawdown,early|none|nonpos,0.06969944897959185,,-1.305798,,1,-0.928766,-1.147216,,0,neutral,-0.7036,,0.0,0.0,0.0,,,0,0,0,0,False,False,False,missing,0.0,adequate,,,1.0,0,0,1.0,0,1.0,0,,,missing,-0.499621,price_history,,,-0.0609,price_history,,-0.770549,,35.9408,-0.149376,-0.621173,early,small,NONE,drug_developer,pit_bundle,,,sponsor,1,0.5,,,,,0.15,,217,0.06969944897959185,0.613314,,,,
EDIT,"Editas Medicine, Inc.",,,D,ineligible,D,ineligible,,0.610482,,,0.629845,1,0.629845,,0,no_upcoming,,tailwind,high_vol|high_beta|deep_drawdown|deep_drawdown_rel_xbi,XS,ineligible,,,v1.3.0,e094cbec,0,deep_drawdown,early|none|nonpos,0.06969944897959185,,-1.084155,1545,1,-0.716246,-0.928942,1,3,selling,-0.2768,,1.48,0.9213,0.68,1,fresh,0,0,0,0,True,False,False,missing,0.0,adequate,,,1.0,0,0,1.0,0,1.0,0,,,missing,0.178488,price_history,,1,2.2707,price_history,,-0.515787,,28.4557,-0.149376,-0.366411,early,micro,SEV1,drug_developer,pit_bundle,,,,0,0.5,,,,,0.2095,,216,0.06969944897959185,0.610482,,,,
DSGN,"Design Therapeutics, Inc.",,,D,ineligible,D,ineligible,,0.607649,,,0.715116,1,0.715116,,0,no_upcoming,,neutral,drawdown_data_missing,XS,ineligible,,,v1.3.0,e094cbec,0,fundamental_red_flag|sev3,early|none|nonpos,0.06969944897959185,,-1.305798,,1,-0.928766,-1.147216,,0,neutral,-0.7036,,0.0,0.0,0.0,,,0,0,0,0,False,False,False,missing,0.0,critical,,,1.0,0,0,1.0,0,1.0,0,,,missing,,,series_too_short,,,,series_too_short,,series_too_short,,,,early,small,SEV3,drug_developer,pit_bundle,,,sponsor|drawdown,2,0.5,,,,,0.15,,215,0.06969944897959185,0.607649,,,,
DAWN,"Day One Biopharmaceuticals, Inc.",,,D,ineligible,D,ineligible,,0.604816,,,0.625969,1,0.625969,,0,no_upcoming,,neutral,drawdown_data_missing,XS,ineligible,,,v1.3.0,e094cbec,0,fundamental_red_flag|sev3,early|none|nonpos,0.06969944897959185,,-1.084155,1767,1,-0.716246,-0.928942,,0,neutral,-0.7036,,0.0,0.0,0.0,,,0,0,0,0,False,False,False,missing,0.0,critical,,,1.0,0,0,1.0,0,1.0,0,,,missing,,,series_too_short,,,,series_too_short,,series_too_short,,,,early,small,SEV3,drug_developer,pit_bundle,,,sponsor|drawdown,2,0.5,,,,,0.2095,,214,0.06969944897959185,0.604816,,,,
CRBU,"Caribou Biosciences, Inc.",,,D,ineligible,D,ineligible,,0.593484,,,0.622093,1,0.622093,,0,no_upcoming,,neutral,drawdown_data_missing,XS,ineligible,,,v1.3.0,e094cbec,0,fundamental_red_flag|sev3,early|none|nonpos,0.06969944897959185,,-1.084155,1615,1,-0.716246,-0.928942,,0,neutral,-0.7036,,0.0,0.0,0.0,,,0,0,0,0,False,False,False,missing,0.0,critical,,,1.0,0,0,1.0,0,1.0,0,,,missing,,,series_too_short,,,,series_too_short,,series_too_short,,,,early,micro,SEV3,drug_developer,pit_bundle,,,sponsor|drawdown,2,0.5,,,,,0.2095,,210,0.06969944897959185,0.593484,,,,
AUTL,Autolus Therapeutics plc,,,D,ineligible,D,ineligible,,0.562323,,,0.924419,1,0.924419,,0,no_upcoming,,headwind,deep_drawdown|deep_drawdown_rel_xbi,XS,ineligible,,,v1.3.0,e094cbec,0,fundamental_red_flag|sev3|deep_drawdown,early|none|nonpos,0.06969944897959185,,,,,-1.464533,-1.697486,2,5,selling,0.1499,,1.8712,0.9375,0.19,45,fresh,0,0,0,0,True,False,False,missing,0.0,critical,,,1.0,0,0,1.0,0,1.0,0,,,missing,-0.460482,price_history,,2,0.6617,price_history,,-0.604908,,34.8877,-0.149376,-0.455532,early,small,SEV3,drug_developer,pit_bundle,,,,0,0.5,,,,,0.0,,199,0.06969944897959185,0.562323,,,,
ATXS,"Astria Therapeutics, Inc.",,,D,ineligible,D,ineligible,,0.55949,,,0.687984,1,0.687984,,0,no_upcoming,,tailwind,high_vol|deep_drawdown|deep_drawdown_rel_xbi,XS,ineligible,,,v1.3.0,e094cbec,0,deep_drawdown,early|none|nonpos,0.06969944897959185,,-1.305798,,1,-0.928766,-1.147216,0,4,buying,-0.7036,,2.2507,0.0,0.0,45,fresh,0,0,0,0,True,False,False,missing,0.0,short,,,1.0,0,0,1.0,0,1.0,0,,,missing,0.651209,price_history,,0,0.8382,price_history,,-0.64878,,45.2301,-0.149376,-0.499404,early,small,SEV2,drug_developer,pit_bundle,,,,0,0.5,,,,,0.15,,198,0.06969944897959185,0.55949,,,,
ARVN,"Arvinas, Inc.",,,D,ineligible,D,ineligible,,0.553824,,,0.594961,1,0.594961,,0,no_upcoming,,tailwind,high_vol,XS,ineligible,,,v1.3.0,e094cbec,0,fundamental_red_flag|sev3,early|none|nonpos,0.06969944897959185,,-1.084151,1156,1,-0.716242,-0.928939,7,9,selling,2.2836,,8.3212,7.5712,1.59,1,fresh,0,0,0,0,True,False,False,missing,0.0,critical,,,1.0,0,0,1.0,0,1.0,0,,,missing,2.033497,price_history,,7,1.7969,price_history,,-0.143045,,51.2633,-0.149376,0.006331,early,small,SEV3,drug_developer,pit_bundle,,,,0,0.5,,,,,0.209501,,196,0.06969944897959185,0.553824,,,,
ARTV,Healthcare,,,D,ineligible,D,ineligible,,0.550992,,,0.602713,1,0.602713,,0,no_upcoming,,neutral,drawdown_data_missing,XS,ineligible,,,v1.3.0,e094cbec,0,fundamental_red_flag|sev3,early|none|nonpos,0.06969944897959185,,-1.084155,1280,1,-0.716246,-0.928942,,0,neutral,-0.7036,,0.0,0.0,0.0,,,0,0,0,0,False,False,False,missing,0.0,critical,,,1.0,0,0,1.0,0,1.0,0,,,missing,,,series_too_short,,,,series_too_short,,series_too_short,,,,early,micro,SEV3,drug_developer,pit_bundle,,,sponsor|drawdown,2,0.5,,,,,0.2095,,195,0.06969944897959185,0.550992,,,,
ARCT,Arcturus Therapeutics Holdings Inc.,,,D,ineligible,D,ineligible,,0.548159,,,0.916667,1,0.916667,,0,no_upcoming,,headwind,high_vol|high_beta|deep_drawdown|deep_drawdown_rel_xbi,XS,ineligible,,,v1.3.0,e094cbec,0,deep_drawdown,early|none|nonpos,0.06969944897959185,,,,,-1.464533,-1.697486,3,4,neutral,0.5766,,2.987,2.7057,1.15,45,fresh,0,0,0,0,True,False,False,missing,0.0,adequate,,,1.0,0,0,1.0,0,1.0,0,,,missing,-0.785794,price_history,,3,3.1999,price_history,,-0.574074,,34.8215,-0.149376,-0.424698,early,micro,NONE,drug_developer,pit_bundle,,,,0,0.5,,,,,0.0,,194,0.06969944897959185,0.548159,,,,
ALMS,Alumis Inc.,,,D,ineligible,D,ineligible,,0.545326,,,0.676357,1,0.676357,,0,no_upcoming,,neutral,drawdown_data_missing,XS,ineligible,,,v1.3.0,e094cbec,0,fundamental_red_flag|sev3,early|none|nonpos,0.06969944897959185,,-1.305798,,1,-0.928766,-1.147216,,0,neutral,-0.7036,,0.0,0.0,0.0,,,0,0,0,0,False,False,False,missing,0.0,critical,,,1.0,0,0,1.0,0,1.0,0,,,missing,,,series_too_short,,,,series_too_short,,series_too_short,,,,early,mid,SEV3,drug_developer,pit_bundle,,,sponsor|drawdown,2,0.5,,,,,0.15,,193,0.06969944897959185,0.545326,,,,
ALLO,"Allogene Therapeutics, Inc.",,,D,ineligible,D,ineligible,,0.542493,,,0.54845,1,0.54845,,0,no_upcoming,,neutral,deep_drawdown,XS,ineligible,,,v1.3.0,e094cbec,0,fundamental_red_flag|sev3,early|none|nonpos,0.06969944897959185,,-0.990491,237,1,-0.626437,-0.836703,2,6,buying,0.1499,,5.3052,3.624,1.6,45,fresh,0,0,0,0,True,False,False,missing,0.0,critical,,,1.0,0,0,1.0,0,1.0,0,,,missing,0.031882,price_history,,2,0.7648,price_history,,-0.357698,,54.6807,-0.149376,-0.208322,early,small,SEV3,drug_developer,pit_bundle,,,,0,0.5,,,,,0.234644,,192,0.06969944897959185,0.542493,,,,
ABOS,Healthcare,,,D,ineligible,D,ineligible,,0.531161,,,0.668605,1,0.668605,,0,no_upcoming,,neutral,drawdown_data_missing,XS,ineligible,,,v1.3.0,e094cbec,0,fundamental_red_flag|sev3,early|none|nonpos,0.06969944897959185,,-1.305798,,1,-0.928766,-1.147216,,0,neutral,-0.7036,,0.0,0.0,0.0,,,0,0,0,0,False,False,False,missing,0.0,critical,,,1.0,0,0,1.0,0,1.0,0,,,missing,,,series_too_short,,,,series_too_short,,series_too_short,,,,early,micro,SEV3,drug_developer,pit_bundle,,,sponsor|drawdown,2,0.5,,,,,0.15,,188,0.06969944897959185,0.531161,,,,
ZVRA,"Zevra Therapeutics, Inc.",,,D,ineligible,D,ineligible,,0.386686,,,0.478682,1,0.478682,,0,no_upcoming,,headwind,high_vol|deep_drawdown|deep_drawdown_rel_xbi,XS,ineligible,,,v1.3.0,e094cbec,0,deep_drawdown,late|none|nonpos,0.1,,-0.223658,,1,0.108835,-0.081527,,0,neutral,-0.7036,,0.0,0.0,0.0,,,0,0,0,0,False,False,False,missing,0.0,adequate,,,1.0,0,0,1.0,0,1.0,0,,,missing,-0.505914,price_history,,,0.8231,price_history,,-0.49359,,52.0973,-0.149376,-0.344214,late,small,NONE,drug_developer,pit_bundle,,,sponsor,1,0.5,,,,,0.4405,,137,0.1,0.386686,,,,
VERA,"Vera Therapeutics, Inc.",,,D,ineligible,D,ineligible,,0.369688,,,0.443798,1,0.443798,,0,no_upcoming,,neutral,drawdown_data_missing,XS,ineligible,,,v1.3.0,e094cbec,0,fundamental_red_flag|sev3,late|none|nonpos,0.1,,-0.196067,347,1,0.135291,-0.054354,,0,neutral,-0.7036,,0.0,0.0,0.0,,,0,0,0,0,False,False,False,missing,0.0,critical,,,1.0,0,0,1.0,0,1.0,0,,,missing,,,series_too_short,,,,series_too_short,,series_too_short,,,,late,mid,SEV3,drug_developer,pit_bundle,,,sponsor|drawdown,2,0.5,,,,,0.447907,,131,0.1,0.369688,,,,
PRQR,Healthcare,,,D,ineligible,D,ineligible,,0.293201,,,0.482558,1,0.482558,,0,no_upcoming,,neutral,deep_drawdown|deep_drawdown_rel_xbi,XS,ineligible,,,v1.3.0,e094cbec,0,fundamental_red_flag|sev3|deep_drawdown,mid|none|nonpos,0.1,,-0.550394,228,1,-0.204453,-0.403295,1,3,selling,-0.2768,,1.2688,0.71,0.57,45,fresh,0,0,0,0,True,False,False,missing,0.0,critical,,,1.0,0,0,1.0,0,1.0,0,,,missing,0.037701,price_history,,1,1.0868,price_history,,-0.460449,,45.9863,-0.149376,-0.311073,mid,micro,SEV3,drug_developer,pit_bundle,,,,0,0.5,,,,,0.352788,,104,0.1,0.293201,,,,
NAUT,Healthcare,,,D,ineligible,D,ineligible,,0.253541,,,0.532946,1,0.532946,,0,no_upcoming,,tailwind,high_vol|high_beta,XS,ineligible,,,v1.3.0,e094cbec,0,fundamental_red_flag|sev3,mid|none|nonpos,0.1,,-0.653906,2011,1,-0.303705,-0.505235,,0,neutral,-0.7036,,0.0,0.0,0.0,,,0,0,0,0,False,False,False,missing,0.0,critical,,,1.0,0,0,1.0,0,1.0,0,,,missing,0.219706,price_history,,,2.4632,price_history,,-0.300045,,50.9615,-0.149376,-0.150669,mid,micro,SEV3,drug_developer,pit_bundle,,,sponsor,1,0.5,,,,,0.325,,90,0.1,0.253541,,,,
EYPT,"EyePoint, Inc.",,,D,ineligible,D,ineligible,,0.168555,,,0.447674,1,0.447674,,0,no_upcoming,,tailwind,,XS,ineligible,,,v1.3.0,e094cbec,0,fundamental_red_flag|sev3,late|none|nonpos,0.1,,-0.213507,437,1,0.118568,-0.07153,,0,neutral,-0.7036,,0.0,0.0,0.0,,,0,0,0,0,False,False,False,missing,0.0,critical,,,1.0,0,0,1.0,0,1.0,0,,,missing,0.880834,price_history,,,0.7526,price_history,,-0.275469,,42.7658,-0.149376,-0.126093,late,small,SEV3,drug_developer,pit_bundle,,,sponsor,1,0.5,,,,,0.443225,,60,0.1,0.168555,,,,
ELDN,Healthcare,,,D,ineligible,D,ineligible,,0.157224,,,0.49031,1,0.49031,,0,no_upcoming,,headwind,deep_drawdown,XS,ineligible,,,v1.3.0,e094cbec,0,fundamental_red_flag|sev3,mid|none|nonpos,0.1,,-0.636603,389,1,-0.287115,-0.488195,,0,neutral,-0.7036,,0.0,0.0,0.0,,,0,0,0,0,False,False,False,missing,0.0,critical,,,1.0,0,0,1.0,0,1.0,0,,,missing,-0.373719,price_history,,,0.2815,price_history,,-0.386173,,44.4994,-0.149376,-0.236797,mid,micro,SEV3,drug_developer,pit_bundle,,,sponsor,1,0.5,,,,,0.329645,,56,0.1,0.157224,,,,
CRSP,CRISPR Therapeutics AG,,,D,ineligible,D,ineligible,,0.137394,,,0.459302,1,0.459302,,0,no_upcoming,,headwind,deep_drawdown|deep_drawdown_rel_xbi,XS,ineligible,,,v1.3.0,e094cbec,0,deep_drawdown,late|none|nonpos,0.1,,-0.223647,1040,1,0.108845,-0.081516,3,6,buying,0.5766,,4.8052,3.4989,1.0,45,fresh,0,0,0,0,True,False,False,missing,0.0,adequate,,,1.0,0,0,1.0,0,1.0,0,,,missing,-0.156389,price_history,,3,1.3047,price_history,,-0.40159,,24.0938,-0.149376,-0.252214,late,mid,SEV1,drug_developer,pit_bundle,,,,0,0.5,,,,,0.440503,,49,0.1,0.137394,,,,
CNTA,Centessa Pharmaceuticals plc,,,D,ineligible,D,ineligible,,0.123229,,,0.45155,1,0.45155,,0,no_upcoming,,neutral,drawdown_data_missing,XS,ineligible,,,v1.3.0,e094cbec,0,fundamental_red_flag|sev3,late|none|nonpos,0.1,,-0.219438,516,1,0.112882,-0.07737,,0,neutral,-0.7036,,0.0,0.0,0.0,,,0,0,0,0,False,False,False,missing,0.0,critical,,,1.0,0,0,1.0,0,1.0,0,,,missing,,,series_too_short,,,,series_too_short,,series_too_short,,,,late,mid,SEV3,drug_developer,pit_bundle,,,sponsor|drawdown,2,0.5,,,,,0.441633,,44,0.1,0.123229,,,,
ABSI,Absci Corporation,,,D,ineligible,D,ineligible,,0.007082,,,0.463178,1,0.463178,,0,no_upcoming,,neutral,drawdown_data_missing,XS,ineligible,,,v1.3.0,e094cbec,0,fundamental_red_flag|sev3,late|none|nonpos,0.1,,-0.223658,,1,0.108835,-0.081527,,0,neutral,-0.7036,,0.0,0.0,0.0,,,0,0,0,0,False,False,False,missing,0.0,critical,,,1.0,0,0,1.0,0,1.0,0,,,missing,,,series_too_short,,,,series_too_short,,series_too_short,,,,late,small,SEV3,drug_developer,pit_bundle,,,sponsor|drawdown,2,0.5,,,,,0.4405,,3,0.1,0.007082,,,,
QSI,Quantum-Si Incorporated,,,D,ineligible,,,D,0.304533,,,,,,,0,no_upcoming,,neutral,drawdown_data_missing,XS,ineligible,,,v1.3.0,e094cbec,0,fundamental_red_flag|sev3,late|none|pos,0.1,,1.080124,0,1,1.428911,1.483734,,0,neutral,-0.7036,,0.0,0.0,0.0,,,0,0,0,0,False,False,False,missing,0.0,critical,,,1.0,0,0,1.0,0,1.0,0,,,missing,,,series_too_short,,,,series_too_short,,series_too_short,,,,late,micro,SEV3,platform_devices,pit_bundle,,,sponsor|drawdown,2,0.5,,,,,0.7905,,108,0.1,0.304533,,,,
LAB,Standard BioTools Inc.,,,D,ineligible,,,D,0.225212,,,,,,93,1,specific_days,,headwind,deep_drawdown|deep_drawdown_rel_xbi,XS,ineligible,,,v1.3.0,e094cbec,0,deep_drawdown,late|near_91_180|pos,0.1,,1.080124,0,1,1.428911,1.483734,,0,neutral,-0.7036,,0.0,0.0,0.0,,,0,0,0,0,False,False,True,near,1.0,adequate,,,1.0,0,0,1.0,0,1.0,0,93,,specific_days,-0.335292,price_history,,,0.6236,price_history,,-0.59755,,32.2203,-0.149376,-0.448174,late,small,NONE,platform_devices,pit_bundle,CTGOV,CLINICAL_PCD,sponsor,1,0.5,,,,,0.7905,,80,0.1,0.225212,,,,
KMDA,Kamada Ltd.,,,D,ineligible,,,D,0.213881,,,,,,,0,no_upcoming,,headwind,deep_drawdown|deep_drawdown_rel_xbi,XS,ineligible,,,v1.3.0,e094cbec,0,deep_drawdown,late|none|pos,0.1,,1.080124,0,1,0.684383,0.639199,0,2,buying,-0.7036,,0.9313,0.0,0.0,45,fresh,0,0,0,0,True,False,False,missing,0.0,adequate,,,1.0,0,0,1.0,0,1.0,0,,,missing,-0.155539,price_history,,0,0.5438,price_history,,-0.476556,,35.7749,-0.149376,-0.32718,late,small,NONE,commercial_pharma,pit_bundle,,,,0,0.5,,,,,0.7905,,76,0.1,0.213881,,,,
ESPR,"Esperion Therapeutics, Inc.",,,D,ineligible,,,D,0.16289,,,,,,,0,no_upcoming,,headwind,deep_drawdown|deep_drawdown_rel_xbi,XS,ineligible,,,v1.3.0,e094cbec,0,deep_drawdown,late|none|pos,0.1,,1.080124,0,1,0.684383,0.639199,1,4,selling,-0.2768,,2.0851,1.0538,1.25,44,fresh,0,0,0,0,True,False,False,missing,0.0,adequate,,,1.0,0,0,1.0,0,1.0,0,,,missing,-0.144738,price_history,,1,0.9952,price_history,,-0.508611,,41.4891,-0.149376,-0.359235,late,small,NONE,commercial_pharma,pit_bundle,,,,0,0.5,,,,,0.7905,,58,0.1,0.16289,,,,
BCRX,"BioCryst Pharmaceuticals, Inc.",,,D,ineligible,,,D,0.089235,,,,,,,0,no_upcoming,,tailwind,,XS,ineligible,,,v1.3.0,e094cbec,0,fundamental_red_flag|sev3,late|none|pos,0.1,,1.080124,0,1,0.684383,0.639199,5,6,selling,1.4301,,3.9368,3.6556,1.94,1,fresh,0,0,0,0,True,False,False,missing,0.0,critical,,,1.0,0,0,1.0,0,1.0,0,,,missing,0.920164,price_history,,5,1.6847,price_history,,-0.090295,,56.0337,-0.149376,0.059081,late,small,SEV3,commercial_pharma,pit_bundle,,,,0,0.5,,,,,0.7905,,32,0.1,0.089235,,,,
AQST,"Aquestive Therapeutics, Inc.",,,D,ineligible,,,D,0.060907,,,,,,,0,no_upcoming,,headwind,deep_drawdown|deep_drawdown_rel_xbi,XS,ineligible,,,v1.3.0,e094cbec,0,deep_drawdown,late|none|pos,0.1,,1.080124,0,1,0.684383,0.639199,,0,neutral,-0.7036,,0.0,0.0,0.0,,,0,0,0,0,False,False,False,missing,0.0,adequate,,,1.0,0,0,1.0,0,1.0,0,,,missing,-0.451806,price_history,,,0.8941,price_history,,-0.49615,,32.835,-0.149376,-0.346774,late,small,NONE,commercial_pharma,pit_bundle,,,sponsor,1,0.5,,,,,0.7905,,22,0.1,0.060907,,,,
TKNO,"Alpha Teknova, Inc.",,,D,ineligible,,,D,0.786119,,,,,,,0,no_upcoming,,neutral,drawdown_data_missing,XS,ineligible,,,v1.3.0,e094cbec,0,fundamental_red_flag|sev3,early|none|nonpos,0.06969944897959185,,,,,-1.940062,-2.019039,,0,neutral,-0.7036,,0.0,0.0,0.0,,,0,0,0,0,False,False,False,missing,0.0,critical,,,1.0,0,0,1.0,0,1.0,0,,,missing,,,series_too_short,,,,series_too_short,,series_too_short,,,,early,micro,SEV3,commercial_pharma,pit_bundle,,,sponsor|drawdown,2,0.5,,,,,0.0,,278,0.06969944897959185,0.786119,,,,
STVN,Stevanato Group S.p.A.,,,D,ineligible,,,D,0.774788,,,,,,,0,no_upcoming,,neutral,drawdown_data_missing,XS,ineligible,,,v1.3.0,e094cbec,0,fundamental_red_flag|sev3,early|none|nonpos,0.06969944897959185,,,,,-0.862224,-0.753788,,0,neutral,-0.7036,,0.0,0.0,0.0,,,0,0,0,0,False,False,False,missing,0.0,critical,,,1.0,0,0,1.0,0,1.0,0,,,missing,,,series_too_short,,,,series_too_short,,series_too_short,,,,early,mid,SEV3,platform_devices,pit_bundle,,,sponsor|drawdown,2,0.5,,,,,0.0,,274,0.06969944897959185,0.774788,,,,
SERA,Healthcare,,,D,ineligible,,,D,0.760623,,,,,,,0,no_upcoming,,neutral,drawdown_data_missing,XS,ineligible,,,v1.3.0,e094cbec,0,fundamental_red_flag|sev3,early|none|nonpos,0.06969944897959185,,-1.305798,,1,-0.427473,-0.329211,,0,neutral,-0.7036,,0.0,0.0,0.0,,,0,0,0,0,False,False,False,missing,0.0,critical,,,1.0,0,0,1.0,0,1.0,0,,,missing,,,series_too_short,,,,series_too_short,,series_too_short,,,,early,micro,SEV3,platform_devices,pit_bundle,,,sponsor|drawdown,2,0.5,,,,,0.15,,269,0.06969944897959185,0.760623,,,,
PRVA,"Privia Health Group, Inc.",,,D,ineligible,,,D,0.732295,,,,,,,0,no_upcoming,,neutral,drawdown_data_missing,XS,ineligible,,,v1.3.0,e094cbec,0,fundamental_red_flag|sev3,early|none|nonpos,0.06969944897959185,,,,,-0.862224,-1.027407,,0,neutral,-0.7036,,0.0,0.0,0.0,,,0,0,0,0,False,False,False,missing,0.0,critical,,,1.0,0,0,1.0,0,1.0,0,,,missing,,,series_too_short,,,,series_too_short,,series_too_short,,,,early,mid,SEV3,platform_services,pit_bundle,,,sponsor|drawdown,2,0.5,,,,,0.0,,259,0.06969944897959185,0.732295,,,,
PACB,Pacific Biosciences of Californ,,,D,ineligible,,,D,0.71813,,,,,,,0,no_upcoming,,tailwind,deep_drawdown|deep_drawdown_rel_xbi,XS,ineligible,,,v1.3.0,e094cbec,0,deep_drawdown,early|none|nonpos,0.06969944897959185,,,,,-0.862224,-0.753788,2,5,buying,0.1499,,4.2972,2.9847,1.99,45,fresh,0,0,0,0,True,False,False,missing,0.0,short,,,1.0,0,0,1.0,0,1.0,0,,,missing,0.748682,price_history,,2,1.6445,price_history,,-0.402346,,38.135,-0.149376,-0.25297,early,small,SEV2,platform_devices,pit_bundle,,,,0,0.5,,,,,0.0,,254,0.06969944897959185,0.71813,,,,
FLGT,"Fulgent Genetics, Inc.",,,D,ineligible,,,D,0.630312,,,,,,,0,no_upcoming,,tailwind,high_vol|deep_drawdown|deep_drawdown_rel_xbi,XS,ineligible,,,v1.3.0,e094cbec,0,deep_drawdown,early|none|nonpos,0.06969944897959185,,,,,-0.862224,-0.923957,1,2,buying,-0.2768,,1.25,0.7812,0.09,45,fresh,0,0,0,0,True,False,False,missing,0.0,adequate,,,1.0,0,0,1.0,0,1.0,0,,,missing,1.108589,price_history,,1,1.2953,price_history,,-0.449225,,43.8556,-0.149376,-0.299849,early,small,NONE,platform_diagnostics,pit_bundle,,,,0,0.5,,,,,0.0,,223,0.06969944897959185,0.630312,,,,
CATX,"Perspective Therapeutics, Inc.",,,D,ineligible,,,D,0.584986,,,,,,,0,no_upcoming,,tailwind,high_vol|deep_drawdown|deep_drawdown_rel_xbi,XS,ineligible,,,v1.3.0,e094cbec,0,fundamental_red_flag|sev3|deep_drawdown,early|none|nonpos,0.06969944897959185,,-1.305798,,1,-0.427473,-0.329211,,0,neutral,-0.7036,,0.0,0.0,0.0,,,0,0,0,0,False,False,False,missing,0.0,critical,,,1.0,0,0,1.0,0,1.0,0,,,missing,2.592335,price_history,,,1.7027,price_history,,-0.433198,,44.6097,-0.149376,-0.283822,early,micro,SEV3,platform_devices,pit_bundle,,,sponsor,1,0.5,,,,,0.15,,207,0.06969944897959185,0.584986,,,,
SRPT,"Sarepta Therapeutics, Inc.",,,D,ineligible,,,D,0.330028,,,,,,,0,no_upcoming,,headwind,high_vol|deep_drawdown|deep_drawdown_rel_xbi,XS,ineligible,,,v1.3.0,e094cbec,0,deep_drawdown,late|none|nonpos,0.1,,1.080124,0,1,0.489733,,7,10,selling,2.2836,,12.1198,11.2798,4.94,44,fresh,0,0,0,0,True,False,False,missing,0.0,adequate,,,1.0,0,0,1.0,0,1.0,0,,,missing,-0.40527,price_history,,7,0.2075,price_history,,-0.512924,,34.4457,-0.149376,-0.363548,late,mid,NONE,commercial_biotech,pit_bundle,,,,0,0.5,,,,,0.7905,,117,0.1,0.330028,,,,
MRNA,"Moderna, Inc.",,,D,ineligible,,,D,0.245042,,,,,,,0,no_upcoming,,headwind,,XS,ineligible,,,v1.3.0,e094cbec,0,fundamental_red_flag|sev3,late|none|nonpos,0.1,,1.080124,0,1,0.489733,,3,5,buying,0.5766,,3.7145,2.9645,0.83,45,fresh,0,0,0,0,True,False,False,missing,0.0,critical,,,1.0,0,0,1.0,0,1.0,0,,,missing,-0.054394,price_history,,3,0.6043,price_history,,-0.167599,,47.9006,-0.149376,-0.018223,late,large,SEV3,commercial_biotech,pit_bundle,,,,0,0.5,,,,,0.7905,,87,0.1,0.245042,,,,
ANIP,"ANI Pharmaceuticals, Inc.",,,D,ineligible,,,D,0.052408,,,,,,,0,no_upcoming,,headwind,deep_drawdown|deep_drawdown_rel_xbi,XS,ineligible,,,v1.3.0,e094cbec,0,deep_drawdown,late|none|nonpos,0.1,,-0.223658,,1,-0.47761,-0.537756,0,1,selling,-0.7036,,0.2775,0.0,0.0,48,fresh,0,0,0,0,True,False,False,missing,0.0,adequate,,,1.0,0,0,1.0,0,1.0,0,,,missing,-0.056197,price_history,,0,0.3614,price_history,,-0.419162,,39.0848,-0.149376,-0.269786,late,small,NONE,commercial_pharma,pit_bundle,,,,0,0.5,,,,,0.4405,,19,0.1,0.052408,,,,
