ticker,company_name,actionable_rank,target_weight_pct,tier_any,tier_any_reason,tier_dev,tier_reason,tier_commercial,alpha_cohort_pct,commercial_quality_pct,has_commercial_quality,clinical_optionality_pct_dev,has_clinical_optionality_dev,clinical_rank_pct_dev,catalyst_days,catalyst_in_window,catalyst_mode,cat_priority,mom_state,risk_flags,size_band,size_reasons,top_3_drivers,catalyst_reason_detail,decision_engine_version,decision_engine_ruleset_id,eligible,ineligible_reasons,fundamental_red_flag,fundamental_red_flag_reasons,fundamental_red_flag_inputs,alpha_cohort_key,alpha_cohort_raw,commercial_quality,clinical_alpha_z,clinical_readout_days,clinical_coverage_flag,clinical_score_z,clinical_score_z_tier,sponsor_tier1_count,sponsor_overlap_count,sponsor_net_buying,coinvest_score_z,coinvest_tag,coinvest_conviction,coinvest_tier1_conviction,coinvest_max_position_pct,coinvest_filing_age_days,coinvest_recency_state,inst_delta_z,inst_delta_net,inst_delta_new,inst_delta_exit,has_coinvest_signal,has_inst_delta,has_catalyst_signal,catalyst_strength,catalyst_decay_w,runway_bucket,cost_bucket,est_cost_bps,cost_mult,cost_haircut_applied,dd_rel_margin_rescued,catalyst_tilt_mult,catalyst_tilt_applied,mom_state_tilt_mult,mom_state_tilt_applied,de_catalyst_days,de_catalyst_in_window,de_catalyst_mode,de_alpha_60d,de_alpha_60d_source,de_alpha_60d_missing_reason,de_tier1_count,de_beta_xbi_60d,de_beta_xbi_60d_source,de_beta_xbi_60d_missing_reason,de_drawdown,de_drawdown_missing_reason,de_rsi_14d,de_vol_60d,de_drawdown_xbi,de_drawdown_rel_xbi,stage_bucket,market_cap_bucket,severity,archetype,returns_source,catalyst_source,catalyst_event_type,missing_components,missingness_penalty,confidence_overall,momentum_score,catalyst_score,smart_money_score,valuation_score,clinical_score,financial_score,clinical_score_v2,clinical_score_v2_z,lead_program_phase,lead_program_readout_days,program_count,program_diversification,readout_curve_score,readout_density_90,late_stage_readouts_180,execution_momentum,design_quality_score,endpoint_strength_score,therapeutic_area,competitive_intensity_z,crowding_level,sizing_multiplier_clinical,composite_rank,composite_score,score_rank_pct,score_z,composite_score_attn,score_rank_pct_attn,score_z_attn,de_sort_total_adj,de_sort_contrib_clinical,de_sort_contrib_coinvest,de_sort_contrib_institutional,de_sort_contrib_calendar_alpha,de_sort_contrib_alpha_modifier,de_sort_contrib_catalyst_bonus
ELDN,"Eledon Pharmaceuticals, Inc.",1,0.51,A,high_opt+catalyst_near,A,high_opt+catalyst_near,,0.864261,,0,0.767081,1,0.232919,48,1,specific_days,9,tailwind,,L,tier_a_dev|momentum_tailwind|cost_haircut_>2000bps,momentum_score:+43.4;clinical_score:-30.5;financial_score:-9.9,tier=A;reason=high_opt+catalyst_near;cat_days=48;strength=near;decay_w=1.0,v1.3.0,31f399e0,1,,0,,"{""burn_ttm"": 48250000.0, ""cash_total"": 93401000.0, ""dilution_risk"": null, ""has_revenue"": null, ""lead_phase"": null, ""runway_months"": 23.229264248704663, ""stage_bucket"": ""mid"", ""surv_score"": ""4.0"", ""tier1_count"": 1}",mid|near_31_90|pos,0.02135407407407407,,0.1323,0,1,-1.036,1.0,1,1,neutral,-0.7967,elite_1,0.0,0.0,0.0,,,0.0,0,0,0,True,False,True,near,1.0,adequate,>2000bps,2020.0,0.55,1,0,1.0,0,1.0,0,48,True,specific_days,0.8028,price_history,,1,0.2763,price_history,,-0.028846,,62.9635,,-0.108271,0.079425,mid,micro,sev1,drug_developer,morningstar,,,,0,0.7592705599300087489063867017,91.91,41.47684444444444444444444444,52.5,86.25,18.00000000000000000000000000,38.54549127640036730945821855,16.9843,-1.1308,2.0,454,6,1.0,0.193,1,0,0.0,0.3,0.55,metabolic,-0.4975,uncrowded,1.0,252,0.02135407407407407,0.135739,-1.0997,18.52,0.372852,-0.3243,1.001068,1.0,0.0,0.0,0.0,0.001068,0.0
CELC,Celcuity Inc.,2,0.92,A,high_opt+catalyst_near,A,high_opt+catalyst_near,,0.957045,,0,0.841615,1,0.158385,17,1,specific_days,9,headwind,,L,tier_a_dev|sponsor_confirmed|momentum_headwind,clinical_score:-36.5;smart_money_score:+35.4;financial_score:+11.0,tier=A;reason=high_opt+catalyst_near;cat_days=17;strength=near;decay_w=1.0,v1.3.0,31f399e0,1,,0,,"{""burn_ttm"": 116881000.0, ""cash_total"": 454978000.0, ""dilution_risk"": null, ""has_revenue"": null, ""lead_phase"": null, ""runway_months"": 46.71192067145216, ""stage_bucket"": ""late"", ""surv_score"": ""4.0"", ""tier1_count"": 6}",late|near_0_30|nonpos,-0.006907476190476191,,0.6531,0,1,-1.3281,-1.0,6,6,buying,1.1353,elite_6,0.0,0.0,0.0,,,0.0,0,0,0,True,False,True,near,1.0,adequate,<=400bps,347.34,1.0,0,0,1.0,0,1.0,0,17,True,specific_days,-0.126655,price_history,,6,0.795,price_history,,-0.304167,,44.2001,,-0.108271,-0.195896,late,mid,none,drug_developer,morningstar,,,,0,0.8124562462281231140615570308,43.18,41.95437511111111111111111111,83.0,16.89,11.05561332424970418444548029,58.57142857142857142857142857,11.9925,-1.342,3.0,746,8,1.0,1.3744,2,1,0.0,0.3,0.95,oncology,-0.4975,uncrowded,1.0,279,-0.006907476190476191,0.042955,-1.7174,15.88,0.269759,-0.6135,-0.000345,0.0,0.0,0.0,0.0,-0.000345,0.0
ABSI,Absci Corporation,3,0.1,B,high_opt+no_catalyst_data,B,high_opt+no_catalyst_data,,0.005155,,0,0.630435,1,0.369565,,0,no_upcoming,9,headwind,high_beta|deep_drawdown|deep_drawdown_rel_xbi,XS,sponsor_confirmed|momentum_headwind|high_risk|cost_haircut_<=2000bps,smart_money_score:+17.5;clinical_score:-15.0;financial_score:+9.5,tier=B;reason=high_opt+no_catalyst_data;cat_days=NA;strength=missing;decay_w=0.0,v1.3.0,31f399e0,1,,0,,"{""burn_ttm"": 63743000.0, ""cash_total"": 152475000.0, ""dilution_risk"": null, ""has_revenue"": null, ""lead_phase"": null, ""runway_months"": 28.70432831840359, ""stage_bucket"": ""late"", ""surv_score"": ""5.0"", ""tier1_count"": 3}",late|none|pos,0.1,,-0.5879,,0,-0.3633,1.6952,3,3,buying,-0.0239,elite_3,0.0,0.0,0.0,,,0.0,0,0,0,True,False,True,missing,0.0,adequate,<=2000bps,1036.19,0.7,1,0,1.0,0,1.0,0,,False,no_upcoming,-0.151218,price_history,,3,1.8657,price_history,,-0.395596,,39.1139,0.9218,-0.108271,-0.287325,late,small,none,drug_developer,morningstar,,,,0,0.8089242139840450492726419521,44.64,41.25000000000000000000000000,66.5,81.79,33.99384863008513910303146202,58.50000000000000000000000000,33.1115,-0.4483,3.0,,12,1.0,0.0,0,0,0.0,0.4,0.95,oncology,0.6892,highly_crowded,1.0,2,0.1,0.994845,2.5653,21.72,0.445017,-0.1383,2.5478,2.5428,0.0,0.0,0.0,0.005,0.0
KALV,"KalVista Pharmaceuticals, Inc.",4,0.78,B,high_opt+no_catalyst_data,B,high_opt+no_catalyst_data,,0.214777,,0,0.673913,1,0.326087,,0,no_upcoming,9,neutral,,L,sponsor_confirmed,clinical_score:-12.9;smart_money_score:+12.1;momentum_score:+8.2,tier=B;reason=high_opt+no_catalyst_data;cat_days=NA;strength=missing;decay_w=0.0,v1.3.0,31f399e0,1,,0,,"{""burn_ttm"": 126985000.0, ""cash_total"": 243497000.0, ""dilution_risk"": null, ""has_revenue"": null, ""lead_phase"": null, ""runway_months"": 23.010308304130408, ""stage_bucket"": ""late"", ""surv_score"": ""1.0"", ""tier1_count"": 2}",late|none|pos,0.1,,0.6917,0,1,-0.5496,1.2701,2,2,selling,-0.4103,elite_2,0.0,0.0,0.0,,,0.0,0,0,0,True,False,True,missing,0.0,adequate,<=1000bps,753.69,0.85,1,0,1.0,0,1.0,0,,False,no_upcoming,0.014653,price_history,,2,0.774,price_history,,-0.247506,,53.6899,0.6376,-0.108271,-0.139235,late,small,sev1,drug_developer,morningstar,,,,0,0.8797717560805306644943558711,50.62,41.25000000000000000000000000,54.5,61.92,29.56629654861932820984776953,36.14891975308641975308641975,27.984,-0.6653,3.0,746,4,1.0,0.006,0,0,0.0,0.4,0.55,ophthalmology,0.6892,highly_crowded,1.0,63,0.1,0.785223,0.79,22.57,0.482818,-0.0431,1.91015,1.90515,0.0,0.0,0.0,0.005,0.0
KYTX,"Kyverna Therapeutics, Inc.",5,0.12,B,high_opt+no_catalyst_data,B,high_opt+no_catalyst_data,,0.228522,,0,0.611801,1,0.388199,,0,no_upcoming,9,headwind,high_vol|high_beta|drawdown_data_missing,XS,momentum_headwind|high_risk,momentum_score:-19.7;smart_money_score:+18.1;catalyst_score:+3.9,tier=B;reason=high_opt+no_catalyst_data;cat_days=NA;strength=missing;decay_w=0.0,v1.3.0,31f399e0,1,,0,,"{""burn_ttm"": 120185000.0, ""cash_total"": 171138000.0, ""dilution_risk"": null, ""has_revenue"": null, ""lead_phase"": null, ""runway_months"": 17.08745683737571, ""stage_bucket"": ""mid"", ""surv_score"": ""2.0"", ""tier1_count"": 1}",mid|none|pos,0.1,,-1.13,597,1,-0.2605,1.9299,1,1,buying,-0.7967,elite_1,0.0,0.0,0.0,,,0.0,0,0,0,True,False,True,missing,0.0,adequate,<=1000bps,916.58,0.85,1,0,1.0,0,1.0,0,,False,no_upcoming,-0.568054,price_history,,1,1.8449,price_history,,,series_too_short,31.7481,1.2661,-0.108271,,mid,small,sev1,drug_developer,morningstar,,,drawdown,1,0.7519527630240705164425358798,17.67,41.25000000000000000000000000,55.5,71.25,36.43893480257116620752984390,36.02151111111111111111111111,34.5758,-0.3864,2.0,1021,7,1.0,0.0038,0,0,0.0,0.3,0.6,autoimmune,0.6892,highly_crowded,1.0,67,0.1,0.771478,0.7437,18.22,0.365979,-0.3425,1.9349,1.9299,0.0,0.0,0.0,0.005,0.0
SVRA,"Savara, Inc.",6,0.47,B,high_opt+no_catalyst_data,B,high_opt+no_catalyst_data,,0.362543,,0,0.680124,1,0.319876,,0,no_upcoming,9,headwind,,M,sponsor_confirmed|momentum_headwind,smart_money_score:+27.3;financial_score:-19.4;clinical_score:-10.2,tier=B;reason=high_opt+no_catalyst_data;cat_days=NA;strength=missing;decay_w=0.0,v1.3.0,31f399e0,1,,0,,"{""burn_ttm"": 75980000.0, ""cash_total"": 124386000.0, ""dilution_risk"": null, ""has_revenue"": null, ""lead_phase"": null, ""runway_months"": 19.645064490655436, ""stage_bucket"": ""late"", ""surv_score"": ""0.0"", ""tier1_count"": 3}",late|none|pos,0.1,,0.69,0,1,-0.5756,1.2106,3,3,buying,-0.0239,elite_3,0.0,0.0,0.0,,,0.0,0,0,0,True,False,True,missing,0.0,adequate,<=1000bps,844.9,0.85,1,0,1.0,0,1.0,0,,False,no_upcoming,-0.126939,price_history,,3,1.0801,price_history,,-0.270125,,43.3574,0.6811,-0.108271,-0.161854,late,small,sev1,drug_developer,morningstar,,,,0,0.8537560065313739211569862375,39.32,41.25000000000000000000000000,66.5,59.93,28.94653806160134820179999283,19.76562500000000000000000000,27.8274,-0.6719,3.0,1080,9,1.0,0.0004,0,0,0.0769,0.4,0.5,respiratory,0.6892,highly_crowded,1.0,106,0.1,0.637457,0.3517,15.60,0.242268,-0.699,1.8209,1.8159,0.0,0.0,0.0,0.005,0.0
RNA,"Avidity Biosciences, Inc.",7,0.92,B,high_opt+no_catalyst_data,B,high_opt+no_catalyst_data,,0.321306,,0,0.686335,1,0.313665,,0,no_upcoming,9,tailwind,overbought_rsi,L,sponsor_confirmed|momentum_tailwind|runway_short,financial_score:-46.1;momentum_score:+45.3;smart_money_score:+33.7,tier=B;reason=high_opt+no_catalyst_data;cat_days=NA;strength=missing;decay_w=0.0,v1.3.0,31f399e0,1,,0,,"{""burn_ttm"": 650441000.0, ""cash_total"": 382517000.0, ""dilution_risk"": null, ""has_revenue"": null, ""lead_phase"": null, ""runway_months"": 7.0570643609489565, ""stage_bucket"": ""late"", ""surv_score"": ""-2.0"", ""tier1_count"": 11}",late|none|pos,0.1,,0.6898,0,1,-0.6016,1.1514,11,11,buying,3.0674,elite_11,0.0,0.0,0.0,,,0.0,0,0,0,True,False,True,missing,0.0,short,<=400bps,298.2,1.0,0,0,1.0,0,1.0,0,,False,no_upcoming,0.685933,price_history,,11,1.4126,price_history,,-0.008008,,79.5332,0.7513,-0.108271,0.100263,late,mid,sev2,drug_developer,morningstar,,,,0,0.8751604872251931075460487225,96.55,41.25000000000000000000000000,85,28.81,28.32996681288122358078254668,5.200277777777777777777777778,27.6009,-0.6815,3.0,778,5,1.0,0.0903,0,0,0.0,0.4,0.75,rare_disease,-0.4975,uncrowded,1.0,94,0.1,0.678694,0.4641,9.40,0.060137,-1.5536,1.7321,1.7271,0.0,0.0,0.0,0.005,0.0
INBX,"Inhibrx Biosciences, Inc.",8,0.78,B,high_opt+no_catalyst_data,B,high_opt+no_catalyst_data,,0.194158,,0,0.624224,1,0.375776,,0,no_upcoming,9,neutral,drawdown_data_missing,L,sponsor_confirmed,financial_score:-26.4;smart_money_score:+25.0;momentum_score:+8.5,tier=B;reason=high_opt+no_catalyst_data;cat_days=NA;strength=missing;decay_w=0.0,v1.3.0,31f399e0,1,,0,,"{""burn_ttm"": 99672000.0, ""cash_total"": 153088000.0, ""dilution_risk"": null, ""has_revenue"": null, ""lead_phase"": null, ""runway_months"": 18.431013725018058, ""stage_bucket"": ""mid"", ""surv_score"": ""3.0"", ""tier1_count"": 3}",mid|none|pos,0.1,,0.1549,0,1,-0.3436,1.7402,3,3,buying,-0.0239,elite_3,0.0,0.0,0.0,,,0.0,0,0,0,True,False,True,missing,0.0,adequate,<=1000bps,811.15,0.85,1,0,1.0,0,1.0,0,,False,no_upcoming,,,beta_missing:insufficient_overlap,3,,,insufficient_overlap,,series_too_short,,0.7023,-0.108271,,mid,small,sev1,drug_developer,morningstar,,,drawdown,1,0.7778532089468360121389232326,50,41.25000000000000000000000000,66.5,41.25,34.46280991735537190082644628,15.05884444444444444444444444,33.5805,-0.4285,2.0,473,7,1.0,0.1195,0,0,0.0,0.4,0.95,oncology,0.6892,highly_crowded,1.0,57,0.1,0.805842,0.8627,15.91,0.273196,-0.6032,1.7452,1.7402,0.0,0.0,0.0,0.005,0.0
MLYS,"Mineralys Therapeutics, Inc.",9,0.78,B,high_opt+no_catalyst_data,B,high_opt+no_catalyst_data,,0.262887,,0,0.692547,1,0.307453,,0,no_upcoming,9,tailwind,,L,sponsor_confirmed|momentum_tailwind,smart_money_score:+35.2;financial_score:-29.4;clinical_score:-17.1,tier=B;reason=high_opt+no_catalyst_data;cat_days=NA;strength=missing;decay_w=0.0,v1.3.0,31f399e0,1,,0,,"{""burn_ttm"": 104528000.0, ""cash_total"": 217597000.0, ""dilution_risk"": null, ""has_revenue"": null, ""lead_phase"": null, ""runway_months"": 24.9805219654064, ""stage_bucket"": ""late"", ""surv_score"": ""5.0"", ""tier1_count"": 7}",late|none|pos,0.1,,-0.4216,179,1,-0.6274,1.0925,7,7,buying,1.5218,elite_7,0.0,0.0,0.0,,,0.0,0,0,0,True,False,True,missing,0.0,adequate,<=1000bps,521.81,0.85,1,0,1.0,0,1.0,0,,False,no_upcoming,-0.031908,price_history,,7,0.7977,price_history,,-0.264328,,45.8058,0.6287,-0.108271,-0.156057,late,mid,none,drug_developer,morningstar,,,,0,0.8306050036083714216983401491,59.53,41.25000000000000000000000000,80.0,18.21,27.71658280245895434679543109,15.36961451247165532879818594,27.3509,-0.6921,3.0,179,3,0.6667,0.6343,0,1,0.0,0.4,0.85,cardiovascular,0.6892,highly_crowded,1.0,77,0.1,0.737113,0.6345,19.53,0.396907,-0.2614,1.64375,1.63875,0.0,0.0,0.0,0.005,0.0
STRO,"Sutro Biopharma, Inc.",10,0.19,B,high_opt+catalyst_far,B,high_opt+catalyst_far,,0.974227,,0,0.642857,1,0.357143,929,0,specific_days,9,headwind,deep_drawdown|deep_drawdown_rel_xbi,S,catalyst_far_lift|sponsor_confirmed|momentum_headwind|runway_short|cost_haircut_<=2000bps,financial_score:-33.8;smart_money_score:+27.5;catalyst_score:+6.6,tier=B;reason=high_opt+catalyst_far;cat_days=929;strength=far;decay_w=0.3,v1.3.0,31f399e0,1,,0,,"{""burn_ttm"": 150796000.0, ""cash_total"": 167594000.0, ""dilution_risk"": null, ""has_revenue"": null, ""lead_phase"": null, ""runway_months"": 13.336746332793973, ""stage_bucket"": ""mid"", ""surv_score"": ""2.0"", ""tier1_count"": 3}",mid|far_271_540|pos,-0.008160016393442623,,0.1531,0,1,-0.4255,1.5533,3,3,buying,-0.0239,elite_3,0.0,0.0,0.0,,,0.0,0,0,0,True,False,True,far,0.3,short,<=2000bps,1967.55,0.7,1,0,1.0,0,1.0,0,929,False,specific_days,0.074391,price_history,,3,1.5835,price_history,,-0.387611,,36.3178,1.0735,-0.108271,-0.27934,mid,small,sev2,drug_developer,morningstar,,,,0,0.7778256456524190819893988948,45.08,45.56250000000000000000000000,66.5,66.25,32.51606978879706152433425161,5.200277777777777777777777778,31.3529,-0.5227,2.0,438,5,1.0,0.0394,0,0,0.0,0.3,0.95,oncology,0.6892,highly_crowded,1.0,284,-0.008160016393442623,0.025773,-1.9469,7.94,0.049828,-1.6465,1.552892,1.5533,0.0,0.0,0.0,-0.000408,0.0
URGN,UroGen Pharma Ltd.,11,0.78,B,high_opt+no_catalyst_data,B,high_opt+no_catalyst_data,,0.393471,,0,0.698758,1,0.301242,,0,no_upcoming,9,tailwind,overbought_rsi,L,sponsor_confirmed|momentum_tailwind|runway_short,financial_score:-33.5;momentum_score:+29.8;smart_money_score:+26.7,tier=B;reason=high_opt+no_catalyst_data;cat_days=NA;strength=missing;decay_w=0.0,v1.3.0,31f399e0,1,,0,,"{""burn_ttm"": 124119000.0, ""cash_total"": 153829000.0, ""dilution_risk"": null, ""has_revenue"": null, ""lead_phase"": null, ""runway_months"": 14.872404708384696, ""stage_bucket"": ""late"", ""surv_score"": ""0.0"", ""tier1_count"": 4}",late|none|pos,0.1,,0.6883,0,1,-0.6785,0.9756,4,4,buying,0.3625,elite_4,0.0,0.0,0.0,,,0.0,0,0,0,True,False,True,missing,0.0,short,<=1000bps,785.74,0.85,1,0,1.0,0,1.0,0,,False,no_upcoming,0.285981,price_history,,4,0.0714,price_history,,-0.151943,,78.0052,0.7699,-0.108271,-0.043672,late,small,sev2,drug_developer,morningstar,,,,0,0.8225052705551651440618411806,75.11,41.25000000000000000000000000,72.0,75.17,26.49937649650798203991219158,11.79340277777777777777777778,25.3362,-0.7773,3.0,454,14,1.0,0.0362,0,0,0.0,0.3,0.95,oncology,0.6892,highly_crowded,1.0,115,0.1,0.606529,0.2703,4.89,0.012027,-2.2562,1.4684,1.4634,0.0,0.0,0.0,0.005,0.0
PRAX,"Praxis Precision Medicines, Inc",12,0.92,B,high_opt+no_catalyst_data,B,high_opt+no_catalyst_data,,0.297251,,0,0.723602,1,0.276398,,0,no_upcoming,9,tailwind,deep_drawdown|deep_drawdown_rel_xbi,L,sponsor_confirmed|momentum_tailwind,smart_money_score:+24.7;clinical_score:-23.4;momentum_score:+10.7,tier=B;reason=high_opt+no_catalyst_data;cat_days=NA;strength=missing;decay_w=0.0,v1.3.0,31f399e0,1,,0,,"{""burn_ttm"": 249068000.0, ""cash_total"": 599331000.0, ""dilution_risk"": null, ""has_revenue"": null, ""lead_phase"": null, ""runway_months"": 28.875535998201293, ""stage_bucket"": ""late"", ""surv_score"": ""5.0"", ""tier1_count"": 8}",late|none|pos,0.1,,0.6797,0,1,-0.8289,0.6324,8,8,buying,1.9082,elite_8,0.0,0.0,0.0,,,0.0,0,0,0,True,False,True,missing,0.0,adequate,<=400bps,221.16,1.0,0,0,1.0,0,1.0,0,,False,no_upcoming,-0.292468,price_history,,8,0.2831,price_history,,-0.373271,,32.9682,0.9863,-0.108271,-0.265,late,mid,none,drug_developer,morningstar,,,,0,0.8088860789980732177263969171,56.99,41.25000000000000000000000000,71.0,10.00,22.92425129780359440799040641,39.24036281179138321995464852,21.3419,-0.9464,3.0,444,8,1.0,0.0587,0,0,0.0,0.4,0.6,cns,0.6892,highly_crowded,1.0,87,0.1,0.702749,0.5323,15.69,0.256014,-0.6557,0.9536,0.9486,0.0,0.0,0.0,0.005,0.0
ZBIO,"Zenas BioPharma, Inc.",13,0.47,B,high_opt+no_catalyst_data,B,high_opt+no_catalyst_data,,0.410653,,0,0.729814,1,0.270186,,0,no_upcoming,9,neutral,high_vol|drawdown_data_missing,M,sponsor_confirmed|high_risk,clinical_score:-23.8;smart_money_score:+20.4;catalyst_score:-4.9,tier=B;reason=high_opt+no_catalyst_data;cat_days=NA;strength=missing;decay_w=0.0,v1.3.0,31f399e0,1,,0,,"{""burn_ttm"": 119919000.0, ""cash_total"": 290884000.0, ""dilution_risk"": null, ""has_revenue"": null, ""lead_phase"": null, ""runway_months"": 29.10804793235434, ""stage_bucket"": ""late"", ""surv_score"": ""5.0"", ""tier1_count"": 3}",late|none|pos,0.1,,0.678,0,1,-0.8535,0.5762,3,3,buying,-0.0239,elite_3,0.0,0.0,0.0,,,0.0,0,0,0,True,False,True,missing,0.0,adequate,<=1000bps,681.58,0.85,1,0,1.0,0,1.0,0,,False,no_upcoming,,,beta_missing:series_too_short,3,,,series_too_short,,no_price_series,,1.5048,-0.108271,,late,small,none,drug_developer,morningstar,,,drawdown,1,0.8089584306398879028491359178,50,41.25000000000000000000000000,66.5,38.08,22.33955243206202365727626584,50.62500000000000000000000000,20.7572,-0.9711,3.0,517,5,1.0,0.0335,0,0,0.0,0.4,0.6,autoimmune,0.6892,highly_crowded,1.0,120,0.1,0.589347,0.2259,16.80,0.30756,-0.5028,0.8693,0.8643,0.0,0.0,0.0,0.005,0.0
WVE,Wave Life Sciences Ltd.,14,0.92,B,high_opt+no_catalyst_data,B,high_opt+no_catalyst_data,,0.407216,,0,0.71118,1,0.28882,,0,no_upcoming,9,tailwind,high_vol,L,sponsor_confirmed|momentum_tailwind|high_risk,clinical_score:-28.2;smart_money_score:+24.3;financial_score:+12.6,tier=B;reason=high_opt+no_catalyst_data;cat_days=NA;strength=missing;decay_w=0.0,v1.3.0,31f399e0,1,,0,,"{""burn_ttm"": 187493000.0, ""cash_total"": 602068000.0, ""dilution_risk"": null, ""has_revenue"": null, ""lead_phase"": null, ""runway_months"": 38.533790594848874, ""stage_bucket"": ""mid"", ""surv_score"": ""5.0"", ""tier1_count"": 5}",mid|none|pos,0.1,,0.1419,0,1,-0.7406,0.8339,5,5,buying,0.7489,elite_5,0.0,0.0,0.0,,,0.0,0,0,0,True,False,True,missing,0.0,adequate,<=400bps,327.67,1.0,0,0,1.0,0,1.0,0,,False,no_upcoming,0.052357,price_history,,5,1.2353,price_history,,-0.093159,,54.3365,3.1359,-0.108271,0.015112,mid,mid,none,drug_developer,morningstar,,,,0,0.7964782408473405480082892010,56.38,41.25000000000000000000000000,77.5,33.75,25.02295684113865932047750229,65.81818181818181818181818182,23.9439,-0.8363,2.0,,8,1.0,0.0335,0,0,0.0,0.4,0.75,rare_disease,0.6892,highly_crowded,1.0,119,0.1,0.592784,0.2347,24.82,0.520619,0.0517,0.8389,0.8339,0.0,0.0,0.0,0.005,0.0
SMMT,Summit Therapeutics Inc.,15,0.78,B,high_opt+no_catalyst_data,B,high_opt+no_catalyst_data,,0.345361,,0,0.736025,1,0.263975,,0,no_upcoming,9,tailwind,high_beta,L,sponsor_confirmed|momentum_tailwind|high_risk,momentum_score:+41.6;clinical_score:-33.2;smart_money_score:+16.5,tier=B;reason=high_opt+no_catalyst_data;cat_days=NA;strength=missing;decay_w=0.0,v1.3.0,31f399e0,1,,0,,"{""burn_ttm"": 322930000.0, ""cash_total"": 713448000.0, ""dilution_risk"": null, ""has_revenue"": null, ""lead_phase"": null, ""runway_months"": 26.511553587464775, ""stage_bucket"": ""late"", ""surv_score"": ""3.0"", ""tier1_count"": 5}",late|none|pos,0.1,,0.677,0,1,-0.878,0.5204,5,5,buying,0.7489,elite_5,0.0,0.0,0.0,,,0.0,0,0,0,True,False,True,missing,0.0,adequate,<=1000bps,484.44,0.85,1,0,1.0,0,1.0,0,,False,no_upcoming,1.356658,price_history,,5,4.634,price_history,,-0.231685,,60.4901,0.5984,-0.108271,-0.123414,late,large,none,drug_developer,morningstar,,,,0,0.8151449643947100712105798576,96.55,41.25000000000000000000000000,71.5,10.00,21.75804080461830829359245581,43.69651515332608236620571232,20.679,-0.9744,3.0,565,8,1.0,0.0165,0,0,0.0,0.4,0.75,rare_disease,0.6892,highly_crowded,1.0,101,0.1,0.654639,0.3979,15.92,0.276632,-0.5929,0.7856,0.7806,0.0,0.0,0.0,0.005,0.0
FDMT,"4D Molecular Therapeutics, Inc.",16,0.19,B,high_opt+catalyst_far,B,high_opt+catalyst_far,,0.963918,,0,0.717391,1,0.282609,566,0,specific_days,9,headwind,,S,catalyst_far_lift|momentum_headwind|cost_haircut_<=2000bps,clinical_score:-22.4;financial_score:+17.2;smart_money_score:+9.3,tier=B;reason=high_opt+catalyst_far;cat_days=566;strength=far;decay_w=0.3,v1.3.0,31f399e0,1,,0,,"{""burn_ttm"": 137633000.0, ""cash_total"": 305063000.0, ""dilution_risk"": null, ""has_revenue"": null, ""lead_phase"": null, ""runway_months"": 26.597952525920384, ""stage_bucket"": ""mid"", ""surv_score"": ""3.0"", ""tier1_count"": 1}",mid|far_271_540|pos,-0.008160016393442623,,-1.1495,566,1,-0.8163,0.6611,1,1,neutral,-0.7967,elite_1,0.0,0.0,0.0,,,0.0,0,0,0,True,False,True,far,0.3,adequate,<=2000bps,1082.73,0.7,1,0,1.0,0,1.0,0,566,False,specific_days,-0.2418,price_history,,1,1.4742,price_history,,-0.341232,,45.064,0.8446,-0.108271,-0.232961,mid,small,none,drug_developer,morningstar,,,,0,0.7762887760857304004512126340,41.67,45.56250000000000000000000000,55.0,58.75,23.22314049586776859504132231,62.84000,21.4277,-0.9427,2.0,900,7,1.0,0.0042,0,0,0.0,0.3,0.5,respiratory,0.2145,moderate,1.0,281,-0.008160016393442623,0.036082,-1.7981,26.72,0.558419,0.147,0.660692,0.6611,0.0,0.0,0.0,-0.000408,0.0
VERA,"Vera Therapeutics, Inc.",17,0.78,B,high_opt+no_catalyst_data,B,high_opt+no_catalyst_data,,0.599656,,0,0.984472,1,0.015528,,0,no_upcoming,9,tailwind,,L,sponsor_confirmed|momentum_tailwind,clinical_score:-47.2;financial_score:+21.8;smart_money_score:+19.3,tier=B;reason=high_opt+no_catalyst_data;cat_days=NA;strength=missing;decay_w=0.0,v1.3.0,31f399e0,1,,0,,"{""burn_ttm"": 171110000.0, ""cash_total"": 497389000.0, ""dilution_risk"": null, ""has_revenue"": null, ""lead_phase"": null, ""runway_months"": 34.88205248086027, ""stage_bucket"": ""late"", ""surv_score"": ""4.0"", ""tier1_count"": 5}",late|none|nonpos,0.08147540126382306,,-0.6319,335,1,-1.5828,-1.0886,5,5,buying,0.7489,elite_5,0.0,0.0,0.0,,,0.0,0,0,0,True,False,True,missing,0.0,adequate,<=1000bps,439.3,0.85,1,0,1.0,0,1.0,0,,False,no_upcoming,-0.157408,price_history,,5,1.3388,price_history,,-0.266992,,38.2338,0.7858,-0.108271,-0.158721,late,mid,none,drug_developer,morningstar,,,,0,0.7847545752030056962792388801,69.43,41.25000000000000000000000000,71.5,10.00,5,74.00000000000000000000000000,3.4177,-1.7048,3.0,335,3,0.6667,0.0993,0,0,0.0,0.4,0.55,infectious_disease,0.6892,highly_crowded,1.0,175,0.08147540126382306,0.400344,-0.2525,17.95,0.338488,-0.4166,0.004074,0.0,0.0,0.0,0.0,0.004074,0.0
TSHA,"Taysha Gene Therapies, Inc.",18,0.78,B,high_opt+catalyst_far,B,high_opt+catalyst_far,,0.386598,,0,0.978261,1,0.021739,1001,0,specific_days,9,tailwind,high_beta,L,catalyst_far_lift|sponsor_confirmed|momentum_tailwind|high_risk,clinical_score:-53.2;momentum_score:+32.6;smart_money_score:+26.8,tier=B;reason=high_opt+catalyst_far;cat_days=1001;strength=far;decay_w=0.3,v1.3.0,31f399e0,1,,0,,"{""burn_ttm"": 66368000.0, ""cash_total"": 297344000.0, ""dilution_risk"": null, ""has_revenue"": null, ""lead_phase"": null, ""runway_months"": 53.76277724204436, ""stage_bucket"": ""late"", ""surv_score"": ""5.0"", ""tier1_count"": 9}",late|far_271_540|nonpos,0.1,,-0.6899,1001,1,-1.5828,-1.0886,9,9,buying,2.2946,elite_9,0.0,0.0,0.0,,,0.0,0,0,0,True,False,True,far,0.3,adequate,<=1000bps,881.38,0.85,1,0,1.0,0,1.0,0,1001,False,specific_days,0.407521,price_history,,9,1.8503,price_history,,-0.047962,,64.6684,0.7836,-0.108271,0.060309,late,small,none,drug_developer,morningstar,,,,0,0.8339015592273679311147312078,90.80,45.56250000000000000000000000,85,31.46,5,64.62500000000000000000000000,3.4869,-1.7019,3.0,1602,3,0.6667,0.0001,0,0,0.0,0.3,0.5,other,-1.2096,uncrowded,1.0,113,0.1,0.613402,0.2882,19.36,0.390034,-0.2792,0.005,0.0,0.0,0.0,0.0,0.005,0.0
TRDA,"Entrada Therapeutics, Inc.",19,0.15,B,high_opt+no_catalyst_data,B,high_opt+no_catalyst_data,,0.840206,,0,0.97205,1,0.02795,,0,no_upcoming,9,tailwind,,S,momentum_tailwind|runway_short|cost_haircut_>2000bps,clinical_score:-26.5;financial_score:-26.3;momentum_score:+25.0,tier=B;reason=high_opt+no_catalyst_data;cat_days=NA;strength=missing;decay_w=0.0,v1.3.0,31f399e0,1,,0,,"{""burn_ttm"": 128512000.0, ""cash_total"": 90394000.0, ""dilution_risk"": null, ""has_revenue"": null, ""lead_phase"": null, ""runway_months"": 8.440674800796813, ""stage_bucket"": ""early"", ""surv_score"": ""-2.0"", ""tier1_count"": 1}",early|none|nonpos,0.050550596214511044,,-1.9101,,0,-1.5828,-1.0886,1,1,selling,-0.7967,elite_1,0.0,0.0,0.0,,,0.0,0,0,0,True,False,True,missing,0.0,short,>2000bps,2020.0,0.55,1,0,1.0,0,1.0,0,,False,no_upcoming,0.223605,price_history,,1,1.1604,price_history,,-0.12382,,55.2025,0.5606,-0.108271,-0.015549,early,small,sev2,drug_developer,morningstar,,,,0,0.7763785017638514214567337622,56.51,41.25000000000000000000000000,49.5,50,5,5.200277777777777777777777778,3.4869,-1.7019,0.0,232,1,0.0,0.0,0,0,0.0,0.0,0.5,other,-0.4975,uncrowded,1.0,245,0.050550596214511044,0.159794,-0.9953,4.86,0.008591,-2.3828,0.002528,0.0,0.0,0.0,0.0,0.002528,0.0
CNTA,Centessa Pharmaceuticals plc,20,0.78,B,high_opt+no_catalyst_data,B,high_opt+no_catalyst_data,,0.472509,,0,0.953416,1,0.046584,,0,no_upcoming,9,neutral,,L,sponsor_confirmed,smart_money_score:+40.7;clinical_score:-31.3;financial_score:-31.1,tier=B;reason=high_opt+no_catalyst_data;cat_days=NA;strength=missing;decay_w=0.0,v1.3.0,31f399e0,1,,0,,"{""burn_ttm"": 138010000.0, ""cash_total"": 246214000.0, ""dilution_risk"": null, ""has_revenue"": null, ""lead_phase"": null, ""runway_months"": 21.408361712919355, ""stage_bucket"": ""late"", ""surv_score"": ""0.0"", ""tier1_count"": 7}",late|none|nonpos,0.08147540126382306,,0.5946,0,1,-1.5828,-1.0886,7,7,buying,1.5218,elite_7,0.0,0.0,0.0,,,0.0,0,0,0,True,False,True,missing,0.0,adequate,<=1000bps,533.65,0.85,1,0,1.0,0,1.0,0,,False,no_upcoming,-0.112359,price_history,,7,0.777,price_history,,-0.165574,,67.4783,0.5724,-0.108271,-0.057303,late,mid,sev1,drug_developer,morningstar,,,,0,0.8882535922099513121957012231,53.15,41.25000000000000000000000000,77.0,27.48,5,5.200277777777777777777777778,4.7181,-1.6498,3.0,,7,1.0,0.7026,0,2,0.0,0.4,0.95,oncology,0.6892,highly_crowded,1.0,138,0.08147540126382306,0.527491,0.069,12.84,0.135739,-1.0997,0.004074,0.0,0.0,0.0,0.0,0.004074,0.0
AVBP,"ArriVent BioPharma, Inc.",21,0.78,B,high_opt+no_catalyst_data,B,high_opt+no_catalyst_data,,0.445017,,0,0.947205,1,0.052795,,0,no_upcoming,9,neutral,drawdown_data_missing,L,sponsor_confirmed,clinical_score:-37.6;financial_score:+19.4;smart_money_score:+11.4,tier=B;reason=high_opt+no_catalyst_data;cat_days=NA;strength=missing;decay_w=0.0,v1.3.0,31f399e0,1,,0,,"{""burn_ttm"": 129930000.0, ""cash_total"": 300266000.0, ""dilution_risk"": null, ""has_revenue"": null, ""lead_phase"": null, ""runway_months"": 27.731794042946202, ""stage_bucket"": ""late"", ""surv_score"": ""5.0"", ""tier1_count"": 4}",late|none|nonpos,0.08147540126382306,,-0.6378,354,1,-1.5828,-1.0886,4,4,selling,0.3625,elite_4,0.0,0.0,0.0,,,0.0,0,0,0,True,False,True,missing,0.0,adequate,<=1000bps,986.33,0.85,1,0,1.0,0,1.0,0,,False,no_upcoming,0.039475,price_history,,4,0.6774,price_history,,,series_too_short,51.3064,0.6474,-0.108271,,late,small,none,drug_developer,morningstar,,,drawdown,1,0.8371121623064602242391884677,50.95,41.25000000000000000000000000,54.0,50,5,62.00000000000000000000000000,3.8369,-1.6871,3.0,427,2,0.3333,0.0558,0,0,0.0,0.3,0.95,oncology,0.6892,highly_crowded,1.0,130,0.08147540126382306,0.554983,0.1383,19.05,0.383162,-0.2972,0.004074,0.0,0.0,0.0,0.0,0.004074,0.0
ACLX,"Arcellx, Inc.",22,0.92,B,high_opt+catalyst_far,B,high_opt+catalyst_far,,0.015464,,0,0.928571,1,0.071429,473,0,specific_days,9,headwind,,L,catalyst_far_lift|sponsor_confirmed|momentum_headwind,smart_money_score:+41.8;clinical_score:-33.2;financial_score:-18.9,tier=B;reason=high_opt+catalyst_far;cat_days=473;strength=far;decay_w=0.3,v1.3.0,31f399e0,1,,0,,"{""burn_ttm"": 152083000.0, ""cash_total"": 461383000.0, ""dilution_risk"": null, ""has_revenue"": null, ""lead_phase"": null, ""runway_months"": 36.40509458650868, ""stage_bucket"": ""late"", ""surv_score"": ""5.0"", ""tier1_count"": 7}",late|far_271_540|nonpos,0.1,,-0.2912,111,1,-1.5828,-1.0886,7,7,buying,1.5218,elite_7,0.0,0.0,0.0,,,0.0,0,0,0,True,False,True,far,0.3,adequate,<=400bps,207.9,1.0,0,0,1.0,0,1.0,0,473,False,specific_days,-0.221033,price_history,,7,1.077,price_history,,-0.259627,,53.264,0.5575,-0.108271,-0.151356,late,mid,none,drug_developer,morningstar,,,,0,0.8816242164223572875700154928,41.27,45.56250000000000000000000000,80.0,10.00,5,19.34240362811791383219954649,3.8369,-1.6871,3.0,1478,4,1.0,0.1045,0,0,0.0,0.3,0.95,oncology,0.6892,highly_crowded,1.0,5,0.1,0.984536,2.158,13.92,0.17354,-0.9403,0.005,0.0,0.0,0.0,0.0,0.005,0.0
DNTH,"Dianthus Therapeutics, Inc.",23,0.78,B,high_opt+no_catalyst_data,B,high_opt+no_catalyst_data,,0.651203,,0,0.92236,1,0.07764,,0,no_upcoming,9,tailwind,,L,sponsor_confirmed|momentum_tailwind,clinical_score:-47.8;smart_money_score:+31.9;momentum_score:+24.3,tier=B;reason=high_opt+no_catalyst_data;cat_days=NA;strength=missing;decay_w=0.0,v1.3.0,31f399e0,1,,0,,"{""burn_ttm"": 82077000.0, ""cash_total"": 402613000.0, ""dilution_risk"": null, ""has_revenue"": null, ""lead_phase"": null, ""runway_months"": 58.86370115866808, ""stage_bucket"": ""mid"", ""surv_score"": ""5.0"", ""tier1_count"": 8}",mid|none|nonpos,0.0631838407643312,,-1.1771,409,1,-1.5674,-1.0536,8,8,buying,1.9082,elite_8,0.0,0.0,0.0,,,0.0,0,0,0,True,False,True,missing,0.0,adequate,<=1000bps,501.02,0.85,1,0,1.0,0,1.0,0,,False,no_upcoming,0.003085,price_history,,8,1.2188,price_history,,-0.185974,,58.6706,,-0.108271,-0.077703,mid,mid,none,drug_developer,morningstar,,,,0,0.8042907643312101910828025478,77.39,41.25000000000000000000000000,85,50,5.364554637281910009182736455,56.65454545454545454545454545,3.7822,-1.6894,2.0,409,1,0.0,0.0331,0,0,0.0,0.4,0.6,autoimmune,0.6892,highly_crowded,1.0,190,0.0631838407643312,0.348797,-0.3886,23.73,0.510309,0.0258,0.003159,0.0,0.0,0.0,0.0,0.003159,0.0
CRSP,CRISPR Therapeutics AG,24,0.92,B,high_opt+catalyst_far,B,high_opt+catalyst_far,,0.11512,,0,0.779503,1,0.220497,291,0,specific_days,9,neutral,,L,catalyst_far_lift|sponsor_confirmed,clinical_score:-34.0;financial_score:+28.6;smart_money_score:+14.8,tier=B;reason=high_opt+catalyst_far;cat_days=291;strength=far;decay_w=0.3,v1.3.0,31f399e0,1,,0,,"{""burn_ttm"": 345014000.0, ""cash_total"": 1975828000.0, ""dilution_risk"": null, ""has_revenue"": null, ""lead_phase"": null, ""runway_months"": 68.7216634687288, ""stage_bucket"": ""late"", ""surv_score"": ""3.0"", ""tier1_count"": 3}",late|far_271_540|pos,0.1,,0.6676,0,1,-1.0688,0.0848,3,3,buying,-0.0239,elite_3,0.0,0.0,0.0,,,0.0,0,0,0,True,False,True,far,0.3,adequate,<=400bps,316.61,1.0,0,0,1.0,0,1.0,0,291,False,specific_days,-0.086526,price_history,,3,1.1741,price_history,,-0.286804,,62.9035,0.5582,-0.108271,-0.178533,late,mid,none,drug_developer,morningstar,,,,0,0.8829993291806420699568758984,47.40,45.56250000000000000000000000,66.0,63.23,17.22068836379137931721387564,79.850,16.8632,-1.1359,3.0,388,10,1.0,0.4092,1,0,0.0,0.3,0.95,oncology,0.2145,moderate,1.0,34,0.1,0.88488,1.1997,28.81,0.603093,0.2614,0.1322,0.1272,0.0,0.0,0.0,0.005,0.0
ADCT,ADC Therapeutics SA,25,0.64,B,high_opt+catalyst_far,B,high_opt+catalyst_far,,0.022337,,0,0.903727,1,0.096273,474,0,specific_days,9,tailwind,deep_drawdown|deep_drawdown_rel_xbi,L,catalyst_far_lift|sponsor_confirmed|momentum_tailwind|cost_haircut_<=2000bps,clinical_score:-41.3;smart_money_score:+18.5;momentum_score:+15.7,tier=B;reason=high_opt+catalyst_far;cat_days=474;strength=far;decay_w=0.3,v1.3.0,31f399e0,1,,0,,"{""burn_ttm"": 110051000.0, ""cash_total"": 234738000.0, ""dilution_risk"": null, ""has_revenue"": null, ""lead_phase"": null, ""runway_months"": 23.035925450397038, ""stage_bucket"": ""late"", ""surv_score"": ""3.0"", ""tier1_count"": 3}",late|far_271_540|nonpos,0.1,,0.6453,0,1,-1.5083,-0.9187,3,3,buying,-0.0239,elite_3,0.0,0.0,0.0,,,0.0,0,0,0,True,False,True,far,0.3,adequate,<=2000bps,1472.59,0.7,1,0,1.0,0,1.0,0,474,False,specific_days,-0.280162,price_history,,3,0.6185,price_history,,-0.376181,,39.8296,0.7505,-0.108271,-0.26791,late,small,none,drug_developer,morningstar,,,,0,0.8089258911819887429643527205,63.78,45.56250000000000000000000000,66.5,90.00,6.769733985123565244759981032,57.62500000000000000000000000,5.6066,-1.6122,3.0,624,19,1.0,0.1635,0,0,0.0,0.3,0.95,oncology,0.6892,highly_crowded,1.0,7,0.1,0.977663,2.0077,14.64,0.197595,-0.8502,0.005,0.0,0.0,0.0,0.0,0.005,0.0
ARTV,"Artiva Biotherapeutics, Inc.",26,0.39,B,high_opt+no_catalyst_data,B,high_opt+no_catalyst_data,,0.634021,,0,0.897516,1,0.102484,,0,no_upcoming,9,neutral,drawdown_data_missing,M,sponsor_confirmed|cost_haircut_<=2000bps,clinical_score:-33.3;smart_money_score:+19.8;momentum_score:+9.8,tier=B;reason=high_opt+no_catalyst_data;cat_days=NA;strength=missing;decay_w=0.0,v1.3.0,31f399e0,1,,0,,"{""burn_ttm"": 62025000.0, ""cash_total"": 122968000.0, ""dilution_risk"": null, ""has_revenue"": null, ""lead_phase"": null, ""runway_months"": 23.790665054413545, ""stage_bucket"": ""mid"", ""surv_score"": ""4.0"", ""tier1_count"": 2}",mid|none|nonpos,0.0631838407643312,,-0.6472,78,1,-1.5053,-0.9118,2,2,neutral,-0.4103,elite_2,0.0,0.0,0.0,,,0.0,0,0,0,True,False,True,missing,0.0,adequate,<=2000bps,1301.68,0.7,1,0,1.0,0,1.0,0,,False,no_upcoming,,,beta_missing:series_too_short,2,,,series_too_short,,no_price_series,,,-0.108271,,mid,micro,sev1,drug_developer,morningstar,,,drawdown,1,0.7957318399304045237059591127,50,41.25000000000000000000000000,60.0,78.75,6.841138659320477502295684107,42.85579430670339761248852158,6.4375,-1.5771,2.0,146,4,1.0,0.4268,1,1,0.0,0.3,0.95,oncology,0.6892,highly_crowded,1.0,185,0.0631838407643312,0.365979,-0.3425,13.13,0.142612,-1.0687,0.003159,0.0,0.0,0.0,0.0,0.003159,0.0
FULC,"Fulcrum Therapeutics, Inc.",27,0.47,B,high_opt+no_catalyst_data,B,high_opt+no_catalyst_data,,0.503436,,0,0.891304,1,0.108696,,0,no_upcoming,9,headwind,deep_drawdown|deep_drawdown_rel_xbi,M,sponsor_confirmed|momentum_headwind,clinical_score:-39.2;financial_score:+25.8;smart_money_score:+19.8,tier=B;reason=high_opt+no_catalyst_data;cat_days=NA;strength=missing;decay_w=0.0,v1.3.0,31f399e0,1,,0,,"{""burn_ttm"": 60065000.0, ""cash_total"": 197533000.0, ""dilution_risk"": null, ""has_revenue"": null, ""lead_phase"": null, ""runway_months"": 39.463847498543245, ""stage_bucket"": ""late"", ""surv_score"": ""5.0"", ""tier1_count"": 3}",late|none|nonpos,0.08147540126382306,,0.6458,0,1,-1.4772,-0.8476,3,3,buying,-0.0239,elite_3,0.0,0.0,0.0,,,0.0,0,0,0,True,False,True,missing,0.0,adequate,<=1000bps,919.56,0.85,1,0,1.0,0,1.0,0,,False,no_upcoming,-0.194849,price_history,,3,1.1236,price_history,,-0.379167,,43.9671,1.1313,-0.108271,-0.270896,late,small,none,drug_developer,morningstar,,,,0,0.8089227523150861563708826632,45.55,41.25000000000000000000000000,66.5,65.23,7.509332632140907805148186657,72.50000000000000000000000000,7.2597,-1.5423,3.0,139,4,1.0,1.0142,0,3,0.0,0.4,0.55,infectious_disease,-0.4975,uncrowded,1.0,147,0.08147540126382306,0.496564,-0.0086,16.70,0.304124,-0.5126,0.004074,0.0,0.0,0.0,0.0,0.004074,0.0
CGON,"CG Oncology, Inc.",28,0.78,B,high_opt+no_catalyst_data,B,high_opt+no_catalyst_data,,0.465636,,0,0.885093,1,0.114907,,0,no_upcoming,9,neutral,drawdown_data_missing,L,sponsor_confirmed,clinical_score:-42.5;smart_money_score:+33.0;financial_score:+18.9,tier=B;reason=high_opt+no_catalyst_data;cat_days=NA;strength=missing;decay_w=0.0,v1.3.0,31f399e0,1,,0,,"{""burn_ttm"": 96130000.0, ""cash_total"": 680263000.0, ""dilution_risk"": null, ""has_revenue"": null, ""lead_phase"": null, ""runway_months"": 84.91788203474462, ""stage_bucket"": ""late"", ""surv_score"": ""5.0"", ""tier1_count"": 6}",late|none|nonpos,0.08147540126382306,,0.6458,0,1,-1.4772,-0.8476,6,6,buying,1.1353,elite_6,0.0,0.0,0.0,,,0.0,0,0,0,True,False,True,missing,0.0,adequate,<=1000bps,407.78,0.85,1,0,1.0,0,1.0,0,,False,no_upcoming,-0.076521,price_history,,6,1.0018,price_history,,,series_too_short,52.0402,0.7795,-0.108271,,late,mid,none,drug_developer,morningstar,,,drawdown,1,0.8569352976404359803569289735,49.24,41.25000000000000000000000000,83.0,14.24,7.509332632140907805148186657,68.85714285714285714285714286,6.3462,-1.5809,3.0,717,7,1.0,0.0445,0,0,0.0,0.3,0.95,oncology,0.6892,highly_crowded,1.0,136,0.08147540126382306,0.534364,0.0862,17.84,0.328179,-0.4449,0.004074,0.0,0.0,0.0,0.0,0.004074,0.0
OLMA,"Olema Pharmaceuticals, Inc.",29,0.78,B,high_opt+no_catalyst_data,B,high_opt+no_catalyst_data,,0.554983,,0,0.878882,1,0.121118,,0,no_upcoming,9,tailwind,high_vol,L,sponsor_confirmed|momentum_tailwind|high_risk,clinical_score:-36.6;smart_money_score:+21.7;financial_score:+9.3,tier=B;reason=high_opt+no_catalyst_data;cat_days=NA;strength=missing;decay_w=0.0,v1.3.0,31f399e0,1,,0,,"{""burn_ttm"": 108389000.0, ""cash_total"": 328960000.0, ""dilution_risk"": null, ""has_revenue"": null, ""lead_phase"": null, ""runway_months"": 36.41993191190988, ""stage_bucket"": ""late"", ""surv_score"": ""5.0"", ""tier1_count"": 3}",late|none|nonpos,0.08147540126382306,,0.1324,46,1,-1.4458,-0.7759,3,3,buying,-0.0239,elite_3,0.0,0.0,0.0,,,0.0,0,0,0,True,False,True,missing,0.0,adequate,<=1000bps,486.91,0.85,1,0,1.0,0,1.0,0,,False,no_upcoming,0.105852,price_history,,3,1.2023,price_history,,-0.27888,,57.0797,2.891,-0.108271,-0.170609,late,small,none,drug_developer,morningstar,,,,0,0.8089258911819887429643527205,53.90,41.25000000000000000000000000,66.5,17.55,8.256102565328424986354636034,54.12500000000000000000000000,7.5904,-1.5283,3.0,746,4,1.0,0.1748,1,0,0.0,0.3,0.95,oncology,0.6892,highly_crowded,1.0,162,0.08147540126382306,0.445017,-0.1383,12.59,0.12543,-1.1483,0.004074,0.0,0.0,0.0,0.0,0.004074,0.0
COGT,"Cogent Biosciences, Inc.",30,0.92,B,high_opt+no_catalyst_data,B,high_opt+no_catalyst_data,,0.475945,,0,0.872671,1,0.127329,,0,no_upcoming,9,tailwind,high_vol|deep_drawdown|deep_drawdown_rel_xbi,L,sponsor_confirmed|momentum_tailwind|high_risk,smart_money_score:+42.4;financial_score:-36.4;clinical_score:-33.8,tier=B;reason=high_opt+no_catalyst_data;cat_days=NA;strength=missing;decay_w=0.0,v1.3.0,31f399e0,1,,0,,"{""burn_ttm"": 264444000.0, ""cash_total"": 312012000.0, ""dilution_risk"": null, ""has_revenue"": null, ""lead_phase"": null, ""runway_months"": 14.158551526977357, ""stage_bucket"": ""late"", ""surv_score"": ""0.0"", ""tier1_count"": 7}",late|none|nonpos,0.08147540126382306,,0.6476,0,1,-1.4247,-0.7278,7,7,buying,1.5218,elite_7,0.0,0.0,0.0,,,0.0,0,0,0,True,False,True,missing,0.0,adequate,<=400bps,346.16,1.0,0,0,1.0,0,1.0,0,,False,no_upcoming,0.291638,price_history,,7,1.6216,price_history,,-0.368441,,53.8088,2.489,-0.108271,-0.26017,late,mid,sev1,drug_developer,morningstar,,,,0,0.8130890683379534771604194287,71.74,41.25000000000000000000000000,85,12.25,8.757933235325755674280182155,6.151927437641723356009070298,8.6448,-1.4836,3.0,473,6,1.0,0.1142,0,0,0.0,0.5,0.95,oncology,-0.4975,uncrowded,1.0,139,0.08147540126382306,0.524055,0.0603,8.00,0.053265,-1.614,0.004074,0.0,0.0,0.0,0.0,0.004074,0.0
ERAS,"Erasca, Inc.",31,0.92,B,high_opt+catalyst_far,B,high_opt+catalyst_far,,0.898625,,0,0.86646,1,0.13354,260,0,specific_days,9,neutral,high_vol,L,catalyst_far_lift|sponsor_confirmed|high_risk,clinical_score:-35.5;smart_money_score:+21.7;momentum_score:+8.7,tier=B;reason=high_opt+catalyst_far;cat_days=260;strength=far;decay_w=0.3,v1.3.0,31f399e0,1,,0,,"{""burn_ttm"": 73744000.0, ""cash_total"": 288400000.0, ""dilution_risk"": null, ""has_revenue"": null, ""lead_phase"": null, ""runway_months"": 46.92991972228249, ""stage_bucket"": ""late"", ""surv_score"": ""3.0"", ""tier1_count"": 3}",late|near_181_270|nonpos,0.0009534155844155845,,0.6481,0,1,-1.4035,-0.6793,3,3,buying,-0.0239,elite_3,0.0,0.0,0.0,,,0.0,0,0,0,True,False,True,far,0.3,adequate,<=400bps,374.33,1.0,0,0,1.0,0,1.0,0,260,False,specific_days,0.070856,price_history,,3,1.0471,price_history,,-0.266892,,43.7163,1.2457,-0.108271,-0.158621,late,mid,none,drug_developer,morningstar,,,,0,0.8063918149897081971182951931,53.46,45.56250000000000000000000000,66.5,16.23,9.262951143620941749236058825,49.14512471655328798185941043,8.0998,-1.5067,3.0,382,6,1.0,0.0742,0,0,0.0,0.3,0.95,oncology,0.6892,highly_crowded,1.0,262,0.0009534155844155845,0.101375,-1.2738,12.30,0.118557,-1.1822,4.8e-05,0.0,0.0,0.0,0.0,4.8e-05,0.0
NGNE,Neurogene Inc.,32,0.64,B,high_opt+no_catalyst_data,B,high_opt+no_catalyst_data,,0.541237,,0,0.860248,1,0.139752,,0,no_upcoming,9,tailwind,overbought_rsi,L,sponsor_confirmed|momentum_tailwind|cost_haircut_<=2000bps,clinical_score:-48.5;momentum_score:+28.9;smart_money_score:+26.7,tier=B;reason=high_opt+no_catalyst_data;cat_days=NA;strength=missing;decay_w=0.0,v1.3.0,31f399e0,1,,0,,"{""burn_ttm"": 59744000.0, ""cash_total"": 265410000.0, ""dilution_risk"": null, ""has_revenue"": null, ""lead_phase"": null, ""runway_months"": 53.30945366898768, ""stage_bucket"": ""late"", ""surv_score"": ""5.0"", ""tier1_count"": 8}",late|none|nonpos,0.08147540126382306,,0.6492,0,1,-1.3821,-0.6305,8,8,buying,1.9082,elite_8,0.0,0.0,0.0,,,0.0,0,0,0,True,False,True,missing,0.0,adequate,<=2000bps,1586.17,0.7,1,0,1.0,0,1.0,0,,False,no_upcoming,-0.026712,price_history,,8,0.6312,price_history,,-0.163261,,72.2951,0.823,-0.108271,-0.05499,late,small,none,drug_developer,morningstar,,,,0,0.8335099569116105741236753232,87.16,41.25000000000000000000000000,85,69.87,9.771156290213983211222266047,68.12500000000000000000000000,8.9087,-1.4725,3.0,1996,6,1.0,0.1491,1,0,0.0,0.3,0.75,rare_disease,0.6892,highly_crowded,1.0,158,0.08147540126382306,0.458763,-0.1036,20.08,0.410653,-0.2259,0.004074,0.0,0.0,0.0,0.0,0.004074,0.0
PEPG,PepGen Inc.,33,0.64,B,high_opt+no_catalyst_data,B,high_opt+no_catalyst_data,,0.664948,,0,0.854037,1,0.145963,,0,no_upcoming,9,tailwind,,L,sponsor_confirmed|momentum_tailwind|cost_haircut_<=2000bps,clinical_score:-45.3;momentum_score:+34.0;smart_money_score:+27.8,tier=B;reason=high_opt+no_catalyst_data;cat_days=NA;strength=missing;decay_w=0.0,v1.3.0,31f399e0,1,,0,,"{""burn_ttm"": 65790000.0, ""cash_total"": 163665000.0, ""dilution_risk"": null, ""has_revenue"": null, ""lead_phase"": null, ""runway_months"": 29.852257181942544, ""stage_bucket"": ""mid"", ""surv_score"": ""5.0"", ""tier1_count"": 7}",mid|none|nonpos,0.0631838407643312,,-1.1649,440,1,-1.3774,-0.6198,7,7,buying,1.5218,elite_7,0.0,0.0,0.0,,,0.0,0,0,0,True,False,True,missing,0.0,adequate,<=2000bps,1581.39,0.7,1,0,1.0,0,1.0,0,,False,no_upcoming,0.199794,price_history,,7,1.109,price_history,,-0.049063,,59.7952,0.9917,-0.108271,0.059208,mid,small,none,drug_developer,morningstar,,,,0,0.7427251659117244285262825240,89.20,41.25000000000000000000000000,83.0,50,9.882460973370064279155188244,52.76000000000000000000000000,8.8034,-1.4769,2.0,440,1,0.0,0.0294,0,0,0.0,0.4,0.75,rare_disease,0.6892,highly_crowded,1.0,194,0.0631838407643312,0.335052,-0.426,15.14,0.214777,-0.79,0.003159,0.0,0.0,0.0,0.0,0.003159,0.0
MLTX,MoonLake Immunotherapeutics,34,0.47,B,high_opt+no_catalyst_data,B,high_opt+no_catalyst_data,,0.537801,,0,0.847826,1,0.152174,,0,no_upcoming,9,headwind,deep_drawdown,M,sponsor_confirmed|momentum_headwind,clinical_score:-30.0;financial_score:+18.3;smart_money_score:+15.0,tier=B;reason=high_opt+no_catalyst_data;cat_days=NA;strength=missing;decay_w=0.0,v1.3.0,31f399e0,1,,0,,"{""burn_ttm"": 196007000.0, ""cash_total"": 334517000.0, ""dilution_risk"": null, ""has_revenue"": null, ""lead_phase"": null, ""runway_months"": 20.47990122801737, ""stage_bucket"": ""late"", ""surv_score"": ""3.0"", ""tier1_count"": 4}",late|none|nonpos,0.08147540126382306,,0.6531,0,1,-1.3281,-0.5072,4,4,selling,0.3625,elite_4,0.0,0.0,0.0,,,0.0,0,0,0,True,False,True,missing,0.0,adequate,<=1000bps,513.23,0.85,1,0,1.0,0,1.0,0,,False,no_upcoming,-0.135774,price_history,,4,0.7719,price_history,,-0.35155,,47.0893,,-0.108271,-0.243279,late,small,none,drug_developer,morningstar,,,,0,0.8277540792540792540792540793,37.51,41.25000000000000000000000000,56.0,32.12,11.05561332424970418444548029,59.37500000000000000000000000,9.4733,-1.4486,3.0,368,2,0.3333,0.1397,0,0,0.0,0.4,0.5,dermatology,0.6892,crowded,1.0,157,0.08147540126382306,0.462199,-0.0949,14.75,0.204467,-0.8258,0.004074,0.0,0.0,0.0,0.0,0.004074,0.0
CNTX,Context Therapeutics Inc.,35,0.39,B,high_opt+no_catalyst_data,B,high_opt+no_catalyst_data,,0.64433,,0,0.835404,1,0.164596,,0,no_upcoming,9,tailwind,,M,momentum_tailwind|cost_haircut_<=2000bps,clinical_score:-41.1;momentum_score:+35.5;financial_score:+16.8,tier=B;reason=high_opt+no_catalyst_data;cat_days=NA;strength=missing;decay_w=0.0,v1.3.0,31f399e0,1,,0,,"{""burn_ttm"": 17442425.0, ""cash_total"": 76938183.0, ""dilution_risk"": null, ""has_revenue"": null, ""lead_phase"": null, ""runway_months"": 52.93175667947548, ""stage_bucket"": ""mid"", ""surv_score"": ""3.0"", ""tier1_count"": 0}",mid|none|nonpos,0.0631838407643312,,0.1145,0,1,-1.3116,-0.4696,0,0,neutral,-1.1831,,0.0,0.0,0.0,,,0.0,0,0,0,True,False,True,missing,0.0,adequate,<=2000bps,1735.81,0.7,1,0,1.0,0,1.0,0,,False,no_upcoming,0.714511,price_history,,0,0.2836,price_history,,-0.043902,,55.9768,,-0.108271,0.064369,mid,micro,none,drug_developer,morningstar,,,,0,0.7678496406854615809839690437,88.04,41.25000000000000000000000000,,76.25,11.44719926538108356290174472,69.25454545454545454545454545,11.1557,-1.3774,2.0,81,5,1.0,0.5182,1,1,0.0,0.3,0.95,oncology,0.6892,highly_crowded,1.0,188,0.0631838407643312,0.35567,-0.3701,15.63,0.245704,-0.6881,0.003159,0.0,0.0,0.0,0.0,0.003159,0.0
NUVB,Nuvation Bio Inc.,36,0.78,B,high_opt+catalyst_far,B,high_opt+catalyst_far,,0.902062,,0,0.822981,1,0.177019,201,0,specific_days,9,tailwind,high_vol,L,catalyst_far_lift|sponsor_confirmed|momentum_tailwind|high_risk,clinical_score:-41.4;momentum_score:+32.4;financial_score:+21.2,tier=B;reason=high_opt+catalyst_far;cat_days=201;strength=far;decay_w=0.3,v1.3.0,31f399e0,1,,0,,"{""burn_ttm"": 143694000.0, ""cash_total"": 549045000.0, ""dilution_risk"": null, ""has_revenue"": null, ""lead_phase"": null, ""runway_months"": 44.273359540368915, ""stage_bucket"": ""late"", ""surv_score"": ""3.0"", ""tier1_count"": 6}",late|near_181_270|nonpos,0.0009534155844155845,,0.6623,0,1,-1.2063,-0.2291,6,6,selling,1.1353,elite_6,0.0,0.0,0.0,,,0.0,0,0,0,True,False,True,far,0.3,adequate,<=1000bps,551.15,0.85,1,0,1.0,0,1.0,0,201,False,specific_days,0.636526,price_history,,6,1.7751,price_history,,-0.239295,,51.372,1.2485,-0.108271,-0.131024,late,mid,none,drug_developer,morningstar,,,,0,0.8124607582709490461241246076,87.79,45.56250000000000000000000000,53.0,51.99,13.95153804168110884020382389,76.57142857142857142857142857,13.9615,-1.2587,3.0,1631,12,1.0,0.535,1,1,0.0,0.4,0.95,oncology,0.6892,highly_crowded,1.0,263,0.0009534155844155845,0.097938,-1.2934,16.56,0.293814,-0.5423,4.8e-05,0.0,0.0,0.0,0.0,4.8e-05,0.0
LQDA,Liquidia Corporation,37,0.47,B,high_opt+no_catalyst_data,B,high_opt+no_catalyst_data,,0.530928,,0,0.81677,1,0.18323,,0,no_upcoming,9,headwind,,M,sponsor_confirmed|momentum_headwind,smart_money_score:+30.1;financial_score:-25.7;clinical_score:-20.9,tier=B;reason=high_opt+no_catalyst_data;cat_days=NA;strength=missing;decay_w=0.0,v1.3.0,31f399e0,1,,0,,"{""burn_ttm"": 79930000.0, ""cash_total"": 157496000.0, ""dilution_risk"": null, ""has_revenue"": null, ""lead_phase"": null, ""runway_months"": 23.645089453271613, ""stage_bucket"": ""late"", ""surv_score"": ""0.0"", ""tier1_count"": 3}",late|none|nonpos,0.08147540126382306,,0.6627,0,1,-1.1837,-0.1776,3,3,buying,-0.0239,elite_3,0.0,0.0,0.0,,,0.0,0,0,0,True,False,True,missing,0.0,adequate,<=1000bps,430.35,0.85,1,0,1.0,0,1.0,0,,False,no_upcoming,-0.16691,price_history,,3,0.5373,price_history,,-0.226539,,45.261,0.5778,-0.108271,-0.118268,late,mid,sev1,drug_developer,morningstar,,,,0,0.8688328621061459206900682880,45.89,41.25000000000000000000000000,65.5,26.82,14.48842833295484878546300612,9.716553287981859410430839004,12.6425,-1.3145,3.0,279,4,1.0,0.2272,0,0,0.0,0.3,0.5,respiratory,0.6892,highly_crowded,1.0,155,0.08147540126382306,0.469072,-0.0776,11.89,0.108247,-1.2359,0.004074,0.0,0.0,0.0,0.0,0.004074,0.0
TBPH,"Theravance Biopharma, Inc.",38,0.1,C,low_opt+no_catalyst_data,C,low_opt+no_catalyst_data,,0.372852,,0,0.034161,1,0.965839,,0,no_upcoming,9,headwind,,XS,momentum_headwind|cost_haircut_<=2000bps,clinical_score:+23.9;catalyst_score:-11.9;momentum_score:-11.3,tier=C;reason=low_opt+no_catalyst_data;cat_days=NA;strength=missing;decay_w=0.0,v1.3.0,31f399e0,1,,0,,"{""burn_ttm"": 0.0, ""cash_total"": 174773000.0, ""dilution_risk"": null, ""has_revenue"": null, ""lead_phase"": null, ""runway_months"": null, ""stage_bucket"": ""late"", ""surv_score"": ""3.0"", ""tier1_count"": 1}",late|none|pos,0.1,,1.0059,0,1,1.4454,1.388,1,1,buying,-0.7967,elite_1,0.0,0.0,0.0,,,0.0,0,0,0,True,False,True,missing,0.0,adequate,<=2000bps,1103.1,0.7,1,0,1.0,0,1.0,0,,False,no_upcoming,-0.046013,price_history,,1,0.3575,price_history,,-0.268335,,41.1836,0.5264,-0.108271,-0.160064,late,small,none,drug_developer,morningstar,,,,0,0.9,41.80,41.25000000000000000000000000,55.5,90.00,77.000,50,75.8369,1.3596,3.0,566,43,1.0,0.2007,0,0,0.0,0.9,0.5,respiratory,0.6892,highly_crowded,1.0,109,0.1,0.627148,0.3243,47.75,0.902062,1.2934,2.49488,2.082,0.0,0.0,0.40788,0.005,0.0
HRTX,"Heron Therapeutics, Inc.",39,0.51,C,low_opt,C,low_opt,,0.180412,,0,0.07764,1,0.92236,505,0,specific_days,9,tailwind,,L,catalyst_far_lift|sponsor_confirmed|momentum_tailwind|cost_haircut_>2000bps,financial_score:-36.6;momentum_score:+24.7;clinical_score:+20.0,tier=C;reason=low_opt;cat_days=505;strength=far;decay_w=0.3,v1.3.0,31f399e0,1,,0,,"{""burn_ttm"": 27591000.0, ""cash_total"": 28647000.0, ""dilution_risk"": null, ""has_revenue"": null, ""lead_phase"": null, ""runway_months"": 12.459280200065239, ""stage_bucket"": ""late"", ""surv_score"": ""-2.0"", ""tier1_count"": 2}",late|far_271_540|pos,0.1,,1.0059,0,1,1.3978,1.2901,2,2,buying,-0.4103,elite_2,0.0,0.0,0.0,,,0.0,0,0,0,True,False,True,far,0.3,adequate,>2000bps,2020.0,0.55,1,0,1.0,0,1.0,0,505,False,specific_days,0.228919,price_history,,2,1.356,price_history,,-0.067358,,57.4618,0.4900,-0.108271,0.040913,late,micro,sev1,drug_developer,morningstar,,,,0,0.8825854541181999765009987076,80.53,45.56250000000000000000000000,58.0,90.00,75.86826347305389221556886228,19.29385938701439436496268940,74.9859,1.3236,3.0,505,16,1.0,0.0149,0,0,0.0,0.4,0.95,oncology,0.6892,highly_crowded,1.0,53,0.1,0.819588,0.9138,23.94,0.513746,0.0345,2.33723,1.93515,0.0,0.0,0.39708,0.005,0.0
TRVI,"Trevi Therapeutics, Inc.",40,0.78,C,low_opt+no_catalyst_data,C,low_opt+no_catalyst_data,,0.383162,,0,0.040373,1,0.959627,,0,no_upcoming,9,tailwind,,L,sponsor_confirmed|momentum_tailwind,clinical_score:+17.9;catalyst_score:-17.8;financial_score:-13.6,tier=C;reason=low_opt+no_catalyst_data;cat_days=NA;strength=missing;decay_w=0.0,v1.3.0,31f399e0,1,,0,,"{""burn_ttm"": 34458000.0, ""cash_total"": 194927000.0, ""dilution_risk"": null, ""has_revenue"": null, ""lead_phase"": null, ""runway_months"": 67.88333623541703, ""stage_bucket"": ""mid"", ""surv_score"": ""5.0"", ""tier1_count"": 4}",mid|none|pos,0.1,,0.2312,0,1,1.4454,1.388,4,4,buying,0.3625,elite_4,0.0,0.0,0.0,,,0.0,0,0,0,True,False,True,missing,0.0,adequate,<=1000bps,718.24,0.85,1,0,1.0,0,1.0,0,,False,no_upcoming,-0.206834,price_history,,4,1.244,price_history,,-0.283784,,48.9742,0.6685,-0.108271,-0.175513,mid,small,none,drug_developer,morningstar,,,,0,0.8441713901947615849563465413,60.09,41.25000000000000000000000000,71.5,43.75,77.000,45.50417777777777777777777778,75.8162,1.3587,2.0,206,6,1.0,0.2527,0,0,0.0,0.4,0.5,respiratory,-0.4975,uncrowded,1.0,112,0.1,0.616838,0.2972,50.13,0.953608,1.6809,1.80061,1.388,0.0,0.0,0.40761,0.005,0.0
AARD,"Aardvark Therapeutics, Inc.",41,0.15,C,low_opt+no_catalyst_data,C,low_opt+no_catalyst_data,,0.001718,,0,0.083851,1,0.916149,,0,no_upcoming,9,neutral,drawdown_data_missing,S,cost_haircut_>2000bps,catalyst_score:-18.4;clinical_score:+16.0;financial_score:+11.9,tier=C;reason=low_opt+no_catalyst_data;cat_days=NA;strength=missing;decay_w=0.0,v1.3.0,31f399e0,1,,0,,"{""burn_ttm"": 37362000.0, ""cash_total"": 126350000.0, ""dilution_risk"": null, ""has_revenue"": null, ""lead_phase"": null, ""runway_months"": 40.581339328729726, ""stage_bucket"": ""mid"", ""surv_score"": ""5.0"", ""tier1_count"": 0}",mid|none|pos,0.1,,-0.6543,102,1,1.3881,1.27,0,0,neutral,-1.1831,,0.0,0.0,0.0,,,0.0,0,0,0,True,False,True,missing,0.0,adequate,>2000bps,2020.0,0.55,1,0,1.0,0,1.0,0,,False,no_upcoming,,,beta_missing:series_too_short,0,,,series_too_short,,no_price_series,,0.9146,-0.108271,,mid,micro,none,drug_developer,morningstar,,,drawdown,1,0.7850644060332489265661125179,50,41.25000000000000000000000000,,63.75,75.63636363636363636363636364,71.54545454545454545454545455,74.8748,1.3189,2.0,102,4,1.0,0.5969,0,1,0.0,0.4,0.55,metabolic,-0.4975,uncrowded,1.0,1,0.1,0.998282,2.9257,46.93,0.891753,1.2359,1.67067,1.27,0.0,0.0,0.39567,0.005,0.0
SLN,Silence Therapeutics Plc - Amer,42,0.08,C,low_opt+no_catalyst_data,C,low_opt+no_catalyst_data,,0.341924,,0,0.108696,1,0.891304,,0,no_upcoming,9,headwind,,XS,momentum_headwind|cost_haircut_>2000bps,clinical_score:+20.3;catalyst_score:-12.5;momentum_score:-7.6,tier=C;reason=low_opt+no_catalyst_data;cat_days=NA;strength=missing;decay_w=0.0,v1.3.0,31f399e0,1,,0,,"{""burn_ttm"": 44984000.0, ""cash_total"": 102192000.0, ""dilution_risk"": null, ""has_revenue"": null, ""lead_phase"": null, ""runway_months"": 27.26089276187089, ""stage_bucket"": ""mid"", ""surv_score"": ""4.0"", ""tier1_count"": 1}",mid|none|pos,0.1,,0.212,0,1,1.3193,1.1285,1,1,selling,-0.7967,elite_1,0.0,0.0,0.0,,,0.0,0,0,0,True,False,True,missing,0.0,adequate,>2000bps,2020.0,0.55,1,0,1.0,0,1.0,0,,False,no_upcoming,-0.141071,price_history,,1,0.4605,price_history,,-0.264762,,33.9195,0.6409,-0.108271,-0.156491,mid,micro,none,drug_developer,morningstar,,,,0,0.7518501094091903719912472648,46.18,41.25000000000000000000000000,49.5,83.75,74.00000000000000000000000000,57.80000000000000000000000000,74.4187,1.2996,2.0,17,7,1.0,0.8682,1,1,0.0,0.4,0.95,oncology,0.6892,highly_crowded,1.0,100,0.1,0.658076,0.4072,43.27,0.82646,0.9403,1.52338,1.1285,0.0,0.0,0.38988,0.005,0.0
CTNM,"Contineum Therapeutics, Inc.",43,0.39,C,low_opt+no_catalyst_data,C,low_opt+no_catalyst_data,,0.118557,,0,0.102484,1,0.897516,,0,no_upcoming,9,neutral,drawdown_data_missing,M,sponsor_confirmed|cost_haircut_<=2000bps,catalyst_score:-20.9;smart_money_score:+17.9;momentum_score:-12.1,tier=C;reason=low_opt+no_catalyst_data;cat_days=NA;strength=missing;decay_w=0.0,v1.3.0,31f399e0,1,,0,,"{""burn_ttm"": 42270000.0, ""cash_total"": 182407000.0, ""dilution_risk"": null, ""has_revenue"": null, ""lead_phase"": null, ""runway_months"": 51.783392476934, ""stage_bucket"": ""mid"", ""surv_score"": ""5.0"", ""tier1_count"": 7}",mid|none|pos,0.1,,0.212,0,1,1.3193,1.1285,7,7,buying,1.5218,elite_7,0.0,0.0,0.0,,,0.0,0,0,0,True,False,True,missing,0.0,adequate,<=2000bps,1652.63,0.7,1,0,1.0,0,1.0,0,,False,no_upcoming,0.036748,price_history,,7,0.1271,price_history,,,series_too_short,50.6738,0.783,-0.108271,,mid,small,none,drug_developer,morningstar,,,drawdown,1,0.7821592563556949266435211110,50,41.25000000000000000000000000,80.0,48.75,74.00000000000000000000000000,65.36000000000000000000000000,72.4177,1.2149,2.0,395,3,0.6667,0.0372,0,0,0.0,0.4,0.6,autoimmune,0.6892,highly_crowded,1.0,35,0.1,0.881443,1.1822,48.12,0.915808,1.3774,1.49797,1.1285,0.0,0.0,0.36447,0.005,0.0
SPRY,"ARS Pharmaceuticals, Inc.",44,0.78,C,low_opt+no_catalyst_data,C,low_opt+no_catalyst_data,,0.35567,,0,0.127329,1,0.872671,,0,no_upcoming,9,tailwind,,L,sponsor_confirmed|momentum_tailwind,catalyst_score:-16.1;clinical_score:+15.0;momentum_score:+7.5,tier=C;reason=low_opt+no_catalyst_data;cat_days=NA;strength=missing;decay_w=0.0,v1.3.0,31f399e0,1,,0,,"{""burn_ttm"": 127381000.0, ""cash_total"": 288209000.0, ""dilution_risk"": null, ""has_revenue"": null, ""lead_phase"": null, ""runway_months"": 27.150893775366814, ""stage_bucket"": ""mid"", ""surv_score"": ""0.0"", ""tier1_count"": 6}",mid|none|pos,0.1,,0.2031,0,1,1.2504,0.987,6,6,selling,1.1353,elite_6,0.0,0.0,0.0,,,0.0,0,0,0,True,False,True,missing,0.0,adequate,<=1000bps,859.01,0.85,1,0,1.0,0,1.0,0,,False,no_upcoming,0.024679,price_history,,6,0.817,price_history,,-0.152642,,43.5923,0.7229,-0.108271,-0.044371,mid,small,none,drug_developer,morningstar,,,,0,0.7939737403209516328133767254,64.86,41.25000000000000000000000000,53.0,21.25,72.36363636363636363636363636,55.28000000000000000000000000,71.1313,1.1605,2.0,,3,0.6667,0.0,0,0,0.0,0.4,0.5,respiratory,-0.4975,uncrowded,1.0,104,0.1,0.64433,0.3701,46.73,0.888316,1.2176,1.34015,0.987,0.0,0.0,0.34815,0.005,0.0
KYMR,"Kymera Therapeutics, Inc.",45,0.92,C,low_opt+no_catalyst_data,C,low_opt+no_catalyst_data,,0.225086,,0,0.158385,1,0.841615,,0,no_upcoming,9,neutral,,L,sponsor_confirmed,financial_score:-23.5;smart_money_score:+19.1;clinical_score:+17.2,tier=C;reason=low_opt+no_catalyst_data;cat_days=NA;strength=missing;decay_w=0.0,v1.3.0,31f399e0,1,,0,,"{""burn_ttm"": 232891000.0, ""cash_total"": 357011000.0, ""dilution_risk"": null, ""has_revenue"": null, ""lead_phase"": null, ""runway_months"": 18.39543820929104, ""stage_bucket"": ""mid"", ""surv_score"": ""3.0"", ""tier1_count"": 5}",mid|none|pos,0.1,,0.1969,0,1,1.1128,0.704,5,5,buying,0.7489,elite_5,0.0,0.0,0.0,,,0.0,0,0,0,True,False,True,missing,0.0,adequate,<=400bps,334.94,1.0,0,0,1.0,0,1.0,0,,False,no_upcoming,-0.128226,price_history,,5,1.293,price_history,,-0.235942,,44.5189,0.8541,-0.108271,-0.127671,mid,mid,none,drug_developer,morningstar,,,,0,0.8203899862511457378551787351,49.59,41.25000000000000000000000000,71.0,10.00,69.09090909090909090909090909,28.33667584940312213039485766,68.2086,1.0368,2.0,482,6,1.0,0.1148,0,0,0.0,0.4,0.95,oncology,0.6892,crowded,1.0,66,0.1,0.774914,0.7551,40.15,0.754296,0.6881,1.02004,0.704,0.0,0.0,0.31104,0.005,0.0
PCVX,"Vaxcyte, Inc.",46,0.92,C,low_opt+no_catalyst_data,C,low_opt+no_catalyst_data,,0.286942,,0,0.170807,1,0.829193,,0,no_upcoming,9,tailwind,,L,sponsor_confirmed|momentum_tailwind,smart_money_score:+23.1;catalyst_score:-20.6;clinical_score:+6.1,tier=C;reason=low_opt+no_catalyst_data;cat_days=NA;strength=missing;decay_w=0.0,v1.3.0,31f399e0,1,,0,,"{""burn_ttm"": 655577000.0, ""cash_total"": 1560959000.0, ""dilution_risk"": null, ""has_revenue"": null, ""lead_phase"": null, ""runway_months"": 28.57255211821037, ""stage_bucket"": ""mid"", ""surv_score"": ""5.0"", ""tier1_count"": 8}",mid|none|pos,0.1,,-0.1989,33,1,1.0669,0.6096,8,8,buying,1.9082,elite_8,0.0,0.0,0.0,,,0.0,0,0,0,True,False,True,missing,0.0,adequate,<=400bps,341.6,1.0,0,0,1.0,0,1.0,0,,False,no_upcoming,0.092754,price_history,,8,1.0504,price_history,,-0.100062,,57.2377,0.4931,-0.108271,0.008209,mid,mid,none,drug_developer,morningstar,,,,0,0.7964069313747991737434014230,56.06,41.25000000000000000000000000,85,10.00,68.00000000000000000000000000,58.94545454545454545454545455,66.9879,0.9852,2.0,33,2,0.3333,0.2161,1,0,0.0,0.3,0.5,other,-3.5832,uncrowded,1.0,84,0.1,0.713058,0.5623,48.61,0.929553,1.4725,0.91016,0.6096,0.0,0.0,0.29556,0.005,0.0
PGEN,"Precigen, Inc.",47,0.78,C,low_opt+no_catalyst_data,C,low_opt+no_catalyst_data,,0.290378,,0,0.23913,1,0.76087,,0,no_upcoming,9,tailwind,,L,momentum_tailwind,financial_score:-38.8;momentum_score:+18.1;clinical_score:+17.1,tier=C;reason=low_opt+no_catalyst_data;cat_days=NA;strength=missing;decay_w=0.0,v1.3.0,31f399e0,1,,0,,"{""burn_ttm"": 64371000.0, ""cash_total"": 121135000.0, ""dilution_risk"": null, ""has_revenue"": null, ""lead_phase"": null, ""runway_months"": 22.581908002050614, ""stage_bucket"": ""mid"", ""surv_score"": ""0.0"", ""tier1_count"": 1}",mid|none|pos,0.1,,0.1916,0,1,0.8834,0.2323,1,1,buying,-0.7967,elite_1,0.0,0.0,0.0,,,0.0,0,0,0,True,False,True,missing,0.0,adequate,<=1000bps,775.44,0.85,1,0,1.0,0,1.0,0,,False,no_upcoming,0.186642,price_history,,1,1.5264,price_history,,-0.118919,,57.616,0.8424,-0.108271,-0.010648,mid,small,sev1,drug_developer,morningstar,,,,0,0.7519113322777652114906129835,64.65,41.25000000000000000000000000,55.5,36.25,63.63636363636363636363636364,7.771377777777777777777777778,63.2626,0.8275,2.0,1325,7,1.0,0.2222,1,0,0.0,0.4,0.95,oncology,0.6892,highly_crowded,1.0,85,0.1,0.709622,0.5523,21.44,0.441581,-0.147,0.48555,0.2323,0.0,0.0,0.24825,0.005,0.0
LRMR,"Larimar Therapeutics, Inc.",48,0.78,C,low_opt,C,low_opt,,0.97079,,0,0.263975,1,0.736025,931,0,specific_days,9,tailwind,,L,catalyst_far_lift|sponsor_confirmed|momentum_tailwind|runway_short,financial_score:-48.3;momentum_score:+29.3;smart_money_score:+18.0,tier=C;reason=low_opt;cat_days=931;strength=far;decay_w=0.3,v1.3.0,31f399e0,1,,0,,"{""burn_ttm"": 45921000.0, ""cash_total"": 90140000.0, ""dilution_risk"": null, ""has_revenue"": null, ""lead_phase"": null, ""runway_months"": 23.55523616645979, ""stage_bucket"": ""mid"", ""surv_score"": ""4.0"", ""tier1_count"": 5}",mid|far_271_540|pos,-0.008160016393442623,,0.1915,0,1,0.8375,0.1379,5,5,buying,0.7489,elite_5,0.0,0.0,0.0,,,0.0,0,0,0,True,False,True,far,0.3,short,<=1000bps,704.31,0.85,1,0,1.0,0,1.0,0,931,False,specific_days,0.153788,price_history,,5,1.4781,price_history,,-0.292922,,60.6851,0.7621,-0.108271,-0.184651,mid,small,sev2,drug_developer,morningstar,,,,0,0.7846407657657657657657657658,82.82,45.56250000000000000000000000,71.5,56.25,62.54545454545454545454545455,5.200277777777777777777777778,61.4501,0.7508,2.0,931,2,0.0,0.0004,0,0,0.0,0.6,0.5,other,0.2145,crowded,1.0,283,-0.008160016393442623,0.02921,-1.8925,11.76,0.104811,-1.2546,0.362732,0.1379,0.0,0.0,0.22524,-0.000408,0.0
CRNX,"Crinetics Pharmaceuticals, Inc.",49,0.78,C,mod_opt+no_catalyst_data,C,mod_opt+no_catalyst_data,,0.486254,,0,0.599379,1,0.400621,,0,no_upcoming,9,tailwind,,L,sponsor_confirmed|momentum_tailwind,financial_score:+22.4;clinical_score:-19.1;catalyst_score:-15.4,tier=C;reason=mod_opt+no_catalyst_data;cat_days=NA;strength=missing;decay_w=0.0,v1.3.0,31f399e0,1,,0,,"{""burn_ttm"": 285021000.0, ""cash_total"": 1092291000.0, ""dilution_risk"": null, ""has_revenue"": null, ""lead_phase"": null, ""runway_months"": 45.98781142442136, ""stage_bucket"": ""late"", ""surv_score"": ""5.0"", ""tier1_count"": 5}",late|none|nonpos,0.08147540126382306,,0.7049,0,1,-0.2124,-2.0209,5,5,buying,0.7489,elite_5,0.0,0.0,0.0,,,0.0,0,0,0,True,False,True,missing,0.0,adequate,<=1000bps,459.18,0.85,1,0,1.0,0,1.0,0,,False,no_upcoming,0.033009,price_history,,5,1.0193,price_history,,-0.126758,,45.5739,0.6688,-0.108271,-0.018487,late,mid,none,drug_developer,morningstar,,,,0,0.8739267504488330341113105925,54.02,41.25000000000000000000000000,71.5,28.15,37.58220086772562659112911900,79.14285714285714285714285714,37.1191,-0.2787,3.0,1082,7,1.0,0.0342,0,0,0.0,0.5,0.95,oncology,0.6892,highly_crowded,1.0,142,0.08147540126382306,0.513746,0.0345,28.07,0.585911,0.217,0.004074,0.0,0.0,0.0,0.0,0.004074,0.0
CLDX,"Celldex Therapeutics, Inc.",50,0.78,C,mod_opt+catalyst_far,C,mod_opt+catalyst_far,,0.895189,,0,0.593168,1,0.406832,260,0,specific_days,9,headwind,,L,catalyst_far_lift|sponsor_confirmed|momentum_headwind,smart_money_score:+18.8;financial_score:+16.3;clinical_score:-15.1,tier=C;reason=mod_opt+catalyst_far;cat_days=260;strength=far;decay_w=0.3,v1.3.0,31f399e0,1,,0,,"{""burn_ttm"": 210945000.0, ""cash_total"": 518573000.0, ""dilution_risk"": null, ""has_revenue"": null, ""lead_phase"": null, ""runway_months"": 29.49999288914172, ""stage_bucket"": ""late"", ""surv_score"": ""5.0"", ""tier1_count"": 4}",late|near_181_270|nonpos,0.0009534155844155845,,0.7049,0,1,-0.2124,-2.0209,4,4,buying,0.3625,elite_4,0.0,0.0,0.0,,,0.0,0,0,0,True,False,True,far,0.3,adequate,<=1000bps,652.37,0.85,1,0,1.0,0,1.0,0,260,False,specific_days,-0.149668,price_history,,4,0.7756,price_history,,-0.331727,,42.3991,0.4801,-0.108271,-0.223456,late,small,none,drug_developer,morningstar,,,,0,0.8764550731367541211980496866,39.83,45.56250000000000000000000000,71.5,66.56,37.58220086772562659112911900,69.00000000000000000000000000,38.1855,-0.2336,3.0,189,58,1.0,0.7334,1,1,0.0,0.4,0.95,oncology,-0.4975,uncrowded,1.0,261,0.0009534155844155845,0.104811,-1.2546,29.97,0.613402,0.2882,4.8e-05,0.0,0.0,0.0,0.0,4.8e-05,0.0
DNLI,Denali Therapeutics Inc.,51,0.78,C,mod_opt+no_catalyst_data,C,mod_opt+no_catalyst_data,,0.493127,,0,0.574534,1,0.425466,,0,no_upcoming,9,neutral,deep_drawdown|deep_drawdown_rel_xbi,L,sponsor_confirmed,financial_score:+24.5;clinical_score:-14.2;catalyst_score:-12.2,tier=C;reason=mod_opt+no_catalyst_data;cat_days=NA;strength=missing;decay_w=0.0,v1.3.0,31f399e0,1,,0,,"{""burn_ttm"": 314062000.0, ""cash_total"": 848204000.0, ""dilution_risk"": null, ""has_revenue"": null, ""lead_phase"": null, ""runway_months"": 32.40904025319841, ""stage_bucket"": ""late"", ""surv_score"": ""5.0"", ""tier1_count"": 3}",late|none|nonpos,0.08147540126382306,,0.706,0,1,-0.1425,-1.8771,3,3,buying,-0.0239,elite_3,0.0,0.0,0.0,,,0.0,0,0,0,True,False,True,missing,0.0,adequate,<=1000bps,533.31,0.85,1,0,1.0,0,1.0,0,,False,no_upcoming,0.030276,price_history,,3,1.5789,price_history,,-0.361958,,54.6262,0.5691,-0.108271,-0.253687,late,mid,none,drug_developer,morningstar,,,,0,0.8798122047716101186908044599,48.18,41.25000000000000000000000000,60.5,50.00,39.24514244963167477420408683,77.85714285714285714285714286,38.1503,-0.2351,3.0,621,12,1.0,0.3252,0,1,0.0,0.4,0.6,cns,-0.4975,uncrowded,1.0,144,0.08147540126382306,0.506873,0.0172,36.24,0.699313,0.5224,0.004074,0.0,0.0,0.0,0.0,0.004074,0.0
AVIR,"Atea Pharmaceuticals, Inc.",52,0.15,C,mod_opt+no_catalyst_data,C,mod_opt+no_catalyst_data,,0.448454,,0,0.456522,1,0.543478,,0,no_upcoming,9,neutral,,S,sponsor_confirmed|runway_short|cost_haircut_>2000bps,financial_score:-29.7;clinical_score:+10.3;momentum_score:+9.8,tier=C;reason=mod_opt+no_catalyst_data;cat_days=NA;strength=missing;decay_w=0.0,v1.3.0,31f399e0,1,,0,,"{""burn_ttm"": 103808000.0, ""cash_total"": 77344000.0, ""dilution_risk"": null, ""has_revenue"": null, ""lead_phase"": null, ""runway_months"": 8.940813810110974, ""stage_bucket"": ""late"", ""surv_score"": ""-2.0"", ""tier1_count"": 2}",late|none|nonpos,0.08147540126382306,,0.7201,0,1,0.3325,-0.9004,2,2,selling,-0.4103,elite_2,0.0,0.0,0.0,,,0.0,0,0,0,True,False,True,missing,0.0,short,>2000bps,2020.0,0.55,1,0,1.0,0,1.0,0,,False,no_upcoming,-0.05313,price_history,,2,0.9194,price_history,,-0.208333,,44.2027,0.5268,-0.108271,-0.100062,late,small,sev2,drug_developer,morningstar,,,,0,0.8879600371747211895910780669,50.08,41.25000000000000000000000000,49.0,90.00,50.53892215568862275449101796,10.53086419753086419753086419,50.1459,0.2725,3.0,,16,1.0,0.612,2,1,0.0,0.4,0.55,infectious_disease,0.6892,highly_crowded,1.0,131,0.08147540126382306,0.551546,0.1296,13.16,0.146048,-1.0535,0.085824,0.0,0.0,0.0,0.08175,0.004074,0.0
PTGX,"Protagonist Therapeutics, Inc.",53,0.92,C,mod_opt+no_catalyst_data,C,mod_opt+no_catalyst_data,,0.572165,,0,0.468944,1,0.531056,,0,no_upcoming,9,tailwind,,L,sponsor_confirmed|momentum_tailwind,smart_money_score:+16.6;momentum_score:+14.0;catalyst_score:-13.7,tier=C;reason=mod_opt+no_catalyst_data;cat_days=NA;strength=missing;decay_w=0.0,v1.3.0,31f399e0,1,,0,,"{""burn_ttm"": 0.0, ""cash_total"": 567364000.0, ""dilution_risk"": null, ""has_revenue"": null, ""lead_phase"": null, ""runway_months"": null, ""stage_bucket"": ""late"", ""surv_score"": ""5.0"", ""tier1_count"": 5}",late|none|nonpos,0.08147540126382306,,0.7153,0,1,0.2647,-1.0399,5,5,buying,0.7489,elite_5,0.0,0.0,0.0,,,0.0,0,0,0,True,False,True,missing,0.0,adequate,<=400bps,371.54,1.0,0,0,1.0,0,1.0,0,,False,no_upcoming,0.202691,price_history,,5,1.2984,price_history,,-0.040517,,60.0789,0.6429,-0.108271,0.067754,late,mid,none,drug_developer,morningstar,,,,0,0.8802005504367596027282517650,68.87,41.25000000000000000000000000,71.5,15.33,48.92574133170784180142708595,43.99324355592577166921190245,48.9586,0.2222,3.0,252,9,1.0,1.1653,1,1,0.0,0.4,0.6,autoimmune,0.2145,moderate,1.0,167,0.08147540126382306,0.427835,-0.1819,39.40,0.747423,0.6664,0.070734,0.0,0.0,0.0,0.06666,0.004074,0.0
LYEL,"Lyell Immunopharma, Inc.",54,0.64,C,mod_opt+no_catalyst_data,C,mod_opt+no_catalyst_data,,0.774914,,0,0.531056,1,0.468944,,0,no_upcoming,9,tailwind,deep_drawdown|deep_drawdown_rel_xbi,L,sponsor_confirmed|momentum_tailwind|cost_haircut_<=2000bps,financial_score:+18.5;catalyst_score:-13.8;clinical_score:-12.1,tier=C;reason=mod_opt+no_catalyst_data;cat_days=NA;strength=missing;decay_w=0.0,v1.3.0,31f399e0,1,,0,,"{""burn_ttm"": 117773000.0, ""cash_total"": 319624000.0, ""dilution_risk"": null, ""has_revenue"": null, ""lead_phase"": null, ""runway_months"": 32.56678525638304, ""stage_bucket"": ""early"", ""surv_score"": ""5.0"", ""tier1_count"": 2}",early|none|nonpos,0.050550596214511044,,-1.5302,166,1,0.0108,-1.5618,2,2,buying,-0.4103,elite_2,0.0,0.0,0.0,,,0.0,0,0,0,True,False,True,missing,0.0,adequate,<=2000bps,1990.72,0.7,1,0,1.0,0,1.0,0,,False,no_upcoming,0.218105,price_history,,2,1.6297,price_history,,-0.388601,,43.9834,0.9083,-0.108271,-0.28033,early,small,none,drug_developer,morningstar,,,,0,0.7566064431867653461036134088,56.38,41.25000000000000000000000000,61.0,63.04,42.89052137536986021834506683,73.55000000000000000000000000,41.7274,-0.0837,1.0,166,5,1.0,0.1503,0,0,0.0,0.3,0.85,oncology,0.6892,highly_crowded,1.0,226,0.050550596214511044,0.225086,-0.7551,32.19,0.640893,0.3608,0.002528,0.0,0.0,0.0,0.0,0.002528,0.0
ALMS,Alumis Inc.,55,0.28,C,mod_opt+no_catalyst_data,C,mod_opt+no_catalyst_data,,0.627148,,0,0.450311,1,0.549689,,0,no_upcoming,9,neutral,high_vol|drawdown_data_missing,S,sponsor_confirmed|runway_short|high_risk,financial_score:-32.8;smart_money_score:+30.5;catalyst_score:-5.2,tier=C;reason=mod_opt+no_catalyst_data;cat_days=NA;strength=missing;decay_w=0.0,v1.3.0,31f399e0,1,,0,,"{""burn_ttm"": 297616000.0, ""cash_total"": 377724000.0, ""dilution_risk"": null, ""has_revenue"": null, ""lead_phase"": null, ""runway_months"": 15.229987635073384, ""stage_bucket"": ""mid"", ""surv_score"": ""2.0"", ""tier1_count"": 7}",mid|none|nonpos,0.0631838407643312,,0.1684,0,1,0.3328,-0.8998,7,7,buying,1.5218,elite_7,0.0,0.0,0.0,,,0.0,0,0,0,True,False,True,missing,0.0,short,<=400bps,343.6,1.0,0,0,1.0,0,1.0,0,,False,no_upcoming,,,beta_missing:series_too_short,7,,,series_too_short,,no_price_series,,2.1586,-0.108271,,mid,mid,sev2,drug_developer,morningstar,,,drawdown,1,0.7941176470588235294117647059,50,41.25000000000000000000000000,77.0,11.25,50.54545454545454545454545455,13.68719926538108356290174473,49.9463,0.264,2.0,60,5,1.0,0.6091,1,1,0.0,0.4,0.6,autoimmune,0.6892,highly_crowded,1.0,183,0.0631838407643312,0.372852,-0.3243,14.40,0.190722,-0.8752,0.082359,0.0,0.0,0.0,0.0792,0.003159,0.0
RVMD,"Revolution Medicines, Inc.",56,0.92,C,mod_opt+no_catalyst_data,C,mod_opt+no_catalyst_data,,0.678694,,0,0.406832,1,0.593168,,0,no_upcoming,9,tailwind,,L,sponsor_confirmed|momentum_tailwind,smart_money_score:+18.5;catalyst_score:-17.3;momentum_score:+10.0,tier=C;reason=mod_opt+no_catalyst_data;cat_days=NA;strength=missing;decay_w=0.0,v1.3.0,31f399e0,1,,0,,"{""burn_ttm"": 897741000.0, ""cash_total"": 2025679000.0, ""dilution_risk"": null, ""has_revenue"": null, ""lead_phase"": null, ""runway_months"": 27.077016645112565, ""stage_bucket"": ""mid"", ""surv_score"": ""5.0"", ""tier1_count"": 8}",mid|none|nonpos,0.0631838407643312,,0.1791,0,1,0.4246,-0.7111,8,8,buying,1.9082,elite_8,0.0,0.0,0.0,,,0.0,0,0,0,True,False,True,missing,0.0,adequate,<=400bps,174.63,1.0,0,0,1.0,0,1.0,0,,False,no_upcoming,0.27645,price_history,,8,0.9892,price_history,,-0.050639,,48.9598,0.4254,-0.108271,0.057632,mid,large,none,drug_developer,morningstar,,,,0,0.8553730209442669506567270146,68.51,41.25000000000000000000000000,77.0,10.00,52.72727272727272727272727273,53.21818181818181818181818182,53.3141,0.4066,2.0,19,10,1.0,1.1548,2,1,0.0,0.3,0.95,oncology,0.6892,highly_crowded,1.0,198,0.0631838407643312,0.321306,-0.4641,36.88,0.706186,0.5423,0.125139,0.0,0.0,0.0,0.12198,0.003159,0.0
NUVL,"Nuvalent, Inc.",57,0.78,C,mod_opt+no_catalyst_data,C,mod_opt+no_catalyst_data,,0.792096,,0,0.462733,1,0.537267,,0,no_upcoming,9,neutral,,L,sponsor_confirmed,smart_money_score:+17.4;catalyst_score:-15.4;financial_score:+9.2,tier=C;reason=mod_opt+no_catalyst_data;cat_days=NA;strength=missing;decay_w=0.0,v1.3.0,31f399e0,1,,0,,"{""burn_ttm"": 275209000.0, ""cash_total"": 1371952000.0, ""dilution_risk"": null, ""has_revenue"": null, ""lead_phase"": null, ""runway_months"": 59.82153199931688, ""stage_bucket"": ""early"", ""surv_score"": ""5.0"", ""tier1_count"": 5}",early|none|nonpos,0.050550596214511044,,-1.7162,1265,1,0.3099,-0.947,5,5,buying,0.7489,elite_5,0.0,0.0,0.0,,,0.0,0,0,0,True,False,True,missing,0.0,adequate,<=1000bps,435.14,0.85,1,0,1.0,0,1.0,0,,False,no_upcoming,0.010063,price_history,,5,0.9565,price_history,,-0.125969,,60.2136,0.5143,-0.108271,-0.017698,early,mid,none,drug_developer,morningstar,,,,0,0.8090481659024593580658607753,52.09,41.25000000000000000000000000,74.0,50,50,65.81818181818181818181818182,48.8369,0.2171,1.0,1265,2,0.3333,0.0,0,0,0.0,0.3,0.85,oncology,0.6892,highly_crowded,1.0,231,0.050550596214511044,0.207904,-0.8137,45.10,0.850515,1.0386,0.067658,0.0,0.0,0.0,0.06513,0.002528,0.0
LBRX,LB Pharmaceuticals Inc,58,0.19,C,low_opt+no_catalyst_data,C,low_opt+no_catalyst_data,,0.231959,,0,0.270186,1,0.729814,,0,no_upcoming,9,neutral,drawdown_data_missing,S,cost_haircut_<=2000bps,financial_score:+20.3;catalyst_score:-16.4;momentum_score:-7.7,tier=C;reason=low_opt+no_catalyst_data;cat_days=NA;strength=missing;decay_w=0.0,v1.3.0,31f399e0,1,,0,,"{""burn_ttm"": 17105000.0, ""cash_total"": 314479000.0, ""dilution_risk"": null, ""has_revenue"": null, ""lead_phase"": null, ""runway_months"": 220.6225080385852, ""stage_bucket"": ""mid"", ""surv_score"": ""4.0"", ""tier1_count"": 0}",mid|none|pos,0.1,,0.1897,0,1,0.7916,0.0436,0,0,neutral,-1.1831,,0.0,0.0,0.0,,,0.0,0,0,0,True,False,True,missing,0.0,adequate,<=2000bps,1164.84,0.7,1,0,1.0,0,1.0,0,,False,no_upcoming,,,beta_missing:series_too_short,0,,,series_too_short,,no_price_series,,,-0.108271,,mid,small,none,drug_developer,morningstar,,,drawdown,1,0.7621790983606557377049180328,50,41.25000000000000000000000000,,28.75,61.45454545454545454545454545,77.96000000000000000000000000,60.32,0.703,2.0,173,1,0.0,0.2365,0,1,0.0,0.8,0.6,cns,0.6892,highly_crowded,1.0,68,0.1,0.768041,0.7324,43.67,0.833333,0.9674,0.2595,0.0436,0.0,0.0,0.2109,0.005,0.0
BDTX,"Black Diamond Therapeutics, Inc.",59,0.39,C,mod_opt+no_catalyst_data,C,mod_opt+no_catalyst_data,,0.726804,,0,0.5,1,0.5,,0,no_upcoming,9,tailwind,,M,momentum_tailwind|cost_haircut_<=2000bps,momentum_score:+28.9;catalyst_score:-14.9;clinical_score:-9.8,tier=C;reason=mod_opt+no_catalyst_data;cat_days=NA;strength=missing;decay_w=0.0,v1.3.0,31f399e0,1,,0,,"{""burn_ttm"": 0.0, ""cash_total"": 30864000.0, ""dilution_risk"": null, ""has_revenue"": null, ""lead_phase"": null, ""runway_months"": null, ""stage_bucket"": ""early"", ""surv_score"": ""5.0"", ""tier1_count"": 1}",early|none|nonpos,0.050550596214511044,,-1.7217,507,1,0.1586,-1.2579,1,1,buying,-0.7967,elite_1,0.0,0.0,0.0,,,0.0,0,0,0,True,False,True,missing,0.0,adequate,<=2000bps,1969.35,0.7,1,0,1.0,0,1.0,0,,False,no_upcoming,0.316552,price_history,,1,0.912,price_history,,-0.192152,,60.135,0.7908,-0.108271,-0.083881,early,micro,none,drug_developer,morningstar,,,,0,0.7487296312086975058622894905,85.06,41.25000000000000000000000000,55.5,90.00,46.40444852566064687276808489,52.72727272727272727272727273,45.2413,0.0649,1.0,507,2,0.3333,0.0037,0,0,0.0,0.3,0.85,oncology,0.6892,highly_crowded,1.0,212,0.050550596214511044,0.273196,-0.6032,34.36,0.682131,0.4737,0.021998,0.0,0.0,0.0,0.01947,0.002528,0.0
ANRO,"Alto Neuroscience, Inc.",60,0.19,C,mod_opt+no_catalyst_data,C,mod_opt+no_catalyst_data,,0.427835,,0,0.369565,1,0.630435,,0,no_upcoming,9,headwind,drawdown_data_missing,S,sponsor_confirmed|momentum_headwind|cost_haircut_<=2000bps,catalyst_score:-10.7;momentum_score:-10.2;smart_money_score:+9.0,tier=C;reason=mod_opt+no_catalyst_data;cat_days=NA;strength=missing;decay_w=0.0,v1.3.0,31f399e0,1,,0,,"{""burn_ttm"": 40253000.0, ""cash_total"": 137816000.0, ""dilution_risk"": null, ""has_revenue"": null, ""lead_phase"": null, ""runway_months"": 41.08493776861352, ""stage_bucket"": ""late"", ""surv_score"": ""5.0"", ""tier1_count"": 2}",late|none|nonpos,0.08147540126382306,,0.948,0,1,0.5516,-0.4499,2,2,buying,-0.4103,elite_2,0.0,0.0,0.0,,,0.0,0,0,0,True,False,True,missing,0.0,adequate,<=2000bps,1346.61,0.7,1,0,1.0,0,1.0,0,,False,no_upcoming,-0.190381,price_history,,2,0.2573,price_history,,,series_too_short,44.8278,0.9516,-0.108271,,late,small,none,drug_developer,morningstar,,,drawdown,1,0.8333033483258370814592703648,41.75,41.25000000000000000000000000,61.0,65.89,55.74850299401197604790419161,60.25000000000000000000000000,55.1145,0.4827,2.0,83,3,0.0,0.5807,1,1,0.0,0.4,0.5,other,0.6892,highly_crowded,1.0,125,0.08147540126382306,0.572165,0.1819,33.52,0.664948,0.426,0.148884,0.0,0.0,0.0,0.14481,0.004074,0.0
RCKT,"Rocket Pharmaceuticals, Inc.",61,0.78,C,mod_opt+catalyst_far,C,mod_opt+catalyst_far,,0.881443,,0,0.512422,1,0.487578,232,0,specific_days,9,headwind,,L,catalyst_far_lift|sponsor_confirmed|momentum_headwind,smart_money_score:+17.7;momentum_score:-13.1;clinical_score:-3.7,tier=C;reason=mod_opt+catalyst_far;cat_days=232;strength=far;decay_w=0.3,v1.3.0,31f399e0,1,,0,,"{""burn_ttm"": 155174000.0, ""cash_total"": 222758000.0, ""dilution_risk"": null, ""has_revenue"": null, ""lead_phase"": null, ""runway_months"": 17.070450597731686, ""stage_bucket"": ""mid"", ""surv_score"": ""2.0"", ""tier1_count"": 3}",mid|near_181_270|nonpos,0.0055300740740740735,,0.1658,0,1,0.0843,-1.4108,3,3,buying,-0.0239,elite_3,0.0,0.0,0.0,,,0.0,0,0,0,True,False,True,far,0.3,adequate,<=1000bps,956.37,0.85,1,0,1.0,0,1.0,0,232,False,specific_days,-0.173855,price_history,,3,1.1583,price_history,,-0.315592,,43.6544,0.6262,-0.108271,-0.207321,mid,small,sev1,drug_developer,morningstar,,,,0,0.7990352358437464820443543848,35.26,45.56250000000000000000000000,66.0,81.25,44.63728191000918273645546372,50.24000000000000000000000000,43.8241,0.005,2.0,232,10,1.0,0.1908,0,0,0.0,0.3,0.95,oncology,-1.6843,uncrowded,1.0,257,0.0055300740740740735,0.118557,-1.1822,28.68,0.592784,0.2347,0.001777,0.0,0.0,0.0,0.0015,0.000277,0.0
XENE,Xenon Pharmaceuticals Inc.,62,0.47,C,mod_opt+no_catalyst_data,C,mod_opt+no_catalyst_data,,0.609966,,0,0.493789,1,0.506211,,0,no_upcoming,9,headwind,,M,sponsor_confirmed|momentum_headwind,smart_money_score:+25.3;momentum_score:-11.4;catalyst_score:-10.4,tier=C;reason=mod_opt+no_catalyst_data;cat_days=NA;strength=missing;decay_w=0.0,v1.3.0,31f399e0,1,,0,,"{""burn_ttm"": 197637000.0, ""cash_total"": 462268000.0, ""dilution_risk"": null, ""has_revenue"": null, ""lead_phase"": null, ""runway_months"": 28.067699874011446, ""stage_bucket"": ""late"", ""surv_score"": ""5.0"", ""tier1_count"": 8}",late|none|nonpos,0.08147540126382306,,0.714,0,1,0.1604,-1.2543,8,8,buying,1.9082,elite_8,0.0,0.0,0.0,,,0.0,0,0,0,True,False,True,missing,0.0,adequate,<=1000bps,519.29,0.85,1,0,1.0,0,1.0,0,,False,no_upcoming,-0.124638,price_history,,8,0.6896,price_history,,-0.255596,,35.8975,0.341,-0.108271,-0.147325,late,mid,none,drug_developer,morningstar,,,,0,0.8874476502082093991671624033,40.31,41.25000000000000000000000000,77.0,42.72,46.44702610746570730793901220,53.42857142857142857142857143,45.2839,0.0668,3.0,535,12,1.0,0.0191,0,0,0.0,0.6,0.6,cns,0.6892,highly_crowded,1.0,178,0.08147540126382306,0.390034,-0.2792,33.99,0.675258,0.4545,0.024114,0.0,0.0,0.0,0.02004,0.004074,0.0
OABI,"OmniAb, Inc.",63,0.08,C,mod_opt+no_catalyst_data,C,mod_opt+no_catalyst_data,,0.795533,,0,0.437888,1,0.562112,,0,no_upcoming,9,headwind,deep_drawdown|deep_drawdown_rel_xbi,XS,momentum_headwind|runway_short|cost_haircut_>2000bps,financial_score:-27.9;clinical_score:+18.0;catalyst_score:+8.2,tier=C;reason=mod_opt+no_catalyst_data;cat_days=NA;strength=missing;decay_w=0.0,v1.3.0,31f399e0,1,,0,,"{""burn_ttm"": 30781000.0, ""cash_total"": 28537000.0, ""dilution_risk"": null, ""has_revenue"": null, ""lead_phase"": null, ""runway_months"": 11.125174620707579, ""stage_bucket"": ""early"", ""surv_score"": ""-1.0"", ""tier1_count"": 0}",early|none|nonpos,0.050550596214511044,,-1.821,,0,0.3557,-0.8527,0,0,neutral,-1.1831,,0.0,0.0,0.0,,,0.0,0,0,0,True,False,True,missing,0.0,short,>2000bps,2036.0,0.55,1,0,1.0,0,1.0,0,,False,no_upcoming,-0.206653,price_history,,0,0.4116,price_history,,-0.369208,,41.3,0.5798,-0.108271,-0.260937,early,micro,sev2,drug_developer,morningstar,,,,0,0.7808184666117065127782357791,34.78,41.25000000000000000000000000,,50,51.09090909090909090909090909,5.200277777777777777777777778,49.5778,0.2484,0.0,,1,0.0,0.0,0,0,0.0,0.0,0.5,other,-2.6337,uncrowded,1.0,232,0.050550596214511044,0.204467,-0.8258,11.75,0.101375,-1.2738,0.077048,0.0,0.0,0.0,0.07452,0.002528,0.0
ROIV,Roivant Sciences Ltd.,64,0.92,C,mod_opt+no_catalyst_data,C,mod_opt+no_catalyst_data,,0.675258,,0,0.431677,1,0.568323,,0,no_upcoming,9,neutral,,L,sponsor_confirmed,smart_money_score:+18.4;catalyst_score:-17.9;financial_score:+14.7,tier=C;reason=mod_opt+no_catalyst_data;cat_days=NA;strength=missing;decay_w=0.0,v1.3.0,31f399e0,1,,0,,"{""burn_ttm"": 586531000.0, ""cash_total"": 4529978000.0, ""dilution_risk"": null, ""has_revenue"": null, ""lead_phase"": null, ""runway_months"": 92.68007317601287, ""stage_bucket"": ""mid"", ""surv_score"": ""4.0"", ""tier1_count"": 5}",mid|none|nonpos,0.0631838407643312,,0.181,0,1,0.3695,-0.8244,5,5,buying,0.7489,elite_5,0.0,0.0,0.0,,,0.0,0,0,0,True,False,True,missing,0.0,adequate,<=400bps,227.11,1.0,0,0,1.0,0,1.0,0,,False,no_upcoming,0.091744,price_history,,5,0.6645,price_history,,-0.189538,,46.2488,0.3407,-0.108271,-0.081267,mid,large,none,drug_developer,morningstar,,,,0,0.8415994827028774652440995797,51.54,41.25000000000000000000000000,77.5,50,51.41818181818181818181818182,73.83636363636363636363636363,49.8359,0.2594,2.0,,2,0.3333,0.0,0,0,0.0,0.4,0.55,infectious_disease,0.6892,highly_crowded,1.0,197,0.0631838407643312,0.324742,-0.4545,41.43,0.778351,0.7666,0.080979,0.0,0.0,0.0,0.07782,0.003159,0.0
BBOT,BridgeBio Oncology Therapeutics,65,0.39,C,mod_opt+no_catalyst_data,C,mod_opt+no_catalyst_data,,0.719931,,0,0.419255,1,0.580745,,0,no_upcoming,9,neutral,drawdown_data_missing,M,sponsor_confirmed|cost_haircut_<=2000bps,catalyst_score:-16.7;financial_score:+15.6;smart_money_score:+14.1,tier=C;reason=mod_opt+no_catalyst_data;cat_days=NA;strength=missing;decay_w=0.0,v1.3.0,31f399e0,1,,0,,"{""burn_ttm"": 71660000.0, ""cash_total"": 468285000.0, ""dilution_risk"": null, ""has_revenue"": null, ""lead_phase"": null, ""runway_months"": 78.4178063075635, ""stage_bucket"": ""early"", ""surv_score"": ""5.0"", ""tier1_count"": 4}",early|none|nonpos,0.050550596214511044,,-1.706,1143,1,0.3863,-0.7898,4,4,buying,0.3625,elite_4,0.0,0.0,0.0,,,0.0,0,0,0,True,False,True,missing,0.0,adequate,<=2000bps,1881.67,0.7,1,0,1.0,0,1.0,0,,False,no_upcoming,-0.005701,price_history,,4,-0.0235,price_history,,,series_too_short,40.5431,0.7251,-0.108271,,early,small,none,drug_developer,morningstar,,,drawdown,1,0.7674974645555210597123046673,51.12,41.25000000000000000000000000,72.0,50,51.81818181818181818181818182,73.55000000000000000000000000,50.655,0.294,1.0,1143,1,0.0,0.0,0,0,0.0,0.3,0.85,oncology,0.6892,highly_crowded,1.0,210,0.050550596214511044,0.280069,-0.5826,43.89,0.83677,0.9813,0.090728,0.0,0.0,0.0,0.0882,0.002528,0.0
BCAX,Bicara Therapeutics Inc.,66,0.39,C,mod_opt+no_catalyst_data,C,mod_opt+no_catalyst_data,,0.723368,,0,0.375776,1,0.624224,,0,no_upcoming,9,neutral,drawdown_data_missing,M,sponsor_confirmed|cost_haircut_<=2000bps,smart_money_score:+15.1;catalyst_score:-15.1;financial_score:+7.7,tier=C;reason=mod_opt+no_catalyst_data;cat_days=NA;strength=missing;decay_w=0.0,v1.3.0,31f399e0,1,,0,,"{""burn_ttm"": 82948000.0, ""cash_total"": 290167000.0, ""dilution_risk"": null, ""has_revenue"": null, ""lead_phase"": null, ""runway_months"": 41.9781549886676, ""stage_bucket"": ""early"", ""surv_score"": ""5.0"", ""tier1_count"": 4}",early|none|nonpos,0.050550596214511044,,-1.6996,930,1,0.5202,-0.5146,4,4,buying,0.3625,elite_4,0.0,0.0,0.0,,,0.0,0,0,0,True,False,True,missing,0.0,adequate,<=2000bps,1066.54,0.7,1,0,1.0,0,1.0,0,,False,no_upcoming,,,beta_missing:series_too_short,4,,,series_too_short,,no_price_series,,0.6287,-0.108271,,early,small,none,drug_developer,morningstar,,,drawdown,1,0.7275480669836675625387636965,50,41.25000000000000000000000000,71.5,50,55.00000000000000000000000000,64.10000000000000000000000000,53.8369,0.4287,1.0,930,1,0.0,0.0001,0,0,0.0,0.3,0.85,oncology,0.6892,highly_crowded,1.0,211,0.050550596214511044,0.276632,-0.5929,40.92,0.764605,0.7212,0.131138,0.0,0.0,0.0,0.12861,0.002528,0.0
NAMS,NewAmsterdam Pharma Company N.V,67,0.78,C,mod_opt+catalyst_far,C,mod_opt+catalyst_far,,0.269759,,0,0.307453,1,0.692547,870,0,specific_days,9,tailwind,,L,catalyst_far_lift|sponsor_confirmed|momentum_tailwind,catalyst_score:-16.5;smart_money_score:+15.4;financial_score:+5.5,tier=C;reason=mod_opt+catalyst_far;cat_days=870;strength=far;decay_w=0.3,v1.3.0,31f399e0,1,,0,,"{""burn_ttm"": 147783000.0, ""cash_total"": 636241000.0, ""dilution_risk"": null, ""has_revenue"": null, ""lead_phase"": null, ""runway_months"": 51.66285702685695, ""stage_bucket"": ""late"", ""surv_score"": ""5.0"", ""tier1_count"": 5}",late|far_271_540|nonpos,0.1,,0.7367,0,1,0.6952,-0.1547,5,5,buying,0.7489,elite_5,0.0,0.0,0.0,,,0.0,0,0,0,True,False,True,far,0.3,adequate,<=1000bps,596.34,0.85,1,0,1.0,0,1.0,0,870,False,specific_days,-0.124539,price_history,,5,0.2429,price_history,,-0.208007,,43.4988,0.4954,-0.108271,-0.099736,late,mid,none,drug_developer,morningstar,,,,0,0.8821962108534544585225914415,60.75,45.56250000000000000000000000,77.5,37.42,59.16167664670658682634730539,67.57142857142857142857142857,59.0485,0.6492,3.0,103,10,1.0,1.3733,0,2,0.0,0.6,0.55,metabolic,0.6892,highly_crowded,1.0,79,0.1,0.730241,0.6135,46.60,0.878007,1.1651,0.19976,0.0,0.0,0.0,0.19476,0.005,0.0
IRON,"Disc Medicine, Inc.",68,0.47,C,mod_opt+no_catalyst_data,C,mod_opt+no_catalyst_data,,0.661512,,0,0.301242,1,0.698758,,0,no_upcoming,9,headwind,deep_drawdown|deep_drawdown_rel_xbi|overbought_rsi,M,sponsor_confirmed|momentum_headwind,smart_money_score:+19.7;financial_score:+19.5;momentum_score:-19.1,tier=C;reason=mod_opt+no_catalyst_data;cat_days=NA;strength=missing;decay_w=0.0,v1.3.0,31f399e0,1,,0,,"{""burn_ttm"": 180393000.0, ""cash_total"": 791152000.0, ""dilution_risk"": null, ""has_revenue"": null, ""lead_phase"": null, ""runway_months"": 52.62856097520414, ""stage_bucket"": ""mid"", ""surv_score"": ""5.0"", ""tier1_count"": 8}",mid|none|nonpos,0.0631838407643312,,0.1872,0,1,0.6999,-0.1451,8,8,buying,1.9082,elite_8,0.0,0.0,0.0,,,0.0,0,0,0,True,False,True,missing,0.0,adequate,<=1000bps,463.13,0.85,1,0,1.0,0,1.0,0,,False,no_upcoming,-0.270811,price_history,,8,0.9028,price_history,,-0.385688,,78.403,0.4392,-0.108271,-0.277417,mid,mid,none,drug_developer,morningstar,,,,0,0.8605510645565296595696231356,41.18,41.25000000000000000000000000,80.0,16.25,59.27272727272727272727272727,79.850,59.4157,0.6647,2.0,70,4,1.0,0.7636,2,1,0.0,0.4,0.5,other,-0.4975,uncrowded,1.0,193,0.0631838407643312,0.338488,-0.4166,53.02,0.984536,2.158,0.202569,0.0,0.0,0.0,0.19941,0.003159,0.0
DYN,"Dyne Therapeutics, Inc.",69,0.78,C,mod_opt+no_catalyst_data,C,mod_opt+no_catalyst_data,,0.743986,,0,0.350932,1,0.649068,,0,no_upcoming,9,tailwind,,L,sponsor_confirmed|momentum_tailwind,momentum_score:+29.0;financial_score:-25.6;smart_money_score:+19.7,tier=C;reason=mod_opt+no_catalyst_data;cat_days=NA;strength=missing;decay_w=0.0,v1.3.0,31f399e0,1,,0,,"{""burn_ttm"": 291375000.0, ""cash_total"": 573610000.0, ""dilution_risk"": null, ""has_revenue"": null, ""lead_phase"": null, ""runway_months"": 23.382986890781424, ""stage_bucket"": ""early"", ""surv_score"": ""3.0"", ""tier1_count"": 8}",early|none|nonpos,0.050550596214511044,,-1.699,1843,1,0.5775,-0.3967,8,8,buying,1.9082,elite_8,0.0,0.0,0.0,,,0.0,0,0,0,True,False,True,missing,0.0,adequate,<=1000bps,520.7,0.85,1,0,1.0,0,1.0,0,,False,no_upcoming,0.23818,price_history,,8,1.4874,price_history,,-0.065291,,59.7297,0.7655,-0.108271,0.04298,early,mid,sev1,drug_developer,morningstar,,,,0,0.7847121111846459298477829252,89.28,41.25000000000000000000000000,80.0,15.22,56.36363636363636363636363637,34.70821854912764003673094582,55.1313,0.4834,1.0,1843,3,0.0,0.0,0,0,0.0,0.4,0.65,rare_disease,-0.4975,uncrowded,1.0,217,0.050550596214511044,0.256014,-0.6557,30.63,0.620275,0.3062,0.147548,0.0,0.0,0.0,0.14502,0.002528,0.0
NRIX,"Nurix Therapeutics, Inc.",70,0.47,C,mod_opt+no_catalyst_data,C,mod_opt+no_catalyst_data,,0.78866,,0,0.332298,1,0.667702,,0,no_upcoming,9,tailwind,high_beta,M,sponsor_confirmed|momentum_tailwind|runway_short|high_risk,financial_score:-38.2;momentum_score:+22.8;clinical_score:+12.9,tier=C;reason=mod_opt+no_catalyst_data;cat_days=NA;strength=missing;decay_w=0.0,v1.3.0,31f399e0,1,,0,,"{""burn_ttm"": 249465000.0, ""cash_total"": 246960000.0, ""dilution_risk"": null, ""has_revenue"": null, ""lead_phase"": null, ""runway_months"": 11.879502134567975, ""stage_bucket"": ""early"", ""surv_score"": ""0.0"", ""tier1_count"": 4}",early|none|nonpos,0.050550596214511044,,-0.4096,0,1,0.6349,-0.2787,4,4,selling,0.3625,elite_4,0.0,0.0,0.0,,,0.0,0,0,0,True,False,True,missing,0.0,short,<=1000bps,674.93,0.85,1,0,1.0,0,1.0,0,,False,no_upcoming,0.214526,price_history,,4,1.994,price_history,,-0.131579,,47.8867,0.7197,-0.108271,-0.023308,early,small,sev2,drug_developer,morningstar,,,,0,0.8269203490893321769297484822,67.70,41.25000000000000000000000000,51.0,28.26,57.72727272727272727272727273,6.617777777777777777777777777,56.5641,0.5441,1.0,535,4,1.0,0.0033,0,0,0.0,0.3,0.85,oncology,0.6892,highly_crowded,1.0,230,0.050550596214511044,0.21134,-0.8018,16.34,0.286942,-0.5623,0.165758,0.0,0.0,0.0,0.16323,0.002528,0.0
TNGX,"Tango Therapeutics, Inc.",71,0.78,C,mod_opt+no_catalyst_data,C,mod_opt+no_catalyst_data,,0.83677,,0,0.313665,1,0.686335,,0,no_upcoming,9,neutral,,L,sponsor_confirmed,financial_score:-38.3;smart_money_score:+29.2;clinical_score:+11.2,tier=C;reason=mod_opt+no_catalyst_data;cat_days=NA;strength=missing;decay_w=0.0,v1.3.0,31f399e0,1,,0,,"{""burn_ttm"": 109168000.0, ""cash_total"": 152811000.0, ""dilution_risk"": null, ""has_revenue"": null, ""lead_phase"": null, ""runway_months"": 16.79733987981826, ""stage_bucket"": ""early"", ""surv_score"": ""2.0"", ""tier1_count"": 5}",early|none|nonpos,0.050550596214511044,,-0.4056,0,1,0.6922,-0.1608,5,5,buying,0.7489,elite_5,0.0,0.0,0.0,,,0.0,0,0,0,True,False,True,missing,0.0,adequate,<=1000bps,564.69,0.85,1,0,1.0,0,1.0,0,,False,no_upcoming,0.086835,price_history,,5,1.0115,price_history,,-0.306677,,68.976,0.8943,-0.108271,-0.198406,early,small,sev1,drug_developer,morningstar,,,,0,0.7736824948386395740519395849,52.35,41.25000000000000000000000000,77.0,32.61,59.09090909090909090909090909,9.534444444444444444444444442,57.9278,0.6018,1.0,535,5,1.0,0.006,0,0,0.0,0.3,0.85,oncology,0.6892,highly_crowded,1.0,244,0.050550596214511044,0.16323,-0.9813,26.06,0.544674,0.1122,0.183068,0.0,0.0,0.0,0.18054,0.002528,0.0
ANNX,"Annexon, Inc.",72,0.78,C,mod_opt+no_catalyst_data,C,mod_opt+no_catalyst_data,,0.424399,,0,0.319876,1,0.680124,,0,no_upcoming,9,tailwind,,L,sponsor_confirmed|momentum_tailwind|runway_short,financial_score:-36.3;smart_money_score:+22.1;momentum_score:+12.8,tier=C;reason=mod_opt+no_catalyst_data;cat_days=NA;strength=missing;decay_w=0.0,v1.3.0,31f399e0,1,,0,,"{""burn_ttm"": 140430000.0, ""cash_total"": 139419000.0, ""dilution_risk"": null, ""has_revenue"": null, ""lead_phase"": null, ""runway_months"": 11.913608203375347, ""stage_bucket"": ""late"", ""surv_score"": ""0.0"", ""tier1_count"": 4}",late|none|nonpos,0.08147540126382306,,0.736,0,1,0.6801,-0.1858,4,4,buying,0.3625,elite_4,0.0,0.0,0.0,,,0.0,0,0,0,True,False,True,missing,0.0,short,<=1000bps,834.55,0.85,1,0,1.0,0,1.0,0,,False,no_upcoming,-0.00151,price_history,,4,1.2371,price_history,,-0.28041,,53.4306,0.9497,-0.108271,-0.172139,late,small,sev2,drug_developer,morningstar,,,,0,0.8266156363211405866542012388,62.13,41.25000000000000000000000000,71.5,68.54,58.80239520958083832335329341,13.07484567901234567901234568,57.2201,0.5718,3.0,,11,1.0,0.067,0,0,0.0,0.4,0.6,autoimmune,0.6892,highly_crowded,1.0,124,0.08147540126382306,0.575601,0.1907,15.25,0.221649,-0.7666,0.175614,0.0,0.0,0.0,0.17154,0.004074,0.0
MAZE,"Maze Therapeutics, Inc.",73,0.78,C,low_opt+no_catalyst_data,C,low_opt+no_catalyst_data,,0.245704,,0,0.121118,1,0.878882,,0,no_upcoming,9,neutral,drawdown_data_missing,L,sponsor_confirmed,catalyst_score:-17.6;clinical_score:+14.8;momentum_score:-8.9,tier=C;reason=low_opt+no_catalyst_data;cat_days=NA;strength=missing;decay_w=0.0,v1.3.0,31f399e0,1,,0,,"{""burn_ttm"": 84210000.0, ""cash_total"": 383935000.0, ""dilution_risk"": null, ""has_revenue"": null, ""lead_phase"": null, ""runway_months"": 54.71107944424653, ""stage_bucket"": ""early"", ""surv_score"": ""5.0"", ""tier1_count"": 3}",early|none|pos,0.1,,-0.3546,0,1,1.304,1.0971,3,3,buying,-0.0239,elite_3,0.0,0.0,0.0,,,0.0,0,0,0,True,False,True,missing,0.0,adequate,<=1000bps,700.63,0.85,1,0,1.0,0,1.0,0,,False,no_upcoming,,,beta_missing:series_too_short,3,,,series_too_short,,no_price_series,,0.5761,-0.108271,,early,mid,none,drug_developer,morningstar,,,drawdown,1,0.7230626691651051426191963356,50,41.25000000000000000000000000,66.5,50,73.63636363636363636363636363,62.95454545454545454545454545,72.8232,1.2321,1.0,,1,0.0,0.0,0,0,0.0,0.6,0.5,other,-0.4975,uncrowded,1.0,72,0.1,0.754296,0.6881,47.98,0.908935,1.3342,0.37463,0.0,0.0,0.0,0.36963,0.005,0.0
UPB,"Upstream Bio, Inc.",74,0.39,C,mod_opt+no_catalyst_data,C,mod_opt+no_catalyst_data,,0.685567,,0,0.338509,1,0.661491,,0,no_upcoming,9,neutral,drawdown_data_missing,M,sponsor_confirmed|cost_haircut_<=2000bps,catalyst_score:-17.3;financial_score:+14.4;smart_money_score:+12.9,tier=C;reason=mod_opt+no_catalyst_data;cat_days=NA;strength=missing;decay_w=0.0,v1.3.0,31f399e0,1,,0,,"{""burn_ttm"": 102644000.0, ""cash_total"": 372427000.0, ""dilution_risk"": null, ""has_revenue"": null, ""lead_phase"": null, ""runway_months"": 43.540041307821205, ""stage_bucket"": ""mid"", ""surv_score"": ""5.0"", ""tier1_count"": 4}",mid|none|nonpos,0.0631838407643312,,-1.0834,388,1,0.6081,-0.3338,4,4,buying,0.3625,elite_4,0.0,0.0,0.0,,,0.0,0,0,0,True,False,True,missing,0.0,adequate,<=2000bps,1072.05,0.7,1,0,1.0,0,1.0,0,,False,no_upcoming,,,beta_missing:series_too_short,4,,,series_too_short,,no_price_series,,0.6702,-0.108271,,mid,small,none,drug_developer,morningstar,,,drawdown,1,0.8263518601273600715003910178,50,41.25000000000000000000000000,71.5,51.25,57.09090909090909090909090909,72.92000000000000000000000000,55.5763,0.5023,2.0,388,2,0.3333,0.0496,0,0,0.0,0.4,0.5,respiratory,0.2145,moderate,1.0,200,0.0631838407643312,0.314433,-0.4833,46.24,0.871134,1.1318,0.153849,0.0,0.0,0.0,0.15069,0.003159,0.0
JANX,"Janux Therapeutics, Inc.",75,0.78,C,low_opt+no_catalyst_data,C,low_opt+no_catalyst_data,,0.764605,,0,0.295031,1,0.704969,,0,no_upcoming,9,tailwind,high_vol|deep_drawdown,L,sponsor_confirmed|momentum_tailwind|high_risk,momentum_score:+28.6;catalyst_score:-26.7;financial_score:+11.9,tier=C;reason=low_opt+no_catalyst_data;cat_days=NA;strength=missing;decay_w=0.0,v1.3.0,31f399e0,1,,0,,"{""burn_ttm"": 53693000.0, ""cash_total"": 988993000.0, ""dilution_risk"": null, ""has_revenue"": null, ""lead_phase"": null, ""runway_months"": 221.0328348201814, ""stage_bucket"": ""early"", ""surv_score"": ""5.0"", ""tier1_count"": 7}",early|none|nonpos,0.050550596214511044,,-1.689,566,1,0.7304,-0.0822,7,7,selling,1.5218,elite_7,0.0,0.0,0.0,,,0.0,0,0,0,True,False,True,missing,0.0,adequate,<=1000bps,600.15,0.85,1,0,1.0,0,1.0,0,,False,no_upcoming,0.108427,price_history,,7,0.979,price_history,,-0.351652,,40.2127,1.2694,-0.108271,-0.243381,early,small,none,drug_developer,morningstar,,,,0,0.7309393123446561723280861640,96.55,41.25000000000000000000000000,62.0,50,60.00000000000000000000000000,79.850,58.8369,0.6403,1.0,566,2,0.3333,0.0023,0,0,0.0,0.3,0.85,oncology,0.6892,highly_crowded,1.0,223,0.050550596214511044,0.235395,-0.7212,43.14,0.823024,0.927,0.194618,0.0,0.0,0.0,0.19209,0.002528,0.0
TYRA,"Tyra Biosciences, Inc.",76,0.78,C,low_opt+no_catalyst_data,C,low_opt+no_catalyst_data,,0.390034,,0,0.245342,1,0.754658,,0,no_upcoming,9,tailwind,,L,sponsor_confirmed|momentum_tailwind|runway_short,financial_score:-42.1;momentum_score:+18.6;clinical_score:+16.3,tier=C;reason=low_opt+no_catalyst_data;cat_days=NA;strength=missing;decay_w=0.0,v1.3.0,31f399e0,1,,0,,"{""burn_ttm"": 71518000.0, ""cash_total"": 61951000.0, ""dilution_risk"": null, ""has_revenue"": null, ""lead_phase"": null, ""runway_months"": 10.394753768282111, ""stage_bucket"": ""early"", ""surv_score"": ""0.0"", ""tier1_count"": 2}",early|none|pos,0.1,,-1.6511,321,1,0.8834,0.2323,2,2,buying,-0.4103,elite_2,0.0,0.0,0.0,,,0.0,0,0,0,True,False,True,missing,0.0,short,<=1000bps,678.57,0.85,1,0,1.0,0,1.0,0,,False,no_upcoming,0.148971,price_history,,2,0.8316,price_history,,-0.038576,,57.9345,0.7452,-0.108271,0.069695,early,small,sev2,drug_developer,morningstar,,,,0,0.7857413298565840938722294654,65.86,41.25000000000000000000000000,60.5,19.57,63.63636363636363636363636364,5.200277777777777777777777778,62.4732,0.7941,1.0,321,2,0.3333,0.0177,0,0,0.0,0.3,0.85,oncology,0.6892,highly_crowded,1.0,114,0.1,0.609966,0.2792,16.63,0.300687,-0.5224,0.24323,0.0,0.0,0.0,0.23823,0.005,0.0
ELVN,"Enliven Therapeutics, Inc.",77,0.78,C,low_opt+no_catalyst_data,C,low_opt+no_catalyst_data,,0.128866,,0,0.232919,1,0.767081,,0,no_upcoming,9,tailwind,high_vol,L,sponsor_confirmed|momentum_tailwind|high_risk,catalyst_score:-18.9;financial_score:+8.1;momentum_score:+4.6,tier=C;reason=low_opt+no_catalyst_data;cat_days=NA;strength=missing;decay_w=0.0,v1.3.0,31f399e0,1,,0,,"{""burn_ttm"": 54463000.0, ""cash_total"": 477565000.0, ""dilution_risk"": null, ""has_revenue"": null, ""lead_phase"": null, ""runway_months"": 105.22336264987239, ""stage_bucket"": ""early"", ""surv_score"": ""5.0"", ""tier1_count"": 6}",early|none|pos,0.1,,-1.6852,747,1,0.9216,0.3109,6,6,selling,1.1353,elite_6,0.0,0.0,0.0,,,0.0,0,0,0,True,False,True,missing,0.0,adequate,<=1000bps,575.35,0.85,1,0,1.0,0,1.0,0,,False,no_upcoming,0.177807,price_history,,6,1.3447,price_history,,-0.121457,,49.5345,1.2673,-0.108271,-0.013186,early,small,none,drug_developer,morningstar,,,,0,0.7714503689236111111111111111,64.75,41.25000000000000000000000000,62.0,23.91,64.54545454545454545454545454,68.30000000000000000000000000,63.3823,0.8326,1.0,747,3,0.6667,0.0007,0,0,0.0,0.3,0.85,oncology,0.6892,highly_crowded,1.0,38,0.1,0.871134,1.1318,47.83,0.905498,1.3135,0.25478,0.0,0.0,0.0,0.24978,0.005,0.0
RAPP,"Rapport Therapeutics, Inc.",78,0.78,C,low_opt+no_catalyst_data,C,low_opt+no_catalyst_data,,0.668385,,0,0.28882,1,0.71118,,0,no_upcoming,9,neutral,drawdown_data_missing,L,sponsor_confirmed,financial_score:+20.6;catalyst_score:-18.0;momentum_score:-9.3,tier=C;reason=low_opt+no_catalyst_data;cat_days=NA;strength=missing;decay_w=0.0,v1.3.0,31f399e0,1,,0,,"{""burn_ttm"": 62772000.0, ""cash_total"": 513026000.0, ""dilution_risk"": null, ""has_revenue"": null, ""lead_phase"": null, ""runway_months"": 98.07417319824125, ""stage_bucket"": ""mid"", ""surv_score"": ""5.0"", ""tier1_count"": 5}",mid|none|nonpos,0.0631838407643312,,-1.0919,469,1,0.7457,-0.0508,5,5,neutral,0.7489,elite_5,0.0,0.0,0.0,,,0.0,0,0,0,True,False,True,missing,0.0,adequate,<=1000bps,987.83,0.85,1,0,1.0,0,1.0,0,,False,no_upcoming,,,beta_missing:insufficient_overlap,5,,,insufficient_overlap,,series_too_short,,0.613,-0.108271,,mid,small,none,drug_developer,morningstar,,,drawdown,1,0.7381399496433067561896768779,50,41.25000000000000000000000000,65.0,50,60.36363636363636363636363636,79.850,58.8505,0.6408,2.0,469,1,0.0,0.0201,0,0,0.0,0.3,0.6,cns,-0.4975,uncrowded,1.0,195,0.0631838407643312,0.331615,-0.4355,39.22,0.74055,0.645,0.195399,0.0,0.0,0.0,0.19224,0.003159,0.0
CGEM,"Cullinan Therapeutics, Inc.",79,0.78,C,low_opt,C,low_opt,,0.994845,,0,0.214286,1,0.785714,870,0,specific_days,9,tailwind,deep_drawdown,L,catalyst_far_lift|sponsor_confirmed|momentum_tailwind,momentum_score:+19.8;catalyst_score:-12.4;smart_money_score:-10.5,tier=C;reason=low_opt;cat_days=870;strength=far;decay_w=0.3,v1.3.0,31f399e0,1,,0,,"{""burn_ttm"": 137641000.0, ""cash_total"": 332596000.0, ""dilution_risk"": null, ""has_revenue"": null, ""lead_phase"": null, ""runway_months"": 28.996825073924192, ""stage_bucket"": ""early"", ""surv_score"": ""5.0"", ""tier1_count"": 4}",early|far_271_540|pos,-0.018920969696969697,,-1.6791,596,1,0.9599,0.3895,4,4,selling,0.3625,elite_4,0.0,0.0,0.0,,,0.0,0,0,0,True,False,True,far,0.3,adequate,<=1000bps,848.87,0.85,1,0,1.0,0,1.0,0,870,False,specific_days,0.256255,price_history,,4,1.1314,price_history,,-0.356729,,32.0595,1.1117,-0.108271,-0.248458,early,small,none,drug_developer,morningstar,,,,0,0.8225355447154471544715447154,77.75,45.56250000000000000000000000,47.5,45.65,65.45454545454545454545454546,53.60000000000000000000000000,64.2914,0.8711,1.0,596,7,1.0,0.0037,0,0,0.0,0.3,0.85,oncology,0.6892,highly_crowded,1.0,290,-0.018920969696969697,0.005155,-2.5653,46.00,0.864261,1.0997,0.260384,0.0,0.0,0.0,0.26133,-0.000946,0.0
VYGR,"Voyager Therapeutics, Inc.",80,0.15,C,low_opt,C,low_opt,,0.936426,,0,0.090062,1,0.909938,199,0,specific_days,9,headwind,deep_drawdown|deep_drawdown_rel_xbi,S,catalyst_far_lift|momentum_headwind|cost_haircut_>2000bps,clinical_score:+20.7;momentum_score:-10.7;catalyst_score:-9.2,tier=C;reason=low_opt;cat_days=199;strength=far;decay_w=0.3,v1.3.0,31f399e0,1,,0,,"{""burn_ttm"": 102204000.0, ""cash_total"": 208930000.0, ""dilution_risk"": null, ""has_revenue"": null, ""lead_phase"": null, ""runway_months"": 24.530938123752495, ""stage_bucket"": ""early"", ""surv_score"": ""5.0"", ""tier1_count"": 1}",early|near_181_270|pos,-0.004737960784313725,,-0.3432,0,1,1.3804,1.2543,1,1,selling,-0.7967,elite_1,0.0,0.0,0.0,,,0.0,0,0,0,True,False,True,far,0.3,adequate,>2000bps,2020.0,0.55,1,0,1.0,0,1.0,0,199,False,specific_days,-0.144466,price_history,,1,0.9296,price_history,,-0.391708,,50.6304,0.56,-0.108271,-0.283437,early,micro,none,drug_developer,morningstar,,,,0,0.8078380536626916524701873935,43.99,45.56250000000000000000000000,49.5,71.74,75.45454545454545454545454545,59.13636363636363636363636364,73.8722,1.2765,1.0,138,5,1.0,0.1268,0,0,0.0,0.4,0.6,cns,0.6892,highly_crowded,1.0,273,-0.004737960784313725,0.063574,-1.5254,53.04,0.987973,2.2562,0.382713,0.0,0.0,0.0,0.38295,-0.000237,0.0
LCTX,"Lineage Cell Therapeutics, Inc.",81,0.08,C,low_opt+no_catalyst_data,C,low_opt+no_catalyst_data,,0.235395,,0,0.145963,1,0.854037,,0,no_upcoming,9,headwind,deep_drawdown|deep_drawdown_rel_xbi,XS,momentum_headwind|cost_haircut_>2000bps,clinical_score:+27.7;financial_score:-17.5;momentum_score:-8.2,tier=C;reason=low_opt+no_catalyst_data;cat_days=NA;strength=missing;decay_w=0.0,v1.3.0,31f399e0,1,,0,,"{""burn_ttm"": 14041000.0, ""cash_total"": 40486000.0, ""dilution_risk"": null, ""has_revenue"": null, ""lead_phase"": null, ""runway_months"": 34.60095434798091, ""stage_bucket"": ""early"", ""surv_score"": ""2.0"", ""tier1_count"": 0}",early|none|pos,0.1,,-0.372,0,1,1.1893,0.8612,0,0,neutral,-1.1831,,0.0,0.0,0.0,,,0.0,0,0,0,True,False,True,missing,0.0,adequate,>2000bps,2020.0,0.55,1,0,1.0,0,1.0,0,,False,no_upcoming,-0.213102,price_history,,0,0.9153,price_history,,-0.398693,,38.7123,0.5717,-0.108271,-0.290422,early,small,none,drug_developer,morningstar,,,,0,0.8074065848581132902377561083,35.04,41.25000000000000000000000000,,58.70,70.90909090909090909090909091,25.75111111111111111111111111,69.3959,1.0871,1.0,,3,0.6667,0.0,0,0,0.0,0.3,0.5,other,-2.3964,uncrowded,1.0,69,0.1,0.764605,0.7212,40.88,0.757732,0.699,0.33113,0.0,0.0,0.0,0.32613,0.005,0.0
MBX,"MBX Biosciences, Inc.",82,0.78,C,low_opt+no_catalyst_data,C,low_opt+no_catalyst_data,,0.249141,,0,0.065217,1,0.934783,,0,no_upcoming,9,neutral,drawdown_data_missing,L,sponsor_confirmed,catalyst_score:-22.5;smart_money_score:+21.2;momentum_score:-13.8,tier=C;reason=low_opt+no_catalyst_data;cat_days=NA;strength=missing;decay_w=0.0,v1.3.0,31f399e0,1,,0,,"{""burn_ttm"": 61648000.0, ""cash_total"": 391673000.0, ""dilution_risk"": null, ""has_revenue"": null, ""lead_phase"": null, ""runway_months"": 76.2405268621853, ""stage_bucket"": ""early"", ""surv_score"": ""5.0"", ""tier1_count"": 8}",early|none|pos,0.1,,-0.3425,0,1,1.4187,1.3329,8,8,buying,1.9082,elite_8,0.0,0.0,0.0,,,0.0,0,0,0,True,False,True,missing,0.0,adequate,<=1000bps,642.63,0.85,1,0,1.0,0,1.0,0,,False,no_upcoming,,,beta_missing:series_too_short,8,,,series_too_short,,no_price_series,,0.9974,-0.108271,,early,small,none,drug_developer,morningstar,,,drawdown,1,0.7385901537826401073382185984,50,41.25000000000000000000000000,85,50,76.36363636363636363636363636,66.20000000000000000000000000,74.8491,1.3178,1.0,153,1,0.0,0.0699,0,0,0.0,0.4,0.5,other,0.2145,moderate,1.0,73,0.1,0.750859,0.6772,48.22,0.92268,1.4233,0.40034,0.0,0.0,0.0,0.39534,0.005,0.0
TCRX,"TScan Therapeutics, Inc.",83,0.51,C,low_opt+no_catalyst_data,C,low_opt+no_catalyst_data,,0.376289,,0,0.164596,1,0.835404,,0,no_upcoming,9,tailwind,,L,sponsor_confirmed|momentum_tailwind|cost_haircut_>2000bps,financial_score:-23.8;clinical_score:+14.7;momentum_score:+13.8,tier=C;reason=low_opt+no_catalyst_data;cat_days=NA;strength=missing;decay_w=0.0,v1.3.0,31f399e0,1,,0,,"{""burn_ttm"": 103317000.0, ""cash_total"": 184453000.0, ""dilution_risk"": null, ""has_revenue"": null, ""lead_phase"": null, ""runway_months"": 21.003529947620134, ""stage_bucket"": ""early"", ""surv_score"": ""3.0"", ""tier1_count"": 2}",early|none|pos,0.1,,-1.6656,535,1,1.0746,0.6254,2,2,buying,-0.4103,elite_2,0.0,0.0,0.0,,,0.0,0,0,0,True,False,True,missing,0.0,adequate,>2000bps,2036.0,0.55,1,0,1.0,0,1.0,0,,False,no_upcoming,0.255147,price_history,,2,1.5867,price_history,,-0.116719,,48.4707,,-0.108271,-0.008448,early,micro,sev1,drug_developer,morningstar,,,,0,0.7584115138592750533049040512,67.25,41.25000000000000000000000000,61.0,90.00,68.18181818181818181818181818,29.65105601469237832874196510,67.0187,0.9865,1.0,535,6,1.0,0.003,0,0,0.0,0.3,0.85,oncology,0.6892,highly_crowded,1.0,110,0.1,0.623711,0.3152,32.77,0.651203,0.3886,0.30095,0.0,0.0,0.0,0.29595,0.005,0.0
LXEO,"Lexeo Therapeutics, Inc.",84,0.39,C,low_opt+no_catalyst_data,C,low_opt+no_catalyst_data,,0.242268,,0,0.177019,1,0.822981,,0,no_upcoming,9,tailwind,,M,momentum_tailwind|cost_haircut_<=2000bps,financial_score:-27.3;clinical_score:+17.6;momentum_score:+12.7,tier=C;reason=low_opt+no_catalyst_data;cat_days=NA;strength=missing;decay_w=0.0,v1.3.0,31f399e0,1,,0,,"{""burn_ttm"": 78482000.0, ""cash_total"": 111914000.0, ""dilution_risk"": null, ""has_revenue"": null, ""lead_phase"": null, ""runway_months"": 17.111796335465456, ""stage_bucket"": ""early"", ""surv_score"": ""2.0"", ""tier1_count"": 1}",early|none|pos,0.1,,-1.4165,146,1,1.0363,0.5467,1,1,neutral,-0.7967,elite_1,0.0,0.0,0.0,,,0.0,0,0,0,True,False,True,missing,0.0,adequate,<=2000bps,1098.2,0.7,1,0,1.0,0,1.0,0,,False,no_upcoming,0.1829,price_history,,1,0.9964,price_history,,-0.073561,,58.5967,0.8592,-0.108271,0.03471,early,small,sev1,drug_developer,morningstar,,,,0,0.7699347471451876019575856444,62.34,41.25000000000000000000000000,55.0,41.30,67.27272727272727272727272727,22.29000000000000000000000000,65.7596,0.9332,1.0,146,3,0.6667,0.0742,0,0,0.0,0.3,0.6,cns,-0.4975,uncrowded,1.0,71,0.1,0.757732,0.699,28.94,0.606529,0.2703,0.28496,0.0,0.0,0.0,0.27996,0.005,0.0
PRLD,Prelude Therapeutics Incorporated,85,0.08,C,low_opt+no_catalyst_data,C,low_opt+no_catalyst_data,,0.300687,,0,0.02795,1,0.97205,,0,no_upcoming,9,headwind,,XS,sponsor_confirmed|momentum_headwind|runway_short|cost_haircut_>2000bps,financial_score:-34.9;clinical_score:+30.6;smart_money_score:+14.6,tier=C;reason=low_opt+no_catalyst_data;cat_days=NA;strength=missing;decay_w=0.0,v1.3.0,31f399e0,1,,0,,"{""burn_ttm"": 79421000.0, ""cash_total"": 54957000.0, ""dilution_risk"": null, ""has_revenue"": null, ""lead_phase"": null, ""runway_months"": 8.303647649865905, ""stage_bucket"": ""early"", ""surv_score"": ""-2.0"", ""tier1_count"": 2}",early|none|pos,0.1,,-0.3036,0,1,1.4454,1.388,2,2,buying,-0.4103,elite_2,0.0,0.0,0.0,,,0.0,0,0,0,True,False,True,missing,0.0,short,>2000bps,2020.0,0.55,1,0,1.0,0,1.0,0,,False,no_upcoming,-0.159889,price_history,,2,0.9579,price_history,,-0.307282,,49.6577,,-0.108271,-0.199011,early,micro,sev2,drug_developer,morningstar,,,,0,0.7583928381114782052648406693,41.24,41.25000000000000000000000000,61.0,90.00,77.000,11.44719926538108356290174472,76.3711,1.3822,1.0,12,9,1.0,0.2432,1,0,0.0,0.3,0.85,oncology,0.6892,highly_crowded,1.0,88,0.1,0.699313,0.5224,13.86,0.166667,-0.9674,0.41966,0.0,0.0,0.0,0.41466,0.005,0.0
GPCR,Structure Therapeutics Inc.,86,0.92,C,low_opt+no_catalyst_data,C,low_opt+no_catalyst_data,,0.170103,,0,0.021739,1,0.978261,,0,no_upcoming,9,tailwind,high_vol|deep_drawdown,L,sponsor_confirmed|momentum_tailwind|high_risk,catalyst_score:-26.5;smart_money_score:+15.2;clinical_score:+9.2,tier=C;reason=low_opt+no_catalyst_data;cat_days=NA;strength=missing;decay_w=0.0,v1.3.0,31f399e0,1,,0,,"{""burn_ttm"": 157783000.0, ""cash_total"": 799043000.0, ""dilution_risk"": null, ""has_revenue"": null, ""lead_phase"": null, ""runway_months"": 60.77027309659469, ""stage_bucket"": ""early"", ""surv_score"": ""5.0"", ""tier1_count"": 9}",early|none|pos,0.1,,-0.3382,0,1,1.4454,1.388,9,9,buying,2.2946,elite_9,0.0,0.0,0.0,,,0.0,0,0,0,True,False,True,missing,0.0,adequate,<=400bps,330.68,1.0,0,0,1.0,0,1.0,0,,False,no_upcoming,0.29541,price_history,,9,1.3521,price_history,,-0.351682,,56.3561,2.1948,-0.108271,-0.243411,early,mid,none,drug_developer,morningstar,,,,0,0.7342419551033948910759703638,72.69,41.25000000000000000000000000,83.0,10.00,77.000,64.86363636363636363636363636,75.4177,1.3419,1.0,,1,0.0,0.0,0,0,0.0,0.4,0.55,metabolic,0.6892,highly_crowded,1.0,50,0.1,0.829897,0.9538,46.62,0.881443,1.1822,0.40757,0.0,0.0,0.0,0.40257,0.005,0.0
BCYC,Bicycle Therapeutics plc,87,0.3,C,low_opt+no_catalyst_data,C,low_opt+no_catalyst_data,,0.080756,,0,0.003106,1,0.996894,,0,no_upcoming,9,neutral,,M,sponsor_confirmed|cost_haircut_>2000bps,clinical_score:+21.0;catalyst_score:-14.8;financial_score:-4.5,tier=C;reason=low_opt+no_catalyst_data;cat_days=NA;strength=missing;decay_w=0.0,v1.3.0,31f399e0,1,,0,,"{""burn_ttm"": 230329000.0, ""cash_total"": 648325000.0, ""dilution_risk"": null, ""has_revenue"": null, ""lead_phase"": null, ""runway_months"": 33.777335897781, ""stage_bucket"": ""early"", ""surv_score"": ""5.0"", ""tier1_count"": 2}",early|none|pos,0.1,,-0.3284,0,1,1.4454,1.388,2,2,neutral,-0.4103,elite_2,0.0,0.0,0.0,,,0.0,0,0,0,True,False,True,missing,0.0,adequate,>2000bps,2020.0,0.55,1,0,1.0,0,1.0,0,,False,no_upcoming,-0.086377,price_history,,2,0.3246,price_history,,-0.19428,,50.2688,0.6162,-0.108271,-0.086009,early,small,none,drug_developer,morningstar,,,,0,0.7868349891338093759701955914,52.95,41.25000000000000000000000000,57.5,50,77.000,51.5000,75.8369,1.3596,1.0,,1,0.0,0.0,0,0,0.0,0.3,0.85,oncology,0.6892,highly_crowded,1.0,24,0.1,0.919244,1.4,51.81,0.974227,1.9469,0.41288,0.0,0.0,0.0,0.40788,0.005,0.0
RYTM,"Rhythm Pharmaceuticals, Inc.",88,0.92,C,mod_quality+no_catalyst_data,,,C,0.324742,0.657692,1,,0,,,0,no_upcoming,9,neutral,,L,sponsor_confirmed,catalyst_score:-20.9;clinical_score:+14.8;smart_money_score:+14.8,tier=;reason=;cat_days=NA;strength=missing;decay_w=0.0,v1.3.0,31f399e0,1,,0,,"{""burn_ttm"": 90286000.0, ""cash_total"": 416052000.0, ""dilution_risk"": null, ""has_revenue"": null, ""lead_phase"": null, ""runway_months"": 54.55942228030924, ""stage_bucket"": ""late"", ""surv_score"": ""4.0"", ""tier1_count"": 9}",late|none|pos,0.1,52.745357,1.0059,0,1,1.3807,1.5183,9,9,buying,2.2946,elite_9,0.0,0.0,0.0,,,0.0,0,0,0,True,False,True,missing,0.0,adequate,<=400bps,378.27,1.0,0,0,1.0,0,1.0,0,,False,no_upcoming,0.126568,price_history,,9,1.3589,price_history,,-0.184401,,60.3672,0.4754,-0.108271,-0.07613,late,mid,none,commercial_biotech,morningstar,,,,0,0.9,53.14,41.25000000000000000000000000,77.0,40.07,77.000,62.42857142857142857142857143,76.4677,1.3863,3.0,108,21,1.0,1.1926,0,2,0.0,0.4,0.55,metabolic,0.6892,highly_crowded,1.0,95,0.1,0.675258,0.4545,51.08,0.963918,1.7981,2.69834,2.27745,0.0,0.0,0.41589,0.005,0.0
VRTX,Vertex Pharmaceuticals Incorporated,89,0.92,C,low_quality,,,C,0.991409,0.45,1,,0,,139,0,specific_days,9,tailwind,overbought_rsi,L,sponsor_confirmed|momentum_tailwind,clinical_score:+16.6;catalyst_score:-14.8;financial_score:-5.9,tier=;reason=;cat_days=139;strength=mid;decay_w=0.7,v1.3.0,31f399e0,1,,0,,"{""burn_ttm"": 0.0, ""cash_total"": 6608100000.0, ""dilution_risk"": null, ""has_revenue"": null, ""lead_phase"": null, ""runway_months"": null, ""stage_bucket"": ""late"", ""surv_score"": ""3.0"", ""tier1_count"": 3}",late|near_91_180|pos,-0.01150522641509434,46.303958,1.0059,0,1,1.3807,1.5183,3,3,buying,-0.0239,elite_3,0.0,0.0,0.0,,,0.0,0,0,0,True,False,True,mid,0.7,adequate,<=400bps,123.8,1.0,0,0,1.0,0,1.0,0,139,False,specific_days,0.177482,price_history,,3,0.3062,price_history,,-0.009886,,70.7367,0.2519,-0.108271,0.098385,late,large,none,commercial_biotech,morningstar,,,,0,0.9,61.98,45.56250000000000000000000000,63.0,26.82,77.000,54.49101796407185628742514970,78.2869,1.4633,3.0,5,92,1.0,1.8389,3,3,0.0,0.9,0.95,oncology,0.6892,highly_crowded,1.0,289,-0.01150522641509434,0.008591,-2.3828,48.81,0.93299,1.4984,2.715865,2.27745,0.0,0.0,0.43899,-0.000575,0.0
NVAX,"Novavax, Inc.",90,0.47,B,high_quality+no_catalyst_data,,,B,0.283505,0.996154,1,,0,,,0,no_upcoming,9,tailwind,high_beta,M,momentum_tailwind|high_risk,catalyst_score:-28.0;momentum_score:+27.3;smart_money_score:-14.8,tier=;reason=;cat_days=NA;strength=missing;decay_w=0.0,v1.3.0,31f399e0,1,,0,,"{""burn_ttm"": 244635000.0, ""cash_total"": 735084000.0, ""dilution_risk"": null, ""has_revenue"": null, ""lead_phase"": null, ""runway_months"": 34.435271429798334, ""stage_bucket"": ""late"", ""surv_score"": ""4.0"", ""tier1_count"": 1}",late|none|pos,0.1,85.46,1.0059,0,1,1.3807,0.9515,1,1,selling,-0.7967,elite_1,0.0,0.0,0.0,,,0.0,0,0,0,True,False,True,missing,0.0,adequate,<=1000bps,459.51,0.85,1,0,1.0,0,1.0,0,,False,no_upcoming,2.052587,price_history,,1,1.9875,price_history,,-0.313305,,50.7114,0.4814,-0.108271,-0.205034,late,small,none,commercial_biotech,morningstar,,,,0,0.9,96.55,41.25000000000000000000000000,54.5,90.00,77.000,77.000,77.452,1.428,3.0,108,25,1.0,1.6505,1,3,0.0,0.6,0.55,infectious_disease,0.2145,moderate,1.0,83,0.1,0.716495,0.5725,52.82,0.9811,2.077,1.86065,1.42725,0.0,0.0,0.4284,0.005,0.0
BMRN,BioMarin Pharmaceutical Inc.,91,0.92,C,mod_quality+catalyst_far,,,C,0.878007,0.842308,1,,0,,260,0,specific_days,9,neutral,,L,catalyst_far_lift|sponsor_confirmed,clinical_score:+11.6;catalyst_score:-10.2;momentum_score:-7.9,tier=;reason=;cat_days=260;strength=far;decay_w=0.3,v1.3.0,31f399e0,1,,0,,"{""burn_ttm"": 0.0, ""cash_total"": 1311679000.0, ""dilution_risk"": null, ""has_revenue"": null, ""lead_phase"": null, ""runway_months"": null, ""stage_bucket"": ""late"", ""surv_score"": ""3.0"", ""tier1_count"": 3}",late|near_181_270|pos,0.006212037735849056,63.876461,0.9888,0,1,0.9441,1.0749,3,3,neutral,-0.0239,elite_3,0.0,0.0,0.0,,,0.0,0,0,0,True,False,True,far,0.3,adequate,<=400bps,260.52,1.0,0,0,1.0,0,1.0,0,260,False,specific_days,-0.003212,price_history,,3,0.3219,price_history,,-0.156465,,60.8594,0.4294,-0.108271,-0.048194,late,large,none,commercial_biotech,morningstar,,,,0,0.9,47.90,45.56250000000000000000000000,57.5,77.22,67.42514970059880239520958084,60.59880239520958083832335330,68.3127,1.0412,3.0,54,107,1.0,1.0846,1,1,0.0,0.6,0.75,rare_disease,0.6892,highly_crowded,1.0,256,0.006212037735849056,0.121993,-1.1651,48.25,0.926117,1.4475,1.925021,1.61235,0.0,0.0,0.31236,0.000311,0.0
AXSM,"Axsome Therapeutics, Inc.",92,0.55,C,low_quality+no_catalyst_data,,,C,0.07732,0.296154,1,,0,,,0,no_upcoming,9,headwind,,M,sponsor_confirmed|momentum_headwind,catalyst_score:-16.4;clinical_score:+14.8;smart_money_score:+13.3,tier=;reason=;cat_days=NA;strength=missing;decay_w=0.0,v1.3.0,31f399e0,1,,0,,"{""burn_ttm"": 93405000.0, ""cash_total"": 322933000.0, ""dilution_risk"": null, ""has_revenue"": null, ""lead_phase"": null, ""runway_months"": 27.761023661657504, ""stage_bucket"": ""late"", ""surv_score"": ""1.0"", ""tier1_count"": 7}",late|none|pos,0.1,40.283071,0.9998,0,1,1.1734,1.3078,7,7,buying,1.5218,elite_7,0.0,0.0,0.0,,,0.0,0,0,0,True,False,True,missing,0.0,adequate,<=400bps,308.96,1.0,0,0,1.0,0,1.0,0,,False,no_upcoming,-0.03939,price_history,,7,0.7482,price_history,,-0.245903,,49.1428,0.5091,-0.108271,-0.137632,late,mid,none,commercial_biotech,morningstar,,,,0,0.9,46.36,41.25000000000000000000000000,71.0,14.95,72.45508982035928143712574850,57.28571428571428571428571429,71.9905,1.1969,3.0,154,17,1.0,2.0526,0,4,0.0,0.4,0.6,cns,0.2145,moderate,1.0,23,0.1,0.92268,1.4233,48.90,0.936426,1.5254,2.32577,1.9617,0.0,0.0,0.35907,0.005,0.0
CAI,"Caris Life Sciences, Inc.",93,0.78,C,low_quality,,,C,0.943299,0.434615,1,,0,,48,1,specific_days,9,neutral,drawdown_data_missing,L,sponsor_confirmed,catalyst_score:-17.6;clinical_score:+10.9;momentum_score:-9.0,tier=;reason=;cat_days=48;strength=near;decay_w=1.0,v1.3.0,31f399e0,1,,0,,"{""burn_ttm"": 0.0, ""cash_total"": 755493000.0, ""dilution_risk"": null, ""has_revenue"": null, ""lead_phase"": null, ""runway_months"": null, ""stage_bucket"": ""late"", ""surv_score"": ""-1.0"", ""tier1_count"": 3}",late|near_31_90|pos,-0.004878730769230769,45.855296,0.9964,0,1,1.0588,1.1913,3,3,buying,-0.0239,elite_3,0.0,0.0,0.0,,,0.0,0,0,0,True,False,True,near,1.0,adequate,<=1000bps,447.67,0.85,1,0,1.0,0,1.0,0,48,True,specific_days,,,beta_missing:series_too_short,3,,,series_too_short,,no_price_series,,0.5606,-0.108271,,late,mid,none,commercial_biotech,morningstar,,,drawdown,1,0.9,50,41.47684444444444444444444444,66.0,15.33,69.94011976047904191616766467,67.75510204081632653061224490,71.577,1.1794,3.0,48,753,1.0,4.3818,4,10,0.0,0.5,0.95,oncology,-0.4975,uncrowded,1.0,275,-0.004878730769230769,0.056701,-1.5831,53.13,0.991409,2.3828,2.140526,1.78695,0.0,0.0,0.35382,-0.000244,0.0
EBS,Emergent BioSolutions Inc.,94,0.19,B,high_quality+no_catalyst_data,,,B,0.12543,0.988462,1,,0,,,0,no_upcoming,9,tailwind,high_beta|deep_drawdown|deep_drawdown_rel_xbi,S,momentum_tailwind|high_risk|cost_haircut_<=2000bps,momentum_score:+28.7;catalyst_score:-26.6;smart_money_score:-12.4,tier=;reason=;cat_days=NA;strength=missing;decay_w=0.0,v1.3.0,31f399e0,1,,0,,"{""burn_ttm"": 0.0, ""cash_total"": 245500000.0, ""dilution_risk"": null, ""has_revenue"": null, ""lead_phase"": null, ""runway_months"": null, ""stage_bucket"": ""late"", ""surv_score"": ""-1.0"", ""tier1_count"": 1}",late|none|pos,0.1,80.535,1.0059,0,1,1.0746,0.7217,1,1,buying,-0.7967,elite_1,0.0,0.0,0.0,,,0.0,0,0,0,True,False,True,missing,0.0,adequate,<=2000bps,1186.43,0.7,1,0,1.0,0,1.0,0,,False,no_upcoming,1.561664,price_history,,1,2.8882,price_history,,-0.365879,,60.7802,1.0204,-0.108271,-0.257608,late,small,none,commercial_pharma,morningstar,,,,0,0.9,96.55,41.25000000000000000000000000,55.5,86.00,77.000,69.16666666666666666666666666,76.1869,1.3744,3.0,,48,1.0,0.0,0,0,0.0,0.6,0.55,infectious_disease,-0.4975,uncrowded,1.0,37,0.1,0.87457,1.1483,55.69,0.998282,2.9257,1.49987,1.08255,0.0,0.0,0.41232,0.005,0.0
VNDA,Vanda Pharmaceuticals Inc.,95,0.47,B,mod_quality+catalyst_near,,,B,0.93299,0.696154,1,,0,,17,1,specific_days,9,tailwind,,M,momentum_tailwind|runway_short,financial_score:-38.5;momentum_score:+31.3;clinical_score:+21.1,tier=;reason=;cat_days=17;strength=near;decay_w=1.0,v1.3.0,31f399e0,1,,0,,"{""burn_ttm"": 109442000.0, ""cash_total"": 84851000.0, ""dilution_risk"": null, ""has_revenue"": null, ""lead_phase"": null, ""runway_months"": 9.303667696131285, ""stage_bucket"": ""late"", ""surv_score"": ""-3.0"", ""tier1_count"": 1}",late|near_0_30|pos,-1.6823529411764706e-05,55.6565,1.0059,0,1,1.3045,0.8603,1,1,neutral,-0.7967,elite_1,0.0,0.0,0.0,,,0.0,0,0,0,True,False,True,near,1.0,short,<=1000bps,634.63,0.85,1,0,1.0,0,1.0,0,17,True,specific_days,0.653081,price_history,,1,0.3063,price_history,,-0.063063,,63.7694,1.0382,-0.108271,0.045208,late,small,sev2,commercial_biotech,morningstar,,,,0,0.8839761142147734326505276226,85.47,41.95437511111111111111111111,52.5,90.00,75.32934131736526946107784431,15.69444444444444444444444444,75.5648,1.3481,3.0,33,40,1.0,2.6156,2,3,0.0,0.4,0.6,cns,0.2145,moderate,1.0,272,-1.6823529411764706e-05,0.06701,-1.4984,13.50,0.156357,-1.0095,1.694879,1.29045,0.0,0.0,0.40443,-1e-06,0.0
NBIX,"Neurocrine Biosciences, Inc.",96,0.92,C,mod_quality+catalyst_far,,,C,0.273196,0.734615,1,,0,,656,0,specific_days,9,neutral,,L,catalyst_far_lift|sponsor_confirmed,smart_money_score:+22.0;catalyst_score:-15.4;momentum_score:-11.6,tier=;reason=;cat_days=656;strength=far;decay_w=0.3,v1.3.0,31f399e0,1,,0,,"{""burn_ttm"": 0.0, ""cash_total"": 713000000.0, ""dilution_risk"": null, ""has_revenue"": null, ""lead_phase"": null, ""runway_months"": null, ""stage_bucket"": ""late"", ""surv_score"": ""3.0"", ""tier1_count"": 8}",late|far_271_540|pos,0.1,56.716135,0.9988,0,1,0.8633,0.8433,8,8,buying,1.9082,elite_8,0.0,0.0,0.0,,,0.0,0,0,0,True,False,True,far,0.3,adequate,<=400bps,265.05,1.0,0,0,1.0,0,1.0,0,656,False,specific_days,-0.02091,price_history,,8,0.4482,price_history,,-0.057674,,47.2975,0.3467,-0.108271,0.050597,late,large,none,commercial_pharma,morningstar,,,,0,0.9,49.34,45.56250000000000000000000000,83.0,63.33,72.09580838323353293413173652,54.85029940119760479041916168,73.0327,1.241,3.0,235,38,1.0,2.1922,2,2,0.0,0.8,0.6,cns,-0.4975,uncrowded,1.0,80,0.1,0.726804,0.6032,50.13,0.957045,1.7174,1.64225,1.26495,0.0,0.0,0.3723,0.005,0.0
ALKS,Alkermes plc,97,0.47,B,high_quality+no_catalyst_data,,,B,0.032646,0.85,1,,0,,,0,no_upcoming,9,headwind,,M,sponsor_confirmed|momentum_headwind,clinical_score:+19.2;catalyst_score:-16.6;momentum_score:-14.2,tier=;reason=;cat_days=NA;strength=missing;decay_w=0.0,v1.3.0,31f399e0,1,,0,,"{""burn_ttm"": 0.0, ""cash_total"": 388570000.0, ""dilution_risk"": null, ""has_revenue"": null, ""lead_phase"": null, ""runway_months"": null, ""stage_bucket"": ""late"", ""surv_score"": ""2.0"", ""tier1_count"": 6}",late|none|pos,0.1,64.981153,1.0059,0,1,1.0746,0.7217,6,6,buying,1.1353,elite_6,0.0,0.0,0.0,,,0.0,0,0,0,True,False,True,missing,0.0,adequate,<=1000bps,422.31,0.85,1,0,1.0,0,1.0,0,,False,no_upcoming,-0.101315,price_history,,6,0.4054,price_history,,-0.271484,,52.5898,0.3674,-0.108271,-0.163213,late,mid,none,commercial_pharma,morningstar,,,,0,0.9,43.57,41.25000000000000000000000000,68.0,84.67,77.000,59.18367346938775510204081633,76.1869,1.3744,3.0,370,53,1.0,0.0477,0,0,0.0,0.5,0.5,respiratory,-0.4975,uncrowded,1.0,10,0.1,0.967354,1.8433,52.38,0.977663,2.0077,1.49987,1.08255,0.0,0.0,0.41232,0.005,0.0
INDV,Indivior PLC,98,0.28,C,low_quality+no_catalyst_data,,,C,0.197595,0.342308,1,,0,,,0,no_upcoming,9,headwind,,S,momentum_headwind,clinical_score:+21.7;catalyst_score:-14.1;momentum_score:-11.1,tier=;reason=;cat_days=NA;strength=missing;decay_w=0.0,v1.3.0,31f399e0,1,,0,,"{""burn_ttm"": 0.0, ""cash_total"": 445000000.0, ""dilution_risk"": null, ""has_revenue"": null, ""lead_phase"": null, ""runway_months"": null, ""stage_bucket"": ""late"", ""surv_score"": ""3.0"", ""tier1_count"": 1}",late|none|pos,0.1,41.944194,1.0059,0,1,1.0746,1.0591,1,1,neutral,-0.7967,elite_1,0.0,0.0,0.0,,,0.0,0,0,0,True,False,True,missing,0.0,adequate,<=400bps,364.37,1.0,0,0,1.0,0,1.0,0,,False,no_upcoming,-0.191996,price_history,,1,0.6239,price_history,,-0.332795,,39.4219,0.4169,-0.108271,-0.224524,late,mid,none,commercial_pharma,morningstar,,,,0,0.9,44.22,41.25000000000000000000000000,52.5,15.33,77.000,61.63265306122448979591836734,75.9046,1.3625,3.0,,39,1.0,0.0196,0,0,0.0,0.8,0.55,infectious_disease,0.2145,moderate,1.0,58,0.1,0.802405,0.8502,49.80,0.946735,1.614,2.0024,1.58865,0.0,0.0,0.40875,0.005,0.0
AMGN,Amgen Inc.,99,0.92,C,low_quality,,,C,0.939863,0.580769,1,,0,,48,1,specific_days,9,tailwind,,L,momentum_tailwind,clinical_score:+18.1;catalyst_score:-13.6;smart_money_score:-2.5,tier=;reason=;cat_days=48;strength=near;decay_w=1.0,v1.3.0,31f399e0,1,,0,,"{""burn_ttm"": 0.0, ""cash_total"": 9129000000.0, ""dilution_risk"": null, ""has_revenue"": null, ""lead_phase"": null, ""runway_months"": null, ""stage_bucket"": ""late"", ""surv_score"": ""1.0"", ""tier1_count"": 1}",late|near_31_90|pos,-0.004878730769230769,49.017928,1.0019,0,1,0.9098,0.8907,1,1,neutral,-0.7967,elite_1,0.0,0.0,0.0,,,0.0,0,0,0,True,False,True,near,1.0,adequate,<=400bps,100.2,1.0,0,0,1.0,0,1.0,0,48,True,specific_days,0.119155,price_history,,1,0.4951,price_history,,-0.066145,,46.5807,0.2777,-0.108271,0.042126,late,large,none,commercial_pharma,morningstar,,,,0,0.9,54.63,41.47684444444444444444444444,52.5,40.16,73.17365269461077844311377246,53.41317365269461077844311377,74.4605,1.3014,3.0,73,577,1.0,4.3362,11,15,0.0,0.8,0.95,oncology,0.6892,highly_crowded,1.0,274,-0.004878730769230769,0.060137,-1.5536,44.79,0.847079,1.024,1.726226,1.33605,0.0,0.0,0.39042,-0.000244,0.0
TECH,Bio-Techne Corporation,100,0.55,C,low_quality,,,C,0.929553,0.188462,1,,0,,16,1,specific_days,9,neutral,,M,,financial_score:-25.8;clinical_score:+21.5;smart_money_score:+7.5,tier=;reason=;cat_days=16;strength=near;decay_w=1.0,v1.3.0,31f399e0,1,,0,,"{""burn_ttm"": 0.0, ""cash_total"": 172879000.0, ""dilution_risk"": null, ""has_revenue"": null, ""lead_phase"": null, ""runway_months"": null, ""stage_bucket"": ""late"", ""surv_score"": ""3.0"", ""tier1_count"": 1}",late|near_0_30|pos,-1.6823529411764706e-05,34.355531,0.9946,0,1,1.0424,1.1747,1,1,buying,-0.7967,elite_1,0.0,0.0,0.0,,,0.0,0,0,0,True,False,True,near,1.0,adequate,<=400bps,284.71,1.0,0,0,1.0,0,1.0,0,16,True,specific_days,0.090603,price_history,,1,0.9497,price_history,,-0.147687,,44.3929,0.3925,-0.108271,-0.039416,late,mid,none,commercial_biotech,morningstar,,,,0,0.9,50.44,42.41062400000000000000000000,55.5,40.69,69.58083832335329341317365269,22.28006848998102642417511222,71.4085,1.1722,3.0,16,813,1.0,8.2002,7,13,0.0038,0.9,0.95,oncology,-0.4975,uncrowded,1.0,271,-1.6823529411764706e-05,0.070447,-1.4725,36.65,0.702749,0.5323,2.113709,1.76205,0.0,0.0,0.35166,-1e-06,0.0
ESPR,"Esperion Therapeutics, Inc.",101,0.78,C,low_quality+no_catalyst_data,,,C,0.139175,0.273077,1,,0,,,0,no_upcoming,9,tailwind,overbought_rsi,L,momentum_tailwind,financial_score:-32.7;clinical_score:+23.2;momentum_score:+20.4,tier=;reason=;cat_days=NA;strength=missing;decay_w=0.0,v1.3.0,31f399e0,1,,0,,"{""burn_ttm"": 58336000.0, ""cash_total"": 92447000.0, ""dilution_risk"": null, ""has_revenue"": null, ""lead_phase"": null, ""runway_months"": 19.01679923203511, ""stage_bucket"": ""late"", ""surv_score"": ""1.0"", ""tier1_count"": 1}",late|none|pos,0.1,40.055722,1.0059,0,1,1.0746,1.0591,1,1,buying,-0.7967,elite_1,0.0,0.0,0.0,,,0.0,0,0,0,True,False,True,missing,0.0,adequate,<=1000bps,798.17,0.85,1,0,1.0,0,1.0,0,,False,no_upcoming,0.387643,price_history,,1,0.6236,price_history,,-0.07716,,70.0633,0.7805,-0.108271,0.031111,late,small,sev1,commercial_pharma,morningstar,,,,0,0.8279606664161342853563823124,74.18,41.25000000000000000000000000,55.5,44.85,77.000,21.16049382716049382716049383,75.4177,1.3419,3.0,355,10,1.0,0.0519,0,0,0.0,0.4,0.55,metabolic,0.6892,highly_crowded,1.0,41,0.1,0.860825,1.084,22.02,0.465636,-0.0862,1.99622,1.58865,0.0,0.0,0.40257,0.005,0.0
TARS,"Tarsus Pharmaceuticals, Inc.",102,0.78,B,mod_quality+catalyst_near,,,B,0.926117,0.75,1,,0,,1,1,specific_days,9,tailwind,,L,sponsor_confirmed|momentum_tailwind,catalyst_score:-20.1;smart_money_score:+17.4;momentum_score:-9.0,tier=;reason=;cat_days=1;strength=near;decay_w=1.0,v1.3.0,31f399e0,1,,0,,"{""burn_ttm"": 12451000.0, ""cash_total"": 417267000.0, ""dilution_risk"": null, ""has_revenue"": null, ""lead_phase"": null, ""runway_months"": 234.13466753951184, ""stage_bucket"": ""late"", ""surv_score"": ""0.0"", ""tier1_count"": 8}",late|near_0_30|pos,-1.6823529411764706e-05,57.009857,0.9987,0,1,1.1325,0.6543,8,8,buying,1.9082,elite_8,0.0,0.0,0.0,,,0.0,0,0,0,True,False,True,near,1.0,adequate,<=1000bps,462.33,0.85,1,0,1.0,0,1.0,0,1,True,specific_days,-0.049476,price_history,,8,0.8869,price_history,,-0.210097,,35.2561,0.4256,-0.108271,-0.101826,late,mid,none,commercial_biotech,morningstar,,,,0,0.9,56.68,45.56250000000000000000000000,83.0,38.66,71.55688622754491017964071856,71.42857142857142857142857143,72.0746,1.2004,3.0,,6,1.0,1.8965,2,2,0.0,0.4,0.55,ophthalmology,-0.4975,uncrowded,1.0,270,-1.6823529411764706e-05,0.073883,-1.4475,54.68,0.994845,2.5653,1.341569,0.98145,0.0,0.0,0.36012,-1e-06,0.0
REGN,"Regeneron Pharmaceuticals, Inc.",103,0.92,B,mod_quality+catalyst_near,,,B,0.919244,0.742308,1,,0,,16,1,specific_days,9,tailwind,overbought_rsi,L,sponsor_confirmed|momentum_tailwind,catalyst_score:-16.6;clinical_score:+9.9;smart_money_score:+7.0,tier=;reason=;cat_days=16;strength=near;decay_w=1.0,v1.3.0,31f399e0,1,,0,,"{""burn_ttm"": 0.0, ""cash_total"": 8605200000.0, ""dilution_risk"": null, ""has_revenue"": null, ""lead_phase"": null, ""runway_months"": null, ""stage_bucket"": ""late"", ""surv_score"": ""4.0"", ""tier1_count"": 4}",late|near_0_30|pos,-1.6823529411764706e-05,56.816254,0.9939,0,1,1.0096,0.5072,4,4,buying,0.3625,elite_4,0.0,0.0,0.0,,,0.0,0,0,0,True,False,True,near,1.0,adequate,<=400bps,128.53,1.0,0,0,1.0,0,1.0,0,16,True,specific_days,0.082572,price_history,,4,0.2968,price_history,,0.0,,73.8089,0.388,-0.108271,0.108271,late,large,none,commercial_biotech,morningstar,,,,0,0.9,58.41,42.41062400000000000000000000,66.0,52.89,68.86227544910179640718562874,59.16167664670658682634730539,70.3851,1.1289,3.0,38,330,1.0,6.0246,10,13,0.0047,0.6,0.95,oncology,0.6892,highly_crowded,1.0,268,-1.6823529411764706e-05,0.080756,-1.4,46.54,0.87457,1.1483,1.099469,0.7608,0.0,0.0,0.33867,-1e-06,0.0
RARE,Ultragenyx Pharmaceutical Inc.,104,0.12,C,low_quality+no_catalyst_data,,,C,0.314433,0.119231,1,,0,,,0,no_upcoming,9,headwind,high_vol,XS,sponsor_confirmed|momentum_headwind|runway_short|high_risk,financial_score:-32.6;clinical_score:+23.7;smart_money_score:+9.5,tier=;reason=;cat_days=NA;strength=missing;decay_w=0.0,v1.3.0,31f399e0,1,,0,,"{""burn_ttm"": 466000000.0, ""cash_total"": 421000000.0, ""dilution_risk"": null, ""has_revenue"": null, ""lead_phase"": null, ""runway_months"": 10.841201716738198, ""stage_bucket"": ""late"", ""surv_score"": ""-1.0"", ""tier1_count"": 5}",late|none|pos,0.1,30.357224,0.9766,0,1,0.7966,0.9251,5,5,selling,0.7489,elite_5,0.0,0.0,0.0,,,0.0,0,0,0,True,False,True,missing,0.0,short,<=1000bps,402.93,0.85,1,0,1.0,0,1.0,0,,False,no_upcoming,-0.135122,price_history,,5,0.9545,price_history,,-0.272676,,41.1406,1.2539,-0.108271,-0.164405,late,mid,sev2,commercial_biotech,morningstar,,,,0,0.8980125498264112125498264112,39.27,41.25000000000000000000000000,50.0,54.12,64.19161676646706586826347305,7.913832199546485260770975050,64.0965,0.8628,3.0,196,57,1.0,0.3882,0,0,0.0,0.8,0.75,rare_disease,-0.4975,uncrowded,1.0,92,0.1,0.685567,0.4833,14.03,0.176976,-0.927,1.65149,1.38765,0.0,0.0,0.25884,0.005,0.0
SUPN,"Supernus Pharmaceuticals, Inc.",105,0.47,C,low_quality,,,C,0.92268,0.026923,1,,0,,17,1,specific_days,9,headwind,,M,sponsor_confirmed|momentum_headwind,clinical_score:+26.3;financial_score:-20.2;momentum_score:-10.1,tier=;reason=;cat_days=17;strength=near;decay_w=1.0,v1.3.0,31f399e0,1,,0,,"{""burn_ttm"": 0.0, ""cash_total"": 151371000.0, ""dilution_risk"": null, ""has_revenue"": null, ""lead_phase"": null, ""runway_months"": null, ""stage_bucket"": ""late"", ""surv_score"": ""1.0"", ""tier1_count"": 2}",late|near_0_30|pos,-1.6823529411764706e-05,24.484439,1.0017,0,1,0.8943,0.8749,2,2,neutral,-0.4103,elite_2,0.0,0.0,0.0,,,0.0,0,0,0,True,False,True,near,1.0,adequate,<=1000bps,505.15,0.85,1,0,1.0,0,1.0,0,17,True,specific_days,-0.231922,price_history,,2,0.6405,price_history,,-0.261018,,35.283,0.4534,-0.108271,-0.152747,late,mid,none,commercial_pharma,morningstar,,,,0,0.9,36.36,41.95437511111111111111111111,55.0,15.33,72.81437125748502994011976048,26.32653061224489795918367346,72.982,1.2388,3.0,82,39,1.0,4.4062,5,6,0.0,0.4,0.6,cns,0.6892,highly_crowded,1.0,269,-1.6823529411764706e-05,0.07732,-1.4233,37.13,0.713058,0.5623,1.683989,1.31235,0.0,0.0,0.37164,-1e-06,0.0
GILD,"Gilead Sciences, Inc.",106,0.92,C,low_quality,,,C,0.159794,0.373077,1,,0,,597,0,specific_days,9,headwind,,L,catalyst_far_lift|sponsor_confirmed|momentum_headwind,clinical_score:+15.7;momentum_score:-10.2;catalyst_score:-6.9,tier=;reason=;cat_days=597;strength=far;decay_w=0.3,v1.3.0,31f399e0,1,,0,,"{""burn_ttm"": 0.0, ""cash_total"": 68000000.0, ""dilution_risk"": null, ""has_revenue"": null, ""lead_phase"": null, ""runway_months"": null, ""stage_bucket"": ""late"", ""surv_score"": ""1.0"", ""tier1_count"": 2}",late|far_271_540|pos,0.1,43.579599,0.9932,0,1,0.6931,0.6694,2,2,buying,-0.4103,elite_2,0.0,0.0,0.0,,,0.0,0,0,0,True,False,True,far,0.3,adequate,<=400bps,101.32,1.0,0,0,1.0,0,1.0,0,597,False,specific_days,-0.102572,price_history,,2,0.2014,price_history,,-0.2378,,52.7593,0.2352,-0.108271,-0.129529,late,large,none,commercial_pharma,morningstar,,,,0,0.8434765813616610333172380493,42.27,45.56250000000000000000000000,58.0,38.37,68.14371257485029940119760479,48.21355293405205556949972311,69.8458,1.1061,3.0,3,566,1.0,5.7098,11,14,0.0013,0.8,0.95,oncology,-0.4975,uncrowded,1.0,47,0.1,0.840206,0.9953,33.32,0.661512,0.4166,1.34093,1.0041,0.0,0.0,0.33183,0.005,0.0
JAZZ,Jazz Pharmaceuticals plc,107,0.55,B,mod_quality+catalyst_near,,,B,0.953608,0.803846,1,,0,,79,0,specific_days,9,headwind,,M,sponsor_confirmed|momentum_headwind,smart_money_score:+15.3;catalyst_score:-13.1;momentum_score:-12.9,tier=;reason=;cat_days=79;strength=near;decay_w=1.0,v1.3.0,31f399e0,1,,0,,"{""burn_ttm"": 0.0, ""cash_total"": 1391899000.0, ""dilution_risk"": null, ""has_revenue"": null, ""lead_phase"": null, ""runway_months"": null, ""stage_bucket"": ""late"", ""surv_score"": ""1.0"", ""tier1_count"": 6}",late|near_31_90|pos,-0.004878730769230769,61.797491,0.9854,0,1,0.8949,0.3699,6,6,buying,1.1353,elite_6,0.0,0.0,0.0,,,0.0,0,0,0,True,False,True,near,1.0,adequate,<=400bps,227.35,1.0,0,0,1.0,0,1.0,0,79,False,specific_days,-0.084657,price_history,,6,0.2942,price_history,,-0.222972,,59.6933,0.4687,-0.108271,-0.114701,late,large,none,commercial_biotech,morningstar,,,,0,0.9,45.79,45.56250000000000000000000000,74.0,71.10,66.34730538922155688622754491,61.67664670658682634730538922,67.6342,1.0125,3.0,45,183,1.0,4.3967,5,7,0.0,0.6,0.95,oncology,0.6892,highly_crowded,1.0,278,-0.004878730769230769,0.046392,-1.6809,45.81,0.860825,1.084,0.858356,0.55485,0.0,0.0,0.30375,-0.000244,0.0
INSM,Insmed Incorporated,108,0.92,C,low_quality+no_catalyst_data,,,C,0.201031,0.288462,1,,0,,,0,no_upcoming,9,tailwind,overbought_rsi,L,sponsor_confirmed|momentum_tailwind,momentum_score:+33.9;financial_score:-23.9;catalyst_score:-21.4,tier=;reason=;cat_days=NA;strength=missing;decay_w=0.0,v1.3.0,31f399e0,1,,0,,"{""burn_ttm"": 935014000.0, ""cash_total"": 1430047000.0, ""dilution_risk"": null, ""has_revenue"": null, ""lead_phase"": null, ""runway_months"": 16.84374990798079, ""stage_bucket"": ""late"", ""surv_score"": ""-1.0"", ""tier1_count"": 14}",late|none|pos,0.1,40.229875,0.7371,0,1,0.5836,0.7088,14,14,buying,4.2267,elite_14,0.0,0.0,0.0,,,0.0,0,0,0,True,False,True,missing,0.0,adequate,<=400bps,156.57,1.0,0,0,1.0,0,1.0,0,,False,no_upcoming,1.433974,price_history,,14,0.8137,price_history,,0.0,,85.6566,0.5709,-0.108271,0.108271,late,large,none,commercial_biotech,morningstar,,,,0,0.8953065198564889273784485958,96.55,41.25000000000000000000000000,77.0,10.00,59.52095808383233532934131737,38.71083382137919769243947235,58.4363,0.6233,3.0,136,22,1.0,0.6188,0,1,0.0,0.4,0.55,infectious_disease,0.6892,highly_crowded,1.0,59,0.1,0.798969,0.8379,37.92,0.719931,0.5826,1.25519,1.0632,0.0,0.0,0.18699,0.005,0.0
UTHR,United Therapeutics Corporation,109,0.92,B,high_quality+catalyst_far,,,B,0.396907,0.880769,1,,0,,382,0,specific_days,9,tailwind,overbought_rsi,L,catalyst_far_lift|sponsor_confirmed|momentum_tailwind,catalyst_score:-17.5;smart_money_score:+14.0;momentum_score:+3.4,tier=;reason=;cat_days=382;strength=far;decay_w=0.3,v1.3.0,31f399e0,1,,0,,"{""burn_ttm"": 0.0, ""cash_total"": 2920300000.0, ""dilution_risk"": null, ""has_revenue"": null, ""lead_phase"": null, ""runway_months"": null, ""stage_bucket"": ""late"", ""surv_score"": ""3.0"", ""tier1_count"": 7}",late|far_271_540|pos,0.1,66.792344,0.9758,0,1,0.5074,0.2571,7,7,buying,1.5218,elite_7,0.0,0.0,0.0,,,0.0,0,0,0,True,False,True,far,0.3,adequate,<=400bps,229.51,1.0,0,0,1.0,0,1.0,0,382,False,specific_days,0.228662,price_history,,7,0.3302,price_history,,0.0,,74.1342,0.2791,-0.108271,0.108271,late,large,none,commercial_pharma,morningstar,,,,0,0.9,66.40,45.56250000000000000000000000,77.0,72.67,63.83233532934131736526946108,62.39520958083832335329341317,64.4528,0.8779,3.0,381,87,1.0,0.691,1,1,0.0,0.5,0.95,oncology,0.6892,highly_crowded,1.0,116,0.1,0.603093,0.2614,47.25,0.895189,1.2546,0.65402,0.38565,0.0,0.0,0.26337,0.005,0.0
SRPT,"Sarepta Therapeutics, Inc.",110,0.78,B,high_quality+no_catalyst_data,,,B,0.359107,0.973077,1,,0,,,0,no_upcoming,9,tailwind,,L,sponsor_confirmed|momentum_tailwind,catalyst_score:-18.9;financial_score:+16.7;momentum_score:-5.4,tier=;reason=;cat_days=NA;strength=missing;decay_w=0.0,v1.3.0,31f399e0,1,,0,,"{""burn_ttm"": 336685000.0, ""cash_total"": 850993000.0, ""dilution_risk"": null, ""has_revenue"": null, ""lead_phase"": null, ""runway_months"": 28.848768719225042, ""stage_bucket"": ""late"", ""surv_score"": ""0.0"", ""tier1_count"": 3}",late|none|pos,0.1,77.05175,0.9706,0,1,0.7393,0.1835,3,3,neutral,-0.0239,elite_3,0.0,0.0,0.0,,,0.0,0,0,0,True,False,True,missing,0.0,adequate,<=1000bps,463.86,0.85,1,0,1.0,0,1.0,0,,False,no_upcoming,-0.018112,price_history,,3,0.2117,price_history,,-0.132057,,48.1222,1.0694,-0.108271,-0.023786,late,small,none,commercial_biotech,morningstar,,,,0,0.8614266186156331552131229029,54.79,41.25000000000000000000000000,65.0,90.00,62.93413173652694610778443114,76.87500000000000000000000000,63.3243,0.8301,3.0,133,23,1.0,1.2862,0,2,0.0,0.8,0.75,rare_disease,0.6892,highly_crowded,1.0,105,0.1,0.640893,0.3608,38.42,0.726804,0.6032,0.52928,0.27525,0.0,0.0,0.24903,0.005,0.0
KNSA,"Kiniksa Pharmaceuticals, Ltd.",111,0.78,C,mod_quality+no_catalyst_data,,,C,0.221649,0.680769,1,,0,,,0,no_upcoming,9,neutral,,L,sponsor_confirmed,catalyst_score:-13.6;financial_score:+8.0;momentum_score:-6.6,tier=;reason=;cat_days=NA;strength=missing;decay_w=0.0,v1.3.0,31f399e0,1,,0,,"{""burn_ttm"": 0.0, ""cash_total"": 414074000.0, ""dilution_risk"": null, ""has_revenue"": null, ""lead_phase"": null, ""runway_months"": null, ""stage_bucket"": ""late"", ""surv_score"": ""3.0"", ""tier1_count"": 2}",late|none|pos,0.1,54.499214,0.7419,0,1,0.3836,0.3532,2,2,buying,-0.4103,elite_2,0.0,0.0,0.0,,,0.0,0,0,0,True,False,True,missing,0.0,adequate,<=1000bps,643.76,0.85,1,0,1.0,0,1.0,0,,False,no_upcoming,-0.025591,price_history,,2,0.7108,price_history,,-0.136615,,44.7446,0.3477,-0.108271,-0.028344,late,mid,none,commercial_pharma,morningstar,,,,0,0.8893374043062200956937799043,48.24,41.25000000000000000000000000,61.0,47.33,60.95808383233532934131736527,62.85714285714285714285714286,59.7258,0.6779,3.0,,9,1.0,0.0,0,0,0.0,0.4,0.6,autoimmune,-0.4975,uncrowded,1.0,65,0.1,0.778351,0.7666,49.19,0.939863,1.5536,0.73817,0.5298,0.0,0.0,0.20337,0.005,0.0
ARQT,"Arcutis Biotherapeutics, Inc.",112,0.78,C,low_quality+no_catalyst_data,,,C,0.06701,0.326923,1,,0,,,0,no_upcoming,9,tailwind,,L,sponsor_confirmed|momentum_tailwind,momentum_score:+26.4;financial_score:-21.8;catalyst_score:-15.1,tier=;reason=;cat_days=NA;strength=missing;decay_w=0.0,v1.3.0,31f399e0,1,,0,,"{""burn_ttm"": 5625000.0, ""cash_total"": 42907000.0, ""dilution_risk"": null, ""has_revenue"": null, ""lead_phase"": null, ""runway_months"": 89.4016, ""stage_bucket"": ""late"", ""surv_score"": ""-2.0"", ""tier1_count"": 4}",late|none|pos,0.1,41.653796,0.7349,0,1,0.4853,0.609,4,4,buying,0.3625,elite_4,0.0,0.0,0.0,,,0.0,0,0,0,True,False,True,missing,0.0,adequate,<=1000bps,482.23,0.85,1,0,1.0,0,1.0,0,,False,no_upcoming,-0.152248,price_history,,4,1.3584,price_history,,-0.311253,,51.4517,0.727,-0.108271,-0.202982,late,mid,none,commercial_biotech,morningstar,,,,0,0.8793965971722981068775461299,82.76,41.25000000000000000000000000,66.0,27.32,57.36526946107784431137724551,34.53287981859410430839002268,55.5021,0.4991,3.0,,7,1.0,0.0,0,0,0.0,0.3,0.5,dermatology,0.6892,highly_crowded,1.0,20,0.1,0.93299,1.4984,31.18,0.623711,0.3152,1.06823,0.9135,0.0,0.0,0.14973,0.005,0.0
GERN,Geron Corporation,113,0.78,C,low_quality+no_catalyst_data,,,C,0.152921,0.542308,1,,0,,,0,no_upcoming,9,tailwind,,L,sponsor_confirmed|momentum_tailwind|runway_short,financial_score:-42.2;momentum_score:+39.7;catalyst_score:-7.8,tier=;reason=;cat_days=NA;strength=missing;decay_w=0.0,v1.3.0,31f399e0,1,,0,,"{""burn_ttm"": 88970000.0, ""cash_total"": 78117000.0, ""dilution_risk"": null, ""has_revenue"": null, ""lead_phase"": null, ""runway_months"": 10.53618073507924, ""stage_bucket"": ""late"", ""surv_score"": ""-2.0"", ""tier1_count"": 2}",late|none|pos,0.1,47.609003,0.7256,0,1,0.3379,0.4593,2,2,selling,-0.4103,elite_2,0.0,0.0,0.0,,,0.0,0,0,0,True,False,True,missing,0.0,short,<=1000bps,710.6,0.85,1,0,1.0,0,1.0,0,,False,no_upcoming,0.446415,price_history,,2,0.8572,price_history,,-0.043222,,69.6235,0.5659,-0.108271,0.065049,late,small,sev2,commercial_biotech,morningstar,,,,0,0.8500595354808590102707749767,88.76,41.25000000000000000000000000,54.5,76.49,54.13173652694610778443113772,6.856674382716049382716049381,53.3172,0.4067,3.0,1477,16,1.0,0.0208,0,0,0.0,0.4,0.95,oncology,0.2145,moderate,1.0,45,0.1,0.847079,1.024,7.18,0.042955,-1.7174,0.81596,0.68895,0.0,0.0,0.12201,0.005,0.0
ADMA,ADMA Biologics Inc,114,0.78,C,low_quality+no_catalyst_data,,,C,0.025773,0.142308,1,,0,,,0,no_upcoming,9,tailwind,overbought_rsi,L,sponsor_confirmed|momentum_tailwind,momentum_score:+43.8;financial_score:-35.7;catalyst_score:-10.9,tier=;reason=;cat_days=NA;strength=missing;decay_w=0.0,v1.3.0,31f399e0,1,,0,,"{""burn_ttm"": 0.0, ""cash_total"": 87630000.0, ""dilution_risk"": null, ""has_revenue"": null, ""lead_phase"": null, ""runway_months"": null, ""stage_bucket"": ""late"", ""surv_score"": ""-1.0"", ""tier1_count"": 2}",late|none|pos,0.1,31.965117,-0.3327,,0,0.5181,0.6423,2,2,selling,-0.4103,elite_2,0.0,0.0,0.0,,,0.0,0,0,0,True,False,True,missing,0.0,adequate,<=1000bps,517.31,0.85,1,0,1.0,0,1.0,0,,False,no_upcoming,0.696726,price_history,,2,0.412,price_history,,-0.013915,,78.9167,0.4754,-0.108271,0.094356,late,mid,none,commercial_biotech,morningstar,,,,0,0.9,95.90,41.25000000000000000000000000,49.0,15.33,58.08383233532934131736526946,16.48803739182747929103614235,57.2707,0.574,3.0,,7,1.0,0.0,0,0,0.0,0.5,0.55,infectious_disease,-0.4975,uncrowded,1.0,8,0.1,0.974227,1.9469,25.80,0.534364,0.0862,1.14065,0.96345,0.0,0.0,0.1722,0.005,0.0
MRNA,"Moderna, Inc.",115,0.92,C,low_quality,,,C,0.912371,0.503846,1,,0,,17,1,specific_days,9,tailwind,,L,sponsor_confirmed|momentum_tailwind,momentum_score:+23.9;financial_score:-21.5;catalyst_score:-9.5,tier=;reason=;cat_days=17;strength=near;decay_w=1.0,v1.3.0,31f399e0,1,,0,,"{""burn_ttm"": 1873000000.0, ""cash_total"": 2595000000.0, ""dilution_risk"": null, ""has_revenue"": null, ""lead_phase"": null, ""runway_months"": 16.625734116390817, ""stage_bucket"": ""late"", ""surv_score"": ""2.0"", ""tier1_count"": 3}",late|near_0_30|pos,-1.6823529411764706e-05,47.053835,0.7245,0,1,0.2887,0.4094,3,3,selling,-0.0239,elite_3,0.0,0.0,0.0,,,0.0,0,0,0,True,False,True,near,1.0,adequate,<=400bps,132.16,1.0,0,0,1.0,0,1.0,0,17,True,specific_days,0.39572,price_history,,3,1.0398,price_history,,-0.159534,,48.4716,0.6347,-0.108271,-0.051263,late,large,sev1,commercial_biotech,morningstar,,,,0,0.8803362629060690002518257366,75.33,41.95437511111111111111111111,57.0,52.94,53.05389221556886227544910179,29.90852227680367807299572511,53.9216,0.4323,3.0,0,64,1.0,4.2354,6,5,0.0,0.4,0.95,oncology,0.6892,highly_crowded,1.0,266,-1.6823529411764706e-05,0.087629,-1.3555,26.77,0.561856,0.1557,0.743789,0.6141,0.0,0.0,0.12969,-1e-06,0.0
HROW,"Harrow, Inc.",116,0.78,C,low_quality+no_catalyst_data,,,C,0.176976,0.15,1,,0,,,0,no_upcoming,9,tailwind,,L,momentum_tailwind,momentum_score:+33.9;financial_score:-33.7;catalyst_score:-12.7,tier=;reason=;cat_days=NA;strength=missing;decay_w=0.0,v1.3.0,31f399e0,1,,0,,"{""burn_ttm"": 0.0, ""cash_total"": 74290000.0, ""dilution_risk"": null, ""has_revenue"": null, ""lead_phase"": null, ""runway_months"": null, ""stage_bucket"": ""late"", ""surv_score"": ""-1.0"", ""tier1_count"": 1}",late|none|pos,0.1,32.080066,-0.3088,,0,0.5538,0.5271,1,1,buying,-0.7967,elite_1,0.0,0.0,0.0,,,0.0,0,0,0,True,False,True,missing,0.0,adequate,<=1000bps,581.17,0.85,1,0,1.0,0,1.0,0,,False,no_upcoming,0.733302,price_history,,1,0.7012,price_history,,-0.186141,,64.5633,0.6339,-0.108271,-0.07787,late,mid,none,commercial_pharma,morningstar,,,,0,0.8677500325478453326389792996,87.87,41.25000000000000000000000000,55.5,15.33,64.91017964071856287425149701,20.31236984589754269054560599,63.047,0.8184,0.0,,3,0.0,0.0,0,0,0.0,0.0,0.55,infectious_disease,0.6892,highly_crowded,1.0,52,0.1,0.823024,0.927,23.42,0.496564,-0.0086,1.04117,0.79065,0.0,0.0,0.24552,0.005,0.0
INCY,Incyte Corporation,117,0.92,B,mod_quality+catalyst_near,,,B,0.950172,0.688462,1,,0,,78,0,specific_days,9,neutral,overbought_rsi,L,sponsor_confirmed,catalyst_score:-12.3;financial_score:+9.5;clinical_score:+4.5,tier=;reason=;cat_days=78;strength=near;decay_w=1.0,v1.3.0,31f399e0,1,,0,,"{""burn_ttm"": 0.0, ""cash_total"": 3097817000.0, ""dilution_risk"": null, ""has_revenue"": null, ""lead_phase"": null, ""runway_months"": null, ""stage_bucket"": ""late"", ""surv_score"": ""5.0"", ""tier1_count"": 3}",late|near_31_90|pos,-0.004878730769230769,54.721317,0.9688,0,1,0.7147,0.1541,3,3,buying,-0.0239,elite_3,0.0,0.0,0.0,,,0.0,0,0,0,True,False,True,near,1.0,adequate,<=400bps,225.9,1.0,0,0,1.0,0,1.0,0,78,False,specific_days,0.08418,price_history,,3,0.4948,price_history,,-0.067277,,73.9581,0.3319,-0.108271,0.040994,late,large,none,commercial_biotech,morningstar,,,,0,0.9,53.58,45.56250000000000000000000000,60.5,39.04,62.39520958083832335329341317,67.42514970059880239520958084,64.1576,0.8654,3.0,31,268,1.0,5.4618,17,16,0.0025,0.7,0.95,oncology,-0.4975,uncrowded,1.0,277,-0.004878730769230769,0.049828,-1.6465,51.14,0.967354,1.8433,0.490526,0.23115,0.0,0.0,0.25962,-0.000244,0.0
HRMY,"Harmony Biosciences Holdings, I",118,0.47,B,high_quality+no_catalyst_data,,,B,0.510309,0.957692,1,,0,,,0,no_upcoming,9,headwind,,M,sponsor_confirmed|momentum_headwind,financial_score:+22.1;catalyst_score:-13.3;momentum_score:-11.3,tier=;reason=;cat_days=NA;strength=missing;decay_w=0.0,v1.3.0,31f399e0,1,,0,,"{""burn_ttm"": 0.0, ""cash_total"": 775340000.0, ""dilution_risk"": null, ""has_revenue"": null, ""lead_phase"": null, ""runway_months"": null, ""stage_bucket"": ""late"", ""surv_score"": ""2.0"", ""tier1_count"": 3}",late|none|nonpos,0.08147540126382306,74.64,0.9508,0,1,0.4689,-0.1402,3,3,selling,-0.0239,elite_3,0.0,0.0,0.0,,,0.0,0,0,0,True,False,True,missing,0.0,adequate,<=1000bps,643.37,0.85,1,0,1.0,0,1.0,0,,False,no_upcoming,-0.119598,price_history,,3,0.4737,price_history,,-0.255701,,42.9229,0.3158,-0.108271,-0.14743,late,small,none,commercial_biotech,morningstar,,,,0,0.9,43.20,41.25000000000000000000000000,54.5,90.00,57.00598802395209580838323353,76.66666666666666666666666666,56.3648,0.5356,3.0,474,7,1.0,0.3533,0,1,0.0,0.6,0.6,autoimmune,-0.4975,uncrowded,1.0,149,0.08147540126382306,0.489691,-0.0258,50.05,0.950172,1.6465,0.164754,0.0,0.0,0.0,0.16068,0.004074,0.0
ANIP,"ANI Pharmaceuticals, Inc.",119,0.78,C,mod_quality+no_catalyst_data,,,C,0.056701,0.757692,1,,0,,,0,no_upcoming,9,neutral,,L,sponsor_confirmed,catalyst_score:-10.1;smart_money_score:+6.7;clinical_score:+3.9,tier=;reason=;cat_days=NA;strength=missing;decay_w=0.0,v1.3.0,31f399e0,1,,0,,"{""burn_ttm"": 0.0, ""cash_total"": 262610000.0, ""dilution_risk"": null, ""has_revenue"": null, ""lead_phase"": null, ""runway_months"": null, ""stage_bucket"": ""late"", ""surv_score"": ""1.0"", ""tier1_count"": 2}",late|none|pos,0.1,57.625,-0.3395,747,1,0.1359,0.1002,2,2,buying,-0.4103,elite_2,0.0,0.0,0.0,,,0.0,0,0,0,True,False,True,missing,0.0,adequate,<=1000bps,562.25,0.85,1,0,1.0,0,1.0,0,,False,no_upcoming,-0.072514,price_history,,2,0.2446,price_history,,-0.101449,,42.7276,0.3545,-0.108271,0.006822,late,small,none,commercial_pharma,morningstar,,,,0,0.9,51.25,41.25000000000000000000000000,58.0,70.00,55.20958083832335329341317365,50.83333333333333333333333333,53.6964,0.4227,3.0,747,9,1.0,0.003,0,0,0.0,0.3,0.55,ophthalmology,-0.4975,uncrowded,1.0,17,0.1,0.943299,1.5831,42.98,0.819588,0.9138,0.28211,0.1503,0.0,0.0,0.12681,0.005,0.0
PTCT,"PTC Therapeutics, Inc.",120,0.92,B,high_quality+no_catalyst_data,,,B,0.568729,0.980769,1,,0,,,0,no_upcoming,9,tailwind,,L,sponsor_confirmed|momentum_tailwind,catalyst_score:-18.2;clinical_score:-18.2;financial_score:+17.5,tier=;reason=;cat_days=NA;strength=missing;decay_w=0.0,v1.3.0,31f399e0,1,,0,,"{""burn_ttm"": 0.0, ""cash_total"": 1945371000.0, ""dilution_risk"": null, ""has_revenue"": null, ""lead_phase"": null, ""runway_months"": null, ""stage_bucket"": ""late"", ""surv_score"": ""3.0"", ""tier1_count"": 5}",late|none|nonpos,0.08147540126382306,77.0795,0.7084,0,1,-0.2488,-0.9996,5,5,buying,0.7489,elite_5,0.0,0.0,0.0,,,0.0,0,0,0,True,False,True,missing,0.0,adequate,<=400bps,343.08,1.0,0,0,1.0,0,1.0,0,,False,no_upcoming,0.264655,price_history,,5,1.4279,price_history,,-0.176592,,51.146,0.3495,-0.108271,-0.068321,late,mid,none,commercial_biotech,morningstar,,,,0,0.8992316505549588256355173648,66.32,41.25000000000000000000000000,71.5,83.33,41.26696706387623953689427532,77.000,42.6655,-0.044,3.0,76,40,1.0,2.2894,2,3,0.0137,0.4,0.95,oncology,0.2145,moderate,1.0,166,0.08147540126382306,0.431271,-0.1731,38.66,0.733677,0.624,0.004074,0.0,0.0,0.0,0.0,0.004074,0.0
KROS,"Keros Therapeutics, Inc.",121,0.39,B,high_quality+catalyst_far,,,B,0.87457,0.942308,1,,0,,441,0,specific_days,9,headwind,,M,catalyst_far_lift|sponsor_confirmed|momentum_headwind|cost_haircut_<=2000bps,clinical_score:-35.7;financial_score:+24.1;smart_money_score:+17.3,tier=;reason=;cat_days=441;strength=far;decay_w=0.3,v1.3.0,31f399e0,1,,0,,"{""burn_ttm"": 0.0, ""cash_total"": 693472000.0, ""dilution_risk"": null, ""has_revenue"": null, ""lead_phase"": null, ""runway_months"": null, ""stage_bucket"": ""mid"", ""surv_score"": ""5.0"", ""tier1_count"": 4}",mid|far_271_540|nonpos,0.006610716417910448,73.51,-1.1009,264,1,-1.5359,-2.5409,4,4,buying,0.3625,elite_4,0.0,0.0,0.0,,,0.0,0,0,0,True,False,True,far,0.3,adequate,<=2000bps,1232.31,0.7,1,0,1.0,0,1.0,0,441,False,specific_days,-0.227737,price_history,,4,0.952,price_history,,-0.29966,,43.2613,0.4961,-0.108271,-0.191389,mid,small,none,commercial_biotech,morningstar,,,,0,0.8214679515912147019273868221,46.25,45.56250000000000000000000000,66.0,90.00,13.04132231404958677685950413,72.80000000000000000000000000,11.809,-1.3498,2.0,264,2,0.3333,0.1362,0,0,0.0,0.4,0.5,respiratory,-0.4975,uncrowded,1.0,255,0.006610716417910448,0.12543,-1.1483,22.85,0.486254,-0.0345,0.000331,0.0,0.0,0.0,0.0,0.000331,0.0
ANAB,"AnaptysBio, Inc.",122,0.78,C,low_quality+no_catalyst_data,,,C,0.053265,0.103846,1,,0,,,0,no_upcoming,9,neutral,,L,sponsor_confirmed,financial_score:-35.6;smart_money_score:+24.6;clinical_score:+11.3,tier=;reason=;cat_days=NA;strength=missing;decay_w=0.0,v1.3.0,31f399e0,1,,0,,"{""burn_ttm"": 78300000.0, ""cash_total"": 109833000.0, ""dilution_risk"": null, ""has_revenue"": null, ""lead_phase"": null, ""runway_months"": 16.83264367816092, ""stage_bucket"": ""mid"", ""surv_score"": ""2.0"", ""tier1_count"": 5}",mid|none|pos,0.1,29.13202,0.1869,0,1,0.5226,0.6468,5,5,buying,0.7489,elite_5,0.0,0.0,0.0,,,0.0,0,0,0,True,False,True,missing,0.0,adequate,<=1000bps,634.48,0.85,1,0,1.0,0,1.0,0,,False,no_upcoming,0.037692,price_history,,5,1.25,price_history,,-0.105719,,48.8348,0.5912,-0.108271,0.002552,mid,small,sev1,commercial_biotech,morningstar,,,,0,0.8316715246636771300448430493,52.34,41.25000000000000000000000000,71.5,38.75,58.18181818181818181818181818,11.33671111111111111111111111,57.0881,0.5662,2.0,124,9,1.0,0.6114,0,2,0.0,0.4,0.5,dermatology,0.6892,highly_crowded,1.0,16,0.1,0.946735,1.614,28.70,0.599656,0.2525,0.82166,0.6468,0.0,0.0,0.16986,0.005,0.0
MDGL,"Madrigal Pharmaceuticals, Inc.",123,0.92,C,low_quality,,,C,0.252577,0.042308,1,,0,,1296,0,specific_days,9,tailwind,,L,catalyst_far_lift|sponsor_confirmed|momentum_tailwind,financial_score:-38.3;smart_money_score:+27.2;momentum_score:+10.6,tier=;reason=;cat_days=1296;strength=far;decay_w=0.3,v1.3.0,31f399e0,1,,0,,"{""burn_ttm"": 189553000.0, ""cash_total"": 198693000.0, ""dilution_risk"": null, ""has_revenue"": null, ""lead_phase"": null, ""runway_months"": 12.363577910292975, ""stage_bucket"": ""late"", ""surv_score"": ""-3.0"", ""tier1_count"": 6}",late|far_271_540|pos,0.1,26.491541,0.7278,0,1,0.3624,0.4842,6,6,buying,1.1353,elite_6,0.0,0.0,0.0,,,0.0,0,0,0,True,False,True,far,0.3,adequate,<=400bps,264.79,1.0,0,0,1.0,0,1.0,0,1296,False,specific_days,0.106129,price_history,,6,0.9575,price_history,,-0.049317,,66.5422,0.4350,-0.108271,0.058954,late,mid,sev1,commercial_biotech,morningstar,,,,0,0.8947121788772597526165556613,60.44,45.56250000000000000000000000,77.0,26.29,54.67065868263473053892215569,11.56009070294784580498866213,53.0883,0.397,3.0,625,4,1.0,0.1233,0,0,0.0,0.4,0.55,metabolic,0.6892,highly_crowded,1.0,74,0.1,0.747423,0.6664,25.61,0.530928,0.0776,0.8504,0.7263,0.0,0.0,0.1191,0.005,0.0
MIRM,"Mirum Pharmaceuticals, Inc.",124,0.92,C,low_quality+no_catalyst_data,,,C,0.25945,0.242308,1,,0,,,0,no_upcoming,9,neutral,,L,sponsor_confirmed,smart_money_score:+14.4;catalyst_score:-10.9;momentum_score:-5.2,tier=;reason=;cat_days=NA;strength=missing;decay_w=0.0,v1.3.0,31f399e0,1,,0,,"{""burn_ttm"": 0.0, ""cash_total"": 383327000.0, ""dilution_risk"": null, ""has_revenue"": null, ""lead_phase"": null, ""runway_months"": null, ""stage_bucket"": ""late"", ""surv_score"": ""3.0"", ""tier1_count"": 3}",late|none|pos,0.1,39.178071,0.7212,0,1,0.2232,0.3428,3,3,buying,-0.0239,elite_3,0.0,0.0,0.0,,,0.0,0,0,0,True,False,True,missing,0.0,adequate,<=400bps,372.43,1.0,0,0,1.0,0,1.0,0,,False,no_upcoming,-0.009823,price_history,,3,0.8322,price_history,,-0.257944,,52.8541,0.4303,-0.108271,-0.149673,late,mid,none,commercial_biotech,morningstar,,,,0,0.8998543564001434205808533525,46.92,41.25000000000000000000000000,66.5,15.33,51.61676646706586826347305389,54.28571428571428571428571428,51.7924,0.3422,3.0,186,17,1.0,0.8304,1,1,0.0,0.4,0.75,rare_disease,0.6892,highly_crowded,1.0,76,0.1,0.74055,0.645,37.54,0.716495,0.5725,0.62186,0.5142,0.0,0.0,0.10266,0.005,0.0
CRMD,CorMedix Inc.,125,0.78,C,mod_quality+no_catalyst_data,,,C,0.482818,0.834615,1,,0,,,0,no_upcoming,9,tailwind,,L,sponsor_confirmed|momentum_tailwind,clinical_score:-32.0;momentum_score:+19.2;smart_money_score:+16.1,tier=;reason=;cat_days=NA;strength=missing;decay_w=0.0,v1.3.0,31f399e0,1,,0,,"{""burn_ttm"": 0.0, ""cash_total"": 55716811.0, ""dilution_risk"": null, ""has_revenue"": null, ""lead_phase"": null, ""runway_months"": null, ""stage_bucket"": ""late"", ""surv_score"": ""1.0"", ""tier1_count"": 2}",late|none|nonpos,0.08147540126382306,63.670222,0.6571,0,1,-1.5429,-1.4507,2,2,buying,-0.4103,elite_2,0.0,0.0,0.0,,,0.0,0,0,0,True,False,True,missing,0.0,adequate,<=1000bps,707.46,0.85,1,0,1.0,0,1.0,0,,False,no_upcoming,0.274525,price_history,,2,0.9047,price_history,,-0.261346,,32.8113,0.8522,-0.108271,-0.153075,late,small,none,commercial_biotech,morningstar,,,,0,0.7657334589121732987991523428,64.10,41.25000000000000000000000000,61.0,87.33,12.88731917402719511077645109,45.07716049382716049382716049,11.655,-1.3563,3.0,,3,0.6667,0.0,0,0,0.0,0.4,0.55,infectious_disease,-2.159,uncrowded,1.0,141,0.08147540126382306,0.517182,0.0431,18.20,0.359107,-0.3608,0.004074,0.0,0.0,0.0,0.0,0.004074,0.0
PCRX,"Pacira BioSciences, Inc.",126,0.23,C,mod_quality+no_catalyst_data,,,C,0.809278,0.811538,1,,0,,,0,no_upcoming,9,headwind,,S,momentum_headwind,clinical_score:-22.4;financial_score:+17.9;momentum_score:+3.3,tier=;reason=;cat_days=NA;strength=missing;decay_w=0.0,v1.3.0,31f399e0,1,,0,,"{""burn_ttm"": 0.0, ""cash_total"": 246334000.0, ""dilution_risk"": null, ""has_revenue"": null, ""lead_phase"": null, ""runway_months"": null, ""stage_bucket"": ""early"", ""surv_score"": ""-1.0"", ""tier1_count"": 0}",early|none|nonpos,0.050550596214511044,63.488,-1.9101,,0,-1.4791,-1.5495,0,0,neutral,-1.1831,,0.0,0.0,0.0,,,0.0,0,0,0,True,False,True,missing,0.0,adequate,<=1000bps,713.74,0.85,1,0,1.0,0,1.0,0,,False,no_upcoming,-0.047366,price_history,,0,0.4351,price_history,,-0.315405,,41.2603,0.3370,-0.108271,-0.207134,early,small,sev1,commercial_pharma,morningstar,,,,0,0.7292754808755250939641830643,43.44,41.25000000000000000000000000,,82.00,17.71757983879196000408121621,58.00000000000000000000000000,16.3176,-1.159,,,,,0.0,0,0,,0.0,0.5,other,-3.5832,uncrowded,1.0,236,0.050550596214511044,0.190722,-0.8752,19.18,0.386598,-0.2882,0.002528,0.0,0.0,0.0,0.0,0.002528,0.0
DAWN,"Day One Biopharmaceuticals, Inc.",127,0.23,C,mod_quality+no_catalyst_data,,,C,0.489691,0.773077,1,,0,,,0,no_upcoming,9,headwind,,S,momentum_headwind,financial_score:+35.0;clinical_score:-34.6;smart_money_score:+10.2,tier=;reason=;cat_days=NA;strength=missing;decay_w=0.0,v1.3.0,31f399e0,1,,0,,"{""burn_ttm"": 103757000.0, ""cash_total"": 441113000.0, ""dilution_risk"": null, ""has_revenue"": null, ""lead_phase"": null, ""runway_months"": 51.01685669400619, ""stage_bucket"": ""late"", ""surv_score"": ""4.0"", ""tier1_count"": 1}",late|none|nonpos,0.08147540126382306,59.1455,0.3494,24,1,-1.6617,-1.5713,1,1,neutral,-0.7967,elite_1,0.0,0.0,0.0,,,0.0,0,0,0,True,False,True,missing,0.0,adequate,<=1000bps,612.55,0.85,1,0,1.0,0,1.0,0,,False,no_upcoming,-0.102958,price_history,,1,1.0455,price_history,,-0.287168,,34.9931,0.8040,-0.108271,-0.178897,late,small,none,commercial_biotech,morningstar,,,,0,0.8368586915887850467289719626,37.84,41.25000000000000000000000000,55.0,44.70,10.28254867510488006023880382,79.850,10.8388,-1.3908,3.0,597,6,1.0,0.8317,1,1,0.1667,0.3,0.95,oncology,0.6892,highly_crowded,1.0,143,0.08147540126382306,0.510309,0.0258,18.57,0.376289,-0.3152,0.004074,0.0,0.0,0.0,0.0,0.004074,0.0
IDYA,"IDEAYA Biosciences, Inc.",128,0.47,C,mod_quality+no_catalyst_data,,,C,0.658076,0.665385,1,,0,,,0,no_upcoming,9,headwind,,M,sponsor_confirmed|momentum_headwind,financial_score:+26.9;clinical_score:-24.7;smart_money_score:+13.5,tier=;reason=;cat_days=NA;strength=missing;decay_w=0.0,v1.3.0,31f399e0,1,,0,,"{""burn_ttm"": 71098000.0, ""cash_total"": 639388000.0, ""dilution_risk"": null, ""has_revenue"": null, ""lead_phase"": null, ""runway_months"": 107.9166221272047, ""stage_bucket"": ""mid"", ""surv_score"": ""5.0"", ""tier1_count"": 6}",mid|none|nonpos,0.0631838407643312,52.988682,-1.1435,839,1,-0.9061,-0.804,6,6,neutral,1.1353,elite_6,0.0,0.0,0.0,,,0.0,0,0,0,True,False,True,missing,0.0,adequate,<=1000bps,591.25,0.85,1,0,1.0,0,1.0,0,,False,no_upcoming,-0.105935,price_history,,6,1.2163,price_history,,-0.191386,,45.3514,0.3864,-0.108271,-0.083115,mid,mid,none,commercial_biotech,morningstar,,,,0,0.8493014171428571428571428571,46.10,41.25000000000000000000000000,65.0,24.23,26.85215794306703397612488522,78.41818181818181818181818182,25.689,-0.7624,2.0,945,5,1.0,0.001,0,0,0.0,0.3,0.95,oncology,0.6892,highly_crowded,1.0,192,0.0631838407643312,0.341924,-0.4072,27.46,0.579038,0.1994,0.003159,0.0,0.0,0.0,0.0,0.003159,0.0
RPRX,Royalty Pharma plc,129,0.28,C,mod_quality+no_catalyst_data,,,C,0.823024,0.65,1,,0,,,0,no_upcoming,9,headwind,,S,momentum_headwind,clinical_score:-24.4;smart_money_score:+10.3;catalyst_score:+7.8,tier=;reason=;cat_days=NA;strength=missing;decay_w=0.0,v1.3.0,31f399e0,1,,0,,"{""burn_ttm"": 0.0, ""cash_total"": 618696000.0, ""dilution_risk"": null, ""has_revenue"": null, ""lead_phase"": null, ""runway_months"": null, ""stage_bucket"": ""early"", ""surv_score"": ""3.0"", ""tier1_count"": 1}",early|none|nonpos,0.050550596214511044,52.510777,-1.9101,,0,-1.3227,-1.227,1,1,neutral,-0.7967,elite_1,0.0,0.0,0.0,,,0.0,0,0,0,True,False,True,missing,0.0,adequate,<=400bps,240.28,1.0,0,0,1.0,0,1.0,0,,False,no_upcoming,-0.099665,price_history,,1,0.2361,price_history,,-0.139501,,43.1555,0.257,-0.108271,-0.03123,early,large,sev1,commercial_biotech,morningstar,,,,0,0.7531851085832471561530506722,45.92,50,52.5,66.40,17.71757983879196000408121621,44.63728191000918273645546372,17.8926,-1.0923,,,,,,,,,,,,-1.6843,unknown,1.0,240,0.050550596214511044,0.176976,-0.927,17.05,0.310997,-0.493,0.002528,0.0,0.0,0.0,0.0,0.002528,0.0
BIOA,"BioAge Labs, Inc.",130,0.78,B,mod_quality+catalyst_near,,,B,0.977663,0.634615,1,,0,,17,1,specific_days,9,neutral,drawdown_data_missing,L,sponsor_confirmed,clinical_score:-40.2;smart_money_score:+23.5;financial_score:+21.9,tier=;reason=;cat_days=17;strength=near;decay_w=1.0,v1.3.0,31f399e0,1,,0,,"{""burn_ttm"": 53376000.0, ""cash_total"": 285778000.0, ""dilution_risk"": null, ""has_revenue"": null, ""lead_phase"": null, ""runway_months"": 63.32104316546763, ""stage_bucket"": ""mid"", ""surv_score"": ""5.0"", ""tier1_count"": 4}",mid|near_0_30|nonpos,-0.008393377358490566,50.8675,0.102,0,1,-1.8828,-1.7006,4,4,buying,0.3625,elite_4,0.0,0.0,0.0,,,0.0,0,0,0,True,False,True,near,1.0,adequate,<=1000bps,809.82,0.85,1,0,1.0,0,1.0,0,17,True,specific_days,,,beta_missing:series_too_short,4,,,series_too_short,,no_price_series,,1.0312,-0.108271,,mid,small,none,commercial_pharma,morningstar,,,drawdown,1,0.8343157471521107884744248381,50,41.95437511111111111111111111,72.0,26.25,8.347107438016528925619834711,70.40000000000000000000000000,8.0654,-1.5082,2.0,17,4,1.0,0.8679,1,1,0.0,0.4,0.55,infectious_disease,0.6892,highly_crowded,1.0,285,-0.008393377358490566,0.022337,-2.0077,22.07,0.469072,-0.0776,-0.00042,0.0,0.0,0.0,0.0,-0.00042,0.0
STOK,"Stoke Therapeutics, Inc.",131,0.78,C,mod_quality+no_catalyst_data,,,C,0.682131,0.619231,1,,0,,,0,no_upcoming,9,tailwind,high_beta,L,sponsor_confirmed|momentum_tailwind|high_risk,momentum_score:+40.2;clinical_score:-26.7;smart_money_score:+23.6,tier=;reason=;cat_days=NA;strength=missing;decay_w=0.0,v1.3.0,31f399e0,1,,0,,"{""burn_ttm"": 0.0, ""cash_total"": 83394000.0, ""dilution_risk"": null, ""has_revenue"": null, ""lead_phase"": null, ""runway_months"": null, ""stage_bucket"": ""mid"", ""surv_score"": ""5.0"", ""tier1_count"": 6}",mid|none|nonpos,0.0631838407643312,50.452764,0.144,0,1,-0.7785,-0.6744,6,6,buying,1.1353,elite_6,0.0,0.0,0.0,,,0.0,0,0,0,True,False,True,missing,0.0,adequate,<=1000bps,603.91,0.85,1,0,1.0,0,1.0,0,,False,no_upcoming,1.791626,price_history,,6,2.1982,price_history,,-0.072489,,58.8946,0.7422,-0.108271,0.035782,mid,mid,none,commercial_biotech,morningstar,,,,0,0.7884608316103836434642775098,96.55,41.25000000000000000000000000,80.0,44.67,29.65105601469237832874196510,34.46280991735537190082644628,28.1379,-0.6588,2.0,1751,1,0.0,0.0,0,0,0.0,0.3,0.5,other,-3.3458,uncrowded,1.0,199,0.0631838407643312,0.317869,-0.4737,25.44,0.527491,0.069,0.003159,0.0,0.0,0.0,0.0,0.003159,0.0
KRYS,"Krystal Biotech, Inc.",132,0.92,C,low_quality,,,C,0.960481,0.55,1,,0,,17,1,specific_days,9,tailwind,,L,sponsor_confirmed|momentum_tailwind,clinical_score:-29.4;smart_money_score:+22.1;momentum_score:+13.4,tier=;reason=;cat_days=17;strength=near;decay_w=1.0,v1.3.0,31f399e0,1,,0,,"{""burn_ttm"": 0.0, ""cash_total"": 496304000.0, ""dilution_risk"": null, ""has_revenue"": null, ""lead_phase"": null, ""runway_months"": null, ""stage_bucket"": ""late"", ""surv_score"": ""2.0"", ""tier1_count"": 4}",late|near_0_30|nonpos,-0.006907476190476191,47.70501,0.6712,0,1,-1.2171,-1.1198,4,4,buying,0.3625,elite_4,0.0,0.0,0.0,,,0.0,0,0,0,True,False,True,near,1.0,adequate,<=400bps,347.42,1.0,0,0,1.0,0,1.0,0,17,True,specific_days,0.07008,price_history,,4,0.9051,price_history,,-0.027036,,61.117,0.3475,-0.108271,0.081235,late,mid,none,commercial_biotech,morningstar,,,,0,0.8911124716282403536017202246,62.82,41.95437511111111111111111111,71.5,35.33,20.03262935207429452472300907,50.61224489795918367346938775,20.154,-0.9966,3.0,,10,1.0,0.3405,1,0,0.0,0.4,0.95,oncology,-0.4975,uncrowded,1.0,280,-0.006907476190476191,0.039519,-1.7563,23.35,0.489691,-0.0258,-0.000345,0.0,0.0,0.0,0.0,-0.000345,0.0
ALNY,"Alnylam Pharmaceuticals, Inc.",133,0.92,C,low_quality+no_catalyst_data,,,C,0.036082,0.411538,1,,0,,,0,no_upcoming,9,neutral,,L,sponsor_confirmed,smart_money_score:+13.9;catalyst_score:-9.8;clinical_score:-5.7,tier=;reason=;cat_days=NA;strength=missing;decay_w=0.0,v1.3.0,31f399e0,1,,0,,"{""burn_ttm"": 0.0, ""cash_total"": 1657250000.0, ""dilution_risk"": null, ""has_revenue"": null, ""lead_phase"": null, ""runway_months"": null, ""stage_bucket"": ""late"", ""surv_score"": ""3.0"", ""tier1_count"": 6}",late|none|pos,0.1,45.001251,0.7129,0,1,-0.0605,0.0548,6,6,neutral,1.1353,elite_6,0.0,0.0,0.0,,,0.0,0,0,0,True,False,True,missing,0.0,adequate,<=400bps,144.92,1.0,0,0,1.0,0,1.0,0,,False,no_upcoming,0.100961,price_history,,6,0.4792,price_history,,-0.242192,,66.6981,0.3472,-0.108271,-0.133921,late,large,none,commercial_biotech,morningstar,,,,0,0.9,50.79,41.25000000000000000000000000,65.0,31.34,45.39667172640746451209357732,53.05389221556886227544910179,46.4118,0.1145,3.0,42,52,1.0,2.0976,1,3,0.0,0.4,0.85,cardiovascular,-0.4975,uncrowded,1.0,11,0.1,0.963918,1.7981,41.86,0.798969,0.8379,0.12155,0.0822,0.0,0.0,0.03435,0.005,0.0
FOLD,"Amicus Therapeutics, Inc.",134,0.55,C,low_quality+no_catalyst_data,,,C,0.149485,0.211538,1,,0,,,0,no_upcoming,9,headwind,,M,sponsor_confirmed|momentum_headwind,smart_money_score:+22.8;momentum_score:-11.3;catalyst_score:-10.0,tier=;reason=;cat_days=NA;strength=missing;decay_w=0.0,v1.3.0,31f399e0,1,,0,,"{""burn_ttm"": 0.0, ""cash_total"": 293536000.0, ""dilution_risk"": null, ""has_revenue"": null, ""lead_phase"": null, ""runway_months"": null, ""stage_bucket"": ""late"", ""surv_score"": ""1.0"", ""tier1_count"": 6}",late|none|pos,0.1,37.235051,0.7147,0,1,0.0518,0.1688,6,6,buying,1.1353,elite_6,0.0,0.0,0.0,,,0.0,0,0,0,True,False,True,missing,0.0,adequate,<=400bps,259.01,1.0,0,0,1.0,0,1.0,0,,False,no_upcoming,-0.11952,price_history,,6,0.9901,price_history,,-0.301653,,50.0779,0.6001,-0.108271,-0.193382,late,mid,none,commercial_biotech,morningstar,,,,0,0.9,39.96,41.25000000000000000000000000,74.0,15.33,47.85865394958585822367241564,53.06122448979591836734693878,48.4143,0.1992,3.0,168,29,1.0,0.7985,1,1,0.0,0.7,0.75,rare_disease,0.6892,highly_crowded,1.0,44,0.1,0.850515,1.0386,41.22,0.774914,0.7551,0.31796,0.2532,0.0,0.0,0.05976,0.005,0.0
VTRS,Viatris Inc.,135,0.55,C,low_quality+no_catalyst_data,,,C,0.850515,0.465385,1,,0,,,0,no_upcoming,9,headwind,,M,sponsor_confirmed|momentum_headwind,clinical_score:-26.7;smart_money_score:+16.1;catalyst_score:+5.6,tier=;reason=;cat_days=NA;strength=missing;decay_w=0.0,v1.3.0,31f399e0,1,,0,,"{""burn_ttm"": 0.0, ""cash_total"": 975300000.0, ""dilution_risk"": null, ""has_revenue"": null, ""lead_phase"": null, ""runway_months"": null, ""stage_bucket"": ""early"", ""surv_score"": ""-1.0"", ""tier1_count"": 2}",early|none|nonpos,0.050550596214511044,46.4015,-1.9101,,0,-1.4791,-1.5495,2,2,buying,-0.4103,elite_2,0.0,0.0,0.0,,,0.0,0,0,0,True,False,True,missing,0.0,adequate,<=400bps,271.14,1.0,0,0,1.0,0,1.0,0,,False,no_upcoming,-0.122198,price_history,,2,0.3403,price_history,,-0.232485,,31.5226,0.337,-0.108271,-0.124214,early,large,sev1,commercial_pharma,morningstar,,,,0,0.7535252171925011431184270690,43.89,50,60.5,43.21,17.71757983879196000408121621,50,17.8926,-1.0923,,,,,,,,,,,,-1.6843,unknown,1.0,248,0.050550596214511044,0.149485,-1.0386,20.80,0.427835,-0.1819,0.002528,0.0,0.0,0.0,0.0,0.002528,0.0
NTRA,"Natera, Inc.",136,0.92,C,low_quality,,,C,0.280069,0.35,1,,0,,427,0,specific_days,9,tailwind,,L,catalyst_far_lift|sponsor_confirmed|momentum_tailwind,momentum_score:+16.8;clinical_score:+14.3;catalyst_score:-13.7,tier=;reason=;cat_days=427;strength=far;decay_w=0.3,v1.3.0,31f399e0,1,,0,,"{""burn_ttm"": 0.0, ""cash_total"": 1000000.0, ""dilution_risk"": null, ""has_revenue"": null, ""lead_phase"": null, ""runway_months"": null, ""stage_bucket"": ""late"", ""surv_score"": ""2.0"", ""tier1_count"": 5}",late|far_271_540|nonpos,0.1,41.954548,1.0027,0,1,,0.0,5,5,selling,0.7489,elite_5,0.0,0.0,0.0,,,0.0,0,0,0,True,False,True,far,0.3,adequate,<=400bps,210.15,1.0,0,0,1.0,0,1.0,0,427,False,specific_days,0.205759,price_history,,5,0.5452,price_history,,-0.021314,,58.4454,0.3255,-0.108271,0.086957,late,large,none,platform_diagnostics,morningstar,,,,0,0.8246108961960025789813023856,76.06,45.56250000000000000000000000,53.5,15.33,73.53293413173652694610778443,47.50455177469412472460269082,74.685,1.3109,3.0,53,67,1.0,1.5664,1,3,0.0,0.8,0.95,oncology,0.2145,moderate,1.0,82,0.1,0.719931,0.5826,33.09,0.658076,0.4072,0.39827,0.0,0.0,0.0,0.39327,0.005,0.0
LGND,Ligand Pharmaceuticals Incorporated,137,0.78,C,low_quality+no_catalyst_data,,,C,0.771478,0.388462,1,,0,,,0,no_upcoming,9,tailwind,,L,momentum_tailwind,clinical_score:-28.5;financial_score:+15.6;momentum_score:+9.0,tier=;reason=;cat_days=NA;strength=missing;decay_w=0.0,v1.3.0,31f399e0,1,,0,,"{""burn_ttm"": 0.0, ""cash_total"": 664522000.0, ""dilution_risk"": null, ""has_revenue"": null, ""lead_phase"": null, ""runway_months"": null, ""stage_bucket"": ""early"", ""surv_score"": ""3.0"", ""tier1_count"": 0}",early|none|nonpos,0.050550596214511044,44.219682,-1.9101,,0,-1.3227,-1.227,0,0,neutral,-1.1831,,0.0,0.0,0.0,,,0.0,0,0,0,True,False,True,missing,0.0,adequate,<=1000bps,494.19,0.85,1,0,1.0,0,1.0,0,,False,no_upcoming,0.108862,price_history,,0,0.3851,price_history,,-0.102466,,45.8991,0.2960,-0.108271,0.005805,early,mid,sev1,commercial_biotech,morningstar,,,,0,0.7264388707681925542683612642,55.18,50,,15.33,17.71757983879196000408121621,61.81818181818181818181818182,17.8926,-1.0923,,,,,,,,,,,,-1.6843,unknown,1.0,225,0.050550596214511044,0.228522,-0.7437,18.07,0.345361,-0.3979,0.002528,0.0,0.0,0.0,0.0,0.002528,0.0
ONC,BeOne Medicines Ltd.,138,0.55,C,low_quality,,,C,0.702749,0.357692,1,,0,,128,0,specific_days,9,headwind,,M,sponsor_confirmed|momentum_headwind,clinical_score:-23.5;financial_score:+15.3;smart_money_score:+12.8,tier=;reason=;cat_days=128;strength=mid;decay_w=0.7,v1.3.0,31f399e0,1,,0,,"{""burn_ttm"": 0.0, ""cash_total"": 4547530000.0, ""dilution_risk"": null, ""has_revenue"": null, ""lead_phase"": null, ""runway_months"": null, ""stage_bucket"": ""late"", ""surv_score"": ""3.0"", ""tier1_count"": 2}",late|near_91_180|nonpos,0.056097337078651686,43.162374,0.6861,0,1,-1.0044,-0.9038,2,2,buying,-0.4103,elite_2,0.0,0.0,0.0,,,0.0,0,0,0,True,False,True,mid,0.7,adequate,<=400bps,342.35,1.0,0,0,1.0,0,1.0,0,128,False,specific_days,-0.010497,price_history,,2,0.8653,price_history,,-0.277839,,54.1819,0.415,-0.108271,-0.169568,late,large,none,commercial_biotech,morningstar,,,,0,0.8800411779511704002013591744,46.17,45.56250000000000000000000000,61.0,15.33,24.69747132481543898231481149,63.47305389221556886227544910,25.9151,-0.7528,3.0,182,37,1.0,2.3581,2,4,0.0,0.4,0.95,oncology,-0.4975,uncrowded,1.0,205,0.056097337078651686,0.297251,-0.5323,25.34,0.524055,0.0603,0.002805,0.0,0.0,0.0,0.0,0.002805,0.0
MEDP,"Medpace Holdings, Inc.",139,0.92,C,low_quality+no_catalyst_data,,,C,0.778351,0.380769,1,,0,,,0,no_upcoming,9,tailwind,,L,momentum_tailwind,clinical_score:+18.3;catalyst_score:-13.1;financial_score:-6.2,tier=;reason=;cat_days=NA;strength=missing;decay_w=0.0,v1.3.0,31f399e0,1,,0,,"{""burn_ttm"": 0.0, ""cash_total"": 497049000.0, ""dilution_risk"": null, ""has_revenue"": null, ""lead_phase"": null, ""runway_months"": null, ""stage_bucket"": ""early"", ""surv_score"": ""3.0"", ""tier1_count"": 0}",early|none|nonpos,0.050550596214511044,43.73791,-1.7614,,0,,0.0,0,0,neutral,-1.1831,,0.0,0.0,0.0,,,0.0,0,0,0,True,False,True,missing,0.0,adequate,<=400bps,270.97,1.0,0,0,1.0,0,1.0,0,,False,no_upcoming,0.010788,price_history,,0,0.6605,price_history,,-0.046938,,48.6672,0.2643,-0.108271,0.061333,early,large,none,platform_diagnostics,morningstar,,,,0,0.8532246430216490096729617688,55.43,41.25000000000000000000000000,,31.33,72.72727272727272727272727273,48.19202122232425262728293031,71.2141,1.164,0.0,,6,0.0,0.0,0,0,0.0,0.0,0.5,dermatology,-3.5832,uncrowded,1.0,227,0.050550596214511044,0.221649,-0.7666,41.49,0.78866,0.8018,0.351728,0.0,0.0,0.0,0.3492,0.002528,0.0
GH,"Guardant Health, Inc.",140,0.92,C,low_quality,,,C,0.69244,0.403846,1,,0,,109,0,specific_days,9,tailwind,,L,sponsor_confirmed|momentum_tailwind,catalyst_score:-17.6;momentum_score:+16.1;financial_score:-7.7,tier=;reason=;cat_days=109;strength=near;decay_w=1.0,v1.3.0,31f399e0,1,,0,,"{""burn_ttm"": 184760000.0, ""cash_total"": 378203000.0, ""dilution_risk"": null, ""has_revenue"": null, ""lead_phase"": null, ""runway_months"": 24.05654706689919, ""stage_bucket"": ""late"", ""surv_score"": ""-1.0"", ""tier1_count"": 3}",late|near_91_180|nonpos,0.056097337078651686,44.920485,0.9944,0,1,,0.0,3,3,buying,-0.0239,elite_3,0.0,0.0,0.0,,,0.0,0,0,0,True,False,True,near,1.0,adequate,<=400bps,236.1,1.0,0,0,1.0,0,1.0,0,109,False,specific_days,0.725647,price_history,,3,1.1375,price_history,,-0.244183,,63.8961,0.6981,-0.108271,-0.135912,late,large,none,platform_diagnostics,morningstar,,,,0,0.9,79.27,45.56250000000000000000000000,66.5,11.74,69.22155688622754491017964072,55.46107784431137724550898204,70.9488,1.1528,3.0,16,753,1.0,6.0439,6,13,0.0018,0.8,0.95,oncology,-0.4975,uncrowded,1.0,202,0.056097337078651686,0.30756,-0.5028,42.50,0.805842,0.8627,0.348645,0.0,0.0,0.0,0.34584,0.002805,0.0
DVAX,Dynavax Technologies Corporation,141,0.47,C,low_quality+no_catalyst_data,,,C,0.496564,0.226923,1,,0,,,0,no_upcoming,9,headwind,,M,sponsor_confirmed|momentum_headwind,financial_score:-5.9;clinical_score:+5.9;smart_money_score:+5.7,tier=;reason=;cat_days=NA;strength=missing;decay_w=0.0,v1.3.0,31f399e0,1,,0,,"{""burn_ttm"": 0.0, ""cash_total"": 160247000.0, ""dilution_risk"": null, ""has_revenue"": null, ""lead_phase"": null, ""runway_months"": null, ""stage_bucket"": ""late"", ""surv_score"": ""2.0"", ""tier1_count"": 2}",late|none|nonpos,0.08147540126382306,38.681389,0.7214,0,1,0.0044,-0.0341,2,2,selling,-0.4103,elite_2,0.0,0.0,0.0,,,0.0,0,0,0,True,False,True,missing,0.0,adequate,<=1000bps,453.41,0.85,1,0,1.0,0,1.0,0,,False,no_upcoming,-0.02763,price_history,,2,0.4974,price_history,,-0.229486,,44.0966,0.7250,-0.108271,-0.121215,late,small,none,commercial_pharma,morningstar,,,,0,0.8860349361207897793263646922,45.54,41.25000000000000000000000000,52.0,32.67,52.15568862275449101796407186,40.30864197530864197530864198,53.0685,0.3962,3.0,60,19,1.0,0.9857,1,1,0.0,0.4,0.95,oncology,-0.4975,uncrowded,1.0,145,0.08147540126382306,0.503436,0.0086,38.71,0.737113,0.6345,0.122934,0.0,0.0,0.0,0.11886,0.004074,0.0
LAB,Standard BioTools Inc.,142,0.08,B,mod_quality+catalyst_near,,,B,0.857388,0.703846,1,,0,,78,0,specific_days,9,headwind,,XS,momentum_headwind|cost_haircut_>2000bps,clinical_score:+19.1;financial_score:-14.9;momentum_score:-6.3,tier=;reason=;cat_days=78;strength=near;decay_w=1.0,v1.3.0,31f399e0,1,,0,,"{""burn_ttm"": 73153000.0, ""cash_total"": 129418000.0, ""dilution_risk"": null, ""has_revenue"": null, ""lead_phase"": null, ""runway_months"": 21.229696663158037, ""stage_bucket"": ""late"", ""surv_score"": ""0.0"", ""tier1_count"": 1}",late|near_31_90|nonpos,0.03807276404494382,55.676253,0.9934,0,1,,0.0,1,1,buying,-0.7967,elite_1,0.0,0.0,0.0,,,0.0,0,0,0,True,False,True,near,1.0,adequate,>2000bps,2020.0,0.55,1,0,1.0,0,1.0,0,78,False,specific_days,-0.152492,price_history,,1,0.7506,price_history,,-0.295082,,31.3333,0.7324,-0.108271,-0.186811,late,small,sev1,platform_devices,morningstar,,,,0,0.8246337798923250281707775135,43.11,45.56250000000000000000000000,55.5,90.00,68.50299401197604790419161677,34.56500771604938271604938272,70.253,1.1233,3.0,125,848,1.0,1.6459,5,1,0.0417,0.8,0.95,oncology,0.6892,highly_crowded,1.0,250,0.03807276404494382,0.142612,-1.0687,23.43,0.5,0.0,0.338894,0.0,0.0,0.0,0.33699,0.001904,0.0
TEM,"Tempus AI, Inc.",143,0.92,C,low_quality,,,C,0.709622,0.596154,1,,0,,170,0,specific_days,9,neutral,drawdown_data_missing,L,sponsor_confirmed,catalyst_score:-13.6;momentum_score:-9.1;clinical_score:+8.7,tier=;reason=;cat_days=170;strength=mid;decay_w=0.7,v1.3.0,31f399e0,1,,0,,"{""burn_ttm"": 218090000.0, ""cash_total"": 604787000.0, ""dilution_risk"": null, ""has_revenue"": null, ""lead_phase"": null, ""runway_months"": 25.16826017748832, ""stage_bucket"": ""late"", ""surv_score"": ""1.0"", ""tier1_count"": 4}",late|near_91_180|nonpos,0.056097337078651686,50.111571,0.9902,0,1,,0.0,4,4,buying,0.3625,elite_4,0.0,0.0,0.0,,,0.0,0,0,0,True,False,True,mid,0.7,adequate,<=400bps,199.47,1.0,0,0,1.0,0,1.0,0,170,False,specific_days,,,beta_missing:series_too_short,4,,,series_too_short,,series_too_short,,0.5816,-0.108271,,late,mid,none,platform_services,morningstar,,,drawdown,1,0.8459278417173154015259278417,50,45.56250000000000000000000000,66.0,29.38,67.78443113772455089820359281,66.28571428571428571428571428,69.4213,1.0881,3.0,16,202,1.0,3.5508,2,4,0.0,0.8,0.95,oncology,-0.4975,uncrowded,1.0,207,0.056097337078651686,0.290378,-0.5523,41.17,0.771478,0.7437,0.329235,0.0,0.0,0.0,0.32643,0.002805,0.0
ARWR,"Arrowhead Pharmaceuticals, Inc.",144,0.92,C,low_quality,,,C,0.891753,0.303846,1,,0,,260,0,specific_days,9,headwind,,L,catalyst_far_lift|sponsor_confirmed|momentum_headwind,clinical_score:-20.1;smart_money_score:+13.7;financial_score:+10.7,tier=;reason=;cat_days=260;strength=far;decay_w=0.3,v1.3.0,31f399e0,1,,0,,"{""burn_ttm"": 0.0, ""cash_total"": 714967000.0, ""dilution_risk"": null, ""has_revenue"": null, ""lead_phase"": null, ""runway_months"": null, ""stage_bucket"": ""late"", ""surv_score"": ""5.0"", ""tier1_count"": 2}",late|near_181_270|nonpos,0.0009534155844155845,40.373133,0.6888,0,1,-0.8945,-0.7922,2,2,buying,-0.4103,elite_2,0.0,0.0,0.0,,,0.0,0,0,0,True,False,True,far,0.3,adequate,<=400bps,234.38,1.0,0,0,1.0,0,1.0,0,260,False,specific_days,-0.03096,price_history,,2,1.4351,price_history,,-0.345491,,56.932,0.7267,-0.108271,-0.23722,late,mid,none,commercial_biotech,morningstar,,,,0,0.7957586865215731195112638412,44.63,45.56250000000000000000000000,61.0,15.33,27.10638603033454049983864607,57.95918367346938775510204081,26.3603,-0.734,3.0,656,24,1.0,0.6095,0,1,0.0,0.4,0.5,respiratory,-0.4975,uncrowded,1.0,260,0.0009534155844155845,0.108247,-1.2359,21.91,0.45189,-0.1209,4.8e-05,0.0,0.0,0.0,0.0,4.8e-05,0.0
BCRX,"BioCryst Pharmaceuticals, Inc.",145,0.78,C,low_quality+no_catalyst_data,,,C,0.455326,0.203846,1,,0,,,0,no_upcoming,9,tailwind,,L,sponsor_confirmed|momentum_tailwind,financial_score:-16.9;smart_money_score:+13.0;momentum_score:+7.9,tier=;reason=;cat_days=NA;strength=missing;decay_w=0.0,v1.3.0,31f399e0,1,,0,,"{""burn_ttm"": 0.0, ""cash_total"": 212873000.0, ""dilution_risk"": null, ""has_revenue"": null, ""lead_phase"": null, ""runway_months"": null, ""stage_bucket"": ""late"", ""surv_score"": ""3.0"", ""tier1_count"": 3}",late|none|nonpos,0.08147540126382306,36.708486,0.7168,0,1,-0.104,-0.1448,3,3,buying,-0.0239,elite_3,0.0,0.0,0.0,,,0.0,0,0,0,True,False,True,missing,0.0,adequate,<=1000bps,517.78,0.85,1,0,1.0,0,1.0,0,,False,no_upcoming,0.190373,price_history,,3,1.7414,price_history,,-0.226817,,51.3458,0.4141,-0.108271,-0.118546,late,mid,none,commercial_pharma,morningstar,,,,0,0.8954064249820531227566403446,55.37,41.25000000000000000000000000,60.5,34.00,49.64111696766148342038477934,30.52107917997130825119163312,49.8378,0.2595,3.0,89,27,1.0,0.9161,1,1,0.0,0.8,0.55,infectious_disease,0.6892,highly_crowded,1.0,133,0.08147540126382306,0.544674,0.1122,32.94,0.654639,0.3979,0.081924,0.0,0.0,0.0,0.07785,0.004074,0.0
CDNA,"CareDx, Inc.",146,0.78,C,mod_quality+catalyst_far,,,C,0.097938,0.726923,1,,0,,474,0,specific_days,9,tailwind,,L,catalyst_far_lift|sponsor_confirmed|momentum_tailwind,catalyst_score:-13.2;momentum_score:+10.2;clinical_score:+6.8,tier=;reason=;cat_days=474;strength=far;decay_w=0.3,v1.3.0,31f399e0,1,,0,,"{""burn_ttm"": 0.0, ""cash_total"": 177208000.0, ""dilution_risk"": null, ""has_revenue"": null, ""lead_phase"": null, ""runway_months"": null, ""stage_bucket"": ""late"", ""surv_score"": ""1.0"", ""tier1_count"": 3}",late|far_271_540|nonpos,0.1,56.7,0.9837,0,1,,0.0,3,3,buying,-0.0239,elite_3,0.0,0.0,0.0,,,0.0,0,0,0,True,False,True,far,0.3,adequate,<=1000bps,851.72,0.85,1,0,1.0,0,1.0,0,474,False,specific_days,0.471095,price_history,,3,1.5328,price_history,,-0.121362,,52.4422,0.5165,-0.108271,-0.013091,late,small,none,platform_diagnostics,morningstar,,,,0,0.8840539130434782608695652174,69.00,45.56250000000000000000000000,60.5,54.00,65.62874251497005988023952096,53.33333333333333333333333334,65.7811,0.9341,3.0,278,258,1.0,0.7149,0,1,0.0,0.6,0.95,oncology,0.6892,highly_crowded,1.0,29,0.1,0.902062,1.2934,41.46,0.785223,0.79,0.28523,0.0,0.0,0.0,0.28023,0.005,0.0
TWST,Twist Bioscience Corporation,147,0.47,C,mod_quality+no_catalyst_data,,,C,0.843643,0.611538,1,,0,,,0,no_upcoming,9,tailwind,high_beta,M,momentum_tailwind|high_risk,momentum_score:+21.0;financial_score:-13.6;catalyst_score:-12.4,tier=;reason=;cat_days=NA;strength=missing;decay_w=0.0,v1.3.0,31f399e0,1,,0,,"{""burn_ttm"": 24814000.0, ""cash_total"": 197949000.0, ""dilution_risk"": null, ""has_revenue"": null, ""lead_phase"": null, ""runway_months"": 95.72773434351576, ""stage_bucket"": ""early"", ""surv_score"": ""1.0"", ""tier1_count"": 1}",early|none|nonpos,0.050550596214511044,50.411537,-1.8035,,0,,0.0,1,1,selling,-0.7967,elite_1,0.0,0.0,0.0,,,0.0,0,0,0,True,False,True,missing,0.0,adequate,<=1000bps,402.96,0.85,1,0,1.0,0,1.0,0,,False,no_upcoming,0.479364,price_history,,1,2.0051,price_history,,-0.059623,,59.8731,0.6351,-0.108271,0.048648,early,mid,none,platform_diagnostics,morningstar,,,,0,0.7583047126436781609195402299,74.63,41.25000000000000000000000000,49.5,50,62.72727272727272727272727273,39.96786042240587695133149678,61.3674,0.7473,0.0,,2,0.0,0.0,0,0,0.0,0.0,0.75,cardiovascular,0.6892,highly_crowded,1.0,246,0.050550596214511044,0.156357,-1.0095,38.35,0.723368,0.5929,0.226718,0.0,0.0,0.0,0.22419,0.002528,0.0
PAHC,Phibro Animal Health Corporatio,148,0.78,C,low_quality+no_catalyst_data,,,C,0.805842,0.180769,1,,0,,,0,no_upcoming,9,tailwind,,L,momentum_tailwind,momentum_score:+33.1;clinical_score:-25.8;financial_score:-13.9,tier=;reason=;cat_days=NA;strength=missing;decay_w=0.0,v1.3.0,31f399e0,1,,0,,"{""burn_ttm"": 0.0, ""cash_total"": 74508000.0, ""dilution_risk"": null, ""has_revenue"": null, ""lead_phase"": null, ""runway_months"": null, ""stage_bucket"": ""early"", ""surv_score"": ""1.0"", ""tier1_count"": 0}",early|none|nonpos,0.050550596214511044,34.036475,-1.9101,,0,-1.4791,-1.5495,0,0,neutral,-1.1831,,0.0,0.0,0.0,,,0.0,0,0,0,True,False,True,missing,0.0,adequate,<=1000bps,831.95,0.85,1,0,1.0,0,1.0,0,,False,no_upcoming,0.419379,price_history,,0,0.7712,price_history,,-0.065169,,51.1863,0.4021,-0.108271,0.043102,early,mid,sev1,commercial_pharma,morningstar,,,,0,0.6964531922080846751491949105,76.64,50,,15.33,17.71757983879196000408121621,29.65105601469237832874196510,17.8926,-1.0923,,,,,,,,,,,,-1.6843,unknown,1.0,235,0.050550596214511044,0.194158,-0.8627,9.80,0.070447,-1.4725,0.002528,0.0,0.0,0.0,0.0,0.002528,0.0
ETON,"Eton Pharmaceuticals, Inc.",149,0.19,C,low_quality+no_catalyst_data,,,C,0.747423,0.173077,1,,0,,,0,no_upcoming,9,headwind,deep_drawdown|deep_drawdown_rel_xbi,S,sponsor_confirmed|momentum_headwind|cost_haircut_<=2000bps,smart_money_score:+23.1;financial_score:-22.9;clinical_score:-20.2,tier=;reason=;cat_days=NA;strength=missing;decay_w=0.0,v1.3.0,31f399e0,1,,0,,"{""burn_ttm"": 0.0, ""cash_total"": 37121000.0, ""dilution_risk"": null, ""has_revenue"": null, ""lead_phase"": null, ""runway_months"": null, ""stage_bucket"": ""early"", ""surv_score"": ""-1.0"", ""tier1_count"": 2}",early|none|nonpos,0.050550596214511044,32.898722,-1.9101,,0,-1.4791,-1.5495,2,2,buying,-0.4103,elite_2,0.0,0.0,0.0,,,0.0,0,0,0,True,False,True,missing,0.0,adequate,<=2000bps,1543.73,0.7,1,0,1.0,0,1.0,0,,False,no_upcoming,0.041234,price_history,,2,0.6723,price_history,,-0.367673,,46.248,0.4387,-0.108271,-0.259402,early,small,sev1,commercial_pharma,morningstar,,,,0,0.7060876286402452375738997153,45.71,50,61.0,48.67,17.71757983879196000408121621,14.93827160493827160493827160,17.8926,-1.0923,,,,,,,,,,,,-1.6843,unknown,1.0,218,0.050550596214511044,0.252577,-0.6664,13.28,0.149485,-1.0386,0.002528,0.0,0.0,0.0,0.0,0.002528,0.0
ZYME,Zymeworks Inc.,150,0.47,C,low_quality+no_catalyst_data,,,C,0.616838,0.157692,1,,0,,,0,no_upcoming,9,headwind,,M,sponsor_confirmed|momentum_headwind,smart_money_score:+33.5;clinical_score:-24.6;financial_score:-5.7,tier=;reason=;cat_days=NA;strength=missing;decay_w=0.0,v1.3.0,31f399e0,1,,0,,"{""burn_ttm"": 22746000.0, ""cash_total"": 64834000.0, ""dilution_risk"": null, ""has_revenue"": null, ""lead_phase"": null, ""runway_months"": 34.204167765761014, ""stage_bucket"": ""late"", ""surv_score"": ""3.0"", ""tier1_count"": 7}",late|none|nonpos,0.08147540126382306,32.110781,-0.2158,105,1,-1.2688,-1.1724,7,7,buying,1.5218,elite_7,0.0,0.0,0.0,,,0.0,0,0,0,True,False,True,missing,0.0,adequate,<=1000bps,781.08,0.85,1,0,1.0,0,1.0,0,,False,no_upcoming,-0.130703,price_history,,7,0.7916,price_history,,-0.299225,,51.0388,0.7975,-0.108271,-0.190954,late,small,none,commercial_biotech,morningstar,,,,0,0.8788968279694373697615188701,42.59,41.25000000000000000000000000,77.0,18.87,18.89829124186756228062836403,37.75173611111111111111111111,18.0851,-1.0842,3.0,1082,4,1.0,0.1044,0,0,0.0,0.3,0.95,oncology,-0.4975,uncrowded,1.0,180,0.08147540126382306,0.383162,-0.2972,22.11,0.472509,-0.069,0.004074,0.0,0.0,0.0,0.0,0.004074,0.0
TGTX,"TG Therapeutics, Inc.",151,0.78,C,low_quality+no_catalyst_data,,,C,0.589347,0.073077,1,,0,,,0,no_upcoming,9,neutral,deep_drawdown|deep_drawdown_rel_xbi,L,sponsor_confirmed,smart_money_score:+20.6;clinical_score:-18.8;financial_score:-15.6,tier=;reason=;cat_days=NA;strength=missing;decay_w=0.0,v1.3.0,31f399e0,1,,0,,"{""burn_ttm"": 44432000.0, ""cash_total"": 131582000.0, ""dilution_risk"": null, ""has_revenue"": null, ""lead_phase"": null, ""runway_months"": 35.537090385307884, ""stage_bucket"": ""late"", ""surv_score"": ""3.0"", ""tier1_count"": 3}",late|none|nonpos,0.08147540126382306,28.090655,0.6727,0,1,-1.1648,-1.0667,3,3,buying,-0.0239,elite_3,0.0,0.0,0.0,,,0.0,0,0,0,True,False,True,missing,0.0,adequate,<=1000bps,429.71,0.85,1,0,1.0,0,1.0,0,,False,no_upcoming,0.113965,price_history,,3,1.0379,price_history,,-0.375472,,52.3873,0.3599,-0.108271,-0.267201,late,mid,none,commercial_biotech,morningstar,,,,0,0.8791398873036806138352715502,52.44,41.25000000000000000000000000,60.5,19.07,21.17971641547244831693897634,24.28478874543014484705446805,20.2974,-0.9906,3.0,1265,17,1.0,0.0001,0,0,0.0,0.4,0.95,oncology,0.6892,highly_crowded,1.0,172,0.08147540126382306,0.410653,-0.2259,18.03,0.341924,-0.4072,0.004074,0.0,0.0,0.0,0.0,0.004074,0.0
XERS,"Xeris Biopharma Holdings, Inc.",152,0.78,C,low_quality+no_catalyst_data,,,C,0.853952,0.057692,1,,0,,,0,no_upcoming,9,neutral,drawdown_data_missing,L,sponsor_confirmed,clinical_score:-24.7;smart_money_score:+24.1;financial_score:-14.6,tier=;reason=;cat_days=NA;strength=missing;decay_w=0.0,v1.3.0,31f399e0,1,,0,,"{""burn_ttm"": 0.0, ""cash_total"": 91598000.0, ""dilution_risk"": null, ""has_revenue"": null, ""lead_phase"": null, ""runway_months"": null, ""stage_bucket"": ""early"", ""surv_score"": ""-1.0"", ""tier1_count"": 3}",early|none|nonpos,0.050550596214511044,27.8655,-1.9101,,0,-1.3227,-1.227,3,3,buying,-0.0239,elite_3,0.0,0.0,0.0,,,0.0,0,0,0,True,False,True,missing,0.0,adequate,<=1000bps,895.88,0.85,1,0,1.0,0,1.0,0,,False,no_upcoming,,,beta_missing:series_too_short,3,,,series_too_short,,no_price_series,,0.6845,-0.108271,,early,small,sev1,commercial_biotech,morningstar,,,drawdown,1,0.7038885059978189749182115594,50,50,66.5,15.33,17.71757983879196000408121621,27.77777777777777777777777778,17.8926,-1.0923,,,,,,,,,,,,-1.6843,unknown,1.0,249,0.050550596214511044,0.146048,-1.0535,15.96,0.280069,-0.5826,0.002528,0.0,0.0,0.0,0.0,0.002528,0.0
RGEN,Repligen Corporation,153,0.55,C,low_quality+no_catalyst_data,,,C,0.819588,0.234615,1,,0,,,0,no_upcoming,9,headwind,deep_drawdown|deep_drawdown_rel_xbi,M,sponsor_confirmed|momentum_headwind,smart_money_score:+21.9;clinical_score:-20.9;momentum_score:-13.3,tier=;reason=;cat_days=NA;strength=missing;decay_w=0.0,v1.3.0,31f399e0,1,,0,,"{""burn_ttm"": 0.0, ""cash_total"": 748747000.0, ""dilution_risk"": null, ""has_revenue"": null, ""lead_phase"": null, ""runway_months"": null, ""stage_bucket"": ""early"", ""surv_score"": ""-1.0"", ""tier1_count"": 3}",early|none|nonpos,0.050550596214511044,39.025198,-1.9101,,0,,0.0,3,3,buying,-0.0239,elite_3,0.0,0.0,0.0,,,0.0,0,0,0,True,False,True,missing,0.0,adequate,<=400bps,336.3,1.0,0,0,1.0,0,1.0,0,,False,no_upcoming,-0.336849,price_history,,3,0.6859,price_history,,-0.397275,,21.4519,0.4218,-0.108271,-0.289004,early,mid,sev1,platform_devices,morningstar,,,,0,0.7118419308197085974863752642,25.32,50,60.5,46.30,17.71757983879196000408121621,39.45821854912764003673094582,17.8926,-1.0923,,,,,,,,,,,,-1.6843,unknown,1.0,239,0.050550596214511044,0.180412,-0.9138,18.19,0.35567,-0.3701,0.002528,0.0,0.0,0.0,0.0,0.002528,0.0
VCYT,"Veracyte, Inc.",154,0.47,C,low_quality+no_catalyst_data,,,C,0.847079,0.519231,1,,0,,,0,no_upcoming,9,headwind,,M,sponsor_confirmed|momentum_headwind,clinical_score:-27.2;smart_money_score:+16.1;financial_score:+8.7,tier=;reason=;cat_days=NA;strength=missing;decay_w=0.0,v1.3.0,31f399e0,1,,0,,"{""burn_ttm"": 0.0, ""cash_total"": 315573000.0, ""dilution_risk"": null, ""has_revenue"": null, ""lead_phase"": null, ""runway_months"": null, ""stage_bucket"": ""early"", ""surv_score"": ""2.0"", ""tier1_count"": 2}",early|none|nonpos,0.050550596214511044,47.304364,-1.9101,,0,,0.0,2,2,buying,-0.4103,elite_2,0.0,0.0,0.0,,,0.0,0,0,0,True,False,True,missing,0.0,adequate,<=1000bps,583.25,0.85,1,0,1.0,0,1.0,0,,False,no_upcoming,0.012414,price_history,,2,1.1729,price_history,,-0.299131,,47.3605,0.6453,-0.108271,-0.19086,early,mid,sev1,platform_diagnostics,morningstar,,,,0,0.6976690923317683881064162754,42.34,50,61.0,42.00,17.71757983879196000408121621,53.63636363636363636363636364,17.8926,-1.0923,,,,,,,,,,,,-1.6843,unknown,1.0,247,0.050550596214511044,0.152921,-1.024,17.74,0.317869,-0.4737,0.002528,0.0,0.0,0.0,0.0,0.002528,0.0
MYGN,"Myriad Genetics, Inc.",155,0.39,C,low_quality+no_catalyst_data,,,C,0.785223,0.480769,1,,0,,,0,no_upcoming,9,tailwind,,M,momentum_tailwind|cost_haircut_<=2000bps,clinical_score:-31.3;financial_score:+19.0;smart_money_score:+6.5,tier=;reason=;cat_days=NA;strength=missing;decay_w=0.0,v1.3.0,31f399e0,1,,0,,"{""burn_ttm"": 0.0, ""cash_total"": 149600000.0, ""dilution_risk"": null, ""has_revenue"": null, ""lead_phase"": null, ""runway_months"": null, ""stage_bucket"": ""early"", ""surv_score"": ""-1.0"", ""tier1_count"": 1}",early|none|nonpos,0.050550596214511044,46.6915,-1.9101,,0,,0.0,1,1,buying,-0.7967,elite_1,0.0,0.0,0.0,,,0.0,0,0,0,True,False,True,missing,0.0,adequate,<=2000bps,1416.19,0.7,1,0,1.0,0,1.0,0,,False,no_upcoming,0.060904,price_history,,1,0.495,price_history,,-0.089124,,54.8765,0.6452,-0.108271,0.019147,early,small,sev1,platform_diagnostics,morningstar,,,,0,0.6180379397816256755266350502,53.63,50,55.5,15.33,17.71757983879196000408121621,68.00000000000000000000000000,17.8926,-1.0923,,,,,,,,,,,,-1.6843,unknown,1.0,229,0.050550596214511044,0.214777,-0.79,15.83,0.262887,-0.6345,0.002528,0.0,0.0,0.0,0.0,0.002528,0.0
SERA,"Sera Prognostics, Inc.",156,0.15,B,high_quality+no_catalyst_data,,,B,0.82646,0.888462,1,,0,,,0,no_upcoming,9,neutral,,S,cost_haircut_>2000bps,clinical_score:-9.2;financial_score:+8.5;catalyst_score:-7.5,tier=;reason=;cat_days=NA;strength=missing;decay_w=0.0,v1.3.0,31f399e0,1,,0,,"{""burn_ttm"": 19503000.0, ""cash_total"": 43304000.0, ""dilution_risk"": null, ""has_revenue"": null, ""lead_phase"": null, ""runway_months"": 26.633591307467583, ""stage_bucket"": ""early"", ""surv_score"": ""3.0"", ""tier1_count"": 1}",early|none|nonpos,0.050550596214511044,66.967773,-1.8583,,0,,0.0,1,1,buying,-0.7967,elite_1,0.0,0.0,0.0,,,0.0,0,0,0,True,False,True,missing,0.0,adequate,>2000bps,2050.0,0.55,1,0,1.0,0,1.0,0,,False,no_upcoming,-0.107011,price_history,,1,0.2313,price_history,,-0.317365,,38.6182,,-0.108271,-0.209094,early,micro,none,platform_devices,morningstar,,,,0,0.7540731237973059653624118024,50.10,41.25000000000000000000000000,55.5,89.13,39.45821854912764003673094582,57.22727272727272727272727272,37.9451,-0.2438,0.0,175,3,0.0,0.0,0,0,0.0,0.0,0.5,other,-2.159,uncrowded,1.0,241,0.050550596214511044,0.17354,-0.9403,26.31,0.54811,0.1209,0.002528,0.0,0.0,0.0,0.0,0.002528,0.0
AVTR,"Avantor, Inc.",157,0.28,C,mod_quality+no_catalyst_data,,,C,0.716495,0.603846,1,,0,,,0,no_upcoming,9,headwind,,S,momentum_headwind,clinical_score:-23.9;smart_money_score:+10.9;catalyst_score:+8.4,tier=;reason=;cat_days=NA;strength=missing;decay_w=0.0,v1.3.0,31f399e0,1,,0,,"{""burn_ttm"": 0.0, ""cash_total"": 365400000.0, ""dilution_risk"": null, ""has_revenue"": null, ""lead_phase"": null, ""runway_months"": null, ""stage_bucket"": ""early"", ""surv_score"": ""1.0"", ""tier1_count"": 1}",early|none|nonpos,0.050550596214511044,50.388502,-1.9101,,0,,0.0,1,1,neutral,-0.7967,elite_1,0.0,0.0,0.0,,,0.0,0,0,0,True,False,True,missing,0.0,adequate,<=400bps,310.61,1.0,0,0,1.0,0,1.0,0,,False,no_upcoming,-0.1467,price_history,,1,0.3443,price_history,,-0.168393,,22.7072,0.5928,-0.108271,-0.060122,early,mid,sev1,platform_devices,morningstar,,,,0,0.6823054832610388165943721499,41.36,50,52.5,60.67,17.71757983879196000408121621,46.40444852566064687276808489,17.8926,-1.0923,,,,,,,,,,,,-1.6843,unknown,1.0,209,0.050550596214511044,0.283505,-0.5725,18.14,0.352234,-0.3793,0.002528,0.0,0.0,0.0,0.0,0.002528,0.0
PRVA,"Privia Health Group, Inc.",158,0.23,C,low_quality+no_catalyst_data,,,C,0.812715,0.196154,1,,0,,,0,no_upcoming,9,headwind,deep_drawdown|deep_drawdown_rel_xbi,S,momentum_headwind,clinical_score:-25.0;smart_money_score:+12.8;financial_score:+9.1,tier=;reason=;cat_days=NA;strength=missing;decay_w=0.0,v1.3.0,31f399e0,1,,0,,"{""burn_ttm"": 0.0, ""cash_total"": 441352000.0, ""dilution_risk"": null, ""has_revenue"": null, ""lead_phase"": null, ""runway_months"": null, ""stage_bucket"": ""early"", ""surv_score"": ""3.0"", ""tier1_count"": 1}",early|none|nonpos,0.050550596214511044,36.375682,-1.9101,,0,,0.0,1,1,buying,-0.7967,elite_1,0.0,0.0,0.0,,,0.0,0,0,0,True,False,True,missing,0.0,adequate,<=1000bps,754.69,0.85,1,0,1.0,0,1.0,0,,False,no_upcoming,-0.144005,price_history,,1,0.5612,price_history,,-0.374284,,50.3486,0.2771,-0.108271,-0.266013,early,mid,sev1,platform_services,morningstar,,,,0,0.7247679982146842222718143272,38.46,50,55.5,15.33,17.71757983879196000408121621,51.81818181818181818181818182,17.8926,-1.0923,,,,,,,,,,,,-1.6843,unknown,1.0,237,0.050550596214511044,0.187285,-0.8879,17.93,0.331615,-0.4355,0.002528,0.0,0.0,0.0,0.0,0.002528,0.0
CSTL,"Castle Biosciences, Inc.",159,0.78,B,high_quality+no_catalyst_data,,,B,0.737113,0.865385,1,,0,,,0,no_upcoming,9,tailwind,,L,momentum_tailwind,clinical_score:-32.0;financial_score:+26.3;momentum_score:+5.5,tier=;reason=;cat_days=NA;strength=missing;decay_w=0.0,v1.3.0,31f399e0,1,,0,,"{""burn_ttm"": 0.0, ""cash_total"": 287542000.0, ""dilution_risk"": null, ""has_revenue"": null, ""lead_phase"": null, ""runway_months"": null, ""stage_bucket"": ""early"", ""surv_score"": ""3.0"", ""tier1_count"": 0}",early|none|nonpos,0.050550596214511044,66.0115,-1.9101,,0,,0.0,0,0,neutral,-1.1831,,0.0,0.0,0.0,,,0.0,0,0,0,True,False,True,missing,0.0,adequate,<=1000bps,918.38,0.85,1,0,1.0,0,1.0,0,,False,no_upcoming,0.154502,price_history,,0,0.7873,price_history,,-0.094071,,48.0617,0.5471,-0.108271,0.0142,early,small,sev1,platform_diagnostics,morningstar,,,,0,0.6982341954022988505747126437,55.23,50,,59.33,17.71757983879196000408121621,76.00000000000000000000000000,17.8926,-1.0923,,,,,,,,,,,,-1.6843,unknown,1.0,215,0.050550596214511044,0.262887,-0.6345,19.47,0.393471,-0.2703,0.002528,0.0,0.0,0.0,0.0,0.002528,0.0
BRKR,Bruker Corporation,160,0.28,C,mod_quality+no_catalyst_data,,,C,0.730241,0.719231,1,,0,,,0,no_upcoming,9,headwind,,S,momentum_headwind,clinical_score:-21.7;financial_score:+16.9;catalyst_score:+10.6,tier=;reason=;cat_days=NA;strength=missing;decay_w=0.0,v1.3.0,31f399e0,1,,0,,"{""burn_ttm"": 95700000.0, ""cash_total"": 293100000.0, ""dilution_risk"": null, ""has_revenue"": null, ""lead_phase"": null, ""runway_months"": 36.75235109717868, ""stage_bucket"": ""early"", ""surv_score"": ""-1.0"", ""tier1_count"": 0}",early|none|nonpos,0.050550596214511044,56.409227,-1.9101,,0,,0.0,0,0,neutral,-1.1831,,0.0,0.0,0.0,,,0.0,0,0,0,True,False,True,missing,0.0,adequate,<=400bps,329.83,1.0,0,0,1.0,0,1.0,0,,False,no_upcoming,-0.290299,price_history,,0,0.4207,price_history,,-0.314954,,33.4166,0.4312,-0.108271,-0.206683,early,mid,sev1,platform_devices,morningstar,,,,0,0.6982434949267192784667418264,33.65,50,,69.59,17.71757983879196000408121621,56.27272727272727272727272728,17.8926,-1.0923,,,,,,,,,,,,-1.6843,unknown,1.0,213,0.050550596214511044,0.269759,-0.6135,15.66,0.252577,-0.6664,0.002528,0.0,0.0,0.0,0.0,0.002528,0.0
OPCH,"Option Care Health, Inc.",161,0.23,C,low_quality+no_catalyst_data,,,C,0.798969,0.365385,1,,0,,,0,no_upcoming,9,headwind,,S,momentum_headwind,clinical_score:-20.0;catalyst_score:+12.3;financial_score:+5.2,tier=;reason=;cat_days=NA;strength=missing;decay_w=0.0,v1.3.0,31f399e0,1,,0,,"{""burn_ttm"": 0.0, ""cash_total"": 232624000.0, ""dilution_risk"": null, ""has_revenue"": null, ""lead_phase"": null, ""runway_months"": null, ""stage_bucket"": ""early"", ""surv_score"": ""1.0"", ""tier1_count"": 0}",early|none|nonpos,0.050550596214511044,43.452735,-1.9101,,0,,0.0,0,0,neutral,-1.1831,,0.0,0.0,0.0,,,0.0,0,0,0,True,False,True,missing,0.0,adequate,<=1000bps,411.44,0.85,1,0,1.0,0,1.0,0,,False,no_upcoming,-0.136206,price_history,,0,0.2553,price_history,,-0.213822,,31.2956,0.3048,-0.108271,-0.105551,early,mid,sev1,platform_services,morningstar,,,,0,0.7335701459034792368125701459,40.26,50,,46.00,17.71757983879196000408121621,42.89052137536986021834506683,17.8926,-1.0923,,,,,,,,,,,,-1.6843,unknown,1.0,233,0.050550596214511044,0.201031,-0.8379,15.66,0.249141,-0.6772,0.002528,0.0,0.0,0.0,0.0,0.002528,0.0
GLPG,Galapagos NV,,,D,ineligible,D,ineligible,,0.946735,,0,0.059006,1,0.940994,79,0,specific_days,9,headwind,deep_drawdown|deep_drawdown_rel_xbi,XS,ineligible,financial_score:-39.7;clinical_score:+31.7;smart_money_score:+21.8,tier=D;reason=ineligible;cat_days=79;strength=near;decay_w=1.0,v1.3.0,31f399e0,0,financials_missing|deep_drawdown,1,"cash_runway_lt_6m,survivability_critical","{""burn_ttm"": 0.0, ""cash_total"": 0.0, ""dilution_risk"": null, ""has_revenue"": null, ""lead_phase"": null, ""runway_months"": 0.0, ""stage_bucket"": ""late"", ""surv_score"": ""-5.0"", ""tier1_count"": 3}",late|near_31_90|pos,-0.004878730769230769,,1.0059,0,1,1.4205,1.4561,3,3,buying,-0.0239,elite_3,0.0,0.0,0.0,,,0.0,0,0,0,True,False,True,near,1.0,critical,<=2000bps,1708.51,0.7,1,0,1.0,0,1.0,0,79,False,specific_days,-0.238596,price_history,,3,0.3429,price_history,,-0.408097,,21.9824,0.3097,-0.108271,-0.299826,late,unknown,sev2,drug_developer,morningstar,,,,0,0.8503525375606293623565598013,30.25,45.56250000000000000000000000,66.5,50,76.40718562874251497005988024,5,76.0572,1.3689,3.0,79,56,1.0,0.8122,1,1,0.0,0.4,0.6,autoimmune,0.6892,highly_crowded,1.0,276,-0.004878730769230769,0.053265,-1.614,21.99,0.458763,-0.1036,2.594576,2.18415,0.0,0.0,0.41067,-0.000244,0.0
ACRS,"Aclaris Therapeutics, Inc.",,,D,ineligible,D,ineligible,,0.0189,,0,0.071429,1,0.928571,381,0,specific_days,9,neutral,high_vol|deep_drawdown|deep_drawdown_rel_xbi,XS,ineligible,financial_score:-43.2;clinical_score:+27.4;smart_money_score:+15.1,tier=D;reason=ineligible;cat_days=381;strength=far;decay_w=0.3,v1.3.0,31f399e0,0,deep_drawdown,0,,"{""burn_ttm"": 33982000.0, ""cash_total"": 25256000.0, ""dilution_risk"": null, ""has_revenue"": null, ""lead_phase"": null, ""runway_months"": 8.918603966805955, ""stage_bucket"": ""late"", ""surv_score"": ""-2.0"", ""tier1_count"": 3}",late|far_271_540|pos,0.1,,1.0059,0,1,1.3978,1.4323,3,3,buying,-0.0239,elite_3,0.0,0.0,0.0,,,0.0,0,0,0,True,False,True,far,0.3,short,<=2000bps,1385.71,0.7,1,0,1.0,0,1.0,0,381,False,specific_days,0.022873,price_history,,3,0.8728,price_history,,-0.892237,,56.7389,1.5686,-0.108271,-0.783966,late,small,sev2,drug_developer,morningstar,,,,0,0.8552182044887780548628428928,51.98,45.56250000000000000000000000,63.5,90.00,75.86826347305389221556886228,5.200277777777777777777777778,75.0551,1.3265,3.0,,16,1.0,0.0104,0,0,0.0,0.7,0.5,dermatology,-0.4975,uncrowded,1.0,6,0.1,0.9811,2.077,12.27,0.11512,-1.1997,2.5514,2.14845,0.0,0.0,0.39795,0.005,0.0
ALT,"Altimmune, Inc.",,,D,ineligible,D,ineligible,,0.039519,,0,0.114907,1,0.885093,,0,no_upcoming,9,headwind,deep_drawdown|deep_drawdown_rel_xbi,XS,ineligible,momentum_score:-27.1;financial_score:+21.4;clinical_score:+21.1,tier=D;reason=ineligible;cat_days=NA;strength=missing;decay_w=0.0,v1.3.0,31f399e0,0,deep_drawdown,0,,"{""burn_ttm"": 48087000.0, ""cash_total"": 210776000.0, ""dilution_risk"": null, ""has_revenue"": null, ""lead_phase"": null, ""runway_months"": 52.5986649198328, ""stage_bucket"": ""late"", ""surv_score"": ""5.0"", ""tier1_count"": 1}",late|none|pos,0.1,,1.004,0,1,1.3147,1.345,1,1,selling,-0.7967,elite_1,0.0,0.0,0.0,,,0.0,0,0,0,True,False,True,missing,0.0,adequate,<=1000bps,696.34,0.85,1,0,1.0,0,1.0,0,,False,no_upcoming,-0.290199,price_history,,1,1.5523,price_history,,-0.557567,,36.5599,0.8891,-0.108271,-0.449296,late,small,none,drug_developer,morningstar,,,,0,0.8416931150818443083843558666,25.72,41.25000000000000000000000000,49.0,83.77,73.89221556886227544910179641,74.25000000000000000000000000,72.3099,1.2104,2.0,319,14,1.0,0.0701,0,0,0.0,0.4,0.55,metabolic,0.6892,highly_crowded,1.0,12,0.1,0.960481,1.7563,41.44,0.781787,0.7782,2.38562,2.0175,0.0,0.0,0.36312,0.005,0.0
OCUL,"Ocular Therapeutix, Inc.",,,D,ineligible,D,ineligible,,0.987973,,0,0.18323,1,0.81677,170,0,specific_days,9,headwind,deep_drawdown|deep_drawdown_rel_xbi,XS,ineligible,momentum_score:-18.4;catalyst_score:-15.4;financial_score:+14.2,tier=D;reason=ineligible;cat_days=170;strength=mid;decay_w=0.7,v1.3.0,31f399e0,0,deep_drawdown,0,,"{""burn_ttm"": 204883000.0, ""cash_total"": 737060000.0, ""dilution_risk"": null, ""has_revenue"": null, ""lead_phase"": null, ""runway_months"": 43.169613877188446, ""stage_bucket"": ""late"", ""surv_score"": ""5.0"", ""tier1_count"": 5}",late|near_91_180|pos,-0.01150522641509434,,0.9871,0,1,1.0276,1.0434,5,5,buying,0.7489,elite_5,0.0,0.0,0.0,,,0.0,0,0,0,True,False,True,mid,0.7,adequate,<=1000bps,442.9,0.85,1,0,1.0,0,1.0,0,170,False,specific_days,-0.367687,price_history,,5,1.4373,price_history,,-0.473925,,52.5073,0.7517,-0.108271,-0.365654,late,small,none,drug_developer,morningstar,,,,0,0.9,42.51,45.56250000000000000000000000,74.5,67.88,67.06586826347305389221556886,75.12500000000000000000000000,65.8423,0.9367,3.0,684,38,1.0,0.2203,0,0,0.0,0.4,0.55,ophthalmology,-0.4975,uncrowded,1.0,288,-0.01150522641509434,0.012027,-2.2562,50.95,0.960481,1.7563,1.845535,1.5651,0.0,0.0,0.28101,-0.000575,0.0
CHRS,"Coherus Oncology, Inc.",,,D,ineligible,D,ineligible,,0.101375,,0,0.201863,1,0.798137,,0,no_upcoming,9,headwind,deep_drawdown|deep_drawdown_rel_xbi,XS,ineligible,momentum_score:-21.1;financial_score:+15.4;clinical_score:+13.6,tier=D;reason=ineligible;cat_days=NA;strength=missing;decay_w=0.0,v1.3.0,31f399e0,0,deep_drawdown,0,,"{""burn_ttm"": 118797000.0, ""cash_total"": 191663000.0, ""dilution_risk"": null, ""has_revenue"": null, ""lead_phase"": null, ""runway_months"": 18.31919011700611, ""stage_bucket"": ""late"", ""surv_score"": ""2.0"", ""tier1_count"": 1}",late|none|pos,0.1,,0.9844,0,1,0.9823,0.9958,1,1,buying,-0.7967,elite_1,0.0,0.0,0.0,,,0.0,0,0,0,True,False,True,missing,0.0,adequate,<=2000bps,1725.6,0.7,1,0,1.0,0,1.0,0,,False,no_upcoming,-0.261697,price_history,,1,1.5865,price_history,,-0.689908,,36.6608,0.9928,-0.108271,-0.581637,late,micro,none,drug_developer,morningstar,,,,0,0.8252720605630470783061272770,31.28,41.25000000000000000000000000,55.5,90.00,65.98802395209580838323353294,67.78443113772455089820359281,65.9701,0.9421,3.0,,15,1.0,0.227,1,0,0.0,0.4,0.95,oncology,-0.4975,uncrowded,1.0,30,0.1,0.898625,1.2738,44.21,0.840206,0.9953,1.78133,1.4937,0.0,0.0,0.28263,0.005,0.0
VKTX,"Viking Therapeutics, Inc.",,,D,ineligible,D,ineligible,,0.40378,,0,0.046584,1,0.953416,,0,no_upcoming,9,tailwind,deep_drawdown|deep_drawdown_rel_xbi,XS,ineligible,financial_score:-41.4;clinical_score:+23.6;momentum_score:+22.7,tier=D;reason=ineligible;cat_days=NA;strength=missing;decay_w=0.0,v1.3.0,31f399e0,0,deep_drawdown,0,,"{""burn_ttm"": 278685000.0, ""cash_total"": 165810000.0, ""dilution_risk"": null, ""has_revenue"": null, ""lead_phase"": null, ""runway_months"": 7.139673825286614, ""stage_bucket"": ""mid"", ""surv_score"": ""-2.0"", ""tier1_count"": 3}",mid|none|pos,0.1,,0.2276,0,1,1.4454,1.4823,3,3,buying,-0.0239,elite_3,0.0,0.0,0.0,,,0.0,0,0,0,True,False,True,missing,0.0,short,<=400bps,319.17,1.0,0,0,1.0,0,1.0,0,,False,no_upcoming,-0.243724,price_history,,3,0.6701,price_history,,-0.449524,,31.2883,,-0.108271,-0.341253,mid,mid,sev2,drug_developer,morningstar,,,,0,0.7821440129449838187702265372,76.01,41.25000000000000000000000000,60.5,10.00,77.000,12.00179981634527089072543618,75.7677,1.3567,2.0,143,5,1.0,0.1702,0,0,0.0,0.4,0.55,metabolic,-0.4975,uncrowded,1.0,118,0.1,0.59622,0.2436,16.46,0.290378,-0.5523,1.89431,1.4823,0.0,0.0,0.40701,0.005,0.0
ENTA,"Enanta Pharmaceuticals, Inc.",,,D,ineligible,D,ineligible,,0.132302,,0,0.015528,1,0.984472,,0,no_upcoming,9,tailwind,deep_drawdown|deep_drawdown_rel_xbi,XS,ineligible,financial_score:-27.5;clinical_score:+26.5;catalyst_score:-9.2,tier=D;reason=ineligible;cat_days=NA;strength=missing;decay_w=0.0,v1.3.0,31f399e0,0,deep_drawdown,0,,"{""burn_ttm"": 11699000.0, ""cash_total"": 37437000.0, ""dilution_risk"": null, ""has_revenue"": null, ""lead_phase"": null, ""runway_months"": 38.40020514573895, ""stage_bucket"": ""mid"", ""surv_score"": ""5.0"", ""tier1_count"": 1}",mid|none|pos,0.1,,0.2439,0,1,1.4454,1.4823,1,1,buying,-0.7967,elite_1,0.0,0.0,0.0,,,0.0,0,0,0,True,False,True,missing,0.0,adequate,<=2000bps,1593.49,0.7,1,0,1.0,0,1.0,0,,False,no_upcoming,-0.074079,price_history,,1,1.1275,price_history,,-0.468983,,49.0539,0.5086,-0.108271,-0.360712,mid,small,none,drug_developer,morningstar,,,,0,0.7644271362456259171464047861,55.61,41.25000000000000000000000000,55.5,90.00,77.000,22.97351111111111111111111111,77.9369,1.4485,2.0,3,20,1.0,1.5966,2,2,0.0,0.8,0.55,infectious_disease,-0.4975,uncrowded,1.0,39,0.1,0.867698,1.1156,35.40,0.695876,0.5126,1.92185,1.4823,0.0,0.0,0.43455,0.005,0.0
SGMT,Sagimet Biosciences Inc. - Seri,,,D,ineligible,D,ineligible,,0.335052,,0,0.052795,1,0.947205,,0,no_upcoming,9,headwind,deep_drawdown|deep_drawdown_rel_xbi,XS,ineligible,clinical_score:+21.1;momentum_score:-15.6;catalyst_score:-14.3,tier=D;reason=ineligible;cat_days=NA;strength=missing;decay_w=0.0,v1.3.0,31f399e0,0,deep_drawdown,0,,"{""burn_ttm"": 33817000.0, ""cash_total"": 116693000.0, ""dilution_risk"": null, ""has_revenue"": null, ""lead_phase"": null, ""runway_months"": 41.40864062453795, ""stage_bucket"": ""mid"", ""surv_score"": ""5.0"", ""tier1_count"": 1}",mid|none|pos,0.1,,0.2239,0,1,1.434,1.4703,1,1,neutral,-0.7967,elite_1,0.0,0.0,0.0,,,0.0,0,0,0,True,False,True,missing,0.0,adequate,<=2000bps,1650.31,0.7,1,0,1.0,0,1.0,0,,False,no_upcoming,-0.048466,price_history,,1,1.2178,price_history,,-0.775244,,39.2827,0.6734,-0.108271,-0.666973,mid,micro,none,drug_developer,morningstar,,,,0,0.7592705599300087489063867017,39.97,41.25000000000000000000000000,52.5,90.00,76.72727272727272727272727273,67.53636363636363636363636363,75.8449,1.36,2.0,293,5,1.0,0.0871,0,0,0.0,0.4,0.95,oncology,0.6892,highly_crowded,1.0,98,0.1,0.664948,0.426,46.66,0.88488,1.1997,1.8833,1.4703,0.0,0.0,0.408,0.005,0.0
EYPT,"EyePoint, Inc.",,,D,ineligible,D,ineligible,,0.146048,,0,0.220497,1,0.779503,,0,no_upcoming,9,headwind,deep_drawdown|deep_drawdown_rel_xbi,XS,ineligible,financial_score:-32.2;smart_money_score:+31.7;momentum_score:-25.4,tier=D;reason=ineligible;cat_days=NA;strength=missing;decay_w=0.0,v1.3.0,31f399e0,0,deep_drawdown,0,,"{""burn_ttm"": 175063000.0, ""cash_total"": 204022000.0, ""dilution_risk"": null, ""has_revenue"": null, ""lead_phase"": null, ""runway_months"": 13.985045383661882, ""stage_bucket"": ""late"", ""surv_score"": ""2.0"", ""tier1_count"": 4}",late|none|pos,0.1,,0.9819,0,1,0.9521,0.964,4,4,buying,0.3625,elite_4,0.0,0.0,0.0,,,0.0,0,0,0,True,False,True,missing,0.0,short,<=1000bps,660.09,0.85,1,0,1.0,0,1.0,0,,False,no_upcoming,-0.564513,price_history,,4,0.9425,price_history,,-0.684281,,31.8116,0.7147,-0.108271,-0.57601,late,small,sev2,drug_developer,morningstar,,,,0,0.9,14.94,41.25000000000000000000000000,72.0,60.60,65.26946107784431137724550898,8.062499999999999999999999999,63.9018,0.8546,3.0,,10,1.0,0.3329,0,1,0.0,0.4,0.55,ophthalmology,0.2145,moderate,1.0,43,0.1,0.853952,1.0535,15.32,0.228522,-0.7437,1.70738,1.446,0.0,0.0,0.25638,0.005,0.0
ALDX,"Aldeyra Therapeutics, Inc.",,,D,ineligible,D,ineligible,,0.02921,,0,0.251553,1,0.748447,,0,no_upcoming,9,tailwind,deep_drawdown|deep_drawdown_rel_xbi,XS,ineligible,catalyst_score:-15.5;clinical_score:+6.7;momentum_score:+4.7,tier=D;reason=ineligible;cat_days=NA;strength=missing;decay_w=0.0,v1.3.0,31f399e0,0,deep_drawdown,0,,"{""burn_ttm"": 28046337.0, ""cash_total"": 75297339.0, ""dilution_risk"": null, ""has_revenue"": null, ""lead_phase"": null, ""runway_months"": 25.71376390435585, ""stage_bucket"": ""late"", ""surv_score"": ""2.0"", ""tier1_count"": 2}",late|none|pos,0.1,,0.7553,0,1,0.8765,0.8846,2,2,buying,-0.4103,elite_2,0.0,0.0,0.0,,,0.0,0,0,0,True,False,True,missing,0.0,adequate,<=2000bps,1320.43,0.7,1,0,1.0,0,1.0,0,,False,no_upcoming,0.300654,price_history,,2,0.649,price_history,,-0.656854,,43.9021,,-0.108271,-0.548583,late,small,none,drug_developer,morningstar,,,,0,0.8101043621013133208255159475,61.52,41.25000000000000000000000000,61.0,90.00,63.47305389221556886227544910,56.75000000000000000000000000,62.6797,0.8029,3.0,142,19,1.0,0.4594,0,1,0.0,0.8,0.55,ophthalmology,0.2145,moderate,1.0,9,0.1,0.97079,1.8925,32.03,0.637457,0.3517,1.57277,1.3269,0.0,0.0,0.24087,0.005,0.0
BNTX,BioNTech SE,,,D,ineligible,D,ineligible,,0.087629,,0,0.257764,1,0.742236,759,0,specific_days,9,neutral,,XS,ineligible,financial_score:-38.8;clinical_score:+19.1;smart_money_score:+13.2,tier=D;reason=ineligible;cat_days=759;strength=far;decay_w=0.3,v1.3.0,31f399e0,0,financials_missing,1,"cash_runway_lt_6m,survivability_critical","{""burn_ttm"": 0.0, ""cash_total"": 0.0, ""dilution_risk"": null, ""has_revenue"": null, ""lead_phase"": null, ""runway_months"": 0.0, ""stage_bucket"": ""late"", ""surv_score"": ""-5.0"", ""tier1_count"": 4}",late|far_271_540|pos,0.1,,0.9706,0,1,0.8539,0.8608,4,4,selling,0.3625,elite_4,0.0,0.0,0.0,,,0.0,0,0,0,True,False,True,far,0.3,critical,<=400bps,298.62,1.0,0,0,1.0,0,1.0,0,759,False,specific_days,0.045318,price_history,,4,0.6197,price_history,,-0.263831,,42.4343,0.3086,-0.108271,-0.15556,late,unknown,sev2,drug_developer,morningstar,,,,0,0.8558148498462993615511941357,48.53,45.56250000000000000000000000,57.0,50,62.93413173652694610778443114,5,63.8018,0.8503,3.0,161,72,1.0,1.1404,2,1,0.0,0.4,0.95,oncology,0.6892,highly_crowded,1.0,26,0.1,0.912371,1.3555,20.25,0.414089,-0.217,1.55129,1.2912,0.0,0.0,0.25509,0.005,0.0
SABS,"SAB Biotherapeutics, Inc.",,,D,ineligible,D,ineligible,,0.328179,,0,0.139752,1,0.860248,,0,no_upcoming,9,headwind,deep_drawdown|deep_drawdown_rel_xbi,XS,ineligible,momentum_score:-27.0;clinical_score:+21.2;financial_score:+9.2,tier=D;reason=ineligible;cat_days=NA;strength=missing;decay_w=0.0,v1.3.0,31f399e0,0,deep_drawdown,0,,"{""burn_ttm"": 27998784.0, ""cash_total"": 110880633.0, ""dilution_risk"": null, ""has_revenue"": null, ""lead_phase"": null, ""runway_months"": 47.52233511283919, ""stage_bucket"": ""mid"", ""surv_score"": ""5.0"", ""tier1_count"": 1}",mid|none|pos,0.1,,0.2023,0,1,1.2046,1.2293,1,1,buying,-0.7967,elite_1,0.0,0.0,0.0,,,0.0,0,0,0,True,False,True,missing,0.0,adequate,>2000bps,2020.0,0.55,1,0,1.0,0,1.0,0,,False,no_upcoming,-0.337094,price_history,,1,0.1475,price_history,,-0.686567,,45.8278,,-0.108271,-0.578296,mid,micro,none,drug_developer,morningstar,,,,0,0.7639888500218627022299956275,23.02,41.25000000000000000000000000,55.5,88.75,71.27272727272727272727272727,59.27272727272727272727272727,69.6904,1.0995,2.0,,5,1.0,0.0362,0,0,0.0,0.4,0.55,infectious_disease,0.6892,highly_crowded,1.0,96,0.1,0.671821,0.4449,44.54,0.843643,1.0095,1.56415,1.2293,0.0,0.0,0.32985,0.005,0.0
IMMP,Immutep Limited,,,D,ineligible,D,ineligible,,0.967354,,0,0.189441,1,0.810559,352,0,specific_days,9,tailwind,,XS,ineligible,financial_score:-38.2;clinical_score:+23.3;momentum_score:+12.9,tier=D;reason=ineligible;cat_days=352;strength=far;decay_w=0.3,v1.3.0,31f399e0,0,financials_missing,1,"cash_runway_lt_6m,survivability_critical","{""burn_ttm"": 0.0, ""cash_total"": 0.0, ""dilution_risk"": null, ""has_revenue"": null, ""lead_phase"": null, ""runway_months"": 0.0, ""stage_bucket"": ""mid"", ""surv_score"": ""-5.0"", ""tier1_count"": 0}",mid|far_271_540|pos,-0.008160016393442623,,0.1955,0,1,1.021,1.0365,0,0,neutral,-1.1831,,0.0,0.0,0.0,,,0.0,0,0,0,True,False,True,far,0.3,critical,>2000bps,2020.0,0.55,1,0,1.0,0,1.0,0,352,False,specific_days,0.107746,price_history,,0,-0.0812,price_history,,-0.160991,,47.1575,0.7295,-0.108271,-0.05272,mid,unknown,sev2,drug_developer,morningstar,,,,0,0.7435914475837242282098832770,56.47,45.56250000000000000000000000,,50,66.90909090909090909090909091,5.364554637281910009182736455,67.0808,0.9891,2.0,164,12,1.0,0.3531,0,1,0.0714,0.5,0.95,oncology,0.6892,highly_crowded,1.0,282,-0.008160016393442623,0.032646,-1.8433,18.24,0.369416,-0.3334,1.332822,1.0365,0.0,0.0,0.29673,-0.000408,0.0
LENZ,"LENZ Therapeutics, Inc.",,,D,ineligible,D,ineligible,,0.238832,,0,0.326087,1,0.673913,,0,no_upcoming,9,tailwind,,XS,ineligible,financial_score:-47.7;momentum_score:+32.7;smart_money_score:+21.1,tier=D;reason=ineligible;cat_days=NA;strength=missing;decay_w=0.0,v1.3.0,31f399e0,0,fundamental_red_flag,1,survivability_critical,"{""burn_ttm"": 36145000.0, ""cash_total"": 25399000.0, ""dilution_risk"": null, ""has_revenue"": null, ""lead_phase"": null, ""runway_months"": 8.432369622354406, ""stage_bucket"": ""late"", ""surv_score"": ""-5.0"", ""tier1_count"": 6}",late|none|pos,0.1,,0.7359,0,1,0.665,0.6624,6,6,buying,1.1353,elite_6,0.0,0.0,0.0,,,0.0,0,0,0,True,False,True,missing,0.0,short,<=1000bps,831.52,0.85,1,0,1.0,0,1.0,0,,False,no_upcoming,0.256216,price_history,,6,1.6249,price_history,,-0.169727,,60.8068,1.0281,-0.108271,-0.061456,late,small,sev2,drug_developer,morningstar,,,,0,0.8295253090739444833216701656,85.64,41.25000000000000000000000000,74.0,79.14,58.44311377245508982035928144,5.200277777777777777777777778,58.5084,0.6264,3.0,66,4,1.0,0.8654,1,1,0.0,0.4,0.55,ophthalmology,-2.8711,uncrowded,1.0,70,0.1,0.761168,0.7101,11.44,0.087629,-1.3555,1.18652,0.9936,0.0,0.0,0.18792,0.005,0.0
ACIU,AC Immune SA,,,D,ineligible,D,ineligible,,0.88488,,0,0.208075,1,0.791925,109,0,specific_days,9,tailwind,,XS,ineligible,financial_score:-40.5;momentum_score:+20.9;clinical_score:+20.0,tier=D;reason=ineligible;cat_days=109;strength=near;decay_w=1.0,v1.3.0,31f399e0,0,financials_missing,1,"cash_runway_lt_6m,survivability_critical","{""burn_ttm"": 0.0, ""cash_total"": 0.0, ""dilution_risk"": null, ""has_revenue"": null, ""lead_phase"": null, ""runway_months"": 0.0, ""stage_bucket"": ""mid"", ""surv_score"": ""-5.0"", ""tier1_count"": 0}",mid|near_91_180|pos,0.0022525925925925925,,0.1942,0,1,0.9752,0.9883,0,0,neutral,-1.1831,,0.0,0.0,0.0,,,0.0,0,0,0,True,False,True,near,1.0,critical,>2000bps,2020.0,0.55,1,0,1.0,0,1.0,0,109,False,specific_days,0.362346,price_history,,0,1.4955,price_history,,-0.148,,55.9518,0.7916,-0.108271,-0.039729,mid,unknown,sev2,drug_developer,morningstar,,,,0,0.7305280533100284028839851431,66.72,45.56250000000000000000000000,,50,65.81818181818181818181818182,5.364554637281910009182736455,64.5008,0.8799,2.0,109,6,1.0,0.4291,0,1,0.0,0.4,0.6,cns,0.6892,highly_crowded,1.0,258,0.0022525925925925925,0.11512,-1.1997,19.64,0.407216,-0.2347,1.252383,0.9883,0.0,0.0,0.26397,0.000113,0.0
QURE,uniQure N.V.,,,D,ineligible,D,ineligible,,0.310997,,0,0.226708,1,0.773292,,0,no_upcoming,9,headwind,high_vol|deep_drawdown|deep_drawdown_rel_xbi,XS,ineligible,catalyst_score:-21.0;smart_money_score:+20.7;momentum_score:-19.7,tier=D;reason=ineligible;cat_days=NA;strength=missing;decay_w=0.0,v1.3.0,31f399e0,0,deep_drawdown,0,,"{""burn_ttm"": 100394000.0, ""cash_total"": 597056000.0, ""dilution_risk"": null, ""has_revenue"": null, ""lead_phase"": null, ""runway_months"": 71.36553977329322, ""stage_bucket"": ""mid"", ""surv_score"": ""5.0"", ""tier1_count"": 9}",mid|none|pos,0.1,,0.1919,0,1,0.9293,0.9401,9,9,buying,2.2946,elite_9,0.0,0.0,0.0,,,0.0,0,0,0,True,False,True,missing,0.0,adequate,<=1000bps,501.73,0.85,1,0,1.0,0,1.0,0,,False,no_upcoming,-0.034353,price_history,,9,0.8555,price_history,,-0.748586,,44.3405,1.3016,-0.108271,-0.640315,mid,small,none,drug_developer,morningstar,,,,0,0.8014128605094826618785770396,42.61,41.25000000000000000000000000,83.0,53.75,64.72727272727272727272727273,79.850,63.7174,0.8468,2.0,,11,1.0,0.0004,0,0,0.0,0.3,0.75,rare_disease,-0.4975,uncrowded,1.0,91,0.1,0.689003,0.493,36.94,0.709622,0.5523,1.19914,0.9401,0.0,0.0,0.25404,0.005,0.0
GMAB,Genmab A/S,,,D,ineligible,D,ineligible,,0.166667,,0,0.357143,1,0.642857,1387,0,specific_days,9,headwind,deep_drawdown|deep_drawdown_rel_xbi,XS,ineligible,financial_score:-36.6;smart_money_score:+18.9;clinical_score:+14.7,tier=D;reason=ineligible;cat_days=1387;strength=far;decay_w=0.3,v1.3.0,31f399e0,0,financials_missing,1,"cash_runway_lt_6m,survivability_critical","{""burn_ttm"": 0.0, ""cash_total"": 0.0, ""dilution_risk"": null, ""has_revenue"": null, ""lead_phase"": null, ""runway_months"": 0.0, ""stage_bucket"": ""late"", ""surv_score"": ""-5.0"", ""tier1_count"": 3}",late|far_271_540|pos,0.1,,0.9491,0,1,0.5743,0.5671,3,3,buying,-0.0239,elite_3,0.0,0.0,0.0,,,0.0,0,0,0,True,False,True,far,0.3,critical,<=1000bps,453.45,0.85,1,0,1.0,0,1.0,0,1387,False,specific_days,-0.09343,price_history,,3,0.4734,price_history,,-0.380045,,31.7267,0.3342,-0.108271,-0.271774,late,unknown,sev2,drug_developer,morningstar,,,,0,0.8430982962612399432087079981,40.78,45.56250000000000000000000000,60.5,50,56.28742514970059880239520958,5,56.5722,0.5444,3.0,291,47,1.0,0.4453,0,1,0.0164,0.5,0.95,oncology,0.6892,highly_crowded,1.0,49,0.1,0.833333,0.9674,17.34,0.314433,-0.4833,1.01897,0.85065,0.0,0.0,0.16332,0.005,0.0
MESO,Mesoblast Limited,,,D,ineligible,D,ineligible,,0.256014,,0,0.34472,1,0.65528,,0,no_upcoming,9,tailwind,,XS,ineligible,momentum_score:+46.7;financial_score:-44.9;catalyst_score:-8.6,tier=D;reason=ineligible;cat_days=NA;strength=missing;decay_w=0.0,v1.3.0,31f399e0,0,financials_missing,1,"cash_runway_lt_6m,sponsor_absent_late_stage,survivability_critical","{""burn_ttm"": 0.0, ""cash_total"": 0.0, ""dilution_risk"": null, ""has_revenue"": null, ""lead_phase"": null, ""runway_months"": 0.0, ""stage_bucket"": ""late"", ""surv_score"": ""-5.0"", ""tier1_count"": 0}",late|none|pos,0.1,,0.7309,0,1,0.5894,0.583,0,0,neutral,-1.1831,,0.0,0.0,0.0,,,0.0,0,0,0,True,False,True,missing,0.0,critical,<=2000bps,1723.07,0.7,1,0,1.0,0,1.0,0,,False,no_upcoming,2.156797,price_history,,0,0.1474,price_history,,-0.246377,,51.1259,0.5347,-0.108271,-0.138106,late,unknown,sev2,drug_developer,morningstar,,,,0,0.7992575876798561151079136691,96.55,41.25000000000000000000000000,,50,56.64670658682634730538922156,5,55.4144,0.4954,3.0,839,32,1.0,0.0014,0,0,0.0,0.4,0.6,autoimmune,-0.4975,uncrowded,1.0,75,0.1,0.743986,0.6557,15.35,0.231959,-0.7324,1.02812,0.8745,0.0,0.0,0.14862,0.005,0.0
AVXL,Anavex Life Sciences Corp.,,,D,ineligible,D,ineligible,,0.073883,,0,0.388199,1,0.611801,,0,no_upcoming,9,headwind,deep_drawdown|deep_drawdown_rel_xbi,XS,ineligible,momentum_score:-22.2;financial_score:+19.7;clinical_score:+8.0,tier=D;reason=ineligible;cat_days=NA;strength=missing;decay_w=0.0,v1.3.0,31f399e0,0,fundamental_red_flag|deep_drawdown,1,sponsor_absent_late_stage,"{""burn_ttm"": 7151000.0, ""cash_total"": 131749000.0, ""dilution_risk"": null, ""has_revenue"": null, ""lead_phase"": null, ""runway_months"": 221.0862816389316, ""stage_bucket"": ""late"", ""surv_score"": ""5.0"", ""tier1_count"": 0}",late|none|pos,0.1,,0.7278,0,1,0.5063,0.4957,0,0,neutral,-1.1831,,0.0,0.0,0.0,,,0.0,0,0,0,True,False,True,missing,0.0,adequate,<=2000bps,1131.52,0.7,1,0,1.0,0,1.0,0,,False,no_upcoming,-0.211113,price_history,,0,1.4667,price_history,,-0.621106,,41.6191,1.1868,-0.108271,-0.512835,late,small,none,drug_developer,morningstar,,,,0,0.7970752122444099007533181873,24.53,41.25000000000000000000000000,,84.44,54.67065868263473053892215569,66.37500000000000000000000000,54.6023,0.4611,3.0,,8,1.0,1.0418,1,1,0.0,0.4,0.6,cns,0.6892,highly_crowded,1.0,22,0.1,0.926117,1.4475,31.68,0.627148,0.3243,0.88688,0.74355,0.0,0.0,0.13833,0.005,0.0
ABVX,Abivax SA,,,D,ineligible,D,ineligible,,0.008591,,0,0.413043,1,0.586957,,0,no_upcoming,9,neutral,,XS,ineligible,financial_score:-42.0;smart_money_score:+38.0;catalyst_score:-5.8,tier=D;reason=ineligible;cat_days=NA;strength=missing;decay_w=0.0,v1.3.0,31f399e0,0,financials_missing,1,"cash_runway_lt_6m,survivability_critical","{""burn_ttm"": 0.0, ""cash_total"": 0.0, ""dilution_risk"": null, ""has_revenue"": null, ""lead_phase"": null, ""runway_months"": 0.0, ""stage_bucket"": ""late"", ""surv_score"": ""-5.0"", ""tier1_count"": 8}",late|none|pos,0.1,,0.7216,0,1,0.4232,0.4084,8,8,buying,1.9082,elite_8,0.0,0.0,0.0,,,0.0,0,0,0,True,False,True,missing,0.0,critical,<=400bps,240.42,1.0,0,0,1.0,0,1.0,0,,False,no_upcoming,-0.089631,price_history,,8,0.0899,price_history,,-0.145374,,44.703,0.7549,-0.108271,-0.037103,late,unknown,sev2,drug_developer,morningstar,,,,0,0.7756972864768683274021352313,51.18,41.25000000000000000000000000,85,50,52.69461077844311377245508982,5,51.1123,0.3134,3.0,375,10,1.0,0.1442,0,0,0.0,0.4,0.55,infectious_disease,0.6892,highly_crowded,1.0,3,0.1,0.991409,2.3828,13.55,0.16323,-0.9813,0.71162,0.6126,0.0,0.0,0.09402,0.005,0.0
TARA,"Protara Therapeutics, Inc.",,,D,ineligible,D,ineligible,,0.369416,,0,0.363354,1,0.636646,,0,no_upcoming,9,headwind,deep_drawdown|deep_drawdown_rel_xbi,XS,ineligible,financial_score:+15.3;catalyst_score:-11.4;momentum_score:-9.2,tier=D;reason=ineligible;cat_days=NA;strength=missing;decay_w=0.0,v1.3.0,31f399e0,0,deep_drawdown,0,,"{""burn_ttm"": 39415000.0, ""cash_total"": 132670000.0, ""dilution_risk"": null, ""has_revenue"": null, ""lead_phase"": null, ""runway_months"": 40.39172903716859, ""stage_bucket"": ""mid"", ""surv_score"": ""5.0"", ""tier1_count"": 1}",mid|none|pos,0.1,,-0.5782,81,1,0.5622,0.5544,1,1,selling,-0.7967,elite_1,0.0,0.0,0.0,,,0.0,0,0,0,True,False,True,missing,0.0,adequate,<=2000bps,1168.53,0.7,1,0,1.0,0,1.0,0,,False,no_upcoming,-0.336321,price_history,,1,0.7245,price_history,,-0.467909,,37.3214,,-0.108271,-0.359638,mid,small,none,drug_developer,morningstar,,,,0,0.8194746714590587442435134224,43.45,41.25000000000000000000000000,54.5,61.25,56.00000000000000000000000000,67.88000000000000000000000000,55.9406,0.5177,2.0,81,3,0.6667,0.257,2,0,0.0,0.3,0.95,oncology,-0.4975,uncrowded,1.0,108,0.1,0.630584,0.3334,43.43,0.829897,0.9538,0.71471,0.5544,0.0,0.0,0.15531,0.005,0.0
VTYX,"Ventyx Biosciences, Inc.",,,D,ineligible,D,ineligible,,0.689003,,0,0.996894,1,0.003106,,0,no_upcoming,9,headwind,high_vol|deep_drawdown|deep_drawdown_rel_xbi,XS,ineligible,clinical_score:-35.8;smart_money_score:+31.2;financial_score:+17.0,tier=D;reason=ineligible;cat_days=NA;strength=missing;decay_w=0.0,v1.3.0,31f399e0,0,deep_drawdown,0,,"{""burn_ttm"": 64503000.0, ""cash_total"": 192638000.0, ""dilution_risk"": null, ""has_revenue"": null, ""lead_phase"": null, ""runway_months"": 35.8379610250686, ""stage_bucket"": ""mid"", ""surv_score"": ""5.0"", ""tier1_count"": 4}",mid|none|nonpos,0.0631838407643312,,0.0349,0,1,-1.5828,-1.699,4,4,buying,0.3625,elite_4,0.0,0.0,0.0,,,0.0,0,0,0,True,False,True,missing,0.0,adequate,<=1000bps,449.97,0.85,1,0,1.0,0,1.0,0,,False,no_upcoming,-0.552229,price_history,,4,1.7796,price_history,,-0.928536,,31.8307,1.2298,-0.108271,-0.820265,mid,small,none,drug_developer,morningstar,,,,0,0.7407662748643761301989150090,27.75,41.25000000000000000000000000,72.0,18.75,5,57.80000000000000000000000000,4.7544,-1.6483,2.0,13,3,0.6667,0.8973,1,1,0.0,0.4,0.6,autoimmune,0.6892,highly_crowded,1.0,201,0.0631838407643312,0.310997,-0.493,14.74,0.201031,-0.8379,0.003159,0.0,0.0,0.0,0.0,0.003159,0.0
VOR,Vor Biopharma Inc.,,,D,ineligible,D,ineligible,,0.606529,,0,0.990683,1,0.009317,,0,no_upcoming,9,headwind,high_vol|deep_drawdown|deep_drawdown_rel_xbi,XS,ineligible,clinical_score:-22.3;catalyst_score:+13.9;financial_score:+13.7,tier=D;reason=ineligible;cat_days=NA;strength=missing;decay_w=0.0,v1.3.0,31f399e0,0,fundamental_red_flag|deep_drawdown,1,sponsor_absent_late_stage,"{""burn_ttm"": 119912000.0, ""cash_total"": 170462000.0, ""dilution_risk"": null, ""has_revenue"": null, ""lead_phase"": null, ""runway_months"": 17.05870972046167, ""stage_bucket"": ""late"", ""surv_score"": ""2.0"", ""tier1_count"": 0}",late|none|nonpos,0.08147540126382306,,-0.5814,202,1,-1.5828,-1.699,0,0,neutral,-1.1831,,0.0,0.0,0.0,,,0.0,0,0,0,True,False,True,missing,0.0,adequate,<=1000bps,610.22,0.85,1,0,1.0,0,1.0,0,,False,no_upcoming,-0.317644,price_history,,0,1.213,price_history,,-0.773176,,27.5184,1.6831,-0.108271,-0.664905,late,small,sev1,drug_developer,morningstar,,,,0,0.8026212085025077621208502508,22.06,41.25000000000000000000000000,,56.62,5,41.01408179012345679012345679,3.8627,-1.686,3.0,202,5,1.0,0.5759,0,0,0.0,0.4,0.6,autoimmune,0.6892,highly_crowded,1.0,177,0.08147540126382306,0.393471,-0.2703,5.68,0.025773,-1.9469,0.004074,0.0,0.0,0.0,0.0,0.004074,0.0
GHRS,GH Research PLC,,,D,ineligible,D,ineligible,,0.156357,,0,0.39441,1,0.60559,,0,no_upcoming,9,tailwind,,XS,ineligible,financial_score:-44.8;momentum_score:+28.8;smart_money_score:+21.3,tier=D;reason=ineligible;cat_days=NA;strength=missing;decay_w=0.0,v1.3.0,31f399e0,0,financials_missing,1,"cash_runway_lt_6m,survivability_critical","{""burn_ttm"": 0.0, ""cash_total"": 0.0, ""dilution_risk"": null, ""has_revenue"": null, ""lead_phase"": null, ""runway_months"": 0.0, ""stage_bucket"": ""mid"", ""surv_score"": ""-5.0"", ""tier1_count"": 5}",mid|none|pos,0.1,,0.1794,0,1,0.4704,0.458,5,5,buying,0.7489,elite_5,0.0,0.0,0.0,,,0.0,0,0,0,True,False,True,missing,0.0,critical,<=2000bps,1358.9,0.7,1,0,1.0,0,1.0,0,,False,no_upcoming,0.091659,price_history,,5,0.0463,price_history,,-0.190412,,45.3381,0.9535,-0.108271,-0.082141,mid,unknown,sev2,drug_developer,morningstar,,,,0,0.7621633160397751837440553394,78.96,41.25000000000000000000000000,71.5,50,53.81818181818181818181818182,5.364554637281910009182736455,53.7833,0.4264,2.0,49,3,0.6667,1.3398,1,3,0.0,0.4,0.6,cns,0.6892,highly_crowded,1.0,46,0.1,0.843643,1.0095,15.87,0.266323,-0.624,0.59092,0.458,0.0,0.0,0.12792,0.005,0.0
KOD,Kodiak Sciences Inc,,,D,ineligible,D,ineligible,,0.527491,,0,0.965839,1,0.034161,,0,no_upcoming,9,headwind,deep_drawdown|deep_drawdown_rel_xbi,XS,ineligible,smart_money_score:+37.6;clinical_score:-23.9;financial_score:-23.7,tier=D;reason=ineligible;cat_days=NA;strength=missing;decay_w=0.0,v1.3.0,31f399e0,0,deep_drawdown,0,,"{""burn_ttm"": 96630000.0, ""cash_total"": 72038000.0, ""dilution_risk"": null, ""has_revenue"": null, ""lead_phase"": null, ""runway_months"": 8.94604160198696, ""stage_bucket"": ""late"", ""surv_score"": ""-2.0"", ""tier1_count"": 3}",late|none|nonpos,0.08147540126382306,,0.6145,0,1,-1.5828,-1.699,3,3,buying,-0.0239,elite_3,0.0,0.0,0.0,,,0.0,0,0,0,True,False,True,missing,0.0,short,<=1000bps,676.83,0.85,1,0,1.0,0,1.0,0,,False,no_upcoming,-0.455846,price_history,,3,1.6184,price_history,,-0.694897,,36.7971,0.8241,-0.108271,-0.586626,late,small,sev2,drug_developer,morningstar,,,,0,0.8621078447371488518475346777,26.69,41.25000000000000000000000000,66.5,40.73,5,5.200277777777777777777777778,3.1369,-1.7167,3.0,596,5,1.0,0.0104,0,0,0.0,0.3,0.55,ophthalmology,0.6892,highly_crowded,1.0,154,0.08147540126382306,0.472509,-0.069,6.29,0.032646,-1.8433,0.004074,0.0,0.0,0.0,0.0,0.004074,0.0
IVVD,"Invivyd, Inc.",,,D,ineligible,D,ineligible,,0.524055,,0,0.959627,1,0.040373,,0,no_upcoming,9,headwind,high_vol|deep_drawdown|deep_drawdown_rel_xbi,XS,ineligible,smart_money_score:+35.2;clinical_score:-25.3;momentum_score:-14.5,tier=D;reason=ineligible;cat_days=NA;strength=missing;decay_w=0.0,v1.3.0,31f399e0,0,deep_drawdown,0,,"{""burn_ttm"": 42680000.0, ""cash_total"": 84967000.0, ""dilution_risk"": null, ""has_revenue"": null, ""lead_phase"": null, ""runway_months"": 23.88950328022493, ""stage_bucket"": ""late"", ""surv_score"": ""2.0"", ""tier1_count"": 3}",late|none|nonpos,0.08147540126382306,,0.6151,0,1,-1.5828,-1.699,3,3,buying,-0.0239,elite_3,0.0,0.0,0.0,,,0.0,0,0,0,True,False,True,missing,0.0,adequate,<=2000bps,1286.76,0.7,1,0,1.0,0,1.0,0,,False,no_upcoming,-0.463594,price_history,,3,1.1037,price_history,,-0.686508,,29.9003,1.2594,-0.108271,-0.578237,late,small,sev1,drug_developer,morningstar,,,,0,0.8283508526045316514832982948,15.77,41.25000000000000000000000000,65.5,59.27,5,24.00694444444444444444444444,3.6493,-1.695,3.0,158,3,0.6667,0.402,0,1,0.0,0.4,0.55,infectious_disease,0.6892,highly_crowded,1.0,153,0.08147540126382306,0.475945,-0.0603,11.12,0.084192,-1.3774,0.004074,0.0,0.0,0.0,0.0,0.004074,0.0
APGE,"Apogee Therapeutics, Inc.",,,D,ineligible,D,ineligible,,0.630584,,0,0.940994,1,0.059006,,0,no_upcoming,9,headwind,deep_drawdown|deep_drawdown_rel_xbi,XS,ineligible,clinical_score:-37.6;smart_money_score:+28.4;financial_score:+9.5,tier=D;reason=ineligible;cat_days=NA;strength=missing;decay_w=0.0,v1.3.0,31f399e0,0,deep_drawdown,0,,"{""burn_ttm"": 164761000.0, ""cash_total"": 527289000.0, ""dilution_risk"": null, ""has_revenue"": null, ""lead_phase"": null, ""runway_months"": 38.403918403020135, ""stage_bucket"": ""mid"", ""surv_score"": ""5.0"", ""tier1_count"": 6}",mid|none|nonpos,0.0631838407643312,,-1.1931,870,1,-1.5828,-1.699,6,6,buying,1.1353,elite_6,0.0,0.0,0.0,,,0.0,0,0,0,True,False,True,missing,0.0,adequate,<=400bps,387.44,1.0,0,0,1.0,0,1.0,0,,False,no_upcoming,-0.33478,price_history,,6,1.4234,price_history,,-0.410602,,35.2537,0.4778,-0.108271,-0.302331,mid,mid,none,drug_developer,morningstar,,,,0,0.8076609600679694137638062872,43.79,41.25000000000000000000000000,71.0,50,5,52.07272727272727272727272728,3.4177,-1.7048,2.0,870,1,0.0,0.0007,0,0,0.0,0.4,0.5,dermatology,0.6892,highly_crowded,1.0,184,0.0631838407643312,0.369416,-0.3334,21.31,0.438144,-0.1557,0.003159,0.0,0.0,0.0,0.0,0.003159,0.0
ACRV,"Acrivon Therapeutics, Inc.",,,D,ineligible,D,ineligible,,0.623711,,0,0.934783,1,0.065217,,0,no_upcoming,9,tailwind,deep_drawdown|deep_drawdown_rel_xbi,XS,ineligible,clinical_score:-42.7;financial_score:+19.9;momentum_score:+15.9,tier=D;reason=ineligible;cat_days=NA;strength=missing;decay_w=0.0,v1.3.0,31f399e0,0,deep_drawdown,0,,"{""burn_ttm"": 48428000.0, ""cash_total"": 129254000.0, ""dilution_risk"": null, ""has_revenue"": null, ""lead_phase"": null, ""runway_months"": 32.02791773354258, ""stage_bucket"": ""mid"", ""surv_score"": ""5.0"", ""tier1_count"": 2}",mid|none|nonpos,0.0631838407643312,,-1.1931,869,1,-1.5828,-1.699,2,2,buying,-0.4103,elite_2,0.0,0.0,0.0,,,0.0,0,0,0,True,False,True,missing,0.0,adequate,>2000bps,2020.0,0.55,1,0,1.0,0,1.0,0,,False,no_upcoming,0.195815,price_history,,2,1.2053,price_history,,-0.468864,,42.045,,-0.108271,-0.360593,mid,micro,none,drug_developer,morningstar,,,,0,0.7221632865314612584503380135,63.51,41.25000000000000000000000000,61.0,50,5,67.53636363636363636363636363,3.8369,-1.6871,2.0,869,1,0.0,0.0007,0,0,0.0,0.3,0.95,oncology,0.6892,highly_crowded,1.0,182,0.0631838407643312,0.376289,-0.3152,15.71,0.25945,-0.645,0.003159,0.0,0.0,0.0,0.0,0.003159,0.0
REPL,"Replimune Group, Inc.",,,D,ineligible,D,ineligible,,0.579038,,0,0.916149,1,0.083851,,0,no_upcoming,9,tailwind,deep_drawdown|deep_drawdown_rel_xbi,XS,ineligible,clinical_score:-35.4;momentum_score:+15.0;smart_money_score:+11.9,tier=D;reason=ineligible;cat_days=NA;strength=missing;decay_w=0.0,v1.3.0,31f399e0,0,deep_drawdown,0,,"{""burn_ttm"": 224183000.0, ""cash_total"": 269137000.0, ""dilution_risk"": null, ""has_revenue"": null, ""lead_phase"": null, ""runway_months"": 14.12718492467587, ""stage_bucket"": ""late"", ""surv_score"": ""2.0"", ""tier1_count"": 5}",late|none|nonpos,0.08147540126382306,,-0.6132,327,1,-1.5494,-1.6639,5,5,selling,0.7489,elite_5,0.0,0.0,0.0,,,0.0,0,0,0,True,False,True,missing,0.0,adequate,<=1000bps,964.73,0.85,1,0,1.0,0,1.0,0,,False,no_upcoming,0.076318,price_history,,5,1.2523,price_history,,-0.651749,,61.6576,0.5897,-0.108271,-0.543478,late,small,sev1,drug_developer,morningstar,,,,0,0.8335079753172662708115030853,56.19,41.25000000000000000000000000,53.0,71.19,5.794757789809602352181863815,49.50077160493827160493827160,4.6316,-1.6535,3.0,1662,10,1.0,0.0751,0,0,0.0,0.3,0.95,oncology,0.6892,highly_crowded,1.0,169,0.08147540126382306,0.420962,-0.1994,10.82,0.07732,-1.4233,0.004074,0.0,0.0,0.0,0.0,0.004074,0.0
NTLA,"Intellia Therapeutics, Inc.",,,D,ineligible,D,ineligible,,0.54811,,0,0.909938,1,0.090062,,0,no_upcoming,9,headwind,high_vol|deep_drawdown|deep_drawdown_rel_xbi,XS,ineligible,clinical_score:-31.8;smart_money_score:+16.9;financial_score:+8.0,tier=D;reason=ineligible;cat_days=NA;strength=missing;decay_w=0.0,v1.3.0,31f399e0,0,deep_drawdown,0,,"{""burn_ttm"": 325451000.0, ""cash_total"": 511044000.0, ""dilution_risk"": null, ""has_revenue"": null, ""lead_phase"": null, ""runway_months"": 18.843168403231207, ""stage_bucket"": ""late"", ""surv_score"": ""3.0"", ""tier1_count"": 1}",late|none|nonpos,0.08147540126382306,,0.641,0,1,-1.5289,-1.6424,1,1,neutral,-0.7967,elite_1,0.0,0.0,0.0,,,0.0,0,0,0,True,False,True,missing,0.0,adequate,<=1000bps,404.59,0.85,1,0,1.0,0,1.0,0,,False,no_upcoming,-0.040247,price_history,,1,1.5188,price_history,,-0.450633,,56.1908,1.2984,-0.108271,-0.342362,late,small,sev1,drug_developer,morningstar,,,,0,0.8137023572182479183769203706,41.91,41.25000000000000000000000000,55.0,70.29,6.280652268317656104955757154,46.04938271604938271604938271,5.2016,-1.6293,3.0,455,6,1.0,0.0067,0,0,0.0,0.4,0.75,rare_disease,0.6892,highly_crowded,1.0,160,0.08147540126382306,0.45189,-0.1209,14.33,0.187285,-0.8879,0.004074,0.0,0.0,0.0,0.0,0.004074,0.0
CMPX,"Compass Therapeutics, Inc.",,,D,ineligible,D,ineligible,,0.108247,,0,0.425466,1,0.574534,,0,no_upcoming,9,headwind,deep_drawdown|deep_drawdown_rel_xbi,XS,ineligible,momentum_score:-22.4;financial_score:+16.7;clinical_score:+8.0,tier=D;reason=ineligible;cat_days=NA;strength=missing;decay_w=0.0,v1.3.0,31f399e0,0,deep_drawdown,0,,"{""burn_ttm"": 35889000.0, ""cash_total"": 219895000.0, ""dilution_risk"": null, ""has_revenue"": null, ""lead_phase"": null, ""runway_months"": 73.5250355262058, ""stage_bucket"": ""mid"", ""surv_score"": ""5.0"", ""tier1_count"": 0}",mid|none|pos,0.1,,0.1688,0,1,0.3787,0.3616,0,0,neutral,-1.1831,,0.0,0.0,0.0,,,0.0,0,0,0,True,False,True,missing,0.0,adequate,<=1000bps,913.08,0.85,1,0,1.0,0,1.0,0,,False,no_upcoming,-0.454972,price_history,,0,0.5984,price_history,,-0.673529,,24.3419,,-0.108271,-0.565258,mid,small,none,drug_developer,morningstar,,,,0,0.8411800818553888130968622101,21.21,41.25000000000000000000000000,,31.25,51.63636363636363636363636364,60.32000000000000000000000000,50.4732,0.2863,2.0,318,5,1.0,0.1706,0,0,0.0,0.3,0.95,oncology,0.6892,highly_crowded,1.0,32,0.1,0.891753,1.2359,33.98,0.671821,0.4449,0.45249,0.3616,0.0,0.0,0.08589,0.005,0.0
AURA,"Aura Biosciences, Inc.",,,D,ineligible,D,ineligible,,0.441581,,0,0.829193,1,0.170807,,0,no_upcoming,9,headwind,deep_drawdown|deep_drawdown_rel_xbi,XS,ineligible,financial_score:-25.1;smart_money_score:+21.3;clinical_score:-18.4,tier=D;reason=ineligible;cat_days=NA;strength=missing;decay_w=0.0,v1.3.0,31f399e0,0,deep_drawdown,0,,"{""burn_ttm"": 64273000.0, ""cash_total"": 47553000.0, ""dilution_risk"": null, ""has_revenue"": null, ""lead_phase"": null, ""runway_months"": 8.878315933595756, ""stage_bucket"": ""late"", ""surv_score"": ""-2.0"", ""tier1_count"": 2}",late|none|nonpos,0.08147540126382306,,0.6568,0,1,-1.2732,-1.3738,2,2,selling,-0.4103,elite_2,0.0,0.0,0.0,,,0.0,0,0,0,True,False,True,missing,0.0,short,>2000bps,2020.0,0.55,1,0,1.0,0,1.0,0,,False,no_upcoming,-0.102988,price_history,,2,0.5642,price_history,,-0.427791,,50.1466,0.5411,-0.108271,-0.31952,late,small,sev2,drug_developer,morningstar,,,,0,0.8794298861259586335115036021,42.42,41.25000000000000000000000000,52.0,69.21,12.35999059764702132660826052,5.669753086419753086419753087,11.8968,-1.346,3.0,1249,6,1.0,0.0001,0,0,0.0,0.5,0.95,oncology,0.6892,highly_crowded,1.0,129,0.08147540126382306,0.558419,0.147,5.08,0.015464,-2.158,0.004074,0.0,0.0,0.0,0.0,0.004074,0.0
BMEA,"Biomea Fusion, Inc.",,,D,ineligible,D,ineligible,,0.637457,,0,0.810559,1,0.189441,,0,no_upcoming,9,headwind,high_beta|deep_drawdown|deep_drawdown_rel_xbi,XS,ineligible,smart_money_score:+27.9;momentum_score:-16.5;catalyst_score:+13.7,tier=D;reason=ineligible;cat_days=NA;strength=missing;decay_w=0.0,v1.3.0,31f399e0,0,deep_drawdown,0,,"{""burn_ttm"": 56429000.0, ""cash_total"": 46642000.0, ""dilution_risk"": null, ""has_revenue"": null, ""lead_phase"": null, ""runway_months"": 9.918729731166598, ""stage_bucket"": ""mid"", ""surv_score"": ""0.0"", ""tier1_count"": 1}",mid|none|nonpos,0.0631838407643312,,-0.9408,157,1,-1.1763,-1.272,1,1,buying,-0.7967,elite_1,0.0,0.0,0.0,,,0.0,0,0,0,True,False,True,missing,0.0,short,>2000bps,2020.0,0.55,1,0,1.0,0,1.0,0,,False,no_upcoming,-0.539809,price_history,,1,2.8681,price_history,,-0.846822,,32.467,,-0.108271,-0.738551,mid,micro,sev2,drug_developer,morningstar,,,,0,0.7518178833315092481120717960,11.08,41.25000000000000000000000000,55.5,90.00,14.66483011937557392102846648,15.40499540863177226813590450,13.5017,-1.2781,2.0,157,4,1.0,0.2018,0,0,0.0,0.3,0.95,oncology,0.6892,highly_crowded,1.0,186,0.0631838407643312,0.362543,-0.3517,5.55,0.022337,-2.0077,0.003159,0.0,0.0,0.0,0.0,0.003159,0.0
OCGN,"Ocugen, Inc.",,,D,ineligible,D,ineligible,,0.551546,,0,0.804348,1,0.195652,,0,no_upcoming,9,tailwind,,XS,ineligible,momentum_score:+53.0;financial_score:-33.0;clinical_score:-23.1,tier=D;reason=ineligible;cat_days=NA;strength=missing;decay_w=0.0,v1.3.0,31f399e0,0,fundamental_red_flag,1,sponsor_absent_late_stage,"{""burn_ttm"": 43003000.0, ""cash_total"": 37800000.0, ""dilution_risk"": null, ""has_revenue"": null, ""lead_phase"": null, ""runway_months"": 10.2385842945173, ""stage_bucket"": ""late"", ""surv_score"": ""0.0"", ""tier1_count"": 0}",late|none|nonpos,0.08147540126382306,,0.6628,0,1,-1.161,-1.2559,0,0,neutral,-1.1831,,0.0,0.0,0.0,,,0.0,0,0,0,True,False,True,missing,0.0,short,<=2000bps,1069.58,0.7,1,0,1.0,0,1.0,0,,False,no_upcoming,0.183852,price_history,,0,1.0797,price_history,,-0.282828,,38.8636,0.7585,-0.108271,-0.174557,late,small,sev2,drug_developer,morningstar,,,,0,0.8569526884272997032640949555,91.14,41.25000000000000000000000000,,74.50,15.02850586252644411775251891,5.200277777777777777777777778,14.2593,-1.2461,3.0,930,10,1.0,0.0036,0,0,0.0909,0.4,0.55,ophthalmology,-0.4975,uncrowded,1.0,161,0.08147540126382306,0.448454,-0.1296,3.07,0.001718,-2.9257,0.004074,0.0,0.0,0.0,0.0,0.004074,0.0
NMRA,"Neumora Therapeutics, Inc.",,,D,ineligible,D,ineligible,,0.544674,,0,0.798137,1,0.201863,,0,no_upcoming,9,headwind,deep_drawdown|deep_drawdown_rel_xbi,XS,ineligible,smart_money_score:+23.5;clinical_score:-16.0;financial_score:-14.5,tier=D;reason=ineligible;cat_days=NA;strength=missing;decay_w=0.0,v1.3.0,31f399e0,0,deep_drawdown,0,,"{""burn_ttm"": 158485000.0, ""cash_total"": 171525000.0, ""dilution_risk"": null, ""has_revenue"": null, ""lead_phase"": null, ""runway_months"": 11.473010064043915, ""stage_bucket"": ""late"", ""surv_score"": ""0.0"", ""tier1_count"": 1}",late|none|nonpos,0.08147540126382306,,-0.4322,172,1,-1.1381,-1.2319,1,1,neutral,-0.7967,elite_1,0.0,0.0,0.0,,,0.0,0,0,0,True,False,True,missing,0.0,short,<=2000bps,1324.22,0.7,1,0,1.0,0,1.0,0,,False,no_upcoming,-0.270051,price_history,,1,0.8617,price_history,,-0.505061,,46.7481,0.9459,-0.108271,-0.39679,late,small,sev2,drug_developer,morningstar,,,,0,0.7912181369669916598144015036,28.87,41.25000000000000000000000000,55.0,58.61,15.57177063039589483707236226,17.03260030864197530864197532,14.2874,-1.2449,3.0,172,2,0.3333,0.456,0,1,0.0,0.4,0.6,cns,0.6892,highly_crowded,1.0,159,0.08147540126382306,0.455326,-0.1122,6.91,0.039519,-1.7563,0.004074,0.0,0.0,0.0,0.0,0.004074,0.0
CTMX,"CytomX Therapeutics, Inc.",,,D,ineligible,D,ineligible,,0.647766,,0,0.791925,1,0.208075,,0,no_upcoming,9,headwind,high_beta|deep_drawdown|deep_drawdown_rel_xbi,XS,ineligible,smart_money_score:+45.2;clinical_score:-21.4;financial_score:-19.8,tier=D;reason=ineligible;cat_days=NA;strength=missing;decay_w=0.0,v1.3.0,31f399e0,0,deep_drawdown,0,,"{""burn_ttm"": 52344000.0, ""cash_total"": 34185000.0, ""dilution_risk"": null, ""has_revenue"": null, ""lead_phase"": null, ""runway_months"": 7.837001375515818, ""stage_bucket"": ""mid"", ""surv_score"": ""-2.0"", ""tier1_count"": 6}",mid|none|nonpos,0.0631838407643312,,0.1311,0,1,-1.1068,-1.1989,6,6,buying,1.1353,elite_6,0.0,0.0,0.0,,,0.0,0,0,0,True,False,True,missing,0.0,adequate,<=1000bps,786.14,0.85,1,0,1.0,0,1.0,0,,False,no_upcoming,-0.20251,price_history,,6,5.2899,price_history,,-0.730994,,32.8164,0.9241,-0.108271,-0.622723,mid,small,none,drug_developer,morningstar,,,,0,0.7857006297795771479982006298,30.24,41.25000000000000000000000000,83.0,46.25,16.31772268135904499540863177,18.00000000000000000000000000,15.1546,-1.2082,2.0,,8,1.0,0.013,0,0,0.0,0.3,0.95,oncology,0.6892,highly_crowded,1.0,189,0.0631838407643312,0.352234,-0.3793,15.39,0.235395,-0.7212,0.003159,0.0,0.0,0.0,0.0,0.003159,0.0
TENX,"Tenax Therapeutics, Inc.",,,D,ineligible,D,ineligible,,0.585911,,0,0.785714,1,0.214286,,0,no_upcoming,9,headwind,deep_drawdown|deep_drawdown_rel_xbi,XS,ineligible,financial_score:+29.9;clinical_score:-24.7;momentum_score:-19.2,tier=D;reason=ineligible;cat_days=NA;strength=missing;decay_w=0.0,v1.3.0,31f399e0,0,deep_drawdown,0,,"{""burn_ttm"": 22385000.0, ""cash_total"": 99400000.0, ""dilution_risk"": null, ""has_revenue"": null, ""lead_phase"": null, ""runway_months"": 53.28568237659147, ""stage_bucket"": ""late"", ""surv_score"": ""5.0"", ""tier1_count"": 1}",late|none|nonpos,0.08147540126382306,,0.6651,0,1,-1.092,-1.1835,1,1,buying,-0.7967,elite_1,0.0,0.0,0.0,,,0.0,0,0,0,True,False,True,missing,0.0,adequate,<=2000bps,1850.21,0.7,1,0,1.0,0,1.0,0,,False,no_upcoming,-0.165961,price_history,,1,0.515,price_history,,-0.936694,,30.2615,,-0.108271,-0.828423,late,micro,none,drug_developer,morningstar,,,,0,0.8539370391124061414322537263,22.14,41.25000000000000000000000000,55.5,90.00,16.66786188102836243680304063,71.30538922155688622754491018,15.8987,-1.1767,3.0,839,5,1.0,0.0014,0,0,-0.1429,0.4,0.85,cardiovascular,-0.4975,uncrowded,1.0,171,0.08147540126382306,0.414089,-0.217,24.34,0.517182,0.0431,0.004074,0.0,0.0,0.0,0.0,0.004074,0.0
ABEO,Abeona Therapeutics Inc.,,,D,ineligible,D,ineligible,,0.417526,,0,0.773292,1,0.226708,,0,no_upcoming,9,headwind,deep_drawdown|deep_drawdown_rel_xbi,XS,ineligible,financial_score:+26.1;clinical_score:-25.7;smart_money_score:+11.5,tier=D;reason=ineligible;cat_days=NA;strength=missing;decay_w=0.0,v1.3.0,31f399e0,0,deep_drawdown,0,,"{""burn_ttm"": 58373000.0, ""cash_total"": 207117000.0, ""dilution_risk"": null, ""has_revenue"": null, ""lead_phase"": null, ""runway_months"": 38.84982606281337, ""stage_bucket"": ""late"", ""surv_score"": ""2.0"", ""tier1_count"": 2}",late|none|nonpos,0.08147540126382306,,0.6694,0,1,-1.0454,-1.1345,2,2,neutral,-0.4103,elite_2,0.0,0.0,0.0,,,0.0,0,0,0,True,False,True,missing,0.0,adequate,<=2000bps,1317.16,0.7,1,0,1.0,0,1.0,0,,False,no_upcoming,-0.372464,price_history,,2,0.5757,price_history,,-0.473502,,50.5825,,-0.108271,-0.365231,late,micro,none,drug_developer,morningstar,,,,0,0.8741792361966625601971105387,34.01,41.25000000000000000000000000,55.0,87.09,17.77670208485225158465504122,69.58083832335329341317365269,16.2636,-1.1613,3.0,473,9,1.0,0.0292,0,0,0.0,0.3,0.5,other,-1.6843,uncrowded,1.0,122,0.08147540126382306,0.582474,0.2082,26.93,0.568729,0.1731,0.004074,0.0,0.0,0.0,0.0,0.004074,0.0
IMVT,"Immunovant, Inc.",,,D,ineligible,D,ineligible,,0.520619,,0,0.76087,1,0.23913,,0,no_upcoming,9,headwind,deep_drawdown|deep_drawdown_rel_xbi,XS,ineligible,financial_score:+27.3;clinical_score:-27.1;smart_money_score:+16.6,tier=D;reason=ineligible;cat_days=NA;strength=missing;decay_w=0.0,v1.3.0,31f399e0,0,deep_drawdown,0,,"{""burn_ttm"": 312251000.0, ""cash_total"": 994525000.0, ""dilution_risk"": null, ""has_revenue"": null, ""lead_phase"": null, ""runway_months"": 38.220213866408756, ""stage_bucket"": ""late"", ""surv_score"": ""3.0"", ""tier1_count"": 6}",late|none|nonpos,0.08147540126382306,,-0.5454,260,1,-1.0219,-1.1098,6,6,selling,1.1353,elite_6,0.0,0.0,0.0,,,0.0,0,0,0,True,False,True,missing,0.0,adequate,<=1000bps,478.91,0.85,1,0,1.0,0,1.0,0,,False,no_upcoming,-0.156262,price_history,,6,0.5629,price_history,,-0.411632,,41.5404,0.5723,-0.108271,-0.303361,late,mid,none,drug_developer,morningstar,,,,0,0.8870170169572486267016957249,32.65,41.25000000000000000000000000,62.0,14.90,18.33590304421097923912653735,72.71428571428571428571428572,16.8632,-1.1359,3.0,260,7,1.0,0.2473,0,0,0.0,0.4,0.6,autoimmune,0.2145,moderate,1.0,152,0.08147540126382306,0.479381,-0.0517,28.70,0.59622,0.2436,0.004074,0.0,0.0,0.0,0.0,0.004074,0.0
RAPT,"RAPT Therapeutics, Inc.",,,D,ineligible,D,ineligible,,0.671821,,0,0.754658,1,0.245342,,0,no_upcoming,9,headwind,high_vol|deep_drawdown|deep_drawdown_rel_xbi,XS,ineligible,smart_money_score:+42.1;momentum_score:-24.0;clinical_score:-15.7,tier=D;reason=ineligible;cat_days=NA;strength=missing;decay_w=0.0,v1.3.0,31f399e0,0,deep_drawdown,0,,"{""burn_ttm"": 76143000.0, ""cash_total"": 157344000.0, ""dilution_risk"": null, ""has_revenue"": null, ""lead_phase"": null, ""runway_months"": 24.797131712698476, ""stage_bucket"": ""mid"", ""surv_score"": ""5.0"", ""tier1_count"": 5}",mid|none|nonpos,0.0631838407643312,,0.133,0,1,-0.964,-1.049,5,5,buying,0.7489,elite_5,0.0,0.0,0.0,,,0.0,0,0,0,True,False,True,missing,0.0,adequate,<=400bps,273.59,1.0,0,0,1.0,0,1.0,0,,False,no_upcoming,-0.578782,price_history,,5,1.0808,price_history,,-0.87448,,24.1418,1.4599,-0.108271,-0.766209,mid,small,none,drug_developer,morningstar,,,,0,0.7846554829993244764692636794,11.41,41.25000000000000000000000000,77.5,23.75,19.71166207529843893480257116,27.16604444444444444444444444,20.2805,-0.9913,2.0,7,6,1.0,0.9906,1,1,0.0,0.4,0.95,oncology,0.6892,highly_crowded,1.0,196,0.0631838407643312,0.328179,-0.4449,17.74,0.321306,-0.4641,0.003159,0.0,0.0,0.0,0.0,0.003159,0.0
PRTA,Prothena Corporation plc,,,D,ineligible,D,ineligible,,0.565292,,0,0.748447,1,0.251553,,0,no_upcoming,9,headwind,deep_drawdown|deep_drawdown_rel_xbi,XS,ineligible,clinical_score:-20.0;financial_score:+15.3;smart_money_score:+14.4,tier=D;reason=ineligible;cat_days=NA;strength=missing;decay_w=0.0,v1.3.0,31f399e0,0,deep_drawdown,0,,"{""burn_ttm"": 140268000.0, ""cash_total"": 330843000.0, ""dilution_risk"": null, ""has_revenue"": null, ""lead_phase"": null, ""runway_months"": 28.303789887928822, ""stage_bucket"": ""late"", ""surv_score"": ""5.0"", ""tier1_count"": 2}",late|none|nonpos,0.08147540126382306,,0.6721,0,1,-0.9265,-1.0095,2,2,neutral,-0.4103,elite_2,0.0,0.0,0.0,,,0.0,0,0,0,True,False,True,missing,0.0,adequate,<=2000bps,1434.82,0.7,1,0,1.0,0,1.0,0,,False,no_upcoming,-0.15095,price_history,,2,1.3666,price_history,,-0.718754,,43.2477,0.4848,-0.108271,-0.610483,late,small,none,drug_developer,morningstar,,,,0,0.8474842338662621075971525265,30.22,41.25000000000000000000000000,55.0,85.10,20.60457926462444372731582743,55.87500000000000000000000000,20.0039,-1.003,3.0,292,9,1.0,0.6079,1,1,0.0,0.4,0.6,cns,0.6892,highly_crowded,1.0,165,0.08147540126382306,0.434708,-0.1644,20.66,0.424399,-0.1907,0.004074,0.0,0.0,0.0,0.0,0.004074,0.0
LEGN,Legend Biotech Corporation,,,D,ineligible,D,ineligible,,0.867698,,0,0.742236,1,0.257764,109,0,specific_days,9,headwind,deep_drawdown|deep_drawdown_rel_xbi,XS,ineligible,financial_score:-26.6;smart_money_score:+24.0;catalyst_score:+13.6,tier=D;reason=ineligible;cat_days=109;strength=near;decay_w=1.0,v1.3.0,31f399e0,0,financials_missing|deep_drawdown,1,"cash_runway_lt_6m,survivability_critical","{""burn_ttm"": 0.0, ""cash_total"": 0.0, ""dilution_risk"": null, ""has_revenue"": null, ""lead_phase"": null, ""runway_months"": 0.0, ""stage_bucket"": ""mid"", ""surv_score"": ""-5.0"", ""tier1_count"": 4}",mid|near_91_180|nonpos,0.019440181818181818,,0.134,0,1,-0.8908,-0.9721,4,4,selling,0.3625,elite_4,0.0,0.0,0.0,,,0.0,0,0,0,True,False,True,near,1.0,critical,<=1000bps,455.48,0.85,1,0,1.0,0,1.0,0,109,False,specific_days,-0.261015,price_history,,4,0.8885,price_history,,-0.445098,,44.4573,0.3634,-0.108271,-0.336827,mid,unknown,sev2,drug_developer,morningstar,,,,0,0.7872667745764540843854537607,31.53,45.56250000000000000000000000,56.0,50,21.45270890725436179981634528,5.364554637281910009182736455,20.4139,-0.9856,2.0,391,18,1.0,0.3145,0,0,0.0,0.3,0.95,oncology,0.6892,highly_crowded,1.0,253,0.019440181818181818,0.132302,-1.1156,10.14,0.073883,-1.4475,0.000972,0.0,0.0,0.0,0.0,0.000972,0.0
CADL,"Candel Therapeutics, Inc.",,,D,ineligible,D,ineligible,,0.091065,,0,0.487578,1,0.512422,535,0,specific_days,9,tailwind,deep_drawdown|deep_drawdown_rel_xbi,XS,ineligible,momentum_score:+31.5;catalyst_score:-19.5;clinical_score:-18.6,tier=D;reason=ineligible;cat_days=535;strength=far;decay_w=0.3,v1.3.0,31f399e0,0,fundamental_red_flag|deep_drawdown,1,sponsor_absent_late_stage,"{""burn_ttm"": 27743000.0, ""cash_total"": 86963000.0, ""dilution_risk"": null, ""has_revenue"": null, ""lead_phase"": null, ""runway_months"": 34.903184982071295, ""stage_bucket"": ""late"", ""surv_score"": ""5.0"", ""tier1_count"": 0}",late|far_271_540|pos,0.1,,0.714,0,1,0.1604,0.1323,0,0,neutral,-1.1831,,0.0,0.0,0.0,,,0.0,0,0,0,True,False,True,far,0.3,adequate,<=2000bps,1387.28,0.7,1,0,1.0,0,1.0,0,535,False,specific_days,3.809319,price_history,,0,-1.4143,price_history,,-0.479286,,42.8455,0.6596,-0.108271,-0.371015,late,micro,none,drug_developer,morningstar,,,,0,0.8410967125469229894209987487,96.55,45.56250000000000000000000000,,88.41,46.44702610746570730793901220,71.68263473053892215568862276,47.5313,0.1618,3.0,48,11,1.0,1.5196,1,2,0.0,0.6,0.95,oncology,0.6892,highly_crowded,1.0,27,0.1,0.908935,1.3342,28.08,0.589347,0.2259,0.25199,0.19845,0.0,0.0,0.04854,0.005,0.0
PHVS,Pharvaris N.V.,,,D,ineligible,D,ineligible,,0.561856,,0,0.704969,1,0.295031,,0,no_upcoming,9,headwind,deep_drawdown|deep_drawdown_rel_xbi,XS,ineligible,smart_money_score:+47.2;financial_score:-32.8;clinical_score:-12.6,tier=D;reason=ineligible;cat_days=NA;strength=missing;decay_w=0.0,v1.3.0,31f399e0,0,financials_missing|deep_drawdown,1,"cash_runway_lt_6m,survivability_critical","{""burn_ttm"": 0.0, ""cash_total"": 0.0, ""dilution_risk"": null, ""has_revenue"": null, ""lead_phase"": null, ""runway_months"": 0.0, ""stage_bucket"": ""late"", ""surv_score"": ""-5.0"", ""tier1_count"": 9}",late|none|nonpos,0.08147540126382306,,-0.5818,381,1,-0.7292,-0.8023,9,9,buying,2.2946,elite_9,0.0,0.0,0.0,,,0.0,0,0,0,True,False,True,missing,0.0,critical,<=2000bps,1159.38,0.7,1,0,1.0,0,1.0,0,,False,no_upcoming,-0.230683,price_history,,9,0.4691,price_history,,-0.41503,,49.0841,0.7535,-0.108271,-0.306759,late,unknown,sev2,drug_developer,morningstar,,,,0,0.7979579396762031492570414726,32.69,41.25000000000000000000000000,85,50,25.29491914374843128115027430,5,23.7126,-0.846,3.0,381,2,0.3333,0.0776,0,0,0.0,0.4,0.5,other,0.6892,highly_crowded,1.0,164,0.08147540126382306,0.438144,-0.1557,9.48,0.063574,-1.5254,0.004074,0.0,0.0,0.0,0.0,0.004074,0.0
ABOS,"Acumen Pharmaceuticals, Inc.",,,D,ineligible,D,ineligible,,0.620275,,0,0.667702,1,0.332298,,0,no_upcoming,9,headwind,deep_drawdown|deep_drawdown_rel_xbi,XS,ineligible,smart_money_score:+20.8;financial_score:-13.9;momentum_score:-8.4,tier=D;reason=ineligible;cat_days=NA;strength=missing;decay_w=0.0,v1.3.0,31f399e0,0,deep_drawdown,0,,"{""burn_ttm"": 96442000.0, ""cash_total"": 126609000.0, ""dilution_risk"": null, ""has_revenue"": null, ""lead_phase"": null, ""runway_months"": 15.753592832998072, ""stage_bucket"": ""mid"", ""surv_score"": ""1.0"", ""tier1_count"": 1}",mid|none|nonpos,0.0631838407643312,,0.144,0,1,-0.546,-0.6098,1,1,buying,-0.7967,elite_1,0.0,0.0,0.0,,,0.0,0,0,0,True,False,True,missing,0.0,short,>2000bps,2020.0,0.55,1,0,1.0,0,1.0,0,,False,no_upcoming,-0.333991,price_history,,1,0.8334,price_history,,-0.728395,,33.4127,,-0.108271,-0.620124,mid,micro,sev2,drug_developer,morningstar,,,,0,0.7050437044745057232049947971,26.24,41.25000000000000000000000000,55.5,50,29.65105601469237832874196510,20.75276400367309458218549128,28.0687,-0.6617,2.0,839,2,0.3333,0.0009,0,0,0.0,0.4,0.6,cns,0.6892,highly_crowded,1.0,181,0.0631838407643312,0.379725,-0.3062,10.90,0.080756,-1.4,0.003159,0.0,0.0,0.0,0.0,0.003159,0.0
ZVRA,"Zevra Therapeutics, Inc.",,,D,ineligible,D,ineligible,,0.613402,,0,0.661491,1,0.338509,,0,no_upcoming,9,headwind,,XS,ineligible,catalyst_score:+5.9;financial_score:-5.6;clinical_score:-5.2,tier=D;reason=ineligible;cat_days=NA;strength=missing;decay_w=0.0,v1.3.0,31f399e0,0,fundamental_red_flag,1,sponsor_absent_late_stage,"{""burn_ttm"": 7114000.0, ""cash_total"": 54439000.0, ""dilution_risk"": null, ""has_revenue"": null, ""lead_phase"": null, ""runway_months"": 91.8285071689626, ""stage_bucket"": ""late"", ""surv_score"": ""0.0"", ""tier1_count"": 0}",late|none|nonpos,0.08147540126382306,,0.6935,0,1,-0.5234,-0.586,0,0,neutral,-1.1831,,0.0,0.0,0.0,,,0.0,0,0,0,True,False,True,missing,0.0,adequate,<=2000bps,1120.07,0.7,1,0,1.0,0,1.0,0,,False,no_upcoming,-0.202963,price_history,,0,0.7582,price_history,,-0.34322,,45.7256,0.4964,-0.108271,-0.234949,late,small,none,drug_developer,morningstar,,,,0,0.8486085822664770033191085823,40.26,41.25000000000000000000000000,,46.03,30.18924227393516360492587679,29.78223593964334705075445816,29.3761,-0.6064,3.0,,2,0.3333,0.0,0,0,0.0,0.6,0.6,cns,-0.9723,moderate,1.0,179,0.08147540126382306,0.386598,-0.2882,22.01,0.462199,-0.0949,0.004074,0.0,0.0,0.0,0.0,0.004074,0.0
SRRK,Scholar Rock Holding Corporatio,,,D,ineligible,D,ineligible,,0.582474,,0,0.65528,1,0.34472,,0,no_upcoming,9,headwind,deep_drawdown|deep_drawdown_rel_xbi,XS,ineligible,smart_money_score:+34.9;financial_score:-28.1;momentum_score:-12.8,tier=D;reason=ineligible;cat_days=NA;strength=missing;decay_w=0.0,v1.3.0,31f399e0,0,financials_missing|deep_drawdown,1,"cash_runway_lt_6m,survivability_critical","{""burn_ttm"": 0.0, ""cash_total"": 0.0, ""dilution_risk"": null, ""has_revenue"": null, ""lead_phase"": null, ""runway_months"": 0.0, ""stage_bucket"": ""late"", ""surv_score"": ""-5.0"", ""tier1_count"": 7}",late|none|nonpos,0.08147540126382306,,-0.4314,187,1,-0.497,-0.5584,7,7,buying,1.5218,elite_7,0.0,0.0,0.0,,,0.0,0,0,0,True,False,True,missing,0.0,critical,<=1000bps,460.05,0.85,1,0,1.0,0,1.0,0,,False,no_upcoming,-0.376489,price_history,,7,1.3686,price_history,,-0.534941,,29.8583,0.7098,-0.108271,-0.42667,late,unknown,sev2,drug_developer,morningstar,,,,0,0.8183840430250609891328454203,20.21,41.25000000000000000000000000,68.0,50,30.81537523754885438703431461,5,30.0249,-0.5789,3.0,187,5,1.0,0.4484,0,0,0.0,0.4,0.75,rare_disease,0.6892,highly_crowded,1.0,170,0.08147540126382306,0.417526,-0.2082,11.63,0.097938,-1.2934,0.004074,0.0,0.0,0.0,0.0,0.004074,0.0
PVLA,"Palvella Therapeutics, Inc.",,,D,ineligible,D,ineligible,,0.575601,,0,0.649068,1,0.350932,,0,no_upcoming,9,headwind,deep_drawdown|deep_drawdown_rel_xbi,XS,ineligible,smart_money_score:+31.4;financial_score:-12.2;momentum_score:-11.4,tier=D;reason=ineligible;cat_days=NA;strength=missing;decay_w=0.0,v1.3.0,31f399e0,0,deep_drawdown,0,,"{""burn_ttm"": 20080000.0, ""cash_total"": 63567000.0, ""dilution_risk"": null, ""has_revenue"": null, ""lead_phase"": null, ""runway_months"": 37.98824701195219, ""stage_bucket"": ""late"", ""surv_score"": ""5.0"", ""tier1_count"": 4}",late|none|nonpos,0.08147540126382306,,0.6948,0,1,-0.4439,-0.5026,4,4,buying,0.3625,elite_4,0.0,0.0,0.0,,,0.0,0,0,0,True,False,True,missing,0.0,adequate,<=1000bps,491.35,0.85,1,0,1.0,0,1.0,0,,False,no_upcoming,-0.376478,price_history,,4,0.6398,price_history,,-0.859861,,38.7453,,-0.108271,-0.75159,late,small,none,drug_developer,morningstar,,,,0,0.8521463044998834227092562369,29.20,41.25000000000000000000000000,72.0,38.74,32.07720287966980211234218190,28.41840277777777777777777778,31.2641,-0.5265,3.0,566,5,1.0,0.0134,0,0,0.0,0.7,0.5,other,-3.5832,uncrowded,1.0,168,0.08147540126382306,0.424399,-0.1907,23.42,0.493127,-0.0172,0.004074,0.0,0.0,0.0,0.0,0.004074,0.0
EPRX,Eupraxia Pharmaceuticals Inc.,,,D,ineligible,D,ineligible,,0.135739,,0,0.481366,1,0.518634,,0,no_upcoming,9,neutral,,XS,ineligible,financial_score:-36.6;smart_money_score:+24.5;momentum_score:+8.0,tier=D;reason=ineligible;cat_days=NA;strength=missing;decay_w=0.0,v1.3.0,31f399e0,0,financials_missing,1,"cash_runway_lt_6m,survivability_critical","{""burn_ttm"": 0.0, ""cash_total"": 0.0, ""dilution_risk"": null, ""has_revenue"": null, ""lead_phase"": null, ""runway_months"": 0.0, ""stage_bucket"": ""mid"", ""surv_score"": ""-5.0"", ""tier1_count"": 3}",mid|none|pos,0.1,,0.1672,0,1,0.1736,0.1462,3,3,buying,-0.0239,elite_3,0.0,0.0,0.0,,,0.0,0,0,0,True,False,True,missing,0.0,critical,>2000bps,2020.0,0.55,1,0,1.0,0,1.0,0,,False,no_upcoming,-0.082709,price_history,,3,0.1751,price_history,,-0.0272,,44.7036,0.6009,-0.108271,0.081071,mid,unknown,sev2,drug_developer,morningstar,,,,0,0.7231718598904050714515955732,50,41.25000000000000000000000000,66.5,50,46.76033057851239669421487603,5.364554637281910009182736455,44.8972,0.0504,2.0,,2,0.3333,0.0001,0,0,0.0,0.3,0.6,autoimmune,0.6892,crowded,1.0,40,0.1,0.864261,1.0997,16.03,0.283505,-0.5725,0.16632,0.1462,0.0,0.0,0.01512,0.005,0.0
GOSS,"Gossamer Bio, Inc.",,,D,ineligible,D,ineligible,,0.506873,,0,0.636646,1,0.363354,,0,no_upcoming,9,headwind,deep_drawdown|deep_drawdown_rel_xbi,XS,ineligible,smart_money_score:+42.0;momentum_score:-24.2;financial_score:-9.8,tier=D;reason=ineligible;cat_days=NA;strength=missing;decay_w=0.0,v1.3.0,31f399e0,0,deep_drawdown,0,,"{""burn_ttm"": 122952000.0, ""cash_total"": 180224000.0, ""dilution_risk"": null, ""has_revenue"": null, ""lead_phase"": null, ""runway_months"": 17.589693538942026, ""stage_bucket"": ""late"", ""surv_score"": ""0.0"", ""tier1_count"": 6}",late|none|nonpos,0.08147540126382306,,0.6957,0,1,-0.4172,-0.4745,6,6,buying,1.1353,elite_6,0.0,0.0,0.0,,,0.0,0,0,0,True,False,True,missing,0.0,adequate,<=2000bps,1384.72,0.7,1,0,1.0,0,1.0,0,,False,no_upcoming,-0.597166,price_history,,6,0.4925,price_history,,-0.714286,,29.2544,0.8648,-0.108271,-0.606015,late,micro,sev1,drug_developer,morningstar,,,,0,0.8153941163260723108017067146,16.76,41.25000000000000000000000000,83.0,90.00,32.71289755817705905554161139,31.22407082043497834669981395,31.8306,-0.5025,3.0,531,7,1.0,0.0188,0,0,0.0,0.4,0.95,oncology,0.6892,highly_crowded,1.0,148,0.08147540126382306,0.493127,-0.0172,17.74,0.324742,-0.4545,0.004074,0.0,0.0,0.0,0.0,0.004074,0.0
PRQR,ProQR Therapeutics N.V.,,,D,ineligible,D,ineligible,,0.304124,,0,0.506211,1,0.493789,,0,no_upcoming,9,headwind,deep_drawdown|deep_drawdown_rel_xbi,XS,ineligible,financial_score:-31.5;smart_money_score:+18.6;clinical_score:+9.2,tier=D;reason=ineligible;cat_days=NA;strength=missing;decay_w=0.0,v1.3.0,31f399e0,0,financials_missing,1,"cash_runway_lt_6m,survivability_critical","{""burn_ttm"": 0.0, ""cash_total"": 0.0, ""dilution_risk"": null, ""has_revenue"": null, ""lead_phase"": null, ""runway_months"": 0.0, ""stage_bucket"": ""mid"", ""surv_score"": ""-5.0"", ""tier1_count"": 1}",mid|none|pos,0.1,,0.1673,0,1,0.1422,0.1132,1,1,buying,-0.7967,elite_1,0.0,0.0,0.0,,,0.0,0,0,0,True,False,True,missing,0.0,critical,>2000bps,2036.0,0.55,1,0,1.0,0,1.0,0,,False,no_upcoming,-0.258753,price_history,,1,0.8008,price_history,,-0.382456,,34.2551,,-0.108271,-0.274185,mid,unknown,sev2,drug_developer,morningstar,,,,0,0.7467380601861874864689326694,36.18,41.25000000000000000000000000,55.5,50,46.01392102846648301193755740,5.364554637281910009182736455,44.8508,0.0484,2.0,,5,1.0,0.0,0,0,0.0,0.5,0.55,ophthalmology,0.6892,highly_crowded,1.0,89,0.1,0.695876,0.5126,15.58,0.238832,-0.7101,0.13272,0.1132,0.0,0.0,0.01452,0.005,0.0
BLTE,"Belite Bio, Inc",,,D,ineligible,D,ineligible,,0.458763,,0,0.618012,1,0.381988,,0,no_upcoming,9,tailwind,overbought_rsi,XS,ineligible,financial_score:-36.4;smart_money_score:+25.1;momentum_score:+17.7,tier=D;reason=ineligible;cat_days=NA;strength=missing;decay_w=0.0,v1.3.0,31f399e0,0,financials_missing,1,"cash_runway_lt_6m,survivability_critical","{""burn_ttm"": 0.0, ""cash_total"": 0.0, ""dilution_risk"": null, ""has_revenue"": null, ""lead_phase"": null, ""runway_months"": 0.0, ""stage_bucket"": ""late"", ""surv_score"": ""-5.0"", ""tier1_count"": 3}",late|none|nonpos,0.08147540126382306,,0.7003,0,1,-0.3089,-0.3608,3,3,buying,-0.0239,elite_3,0.0,0.0,0.0,,,0.0,0,0,0,True,False,True,missing,0.0,critical,<=1000bps,466.09,0.85,1,0,1.0,0,1.0,0,,False,no_upcoming,0.142821,price_history,,3,0.2846,price_history,,-0.002794,,75.3321,,-0.108271,0.105477,late,unknown,sev2,drug_developer,morningstar,,,,0,0.8224032419229488175863217498,59.17,41.25000000000000000000000000,66.5,50,35.28754865518464069864263489,5,34.1922,-0.4026,3.0,416,5,1.0,0.047,0,0,0.0,0.6,0.55,ophthalmology,0.2145,moderate,1.0,134,0.08147540126382306,0.541237,0.1036,15.09,0.21134,-0.8018,0.004074,0.0,0.0,0.0,0.0,0.004074,0.0
MCRB,"Seres Therapeutics, Inc.",,,D,ineligible,D,ineligible,,0.534364,,0,0.60559,1,0.39441,,0,no_upcoming,9,headwind,high_beta|deep_drawdown|deep_drawdown_rel_xbi,XS,ineligible,financial_score:+19.3;momentum_score:-11.7;clinical_score:-6.1,tier=D;reason=ineligible;cat_days=NA;strength=missing;decay_w=0.0,v1.3.0,31f399e0,0,fundamental_red_flag|deep_drawdown,1,sponsor_absent_late_stage,"{""burn_ttm"": 0.0, ""cash_total"": 47638000.0, ""dilution_risk"": null, ""has_revenue"": null, ""lead_phase"": null, ""runway_months"": null, ""stage_bucket"": ""late"", ""surv_score"": ""4.0"", ""tier1_count"": 0}",late|none|nonpos,0.08147540126382306,,0.7035,0,1,-0.254,-0.303,0,0,neutral,-1.1831,,0.0,0.0,0.0,,,0.0,0,0,0,True,False,True,missing,0.0,adequate,>2000bps,2036.0,0.55,1,0,1.0,0,1.0,0,,False,no_upcoming,-0.062496,price_history,,0,2.3865,price_history,,-0.876224,,41.1212,1.1067,-0.108271,-0.767953,late,micro,none,drug_developer,morningstar,,,,0,0.8030069610863859408878238046,30.98,41.25000000000000000000000000,,90.00,36.59399763347556384237512999,62.03592814371257485029940120,36.5591,-0.3024,3.0,,5,1.0,0.1806,1,0,0.0,0.4,0.95,oncology,-0.4975,uncrowded,1.0,156,0.08147540126382306,0.465636,-0.0862,20.36,0.417526,-0.2082,0.004074,0.0,0.0,0.0,0.0,0.004074,0.0
FATE,"Fate Therapeutics, Inc.",,,D,ineligible,D,ineligible,,0.871134,,0,0.586957,1,0.413043,686,0,specific_days,9,headwind,deep_drawdown|deep_drawdown_rel_xbi,XS,ineligible,momentum_score:-15.1;smart_money_score:+14.6;financial_score:+8.4,tier=D;reason=ineligible;cat_days=686;strength=far;decay_w=0.3,v1.3.0,31f399e0,0,deep_drawdown,0,,"{""burn_ttm"": 106084000.0, ""cash_total"": 203657000.0, ""dilution_risk"": null, ""has_revenue"": null, ""lead_phase"": null, ""runway_months"": 23.037253497228612, ""stage_bucket"": ""mid"", ""surv_score"": ""4.0"", ""tier1_count"": 2}",mid|far_271_540|nonpos,0.006610716417910448,,0.159,0,1,-0.1762,-0.2213,2,2,buying,-0.4103,elite_2,0.0,0.0,0.0,,,0.0,0,0,0,True,False,True,far,0.3,adequate,>2000bps,2020.0,0.55,1,0,1.0,0,1.0,0,686,False,specific_days,-0.466339,price_history,,2,1.3337,price_history,,-0.567665,,39.3509,0.8890,-0.108271,-0.459394,mid,micro,none,drug_developer,morningstar,,,,0,0.7794034090909090909090909091,30.79,45.56250000000000000000000000,60.5,90.00,38.44444444444444444444444444,54.36363636363636363636363637,37.6313,-0.2571,2.0,,20,1.0,0.1356,0,0,0.0,0.3,0.95,oncology,-0.4975,uncrowded,1.0,254,0.006610716417910448,0.128866,-1.1318,26.49,0.551546,0.1296,0.000331,0.0,0.0,0.0,0.0,0.000331,0.0
ASND,Ascendis Pharma A/S,,,D,ineligible,D,ineligible,,0.438144,,0,0.580745,1,0.419255,,0,no_upcoming,9,neutral,,XS,ineligible,smart_money_score:+41.6;financial_score:-38.4;clinical_score:-4.9,tier=D;reason=ineligible;cat_days=NA;strength=missing;decay_w=0.0,v1.3.0,31f399e0,0,financials_missing,1,"cash_runway_lt_6m,survivability_critical","{""burn_ttm"": 0.0, ""cash_total"": 0.0, ""dilution_risk"": null, ""has_revenue"": null, ""lead_phase"": null, ""runway_months"": 0.0, ""stage_bucket"": ""late"", ""surv_score"": ""-5.0"", ""tier1_count"": 9}",late|none|nonpos,0.08147540126382306,,0.7056,0,1,-0.1706,-0.2154,9,9,buying,2.2946,elite_9,0.0,0.0,0.0,,,0.0,0,0,0,True,False,True,missing,0.0,critical,<=400bps,248.3,1.0,0,0,1.0,0,1.0,0,,False,no_upcoming,-0.099544,price_history,,9,0.432,price_history,,-0.199247,,40.7919,0.4165,-0.108271,-0.090976,late,unknown,sev2,drug_developer,morningstar,,,,0,0.8447470523294325458158533893,47.35,41.25000000000000000000000000,85,50,38.57757538814586396070135179,5,40.0558,-0.1545,3.0,192,14,1.0,2.1032,1,3,0.0385,0.4,0.95,oncology,-0.4975,uncrowded,1.0,128,0.08147540126382306,0.561856,0.1557,15.02,0.207904,-0.8137,0.004074,0.0,0.0,0.0,0.0,0.004074,0.0
ABCL,AbCellera Biologics Inc.,,,D,ineligible,D,ineligible,,0.414089,,0,0.568323,1,0.431677,,0,no_upcoming,9,headwind,deep_drawdown|deep_drawdown_rel_xbi,XS,ineligible,financial_score:-26.2;smart_money_score:+25.0;momentum_score:-8.9,tier=D;reason=ineligible;cat_days=NA;strength=missing;decay_w=0.0,v1.3.0,31f399e0,0,deep_drawdown,0,,"{""burn_ttm"": 131295000.0, ""cash_total"": 128513000.0, ""dilution_risk"": null, ""has_revenue"": null, ""lead_phase"": null, ""runway_months"": 11.74573289158003, ""stage_bucket"": ""late"", ""surv_score"": ""0.0"", ""tier1_count"": 2}",late|none|nonpos,0.08147540126382306,,-0.5791,,0,-0.1143,-0.1562,2,2,buying,-0.4103,elite_2,0.0,0.0,0.0,,,0.0,0,0,0,True,False,True,missing,0.0,short,<=1000bps,821.91,0.85,1,0,1.0,0,1.0,0,,False,no_upcoming,-0.288995,price_history,,2,0.785,price_history,,-0.593711,,26.1923,0.7022,-0.108271,-0.48544,late,small,sev2,drug_developer,morningstar,,,,0,0.8628528396501457725947521866,26.58,41.25000000000000000000000000,60.5,45.36,39.91589674941534097473715245,9.287229938271604938271604937,38.3336,-0.2274,3.0,,3,0.6667,0.0,0,0,0.0,0.4,0.55,infectious_disease,0.6892,highly_crowded,1.0,121,0.08147540126382306,0.585911,0.217,11.55,0.091065,-1.3342,0.004074,0.0,0.0,0.0,0.0,0.004074,0.0
DRUG,Bright Minds Biosciences Inc.,,,D,ineligible,D,ineligible,,0.654639,,0,0.562112,1,0.437888,,0,no_upcoming,9,headwind,deep_drawdown|deep_drawdown_rel_xbi,XS,ineligible,financial_score:-32.4;smart_money_score:+28.7;catalyst_score:+3.5,tier=D;reason=ineligible;cat_days=NA;strength=missing;decay_w=0.0,v1.3.0,31f399e0,0,financials_missing|deep_drawdown,1,"cash_runway_lt_6m,survivability_critical","{""burn_ttm"": 0.0, ""cash_total"": 0.0, ""dilution_risk"": null, ""has_revenue"": null, ""lead_phase"": null, ""runway_months"": 0.0, ""stage_bucket"": ""mid"", ""surv_score"": ""-5.0"", ""tier1_count"": 3}",mid|none|nonpos,0.0631838407643312,,0.1596,0,1,-0.0906,-0.1314,3,3,buying,-0.0239,elite_3,0.0,0.0,0.0,,,0.0,0,0,0,True,False,True,missing,0.0,critical,<=1000bps,819.19,0.85,1,0,1.0,0,1.0,0,,False,no_upcoming,-0.185187,price_history,,3,0.2506,price_history,,-0.748201,,42.7679,,-0.108271,-0.63993,mid,unknown,sev2,drug_developer,morningstar,,,,0,0.6817021715526601520086862106,35.29,41.25000000000000000000000000,66.5,50,40.47933884297520661157024793,5.364554637281910009182736455,38.897,-0.2035,2.0,458,1,0.0,0.022,0,0,0.0,0.4,0.6,cns,0.6892,highly_crowded,1.0,191,0.0631838407643312,0.345361,-0.3979,12.65,0.128866,-1.1318,0.003159,0.0,0.0,0.0,0.0,0.003159,0.0
VIR,"Vir Biotechnology, Inc.",,,D,ineligible,D,ineligible,,0.603093,,0,0.555901,1,0.444099,,0,no_upcoming,9,neutral,high_beta|deep_drawdown|deep_drawdown_rel_xbi,XS,ineligible,smart_money_score:+14.0;clinical_score:-6.4;catalyst_score:-5.8,tier=D;reason=ineligible;cat_days=NA;strength=missing;decay_w=0.0,v1.3.0,31f399e0,0,deep_drawdown,0,,"{""burn_ttm"": 391781000.0, ""cash_total"": 460938000.0, ""dilution_risk"": null, ""has_revenue"": null, ""lead_phase"": null, ""runway_months"": 14.118234421781557, ""stage_bucket"": ""late"", ""surv_score"": ""2.0"", ""tier1_count"": 2}",late|none|nonpos,0.08147540126382306,,0.7082,0,1,-0.0859,-0.1265,2,2,buying,-0.4103,elite_2,0.0,0.0,0.0,,,0.0,0,0,0,True,False,True,missing,0.0,adequate,<=1000bps,599.02,0.85,1,0,1.0,0,1.0,0,,False,no_upcoming,0.028952,price_history,,2,1.9604,price_history,,-0.624711,,43.9645,0.7493,-0.108271,-0.51644,late,small,sev1,drug_developer,morningstar,,,,0,0.8609482288510836634817058961,47.96,41.25000000000000000000000000,61.0,79.80,40.58983828749686256230054861,44.35204475308641975308641976,40.3582,-0.1417,3.0,,15,1.0,0.9087,1,1,0.0,0.4,0.55,infectious_disease,0.6892,highly_crowded,1.0,176,0.08147540126382306,0.396907,-0.2614,30.24,0.616838,0.2972,0.004074,0.0,0.0,0.0,0.0,0.004074,0.0
FHTX,Foghorn Therapeutics Inc.,,,D,ineligible,D,ineligible,,0.750859,,0,0.549689,1,0.450311,,0,no_upcoming,9,headwind,deep_drawdown|deep_drawdown_rel_xbi,XS,ineligible,financial_score:-19.3;smart_money_score:+14.3;catalyst_score:+3.0,tier=D;reason=ineligible;cat_days=NA;strength=missing;decay_w=0.0,v1.3.0,31f399e0,0,deep_drawdown,0,,"{""burn_ttm"": 63828000.0, ""cash_total"": 89334000.0, ""dilution_risk"": null, ""has_revenue"": null, ""lead_phase"": null, ""runway_months"": 16.795262267343485, ""stage_bucket"": ""early"", ""surv_score"": ""2.0"", ""tier1_count"": 1}",early|none|nonpos,0.050550596214511044,,-0.4552,0,1,-0.0618,-0.1011,1,1,neutral,-0.7967,elite_1,0.0,0.0,0.0,,,0.0,0,0,0,True,False,True,missing,0.0,adequate,>2000bps,2036.0,0.55,1,0,1.0,0,1.0,0,,False,no_upcoming,-0.127869,price_history,,1,1.7635,price_history,,-0.468085,,40.7434,0.9327,-0.108271,-0.359814,early,small,sev1,drug_developer,morningstar,,,,0,0.7395278509966234614965690012,37.23,41.25000000000000000000000000,52.5,54.35,41.16416692174267931843689419,18.93777777777777777777777778,40.001,-0.1568,1.0,444,3,0.6667,0.0062,0,0,0.0,0.3,0.85,oncology,0.6892,highly_crowded,1.0,219,0.050550596214511044,0.249141,-0.6772,20.52,0.420962,-0.1994,0.002528,0.0,0.0,0.0,0.0,0.002528,0.0
CABA,"Cabaletta Bio, Inc.",,,D,ineligible,D,ineligible,,0.640893,,0,0.543478,1,0.456522,,0,no_upcoming,9,headwind,high_vol|high_beta|deep_drawdown|deep_drawdown_rel_xbi,XS,ineligible,smart_money_score:+24.0;momentum_score:-21.0;financial_score:-1.8,tier=D;reason=ineligible;cat_days=NA;strength=missing;decay_w=0.0,v1.3.0,31f399e0,0,deep_drawdown,0,,"{""burn_ttm"": 95737000.0, ""cash_total"": 159931000.0, ""dilution_risk"": null, ""has_revenue"": null, ""lead_phase"": null, ""runway_months"": 19.747412178708867, ""stage_bucket"": ""mid"", ""surv_score"": ""4.0"", ""tier1_count"": 3}",mid|none|nonpos,0.0631838407643312,,-1.1103,405,1,-0.0037,-0.0401,3,3,buying,-0.0239,elite_3,0.0,0.0,0.0,,,0.0,0,0,0,True,False,True,missing,0.0,adequate,<=1000bps,998.61,0.85,1,0,1.0,0,1.0,0,,False,no_upcoming,-0.339278,price_history,,3,2.021,price_history,,-0.579984,,43.555,1.3399,-0.108271,-0.471713,mid,small,sev1,drug_developer,morningstar,,,,0,0.7885266599030548979821891557,21.44,41.25000000000000000000000000,66.5,73.75,42.54361799816345270890725437,40.68444444444444444444444444,41.1436,-0.1084,2.0,1478,6,1.0,0.0086,0,0,0.1667,0.3,0.6,autoimmune,0.6892,highly_crowded,1.0,187,0.0631838407643312,0.359107,-0.3608,27.11,0.575601,0.1907,0.003159,0.0,0.0,0.0,0.0,0.003159,0.0
ARGX,argenx SE,,,D,ineligible,D,ineligible,,0.888316,,0,0.537267,1,0.462733,228,0,specific_days,9,tailwind,,XS,ineligible,financial_score:-40.6;smart_money_score:+34.4;momentum_score:+9.2,tier=D;reason=ineligible;cat_days=228;strength=far;decay_w=0.3,v1.3.0,31f399e0,0,financials_missing,1,"cash_runway_lt_6m,survivability_critical","{""burn_ttm"": 0.0, ""cash_total"": 0.0, ""dilution_risk"": null, ""has_revenue"": null, ""lead_phase"": null, ""runway_months"": 0.0, ""stage_bucket"": ""late"", ""surv_score"": ""-5.0"", ""tier1_count"": 6}",late|near_181_270|nonpos,0.0009534155844155845,,0.7094,0,1,-0.0001,-0.0363,6,6,buying,1.1353,elite_6,0.0,0.0,0.0,,,0.0,0,0,0,True,False,True,far,0.3,critical,<=400bps,197.05,1.0,0,0,1.0,0,1.0,0,228,False,specific_days,0.09653,price_history,,6,0.3445,price_history,,-0.294349,,56.5398,0.2190,-0.108271,-0.186078,late,unknown,sev2,drug_developer,morningstar,,,,0,0.8440648242317046208268848110,54.86,45.56250000000000000000000000,80.0,50,42.63078633152855964717272042,5,42.8662,-0.0356,3.0,91,33,1.0,2.5932,3,3,0.0,0.4,0.6,autoimmune,0.2145,moderate,1.0,259,0.0009534155844155845,0.111684,-1.2176,17.93,0.335052,-0.426,4.8e-05,0.0,0.0,0.0,0.0,4.8e-05,0.0
IMTX,Immatics N.V.,,,D,ineligible,D,ineligible,,0.517182,,0,0.524845,1,0.475155,,0,no_upcoming,9,tailwind,,XS,ineligible,financial_score:-33.2;momentum_score:+25.1;clinical_score:+5.1,tier=D;reason=ineligible;cat_days=NA;strength=missing;decay_w=0.0,v1.3.0,31f399e0,0,financials_missing,1,"cash_runway_lt_6m,sponsor_absent_late_stage,survivability_critical","{""burn_ttm"": 0.0, ""cash_total"": 0.0, ""dilution_risk"": null, ""has_revenue"": null, ""lead_phase"": null, ""runway_months"": 0.0, ""stage_bucket"": ""late"", ""surv_score"": ""-5.0"", ""tier1_count"": 0}",late|none|nonpos,0.08147540126382306,,0.7108,0,1,0.0288,-0.0059,0,0,neutral,-1.1831,,0.0,0.0,0.0,,,0.0,0,0,0,True,False,True,missing,0.0,critical,<=2000bps,1507.41,0.7,1,0,1.0,0,1.0,0,,False,no_upcoming,0.10598,price_history,,0,0.7111,price_history,,-0.034841,,62.0048,,-0.108271,0.07343,late,unknown,sev2,drug_developer,morningstar,,,,0,0.7767624324324324324324324324,63.29,41.25000000000000000000000000,,50,43.31747682280150278285743881,5,42.1543,-0.0657,3.0,,15,1.0,0.0037,0,0,0.0,0.3,0.95,oncology,0.6892,highly_crowded,1.0,151,0.08147540126382306,0.482818,-0.0431,9.63,0.06701,-1.4984,0.004074,0.0,0.0,0.0,0.0,0.004074,0.0
SYRE,"Spyre Therapeutics, Inc.",,,D,ineligible,D,ineligible,,0.365979,,0,0.518634,1,0.481366,,0,no_upcoming,9,tailwind,,XS,ineligible,financial_score:-38.3;smart_money_score:+29.6;momentum_score:+11.7,tier=D;reason=ineligible;cat_days=NA;strength=missing;decay_w=0.0,v1.3.0,31f399e0,0,fundamental_red_flag,1,survivability_critical,"{""burn_ttm"": 169252000.0, ""cash_total"": 85721000.0, ""dilution_risk"": null, ""has_revenue"": null, ""lead_phase"": null, ""runway_months"": 6.0776357147921445, ""stage_bucket"": ""early"", ""surv_score"": ""-4.0"", ""tier1_count"": 6}",early|none|pos,0.1,,-1.7308,690,1,0.0843,0.0524,6,6,buying,1.1353,elite_6,0.0,0.0,0.0,,,0.0,0,0,0,True,False,True,missing,0.0,short,<=1000bps,562.88,0.85,1,0,1.0,0,1.0,0,,False,no_upcoming,-0.164683,price_history,,6,1.1947,price_history,,-0.305488,,41.1883,0.5829,-0.108271,-0.197217,early,mid,sev2,drug_developer,morningstar,,,,0,0.7865397101751459549624687239,56.17,41.25000000000000000000000000,74.0,50,44.63728191000918273645546372,6.099173553719008264462809910,43.055,-0.0276,1.0,690,1,0.0,0.0008,0,0,0.0,0.4,0.5,other,0.6892,highly_crowded,1.0,107,0.1,0.634021,0.3425,14.63,0.194158,-0.8627,0.005,0.0,0.0,0.0,0.0,0.005,0.0
CLLS,Cellectis S.A.,,,D,ineligible,D,ineligible,,0.104811,,0,0.475155,1,0.524845,,0,no_upcoming,9,headwind,deep_drawdown|deep_drawdown_rel_xbi,XS,ineligible,financial_score:-27.4;clinical_score:+15.8;catalyst_score:+8.8,tier=D;reason=ineligible;cat_days=NA;strength=missing;decay_w=0.0,v1.3.0,31f399e0,0,financials_missing,1,"cash_runway_lt_6m,survivability_critical","{""burn_ttm"": 0.0, ""cash_total"": 0.0, ""dilution_risk"": null, ""has_revenue"": null, ""lead_phase"": null, ""runway_months"": 0.0, ""stage_bucket"": ""early"", ""surv_score"": ""-5.0"", ""tier1_count"": 0}",early|none|pos,0.1,,-0.4323,0,1,0.2338,0.2094,0,0,neutral,-1.1831,,0.0,0.0,0.0,,,0.0,0,0,0,True,False,True,missing,0.0,critical,>2000bps,2050.0,0.55,1,0,1.0,0,1.0,0,,False,no_upcoming,-0.056405,price_history,,0,0.704,price_history,,-0.366197,,27.1168,0.8122,-0.108271,-0.257926,early,unknown,sev2,drug_developer,morningstar,,,,0,0.6775471095496646438837432130,35.23,41.25000000000000000000000000,,50,48.19202122232425262728293031,5,47.0289,0.1406,1.0,193,6,1.0,0.0506,0,0,0.0,0.3,0.85,oncology,0.6892,highly_crowded,1.0,31,0.1,0.895189,1.2546,12.40,0.121993,-1.1651,0.04718,0.0,0.0,0.0,0.04218,0.005,0.0
TNYA,"Tenaya Therapeutics, Inc.",,,D,ineligible,D,ineligible,,0.379725,,0,0.444099,1,0.555901,,0,no_upcoming,9,headwind,deep_drawdown|deep_drawdown_rel_xbi,XS,ineligible,financial_score:-24.3;smart_money_score:+15.5;clinical_score:+10.9,tier=D;reason=ineligible;cat_days=NA;strength=missing;decay_w=0.0,v1.3.0,31f399e0,0,deep_drawdown,0,,"{""burn_ttm"": 54324000.0, ""cash_total"": 65308000.0, ""dilution_risk"": null, ""has_revenue"": null, ""lead_phase"": null, ""runway_months"": 14.426330903468081, ""stage_bucket"": ""early"", ""surv_score"": ""2.0"", ""tier1_count"": 1}",early|none|pos,0.1,,-1.7094,686,1,0.3481,0.3295,1,1,buying,-0.7967,elite_1,0.0,0.0,0.0,,,0.0,0,0,0,True,False,True,missing,0.0,short,<=2000bps,1908.19,0.7,1,0,1.0,0,1.0,0,,False,no_upcoming,-0.282604,price_history,,1,0.8841,price_history,,-0.505882,,32.0072,1.1737,-0.108271,-0.397611,early,micro,sev2,drug_developer,morningstar,,,,0,0.7493760665529010238907849829,36.58,41.25000000000000000000000000,55.5,80.43,50.90909090909090909090909091,15.69444444444444444444444444,49.3959,0.2408,1.0,686,4,1.0,0.0008,0,0,0.0,0.3,0.5,other,-2.159,uncrowded,1.0,111,0.1,0.620275,0.3062,12.77,0.132302,-1.1156,0.07724,0.0,0.0,0.0,0.07224,0.005,0.0
PYXS,"Pyxis Oncology, Inc.",,,D,ineligible,D,ineligible,,0.30756,,0,0.400621,1,0.599379,,0,no_upcoming,9,tailwind,high_vol|deep_drawdown|deep_drawdown_rel_xbi,XS,ineligible,financial_score:-19.1;smart_money_score:+14.4;momentum_score:+13.8,tier=D;reason=ineligible;cat_days=NA;strength=missing;decay_w=0.0,v1.3.0,31f399e0,0,deep_drawdown,0,,"{""burn_ttm"": 53075000.0, ""cash_total"": 76256000.0, ""dilution_risk"": null, ""has_revenue"": null, ""lead_phase"": null, ""runway_months"": 17.24111163447951, ""stage_bucket"": ""early"", ""surv_score"": ""1.0"", ""tier1_count"": 3}",early|none|pos,0.1,,-1.6388,269,1,0.4628,0.45,3,3,buying,-0.0239,elite_3,0.0,0.0,0.0,,,0.0,0,0,0,True,False,True,missing,0.0,adequate,>2000bps,2020.0,0.55,1,0,1.0,0,1.0,0,,False,no_upcoming,-0.276888,price_history,,3,0.7015,price_history,,-0.424886,,43.3793,1.6279,-0.108271,-0.316615,early,micro,sev1,drug_developer,morningstar,,,,0,0.7689334043686734150239744273,65.88,41.25000000000000000000000000,66.5,84.78,53.63636363636363636363636364,33.00000000000000000000000000,52.4732,0.371,1.0,269,4,1.0,0.0284,0,0,0.0,0.3,0.85,oncology,0.6892,highly_crowded,1.0,90,0.1,0.69244,0.5028,27.62,0.582474,0.2082,0.1163,0.0,0.0,0.0,0.1113,0.005,0.0
GLUE,"Monte Rosa Therapeutics, Inc.",,,D,ineligible,D,ineligible,,0.16323,,0,0.381988,1,0.618012,,0,no_upcoming,9,headwind,high_vol|deep_drawdown|deep_drawdown_rel_xbi,XS,ineligible,smart_money_score:+23.5;momentum_score:-22.0;clinical_score:+12.0,tier=D;reason=ineligible;cat_days=NA;strength=missing;decay_w=0.0,v1.3.0,31f399e0,0,deep_drawdown,0,,"{""burn_ttm"": 0.0, ""cash_total"": 208343000.0, ""dilution_risk"": null, ""has_revenue"": null, ""lead_phase"": null, ""runway_months"": null, ""stage_bucket"": ""early"", ""surv_score"": ""5.0"", ""tier1_count"": 3}",early|none|pos,0.1,,-1.699,686,1,0.5202,0.5103,3,3,buying,-0.0239,elite_3,0.0,0.0,0.0,,,0.0,0,0,0,True,False,True,missing,0.0,adequate,<=1000bps,598.18,0.85,1,0,1.0,0,1.0,0,,False,no_upcoming,-0.441518,price_history,,3,1.2387,price_history,,-0.547281,,34.6009,1.2054,-0.108271,-0.43901,early,small,none,drug_developer,morningstar,,,,0,0.7225755097590230073056373351,21.05,41.25000000000000000000000000,66.5,31.33,55.00000000000000000000000000,31.23456790123456790123456790,53.8369,0.4287,1.0,686,1,0.0,0.0008,0,0,0.0,0.3,0.85,oncology,0.6892,highly_crowded,1.0,48,0.1,0.83677,0.9813,31.92,0.634021,0.3425,0.13361,0.0,0.0,0.0,0.12861,0.005,0.0
NKTX,"Nkarta, Inc.",,,D,ineligible,D,ineligible,,0.276632,,0,0.282609,1,0.717391,,0,no_upcoming,9,headwind,high_beta|deep_drawdown|deep_drawdown_rel_xbi,XS,ineligible,momentum_score:-19.2;financial_score:+14.8;catalyst_score:-13.6,tier=D;reason=ineligible;cat_days=NA;strength=missing;decay_w=0.0,v1.3.0,31f399e0,0,deep_drawdown,0,,"{""burn_ttm"": 67052000.0, ""cash_total"": 282331000.0, ""dilution_risk"": null, ""has_revenue"": null, ""lead_phase"": null, ""runway_months"": 50.52753087156237, ""stage_bucket"": ""early"", ""surv_score"": ""5.0"", ""tier1_count"": 3}",early|none|pos,0.1,,-1.3096,110,1,0.7878,0.7914,3,3,buying,-0.0239,elite_3,0.0,0.0,0.0,,,0.0,0,0,0,True,False,True,missing,0.0,adequate,>2000bps,2020.0,0.55,1,0,1.0,0,1.0,0,,False,no_upcoming,-0.460031,price_history,,3,1.9554,price_history,,-0.617441,,36.0731,,-0.108271,-0.50917,early,micro,none,drug_developer,morningstar,,,,0,0.7691021479958890030832476876,35.63,41.25000000000000000000000000,66.5,50,61.36363636363636363636363636,69.63636363636363636363636364,60.2005,0.698,1.0,110,2,0.3333,0.1286,0,0,0.0,0.3,0.85,oncology,0.6892,highly_crowded,1.0,81,0.1,0.723368,0.5929,48.01,0.912371,1.3555,0.2144,0.0,0.0,0.0,0.2094,0.005,0.0
CCCC,"C4 Therapeutics, Inc.",,,D,ineligible,D,ineligible,,0.094502,,0,0.276398,1,0.723602,,0,no_upcoming,9,headwind,deep_drawdown|deep_drawdown_rel_xbi,XS,ineligible,financial_score:-29.0;smart_money_score:+24.7;clinical_score:+19.6,tier=D;reason=ineligible;cat_days=NA;strength=missing;decay_w=0.0,v1.3.0,31f399e0,0,deep_drawdown,0,,"{""burn_ttm"": 98694000.0, ""cash_total"": 74603000.0, ""dilution_risk"": null, ""has_revenue"": null, ""lead_phase"": null, ""runway_months"": 9.070824974162564, ""stage_bucket"": ""early"", ""surv_score"": ""0.0"", ""tier1_count"": 3}",early|none|pos,0.1,,-0.402,0,1,0.7878,0.7914,3,3,buying,-0.0239,elite_3,0.0,0.0,0.0,,,0.0,0,0,0,True,False,True,missing,0.0,short,<=2000bps,1461.59,0.7,1,0,1.0,0,1.0,0,,False,no_upcoming,-0.45946,price_history,,3,1.2888,price_history,,-0.601818,,26.58,0.7106,-0.108271,-0.493547,early,micro,sev2,drug_developer,morningstar,,,,0,0.7251189840998826165830754455,27.09,41.25000000000000000000000000,66.5,67.39,61.36363636363636363636363636,12.84044995408631772268135904,60.2005,0.698,1.0,509,3,0.6667,0.0059,0,0,0.0,0.3,0.85,oncology,0.6892,highly_crowded,1.0,28,0.1,0.905498,1.3135,15.20,0.218213,-0.7782,0.2144,0.0,0.0,0.0,0.2094,0.005,0.0
IMRX,Immuneering Corporation,,,D,ineligible,D,ineligible,,0.190722,,0,0.13354,1,0.86646,,0,no_upcoming,9,headwind,deep_drawdown|deep_drawdown_rel_xbi,XS,ineligible,momentum_score:-36.0;financial_score:+23.0;clinical_score:+18.1,tier=D;reason=ineligible;cat_days=NA;strength=missing;decay_w=0.0,v1.3.0,31f399e0,0,deep_drawdown,0,,"{""burn_ttm"": 35503997.0, ""cash_total"": 227563077.0, ""dilution_risk"": null, ""has_revenue"": null, ""lead_phase"": null, ""runway_months"": 76.91407037917449, ""stage_bucket"": ""early"", ""surv_score"": ""5.0"", ""tier1_count"": 2}",early|none|pos,0.1,,-1.6141,320,1,1.2275,1.2534,2,2,buying,-0.4103,elite_2,0.0,0.0,0.0,,,0.0,0,0,0,True,False,True,missing,0.0,adequate,<=2000bps,1094.84,0.7,1,0,1.0,0,1.0,0,,False,no_upcoming,-0.404054,price_history,,2,1.4729,price_history,,-0.867776,,47.5856,1.1957,-0.108271,-0.759505,early,small,none,drug_developer,morningstar,,,,0,0.7112309447267447889660893913,17.67,41.25000000000000000000000000,61.0,50,71.81818181818181818181818182,76.70000000000000000000000000,70.655,1.1403,1.0,320,2,0.3333,0.018,0,0,0.0,0.3,0.85,oncology,0.6892,highly_crowded,1.0,56,0.1,0.809278,0.8752,42.90,0.816151,0.9008,0.34709,0.0,0.0,0.0,0.34209,0.005,0.0
IKT,"Inhibikase Therapeutics, Inc.",,,D,ineligible,D,ineligible,,0.187285,,0,0.096273,1,0.903727,,0,no_upcoming,9,headwind,deep_drawdown|deep_drawdown_rel_xbi,XS,ineligible,clinical_score:+30.4;financial_score:-25.5;momentum_score:-7.4,tier=D;reason=ineligible;cat_days=NA;strength=missing;decay_w=0.0,v1.3.0,31f399e0,0,deep_drawdown,0,,"{""burn_ttm"": 20270491.0, ""cash_total"": 39052511.0, ""dilution_risk"": null, ""has_revenue"": null, ""lead_phase"": null, ""runway_months"": 23.118834763301983, ""stage_bucket"": ""early"", ""surv_score"": ""4.0"", ""tier1_count"": 1}",early|none|pos,0.1,,-0.5623,16,1,1.3422,1.3739,1,1,selling,-0.7967,elite_1,0.0,0.0,0.0,,,0.0,0,0,0,True,False,True,missing,0.0,adequate,<=2000bps,1865.77,0.7,1,0,1.0,0,1.0,0,,False,no_upcoming,-0.309425,price_history,,1,0.0773,price_history,,-0.662841,,34.3268,,-0.108271,-0.55457,early,micro,sev1,drug_developer,morningstar,,,,0,0.6056019144729996878576630944,36.71,41.25000000000000000000000000,49.5,50,74.54545454545454545454545455,18.63842975206611570247933884,73.1867,1.2475,1.0,16,1,0.0,0.2188,1,0,0.0,0.3,0.5,other,0.6892,highly_crowded,1.0,55,0.1,0.812715,0.8879,32.55,0.64433,0.3701,0.37925,0.0,0.0,0.0,0.37425,0.005,0.0
SANA,"Sana Biotechnology, Inc.",,,D,ineligible,D,ineligible,,0.331615,,0,0.195652,1,0.804348,,0,no_upcoming,9,headwind,high_beta|deep_drawdown|deep_drawdown_rel_xbi,XS,ineligible,financial_score:-32.2;clinical_score:+21.6;smart_money_score:+16.2,tier=D;reason=ineligible;cat_days=NA;strength=missing;decay_w=0.0,v1.3.0,31f399e0,0,deep_drawdown,0,,"{""burn_ttm"": 111187000.0, ""cash_total"": 153054000.0, ""dilution_risk"": null, ""has_revenue"": null, ""lead_phase"": null, ""runway_months"": 16.51854983046579, ""stage_bucket"": ""early"", ""surv_score"": ""1.0"", ""tier1_count"": 2}",early|none|pos,0.1,,-1.6385,321,1,0.9981,1.0124,2,2,buying,-0.4103,elite_2,0.0,0.0,0.0,,,0.0,0,0,0,True,False,True,missing,0.0,adequate,<=1000bps,861.68,0.85,1,0,1.0,0,1.0,0,,False,no_upcoming,-0.247747,price_history,,2,2.035,price_history,,-0.460515,,31.2894,1.1156,-0.108271,-0.352244,early,small,sev1,drug_developer,morningstar,,,,0,0.7566147648083623693379790941,42.72,41.25000000000000000000000000,61.0,36.96,66.36363636363636363636363636,12.56000000000000000000000000,65.2005,0.9095,1.0,508,5,1.0,0.0134,0,0,0.0,0.3,0.85,oncology,0.6892,highly_crowded,1.0,97,0.1,0.668385,0.4355,26.63,0.554983,0.1383,0.27785,0.0,0.0,0.0,0.27285,0.005,0.0
EDIT,"Editas Medicine, Inc.",,,D,ineligible,D,ineligible,,0.998282,,0,0.152174,1,0.847826,343,0,specific_days,9,headwind,deep_drawdown|deep_drawdown_rel_xbi,XS,ineligible,clinical_score:+31.8;financial_score:-24.0;momentum_score:-15.1,tier=D;reason=ineligible;cat_days=343;strength=far;decay_w=0.3,v1.3.0,31f399e0,0,deep_drawdown,0,,"{""burn_ttm"": 128854000.0, ""cash_total"": 165648000.0, ""dilution_risk"": null, ""has_revenue"": null, ""lead_phase"": null, ""runway_months"": 14.22828421495472, ""stage_bucket"": ""early"", ""surv_score"": ""0.0"", ""tier1_count"": 0}",early|far_271_540|pos,-0.018920969696969697,,-1.6335,343,1,1.151,1.173,0,0,neutral,-1.1831,,0.0,0.0,0.0,,,0.0,0,0,0,True,False,True,far,0.3,short,<=2000bps,1626.3,0.7,1,0,1.0,0,1.0,0,343,False,specific_days,-0.30355,price_history,,0,1.6063,price_history,,-0.544554,,42.1665,0.8096,-0.108271,-0.436283,early,micro,sev2,drug_developer,morningstar,,,,0,0.7741403320835565077664702732,23.18,45.56250000000000000000000000,,76.09,70.00000000000000000000000000,14.25619834710743801652892562,68.1369,1.0338,1.0,343,4,1.0,0.0285,0,0,0.0,0.3,0.55,ophthalmology,0.6892,highly_crowded,1.0,291,-0.018920969696969697,0.001718,-2.9257,14.10,0.180412,-0.9138,0.309194,0.0,0.0,0.0,0.31014,-0.000946,0.0
DSGN,"Design Therapeutics, Inc.",,,D,ineligible,D,ineligible,,0.121993,,0,0.009317,1,0.990683,,0,no_upcoming,9,tailwind,deep_drawdown|deep_drawdown_rel_xbi,XS,ineligible,catalyst_score:-21.8;clinical_score:+13.9;smart_money_score:+8.9,tier=D;reason=ineligible;cat_days=NA;strength=missing;decay_w=0.0,v1.3.0,31f399e0,0,deep_drawdown,0,,"{""burn_ttm"": 42392000.0, ""cash_total"": 205970000.0, ""dilution_risk"": null, ""has_revenue"": null, ""lead_phase"": null, ""runway_months"": 58.30439705604831, ""stage_bucket"": ""early"", ""surv_score"": ""5.0"", ""tier1_count"": 4}",early|none|pos,0.1,,-0.3274,0,1,1.4454,1.4823,4,4,buying,0.3625,elite_4,0.0,0.0,0.0,,,0.0,0,0,0,True,False,True,missing,0.0,adequate,<=2000bps,1688.6,0.7,1,0,1.0,0,1.0,0,,False,no_upcoming,0.297607,price_history,,4,0.5106,price_history,,-0.544226,,41.6639,0.7359,-0.108271,-0.435955,early,small,none,drug_developer,morningstar,,,,0,0.7264303482587064676616915423,67.27,41.25000000000000000000000000,72.0,50,77.000,57.80000000000000000000000000,75.7677,1.3567,1.0,,1,0.0,0.0,0,0,0.0,0.4,0.5,other,-1.2096,uncrowded,1.0,36,0.1,0.878007,1.1651,49.72,0.943299,1.5831,0.41201,0.0,0.0,0.0,0.40701,0.005,0.0
IRWD,"Ironwood Pharmaceuticals, Inc.",,,D,ineligible,,,D,0.21134,0.673077,1,,0,,,0,no_upcoming,9,headwind,high_vol|deep_drawdown|deep_drawdown_rel_xbi,XS,ineligible,momentum_score:-27.6;clinical_score:+24.9;financial_score:+13.2,tier=;reason=;cat_days=NA;strength=missing;decay_w=0.0,v1.3.0,31f399e0,0,fundamental_red_flag|deep_drawdown,1,sponsor_absent_late_stage,"{""burn_ttm"": 0.0, ""cash_total"": 140407000.0, ""dilution_risk"": null, ""has_revenue"": null, ""lead_phase"": null, ""runway_months"": null, ""stage_bucket"": ""late"", ""surv_score"": ""2.0"", ""tier1_count"": 0}",late|none|pos,0.1,53.9385,1.0059,0,1,1.0645,1.2114,0,0,neutral,-1.1831,,0.0,0.0,0.0,,,0.0,0,0,0,True,False,True,missing,0.0,adequate,<=1000bps,819.43,0.85,1,0,1.0,0,1.0,0,,False,no_upcoming,-0.338303,price_history,,0,0.6067,price_history,,-0.622654,,35.8234,1.2561,-0.108271,-0.514383,late,small,none,commercial_pharma,morningstar,,,,0,0.8509748027487910409773479257,24.27,41.25000000000000000000000000,,56.67,76.76646706586826347305389222,65.00000000000000000000000000,76.084,1.3701,3.0,356,19,1.0,0.3197,0,0,0.0,0.9,0.55,metabolic,-0.4975,uncrowded,1.0,62,0.1,0.78866,0.8018,39.29,0.743986,0.6557,2.23313,1.8171,0.0,0.0,0.41103,0.005,0.0
ARDX,"Ardelyx, Inc.",,,D,ineligible,,,D,0.063574,0.257692,1,,0,,,0,no_upcoming,9,headwind,,XS,ineligible,clinical_score:+29.0;financial_score:-22.5;smart_money_score:+7.5,tier=;reason=;cat_days=NA;strength=missing;decay_w=0.0,v1.3.0,31f399e0,0,fundamental_red_flag,1,survivability_critical,"{""burn_ttm"": 42483000.0, ""cash_total"": 67999000.0, ""dilution_risk"": null, ""has_revenue"": null, ""lead_phase"": null, ""runway_months"": 19.207400607301743, ""stage_bucket"": ""late"", ""surv_score"": ""-4.0"", ""tier1_count"": 1}",late|none|pos,0.1,39.643337,1.0059,0,1,1.3807,1.479,1,1,buying,-0.7967,elite_1,0.0,0.0,0.0,,,0.0,0,0,0,True,False,True,missing,0.0,adequate,<=1000bps,582.84,0.85,1,0,1.0,0,1.0,0,,False,no_upcoming,-0.134163,price_history,,1,1.4437,price_history,,-0.348049,,37.8893,0.8641,-0.108271,-0.239778,late,small,none,commercial_biotech,morningstar,,,,0,0.8854376442844731289561871664,40.80,41.25000000000000000000000000,55.5,57.22,77.000,25.45852623456790123456790124,76.1869,1.3744,3.0,717,15,1.0,0.0038,0,0,0.0,0.6,0.55,metabolic,-0.4975,uncrowded,1.0,19,0.1,0.936426,1.5254,34.17,0.678694,0.4641,2.63582,2.2185,0.0,0.0,0.41232,0.005,0.0
HALO,"Halozyme Therapeutics, Inc.",,,D,ineligible,,,D,0.17354,0.642308,1,,0,,,0,no_upcoming,9,tailwind,,XS,ineligible,financial_score:-19.0;clinical_score:+17.6;momentum_score:+14.1,tier=;reason=;cat_days=NA;strength=missing;decay_w=0.0,v1.3.0,31f399e0,0,fundamental_red_flag,1,sponsor_absent_late_stage,"{""burn_ttm"": 0.0, ""cash_total"": 133820000.0, ""dilution_risk"": null, ""has_revenue"": null, ""lead_phase"": null, ""runway_months"": null, ""stage_bucket"": ""late"", ""surv_score"": ""-1.0"", ""tier1_count"": 0}",late|none|pos,0.1,50.984671,0.9987,0,1,1.1325,1.2301,0,0,neutral,-1.1831,,0.0,0.0,0.0,,,0.0,0,0,0,True,False,True,missing,0.0,adequate,<=400bps,268.65,1.0,0,0,1.0,0,1.0,0,,False,no_upcoming,0.242861,price_history,,0,0.4746,price_history,,-0.037714,,66.2009,0.2835,-0.108271,0.070557,late,mid,none,commercial_biotech,morningstar,,,,0,0.9,67.98,41.25000000000000000000000000,,62.00,71.55688622754491017964071856,34.86371419316025730019899116,71.0937,1.1589,3.0,,29,1.0,0.0045,0,0,0.0,0.7,0.95,oncology,0.6892,highly_crowded,1.0,51,0.1,0.82646,0.9403,35.36,0.69244,0.5028,2.19782,1.84515,0.0,0.0,0.34767,0.005,0.0
DNA,"Ginkgo Bioworks Holdings, Inc.",,,D,ineligible,,,D,0.984536,0.911538,1,,0,,173,0,specific_days,9,headwind,deep_drawdown|deep_drawdown_rel_xbi,XS,ineligible,momentum_score:-40.4;financial_score:+26.9;clinical_score:+15.4,tier=;reason=;cat_days=173;strength=mid;decay_w=0.7,v1.3.0,31f399e0,0,deep_drawdown,0,,"{""burn_ttm"": 123381000.0, ""cash_total"": 495484000.0, ""dilution_risk"": null, ""has_revenue"": null, ""lead_phase"": null, ""runway_months"": 48.19062902715977, ""stage_bucket"": ""late"", ""surv_score"": ""4.0"", ""tier1_count"": 1}",late|near_91_180|pos,-0.01150522641509434,68.866375,0.9859,0,1,0.9113,1.0083,1,1,neutral,-0.7967,elite_1,0.0,0.0,0.0,,,0.0,0,0,0,True,False,True,mid,0.7,adequate,<=2000bps,1199.57,0.7,1,0,1.0,0,1.0,0,173,False,specific_days,-0.548003,price_history,,1,1.6937,price_history,,-0.822835,,25.4968,0.7795,-0.108271,-0.714564,late,small,none,commercial_biotech,morningstar,,,,0,0.8332732732732732732732732733,10.91,45.56250000000000000000000000,55.0,90.00,66.70658682634730538922155688,78.18750000000000000000000000,68.4566,1.0473,3.0,34,850,1.0,4.1309,5,8,0.025,0.8,0.95,oncology,0.6892,highly_crowded,1.0,287,-0.01150522641509434,0.015464,-2.158,41.53,0.795533,0.8258,1.826065,1.51245,0.0,0.0,0.31419,-0.000575,0.0
MNKD,MannKind Corporation,,,D,ineligible,,,D,0.266323,0.280769,1,,0,,,0,no_upcoming,9,tailwind,,XS,ineligible,clinical_score:+18.3;catalyst_score:-15.1;financial_score:-4.7,tier=;reason=;cat_days=NA;strength=missing;decay_w=0.0,v1.3.0,31f399e0,0,fundamental_red_flag,1,sponsor_absent_late_stage,"{""burn_ttm"": 0.0, ""cash_total"": 171346000.0, ""dilution_risk"": null, ""has_revenue"": null, ""lead_phase"": null, ""runway_months"": null, ""stage_bucket"": ""late"", ""surv_score"": ""1.0"", ""tier1_count"": 0}",late|none|pos,0.1,40.1935,1.0053,0,1,1.2717,1.3697,0,0,neutral,-1.1831,,0.0,0.0,0.0,,,0.0,0,0,0,True,False,True,missing,0.0,adequate,<=1000bps,820.88,0.85,1,0,1.0,0,1.0,0,,False,no_upcoming,0.015929,price_history,,0,0.5603,price_history,,-0.119266,,55.7677,0.4616,-0.108271,-0.010995,late,small,none,commercial_biotech,morningstar,,,,0,0.9,57.89,41.25000000000000000000000000,,15.33,74.61077844311377245508982036,51.66666666666666666666666667,73.9412,1.2794,3.0,10,19,1.0,0.6155,0,1,0.0,0.8,0.5,respiratory,0.6892,highly_crowded,1.0,78,0.1,0.733677,0.624,45.56,0.857388,1.0687,2.44337,2.05455,0.0,0.0,0.38382,0.005,0.0
AMPH,"Amphastar Pharmaceuticals, Inc.",,,D,ineligible,,,D,0.046392,0.857692,1,,0,,,0,no_upcoming,9,headwind,deep_drawdown|deep_drawdown_rel_xbi,XS,ineligible,clinical_score:+16.2;momentum_score:-16.0;catalyst_score:-13.2,tier=;reason=;cat_days=NA;strength=missing;decay_w=0.0,v1.3.0,31f399e0,0,fundamental_red_flag,1,sponsor_absent_late_stage,"{""burn_ttm"": 0.0, ""cash_total"": 276209000.0, ""dilution_risk"": null, ""has_revenue"": null, ""lead_phase"": null, ""runway_months"": null, ""stage_bucket"": ""late"", ""surv_score"": ""3.0"", ""tier1_count"": 0}",late|none|pos,0.1,65.8305,0.9972,0,1,0.8014,0.9338,0,0,neutral,-1.1831,,0.0,0.0,0.0,,,0.0,0,0,0,True,False,True,missing,0.0,adequate,<=2000bps,1139.42,0.7,1,0,1.0,0,1.0,0,,False,no_upcoming,-0.067446,price_history,,0,0.3615,price_history,,-0.377077,,40.2719,0.4149,-0.108271,-0.268806,late,small,none,commercial_pharma,morningstar,,,,0,0.9,38.45,41.25000000000000000000000000,,79.33,70.65868263473053892215568862,67.50000000000000000000000000,69.4955,1.0913,3.0,,11,1.0,0.0,0,0,0.0,0.6,0.5,respiratory,0.6892,highly_crowded,1.0,14,0.1,0.953608,1.6809,51.25,0.97079,1.8925,1.73309,1.4007,0.0,0.0,0.32739,0.005,0.0
VCEL,Vericel Corporation,,,D,ineligible,,,D,0.400344,0.265385,1,,0,,,0,no_upcoming,9,neutral,,XS,ineligible,clinical_score:+21.1;financial_score:-12.7;catalyst_score:-8.7,tier=;reason=;cat_days=NA;strength=missing;decay_w=0.0,v1.3.0,31f399e0,0,fundamental_red_flag,1,sponsor_absent_late_stage,"{""burn_ttm"": 0.0, ""cash_total"": 137499000.0, ""dilution_risk"": null, ""has_revenue"": null, ""lead_phase"": null, ""runway_months"": null, ""stage_bucket"": ""late"", ""surv_score"": ""1.0"", ""tier1_count"": 0}",late|none|pos,0.1,39.649414,0.9979,0,1,1.1079,1.2054,0,0,neutral,-1.1831,,0.0,0.0,0.0,,,0.0,0,0,0,True,False,True,missing,0.0,adequate,<=1000bps,731.33,0.85,1,0,1.0,0,1.0,0,,False,no_upcoming,-0.047742,price_history,,0,0.7782,price_history,,-0.200567,,32.7673,0.4807,-0.108271,-0.092296,late,small,none,commercial_biotech,morningstar,,,,0,0.9,50.34,41.25000000000000000000000000,,36.67,71.01796407185628742514970060,37.21536351165980795610425240,69.7856,1.1035,3.0,1082,10,1.0,0.0002,0,0,0.0,0.4,0.5,other,-1.2096,uncrowded,1.0,117,0.1,0.599656,0.2525,41.07,0.768041,0.7324,2.14415,1.8081,0.0,0.0,0.33105,0.005,0.0
SNY,Sanofi,,,D,ineligible,,,D,0.352234,0.111538,1,,0,,973,0,specific_days,9,neutral,,XS,ineligible,financial_score:-39.9;clinical_score:+30.1;smart_money_score:+4.6,tier=;reason=;cat_days=973;strength=far;decay_w=0.3,v1.3.0,31f399e0,0,financials_missing,1,"cash_runway_lt_6m,survivability_critical","{""burn_ttm"": 0.0, ""cash_total"": 0.0, ""dilution_risk"": null, ""has_revenue"": null, ""lead_phase"": null, ""runway_months"": 0.0, ""stage_bucket"": ""late"", ""surv_score"": ""-5.0"", ""tier1_count"": 1}",late|far_271_540|pos,0.1,29.594,1.0059,0,1,0.9872,1.1297,1,1,selling,-0.7967,elite_1,0.0,0.0,0.0,,,0.0,0,0,0,True,False,True,far,0.3,critical,<=400bps,241.86,1.0,0,0,1.0,0,1.0,0,973,False,specific_days,0.003355,price_history,,1,0.1051,price_history,,-0.126628,,35.7317,0.194,-0.108271,-0.018357,late,unknown,sev2,commercial_pharma,morningstar,,,,0,0.8561843971631205673758865248,49.22,45.56250000000000000000000000,49.5,50,74.97005988023952095808383233,5,76.2569,1.3774,3.0,16,667,1.0,5.2553,5,12,0.0,0.8,0.95,oncology,0.6892,highly_crowded,1.0,103,0.1,0.647766,0.3793,21.78,0.448454,-0.1296,2.11277,1.69455,0.0,0.0,0.41322,0.005,0.0
AZN,Astrazeneca PLC,,,D,ineligible,,,D,0.905498,0.165385,1,,0,,17,1,specific_days,9,tailwind,,XS,ineligible,financial_score:-45.8;clinical_score:+23.5;smart_money_score:+18.2,tier=;reason=;cat_days=17;strength=near;decay_w=1.0,v1.3.0,31f399e0,0,financials_missing,1,"cash_runway_lt_6m,survivability_critical","{""burn_ttm"": 0.0, ""cash_total"": 0.0, ""dilution_risk"": null, ""has_revenue"": null, ""lead_phase"": null, ""runway_months"": 0.0, ""stage_bucket"": ""late"", ""surv_score"": ""-5.0"", ""tier1_count"": 4}",late|near_0_30|pos,-1.6823529411764706e-05,32.496,1.0049,0,1,0.9562,1.0971,4,4,buying,0.3625,elite_4,0.0,0.0,0.0,,,0.0,0,0,0,True,False,True,near,1.0,critical,<=400bps,263.76,1.0,0,0,1.0,0,1.0,0,17,True,specific_days,0.215765,price_history,,4,0.1368,price_history,,-0.015341,,59.7709,0.2344,-0.108271,0.09293,late,unknown,sev2,commercial_pharma,morningstar,,,,0,0.8534669030732860520094562648,63.73,41.95437511111111111111111111,69.0,50,74.25149700598802395209580839,5,75.5384,1.347,3.0,14,703,1.0,6.7016,9,11,0.0,0.9,0.95,oncology,0.6892,highly_crowded,1.0,264,-1.6823529411764706e-05,0.094502,-1.3135,21.98,0.455326,-0.1122,2.049749,1.64565,0.0,0.0,0.4041,-1e-06,0.0
BIIB,Biogen Inc.,,,D,ineligible,,,D,0.9811,0.457692,1,,0,,96,0,specific_days,9,neutral,,XS,ineligible,financial_score:-21.3;clinical_score:+17.0;smart_money_score:+15.2,tier=;reason=;cat_days=96;strength=near;decay_w=1.0,v1.3.0,31f399e0,0,financials_missing,1,"cash_runway_lt_6m,survivability_critical","{""burn_ttm"": 0.0, ""cash_total"": 0.0, ""dilution_risk"": null, ""has_revenue"": null, ""lead_phase"": null, ""runway_months"": 0.0, ""stage_bucket"": ""late"", ""surv_score"": ""-5.0"", ""tier1_count"": 5}",late|near_91_180|pos,-0.01150522641509434,46.350241,0.9967,0,1,0.786,0.9175,5,5,buying,0.7489,elite_5,0.0,0.0,0.0,,,0.0,0,0,0,True,False,True,near,1.0,critical,<=400bps,177.15,1.0,0,0,1.0,0,1.0,0,96,False,specific_days,0.087334,price_history,,5,0.7051,price_history,,-0.222073,,57.5115,0.3103,-0.108271,-0.113802,late,large,none,commercial_pharma,morningstar,,,,0,0.8253604890604890604890604891,50.29,45.56250000000000000000000000,68.5,62.45,70.29940119760479041916167665,32.07720287966980211234218190,71.6616,1.1829,3.0,38,358,1.0,4.5909,6,7,0.0015,0.8,0.95,oncology,0.6892,highly_crowded,1.0,286,-0.01150522641509434,0.0189,-2.077,31.77,0.630584,0.3334,1.730545,1.37625,0.0,0.0,0.35487,-0.000575,0.0
EXEL,"Exelixis, Inc.",,,D,ineligible,,,D,0.142612,0.780769,1,,0,,698,0,specific_days,9,headwind,,XS,ineligible,clinical_score:+8.2;catalyst_score:-6.9;momentum_score:-6.6,tier=;reason=;cat_days=698;strength=far;decay_w=0.3,v1.3.0,31f399e0,0,fundamental_red_flag,1,sponsor_absent_late_stage,"{""burn_ttm"": 0.0, ""cash_total"": 1059091000.0, ""dilution_risk"": null, ""has_revenue"": null, ""lead_phase"": null, ""runway_months"": null, ""stage_bucket"": ""late"", ""surv_score"": ""5.0"", ""tier1_count"": 0}",late|far_271_540|pos,0.1,61.032048,0.9603,0,1,0.6328,0.729,0,0,neutral,-1.1831,,0.0,0.0,0.0,,,0.0,0,0,0,True,False,True,far,0.3,adequate,<=400bps,299.43,1.0,0,0,1.0,0,1.0,0,698,False,specific_days,-0.078862,price_history,,0,0.1179,price_history,,-0.099047,,50.0938,0.4304,-0.108271,0.009224,late,large,none,commercial_biotech,morningstar,,,,0,0.9,45.78,45.56250000000000000000000000,,74.00,60.59880239520958083832335330,57.72455089820359281437125749,61.0271,0.7329,3.0,217,84,1.0,1.5951,1,2,-0.0085,0.4,0.95,oncology,0.6892,highly_crowded,1.0,42,0.1,0.857388,1.0687,41.51,0.792096,0.8137,1.31837,1.0935,0.0,0.0,0.21987,0.005,0.0
SNDX,"Syndax Pharmaceuticals, Inc.",,,D,ineligible,,,D,0.348797,0.511538,1,,0,,,0,no_upcoming,9,headwind,,XS,ineligible,clinical_score:+19.7;financial_score:-19.0;smart_money_score:+14.5,tier=;reason=;cat_days=NA;strength=missing;decay_w=0.0,v1.3.0,31f399e0,0,fundamental_red_flag,1,"cash_runway_lt_6m,survivability_critical","{""burn_ttm"": 253492000.0, ""cash_total"": 435979000.0, ""dilution_risk"": null, ""has_revenue"": null, ""lead_phase"": null, ""runway_months"": 5.155381629400534, ""stage_bucket"": ""mid"", ""surv_score"": ""-5.0"", ""tier1_count"": 3}",mid|none|pos,0.1,47.17042,0.2017,0,1,1.0698,1.1672,3,3,neutral,-0.0239,elite_3,0.0,0.0,0.0,,,0.0,0,0,0,True,False,True,missing,0.0,critical,<=1000bps,584.59,0.85,1,0,1.0,0,1.0,0,,False,no_upcoming,-0.096712,price_history,,3,0.8394,price_history,,-0.181522,,48.5312,0.5965,-0.108271,-0.073251,mid,small,sev1,commercial_biotech,morningstar,,,,0,0.8340492721164613661814109742,44.63,41.25000000000000000000000000,65.0,68.75,70.18181818181818181818181818,31.51537777777777777777777778,70.8585,1.1489,2.0,126,38,1.0,0.5717,2,0,0.0,0.6,0.95,oncology,0.6892,highly_crowded,1.0,102,0.1,0.651203,0.3886,35.15,0.689003,0.493,1.51687,1.1672,0.0,0.0,0.34467,0.005,0.0
IONS,"Ionis Pharmaceuticals, Inc.",,,D,ineligible,,,D,0.207904,0.626923,1,,0,,,0,no_upcoming,9,headwind,,XS,ineligible,financial_score:+19.4;catalyst_score:-14.0;momentum_score:-10.0,tier=;reason=;cat_days=NA;strength=missing;decay_w=0.0,v1.3.0,31f399e0,0,fundamental_red_flag,1,sponsor_absent_late_stage,"{""burn_ttm"": 130874000.0, ""cash_total"": 2240171000.0, ""dilution_risk"": null, ""has_revenue"": null, ""lead_phase"": null, ""runway_months"": 187.5823540904904, ""stage_bucket"": ""late"", ""surv_score"": ""3.0"", ""tier1_count"": 0}",late|none|pos,0.1,50.655269,0.738,0,1,0.6,0.6961,0,0,neutral,-1.1831,,0.0,0.0,0.0,,,0.0,0,0,0,True,False,True,missing,0.0,adequate,<=400bps,247.51,1.0,0,0,1.0,0,1.0,0,,False,no_upcoming,-0.030016,price_history,,0,0.5518,price_history,,-0.240896,,55.5581,0.2985,-0.108271,-0.132625,late,large,none,commercial_biotech,morningstar,,,,0,0.9,45.23,41.25000000000000000000000000,,22.84,59.88023952095808383233532934,74.70059880239520958083832335,60.5348,0.7121,3.0,55,90,1.0,3.1444,3,3,0.0,0.5,0.55,metabolic,0.2145,moderate,1.0,61,0.1,0.792096,0.8137,48.15,0.919244,1.4,1.26278,1.04415,0.0,0.0,0.21363,0.005,0.0
ACAD,ACADIA Pharmaceuticals Inc.,,,D,ineligible,,,D,0.012027,0.219231,1,,0,,,0,no_upcoming,9,headwind,deep_drawdown|deep_drawdown_rel_xbi,XS,ineligible,smart_money_score:+21.6;momentum_score:-18.7;clinical_score:+15.2,tier=;reason=;cat_days=NA;strength=missing;decay_w=0.0,v1.3.0,31f399e0,0,deep_drawdown,0,,"{""burn_ttm"": 0.0, ""cash_total"": 177695000.0, ""dilution_risk"": null, ""has_revenue"": null, ""lead_phase"": null, ""runway_months"": null, ""stage_bucket"": ""late"", ""surv_score"": ""3.0"", ""tier1_count"": 7}",late|none|pos,0.1,38.085996,0.9773,0,1,0.813,0.9097,7,7,buying,1.5218,elite_7,0.0,0.0,0.0,,,0.0,0,0,0,True,False,True,missing,0.0,adequate,<=1000bps,531.5,0.85,1,0,1.0,0,1.0,0,,False,no_upcoming,-0.180016,price_history,,7,0.5846,price_history,,-0.554526,,40.9395,0.3548,-0.108271,-0.446255,late,mid,none,commercial_biotech,morningstar,,,,0,0.9,30.71,41.25000000000000000000000000,71.0,40.67,64.55089820359281437125748503,39.35443565181174510620574760,65.1378,0.9069,3.0,171,22,1.0,1.8842,2,3,0.0,0.6,0.6,cns,0.6892,highly_crowded,1.0,4,0.1,0.987973,2.2562,42.75,0.812715,0.8879,1.64162,1.36455,0.0,0.0,0.27207,0.005,0.0
SIGA,SIGA Technologies Inc.,,,D,ineligible,,,D,0.338488,0.903846,1,,0,,,0,no_upcoming,9,neutral,deep_drawdown|deep_drawdown_rel_xbi,XS,ineligible,catalyst_score:-11.4;financial_score:+9.0;clinical_score:+7.6,tier=;reason=;cat_days=NA;strength=missing;decay_w=0.0,v1.3.0,31f399e0,0,fundamental_red_flag,1,sponsor_absent_late_stage,"{""burn_ttm"": 0.0, ""cash_total"": 171955584.0, ""dilution_risk"": null, ""has_revenue"": null, ""lead_phase"": null, ""runway_months"": null, ""stage_bucket"": ""late"", ""surv_score"": ""2.0"", ""tier1_count"": 0}",late|none|pos,0.1,68.716,-0.0264,131,1,0.3526,0.4603,0,0,neutral,-1.1831,,0.0,0.0,0.0,,,0.0,0,0,0,True,False,True,missing,0.0,adequate,>2000bps,2020.0,0.55,1,0,1.0,0,1.0,0,,False,no_upcoming,-0.145037,price_history,,0,1.0742,price_history,,-0.362333,,31.3496,0.5084,-0.108271,-0.254062,late,small,none,commercial_pharma,morningstar,,,,0,0.9,47.33,41.25000000000000000000000000,,90.00,60.23952095808383233532934132,61.66666666666666666666666666,59.0243,0.6482,3.0,108,6,1.0,0.5124,0,1,0.0,0.4,0.55,infectious_disease,0.6892,highly_crowded,1.0,99,0.1,0.661512,0.4166,45.47,0.853952,1.0535,0.88991,0.69045,0.0,0.0,0.19446,0.005,0.0
PBYI,Puma Biotechnology Inc,,,D,ineligible,,,D,0.915808,0.896154,1,,0,,17,1,specific_days,9,headwind,deep_drawdown|deep_drawdown_rel_xbi,XS,ineligible,momentum_score:-21.1;financial_score:+20.8;catalyst_score:-7.2,tier=;reason=;cat_days=17;strength=near;decay_w=1.0,v1.3.0,31f399e0,0,deep_drawdown,0,,"{""burn_ttm"": 0.0, ""cash_total"": 94388000.0, ""dilution_risk"": null, ""has_revenue"": null, ""lead_phase"": null, ""runway_months"": null, ""stage_bucket"": ""late"", ""surv_score"": ""1.0"", ""tier1_count"": 1}",late|near_0_30|pos,-1.6823529411764706e-05,68.123554,0.7198,0,1,0.1576,0.2525,1,1,buying,-0.7967,elite_1,0.0,0.0,0.0,,,0.0,0,0,0,True,False,True,near,1.0,adequate,>2000bps,2020.0,0.55,1,0,1.0,0,1.0,0,17,True,specific_days,-0.318564,price_history,,1,0.5507,price_history,,-0.57973,,24.5895,0.7739,-0.108271,-0.471459,late,micro,none,commercial_biotech,morningstar,,,,0,0.8365058935788055680287382128,28.08,41.95437511111111111111111111,55.5,88.67,50.17964071856287425149700599,69.94011976047904191616766467,51.2639,0.3198,3.0,17,20,1.0,1.4859,1,2,0.0,0.5,0.95,oncology,0.6892,highly_crowded,1.0,267,-1.6823529411764706e-05,0.084192,-1.3774,34.49,0.685567,0.4833,0.474689,0.37875,0.0,0.0,0.09594,-1e-06,0.0
RIGL,"Rigel Pharmaceuticals, Inc.",,,D,ineligible,,,D,0.317869,0.796154,1,,0,,,0,no_upcoming,9,headwind,deep_drawdown|deep_drawdown_rel_xbi,XS,ineligible,momentum_score:-17.5;financial_score:+13.1;smart_money_score:+7.7,tier=;reason=;cat_days=NA;strength=missing;decay_w=0.0,v1.3.0,31f399e0,0,deep_drawdown,0,,"{""burn_ttm"": 0.0, ""cash_total"": 137143000.0, ""dilution_risk"": null, ""has_revenue"": null, ""lead_phase"": null, ""runway_months"": null, ""stage_bucket"": ""late"", ""surv_score"": ""1.0"", ""tier1_count"": 1}",late|none|pos,0.1,61.6675,0.721,0,1,0.1904,0.2854,1,1,buying,-0.7967,elite_1,0.0,0.0,0.0,,,0.0,0,0,0,True,False,True,missing,0.0,adequate,<=1000bps,815.97,0.85,1,0,1.0,0,1.0,0,,False,no_upcoming,-0.291984,price_history,,1,1.0884,price_history,,-0.444444,,42.5025,0.9981,-0.108271,-0.336173,late,small,none,commercial_biotech,morningstar,,,,0,0.8466212467896334345085220640,30.29,41.25000000000000000000000000,55.5,80.67,50.89820359281437125748502994,60.83333333333333333333333334,50.7851,0.2995,3.0,,21,1.0,0.0073,0,0,0.0,0.8,0.95,oncology,-0.4975,uncrowded,1.0,93,0.1,0.682131,0.4737,40.90,0.761168,0.7101,0.52295,0.4281,0.0,0.0,0.08985,0.005,0.0
GRFS,"Grifols, S.A.",,,D,ineligible,,,D,0.908935,0.096154,1,,0,,17,1,specific_days,9,headwind,deep_drawdown|deep_drawdown_rel_xbi,XS,ineligible,financial_score:-33.7;clinical_score:+23.3;momentum_score:+7.2,tier=;reason=;cat_days=17;strength=near;decay_w=1.0,v1.3.0,31f399e0,0,financials_missing,1,"cash_runway_lt_6m,sponsor_absent_late_stage,survivability_critical","{""burn_ttm"": 0.0, ""cash_total"": 0.0, ""dilution_risk"": null, ""has_revenue"": null, ""lead_phase"": null, ""runway_months"": 0.0, ""stage_bucket"": ""late"", ""surv_score"": ""-5.0"", ""tier1_count"": 0}",late|near_0_30|pos,-1.6823529411764706e-05,28.93,0.9682,0,1,0.43,0.542,0,0,neutral,-1.1831,,0.0,0.0,0.0,,,0.0,0,0,0,True,False,True,near,1.0,critical,<=2000bps,1441.59,0.7,1,0,1.0,0,1.0,0,17,True,specific_days,0.136657,price_history,,0,0.6636,price_history,,-0.394464,,46.2668,0.3193,-0.108271,-0.286193,late,unknown,sev2,commercial_pharma,morningstar,,,,0,0.8626689935453024145350227110,45.90,41.95437511111111111111111111,,50,62.03592814371257485029940120,5,63.6728,0.8449,3.0,31,97,1.0,2.9496,4,3,0.0,0.6,0.95,oncology,-0.4975,uncrowded,1.0,265,-1.6823529411764706e-05,0.091065,-1.3342,18.21,0.362543,-0.3517,1.066469,0.813,0.0,0.0,0.25347,-1e-06,0.0
ALVO,Alvotech,,,D,ineligible,,,D,0.042955,0.126923,1,,0,,,0,no_upcoming,9,neutral,,XS,ineligible,financial_score:-35.3;clinical_score:+21.3;momentum_score:+13.1,tier=;reason=;cat_days=NA;strength=missing;decay_w=0.0,v1.3.0,31f399e0,0,financials_missing,1,"cash_runway_lt_6m,sponsor_absent_late_stage,survivability_critical","{""burn_ttm"": 0.0, ""cash_total"": 0.0, ""dilution_risk"": null, ""has_revenue"": null, ""lead_phase"": null, ""runway_months"": 0.0, ""stage_bucket"": ""late"", ""surv_score"": ""-5.0"", ""tier1_count"": 0}",late|none|pos,0.1,30.436,0.7478,0,1,0.4145,0.5257,0,0,neutral,-1.1831,,0.0,0.0,0.0,,,0.0,0,0,0,True,False,True,missing,0.0,critical,>2000bps,2020.0,0.55,1,0,1.0,0,1.0,0,,False,no_upcoming,-0.065954,price_history,,0,0.3216,price_history,,-0.186451,,52.6304,0.9498,-0.108271,-0.07818,late,unknown,sev2,commercial_pharma,morningstar,,,,0,0.7956620278776978417266187050,53.43,41.25000000000000000000000000,,50,61.67664670658682634730538922,5,60.8635,0.726,3.0,101,9,1.0,1.9907,0,3,0.0,0.3,0.6,autoimmune,0.6892,highly_crowded,1.0,13,0.1,0.957045,1.7174,16.59,0.297251,-0.5323,1.01135,0.78855,0.0,0.0,0.2178,0.005,0.0
PHAT,"Phathom Pharmaceuticals, Inc.",,,D,ineligible,,,D,0.293814,0.319231,1,,0,,,0,no_upcoming,9,tailwind,,XS,ineligible,financial_score:-30.7;momentum_score:+21.5;clinical_score:+8.7,tier=;reason=;cat_days=NA;strength=missing;decay_w=0.0,v1.3.0,31f399e0,0,fundamental_red_flag,1,survivability_critical,"{""burn_ttm"": 166775000.0, ""cash_total"": 129972000.0, ""dilution_risk"": null, ""has_revenue"": null, ""lead_phase"": null, ""runway_months"": 9.351905261579972, ""stage_bucket"": ""late"", ""surv_score"": ""-7.0"", ""tier1_count"": 1}",late|none|pos,0.1,41.223837,0.7254,0,1,0.3215,0.4168,1,1,selling,-0.7967,elite_1,0.0,0.0,0.0,,,0.0,0,0,0,True,False,True,missing,0.0,short,<=1000bps,859.62,0.85,1,0,1.0,0,1.0,0,,False,no_upcoming,0.26652,price_history,,1,0.614,price_history,,-0.27684,,61.2314,0.6057,-0.108271,-0.168569,late,small,sev2,commercial_biotech,morningstar,,,,0,0.7992469454887218045112781955,66.57,41.25000000000000000000000000,49.5,61.26,53.77245508982035928143712575,14.37519290123456790123456790,52.5401,0.3738,3.0,91,2,0.3333,0.1171,0,0,0.0,0.4,0.55,infectious_disease,-0.4975,uncrowded,1.0,86,0.1,0.706186,0.5423,11.98,0.111684,-1.2176,0.74234,0.6252,0.0,0.0,0.11214,0.005,0.0
APLS,"Apellis Pharmaceuticals, Inc.",,,D,ineligible,,,D,0.060137,0.426923,1,,0,,,0,no_upcoming,9,headwind,deep_drawdown|deep_drawdown_rel_xbi,XS,ineligible,momentum_score:-19.2;financial_score:+18.4;smart_money_score:+16.8,tier=;reason=;cat_days=NA;strength=missing;decay_w=0.0,v1.3.0,31f399e0,0,deep_drawdown,0,,"{""burn_ttm"": 0.0, ""cash_total"": 466233000.0, ""dilution_risk"": null, ""has_revenue"": null, ""lead_phase"": null, ""runway_months"": null, ""stage_bucket"": ""late"", ""surv_score"": ""3.0"", ""tier1_count"": 6}",late|none|pos,0.1,45.055378,0.7211,0,1,0.2068,0.3018,6,6,buying,1.1353,elite_6,0.0,0.0,0.0,,,0.0,0,0,0,True,False,True,missing,0.0,adequate,<=1000bps,418.5,0.85,1,0,1.0,0,1.0,0,,False,no_upcoming,-0.205134,price_history,,6,1.0711,price_history,,-0.545061,,47.0934,0.7133,-0.108271,-0.43679,late,mid,none,commercial_biotech,morningstar,,,,0,0.8657384937739463601532567050,34.98,41.25000000000000000000000000,71.0,15.33,51.25748502994011976047904192,72.65306122448979591836734694,51.5726,0.3329,3.0,12,13,1.0,1.7108,1,2,0.0,0.4,0.55,infectious_disease,-0.4975,uncrowded,1.0,18,0.1,0.939863,1.5536,39.50,0.750859,0.6772,0.55757,0.4527,0.0,0.0,0.09987,0.005,0.0
INVA,"Innoviva, Inc.",,,D,ineligible,,,D,0.204467,0.95,1,,0,,,0,no_upcoming,9,neutral,,XS,ineligible,financial_score:+18.5;catalyst_score:-11.1;clinical_score:-7.6,tier=;reason=;cat_days=NA;strength=missing;decay_w=0.0,v1.3.0,31f399e0,0,fundamental_red_flag,1,sponsor_absent_late_stage,"{""burn_ttm"": 0.0, ""cash_total"": 550941000.0, ""dilution_risk"": null, ""has_revenue"": null, ""lead_phase"": null, ""runway_months"": null, ""stage_bucket"": ""late"", ""surv_score"": ""2.0"", ""tier1_count"": 0}",late|none|pos,0.1,73.861,-0.3563,,0,-0.0922,0.002,0,0,neutral,-1.1831,,0.0,0.0,0.0,,,0.0,0,0,0,True,False,True,missing,0.0,adequate,<=1000bps,731.28,0.85,1,0,1.0,0,1.0,0,,False,no_upcoming,0.087717,price_history,,0,0.3346,price_history,,-0.051847,,53.0474,0.3385,-0.108271,0.056424,late,small,none,commercial_biotech,morningstar,,,,0,0.9,52.43,41.25000000000000000000000000,,90.00,44.70041952024095521531786726,70.83333333333333333333333333,43.5373,-0.0072,3.0,,4,0.0,0.0,0,0,0.0,0.3,0.95,oncology,0.6892,highly_crowded,1.0,60,0.1,0.795533,0.8258,41.88,0.802405,0.8502,0.008,0.003,0.0,0.0,0.0,0.005,0.0
ARVN,"Arvinas, Inc.",,,D,ineligible,,,D,0.434708,0.934615,1,,0,,,0,no_upcoming,9,headwind,deep_drawdown|deep_drawdown_rel_xbi,XS,ineligible,financial_score:+29.0;momentum_score:-27.6;smart_money_score:+15.1,tier=;reason=;cat_days=NA;strength=missing;decay_w=0.0,v1.3.0,31f399e0,0,deep_drawdown,0,,"{""burn_ttm"": 273800000.0, ""cash_total"": 685400000.0, ""dilution_risk"": null, ""has_revenue"": null, ""lead_phase"": null, ""runway_months"": 30.030679327976625, ""stage_bucket"": ""late"", ""surv_score"": ""5.0"", ""tier1_count"": 4}",late|none|nonpos,0.08147540126382306,72.0985,0.7112,0,1,-0.1238,-0.0297,4,4,buying,0.3625,elite_4,0.0,0.0,0.0,,,0.0,0,0,0,True,False,True,missing,0.0,adequate,<=1000bps,932.46,0.85,1,0,1.0,0,1.0,0,,False,no_upcoming,-0.407936,price_history,,4,0.3005,price_history,,-0.509272,,29.1953,0.6174,-0.108271,-0.401001,late,small,none,commercial_biotech,morningstar,,,,0,0.8141091718402249033618367108,23.33,41.25000000000000000000000000,66.0,90.00,44.00735455237230130557248776,79.850,44.5942,0.0376,3.0,231,7,1.0,1.8475,4,1,0.0,0.3,0.95,oncology,0.6892,highly_crowded,1.0,127,0.08147540126382306,0.565292,0.1644,27.09,0.572165,0.1819,0.015354,0.0,0.0,0.0,0.01128,0.004074,0.0
COLL,"Collegium Pharmaceutical, Inc.",,,D,ineligible,,,D,0.479381,0.926923,1,,0,,,0,no_upcoming,9,headwind,,XS,ineligible,clinical_score:-28.5;financial_score:+26.4;momentum_score:+2.7,tier=;reason=;cat_days=NA;strength=missing;decay_w=0.0,v1.3.0,31f399e0,0,fundamental_red_flag,1,sponsor_absent_late_stage,"{""burn_ttm"": 0.0, ""cash_total"": 386679000.0, ""dilution_risk"": null, ""has_revenue"": null, ""lead_phase"": null, ""runway_months"": null, ""stage_bucket"": ""late"", ""surv_score"": ""3.0"", ""tier1_count"": 0}",late|none|nonpos,0.08147540126382306,71.164,-0.3934,392,1,-1.6644,-1.6673,0,0,neutral,-1.1831,,0.0,0.0,0.0,,,0.0,0,0,0,True,False,True,missing,0.0,adequate,<=1000bps,731.17,0.85,1,0,1.0,0,1.0,0,,False,no_upcoming,-0.167594,price_history,,0,0.3806,price_history,,-0.223662,,40.7162,0.4474,-0.108271,-0.115391,late,small,none,commercial_pharma,morningstar,,,,0,0.9,44.57,41.25000000000000000000000000,,90.00,13.41783498870522428197497222,68.33333333333333333333333334,12.1855,-1.3338,3.0,392,3,0.6667,0.0572,0,0,0.0,0.4,0.5,other,-1.447,uncrowded,1.0,140,0.08147540126382306,0.520619,0.0517,25.90,0.541237,0.1036,0.004074,0.0,0.0,0.0,0.0,0.004074,0.0
RGNX,REGENXBIO Inc.,,,D,ineligible,,,D,0.706186,0.919231,1,,0,,109,0,specific_days,9,headwind,deep_drawdown|deep_drawdown_rel_xbi,XS,ineligible,financial_score:+33.9;clinical_score:-24.8;momentum_score:-21.6,tier=;reason=;cat_days=109;strength=near;decay_w=1.0,v1.3.0,31f399e0,0,deep_drawdown,0,,"{""burn_ttm"": 71673000.0, ""cash_total"": 274205000.0, ""dilution_risk"": null, ""has_revenue"": null, ""lead_phase"": null, ""runway_months"": 45.90933824452723, ""stage_bucket"": ""late"", ""surv_score"": ""5.0"", ""tier1_count"": 1}",late|near_91_180|nonpos,0.056097337078651686,70.422875,0.6708,0,1,-1.243,-1.152,1,1,buying,-0.7967,elite_1,0.0,0.0,0.0,,,0.0,0,0,0,True,False,True,near,1.0,adequate,<=2000bps,1127.96,0.7,1,0,1.0,0,1.0,0,109,False,specific_days,-0.41035,price_history,,1,1.0699,price_history,,-0.495733,,24.6551,0.6963,-0.108271,-0.387462,late,small,none,commercial_biotech,morningstar,,,,0,0.8029091335994364874383658136,22.63,45.56250000000000000000000000,55.5,87.75,19.46386667782200070916052127,78.18750000000000000000000000,17.6685,-1.1018,3.0,839,15,1.0,0.1457,0,0,0.0,0.3,0.55,ophthalmology,0.2145,moderate,1.0,206,0.056097337078651686,0.293814,-0.5423,23.56,0.503436,0.0086,0.002805,0.0,0.0,0.0,0.0,0.002805,0.0
IMCR,Immunocore Holdings plc,,,D,ineligible,,,D,0.513746,0.873077,1,,0,,,0,no_upcoming,9,headwind,deep_drawdown|deep_drawdown_rel_xbi,XS,ineligible,clinical_score:-40.4;smart_money_score:+34.3;financial_score:+34.1,tier=;reason=;cat_days=NA;strength=missing;decay_w=0.0,v1.3.0,31f399e0,0,deep_drawdown,0,,"{""burn_ttm"": 10712000.0, ""cash_total"": 864153000.0, ""dilution_risk"": null, ""has_revenue"": null, ""lead_phase"": null, ""runway_months"": 453.2667191188041, ""stage_bucket"": ""late"", ""surv_score"": ""4.0"", ""tier1_count"": 6}",late|none|nonpos,0.08147540126382306,66.197,0.6335,0,1,-1.8884,-1.7991,6,6,buying,1.1353,elite_6,0.0,0.0,0.0,,,0.0,0,0,0,True,False,True,missing,0.0,adequate,<=1000bps,888.71,0.85,1,0,1.0,0,1.0,0,,False,no_upcoming,-0.383748,price_history,,6,0.1341,price_history,,-0.48965,,21.9159,0.4195,-0.108271,-0.381379,late,small,none,commercial_biotech,morningstar,,,,0,0.8953760680791941646405001737,22.33,41.25000000000000000000000000,80.0,73.71,5.312050549599403986438301045,79.850,4.6463,-1.6528,3.0,929,10,1.0,0.1339,1,0,0.0,0.3,0.95,oncology,0.6892,highly_crowded,1.0,150,0.08147540126382306,0.486254,-0.0345,21.06,0.431271,-0.1731,0.004074,0.0,0.0,0.0,0.0,0.004074,0.0
AQST,"Aquestive Therapeutics, Inc.",,,D,ineligible,,,D,0.431271,0.826923,1,,0,,,0,no_upcoming,9,headwind,deep_drawdown|deep_drawdown_rel_xbi,XS,ineligible,clinical_score:-25.2;smart_money_score:+23.3;financial_score:+16.8,tier=;reason=;cat_days=NA;strength=missing;decay_w=0.0,v1.3.0,31f399e0,0,deep_drawdown,0,,"{""burn_ttm"": 43963000.0, ""cash_total"": 129063000.0, ""dilution_risk"": null, ""has_revenue"": null, ""lead_phase"": null, ""runway_months"": 35.22862407024088, ""stage_bucket"": ""late"", ""surv_score"": ""0.0"", ""tier1_count"": 4}",late|none|nonpos,0.08147540126382306,63.557,0.6816,0,1,-1.2295,-1.2086,4,4,buying,0.3625,elite_4,0.0,0.0,0.0,,,0.0,0,0,0,True,False,True,missing,0.0,adequate,<=1000bps,726.16,0.85,1,0,1.0,0,1.0,0,,False,no_upcoming,-0.377343,price_history,,4,0.7128,price_history,,-0.558292,,32.4915,0.9486,-0.108271,-0.450021,late,small,none,commercial_pharma,morningstar,,,,0,0.8092350046860356138706654171,41.19,41.25000000000000000000000000,72.0,73.84,23.51213740184302054573487755,65.50000000000000000000000000,21.649,-0.9334,3.0,,4,1.0,0.0,0,0,0.0,0.3,0.6,cns,0.6892,highly_crowded,1.0,126,0.08147540126382306,0.568729,0.1731,21.19,0.434708,-0.1644,0.004074,0.0,0.0,0.0,0.0,0.004074,0.0
AUPH,Aurinia Pharmaceuticals Inc,,,D,ineligible,,,D,0.070447,0.565385,1,,0,,,0,no_upcoming,9,headwind,deep_drawdown|deep_drawdown_rel_xbi,XS,ineligible,financial_score:-15.3;smart_money_score:+11.9;clinical_score:+4.2,tier=;reason=;cat_days=NA;strength=missing;decay_w=0.0,v1.3.0,31f399e0,0,deep_drawdown,0,,"{""burn_ttm"": 0.0, ""cash_total"": 80160000.0, ""dilution_risk"": null, ""has_revenue"": null, ""lead_phase"": null, ""runway_months"": null, ""stage_bucket"": ""late"", ""surv_score"": ""1.0"", ""tier1_count"": 1}",late|none|pos,0.1,48.618673,0.7147,0,1,0.0518,0.1464,1,1,buying,-0.7967,elite_1,0.0,0.0,0.0,,,0.0,0,0,0,True,False,True,missing,0.0,adequate,<=1000bps,819.87,0.85,1,0,1.0,0,1.0,0,,False,no_upcoming,0.122052,price_history,,1,0.6371,price_history,,-0.539527,,58.8096,0.4141,-0.108271,-0.431256,late,small,none,commercial_biotech,morningstar,,,,0,0.8763930581395348837209302326,45.14,41.25000000000000000000000000,55.5,76.67,47.85865394958585822367241564,28.34705075445816186556927298,46.6955,0.1265,3.0,384,11,1.0,0.1218,0,0,0.0,0.6,0.55,ophthalmology,0.6892,highly_crowded,1.0,21,0.1,0.929553,1.4725,33.60,0.668385,0.4355,0.26255,0.2196,0.0,0.0,0.03795,0.005,0.0
AMRX,"Amneal Pharmaceuticals, Inc.",,,D,ineligible,,,D,0.049828,0.534615,1,,0,,,0,no_upcoming,9,tailwind,,XS,ineligible,catalyst_score:-9.1;momentum_score:+9.0;clinical_score:+1.8,tier=;reason=;cat_days=NA;strength=missing;decay_w=0.0,v1.3.0,31f399e0,0,fundamental_red_flag,1,sponsor_absent_late_stage,"{""burn_ttm"": 0.0, ""cash_total"": 201249000.0, ""dilution_risk"": null, ""has_revenue"": null, ""lead_phase"": null, ""runway_months"": null, ""stage_bucket"": ""late"", ""surv_score"": ""1.0"", ""tier1_count"": 0}",late|none|pos,0.1,47.588562,0.7214,0,1,0.0044,0.093,0,0,neutral,-1.1831,,0.0,0.0,0.0,,,0.0,0,0,0,True,False,True,missing,0.0,adequate,<=1000bps,544.86,0.85,1,0,1.0,0,1.0,0,,False,no_upcoming,0.152796,price_history,,0,0.5462,price_history,,-0.030942,,57.3214,0.3236,-0.108271,0.077329,late,mid,none,commercial_pharma,morningstar,,,,0,0.9,59.36,41.25000000000000000000000000,,39.33,52.15568862275449101796407186,48.78013790550233698921745569,50.9925,0.3083,3.0,260,13,1.0,0.0286,0,0,0.0,0.8,0.6,autoimmune,0.6892,highly_crowded,1.0,15,0.1,0.950172,1.6465,38.52,0.730241,0.6135,0.23699,0.1395,0.0,0.0,0.09249,0.005,0.0
BEAM,Beam Therapeutics Inc.,,,D,ineligible,,,D,0.084192,0.496154,1,,0,,,0,no_upcoming,9,headwind,deep_drawdown|deep_drawdown_rel_xbi,XS,ineligible,financial_score:+23.7;momentum_score:-20.3;catalyst_score:-14.9,tier=;reason=;cat_days=NA;strength=missing;decay_w=0.0,v1.3.0,31f399e0,0,deep_drawdown,0,,"{""burn_ttm"": 345102000.0, ""cash_total"": 1245210000.0, ""dilution_risk"": null, ""has_revenue"": null, ""lead_phase"": null, ""runway_months"": 43.29885077455361, ""stage_bucket"": ""early"", ""surv_score"": ""5.0"", ""tier1_count"": 4}",early|none|pos,0.1,46.913,-1.6962,900,1,0.5018,0.5977,4,4,buying,0.3625,elite_4,0.0,0.0,0.0,,,0.0,0,0,0,True,False,True,missing,0.0,adequate,<=1000bps,448.95,0.85,1,0,1.0,0,1.0,0,,False,no_upcoming,-0.240252,price_history,,4,1.2984,price_history,,-0.448192,,52.3353,0.7330,-0.108271,-0.339921,early,mid,none,commercial_biotech,morningstar,,,,0,0.8215063327449249779346866726,35.88,41.25000000000000000000000000,66.0,10.87,57.72727272727272727272727273,79.850,56.5641,0.5441,1.0,900,4,1.0,0.0002,0,0,0.0,0.3,0.85,oncology,0.6892,highly_crowded,1.0,25,0.1,0.915808,1.3774,47.34,0.898625,1.2738,0.16823,0.0,0.0,0.0,0.16323,0.005,0.0
KMDA,Kamada Ltd.,,,D,ineligible,,,D,0.218213,0.065385,1,,0,,,0,no_upcoming,9,headwind,,XS,ineligible,financial_score:-30.8;clinical_score:+20.0;catalyst_score:+5.5,tier=;reason=;cat_days=NA;strength=missing;decay_w=0.0,v1.3.0,31f399e0,0,financials_missing,1,"cash_runway_lt_6m,sponsor_absent_late_stage,survivability_critical","{""burn_ttm"": 0.0, ""cash_total"": 0.0, ""dilution_risk"": null, ""has_revenue"": null, ""lead_phase"": null, ""runway_months"": 0.0, ""stage_bucket"": ""late"", ""surv_score"": ""-5.0"", ""tier1_count"": 0}",late|none|pos,0.1,27.97,0.7292,0,1,0.1591,0.2563,0,0,neutral,-1.1831,,0.0,0.0,0.0,,,0.0,0,0,0,True,False,True,missing,0.0,critical,>2000bps,2036.0,0.55,1,0,1.0,0,1.0,0,,False,no_upcoming,-0.11714,price_history,,0,0.4392,price_history,,-0.207165,,43.0014,0.3562,-0.108271,-0.098894,late,unknown,sev2,commercial_pharma,morningstar,,,,0,0.8372182113275128721737183792,41.10,41.25000000000000000000000000,,50,55.74850299401197604790419161,5,54.5162,0.4574,3.0,1631,13,1.0,0.0,0,0,0.0,0.4,0.55,infectious_disease,-0.4975,uncrowded,1.0,64,0.1,0.781787,0.7782,18.09,0.348797,-0.3886,0.52667,0.38445,0.0,0.0,0.13722,0.005,0.0
ZLAB,Zai Lab Limited,,,D,ineligible,,,D,0.860825,0.573077,1,,0,,71,0,specific_days,9,neutral,deep_drawdown|deep_drawdown_rel_xbi,XS,ineligible,financial_score:+29.1;clinical_score:-17.4;catalyst_score:-5.2,tier=;reason=;cat_days=71;strength=near;decay_w=1.0,v1.3.0,31f399e0,0,deep_drawdown,0,,"{""burn_ttm"": 150789000.0, ""cash_total"": 689573000.0, ""dilution_risk"": null, ""has_revenue"": null, ""lead_phase"": null, ""runway_months"": 54.87718600163142, ""stage_bucket"": ""late"", ""surv_score"": ""4.0"", ""tier1_count"": 3}",late|near_31_90|nonpos,0.03807276404494382,48.8545,0.6974,0,1,-0.6097,-0.517,3,3,selling,-0.0239,elite_3,0.0,0.0,0.0,,,0.0,0,0,0,True,False,True,near,1.0,adequate,<=1000bps,827.45,0.85,1,0,1.0,0,1.0,0,71,False,specific_days,0.116409,price_history,,3,0.8487,price_history,,-0.406478,,48.4853,0.3972,-0.108271,-0.298207,late,mid,none,commercial_biotech,morningstar,,,,0,0.8666968469008512168804699676,47.11,45.56250000000000000000000000,48.0,10.00,33.35177947498217138577137143,79.850,34.6386,-0.3837,3.0,71,32,1.0,3.1655,3,4,0.0,0.7,0.95,oncology,0.6892,highly_crowded,1.0,251,0.03807276404494382,0.139175,-1.084,25.89,0.537801,0.0949,0.001904,0.0,0.0,0.0,0.0,0.001904,0.0
AMLX,"Amylyx Pharmaceuticals, Inc.",,,D,ineligible,,,D,0.420962,0.488462,1,,0,,,0,no_upcoming,9,headwind,deep_drawdown|deep_drawdown_rel_xbi,XS,ineligible,smart_money_score:+37.3;momentum_score:-32.5;financial_score:+13.4,tier=;reason=;cat_days=NA;strength=missing;decay_w=0.0,v1.3.0,31f399e0,0,deep_drawdown,0,,"{""burn_ttm"": 95440000.0, ""cash_total"": 343990000.0, ""dilution_risk"": null, ""has_revenue"": null, ""lead_phase"": null, ""runway_months"": 43.251047778709136, ""stage_bucket"": ""late"", ""surv_score"": ""5.0"", ""tier1_count"": 9}",late|none|nonpos,0.08147540126382306,46.88375,0.7009,0,1,-0.6942,-0.6439,9,9,buying,2.2946,elite_9,0.0,0.0,0.0,,,0.0,0,0,0,True,False,True,missing,0.0,adequate,<=1000bps,684.74,0.85,1,0,1.0,0,1.0,0,,False,no_upcoming,-0.402015,price_history,,9,1.278,price_history,,-0.934635,,29.0576,0.6469,-0.108271,-0.826364,late,small,none,commercial_pharma,morningstar,,,,0,0.8732384259259259259259259259,15.18,41.25000000000000000000000000,85,46.69,35.93917952518117457699371716,61.12500000000000000000000000,35.9043,-0.3302,3.0,124,5,1.0,1.2739,1,2,0.0,0.4,0.6,cns,0.6892,highly_crowded,1.0,123,0.08147540126382306,0.579038,0.1994,32.63,0.647766,0.3793,0.004074,0.0,0.0,0.0,0.0,0.004074,0.0
MRVI,"Maravai LifeSciences Holdings, Inc.",,,D,ineligible,,,D,0.781787,0.473077,1,,0,,,0,no_upcoming,9,headwind,deep_drawdown|deep_drawdown_rel_xbi,XS,ineligible,clinical_score:-21.7;catalyst_score:+10.6;momentum_score:+5.9,tier=;reason=;cat_days=NA;strength=missing;decay_w=0.0,v1.3.0,31f399e0,0,deep_drawdown,0,,"{""burn_ttm"": 34805000.0, ""cash_total"": 243574000.0, ""dilution_risk"": null, ""has_revenue"": null, ""lead_phase"": null, ""runway_months"": 82.10337595173107, ""stage_bucket"": ""early"", ""surv_score"": ""-2.0"", ""tier1_count"": 0}",early|none|nonpos,0.050550596214511044,46.6865,-1.9101,,0,-1.3227,-1.2319,0,0,neutral,-1.1831,,0.0,0.0,0.0,,,0.0,0,0,0,True,False,True,missing,0.0,adequate,<=2000bps,1558.12,0.7,1,0,1.0,0,1.0,0,,False,no_upcoming,-0.056508,price_history,,0,0.706,price_history,,-0.454282,,27.4968,0.6854,-0.108271,-0.346011,early,small,sev1,commercial_biotech,morningstar,,,,0,0.6673060536478446926208120238,45.38,50,,50,17.71757983879196000408121621,44.69000000000000000000000000,17.8926,-1.0923,,,,,,,,,,,,-1.6843,unknown,1.0,228,0.050550596214511044,0.218213,-0.7782,13.90,0.170103,-0.9538,0.002528,0.0,0.0,0.0,0.0,0.002528,0.0
EOLS,"Evolus, Inc. Common Stock",,,D,ineligible,,,D,0.5,0.419231,1,,0,,,0,no_upcoming,9,headwind,,XS,ineligible,financial_score:-22.9;smart_money_score:+12.1;momentum_score:+7.6,tier=;reason=;cat_days=NA;strength=missing;decay_w=0.0,v1.3.0,31f399e0,0,fundamental_red_flag,1,survivability_critical,"{""burn_ttm"": 55092000.0, ""cash_total"": 43523000.0, ""dilution_risk"": null, ""has_revenue"": null, ""lead_phase"": null, ""runway_months"": 9.480069701590068, ""stage_bucket"": ""late"", ""surv_score"": ""-5.0"", ""tier1_count"": 1}",late|none|nonpos,0.08147540126382306,45.013944,0.6989,0,1,-0.7502,-0.703,1,1,selling,-0.7967,elite_1,0.0,0.0,0.0,,,0.0,0,0,0,True,False,True,missing,0.0,short,<=2000bps,1511.35,0.7,1,0,1.0,0,1.0,0,,False,no_upcoming,-0.158956,price_history,,1,0.8053,price_history,,-0.240107,,32.2486,0.5726,-0.108271,-0.131836,late,micro,sev2,commercial_pharma,morningstar,,,,0,0.8690195476936856247201074787,44.00,41.25000000000000000000000000,48.5,86.08,34.63910502348596220732188318,13.52432062023657276265831610,33.126,-0.4477,3.0,,4,1.0,0.0,0,0,0.0,0.3,0.5,other,-3.1085,uncrowded,1.0,146,0.08147540126382306,0.5,0.0,7.71,0.046392,-1.6809,0.004074,0.0,0.0,0.0,0.0,0.004074,0.0
FTRE,Fortrea Holdings Inc.,,,D,ineligible,,,D,0.757732,0.396154,1,,0,,,0,no_upcoming,9,headwind,deep_drawdown|deep_drawdown_rel_xbi,XS,ineligible,clinical_score:-20.2;smart_money_score:+17.5;momentum_score:-12.1,tier=;reason=;cat_days=NA;strength=missing;decay_w=0.0,v1.3.0,31f399e0,0,deep_drawdown,0,,"{""burn_ttm"": 15600000.0, ""cash_total"": 131300000.0, ""dilution_risk"": null, ""has_revenue"": null, ""lead_phase"": null, ""runway_months"": 43.69230769230769, ""stage_bucket"": ""early"", ""surv_score"": ""1.0"", ""tier1_count"": 1}",early|none|nonpos,0.050550596214511044,44.4005,-1.9101,,0,-1.3227,-1.2319,1,1,buying,-0.7967,elite_1,0.0,0.0,0.0,,,0.0,0,0,0,True,False,True,missing,0.0,adequate,<=1000bps,770.09,0.85,1,0,1.0,0,1.0,0,,False,no_upcoming,-0.377919,price_history,,1,0.6413,price_history,,-0.404916,,30.3048,0.8315,-0.108271,-0.296645,early,small,sev1,commercial_biotech,morningstar,,,,0,0.6175428571428571428571428571,25.90,50,55.5,59.75,17.71757983879196000408121621,40.68444444444444444444444444,17.8926,-1.0923,,,,,,,,,,,,-1.6843,unknown,1.0,221,0.050550596214511044,0.242268,-0.699,15.29,0.225086,-0.7551,0.002528,0.0,0.0,0.0,0.0,0.002528,0.0
CATX,"Perspective Therapeutics, Inc.",,,D,ineligible,,,D,0.733677,0.788462,1,,0,,,0,no_upcoming,9,tailwind,deep_drawdown|deep_drawdown_rel_xbi,XS,ineligible,catalyst_score:-21.0;momentum_score:+18.6;clinical_score:+6.9,tier=;reason=;cat_days=NA;strength=missing;decay_w=0.0,v1.3.0,31f399e0,0,deep_drawdown,0,,"{""burn_ttm"": 57827000.0, ""cash_total"": 174137000.0, ""dilution_risk"": null, ""has_revenue"": null, ""lead_phase"": null, ""runway_months"": 36.13613018140315, ""stage_bucket"": ""early"", ""surv_score"": ""5.0"", ""tier1_count"": 2}",early|none|nonpos,0.050550596214511044,61.568,-0.379,0,1,,0.0,2,2,buying,-0.4103,elite_2,0.0,0.0,0.0,,,0.0,0,0,0,True,False,True,missing,0.0,adequate,<=1000bps,741.74,0.85,1,0,1.0,0,1.0,0,,False,no_upcoming,-0.100188,price_history,,2,0.2273,price_history,,-0.418478,,32.2455,0.7923,-0.108271,-0.310207,early,small,none,platform_devices,morningstar,,,,0,0.7565759390310288513881328253,80.84,41.25000000000000000000000000,58.0,50.00,69.09090909090909090909090909,62.00000000000000000000000000,67.9278,1.0249,1.0,1295,4,1.0,0.0004,0,0,0.0,0.3,0.85,oncology,0.6892,highly_crowded,1.0,214,0.050550596214511044,0.266323,-0.624,42.70,0.809278,0.8752,0.309998,0.0,0.0,0.0,0.30747,0.002528,0.0
TKNO,"Alpha Teknova, Inc.",,,D,ineligible,,,D,0.833333,0.25,1,,0,,,0,no_upcoming,9,headwind,deep_drawdown|deep_drawdown_rel_xbi,XS,ineligible,catalyst_score:+17.7;clinical_score:-14.6;momentum_score:-8.9,tier=;reason=;cat_days=NA;strength=missing;decay_w=0.0,v1.3.0,31f399e0,0,deep_drawdown,0,,"{""burn_ttm"": 8184000.0, ""cash_total"": 22116000.0, ""dilution_risk"": null, ""has_revenue"": null, ""lead_phase"": null, ""runway_months"": 32.42815249266862, ""stage_bucket"": ""early"", ""surv_score"": ""-1.0"", ""tier1_count"": 0}",early|none|nonpos,0.050550596214511044,39.370467,-1.9101,,0,-1.4791,-1.4719,0,0,neutral,-1.1831,,0.0,0.0,0.0,,,0.0,0,0,0,True,False,True,missing,0.0,adequate,>2000bps,2036.0,0.55,1,0,1.0,0,1.0,0,,False,no_upcoming,-0.378249,price_history,,0,0.6463,price_history,,-0.561856,,40.6286,0.5979,-0.108271,-0.453585,early,micro,sev1,commercial_pharma,morningstar,,,,0,0.6804914634146341463414634146,23.42,50,,50,17.71757983879196000408121621,38.19214876033057851239669421,17.8926,-1.0923,,,,,,,,,,,,-1.6843,unknown,1.0,243,0.050550596214511044,0.166667,-0.9674,13.33,0.152921,-1.024,0.002528,0.0,0.0,0.0,0.0,0.002528,0.0
CERS,Cerus Corporation,,,D,ineligible,,,D,0.462199,0.588462,1,,0,,,0,no_upcoming,9,headwind,deep_drawdown|deep_drawdown_rel_xbi,XS,ineligible,financial_score:-20.2;clinical_score:+18.5;smart_money_score:+6.7,tier=;reason=;cat_days=NA;strength=missing;decay_w=0.0,v1.3.0,31f399e0,0,deep_drawdown,0,,"{""burn_ttm"": 1363000.0, ""cash_total"": 15670000.0, ""dilution_risk"": null, ""has_revenue"": null, ""lead_phase"": null, ""runway_months"": 137.96038151137196, ""stage_bucket"": ""late"", ""surv_score"": ""3.0"", ""tier1_count"": 1}",late|none|nonpos,0.08147540126382306,49.44742,0.9633,0,1,,0.0,1,1,selling,-0.7967,elite_1,0.0,0.0,0.0,,,0.0,0,0,0,True,False,True,missing,0.0,adequate,<=2000bps,1656.9,0.7,1,0,1.0,0,1.0,0,,False,no_upcoming,-0.079125,price_history,,1,1.05,price_history,,-0.433225,,44.326,,-0.108271,-0.324954,late,small,none,platform_devices,morningstar,,,,0,0.8930032246062259704824507007,39.40,41.25000000000000000000000000,49.5,89.74,61.31736526946107784431137724,22.57426697530864197530864197,61.2042,0.7404,3.0,777,16,1.0,0.0197,0,0,0.0,0.5,0.95,oncology,-0.4975,uncrowded,1.0,135,0.08147540126382306,0.537801,0.0949,29.91,0.609966,0.2792,0.226194,0.0,0.0,0.0,0.22212,0.004074,0.0
NVCR,NovoCure Limited,,,D,ineligible,,,D,0.699313,0.765385,1,,0,,178,0,specific_days,9,tailwind,deep_drawdown|deep_drawdown_rel_xbi,XS,ineligible,momentum_score:+29.6;financial_score:-26.0;catalyst_score:-7.4,tier=;reason=;cat_days=178;strength=mid;decay_w=0.7,v1.3.0,31f399e0,0,deep_drawdown,0,,"{""burn_ttm"": 49031000.0, ""cash_total"": 93548000.0, ""dilution_risk"": null, ""has_revenue"": null, ""lead_phase"": null, ""runway_months"": 15.755894902313047, ""stage_bucket"": ""late"", ""surv_score"": ""1.0"", ""tier1_count"": 1}",late|near_91_180|nonpos,0.056097337078651686,57.682556,0.9537,0,1,,0.0,1,1,selling,-0.7967,elite_1,0.0,0.0,0.0,,,0.0,0,0,0,True,False,True,mid,0.7,adequate,<=1000bps,603.49,0.85,1,0,1.0,0,1.0,0,178,False,specific_days,0.628317,price_history,,1,1.7484,price_history,,-0.518936,,54.2929,0.5194,-0.108271,-0.410665,late,small,none,platform_devices,morningstar,,,,0,0.8965769211700545364402578086,82.59,45.56250000000000000000000000,52.0,82.99,57.72455089820359281437125749,26.92901234567901234567901234,58.8088,0.6391,3.0,102,52,1.0,2.2875,1,4,0.0,0.5,0.95,oncology,0.6892,crowded,1.0,204,0.056097337078651686,0.300687,-0.5224,26.86,0.565292,0.1644,0.194535,0.0,0.0,0.0,0.19173,0.002805,0.0
IOVA,"Iovance Biotherapeutics, Inc.",,,D,ineligible,,,D,0.695876,0.134615,1,,0,,170,0,specific_days,9,headwind,deep_drawdown|deep_drawdown_rel_xbi,XS,ineligible,smart_money_score:+20.5;financial_score:-16.1;catalyst_score:+11.1,tier=;reason=;cat_days=170;strength=mid;decay_w=0.7,v1.3.0,31f399e0,0,deep_drawdown,0,,"{""burn_ttm"": 302408000.0, ""cash_total"": 296980000.0, ""dilution_risk"": null, ""has_revenue"": null, ""lead_phase"": null, ""runway_months"": 11.784608872781144, ""stage_bucket"": ""late"", ""surv_score"": ""-1.0"", ""tier1_count"": 2}",late|near_91_180|nonpos,0.056097337078651686,30.930347,0.6818,0,1,-1.0315,-0.9399,2,2,neutral,-0.4103,elite_2,0.0,0.0,0.0,,,0.0,0,0,0,True,False,True,mid,0.7,short,<=1000bps,449.86,0.85,1,0,1.0,0,1.0,0,170,False,specific_days,-0.410634,price_history,,2,1.1948,price_history,,-0.532914,,31.5384,0.9724,-0.108271,-0.424643,late,small,sev2,commercial_biotech,morningstar,,,,0,0.7961626130889437198919045941,29.38,45.56250000000000000000000000,55.0,47.94,24.10321074418030207050967924,18.38966049382716049382716048,24.4875,-0.8133,3.0,1356,22,1.0,1.2674,1,3,0.0,0.3,0.95,oncology,0.6892,highly_crowded,1.0,203,0.056097337078651686,0.304124,-0.5126,6.65,0.036082,-1.7981,0.002805,0.0,0.0,0.0,0.0,0.002805,0.0
OPK,"Opko Health, Inc.",,,D,ineligible,,,D,0.558419,0.965385,1,,0,,,0,no_upcoming,9,tailwind,deep_drawdown|deep_drawdown_rel_xbi,XS,ineligible,financial_score:+18.5;catalyst_score:-16.2;clinical_score:-4.1,tier=;reason=;cat_days=NA;strength=missing;decay_w=0.0,v1.3.0,31f399e0,0,fundamental_red_flag|deep_drawdown,1,sponsor_absent_late_stage,"{""burn_ttm"": 152621000.0, ""cash_total"": 411972000.0, ""dilution_risk"": null, ""has_revenue"": null, ""lead_phase"": null, ""runway_months"": 32.276737801482106, ""stage_bucket"": ""late"", ""surv_score"": ""-2.0"", ""tier1_count"": 0}",late|none|nonpos,0.08147540126382306,75.459,0.7246,0,1,,0.0,0,0,neutral,-1.1831,,0.0,0.0,0.0,,,0.0,0,0,0,True,False,True,missing,0.0,adequate,<=2000bps,1631.21,0.7,1,0,1.0,0,1.0,0,,False,no_upcoming,0.426235,price_history,,0,0.6067,price_history,,-0.423963,,41.5891,0.354,-0.108271,-0.315692,late,small,none,platform_diagnostics,morningstar,,,,0,0.9,59.26,41.25000000000000000000000000,,84.02,53.41317365269461077844311377,76.00000000000000000000000000,51.8986,0.3467,3.0,381,12,1.0,0.0627,0,0,0.0,0.4,0.55,ophthalmology,0.2145,moderate,1.0,163,0.08147540126382306,0.441581,-0.147,46.09,0.867698,1.1156,0.108084,0.0,0.0,0.0,0.10401,0.004074,0.0
BBIO,"BridgeBio Pharma, Inc.",,,D,ineligible,,,D,0.45189,0.088462,1,,0,,,0,no_upcoming,9,headwind,deep_drawdown|deep_drawdown_rel_xbi,XS,ineligible,smart_money_score:+30.0;clinical_score:-21.9;financial_score:-14.5,tier=;reason=;cat_days=NA;strength=missing;decay_w=0.0,v1.3.0,31f399e0,0,fundamental_red_flag,1,debt_distress_with_weak_surv,"{""burn_ttm"": 445910000.0, ""cash_total"": 578058000.0, ""dilution_risk"": null, ""has_revenue"": null, ""lead_phase"": null, ""runway_months"": 14.850685940363437, ""stage_bucket"": ""late"", ""surv_score"": ""-3.0"", ""tier1_count"": 5}",late|none|nonpos,0.08147540126382306,28.808727,0.6645,0,1,-1.3956,-1.305,5,5,buying,0.7489,elite_5,0.0,0.0,0.0,,,0.0,0,0,0,True,False,True,missing,0.0,adequate,<=400bps,239.27,1.0,0,0,1.0,0,1.0,0,,False,no_upcoming,0.018206,price_history,,5,1.2586,price_history,,-0.365231,,48.7145,0.4744,-0.108271,-0.25696,late,large,sev1,commercial_biotech,morningstar,,,,0,0.8926765965439519158527422990,41.20,41.25000000000000000000000000,68.0,28.50,16.11822263656320094342253616,23.54161537205031055653164729,16.8297,-1.1373,3.0,129,26,1.0,0.9417,3,1,0.0,0.4,0.95,oncology,0.6892,highly_crowded,1.0,132,0.08147540126382306,0.54811,0.1209,12.95,0.139175,-1.084,0.004074,0.0,0.0,0.0,0.0,0.004074,0.0
TVTX,"Travere Therapeutics, Inc.",,,D,ineligible,,,D,0.592784,0.05,1,,0,,,0,no_upcoming,9,headwind,deep_drawdown|deep_drawdown_rel_xbi,XS,ineligible,smart_money_score:+33.8;clinical_score:-17.8;financial_score:-15.3,tier=;reason=;cat_days=NA;strength=missing;decay_w=0.0,v1.3.0,31f399e0,0,deep_drawdown,0,,"{""burn_ttm"": 0.0, ""cash_total"": 93035000.0, ""dilution_risk"": null, ""has_revenue"": null, ""lead_phase"": null, ""runway_months"": null, ""stage_bucket"": ""late"", ""surv_score"": ""3.0"", ""tier1_count"": 5}",late|none|nonpos,0.08147540126382306,27.263882,0.6882,0,1,-0.9497,-0.8579,5,5,buying,0.7489,elite_5,0.0,0.0,0.0,,,0.0,0,0,0,True,False,True,missing,0.0,adequate,<=1000bps,403.29,0.85,1,0,1.0,0,1.0,0,,False,no_upcoming,-0.030439,price_history,,5,1.2723,price_history,,-0.587931,,53.6896,0.7066,-0.108271,-0.47966,late,mid,none,commercial_biotech,morningstar,,,,0,0.8770708148857245422998683738,45.58,41.25000000000000000000000000,77.5,15.33,25.89555420097927896701606767,28.40529409042528576056272850,26.7831,-0.7161,3.0,122,10,1.0,1.2363,1,2,0.0,0.7,0.75,rare_disease,0.6892,highly_crowded,1.0,173,0.08147540126382306,0.407216,-0.2347,22.31,0.479381,-0.0517,0.004074,0.0,0.0,0.0,0.0,0.004074,0.0
LFCR,"Lifecore Biomedical, Inc.",,,D,ineligible,,,D,0.768041,0.019231,1,,0,,,0,no_upcoming,9,headwind,deep_drawdown|deep_drawdown_rel_xbi,XS,ineligible,catalyst_score:+16.4;clinical_score:-15.9;financial_score:-13.0,tier=;reason=;cat_days=NA;strength=missing;decay_w=0.0,v1.3.0,31f399e0,0,deep_drawdown,0,,"{""burn_ttm"": 0.0, ""cash_total"": 18856000.0, ""dilution_risk"": null, ""has_revenue"": null, ""lead_phase"": null, ""runway_months"": null, ""stage_bucket"": ""early"", ""surv_score"": ""1.0"", ""tier1_count"": 0}",early|none|nonpos,0.050550596214511044,23.841831,-1.9101,,0,-1.4791,-1.4719,0,0,neutral,-1.1831,,0.0,0.0,0.0,,,0.0,0,0,0,True,False,True,missing,0.0,adequate,>2000bps,2020.0,0.55,1,0,1.0,0,1.0,0,,False,no_upcoming,0.043034,price_history,,0,0.1426,price_history,,-0.520295,,33.8794,0.4595,-0.108271,-0.412024,early,micro,sev1,commercial_pharma,morningstar,,,,0,0.7115283586921333764972483004,46.08,50,,15.33,17.71757983879196000408121621,20.57851239669421487603305786,17.8926,-1.0923,,,,,,,,,,,,-1.6843,unknown,1.0,224,0.050550596214511044,0.231959,-0.7324,11.58,0.094502,-1.3135,0.002528,0.0,0.0,0.0,0.0,0.002528,0.0
IBRX,"ImmunityBio, Inc.",,,D,ineligible,,,D,0.183849,0.011538,1,,0,,685,0,specific_days,9,tailwind,high_vol|high_beta,XS,ineligible,financial_score:-28.7;clinical_score:-22.0;momentum_score:+20.4,tier=;reason=;cat_days=685;strength=far;decay_w=0.3,v1.3.0,31f399e0,0,fundamental_red_flag,1,survivability_critical,"{""burn_ttm"": 304936000.0, ""cash_total"": 242818000.0, ""dilution_risk"": null, ""has_revenue"": null, ""lead_phase"": null, ""runway_months"": 7.9651196483535704, ""stage_bucket"": ""late"", ""surv_score"": ""-4.0"", ""tier1_count"": 1}",late|far_271_540|nonpos,0.1,23.729625,0.6566,0,1,-1.5909,-1.5008,1,1,neutral,-0.7967,elite_1,0.0,0.0,0.0,,,0.0,0,0,0,True,False,True,far,0.3,short,<=400bps,178.96,1.0,0,0,1.0,0,1.0,0,685,False,specific_days,0.063049,price_history,,1,1.8992,price_history,,-0.348634,,42.325,1.3149,-0.108271,-0.240363,late,mid,sev2,commercial_biotech,morningstar,,,,0,0.7846938775510204081632653061,54.22,45.56250000000000000000000000,52.5,30.13,11.83584925956470292947040052,5.200277777777777777777777778,12.2765,-1.33,3.0,869,51,1.0,0.6008,1,1,0.0,0.4,0.95,oncology,-0.4975,uncrowded,1.0,54,0.1,0.816151,0.9008,4.34,0.005155,-2.5653,0.005,0.0,0.0,0.0,0.0,0.005,0.0
ADPT,Adaptive Biotechnologies Corpor,,,D,ineligible,,,D,0.713058,0.003846,1,,0,,,0,no_upcoming,9,headwind,deep_drawdown|deep_drawdown_rel_xbi,XS,ineligible,financial_score:-26.1;smart_money_score:+22.0;catalyst_score:+16.5,tier=;reason=;cat_days=NA;strength=missing;decay_w=0.0,v1.3.0,31f399e0,0,deep_drawdown,0,,"{""burn_ttm"": 48041000.0, ""cash_total"": 55034000.0, ""dilution_risk"": null, ""has_revenue"": null, ""lead_phase"": null, ""runway_months"": 11.101028752308098, ""stage_bucket"": ""early"", ""surv_score"": ""-2.0"", ""tier1_count"": 1}",early|none|nonpos,0.050550596214511044,16.320095,-1.9101,,0,-1.3227,-1.2319,1,1,buying,-0.7967,elite_1,0.0,0.0,0.0,,,0.0,0,0,0,True,False,True,missing,0.0,short,<=1000bps,539.77,0.85,1,0,1.0,0,1.0,0,,False,no_upcoming,-0.037234,price_history,,1,1.025,price_history,,-0.638985,,41.2923,0.7937,-0.108271,-0.530714,early,mid,sev2,commercial_biotech,morningstar,,,,0,0.6648257315842583249243188698,36.98,50,55.5,15.98,17.71757983879196000408121621,7.402433425160697887970615244,17.8926,-1.0923,,,,,,,,,,,,-1.6843,unknown,1.0,208,0.050550596214511044,0.286942,-0.5623,5.50,0.0189,-2.077,0.002528,0.0,0.0,0.0,0.0,0.002528,0.0
CRL,Charles River Laboratories Inte,,,D,ineligible,,,D,0.111684,0.334615,1,,0,,809,0,specific_days,9,headwind,,XS,ineligible,catalyst_score:+3.7;momentum_score:-3.4;financial_score:-0.3,tier=;reason=;cat_days=809;strength=far;decay_w=0.3,v1.3.0,31f399e0,0,fundamental_red_flag,1,sponsor_absent_late_stage,"{""burn_ttm"": 0.0, ""cash_total"": 213770000.0, ""dilution_risk"": null, ""has_revenue"": null, ""lead_phase"": null, ""runway_months"": null, ""stage_bucket"": ""late"", ""surv_score"": ""3.0"", ""tier1_count"": 0}",late|far_271_540|nonpos,0.1,41.927898,0.7086,0,1,,0.0,0,0,neutral,-1.1831,,0.0,0.0,0.0,,,0.0,0,0,0,True,False,True,far,0.3,adequate,<=400bps,254.94,1.0,0,0,1.0,0,1.0,0,809,False,specific_days,-0.195473,price_history,,0,0.6535,price_history,,-0.233917,,37.9039,0.3443,-0.108271,-0.125646,late,mid,none,platform_diagnostics,morningstar,,,,0,0.8717410485152144690211413907,38.46,45.56250000000000000000000000,,44.26,41.94728307855347189851833261,41.65532879818594104308390023,41.8341,-0.0792,3.0,809,65,1.0,0.022,0,0,0.0,0.5,0.95,oncology,-0.4975,uncrowded,1.0,33,0.1,0.888316,1.2176,23.64,0.506873,0.0172,0.005,0.0,0.0,0.0,0.0,0.005,0.0
CMPS,COMPASS Pathways Plc - American,,,D,ineligible,,,D,0.469072,0.526923,1,,0,,,0,no_upcoming,9,headwind,deep_drawdown|deep_drawdown_rel_xbi,XS,ineligible,smart_money_score:+34.8;momentum_score:-12.4;clinical_score:-11.3,tier=;reason=;cat_days=NA;strength=missing;decay_w=0.0,v1.3.0,31f399e0,0,deep_drawdown,0,,"{""burn_ttm"": 119452000.0, ""cash_total"": 185937000.0, ""dilution_risk"": null, ""has_revenue"": null, ""lead_phase"": null, ""runway_months"": 16.924559632728812, ""stage_bucket"": ""late"", ""surv_score"": ""1.0"", ""tier1_count"": 5}",late|none|nonpos,0.08147540126382306,47.4585,0.6945,0,1,,0.0,5,5,buying,0.7489,elite_5,0.0,0.0,0.0,,,0.0,0,0,0,True,False,True,missing,0.0,adequate,<=1000bps,762.54,0.85,1,0,1.0,0,1.0,0,,False,no_upcoming,-0.296267,price_history,,5,0.6349,price_history,,-0.461601,,34.866,0.7735,-0.108271,-0.35333,late,small,sev1,platform_services,morningstar,,,,0,0.8100316011235955056179775281,30.34,41.25000000000000000000000000,77.5,75.83,31.44469543946040055617308298,33.00000000000000000000000000,30.642,-0.5528,3.0,332,6,1.0,0.507,0,1,0.0,0.7,0.6,cns,0.6892,highly_crowded,1.0,137,0.08147540126382306,0.530928,0.0776,18.83,0.379725,-0.3062,0.004074,0.0,0.0,0.0,0.0,0.004074,0.0
ILMN,"Illumina, Inc.",,,D,ineligible,,,D,0.761168,0.442308,1,,0,,,0,no_upcoming,9,headwind,deep_drawdown|deep_drawdown_rel_xbi,XS,ineligible,smart_money_score:+10.0;momentum_score:-4.2;clinical_score:-4.2,tier=;reason=;cat_days=NA;strength=missing;decay_w=0.0,v1.3.0,31f399e0,0,deep_drawdown,0,,"{""burn_ttm"": 0.0, ""cash_total"": 215000000.0, ""dilution_risk"": null, ""has_revenue"": null, ""lead_phase"": null, ""runway_months"": null, ""stage_bucket"": ""early"", ""surv_score"": ""4.0"", ""tier1_count"": 2}",early|none|nonpos,0.050550596214511044,46.193875,-1.8772,,0,,0.0,2,2,selling,-0.4103,elite_2,0.0,0.0,0.0,,,0.0,0,0,0,True,False,True,missing,0.0,adequate,<=400bps,196.98,1.0,0,0,1.0,0,1.0,0,,False,no_upcoming,-0.162217,price_history,,2,0.6127,price_history,,-0.482424,,46.7797,0.6123,-0.108271,-0.374153,early,large,none,platform_diagnostics,morningstar,,,,0,0.6753268307322929171668667467,37.76,41.25000000000000000000000000,52.0,57.48,37.77267625752474237322722171,41.16416692174267931843689419,36.2595,-0.3151,0.0,200,1,0.0,0.0,0,0,0.0,0.0,0.5,other,-2.8711,uncrowded,1.0,222,0.050550596214511044,0.238832,-0.7101,22.30,0.475945,-0.0603,0.002528,0.0,0.0,0.0,0.0,0.002528,0.0
PACB,Pacific Biosciences of Californ,,,D,ineligible,,,D,0.802405,0.711538,1,,0,,,0,no_upcoming,9,headwind,high_beta|deep_drawdown|deep_drawdown_rel_xbi,XS,ineligible,financial_score:+36.0;momentum_score:-30.1;clinical_score:-26.2,tier=;reason=;cat_days=NA;strength=missing;decay_w=0.0,v1.3.0,31f399e0,0,deep_drawdown,0,,"{""burn_ttm"": 111209000.0, ""cash_total"": 279506000.0, ""dilution_risk"": null, ""has_revenue"": null, ""lead_phase"": null, ""runway_months"": 30.160076972187504, ""stage_bucket"": ""early"", ""surv_score"": ""1.0"", ""tier1_count"": 2}",early|none|nonpos,0.050550596214511044,56.1885,-1.9101,,0,,0.0,2,2,buying,-0.4103,elite_2,0.0,0.0,0.0,,,0.0,0,0,0,True,False,True,missing,0.0,adequate,<=1000bps,913.25,0.85,1,0,1.0,0,1.0,0,,False,no_upcoming,-0.4607,price_history,,2,2.1925,price_history,,-0.873654,,42.8096,1.0113,-0.108271,-0.765383,early,small,sev1,platform_devices,morningstar,,,,0,0.6283799231009040839654993245,13.78,50,58.0,50,17.71757983879196000408121621,79.850,17.8926,-1.0923,,,,,,,,,,,,-1.6843,unknown,1.0,234,0.050550596214511044,0.197595,-0.8502,19.61,0.40378,-0.2436,0.002528,0.0,0.0,0.0,0.0,0.002528,0.0
TXG,"10x Genomics, Inc.",,,D,ineligible,,,D,0.59622,0.080769,1,,0,,,0,no_upcoming,9,headwind,deep_drawdown|deep_drawdown_rel_xbi,XS,ineligible,smart_money_score:+28.7;clinical_score:-21.3;catalyst_score:+14.9,tier=;reason=;cat_days=NA;strength=missing;decay_w=0.0,v1.3.0,31f399e0,0,financials_missing|deep_drawdown,1,"cash_runway_lt_6m,survivability_critical","{""burn_ttm"": 0.0, ""cash_total"": 0.0, ""dilution_risk"": null, ""has_revenue"": null, ""lead_phase"": null, ""runway_months"": 0.0, ""stage_bucket"": ""late"", ""surv_score"": ""-5.0"", ""tier1_count"": 1}",late|none|nonpos,0.08147540126382306,28.634806,-0.666,864,1,,0.0,1,1,neutral,-0.7967,elite_1,0.0,0.0,0.0,,,0.0,0,0,0,True,False,True,missing,0.0,critical,<=1000bps,422.35,0.85,1,0,1.0,0,1.0,0,,False,no_upcoming,-0.433274,price_history,,1,0.7779,price_history,,-0.678469,,29.1206,0.7498,-0.108271,-0.570198,late,mid,none,platform_services,morningstar,,,,0,0.7786436182445381372173246455,17.52,41.25000000000000000000000000,55.0,55.33,5,12.81179138321995464852607710,3.4177,-1.7048,3.0,864,4,1.0,0.0012,0,0,0.0,0.4,0.5,respiratory,0.6892,crowded,1.0,174,0.08147540126382306,0.40378,-0.2436,8.92,0.056701,-1.5831,0.004074,0.0,0.0,0.0,0.0,0.004074,0.0
CTKB,"Cytek Biosciences, Inc.",,,D,ineligible,,,D,0.74055,0.311538,1,,0,,,0,no_upcoming,9,headwind,deep_drawdown|deep_drawdown_rel_xbi,XS,ineligible,clinical_score:-16.8;catalyst_score:+15.5;financial_score:+2.3,tier=;reason=;cat_days=NA;strength=missing;decay_w=0.0,v1.3.0,31f399e0,0,deep_drawdown,0,,"{""burn_ttm"": 3915000.0, ""cash_total"": 93281000.0, ""dilution_risk"": null, ""has_revenue"": null, ""lead_phase"": null, ""runway_months"": 285.91877394636015, ""stage_bucket"": ""early"", ""surv_score"": ""2.0"", ""tier1_count"": 0}",early|none|nonpos,0.050550596214511044,40.7625,-1.9101,,0,,0.0,0,0,neutral,-1.1831,,0.0,0.0,0.0,,,0.0,0,0,0,True,False,True,missing,0.0,adequate,<=2000bps,1537.39,0.7,1,0,1.0,0,1.0,0,,False,no_upcoming,-0.132387,price_history,,0,0.8039,price_history,,-0.409043,,40.9703,0.7238,-0.108271,-0.300772,early,small,sev1,platform_devices,morningstar,,,,0,0.6840868857589984350547730829,33.54,50,,50,17.71757983879196000408121621,36.78777777777777777777777778,17.8926,-1.0923,,,,,,,,,,,,-1.6843,unknown,1.0,216,0.050550596214511044,0.25945,-0.645,14.11,0.183849,-0.9008,0.002528,0.0,0.0,0.0,0.0,0.002528,0.0
FLGT,"Fulgent Genetics, Inc.",,,D,ineligible,,,D,0.754296,0.819231,1,,0,,,0,no_upcoming,9,headwind,deep_drawdown|deep_drawdown_rel_xbi,XS,ineligible,clinical_score:-21.8;financial_score:+16.2;catalyst_score:+10.5,tier=;reason=;cat_days=NA;strength=missing;decay_w=0.0,v1.3.0,31f399e0,0,deep_drawdown,0,,"{""burn_ttm"": 23495000.0, ""cash_total"": 117641000.0, ""dilution_risk"": null, ""has_revenue"": null, ""lead_phase"": null, ""runway_months"": 60.08478399659502, ""stage_bucket"": ""early"", ""surv_score"": ""2.0"", ""tier1_count"": 0}",early|none|nonpos,0.050550596214511044,63.509,-1.9101,,0,,0.0,0,0,neutral,-1.1831,,0.0,0.0,0.0,,,0.0,0,0,0,True,False,True,missing,0.0,adequate,<=2000bps,1631.39,0.7,1,0,1.0,0,1.0,0,,False,no_upcoming,-0.110907,price_history,,0,0.5742,price_history,,-0.532223,,30.0525,0.4849,-0.108271,-0.423952,early,small,sev1,platform_diagnostics,morningstar,,,,0,0.7149868987480781902042609269,34.72,50,,90.00,17.71757983879196000408121621,55.70000000000000000000000000,17.8926,-1.0923,,,,,,,,,,,,-1.6843,unknown,1.0,220,0.050550596214511044,0.245704,-0.6881,19.53,0.400344,-0.2525,0.002528,0.0,0.0,0.0,0.0,0.002528,0.0
PSNL,"Personalis, Inc.",,,D,ineligible,,,D,0.816151,0.557692,1,,0,,,0,no_upcoming,9,headwind,deep_drawdown|deep_drawdown_rel_xbi,XS,ineligible,clinical_score:-22.6;catalyst_score:+9.7;financial_score:+8.5,tier=;reason=;cat_days=NA;strength=missing;decay_w=0.0,v1.3.0,31f399e0,0,deep_drawdown,0,,"{""burn_ttm"": 52700000.0, ""cash_total"": 150515000.0, ""dilution_risk"": null, ""has_revenue"": null, ""lead_phase"": null, ""runway_months"": 34.18205904617714, ""stage_bucket"": ""early"", ""surv_score"": ""3.0"", ""tier1_count"": 0}",early|none|nonpos,0.050550596214511044,48.392,-1.9101,,0,,0.0,0,0,neutral,-1.1831,,0.0,0.0,0.0,,,0.0,0,0,0,True,False,True,missing,0.0,adequate,<=1000bps,905.17,0.85,1,0,1.0,0,1.0,0,,False,no_upcoming,-0.052348,price_history,,0,1.3113,price_history,,-0.423729,,47.8362,1.0777,-0.108271,-0.315458,early,small,sev1,platform_diagnostics,morningstar,,,,0,0.6179090433873497124934657606,44.65,50,,50,17.71757983879196000408121621,48.80444444444444444444444444,17.8926,-1.0923,,,,,,,,,,,,-1.6843,unknown,1.0,238,0.050550596214511044,0.183849,-0.9008,13.50,0.159794,-0.9953,0.002528,0.0,0.0,0.0,0.0,0.002528,0.0
STVN,Stevanato Group S.p.A.,,,D,ineligible,,,D,0.829897,0.034615,1,,0,,,0,no_upcoming,9,headwind,deep_drawdown|deep_drawdown_rel_xbi,XS,ineligible,catalyst_score:+25.2;financial_score:-19.8;clinical_score:-7.1,tier=;reason=;cat_days=NA;strength=missing;decay_w=0.0,v1.3.0,31f399e0,0,financials_missing|deep_drawdown,1,"cash_runway_lt_6m,survivability_critical","{""burn_ttm"": 0.0, ""cash_total"": 0.0, ""dilution_risk"": null, ""has_revenue"": null, ""lead_phase"": null, ""runway_months"": 0.0, ""stage_bucket"": ""early"", ""surv_score"": ""-5.0"", ""tier1_count"": 0}",early|none|nonpos,0.050550596214511044,25.078,-1.9101,,0,,0.0,0,0,neutral,-1.1831,,0.0,0.0,0.0,,,0.0,0,0,0,True,False,True,missing,0.0,critical,<=2000bps,1065.18,0.7,1,0,1.0,0,1.0,0,,False,no_upcoming,-0.361739,price_history,,0,-0.1816,price_history,,-0.497847,,30.8848,0.4363,-0.108271,-0.389576,early,unknown,sev2,platform_devices,morningstar,,,,0,0.5353842517993339778708776453,26.64,50,,50,17.71757983879196000408121621,5,17.8926,-1.0923,,,,,,,,,,,,-1.6843,unknown,1.0,242,0.050550596214511044,0.170103,-0.9538,5.94,0.02921,-1.8925,0.002528,0.0,0.0,0.0,0.0,0.002528,0.0
