ticker,company_name,actionable_rank,target_weight_pct,tier_any,tier_any_reason,tier_dev,tier_reason,tier_commercial,alpha_cohort_pct,commercial_quality_pct,has_commercial_quality,clinical_optionality_pct_dev,has_clinical_optionality_dev,clinical_rank_pct_dev,catalyst_days,catalyst_in_window,catalyst_mode,cat_priority,mom_state,risk_flags,size_band,size_reasons,top_3_drivers,catalyst_reason_detail,decision_engine_version,decision_engine_ruleset_id,eligible,ineligible_reasons,fundamental_red_flag,fundamental_red_flag_reasons,fundamental_red_flag_inputs,alpha_cohort_key,alpha_cohort_raw,commercial_quality,clinical_alpha_z,clinical_readout_days,clinical_coverage_flag,clinical_score_z,clinical_score_z_tier,sponsor_tier1_count,sponsor_overlap_count,sponsor_net_buying,coinvest_score_z,coinvest_tag,coinvest_conviction,coinvest_tier1_conviction,coinvest_max_position_pct,coinvest_filing_age_days,coinvest_recency_state,inst_delta_z,inst_delta_net,inst_delta_new,inst_delta_exit,has_coinvest_signal,has_inst_delta,has_catalyst_signal,catalyst_strength,catalyst_decay_w,runway_bucket,cost_bucket,est_cost_bps,cost_mult,cost_haircut_applied,dd_rel_margin_rescued,catalyst_tilt_mult,catalyst_tilt_applied,mom_state_tilt_mult,mom_state_tilt_applied,de_catalyst_days,de_catalyst_in_window,de_catalyst_mode,de_alpha_60d,de_alpha_60d_source,de_alpha_60d_missing_reason,de_tier1_count,de_beta_xbi_60d,de_beta_xbi_60d_source,de_beta_xbi_60d_missing_reason,de_drawdown,de_drawdown_missing_reason,de_rsi_14d,de_vol_60d,de_drawdown_xbi,de_drawdown_rel_xbi,stage_bucket,market_cap_bucket,severity,archetype,returns_source,catalyst_source,catalyst_event_type,missing_components,missingness_penalty,confidence_overall,momentum_score,catalyst_score,smart_money_score,valuation_score,clinical_score,financial_score,clinical_score_v2,clinical_score_v2_z,lead_program_phase,lead_program_readout_days,program_count,program_diversification,readout_curve_score,readout_density_90,late_stage_readouts_180,execution_momentum,design_quality_score,endpoint_strength_score,therapeutic_area,competitive_intensity_z,crowding_level,sizing_multiplier_clinical,composite_rank,composite_score,score_rank_pct,score_z,composite_score_attn,score_rank_pct_attn,score_z_attn
QURE,uniQure N.V.,1,0.82,A,high_opt+catalyst_mid,A,high_opt+catalyst_mid,,0.866228,,0,0.688776,1,0.311224,122,0,specific_days,9,neutral,high_vol|drawdown_data_missing,L,tier_a_dev|sponsor_confirmed|high_risk,smart_money_score:+26.8;clinical_score:-22.4;financial_score:+12.3,tier=A;reason=high_opt+catalyst_mid;cat_days=122;strength=mid;decay_w=0.7,v1.3.0,31f399e0,1,,0,,"{""burn_ttm"": 100394000.0, ""cash_total"": 597056000.0, ""dilution_risk"": null, ""has_revenue"": null, ""lead_phase"": null, ""runway_months"": 71.36553977329322, ""stage_bucket"": ""mid"", ""surv_score"": ""5.0"", ""tier1_count"": 9}",mid|near_91_180|nonpos,0.0646411489361702,,0.4528,0,1,-0.5112,0.0,9,9,buying,2.4972,elite_9,0.0,0.0,0.0,,,0.0,0,0,0,True,False,True,mid,0.7,adequate,<=1000bps,501.73,0.85,1,0,1.0,0,1.0,0,122,False,specific_days,,,beta_missing:insufficient_overlap,9,,,insufficient_overlap,,series_too_short,27.1744,1.3016,,,mid,small,none,drug_developer,morningstar,,,drawdown,1,0.7948146493970522554711924967,50,45.56250000000000000000000000,83.0,61.11,33.76417233560090702947845804,68.450,33.2199,-0.4613,2.0,122,6,1.0,0.3618,0,1,0.0,0.3,0.6,cns,-0.4072,uncrowded,1.0,198,0.0646411489361702,0.133772,-1.1087,27.04,0.567982,0.1712
TRDA,"Entrada Therapeutics, Inc.",2,0.08,B,high_opt+no_catalyst_data,B,high_opt+no_catalyst_data,,0.980263,,0,0.607143,1,0.392857,,0,no_upcoming,9,neutral,drawdown_data_missing,XS,runway_short|cost_haircut_>2000bps,financial_score:-33.2;momentum_score:+11.8;smart_money_score:+11.3,tier=B;reason=high_opt+no_catalyst_data;cat_days=NA;strength=missing;decay_w=0.0,v1.3.0,31f399e0,1,,0,,"{""burn_ttm"": 128512000.0, ""cash_total"": 90394000.0, ""dilution_risk"": null, ""has_revenue"": null, ""lead_phase"": null, ""runway_months"": 8.440674800796813, ""stage_bucket"": ""early"", ""surv_score"": ""-2.0"", ""tier1_count"": 1}",early|none|pos,0.023322922839506172,,-1.4215,,0,-0.0368,2.3114,1,1,selling,-0.7105,elite_1,0.0,0.0,0.0,,,0.0,0,0,0,True,False,True,missing,0.0,short,>2000bps,2020.0,0.55,1,0,1.0,0,1.0,0,,False,no_upcoming,,,beta_missing:series_too_short,1,,,series_too_short,,no_price_series,,0.5606,,,early,small,sev2,drug_developer,morningstar,,,drawdown,1,0.7764056268100951592883740174,50,41.25000000000000000000000000,49.5,50,45.39214032720526227019733513,5,44.0337,-0.0,0.0,1828,1,0.0,0.0,0,0,0.0,0.0,0.5,other,-0.4072,uncrowded,1.0,224,0.023322922839506172,0.019737,-2.0592,10.14,0.067982,-1.491
FDMT,"4D Molecular Therapeutics, Inc.",3,0.2,B,high_opt+no_catalyst_data,B,high_opt+no_catalyst_data,,0.721491,,0,0.97449,1,0.02551,,0,no_upcoming,9,neutral,drawdown_data_missing,S,cost_haircut_<=2000bps,clinical_score:-35.7;smart_money_score:+14.3;financial_score:+11.4,tier=B;reason=high_opt+no_catalyst_data;cat_days=NA;strength=missing;decay_w=0.0,v1.3.0,31f399e0,1,,0,,"{""burn_ttm"": 137633000.0, ""cash_total"": 305063000.0, ""dilution_risk"": null, ""has_revenue"": null, ""lead_phase"": null, ""runway_months"": 26.597952525920384, ""stage_bucket"": ""early"", ""surv_score"": ""3.0"", ""tier1_count"": 1}",early|none|nonpos,0.06969944897959185,,-1.4336,,0,-1.6847,-0.9984,1,1,neutral,-0.7105,elite_1,0.0,0.0,0.0,,,0.0,0,0,0,True,False,True,missing,0.0,adequate,<=2000bps,1082.73,0.7,1,0,1.0,0,1.0,0,,False,no_upcoming,,,beta_missing:series_too_short,1,,,series_too_short,,no_price_series,,0.8446,,,early,small,none,drug_developer,morningstar,,,drawdown,1,0.7114035995035167563094745552,50,41.25000000000000000000000000,55.0,50,5,52.05714285714285714285714286,3.3212,-1.7366,0.0,609,1,0.0,0.0,0,0,0.0,0.0,0.5,other,0.2909,moderate,1.0,165,0.06969944897959185,0.278509,-0.5873,17.68,0.300439,-0.5231
RCKT,"Rocket Pharmaceuticals, Inc.",4,0.82,B,high_opt+no_catalyst_data,B,high_opt+no_catalyst_data,,0.625,,0,0.729592,1,0.270408,,0,no_upcoming,9,neutral,drawdown_data_missing,L,sponsor_confirmed,clinical_score:-23.1;smart_money_score:+19.0;financial_score:+7.0,tier=B;reason=high_opt+no_catalyst_data;cat_days=NA;strength=missing;decay_w=0.0,v1.3.0,31f399e0,1,,0,,"{""burn_ttm"": 155174000.0, ""cash_total"": 222758000.0, ""dilution_risk"": null, ""has_revenue"": null, ""lead_phase"": null, ""runway_months"": 17.070450597731686, ""stage_bucket"": ""mid"", ""surv_score"": ""2.0"", ""tier1_count"": 3}",mid|none|pos,0.08701244092219021,,-0.6952,305,1,-0.9117,0.5543,3,3,buying,0.0914,elite_3,0.0,0.0,0.0,,,0.0,0,0,0,True,False,True,missing,0.0,adequate,<=1000bps,956.37,0.85,1,0,1.0,0,1.0,0,,False,no_upcoming,,,beta_missing:insufficient_overlap,3,,,insufficient_overlap,,series_too_short,36.1492,0.6262,,,mid,small,sev1,drug_developer,morningstar,,,drawdown,1,0.7990011210762331838565022422,50,41.25000000000000000000000000,66.0,68.52,23.94809775762156714537666919,54.00000000000000000000000000,22.9504,-0.8993,2.0,305,5,1.0,0.0213,0,0,0.0,0.3,0.5,other,-1.5707,uncrowded,1.0,143,0.08701244092219021,0.375,-0.3186,21.47,0.449561,-0.1268
PVLA,"Palvella Therapeutics, Inc.",5,0.82,B,high_opt+no_catalyst_data,B,high_opt+no_catalyst_data,,0.620614,,0,0.668367,1,0.331633,,0,no_upcoming,9,neutral,drawdown_data_missing,L,sponsor_confirmed,smart_money_score:+25.6;financial_score:-14.0;clinical_score:-10.0,tier=B;reason=high_opt+no_catalyst_data;cat_days=NA;strength=missing;decay_w=0.0,v1.3.0,31f399e0,1,,0,,"{""burn_ttm"": 20080000.0, ""cash_total"": 63567000.0, ""dilution_risk"": null, ""has_revenue"": null, ""lead_phase"": null, ""runway_months"": 37.98824701195219, ""stage_bucket"": ""mid"", ""surv_score"": ""5.0"", ""tier1_count"": 4}",mid|none|pos,0.08701244092219021,,-0.6173,232,1,-0.4059,1.57,4,4,buying,0.4924,elite_4,0.0,0.0,0.0,,,0.0,0,0,0,True,False,True,missing,0.0,adequate,<=1000bps,491.35,0.85,1,0,1.0,0,1.0,0,,False,no_upcoming,,,beta_missing:insufficient_overlap,4,,,insufficient_overlap,,series_too_short,55.4258,,,,mid,small,none,drug_developer,morningstar,,,drawdown,1,0.7772841994970662196144174350,50,41.25000000000000000000000000,72.0,50,36.34416729654824892920131016,32.36665406903502141597379693,35.8004,-0.3512,2.0,232,1,0.0,0.1447,0,0,0.0,0.4,0.5,other,-3.4323,uncrowded,1.0,142,0.08701244092219021,0.379386,-0.3071,25.06,0.528509,0.0715
NMRA,"Neumora Therapeutics, Inc.",6,0.1,B,high_opt+no_catalyst_data,B,high_opt+no_catalyst_data,,0.607456,,0,0.617347,1,0.382653,,0,no_upcoming,9,neutral,drawdown_data_missing,XS,runway_short|cost_haircut_<=2000bps,financial_score:-20.2;smart_money_score:+12.7;momentum_score:+7.7,tier=B;reason=high_opt+no_catalyst_data;cat_days=NA;strength=missing;decay_w=0.0,v1.3.0,31f399e0,1,,0,,"{""burn_ttm"": 158485000.0, ""cash_total"": 171525000.0, ""dilution_risk"": null, ""has_revenue"": null, ""lead_phase"": null, ""runway_months"": 11.473010064043915, ""stage_bucket"": ""mid"", ""surv_score"": ""0.0"", ""tier1_count"": 1}",mid|none|pos,0.08701244092219021,,-0.703,798,1,-0.1338,2.1166,1,1,neutral,-0.7105,elite_1,0.0,0.0,0.0,,,0.0,0,0,0,True,False,True,missing,0.0,short,<=2000bps,1324.22,0.7,1,0,1.0,0,1.0,0,,False,no_upcoming,,,beta_missing:series_too_short,1,,,series_too_short,,no_price_series,,0.9459,,,mid,small,sev2,drug_developer,morningstar,,,drawdown,1,0.7153062296459712154638092237,50,41.25000000000000000000000000,55.0,50,43.01461325270849080372889897,22.08163265306122448979591837,42.0062,-0.0865,2.0,798,1,0.0,0.0013,0,0,0.0,0.4,0.5,other,0.7563,highly_crowded,1.0,139,0.08701244092219021,0.392544,-0.2727,12.24,0.089912,-1.3413
CELC,Celcuity Inc.,7,0.97,B,high_opt+no_catalyst_data,B,high_opt+no_catalyst_data,,0.572368,,0,0.75,1,0.25,,0,no_upcoming,9,neutral,drawdown_data_missing,L,sponsor_confirmed,smart_money_score:+33.8;clinical_score:-27.6;catalyst_score:-8.0,tier=B;reason=high_opt+no_catalyst_data;cat_days=NA;strength=missing;decay_w=0.0,v1.3.0,31f399e0,1,,0,,"{""burn_ttm"": 116881000.0, ""cash_total"": 454978000.0, ""dilution_risk"": null, ""has_revenue"": null, ""lead_phase"": null, ""runway_months"": 46.71192067145216, ""stage_bucket"": ""mid"", ""surv_score"": ""4.0"", ""tier1_count"": 6}",mid|none|pos,0.08701244092219021,,-0.7389,719,1,-1.0066,0.3635,6,6,buying,1.2943,elite_6,0.0,0.0,0.0,,,0.0,0,0,0,True,False,True,missing,0.0,adequate,<=400bps,347.34,1.0,0,0,1.0,0,1.0,0,,False,no_upcoming,,,beta_missing:insufficient_overlap,6,,,insufficient_overlap,,series_too_short,41.8787,,,,mid,mid,none,drug_developer,morningstar,,,drawdown,1,0.7815456943011122577686045178,50,41.25000000000000000000000000,83.0,20.37,21.62005542957923910304862686,50.35714285714285714285714285,21.3223,-0.9688,2.0,1368,5,1.0,0.0006,0,0,0.0,0.3,0.95,oncology,-0.4072,uncrowded,1.0,131,0.08701244092219021,0.427632,-0.1824,19.29,0.375,-0.3186
WVE,Wave Life Sciences Ltd.,8,0.58,B,high_opt+no_catalyst_data,B,high_opt+no_catalyst_data,,0.480263,,0,0.841837,1,0.158163,,0,no_upcoming,9,neutral,high_vol|drawdown_data_missing,M,sponsor_confirmed|high_risk,clinical_score:-36.0;smart_money_score:+28.7;financial_score:+13.7,tier=B;reason=high_opt+no_catalyst_data;cat_days=NA;strength=missing;decay_w=0.0,v1.3.0,31f399e0,1,,0,,"{""burn_ttm"": 187493000.0, ""cash_total"": 602068000.0, ""dilution_risk"": null, ""has_revenue"": null, ""lead_phase"": null, ""runway_months"": 38.533790594848874, ""stage_bucket"": ""mid"", ""surv_score"": ""5.0"", ""tier1_count"": 5}",mid|none|nonpos,0.1,,0.398,0,1,-1.366,-0.3583,5,5,buying,0.8934,elite_5,0.0,0.0,0.0,,,0.0,0,0,0,True,False,True,missing,0.0,adequate,<=400bps,327.67,1.0,0,0,1.0,0,1.0,0,,False,no_upcoming,,,beta_missing:insufficient_overlap,5,,,insufficient_overlap,,series_too_short,36.9028,3.1359,,,mid,mid,none,drug_developer,morningstar,,,drawdown,1,0.7963845625286303252404947320,50,41.25000000000000000000000000,77.5,31.48,12.81179138321995464852607710,62.50000000000000000000000000,12.5034,-1.345,2.0,,3,0.6667,0.0103,0,0,0.0,0.4,0.75,rare_disease,0.7563,highly_crowded,1.0,110,0.1,0.519737,0.0495,20.63,0.423246,-0.1936
URGN,UroGen Pharma Ltd.,9,0.49,B,high_opt+no_catalyst_data,B,high_opt+no_catalyst_data,,0.458333,,0,0.852041,1,0.147959,,0,no_upcoming,9,neutral,drawdown_data_missing,M,sponsor_confirmed|runway_short,smart_money_score:+35.6;financial_score:-30.2;clinical_score:-23.7,tier=B;reason=high_opt+no_catalyst_data;cat_days=NA;strength=missing;decay_w=0.0,v1.3.0,31f399e0,1,,0,,"{""burn_ttm"": 124119000.0, ""cash_total"": 153829000.0, ""dilution_risk"": null, ""has_revenue"": null, ""lead_phase"": null, ""runway_months"": 14.872404708384696, ""stage_bucket"": ""late"", ""surv_score"": ""0.0"", ""tier1_count"": 4}",late|none|nonpos,0.1,,0.9025,0,1,-1.3709,-0.368,4,4,buying,0.4924,elite_4,0.0,0.0,0.0,,,0.0,0,0,0,True,False,True,missing,0.0,short,<=1000bps,785.74,0.85,1,0,1.0,0,1.0,0,,False,no_upcoming,,,beta_missing:insufficient_overlap,4,,,insufficient_overlap,,series_too_short,41.341,0.7699,,,late,small,sev2,drug_developer,morningstar,,,drawdown,1,0.8224527861972487759384471905,50,41.25000000000000000000000000,72.0,62.90,12.69293145049642023654127606,6.241288625904010519395134781,13.7536,-1.2916,3.0,34,10,1.0,2.1505,2,2,0.0,0.3,0.95,oncology,0.7563,highly_crowded,1.0,105,0.1,0.541667,0.1046,5.33,0.010965,-2.2916
TENX,"Tenax Therapeutics, Inc.",10,0.2,B,high_opt+no_catalyst_data,B,high_opt+no_catalyst_data,,0.445175,,0,0.903061,1,0.096939,,0,no_upcoming,9,neutral,drawdown_data_missing,S,cost_haircut_<=2000bps,clinical_score:-35.9;financial_score:+18.0;smart_money_score:+12.6,tier=B;reason=high_opt+no_catalyst_data;cat_days=NA;strength=missing;decay_w=0.0,v1.3.0,31f399e0,1,,0,,"{""burn_ttm"": 22385000.0, ""cash_total"": 99400000.0, ""dilution_risk"": null, ""has_revenue"": null, ""lead_phase"": null, ""runway_months"": 53.28568237659147, ""stage_bucket"": ""late"", ""surv_score"": ""5.0"", ""tier1_count"": 1}",late|none|nonpos,0.1,,0.8857,0,1,-1.6004,-0.829,1,1,buying,-0.7105,elite_1,0.0,0.0,0.0,,,0.0,0,0,0,True,False,True,missing,0.0,adequate,<=2000bps,1850.21,0.7,1,0,1.0,0,1.0,0,,False,no_upcoming,,,beta_missing:insufficient_overlap,1,,,insufficient_overlap,,series_too_short,43.2007,,,,late,micro,none,drug_developer,morningstar,,,drawdown,1,0.8540472690718195018429576678,50,41.25000000000000000000000000,55.5,90.00,7.066571733713065147739409047,60.89622641509433962264150944,8.4755,-1.5168,3.0,,4,1.0,0.5722,1,1,0.0,0.4,0.85,cardiovascular,-0.4072,uncrowded,1.0,102,0.1,0.554825,0.1379,19.46,0.379386,-0.3071
SVRA,"Savara, Inc.",11,0.82,B,high_opt+no_catalyst_data,B,high_opt+no_catalyst_data,,0.432018,,0,0.770408,1,0.229592,,0,no_upcoming,9,neutral,drawdown_data_missing,L,sponsor_confirmed,smart_money_score:+29.0;financial_score:-25.7;clinical_score:-19.6,tier=B;reason=high_opt+no_catalyst_data;cat_days=NA;strength=missing;decay_w=0.0,v1.3.0,31f399e0,1,,0,,"{""burn_ttm"": 75980000.0, ""cash_total"": 124386000.0, ""dilution_risk"": null, ""has_revenue"": null, ""lead_phase"": null, ""runway_months"": 19.645064490655436, ""stage_bucket"": ""late"", ""surv_score"": ""0.0"", ""tier1_count"": 3}",late|none|pos,0.1,,0.9126,0,1,-1.1615,0.0524,3,3,buying,0.0914,elite_3,0.0,0.0,0.0,,,0.0,0,0,0,True,False,True,missing,0.0,adequate,<=1000bps,844.9,0.85,1,0,1.0,0,1.0,0,,False,no_upcoming,,,beta_missing:insufficient_overlap,3,,,insufficient_overlap,,series_too_short,23.869,0.6811,,,late,small,sev1,drug_developer,morningstar,,,drawdown,1,0.8537972367351677696505282712,50,41.25000000000000000000000000,66.5,56.45,17.82405759265851825481586963,11.75147928994082840236686389,17.4926,-1.1321,3.0,179,9,1.0,0.5492,0,1,0.0,0.4,0.5,respiratory,0.7563,highly_crowded,1.0,99,0.1,0.567982,0.1712,11.75,0.08114,-1.3974
SMMT,Summit Therapeutics Inc.,12,0.82,B,high_opt+no_catalyst_data,B,high_opt+no_catalyst_data,,0.41886,,0,0.821429,1,0.178571,,0,no_upcoming,9,neutral,drawdown_data_missing,L,sponsor_confirmed,smart_money_score:+29.4;clinical_score:-27.7;financial_score:-8.8,tier=B;reason=high_opt+no_catalyst_data;cat_days=NA;strength=missing;decay_w=0.0,v1.3.0,31f399e0,1,,0,,"{""burn_ttm"": 322930000.0, ""cash_total"": 713448000.0, ""dilution_risk"": null, ""has_revenue"": null, ""lead_phase"": null, ""runway_months"": 26.511553587464775, ""stage_bucket"": ""late"", ""surv_score"": ""3.0"", ""tier1_count"": 5}",late|none|nonpos,0.1,,0.9061,0,1,-1.3024,-0.2305,5,5,buying,0.8934,elite_5,0.0,0.0,0.0,,,0.0,0,0,0,True,False,True,missing,0.0,adequate,<=1000bps,484.44,0.85,1,0,1.0,0,1.0,0,,False,no_upcoming,,,beta_missing:insufficient_overlap,5,,,insufficient_overlap,,series_too_short,55.4098,0.5984,,,late,large,none,drug_developer,morningstar,,,drawdown,1,0.8150233556369145309935614190,50,41.25000000000000000000000000,71.5,10.00,14.37166251334994660021359914,33.30224279102883588465646138,13.7239,-1.2929,3.0,656,5,1.0,0.0063,0,0,0.0,0.3,0.75,rare_disease,0.7563,highly_crowded,1.0,96,0.1,0.58114,0.2048,12.90,0.111842,-1.2168
REPL,"Replimune Group, Inc.",13,0.82,B,high_opt+no_catalyst_data,B,high_opt+no_catalyst_data,,0.392544,,0,0.811224,1,0.188776,,0,no_upcoming,9,neutral,drawdown_data_missing,L,sponsor_confirmed,clinical_score:-27.9;financial_score:+12.3;smart_money_score:+10.1,tier=B;reason=high_opt+no_catalyst_data;cat_days=NA;strength=missing;decay_w=0.0,v1.3.0,31f399e0,1,,0,,"{""burn_ttm"": 224183000.0, ""cash_total"": 269137000.0, ""dilution_risk"": null, ""has_revenue"": null, ""lead_phase"": null, ""runway_months"": 14.12718492467587, ""stage_bucket"": ""mid"", ""surv_score"": ""2.0"", ""tier1_count"": 5}",mid|none|nonpos,0.1,,-0.7583,2040,1,-1.2792,-0.184,5,5,selling,0.8934,elite_5,0.0,0.0,0.0,,,0.0,0,0,0,True,False,True,missing,0.0,adequate,<=1000bps,964.73,0.85,1,0,1.0,0,1.0,0,,False,no_upcoming,,,beta_missing:insufficient_overlap,5,,,insufficient_overlap,,series_too_short,52.7552,0.5897,,,mid,small,sev1,drug_developer,morningstar,,,drawdown,1,0.7588255033557046979865771812,50,41.25000000000000000000000000,53.0,50,14.93827160493827160493827160,55.21428571428571428571428571,14.2905,-1.2687,2.0,2040,2,0.3333,0.0,0,0,0.0,0.3,0.95,oncology,0.7563,highly_crowded,1.0,90,0.1,0.607456,0.2727,16.42,0.243421,-0.6953
PRTA,Prothena Corporation plc,14,0.41,B,high_opt+no_catalyst_data,B,high_opt+no_catalyst_data,,0.379386,,0,0.882653,1,0.117347,,0,no_upcoming,9,neutral,,M,sponsor_confirmed|cost_haircut_<=2000bps,clinical_score:-30.1;smart_money_score:+14.7;momentum_score:+9.7,tier=B;reason=high_opt+no_catalyst_data;cat_days=NA;strength=missing;decay_w=0.0,v1.3.0,31f399e0,1,,0,,"{""burn_ttm"": 140268000.0, ""cash_total"": 330843000.0, ""dilution_risk"": null, ""has_revenue"": null, ""lead_phase"": null, ""runway_months"": 28.303789887928822, ""stage_bucket"": ""late"", ""surv_score"": ""5.0"", ""tier1_count"": 2}",late|none|nonpos,0.1,,0.8961,0,1,-1.4712,-0.5695,2,2,neutral,-0.3095,elite_2,0.0,0.0,0.0,,,0.0,0,0,0,True,False,True,missing,0.0,adequate,<=2000bps,1434.82,0.7,1,0,1.0,0,1.0,0,,False,no_upcoming,,,beta_missing:insufficient_overlap,2,,,insufficient_overlap,-0.2784,,29.4286,0.4848,,,late,small,none,drug_developer,morningstar,,,,0,0.8476092450638792102206736353,50,41.25000000000000000000000000,55.0,79.03,10.23416795221708002056880661,45.00262984878369493754109138,9.2628,-1.4832,3.0,,7,1.0,0.0586,0,0,0.0,0.4,0.6,cns,0.7563,highly_crowded,1.0,87,0.1,0.620614,0.3071,15.90,0.221491,-0.7672
LQDA,Liquidia Corporation,15,0.82,B,high_opt+no_catalyst_data,B,high_opt+no_catalyst_data,,0.309211,,0,0.913265,1,0.086735,,0,no_upcoming,9,neutral,deep_drawdown,L,sponsor_confirmed,smart_money_score:+31.4;clinical_score:-28.6;financial_score:-25.8,tier=B;reason=high_opt+no_catalyst_data;cat_days=NA;strength=missing;decay_w=0.0,v1.3.0,31f399e0,1,,0,,"{""burn_ttm"": 79930000.0, ""cash_total"": 157496000.0, ""dilution_risk"": null, ""has_revenue"": null, ""lead_phase"": null, ""runway_months"": 23.645089453271613, ""stage_bucket"": ""late"", ""surv_score"": ""0.0"", ""tier1_count"": 3}",late|none|nonpos,0.1,,0.8797,0,1,-1.6631,-0.9549,3,3,buying,0.0914,elite_3,0.0,0.0,0.0,,,0.0,0,0,0,True,False,True,missing,0.0,adequate,<=1000bps,430.35,0.85,1,0,1.0,0,1.0,0,,False,no_upcoming,,,beta_missing:insufficient_overlap,3,,,insufficient_overlap,-0.3909,,58.6747,0.5778,,,late,mid,sev1,drug_developer,morningstar,,,,0,0.8687981060154854079809410363,50,41.25000000000000000000000000,65.5,22.04,5.530240101261817174953522406,8.360685941043083900226757365,4.887,-1.6698,3.0,327,3,0.6667,0.0655,0,0,0.0,0.3,0.85,cardiovascular,0.7563,highly_crowded,1.0,71,0.1,0.690789,0.4981,9.25,0.050439,-1.6406
KOD,Kodiak Sciences Inc,16,0.49,B,high_opt+no_catalyst_data,B,high_opt+no_catalyst_data,,0.300439,,0,0.984694,1,0.015306,,0,no_upcoming,9,neutral,drawdown_data_missing,M,sponsor_confirmed|runway_short,smart_money_score:+31.0;clinical_score:-30.5;financial_score:-20.9,tier=B;reason=high_opt+no_catalyst_data;cat_days=NA;strength=missing;decay_w=0.0,v1.3.0,31f399e0,1,,0,,"{""burn_ttm"": 96630000.0, ""cash_total"": 72038000.0, ""dilution_risk"": null, ""has_revenue"": null, ""lead_phase"": null, ""runway_months"": 8.94604160198696, ""stage_bucket"": ""mid"", ""surv_score"": ""-2.0"", ""tier1_count"": 3}",mid|none|nonpos,0.1,,-0.8261,488,1,-1.6847,-0.9984,3,3,buying,0.0914,elite_3,0.0,0.0,0.0,,,0.0,0,0,0,True,False,True,missing,0.0,short,<=1000bps,676.83,0.85,1,0,1.0,0,1.0,0,,False,no_upcoming,,,beta_missing:insufficient_overlap,3,,,insufficient_overlap,,series_too_short,36.0144,0.8241,,,mid,small,sev2,drug_developer,morningstar,,,drawdown,1,0.7862229535688083010166649198,50,41.25000000000000000000000000,66.5,50,5,14.50894431846812799193751575,3.6523,-1.7225,2.0,488,1,0.0,0.0085,0,0,0.0,0.3,0.55,ophthalmology,0.7563,highly_crowded,1.0,69,0.1,0.699561,0.5231,7.64,0.041667,-1.7317
EYPT,"EyePoint, Inc.",17,0.49,B,high_opt+no_catalyst_data,B,high_opt+no_catalyst_data,,0.203947,,0,0.709184,1,0.290816,,0,no_upcoming,9,neutral,drawdown_data_missing,M,sponsor_confirmed|runway_short,financial_score:-34.6;smart_money_score:+32.4;momentum_score:+10.4,tier=B;reason=high_opt+no_catalyst_data;cat_days=NA;strength=missing;decay_w=0.0,v1.3.0,31f399e0,1,,0,,"{""burn_ttm"": 175063000.0, ""cash_total"": 204022000.0, ""dilution_risk"": null, ""has_revenue"": null, ""lead_phase"": null, ""runway_months"": 13.985045383661882, ""stage_bucket"": ""late"", ""surv_score"": ""2.0"", ""tier1_count"": 4}",late|none|pos,0.1,,-0.2305,,0,-0.6681,1.0435,4,4,buying,0.4924,elite_4,0.0,0.0,0.0,,,0.0,0,0,0,True,False,True,missing,0.0,short,<=1000bps,660.09,0.85,1,0,1.0,0,1.0,0,,False,no_upcoming,,,beta_missing:insufficient_overlap,4,,,insufficient_overlap,,series_too_short,61.2422,0.7147,,,late,small,sev2,drug_developer,morningstar,,,drawdown,1,0.8716017145505097312326227989,50,41.25000000000000000000000000,72.0,32.80,29.91851588149202958743720580,5,28.9397,-0.6439,3.0,,3,0.6667,0.0,0,0,0.0,0.4,0.55,ophthalmology,0.2909,moderate,1.0,47,0.1,0.796053,0.8276,11.34,0.076754,-1.4272
CTMX,"CytomX Therapeutics, Inc.",18,0.82,B,high_opt+no_catalyst_data,B,high_opt+no_catalyst_data,,0.177632,,0,0.964286,1,0.035714,,0,no_upcoming,9,neutral,drawdown_data_missing,L,sponsor_confirmed,smart_money_score:+40.4;clinical_score:-37.6;financial_score:-8.8,tier=B;reason=high_opt+no_catalyst_data;cat_days=NA;strength=missing;decay_w=0.0,v1.3.0,31f399e0,1,,0,,"{""burn_ttm"": 52344000.0, ""cash_total"": 34185000.0, ""dilution_risk"": null, ""has_revenue"": null, ""lead_phase"": null, ""runway_months"": 7.837001375515818, ""stage_bucket"": ""mid"", ""surv_score"": ""-2.0"", ""tier1_count"": 6}",mid|none|nonpos,0.1,,-0.4472,111,1,-1.6847,-0.9984,6,6,buying,1.2943,elite_6,0.0,0.0,0.0,,,0.0,0,0,0,True,False,True,missing,0.0,adequate,<=1000bps,786.14,0.85,1,0,1.0,0,1.0,0,,False,no_upcoming,,,beta_missing:insufficient_overlap,6,,,insufficient_overlap,,series_too_short,36.1844,0.9241,,,mid,small,none,drug_developer,morningstar,,,drawdown,1,0.7856003584229390681003584229,50,41.25000000000000000000000000,83.0,53.70,5,33.76417233560090702947845804,4.9352,-1.6678,2.0,111,5,1.0,0.4816,0,1,0.0,0.3,0.95,oncology,0.7563,highly_crowded,1.0,41,0.1,0.822368,0.9244,13.49,0.129386,-1.1293
CRSP,CRISPR Therapeutics AG,19,0.97,B,high_opt+no_catalyst_data,B,high_opt+no_catalyst_data,,0.173246,,0,0.954082,1,0.045918,,0,no_upcoming,9,neutral,,L,sponsor_confirmed,clinical_score:-40.9;financial_score:+21.4;smart_money_score:+20.1,tier=B;reason=high_opt+no_catalyst_data;cat_days=NA;strength=missing;decay_w=0.0,v1.3.0,31f399e0,1,,0,,"{""burn_ttm"": 345014000.0, ""cash_total"": 1975828000.0, ""dilution_risk"": null, ""has_revenue"": null, ""lead_phase"": null, ""runway_months"": 68.7216634687288, ""stage_bucket"": ""late"", ""surv_score"": ""3.0"", ""tier1_count"": 3}",late|none|nonpos,0.1,,-0.2924,1434,1,-1.6847,-0.9984,3,3,buying,0.0914,elite_3,0.0,0.0,0.0,,,0.0,0,0,0,True,False,True,missing,0.0,adequate,<=400bps,316.61,1.0,0,0,1.0,0,1.0,0,,False,no_upcoming,,,beta_missing:insufficient_overlap,3,1.4197,,insufficient_overlap,-0.223,,29.8331,0.5582,,,late,mid,none,drug_developer,morningstar,,,,0,0.8829796426444312090530077427,50,41.25000000000000000000000000,66.0,57.80,5,67.35714285714285714285714286,4.3818,-1.6914,3.0,1984,3,0.6667,0.0,0,0,0.0,0.3,0.95,oncology,0.2909,moderate,1.0,40,0.1,0.826754,0.9414,20.81,0.436404,-0.1601
CNTA,Centessa Pharmaceuticals plc,20,0.82,B,high_opt+no_catalyst_data,B,high_opt+no_catalyst_data,,0.151316,,0,0.943878,1,0.056122,,0,no_upcoming,9,neutral,drawdown_data_missing,L,sponsor_confirmed,smart_money_score:+41.4;clinical_score:-30.6;financial_score:-30.6,tier=B;reason=high_opt+no_catalyst_data;cat_days=NA;strength=missing;decay_w=0.0,v1.3.0,31f399e0,1,,0,,"{""burn_ttm"": 138010000.0, ""cash_total"": 246214000.0, ""dilution_risk"": null, ""has_revenue"": null, ""lead_phase"": null, ""runway_months"": 21.408361712919355, ""stage_bucket"": ""late"", ""surv_score"": ""0.0"", ""tier1_count"": 7}",late|none|nonpos,0.1,,-0.335,910,1,-1.6847,-0.9984,7,7,buying,1.6953,elite_7,0.0,0.0,0.0,,,0.0,0,0,0,True,False,True,missing,0.0,adequate,<=1000bps,533.65,0.85,1,0,1.0,0,1.0,0,,False,no_upcoming,,,beta_missing:series_too_short,7,,,series_too_short,,no_price_series,,0.5724,,,late,mid,sev1,drug_developer,morningstar,,,drawdown,1,0.8501031050011851149561507466,50,41.25000000000000000000000000,77.0,10.22,5,5,4.6916,-1.6782,3.0,910,2,0.3333,0.0015,0,0,0.0,0.4,0.75,rare_disease,0.7563,highly_crowded,1.0,35,0.1,0.848684,1.0308,12.50,0.107456,-1.2402
CLDX,"Celldex Therapeutics, Inc.",21,0.82,B,high_opt+no_catalyst_data,B,high_opt+no_catalyst_data,,0.142544,,0,0.739796,1,0.260204,,0,no_upcoming,9,neutral,,L,sponsor_confirmed,clinical_score:-26.3;smart_money_score:+22.9;financial_score:+9.3,tier=B;reason=high_opt+no_catalyst_data;cat_days=NA;strength=missing;decay_w=0.0,v1.3.0,31f399e0,1,,0,,"{""burn_ttm"": 210945000.0, ""cash_total"": 518573000.0, ""dilution_risk"": null, ""has_revenue"": null, ""lead_phase"": null, ""runway_months"": 29.49999288914172, ""stage_bucket"": ""late"", ""surv_score"": ""5.0"", ""tier1_count"": 4}",late|none|pos,0.1,,0.9201,0,1,-0.9782,0.4206,4,4,buying,0.4924,elite_4,0.0,0.0,0.0,,,0.0,0,0,0,True,False,True,missing,0.0,adequate,<=1000bps,652.37,0.85,1,0,1.0,0,1.0,0,,False,no_upcoming,,,beta_missing:insufficient_overlap,4,,,insufficient_overlap,-0.2393,,52.3294,0.4801,,,late,small,none,drug_developer,morningstar,,,,0,0.8764675685050294831772459244,50,41.25000000000000000000000000,71.5,70.43,22.31755072979708081167675330,57.92307692307692307692307693,23.7243,-0.8663,3.0,,44,1.0,0.5706,2,0,0.0,0.4,0.95,oncology,-0.4072,uncrowded,1.0,33,0.1,0.857456,1.069,23.35,0.502193,0.0055
CHRS,"Coherus Oncology, Inc.",22,0.2,B,high_opt+no_catalyst_data,B,high_opt+no_catalyst_data,,0.138158,,0,0.658163,1,0.341837,,0,no_upcoming,9,neutral,drawdown_data_missing,S,cost_haircut_<=2000bps,financial_score:+16.9;clinical_score:-13.6;catalyst_score:-8.8,tier=B;reason=high_opt+no_catalyst_data;cat_days=NA;strength=missing;decay_w=0.0,v1.3.0,31f399e0,1,,0,,"{""burn_ttm"": 118797000.0, ""cash_total"": 191663000.0, ""dilution_risk"": null, ""has_revenue"": null, ""lead_phase"": null, ""runway_months"": 18.31919011700611, ""stage_bucket"": ""late"", ""surv_score"": ""2.0"", ""tier1_count"": 1}",late|none|pos,0.1,,0.9334,0,1,-0.4009,1.5801,1,1,buying,-0.7105,elite_1,0.0,0.0,0.0,,,0.0,0,0,0,True,False,True,missing,0.0,adequate,<=2000bps,1725.6,0.7,1,0,1.0,0,1.0,0,,False,no_upcoming,,,beta_missing:insufficient_overlap,1,,,insufficient_overlap,,series_too_short,46.7608,0.9928,,,late,micro,none,drug_developer,morningstar,,,drawdown,1,0.7863618983355825461088618983,50,41.25000000000000000000000000,55.5,80.11,36.46710968711680708832720225,66.98113207547169811320754717,35.5064,-0.3637,3.0,,5,1.0,0.0,0,0,0.0,0.3,0.6,autoimmune,-0.4072,uncrowded,1.0,32,0.1,0.861842,1.0886,23.78,0.515351,0.0385
CGON,"CG Oncology, Inc.",23,0.82,B,high_opt+no_catalyst_data,B,high_opt+no_catalyst_data,,0.133772,,0,0.933673,1,0.066327,,0,no_upcoming,9,neutral,drawdown_data_missing,L,sponsor_confirmed,clinical_score:-42.1;smart_money_score:+35.9;financial_score:+9.3,tier=B;reason=high_opt+no_catalyst_data;cat_days=NA;strength=missing;decay_w=0.0,v1.3.0,31f399e0,1,,0,,"{""burn_ttm"": 96130000.0, ""cash_total"": 680263000.0, ""dilution_risk"": null, ""has_revenue"": null, ""lead_phase"": null, ""runway_months"": 84.91788203474462, ""stage_bucket"": ""mid"", ""surv_score"": ""5.0"", ""tier1_count"": 6}",mid|none|nonpos,0.1,,0.3833,0,1,-1.6847,-0.9984,6,6,buying,1.2943,elite_6,0.0,0.0,0.0,,,0.0,0,0,0,True,False,True,missing,0.0,adequate,<=1000bps,407.78,0.85,1,0,1.0,0,1.0,0,,False,no_upcoming,,,beta_missing:series_too_short,6,,,series_too_short,,no_price_series,,0.7795,,,mid,mid,none,drug_developer,morningstar,,,drawdown,1,0.7822011211531861343095755634,50,41.25000000000000000000000000,83.0,10.00,5,56.42857142857142857142857143,4.3523,-1.6927,2.0,,3,0.6667,0.0,0,0,0.0,0.3,0.95,oncology,0.7563,highly_crowded,1.0,31,0.1,0.866228,1.1087,17.34,0.291667,-0.5485
ADCT,ADC Therapeutics SA,24,0.41,B,high_opt+no_catalyst_data,B,high_opt+no_catalyst_data,,0.019737,,0,0.780612,1,0.219388,,0,no_upcoming,9,neutral,drawdown_data_missing,M,sponsor_confirmed|cost_haircut_<=2000bps,clinical_score:-29.9;smart_money_score:+19.5;financial_score:+13.1,tier=B;reason=high_opt+no_catalyst_data;cat_days=NA;strength=missing;decay_w=0.0,v1.3.0,31f399e0,1,,0,,"{""burn_ttm"": 110051000.0, ""cash_total"": 234738000.0, ""dilution_risk"": null, ""has_revenue"": null, ""lead_phase"": null, ""runway_months"": 23.035925450397038, ""stage_bucket"": ""mid"", ""surv_score"": ""3.0"", ""tier1_count"": 3}",mid|none|nonpos,0.1,,0.4132,0,1,-1.1904,-0.0056,3,3,buying,0.0914,elite_3,0.0,0.0,0.0,,,0.0,0,0,0,True,False,True,missing,0.0,adequate,<=2000bps,1472.59,0.7,1,0,1.0,0,1.0,0,,False,no_upcoming,,,beta_missing:series_too_short,3,,,series_too_short,,no_price_series,,0.7505,,,mid,small,none,drug_developer,morningstar,,,drawdown,1,0.7778496798112571621166161105,50,41.25000000000000000000000000,66.5,87.04,17.11514235323759133282942807,60.07142857142857142857142857,16.9554,-1.1551,2.0,114,10,1.0,0.4133,0,1,0.0,0.3,0.95,oncology,0.7563,highly_crowded,1.0,5,0.1,0.980263,2.0592,18.74,0.339912,-0.4127
ABSI,Absci Corporation,25,0.41,B,high_opt+no_catalyst_data,B,high_opt+no_catalyst_data,,0.006579,,0,0.790816,1,0.209184,,0,no_upcoming,9,neutral,drawdown_data_missing,M,sponsor_confirmed|cost_haircut_<=2000bps,clinical_score:-28.0;smart_money_score:+21.5;financial_score:+5.1,tier=B;reason=high_opt+no_catalyst_data;cat_days=NA;strength=missing;decay_w=0.0,v1.3.0,31f399e0,1,,0,,"{""burn_ttm"": 63743000.0, ""cash_total"": 152475000.0, ""dilution_risk"": null, ""has_revenue"": null, ""lead_phase"": null, ""runway_months"": 28.70432831840359, ""stage_bucket"": ""late"", ""surv_score"": ""5.0"", ""tier1_count"": 3}",late|none|nonpos,0.1,,-0.2468,,0,-1.1972,-0.0193,3,3,buying,0.0914,elite_3,0.0,0.0,0.0,,,0.0,0,0,0,True,False,True,missing,0.0,adequate,<=2000bps,1036.19,0.7,1,0,1.0,0,1.0,0,,False,no_upcoming,,,beta_missing:series_too_short,3,,,series_too_short,,no_price_series,,0.9218,,,late,small,none,drug_developer,morningstar,,,drawdown,1,0.8089663629992992291520672740,50,41.25000000000000000000000000,66.5,63.98,16.94909220363118547525809897,50.07692307692307692307692307,16.6636,-1.1675,3.0,,5,1.0,0.0787,0,0,0.0,0.4,0.95,oncology,0.7563,highly_crowded,1.0,2,0.1,0.993421,2.4795,16.29,0.234649,-0.7236
ABEO,Abeona Therapeutics Inc.,26,0.41,B,high_opt+no_catalyst_data,B,high_opt+no_catalyst_data,,0.002193,,0,0.862245,1,0.137755,,0,no_upcoming,9,neutral,drawdown_data_missing,M,sponsor_confirmed|cost_haircut_<=2000bps,clinical_score:-34.3;financial_score:+23.9;smart_money_score:+9.7,tier=B;reason=high_opt+no_catalyst_data;cat_days=NA;strength=missing;decay_w=0.0,v1.3.0,31f399e0,1,,0,,"{""burn_ttm"": 58373000.0, ""cash_total"": 207117000.0, ""dilution_risk"": null, ""has_revenue"": null, ""lead_phase"": null, ""runway_months"": 38.84982606281337, ""stage_bucket"": ""late"", ""surv_score"": ""2.0"", ""tier1_count"": 2}",late|none|nonpos,0.1,,0.8982,0,1,-1.4381,-0.503,2,2,neutral,-0.3095,elite_2,0.0,0.0,0.0,,,0.0,0,0,0,True,False,True,missing,0.0,adequate,<=2000bps,1317.16,0.7,1,0,1.0,0,1.0,0,,False,no_upcoming,,,beta_missing:insufficient_overlap,2,,,insufficient_overlap,,series_too_short,27.5852,,,,late,micro,none,drug_developer,morningstar,,,drawdown,1,0.8741835955808503515232674925,50,41.25000000000000000000000000,55.0,81.18,11.04584470551006684862149440,69.24528301886792452830188679,10.0481,-1.4497,3.0,991,7,1.0,0.0015,0,0,0.0,0.3,0.5,other,-1.5707,uncrowded,1.0,1,0.1,0.997807,2.849,23.59,0.506579,0.0165
VYGR,"Voyager Therapeutics, Inc.",27,0.16,C,low_opt+no_catalyst_data,C,low_opt+no_catalyst_data,,0.989035,,0,0.056122,1,0.943878,,0,no_upcoming,9,neutral,drawdown_data_missing,S,cost_haircut_>2000bps,clinical_score:+23.1;catalyst_score:-12.7;smart_money_score:-4.4,tier=C;reason=low_opt+no_catalyst_data;cat_days=NA;strength=missing;decay_w=0.0,v1.3.0,31f399e0,1,,0,,"{""burn_ttm"": 102204000.0, ""cash_total"": 208930000.0, ""dilution_risk"": null, ""has_revenue"": null, ""lead_phase"": null, ""runway_months"": 24.530938123752495, ""stage_bucket"": ""early"", ""surv_score"": ""5.0"", ""tier1_count"": 1}",early|none|pos,0.023322922839506172,,0.0037,0,1,1.2528,1.181,1,1,selling,-0.7105,elite_1,0.0,0.0,0.0,,,0.0,0,0,0,True,False,True,missing,0.0,adequate,>2000bps,2020.0,0.55,1,0,1.0,0,1.0,0,,False,no_upcoming,,,beta_missing:insufficient_overlap,1,,,insufficient_overlap,,series_too_short,29.2801,0.56,,,early,micro,none,drug_developer,morningstar,,,drawdown,1,0.8079098403974209914385371525,50,41.25000000000000000000000000,49.5,75.45,77.000,51.79220779220779220779220779,76.0286,1.3648,1.0,557,4,1.0,0.0024,0,0,0.0,0.4,0.6,cns,0.7563,highly_crowded,1.0,226,0.023322922839506172,0.010965,-2.2916,51.13,0.958333,1.7317
STRO,"Sutro Biopharma, Inc.",28,0.2,C,low_opt+no_catalyst_data,C,low_opt+no_catalyst_data,,0.975877,,0,0.035714,1,0.964286,,0,no_upcoming,9,neutral,drawdown_data_missing,S,sponsor_confirmed|runway_short|cost_haircut_<=2000bps,financial_score:-39.9;clinical_score:+28.3;smart_money_score:+17.8,tier=C;reason=low_opt+no_catalyst_data;cat_days=NA;strength=missing;decay_w=0.0,v1.3.0,31f399e0,1,,0,,"{""burn_ttm"": 150796000.0, ""cash_total"": 167594000.0, ""dilution_risk"": null, ""has_revenue"": null, ""lead_phase"": null, ""runway_months"": 13.336746332793973, ""stage_bucket"": ""early"", ""surv_score"": ""2.0"", ""tier1_count"": 3}",early|none|pos,0.023322922839506172,,-1.1523,1476,1,1.2528,1.181,3,3,buying,0.0914,elite_3,0.0,0.0,0.0,,,0.0,0,0,0,True,False,True,missing,0.0,short,<=2000bps,1967.55,0.7,1,0,1.0,0,1.0,0,,False,no_upcoming,,,beta_missing:insufficient_overlap,3,,,insufficient_overlap,,series_too_short,31.7077,1.0735,,,early,small,sev2,drug_developer,morningstar,,,drawdown,1,0.7217974160206718346253229974,50,41.25000000000000000000000000,66.5,50,77.000,8.870204081632653061224489796,76.3523,1.3786,1.0,1476,2,0.3333,0.0,0,0,0.0,0.3,0.85,oncology,0.7563,highly_crowded,1.0,223,0.023322922839506172,0.024123,-1.9752,16.04,0.230263,-0.738
PRLD,Prelude Therapeutics Incorporated,29,0.16,C,low_opt+no_catalyst_data,C,low_opt+no_catalyst_data,,0.953947,,0,0.02551,1,0.97449,,0,no_upcoming,9,neutral,drawdown_data_missing,S,sponsor_confirmed|runway_short|cost_haircut_>2000bps,financial_score:-39.3;clinical_score:+29.5;smart_money_score:+13.5,tier=C;reason=low_opt+no_catalyst_data;cat_days=NA;strength=missing;decay_w=0.0,v1.3.0,31f399e0,1,,0,,"{""burn_ttm"": 79421000.0, ""cash_total"": 54957000.0, ""dilution_risk"": null, ""has_revenue"": null, ""lead_phase"": null, ""runway_months"": 8.303647649865905, ""stage_bucket"": ""early"", ""surv_score"": ""-2.0"", ""tier1_count"": 2}",early|none|pos,0.023322922839506172,,-1.1531,1020,1,1.2528,1.181,2,2,buying,-0.3095,elite_2,0.0,0.0,0.0,,,0.0,0,0,0,True,False,True,missing,0.0,short,>2000bps,2020.0,0.55,1,0,1.0,0,1.0,0,,False,no_upcoming,,,beta_missing:series_too_short,2,,,series_too_short,,no_price_series,,,,,early,micro,sev2,drug_developer,morningstar,,,drawdown,1,0.7142139267767408470926058866,50,41.25000000000000000000000000,61.0,50,77.000,8.130169974325818481662637511,76.3523,1.3786,1.0,1020,2,0.3333,0.0001,0,0,0.0,0.3,0.85,oncology,0.7563,highly_crowded,1.0,218,0.023322922839506172,0.046053,-1.6844,14.09,0.142544,-1.069
VIR,"Vir Biotechnology, Inc.",30,0.82,C,low_opt+no_catalyst_data,C,low_opt+no_catalyst_data,,0.984649,,0,0.127551,1,0.872449,,0,no_upcoming,9,neutral,drawdown_data_missing|overbought_rsi,L,sponsor_confirmed,clinical_score:+23.1;financial_score:-19.9;catalyst_score:-10.6,tier=C;reason=low_opt+no_catalyst_data;cat_days=NA;strength=missing;decay_w=0.0,v1.3.0,31f399e0,1,,0,,"{""burn_ttm"": 391781000.0, ""cash_total"": 460938000.0, ""dilution_risk"": null, ""has_revenue"": null, ""lead_phase"": null, ""runway_months"": 14.118234421781557, ""stage_bucket"": ""early"", ""surv_score"": ""2.0"", ""tier1_count"": 2}",early|none|pos,0.023322922839506172,,-1.0756,216,1,1.1686,0.9538,2,2,buying,-0.3095,elite_2,0.0,0.0,0.0,,,0.0,0,0,0,True,False,True,missing,0.0,adequate,<=1000bps,599.02,0.85,1,0,1.0,0,1.0,0,,False,no_upcoming,,,beta_missing:insufficient_overlap,2,,,insufficient_overlap,,series_too_short,81.0937,0.7493,,,early,small,sev1,drug_developer,morningstar,,,drawdown,1,0.7800539636663914120561519405,50,41.25000000000000000000000000,61.0,50,74.93506493506493506493506494,31.93777777777777777777777778,73.9267,1.2751,1.0,216,2,0.3333,0.0425,0,0,0.0,0.4,0.55,infectious_disease,0.7563,highly_crowded,1.0,225,0.023322922839506172,0.015351,-2.1609,39.09,0.782895,0.782
LCTX,"Lineage Cell Therapeutics, Inc.",31,0.16,C,low_opt+no_catalyst_data,C,low_opt+no_catalyst_data,,0.932018,,0,0.086735,1,0.913265,,0,no_upcoming,9,neutral,drawdown_data_missing,S,cost_haircut_>2000bps,clinical_score:+28.7;financial_score:-25.3;catalyst_score:-6.1,tier=C;reason=low_opt+no_catalyst_data;cat_days=NA;strength=missing;decay_w=0.0,v1.3.0,31f399e0,1,,0,,"{""burn_ttm"": 14041000.0, ""cash_total"": 40486000.0, ""dilution_risk"": null, ""has_revenue"": null, ""lead_phase"": null, ""runway_months"": 34.60095434798091, ""stage_bucket"": ""early"", ""surv_score"": ""2.0"", ""tier1_count"": 0}",early|none|pos,0.023322922839506172,,-0.0151,0,1,1.2163,1.0824,0,0,neutral,-1.1115,,0.0,0.0,0.0,,,0.0,0,0,0,True,False,True,missing,0.0,adequate,>2000bps,2020.0,0.55,1,0,1.0,0,1.0,0,,False,no_upcoming,,,beta_missing:insufficient_overlap,0,,,insufficient_overlap,,series_too_short,57.4817,0.5717,,,early,small,none,drug_developer,morningstar,,,drawdown,1,0.7569223362354892205638474295,50,41.25000000000000000000000000,,50,76.10389610389610389610389611,22.08163265306122448979591837,75.1062,1.3254,1.0,,2,0.3333,0.0,0,0,0.0,0.3,0.5,other,-2.2688,uncrowded,1.0,213,0.023322922839506172,0.067982,-1.491,40.74,0.817982,0.9077
PGEN,"Precigen, Inc.",32,0.49,C,low_opt+no_catalyst_data,C,low_opt+no_catalyst_data,,0.949561,,0,0.168367,1,0.831633,,0,no_upcoming,9,neutral,deep_drawdown,M,,financial_score:-35.2;clinical_score:+26.9;smart_money_score:+9.4,tier=C;reason=low_opt+no_catalyst_data;cat_days=NA;strength=missing;decay_w=0.0,v1.3.0,31f399e0,1,,0,,"{""burn_ttm"": 64371000.0, ""cash_total"": 121135000.0, ""dilution_risk"": null, ""has_revenue"": null, ""lead_phase"": null, ""runway_months"": 22.581908002050614, ""stage_bucket"": ""early"", ""surv_score"": ""0.0"", ""tier1_count"": 1}",early|none|pos,0.023322922839506172,,-0.3801,33,1,1.0891,0.7395,1,1,buying,-0.7105,elite_1,0.0,0.0,0.0,,,0.0,0,0,0,True,False,True,missing,0.0,adequate,<=1000bps,775.44,0.85,1,0,1.0,0,1.0,0,,False,no_upcoming,,,beta_missing:insufficient_overlap,1,,,insufficient_overlap,-0.3633,,33.8835,0.8424,,,early,small,sev1,drug_developer,morningstar,,,,0,0.7475499190501888828926065839,50,41.25000000000000000000000000,55.5,43.64,72.98701298701298701298701299,10.94104308390022675736961452,73.5164,1.2576,1.0,33,4,1.0,0.1913,1,0,0.0,0.4,0.85,oncology,0.7563,highly_crowded,1.0,217,0.023322922839506172,0.050439,-1.6406,28.94,0.594298,0.2386
CMPX,"Compass Therapeutics, Inc.",33,0.49,C,low_opt+no_catalyst_data,C,low_opt+no_catalyst_data,,0.89693,,0,0.005102,1,0.994898,,0,no_upcoming,9,neutral,drawdown_data_missing,M,,clinical_score:+23.6;catalyst_score:-12.2;financial_score:-8.0,tier=C;reason=low_opt+no_catalyst_data;cat_days=NA;strength=missing;decay_w=0.0,v1.3.0,31f399e0,1,,0,,"{""burn_ttm"": 35889000.0, ""cash_total"": 219895000.0, ""dilution_risk"": null, ""has_revenue"": null, ""lead_phase"": null, ""runway_months"": 73.5250355262058, ""stage_bucket"": ""early"", ""surv_score"": ""5.0"", ""tier1_count"": 0}",early|none|pos,0.023322922839506172,,-1.1647,1937,1,1.2528,1.181,0,0,neutral,-1.1115,,0.0,0.0,0.0,,,0.0,0,0,0,True,False,True,missing,0.0,adequate,<=1000bps,913.08,0.85,1,0,1.0,0,1.0,0,,False,no_upcoming,,,beta_missing:series_too_short,0,,,series_too_short,,no_price_series,,,,,early,small,none,drug_developer,morningstar,,,drawdown,1,0.7895995032598571872089413226,50,41.25000000000000000000000000,,50,77.000,45.43755102040816326530612246,76.3523,1.3786,1.0,1937,1,0.0,0.0,0,0,0.0,0.3,0.85,oncology,0.7563,highly_crowded,1.0,205,0.023322922839506172,0.10307,-1.2642,50.95,0.953947,1.6844
LXEO,"Lexeo Therapeutics, Inc.",34,0.2,C,low_opt+no_catalyst_data,C,low_opt+no_catalyst_data,,0.940789,,0,0.147959,1,0.852041,,0,no_upcoming,9,neutral,drawdown_data_missing,S,cost_haircut_<=2000bps,financial_score:-28.2;clinical_score:+25.8;smart_money_score:+7.0,tier=C;reason=low_opt+no_catalyst_data;cat_days=NA;strength=missing;decay_w=0.0,v1.3.0,31f399e0,1,,0,,"{""burn_ttm"": 78482000.0, ""cash_total"": 111914000.0, ""dilution_risk"": null, ""has_revenue"": null, ""lead_phase"": null, ""runway_months"": 17.111796335465456, ""stage_bucket"": ""early"", ""surv_score"": ""2.0"", ""tier1_count"": 1}",early|none|pos,0.023322922839506172,,-1.1827,1742,1,1.1209,0.8252,1,1,neutral,-0.7105,elite_1,0.0,0.0,0.0,,,0.0,0,0,0,True,False,True,missing,0.0,adequate,<=2000bps,1098.2,0.7,1,0,1.0,0,1.0,0,,False,no_upcoming,,,beta_missing:series_too_short,1,,,series_too_short,,no_price_series,,0.8592,,,early,small,sev1,drug_developer,morningstar,,,drawdown,1,0.7256330749354005167958656331,50,41.25000000000000000000000000,55.0,50,73.76623376623376623376623377,19.74866213151927437641723355,72.8055,1.2273,1.0,1742,1,0.0,0.0,0,0,0.0,0.3,0.6,cns,-0.4072,uncrowded,1.0,215,0.023322922839506172,0.059211,-1.5614,29.27,0.611842,0.2841
BCYC,Bicycle Therapeutics plc,35,0.32,C,low_opt+no_catalyst_data,C,low_opt+no_catalyst_data,,0.883772,,0,0.076531,1,0.923469,,0,no_upcoming,9,neutral,drawdown_data_missing,M,sponsor_confirmed|cost_haircut_>2000bps,clinical_score:+22.1;catalyst_score:-13.5;financial_score:-6.5,tier=C;reason=low_opt+no_catalyst_data;cat_days=NA;strength=missing;decay_w=0.0,v1.3.0,31f399e0,1,,0,,"{""burn_ttm"": 230329000.0, ""cash_total"": 648325000.0, ""dilution_risk"": null, ""has_revenue"": null, ""lead_phase"": null, ""runway_months"": 33.777335897781, ""stage_bucket"": ""early"", ""surv_score"": ""5.0"", ""tier1_count"": 2}",early|none|pos,0.023322922839506172,,-1.168,1389,1,1.2481,1.1682,2,2,neutral,-0.3095,elite_2,0.0,0.0,0.0,,,0.0,0,0,0,True,False,True,missing,0.0,adequate,>2000bps,2020.0,0.55,1,0,1.0,0,1.0,0,,False,no_upcoming,,,beta_missing:insufficient_overlap,2,,,insufficient_overlap,,series_too_short,58.6188,0.6162,,,early,small,none,drug_developer,morningstar,,,drawdown,1,0.7868792939719240297274979356,50,41.25000000000000000000000000,57.5,50,76.88311688311688311688311689,48.29478458049886621315192743,76.2354,1.3736,1.0,1389,1,0.0,0.0,0,0,0.0,0.3,0.85,oncology,0.7563,highly_crowded,1.0,202,0.023322922839506172,0.116228,-1.1941,51.69,0.967105,1.8399
SABS,"SAB Biotherapeutics, Inc.",36,0.16,C,low_opt+no_catalyst_data,C,low_opt+no_catalyst_data,,0.967105,,0,0.19898,1,0.80102,,0,no_upcoming,9,neutral,drawdown_data_missing,S,cost_haircut_>2000bps,catalyst_score:-14.6;clinical_score:+14.0;financial_score:+7.0,tier=C;reason=low_opt+no_catalyst_data;cat_days=NA;strength=missing;decay_w=0.0,v1.3.0,31f399e0,1,,0,,"{""burn_ttm"": 27998784.0, ""cash_total"": 110880633.0, ""dilution_risk"": null, ""has_revenue"": null, ""lead_phase"": null, ""runway_months"": 47.52233511283919, ""stage_bucket"": ""early"", ""surv_score"": ""5.0"", ""tier1_count"": 1}",early|none|pos,0.023322922839506172,,-1.1868,,0,0.9619,0.3965,1,1,buying,-0.7105,elite_1,0.0,0.0,0.0,,,0.0,0,0,0,True,False,True,missing,0.0,adequate,>2000bps,2020.0,0.55,1,0,1.0,0,1.0,0,,False,no_upcoming,,,beta_missing:series_too_short,1,,,series_too_short,,no_price_series,,,,,early,micro,none,drug_developer,morningstar,,,drawdown,1,0.7163405128205128205128205128,50,41.25000000000000000000000000,55.5,50,69.87012987012987012987012987,62.85714285714285714285714286,68.5224,1.0446,1.0,,1,0.0,0.0,0,0,0.0,0.3,0.5,respiratory,0.7563,highly_crowded,1.0,221,0.023322922839506172,0.032895,-1.8399,46.35,0.892544,1.2402
LRMR,"Larimar Therapeutics, Inc.",37,0.49,C,low_opt+no_catalyst_data,C,low_opt+no_catalyst_data,,0.936404,,0,0.229592,1,0.770408,,0,no_upcoming,9,neutral,drawdown_data_missing,M,sponsor_confirmed|runway_short,financial_score:-40.8;smart_money_score:+23.8;clinical_score:+21.0,tier=C;reason=low_opt+no_catalyst_data;cat_days=NA;strength=missing;decay_w=0.0,v1.3.0,31f399e0,1,,0,,"{""burn_ttm"": 45921000.0, ""cash_total"": 90140000.0, ""dilution_risk"": null, ""has_revenue"": null, ""lead_phase"": null, ""runway_months"": 23.55523616645979, ""stage_bucket"": ""early"", ""surv_score"": ""4.0"", ""tier1_count"": 5}",early|none|pos,0.023322922839506172,,-1.1319,274,1,0.9142,0.2679,5,5,buying,0.8934,elite_5,0.0,0.0,0.0,,,0.0,0,0,0,True,False,True,missing,0.0,short,<=1000bps,704.31,0.85,1,0,1.0,0,1.0,0,,False,no_upcoming,,,beta_missing:insufficient_overlap,5,,,insufficient_overlap,,series_too_short,51.4999,0.7621,,,early,small,sev2,drug_developer,morningstar,,,drawdown,1,0.7275291929316937067272915160,50,41.25000000000000000000000000,71.5,50,68.70129870129870129870129870,6.851791383219954648526077094,67.7225,1.0105,1.0,274,1,0.0,0.0255,0,0,0.0,0.4,0.5,other,0.2909,crowded,1.0,214,0.023322922839506172,0.063596,-1.5253,16.40,0.239035,-0.7094
NUVB,Nuvation Bio Inc.,38,0.49,C,low_opt+no_catalyst_data,C,low_opt+no_catalyst_data,,0.945175,,0,0.260204,1,0.739796,,0,no_upcoming,9,neutral,high_vol|drawdown_data_missing,M,sponsor_confirmed|high_risk,catalyst_score:-13.0;clinical_score:+12.5;financial_score:+6.1,tier=C;reason=low_opt+no_catalyst_data;cat_days=NA;strength=missing;decay_w=0.0,v1.3.0,31f399e0,1,,0,,"{""burn_ttm"": 143694000.0, ""cash_total"": 549045000.0, ""dilution_risk"": null, ""has_revenue"": null, ""lead_phase"": null, ""runway_months"": 44.273359540368915, ""stage_bucket"": ""early"", ""surv_score"": ""3.0"", ""tier1_count"": 6}",early|none|pos,0.023322922839506172,,-0.0333,0,1,0.8348,0.0535,6,6,selling,1.2943,elite_6,0.0,0.0,0.0,,,0.0,0,0,0,True,False,True,missing,0.0,adequate,<=1000bps,551.15,0.85,1,0,1.0,0,1.0,0,,False,no_upcoming,,,beta_missing:series_too_short,6,,,series_too_short,,no_price_series,,1.2485,,,early,mid,none,drug_developer,morningstar,,,drawdown,1,0.7220301926080166579906298803,50,41.25000000000000000000000000,53.0,50,66.75324675324675324675324675,60.40259740259740259740259740,66.1055,0.9415,1.0,,2,0.0,0.0,0,0,0.0,0.3,0.85,oncology,0.7563,highly_crowded,1.0,216,0.023322922839506172,0.054825,-1.5998,43.91,0.857456,1.069
LBRX,LB Pharmaceuticals Inc,39,0.2,C,low_opt+no_catalyst_data,C,low_opt+no_catalyst_data,,0.927632,,0,0.239796,1,0.760204,,0,no_upcoming,9,neutral,drawdown_data_missing,S,cost_haircut_<=2000bps,catalyst_score:-14.4;clinical_score:+11.9;financial_score:+8.1,tier=C;reason=low_opt+no_catalyst_data;cat_days=NA;strength=missing;decay_w=0.0,v1.3.0,31f399e0,1,,0,,"{""burn_ttm"": 17105000.0, ""cash_total"": 314479000.0, ""dilution_risk"": null, ""has_revenue"": null, ""lead_phase"": null, ""runway_months"": 220.6225080385852, ""stage_bucket"": ""early"", ""surv_score"": ""4.0"", ""tier1_count"": 0}",early|none|pos,0.023322922839506172,,-0.9759,152,1,0.8666,0.1393,0,0,neutral,-1.1115,,0.0,0.0,0.0,,,0.0,0,0,0,True,False,True,missing,0.0,adequate,<=2000bps,1164.84,0.7,1,0,1.0,0,1.0,0,,False,no_upcoming,,,beta_missing:series_too_short,0,,,series_too_short,,no_price_series,,,,,early,small,none,drug_developer,morningstar,,,drawdown,1,0.7639655165267847891410216558,50,41.25000000000000000000000000,,50,67.53246753246753246753246753,63.71428571428571428571428571,66.2331,0.9469,1.0,152,1,0.0,0.0704,0,0,0.0,0.3,0.6,cns,0.7563,highly_crowded,1.0,212,0.023322922839506172,0.072368,-1.4584,50.62,0.945175,1.5998
SLN,Silence Therapeutics Plc - Amer,40,0.16,C,mod_opt+no_catalyst_data,C,mod_opt+no_catalyst_data,,0.822368,,0,0.311224,1,0.688776,,0,no_upcoming,9,neutral,drawdown_data_missing,S,cost_haircut_>2000bps,clinical_score:+12.0;catalyst_score:-10.4;financial_score:+2.1,tier=C;reason=mod_opt+no_catalyst_data;cat_days=NA;strength=missing;decay_w=0.0,v1.3.0,31f399e0,1,,0,,"{""burn_ttm"": 44984000.0, ""cash_total"": 102192000.0, ""dilution_risk"": null, ""has_revenue"": null, ""lead_phase"": null, ""runway_months"": 27.26089276187089, ""stage_bucket"": ""early"", ""surv_score"": ""4.0"", ""tier1_count"": 1}",early|none|nonpos,0.06969944897959185,,-0.0488,0,1,0.7076,-0.2894,1,1,selling,-0.7105,elite_1,0.0,0.0,0.0,,,0.0,0,0,0,True,False,True,missing,0.0,adequate,>2000bps,2020.0,0.55,1,0,1.0,0,1.0,0,,False,no_upcoming,,,beta_missing:series_too_short,1,,,series_too_short,,no_price_series,,0.6409,,,early,micro,none,drug_developer,morningstar,,,drawdown,1,0.7049814520402755696873343932,50,41.25000000000000000000000000,49.5,69.09,63.63636363636363636363636364,53.77922077922077922077922078,63.328,0.823,1.0,608,3,0.6667,0.0016,0,0,0.0,0.4,0.85,oncology,0.7563,highly_crowded,1.0,188,0.06969944897959185,0.177632,-0.9244,41.04,0.826754,0.9414
XENE,Xenon Pharmaceuticals Inc.,41,0.82,C,low_opt+no_catalyst_data,C,low_opt+no_catalyst_data,,0.642544,,0,0.066327,1,0.933673,,0,no_upcoming,9,neutral,drawdown_data_missing,L,sponsor_confirmed,clinical_score:+18.3;smart_money_score:+18.3;catalyst_score:-17.5,tier=C;reason=low_opt+no_catalyst_data;cat_days=NA;strength=missing;decay_w=0.0,v1.3.0,31f399e0,1,,0,,"{""burn_ttm"": 197637000.0, ""cash_total"": 462268000.0, ""dilution_risk"": null, ""has_revenue"": null, ""lead_phase"": null, ""runway_months"": 28.067699874011446, ""stage_bucket"": ""mid"", ""surv_score"": ""5.0"", ""tier1_count"": 8}",mid|none|pos,0.08701244092219021,,0.4931,0,1,1.2528,1.181,8,8,buying,2.0963,elite_8,0.0,0.0,0.0,,,0.0,0,0,0,True,False,True,missing,0.0,adequate,<=1000bps,519.29,0.85,1,0,1.0,0,1.0,0,,False,no_upcoming,,,beta_missing:insufficient_overlap,8,,,insufficient_overlap,,series_too_short,53.1996,0.341,,,mid,mid,none,drug_developer,morningstar,,,drawdown,1,0.8578332010432021771175870280,50,41.25000000000000000000000000,77.0,42.59,77.000,48.29478458049886621315192743,75.9916,1.3632,2.0,580,8,1.0,0.0089,0,0,0.0,0.4,0.5,dermatology,0.7563,highly_crowded,1.0,147,0.08701244092219021,0.357456,-0.3653,54.10,0.989035,2.2916
TRVI,"Trevi Therapeutics, Inc.",42,0.82,C,low_opt+no_catalyst_data,C,low_opt+no_catalyst_data,,0.638158,,0,0.137755,1,0.862245,,0,no_upcoming,9,neutral,drawdown_data_missing,L,sponsor_confirmed,catalyst_score:-16.7;clinical_score:+16.3;smart_money_score:+13.5,tier=C;reason=low_opt+no_catalyst_data;cat_days=NA;strength=missing;decay_w=0.0,v1.3.0,31f399e0,1,,0,,"{""burn_ttm"": 34458000.0, ""cash_total"": 194927000.0, ""dilution_risk"": null, ""has_revenue"": null, ""lead_phase"": null, ""runway_months"": 67.88333623541703, ""stage_bucket"": ""mid"", ""surv_score"": ""5.0"", ""tier1_count"": 4}",mid|none|pos,0.08701244092219021,,0.4872,0,1,1.1421,0.8824,4,4,buying,0.4924,elite_4,0.0,0.0,0.0,,,0.0,0,0,0,True,False,True,missing,0.0,adequate,<=1000bps,718.24,0.85,1,0,1.0,0,1.0,0,,False,no_upcoming,,,beta_missing:insufficient_overlap,4,,,insufficient_overlap,,series_too_short,63.7562,0.6685,,,mid,small,none,drug_developer,morningstar,,,drawdown,1,0.8441538976246236199397791904,50,41.25000000000000000000000000,71.5,57.41,74.28571428571428571428571429,52.78571428571428571428571429,73.7031,1.2656,2.0,830,5,1.0,0.1168,0,0,0.0,0.4,0.5,respiratory,-0.4072,uncrowded,1.0,146,0.08701244092219021,0.361842,-0.3535,50.55,0.940789,1.5614
ENTA,"Enanta Pharmaceuticals, Inc.",43,0.2,C,low_opt+no_catalyst_data,C,low_opt+no_catalyst_data,,0.58114,,0,0.015306,1,0.984694,,0,no_upcoming,9,neutral,drawdown_data_missing,S,cost_haircut_<=2000bps,clinical_score:+26.2;financial_score:-20.6;catalyst_score:-9.5,tier=C;reason=low_opt+no_catalyst_data;cat_days=NA;strength=missing;decay_w=0.0,v1.3.0,31f399e0,1,,0,,"{""burn_ttm"": 11699000.0, ""cash_total"": 37437000.0, ""dilution_risk"": null, ""has_revenue"": null, ""lead_phase"": null, ""runway_months"": 38.40020514573895, ""stage_bucket"": ""mid"", ""surv_score"": ""5.0"", ""tier1_count"": 1}",mid|none|pos,0.08701244092219021,,0.5122,0,1,1.2528,1.181,1,1,buying,-0.7105,elite_1,0.0,0.0,0.0,,,0.0,0,0,0,True,False,True,missing,0.0,adequate,<=2000bps,1593.49,0.7,1,0,1.0,0,1.0,0,,False,no_upcoming,,,beta_missing:insufficient_overlap,1,,,insufficient_overlap,,series_too_short,15.7545,0.5086,,,mid,small,none,drug_developer,morningstar,,,drawdown,1,0.7645115233277121978639685216,50,41.25000000000000000000000000,55.5,90.00,77.000,30.23683547493071302595112119,76.3416,1.3781,2.0,704,14,1.0,0.0059,0,0,0.0,0.4,0.55,infectious_disease,-0.4072,uncrowded,1.0,133,0.08701244092219021,0.41886,-0.2048,37.44,0.734649,0.6269
DNLI,Denali Therapeutics Inc.,44,0.82,C,mod_opt+no_catalyst_data,C,mod_opt+no_catalyst_data,,0.708333,,0,0.30102,1,0.69898,,0,no_upcoming,9,neutral,deep_drawdown,L,sponsor_confirmed,catalyst_score:-15.0;financial_score:+8.8;clinical_score:+8.2,tier=C;reason=mod_opt+no_catalyst_data;cat_days=NA;strength=missing;decay_w=0.0,v1.3.0,31f399e0,1,,0,,"{""burn_ttm"": 314062000.0, ""cash_total"": 848204000.0, ""dilution_risk"": null, ""has_revenue"": null, ""lead_phase"": null, ""runway_months"": 32.40904025319841, ""stage_bucket"": ""early"", ""surv_score"": ""5.0"", ""tier1_count"": 3}",early|none|nonpos,0.06969944897959185,,-0.0443,0,1,0.7394,-0.2037,3,3,buying,0.0914,elite_3,0.0,0.0,0.0,,,0.0,0,0,0,True,False,True,missing,0.0,adequate,<=1000bps,533.31,0.85,1,0,1.0,0,1.0,0,,False,no_upcoming,,,beta_missing:insufficient_overlap,3,,,insufficient_overlap,-0.366,,60.1229,0.5691,,,early,mid,none,drug_developer,morningstar,,,,0,0.8406717400784997819450501526,50,41.25000000000000000000000000,60.5,37.27,64.41558441558441558441558442,65.03896103896103896103896104,63.8168,0.8439,1.0,139,4,1.0,0.0785,0,0,0.0,0.4,0.6,cns,-0.4072,uncrowded,1.0,162,0.06969944897959185,0.291667,-0.5485,52.97,0.980263,2.0592
RAPT,"RAPT Therapeutics, Inc.",45,0.58,C,mod_opt+no_catalyst_data,C,mod_opt+no_catalyst_data,,0.804825,,0,0.454082,1,0.545918,,0,no_upcoming,9,neutral,high_vol|drawdown_data_missing,M,sponsor_confirmed|high_risk,smart_money_score:+27.7;financial_score:-25.3;catalyst_score:-8.6,tier=C;reason=mod_opt+no_catalyst_data;cat_days=NA;strength=missing;decay_w=0.0,v1.3.0,31f399e0,1,,0,,"{""burn_ttm"": 76143000.0, ""cash_total"": 157344000.0, ""dilution_risk"": null, ""has_revenue"": null, ""lead_phase"": null, ""runway_months"": 24.797131712698476, ""stage_bucket"": ""early"", ""surv_score"": ""5.0"", ""tier1_count"": 5}",early|none|nonpos,0.06969944897959185,,-0.0921,0,1,0.3897,-1.1469,5,5,buying,0.8934,elite_5,0.0,0.0,0.0,,,0.0,0,0,0,True,False,True,missing,0.0,adequate,<=400bps,273.59,1.0,0,0,1.0,0,1.0,0,,False,no_upcoming,,,beta_missing:insufficient_overlap,5,,,insufficient_overlap,,series_too_short,64.2042,1.4599,,,early,small,none,drug_developer,morningstar,,,drawdown,1,0.7275441677859282983779316045,50,41.25000000000000000000000000,77.5,50,55.84415584415584415584415584,24.46702947845804988662131520,55.1964,0.4761,1.0,1796,2,0.3333,0.0,0,0,0.0,0.3,0.85,oncology,0.7563,highly_crowded,1.0,184,0.06969944897959185,0.195175,-0.859,31.11,0.625,0.3186
INBX,"Inhibrx Biosciences, Inc.",46,0.82,C,mod_opt+no_catalyst_data,C,mod_opt+no_catalyst_data,,0.739035,,0,0.382653,1,0.617347,,0,no_upcoming,9,neutral,drawdown_data_missing,L,sponsor_confirmed,financial_score:-31.3;smart_money_score:+20.0;clinical_score:+13.2,tier=C;reason=mod_opt+no_catalyst_data;cat_days=NA;strength=missing;decay_w=0.0,v1.3.0,31f399e0,1,,0,,"{""burn_ttm"": 99672000.0, ""cash_total"": 153088000.0, ""dilution_risk"": null, ""has_revenue"": null, ""lead_phase"": null, ""runway_months"": 18.431013725018058, ""stage_bucket"": ""early"", ""surv_score"": ""3.0"", ""tier1_count"": 3}",early|none|nonpos,0.06969944897959185,,-1.2229,930,1,0.5486,-0.7181,3,3,buying,0.0914,elite_3,0.0,0.0,0.0,,,0.0,0,0,0,True,False,True,missing,0.0,adequate,<=1000bps,811.15,0.85,1,0,1.0,0,1.0,0,,False,no_upcoming,,,beta_missing:series_too_short,3,,,series_too_short,,no_price_series,,0.7023,,,early,small,sev1,drug_developer,morningstar,,,drawdown,1,0.7673304582210242587601078167,50,41.25000000000000000000000000,66.5,50.00,59.74025974025974025974025974,15.24000000000000000000000000,59.0925,0.6423,1.0,930,4,1.0,0.0001,0,0,0.0,0.3,0.85,oncology,0.7563,highly_crowded,1.0,169,0.06969944897959185,0.260965,-0.6404,27.40,0.572368,0.1824
GOSS,"Gossamer Bio, Inc.",47,0.2,C,low_opt+no_catalyst_data,C,low_opt+no_catalyst_data,,0.594298,,0,0.188776,1,0.811224,,0,no_upcoming,9,neutral,high_beta,S,sponsor_confirmed|high_risk|cost_haircut_<=2000bps,smart_money_score:+26.8;financial_score:-19.5;catalyst_score:-14.9,tier=C;reason=low_opt+no_catalyst_data;cat_days=NA;strength=missing;decay_w=0.0,v1.3.0,31f399e0,1,,0,,"{""burn_ttm"": 122952000.0, ""cash_total"": 180224000.0, ""dilution_risk"": null, ""has_revenue"": null, ""lead_phase"": null, ""runway_months"": 17.589693538942026, ""stage_bucket"": ""mid"", ""surv_score"": ""0.0"", ""tier1_count"": 6}",mid|none|pos,0.08701244092219021,,0.479,0,1,0.9672,0.4108,6,6,buying,1.2943,elite_6,0.0,0.0,0.0,,,0.0,0,0,0,True,False,True,missing,0.0,adequate,<=2000bps,1384.72,0.7,1,0,1.0,0,1.0,0,,False,no_upcoming,,,beta_missing:insufficient_overlap,6,1.8639,,insufficient_overlap,-0.303,,30.1477,0.8648,,,mid,micro,sev1,drug_developer,morningstar,,,,0,0.7865941713788603740756850805,50,41.25000000000000000000000000,83.0,90.00,70.00000000000000000000000000,36.73551272360796170319979844,69.6056,1.0908,2.0,160,6,1.0,0.5039,0,2,0.0,0.4,0.5,respiratory,0.7563,highly_crowded,1.0,136,0.08701244092219021,0.405702,-0.2386,33.76,0.660088,0.4127
ANNX,"Annexon, Inc.",48,0.49,C,low_opt+no_catalyst_data,C,low_opt+no_catalyst_data,,0.655702,,0,0.270408,1,0.729592,,0,no_upcoming,9,neutral,drawdown_data_missing,M,sponsor_confirmed|runway_short,financial_score:-41.7;smart_money_score:+24.8;clinical_score:+19.2,tier=C;reason=low_opt+no_catalyst_data;cat_days=NA;strength=missing;decay_w=0.0,v1.3.0,31f399e0,1,,0,,"{""burn_ttm"": 140430000.0, ""cash_total"": 139419000.0, ""dilution_risk"": null, ""has_revenue"": null, ""lead_phase"": null, ""runway_months"": 11.913608203375347, ""stage_bucket"": ""early"", ""surv_score"": ""0.0"", ""tier1_count"": 4}",early|none|nonpos,0.06969944897959185,,-0.0369,0,1,0.803,-0.0322,4,4,buying,0.4924,elite_4,0.0,0.0,0.0,,,0.0,0,0,0,True,False,True,missing,0.0,short,<=1000bps,834.55,0.85,1,0,1.0,0,1.0,0,,False,no_upcoming,,,beta_missing:series_too_short,4,,,series_too_short,,no_price_series,,0.9497,,,early,small,sev2,drug_developer,morningstar,,,drawdown,1,0.7816139104220499569336778639,50,41.25000000000000000000000000,71.5,56.36,65.97402597402597402597402597,5,64.6263,0.8784,1.0,474,3,0.6667,0.0048,0,0,0.0,0.3,0.55,ophthalmology,0.7563,highly_crowded,1.0,150,0.06969944897959185,0.344298,-0.4008,16.70,0.269737,-0.6136
PYXS,"Pyxis Oncology, Inc.",49,0.16,C,mod_opt+no_catalyst_data,C,mod_opt+no_catalyst_data,,0.800439,,0,0.505102,1,0.494898,,0,no_upcoming,9,neutral,high_vol|drawdown_data_missing,S,sponsor_confirmed|high_risk|cost_haircut_>2000bps,financial_score:-22.0;smart_money_score:+19.2;clinical_score:+6.2,tier=C;reason=mod_opt+no_catalyst_data;cat_days=NA;strength=missing;decay_w=0.0,v1.3.0,31f399e0,1,,0,,"{""burn_ttm"": 53075000.0, ""cash_total"": 76256000.0, ""dilution_risk"": null, ""has_revenue"": null, ""lead_phase"": null, ""runway_months"": 17.24111163447951, ""stage_bucket"": ""early"", ""surv_score"": ""1.0"", ""tier1_count"": 3}",early|none|nonpos,0.06969944897959185,,-1.2723,1338,1,0.2943,-1.4041,3,3,buying,0.0914,elite_3,0.0,0.0,0.0,,,0.0,0,0,0,True,False,True,missing,0.0,adequate,>2000bps,2020.0,0.55,1,0,1.0,0,1.0,0,,False,no_upcoming,,,beta_missing:series_too_short,3,,,series_too_short,,no_price_series,,1.6279,,,early,micro,sev1,drug_developer,morningstar,,,drawdown,1,0.7246657095980311730926989336,50,41.25000000000000000000000000,66.5,50,53.50649350649350649350649350,25.34744476302917861359419801,52.8588,0.3764,1.0,1338,2,0.3333,0.0,0,0,0.0,0.3,0.85,oncology,0.7563,highly_crowded,1.0,183,0.06969944897959185,0.199561,-0.8432,25.55,0.537281,0.0936
AURA,"Aura Biosciences, Inc.",50,0.16,C,mod_opt+no_catalyst_data,C,mod_opt+no_catalyst_data,,0.660088,,0,0.321429,1,0.678571,,0,no_upcoming,9,neutral,drawdown_data_missing,S,sponsor_confirmed|runway_short|cost_haircut_>2000bps,financial_score:-37.2;clinical_score:+20.6;smart_money_score:+9.8,tier=C;reason=mod_opt+no_catalyst_data;cat_days=NA;strength=missing;decay_w=0.0,v1.3.0,31f399e0,1,,0,,"{""burn_ttm"": 64273000.0, ""cash_total"": 47553000.0, ""dilution_risk"": null, ""has_revenue"": null, ""lead_phase"": null, ""runway_months"": 8.878315933595756, ""stage_bucket"": ""early"", ""surv_score"": ""-2.0"", ""tier1_count"": 2}",early|none|nonpos,0.06969944897959185,,-1.1917,361,1,0.6758,-0.3752,2,2,selling,-0.3095,elite_2,0.0,0.0,0.0,,,0.0,0,0,0,True,False,True,missing,0.0,short,>2000bps,2020.0,0.55,1,0,1.0,0,1.0,0,,False,no_upcoming,,,beta_missing:series_too_short,2,,,series_too_short,,no_price_series,,0.5411,,,early,small,sev2,drug_developer,morningstar,,,drawdown,1,0.8049258640255854740534406273,50,41.25000000000000000000000000,52.0,50,62.85714285714285714285714286,5,61.5094,0.7454,1.0,361,2,0.0,0.0123,0,0,0.0,0.3,0.55,ophthalmology,0.7563,highly_crowded,1.0,151,0.06969944897959185,0.339912,-0.4127,17.16,0.274123,-0.6004
COGT,"Cogent Biosciences, Inc.",51,0.58,C,mod_opt+no_catalyst_data,C,mod_opt+no_catalyst_data,,0.695175,,0,0.433673,1,0.566327,,0,no_upcoming,9,neutral,high_vol|drawdown_data_missing,M,sponsor_confirmed|high_risk,financial_score:-36.3;smart_money_score:+35.9;catalyst_score:-7.9,tier=C;reason=mod_opt+no_catalyst_data;cat_days=NA;strength=missing;decay_w=0.0,v1.3.0,31f399e0,1,,0,,"{""burn_ttm"": 264444000.0, ""cash_total"": 312012000.0, ""dilution_risk"": null, ""has_revenue"": null, ""lead_phase"": null, ""runway_months"": 14.158551526977357, ""stage_bucket"": ""early"", ""surv_score"": ""0.0"", ""tier1_count"": 7}",early|none|nonpos,0.06969944897959185,,-0.0896,0,1,0.4215,-1.0611,7,7,buying,1.6953,elite_7,0.0,0.0,0.0,,,0.0,0,0,0,True,False,True,missing,0.0,adequate,<=400bps,346.16,1.0,0,0,1.0,0,1.0,0,,False,no_upcoming,,,beta_missing:insufficient_overlap,7,,,insufficient_overlap,,series_too_short,46.0754,2.489,,,early,mid,sev1,drug_developer,morningstar,,,drawdown,1,0.7697900721626940739120927181,50,41.25000000000000000000000000,85,30.91,56.62337662337662337662337662,12.86911789509192106594703997,57.6582,0.5812,1.0,12,4,1.0,0.5472,2,0,0.0,0.3,0.85,oncology,-0.4072,uncrowded,1.0,159,0.06969944897959185,0.304825,-0.5106,28.25,0.585526,0.2161
CNTX,Context Therapeutics Inc.,52,0.2,C,low_opt+no_catalyst_data,C,low_opt+no_catalyst_data,,0.576754,,0,0.25,1,0.75,,0,no_upcoming,9,neutral,drawdown_data_missing,S,cost_haircut_<=2000bps,catalyst_score:-14.6;clinical_score:+11.3;financial_score:+9.1,tier=C;reason=low_opt+no_catalyst_data;cat_days=NA;strength=missing;decay_w=0.0,v1.3.0,31f399e0,1,,0,,"{""burn_ttm"": 17442425.0, ""cash_total"": 76938183.0, ""dilution_risk"": null, ""has_revenue"": null, ""lead_phase"": null, ""runway_months"": 52.93175667947548, ""stage_bucket"": ""mid"", ""surv_score"": ""3.0"", ""tier1_count"": 0}",mid|none|pos,0.08701244092219021,,-0.6855,1677,1,0.8507,0.0964,0,0,neutral,-1.1115,,0.0,0.0,0.0,,,0.0,0,0,0,True,False,True,missing,0.0,adequate,<=2000bps,1735.81,0.7,1,0,1.0,0,1.0,0,,False,no_upcoming,,,beta_missing:series_too_short,0,,,series_too_short,,no_price_series,,,,,mid,micro,none,drug_developer,morningstar,,,drawdown,1,0.7199146277980218636127017179,50,41.25000000000000000000000000,,50,67.14285714285714285714285714,64.92857142857142857142857143,66.4951,0.9581,2.0,1677,1,0.0,0.0,0,0,0.0,0.3,0.95,oncology,0.7563,highly_crowded,1.0,132,0.08701244092219021,0.423246,-0.1936,38.53,0.760965,0.7094
TBPH,"Theravance Biopharma, Inc.",53,0.2,C,low_opt+no_catalyst_data,C,low_opt+no_catalyst_data,,0.436404,,0,0.045918,1,0.954082,,0,no_upcoming,9,neutral,overbought_rsi,S,cost_haircut_<=2000bps,clinical_score:+23.8;catalyst_score:-12.0;financial_score:-10.8,tier=C;reason=low_opt+no_catalyst_data;cat_days=NA;strength=missing;decay_w=0.0,v1.3.0,31f399e0,1,,0,,"{""burn_ttm"": 0.0, ""cash_total"": 174773000.0, ""dilution_risk"": null, ""has_revenue"": null, ""lead_phase"": null, ""runway_months"": null, ""stage_bucket"": ""late"", ""surv_score"": ""3.0"", ""tier1_count"": 1}",late|none|pos,0.1,,1.1963,0,1,1.2528,1.181,1,1,buying,-0.7105,elite_1,0.0,0.0,0.0,,,0.0,0,0,0,True,False,True,missing,0.0,adequate,<=2000bps,1103.1,0.7,1,0,1.0,0,1.0,0,,False,no_upcoming,,,beta_missing:insufficient_overlap,1,,,insufficient_overlap,-0.3281,,73.1576,0.5264,,,late,small,none,drug_developer,morningstar,,,,0,0.9,50,41.25000000000000000000000000,55.5,90.00,77.000,42.49032069544890057710570531,76.332,1.3777,3.0,537,37,1.0,0.2805,0,0,0.0,0.9,0.6,autoimmune,0.7563,highly_crowded,1.0,100,0.1,0.563596,0.1601,45.14,0.879386,1.1719
NGNE,Neurogene Inc.,54,0.41,C,mod_opt+no_catalyst_data,C,mod_opt+no_catalyst_data,,0.769737,,0,0.576531,1,0.423469,,0,no_upcoming,9,neutral,drawdown_data_missing,M,sponsor_confirmed|cost_haircut_<=2000bps,smart_money_score:+28.9;catalyst_score:-14.8;clinical_score:-6.9,tier=C;reason=mod_opt+no_catalyst_data;cat_days=NA;strength=missing;decay_w=0.0,v1.3.0,31f399e0,1,,0,,"{""burn_ttm"": 59744000.0, ""cash_total"": 265410000.0, ""dilution_risk"": null, ""has_revenue"": null, ""lead_phase"": null, ""runway_months"": 53.30945366898768, ""stage_bucket"": ""early"", ""surv_score"": ""5.0"", ""tier1_count"": 8}",early|none|nonpos,0.06969944897959185,,-1.4077,,0,0.1195,-1.8755,8,8,buying,2.0963,elite_8,0.0,0.0,0.0,,,0.0,0,0,0,True,False,True,missing,0.0,adequate,<=2000bps,1586.17,0.7,1,0,1.0,0,1.0,0,,False,no_upcoming,,,beta_missing:insufficient_overlap,8,,,insufficient_overlap,,series_too_short,55.2335,0.823,,,early,small,none,drug_developer,morningstar,,,drawdown,1,0.7318098523229492292767058316,50,41.25000000000000000000000000,85,62.73,49.22265324862727460130057533,54.97142857142857142857142857,47.8193,0.1615,0.0,258,3,0.0,0.0,0,0,0.0,0.0,0.65,rare_disease,0.7563,highly_crowded,1.0,176,0.06969944897959185,0.230263,-0.738,32.25,0.642544,0.3653
CGEM,"Cullinan Therapeutics, Inc.",55,0.82,C,mod_opt+no_catalyst_data,C,mod_opt+no_catalyst_data,,0.690789,,0,0.535714,1,0.464286,,0,no_upcoming,9,neutral,drawdown_data_missing,L,sponsor_confirmed,catalyst_score:-6.9;clinical_score:+3.1;financial_score:+2.5,tier=C;reason=mod_opt+no_catalyst_data;cat_days=NA;strength=missing;decay_w=0.0,v1.3.0,31f399e0,1,,0,,"{""burn_ttm"": 137641000.0, ""cash_total"": 332596000.0, ""dilution_risk"": null, ""has_revenue"": null, ""lead_phase"": null, ""runway_months"": 28.996825073924192, ""stage_bucket"": ""early"", ""surv_score"": ""5.0"", ""tier1_count"": 4}",early|none|nonpos,0.06969944897959185,,-1.0458,144,1,0.1989,-1.6613,4,4,selling,0.4924,elite_4,0.0,0.0,0.0,,,0.0,0,0,0,True,False,True,missing,0.0,adequate,<=1000bps,848.87,0.85,1,0,1.0,0,1.0,0,,False,no_upcoming,,,beta_missing:series_too_short,4,,,series_too_short,,no_price_series,,1.1117,,,early,small,none,drug_developer,morningstar,,,drawdown,1,0.7772864987613542526837324525,50,41.25000000000000000000000000,47.5,50,51.16883116883116883116883117,50.60000000000000000000000000,50.5392,0.2775,1.0,144,2,0.3333,0.0753,0,0,0.0,0.3,0.85,oncology,0.7563,highly_crowded,1.0,158,0.06969944897959185,0.309211,-0.4981,40.31,0.804825,0.859
ACLX,"Arcellx, Inc.",56,0.97,C,mod_opt+no_catalyst_data,C,mod_opt+no_catalyst_data,,0.64693,,0,0.484694,1,0.515306,,0,no_upcoming,9,neutral,drawdown_data_missing,L,sponsor_confirmed,smart_money_score:+30.3;financial_score:-26.6;catalyst_score:-8.5,tier=C;reason=mod_opt+no_catalyst_data;cat_days=NA;strength=missing;decay_w=0.0,v1.3.0,31f399e0,1,,0,,"{""burn_ttm"": 152083000.0, ""cash_total"": 461383000.0, ""dilution_risk"": null, ""has_revenue"": null, ""lead_phase"": null, ""runway_months"": 36.40509458650868, ""stage_bucket"": ""early"", ""surv_score"": ""5.0"", ""tier1_count"": 7}",early|none|nonpos,0.06969944897959185,,-1.2654,1707,1,0.3261,-1.3183,7,7,buying,1.6953,elite_7,0.0,0.0,0.0,,,0.0,0,0,0,True,False,True,missing,0.0,adequate,<=400bps,207.9,1.0,0,0,1.0,0,1.0,0,,False,no_upcoming,,,beta_missing:series_too_short,7,,,series_too_short,,no_price_series,,0.5575,,,early,mid,none,drug_developer,morningstar,,,drawdown,1,0.8020826998961578400830737279,50,41.25000000000000000000000000,80.0,50,54.28571428571428571428571428,23.15940480875545810610745676,53.638,0.4097,1.0,1707,1,0.0,0.0,0,0,0.0,0.3,0.85,oncology,0.7563,highly_crowded,1.0,148,0.06969944897959185,0.35307,-0.377,38.84,0.774123,0.7525
OCUL,"Ocular Therapeutix, Inc.",57,0.82,C,low_opt+no_catalyst_data,C,low_opt+no_catalyst_data,,0.357456,,0,0.158163,1,0.841837,,0,no_upcoming,9,neutral,drawdown_data_missing,L,sponsor_confirmed,catalyst_score:-19.7;smart_money_score:+13.6;clinical_score:+12.3,tier=C;reason=low_opt+no_catalyst_data;cat_days=NA;strength=missing;decay_w=0.0,v1.3.0,31f399e0,1,,0,,"{""burn_ttm"": 204883000.0, ""cash_total"": 737060000.0, ""dilution_risk"": null, ""has_revenue"": null, ""lead_phase"": null, ""runway_months"": 43.169613877188446, ""stage_bucket"": ""late"", ""surv_score"": ""5.0"", ""tier1_count"": 5}",late|none|pos,0.1,,1.1963,0,1,1.0981,0.7637,5,5,buying,0.8934,elite_5,0.0,0.0,0.0,,,0.0,0,0,0,True,False,True,missing,0.0,adequate,<=1000bps,442.9,0.85,1,0,1.0,0,1.0,0,,False,no_upcoming,,,beta_missing:insufficient_overlap,5,,,insufficient_overlap,,series_too_short,57.5459,0.7517,,,late,small,none,drug_developer,morningstar,,,drawdown,1,0.9,50,41.25000000000000000000000000,74.5,60.75,73.20754716981132075471698113,65.76923076923076923076923077,74.2575,1.2892,3.0,10,16,1.0,2.5679,2,2,0.0,0.4,0.55,ophthalmology,-0.4072,uncrowded,1.0,82,0.1,0.642544,0.3653,50.90,0.949561,1.6406
VKTX,"Viking Therapeutics, Inc.",58,0.58,C,low_opt+no_catalyst_data,C,low_opt+no_catalyst_data,,0.467105,,0,0.280612,1,0.719388,,0,no_upcoming,9,neutral,drawdown_data_missing,M,sponsor_confirmed|runway_short,financial_score:-30.4;clinical_score:+19.0;smart_money_score:+13.7,tier=C;reason=low_opt+no_catalyst_data;cat_days=NA;strength=missing;decay_w=0.0,v1.3.0,31f399e0,1,,0,,"{""burn_ttm"": 278685000.0, ""cash_total"": 165810000.0, ""dilution_risk"": null, ""has_revenue"": null, ""lead_phase"": null, ""runway_months"": 7.139673825286614, ""stage_bucket"": ""mid"", ""surv_score"": ""-2.0"", ""tier1_count"": 3}",mid|none|nonpos,0.1,,0.4719,0,1,0.7924,-0.0608,3,3,buying,0.0914,elite_3,0.0,0.0,0.0,,,0.0,0,0,0,True,False,True,missing,0.0,short,<=400bps,319.17,1.0,0,0,1.0,0,1.0,0,,False,no_upcoming,,,beta_missing:insufficient_overlap,3,,,insufficient_overlap,,series_too_short,17.289,,,,mid,mid,sev2,drug_developer,morningstar,,,drawdown,1,0.7376531671858774662512980270,50,41.25000000000000000000000000,60.5,10.00,65.71428571428571428571428571,16.34750566893424036281179138,65.0559,0.8967,2.0,1200,3,0.6667,0.0,0,0,0.0,0.4,0.55,metabolic,-0.4072,uncrowded,1.0,107,0.1,0.532895,0.0825,16.47,0.247807,-0.6814
DYN,"Dyne Therapeutics, Inc.",59,0.82,C,mod_opt+no_catalyst_data,C,mod_opt+no_catalyst_data,,0.712719,,0,0.596939,1,0.403061,,0,no_upcoming,9,neutral,drawdown_data_missing,L,sponsor_confirmed,smart_money_score:+30.9;financial_score:-20.4;catalyst_score:-7.8,tier=C;reason=mod_opt+no_catalyst_data;cat_days=NA;strength=missing;decay_w=0.0,v1.3.0,31f399e0,1,,0,,"{""burn_ttm"": 291375000.0, ""cash_total"": 573610000.0, ""dilution_risk"": null, ""has_revenue"": null, ""lead_phase"": null, ""runway_months"": 23.382986890781424, ""stage_bucket"": ""early"", ""surv_score"": ""3.0"", ""tier1_count"": 8}",early|none|nonpos,0.06969944897959185,,-1.4215,,0,-0.0368,-2.297,8,8,buying,2.0963,elite_8,0.0,0.0,0.0,,,0.0,0,0,0,True,False,True,missing,0.0,adequate,<=1000bps,520.7,0.85,1,0,1.0,0,1.0,0,,False,no_upcoming,,,beta_missing:series_too_short,8,,,series_too_short,,no_price_series,,0.7655,,,early,mid,sev1,drug_developer,morningstar,,,drawdown,1,0.7250182045147196504733173827,50,41.25000000000000000000000000,80.0,50,45.39214032720526227019733513,28.71074380165289256198347107,44.0337,-0.0,0.0,2678,1,0.0,0.0,0,0,0.0,0.0,0.5,other,-0.4072,uncrowded,1.0,163,0.06969944897959185,0.287281,-0.5613,25.81,0.541667,0.1046
SGMT,Sagimet Biosciences Inc. - Seri,60,0.2,C,mod_opt+no_catalyst_data,C,mod_opt+no_catalyst_data,,0.410088,,0,0.372449,1,0.627551,,0,no_upcoming,9,neutral,drawdown_data_missing,S,cost_haircut_<=2000bps,catalyst_score:-12.2;financial_score:+10.2;clinical_score:+6.5,tier=C;reason=mod_opt+no_catalyst_data;cat_days=NA;strength=missing;decay_w=0.0,v1.3.0,31f399e0,1,,0,,"{""burn_ttm"": 33817000.0, ""cash_total"": 116693000.0, ""dilution_risk"": null, ""has_revenue"": null, ""lead_phase"": null, ""runway_months"": 41.40864062453795, ""stage_bucket"": ""mid"", ""surv_score"": ""5.0"", ""tier1_count"": 1}",mid|none|nonpos,0.1,,0.4672,0,1,0.5592,-0.6896,1,1,neutral,-0.7105,elite_1,0.0,0.0,0.0,,,0.0,0,0,0,True,False,True,missing,0.0,adequate,<=2000bps,1650.31,0.7,1,0,1.0,0,1.0,0,,False,no_upcoming,,,beta_missing:series_too_short,1,,,series_too_short,,no_price_series,,0.6734,,,mid,micro,none,drug_developer,morningstar,,,drawdown,1,0.7593805888767720828789531080,50,41.25000000000000000000000000,52.5,83.33,60.00000000000000000000000000,63.71428571428571428571428571,59.6916,0.6679,2.0,610,4,1.0,0.0062,0,0,0.0,0.4,0.95,oncology,0.7563,highly_crowded,1.0,94,0.1,0.589912,0.2273,40.22,0.796053,0.8276
HRTX,"Heron Therapeutics, Inc.",61,0.32,C,low_opt+no_catalyst_data,C,low_opt+no_catalyst_data,,0.239035,,0,0.209184,1,0.790816,,0,no_upcoming,9,neutral,,M,sponsor_confirmed|cost_haircut_>2000bps,financial_score:-32.3;clinical_score:+23.1;smart_money_score:+11.3,tier=C;reason=low_opt+no_catalyst_data;cat_days=NA;strength=missing;decay_w=0.0,v1.3.0,31f399e0,1,,0,,"{""burn_ttm"": 27591000.0, ""cash_total"": 28647000.0, ""dilution_risk"": null, ""has_revenue"": null, ""lead_phase"": null, ""runway_months"": 12.459280200065239, ""stage_bucket"": ""late"", ""surv_score"": ""-2.0"", ""tier1_count"": 2}",late|none|pos,0.1,,1.19,0,1,0.9595,0.39,2,2,buying,-0.3095,elite_2,0.0,0.0,0.0,,,0.0,0,0,0,True,False,True,missing,0.0,adequate,>2000bps,2020.0,0.55,1,0,1.0,0,1.0,0,,False,no_upcoming,,,beta_missing:insufficient_overlap,2,,,insufficient_overlap,-0.2429,,39.7637,0.4900,,,late,micro,sev1,drug_developer,morningstar,,,,0,0.8826655059593362935265248890,50,41.25000000000000000000000000,58.0,90.00,69.81132075471698113207547170,14.37166251334994660021359914,69.8576,1.1015,3.0,311,11,1.0,0.3174,0,0,0.0,0.4,0.95,oncology,0.7563,highly_crowded,1.0,55,0.1,0.760965,0.7094,25.35,0.532895,0.0825
KALV,"KalVista Pharmaceuticals, Inc.",62,0.82,C,mod_opt+no_catalyst_data,C,mod_opt+no_catalyst_data,,0.287281,,0,0.403061,1,0.596939,,0,no_upcoming,9,neutral,deep_drawdown,L,sponsor_confirmed,clinical_score:+9.5;catalyst_score:-7.9;financial_score:-7.9,tier=C;reason=mod_opt+no_catalyst_data;cat_days=NA;strength=missing;decay_w=0.0,v1.3.0,31f399e0,1,,0,,"{""burn_ttm"": 126985000.0, ""cash_total"": 243497000.0, ""dilution_risk"": null, ""has_revenue"": null, ""lead_phase"": null, ""runway_months"": 23.010308304130408, ""stage_bucket"": ""mid"", ""surv_score"": ""1.0"", ""tier1_count"": 2}",mid|none|nonpos,0.1,,0.4669,0,1,0.501,-0.8468,2,2,selling,-0.3095,elite_2,0.0,0.0,0.0,,,0.0,0,0,0,True,False,True,missing,0.0,adequate,<=1000bps,753.69,0.85,1,0,1.0,0,1.0,0,,False,no_upcoming,,,beta_missing:insufficient_overlap,2,,,insufficient_overlap,-0.3637,,32.8301,0.6376,,,mid,small,sev1,drug_developer,morningstar,,,,0,0.8044265621500559910414333707,50,41.25000000000000000000000000,54.5,46.30,58.57142857142857142857142857,41.25000000000000000000000000,57.5798,0.5778,2.0,312,2,0.3333,0.0743,0,0,0.0,0.4,0.55,ophthalmology,0.7563,highly_crowded,1.0,66,0.1,0.712719,0.5613,34.11,0.66886,0.4368
ACRS,"Aclaris Therapeutics, Inc.",63,0.1,C,low_opt+no_catalyst_data,C,low_opt+no_catalyst_data,,0.015351,,0,0.096939,1,0.903061,,0,no_upcoming,9,neutral,high_vol|drawdown_data_missing,XS,sponsor_confirmed|runway_short|high_risk|cost_haircut_<=2000bps,financial_score:-42.2;clinical_score:+28.9;smart_money_score:+16.3,tier=C;reason=low_opt+no_catalyst_data;cat_days=NA;strength=missing;decay_w=0.0,v1.3.0,31f399e0,1,,0,,"{""burn_ttm"": 33982000.0, ""cash_total"": 25256000.0, ""dilution_risk"": null, ""has_revenue"": null, ""lead_phase"": null, ""runway_months"": 8.918603966805955, ""stage_bucket"": ""late"", ""surv_score"": ""-2.0"", ""tier1_count"": 3}",late|none|pos,0.1,,0.0593,370,1,1.2136,1.0752,3,3,buying,0.0914,elite_3,0.0,0.0,0.0,,,0.0,0,0,0,True,False,True,missing,0.0,short,<=2000bps,1385.71,0.7,1,0,1.0,0,1.0,0,,False,no_upcoming,,,beta_missing:insufficient_overlap,3,,,insufficient_overlap,,series_too_short,24.5712,1.5686,,,late,small,sev2,drug_developer,morningstar,,,drawdown,1,0.8552122787473697239757395717,50,41.25000000000000000000000000,63.5,90.00,76.03773584905660377358490566,5,75.3793,1.3371,3.0,,11,1.0,0.0458,0,0,0.0,0.7,0.5,dermatology,-0.4072,uncrowded,1.0,4,0.1,0.984649,2.1609,12.30,0.098684,-1.2891
CRNX,"Crinetics Pharmaceuticals, Inc.",64,0.82,C,mod_opt+no_catalyst_data,C,mod_opt+no_catalyst_data,,0.16886,,0,0.352041,1,0.647959,,0,no_upcoming,9,neutral,,L,sponsor_confirmed,catalyst_score:-16.8;smart_money_score:+13.4;financial_score:+8.1,tier=C;reason=mod_opt+no_catalyst_data;cat_days=NA;strength=missing;decay_w=0.0,v1.3.0,31f399e0,1,,0,,"{""burn_ttm"": 285021000.0, ""cash_total"": 1092291000.0, ""dilution_risk"": null, ""has_revenue"": null, ""lead_phase"": null, ""runway_months"": 45.98781142442136, ""stage_bucket"": ""mid"", ""surv_score"": ""5.0"", ""tier1_count"": 5}",mid|none|nonpos,0.1,,0.468,0,1,0.6175,-0.5324,5,5,buying,0.8934,elite_5,0.0,0.0,0.0,,,0.0,0,0,0,True,False,True,missing,0.0,adequate,<=1000bps,459.18,0.85,1,0,1.0,0,1.0,0,,False,no_upcoming,,,beta_missing:insufficient_overlap,5,,,insufficient_overlap,-0.3321,,27.9632,0.6688,,,mid,mid,none,drug_developer,morningstar,,,,0,0.8428836181362497151970836181,50,41.25000000000000000000000000,71.5,24.07,61.42857142857142857142857143,66.14285714285714285714285715,60.9798,0.7228,2.0,166,4,1.0,0.4648,0,1,0.0,0.4,0.5,other,0.7563,highly_crowded,1.0,39,0.1,0.83114,0.9587,43.53,0.848684,1.0308
ALT,"Altimmune, Inc.",65,0.49,C,mod_opt+no_catalyst_data,C,mod_opt+no_catalyst_data,,0.041667,,0,0.341837,1,0.658163,,0,no_upcoming,9,neutral,drawdown_data_missing,M,,catalyst_score:-12.1;financial_score:+11.1;clinical_score:+8.6,tier=C;reason=mod_opt+no_catalyst_data;cat_days=NA;strength=missing;decay_w=0.0,v1.3.0,31f399e0,1,,0,,"{""burn_ttm"": 48087000.0, ""cash_total"": 210776000.0, ""dilution_risk"": null, ""has_revenue"": null, ""lead_phase"": null, ""runway_months"": 52.5986649198328, ""stage_bucket"": ""late"", ""surv_score"": ""5.0"", ""tier1_count"": 1}",late|none|nonpos,0.1,,1.1751,0,1,0.6362,-0.4819,1,1,selling,-0.7105,elite_1,0.0,0.0,0.0,,,0.0,0,0,0,True,False,True,missing,0.0,adequate,<=1000bps,696.34,0.85,1,0,1.0,0,1.0,0,,False,no_upcoming,,,beta_missing:insufficient_overlap,1,,,insufficient_overlap,,series_too_short,33.6841,0.8891,,,late,small,none,drug_developer,morningstar,,,drawdown,1,0.8417795138888888888888888889,50,41.25000000000000000000000000,49.0,59.68,61.88679245283018867924528302,64.46153846153846153846153846,60.8784,0.7185,2.0,,5,1.0,0.0,0,0,0.0,0.4,0.55,infectious_disease,0.7563,highly_crowded,1.0,10,0.1,0.958333,1.7317,36.98,0.725877,0.6004
AVIR,"Atea Pharmaceuticals, Inc.",66,0.16,C,mod_opt+no_catalyst_data,C,mod_opt+no_catalyst_data,,0.098684,,0,0.515306,1,0.484694,,0,no_upcoming,9,neutral,drawdown_data_missing,S,sponsor_confirmed|runway_short|cost_haircut_>2000bps,financial_score:-22.5;clinical_score:+10.2;momentum_score:+7.4,tier=C;reason=mod_opt+no_catalyst_data;cat_days=NA;strength=missing;decay_w=0.0,v1.3.0,31f399e0,1,,0,,"{""burn_ttm"": 103808000.0, ""cash_total"": 77344000.0, ""dilution_risk"": null, ""has_revenue"": null, ""lead_phase"": null, ""runway_months"": 8.940813810110974, ""stage_bucket"": ""mid"", ""surv_score"": ""-2.0"", ""tier1_count"": 2}",mid|none|nonpos,0.1,,0.4641,0,1,0.2678,-1.4755,2,2,selling,-0.3095,elite_2,0.0,0.0,0.0,,,0.0,0,0,0,True,False,True,missing,0.0,short,>2000bps,2020.0,0.55,1,0,1.0,0,1.0,0,,False,no_upcoming,,,beta_missing:series_too_short,2,,,series_too_short,,no_price_series,,0.5268,,,mid,small,sev2,drug_developer,morningstar,,,drawdown,1,0.8116139836717605191542809295,50,41.25000000000000000000000000,49.0,50,52.85714285714285714285714286,20.13384983623078861174099269,53.3219,0.3962,2.0,52,1,0.0,0.6483,1,1,0.0,0.4,0.55,infectious_disease,0.7563,highly_crowded,1.0,23,0.1,0.901316,1.2891,17.76,0.309211,-0.4981
ALDX,"Aldeyra Therapeutics, Inc.",67,0.41,C,mod_opt+no_catalyst_data,C,mod_opt+no_catalyst_data,,0.028509,,0,0.423469,1,0.576531,,0,no_upcoming,9,neutral,drawdown_data_missing,M,sponsor_confirmed|cost_haircut_<=2000bps,catalyst_score:-10.1;smart_money_score:+9.7;clinical_score:+5.5,tier=C;reason=mod_opt+no_catalyst_data;cat_days=NA;strength=missing;decay_w=0.0,v1.3.0,31f399e0,1,,0,,"{""burn_ttm"": 28046337.0, ""cash_total"": 75297339.0, ""dilution_risk"": null, ""has_revenue"": null, ""lead_phase"": null, ""runway_months"": 25.71376390435585, ""stage_bucket"": ""late"", ""surv_score"": ""2.0"", ""tier1_count"": 2}",late|none|nonpos,0.1,,-0.1855,382,1,0.4284,-1.0425,2,2,buying,-0.3095,elite_2,0.0,0.0,0.0,,,0.0,0,0,0,True,False,True,missing,0.0,adequate,<=2000bps,1320.43,0.7,1,0,1.0,0,1.0,0,,False,no_upcoming,,,beta_missing:insufficient_overlap,2,,,insufficient_overlap,,series_too_short,30.6861,,,,late,small,none,drug_developer,morningstar,,,drawdown,1,0.8100781888201657136188586766,50,41.25000000000000000000000000,61.0,88.71,56.79245283018867924528301887,47.55716268536781357294177807,55.8151,0.5025,3.0,382,9,1.0,0.0633,0,0,0.0,0.6,0.55,ophthalmology,0.2909,moderate,1.0,7,0.1,0.971491,1.9032,29.13,0.60307,0.2613
ZYME,Zymeworks Inc.,68,0.82,C,low_quality+no_catalyst_data,,,C,0.993421,0.288462,1,,0,,,0,no_upcoming,9,neutral,drawdown_data_missing,L,sponsor_confirmed,financial_score:-26.5;smart_money_score:+23.6;clinical_score:+18.4,tier=;reason=;cat_days=NA;strength=missing;decay_w=0.0,v1.3.0,31f399e0,1,,0,,"{""burn_ttm"": 22746000.0, ""cash_total"": 64834000.0, ""dilution_risk"": null, ""has_revenue"": null, ""lead_phase"": null, ""runway_months"": 34.204167765761014, ""stage_bucket"": ""early"", ""surv_score"": ""3.0"", ""tier1_count"": 7}",early|none|pos,0.023322922839506172,39.607184,-1.1849,1701,1,1.2637,1.2219,7,7,buying,1.6953,elite_7,0.0,0.0,0.0,,,0.0,0,0,0,True,False,True,missing,0.0,adequate,<=1000bps,781.08,0.85,1,0,1.0,0,1.0,0,,False,no_upcoming,,,beta_missing:insufficient_overlap,7,,,insufficient_overlap,,series_too_short,44.2209,0.7975,,,early,small,none,commercial_biotech,morningstar,,,drawdown,1,0.8011196947824293668797690245,50,41.25000000000000000000000000,77.0,50,71.81818181818181818181818182,26.90485260770975056689342404,71.5204,1.1725,1.0,1701,1,0.0,0.0,0,0,0.0,0.3,0.85,oncology,-0.4072,uncrowded,1.0,227,0.023322922839506172,0.006579,-2.4795,47.14,0.905702,1.3147
DAWN,"Day One Biopharmaceuticals, Inc.",69,0.49,C,mod_quality+no_catalyst_data,,,C,0.901316,0.773077,1,,0,,,0,no_upcoming,9,neutral,deep_drawdown,M,,catalyst_score:-16.1;clinical_score:+14.5;financial_score:+11.1,tier=;reason=;cat_days=NA;strength=missing;decay_w=0.0,v1.3.0,31f399e0,1,,0,,"{""burn_ttm"": 103757000.0, ""cash_total"": 441113000.0, ""dilution_risk"": null, ""has_revenue"": null, ""lead_phase"": null, ""runway_months"": 51.01685669400619, ""stage_bucket"": ""early"", ""surv_score"": ""4.0"", ""tier1_count"": 1}",early|none|pos,0.023322922839506172,58.3025,-1.1849,2161,1,1.2637,1.2219,1,1,neutral,-0.7105,elite_1,0.0,0.0,0.0,,,0.0,0,0,0,True,False,True,missing,0.0,adequate,<=1000bps,612.55,0.85,1,0,1.0,0,1.0,0,,False,no_upcoming,,,beta_missing:series_too_short,1,,,series_too_short,-0.3552,,52.2,0.8040,,,early,small,none,commercial_biotech,morningstar,,,,0,0.7571584426314158835071775276,50,41.25000000000000000000000000,55.0,50,71.81818181818181818181818182,68.450,70.4704,1.1277,1.0,2161,1,0.0,0.0,0,0,0.0,0.3,0.5,other,0.7563,highly_crowded,1.0,206,0.023322922839506172,0.098684,-1.2891,52.80,0.975877,1.9752
HROW,"Harrow, Inc.",70,0.49,C,low_quality+no_catalyst_data,,,C,0.914474,0.080769,1,,0,,,0,no_upcoming,9,neutral,drawdown_data_missing,M,,financial_score:-17.6;clinical_score:+10.8;smart_money_score:+8.9,tier=;reason=;cat_days=NA;strength=missing;decay_w=0.0,v1.3.0,31f399e0,1,,0,,"{""burn_ttm"": 0.0, ""cash_total"": 74290000.0, ""dilution_risk"": null, ""has_revenue"": null, ""lead_phase"": null, ""runway_months"": null, ""stage_bucket"": ""early"", ""surv_score"": ""-1.0"", ""tier1_count"": 1}",early|none|pos,0.023322922839506172,28.479395,-1.3449,,0,0.4571,0.5052,1,1,buying,-0.7105,elite_1,0.0,0.0,0.0,,,0.0,0,0,0,True,False,True,missing,0.0,adequate,<=1000bps,581.17,0.85,1,0,1.0,0,1.0,0,,False,no_upcoming,,,beta_missing:insufficient_overlap,1,,,insufficient_overlap,,series_too_short,24.4381,0.6339,,,early,mid,none,commercial_pharma,morningstar,,,drawdown,1,0.7660520318021201413427561837,50,41.25000000000000000000000000,55.5,15.54,57.40259740259740259740259740,28.97865482281066696651112235,55.6942,0.4974,0.0,,2,0.0,0.0,0,0,0.0,0.0,0.55,infectious_disease,0.7563,highly_crowded,1.0,209,0.023322922839506172,0.085526,-1.3688,34.23,0.677632,0.4611
IDYA,"IDEAYA Biosciences, Inc.",71,0.82,C,mod_quality+no_catalyst_data,,,C,0.91886,0.611538,1,,0,,,0,no_upcoming,9,neutral,drawdown_data_missing,L,sponsor_confirmed,catalyst_score:-14.3;financial_score:+10.8;smart_money_score:+9.5,tier=;reason=;cat_days=NA;strength=missing;decay_w=0.0,v1.3.0,31f399e0,1,,0,,"{""burn_ttm"": 71098000.0, ""cash_total"": 639388000.0, ""dilution_risk"": null, ""has_revenue"": null, ""lead_phase"": null, ""runway_months"": 107.9166221272047, ""stage_bucket"": ""early"", ""surv_score"": ""5.0"", ""tier1_count"": 6}",early|none|pos,0.023322922839506172,48.344136,-1.2533,2555,1,0.5107,0.475,6,6,neutral,1.2943,elite_6,0.0,0.0,0.0,,,0.0,0,0,0,True,False,True,missing,0.0,adequate,<=1000bps,591.25,0.85,1,0,1.0,0,1.0,0,,False,no_upcoming,,,beta_missing:insufficient_overlap,6,,,insufficient_overlap,,series_too_short,44.2208,0.3864,,,early,mid,none,commercial_biotech,morningstar,,,drawdown,1,0.7998832967032967032967032967,50,41.25000000000000000000000000,65.0,24.23,55.06493506493506493506493506,66.36363636363636363636363636,54.4172,0.4429,1.0,2555,1,0.0,0.0,0,0,0.0,0.3,0.85,oncology,0.7563,highly_crowded,1.0,210,0.023322922839506172,0.08114,-1.3974,46.21,0.888158,1.2168
GERN,Geron Corporation,72,0.49,C,low_quality+no_catalyst_data,,,C,0.589912,0.373077,1,,0,,,0,no_upcoming,9,neutral,drawdown_data_missing,M,sponsor_confirmed|runway_short,financial_score:-30.0;clinical_score:+28.8;catalyst_score:-6.9,tier=;reason=;cat_days=NA;strength=missing;decay_w=0.0,v1.3.0,31f399e0,1,,0,,"{""burn_ttm"": 88970000.0, ""cash_total"": 78117000.0, ""dilution_risk"": null, ""has_revenue"": null, ""lead_phase"": null, ""runway_months"": 10.53618073507924, ""stage_bucket"": ""mid"", ""surv_score"": ""-2.0"", ""tier1_count"": 2}",mid|none|pos,0.08701244092219021,43.477113,0.5043,0,1,1.4966,1.453,2,2,selling,-0.3095,elite_2,0.0,0.0,0.0,,,0.0,0,0,0,True,False,True,missing,0.0,short,<=1000bps,710.6,0.85,1,0,1.0,0,1.0,0,,False,no_upcoming,,,beta_missing:insufficient_overlap,2,,,insufficient_overlap,,series_too_short,46.4607,0.5659,,,mid,small,sev2,commercial_biotech,morningstar,,,drawdown,1,0.8189916498768748600850682785,50,41.25000000000000000000000000,54.5,72.22,77.000,18.22247417485512723607961704,78.4296,1.4672,2.0,7,14,1.0,0.9433,1,1,0.0,0.4,0.95,oncology,0.2909,moderate,1.0,135,0.08701244092219021,0.410088,-0.2273,16.61,0.256579,-0.6539
TWST,Twist Bioscience Corporation,73,0.49,C,low_quality+no_catalyst_data,,,C,0.844298,0.342308,1,,0,,,0,no_upcoming,9,neutral,drawdown_data_missing,M,,financial_score:-14.2;clinical_score:+12.6;catalyst_score:-5.1,tier=;reason=;cat_days=NA;strength=missing;decay_w=0.0,v1.3.0,31f399e0,1,,0,,"{""burn_ttm"": 24814000.0, ""cash_total"": 197949000.0, ""dilution_risk"": null, ""has_revenue"": null, ""lead_phase"": null, ""runway_months"": 95.72773434351576, ""stage_bucket"": ""early"", ""surv_score"": ""1.0"", ""tier1_count"": 1}",early|none|nonpos,0.06969944897959185,41.977188,-1.341,,0,,0.0,1,1,selling,-0.7105,elite_1,0.0,0.0,0.0,,,0.0,0,0,0,True,False,True,missing,0.0,adequate,<=1000bps,402.96,0.85,1,0,1.0,0,1.0,0,,False,no_upcoming,,,beta_missing:insufficient_overlap,1,,,insufficient_overlap,,series_too_short,67.9285,0.6351,,,early,mid,none,platform_diagnostics,morningstar,,,drawdown,1,0.7583863967527060782681099084,50,41.25000000000000000000000000,49.5,50,58.96103896103896103896103896,32.17152976893236633496373756,57.9526,0.5937,0.0,,1,0.0,0.0,0,0,0.0,0.0,0.75,cardiovascular,0.7563,highly_crowded,1.0,193,0.06969944897959185,0.155702,-1.0123,34.67,0.690789,0.4981
MEDP,"Medpace Holdings, Inc.",74,0.58,C,low_quality+no_catalyst_data,,,C,0.756579,0.380769,1,,0,,,0,no_upcoming,9,neutral,drawdown_data_missing,M,,clinical_score:+11.1;catalyst_score:-9.7;momentum_score:-0.9,tier=;reason=;cat_days=NA;strength=missing;decay_w=0.0,v1.3.0,31f399e0,1,,0,,"{""burn_ttm"": 0.0, ""cash_total"": 497049000.0, ""dilution_risk"": null, ""has_revenue"": null, ""lead_phase"": null, ""runway_months"": null, ""stage_bucket"": ""early"", ""surv_score"": ""3.0"", ""tier1_count"": 0}",early|none|nonpos,0.06969944897959185,43.553325,-1.3178,,0,,0.0,0,0,neutral,-1.1115,,0.0,0.0,0.0,,,0.0,0,0,0,True,False,True,missing,0.0,adequate,<=400bps,270.97,1.0,0,0,1.0,0,1.0,0,,False,no_upcoming,,,beta_missing:insufficient_overlap,0,,,insufficient_overlap,,series_too_short,52.1545,0.2643,,,early,large,none,platform_diagnostics,morningstar,,,drawdown,1,0.8051946993216051512015637576,50,41.25000000000000000000000000,,31.08,62.07792207792207792207792208,50.38961038961038961038961039,60.7195,0.7117,0.0,,3,0.0,0.0,0,0,0.0,0.0,0.5,dermatology,-3.4323,uncrowded,1.0,173,0.06969944897959185,0.243421,-0.6953,34.77,0.695175,0.5106
IOVA,"Iovance Biotherapeutics, Inc.",75,0.82,C,low_quality,,,C,0.870614,0.234615,1,,0,,670,0,specific_days,9,neutral,drawdown_data_missing,L,catalyst_far_lift|sponsor_confirmed|runway_short,financial_score:-21.1;smart_money_score:+9.8;clinical_score:+6.2,tier=;reason=;cat_days=670;strength=far;decay_w=0.3,v1.3.0,31f399e0,1,,0,,"{""burn_ttm"": 302408000.0, ""cash_total"": 296980000.0, ""dilution_risk"": null, ""has_revenue"": null, ""lead_phase"": null, ""runway_months"": 11.784608872781144, ""stage_bucket"": ""mid"", ""surv_score"": ""-1.0"", ""tier1_count"": 2}",mid|far_271_540|pos,0.05133853608247423,37.60862,0.4616,0,1,0.3472,0.3129,2,2,neutral,-0.3095,elite_2,0.0,0.0,0.0,,,0.0,0,0,0,True,False,True,far,0.3,short,<=1000bps,449.86,0.85,1,0,1.0,0,1.0,0,670,False,specific_days,,,beta_missing:insufficient_overlap,2,,,insufficient_overlap,,series_too_short,30.9169,0.9724,,,mid,small,sev2,commercial_biotech,morningstar,,,drawdown,1,0.7639376547377897816790456898,50,45.56250000000000000000000000,55.0,47.94,51.42857142857142857142857143,24.06582262534643487024439405,50.7808,0.2878,2.0,670,14,1.0,0.0331,0,0,0.0,0.3,0.95,oncology,0.7563,highly_crowded,1.0,199,0.05133853608247423,0.129386,-1.1293,10.80,0.072368,-1.4584
MRNA,"Moderna, Inc.",76,0.97,C,low_quality+no_catalyst_data,,,C,0.60307,0.403846,1,,0,,,0,no_upcoming,9,neutral,deep_drawdown,L,sponsor_confirmed,clinical_score:+20.6;financial_score:-16.3;catalyst_score:-9.6,tier=;reason=;cat_days=NA;strength=missing;decay_w=0.0,v1.3.0,31f399e0,1,,0,,"{""burn_ttm"": 1873000000.0, ""cash_total"": 2595000000.0, ""dilution_risk"": null, ""has_revenue"": null, ""lead_phase"": null, ""runway_months"": 16.625734116390817, ""stage_bucket"": ""mid"", ""surv_score"": ""2.0"", ""tier1_count"": 3}",mid|none|pos,0.08701244092219021,44.068796,0.4803,0,1,1.2462,1.2046,3,3,selling,0.0914,elite_3,0.0,0.0,0.0,,,0.0,0,0,0,True,False,True,missing,0.0,adequate,<=400bps,132.16,1.0,0,0,1.0,0,1.0,0,,False,no_upcoming,,,beta_missing:insufficient_overlap,3,,,insufficient_overlap,-0.3593,,52.5778,0.6347,,,mid,large,sev1,commercial_biotech,morningstar,,,,0,0.8481461766449318316538233551,50,41.25000000000000000000000000,57.0,52.94,71.42857142857142857142857143,34.53287981859410430839002268,71.1557,1.1569,2.0,271,14,1.0,0.0878,0,0,0.0,0.4,0.95,oncology,0.7563,highly_crowded,1.0,138,0.08701244092219021,0.39693,-0.2613,35.70,0.712719,0.5613
HRMY,"Harmony Biosciences Holdings, I",77,0.82,B,high_quality+no_catalyst_data,,,B,0.910088,0.988462,1,,0,,,0,no_upcoming,9,neutral,drawdown_data_missing,L,sponsor_confirmed,financial_score:+21.2;catalyst_score:-12.4;clinical_score:-6.0,tier=;reason=;cat_days=NA;strength=missing;decay_w=0.0,v1.3.0,31f399e0,1,,0,,"{""burn_ttm"": 0.0, ""cash_total"": 775340000.0, ""dilution_risk"": null, ""has_revenue"": null, ""lead_phase"": null, ""runway_months"": null, ""stage_bucket"": ""early"", ""surv_score"": ""2.0"", ""tier1_count"": 3}",early|none|pos,0.023322922839506172,75.185714,-1.408,,0,0.1787,0.4278,3,3,selling,0.0914,elite_3,0.0,0.0,0.0,,,0.0,0,0,0,True,False,True,missing,0.0,adequate,<=1000bps,643.37,0.85,1,0,1.0,0,1.0,0,,False,no_upcoming,,,beta_missing:series_too_short,3,,,series_too_short,,no_price_series,,0.3158,,,early,small,none,commercial_biotech,morningstar,,,drawdown,1,0.8301006962576153176675369887,50,41.25000000000000000000000000,54.5,90.00,47.67920391297014673638050261,74.85714285714285714285714286,46.3208,0.0975,0.0,,1,0.0,0.0,0,0,0.0,0.0,0.5,other,-0.4072,uncrowded,1.0,208,0.023322922839506172,0.089912,-1.3413,40.41,0.809211,0.875
AMLX,"Amylyx Pharmaceuticals, Inc.",78,0.82,C,low_quality+no_catalyst_data,,,C,0.559211,0.542308,1,,0,,,0,no_upcoming,9,neutral,drawdown_data_missing,L,sponsor_confirmed,smart_money_score:+22.9;catalyst_score:-20.8;momentum_score:-12.1,tier=;reason=;cat_days=NA;strength=missing;decay_w=0.0,v1.3.0,31f399e0,1,,0,,"{""burn_ttm"": 95440000.0, ""cash_total"": 343990000.0, ""dilution_risk"": null, ""has_revenue"": null, ""lead_phase"": null, ""runway_months"": 43.251047778709136, ""stage_bucket"": ""mid"", ""surv_score"": ""5.0"", ""tier1_count"": 9}",mid|none|pos,0.08701244092219021,47.301571,-0.6118,265,1,1.1247,1.2274,9,9,buying,2.4972,elite_9,0.0,0.0,0.0,,,0.0,0,0,0,True,False,True,missing,0.0,adequate,<=1000bps,684.74,0.85,1,0,1.0,0,1.0,0,,False,no_upcoming,,,beta_missing:series_too_short,9,,,series_too_short,,no_price_series,,0.6469,,,mid,small,none,commercial_pharma,morningstar,,,drawdown,1,0.8001396180051379425890762873,50,41.25000000000000000000000000,85,27.78,72.85714285714285714285714286,61.28571428571428571428571429,72.0037,1.1931,2.0,265,3,0.6667,0.1471,0,0,0.0,0.4,0.6,cns,0.7563,highly_crowded,1.0,128,0.08701244092219021,0.440789,-0.149,50.49,0.936404,1.5253
VRTX,Vertex Pharmaceuticals Incorporated,79,0.97,C,low_quality+no_catalyst_data,,,C,0.475877,0.35,1,,0,,,0,no_upcoming,9,neutral,,L,sponsor_confirmed,clinical_score:+20.2;catalyst_score:-15.6;momentum_score:-6.8,tier=;reason=;cat_days=NA;strength=missing;decay_w=0.0,v1.3.0,31f399e0,1,,0,,"{""burn_ttm"": 0.0, ""cash_total"": 6608100000.0, ""dilution_risk"": null, ""has_revenue"": null, ""lead_phase"": null, ""runway_months"": null, ""stage_bucket"": ""late"", ""surv_score"": ""3.0"", ""tier1_count"": 3}",late|none|pos,0.1,43.031085,1.1963,0,1,1.4966,1.453,3,3,buying,0.0914,elite_3,0.0,0.0,0.0,,,0.0,0,0,0,True,False,True,missing,0.0,adequate,<=400bps,123.8,1.0,0,0,1.0,0,1.0,0,,False,no_upcoming,,,beta_missing:insufficient_overlap,3,0.4574,,insufficient_overlap,-0.086,,55.0985,0.2519,,,late,large,none,commercial_biotech,morningstar,,,,0,0.9,50,41.25000000000000000000000000,63.0,26.45,77.000,52.83018867924528301886792453,78.4,1.4659,3.0,61,60,1.0,2.7577,1,3,0.0,0.9,0.95,oncology,0.7563,highly_crowded,1.0,109,0.1,0.524123,0.0605,49.43,0.927632,1.4584
AMGN,Amgen Inc.,80,0.58,C,low_quality,,,C,0.541667,0.534615,1,,0,,19,1,specific_days,9,neutral,,M,,clinical_score:+18.2;catalyst_score:-12.4;momentum_score:-3.3,tier=;reason=;cat_days=19;strength=near;decay_w=1.0,v1.3.0,31f399e0,1,,0,,"{""burn_ttm"": 0.0, ""cash_total"": 9129000000.0, ""dilution_risk"": null, ""has_revenue"": null, ""lead_phase"": null, ""runway_months"": null, ""stage_bucket"": ""late"", ""surv_score"": ""1.0"", ""tier1_count"": 1}",late|near_0_30|pos,0.09254273684210526,47.204651,1.1932,0,1,1.0665,1.1644,1,1,neutral,-0.7105,elite_1,0.0,0.0,0.0,,,0.0,0,0,0,True,False,True,near,1.0,adequate,<=400bps,100.2,1.0,0,0,1.0,0,1.0,0,19,True,specific_days,,,beta_missing:insufficient_overlap,1,,,insufficient_overlap,-0.2206,,24.0857,0.2777,,,late,large,none,commercial_pharma,morningstar,,,,0,0.9,50,40.96694444444444444444444444,52.5,39.83,71.50943396226415094339622642,51.69811320754716981132075472,72.9094,1.2317,3.0,4,476,1.0,6.2451,8,9,0.0,0.8,0.95,oncology,0.7563,highly_crowded,1.0,124,0.09254273684210526,0.458333,-0.1046,44.04,0.861842,1.0886
SERA,"Sera Prognostics, Inc.",81,0.16,C,mod_quality+no_catalyst_data,,,C,0.817982,0.811538,1,,0,,,0,no_upcoming,9,neutral,drawdown_data_missing,S,cost_haircut_>2000bps,catalyst_score:-8.6;smart_money_score:+5.7;clinical_score:+2.1,tier=;reason=;cat_days=NA;strength=missing;decay_w=0.0,v1.3.0,31f399e0,1,,0,,"{""burn_ttm"": 19503000.0, ""cash_total"": 43304000.0, ""dilution_risk"": null, ""has_revenue"": null, ""lead_phase"": null, ""runway_months"": 26.633591307467583, ""stage_bucket"": ""early"", ""surv_score"": ""3.0"", ""tier1_count"": 1}",early|none|nonpos,0.06969944897959185,61.34739,-1.3838,,0,,0.0,1,1,buying,-0.7105,elite_1,0.0,0.0,0.0,,,0.0,0,0,0,True,False,True,missing,0.0,adequate,>2000bps,2050.0,0.55,1,0,1.0,0,1.0,0,,False,no_upcoming,,,beta_missing:series_too_short,1,,,series_too_short,,no_price_series,,,,,early,micro,none,platform_devices,morningstar,,,drawdown,1,0.7078089469769418765274678568,50,41.25000000000000000000000000,55.5,81.82,51.94805194805194805194805195,50.46753246753246753246753247,50.5897,0.2796,0.0,,2,0.0,0.0,0,0,0.0,0.0,0.5,other,-2.0361,uncrowded,1.0,187,0.06969944897959185,0.182018,-0.9077,29.04,0.598684,0.2499
VNDA,Vanda Pharmaceuticals Inc.,82,0.25,C,low_quality+no_catalyst_data,,,C,0.471491,0.496154,1,,0,,,0,no_upcoming,9,neutral,drawdown_data_missing,S,runway_short,financial_score:-36.3;clinical_score:+30.9;smart_money_score:+6.4,tier=;reason=;cat_days=NA;strength=missing;decay_w=0.0,v1.3.0,31f399e0,1,,0,,"{""burn_ttm"": 109442000.0, ""cash_total"": 84851000.0, ""dilution_risk"": null, ""has_revenue"": null, ""lead_phase"": null, ""runway_months"": 9.303667696131285, ""stage_bucket"": ""late"", ""surv_score"": ""-3.0"", ""tier1_count"": 1}",late|none|pos,0.1,45.942636,1.1963,0,1,1.4966,1.453,1,1,neutral,-0.7105,elite_1,0.0,0.0,0.0,,,0.0,0,0,0,True,False,True,missing,0.0,short,<=1000bps,634.63,0.85,1,0,1.0,0,1.0,0,,False,no_upcoming,,,beta_missing:insufficient_overlap,1,,,insufficient_overlap,,series_too_short,17.7869,1.0382,,,late,small,sev2,commercial_biotech,morningstar,,,drawdown,1,0.8841211213801601971657424522,50,41.25000000000000000000000000,52.5,90.00,77.000,9.872525385345898166410986927,76.326,1.3774,3.0,257,26,1.0,0.2549,0,0,0.0,0.4,0.6,cns,0.2909,moderate,1.0,108,0.1,0.528509,0.0715,14.90,0.186404,-0.8912
LAB,Standard BioTools Inc.,83,0.32,C,mod_quality+catalyst_far,,,C,0.528509,0.673077,1,,0,,305,0,specific_days,9,neutral,drawdown_data_missing,M,catalyst_far_lift|cost_haircut_>2000bps,financial_score:-23.2;clinical_score:+20.0;smart_money_score:+6.2,tier=;reason=;cat_days=305;strength=far;decay_w=0.3,v1.3.0,31f399e0,1,,0,,"{""burn_ttm"": 73153000.0, ""cash_total"": 129418000.0, ""dilution_risk"": null, ""has_revenue"": null, ""lead_phase"": null, ""runway_months"": 21.229696663158037, ""stage_bucket"": ""late"", ""surv_score"": ""0.0"", ""tier1_count"": 1}",late|far_271_540|nonpos,0.0930939801980198,53.238889,1.188,0,1,,0.0,1,1,buying,-0.7105,elite_1,0.0,0.0,0.0,,,0.0,0,0,0,True,False,True,far,0.3,adequate,>2000bps,2020.0,0.55,1,0,1.0,0,1.0,0,305,False,specific_days,,,beta_missing:insufficient_overlap,1,,,insufficient_overlap,,series_too_short,53.9204,0.7324,,,late,small,sev1,platform_devices,morningstar,,,drawdown,1,0.8247638578175490927168779518,50,45.56250000000000000000000000,55.5,90.00,69.24528301886792452830188679,26.08641975308641975308641975,70.6453,1.1351,3.0,46,579,1.0,3.1592,4,4,0.0,0.8,0.95,oncology,0.7563,highly_crowded,1.0,121,0.0930939801980198,0.471491,-0.0715,21.99,0.458333,-0.1046
ANAB,"AnaptysBio, Inc.",84,0.82,C,low_quality+no_catalyst_data,,,C,0.563596,0.196154,1,,0,,,0,no_upcoming,9,neutral,drawdown_data_missing,L,sponsor_confirmed,financial_score:-25.4;smart_money_score:+20.0;clinical_score:+17.1,tier=;reason=;cat_days=NA;strength=missing;decay_w=0.0,v1.3.0,31f399e0,1,,0,,"{""burn_ttm"": 78300000.0, ""cash_total"": 109833000.0, ""dilution_risk"": null, ""has_revenue"": null, ""lead_phase"": null, ""runway_months"": 16.83264367816092, ""stage_bucket"": ""mid"", ""surv_score"": ""2.0"", ""tier1_count"": 5}",mid|none|pos,0.08701244092219021,35.350389,-0.5753,215,1,1.1178,1.0772,5,5,buying,0.8934,elite_5,0.0,0.0,0.0,,,0.0,0,0,0,True,False,True,missing,0.0,adequate,<=1000bps,634.48,0.85,1,0,1.0,0,1.0,0,,False,no_upcoming,,,beta_missing:insufficient_overlap,5,,,insufficient_overlap,,series_too_short,42.4231,0.5912,,,mid,small,sev1,commercial_biotech,morningstar,,,drawdown,1,0.8315747152110788474424838061,50,41.25000000000000000000000000,71.5,38.89,68.57142857142857142857142857,26.08641975308641975308641975,67.7082,1.0098,2.0,215,4,1.0,0.1667,0,0,0.0,0.4,0.5,respiratory,0.7563,highly_crowded,1.0,129,0.08701244092219021,0.436404,-0.1601,34.62,0.686404,0.4857
XERS,"Xeris Biopharma Holdings, Inc.",85,0.82,C,low_quality+no_catalyst_data,,,C,0.861842,0.15,1,,0,,,0,no_upcoming,9,neutral,drawdown_data_missing,L,sponsor_confirmed,clinical_score:-23.4;smart_money_score:+21.9;financial_score:-9.3,tier=;reason=;cat_days=NA;strength=missing;decay_w=0.0,v1.3.0,31f399e0,1,,0,,"{""burn_ttm"": 0.0, ""cash_total"": 91598000.0, ""dilution_risk"": null, ""has_revenue"": null, ""lead_phase"": null, ""runway_months"": null, ""stage_bucket"": ""early"", ""surv_score"": ""-1.0"", ""tier1_count"": 3}",early|none|nonpos,0.06969944897959185,31.326755,-1.4336,,0,-1.0114,-1.0348,3,3,buying,0.0914,elite_3,0.0,0.0,0.0,,,0.0,0,0,0,True,False,True,missing,0.0,adequate,<=1000bps,895.88,0.85,1,0,1.0,0,1.0,0,,False,no_upcoming,,,beta_missing:series_too_short,3,,,series_too_short,,no_price_series,,0.6845,,,early,small,sev1,commercial_biotech,morningstar,,,drawdown,1,0.7038885059978189749182115594,50,50,66.5,15.54,21.20218886452652686418920186,35.30612244897959183673469388,21.3772,-0.9664,,,,,,,,,,,,-1.5707,unknown,1.0,197,0.06969944897959185,0.138158,-1.0886,18.09,0.322368,-0.4611
VTRS,Viatris Inc.,86,0.97,C,low_quality+no_catalyst_data,,,C,0.857456,0.596154,1,,0,,,0,no_upcoming,9,neutral,drawdown_data_missing,L,sponsor_confirmed,clinical_score:-25.4;smart_money_score:+13.9;financial_score:+4.6,tier=;reason=;cat_days=NA;strength=missing;decay_w=0.0,v1.3.0,31f399e0,1,,0,,"{""burn_ttm"": 0.0, ""cash_total"": 975300000.0, ""dilution_risk"": null, ""has_revenue"": null, ""lead_phase"": null, ""runway_months"": null, ""stage_bucket"": ""early"", ""surv_score"": ""-1.0"", ""tier1_count"": 2}",early|none|nonpos,0.06969944897959185,48.040974,-1.4336,,0,-1.1068,-1.1864,2,2,buying,-0.3095,elite_2,0.0,0.0,0.0,,,0.0,0,0,0,True,False,True,missing,0.0,adequate,<=400bps,271.14,1.0,0,0,1.0,0,1.0,0,,False,no_upcoming,,,beta_missing:insufficient_overlap,2,,,insufficient_overlap,,series_too_short,53.6092,0.337,,,early,large,sev1,commercial_pharma,morningstar,,,drawdown,1,0.7534789144287664997724169322,50,50,60.5,42.90,21.20218886452652686418920186,51.16883116883116883116883117,21.3772,-0.9664,,,,,,,,,,,,-1.5707,unknown,1.0,196,0.06969944897959185,0.142544,-1.069,22.08,0.462719,-0.0936
VCYT,"Veracyte, Inc.",87,0.82,C,mod_quality+no_catalyst_data,,,C,0.85307,0.626923,1,,0,,,0,no_upcoming,9,neutral,deep_drawdown,L,sponsor_confirmed,clinical_score:-25.9;smart_money_score:+13.9;financial_score:+6.4,tier=;reason=;cat_days=NA;strength=missing;decay_w=0.0,v1.3.0,31f399e0,1,,0,,"{""burn_ttm"": 0.0, ""cash_total"": 315573000.0, ""dilution_risk"": null, ""has_revenue"": null, ""lead_phase"": null, ""runway_months"": null, ""stage_bucket"": ""early"", ""surv_score"": ""2.0"", ""tier1_count"": 2}",early|none|nonpos,0.06969944897959185,48.504922,-1.4336,,0,,0.0,2,2,buying,-0.3095,elite_2,0.0,0.0,0.0,,,0.0,0,0,0,True,False,True,missing,0.0,adequate,<=1000bps,583.25,0.85,1,0,1.0,0,1.0,0,,False,no_upcoming,,,beta_missing:insufficient_overlap,2,,,insufficient_overlap,-0.3759,,42.6049,0.6453,,,early,mid,sev1,platform_diagnostics,morningstar,,,,0,0.6976540140296180826188620421,50,50,61.0,41.22,21.20218886452652686418920186,53.50649350649350649350649350,21.3772,-0.9664,,,,,,,,,,,,-1.5707,unknown,1.0,195,0.06969944897959185,0.14693,-1.0497,18.70,0.335526,-0.4247
CAI,"Caris Life Sciences, Inc.",88,0.82,C,low_quality,,,C,0.546053,0.557692,1,,0,,15,1,specific_days,9,neutral,drawdown_data_missing,L,sponsor_confirmed,catalyst_score:-16.3;financial_score:+12.3;momentum_score:-9.1,tier=;reason=;cat_days=15;strength=near;decay_w=1.0,v1.3.0,31f399e0,1,,0,,"{""burn_ttm"": 0.0, ""cash_total"": 755493000.0, ""dilution_risk"": null, ""has_revenue"": null, ""lead_phase"": null, ""runway_months"": null, ""stage_bucket"": ""late"", ""surv_score"": ""-1.0"", ""tier1_count"": 3}",late|near_0_30|pos,0.09254273684210526,47.581857,1.1855,0,1,0.97,0.9306,3,3,buying,0.0914,elite_3,0.0,0.0,0.0,,,0.0,0,0,0,True,False,True,near,1.0,adequate,<=1000bps,447.67,0.85,1,0,1.0,0,1.0,0,15,True,specific_days,,,beta_missing:series_too_short,3,,,series_too_short,,no_price_series,,0.5606,,,late,mid,none,commercial_biotech,morningstar,,,drawdown,1,0.9,50,42.84537777777777777777777778,66.0,15.54,65.28301886792452830188679245,71.42857142857142857142857143,67.033,0.981,3.0,152,335,1.0,2.8215,3,4,0.0,0.5,0.95,oncology,-0.4072,uncrowded,1.0,125,0.09254273684210526,0.453947,-0.1157,51.96,0.971491,1.9032
TKNO,"Alpha Teknova, Inc.",89,0.16,C,low_quality+no_catalyst_data,,,C,0.839912,0.334615,1,,0,,,0,no_upcoming,9,neutral,drawdown_data_missing,S,cost_haircut_>2000bps,clinical_score:-16.9;catalyst_score:+11.9;momentum_score:+11.9,tier=;reason=;cat_days=NA;strength=missing;decay_w=0.0,v1.3.0,31f399e0,1,,0,,"{""burn_ttm"": 8184000.0, ""cash_total"": 22116000.0, ""dilution_risk"": null, ""has_revenue"": null, ""lead_phase"": null, ""runway_months"": 32.42815249266862, ""stage_bucket"": ""early"", ""surv_score"": ""-1.0"", ""tier1_count"": 0}",early|none|nonpos,0.06969944897959185,41.453196,-1.4336,,0,-1.1068,-1.1864,0,0,neutral,-1.1115,,0.0,0.0,0.0,,,0.0,0,0,0,True,False,True,missing,0.0,adequate,>2000bps,2036.0,0.55,1,0,1.0,0,1.0,0,,False,no_upcoming,,,beta_missing:series_too_short,0,,,series_too_short,,no_price_series,,0.5979,,,early,micro,sev1,commercial_pharma,morningstar,,,drawdown,1,0.6804534095591264936135146271,50,50,,50,21.20218886452652686418920186,31.00710256554412398568242724,21.3772,-0.9664,,,,,,,,,,,,-1.5707,unknown,1.0,192,0.06969944897959185,0.160088,-0.9941,13.39,0.125,-1.1503
GILD,"Gilead Sciences, Inc.",90,0.97,C,low_quality,,,C,0.506579,0.426923,1,,0,,334,0,specific_days,9,neutral,,L,catalyst_far_lift|sponsor_confirmed,clinical_score:+14.5;catalyst_score:-8.1;financial_score:-7.0,tier=;reason=;cat_days=334;strength=far;decay_w=0.3,v1.3.0,31f399e0,1,,0,,"{""burn_ttm"": 0.0, ""cash_total"": 68000000.0, ""dilution_risk"": null, ""has_revenue"": null, ""lead_phase"": null, ""runway_months"": null, ""stage_bucket"": ""late"", ""surv_score"": ""1.0"", ""tier1_count"": 2}",late|far_271_540|pos,0.0961064745762712,44.315718,1.187,0,1,0.9198,1.0057,2,2,buying,-0.3095,elite_2,0.0,0.0,0.0,,,0.0,0,0,0,True,False,True,far,0.3,adequate,<=400bps,101.32,1.0,0,0,1.0,0,1.0,0,334,False,specific_days,,,beta_missing:insufficient_overlap,2,,,insufficient_overlap,-0.1367,,38.3875,0.2352,,,late,large,none,commercial_pharma,morningstar,,,,0,0.8435945431472081218274111675,50,45.56250000000000000000000000,58.0,38.08,68.11320754716981132075471698,46.63937344250622997508009967,69.8632,1.1018,3.0,16,449,1.0,6.5488,10,13,0.0,0.8,0.95,oncology,-0.4072,uncrowded,1.0,116,0.0961064745762712,0.493421,-0.0165,33.52,0.651316,0.3889
JAZZ,Jazz Pharmaceuticals plc,91,0.97,C,mod_quality+catalyst_far,,,C,0.510965,0.819231,1,,0,,456,0,specific_days,9,neutral,,L,catalyst_far_lift|sponsor_confirmed,catalyst_score:-14.4;smart_money_score:+14.1;momentum_score:-9.9,tier=;reason=;cat_days=456;strength=far;decay_w=0.3,v1.3.0,31f399e0,1,,0,,"{""burn_ttm"": 0.0, ""cash_total"": 1391899000.0, ""dilution_risk"": null, ""has_revenue"": null, ""lead_phase"": null, ""runway_months"": null, ""stage_bucket"": ""late"", ""surv_score"": ""1.0"", ""tier1_count"": 6}",late|far_271_540|pos,0.0961064745762712,62.43384,1.1876,0,1,1.1226,1.082,6,6,buying,1.2943,elite_6,0.0,0.0,0.0,,,0.0,0,0,0,True,False,True,far,0.3,adequate,<=400bps,227.35,1.0,0,0,1.0,0,1.0,0,456,False,specific_days,,,beta_missing:insufficient_overlap,6,0.4019,,insufficient_overlap,-0.0603,,39.6011,0.4687,,,late,large,none,commercial_biotech,morningstar,,,,0,0.9,50,45.56250000000000000000000000,74.0,70.97,68.67924528301886792452830189,61.32075471698113207547169811,69.4208,1.0829,3.0,119,112,1.0,2.2326,0,4,0.0,0.6,0.95,oncology,0.7563,highly_crowded,1.0,117,0.0961064745762712,0.489035,-0.0275,46.67,0.901316,1.2891
STOK,"Stoke Therapeutics, Inc.",92,0.82,C,low_quality+no_catalyst_data,,,C,0.826754,0.311538,1,,0,,,0,no_upcoming,9,neutral,drawdown_data_missing,L,sponsor_confirmed,smart_money_score:+34.9;clinical_score:-23.9;financial_score:-12.0,tier=;reason=;cat_days=NA;strength=missing;decay_w=0.0,v1.3.0,31f399e0,1,,0,,"{""burn_ttm"": 0.0, ""cash_total"": 83394000.0, ""dilution_risk"": null, ""has_revenue"": null, ""lead_phase"": null, ""runway_months"": null, ""stage_bucket"": ""early"", ""surv_score"": ""5.0"", ""tier1_count"": 6}",early|none|nonpos,0.06969944897959185,40.253177,-1.4336,,0,-1.0114,-1.0348,6,6,buying,1.2943,elite_6,0.0,0.0,0.0,,,0.0,0,0,0,True,False,True,missing,0.0,adequate,<=1000bps,603.91,0.85,1,0,1.0,0,1.0,0,,False,no_upcoming,,,beta_missing:insufficient_overlap,6,,,insufficient_overlap,,series_too_short,59.8326,0.7422,,,early,mid,sev1,commercial_biotech,morningstar,,,drawdown,1,0.6916629498000888494002665482,50,41.25000000000000000000000000,80.0,43.92,21.20218886452652686418920186,33.06928280954254980229006202,19.8438,-1.0318,,,,,0.0,0,0,,0.0,0.5,other,-3.1996,uncrowded,1.0,189,0.06969944897959185,0.173246,-0.9414,19.16,0.366228,-0.3419
RPRX,Royalty Pharma plc,93,0.58,C,mod_quality+no_catalyst_data,,,C,0.813596,0.696154,1,,0,,,0,no_upcoming,9,neutral,drawdown_data_missing,M,,clinical_score:-23.1;smart_money_score:+8.2;catalyst_score:+5.7,tier=;reason=;cat_days=NA;strength=missing;decay_w=0.0,v1.3.0,31f399e0,1,,0,,"{""burn_ttm"": 0.0, ""cash_total"": 618696000.0, ""dilution_risk"": null, ""has_revenue"": null, ""lead_phase"": null, ""runway_months"": null, ""stage_bucket"": ""early"", ""surv_score"": ""3.0"", ""tier1_count"": 1}",early|none|nonpos,0.06969944897959185,54.636142,-1.4336,,0,-1.0114,-1.0348,1,1,neutral,-0.7105,elite_1,0.0,0.0,0.0,,,0.0,0,0,0,True,False,True,missing,0.0,adequate,<=400bps,240.28,1.0,0,0,1.0,0,1.0,0,,False,no_upcoming,,,beta_missing:series_too_short,1,,,series_too_short,,no_price_series,,0.257,,,early,large,sev1,commercial_biotech,morningstar,,,drawdown,1,0.7531823381377259208419126058,50,50,52.5,66.23,21.20218886452652686418920186,47.67920391297014673638050261,21.3772,-0.9664,,,,,,,,,,,,-1.5707,unknown,1.0,186,0.06969944897959185,0.186404,-0.8912,18.68,0.33114,-0.4368
RGEN,Repligen Corporation,94,0.97,C,low_quality+no_catalyst_data,,,C,0.809211,0.45,1,,0,,,0,no_upcoming,9,neutral,,L,sponsor_confirmed,clinical_score:-23.5;smart_money_score:+15.8;catalyst_score:+5.3,tier=;reason=;cat_days=NA;strength=missing;decay_w=0.0,v1.3.0,31f399e0,1,,0,,"{""burn_ttm"": 0.0, ""cash_total"": 748747000.0, ""dilution_risk"": null, ""has_revenue"": null, ""lead_phase"": null, ""runway_months"": null, ""stage_bucket"": ""early"", ""surv_score"": ""-1.0"", ""tier1_count"": 3}",early|none|nonpos,0.06969944897959185,44.981398,-1.4336,,0,,0.0,3,3,buying,0.0914,elite_3,0.0,0.0,0.0,,,0.0,0,0,0,True,False,True,missing,0.0,adequate,<=400bps,336.3,1.0,0,0,1.0,0,1.0,0,,False,no_upcoming,,,beta_missing:insufficient_overlap,3,,,insufficient_overlap,-0.339,,69.5749,0.4218,,,early,mid,sev1,platform_devices,morningstar,,,,0,0.7117748310623684502049407334,50,50,60.5,46.39,21.20218886452652686418920186,41.65532879818594104308390023,21.3772,-0.9664,,,,,,,,,,,,-1.5707,unknown,1.0,185,0.06969944897959185,0.190789,-0.875,19.53,0.383772,-0.2956
PSNL,"Personalis, Inc.",95,0.49,C,low_quality+no_catalyst_data,,,C,0.796053,0.511538,1,,0,,,0,no_upcoming,9,neutral,drawdown_data_missing,M,,clinical_score:-19.8;catalyst_score:+9.0;momentum_score:+9.0,tier=;reason=;cat_days=NA;strength=missing;decay_w=0.0,v1.3.0,31f399e0,1,,0,,"{""burn_ttm"": 52700000.0, ""cash_total"": 150515000.0, ""dilution_risk"": null, ""has_revenue"": null, ""lead_phase"": null, ""runway_months"": 34.18205904617714, ""stage_bucket"": ""early"", ""surv_score"": ""3.0"", ""tier1_count"": 0}",early|none|nonpos,0.06969944897959185,46.684735,-1.4336,,0,,0.0,0,0,neutral,-1.1115,,0.0,0.0,0.0,,,0.0,0,0,0,True,False,True,missing,0.0,adequate,<=1000bps,905.17,0.85,1,0,1.0,0,1.0,0,,False,no_upcoming,,,beta_missing:insufficient_overlap,0,,,insufficient_overlap,,series_too_short,48.5862,1.0777,,,early,small,sev1,platform_diagnostics,morningstar,,,drawdown,1,0.6179010416666666666666666667,50,50,,50,21.20218886452652686418920186,42.63274376417233560090702948,21.3772,-0.9664,,,,,,,,,,,,-1.5707,unknown,1.0,182,0.06969944897959185,0.203947,-0.8276,13.27,0.116228,-1.1941
TEM,"Tempus AI, Inc.",96,0.97,C,mod_quality+catalyst_far,,,C,0.537281,0.603846,1,,0,,882,0,specific_days,9,neutral,drawdown_data_missing,L,catalyst_far_lift|sponsor_confirmed,catalyst_score:-11.7;smart_money_score:+8.7;momentum_score:-7.3,tier=;reason=;cat_days=882;strength=far;decay_w=0.3,v1.3.0,31f399e0,1,,0,,"{""burn_ttm"": 218090000.0, ""cash_total"": 604787000.0, ""dilution_risk"": null, ""has_revenue"": null, ""lead_phase"": null, ""runway_months"": 25.16826017748832, ""stage_bucket"": ""late"", ""surv_score"": ""1.0"", ""tier1_count"": 4}",late|far_271_540|nonpos,0.0930939801980198,48.134786,1.18,0,1,,0.0,4,4,buying,0.4924,elite_4,0.0,0.0,0.0,,,0.0,0,0,0,True,False,True,far,0.3,adequate,<=400bps,199.47,1.0,0,0,1.0,0,1.0,0,882,False,specific_days,,,beta_missing:series_too_short,4,,,series_too_short,,no_price_series,,0.5816,,,late,mid,none,platform_services,morningstar,,,drawdown,1,0.8459278417173154015259278417,50,45.56250000000000000000000000,66.0,29.38,63.01886792452830188679245283,61.89285714285714285714285714,64.127,0.8571,3.0,609,132,1.0,0.3558,1,0,0.0,0.8,0.95,oncology,-0.4072,uncrowded,1.0,123,0.0930939801980198,0.462719,-0.0936,38.63,0.765351,0.7236
PRVA,"Privia Health Group, Inc.",97,0.49,C,low_quality+no_catalyst_data,,,C,0.791667,0.265385,1,,0,,,0,no_upcoming,9,neutral,,M,,clinical_score:-24.5;smart_money_score:+9.8;financial_score:+6.2,tier=;reason=;cat_days=NA;strength=missing;decay_w=0.0,v1.3.0,31f399e0,1,,0,,"{""burn_ttm"": 0.0, ""cash_total"": 441352000.0, ""dilution_risk"": null, ""has_revenue"": null, ""lead_phase"": null, ""runway_months"": null, ""stage_bucket"": ""early"", ""surv_score"": ""3.0"", ""tier1_count"": 1}",early|none|nonpos,0.06969944897959185,38.815623,-1.4336,,0,,0.0,1,1,buying,-0.7105,elite_1,0.0,0.0,0.0,,,0.0,0,0,0,True,False,True,missing,0.0,adequate,<=1000bps,754.69,0.85,1,0,1.0,0,1.0,0,,False,no_upcoming,,,beta_missing:series_too_short,1,,,series_too_short,-0.1587,,40.4,0.2771,,,early,mid,sev1,platform_services,morningstar,,,,0,0.7247565236719270949099799956,50,50,55.5,15.54,21.20218886452652686418920186,51.94805194805194805194805195,21.3772,-0.9664,,,,,,,,,,,,-1.5707,unknown,1.0,181,0.06969944897959185,0.208333,-0.8122,19.01,0.357456,-0.3653
DNA,"Ginkgo Bioworks Holdings, Inc.",98,0.41,A,high_quality+catalyst_near,,,A,0.519737,0.95,1,,0,,30,1,specific_days,9,neutral,drawdown_data_missing,M,tier_a_commercial|cost_haircut_<=2000bps,catalyst_score:-21.0;financial_score:+14.4;clinical_score:+9.6,tier=;reason=;cat_days=30;strength=near;decay_w=1.0,v1.3.0,31f399e0,1,,0,,"{""burn_ttm"": 123381000.0, ""cash_total"": 495484000.0, ""dilution_risk"": null, ""has_revenue"": null, ""lead_phase"": null, ""runway_months"": 48.19062902715977, ""stage_bucket"": ""late"", ""surv_score"": ""4.0"", ""tier1_count"": 1}",late|near_0_30|nonpos,0.09603160592255125,72.3025,1.1825,0,1,0.8936,0.0,1,1,neutral,-0.7105,elite_1,0.0,0.0,0.0,,,0.0,0,0,0,True,False,True,near,1.0,adequate,<=2000bps,1199.57,0.7,1,0,1.0,0,1.0,0,30,True,specific_days,,,beta_missing:series_too_short,1,,,series_too_short,,no_price_series,,0.7795,,,late,small,none,commercial_biotech,morningstar,,,drawdown,1,0.8333465789146901775735750652,50,33.00000000000000000000000000,55.0,90.00,63.58490566037735849056603774,68.450,64.9849,0.8937,3.0,30,580,1.0,2.8986,7,4,0.0,0.8,0.95,oncology,0.7563,highly_crowded,1.0,119,0.09603160592255125,0.480263,-0.0495,38.88,0.778509,0.7672
PCRX,"Pacira BioSciences, Inc.",99,0.49,B,high_quality+no_catalyst_data,,,B,0.787281,0.880769,1,,0,,,0,no_upcoming,9,neutral,,M,,clinical_score:-22.6;financial_score:+19.0;momentum_score:+6.2,tier=;reason=;cat_days=NA;strength=missing;decay_w=0.0,v1.3.0,31f399e0,1,,0,,"{""burn_ttm"": 0.0, ""cash_total"": 246334000.0, ""dilution_risk"": null, ""has_revenue"": null, ""lead_phase"": null, ""runway_months"": null, ""stage_bucket"": ""early"", ""surv_score"": ""-1.0"", ""tier1_count"": 0}",early|none|nonpos,0.06969944897959185,66.901714,-1.4336,,0,-1.1068,-1.4107,0,0,neutral,-1.1115,,0.0,0.0,0.0,,,0.0,0,0,0,True,False,True,missing,0.0,adequate,<=1000bps,713.74,0.85,1,0,1.0,0,1.0,0,,False,no_upcoming,,,beta_missing:insufficient_overlap,0,,,insufficient_overlap,-0.2253,,38.0686,0.3370,,,early,small,sev1,commercial_pharma,morningstar,,,,0,0.7292744104033502314304606568,50,41.25000000000000000000000000,,81.76,21.20218886452652686418920186,62.85714285714285714285714286,19.8438,-1.0318,,,,,0.0,0,0,,0.0,0.5,other,-3.4323,uncrowded,1.0,180,0.06969944897959185,0.212719,-0.797,20.63,0.427632,-0.1824
PAHC,Phibro Animal Health Corporatio,100,0.49,C,low_quality+no_catalyst_data,,,C,0.782895,0.057692,1,,0,,,0,no_upcoming,9,neutral,drawdown_data_missing,M,,clinical_score:-15.7;catalyst_score:+13.1;momentum_score:+13.1,tier=;reason=;cat_days=NA;strength=missing;decay_w=0.0,v1.3.0,31f399e0,1,,0,,"{""burn_ttm"": 0.0, ""cash_total"": 74508000.0, ""dilution_risk"": null, ""has_revenue"": null, ""lead_phase"": null, ""runway_months"": null, ""stage_bucket"": ""early"", ""surv_score"": ""1.0"", ""tier1_count"": 0}",early|none|nonpos,0.06969944897959185,27.285939,-1.4336,,0,-1.1068,-1.1864,0,0,neutral,-1.1115,,0.0,0.0,0.0,,,0.0,0,0,0,True,False,True,missing,0.0,adequate,<=1000bps,831.95,0.85,1,0,1.0,0,1.0,0,,False,no_upcoming,,,beta_missing:insufficient_overlap,0,,,insufficient_overlap,,series_too_short,36.3729,0.4021,,,early,mid,sev1,commercial_pharma,morningstar,,,drawdown,1,0.6964030041475170944961327205,50,50,,15.54,21.20218886452652686418920186,26.32653061224489795918367346,21.3772,-0.9664,,,,,,,,,,,,-1.5707,unknown,1.0,179,0.06969944897959185,0.217105,-0.782,13.83,0.133772,-1.1087
PACB,Pacific Biosciences of Californ,101,0.82,C,mod_quality+no_catalyst_data,,,C,0.778509,0.780769,1,,0,,,0,no_upcoming,9,neutral,drawdown_data_missing,L,sponsor_confirmed,clinical_score:-28.3;financial_score:+18.9;smart_money_score:+8.5,tier=;reason=;cat_days=NA;strength=missing;decay_w=0.0,v1.3.0,31f399e0,1,,0,,"{""burn_ttm"": 111209000.0, ""cash_total"": 279506000.0, ""dilution_risk"": null, ""has_revenue"": null, ""lead_phase"": null, ""runway_months"": 30.160076972187504, ""stage_bucket"": ""early"", ""surv_score"": ""1.0"", ""tier1_count"": 2}",early|none|nonpos,0.06969944897959185,58.3025,-1.4336,,0,,0.0,2,2,buying,-0.3095,elite_2,0.0,0.0,0.0,,,0.0,0,0,0,True,False,True,missing,0.0,adequate,<=1000bps,913.25,0.85,1,0,1.0,0,1.0,0,,False,no_upcoming,,,beta_missing:insufficient_overlap,2,,,insufficient_overlap,,series_too_short,33.0703,1.0113,,,early,small,sev1,platform_devices,morningstar,,,drawdown,1,0.6283169342309684101501812532,50,50,58.0,50,21.20218886452652686418920186,68.450,21.3772,-0.9664,,,,,,,,,,,,-1.5707,unknown,1.0,178,0.06969944897959185,0.221491,-0.7672,19.15,0.361842,-0.3535
OPCH,"Option Care Health, Inc.",102,0.49,C,low_quality+no_catalyst_data,,,C,0.774123,0.503846,1,,0,,,0,no_upcoming,9,neutral,,M,,clinical_score:-20.6;catalyst_score:+8.2;momentum_score:+8.2,tier=;reason=;cat_days=NA;strength=missing;decay_w=0.0,v1.3.0,31f399e0,1,,0,,"{""burn_ttm"": 0.0, ""cash_total"": 232624000.0, ""dilution_risk"": null, ""has_revenue"": null, ""lead_phase"": null, ""runway_months"": null, ""stage_bucket"": ""early"", ""surv_score"": ""1.0"", ""tier1_count"": 0}",early|none|nonpos,0.06969944897959185,46.612336,-1.4336,,0,,0.0,0,0,neutral,-1.1115,,0.0,0.0,0.0,,,0.0,0,0,0,True,False,True,missing,0.0,adequate,<=1000bps,411.44,0.85,1,0,1.0,0,1.0,0,,False,no_upcoming,,,beta_missing:insufficient_overlap,0,,,insufficient_overlap,-0.2239,,57.988,0.3048,,,early,mid,sev1,platform_services,morningstar,,,,0,0.7335897149245388485187255450,50,50,,45.27,21.20218886452652686418920186,46.15074680009744944809879874,21.3772,-0.9664,,,,,,,,,,,,-1.5707,unknown,1.0,177,0.06969944897959185,0.225877,-0.7525,17.43,0.296053,-0.5358
NBIX,"Neurocrine Biosciences, Inc.",103,0.97,C,mod_quality+no_catalyst_data,,,C,0.335526,0.726923,1,,0,,,0,no_upcoming,9,neutral,drawdown_data_missing,L,sponsor_confirmed,smart_money_score:+22.1;catalyst_score:-19.6;clinical_score:+15.8,tier=;reason=;cat_days=NA;strength=missing;decay_w=0.0,v1.3.0,31f399e0,1,,0,,"{""burn_ttm"": 0.0, ""cash_total"": 713000000.0, ""dilution_risk"": null, ""has_revenue"": null, ""lead_phase"": null, ""runway_months"": null, ""stage_bucket"": ""late"", ""surv_score"": ""3.0"", ""tier1_count"": 8}",late|none|pos,0.1,56.022302,1.1963,0,1,1.2866,1.4025,8,8,buying,2.0963,elite_8,0.0,0.0,0.0,,,0.0,0,0,0,True,False,True,missing,0.0,adequate,<=400bps,265.05,1.0,0,0,1.0,0,1.0,0,,False,no_upcoming,,,beta_missing:insufficient_overlap,8,,,insufficient_overlap,,series_too_short,40.0677,0.3467,,,late,large,none,commercial_pharma,morningstar,,,drawdown,1,0.9,50,41.25000000000000000000000000,83.0,62.84,76.60377358490566037735849056,53.39622641509433962264150944,77.6908,1.4357,3.0,623,28,1.0,0.8719,2,1,0.0,0.8,0.6,cns,-0.4072,uncrowded,1.0,77,0.1,0.664474,0.4247,49.13,0.923246,1.4272
MYGN,"Myriad Genetics, Inc.",104,0.2,C,low_quality+no_catalyst_data,,,C,0.765351,0.480769,1,,0,,,0,no_upcoming,9,neutral,drawdown_data_missing,S,cost_haircut_<=2000bps,clinical_score:-27.4;financial_score:+17.7;smart_money_score:+6.9,tier=;reason=;cat_days=NA;strength=missing;decay_w=0.0,v1.3.0,31f399e0,1,,0,,"{""burn_ttm"": 0.0, ""cash_total"": 149600000.0, ""dilution_risk"": null, ""has_revenue"": null, ""lead_phase"": null, ""runway_months"": null, ""stage_bucket"": ""early"", ""surv_score"": ""-1.0"", ""tier1_count"": 1}",early|none|nonpos,0.06969944897959185,45.267571,-1.4336,,0,,0.0,1,1,buying,-0.7105,elite_1,0.0,0.0,0.0,,,0.0,0,0,0,True,False,True,missing,0.0,adequate,<=2000bps,1416.19,0.7,1,0,1.0,0,1.0,0,,False,no_upcoming,,,beta_missing:insufficient_overlap,1,,,insufficient_overlap,,series_too_short,48.3687,0.6452,,,early,small,sev1,platform_diagnostics,morningstar,,,drawdown,1,0.6181163404442489553551792391,50,50,55.5,15.54,21.20218886452652686418920186,66.28571428571428571428571428,21.3772,-0.9664,,,,,,,,,,,,-1.5707,unknown,1.0,175,0.06969944897959185,0.234649,-0.7236,16.49,0.252193,-0.6676
REGN,"Regeneron Pharmaceuticals, Inc.",105,0.97,C,mod_quality+catalyst_far,,,C,0.388158,0.703846,1,,0,,209,0,specific_days,9,neutral,drawdown_data_missing,L,catalyst_far_lift|sponsor_confirmed,clinical_score:+13.6;catalyst_score:-12.9;momentum_score:-8.4,tier=;reason=;cat_days=209;strength=far;decay_w=0.3,v1.3.0,31f399e0,1,,0,,"{""burn_ttm"": 0.0, ""cash_total"": 8605200000.0, ""dilution_risk"": null, ""has_revenue"": null, ""lead_phase"": null, ""runway_months"": null, ""stage_bucket"": ""late"", ""surv_score"": ""4.0"", ""tier1_count"": 4}",late|near_181_270|pos,0.1,54.758755,1.1944,0,1,1.2753,1.2334,4,4,buying,0.4924,elite_4,0.0,0.0,0.0,,,0.0,0,0,0,True,False,True,far,0.3,adequate,<=400bps,128.53,1.0,0,0,1.0,0,1.0,0,209,False,specific_days,,,beta_missing:insufficient_overlap,4,,,insufficient_overlap,,series_too_short,32.3944,0.388,,,late,large,none,commercial_biotech,morningstar,,,drawdown,1,0.9,50,45.56250000000000000000000000,66.0,52.68,72.07547169811320754716981132,58.49056603773584905660377358,73.4755,1.2559,3.0,13,195,1.0,7.4638,12,12,0.0,0.6,0.95,oncology,0.7563,highly_crowded,1.0,89,0.1,0.611842,0.2841,47.20,0.910088,1.3413
MRVI,"Maravai LifeSciences Holdings, Inc.",106,0.2,C,low_quality+no_catalyst_data,,,C,0.760965,0.488462,1,,0,,,0,no_upcoming,9,neutral,deep_drawdown,S,cost_haircut_<=2000bps,clinical_score:-19.1;catalyst_score:+9.7;momentum_score:+9.7,tier=;reason=;cat_days=NA;strength=missing;decay_w=0.0,v1.3.0,31f399e0,1,,0,,"{""burn_ttm"": 34805000.0, ""cash_total"": 243574000.0, ""dilution_risk"": null, ""has_revenue"": null, ""lead_phase"": null, ""runway_months"": 82.10337595173107, ""stage_bucket"": ""early"", ""surv_score"": ""-2.0"", ""tier1_count"": 0}",early|none|nonpos,0.06969944897959185,45.446163,-1.4336,,0,-1.0114,-1.0348,0,0,neutral,-1.1115,,0.0,0.0,0.0,,,0.0,0,0,0,True,False,True,missing,0.0,adequate,<=2000bps,1558.12,0.7,1,0,1.0,0,1.0,0,,False,no_upcoming,,,beta_missing:series_too_short,0,,,series_too_short,-0.3562,,56.6,0.6854,,,early,small,sev1,commercial_biotech,morningstar,,,,0,0.6673151029748283752860411899,50,50,,50,21.20218886452652686418920186,39.88036281179138321995464852,21.3772,-0.9664,,,,,,,,,,,,-1.5707,unknown,1.0,174,0.06969944897959185,0.239035,-0.7094,13.90,0.138158,-1.0886
TECH,Bio-Techne Corporation,107,0.97,C,low_quality,,,C,0.440789,0.173077,1,,0,,183,0,specific_days,9,neutral,,L,catalyst_far_lift,financial_score:-28.1;clinical_score:+19.5;smart_money_score:+8.0,tier=;reason=;cat_days=183;strength=far;decay_w=0.3,v1.3.0,31f399e0,1,,0,,"{""burn_ttm"": 0.0, ""cash_total"": 172879000.0, ""dilution_risk"": null, ""has_revenue"": null, ""lead_phase"": null, ""runway_months"": null, ""stage_bucket"": ""late"", ""surv_score"": ""3.0"", ""tier1_count"": 1}",late|near_181_270|pos,0.1,32.977082,1.1865,0,1,1.0463,1.0063,1,1,buying,-0.7105,elite_1,0.0,0.0,0.0,,,0.0,0,0,0,True,False,True,far,0.3,adequate,<=400bps,284.71,1.0,0,0,1.0,0,1.0,0,183,False,specific_days,,,beta_missing:insufficient_overlap,1,,,insufficient_overlap,-0.2358,,32.7914,0.3925,,,late,mid,none,commercial_biotech,morningstar,,,,0,0.9,50,45.56250000000000000000000000,55.5,40.78,66.98113207547169811320754717,19.34240362811791383219954649,68.7311,1.0535,3.0,31,539,1.0,3.8998,2,8,0.0,0.7,0.95,oncology,-0.4072,uncrowded,1.0,101,0.1,0.559211,0.149,35.21,0.703947,0.5358
LGND,Ligand Pharmaceuticals Incorporated,108,0.49,C,low_quality+no_catalyst_data,,,C,0.752193,0.365385,1,,0,,,0,no_upcoming,9,neutral,,M,,clinical_score:-24.6;financial_score:+16.3;catalyst_score:+4.2,tier=;reason=;cat_days=NA;strength=missing;decay_w=0.0,v1.3.0,31f399e0,1,,0,,"{""burn_ttm"": 0.0, ""cash_total"": 664522000.0, ""dilution_risk"": null, ""has_revenue"": null, ""lead_phase"": null, ""runway_months"": null, ""stage_bucket"": ""early"", ""surv_score"": ""3.0"", ""tier1_count"": 0}",early|none|nonpos,0.06969944897959185,43.374065,-1.4336,,0,-1.0114,-1.0348,0,0,neutral,-1.1115,,0.0,0.0,0.0,,,0.0,0,0,0,True,False,True,missing,0.0,adequate,<=1000bps,494.19,0.85,1,0,1.0,0,1.0,0,,False,no_upcoming,,,beta_missing:insufficient_overlap,0,,,insufficient_overlap,-0.2097,,24.3328,0.2960,,,early,mid,sev1,commercial_biotech,morningstar,,,,0,0.7264208310001119946242580356,50,50,,15.54,21.20218886452652686418920186,62.07792207792207792207792208,21.3772,-0.9664,,,,,,,,,,,,-1.5707,unknown,1.0,172,0.06969944897959185,0.247807,-0.6814,19.19,0.370614,-0.3302
LFCR,"Lifecore Biomedical, Inc.",109,0.16,C,low_quality+no_catalyst_data,,,C,0.747807,0.019231,1,,0,,,0,no_upcoming,9,neutral,drawdown_data_missing,S,cost_haircut_>2000bps,financial_score:-16.3;catalyst_score:+15.0;momentum_score:+15.0,tier=;reason=;cat_days=NA;strength=missing;decay_w=0.0,v1.3.0,31f399e0,1,,0,,"{""burn_ttm"": 0.0, ""cash_total"": 18856000.0, ""dilution_risk"": null, ""has_revenue"": null, ""lead_phase"": null, ""runway_months"": null, ""stage_bucket"": ""early"", ""surv_score"": ""1.0"", ""tier1_count"": 0}",early|none|nonpos,0.06969944897959185,23.867487,-1.4336,,0,-1.1068,-1.1864,0,0,neutral,-1.1115,,0.0,0.0,0.0,,,0.0,0,0,0,True,False,True,missing,0.0,adequate,>2000bps,2020.0,0.55,1,0,1.0,0,1.0,0,,False,no_upcoming,,,beta_missing:insufficient_overlap,0,,,insufficient_overlap,,series_too_short,49.0691,0.4595,,,early,micro,sev1,commercial_pharma,morningstar,,,drawdown,1,0.7115374717590102205486820871,50,50,,15.54,21.20218886452652686418920186,18.72997132737392477652217912,21.3772,-0.9664,,,,,,,,,,,,-1.5707,unknown,1.0,171,0.06969944897959185,0.252193,-0.6676,12.30,0.094298,-1.3147
UTHR,United Therapeutics Corporation,110,0.97,C,mod_quality+catalyst_far,,,C,0.515351,0.826923,1,,0,,670,0,specific_days,9,neutral,overbought_rsi,L,catalyst_far_lift|sponsor_confirmed,smart_money_score:+17.8;catalyst_score:-13.6;momentum_score:-9.2,tier=;reason=;cat_days=670;strength=far;decay_w=0.3,v1.3.0,31f399e0,1,,0,,"{""burn_ttm"": 0.0, ""cash_total"": 2920300000.0, ""dilution_risk"": null, ""has_revenue"": null, ""lead_phase"": null, ""runway_months"": null, ""stage_bucket"": ""late"", ""surv_score"": ""3.0"", ""tier1_count"": 7}",late|far_271_540|pos,0.0961064745762712,63.408774,1.1646,0,1,0.6019,0.6619,7,7,buying,1.6953,elite_7,0.0,0.0,0.0,,,0.0,0,0,0,True,False,True,far,0.3,adequate,<=400bps,229.51,1.0,0,0,1.0,0,1.0,0,670,False,specific_days,,,beta_missing:insufficient_overlap,7,0.2877,,insufficient_overlap,-0.0118,,71.0375,0.2791,,,late,large,none,commercial_pharma,morningstar,,,,0,0.9,50,45.56250000000000000000000000,77.0,72.30,60.75471698113207547169811321,62.45283018867924528301886793,62.1547,0.773,3.0,12,62,1.0,3.7166,3,4,0.0,0.5,0.95,oncology,0.7563,highly_crowded,1.0,118,0.0961064745762712,0.484649,-0.0385,46.38,0.89693,1.2642
KROS,"Keros Therapeutics, Inc.",111,0.41,B,high_quality+no_catalyst_data,,,B,0.743421,0.965385,1,,0,,,0,no_upcoming,9,neutral,drawdown_data_missing,M,sponsor_confirmed|cost_haircut_<=2000bps,clinical_score:-28.4;financial_score:+20.1;smart_money_score:+16.4,tier=;reason=;cat_days=NA;strength=missing;decay_w=0.0,v1.3.0,31f399e0,1,,0,,"{""burn_ttm"": 0.0, ""cash_total"": 693472000.0, ""dilution_risk"": null, ""has_revenue"": null, ""lead_phase"": null, ""runway_months"": null, ""stage_bucket"": ""early"", ""surv_score"": ""5.0"", ""tier1_count"": 4}",early|none|nonpos,0.06969944897959185,72.871429,-1.4336,,0,-1.0114,-0.9466,4,4,buying,0.4924,elite_4,0.0,0.0,0.0,,,0.0,0,0,0,True,False,True,missing,0.0,adequate,<=2000bps,1232.31,0.7,1,0,1.0,0,1.0,0,,False,no_upcoming,,,beta_missing:series_too_short,4,,,series_too_short,,no_price_series,,0.4961,,,early,small,sev1,commercial_biotech,morningstar,,,drawdown,1,0.7353474670443403420851944656,50,41.25000000000000000000000000,66.0,90.00,21.20218886452652686418920186,69.71428571428571428571428572,19.8438,-1.0318,,,,,0.0,0,0,,0.0,0.5,other,-0.4072,uncrowded,1.0,170,0.06969944897959185,0.256579,-0.6539,24.55,0.524123,0.0605
NTRA,"Natera, Inc.",112,0.97,C,low_quality+no_catalyst_data,,,C,0.339912,0.203846,1,,0,,,0,no_upcoming,9,neutral,,L,sponsor_confirmed,clinical_score:+22.3;catalyst_score:-11.9;financial_score:-7.6,tier=;reason=;cat_days=NA;strength=missing;decay_w=0.0,v1.3.0,31f399e0,1,,0,,"{""burn_ttm"": 0.0, ""cash_total"": 1000000.0, ""dilution_risk"": null, ""has_revenue"": null, ""lead_phase"": null, ""runway_months"": null, ""stage_bucket"": ""late"", ""surv_score"": ""2.0"", ""tier1_count"": 5}",late|none|nonpos,0.1,35.929744,1.1963,0,1,,0.0,5,5,selling,0.8934,elite_5,0.0,0.0,0.0,,,0.0,0,0,0,True,False,True,missing,0.0,adequate,<=400bps,210.15,1.0,0,0,1.0,0,1.0,0,,False,no_upcoming,,,beta_missing:insufficient_overlap,5,,,insufficient_overlap,-0.3449,,54.9192,0.3255,,,late,large,none,platform_diagnostics,morningstar,,,,0,0.8244384822987775837434513415,50,41.25000000000000000000000000,53.5,15.54,75.47169811320754716981132075,45.53498674894189312131640362,75.4775,1.3412,3.0,285,50,1.0,0.267,0,0,0.0,0.8,0.95,oncology,0.2909,moderate,1.0,78,0.1,0.660088,0.4127,33.77,0.664474,0.4247
ILMN,"Illumina, Inc.",113,0.97,C,mod_quality+no_catalyst_data,,,C,0.734649,0.642308,1,,0,,,0,no_upcoming,9,neutral,drawdown_data_missing,L,sponsor_confirmed,clinical_score:-20.6;smart_money_score:+10.2;momentum_score:+8.2,tier=;reason=;cat_days=NA;strength=missing;decay_w=0.0,v1.3.0,31f399e0,1,,0,,"{""burn_ttm"": 0.0, ""cash_total"": 215000000.0, ""dilution_risk"": null, ""has_revenue"": null, ""lead_phase"": null, ""runway_months"": null, ""stage_bucket"": ""early"", ""surv_score"": ""4.0"", ""tier1_count"": 2}",early|none|nonpos,0.06969944897959185,50.103277,-1.4336,,0,,0.0,2,2,selling,-0.3095,elite_2,0.0,0.0,0.0,,,0.0,0,0,0,True,False,True,missing,0.0,adequate,<=400bps,196.98,1.0,0,0,1.0,0,1.0,0,,False,no_upcoming,,,beta_missing:insufficient_overlap,2,,,insufficient_overlap,,series_too_short,26.6274,0.6123,,,early,large,sev1,platform_diagnostics,morningstar,,,drawdown,1,0.5482475920337960168980084490,50,41.25000000000000000000000000,52.0,57.19,21.20218886452652686418920186,44.63728191000918273645546372,19.8438,-1.0318,,,,,0.0,0,0,,0.0,0.5,other,-2.7342,uncrowded,1.0,168,0.06969944897959185,0.265351,-0.6269,14.63,0.164474,-0.9762
FTRE,Fortrea Holdings Inc.,114,0.49,C,low_quality+no_catalyst_data,,,C,0.730263,0.565385,1,,0,,,0,no_upcoming,9,neutral,drawdown_data_missing,M,,clinical_score:-21.6;smart_money_score:+12.7;catalyst_score:+7.2,tier=;reason=;cat_days=NA;strength=missing;decay_w=0.0,v1.3.0,31f399e0,1,,0,,"{""burn_ttm"": 15600000.0, ""cash_total"": 131300000.0, ""dilution_risk"": null, ""has_revenue"": null, ""lead_phase"": null, ""runway_months"": 43.69230769230769, ""stage_bucket"": ""early"", ""surv_score"": ""1.0"", ""tier1_count"": 1}",early|none|nonpos,0.06969944897959185,47.643684,-1.4336,,0,-1.0114,-1.0348,1,1,buying,-0.7105,elite_1,0.0,0.0,0.0,,,0.0,0,0,0,True,False,True,missing,0.0,adequate,<=1000bps,770.09,0.85,1,0,1.0,0,1.0,0,,False,no_upcoming,,,beta_missing:series_too_short,1,,,series_too_short,,no_price_series,,0.8315,,,early,small,sev1,commercial_biotech,morningstar,,,drawdown,1,0.6175386132106473874465987512,50,50,55.5,59.75,21.20218886452652686418920186,37.18040816326530612244897958,21.3772,-0.9664,,,,,,,,,,,,-1.5707,unknown,1.0,167,0.06969944897959185,0.269737,-0.6136,15.53,0.203947,-0.8276
FLGT,"Fulgent Genetics, Inc.",115,0.2,B,high_quality+no_catalyst_data,,,B,0.725877,0.857692,1,,0,,,0,no_upcoming,9,neutral,drawdown_data_missing,S,cost_haircut_<=2000bps,clinical_score:-22.5;financial_score:+9.8;catalyst_score:+6.3,tier=;reason=;cat_days=NA;strength=missing;decay_w=0.0,v1.3.0,31f399e0,1,,0,,"{""burn_ttm"": 23495000.0, ""cash_total"": 117641000.0, ""dilution_risk"": null, ""has_revenue"": null, ""lead_phase"": null, ""runway_months"": 60.08478399659502, ""stage_bucket"": ""early"", ""surv_score"": ""2.0"", ""tier1_count"": 0}",early|none|nonpos,0.06969944897959185,65.581429,-1.4336,,0,,0.0,0,0,neutral,-1.1115,,0.0,0.0,0.0,,,0.0,0,0,0,True,False,True,missing,0.0,adequate,<=2000bps,1631.39,0.7,1,0,1.0,0,1.0,0,,False,no_upcoming,,,beta_missing:insufficient_overlap,0,,,insufficient_overlap,,series_too_short,57.1246,0.4849,,,early,small,sev1,platform_diagnostics,morningstar,,,drawdown,1,0.7149548051663747810858143608,50,50,,90.00,21.20218886452652686418920186,53.51428571428571428571428571,21.3772,-0.9664,,,,,,,,,,,,-1.5707,unknown,1.0,166,0.06969944897959185,0.274123,-0.6004,20.10,0.414474,-0.2161
SUPN,"Supernus Pharmaceuticals, Inc.",116,0.82,C,low_quality,,,C,0.427632,0.065385,1,,0,,214,0,specific_days,9,neutral,drawdown_data_missing,L,catalyst_far_lift|sponsor_confirmed,financial_score:-22.3;clinical_score:+17.8;smart_money_score:+6.3,tier=;reason=;cat_days=214;strength=far;decay_w=0.3,v1.3.0,31f399e0,1,,0,,"{""burn_ttm"": 0.0, ""cash_total"": 151371000.0, ""dilution_risk"": null, ""has_revenue"": null, ""lead_phase"": null, ""runway_months"": null, ""stage_bucket"": ""late"", ""surv_score"": ""1.0"", ""tier1_count"": 2}",late|near_181_270|pos,0.1,27.285939,1.1862,0,1,0.8464,0.9264,2,2,neutral,-0.3095,elite_2,0.0,0.0,0.0,,,0.0,0,0,0,True,False,True,far,0.3,adequate,<=1000bps,505.15,0.85,1,0,1.0,0,1.0,0,214,False,specific_days,,,beta_missing:insufficient_overlap,2,,,insufficient_overlap,,series_too_short,40.2621,0.4534,,,late,mid,none,commercial_pharma,morningstar,,,drawdown,1,0.9,50,45.56250000000000000000000000,55.0,15.54,66.41509433962264150943396226,26.32653061224489795918367346,67.1521,0.9861,3.0,14,28,1.0,1.8895,1,1,0.0,0.4,0.6,cns,0.7563,highly_crowded,1.0,98,0.1,0.572368,0.1824,35.12,0.699561,0.5231
ETON,"Eton Pharmaceuticals, Inc.",117,0.41,C,low_quality+no_catalyst_data,,,C,0.717105,0.211538,1,,0,,,0,no_upcoming,9,neutral,drawdown_data_missing,M,sponsor_confirmed|cost_haircut_<=2000bps,smart_money_score:+20.4;financial_score:-19.9;clinical_score:-19.4,tier=;reason=;cat_days=NA;strength=missing;decay_w=0.0,v1.3.0,31f399e0,1,,0,,"{""burn_ttm"": 0.0, ""cash_total"": 37121000.0, ""dilution_risk"": null, ""has_revenue"": null, ""lead_phase"": null, ""runway_months"": null, ""stage_bucket"": ""early"", ""surv_score"": ""-1.0"", ""tier1_count"": 2}",early|none|nonpos,0.06969944897959185,36.105827,-1.4336,,0,-1.1068,-1.1864,2,2,buying,-0.3095,elite_2,0.0,0.0,0.0,,,0.0,0,0,0,True,False,True,missing,0.0,adequate,<=2000bps,1543.73,0.7,1,0,1.0,0,1.0,0,,False,no_upcoming,,,beta_missing:insufficient_overlap,2,,,insufficient_overlap,,series_too_short,38.3099,0.4387,,,early,small,sev1,commercial_pharma,morningstar,,,drawdown,1,0.7060478384279475982532751092,50,50,61.0,47.97,21.20218886452652686418920186,20.70294784580498866213151928,21.3772,-0.9664,,,,,,,,,,,,-1.5707,unknown,1.0,164,0.06969944897959185,0.282895,-0.5743,14.63,0.16886,-0.9587
CTKB,"Cytek Biosciences, Inc.",118,0.2,C,low_quality+no_catalyst_data,,,C,0.703947,0.357692,1,,0,,,0,no_upcoming,9,neutral,drawdown_data_missing,S,cost_haircut_<=2000bps,clinical_score:-17.7;catalyst_score:+11.1;momentum_score:+11.1,tier=;reason=;cat_days=NA;strength=missing;decay_w=0.0,v1.3.0,31f399e0,1,,0,,"{""burn_ttm"": 3915000.0, ""cash_total"": 93281000.0, ""dilution_risk"": null, ""has_revenue"": null, ""lead_phase"": null, ""runway_months"": 285.91877394636015, ""stage_bucket"": ""early"", ""surv_score"": ""2.0"", ""tier1_count"": 0}",early|none|nonpos,0.06969944897959185,43.039796,-1.4336,,0,,0.0,0,0,neutral,-1.1115,,0.0,0.0,0.0,,,0.0,0,0,0,True,False,True,missing,0.0,adequate,<=2000bps,1537.39,0.7,1,0,1.0,0,1.0,0,,False,no_upcoming,,,beta_missing:series_too_short,0,,,series_too_short,,no_price_series,,0.7238,,,early,small,sev1,platform_devices,morningstar,,,drawdown,1,0.6841434778089595676125142917,50,50,,50,21.20218886452652686418920186,34.53287981859410430839002268,21.3772,-0.9664,,,,,,,,,,,,-1.5707,unknown,1.0,161,0.06969944897959185,0.296053,-0.5358,14.74,0.182018,-0.9077
CSTL,"Castle Biosciences, Inc.",119,0.49,C,mod_quality+no_catalyst_data,,,C,0.699561,0.834615,1,,0,,,0,no_upcoming,9,neutral,drawdown_data_missing,M,,clinical_score:-27.4;financial_score:+24.6;catalyst_score:+1.4,tier=;reason=;cat_days=NA;strength=missing;decay_w=0.0,v1.3.0,31f399e0,1,,0,,"{""burn_ttm"": 0.0, ""cash_total"": 287542000.0, ""dilution_risk"": null, ""has_revenue"": null, ""lead_phase"": null, ""runway_months"": null, ""stage_bucket"": ""early"", ""surv_score"": ""3.0"", ""tier1_count"": 0}",early|none|nonpos,0.06969944897959185,63.487286,-1.4336,,0,,0.0,0,0,neutral,-1.1115,,0.0,0.0,0.0,,,0.0,0,0,0,True,False,True,missing,0.0,adequate,<=1000bps,918.38,0.85,1,0,1.0,0,1.0,0,,False,no_upcoming,,,beta_missing:insufficient_overlap,0,,,insufficient_overlap,,series_too_short,44.0916,0.5471,,,early,small,sev1,platform_diagnostics,morningstar,,,drawdown,1,0.6982384598435606477911204142,50,50,,58.78,21.20218886452652686418920186,73.14285714285714285714285714,21.3772,-0.9664,,,,,,,,,,,,-1.5707,unknown,1.0,160,0.06969944897959185,0.300439,-0.5231,20.09,0.410088,-0.2273
CATX,"Perspective Therapeutics, Inc.",120,0.82,C,mod_quality+no_catalyst_data,,,C,0.686404,0.688462,1,,0,,,0,no_upcoming,9,neutral,drawdown_data_missing,L,sponsor_confirmed,clinical_score:-24.5;smart_money_score:+12.3;financial_score:+12.2,tier=;reason=;cat_days=NA;strength=missing;decay_w=0.0,v1.3.0,31f399e0,1,,0,,"{""burn_ttm"": 57827000.0, ""cash_total"": 174137000.0, ""dilution_risk"": null, ""has_revenue"": null, ""lead_phase"": null, ""runway_months"": 36.13613018140315, ""stage_bucket"": ""early"", ""surv_score"": ""5.0"", ""tier1_count"": 2}",early|none|nonpos,0.06969944897959185,53.548571,-1.4336,,0,,0.0,2,2,buying,-0.3095,elite_2,0.0,0.0,0.0,,,0.0,0,0,0,True,False,True,missing,0.0,adequate,<=1000bps,741.74,0.85,1,0,1.0,0,1.0,0,,False,no_upcoming,,,beta_missing:insufficient_overlap,2,,,insufficient_overlap,,series_too_short,56.8605,0.7923,,,early,small,sev1,platform_devices,morningstar,,,drawdown,1,0.6277177863150244003737929602,50,41.25000000000000000000000000,58.0,50,21.20218886452652686418920186,57.88571428571428571428571429,19.4938,-1.0468,,,,,0.0,0,0,,0.0,0.5,other,0.7563,highly_crowded,1.0,157,0.06969944897959185,0.313596,-0.4857,15.67,0.212719,-0.797
BRKR,Bruker Corporation,121,0.58,C,mod_quality+no_catalyst_data,,,C,0.682018,0.734615,1,,0,,,0,no_upcoming,9,neutral,drawdown_data_missing,M,,clinical_score:-21.2;catalyst_score:+7.6;momentum_score:+7.6,tier=;reason=;cat_days=NA;strength=missing;decay_w=0.0,v1.3.0,31f399e0,1,,0,,"{""burn_ttm"": 95700000.0, ""cash_total"": 293100000.0, ""dilution_risk"": null, ""has_revenue"": null, ""lead_phase"": null, ""runway_months"": 36.75235109717868, ""stage_bucket"": ""early"", ""surv_score"": ""-1.0"", ""tier1_count"": 0}",early|none|nonpos,0.06969944897959185,56.089153,-1.4336,,0,,0.0,0,0,neutral,-1.1115,,0.0,0.0,0.0,,,0.0,0,0,0,True,False,True,missing,0.0,adequate,<=400bps,329.83,1.0,0,0,1.0,0,1.0,0,,False,no_upcoming,,,beta_missing:insufficient_overlap,0,,,insufficient_overlap,,series_too_short,35.6061,0.4312,,,early,mid,sev1,platform_devices,morningstar,,,drawdown,1,0.6982857800224466891133557800,50,50,,69.59,21.20218886452652686418920186,48.29478458049886621315192743,21.3772,-0.9664,,,,,,,,,,,,-1.5707,unknown,1.0,156,0.06969944897959185,0.317982,-0.4733,15.86,0.217105,-0.782
BIOA,"BioAge Labs, Inc.",122,0.82,C,mod_quality+no_catalyst_data,,,C,0.677632,0.719231,1,,0,,,0,no_upcoming,9,neutral,drawdown_data_missing,L,sponsor_confirmed,clinical_score:-27.8;smart_money_score:+22.9;financial_score:+11.7,tier=;reason=;cat_days=NA;strength=missing;decay_w=0.0,v1.3.0,31f399e0,1,,0,,"{""burn_ttm"": 53376000.0, ""cash_total"": 285778000.0, ""dilution_risk"": null, ""has_revenue"": null, ""lead_phase"": null, ""runway_months"": 63.32104316546763, ""stage_bucket"": ""early"", ""surv_score"": ""5.0"", ""tier1_count"": 4}",early|none|nonpos,0.06969944897959185,54.86,-1.4336,,0,-1.1068,-1.1864,4,4,buying,0.4924,elite_4,0.0,0.0,0.0,,,0.0,0,0,0,True,False,True,missing,0.0,adequate,<=1000bps,809.82,0.85,1,0,1.0,0,1.0,0,,False,no_upcoming,,,beta_missing:series_too_short,4,,,series_too_short,,no_price_series,,1.0312,,,early,small,sev1,commercial_pharma,morningstar,,,drawdown,1,0.6932879023077719134844251268,50,41.25000000000000000000000000,72.0,50,21.20218886452652686418920186,60.80000000000000000000000000,19.4938,-1.0468,,,,,0.0,0,0,,0.0,0.5,other,0.7563,highly_crowded,1.0,155,0.06969944897959185,0.322368,-0.4611,22.18,0.471491,-0.0715
INDV,Indivior PLC,123,0.58,C,low_quality+no_catalyst_data,,,C,0.265351,0.442308,1,,0,,,0,no_upcoming,9,neutral,drawdown_data_missing,M,,clinical_score:+19.9;catalyst_score:-15.9;financial_score:+7.9,tier=;reason=;cat_days=NA;strength=missing;decay_w=0.0,v1.3.0,31f399e0,1,,0,,"{""burn_ttm"": 0.0, ""cash_total"": 445000000.0, ""dilution_risk"": null, ""has_revenue"": null, ""lead_phase"": null, ""runway_months"": null, ""stage_bucket"": ""late"", ""surv_score"": ""3.0"", ""tier1_count"": 1}",late|none|pos,0.1,44.689,1.1963,0,1,1.3037,1.421,1,1,neutral,-0.7105,elite_1,0.0,0.0,0.0,,,0.0,0,0,0,True,False,True,missing,0.0,adequate,<=400bps,364.37,1.0,0,0,1.0,0,1.0,0,,False,no_upcoming,,,beta_missing:insufficient_overlap,1,,,insufficient_overlap,,series_too_short,46.3996,0.4169,,,late,mid,none,commercial_pharma,morningstar,,,drawdown,1,0.9,50,41.25000000000000000000000000,52.5,15.54,77.000,65.00000000000000000000000000,76.0212,1.3644,3.0,390,29,1.0,0.0582,0,0,0.0,0.8,0.55,infectious_disease,0.2909,moderate,1.0,61,0.1,0.734649,0.6269,51.21,0.962719,1.7832
BEAM,Beam Therapeutics Inc.,124,0.82,C,mod_quality+no_catalyst_data,,,C,0.673246,0.765385,1,,0,,,0,no_upcoming,9,neutral,deep_drawdown,L,sponsor_confirmed,clinical_score:-28.2;financial_score:+19.1;smart_money_score:+16.6,tier=;reason=;cat_days=NA;strength=missing;decay_w=0.0,v1.3.0,31f399e0,1,,0,,"{""burn_ttm"": 345102000.0, ""cash_total"": 1245210000.0, ""dilution_risk"": null, ""has_revenue"": null, ""lead_phase"": null, ""runway_months"": 43.29885077455361, ""stage_bucket"": ""early"", ""surv_score"": ""5.0"", ""tier1_count"": 4}",early|none|nonpos,0.06969944897959185,58.3025,-1.4336,,0,-1.0114,-1.0348,4,4,buying,0.4924,elite_4,0.0,0.0,0.0,,,0.0,0,0,0,True,False,True,missing,0.0,adequate,<=1000bps,448.95,0.85,1,0,1.0,0,1.0,0,,False,no_upcoming,,,beta_missing:series_too_short,4,,,series_too_short,-0.3508,,45.6,0.7330,,,early,mid,sev1,commercial_biotech,morningstar,,,,0,0.6747818561001042752867570386,50,41.25000000000000000000000000,66.0,50,21.20218886452652686418920186,68.450,19.4938,-1.0468,,,,,0.0,0,0,,0.0,0.5,other,0.7563,highly_crowded,1.0,154,0.06969944897959185,0.326754,-0.4489,20.78,0.432018,-0.1712
AVTR,"Avantor, Inc.",125,0.58,C,mod_quality+no_catalyst_data,,,C,0.664474,0.665385,1,,0,,,0,no_upcoming,9,neutral,,M,,clinical_score:-23.4;smart_money_score:+7.9;catalyst_score:+5.4,tier=;reason=;cat_days=NA;strength=missing;decay_w=0.0,v1.3.0,31f399e0,1,,0,,"{""burn_ttm"": 0.0, ""cash_total"": 365400000.0, ""dilution_risk"": null, ""has_revenue"": null, ""lead_phase"": null, ""runway_months"": null, ""stage_bucket"": ""early"", ""surv_score"": ""1.0"", ""tier1_count"": 1}",early|none|nonpos,0.06969944897959185,53.199194,-1.4336,,0,,0.0,1,1,neutral,-0.7105,elite_1,0.0,0.0,0.0,,,0.0,0,0,0,True,False,True,missing,0.0,adequate,<=400bps,310.61,1.0,0,0,1.0,0,1.0,0,,False,no_upcoming,,,beta_missing:insufficient_overlap,1,,,insufficient_overlap,-0.3186,,49.5826,0.5928,,,early,mid,sev1,platform_devices,morningstar,,,,0,0.6823065706371191135734072022,50,50,52.5,60.14,21.20218886452652686418920186,49.22265324862727460130057533,21.3772,-0.9664,,,,,,,,,,,,-1.5707,unknown,1.0,152,0.06969944897959185,0.335526,-0.4247,19.54,0.388158,-0.2841
ADPT,Adaptive Biotechnologies Corpor,126,0.25,C,low_quality+no_catalyst_data,,,C,0.651316,0.003846,1,,0,,,0,no_upcoming,9,neutral,drawdown_data_missing,S,runway_short,financial_score:-31.0;smart_money_score:+19.1;clinical_score:-15.2,tier=;reason=;cat_days=NA;strength=missing;decay_w=0.0,v1.3.0,31f399e0,1,,0,,"{""burn_ttm"": 48041000.0, ""cash_total"": 55034000.0, ""dilution_risk"": null, ""has_revenue"": null, ""lead_phase"": null, ""runway_months"": 11.101028752308098, ""stage_bucket"": ""early"", ""surv_score"": ""-2.0"", ""tier1_count"": 1}",early|none|nonpos,0.06969944897959185,18.030553,-1.4336,,0,-1.0114,-1.0348,1,1,buying,-0.7105,elite_1,0.0,0.0,0.0,,,0.0,0,0,0,True,False,True,missing,0.0,short,<=1000bps,539.77,0.85,1,0,1.0,0,1.0,0,,False,no_upcoming,,,beta_missing:insufficient_overlap,1,,,insufficient_overlap,,series_too_short,51.1945,0.7937,,,early,mid,sev2,commercial_biotech,morningstar,,,drawdown,1,0.6648871273864016969967623088,50,50,55.5,15.98,21.20218886452652686418920186,5.416783793407170030546653920,21.3772,-0.9664,,,,,,,,,,,,-1.5707,unknown,1.0,149,0.06969944897959185,0.348684,-0.3889,5.66,0.015351,-2.1609
AXSM,"Axsome Therapeutics, Inc.",127,0.97,C,low_quality,,,C,0.493421,0.273077,1,,0,,305,0,specific_days,9,neutral,deep_drawdown,L,catalyst_far_lift|sponsor_confirmed,smart_money_score:+16.5;catalyst_score:-9.0;momentum_score:-4.5,tier=;reason=;cat_days=305;strength=far;decay_w=0.3,v1.3.0,31f399e0,1,,0,,"{""burn_ttm"": 93405000.0, ""cash_total"": 322933000.0, ""dilution_risk"": null, ""has_revenue"": null, ""lead_phase"": null, ""runway_months"": 27.761023661657504, ""stage_bucket"": ""late"", ""surv_score"": ""1.0"", ""tier1_count"": 7}",late|far_271_540|pos,0.0961064745762712,38.986071,0.9503,0,1,0.4357,0.4006,7,7,buying,1.6953,elite_7,0.0,0.0,0.0,,,0.0,0,0,0,True,False,True,far,0.3,adequate,<=400bps,308.96,1.0,0,0,1.0,0,1.0,0,305,False,specific_days,,,beta_missing:insufficient_overlap,7,,,insufficient_overlap,-0.3753,,30.8142,0.5091,,,late,mid,none,commercial_biotech,morningstar,,,,0,0.8867331597633136094674556213,50,45.56250000000000000000000000,71.0,14.95,53.39622641509433962264150944,52.78571428571428571428571429,54.1628,0.4321,3.0,45,10,1.0,3.0477,3,3,0.0,0.4,0.6,cns,0.2909,moderate,1.0,113,0.0961064745762712,0.506579,0.0165,37.14,0.730263,0.6136
RYTM,"Rhythm Pharmaceuticals, Inc.",128,0.97,C,low_quality+no_catalyst_data,,,C,0.405702,0.411538,1,,0,,,0,no_upcoming,9,neutral,,L,sponsor_confirmed,smart_money_score:+20.1;catalyst_score:-15.6;momentum_score:-6.9,tier=;reason=;cat_days=NA;strength=missing;decay_w=0.0,v1.3.0,31f399e0,1,,0,,"{""burn_ttm"": 90286000.0, ""cash_total"": 416052000.0, ""dilution_risk"": null, ""has_revenue"": null, ""lead_phase"": null, ""runway_months"": 54.55942228030924, ""stage_bucket"": ""late"", ""surv_score"": ""4.0"", ""tier1_count"": 9}",late|none|pos,0.1,44.237357,0.9666,0,1,0.7155,0.6782,9,9,buying,2.4972,elite_9,0.0,0.0,0.0,,,0.0,0,0,0,True,False,True,missing,0.0,adequate,<=400bps,378.27,1.0,0,0,1.0,0,1.0,0,,False,no_upcoming,,,beta_missing:insufficient_overlap,9,0.8990,,insufficient_overlap,-0.1456,,20.5975,0.4754,,,late,mid,none,commercial_biotech,morningstar,,,,0,0.8851068732994203241452738673,50,41.25000000000000000000000000,77.0,25.27,59.62264150943396226415094340,56.42857142857142857142857143,59.6642,0.6667,3.0,115,13,1.0,0.9173,0,1,0.0,0.4,0.55,metabolic,0.7563,highly_crowded,1.0,93,0.1,0.594298,0.2386,44.88,0.870614,1.1293
GH,"Guardant Health, Inc.",129,0.97,C,low_quality,,,C,0.221491,0.188462,1,,0,,60,1,specific_days,9,neutral,drawdown_data_missing,L,sponsor_confirmed,clinical_score:+15.1;smart_money_score:+11.2;catalyst_score:-10.6,tier=;reason=;cat_days=60;strength=near;decay_w=1.0,v1.3.0,31f399e0,1,,0,,"{""burn_ttm"": 184760000.0, ""cash_total"": 378203000.0, ""dilution_risk"": null, ""has_revenue"": null, ""lead_phase"": null, ""runway_months"": 24.05654706689919, ""stage_bucket"": ""late"", ""surv_score"": ""-1.0"", ""tier1_count"": 3}",late|near_31_90|nonpos,0.1,34.327926,1.1905,0,1,,0.0,3,3,buying,0.0914,elite_3,0.0,0.0,0.0,,,0.0,0,0,0,True,False,True,near,1.0,adequate,<=400bps,236.1,1.0,0,0,1.0,0,1.0,0,60,True,specific_days,,,beta_missing:insufficient_overlap,3,,,insufficient_overlap,,series_too_short,41.7531,0.6981,,,late,large,none,platform_diagnostics,morningstar,,,drawdown,1,0.9,50,44.66680177777777777777777778,66.5,11.74,70.37735849056603773584905660,44.93094616510422847197500099,72.1274,1.1983,3.0,0,494,1.0,6.0842,5,9,0.0,0.8,0.95,oncology,-0.4072,uncrowded,1.0,51,0.1,0.778509,0.7672,40.22,0.800439,0.8432
EBS,Emergent BioSolutions Inc.,130,0.2,B,high_quality+no_catalyst_data,,,B,0.186404,0.919231,1,,0,,,0,no_upcoming,9,neutral,drawdown_data_missing,S,cost_haircut_<=2000bps,catalyst_score:-16.5;clinical_score:+14.9;financial_score:+11.5,tier=;reason=;cat_days=NA;strength=missing;decay_w=0.0,v1.3.0,31f399e0,1,,0,,"{""burn_ttm"": 0.0, ""cash_total"": 245500000.0, ""dilution_risk"": null, ""has_revenue"": null, ""lead_phase"": null, ""runway_months"": null, ""stage_bucket"": ""late"", ""surv_score"": ""-1.0"", ""tier1_count"": 1}",late|none|pos,0.1,71.187346,1.1948,0,1,1.1154,0.6194,1,1,buying,-0.7105,elite_1,0.0,0.0,0.0,,,0.0,0,0,0,True,False,True,missing,0.0,adequate,<=2000bps,1186.43,0.7,1,0,1.0,0,1.0,0,,False,no_upcoming,,,beta_missing:insufficient_overlap,1,,,insufficient_overlap,,series_too_short,51.6659,1.0204,,,late,small,none,commercial_pharma,morningstar,,,drawdown,1,0.9,50,41.25000000000000000000000000,55.5,85.81,72.64150943396226415094339623,69.23076923076923076923076923,73.6915,1.2651,3.0,188,42,1.0,1.2695,1,1,0.0,0.6,0.55,infectious_disease,-0.4072,uncrowded,1.0,43,0.1,0.813596,0.8912,54.99,0.993421,2.4795
PTCT,"PTC Therapeutics, Inc.",131,0.97,B,high_quality+catalyst_far,,,B,0.532895,0.980769,1,,0,,366,0,specific_days,9,neutral,,L,catalyst_far_lift|sponsor_confirmed,clinical_score:-25.7;financial_score:+22.4;smart_money_score:+16.9,tier=;reason=;cat_days=366;strength=far;decay_w=0.3,v1.3.0,31f399e0,1,,0,,"{""burn_ttm"": 0.0, ""cash_total"": 1945371000.0, ""dilution_risk"": null, ""has_revenue"": null, ""lead_phase"": null, ""runway_months"": null, ""stage_bucket"": ""late"", ""surv_score"": ""3.0"", ""tier1_count"": 5}",late|far_271_540|nonpos,0.0930939801980198,73.7385,0.9278,0,1,-0.6636,-0.5449,5,5,buying,0.8934,elite_5,0.0,0.0,0.0,,,0.0,0,0,0,True,False,True,far,0.3,adequate,<=400bps,343.08,1.0,0,0,1.0,0,1.0,0,366,False,specific_days,,,beta_missing:insufficient_overlap,5,,,insufficient_overlap,-0.3397,,58.1599,0.3495,,,late,mid,none,commercial_biotech,morningstar,,,,0,0.8992408686365254538981844073,50,45.56250000000000000000000000,71.5,83.11,28.94070645939638463668367548,77.000,29.1338,-0.6356,3.0,266,31,1.0,0.4017,0,0,0.0,0.4,0.95,oncology,0.2909,moderate,1.0,122,0.0930939801980198,0.467105,-0.0825,32.59,0.64693,0.377
RIGL,"Rigel Pharmaceuticals, Inc.",132,0.49,C,mod_quality+no_catalyst_data,,,C,0.401316,0.842308,1,,0,,,0,no_upcoming,9,neutral,drawdown_data_missing,M,,catalyst_score:-10.3;financial_score:+5.4;smart_money_score:+4.0,tier=;reason=;cat_days=NA;strength=missing;decay_w=0.0,v1.3.0,31f399e0,1,,0,,"{""burn_ttm"": 0.0, ""cash_total"": 137143000.0, ""dilution_risk"": null, ""has_revenue"": null, ""lead_phase"": null, ""runway_months"": null, ""stage_bucket"": ""late"", ""surv_score"": ""1.0"", ""tier1_count"": 1}",late|none|pos,0.1,63.758885,0.9507,0,1,0.4611,0.4258,1,1,buying,-0.7105,elite_1,0.0,0.0,0.0,,,0.0,0,0,0,True,False,True,missing,0.0,adequate,<=1000bps,815.97,0.85,1,0,1.0,0,1.0,0,,False,no_upcoming,,,beta_missing:insufficient_overlap,1,,,insufficient_overlap,,series_too_short,52.7083,0.9981,,,late,small,none,commercial_biotech,morningstar,,,drawdown,1,0.8466820220801859384079023823,50,41.25000000000000000000000000,55.5,80.41,53.96226415094339622641509434,56.92307692307692307692307692,54.0053,0.4253,3.0,123,13,1.0,0.5402,0,1,0.0,0.8,0.6,autoimmune,-0.4072,uncrowded,1.0,92,0.1,0.598684,0.2499,41.46,0.835526,0.9762
INCY,Incyte Corporation,133,0.97,C,mod_quality+catalyst_far,,,C,0.260965,0.680769,1,,0,,181,0,specific_days,9,neutral,,L,catalyst_far_lift|sponsor_confirmed,catalyst_score:-11.0;financial_score:+9.9;momentum_score:-6.5,tier=;reason=;cat_days=181;strength=far;decay_w=0.3,v1.3.0,31f399e0,1,,0,,"{""burn_ttm"": 0.0, ""cash_total"": 3097817000.0, ""dilution_risk"": null, ""has_revenue"": null, ""lead_phase"": null, ""runway_months"": null, ""stage_bucket"": ""late"", ""surv_score"": ""5.0"", ""tier1_count"": 3}",late|near_181_270|pos,0.1,53.498292,1.1642,0,1,0.741,0.7034,3,3,buying,0.0914,elite_3,0.0,0.0,0.0,,,0.0,0,0,0,True,False,True,far,0.3,adequate,<=400bps,225.9,1.0,0,0,1.0,0,1.0,0,181,False,specific_days,,,beta_missing:insufficient_overlap,3,0.2617,,insufficient_overlap,-0.0406,,24.6235,0.3319,,,late,large,none,commercial_biotech,morningstar,,,,0,0.9,50,45.56250000000000000000000000,60.5,38.89,60.18867924528301886792452830,66.41509433962264150943396226,61.9387,0.7637,3.0,17,171,1.0,2.2437,7,7,0.0,0.7,0.95,oncology,-0.4072,uncrowded,1.0,60,0.1,0.739035,0.6404,50.16,0.932018,1.491
ZLAB,Zai Lab Limited,134,0.82,C,low_quality+no_catalyst_data,,,C,0.484649,0.419231,1,,0,,,0,no_upcoming,9,neutral,drawdown_data_missing,L,sponsor_confirmed,clinical_score:-32.0;financial_score:+24.5;momentum_score:+6.1,tier=;reason=;cat_days=NA;strength=missing;decay_w=0.0,v1.3.0,31f399e0,1,,0,,"{""burn_ttm"": 150789000.0, ""cash_total"": 689573000.0, ""dilution_risk"": null, ""has_revenue"": null, ""lead_phase"": null, ""runway_months"": 54.87718600163142, ""stage_bucket"": ""late"", ""surv_score"": ""4.0"", ""tier1_count"": 3}",late|none|nonpos,0.1,44.3025,0.8986,0,1,-1.4311,-1.451,3,3,selling,0.0914,elite_3,0.0,0.0,0.0,,,0.0,0,0,0,True,False,True,missing,0.0,adequate,<=1000bps,827.45,0.85,1,0,1.0,0,1.0,0,,False,no_upcoming,,,beta_missing:insufficient_overlap,3,,,insufficient_overlap,,series_too_short,58.9776,0.3972,,,late,mid,none,commercial_biotech,morningstar,,,drawdown,1,0.8667241206629307261237629665,50,41.25000000000000000000000000,48.0,10.00,11.86543253826984692061231755,68.450,13.2654,-1.3125,3.0,1,11,1.0,2.8926,2,2,0.0,0.4,0.95,oncology,0.7563,highly_crowded,1.0,111,0.1,0.515351,0.0385,17.19,0.278509,-0.5873
PBYI,Puma Biotechnology Inc,135,0.16,B,high_quality+no_catalyst_data,,,B,0.370614,0.957692,1,,0,,,0,no_upcoming,9,neutral,drawdown_data_missing,S,cost_haircut_>2000bps,financial_score:+15.9;catalyst_score:-12.6;momentum_score:-3.9,tier=;reason=;cat_days=NA;strength=missing;decay_w=0.0,v1.3.0,31f399e0,1,,0,,"{""burn_ttm"": 0.0, ""cash_total"": 94388000.0, ""dilution_risk"": null, ""has_revenue"": null, ""lead_phase"": null, ""runway_months"": null, ""stage_bucket"": ""late"", ""surv_score"": ""1.0"", ""tier1_count"": 1}",late|none|pos,0.1,72.393594,0.9483,0,1,0.4102,0.6952,1,1,buying,-0.7105,elite_1,0.0,0.0,0.0,,,0.0,0,0,0,True,False,True,missing,0.0,adequate,>2000bps,2020.0,0.55,1,0,1.0,0,1.0,0,,False,no_upcoming,,,beta_missing:insufficient_overlap,1,,,insufficient_overlap,,series_too_short,44.56,0.7739,,,late,micro,none,commercial_biotech,morningstar,,,drawdown,1,0.8365887683186038706790468733,50,41.25000000000000000000000000,55.5,88.51,52.83018867924528301886792453,69.81132075471698113207547170,52.5816,0.3646,3.0,305,15,1.0,0.1053,0,0,0.0,0.5,0.95,oncology,0.7563,highly_crowded,1.0,85,0.1,0.629386,0.3302,35.27,0.708333,0.5485
ALKS,Alkermes plc,136,0.82,B,high_quality+no_catalyst_data,,,B,0.032895,0.873077,1,,0,,,0,no_upcoming,9,neutral,drawdown_data_missing,L,sponsor_confirmed,catalyst_score:-18.1;clinical_score:+17.6;momentum_score:-9.4,tier=;reason=;cat_days=NA;strength=missing;decay_w=0.0,v1.3.0,31f399e0,1,,0,,"{""burn_ttm"": 0.0, ""cash_total"": 388570000.0, ""dilution_risk"": null, ""has_revenue"": null, ""lead_phase"": null, ""runway_months"": null, ""stage_bucket"": ""late"", ""surv_score"": ""2.0"", ""tier1_count"": 6}",late|none|pos,0.1,66.882429,1.1963,0,1,1.3037,0.7914,6,6,buying,1.2943,elite_6,0.0,0.0,0.0,,,0.0,0,0,0,True,False,True,missing,0.0,adequate,<=1000bps,422.31,0.85,1,0,1.0,0,1.0,0,,False,no_upcoming,,,beta_missing:insufficient_overlap,6,,,insufficient_overlap,,series_too_short,33.561,0.3674,,,late,mid,none,commercial_pharma,morningstar,,,drawdown,1,0.9,50,41.25000000000000000000000000,68.0,84.46,77.000,60.71428571428571428571428572,78.05,1.451,3.0,26,45,1.0,1.9464,1,2,0.0,0.5,0.5,respiratory,-0.4072,uncrowded,1.0,8,0.1,0.967105,1.8399,53.32,0.984649,2.1609
NVAX,"Novavax, Inc.",137,0.49,B,high_quality+no_catalyst_data,,,B,0.344298,0.996154,1,,0,,,0,no_upcoming,9,neutral,,M,,financial_score:+21.5;catalyst_score:-14.2;momentum_score:-5.5,tier=;reason=;cat_days=NA;strength=missing;decay_w=0.0,v1.3.0,31f399e0,1,,0,,"{""burn_ttm"": 244635000.0, ""cash_total"": 735084000.0, ""dilution_risk"": null, ""has_revenue"": null, ""lead_phase"": null, ""runway_months"": 34.435271429798334, ""stage_bucket"": ""late"", ""surv_score"": ""4.0"", ""tier1_count"": 1}",late|none|pos,0.1,76.15,0.9529,0,1,0.4866,0.7833,1,1,selling,-0.7105,elite_1,0.0,0.0,0.0,,,0.0,0,0,0,True,False,True,missing,0.0,adequate,<=1000bps,459.51,0.85,1,0,1.0,0,1.0,0,,False,no_upcoming,,,beta_missing:insufficient_overlap,1,,,insufficient_overlap,-0.3487,,61.2843,0.4814,,,late,small,none,commercial_biotech,morningstar,,,,0,0.8632079029824764999419751654,50,41.25000000000000000000000000,54.5,90.00,54.52830188679245283018867925,77.000,53.6791,0.4114,3.0,272,11,1.0,0.1555,0,0,0.0,0.6,0.55,infectious_disease,0.2909,moderate,1.0,79,0.1,0.655702,0.4008,42.72,0.844298,1.0123
TVTX,"Travere Therapeutics, Inc.",138,0.82,C,low_quality+no_catalyst_data,,,C,0.453947,0.088462,1,,0,,,0,no_upcoming,9,neutral,drawdown_data_missing,L,sponsor_confirmed,smart_money_score:+36.8;clinical_score:-35.7;financial_score:-10.8,tier=;reason=;cat_days=NA;strength=missing;decay_w=0.0,v1.3.0,31f399e0,1,,0,,"{""burn_ttm"": 0.0, ""cash_total"": 93035000.0, ""dilution_risk"": null, ""has_revenue"": null, ""lead_phase"": null, ""runway_months"": null, ""stage_bucket"": ""late"", ""surv_score"": ""3.0"", ""tier1_count"": 5}",late|none|nonpos,0.1,28.933898,-0.2839,1144,1,-1.7396,-1.7571,5,5,buying,0.8934,elite_5,0.0,0.0,0.0,,,0.0,0,0,0,True,False,True,missing,0.0,adequate,<=1000bps,403.29,0.85,1,0,1.0,0,1.0,0,,False,no_upcoming,,,beta_missing:insufficient_overlap,5,,,insufficient_overlap,,series_too_short,60.5529,0.7066,,,late,mid,none,commercial_biotech,morningstar,,,drawdown,1,0.8769760171306209850107066381,50,41.25000000000000000000000000,77.5,15.54,5,29.98866213151927437641723356,3.9916,-1.708,3.0,1144,6,1.0,0.0001,0,0,0.0,0.7,0.5,other,0.7563,highly_crowded,1.0,104,0.1,0.546053,0.1157,14.43,0.155702,-1.0123
TGTX,"TG Therapeutics, Inc.",139,0.82,C,low_quality+no_catalyst_data,,,C,0.449561,0.05,1,,0,,,0,no_upcoming,9,neutral,overbought_rsi,L,sponsor_confirmed,clinical_score:-27.4;smart_money_score:+23.7;financial_score:-14.0,tier=;reason=;cat_days=NA;strength=missing;decay_w=0.0,v1.3.0,31f399e0,1,,0,,"{""burn_ttm"": 44432000.0, ""cash_total"": 131582000.0, ""dilution_risk"": null, ""has_revenue"": null, ""lead_phase"": null, ""runway_months"": 35.537090385307884, ""stage_bucket"": ""late"", ""surv_score"": ""3.0"", ""tier1_count"": 3}",late|none|nonpos,0.1,26.9245,0.8945,0,1,-1.5405,-1.5596,3,3,buying,0.0914,elite_3,0.0,0.0,0.0,,,0.0,0,0,0,True,False,True,missing,0.0,adequate,<=1000bps,429.71,0.85,1,0,1.0,0,1.0,0,,False,no_upcoming,,,beta_missing:insufficient_overlap,3,,,insufficient_overlap,-0.205,,73.1875,0.3599,,,late,mid,none,commercial_biotech,morningstar,,,,0,0.8791089153754469606674612634,50,41.25000000000000000000000000,60.5,19.07,9.430402278390886436454254181,22.77777777777777777777777778,10.8304,-1.4163,3.0,61,13,1.0,1.8835,1,3,0.0,0.4,0.95,oncology,0.7563,highly_crowded,1.0,103,0.1,0.550439,0.1268,12.49,0.10307,-1.2642
NVCR,NovoCure Limited,140,0.49,C,low_quality+no_catalyst_data,,,C,0.348684,0.580769,1,,0,,,0,no_upcoming,9,neutral,,M,,financial_score:-22.9;smart_money_score:+9.4;clinical_score:+7.4,tier=;reason=;cat_days=NA;strength=missing;decay_w=0.0,v1.3.0,31f399e0,1,,0,,"{""burn_ttm"": 49031000.0, ""cash_total"": 93548000.0, ""dilution_risk"": null, ""has_revenue"": null, ""lead_phase"": null, ""runway_months"": 15.755894902313047, ""stage_bucket"": ""late"", ""surv_score"": ""1.0"", ""tier1_count"": 1}",late|none|nonpos,0.1,47.906789,1.1408,0,1,,0.0,1,1,selling,-0.7105,elite_1,0.0,0.0,0.0,,,0.0,0,0,0,True,False,True,missing,0.0,adequate,<=1000bps,603.49,0.85,1,0,1.0,0,1.0,0,,False,no_upcoming,,,beta_missing:insufficient_overlap,1,,,insufficient_overlap,-0.2551,,51.2731,0.5194,,,late,small,none,platform_devices,morningstar,,,,0,0.8967385779308648050190675360,50,41.25000000000000000000000000,52.0,82.99,50,19.68953174081379209584337789,50.7416,0.2861,3.0,390,38,1.0,1.4022,0,4,0.0,0.5,0.95,oncology,0.7563,crowded,1.0,80,0.1,0.651316,0.3889,26.48,0.559211,0.149
MIRM,"Mirum Pharmaceuticals, Inc.",141,0.97,C,low_quality,,,C,0.326754,0.319231,1,,0,,136,0,specific_days,9,neutral,drawdown_data_missing,L,sponsor_confirmed,smart_money_score:+12.4;catalyst_score:-8.5;momentum_score:-4.1,tier=;reason=;cat_days=136;strength=mid;decay_w=0.7,v1.3.0,31f399e0,1,,0,,"{""burn_ttm"": 0.0, ""cash_total"": 383327000.0, ""dilution_risk"": null, ""has_revenue"": null, ""lead_phase"": null, ""runway_months"": null, ""stage_bucket"": ""late"", ""surv_score"": ""3.0"", ""tier1_count"": 3}",late|near_91_180|pos,0.1,40.831857,0.9467,0,1,0.3721,0.3375,3,3,buying,0.0914,elite_3,0.0,0.0,0.0,,,0.0,0,0,0,True,False,True,mid,0.7,adequate,<=400bps,372.43,1.0,0,0,1.0,0,1.0,0,136,False,specific_days,,,beta_missing:insufficient_overlap,3,,,insufficient_overlap,,series_too_short,25.4672,0.4303,,,late,mid,none,commercial_biotech,morningstar,,,drawdown,1,0.8998398217468805704099821747,50,45.56250000000000000000000000,66.5,15.54,51.98113207547169811320754717,56.42857142857142857142857143,52.0227,0.3408,3.0,98,9,1.0,1.9779,0,5,0.0,0.4,0.55,infectious_disease,0.7563,highly_crowded,1.0,75,0.1,0.673246,0.4489,37.48,0.743421,0.6539
CDNA,"CareDx, Inc.",142,0.82,C,mod_quality+no_catalyst_data,,,C,0.125,0.657692,1,,0,,,0,no_upcoming,9,neutral,deep_drawdown,L,sponsor_confirmed,catalyst_score:-11.7;clinical_score:+9.5;smart_money_score:+7.5,tier=;reason=;cat_days=NA;strength=missing;decay_w=0.0,v1.3.0,31f399e0,1,,0,,"{""burn_ttm"": 0.0, ""cash_total"": 177208000.0, ""dilution_risk"": null, ""has_revenue"": null, ""lead_phase"": null, ""runway_months"": null, ""stage_bucket"": ""late"", ""surv_score"": ""1.0"", ""tier1_count"": 3}",late|none|nonpos,0.1,51.529154,1.1789,0,1,,0.0,3,3,buying,0.0914,elite_3,0.0,0.0,0.0,,,0.0,0,0,0,True,False,True,missing,0.0,adequate,<=1000bps,851.72,0.85,1,0,1.0,0,1.0,0,,False,no_upcoming,,,beta_missing:insufficient_overlap,3,,,insufficient_overlap,-0.3517,,64.7159,0.5165,,,late,small,none,platform_diagnostics,morningstar,,,,0,0.8840253297177369653642302478,50,41.25000000000000000000000000,60.5,53.38,62.45283018867924528301886793,50.76923076923076923076923077,63.8528,0.8454,3.0,159,175,1.0,0.9007,1,2,0.0,0.6,0.95,oncology,0.7563,highly_crowded,1.0,29,0.1,0.875,1.1503,39.91,0.791667,0.8122
BMRN,BioMarin Pharmaceutical Inc.,143,0.97,B,high_quality+no_catalyst_data,,,B,0.116228,0.85,1,,0,,,0,no_upcoming,9,neutral,,L,sponsor_confirmed,catalyst_score:-13.4;clinical_score:+9.5;financial_score:+5.6,tier=;reason=;cat_days=NA;strength=missing;decay_w=0.0,v1.3.0,31f399e0,1,,0,,"{""burn_ttm"": 0.0, ""cash_total"": 1311679000.0, ""dilution_risk"": null, ""has_revenue"": null, ""lead_phase"": null, ""runway_months"": null, ""stage_bucket"": ""late"", ""surv_score"": ""3.0"", ""tier1_count"": 3}",late|none|pos,0.1,64.045406,1.1828,0,1,0.9191,1.2828,3,3,neutral,0.0914,elite_3,0.0,0.0,0.0,,,0.0,0,0,0,True,False,True,missing,0.0,adequate,<=400bps,260.52,1.0,0,0,1.0,0,1.0,0,,False,no_upcoming,,,beta_missing:insufficient_overlap,3,0.7339,,insufficient_overlap,-0.174,,46.4314,0.4294,,,late,large,none,commercial_biotech,morningstar,,,,0,0.9,50,41.25000000000000000000000000,57.5,77.03,64.15094339622641509433962264,60.18867924528301886792452830,64.0874,0.8554,3.0,290,89,1.0,0.2384,0,0,0.0,0.6,0.75,rare_disease,0.7563,highly_crowded,1.0,27,0.1,0.883772,1.1941,45.84,0.883772,1.1941
ESPR,"Esperion Therapeutics, Inc.",144,0.49,C,low_quality+no_catalyst_data,,,C,0.195175,0.165385,1,,0,,,0,no_upcoming,9,neutral,drawdown_data_missing,M,,financial_score:-30.1;clinical_score:+14.7;smart_money_score:+11.7,tier=;reason=;cat_days=NA;strength=missing;decay_w=0.0,v1.3.0,31f399e0,1,,0,,"{""burn_ttm"": 58336000.0, ""cash_total"": 92447000.0, ""dilution_risk"": null, ""has_revenue"": null, ""lead_phase"": null, ""runway_months"": 19.01679923203511, ""stage_bucket"": ""late"", ""surv_score"": ""1.0"", ""tier1_count"": 1}",late|none|pos,0.1,31.850196,0.9641,0,1,0.5041,0.556,1,1,buying,-0.7105,elite_1,0.0,0.0,0.0,,,0.0,0,0,0,True,False,True,missing,0.0,adequate,<=1000bps,798.17,0.85,1,0,1.0,0,1.0,0,,False,no_upcoming,,,beta_missing:insufficient_overlap,1,,,insufficient_overlap,,series_too_short,38.4191,0.7805,,,late,small,sev1,commercial_pharma,morningstar,,,drawdown,1,0.7887445887445887445887445887,50,41.25000000000000000000000000,55.5,44.85,58.49056603773584905660377358,13.67265687778508291328804149,57.4822,0.5736,3.0,1011,8,1.0,0.0003,0,0,0.0,0.4,0.55,metabolic,0.7563,highly_crowded,1.0,45,0.1,0.804825,0.859,18.83,0.35307,-0.377
ONC,BeOne Medicines Ltd.,145,0.97,C,low_quality+no_catalyst_data,,,C,0.361842,0.396154,1,,0,,,0,no_upcoming,9,neutral,drawdown_data_missing,L,sponsor_confirmed,clinical_score:-26.8;financial_score:+16.3;smart_money_score:+13.7,tier=;reason=;cat_days=NA;strength=missing;decay_w=0.0,v1.3.0,31f399e0,1,,0,,"{""burn_ttm"": 0.0, ""cash_total"": 4547530000.0, ""dilution_risk"": null, ""has_revenue"": null, ""lead_phase"": null, ""runway_months"": null, ""stage_bucket"": ""late"", ""surv_score"": ""3.0"", ""tier1_count"": 2}",late|none|nonpos,0.1,44.052208,-0.2444,616,1,-1.0431,-1.0662,2,2,buying,-0.3095,elite_2,0.0,0.0,0.0,,,0.0,0,0,0,True,False,True,missing,0.0,adequate,<=400bps,342.35,1.0,0,0,1.0,0,1.0,0,,False,no_upcoming,,,beta_missing:insufficient_overlap,2,,,insufficient_overlap,,series_too_short,33.7567,0.415,,,late,large,none,commercial_biotech,morningstar,,,drawdown,1,0.8801451737934483620905226307,50,41.25000000000000000000000000,61.0,15.54,20.49642023654127605711799376,63.58490566037735849056603774,20.538,-1.0022,3.0,1195,8,1.0,0.0059,0,0,0.0,0.4,0.95,oncology,-0.4072,uncrowded,1.0,83,0.1,0.638158,0.3535,23.74,0.510965,0.0275
MDGL,"Madrigal Pharmaceuticals, Inc.",146,0.97,C,low_quality+no_catalyst_data,,,C,0.317982,0.026923,1,,0,,,0,no_upcoming,9,neutral,,L,sponsor_confirmed,financial_score:-34.2;smart_money_score:+31.8;momentum_score:+4.8,tier=;reason=;cat_days=NA;strength=missing;decay_w=0.0,v1.3.0,31f399e0,1,,0,,"{""burn_ttm"": 189553000.0, ""cash_total"": 198693000.0, ""dilution_risk"": null, ""has_revenue"": null, ""lead_phase"": null, ""runway_months"": 12.363577910292975, ""stage_bucket"": ""late"", ""surv_score"": ""-3.0"", ""tier1_count"": 6}",late|none|pos,0.1,24.124969,0.9408,0,1,0.132,0.0993,6,6,buying,1.2943,elite_6,0.0,0.0,0.0,,,0.0,0,0,0,True,False,True,missing,0.0,adequate,<=400bps,264.79,1.0,0,0,1.0,0,1.0,0,,False,no_upcoming,,,beta_missing:insufficient_overlap,6,,,insufficient_overlap,-0.316,,40.5989,0.4350,,,late,mid,sev1,commercial_biotech,morningstar,,,,0,0.8946950555949846226638277738,50,41.25000000000000000000000000,77.0,26.29,46.63937344250622997508009967,10.94104308390022675736961452,45.631,0.0681,3.0,662,2,0.3333,0.0042,0,0,0.0,0.4,0.55,metabolic,0.7563,highly_crowded,1.0,73,0.1,0.682018,0.4733,22.28,0.475877,-0.0605
INSM,Insmed Incorporated,147,0.97,C,low_quality+no_catalyst_data,,,C,0.269737,0.042308,1,,0,,,0,no_upcoming,9,neutral,drawdown_data_missing,L,sponsor_confirmed,smart_money_score:+28.3;financial_score:-21.2;catalyst_score:-7.4,tier=;reason=;cat_days=NA;strength=missing;decay_w=0.0,v1.3.0,31f399e0,1,,0,,"{""burn_ttm"": 935014000.0, ""cash_total"": 1430047000.0, ""dilution_risk"": null, ""has_revenue"": null, ""lead_phase"": null, ""runway_months"": 16.84374990798079, ""stage_bucket"": ""late"", ""surv_score"": ""-1.0"", ""tier1_count"": 14}",late|none|pos,0.1,25.848331,0.9419,0,1,0.182,0.1489,14,14,buying,4.5021,elite_14,0.0,0.0,0.0,,,0.0,0,0,0,True,False,True,missing,0.0,adequate,<=400bps,156.57,1.0,0,0,1.0,0,1.0,0,,False,no_upcoming,,,beta_missing:insufficient_overlap,14,,,insufficient_overlap,,series_too_short,36.4446,0.5709,,,late,large,none,commercial_biotech,morningstar,,,drawdown,1,0.8953117777231374477501844111,50,41.25000000000000000000000000,77.0,10.00,47.75167121553736007278193110,27.44073612594438511134844349,47.4433,0.1454,3.0,,14,1.0,0.0,0,0,0.0,0.4,0.95,oncology,0.7563,highly_crowded,1.0,62,0.1,0.730263,0.6136,27.76,0.58114,0.2048
KNSA,"Kiniksa Pharmaceuticals, Ltd.",148,0.82,C,mod_quality+no_catalyst_data,,,C,0.296053,0.742308,1,,0,,,0,no_upcoming,9,neutral,drawdown_data_missing,L,sponsor_confirmed,financial_score:+14.6;catalyst_score:-11.3;clinical_score:-9.2,tier=;reason=;cat_days=NA;strength=missing;decay_w=0.0,v1.3.0,31f399e0,1,,0,,"{""burn_ttm"": 0.0, ""cash_total"": 414074000.0, ""dilution_risk"": null, ""has_revenue"": null, ""lead_phase"": null, ""runway_months"": null, ""stage_bucket"": ""late"", ""surv_score"": ""3.0"", ""tier1_count"": 2}",late|none|nonpos,0.1,56.531286,0.3697,61,1,-0.15,-0.1515,2,2,buying,-0.3095,elite_2,0.0,0.0,0.0,,,0.0,0,0,0,True,False,True,missing,0.0,adequate,<=1000bps,643.76,0.85,1,0,1.0,0,1.0,0,,False,no_upcoming,,,beta_missing:insufficient_overlap,2,,,insufficient_overlap,,series_too_short,67.1529,0.3477,,,late,mid,none,commercial_pharma,morningstar,,,drawdown,1,0.8894469972648352955167082887,50,41.25000000000000000000000000,61.0,46.62,43.34994660021359914560341758,67.14285714285714285714285714,44.437,0.0172,3.0,119,5,1.0,1.355,1,2,0.0,0.4,0.6,autoimmune,-0.4072,uncrowded,1.0,68,0.1,0.703947,0.5358,39.61,0.787281,0.797
IMCR,Immunocore Holdings plc,149,0.82,B,high_quality+no_catalyst_data,,,B,0.247807,0.865385,1,,0,,,0,no_upcoming,9,neutral,,L,sponsor_confirmed,clinical_score:-42.6;smart_money_score:+30.7;financial_score:+19.2,tier=;reason=;cat_days=NA;strength=missing;decay_w=0.0,v1.3.0,31f399e0,1,,0,,"{""burn_ttm"": 10712000.0, ""cash_total"": 864153000.0, ""dilution_risk"": null, ""has_revenue"": null, ""lead_phase"": null, ""runway_months"": 453.2667191188041, ""stage_bucket"": ""mid"", ""surv_score"": ""4.0"", ""tier1_count"": 6}",mid|none|nonpos,0.1,66.601,-0.1011,49,1,-1.6617,-1.6976,6,6,buying,1.2943,elite_6,0.0,0.0,0.0,,,0.0,0,0,0,True,False,True,missing,0.0,adequate,<=1000bps,888.71,0.85,1,0,1.0,0,1.0,0,,False,no_upcoming,,,beta_missing:series_too_short,6,,,series_too_short,-0.2341,,21.9,0.4195,,,mid,small,none,commercial_biotech,morningstar,,,,0,0.8655893214682981090100111235,50,41.25000000000000000000000000,80.0,73.71,6.734693877551020408163265306,68.450,7.0617,-1.5771,2.0,256,5,1.0,0.2898,1,0,0.0,0.3,0.95,oncology,0.7563,highly_crowded,1.0,57,0.1,0.752193,0.6814,20.89,0.440789,-0.149
FOLD,"Amicus Therapeutics, Inc.",150,0.97,C,low_quality+no_catalyst_data,,,C,0.212719,0.296154,1,,0,,,0,no_upcoming,9,neutral,,L,sponsor_confirmed,smart_money_score:+23.7;clinical_score:-18.4;catalyst_score:-9.0,tier=;reason=;cat_days=NA;strength=missing;decay_w=0.0,v1.3.0,31f399e0,1,,0,,"{""burn_ttm"": 0.0, ""cash_total"": 293536000.0, ""dilution_risk"": null, ""has_revenue"": null, ""lead_phase"": null, ""runway_months"": null, ""stage_bucket"": ""late"", ""surv_score"": ""1.0"", ""tier1_count"": 6}",late|none|nonpos,0.1,39.867571,0.9313,0,1,-0.5306,-0.5579,6,6,buying,1.2943,elite_6,0.0,0.0,0.0,,,0.0,0,0,0,True,False,True,missing,0.0,adequate,<=400bps,259.01,1.0,0,0,1.0,0,1.0,0,,False,no_upcoming,,,beta_missing:insufficient_overlap,6,1.0869,,insufficient_overlap,0.0,,42.968,0.6001,,,late,mid,none,commercial_biotech,morningstar,,,,0,0.9,50,41.25000000000000000000000000,74.0,15.54,31.89786796408369922075867252,54.28571428571428571428571428,31.7462,-0.5241,3.0,319,22,1.0,0.175,0,0,0.0,0.7,0.75,rare_disease,0.7563,highly_crowded,1.0,49,0.1,0.787281,0.797,30.19,0.620614,0.3071
BCRX,"BioCryst Pharmaceuticals, Inc.",151,0.82,C,low_quality+no_catalyst_data,,,C,0.111842,0.219231,1,,0,,,0,no_upcoming,9,neutral,,L,sponsor_confirmed,financial_score:-13.5;smart_money_score:+13.3;catalyst_score:-6.0,tier=;reason=;cat_days=NA;strength=missing;decay_w=0.0,v1.3.0,31f399e0,1,,0,,"{""burn_ttm"": 0.0, ""cash_total"": 212873000.0, ""dilution_risk"": null, ""has_revenue"": null, ""lead_phase"": null, ""runway_months"": null, ""stage_bucket"": ""late"", ""surv_score"": ""3.0"", ""tier1_count"": 3}",late|none|pos,0.1,36.782378,0.9448,0,1,0.1617,0.1857,3,3,buying,0.0914,elite_3,0.0,0.0,0.0,,,0.0,0,0,0,True,False,True,missing,0.0,adequate,<=1000bps,517.78,0.85,1,0,1.0,0,1.0,0,,False,no_upcoming,,,beta_missing:insufficient_overlap,3,,,insufficient_overlap,-0.2161,,37.7536,0.4141,,,late,mid,none,commercial_pharma,morningstar,,,,0,0.8954988695859114707282246549,50,41.25000000000000000000000000,60.5,33.11,50.56603773584905660377358491,33.76417233560090702947845804,50.3949,0.2713,3.0,104,21,1.0,0.6645,0,1,0.0,0.8,0.55,infectious_disease,0.7563,highly_crowded,1.0,26,0.1,0.888158,1.2168,34.42,0.682018,0.4733
DVAX,Dynavax Technologies Corporation,152,0.82,C,low_quality+no_catalyst_data,,,C,0.182018,0.242308,1,,0,,,0,no_upcoming,9,neutral,deep_drawdown,L,sponsor_confirmed,smart_money_score:+8.0;financial_score:-7.3;momentum_score:+6.0,tier=;reason=;cat_days=NA;strength=missing;decay_w=0.0,v1.3.0,31f399e0,1,,0,,"{""burn_ttm"": 0.0, ""cash_total"": 160247000.0, ""dilution_risk"": null, ""has_revenue"": null, ""lead_phase"": null, ""runway_months"": null, ""stage_bucket"": ""late"", ""surv_score"": ""2.0"", ""tier1_count"": 2}",late|none|nonpos,0.1,37.651503,0.9379,0,1,-0.289,-0.3019,2,2,selling,-0.3095,elite_2,0.0,0.0,0.0,,,0.0,0,0,0,True,False,True,missing,0.0,adequate,<=1000bps,453.41,0.85,1,0,1.0,0,1.0,0,,False,no_upcoming,,,beta_missing:insufficient_overlap,2,,,insufficient_overlap,-0.3926,,42.3885,0.7250,,,late,small,none,commercial_pharma,morningstar,,,,0,0.8861429000925069380203515264,50,41.25000000000000000000000000,52.0,31.76,40.13171947312210751156995372,36.74556213017751479289940828,40.9933,-0.1297,3.0,1656,17,1.0,0.1785,1,0,0.0,0.4,0.95,oncology,-0.4072,uncrowded,1.0,42,0.1,0.817982,0.9077,34.16,0.673246,0.4489
APLS,"Apellis Pharmaceuticals, Inc.",153,0.82,C,mod_quality+no_catalyst_data,,,C,0.063596,0.634615,1,,0,,,0,no_upcoming,9,neutral,deep_drawdown,L,sponsor_confirmed,catalyst_score:-16.3;financial_score:+16.0;smart_money_score:+13.4,tier=;reason=;cat_days=NA;strength=missing;decay_w=0.0,v1.3.0,31f399e0,1,,0,,"{""burn_ttm"": 0.0, ""cash_total"": 466233000.0, ""dilution_risk"": null, ""has_revenue"": null, ""lead_phase"": null, ""runway_months"": null, ""stage_bucket"": ""late"", ""surv_score"": ""3.0"", ""tier1_count"": 6}",late|none|pos,0.1,48.546143,0.286,76,1,0.3721,0.3375,6,6,buying,1.2943,elite_6,0.0,0.0,0.0,,,0.0,0,0,0,True,False,True,missing,0.0,adequate,<=1000bps,418.5,0.85,1,0,1.0,0,1.0,0,,False,no_upcoming,,,beta_missing:insufficient_overlap,6,,,insufficient_overlap,-0.3677,,67.872,0.7133,,,late,mid,none,commercial_biotech,morningstar,,,,0,0.8658076300440423759076300440,50,41.25000000000000000000000000,71.0,15.54,51.98113207547169811320754717,73.57142857142857142857142857,52.7288,0.3709,3.0,195,8,1.0,0.8979,1,1,0.0,0.3,0.6,autoimmune,-0.4072,uncrowded,1.0,15,0.1,0.936404,1.5253,36.86,0.721491,0.5873
CRMD,CorMedix Inc.,154,0.82,C,mod_quality+no_catalyst_data,,,C,0.164474,0.788462,1,,0,,,0,no_upcoming,9,neutral,drawdown_data_missing,L,sponsor_confirmed,clinical_score:-34.4;smart_money_score:+21.6;momentum_score:+10.6,tier=;reason=;cat_days=NA;strength=missing;decay_w=0.0,v1.3.0,31f399e0,1,,0,,"{""burn_ttm"": 0.0, ""cash_total"": 55716811.0, ""dilution_risk"": null, ""has_revenue"": null, ""lead_phase"": null, ""runway_months"": null, ""stage_bucket"": ""late"", ""surv_score"": ""1.0"", ""tier1_count"": 2}",late|none|nonpos,0.1,58.320924,0.8783,0,1,-1.7396,-1.7571,2,2,buying,-0.3095,elite_2,0.0,0.0,0.0,,,0.0,0,0,0,True,False,True,missing,0.0,adequate,<=1000bps,707.46,0.85,1,0,1.0,0,1.0,0,,False,no_upcoming,,,beta_missing:insufficient_overlap,2,,,insufficient_overlap,,series_too_short,32.1076,0.8522,,,late,small,none,commercial_biotech,morningstar,,,drawdown,1,0.7657654913904181796884151341,50,41.25000000000000000000000000,61.0,87.16,5,39.58872087077215282343487473,4.3416,-1.6931,3.0,,3,0.6667,0.0,0,0,0.0,0.4,0.55,infectious_disease,-2.0361,uncrowded,1.0,38,0.1,0.835526,0.9762,14.99,0.190789,-0.875
ADMA,ADMA Biologics Inc,155,0.82,C,low_quality+no_catalyst_data,,,C,0.024123,0.011538,1,,0,,,0,no_upcoming,9,neutral,drawdown_data_missing,L,sponsor_confirmed,financial_score:-26.3;clinical_score:+12.8;momentum_score:+7.7,tier=;reason=;cat_days=NA;strength=missing;decay_w=0.0,v1.3.0,31f399e0,1,,0,,"{""burn_ttm"": 0.0, ""cash_total"": 87630000.0, ""dilution_risk"": null, ""has_revenue"": null, ""lead_phase"": null, ""runway_months"": null, ""stage_bucket"": ""late"", ""surv_score"": ""-1.0"", ""tier1_count"": 2}",late|none|pos,0.1,22.648184,-0.0074,,0,0.512,0.4763,2,2,selling,-0.3095,elite_2,0.0,0.0,0.0,,,0.0,0,0,0,True,False,True,missing,0.0,adequate,<=1000bps,517.31,0.85,1,0,1.0,0,1.0,0,,False,no_upcoming,,,beta_missing:insufficient_overlap,2,,,insufficient_overlap,,series_too_short,48.0726,0.4754,,,late,mid,none,commercial_biotech,morningstar,,,drawdown,1,0.9,50,41.25000000000000000000000000,49.0,15.54,55.09433962264150943396226415,16.02040816326530612244897959,54.4359,0.4437,3.0,,6,1.0,0.0,0,0,0.0,0.5,0.55,infectious_disease,-0.4072,uncrowded,1.0,6,0.1,0.975877,1.9752,28.87,0.589912,0.2273
CMPS,COMPASS Pathways Plc - American,156,0.82,C,low_quality+no_catalyst_data,,,C,0.14693,0.465385,1,,0,,,0,no_upcoming,9,neutral,drawdown_data_missing,L,sponsor_confirmed,smart_money_score:+27.4;financial_score:-11.2;catalyst_score:-8.9,tier=;reason=;cat_days=NA;strength=missing;decay_w=0.0,v1.3.0,31f399e0,1,,0,,"{""burn_ttm"": 119452000.0, ""cash_total"": 185937000.0, ""dilution_risk"": null, ""has_revenue"": null, ""lead_phase"": null, ""runway_months"": 16.924559632728812, ""stage_bucket"": ""mid"", ""surv_score"": ""1.0"", ""tier1_count"": 5}",mid|none|nonpos,0.1,45.038549,-0.7005,546,1,,0.0,5,5,buying,0.8934,elite_5,0.0,0.0,0.0,,,0.0,0,0,0,True,False,True,missing,0.0,adequate,<=1000bps,762.54,0.85,1,0,1.0,0,1.0,0,,False,no_upcoming,,,beta_missing:series_too_short,5,,,series_too_short,,no_price_series,,0.7735,,,mid,small,sev1,platform_services,morningstar,,,drawdown,1,0.7358642040088151957183335082,50,41.25000000000000000000000000,77.5,50,43.01461325270849080372889897,38.97455278407659360040312422,41.7039,-0.0994,2.0,546,1,0.0,0.0106,0,0,0.0,0.3,0.6,cns,0.7563,highly_crowded,1.0,34,0.1,0.85307,1.0497,25.95,0.550439,0.1268
CERS,Cerus Corporation,157,0.2,C,low_quality+no_catalyst_data,,,C,0.129386,0.573077,1,,0,,,0,no_upcoming,9,neutral,drawdown_data_missing,S,cost_haircut_<=2000bps,financial_score:-18.9;clinical_score:-18.4;momentum_score:+15.5,tier=;reason=;cat_days=NA;strength=missing;decay_w=0.0,v1.3.0,31f399e0,1,,0,,"{""burn_ttm"": 1363000.0, ""cash_total"": 15670000.0, ""dilution_risk"": null, ""has_revenue"": null, ""lead_phase"": null, ""runway_months"": 137.96038151137196, ""stage_bucket"": ""late"", ""surv_score"": ""3.0"", ""tier1_count"": 1}",late|none|nonpos,0.1,47.706726,0.9102,0,1,,0.0,1,1,selling,-0.7105,elite_1,0.0,0.0,0.0,,,0.0,0,0,0,True,False,True,missing,0.0,adequate,<=2000bps,1656.9,0.7,1,0,1.0,0,1.0,0,,False,no_upcoming,,,beta_missing:insufficient_overlap,1,,,insufficient_overlap,,series_too_short,43.7379,,,,late,small,none,platform_devices,morningstar,,,drawdown,1,0.8539711549622751015670342426,50,41.25000000000000000000000000,49.5,87.63,16.08203789407064593963846367,15.63605814887866169917451968,16.1236,-1.1905,3.0,30,13,1.0,0.045,0,0,0.0,0.5,0.95,oncology,-0.4072,uncrowded,1.0,30,0.1,0.870614,1.1293,15.28,0.195175,-0.859
AUPH,Aurinia Pharmaceuticals Inc,158,0.49,C,mod_quality+no_catalyst_data,,,C,0.094298,0.619231,1,,0,,,0,no_upcoming,9,neutral,drawdown_data_missing,M,,smart_money_score:+14.8;financial_score:-14.8;clinical_score:-9.8,tier=;reason=;cat_days=NA;strength=missing;decay_w=0.0,v1.3.0,31f399e0,1,,0,,"{""burn_ttm"": 0.0, ""cash_total"": 80160000.0, ""dilution_risk"": null, ""has_revenue"": null, ""lead_phase"": null, ""runway_months"": null, ""stage_bucket"": ""late"", ""surv_score"": ""1.0"", ""tier1_count"": 1}",late|none|nonpos,0.1,48.403302,0.9304,0,1,-0.5753,-0.6022,1,1,buying,-0.7105,elite_1,0.0,0.0,0.0,,,0.0,0,0,0,True,False,True,missing,0.0,adequate,<=1000bps,819.87,0.85,1,0,1.0,0,1.0,0,,False,no_upcoming,,,beta_missing:insufficient_overlap,1,,,insufficient_overlap,,series_too_short,31.3586,0.4141,,,late,small,none,commercial_biotech,morningstar,,,drawdown,1,0.8765034726241463132306979975,50,41.25000000000000000000000000,55.5,76.35,30.90423638305446778212887149,25.95733800862005990211118416,30.5867,-0.5736,3.0,615,7,1.0,0.5592,0,1,0.0,0.6,0.55,ophthalmology,0.7563,highly_crowded,1.0,22,0.1,0.905702,1.3147,25.89,0.546053,0.1157
ARQT,"Arcutis Biotherapeutics, Inc.",159,0.82,C,low_quality+no_catalyst_data,,,C,0.08114,0.180769,1,,0,,,0,no_upcoming,9,neutral,drawdown_data_missing,L,sponsor_confirmed,smart_money_score:+20.7;financial_score:-14.0;clinical_score:-7.3,tier=;reason=;cat_days=NA;strength=missing;decay_w=0.0,v1.3.0,31f399e0,1,,0,,"{""burn_ttm"": 5625000.0, ""cash_total"": 42907000.0, ""dilution_risk"": null, ""has_revenue"": null, ""lead_phase"": null, ""runway_months"": 89.4016, ""stage_bucket"": ""late"", ""surv_score"": ""-2.0"", ""tier1_count"": 4}",late|none|nonpos,0.1,33.645737,-0.0973,200,1,-0.2552,-0.2847,4,4,buying,0.4924,elite_4,0.0,0.0,0.0,,,0.0,0,0,0,True,False,True,missing,0.0,adequate,<=1000bps,482.23,0.85,1,0,1.0,0,1.0,0,,False,no_upcoming,,,beta_missing:series_too_short,4,,,series_too_short,,series_too_short,,0.727,,,late,mid,none,commercial_biotech,morningstar,,,drawdown,1,0.8794704621248213434969032873,50,41.25000000000000000000000000,66.0,27.32,38.02579011906174597523832127,31.29719387755102040816326531,37.5819,-0.2752,3.0,236,4,1.0,0.7124,0,0,0.0,0.3,0.5,dermatology,0.7563,highly_crowded,1.0,19,0.1,0.91886,1.3974,26.96,0.563596,0.1601
AQST,"Aquestive Therapeutics, Inc.",160,0.82,C,mod_quality+no_catalyst_data,,,C,0.067982,0.796154,1,,0,,,0,no_upcoming,9,neutral,drawdown_data_missing,L,sponsor_confirmed,clinical_score:-28.1;smart_money_score:+24.7;financial_score:+6.7,tier=;reason=;cat_days=NA;strength=missing;decay_w=0.0,v1.3.0,31f399e0,1,,0,,"{""burn_ttm"": 43963000.0, ""cash_total"": 129063000.0, ""dilution_risk"": null, ""has_revenue"": null, ""lead_phase"": null, ""runway_months"": 35.22862407024088, ""stage_bucket"": ""late"", ""surv_score"": ""0.0"", ""tier1_count"": 4}",late|none|nonpos,0.1,60.4555,0.9127,0,1,-1.1954,-1.2823,4,4,buying,0.4924,elite_4,0.0,0.0,0.0,,,0.0,0,0,0,True,False,True,missing,0.0,adequate,<=1000bps,726.16,0.85,1,0,1.0,0,1.0,0,,False,no_upcoming,,,beta_missing:insufficient_overlap,4,,,insufficient_overlap,,series_too_short,31.78,0.9486,,,late,small,none,commercial_pharma,morningstar,,,drawdown,1,0.8091814365671641791044776119,50,41.25000000000000000000000000,72.0,74.73,19.15133895019975475653652941,54.00000000000000000000000000,19.549,-1.0444,3.0,40,4,1.0,1.1609,1,2,0.0,0.3,0.6,cns,0.7563,highly_crowded,1.0,16,0.1,0.932018,1.491,18.80,0.348684,-0.3889
ALNY,"Alnylam Pharmaceuticals, Inc.",161,0.97,C,low_quality+no_catalyst_data,,,C,0.037281,0.388462,1,,0,,,0,no_upcoming,9,neutral,,L,sponsor_confirmed,smart_money_score:+14.4;catalyst_score:-9.3;clinical_score:-5.0,tier=;reason=;cat_days=NA;strength=missing;decay_w=0.0,v1.3.0,31f399e0,1,,0,,"{""burn_ttm"": 0.0, ""cash_total"": 1657250000.0, ""dilution_risk"": null, ""has_revenue"": null, ""lead_phase"": null, ""runway_months"": null, ""stage_bucket"": ""late"", ""surv_score"": ""3.0"", ""tier1_count"": 6}",late|none|pos,0.1,44.009934,0.9407,0,1,0.0823,0.0501,6,6,neutral,1.2943,elite_6,0.0,0.0,0.0,,,0.0,0,0,0,True,False,True,missing,0.0,adequate,<=400bps,144.92,1.0,0,0,1.0,0,1.0,0,,False,no_upcoming,,,beta_missing:insufficient_overlap,6,0.4081,,insufficient_overlap,-0.2136,,47.2757,0.3472,,,late,large,none,commercial_biotech,morningstar,,,,0,0.9,50,41.25000000000000000000000000,65.0,31.43,45.53498674894189312131640362,51.13207547169811320754716981,45.9266,0.0807,3.0,150,33,1.0,0.9306,0,1,0.0,0.4,0.55,infectious_disease,-0.4072,uncrowded,1.0,9,0.1,0.962719,1.7832,42.25,0.839912,0.9941
ANIP,"ANI Pharmaceuticals, Inc.",162,0.82,C,mod_quality+no_catalyst_data,,,C,0.059211,0.711538,1,,0,,,0,no_upcoming,9,neutral,drawdown_data_missing,L,sponsor_confirmed,smart_money_score:+10.6;catalyst_score:-6.1;clinical_score:-5.1,tier=;reason=;cat_days=NA;strength=missing;decay_w=0.0,v1.3.0,31f399e0,1,,0,,"{""burn_ttm"": 0.0, ""cash_total"": 262610000.0, ""dilution_risk"": null, ""has_revenue"": null, ""lead_phase"": null, ""runway_months"": null, ""stage_bucket"": ""late"", ""surv_score"": ""1.0"", ""tier1_count"": 2}",late|none|nonpos,0.1,54.809163,-0.0218,,0,-0.1967,-0.202,2,2,buying,-0.3095,elite_2,0.0,0.0,0.0,,,0.0,0,0,0,True,False,True,missing,0.0,adequate,<=1000bps,562.25,0.85,1,0,1.0,0,1.0,0,,False,no_upcoming,,,beta_missing:insufficient_overlap,2,,,insufficient_overlap,,series_too_short,55.8425,0.3545,,,late,small,none,commercial_pharma,morningstar,,,drawdown,1,0.9,50,41.25000000000000000000000000,58.0,69.59,42.26929314504964202365412761,45.45036160420775805391190006,41.2716,-0.1178,3.0,,6,1.0,0.0,0,0,0.0,0.3,0.55,ophthalmology,-0.4072,uncrowded,1.0,14,0.1,0.940789,1.5614,37.45,0.739035,0.6404
ACAD,ACADIA Pharmaceuticals Inc.,163,0.82,C,low_quality+no_catalyst_data,,,C,0.010965,0.434615,1,,0,,,0,no_upcoming,9,neutral,,L,sponsor_confirmed,smart_money_score:+22.6;clinical_score:-14.5;catalyst_score:-7.1,tier=;reason=;cat_days=NA;strength=missing;decay_w=0.0,v1.3.0,31f399e0,1,,0,,"{""burn_ttm"": 0.0, ""cash_total"": 177695000.0, ""dilution_risk"": null, ""has_revenue"": null, ""lead_phase"": null, ""runway_months"": null, ""stage_bucket"": ""late"", ""surv_score"": ""3.0"", ""tier1_count"": 7}",late|none|nonpos,0.1,44.547939,0.9321,0,1,-0.4402,-0.4682,7,7,buying,1.6953,elite_7,0.0,0.0,0.0,,,0.0,0,0,0,True,False,True,missing,0.0,adequate,<=1000bps,531.5,0.85,1,0,1.0,0,1.0,0,,False,no_upcoming,,,beta_missing:insufficient_overlap,7,0.9418,,insufficient_overlap,-0.0517,,47.2345,0.3548,,,late,mid,none,commercial_biotech,morningstar,,,,0,0.8852608128925228107595686693,50,41.25000000000000000000000000,71.0,39.86,33.90886436454254182983268067,45.77097505668934240362811792,34.6459,-0.4005,3.0,90,12,1.0,0.9144,1,1,0.0,0.6,0.6,cns,0.7563,highly_crowded,1.0,3,0.1,0.989035,2.2916,29.20,0.607456,0.2727
ROIV,Roivant Sciences Ltd.,,,D,ineligible,D,ineligible,,0.958333,,0,0.178571,1,0.821429,,0,no_upcoming,9,neutral,deep_drawdown,XS,ineligible,catalyst_score:-19.4;smart_money_score:+16.9;momentum_score:-10.6,tier=D;reason=ineligible;cat_days=NA;strength=missing;decay_w=0.0,v1.3.0,31f399e0,0,deep_drawdown,0,,"{""burn_ttm"": 586531000.0, ""cash_total"": 4529978000.0, ""dilution_risk"": null, ""has_revenue"": null, ""lead_phase"": null, ""runway_months"": 92.68007317601287, ""stage_bucket"": ""early"", ""surv_score"": ""4.0"", ""tier1_count"": 5}",early|none|pos,0.023322922839506172,,-0.027,0,1,0.9937,1.2716,5,5,buying,0.8934,elite_5,0.0,0.0,0.0,,,0.0,0,0,0,True,False,True,missing,0.0,adequate,<=400bps,227.11,1.0,0,0,1.0,0,1.0,0,,False,no_upcoming,,,beta_missing:series_too_short,5,,,series_too_short,-0.4372,,42.5,0.3407,,,early,large,none,drug_developer,morningstar,,,,0,0.8404654995282524373624069609,50,41.25000000000000000000000000,77.5,50,70.64935064935064935064935065,63.71428571428571428571428571,69.678,1.0939,1.0,,1,0.0,0.0,0,0,0.0,0.4,0.6,cns,0.7563,highly_crowded,1.0,219,0.023322922839506172,0.041667,-1.7317,59.14,0.997807,2.849
BLTE,"Belite Bio, Inc",,,D,ineligible,D,ineligible,,0.888158,,0,0.117347,1,0.882653,,0,no_upcoming,9,neutral,drawdown_data_missing,XS,ineligible,financial_score:-42.5;clinical_score:+27.4;smart_money_score:+19.0,tier=D;reason=ineligible;cat_days=NA;strength=missing;decay_w=0.0,v1.3.0,31f399e0,0,financials_missing,1,"cash_runway_lt_6m,survivability_critical","{""burn_ttm"": 0.0, ""cash_total"": 0.0, ""dilution_risk"": null, ""has_revenue"": null, ""lead_phase"": null, ""runway_months"": 0.0, ""stage_bucket"": ""early"", ""surv_score"": ""-5.0"", ""tier1_count"": 3}",early|none|pos,0.023322922839506172,,-0.022,0,1,1.1686,1.4742,3,3,buying,0.0914,elite_3,0.0,0.0,0.0,,,0.0,0,0,0,True,False,True,missing,0.0,critical,<=1000bps,466.09,0.85,1,0,1.0,0,1.0,0,,False,no_upcoming,,,beta_missing:series_too_short,3,,,series_too_short,,no_price_series,,,,,early,unknown,sev2,drug_developer,morningstar,,,drawdown,1,0.7090283128091779812651299863,50,41.25000000000000000000000000,66.5,50,74.93506493506493506493506494,5,73.9562,1.2764,1.0,,2,0.3333,0.0,0,0,0.0,0.4,0.5,other,0.2909,moderate,1.0,203,0.023322922839506172,0.111842,-1.2168,24.47,0.519737,0.0495
ACIU,AC Immune SA,,,D,ineligible,D,ineligible,,0.875,,0,0.219388,1,0.780612,,0,no_upcoming,9,neutral,drawdown_data_missing,XS,ineligible,financial_score:-36.2;clinical_score:+27.5;momentum_score:+8.8,tier=D;reason=ineligible;cat_days=NA;strength=missing;decay_w=0.0,v1.3.0,31f399e0,0,financials_missing,1,"cash_runway_lt_6m,survivability_critical","{""burn_ttm"": 0.0, ""cash_total"": 0.0, ""dilution_risk"": null, ""has_revenue"": null, ""lead_phase"": null, ""runway_months"": 0.0, ""stage_bucket"": ""early"", ""surv_score"": ""-5.0"", ""tier1_count"": 0}",early|none|pos,0.023322922839506172,,-0.8883,122,1,0.9142,1.1795,0,0,neutral,-1.1115,,0.0,0.0,0.0,,,0.0,0,0,0,True,False,True,missing,0.0,critical,>2000bps,2020.0,0.55,1,0,1.0,0,1.0,0,,False,no_upcoming,,,beta_missing:insufficient_overlap,0,,,insufficient_overlap,,series_too_short,57.7043,0.7916,,,early,unknown,sev2,drug_developer,morningstar,,,drawdown,1,0.6466462044105173876166242578,50,41.25000000000000000000000000,,50,68.70129870129870129870129870,5,67.732,1.0109,1.0,122,1,0.0,0.0904,0,0,0.0,0.4,0.5,other,0.7563,highly_crowded,1.0,200,0.023322922839506172,0.125,-1.1503,20.11,0.41886,-0.2048
RVMD,"Revolution Medicines, Inc.",,,D,ineligible,D,ineligible,,0.962719,,0,0.362245,1,0.637755,,0,no_upcoming,9,neutral,deep_drawdown,XS,ineligible,smart_money_score:+21.3;catalyst_score:-14.4;financial_score:-6.1,tier=D;reason=ineligible;cat_days=NA;strength=missing;decay_w=0.0,v1.3.0,31f399e0,0,deep_drawdown,0,,"{""burn_ttm"": 897741000.0, ""cash_total"": 2025679000.0, ""dilution_risk"": null, ""has_revenue"": null, ""lead_phase"": null, ""runway_months"": 27.077016645112565, ""stage_bucket"": ""early"", ""surv_score"": ""5.0"", ""tier1_count"": 8}",early|none|pos,0.023322922839506172,,-1.2218,739,1,0.5804,0.7926,8,8,buying,2.0963,elite_8,0.0,0.0,0.0,,,0.0,0,0,0,True,False,True,missing,0.0,adequate,<=400bps,174.63,1.0,0,0,1.0,0,1.0,0,,False,no_upcoming,,,beta_missing:series_too_short,8,,,series_too_short,-0.5018,,47.5,0.4254,,,early,large,none,drug_developer,morningstar,,,,0,0.8097299371069182389937106918,50,41.25000000000000000000000000,77.0,50,60.51948051948051948051948052,49.61085811735162384513033863,59.8717,0.6756,1.0,739,2,0.3333,0.0005,0,0,0.0,0.3,0.85,oncology,0.7563,highly_crowded,1.0,220,0.023322922839506172,0.037281,-1.7832,48.65,0.91886,1.3974
EDIT,"Editas Medicine, Inc.",,,D,ineligible,D,ineligible,,0.905702,,0,0.290816,1,0.709184,,0,no_upcoming,9,neutral,deep_drawdown,XS,ineligible,financial_score:-30.9;clinical_score:+23.3;momentum_score:+8.2,tier=D;reason=ineligible;cat_days=NA;strength=missing;decay_w=0.0,v1.3.0,31f399e0,0,deep_drawdown,0,,"{""burn_ttm"": 128854000.0, ""cash_total"": 165648000.0, ""dilution_risk"": null, ""has_revenue"": null, ""lead_phase"": null, ""runway_months"": 14.22828421495472, ""stage_bucket"": ""early"", ""surv_score"": ""0.0"", ""tier1_count"": 0}",early|none|pos,0.023322922839506172,,-1.2011,1939,1,0.7712,1.0137,0,0,neutral,-1.1115,,0.0,0.0,0.0,,,0.0,0,0,0,True,False,True,missing,0.0,short,<=2000bps,1626.3,0.7,1,0,1.0,0,1.0,0,,False,no_upcoming,,,beta_missing:insufficient_overlap,0,,,insufficient_overlap,-0.5205,,35.139,0.8096,,,early,micro,sev2,drug_developer,morningstar,,,,0,0.7271092385160826225465008735,50,41.25000000000000000000000000,,50,65.19480519480519480519480519,10.94104308390022675736961452,63.8471,0.8451,1.0,1939,2,0.0,0.0,0,0,0.0,0.3,0.55,ophthalmology,0.7563,highly_crowded,1.0,207,0.023322922839506172,0.094298,-1.3147,13.28,0.120614,-1.1719
SANA,"Sana Biotechnology, Inc.",,,D,ineligible,D,ineligible,,0.971491,,0,0.556122,1,0.443878,,0,no_upcoming,9,neutral,deep_drawdown,XS,ineligible,financial_score:-30.1;smart_money_score:+17.9;clinical_score:+7.2,tier=D;reason=ineligible;cat_days=NA;strength=missing;decay_w=0.0,v1.3.0,31f399e0,0,deep_drawdown,0,,"{""burn_ttm"": 111187000.0, ""cash_total"": 153054000.0, ""dilution_risk"": null, ""has_revenue"": null, ""lead_phase"": null, ""runway_months"": 16.51854983046579, ""stage_bucket"": ""early"", ""surv_score"": ""1.0"", ""tier1_count"": 2}",early|none|pos,0.023322922839506172,,-1.3882,,0,0.1671,0.3137,2,2,buying,-0.3095,elite_2,0.0,0.0,0.0,,,0.0,0,0,0,True,False,True,missing,0.0,adequate,<=1000bps,861.68,0.85,1,0,1.0,0,1.0,0,,False,no_upcoming,,,beta_missing:series_too_short,2,,,series_too_short,-0.5084,,19.0,1.1156,,,early,small,sev1,drug_developer,morningstar,,,,0,0.7156683937823834196891191710,50,41.25000000000000000000000000,61.0,50,50.38961038961038961038961039,13.06430839002267573696145124,48.6812,0.1982,0.0,3964,1,0.0,0.0,0,0,0.0,0.0,0.55,metabolic,0.7563,highly_crowded,1.0,222,0.023322922839506172,0.028509,-1.9032,16.70,0.260965,-0.6404
LEGN,Legend Biotech Corporation,,,D,ineligible,D,ineligible,,0.997807,,0,0.872449,1,0.127551,335,0,specific_days,9,neutral,deep_drawdown,XS,ineligible,financial_score:-27.1;clinical_score:-23.1;smart_money_score:+22.2,tier=D;reason=ineligible;cat_days=335;strength=far;decay_w=0.3,v1.3.0,31f399e0,0,financials_missing|deep_drawdown,1,"cash_runway_lt_6m,survivability_critical","{""burn_ttm"": 0.0, ""cash_total"": 0.0, ""dilution_risk"": null, ""has_revenue"": null, ""lead_phase"": null, ""runway_months"": 0.0, ""stage_bucket"": ""mid"", ""surv_score"": ""-5.0"", ""tier1_count"": 4}",mid|far_271_540|nonpos,-0.012862136363636364,,0.3902,0,1,-1.4507,-1.5612,4,4,selling,0.4924,elite_4,0.0,0.0,0.0,,,0.0,0,0,0,True,False,True,far,0.3,critical,<=1000bps,455.48,0.85,1,0,1.0,0,1.0,0,335,False,specific_days,,,beta_missing:series_too_short,4,,,series_too_short,-0.4224,,32.8,0.3634,,,mid,unknown,sev2,drug_developer,morningstar,,,,0,0.7871315546983820850744669452,50,45.56250000000000000000000000,56.0,50,10.73570168808264046359284454,6.734693877551020408163265306,10.8735,-1.4145,2.0,1987,8,1.0,0.1537,1,0,0.0,0.3,0.95,oncology,0.7563,highly_crowded,1.0,228,-0.012862136363636364,0.002193,-2.849,8.22,0.046053,-1.6844
CLLS,Cellectis S.A.,,,D,ineligible,D,ineligible,,0.892544,,0,0.52551,1,0.47449,,0,no_upcoming,9,neutral,drawdown_data_missing,XS,ineligible,financial_score:-32.2;clinical_score:+15.5;momentum_score:+12.8,tier=D;reason=ineligible;cat_days=NA;strength=missing;decay_w=0.0,v1.3.0,31f399e0,0,financials_missing,1,"cash_runway_lt_6m,survivability_critical","{""burn_ttm"": 0.0, ""cash_total"": 0.0, ""dilution_risk"": null, ""has_revenue"": null, ""lead_phase"": null, ""runway_months"": 0.0, ""stage_bucket"": ""early"", ""surv_score"": ""-5.0"", ""tier1_count"": 0}",early|none|pos,0.023322922839506172,,-0.1152,0,1,0.2625,0.4242,0,0,neutral,-1.1115,,0.0,0.0,0.0,,,0.0,0,0,0,True,False,True,missing,0.0,critical,>2000bps,2050.0,0.55,1,0,1.0,0,1.0,0,,False,no_upcoming,,,beta_missing:insufficient_overlap,0,,,insufficient_overlap,,series_too_short,31.4581,0.8122,,,early,unknown,sev2,drug_developer,morningstar,,,drawdown,1,0.6776066476129988356091881020,50,41.25000000000000000000000000,,50,52.72727272727272727272727273,5,52.0795,0.3432,1.0,1234,5,1.0,0.0,0,0,0.0,0.3,0.85,oncology,0.7563,highly_crowded,1.0,204,0.023322922839506172,0.107456,-1.2402,14.63,0.173246,-0.9414
ABVX,Abivax SA,,,D,ineligible,D,ineligible,,0.554825,,0,0.107143,1,0.892857,,0,no_upcoming,9,neutral,drawdown_data_missing,XS,ineligible,financial_score:-45.0;smart_money_score:+33.3;clinical_score:+24.0,tier=D;reason=ineligible;cat_days=NA;strength=missing;decay_w=0.0,v1.3.0,31f399e0,0,financials_missing,1,"cash_runway_lt_6m,survivability_critical","{""burn_ttm"": 0.0, ""cash_total"": 0.0, ""dilution_risk"": null, ""has_revenue"": null, ""lead_phase"": null, ""runway_months"": 0.0, ""stage_bucket"": ""mid"", ""surv_score"": ""-5.0"", ""tier1_count"": 8}",mid|none|pos,0.08701244092219021,,0.4914,0,1,1.2004,1.5111,8,8,buying,2.0963,elite_8,0.0,0.0,0.0,,,0.0,0,0,0,True,False,True,missing,0.0,critical,<=400bps,240.42,1.0,0,0,1.0,0,1.0,0,,False,no_upcoming,,,beta_missing:series_too_short,8,,,series_too_short,,no_price_series,,0.7549,,,mid,unknown,sev2,drug_developer,morningstar,,,drawdown,1,0.7437349785407725321888412017,50,41.25000000000000000000000000,85,50,75.71428571428571428571428572,6.734693877551020408163265306,74.7429,1.3099,2.0,426,8,1.0,0.0564,0,0,0.0,0.4,0.6,autoimmune,0.7563,highly_crowded,1.0,127,0.08701244092219021,0.445175,-0.1379,17.97,0.313596,-0.4857
SRRK,Scholar Rock Holding Corporatio,,,D,ineligible,D,ineligible,,0.633772,,0,0.331633,1,0.668367,,0,no_upcoming,9,neutral,drawdown_data_missing,XS,ineligible,financial_score:-39.0;smart_money_score:+22.2;clinical_score:+17.1,tier=D;reason=ineligible;cat_days=NA;strength=missing;decay_w=0.0,v1.3.0,31f399e0,0,financials_missing,1,"cash_runway_lt_6m,survivability_critical","{""burn_ttm"": 0.0, ""cash_total"": 0.0, ""dilution_risk"": null, ""has_revenue"": null, ""lead_phase"": null, ""runway_months"": 0.0, ""stage_bucket"": ""mid"", ""surv_score"": ""-5.0"", ""tier1_count"": 7}",mid|none|pos,0.08701244092219021,,-0.6661,354,1,0.6758,0.9032,7,7,buying,1.6953,elite_7,0.0,0.0,0.0,,,0.0,0,0,0,True,False,True,missing,0.0,critical,<=1000bps,460.05,0.85,1,0,1.0,0,1.0,0,,False,no_upcoming,,,beta_missing:insufficient_overlap,7,,,insufficient_overlap,,series_too_short,54.1344,0.7098,,,mid,unknown,sev2,drug_developer,morningstar,,,drawdown,1,0.7303762042699281193005042377,50,41.25000000000000000000000000,68.0,50,62.85714285714285714285714286,6.734693877551020408163265306,62.2094,0.7753,2.0,354,1,0.0,0.0523,0,0,0.0,0.3,0.75,rare_disease,0.7563,highly_crowded,1.0,145,0.08701244092219021,0.366228,-0.3419,19.77,0.401316,-0.2499
PRQR,ProQR Therapeutics N.V.,,,D,ineligible,D,ineligible,,0.611842,,0,0.413265,1,0.586735,,0,no_upcoming,9,neutral,drawdown_data_missing,XS,ineligible,financial_score:-35.4;clinical_score:+15.0;smart_money_score:+13.4,tier=D;reason=ineligible;cat_days=NA;strength=missing;decay_w=0.0,v1.3.0,31f399e0,0,financials_missing,1,"cash_runway_lt_6m,survivability_critical","{""burn_ttm"": 0.0, ""cash_total"": 0.0, ""dilution_risk"": null, ""has_revenue"": null, ""lead_phase"": null, ""runway_months"": 0.0, ""stage_bucket"": ""mid"", ""surv_score"": ""-5.0"", ""tier1_count"": 1}",mid|none|pos,0.08701244092219021,,-0.691,622,1,0.4427,0.633,1,1,buying,-0.7105,elite_1,0.0,0.0,0.0,,,0.0,0,0,0,True,False,True,missing,0.0,critical,>2000bps,2036.0,0.55,1,0,1.0,0,1.0,0,,False,no_upcoming,,,beta_missing:insufficient_overlap,1,,,insufficient_overlap,,series_too_short,19.7577,,,,mid,unknown,sev2,drug_developer,morningstar,,,drawdown,1,0.7468662870648904168457241083,50,41.25000000000000000000000000,55.5,50,57.14285714285714285714285714,6.734693877551020408163265306,56.1345,0.5162,2.0,731,4,1.0,0.0039,0,0,0.0,0.4,0.55,ophthalmology,0.7563,highly_crowded,1.0,140,0.08701244092219021,0.388158,-0.2841,18.05,0.317982,-0.4733
IMMP,Immutep Limited,,,D,ineligible,D,ineligible,,0.598684,,0,0.464286,1,0.535714,,0,no_upcoming,9,neutral,deep_drawdown,XS,ineligible,financial_score:-31.7;clinical_score:+17.3;momentum_score:+11.6,tier=D;reason=ineligible;cat_days=NA;strength=missing;decay_w=0.0,v1.3.0,31f399e0,0,financials_missing|deep_drawdown,1,"cash_runway_lt_6m,survivability_critical","{""burn_ttm"": 0.0, ""cash_total"": 0.0, ""dilution_risk"": null, ""has_revenue"": null, ""lead_phase"": null, ""runway_months"": 0.0, ""stage_bucket"": ""mid"", ""surv_score"": ""-5.0"", ""tier1_count"": 0}",mid|none|pos,0.08701244092219021,,0.4658,0,1,0.3844,0.5655,0,0,neutral,-1.1115,,0.0,0.0,0.0,,,0.0,0,0,0,True,False,True,missing,0.0,critical,>2000bps,2020.0,0.55,1,0,1.0,0,1.0,0,,False,no_upcoming,,,beta_missing:insufficient_overlap,0,,,insufficient_overlap,-0.4888,,64.0323,0.7295,,,mid,unknown,sev2,drug_developer,morningstar,,,,0,0.7435757251082251082251082251,50,41.25000000000000000000000000,,50,55.71428571428571428571428571,6.734693877551020408163265306,57.0616,0.5557,2.0,30,9,1.0,0.7796,1,1,0.0,0.5,0.95,oncology,0.7563,highly_crowded,1.0,137,0.08701244092219021,0.401316,-0.2499,14.27,0.151316,-1.0308
BNTX,BioNTech SE,,,D,ineligible,D,ineligible,,0.567982,,0,0.494898,1,0.505102,,0,no_upcoming,9,neutral,,XS,ineligible,financial_score:-35.1;smart_money_score:+15.1;clinical_score:+12.4,tier=D;reason=ineligible;cat_days=NA;strength=missing;decay_w=0.0,v1.3.0,31f399e0,0,financials_missing,1,"cash_runway_lt_6m,survivability_critical","{""burn_ttm"": 0.0, ""cash_total"": 0.0, ""dilution_risk"": null, ""has_revenue"": null, ""lead_phase"": null, ""runway_months"": 0.0, ""stage_bucket"": ""mid"", ""surv_score"": ""-5.0"", ""tier1_count"": 4}",mid|none|pos,0.08701244092219021,,0.4646,0,1,0.3261,0.4979,4,4,selling,0.4924,elite_4,0.0,0.0,0.0,,,0.0,0,0,0,True,False,True,missing,0.0,critical,<=400bps,298.62,1.0,0,0,1.0,0,1.0,0,,False,no_upcoming,,,beta_missing:insufficient_overlap,4,,,insufficient_overlap,-0.1812,,36.6135,0.3086,,,mid,unknown,sev2,drug_developer,morningstar,,,,0,0.8005739507494646680942184154,50,41.25000000000000000000000000,57.0,50,54.28571428571428571428571428,6.734693877551020408163265306,54.0351,0.4266,2.0,1817,19,1.0,0.3479,0,0,0.0,0.3,0.95,oncology,0.7563,highly_crowded,1.0,130,0.08701244092219021,0.432018,-0.1712,19.55,0.392544,-0.2727
BDTX,"Black Diamond Therapeutics, Inc.",,,D,ineligible,D,ineligible,,0.66886,,0,0.923469,1,0.076531,,0,no_upcoming,9,neutral,deep_drawdown,XS,ineligible,clinical_score:-35.9;smart_money_score:+14.6;financial_score:+11.8,tier=D;reason=ineligible;cat_days=NA;strength=missing;decay_w=0.0,v1.3.0,31f399e0,0,deep_drawdown,0,,"{""burn_ttm"": 0.0, ""cash_total"": 30864000.0, ""dilution_risk"": null, ""has_revenue"": null, ""lead_phase"": null, ""runway_months"": null, ""stage_bucket"": ""early"", ""surv_score"": ""5.0"", ""tier1_count"": 1}",early|none|nonpos,0.06969944897959185,,-1.336,945,1,-1.6847,-1.8324,1,1,buying,-0.7105,elite_1,0.0,0.0,0.0,,,0.0,0,0,0,True,False,True,missing,0.0,adequate,<=2000bps,1969.35,0.7,1,0,1.0,0,1.0,0,,False,no_upcoming,,,beta_missing:series_too_short,1,,,series_too_short,-0.501,,37.2,0.7908,,,early,micro,none,drug_developer,morningstar,,,,0,0.7487672371638141809290953545,50,41.25000000000000000000000000,55.5,90.00,5,52.72727272727272727272727273,4.3523,-1.6927,1.0,945,1,0.0,0.0001,0,0,0.0,0.3,0.85,oncology,0.7563,highly_crowded,1.0,153,0.06969944897959185,0.33114,-0.4368,17.72,0.304825,-0.5106
PTGX,"Protagonist Therapeutics, Inc.",,,D,ineligible,D,ineligible,,0.616228,,0,0.586735,1,0.413265,,0,no_upcoming,9,neutral,deep_drawdown,XS,ineligible,smart_money_score:+18.9;catalyst_score:-11.3;clinical_score:-5.4,tier=D;reason=ineligible;cat_days=NA;strength=missing;decay_w=0.0,v1.3.0,31f399e0,0,deep_drawdown,0,,"{""burn_ttm"": 0.0, ""cash_total"": 567364000.0, ""dilution_risk"": null, ""has_revenue"": null, ""lead_phase"": null, ""runway_months"": null, ""stage_bucket"": ""mid"", ""surv_score"": ""5.0"", ""tier1_count"": 5}",mid|none|pos,0.08701244092219021,,-0.5495,182,1,0.0357,0.1614,5,5,buying,0.8934,elite_5,0.0,0.0,0.0,,,0.0,0,0,0,True,False,True,missing,0.0,adequate,<=400bps,371.54,1.0,0,0,1.0,0,1.0,0,,False,no_upcoming,,,beta_missing:insufficient_overlap,5,,,insufficient_overlap,-0.4107,,59.2044,0.6429,,,mid,mid,none,drug_developer,morningstar,,,,0,0.8478589159644727852425415623,50,41.25000000000000000000000000,71.5,15.54,47.16805240614764424288233812,52.85714285714285714285714286,46.7583,0.1162,2.0,182,4,1.0,0.445,0,0,0.0,0.4,0.6,autoimmune,0.2909,moderate,1.0,141,0.08701244092219021,0.383772,-0.2956,41.39,0.83114,0.9587
EPRX,Eupraxia Pharmaceuticals Inc.,,,D,ineligible,D,ineligible,,0.585526,,0,0.566327,1,0.433673,,0,no_upcoming,9,neutral,overbought_rsi,XS,ineligible,financial_score:-36.2;smart_money_score:+23.6;clinical_score:+7.1,tier=D;reason=ineligible;cat_days=NA;strength=missing;decay_w=0.0,v1.3.0,31f399e0,0,financials_missing,1,"cash_runway_lt_6m,survivability_critical","{""burn_ttm"": 0.0, ""cash_total"": 0.0, ""dilution_risk"": null, ""has_revenue"": null, ""lead_phase"": null, ""runway_months"": 0.0, ""stage_bucket"": ""mid"", ""surv_score"": ""-5.0"", ""tier1_count"": 3}",mid|none|pos,0.08701244092219021,,0.4576,0,1,0.1512,0.2953,3,3,buying,0.0914,elite_3,0.0,0.0,0.0,,,0.0,0,0,0,True,False,True,missing,0.0,critical,>2000bps,2020.0,0.55,1,0,1.0,0,1.0,0,,False,no_upcoming,,,beta_missing:series_too_short,3,0.8122,,series_too_short,-0.0272,,82.0755,0.6009,,,mid,unknown,sev2,drug_developer,morningstar,,,,0,0.7231718598904050714515955732,50,41.25000000000000000000000000,66.5,50,50,6.734693877551020408163265306,48.6893,0.1986,2.0,1202,1,0.0,0.0,0,0,0.0,0.3,0.6,autoimmune,0.7563,crowded,1.0,134,0.08701244092219021,0.414474,-0.2161,16.70,0.265351,-0.6269
MESO,Mesoblast Limited,,,D,ineligible,D,ineligible,,0.322368,,0,0.443878,1,0.556122,,0,no_upcoming,9,neutral,drawdown_data_missing,XS,ineligible,financial_score:-33.1;clinical_score:+18.1;momentum_score:+11.9,tier=D;reason=ineligible;cat_days=NA;strength=missing;decay_w=0.0,v1.3.0,31f399e0,0,financials_missing,1,"cash_runway_lt_6m,sponsor_absent_late_stage,survivability_critical","{""burn_ttm"": 0.0, ""cash_total"": 0.0, ""dilution_risk"": null, ""has_revenue"": null, ""lead_phase"": null, ""runway_months"": 0.0, ""stage_bucket"": ""late"", ""surv_score"": ""-5.0"", ""tier1_count"": 0}",late|none|pos,0.1,,0.9558,0,1,0.4053,0.5897,0,0,neutral,-1.1115,,0.0,0.0,0.0,,,0.0,0,0,0,True,False,True,missing,0.0,critical,<=2000bps,1723.07,0.7,1,0,1.0,0,1.0,0,,False,no_upcoming,,,beta_missing:insufficient_overlap,0,,,insufficient_overlap,,series_too_short,61.3038,0.5347,,,late,unknown,sev2,drug_developer,morningstar,,,drawdown,1,0.7992805787423483583750695604,50,41.25000000000000000000000000,,50,56.22641509433962264150943396,5,57.318,0.5666,3.0,105,27,1.0,1.2093,0,2,0.0,0.4,0.85,cardiovascular,-0.4072,uncrowded,1.0,74,0.1,0.677632,0.4611,17.27,0.287281,-0.5613
ZVRA,"Zevra Therapeutics, Inc.",,,D,ineligible,D,ineligible,,0.489035,,0,0.831633,1,0.168367,,0,no_upcoming,9,neutral,drawdown_data_missing,XS,ineligible,clinical_score:-19.8;momentum_score:+16.7;catalyst_score:+7.9,tier=D;reason=ineligible;cat_days=NA;strength=missing;decay_w=0.0,v1.3.0,31f399e0,0,fundamental_red_flag,1,sponsor_absent_late_stage,"{""burn_ttm"": 7114000.0, ""cash_total"": 54439000.0, ""dilution_risk"": null, ""has_revenue"": null, ""lead_phase"": null, ""runway_months"": 91.8285071689626, ""stage_bucket"": ""late"", ""surv_score"": ""0.0"", ""tier1_count"": 0}",late|none|nonpos,0.1,,-0.2555,,0,-1.3368,-1.4292,0,0,neutral,-1.1115,,0.0,0.0,0.0,,,0.0,0,0,0,True,False,True,missing,0.0,adequate,<=2000bps,1120.07,0.7,1,0,1.0,0,1.0,0,,False,no_upcoming,,,beta_missing:insufficient_overlap,0,,,insufficient_overlap,,series_too_short,47.6585,0.4964,,,late,small,none,drug_developer,morningstar,,,drawdown,1,0.8486423348300192431045542014,50,41.25000000000000000000000000,,50,13.52834144218978679640836992,28.56673241288625904010519395,12.907,-1.3277,3.0,,1,0.0,0.0,0,0,0.0,0.4,0.6,cns,-0.8726,moderate,1.0,112,0.1,0.510965,0.0275,15.92,0.225877,-0.7525
GMAB,Genmab A/S,,,D,ineligible,D,ineligible,,0.230263,,0,0.392857,1,0.607143,,0,no_upcoming,9,neutral,drawdown_data_missing,XS,ineligible,financial_score:-38.2;smart_money_score:+17.3;clinical_score:+15.9,tier=D;reason=ineligible;cat_days=NA;strength=missing;decay_w=0.0,v1.3.0,31f399e0,0,financials_missing,1,"cash_runway_lt_6m,survivability_critical","{""burn_ttm"": 0.0, ""cash_total"": 0.0, ""dilution_risk"": null, ""has_revenue"": null, ""lead_phase"": null, ""runway_months"": 0.0, ""stage_bucket"": ""late"", ""surv_score"": ""-5.0"", ""tier1_count"": 3}",late|none|pos,0.1,,1.1616,0,1,0.5208,0.7235,3,3,buying,0.0914,elite_3,0.0,0.0,0.0,,,0.0,0,0,0,True,False,True,missing,0.0,critical,<=1000bps,453.45,0.85,1,0,1.0,0,1.0,0,,False,no_upcoming,,,beta_missing:insufficient_overlap,3,,,insufficient_overlap,,series_too_short,59.1717,0.3342,,,late,unknown,sev2,drug_developer,morningstar,,,drawdown,1,0.8431210532447862052895258068,50,41.25000000000000000000000000,60.5,50,59.05660377358490566037735849,5,60.4566,0.7005,3.0,,20,1.0,1.0047,1,1,0.0,0.4,0.95,oncology,0.7563,highly_crowded,1.0,53,0.1,0.769737,0.738,18.20,0.326754,-0.4489
GLPG,Galapagos NV,,,D,ineligible,D,ineligible,,0.225877,,0,0.47449,1,0.52551,,0,no_upcoming,9,neutral,,XS,ineligible,financial_score:-38.7;smart_money_score:+22.8;clinical_score:+12.0,tier=D;reason=ineligible;cat_days=NA;strength=missing;decay_w=0.0,v1.3.0,31f399e0,0,financials_missing,1,"cash_runway_lt_6m,survivability_critical","{""burn_ttm"": 0.0, ""cash_total"": 0.0, ""dilution_risk"": null, ""has_revenue"": null, ""lead_phase"": null, ""runway_months"": 0.0, ""stage_bucket"": ""late"", ""surv_score"": ""-5.0"", ""tier1_count"": 3}",late|none|pos,0.1,,0.9552,0,1,0.3822,0.5629,3,3,buying,0.0914,elite_3,0.0,0.0,0.0,,,0.0,0,0,0,True,False,True,missing,0.0,critical,<=2000bps,1708.51,0.7,1,0,1.0,0,1.0,0,,False,no_upcoming,,,beta_missing:insufficient_overlap,3,,,insufficient_overlap,-0.2055,,54.8827,0.3097,,,late,unknown,sev2,drug_developer,morningstar,,,,0,0.8271566794942275975810885102,50,41.25000000000000000000000000,66.5,50,55.66037735849056603773584905,5,56.3974,0.5274,3.0,60,43,1.0,3.6872,6,7,0.0,0.4,0.6,autoimmune,0.7563,highly_crowded,1.0,52,0.1,0.774123,0.7525,14.45,0.160088,-0.9941
OCGN,"Ocugen, Inc.",,,D,ineligible,D,ineligible,,0.35307,,0,0.994898,1,0.005102,,0,no_upcoming,9,neutral,deep_drawdown,XS,ineligible,momentum_score:+24.7;clinical_score:-20.3;financial_score:-20.3,tier=D;reason=ineligible;cat_days=NA;strength=missing;decay_w=0.0,v1.3.0,31f399e0,0,fundamental_red_flag|deep_drawdown,1,sponsor_absent_late_stage,"{""burn_ttm"": 43003000.0, ""cash_total"": 37800000.0, ""dilution_risk"": null, ""has_revenue"": null, ""lead_phase"": null, ""runway_months"": 10.2385842945173, ""stage_bucket"": ""late"", ""surv_score"": ""0.0"", ""tier1_count"": 0}",late|none|nonpos,0.1,,0.1303,90,1,-1.6847,-1.8324,0,0,neutral,-1.1115,,0.0,0.0,0.0,,,0.0,0,0,0,True,False,True,missing,0.0,short,<=2000bps,1069.58,0.7,1,0,1.0,0,1.0,0,,False,no_upcoming,,,beta_missing:insufficient_overlap,0,,,insufficient_overlap,-0.4372,,48.5792,0.7585,,,late,small,sev2,drug_developer,morningstar,,,,0,0.8569186776859504132231404959,50,41.25000000000000000000000000,,51.08,5,5,5.8984,-1.6267,3.0,90,4,1.0,0.7085,1,1,0.0,0.4,0.55,ophthalmology,-0.4072,uncrowded,1.0,81,0.1,0.64693,0.377,4.46,0.006579,-2.4795
MCRB,"Seres Therapeutics, Inc.",,,D,ineligible,D,ineligible,,0.313596,,0,0.80102,1,0.19898,,0,no_upcoming,9,neutral,deep_drawdown,XS,ineligible,clinical_score:-26.9;financial_score:+19.8;momentum_score:+7.9,tier=D;reason=ineligible;cat_days=NA;strength=missing;decay_w=0.0,v1.3.0,31f399e0,0,fundamental_red_flag|deep_drawdown,1,sponsor_absent_late_stage,"{""burn_ttm"": 0.0, ""cash_total"": 47638000.0, ""dilution_risk"": null, ""has_revenue"": null, ""lead_phase"": null, ""runway_months"": null, ""stage_bucket"": ""late"", ""surv_score"": ""4.0"", ""tier1_count"": 0}",late|none|nonpos,0.1,,0.907,0,1,-1.2676,-1.349,0,0,neutral,-1.1115,,0.0,0.0,0.0,,,0.0,0,0,0,True,False,True,missing,0.0,adequate,>2000bps,2036.0,0.55,1,0,1.0,0,1.0,0,,False,no_upcoming,,,beta_missing:insufficient_overlap,0,,,insufficient_overlap,-0.5564,,47.4847,1.1067,,,late,micro,none,drug_developer,morningstar,,,,0,0.8030006819731757217549443055,50,41.25000000000000000000000000,,90.00,15.22289466397689964795696372,61.88679245283018867924528302,15.7835,-1.205,3.0,154,4,1.0,0.4356,0,1,0.0,0.4,0.95,oncology,-0.4072,uncrowded,1.0,72,0.1,0.686404,0.4857,14.14,0.14693,-1.0497
LENZ,"LENZ Therapeutics, Inc.",,,D,ineligible,D,ineligible,,0.304825,,0,0.637755,1,0.362245,,0,no_upcoming,9,neutral,drawdown_data_missing,XS,ineligible,financial_score:-30.7;smart_money_score:+30.6;momentum_score:+6.6,tier=D;reason=ineligible;cat_days=NA;strength=missing;decay_w=0.0,v1.3.0,31f399e0,0,fundamental_red_flag,1,survivability_critical,"{""burn_ttm"": 36145000.0, ""cash_total"": 25399000.0, ""dilution_risk"": null, ""has_revenue"": null, ""lead_phase"": null, ""runway_months"": 8.432369622354406, ""stage_bucket"": ""mid"", ""surv_score"": ""-5.0"", ""tier1_count"": 6}",mid|none|nonpos,0.1,,0.4547,0,1,-0.2986,-0.226,6,6,buying,1.2943,elite_6,0.0,0.0,0.0,,,0.0,0,0,0,True,False,True,missing,0.0,short,<=1000bps,831.52,0.85,1,0,1.0,0,1.0,0,,False,no_upcoming,,,beta_missing:series_too_short,6,,,series_too_short,,no_price_series,,1.0281,,,mid,small,sev2,drug_developer,morningstar,,,drawdown,1,0.7554168851599370739381227058,50,41.25000000000000000000000000,74.0,50,38.97455278407659360040312422,12.70679012345679012345679012,38.3162,-0.2439,2.0,,2,0.3333,0.0,0,0,0.0,0.4,0.5,other,-2.7342,uncrowded,1.0,70,0.1,0.695175,0.5106,14.72,0.177632,-0.9244
IMVT,"Immunovant, Inc.",,,D,ineligible,D,ineligible,,0.256579,,0,0.760204,1,0.239796,,0,no_upcoming,9,neutral,deep_drawdown,XS,ineligible,clinical_score:-26.9;smart_money_score:+15.7;financial_score:+12.6,tier=D;reason=ineligible;cat_days=NA;strength=missing;decay_w=0.0,v1.3.0,31f399e0,0,deep_drawdown,0,,"{""burn_ttm"": 312251000.0, ""cash_total"": 994525000.0, ""dilution_risk"": null, ""has_revenue"": null, ""lead_phase"": null, ""runway_months"": 38.220213866408756, ""stage_bucket"": ""mid"", ""surv_score"": ""3.0"", ""tier1_count"": 6}",mid|none|nonpos,0.1,,0.098,29,1,-1.0996,-1.1543,6,6,selling,1.2943,elite_6,0.0,0.0,0.0,,,0.0,0,0,0,True,False,True,missing,0.0,adequate,<=1000bps,478.91,0.85,1,0,1.0,0,1.0,0,,False,no_upcoming,,,beta_missing:insufficient_overlap,6,,,insufficient_overlap,-0.4633,,51.4706,0.5723,,,mid,mid,none,drug_developer,morningstar,,,,0,0.8114650210922357769923611903,50,41.25000000000000000000000000,62.0,10.00,19.34240362811791383219954649,58.85714285714285714285714286,20.109,-1.0205,2.0,29,2,0.3333,0.9564,1,1,0.0,0.4,0.6,autoimmune,0.2909,moderate,1.0,59,0.1,0.743421,0.6539,27.65,0.576754,0.1936
IMTX,Immatics N.V.,,,D,ineligible,D,ineligible,,0.252193,,0,0.69898,1,0.30102,,0,no_upcoming,9,neutral,drawdown_data_missing,XS,ineligible,financial_score:-27.3;momentum_score:+17.7;catalyst_score:+9.0,tier=D;reason=ineligible;cat_days=NA;strength=missing;decay_w=0.0,v1.3.0,31f399e0,0,financials_missing,1,"cash_runway_lt_6m,sponsor_absent_late_stage,survivability_critical","{""burn_ttm"": 0.0, ""cash_total"": 0.0, ""dilution_risk"": null, ""has_revenue"": null, ""lead_phase"": null, ""runway_months"": 0.0, ""stage_bucket"": ""late"", ""surv_score"": ""-5.0"", ""tier1_count"": 0}",late|none|nonpos,0.1,,0.9319,0,1,-0.5464,-0.5133,0,0,neutral,-1.1115,,0.0,0.0,0.0,,,0.0,0,0,0,True,False,True,missing,0.0,critical,<=2000bps,1507.41,0.7,1,0,1.0,0,1.0,0,,False,no_upcoming,,,beta_missing:insufficient_overlap,0,,,insufficient_overlap,,series_too_short,64.6171,,,,late,unknown,sev2,drug_developer,morningstar,,,drawdown,1,0.7768403477485510477039679001,50,41.25000000000000000000000000,,50,32.89941062457972390332660892,5,32.2517,-0.5026,3.0,,13,1.0,0.0019,0,0,0.0,0.3,0.95,oncology,0.7563,highly_crowded,1.0,58,0.1,0.747807,0.6676,7.57,0.037281,-1.7832
FULC,"Fulcrum Therapeutics, Inc.",,,D,ineligible,D,ineligible,,0.217105,,0,0.892857,1,0.107143,,0,no_upcoming,9,neutral,deep_drawdown,XS,ineligible,clinical_score:-38.1;financial_score:+20.6;smart_money_score:+19.7,tier=D;reason=ineligible;cat_days=NA;strength=missing;decay_w=0.0,v1.3.0,31f399e0,0,deep_drawdown,0,,"{""burn_ttm"": 60065000.0, ""cash_total"": 197533000.0, ""dilution_risk"": null, ""has_revenue"": null, ""lead_phase"": null, ""runway_months"": 39.463847498543245, ""stage_bucket"": ""mid"", ""surv_score"": ""5.0"", ""tier1_count"": 3}",mid|none|nonpos,0.1,,-0.7508,363,1,-1.5334,-1.657,3,3,buying,0.0914,elite_3,0.0,0.0,0.0,,,0.0,0,0,0,True,False,True,missing,0.0,adequate,<=1000bps,919.56,0.85,1,0,1.0,0,1.0,0,,False,no_upcoming,,,beta_missing:insufficient_overlap,3,,,insufficient_overlap,-0.5212,,53.2484,1.1313,,,mid,small,none,drug_developer,morningstar,,,,0,0.7333473330533389332213355733,50,41.25000000000000000000000000,66.5,50,8.710002519526329050138573940,67.35714285714285714285714286,8.0516,-1.5349,2.0,363,1,0.0,0.0486,0,0,0.0,0.4,0.5,other,-0.4072,uncrowded,1.0,50,0.1,0.782895,0.782,20.00,0.405702,-0.2386
FATE,"Fate Therapeutics, Inc.",,,D,ineligible,D,ineligible,,0.208333,,0,0.719388,1,0.280612,,0,no_upcoming,9,neutral,deep_drawdown|overbought_rsi,XS,ineligible,clinical_score:-20.8;smart_money_score:+13.4;financial_score:+10.5,tier=D;reason=ineligible;cat_days=NA;strength=missing;decay_w=0.0,v1.3.0,31f399e0,0,deep_drawdown,0,,"{""burn_ttm"": 106084000.0, ""cash_total"": 203657000.0, ""dilution_risk"": null, ""has_revenue"": null, ""lead_phase"": null, ""runway_months"": 23.037253497228612, ""stage_bucket"": ""mid"", ""surv_score"": ""4.0"", ""tier1_count"": 2}",mid|none|nonpos,0.1,,0.4286,0,1,-0.8146,-0.824,2,2,buying,-0.3095,elite_2,0.0,0.0,0.0,,,0.0,0,0,0,True,False,True,missing,0.0,adequate,>2000bps,2020.0,0.55,1,0,1.0,0,1.0,0,,False,no_upcoming,,,beta_missing:insufficient_overlap,2,,,insufficient_overlap,-0.4242,,71.8195,0.8890,,,mid,micro,none,drug_developer,morningstar,,,,0,0.7793464764186907744254438514,50,41.25000000000000000000000000,60.5,90.00,26.32653061224489795918367346,57.64285714285714285714285714,26.0979,-0.7651,2.0,,11,1.0,0.112,0,0,0.0,0.3,0.95,oncology,-0.4072,uncrowded,1.0,48,0.1,0.791667,0.8122,22.94,0.489035,-0.0275
ARGX,argenx SE,,,D,ineligible,D,ineligible,,0.076754,,0,0.545918,1,0.454082,,0,no_upcoming,9,neutral,,XS,ineligible,financial_score:-40.5;smart_money_score:+34.5;clinical_score:+5.7,tier=D;reason=ineligible;cat_days=NA;strength=missing;decay_w=0.0,v1.3.0,31f399e0,0,financials_missing,1,"cash_runway_lt_6m,survivability_critical","{""burn_ttm"": 0.0, ""cash_total"": 0.0, ""dilution_risk"": null, ""has_revenue"": null, ""lead_phase"": null, ""runway_months"": 0.0, ""stage_bucket"": ""late"", ""surv_score"": ""-5.0"", ""tier1_count"": 6}",late|none|pos,0.1,,0.9453,0,1,0.1974,0.3488,6,6,buying,1.2943,elite_6,0.0,0.0,0.0,,,0.0,0,0,0,True,False,True,missing,0.0,critical,<=400bps,197.05,1.0,0,0,1.0,0,1.0,0,,False,no_upcoming,,,beta_missing:insufficient_overlap,6,0.3292,,insufficient_overlap,-0.1383,,35.4969,0.2190,,,late,unknown,sev2,drug_developer,morningstar,,,,0,0.8454206975978940440934517934,50,41.25000000000000000000000000,80.0,50,51.13207547169811320754716981,5,52.5616,0.3638,3.0,66,9,1.0,1.0427,1,1,0.0,0.4,0.95,oncology,0.2909,moderate,1.0,18,0.1,0.923246,1.4272,19.73,0.39693,-0.2613
CADL,"Candel Therapeutics, Inc.",,,D,ineligible,D,ineligible,,0.120614,,0,0.678571,1,0.321429,,0,no_upcoming,9,neutral,drawdown_data_missing,XS,ineligible,financial_score:+14.5;clinical_score:-12.0;catalyst_score:-5.6,tier=D;reason=ineligible;cat_days=NA;strength=missing;decay_w=0.0,v1.3.0,31f399e0,0,fundamental_red_flag,1,sponsor_absent_late_stage,"{""burn_ttm"": 27743000.0, ""cash_total"": 86963000.0, ""dilution_risk"": null, ""has_revenue"": null, ""lead_phase"": null, ""runway_months"": 34.903184982071295, ""stage_bucket"": ""late"", ""surv_score"": ""5.0"", ""tier1_count"": 0}",late|none|nonpos,0.1,,0.9331,0,1,-0.4638,-0.4174,0,0,neutral,-1.1115,,0.0,0.0,0.0,,,0.0,0,0,0,True,False,True,missing,0.0,adequate,<=2000bps,1387.28,0.7,1,0,1.0,0,1.0,0,,False,no_upcoming,,,beta_missing:series_too_short,0,,,series_too_short,,no_price_series,,0.6596,,,late,micro,none,drug_developer,morningstar,,,drawdown,1,0.8411040561975980058916836619,50,41.25000000000000000000000000,,86.56,34.92622918397215300027688778,61.37735849056603773584905660,34.6178,-0.4017,3.0,1644,10,1.0,0.0053,0,0,0.0,0.6,0.95,oncology,0.7563,highly_crowded,1.0,28,0.1,0.879386,1.1719,22.40,0.484649,-0.0385
AVXL,Anavex Life Sciences Corp.,,,D,ineligible,D,ineligible,,0.10307,,0,0.647959,1,0.352041,,0,no_upcoming,9,neutral,drawdown_data_missing,XS,ineligible,financial_score:+9.6;clinical_score:-9.3;catalyst_score:-4.5,tier=D;reason=ineligible;cat_days=NA;strength=missing;decay_w=0.0,v1.3.0,31f399e0,0,fundamental_red_flag,1,sponsor_absent_late_stage,"{""burn_ttm"": 7151000.0, ""cash_total"": 131749000.0, ""dilution_risk"": null, ""has_revenue"": null, ""lead_phase"": null, ""runway_months"": 221.0862816389316, ""stage_bucket"": ""late"", ""surv_score"": ""5.0"", ""tier1_count"": 0}",late|none|nonpos,0.1,,0.9334,0,1,-0.4009,-0.3446,0,0,neutral,-1.1115,,0.0,0.0,0.0,,,0.0,0,0,0,True,False,True,missing,0.0,adequate,<=2000bps,1131.52,0.7,1,0,1.0,0,1.0,0,,False,no_upcoming,,,beta_missing:insufficient_overlap,0,,,insufficient_overlap,,series_too_short,48.5673,1.1868,,,late,small,none,drug_developer,morningstar,,,drawdown,1,0.7971036041394076364933983585,50,41.25000000000000000000000000,,72.58,36.46710968711680708832720225,55.30769230769230769230769231,35.8902,-0.3474,3.0,273,5,1.0,0.346,0,0,0.0,0.4,0.6,cns,0.7563,highly_crowded,1.0,24,0.1,0.89693,1.2642,21.11,0.445175,-0.1379
ASND,Ascendis Pharma A/S,,,D,ineligible,D,ineligible,,0.089912,,0,0.627551,1,0.372449,,0,no_upcoming,9,neutral,drawdown_data_missing,XS,ineligible,smart_money_score:+40.5;financial_score:-39.5;momentum_score:+5.5,tier=D;reason=ineligible;cat_days=NA;strength=missing;decay_w=0.0,v1.3.0,31f399e0,0,financials_missing,1,"cash_runway_lt_6m,survivability_critical","{""burn_ttm"": 0.0, ""cash_total"": 0.0, ""dilution_risk"": null, ""has_revenue"": null, ""lead_phase"": null, ""runway_months"": 0.0, ""stage_bucket"": ""late"", ""surv_score"": ""-5.0"", ""tier1_count"": 9}",late|none|nonpos,0.1,,0.9392,0,1,-0.2079,-0.121,9,9,buying,2.4972,elite_9,0.0,0.0,0.0,,,0.0,0,0,0,True,False,True,missing,0.0,critical,<=400bps,248.3,1.0,0,0,1.0,0,1.0,0,,False,no_upcoming,,,beta_missing:insufficient_overlap,9,,,insufficient_overlap,,series_too_short,41.1135,0.4165,,,late,unknown,sev2,drug_developer,morningstar,,,drawdown,1,0.8446954216867469879518072289,50,41.25000000000000000000000000,85,50,41.19655076935247814564297297,5,42.1492,-0.0804,3.0,1117,6,1.0,0.7475,1,1,0.0,0.4,0.55,metabolic,-0.4072,uncrowded,1.0,21,0.1,0.910088,1.3413,15.52,0.199561,-0.8432
KRYS,"Krystal Biotech, Inc.",,,D,ineligible,,,D,0.923246,0.303846,1,,0,,,0,no_upcoming,9,neutral,deep_drawdown,XS,ineligible,smart_money_score:+19.3;financial_score:-12.0;catalyst_score:-11.0,tier=;reason=;cat_days=NA;strength=missing;decay_w=0.0,v1.3.0,31f399e0,0,deep_drawdown,0,,"{""burn_ttm"": 0.0, ""cash_total"": 496304000.0, ""dilution_risk"": null, ""has_revenue"": null, ""lead_phase"": null, ""runway_months"": null, ""stage_bucket"": ""early"", ""surv_score"": ""2.0"", ""tier1_count"": 4}",early|none|pos,0.023322922839506172,40.145078,-1.2384,974,1,0.6508,0.6786,4,4,buying,0.4924,elite_4,0.0,0.0,0.0,,,0.0,0,0,0,True,False,True,missing,0.0,adequate,<=400bps,347.42,1.0,0,0,1.0,0,1.0,0,,False,no_upcoming,,,beta_missing:insufficient_overlap,4,,,insufficient_overlap,-0.4581,,40.9555,0.3475,,,early,mid,none,commercial_biotech,morningstar,,,,0,0.8120403163792156431945512468,50,41.25000000000000000000000000,71.5,34.46,58.18181818181818181818181818,40.18684057645096606135567174,57.5234,0.5754,1.0,974,3,0.6667,0.0001,0,0,0.0,0.4,0.5,other,-0.4072,uncrowded,1.0,211,0.023322922839506172,0.076754,-1.4272,44.97,0.875,1.1503
ARVN,"Arvinas, Inc.",,,D,ineligible,,,D,0.879386,0.942308,1,,0,,,0,no_upcoming,9,neutral,deep_drawdown,XS,ineligible,catalyst_score:-16.1;financial_score:+11.1;smart_money_score:+8.6,tier=;reason=;cat_days=NA;strength=missing;decay_w=0.0,v1.3.0,31f399e0,0,deep_drawdown,0,,"{""burn_ttm"": 273800000.0, ""cash_total"": 685400000.0, ""dilution_risk"": null, ""has_revenue"": null, ""lead_phase"": null, ""runway_months"": 30.030679327976625, ""stage_bucket"": ""early"", ""surv_score"": ""5.0"", ""tier1_count"": 4}",early|none|pos,0.023322922839506172,72.3025,-1.2199,1550,1,0.7909,0.8151,4,4,buying,0.4924,elite_4,0.0,0.0,0.0,,,0.0,0,0,0,True,False,True,missing,0.0,adequate,<=1000bps,932.46,0.85,1,0,1.0,0,1.0,0,,False,no_upcoming,,,beta_missing:insufficient_overlap,4,,,insufficient_overlap,-0.4354,,65.4675,0.6174,,,early,small,none,commercial_biotech,morningstar,,,,0,0.7272949483976099945681694731,50,41.25000000000000000000000000,66.0,90.00,61.29870129870129870129870130,68.450,60.651,0.7088,1.0,1550,2,0.3333,0.0,0,0,0.0,0.3,0.85,oncology,0.7563,highly_crowded,1.0,201,0.023322922839506172,0.120614,-1.1719,40.58,0.813596,0.8912
SNY,Sanofi,,,D,ineligible,,,D,0.550439,0.126923,1,,0,,30,1,specific_days,9,neutral,drawdown_data_missing,XS,ineligible,financial_score:-37.3;clinical_score:+31.5;catalyst_score:-9.3,tier=;reason=;cat_days=30;strength=near;decay_w=1.0,v1.3.0,31f399e0,0,financials_missing,1,"cash_runway_lt_6m,survivability_critical","{""burn_ttm"": 0.0, ""cash_total"": 0.0, ""dilution_risk"": null, ""has_revenue"": null, ""lead_phase"": null, ""runway_months"": 0.0, ""stage_bucket"": ""late"", ""surv_score"": ""-5.0"", ""tier1_count"": 1}",late|near_0_30|pos,0.09254273684210526,29.75,1.1963,0,1,1.1643,1.1793,1,1,selling,-0.7105,elite_1,0.0,0.0,0.0,,,0.0,0,0,0,True,False,True,near,1.0,critical,<=400bps,241.86,1.0,0,0,1.0,0,1.0,0,30,True,specific_days,,,beta_missing:insufficient_overlap,1,,,insufficient_overlap,,series_too_short,35.9349,0.194,,,late,unknown,sev2,commercial_pharma,morningstar,,,drawdown,1,0.8565025605214152700186219739,50,33.00000000000000000000000000,49.5,50,73.77358490566037735849056604,5,75.1736,1.3283,3.0,14,572,1.0,5.5761,9,10,0.0,0.8,0.95,oncology,0.7563,highly_crowded,1.0,126,0.09254273684210526,0.449561,-0.1268,21.66,0.453947,-0.1157
AZN,Astrazeneca PLC,,,D,ineligible,,,D,0.497807,0.103846,1,,0,,380,0,specific_days,9,neutral,drawdown_data_missing,XS,ineligible,financial_score:-43.8;clinical_score:+25.6;smart_money_score:+20.2,tier=;reason=;cat_days=380;strength=far;decay_w=0.3,v1.3.0,31f399e0,0,financials_missing,1,"cash_runway_lt_6m,survivability_critical","{""burn_ttm"": 0.0, ""cash_total"": 0.0, ""dilution_risk"": null, ""has_revenue"": null, ""lead_phase"": null, ""runway_months"": 0.0, ""stage_bucket"": ""late"", ""surv_score"": ""-5.0"", ""tier1_count"": 4}",late|far_271_540|pos,0.0961064745762712,29.75,1.1963,0,1,1.1888,1.2023,4,4,buying,0.4924,elite_4,0.0,0.0,0.0,,,0.0,0,0,0,True,False,True,far,0.3,critical,<=400bps,263.76,1.0,0,0,1.0,0,1.0,0,380,False,specific_days,,,beta_missing:insufficient_overlap,4,,,insufficient_overlap,,series_too_short,37.717,0.2344,,,late,unknown,sev2,commercial_pharma,morningstar,,,drawdown,1,0.8534930232558139534883720930,50,45.56250000000000000000000000,69.0,50,74.33962264150943396226415095,5,75.7396,1.3524,3.0,23,572,1.0,4.8156,6,6,0.0,0.9,0.95,oncology,0.7563,highly_crowded,1.0,114,0.0961064745762712,0.502193,0.0055,22.30,0.480263,-0.0495
SNDX,"Syndax Pharmaceuticals, Inc.",,,D,ineligible,,,D,0.629386,0.75,1,,0,,,0,no_upcoming,9,neutral,deep_drawdown,XS,ineligible,smart_money_score:+12.2;catalyst_score:-11.6;clinical_score:+11.5,tier=;reason=;cat_days=NA;strength=missing;decay_w=0.0,v1.3.0,31f399e0,0,fundamental_red_flag,1,"cash_runway_lt_6m,survivability_critical","{""burn_ttm"": 253492000.0, ""cash_total"": 435979000.0, ""dilution_risk"": null, ""has_revenue"": null, ""lead_phase"": null, ""runway_months"": 5.155381629400534, ""stage_bucket"": ""mid"", ""surv_score"": ""-5.0"", ""tier1_count"": 3}",mid|none|pos,0.08701244092219021,57.473334,0.4709,0,1,0.9251,0.946,3,3,neutral,0.0914,elite_3,0.0,0.0,0.0,,,0.0,0,0,0,True,False,True,missing,0.0,critical,<=1000bps,584.59,0.85,1,0,1.0,0,1.0,0,,False,no_upcoming,,,beta_missing:insufficient_overlap,3,,,insufficient_overlap,-0.3959,,61.3777,0.5965,,,mid,small,sev1,commercial_biotech,morningstar,,,,0,0.8339540435025097601784718349,50,41.25000000000000000000000000,65.0,79.63,64.28571428571428571428571429,43.56185437137818090199042579,64.0823,0.8552,2.0,294,27,1.0,0.1378,0,0,0.0,0.6,0.95,oncology,0.7563,highly_crowded,1.0,144,0.08701244092219021,0.370614,-0.3302,31.94,0.633772,0.3419
TXG,"10x Genomics, Inc.",,,D,ineligible,,,D,0.848684,0.280769,1,,0,,,0,no_upcoming,9,neutral,drawdown_data_missing,XS,ineligible,smart_money_score:+17.0;clinical_score:-16.8;financial_score:-15.5,tier=;reason=;cat_days=NA;strength=missing;decay_w=0.0,v1.3.0,31f399e0,0,financials_missing,1,"cash_runway_lt_6m,survivability_critical","{""burn_ttm"": 0.0, ""cash_total"": 0.0, ""dilution_risk"": null, ""has_revenue"": null, ""lead_phase"": null, ""runway_months"": 0.0, ""stage_bucket"": ""early"", ""surv_score"": ""-5.0"", ""tier1_count"": 1}",early|none|nonpos,0.06969944897959185,39.262854,-1.4336,,0,,0.0,1,1,neutral,-0.7105,elite_1,0.0,0.0,0.0,,,0.0,0,0,0,True,False,True,missing,0.0,critical,<=1000bps,422.35,0.85,1,0,1.0,0,1.0,0,,False,no_upcoming,,,beta_missing:insufficient_overlap,1,,,insufficient_overlap,,series_too_short,60.9066,0.7498,,,early,mid,sev1,platform_services,morningstar,,,drawdown,1,0.5239436927004758036439596147,50,41.25000000000000000000000000,55.0,54.73,21.20218886452652686418920186,22.46078596727947377298026649,19.4938,-1.0468,,,,,0.0,0,0,,0.0,0.5,other,0.7563,crowded,1.0,194,0.06969944897959185,0.151316,-1.0308,11.78,0.085526,-1.3688
TARS,"Tarsus Pharmaceuticals, Inc.",,,D,ineligible,,,D,0.835526,0.55,1,,0,,,0,no_upcoming,9,neutral,deep_drawdown,XS,ineligible,smart_money_score:+33.3;clinical_score:-28.5;catalyst_score:-8.5,tier=;reason=;cat_days=NA;strength=missing;decay_w=0.0,v1.3.0,31f399e0,0,deep_drawdown,0,,"{""burn_ttm"": 12451000.0, ""cash_total"": 417267000.0, ""dilution_risk"": null, ""has_revenue"": null, ""lead_phase"": null, ""runway_months"": 234.13466753951184, ""stage_bucket"": ""early"", ""surv_score"": ""0.0"", ""tier1_count"": 8}",early|none|nonpos,0.06969944897959185,47.433597,-1.4336,,0,-1.0114,-0.9408,8,8,buying,2.0963,elite_8,0.0,0.0,0.0,,,0.0,0,0,0,True,False,True,missing,0.0,adequate,<=1000bps,462.33,0.85,1,0,1.0,0,1.0,0,,False,no_upcoming,,,beta_missing:series_too_short,8,,,series_too_short,-0.4018,,43.7,0.4256,,,early,mid,sev1,commercial_biotech,morningstar,,,,0,0.7288704240947846307164212158,50,41.25000000000000000000000000,83.0,38.66,21.20218886452652686418920186,53.11688311688311688311688312,19.8438,-1.0318,,,,,0.0,0,0,,0.0,0.5,other,-0.4072,uncrowded,1.0,191,0.06969944897959185,0.164474,-0.9762,22.11,0.467105,-0.0825
STVN,Stevanato Group S.p.A.,,,D,ineligible,,,D,0.83114,0.134615,1,,0,,,0,no_upcoming,9,neutral,drawdown_data_missing,XS,ineligible,financial_score:-26.6;catalyst_score:+18.4;momentum_score:+18.4,tier=;reason=;cat_days=NA;strength=missing;decay_w=0.0,v1.3.0,31f399e0,0,financials_missing,1,"cash_runway_lt_6m,survivability_critical","{""burn_ttm"": 0.0, ""cash_total"": 0.0, ""dilution_risk"": null, ""has_revenue"": null, ""lead_phase"": null, ""runway_months"": 0.0, ""stage_bucket"": ""early"", ""surv_score"": ""-5.0"", ""tier1_count"": 0}",early|none|nonpos,0.06969944897959185,29.75,-1.4336,,0,,0.0,0,0,neutral,-1.1115,,0.0,0.0,0.0,,,0.0,0,0,0,True,False,True,missing,0.0,critical,<=2000bps,1065.18,0.7,1,0,1.0,0,1.0,0,,False,no_upcoming,,,beta_missing:series_too_short,0,,,series_too_short,,no_price_series,,0.4363,,,early,unknown,sev2,platform_devices,morningstar,,,drawdown,1,0.5353678369437626720734179917,50,50,,50,21.20218886452652686418920186,5,21.3772,-0.9664,,,,,,,,,,,,-1.5707,unknown,1.0,190,0.06969944897959185,0.16886,-0.9587,6.54,0.024123,-1.9752
BIIB,Biogen Inc.,,,D,ineligible,,,D,0.502193,0.473077,1,,0,,2527,0,specific_days,9,neutral,,XS,ineligible,financial_score:-22.4;smart_money_score:+16.2;clinical_score:+15.2,tier=;reason=;cat_days=2527;strength=far;decay_w=0.3,v1.3.0,31f399e0,0,financials_missing,1,"cash_runway_lt_6m,survivability_critical","{""burn_ttm"": 0.0, ""cash_total"": 0.0, ""dilution_risk"": null, ""has_revenue"": null, ""lead_phase"": null, ""runway_months"": 0.0, ""stage_bucket"": ""late"", ""surv_score"": ""-5.0"", ""tier1_count"": 5}",late|far_271_540|pos,0.0961064745762712,45.254332,1.1868,0,1,0.8953,0.927,5,5,buying,0.8934,elite_5,0.0,0.0,0.0,,,0.0,0,0,0,True,False,True,far,0.3,critical,<=400bps,177.15,1.0,0,0,1.0,0,1.0,0,2527,False,specific_days,,,beta_missing:insufficient_overlap,5,,,insufficient_overlap,-0.2549,,27.3376,0.3103,,,late,large,none,commercial_pharma,morningstar,,,,0,0.8253323235527359238699444885,50,45.56250000000000000000000000,68.5,62.26,67.54716981132075471698113207,29.91851588149202958743720580,68.9472,1.0627,3.0,46,299,1.0,3.5308,5,3,0.0,0.8,0.95,oncology,0.7563,highly_crowded,1.0,115,0.0961064745762712,0.497807,-0.0055,31.21,0.629386,0.3302
VCEL,Vericel Corporation,,,D,ineligible,,,D,0.462719,0.25,1,,0,,,0,no_upcoming,9,neutral,drawdown_data_missing,XS,ineligible,clinical_score:+17.2;financial_score:-13.5;catalyst_score:-6.2,tier=;reason=;cat_days=NA;strength=missing;decay_w=0.0,v1.3.0,31f399e0,0,fundamental_red_flag,1,sponsor_absent_late_stage,"{""burn_ttm"": 0.0, ""cash_total"": 137499000.0, ""dilution_risk"": null, ""has_revenue"": null, ""lead_phase"": null, ""runway_months"": null, ""stage_bucket"": ""late"", ""surv_score"": ""1.0"", ""tier1_count"": 0}",late|none|pos,0.1,37.81588,1.1852,0,1,0.9445,0.9648,0,0,neutral,-1.1115,,0.0,0.0,0.0,,,0.0,0,0,0,True,False,True,missing,0.0,adequate,<=1000bps,731.33,0.85,1,0,1.0,0,1.0,0,,False,no_upcoming,,,beta_missing:insufficient_overlap,0,,,insufficient_overlap,,series_too_short,38.0495,0.4807,,,late,small,none,commercial_biotech,morningstar,,,drawdown,1,0.9,50,41.25000000000000000000000000,,35.81,64.71698113207547169811320755,33.96084447366498648549930601,64.0586,0.8542,3.0,2678,10,1.0,0.0,0,0,0.0,0.4,0.5,other,-1.1053,uncrowded,1.0,106,0.1,0.537281,0.0936,38.09,0.747807,0.6676
IRWD,"Ironwood Pharmaceuticals, Inc.",,,D,ineligible,,,D,0.282895,0.757692,1,,0,,,0,no_upcoming,9,neutral,high_vol|deep_drawdown,XS,ineligible,clinical_score:+17.6;catalyst_score:-16.1;momentum_score:-7.3,tier=;reason=;cat_days=NA;strength=missing;decay_w=0.0,v1.3.0,31f399e0,0,fundamental_red_flag|deep_drawdown,1,sponsor_absent_late_stage,"{""burn_ttm"": 0.0, ""cash_total"": 140407000.0, ""dilution_risk"": null, ""has_revenue"": null, ""lead_phase"": null, ""runway_months"": null, ""stage_bucket"": ""late"", ""surv_score"": ""2.0"", ""tier1_count"": 0}",late|none|pos,0.1,58.012615,1.1963,0,1,1.2132,1.2252,0,0,neutral,-1.1115,,0.0,0.0,0.0,,,0.0,0,0,0,True,False,True,missing,0.0,adequate,<=1000bps,819.43,0.85,1,0,1.0,0,1.0,0,,False,no_upcoming,,,beta_missing:insufficient_overlap,0,,,insufficient_overlap,-0.7582,,36.4934,1.2561,,,late,small,none,commercial_pharma,morningstar,,,,0,0.8509993690851735015772870662,50,41.25000000000000000000000000,,56.08,74.90566037735849056603773585,63.07692307692307692307692307,75.9557,1.3616,3.0,179,17,1.0,1.354,1,2,0.0,0.9,0.55,metabolic,-0.4072,uncrowded,1.0,65,0.1,0.717105,0.5743,38.69,0.769737,0.738
MNKD,MannKind Corporation,,,D,ineligible,,,D,0.33114,0.226923,1,,0,,,0,no_upcoming,9,neutral,drawdown_data_missing,XS,ineligible,clinical_score:+18.3;catalyst_score:-11.4;financial_score:-4.2,tier=;reason=;cat_days=NA;strength=missing;decay_w=0.0,v1.3.0,31f399e0,0,fundamental_red_flag,1,sponsor_absent_late_stage,"{""burn_ttm"": 0.0, ""cash_total"": 171346000.0, ""dilution_risk"": null, ""has_revenue"": null, ""lead_phase"": null, ""runway_months"": null, ""stage_bucket"": ""late"", ""surv_score"": ""1.0"", ""tier1_count"": 0}",late|none|pos,0.1,37.24998,1.1919,0,1,1.2244,1.2375,0,0,neutral,-1.1115,,0.0,0.0,0.0,,,0.0,0,0,0,True,False,True,missing,0.0,adequate,<=1000bps,820.88,0.85,1,0,1.0,0,1.0,0,,False,no_upcoming,,,beta_missing:insufficient_overlap,0,,,insufficient_overlap,,series_too_short,53.5129,0.4616,,,late,small,none,commercial_biotech,morningstar,,,drawdown,1,0.9,50,41.25000000000000000000000000,,15.54,70.94339622641509433962264151,48.46884359704872525385345898,71.6434,1.1777,3.0,44,17,1.0,1.1851,1,2,0.0,0.8,0.5,respiratory,0.7563,highly_crowded,1.0,76,0.1,0.66886,0.4368,43.55,0.85307,1.0497
GRFS,"Grifols, S.A.",,,D,ineligible,,,D,0.524123,0.111538,1,,0,,334,0,specific_days,9,neutral,drawdown_data_missing,XS,ineligible,financial_score:-26.9;momentum_score:+18.1;catalyst_score:+13.7,tier=;reason=;cat_days=334;strength=far;decay_w=0.3,v1.3.0,31f399e0,0,financials_missing,1,"cash_runway_lt_6m,sponsor_absent_late_stage,survivability_critical","{""burn_ttm"": 0.0, ""cash_total"": 0.0, ""dilution_risk"": null, ""has_revenue"": null, ""lead_phase"": null, ""runway_months"": 0.0, ""stage_bucket"": ""late"", ""surv_score"": ""-5.0"", ""tier1_count"": 0}",late|far_271_540|nonpos,0.0930939801980198,29.75,0.9252,0,1,-0.8559,-0.716,0,0,neutral,-1.1115,,0.0,0.0,0.0,,,0.0,0,0,0,True,False,True,far,0.3,critical,<=2000bps,1441.59,0.7,1,0,1.0,0,1.0,0,334,False,specific_days,,,beta_missing:insufficient_overlap,0,,,insufficient_overlap,,series_too_short,38.4254,0.3193,,,late,unknown,sev2,commercial_pharma,morningstar,,,drawdown,1,0.8344120244037714919578480311,50,45.56250000000000000000000000,,50,27.00882085360547446699102092,5,28.1004,-0.6797,3.0,648,44,1.0,1.2877,0,2,0.0,0.6,0.95,oncology,-0.4072,uncrowded,1.0,120,0.0930939801980198,0.475877,-0.0605,10.03,0.063596,-1.5253
HALO,"Halozyme Therapeutics, Inc.",,,D,ineligible,,,D,0.234649,0.65,1,,0,,244,0,specific_days,9,neutral,,XS,ineligible,clinical_score:+15.1;financial_score:-9.1;catalyst_score:-5.2,tier=;reason=;cat_days=244;strength=far;decay_w=0.3,v1.3.0,31f399e0,0,fundamental_red_flag,1,sponsor_absent_late_stage,"{""burn_ttm"": 0.0, ""cash_total"": 133820000.0, ""dilution_risk"": null, ""has_revenue"": null, ""lead_phase"": null, ""runway_months"": null, ""stage_bucket"": ""late"", ""surv_score"": ""-1.0"", ""tier1_count"": 0}",late|near_181_270|pos,0.1,50.266398,1.1859,0,1,0.9954,1.0144,0,0,neutral,-1.1115,,0.0,0.0,0.0,,,0.0,0,0,0,True,False,True,far,0.3,adequate,<=400bps,268.65,1.0,0,0,1.0,0,1.0,0,244,False,specific_days,,,beta_missing:insufficient_overlap,0,,,insufficient_overlap,-0.2096,,54.6379,0.2835,,,late,mid,none,commercial_biotech,morningstar,,,,0,0.9,50,45.56250000000000000000000000,,61.49,65.84905660377358490566037736,41.65532879818594104308390023,65.6962,0.924,3.0,,29,1.0,0.1741,0,0,0.0,0.7,0.95,oncology,0.7563,highly_crowded,1.0,54,0.1,0.765351,0.7236,36.76,0.717105,0.5743
ARDX,"Ardelyx, Inc.",,,D,ineligible,,,D,0.072368,0.257692,1,,0,,,0,no_upcoming,9,neutral,drawdown_data_missing,XS,ineligible,financial_score:-30.6;clinical_score:+28.7;smart_money_score:+7.2,tier=;reason=;cat_days=NA;strength=missing;decay_w=0.0,v1.3.0,31f399e0,0,fundamental_red_flag,1,survivability_critical,"{""burn_ttm"": 42483000.0, ""cash_total"": 67999000.0, ""dilution_risk"": null, ""has_revenue"": null, ""lead_phase"": null, ""runway_months"": 19.207400607301743, ""stage_bucket"": ""late"", ""surv_score"": ""-4.0"", ""tier1_count"": 1}",late|none|pos,0.1,37.965757,1.1963,0,1,1.4966,1.5027,1,1,buying,-0.7105,elite_1,0.0,0.0,0.0,,,0.0,0,0,0,True,False,True,missing,0.0,adequate,<=1000bps,582.84,0.85,1,0,1.0,0,1.0,0,,False,no_upcoming,,,beta_missing:insufficient_overlap,1,,,insufficient_overlap,,series_too_short,44.9645,0.8641,,,late,small,none,commercial_biotech,morningstar,,,drawdown,1,0.8857130499075785582255083179,50,41.25000000000000000000000000,55.5,57.22,77.000,17.64168310322156476002629849,78.05,1.451,3.0,27,12,1.0,1.1978,1,1,0.0,0.6,0.55,metabolic,-0.4072,uncrowded,1.0,17,0.1,0.927632,1.4584,32.15,0.638158,0.3535
IONS,"Ionis Pharmaceuticals, Inc.",,,D,ineligible,,,D,0.278509,0.519231,1,,0,,,0,no_upcoming,9,neutral,,XS,ineligible,catalyst_score:-12.1;financial_score:+10.9;clinical_score:+4.6,tier=;reason=;cat_days=NA;strength=missing;decay_w=0.0,v1.3.0,31f399e0,0,fundamental_red_flag,1,sponsor_absent_late_stage,"{""burn_ttm"": 130874000.0, ""cash_total"": 2240171000.0, ""dilution_risk"": null, ""has_revenue"": null, ""lead_phase"": null, ""runway_months"": 187.5823540904904, ""stage_bucket"": ""late"", ""surv_score"": ""3.0"", ""tier1_count"": 0}",late|none|pos,0.1,46.912868,0.9596,0,1,0.6392,0.6674,0,0,neutral,-1.1115,,0.0,0.0,0.0,,,0.0,0,0,0,True,False,True,missing,0.0,adequate,<=400bps,247.51,1.0,0,0,1.0,0,1.0,0,,False,no_upcoming,,,beta_missing:insufficient_overlap,0,0.8532,,insufficient_overlap,-0.0423,,39.9808,0.2985,,,late,large,none,commercial_biotech,morningstar,,,,0,0.9,50,41.25000000000000000000000000,,22.84,57.92452830188679245283018868,64.26415094339622641509433962,58.6541,0.6236,3.0,224,63,1.0,2.4444,3,3,0.0,0.5,0.55,metabolic,0.2909,moderate,1.0,64,0.1,0.721491,0.5873,44.64,0.866228,1.1087
SRPT,"Sarepta Therapeutics, Inc.",,,D,ineligible,,,D,0.423246,0.934615,1,,0,,,0,no_upcoming,9,neutral,high_beta|deep_drawdown,XS,ineligible,clinical_score:-24.1;financial_score:+18.2;smart_money_score:+14.9,tier=;reason=;cat_days=NA;strength=missing;decay_w=0.0,v1.3.0,31f399e0,0,deep_drawdown,0,,"{""burn_ttm"": 336685000.0, ""cash_total"": 850993000.0, ""dilution_risk"": null, ""has_revenue"": null, ""lead_phase"": null, ""runway_months"": 28.848768719225042, ""stage_bucket"": ""late"", ""surv_score"": ""0.0"", ""tier1_count"": 3}",late|none|nonpos,0.1,72.273077,0.9242,0,1,-0.7933,-0.7283,3,3,neutral,0.0914,elite_3,0.0,0.0,0.0,,,0.0,0,0,0,True,False,True,missing,0.0,adequate,<=1000bps,463.86,0.85,1,0,1.0,0,1.0,0,,False,no_upcoming,,,beta_missing:insufficient_overlap,3,2.0634,,insufficient_overlap,-0.8253,,37.7444,1.0694,,,late,small,none,commercial_biotech,morningstar,,,,0,0.8324212850005809225049378413,50,41.25000000000000000000000000,65.0,90.00,26.05474466991020924805189668,68.38461538461538461538461538,25.7484,-0.78,3.0,404,20,1.0,0.0637,0,0,0.0,0.8,0.75,rare_disease,0.7563,highly_crowded,1.0,97,0.1,0.576754,0.1936,23.16,0.493421,-0.0165
SIGA,SIGA Technologies Inc.,,,D,ineligible,,,D,0.414474,0.903846,1,,0,,,0,no_upcoming,9,neutral,drawdown_data_missing,XS,ineligible,clinical_score:-31.0;financial_score:+18.9;momentum_score:+10.4,tier=;reason=;cat_days=NA;strength=missing;decay_w=0.0,v1.3.0,31f399e0,0,fundamental_red_flag,1,sponsor_absent_late_stage,"{""burn_ttm"": 0.0, ""cash_total"": 171955584.0, ""dilution_risk"": null, ""has_revenue"": null, ""lead_phase"": null, ""runway_months"": null, ""stage_bucket"": ""late"", ""surv_score"": ""2.0"", ""tier1_count"": 0}",late|none|nonpos,0.1,67.807692,-0.2651,,0,-1.6497,-1.4607,0,0,neutral,-1.1115,,0.0,0.0,0.0,,,0.0,0,0,0,True,False,True,missing,0.0,adequate,>2000bps,2020.0,0.55,1,0,1.0,0,1.0,0,,False,no_upcoming,,,beta_missing:insufficient_overlap,0,,,insufficient_overlap,,series_too_short,58.5789,0.5084,,,late,small,none,commercial_pharma,morningstar,,,drawdown,1,0.8974855498120300751879699248,50,41.25000000000000000000000000,,90.00,8.634547684031486096277837108,58.46153846153846153846153846,8.3262,-1.5231,3.0,,3,0.6667,0.0,0,0,0.0,0.4,0.75,rare_disease,0.7563,highly_crowded,1.0,95,0.1,0.585526,0.2161,18.76,0.344298,-0.4008
RGNX,REGENXBIO Inc.,,,D,ineligible,,,D,0.39693,0.888462,1,,0,,,0,no_upcoming,9,neutral,deep_drawdown,XS,ineligible,financial_score:+19.2;clinical_score:-18.1;catalyst_score:-8.0,tier=;reason=;cat_days=NA;strength=missing;decay_w=0.0,v1.3.0,31f399e0,0,deep_drawdown,0,,"{""burn_ttm"": 71673000.0, ""cash_total"": 274205000.0, ""dilution_risk"": null, ""has_revenue"": null, ""lead_phase"": null, ""runway_months"": 45.90933824452723, ""stage_bucket"": ""mid"", ""surv_score"": ""5.0"", ""tier1_count"": 1}",mid|none|nonpos,0.1,67.378,-0.679,301,1,-0.5605,-0.5014,1,1,buying,-0.7105,elite_1,0.0,0.0,0.0,,,0.0,0,0,0,True,False,True,missing,0.0,adequate,<=2000bps,1127.96,0.7,1,0,1.0,0,1.0,0,,False,no_upcoming,,,beta_missing:insufficient_overlap,1,,,insufficient_overlap,-0.4061,,59.2913,0.6963,,,mid,small,none,commercial_biotech,morningstar,,,,0,0.7678581065887114908927366764,50,41.25000000000000000000000000,55.5,75.93,31.23456790123456790123456790,68.450,29.9164,-0.6022,2.0,1125,6,1.0,0.0242,0,0,0.0,0.3,0.55,ophthalmology,0.2909,moderate,1.0,91,0.1,0.60307,0.2613,30.11,0.616228,0.2956
EXEL,"Exelixis, Inc.",,,D,ineligible,,,D,0.199561,0.803846,1,,0,,,0,no_upcoming,9,neutral,,XS,ineligible,catalyst_score:-10.1;clinical_score:+6.0;financial_score:+5.4,tier=;reason=;cat_days=NA;strength=missing;decay_w=0.0,v1.3.0,31f399e0,0,fundamental_red_flag,1,sponsor_absent_late_stage,"{""burn_ttm"": 0.0, ""cash_total"": 1059091000.0, ""dilution_risk"": null, ""has_revenue"": null, ""lead_phase"": null, ""runway_months"": null, ""stage_bucket"": ""late"", ""surv_score"": ""5.0"", ""tier1_count"": 0}",late|none|pos,0.1,61.334104,1.1562,0,1,0.6138,0.6426,0,0,neutral,-1.1115,,0.0,0.0,0.0,,,0.0,0,0,0,True,False,True,missing,0.0,adequate,<=400bps,299.43,1.0,0,0,1.0,0,1.0,0,,False,no_upcoming,,,beta_missing:insufficient_overlap,0,0.5070,,insufficient_overlap,-0.0824,,45.2758,0.4304,,,late,large,none,commercial_biotech,morningstar,,,,0,0.9,50,41.25000000000000000000000000,,73.65,57.35849056603773584905660377,56.79245283018867924528301887,58.7585,0.6281,3.0,12,55,1.0,2.7807,2,2,0.0,0.4,0.95,oncology,0.7563,highly_crowded,1.0,46,0.1,0.800439,0.8432,40.93,0.822368,0.9244
RARE,Ultragenyx Pharmaceutical Inc.,,,D,ineligible,,,D,0.383772,0.157692,1,,0,,,0,no_upcoming,9,neutral,high_vol|deep_drawdown,XS,ineligible,financial_score:-29.2;momentum_score:+15.0;smart_money_score:+15.0,tier=;reason=;cat_days=NA;strength=missing;decay_w=0.0,v1.3.0,31f399e0,0,deep_drawdown,0,,"{""burn_ttm"": 466000000.0, ""cash_total"": 421000000.0, ""dilution_risk"": null, ""has_revenue"": null, ""lead_phase"": null, ""runway_months"": 10.841201716738198, ""stage_bucket"": ""late"", ""surv_score"": ""-1.0"", ""tier1_count"": 5}",late|none|nonpos,0.1,31.58001,0.9267,0,1,-0.7072,-0.6444,5,5,selling,0.8934,elite_5,0.0,0.0,0.0,,,0.0,0,0,0,True,False,True,missing,0.0,short,<=1000bps,402.93,0.85,1,0,1.0,0,1.0,0,,False,no_upcoming,,,beta_missing:insufficient_overlap,5,1.7722,,insufficient_overlap,-0.5068,,62.3802,1.2539,,,late,mid,sev2,commercial_biotech,morningstar,,,,0,0.8653554738465187996678923022,50,41.25000000000000000000000000,50.0,54.12,27.97080811676753292986828052,5.862244897959183673469387748,27.5682,-0.7024,3.0,1003,37,1.0,0.2196,0,0,0.0,0.8,0.6,cns,-0.4072,uncrowded,1.0,88,0.1,0.616228,0.2956,9.55,0.059211,-1.5614
PHAT,"Phathom Pharmaceuticals, Inc.",,,D,ineligible,,,D,0.375,0.142308,1,,0,,,0,no_upcoming,9,neutral,drawdown_data_missing,XS,ineligible,financial_score:-25.6;momentum_score:+16.4;smart_money_score:+15.9,tier=;reason=;cat_days=NA;strength=missing;decay_w=0.0,v1.3.0,31f399e0,0,fundamental_red_flag,1,survivability_critical,"{""burn_ttm"": 166775000.0, ""cash_total"": 129972000.0, ""dilution_risk"": null, ""has_revenue"": null, ""lead_phase"": null, ""runway_months"": 9.351905261579972, ""stage_bucket"": ""late"", ""surv_score"": ""-7.0"", ""tier1_count"": 1}",late|none|nonpos,0.1,31.116108,-0.233,404,1,-1.1036,-1.0306,1,1,selling,-0.7105,elite_1,0.0,0.0,0.0,,,0.0,0,0,0,True,False,True,missing,0.0,short,<=1000bps,859.62,0.85,1,0,1.0,0,1.0,0,,False,no_upcoming,,,beta_missing:insufficient_overlap,1,,,insufficient_overlap,,series_too_short,52.2501,0.6057,,,late,small,sev2,commercial_biotech,morningstar,,,drawdown,1,0.7616316070475173518419647624,50,41.25000000000000000000000000,49.5,50,19.15133895019975475653652941,8.035795164000292205420410544,18.1612,-1.1036,3.0,404,2,0.3333,0.0677,0,0,0.0,0.3,0.55,infectious_disease,-0.4072,uncrowded,1.0,86,0.1,0.625,0.3186,7.00,0.028509,-1.9032
OPK,"Opko Health, Inc.",,,D,ineligible,,,D,0.366228,0.911538,1,,0,,,0,no_upcoming,9,neutral,drawdown_data_missing,XS,ineligible,financial_score:+17.7;clinical_score:-10.3;catalyst_score:-8.1,tier=;reason=;cat_days=NA;strength=missing;decay_w=0.0,v1.3.0,31f399e0,0,fundamental_red_flag,1,sponsor_absent_late_stage,"{""burn_ttm"": 152621000.0, ""cash_total"": 411972000.0, ""dilution_risk"": null, ""has_revenue"": null, ""lead_phase"": null, ""runway_months"": 32.276737801482106, ""stage_bucket"": ""late"", ""surv_score"": ""-2.0"", ""tier1_count"": 0}",late|none|nonpos,0.1,69.591615,0.9372,0,1,,0.0,0,0,neutral,-1.1115,,0.0,0.0,0.0,,,0.0,0,0,0,True,False,True,missing,0.0,adequate,<=2000bps,1631.21,0.7,1,0,1.0,0,1.0,0,,False,no_upcoming,,,beta_missing:insufficient_overlap,0,,,insufficient_overlap,,series_too_short,44.292,0.354,,,late,small,none,platform_diagnostics,morningstar,,,drawdown,1,0.9,50,41.25000000000000000000000000,,84.02,39.07479925635853012143506982,67.07692307692307692307692308,38.096,-0.2533,3.0,,10,1.0,0.0,0,0,0.0,0.4,0.55,ophthalmology,0.2909,moderate,1.0,84,0.1,0.633772,0.3419,38.26,0.752193,0.6814
KMDA,Kamada Ltd.,,,D,ineligible,,,D,0.291667,0.119231,1,,0,,,0,no_upcoming,9,neutral,drawdown_data_missing,XS,ineligible,financial_score:-30.2;momentum_score:+14.8;clinical_score:+9.3,tier=;reason=;cat_days=NA;strength=missing;decay_w=0.0,v1.3.0,31f399e0,0,financials_missing,1,"cash_runway_lt_6m,sponsor_absent_late_stage,survivability_critical","{""burn_ttm"": 0.0, ""cash_total"": 0.0, ""dilution_risk"": null, ""has_revenue"": null, ""lead_phase"": null, ""runway_months"": 0.0, ""stage_bucket"": ""late"", ""surv_score"": ""-5.0"", ""tier1_count"": 0}",late|none|nonpos,0.1,29.75,0.9406,0,1,-0.103,-0.0096,0,0,neutral,-1.1115,,0.0,0.0,0.0,,,0.0,0,0,0,True,False,True,missing,0.0,critical,>2000bps,2036.0,0.55,1,0,1.0,0,1.0,0,,False,no_upcoming,,,beta_missing:insufficient_overlap,0,,,insufficient_overlap,,series_too_short,40.9029,0.3562,,,late,unknown,sev2,commercial_pharma,morningstar,,,drawdown,1,0.8372318953088610402572917822,50,41.25000000000000000000000000,,50,44.43851113484434951149084292,5,43.7801,-0.0108,3.0,3227,12,1.0,0.0,0,0,0.0,0.4,0.5,respiratory,-0.4072,uncrowded,1.0,67,0.1,0.708333,0.5485,15.60,0.208333,-0.8122
INVA,"Innoviva, Inc.",,,D,ineligible,,,D,0.274123,0.973077,1,,0,,,0,no_upcoming,9,neutral,drawdown_data_missing,XS,ineligible,financial_score:+24.0;clinical_score:-21.7;catalyst_score:-5.5,tier=;reason=;cat_days=NA;strength=missing;decay_w=0.0,v1.3.0,31f399e0,0,fundamental_red_flag,1,sponsor_absent_late_stage,"{""burn_ttm"": 0.0, ""cash_total"": 550941000.0, ""dilution_risk"": null, ""has_revenue"": null, ""lead_phase"": null, ""runway_months"": null, ""stage_bucket"": ""late"", ""surv_score"": ""2.0"", ""tier1_count"": 0}",late|none|nonpos,0.1,73.297154,-0.0385,,0,-0.8358,-0.7697,0,0,neutral,-1.1115,,0.0,0.0,0.0,,,0.0,0,0,0,True,False,True,missing,0.0,adequate,<=1000bps,731.28,0.85,1,0,1.0,0,1.0,0,,False,no_upcoming,,,beta_missing:insufficient_overlap,0,,,insufficient_overlap,,series_too_short,44.3216,0.3385,,,late,small,none,commercial_biotech,morningstar,,,drawdown,1,0.9,50,41.25000000000000000000000000,,89.86,25.10857956568173727305090779,70.76923076923076923076923077,24.4608,-0.8349,3.0,,3,0.0,0.0,0,0,0.0,0.3,0.95,oncology,0.7563,highly_crowded,1.0,63,0.1,0.725877,0.6004,33.69,0.655702,0.4008
AMPH,"Amphastar Pharmaceuticals, Inc.",,,D,ineligible,,,D,0.050439,0.896154,1,,0,,,0,no_upcoming,9,neutral,drawdown_data_missing,XS,ineligible,catalyst_score:-13.4;financial_score:+11.5;clinical_score:+6.6,tier=;reason=;cat_days=NA;strength=missing;decay_w=0.0,v1.3.0,31f399e0,0,fundamental_red_flag,1,sponsor_absent_late_stage,"{""burn_ttm"": 0.0, ""cash_total"": 276209000.0, ""dilution_risk"": null, ""has_revenue"": null, ""lead_phase"": null, ""runway_months"": null, ""stage_bucket"": ""late"", ""surv_score"": ""3.0"", ""tier1_count"": 0}",late|none|pos,0.1,67.436731,1.1665,0,1,0.6263,0.6746,0,0,neutral,-1.1115,,0.0,0.0,0.0,,,0.0,0,0,0,True,False,True,missing,0.0,adequate,<=2000bps,1139.42,0.7,1,0,1.0,0,1.0,0,,False,no_upcoming,,,beta_missing:insufficient_overlap,0,,,insufficient_overlap,,series_too_short,41.5952,0.4149,,,late,small,none,commercial_pharma,morningstar,,,drawdown,1,0.9,50,41.25000000000000000000000000,,79.05,61.32075471698113207547169811,66.15384615384615384615384615,60.3124,0.6944,3.0,,10,1.0,0.0,0,0,0.0,0.6,0.5,respiratory,0.7563,highly_crowded,1.0,12,0.1,0.949561,1.6406,47.22,0.914474,1.3688
IBRX,"ImmunityBio, Inc.",,,D,ineligible,,,D,0.243421,0.034615,1,,0,,,0,no_upcoming,9,neutral,high_vol|drawdown_data_missing,XS,ineligible,clinical_score:-25.8;financial_score:-25.8;smart_money_score:+21.8,tier=;reason=;cat_days=NA;strength=missing;decay_w=0.0,v1.3.0,31f399e0,0,fundamental_red_flag,1,survivability_critical,"{""burn_ttm"": 304936000.0, ""cash_total"": 242818000.0, ""dilution_risk"": null, ""has_revenue"": null, ""lead_phase"": null, ""runway_months"": 7.9651196483535704, ""stage_bucket"": ""late"", ""surv_score"": ""-4.0"", ""tier1_count"": 1}",late|none|nonpos,0.1,24.4825,0.876,0,1,-1.7396,-1.6503,1,1,neutral,-0.7105,elite_1,0.0,0.0,0.0,,,0.0,0,0,0,True,False,True,missing,0.0,short,<=400bps,178.96,1.0,0,0,1.0,0,1.0,0,,False,no_upcoming,,,beta_missing:insufficient_overlap,1,,,insufficient_overlap,,series_too_short,58.2544,1.3149,,,late,mid,sev2,commercial_biotech,morningstar,,,drawdown,1,0.7847398285645297597488832549,50,41.25000000000000000000000000,52.5,34.95,5,5,5.2641,-1.6538,3.0,2465,34,1.0,0.4664,0,1,0.0,0.3,0.95,oncology,-0.4072,uncrowded,1.0,56,0.1,0.756579,0.6953,3.80,0.002193,-2.849
EOLS,"Evolus, Inc. Common Stock",,,D,ineligible,,,D,0.190789,0.457692,1,,0,,,0,no_upcoming,9,neutral,drawdown_data_missing,XS,ineligible,financial_score:-24.1;momentum_score:+15.0;smart_money_score:+13.5,tier=;reason=;cat_days=NA;strength=missing;decay_w=0.0,v1.3.0,31f399e0,0,fundamental_red_flag,1,survivability_critical,"{""burn_ttm"": 55092000.0, ""cash_total"": 43523000.0, ""dilution_risk"": null, ""has_revenue"": null, ""lead_phase"": null, ""runway_months"": 9.480069701590068, ""stage_bucket"": ""late"", ""surv_score"": ""-5.0"", ""tier1_count"": 1}",late|none|nonpos,0.1,45.006983,-0.2371,,0,-0.9785,-0.831,1,1,selling,-0.7105,elite_1,0.0,0.0,0.0,,,0.0,0,0,0,True,False,True,missing,0.0,short,<=2000bps,1511.35,0.7,1,0,1.0,0,1.0,0,,False,no_upcoming,,,beta_missing:insufficient_overlap,1,,,insufficient_overlap,,series_too_short,38.0989,0.5726,,,late,micro,sev2,commercial_pharma,morningstar,,,drawdown,1,0.8690367410714285714285714286,50,41.25000000000000000000000000,48.5,86.08,24.17032554092005854198805426,10.84218385348680827498912226,23.1726,-0.8899,3.0,,2,0.3333,0.0,0,0,0.0,0.3,0.5,other,-2.9669,uncrowded,1.0,44,0.1,0.809211,0.875,5.70,0.019737,-2.0592
CRL,Charles River Laboratories Inte,,,D,ineligible,,,D,0.160088,0.588462,1,,0,,,0,no_upcoming,9,neutral,drawdown_data_missing,XS,ineligible,clinical_score:-19.3;financial_score:+9.3;momentum_score:+9.3,tier=;reason=;cat_days=NA;strength=missing;decay_w=0.0,v1.3.0,31f399e0,0,fundamental_red_flag,1,sponsor_absent_late_stage,"{""burn_ttm"": 0.0, ""cash_total"": 213770000.0, ""dilution_risk"": null, ""has_revenue"": null, ""lead_phase"": null, ""runway_months"": null, ""stage_bucket"": ""late"", ""surv_score"": ""3.0"", ""tier1_count"": 0}",late|none|nonpos,0.1,47.9175,0.9141,0,1,,0.0,0,0,neutral,-1.1115,,0.0,0.0,0.0,,,0.0,0,0,0,True,False,True,missing,0.0,adequate,<=400bps,254.94,1.0,0,0,1.0,0,1.0,0,,False,no_upcoming,,,beta_missing:insufficient_overlap,0,,,insufficient_overlap,,series_too_short,49.3455,0.3443,,,late,mid,none,platform_diagnostics,morningstar,,,drawdown,1,0.8717047572815533980582524272,50,41.25000000000000000000000000,,44.05,21.40302994343578181242830585,50,21.4446,-0.9636,3.0,608,33,1.0,0.013,0,0,0.0,0.5,0.95,oncology,-0.4072,uncrowded,1.0,37,0.1,0.839912,0.9941,17.26,0.282895,-0.5743
COLL,"Collegium Pharmaceutical, Inc.",,,D,ineligible,,,D,0.155702,0.926923,1,,0,,,0,no_upcoming,9,neutral,drawdown_data_missing,XS,ineligible,clinical_score:-33.9;financial_score:+26.0;momentum_score:+8.3,tier=;reason=;cat_days=NA;strength=missing;decay_w=0.0,v1.3.0,31f399e0,0,fundamental_red_flag,1,sponsor_absent_late_stage,"{""burn_ttm"": 0.0, ""cash_total"": 386679000.0, ""dilution_risk"": null, ""has_revenue"": null, ""lead_phase"": null, ""runway_months"": null, ""stage_bucket"": ""late"", ""surv_score"": ""3.0"", ""tier1_count"": 0}",late|none|nonpos,0.1,71.961538,-0.0689,,0,-1.6837,-1.4926,0,0,neutral,-1.1115,,0.0,0.0,0.0,,,0.0,0,0,0,True,False,True,missing,0.0,adequate,<=1000bps,731.17,0.85,1,0,1.0,0,1.0,0,,False,no_upcoming,,,beta_missing:insufficient_overlap,0,,,insufficient_overlap,,series_too_short,42.4253,0.4474,,,late,small,none,commercial_pharma,morningstar,,,drawdown,1,0.9,50,41.25000000000000000000000000,,90.00,7.846604169138879000039555394,67.69230769230769230769230769,7.1882,-1.5717,3.0,,2,0.0,0.0,0,0,0.0,0.4,0.5,other,-1.338,uncrowded,1.0,36,0.1,0.844298,1.0123,23.26,0.497807,-0.0055
BBIO,"BridgeBio Pharma, Inc.",,,D,ineligible,,,D,0.107456,0.073077,1,,0,,,0,no_upcoming,9,neutral,,XS,ineligible,smart_money_score:+31.3;clinical_score:-30.4;financial_score:-18.7,tier=;reason=;cat_days=NA;strength=missing;decay_w=0.0,v1.3.0,31f399e0,0,fundamental_red_flag,1,debt_distress_with_weak_surv,"{""burn_ttm"": 445910000.0, ""cash_total"": 578058000.0, ""dilution_risk"": null, ""has_revenue"": null, ""lead_phase"": null, ""runway_months"": 14.850685940363437, ""stage_bucket"": ""late"", ""surv_score"": ""-3.0"", ""tier1_count"": 5}",late|none|nonpos,0.1,28.094816,0.8808,0,1,-1.6815,-1.5936,5,5,buying,0.8934,elite_5,0.0,0.0,0.0,,,0.0,0,0,0,True,False,True,missing,0.0,adequate,<=400bps,239.27,1.0,0,0,1.0,0,1.0,0,,False,no_upcoming,,,beta_missing:insufficient_overlap,5,1.1646,,insufficient_overlap,-0.0797,,53.2043,0.4744,,,late,large,sev1,commercial_biotech,morningstar,,,,0,0.8926806893119323130521338808,50,41.25000000000000000000000000,68.0,28.50,6.294450377754044539377398045,18.04403504608203789407064595,5.9861,-1.623,3.0,1124,7,1.0,0.0375,0,0,0.0,0.4,0.95,oncology,0.7563,highly_crowded,1.0,25,0.1,0.892544,1.2402,9.51,0.054825,-1.5998
AMRX,"Amneal Pharmaceuticals, Inc.",,,D,ineligible,,,D,0.054825,0.526923,1,,0,,,0,no_upcoming,9,neutral,drawdown_data_missing,XS,ineligible,catalyst_score:-6.8;financial_score:+4.1;momentum_score:+1.9,tier=;reason=;cat_days=NA;strength=missing;decay_w=0.0,v1.3.0,31f399e0,0,fundamental_red_flag,1,sponsor_absent_late_stage,"{""burn_ttm"": 0.0, ""cash_total"": 201249000.0, ""dilution_risk"": null, ""has_revenue"": null, ""lead_phase"": null, ""runway_months"": null, ""stage_bucket"": ""late"", ""surv_score"": ""1.0"", ""tier1_count"": 0}",late|none|pos,0.1,46.942786,0.9433,0,1,0.0886,0.1701,0,0,neutral,-1.1115,,0.0,0.0,0.0,,,0.0,0,0,0,True,False,True,missing,0.0,adequate,<=1000bps,544.86,0.85,1,0,1.0,0,1.0,0,,False,no_upcoming,,,beta_missing:insufficient_overlap,0,,,insufficient_overlap,,series_too_short,43.6191,0.3236,,,late,mid,none,commercial_pharma,morningstar,,,drawdown,1,0.9,50,41.25000000000000000000000000,,38.51,48.87188006803528341442189787,52.14285714285714285714285714,47.9005,0.1649,3.0,,12,1.0,0.0,0,0,0.0,0.4,0.6,autoimmune,0.7563,highly_crowded,1.0,13,0.1,0.945175,1.5998,38.40,0.756579,0.6953
ARWR,"Arrowhead Pharmaceuticals, Inc.",,,D,ineligible,,,D,0.085526,0.326923,1,,0,,,0,no_upcoming,9,neutral,deep_drawdown,XS,ineligible,clinical_score:-18.9;smart_money_score:+13.4;financial_score:+9.5,tier=;reason=;cat_days=NA;strength=missing;decay_w=0.0,v1.3.0,31f399e0,0,deep_drawdown,0,,"{""burn_ttm"": 0.0, ""cash_total"": 714967000.0, ""dilution_risk"": null, ""has_revenue"": null, ""lead_phase"": null, ""runway_months"": null, ""stage_bucket"": ""mid"", ""surv_score"": ""5.0"", ""tier1_count"": 2}",mid|none|nonpos,0.1,41.153286,0.4377,0,1,-0.6719,-0.61,2,2,buying,-0.3095,elite_2,0.0,0.0,0.0,,,0.0,0,0,0,True,False,True,missing,0.0,adequate,<=400bps,234.38,1.0,0,0,1.0,0,1.0,0,,False,no_upcoming,,,beta_missing:insufficient_overlap,2,,,insufficient_overlap,-0.6164,,12.4635,0.7267,,,mid,mid,none,commercial_biotech,morningstar,,,,0,0.7624121269540502131691141639,50,41.25000000000000000000000000,61.0,15.54,28.75535399344923154446963970,57.14285714285714285714285714,29.8052,-0.6069,2.0,50,9,1.0,0.3139,2,0,0.0,0.4,0.95,oncology,-0.4072,uncrowded,1.0,20,0.1,0.914474,1.3688,26.32,0.554825,0.1379
ALVO,Alvotech,,,D,ineligible,,,D,0.046053,0.096154,1,,0,,,0,no_upcoming,9,neutral,drawdown_data_missing,XS,ineligible,financial_score:-24.9;momentum_score:+20.1;catalyst_score:+11.4,tier=;reason=;cat_days=NA;strength=missing;decay_w=0.0,v1.3.0,31f399e0,0,financials_missing,1,"cash_runway_lt_6m,sponsor_absent_late_stage,survivability_critical","{""burn_ttm"": 0.0, ""cash_total"": 0.0, ""dilution_risk"": null, ""has_revenue"": null, ""lead_phase"": null, ""runway_months"": 0.0, ""stage_bucket"": ""late"", ""surv_score"": ""-5.0"", ""tier1_count"": 0}",late|none|nonpos,0.1,29.75,0.921,0,1,-1.0187,-0.8687,0,0,neutral,-1.1115,,0.0,0.0,0.0,,,0.0,0,0,0,True,False,True,missing,0.0,critical,>2000bps,2020.0,0.55,1,0,1.0,0,1.0,0,,False,no_upcoming,,,beta_missing:series_too_short,0,,,series_too_short,,no_price_series,,0.9498,,,late,unknown,sev2,commercial_pharma,morningstar,,,drawdown,1,0.7956685739730602248691973728,50,41.25000000000000000000000000,,50,23.23998259562517305486333610,5,23.6377,-0.87,3.0,17,1,0.0,0.9764,1,2,0.0,0.3,0.6,autoimmune,0.7563,highly_crowded,1.0,11,0.1,0.953947,1.6844,7.23,0.032895,-1.8399
