ticker,company_name,actionable_rank,target_weight_pct,tier_any,tier_any_reason,tier_dev,tier_reason,tier_commercial,alpha_cohort_pct,commercial_quality_pct,has_commercial_quality,clinical_optionality_pct_dev,has_clinical_optionality_dev,clinical_rank_pct_dev,catalyst_days,catalyst_in_window,catalyst_mode,cat_priority,mom_state,risk_flags,size_band,size_reasons,top_3_drivers,catalyst_reason_detail,decision_engine_version,decision_engine_ruleset_id,eligible,ineligible_reasons,alpha_cohort_key,alpha_cohort_raw,commercial_quality,clinical_alpha_z,clinical_readout_days,clinical_coverage_flag,clinical_score_z,clinical_score_z_tier,sponsor_tier1_count,sponsor_overlap_count,sponsor_net_buying,coinvest_score_z,coinvest_tag,coinvest_conviction,coinvest_tier1_conviction,coinvest_max_position_pct,coinvest_filing_age_days,coinvest_recency_state,inst_delta_z,inst_delta_net,inst_delta_new,inst_delta_exit,has_coinvest_signal,has_inst_delta,has_catalyst_signal,catalyst_strength,catalyst_decay_w,runway_bucket,cost_bucket,est_cost_bps,cost_mult,cost_haircut_applied,dd_rel_margin_rescued,catalyst_tilt_mult,catalyst_tilt_applied,mom_state_tilt_mult,mom_state_tilt_applied,de_catalyst_days,de_catalyst_in_window,de_catalyst_mode,de_alpha_60d,de_alpha_60d_source,de_alpha_60d_missing_reason,de_tier1_count,de_beta_xbi_60d,de_beta_xbi_60d_source,de_beta_xbi_60d_missing_reason,de_drawdown,de_drawdown_missing_reason,de_rsi_14d,de_drawdown_xbi,de_drawdown_rel_xbi,stage_bucket,market_cap_bucket,severity,archetype,returns_source,catalyst_source,catalyst_event_type,missing_components,missingness_penalty,confidence_overall,momentum_score,catalyst_score,smart_money_score,valuation_score,clinical_score,financial_score,composite_rank,composite_score,score_rank_pct,score_z,composite_score_attn,score_rank_pct_attn,score_z_attn
ACIU,AC Immune SA,1,,A,high_opt+catalyst_near,A,high_opt+catalyst_near,,0.907932,,,0.618217,1,0.618217,488,1,specific_days,,headwind,deep_drawdown,L,tier_a_dev|catalyst_far_lift|momentum_headwind,,,v1.3.0,34839213,1,,mid|far_271_540|pos,0.05133853608247423,,-0.917904,279,1,-0.505731,1.0,,0,neutral,0.0,,0.0,0.0,0.0,,,0,0,0,0,False,False,True,far,0.3,adequate,,,1.0,0,0,1.0,0,1.0,0,488,,specific_days,-0.073076,price_history,,,0.7503,price_history,,-0.526902,,42.7973,-0.292675,-0.234227,mid,small,NONE,drug_developer,pit_bundle,CTGOV,CLINICAL_PCD,sponsor,1,0.5,,,,,0.340767,,321,0.05133853608247423,0.907932,,,,
ERAS,"Erasca, Inc.",2,,A,high_opt+catalyst_near,A,high_opt+catalyst_near,,0.990085,,,0.668605,1,0.668605,822,1,specific_days,,headwind,deep_drawdown,L,tier_a_dev|catalyst_far_lift|sponsor_confirmed|momentum_headwind|runway_short,,,v1.3.0,34839213,1,,early|far_271_540|nonpos,0.0,,-1.177372,148,1,-0.735832,-1.0,4,6,selling,0.3122,,4.0071,3.2667,4.42,46,fresh,0,0,0,0,True,False,True,far,0.3,short,,,1.0,0,0,1.0,0,1.0,0,822,,specific_days,-0.184829,price_history,,4,1.3534,price_history,,-0.515404,,51.306,-0.292675,-0.222729,early,mid,SEV2,drug_developer,pit_bundle,CTGOV,CLINICAL_PCD,,0,0.5,,,,,0.277092,,350,0.0,0.990085,,,,
MLTX,Healthcare,3,,B,high_opt+no_catalyst_data,B,high_opt+no_catalyst_data,,0.570822,,,0.606589,1,0.606589,,0,no_upcoming,,tailwind,,L,sponsor_confirmed|momentum_tailwind,,,v1.3.0,34839213,1,,mid|none|pos,0.08701244092219021,,-0.741103,160,1,-0.34894,1.685394,5,6,buying,0.6823,,6.962,6.4953,2.34,46,fresh,0,0,0,0,True,False,False,missing,0.0,adequate,,,1.0,0,0,1.0,0,1.0,0,,,missing,0.369676,price_history,,5,0.2023,price_history,,-0.250566,,63.6704,-0.292675,0.042109,mid,small,NONE,drug_developer,pit_bundle,,,,0,0.5,,,,,0.384155,,202,0.08701244092219021,0.570822,,,,
ANAB,"AnaptysBio, Inc.",4,,B,mod_opt+catalyst_near,B,mod_opt+catalyst_near,,0.046742,,,0.50969,1,0.50969,50,1,specific_days,,tailwind,,L,sponsor_confirmed|momentum_tailwind,,,v1.3.0,34839213,1,,mid|near_31_90|pos,0.1,,-0.163859,50,1,0.162972,2.861529,10,13,selling,2.5329,,11.6878,10.6649,8.1,46,fresh,0,0,0,0,True,False,True,near,1.0,adequate,,,1.0,0,0,1.0,0,1.0,0,50,,specific_days,0.110332,price_history,,10,0.8196,price_history,,-0.254653,,46.3534,-0.292675,0.038022,mid,small,SEV1,drug_developer,pit_bundle,CTGOV,CLINICAL_PCD,,0,0.5,,,,,0.525814,,17,0.1,0.046742,,,,
AKRO,"Akero Therapeutics, Inc.",5,,B,high_opt+no_catalyst_data,B,high_opt+no_catalyst_data,,0.536827,,,0.614341,1,0.614341,,0,no_upcoming,,tailwind,high_vol,L,sponsor_confirmed|momentum_tailwind|high_risk,,,v1.3.0,34839213,1,,mid|none|pos,0.08701244092219021,,-0.90955,268,1,-0.498322,1.342182,6,9,selling,1.0524,,6.0599,4.6661,5.84,46,fresh,0,0,0,0,True,False,False,missing,0.0,adequate,,,1.0,0,0,1.0,0,1.0,0,,,missing,2.521211,price_history,,6,-1.451,price_history,,0.0,,67.773,-0.292675,0.292675,mid,mid,NONE,drug_developer,pit_bundle,,,,0,0.5,,,,,0.342817,,190,0.08701244092219021,0.536827,,,,
REPL,"Replimune Group, Inc.",6,,B,high_opt+no_catalyst_data,B,high_opt+no_catalyst_data,,0.587819,,,0.637597,1,0.637597,,0,no_upcoming,,tailwind,,L,sponsor_confirmed|momentum_tailwind|runway_short,,,v1.3.0,34839213,1,,mid|none|pos,0.08701244092219021,,-0.982132,1006,1,-0.56269,1.194296,2,4,buying,-0.428,,3.6123,2.8694,2.43,46,fresh,0,0,0,0,True,False,False,missing,0.0,short,,,1.0,0,0,1.0,0,1.0,0,,,missing,0.104292,price_history,,2,0.9061,price_history,,-0.311933,,59.0386,-0.292675,-0.019258,mid,small,SEV2,drug_developer,pit_bundle,,,,0,0.5,,,,,0.325005,,208,0.08701244092219021,0.587819,,,,
NMRA,"Neumora Therapeutics, Inc.",7,,B,high_opt+no_catalyst_data,B,high_opt+no_catalyst_data,,0.576487,,,0.660853,1,0.660853,,0,no_upcoming,,neutral,drawdown_data_missing,S,runway_short,,,v1.3.0,34839213,1,,mid|none|pos,0.08701244092219021,,-0.982153,,1,-0.562708,1.194255,,0,neutral,0.0,,0.0,0.0,0.0,,,0,0,0,0,False,False,False,missing,0.0,short,,,1.0,0,0,1.0,0,1.0,0,,,missing,,,series_too_short,,,,series_too_short,,series_too_short,,,,mid,small,SEV2,drug_developer,pit_bundle,,,sponsor|drawdown,2,0.5,,,,,0.325,,204,0.08701244092219021,0.576487,,,,
MLYS,"Mineralys Therapeutics, Inc.",8,,B,high_opt+no_catalyst_data,B,high_opt+no_catalyst_data,,0.573654,,,0.653101,1,0.653101,,0,no_upcoming,,neutral,drawdown_data_missing,M,,,,v1.3.0,34839213,1,,mid|none|pos,0.08701244092219021,,-0.982153,,1,-0.562708,1.194255,,0,neutral,0.0,,0.0,0.0,0.0,,,0,0,0,0,False,False,False,missing,0.0,adequate,,,1.0,0,0,1.0,0,1.0,0,,,missing,,,series_too_short,,,,series_too_short,,series_too_short,,,,mid,mid,NONE,drug_developer,pit_bundle,,,sponsor|drawdown,2,0.5,,,,,0.325,,203,0.08701244092219021,0.573654,,,,
AURA,"Aura Biosciences, Inc.",9,,B,high_opt+no_catalyst_data,B,high_opt+no_catalyst_data,,0.550992,,,0.625969,1,0.625969,,0,no_upcoming,,neutral,deep_drawdown,S,runway_short,,,v1.3.0,34839213,1,,mid|none|pos,0.08701244092219021,,-0.977165,509,1,-0.558284,1.204417,1,2,neutral,-0.7982,,1.0687,0.602,0.42,46,fresh,0,0,0,0,True,False,False,missing,0.0,short,,,1.0,0,0,1.0,0,1.0,0,,,missing,0.004572,price_history,,1,0.9445,price_history,,-0.388175,,59.2521,-0.292675,-0.0955,mid,small,SEV2,drug_developer,pit_bundle,,,,0,0.5,,,,,0.326224,,195,0.08701244092219021,0.550992,,,,
ACLX,"Arcellx, Inc.",10,,B,high_opt+no_catalyst_data,B,high_opt+no_catalyst_data,,0.531161,,,0.629845,1,0.629845,,0,no_upcoming,,tailwind,,L,sponsor_confirmed|momentum_tailwind|runway_short,,,v1.3.0,34839213,1,,mid|none|pos,0.08701244092219021,,-0.981346,673,1,-0.561992,1.195898,4,7,buying,0.3122,,10.0291,8.6354,5.13,46,fresh,0,0,0,0,True,False,False,missing,0.0,short,,,1.0,0,0,1.0,0,1.0,0,,,missing,0.052979,price_history,,4,0.8039,price_history,,-0.18379,,45.0663,-0.292675,0.108885,mid,mid,SEV2,drug_developer,pit_bundle,,,,0,0.5,,,,,0.325198,,188,0.08701244092219021,0.531161,,,,
ACRV,Healthcare,11,,B,high_opt+no_catalyst_data,B,high_opt+no_catalyst_data,,0.533994,,,0.645349,1,0.645349,,0,no_upcoming,,neutral,drawdown_data_missing,S,runway_short,,,v1.3.0,34839213,1,,mid|none|pos,0.08701244092219021,,-0.982153,1431,1,-0.562708,1.194255,,0,neutral,0.0,,0.0,0.0,0.0,,,0,0,0,0,False,False,False,missing,0.0,short,,,1.0,0,0,1.0,0,1.0,0,,,missing,,,series_too_short,,,,series_too_short,,series_too_short,,,,mid,micro,SEV2,drug_developer,pit_bundle,,,sponsor|drawdown,2,0.5,,,,,0.325,,189,0.08701244092219021,0.533994,,,,
TNGX,"Tango Therapeutics, Inc.",12,,B,high_opt+no_catalyst_data,B,high_opt+no_catalyst_data,,0.978754,,,0.76938,1,0.76938,,0,no_upcoming,,tailwind,,L,sponsor_confirmed|momentum_tailwind|runway_short,,,v1.3.0,34839213,1,,early|none|pos,0.023322922839506172,,-1.452793,1097,1,-0.980082,0.235323,9,11,selling,2.1628,,8.4511,7.7044,1.97,46,fresh,0,0,0,0,True,False,False,missing,0.0,short,,,1.0,0,0,1.0,0,1.0,0,,,missing,0.988879,price_history,,9,0.6829,price_history,,-0.33481,,54.768,-0.292675,-0.042135,early,small,SEV2,drug_developer,pit_bundle,,,,0,0.5,,,,,0.209502,,346,0.023322922839506172,0.978754,,,,
VERV,"Verve Therapeutics, Inc.",13,,B,high_opt+no_catalyst_data,B,high_opt+no_catalyst_data,,0.984419,,,0.746124,1,0.746124,,0,no_upcoming,,neutral,drawdown_data_missing,L,sponsor_confirmed,,,v1.3.0,34839213,1,,early|none|pos,0.023322922839506172,,-1.452618,807,1,-0.979927,0.23568,6,9,selling,1.0524,,6.2789,5.0718,4.05,46,fresh,0,0,0,0,True,False,False,missing,0.0,adequate,,,1.0,0,0,1.0,0,1.0,0,,,missing,,,no_price_series,6,,,no_price_series,,no_price_series,,,,early,,NONE,drug_developer,pit_bundle,,,drawdown,1,0.5,,,,,0.209545,,348,0.023322922839506172,0.984419,,,,
NUVL,"Nuvalent, Inc.",14,,B,high_opt+no_catalyst_data,B,high_opt+no_catalyst_data,,0.964589,,,0.812016,1,0.812016,,0,no_upcoming,,tailwind,high_vol,M,sponsor_confirmed|momentum_tailwind|runway_short|high_risk,,,v1.3.0,34839213,1,,early|none|pos,0.023322922839506172,,-1.452802,1827,1,-0.980089,0.235306,5,8,buying,0.6823,,9.0631,7.7564,5.45,46,fresh,0,0,0,0,True,False,False,missing,0.0,short,,,1.0,0,0,1.0,0,1.0,0,,,missing,1.146392,price_history,,5,1.4191,price_history,,-0.079249,,61.0013,-0.292675,0.213426,early,mid,SEV2,drug_developer,pit_bundle,,,,0,0.5,,,,,0.2095,,341,0.023322922839506172,0.964589,,,,
ZBIO,"Zenas BioPharma, Inc.",15,,B,high_opt+no_catalyst_data,B,high_opt+no_catalyst_data,,0.987252,,,0.664729,1,0.664729,,0,no_upcoming,,neutral,drawdown_data_missing,S,runway_short,,,v1.3.0,34839213,1,,early|none|pos,0.023322922839506172,,-1.097174,125,1,-0.664711,0.959898,,0,neutral,0.0,,0.0,0.0,0.0,,,0,0,0,0,False,False,False,missing,0.0,short,,,1.0,0,0,1.0,0,1.0,0,,,missing,,,series_too_short,,,,series_too_short,,series_too_short,,,,early,small,SEV2,drug_developer,pit_bundle,,,sponsor|drawdown,2,0.5,,,,,0.296773,,349,0.023322922839506172,0.987252,,,,
UPB,"Upstream Bio, Inc.",16,,B,high_opt+no_catalyst_data,B,high_opt+no_catalyst_data,,0.981586,,,0.687984,1,0.687984,,0,no_upcoming,,neutral,drawdown_data_missing,S,runway_short,,,v1.3.0,34839213,1,,early|none|pos,0.023322922839506172,,-1.371667,258,1,-0.908137,0.400619,,0,neutral,0.0,,0.0,0.0,0.0,,,0,0,0,0,False,False,False,missing,0.0,short,,,1.0,0,0,1.0,0,1.0,0,,,missing,,,series_too_short,,,,series_too_short,,series_too_short,,,,early,small,SEV2,drug_developer,pit_bundle,,,sponsor|drawdown,2,0.5,,,,,0.229411,,347,0.023322922839506172,0.981586,,,,
JANX,"Janux Therapeutics, Inc.",17,,B,high_opt+no_catalyst_data,B,high_opt+no_catalyst_data,,0.950425,,,0.80814,1,0.80814,,0,no_upcoming,,tailwind,deep_drawdown,L,sponsor_confirmed|momentum_tailwind|runway_short,,,v1.3.0,34839213,1,,early|none|pos,0.023322922839506172,,-1.452802,1674,1,-0.980089,0.235306,4,4,selling,0.3122,,4.0407,4.0407,2.82,46,fresh,0,0,0,0,True,False,False,missing,0.0,short,,,1.0,0,0,1.0,0,1.0,0,,,missing,0.129086,price_history,,4,1.098,price_history,,-0.363806,,37.1476,-0.292675,-0.071131,early,small,SEV2,drug_developer,pit_bundle,,,,0,0.5,,,,,0.2095,,336,0.023322922839506172,0.950425,,,,
MBX,"MBX Biosciences, Inc.",18,,B,high_opt+no_catalyst_data,B,high_opt+no_catalyst_data,,0.958924,,,0.684109,1,0.684109,,0,no_upcoming,,neutral,drawdown_data_missing,M,,,,v1.3.0,34839213,1,,early|none|pos,0.023322922839506172,,-1.301644,202,1,-0.846039,0.543291,,0,neutral,0.0,,0.0,0.0,0.0,,,0,0,0,0,False,False,False,missing,0.0,adequate,,,1.0,0,0,1.0,0,1.0,0,,,missing,,,series_too_short,,,,series_too_short,,series_too_short,,,,early,small,NONE,drug_developer,pit_bundle,,,sponsor|drawdown,2,0.5,,,,,0.246595,,339,0.023322922839506172,0.958924,,,,
LXEO,"Lexeo Therapeutics, Inc.",19,,B,high_opt+no_catalyst_data,B,high_opt+no_catalyst_data,,0.956091,,,0.738372,1,0.738372,,0,no_upcoming,,neutral,drawdown_data_missing,S,runway_short,,,v1.3.0,34839213,1,,early|none|pos,0.023322922839506172,,-1.452256,708,1,-0.979605,0.236419,,0,neutral,0.0,,0.0,0.0,0.0,,,0,0,0,0,False,False,False,missing,0.0,short,,,1.0,0,0,1.0,0,1.0,0,,,missing,,,series_too_short,,,,series_too_short,,series_too_short,,,,early,small,SEV2,drug_developer,pit_bundle,,,sponsor|drawdown,2,0.5,,,,,0.209634,,338,0.023322922839506172,0.956091,,,,
DYN,"Dyne Therapeutics, Inc.",20,,B,high_opt+no_catalyst_data,B,high_opt+no_catalyst_data,,0.939093,,,0.784884,1,0.784884,,0,no_upcoming,,neutral,,L,sponsor_confirmed,,,v1.3.0,34839213,1,,early|none|pos,0.023322922839506172,,-1.452802,2405,1,-0.980089,0.235306,4,6,selling,0.3122,,5.0049,4.0778,3.66,46,fresh,0,0,0,0,True,False,False,missing,0.0,adequate,,,1.0,0,0,1.0,0,1.0,0,,,missing,-0.018758,price_history,,4,0.7609,price_history,,-0.228741,,60.6092,-0.292675,0.063934,early,mid,NONE,drug_developer,pit_bundle,,,,0,0.5,,,,,0.2095,,332,0.023322922839506172,0.939093,,,,
IDYA,"IDEAYA Biosciences, Inc.",21,,B,high_opt+no_catalyst_data,B,high_opt+no_catalyst_data,,0.947592,,,0.800388,1,0.800388,,0,no_upcoming,,tailwind,,L,sponsor_confirmed|momentum_tailwind,,,v1.3.0,34839213,1,,early|none|pos,0.023322922839506172,,-1.452802,1492,1,-0.980089,0.235306,3,4,buying,-0.0579,,7.1525,6.7792,9.49,46,fresh,0,0,0,0,True,False,False,missing,0.0,adequate,,,1.0,0,0,1.0,0,1.0,0,,,missing,0.920881,price_history,,3,0.506,price_history,,-0.25562,,57.8271,-0.292675,0.037055,early,mid,NONE,drug_developer,pit_bundle,,,,0,0.5,,,,,0.2095,,335,0.023322922839506172,0.947592,,,,
CGEM,"Cullinan Therapeutics, Inc.",22,,B,high_opt+no_catalyst_data,B,high_opt+no_catalyst_data,,0.930595,,,0.773256,1,0.773256,,0,no_upcoming,,neutral,,M,sponsor_confirmed|runway_short,,,v1.3.0,34839213,1,,early|none|pos,0.023322922839506172,,-1.452798,1158,1,-0.980086,0.235315,4,7,buying,0.3122,,6.4369,5.0431,1.19,46,fresh,0,0,0,0,True,False,False,missing,0.0,short,,,1.0,0,0,1.0,0,1.0,0,,,missing,-0.043093,price_history,,4,0.834,price_history,,-0.288087,,47.7636,-0.292675,0.004588,early,small,SEV2,drug_developer,pit_bundle,,,,0,0.5,,,,,0.209501,,329,0.023322922839506172,0.930595,,,,
ELVN,"Enliven Therapeutics, Inc.",23,,B,high_opt+no_catalyst_data,B,high_opt+no_catalyst_data,,0.941926,,,0.78876,1,0.78876,,0,no_upcoming,,tailwind,high_vol,M,momentum_tailwind|high_risk,,,v1.3.0,34839213,1,,early|none|pos,0.023322922839506172,,-1.452802,1462,1,-0.980089,0.235306,,0,neutral,0.0,,0.0,0.0,0.0,,,0,0,0,0,False,False,False,missing,0.0,adequate,,,1.0,0,0,1.0,0,1.0,0,,,missing,2.607684,price_history,,,1.1895,price_history,,-0.180769,,50.0745,-0.292675,0.111906,early,small,NONE,drug_developer,pit_bundle,,,sponsor,1,0.5,,,,,0.2095,,333,0.023322922839506172,0.941926,,,,
BEAM,Beam Therapeutics Inc.,24,,B,high_opt+no_catalyst_data,B,high_opt+no_catalyst_data,,0.924929,,,0.781008,1,0.781008,,0,no_upcoming,,headwind,deep_drawdown,M,sponsor_confirmed|momentum_headwind,,,v1.3.0,34839213,1,,early|none|pos,0.023322922839506172,,-1.452802,1889,1,-0.980089,0.235306,4,6,neutral,0.3122,,6.8327,6.0923,3.18,46,fresh,0,0,0,0,True,False,False,missing,0.0,adequate,,,1.0,0,0,1.0,0,1.0,0,,,missing,-0.175136,price_history,,4,1.7052,price_history,,-0.466012,,51.2434,-0.292675,-0.173337,early,mid,SEV1,drug_developer,pit_bundle,,,,0,0.5,,,,,0.2095,,327,0.023322922839506172,0.924929,,,,
ATXS,"Astria Therapeutics, Inc.",25,,B,high_opt+no_catalyst_data,B,high_opt+no_catalyst_data,,0.916431,,,0.695736,1,0.695736,,0,no_upcoming,,tailwind,,L,sponsor_confirmed|momentum_tailwind|runway_short,,,v1.3.0,34839213,1,,early|none|pos,0.023322922839506172,,-1.424253,352,1,-0.954772,0.293474,4,8,selling,0.3122,,3.5404,1.8667,0.12,46,fresh,0,0,0,0,True,False,False,missing,0.0,short,,,1.0,0,0,1.0,0,1.0,0,,,missing,0.116945,price_history,,4,0.7111,price_history,,-0.211765,,59.286,-0.292675,0.08091,early,small,SEV2,drug_developer,pit_bundle,,,,0,0.5,,,,,0.216506,,324,0.023322922839506172,0.916431,,,,
BCYC,Bicycle Therapeutics plc,26,,B,high_opt+no_catalyst_data,B,high_opt+no_catalyst_data,,0.922096,,,0.699612,1,0.699612,,0,no_upcoming,,tailwind,deep_drawdown,L,sponsor_confirmed|momentum_tailwind,,,v1.3.0,34839213,1,,early|none|pos,0.023322922839506172,,-1.425186,355,1,-0.955599,0.291573,3,5,selling,-0.0579,,4.8562,4.2079,5.23,46,fresh,0,0,0,0,True,False,False,missing,0.0,adequate,,,1.0,0,0,1.0,0,1.0,0,,,missing,0.125449,price_history,,3,0.6855,price_history,,-0.524232,,60.2718,-0.292675,-0.231557,early,small,NONE,drug_developer,pit_bundle,,,,0,0.5,,,,,0.216277,,326,0.023322922839506172,0.922096,,,,
BCAX,Bicara Therapeutics Inc.,27,,B,high_opt+no_catalyst_data,B,high_opt+no_catalyst_data,,0.919263,,,0.777132,1,0.777132,,0,no_upcoming,,neutral,drawdown_data_missing,M,,,,v1.3.0,34839213,1,,early|none|pos,0.023322922839506172,,-1.452802,1492,1,-0.980089,0.235306,,0,neutral,0.0,,0.0,0.0,0.0,,,0,0,0,0,False,False,False,missing,0.0,adequate,,,1.0,0,0,1.0,0,1.0,0,,,missing,,,series_too_short,,,,series_too_short,,series_too_short,,,,early,small,NONE,drug_developer,pit_bundle,,,sponsor|drawdown,2,0.5,,,,,0.2095,,325,0.023322922839506172,0.919263,,,,
_XBI_BENCHMARK_,,28,,B,high_opt+no_catalyst_data,B,high_opt+no_catalyst_data,,0.902266,,,0.998062,1,0.998062,,0,no_upcoming,,neutral,drawdown_data_missing,M,,,,v1.3.0,34839213,1,,early|none|nonpos,0.06969944897959185,,,,,-1.737158,-1.504085,,0,neutral,0.0,,0.0,0.0,0.0,,,0,0,0,0,False,False,False,missing,0.0,adequate,,,1.0,0,0,1.0,0,1.0,0,,,missing,,,no_price_series,,,,no_price_series,,no_price_series,,,,early,,NONE,drug_developer,pit_bundle,,,sponsor|drawdown,2,0.5,,,,,0.0,,319,0.06969944897959185,0.902266,,,,
XERS,"Xeris Biopharma Holdings, Inc.",29,,B,high_opt+no_catalyst_data,B,high_opt+no_catalyst_data,,0.899433,,,0.994186,1,0.994186,,0,no_upcoming,,neutral,drawdown_data_missing,M,,,,v1.3.0,34839213,1,,early|none|nonpos,0.06969944897959185,,,,,-1.737158,-1.504085,1,4,selling,-0.7982,,1.3029,0.4667,0.06,46,fresh,0,0,0,0,True,False,False,missing,0.0,adequate,,,1.0,0,0,1.0,0,1.0,0,,,missing,,,series_too_short,1,,,series_too_short,,series_too_short,,,,early,small,NONE,drug_developer,pit_bundle,,,drawdown,1,0.5,,,,,0.0,,318,0.06969944897959185,0.899433,,,,
TERN,"Terns Pharmaceuticals, Inc.",30,,B,high_opt+no_catalyst_data,B,high_opt+no_catalyst_data,,0.873938,,,0.99031,1,0.99031,,0,no_upcoming,,tailwind,,L,sponsor_confirmed|momentum_tailwind,,,v1.3.0,34839213,1,,early|none|nonpos,0.06969944897959185,,,,,-1.737158,-1.504085,4,6,neutral,0.3122,,3.1049,2.1778,0.19,46,fresh,0,0,0,0,True,False,False,missing,0.0,adequate,,,1.0,0,0,1.0,0,1.0,0,,,missing,0.991381,price_history,,4,0.7696,price_history,,0.0,,67.9151,-0.292675,0.292675,early,mid,NONE,drug_developer,pit_bundle,,,,0,0.5,,,,,0.0,,309,0.06969944897959185,0.873938,,,,
TRDA,"Entrada Therapeutics, Inc.",31,,B,high_opt+no_catalyst_data,B,high_opt+no_catalyst_data,,0.882436,,,0.905039,1,0.905039,,0,no_upcoming,,tailwind,deep_drawdown,L,sponsor_confirmed|momentum_tailwind|runway_short,,,v1.3.0,34839213,1,,early|none|nonpos,0.06969944897959185,,-1.695257,,1,-1.195104,-0.258697,3,4,buying,-0.0579,,3.6295,3.1628,0.91,46,fresh,0,0,0,0,True,False,False,missing,0.0,short,,,1.0,0,0,1.0,0,1.0,0,,,missing,0.070034,price_history,,3,0.3031,price_history,,-0.508858,,38.2986,-0.292675,-0.216183,early,small,SEV2,drug_developer,pit_bundle,,,,0,0.5,,,,,0.15,,312,0.06969944897959185,0.882436,,,,
SION,"Sionna Therapeutics, Inc.",32,,B,high_opt+no_catalyst_data,B,high_opt+no_catalyst_data,,0.845609,,,0.885659,1,0.885659,,0,no_upcoming,,neutral,drawdown_data_missing,M,,,,v1.3.0,34839213,1,,early|none|nonpos,0.06969944897959185,,-1.695257,,1,-1.195104,-0.258697,,0,neutral,0.0,,0.0,0.0,0.0,,,0,0,0,0,False,False,False,missing,0.0,adequate,,,1.0,0,0,1.0,0,1.0,0,,,missing,,,series_too_short,,,,series_too_short,,series_too_short,,,,early,small,SEV1,drug_developer,pit_bundle,,,sponsor|drawdown,2,0.5,,,,,0.15,,299,0.06969944897959185,0.845609,,,,
SEPN,"Septerna, Inc.",33,,B,high_opt+no_catalyst_data,B,high_opt+no_catalyst_data,,0.839943,,,0.881783,1,0.881783,,0,no_upcoming,,neutral,drawdown_data_missing,M,,,,v1.3.0,34839213,1,,early|none|nonpos,0.06969944897959185,,-1.695257,,1,-1.195104,-0.258697,,0,neutral,0.0,,0.0,0.0,0.0,,,0,0,0,0,False,False,False,missing,0.0,adequate,,,1.0,0,0,1.0,0,1.0,0,,,missing,,,series_too_short,,,,series_too_short,,series_too_short,,,,early,small,NONE,drug_developer,pit_bundle,,,sponsor|drawdown,2,0.5,,,,,0.15,,297,0.06969944897959185,0.839943,,,,
RAPP,"Rapport Therapeutics, Inc.",34,,B,high_opt+no_catalyst_data,B,high_opt+no_catalyst_data,,0.822946,,,0.874031,1,0.874031,,0,no_upcoming,,neutral,drawdown_data_missing,M,,,,v1.3.0,34839213,1,,early|none|nonpos,0.06969944897959185,,-1.695257,,1,-1.195104,-0.258697,,0,neutral,0.0,,0.0,0.0,0.0,,,0,0,0,0,False,False,False,missing,0.0,adequate,,,1.0,0,0,1.0,0,1.0,0,,,missing,,,series_too_short,,,,series_too_short,,series_too_short,,,,early,small,NONE,drug_developer,pit_bundle,,,sponsor|drawdown,2,0.5,,,,,0.15,,291,0.06969944897959185,0.822946,,,,
PEPG,PepGen Inc.,35,,B,high_opt+no_catalyst_data,B,high_opt+no_catalyst_data,,0.805949,,,0.866279,1,0.866279,,0,no_upcoming,,tailwind,high_vol|high_beta,L,sponsor_confirmed|momentum_tailwind|high_risk,,,v1.3.0,34839213,1,,early|none|nonpos,0.06969944897959185,,-1.695257,,1,-1.195104,-0.258697,4,6,buying,0.3122,,7.0747,6.1413,2.15,46,fresh,0,0,0,0,True,False,False,missing,0.0,adequate,,,1.0,0,0,1.0,0,1.0,0,,,missing,0.380151,price_history,,4,2.428,price_history,,-0.097164,,58.3757,-0.292675,0.195511,early,small,NONE,drug_developer,pit_bundle,,,,0,0.5,,,,,0.15,,285,0.06969944897959185,0.805949,,,,
PRME,"Prime Medicine, Inc.",36,,B,high_opt+no_catalyst_data,B,high_opt+no_catalyst_data,,0.808782,,,0.870155,1,0.870155,,0,no_upcoming,,neutral,drawdown_data_missing,S,runway_short,,,v1.3.0,34839213,1,,early|none|nonpos,0.06969944897959185,,-1.695257,,1,-1.195104,-0.258697,,0,neutral,0.0,,0.0,0.0,0.0,,,0,0,0,0,False,False,False,missing,0.0,short,,,1.0,0,0,1.0,0,1.0,0,,,missing,,,series_too_short,,,,series_too_short,,series_too_short,,,,early,small,SEV2,drug_developer,pit_bundle,,,sponsor|drawdown,2,0.5,,,,,0.15,,286,0.06969944897959185,0.808782,,,,
ORKA,"Oruka Therapeutics, Inc.",37,,B,high_opt+no_catalyst_data,B,high_opt+no_catalyst_data,,0.794618,,,0.862403,1,0.862403,,0,no_upcoming,,headwind,,S,momentum_headwind,,,v1.3.0,34839213,1,,early|none|nonpos,0.06969944897959185,,-1.695257,,1,-1.195104,-0.258697,,0,neutral,0.0,,0.0,0.0,0.0,,,0,0,0,0,False,False,False,missing,0.0,adequate,,,1.0,0,0,1.0,0,1.0,0,,,missing,-0.098281,price_history,,,0.2489,price_history,,-0.173913,,53.2387,-0.292675,0.118762,early,small,SEV1,drug_developer,pit_bundle,,,sponsor,1,0.5,,,,,0.15,,281,0.06969944897959185,0.794618,,,,
OCS,Healthcare,38,,B,high_opt+no_catalyst_data,B,high_opt+no_catalyst_data,,0.786119,,,0.978682,1,0.978682,,0,no_upcoming,,neutral,overbought_rsi,S,runway_short,,,v1.3.0,34839213,1,,early|none|nonpos,0.06969944897959185,,,,,-1.737158,-1.504085,,0,neutral,0.0,,0.0,0.0,0.0,,,0,0,0,0,False,False,False,missing,0.0,short,,,1.0,0,0,1.0,0,1.0,0,,,missing,0.006515,price_history,,,-0.0173,price_history,,-0.001994,,76.9744,-0.292675,0.290681,early,small,SEV2,drug_developer,pit_bundle,,,sponsor,1,0.5,,,,,0.0,,278,0.06969944897959185,0.786119,,,,
OBIO,"Orchestra BioMed Holdings, Inc.",39,,B,high_opt+no_catalyst_data,B,high_opt+no_catalyst_data,,0.783286,,,0.974806,1,0.974806,,0,no_upcoming,,neutral,,S,runway_short,,,v1.3.0,34839213,1,,early|none|nonpos,0.06969944897959185,,,,,-1.737158,-1.504085,,0,neutral,0.0,,0.0,0.0,0.0,,,0,0,0,0,False,False,False,missing,0.0,short,,,1.0,0,0,1.0,0,1.0,0,,,missing,0.00876,price_history,,,-0.0219,price_history,,-0.017857,,42.8081,-0.292675,0.274818,early,micro,SEV2,drug_developer,pit_bundle,,,sponsor,1,0.5,,,,,0.0,,277,0.06969944897959185,0.783286,,,,
MENS,Jyong Biotech Ltd.,40,,B,high_opt+no_catalyst_data,B,high_opt+no_catalyst_data,,0.754958,,,0.955426,1,0.955426,,0,no_upcoming,,neutral,drawdown_data_missing,M,,,,v1.3.0,34839213,1,,early|none|nonpos,0.06969944897959185,,,,,-1.737158,-1.504085,,0,neutral,0.0,,0.0,0.0,0.0,,,0,0,0,0,False,False,False,missing,0.0,adequate,,,1.0,0,0,1.0,0,1.0,0,,,missing,,,series_too_short,,,,series_too_short,,series_too_short,,,,early,micro,SEV1,drug_developer,pit_bundle,,,sponsor|drawdown,2,0.5,,,,,0.0,,267,0.06969944897959185,0.754958,,,,
KROS,"Keros Therapeutics, Inc.",41,,B,high_opt+no_catalyst_data,B,high_opt+no_catalyst_data,,0.729462,,,0.850775,1,0.850775,,0,no_upcoming,,tailwind,,L,sponsor_confirmed|momentum_tailwind,,,v1.3.0,34839213,1,,early|none|nonpos,0.06969944897959185,,-1.695257,,1,-1.195104,-0.258697,4,6,selling,0.3122,,5.0472,4.1201,3.44,46,fresh,0,0,0,0,True,False,False,missing,0.0,adequate,,,1.0,0,0,1.0,0,1.0,0,,,missing,0.354937,price_history,,4,0.9842,price_history,,-0.256563,,60.485,-0.292675,0.036112,early,small,NONE,drug_developer,pit_bundle,,,,0,0.5,,,,,0.15,,258,0.06969944897959185,0.729462,,,,
LGND,Ligand Pharmaceuticals Incorporated,42,,B,high_opt+no_catalyst_data,B,high_opt+no_catalyst_data,,0.743626,,,0.95155,1,0.95155,,0,no_upcoming,,tailwind,,L,momentum_tailwind,,,v1.3.0,34839213,1,,early|none|nonpos,0.06969944897959185,,,,,-1.737158,-1.504085,0,4,buying,-1.1683,,1.6738,0.0,0.0,46,fresh,0,0,0,0,True,False,False,missing,0.0,adequate,,,1.0,0,0,1.0,0,1.0,0,,,missing,0.276111,price_history,,0,0.6168,price_history,,-0.282459,,55.6799,-0.292675,0.010216,early,mid,NONE,drug_developer,pit_bundle,,,,0,0.5,,,,,0.0,,263,0.06969944897959185,0.743626,,,,
JBIO,Healthcare,43,,B,high_opt+no_catalyst_data,B,high_opt+no_catalyst_data,,0.723796,,,0.846899,1,0.846899,,0,no_upcoming,,neutral,,S,runway_short,,,v1.3.0,34839213,1,,early|none|nonpos,0.06969944897959185,,-1.695257,,1,-1.195104,-0.258697,,0,neutral,0.0,,0.0,0.0,0.0,,,0,0,0,0,False,False,False,missing,0.0,short,,,1.0,0,0,1.0,0,1.0,0,,,missing,0.029029,price_history,,,1.0488,price_history,,-0.269484,,51.2242,-0.292675,0.023191,early,small,SEV2,drug_developer,pit_bundle,,,sponsor,1,0.5,,,,,0.15,,256,0.06969944897959185,0.723796,,,,
GPCR,Structure Therapeutics Inc.,44,,B,high_opt+no_catalyst_data,B,high_opt+no_catalyst_data,,0.703966,,,0.843023,1,0.843023,,0,no_upcoming,,neutral,drawdown_data_missing,S,runway_short,,,v1.3.0,34839213,1,,early|none|nonpos,0.06969944897959185,,-1.695257,,1,-1.195104,-0.258697,,0,neutral,0.0,,0.0,0.0,0.0,,,0,0,0,0,False,False,False,missing,0.0,short,,,1.0,0,0,1.0,0,1.0,0,,,missing,,,series_too_short,,,,series_too_short,,series_too_short,,,,early,mid,SEV2,drug_developer,pit_bundle,,,sponsor|drawdown,2,0.5,,,,,0.15,,249,0.06969944897959185,0.703966,,,,
FGEN,"FibroGen, Inc.",45,,B,high_opt+no_catalyst_data,B,high_opt+no_catalyst_data,,0.686969,,,0.939922,1,0.939922,,0,no_upcoming,,tailwind,,L,momentum_tailwind,,,v1.3.0,34839213,1,,early|none|nonpos,0.06969944897959185,,,,,-1.737158,-1.504085,,0,neutral,0.0,,0.0,0.0,0.0,,,0,0,0,0,False,False,False,missing,0.0,adequate,,,1.0,0,0,1.0,0,1.0,0,,,missing,0.151726,price_history,,,0.727,price_history,,-0.189509,,45.4314,-0.292675,0.103166,early,micro,NONE,drug_developer,pit_bundle,,,sponsor,1,0.5,,,,,0.0,,243,0.06969944897959185,0.686969,,,,
ENGN,Healthcare,46,,B,high_opt+no_catalyst_data,B,high_opt+no_catalyst_data,,0.681303,,,0.936047,1,0.936047,,0,no_upcoming,,neutral,overbought_rsi,S,runway_short,,,v1.3.0,34839213,1,,early|none|nonpos,0.06969944897959185,,,,,-1.737158,-1.504085,,0,neutral,0.0,,0.0,0.0,0.0,,,0,0,0,0,False,False,False,missing,0.0,short,,,1.0,0,0,1.0,0,1.0,0,,,missing,0.014758,price_history,,,0.0044,price_history,,0.0,,87.1145,-0.292675,0.292675,early,small,SEV2,drug_developer,pit_bundle,,,sponsor,1,0.5,,,,,0.0,,241,0.06969944897959185,0.681303,,,,
BLUE,"bluebird bio, Inc.",47,,B,high_opt+no_catalyst_data,B,high_opt+no_catalyst_data,,0.641643,,,0.928295,1,0.928295,,0,no_upcoming,,neutral,drawdown_data_missing,M,,,,v1.3.0,34839213,1,,early|none|nonpos,0.06969944897959185,,,,,-1.737158,-1.504085,,0,neutral,0.0,,0.0,0.0,0.0,,,0,0,0,0,False,False,False,missing,0.0,adequate,,,1.0,0,0,1.0,0,1.0,0,,,missing,,,no_price_series,,,,no_price_series,,no_price_series,,,,early,,NONE,drug_developer,pit_bundle,,,sponsor|drawdown,2,0.5,,,,,0.0,,227,0.06969944897959185,0.641643,,,,
BBOT,BridgeBio Oncology Therapeutics,48,,B,high_opt+no_catalyst_data,B,high_opt+no_catalyst_data,,0.635977,,,0.831395,1,0.831395,,0,no_upcoming,,neutral,drawdown_data_missing,M,,,,v1.3.0,34839213,1,,early|none|nonpos,0.06969944897959185,,-1.695257,,1,-1.195104,-0.258697,,0,neutral,0.0,,0.0,0.0,0.0,,,0,0,0,0,False,False,False,missing,0.0,adequate,,,1.0,0,0,1.0,0,1.0,0,,,missing,,,series_too_short,,,,series_too_short,,series_too_short,,,,early,small,NONE,drug_developer,pit_bundle,,,sponsor|drawdown,2,0.5,,,,,0.15,,225,0.06969944897959185,0.635977,,,,
APGE,"Apogee Therapeutics, Inc.",49,,B,high_opt+no_catalyst_data,B,high_opt+no_catalyst_data,,0.61898,,,0.827519,1,0.827519,,0,no_upcoming,,neutral,drawdown_data_missing,S,runway_short,,,v1.3.0,34839213,1,,early|none|nonpos,0.06969944897959185,,-1.695257,,1,-1.195104,-0.258697,,0,neutral,0.0,,0.0,0.0,0.0,,,0,0,0,0,False,False,False,missing,0.0,short,,,1.0,0,0,1.0,0,1.0,0,,,missing,,,series_too_short,,,,series_too_short,,series_too_short,,,,early,mid,SEV2,drug_developer,pit_bundle,,,sponsor|drawdown,2,0.5,,,,,0.15,,219,0.06969944897959185,0.61898,,,,
CYTK,"Cytokinetics, Incorporated",50,,C,low_opt,C,low_opt,,0.477337,,,0.102713,1,0.102713,1458,1,specific_days,,headwind,,M,catalyst_far_lift|sponsor_confirmed|momentum_headwind|runway_short,,,v1.3.0,34839213,1,,late|far_271_540|pos,0.0961064745762712,,0.914706,0,1,1.119466,0.79653,11,13,buying,2.903,,20.4443,19.5109,12.61,46,fresh,0,0,0,0,True,False,True,far,0.3,short,,,1.0,0,0,1.0,0,1.0,0,1458,,specific_days,-0.157698,price_history,,11,0.7865,price_history,,-0.22047,,53.636,-0.292675,0.072205,late,mid,SEV2,drug_developer,pit_bundle,CTGOV,CLINICAL_PCD,,0,0.5,,,,,0.7905,,169,0.0961064745762712,0.477337,,,,
XENE,Xenon Pharmaceuticals Inc.,51,,C,low_opt+no_catalyst_data,C,low_opt+no_catalyst_data,,0.451841,,,0.284884,1,0.284884,,0,no_upcoming,,neutral,,M,sponsor_confirmed|runway_short,,,v1.3.0,34839213,1,,late|none|pos,0.1,,0.914706,0,1,1.119466,0.79653,9,11,buying,2.1628,,16.2512,15.4112,8.06,46,fresh,0,0,0,0,True,False,False,missing,0.0,short,,,1.0,0,0,1.0,0,1.0,0,,,missing,-0.022638,price_history,,9,0.6152,price_history,,-0.073832,,58.4123,-0.292675,0.218843,late,mid,SEV2,drug_developer,pit_bundle,,,,0,0.5,,,,,0.7905,,160,0.1,0.451841,,,,
TVTX,"Travere Therapeutics, Inc.",52,,C,low_opt+no_catalyst_data,C,low_opt+no_catalyst_data,,0.42068,,,0.265504,1,0.265504,,0,no_upcoming,,headwind,deep_drawdown,M,sponsor_confirmed|momentum_headwind,,,v1.3.0,34839213,1,,late|none|pos,0.1,,0.914706,0,1,1.119466,0.79653,10,14,neutral,2.5329,,15.0318,13.5447,5.7,46,fresh,0,0,0,0,True,False,False,missing,0.0,adequate,,,1.0,0,0,1.0,0,1.0,0,,,missing,-0.248003,price_history,,10,1.0181,price_history,,-0.354187,,43.4855,-0.292675,-0.061512,late,mid,NONE,drug_developer,pit_bundle,,,,0,0.5,,,,,0.7905,,149,0.1,0.42068,,,,
ZLAB,Zai Lab Limited,53,,C,low_opt,C,low_opt,,0.505666,,,0.28876,1,0.28876,395,1,specific_days,,headwind,deep_drawdown,L,catalyst_far_lift|sponsor_confirmed|momentum_headwind,,,v1.3.0,34839213,1,,late|far_271_540|pos,0.0961064745762712,,0.914706,0,1,1.119466,0.79653,3,6,selling,-0.0579,,4.5808,3.2486,2.91,46,fresh,0,0,0,0,True,False,True,far,0.3,adequate,,,1.0,0,0,1.0,0,1.0,0,395,,specific_days,-0.231597,price_history,,3,1.0387,price_history,,-0.474014,,61.653,-0.292675,-0.181339,late,mid,NONE,drug_developer,pit_bundle,CTGOV,CLINICAL_CD,,0,0.5,,,,,0.7905,,179,0.0961064745762712,0.505666,,,,
MESO,Mesoblast Limited,54,,C,low_opt,C,low_opt,,0.488669,,,0.184109,1,0.184109,305,1,specific_days,,tailwind,deep_drawdown,L,catalyst_far_lift|momentum_tailwind,,,v1.3.0,34839213,1,,late|far_271_540|pos,0.0961064745762712,,0.914706,0,1,1.119466,0.79653,,0,neutral,0.0,,0.0,0.0,0.0,,,0,0,0,0,False,False,True,far,0.3,adequate,,,1.0,0,0,1.0,0,1.0,0,305,,specific_days,0.271052,price_history,,,0.6474,price_history,,-0.431644,,69.0935,-0.292675,-0.138969,late,mid,NONE,drug_developer,pit_bundle,CTGOV,CLINICAL_PCD,sponsor,1,0.5,,,,,0.7905,,173,0.0961064745762712,0.488669,,,,
KRYS,"Krystal Biotech, Inc.",55,,C,low_opt,C,low_opt,,0.485836,,,0.168605,1,0.168605,822,1,specific_days,,tailwind,,L,catalyst_far_lift|sponsor_confirmed|momentum_tailwind,,,v1.3.0,34839213,1,,late|far_271_540|pos,0.0961064745762712,,0.914706,0,1,1.119466,0.79653,2,4,buying,-0.428,,4.1048,3.1715,4.76,46,fresh,0,0,0,0,True,False,True,far,0.3,adequate,,,1.0,0,0,1.0,0,1.0,0,822,,specific_days,0.176774,price_history,,2,0.7846,price_history,,-0.056553,,56.3609,-0.292675,0.236122,late,mid,NONE,drug_developer,pit_bundle,CTGOV,CLINICAL_CD,,0,0.5,,,,,0.7905,,172,0.0961064745762712,0.485836,,,,
TARS,"Tarsus Pharmaceuticals, Inc.",56,,C,low_opt+no_catalyst_data,C,low_opt+no_catalyst_data,,0.40085,,,0.253876,1,0.253876,,0,no_upcoming,,tailwind,deep_drawdown,L,sponsor_confirmed|momentum_tailwind,,,v1.3.0,34839213,1,,late|none|pos,0.1,,0.914706,0,1,1.119466,0.79653,6,9,selling,1.0524,,9.7779,8.755,4.62,46,fresh,0,0,0,0,True,False,False,missing,0.0,adequate,,,1.0,0,0,1.0,0,1.0,0,,,missing,0.050076,price_history,,6,0.7358,price_history,,-0.374628,,46.1259,-0.292675,-0.081953,late,mid,NONE,drug_developer,pit_bundle,,,,0,0.5,,,,,0.7905,,142,0.1,0.40085,,,,
URGN,UroGen Pharma Ltd.,57,,C,low_opt+no_catalyst_data,C,low_opt+no_catalyst_data,,0.426346,,,0.26938,1,0.26938,,0,no_upcoming,,tailwind,,L,sponsor_confirmed|momentum_tailwind|runway_short,,,v1.3.0,34839213,1,,late|none|pos,0.1,,0.914706,0,1,1.119466,0.79653,4,6,buying,0.3122,,5.2617,4.3346,1.72,46,fresh,0,0,0,0,True,False,False,missing,0.0,short,,,1.0,0,0,1.0,0,1.0,0,,,missing,0.16723,price_history,,4,0.298,price_history,,-0.289386,,42.623,-0.292675,0.003289,late,small,SEV2,drug_developer,pit_bundle,,,,0,0.5,,,,,0.7905,,151,0.1,0.426346,,,,
VNDA,Vanda Pharmaceuticals Inc.,58,,C,low_opt+no_catalyst_data,C,low_opt+no_catalyst_data,,0.44051,,,0.281008,1,0.281008,,0,no_upcoming,,tailwind,deep_drawdown,L,sponsor_confirmed|momentum_tailwind|runway_short,,,v1.3.0,34839213,1,,late|none|pos,0.1,,0.914706,0,1,1.119466,0.79653,2,5,buying,-0.428,,4.027,2.7254,2.37,46,fresh,0,0,0,0,True,False,False,missing,0.0,short,,,1.0,0,0,1.0,0,1.0,0,,,missing,0.065047,price_history,,2,0.5405,price_history,,-0.393215,,58.4244,-0.292675,-0.10054,late,small,SEV2,drug_developer,pit_bundle,,,,0,0.5,,,,,0.7905,,156,0.1,0.44051,,,,
VCEL,Vericel Corporation,59,,C,low_opt+no_catalyst_data,C,low_opt+no_catalyst_data,,0.429178,,,0.273256,1,0.273256,,0,no_upcoming,,neutral,deep_drawdown,M,,,,v1.3.0,34839213,1,,late|none|pos,0.1,,0.914706,0,1,1.119466,0.79653,1,3,selling,-0.7982,,1.973,1.413,2.29,46,fresh,0,0,0,0,True,False,False,missing,0.0,adequate,,,1.0,0,0,1.0,0,1.0,0,,,missing,-0.034777,price_history,,1,1.5719,price_history,,-0.472626,,49.9127,-0.292675,-0.179951,late,small,NONE,drug_developer,pit_bundle,,,,0,0.5,,,,,0.7905,,152,0.1,0.429178,,,,
RYTM,"Rhythm Pharmaceuticals, Inc.",60,,C,low_opt+no_catalyst_data,C,low_opt+no_catalyst_data,,0.372521,,,0.242248,1,0.242248,,0,no_upcoming,,tailwind,,L,sponsor_confirmed|momentum_tailwind|runway_short,,,v1.3.0,34839213,1,,late|none|pos,0.1,,0.914706,0,1,1.119466,0.79653,6,8,selling,1.0524,,4.502,3.942,0.68,46,fresh,0,0,0,0,True,False,False,missing,0.0,short,,,1.0,0,0,1.0,0,1.0,0,,,missing,0.192761,price_history,,6,1.499,price_history,,-0.132253,,57.4065,-0.292675,0.160422,late,mid,SEV2,drug_developer,pit_bundle,,,,0,0.5,,,,,0.7905,,132,0.1,0.372521,,,,
TBPH,"Theravance Biopharma, Inc.",61,,C,low_opt+no_catalyst_data,C,low_opt+no_catalyst_data,,0.403683,,,0.257752,1,0.257752,,0,no_upcoming,,tailwind,,L,momentum_tailwind,,,v1.3.0,34839213,1,,late|none|pos,0.1,,0.914706,0,1,1.119466,0.79653,1,2,selling,-0.7982,,0.84,0.4667,0.22,46,fresh,0,0,0,0,True,False,False,missing,0.0,adequate,,,1.0,0,0,1.0,0,1.0,0,,,missing,0.132479,price_history,,1,0.3054,price_history,,-0.169753,,54.8195,-0.292675,0.122922,late,small,NONE,drug_developer,pit_bundle,,,,0,0.5,,,,,0.7905,,143,0.1,0.403683,,,,
PRTA,Prothena Corporation plc,62,,C,low_opt+no_catalyst_data,C,low_opt+no_catalyst_data,,0.344193,,,0.218992,1,0.218992,,0,no_upcoming,,tailwind,high_vol|high_beta,L,sponsor_confirmed|momentum_tailwind|high_risk,,,v1.3.0,34839213,1,,late|none|pos,0.1,,0.914706,0,1,1.119466,0.79653,6,10,selling,1.0524,,8.2768,6.7897,10.86,46,fresh,0,0,0,0,True,False,False,missing,0.0,adequate,,,1.0,0,0,1.0,0,1.0,0,,,missing,1.425069,price_history,,6,2.1202,price_history,,-0.014815,,58.1897,-0.292675,0.27786,late,small,NONE,drug_developer,pit_bundle,,,,0,0.5,,,,,0.7905,,122,0.1,0.344193,,,,
RCUS,"Arcus Biosciences, Inc.",63,,C,low_opt+no_catalyst_data,C,low_opt+no_catalyst_data,,0.364023,,,0.234496,1,0.234496,,0,no_upcoming,,tailwind,overbought_rsi,L,sponsor_confirmed|momentum_tailwind|runway_short,,,v1.3.0,34839213,1,,late|none|pos,0.1,,0.914706,0,1,1.119466,0.79653,4,6,selling,0.3122,,6.5497,5.803,2.36,46,fresh,0,0,0,0,True,False,False,missing,0.0,short,,,1.0,0,0,1.0,0,1.0,0,,,missing,0.478638,price_history,,4,1.2612,price_history,,-0.230416,,72.4073,-0.292675,0.062259,late,mid,SEV2,drug_developer,pit_bundle,,,,0,0.5,,,,,0.7905,,129,0.1,0.364023,,,,
PHAT,"Phathom Pharmaceuticals, Inc.",64,,C,low_opt+no_catalyst_data,C,low_opt+no_catalyst_data,,0.335694,,,0.215116,1,0.215116,,0,no_upcoming,,tailwind,deep_drawdown,M,momentum_tailwind|runway_short,,,v1.3.0,34839213,1,,late|none|pos,0.1,,0.914706,0,1,1.119466,0.79653,1,3,buying,-0.7982,,1.4963,0.5692,0.37,46,fresh,0,0,0,0,True,False,False,missing,0.0,short,,,1.0,0,0,1.0,0,1.0,0,,,missing,0.166304,price_history,,1,0.9802,price_history,,-0.502493,,50.5343,-0.292675,-0.209818,late,small,SEV2,drug_developer,pit_bundle,,,,0,0.5,,,,,0.7905,,119,0.1,0.335694,,,,
MRSN,"Mersana Therapeutics, Inc.",65,,C,low_opt+no_catalyst_data,C,low_opt+no_catalyst_data,,0.298867,,,0.195736,1,0.195736,,0,no_upcoming,,headwind,,M,sponsor_confirmed|momentum_headwind,,,v1.3.0,34839213,1,,late|none|pos,0.1,,0.914706,0,1,1.119466,0.79653,5,9,buying,0.6823,,10.178,8.6884,4.69,46,fresh,0,0,0,0,True,False,False,missing,0.0,adequate,,,1.0,0,0,1.0,0,1.0,0,,,missing,-0.149311,price_history,,5,1.1213,price_history,,-0.1675,,47.612,-0.292675,0.125175,late,micro,SEV1,drug_developer,pit_bundle,,,,0,0.5,,,,,0.7905,,106,0.1,0.298867,,,,
PBYI,Puma Biotechnology Inc,66,,C,low_opt+no_catalyst_data,C,low_opt+no_catalyst_data,,0.330028,,,0.21124,1,0.21124,,0,no_upcoming,,tailwind,,L,momentum_tailwind,,,v1.3.0,34839213,1,,late|none|pos,0.1,,0.914706,0,1,1.119466,0.79653,,0,neutral,0.0,,0.0,0.0,0.0,,,0,0,0,0,False,False,False,missing,0.0,adequate,,,1.0,0,0,1.0,0,1.0,0,,,missing,0.817461,price_history,,,0.4459,price_history,,-0.044397,,68.6764,-0.292675,0.248278,late,small,NONE,drug_developer,pit_bundle,,,sponsor,1,0.5,,,,,0.7905,,117,0.1,0.330028,,,,
MIRM,"Mirum Pharmaceuticals, Inc.",67,,C,low_opt+no_catalyst_data,C,low_opt+no_catalyst_data,,0.290368,,,0.187984,1,0.187984,,0,no_upcoming,,headwind,deep_drawdown,M,sponsor_confirmed|momentum_headwind,,,v1.3.0,34839213,1,,late|none|pos,0.1,,0.914706,0,1,1.119466,0.79653,5,7,buying,0.6823,,5.3093,4.3822,1.3,46,fresh,0,0,0,0,True,False,False,missing,0.0,adequate,,,1.0,0,0,1.0,0,1.0,0,,,missing,-0.279343,price_history,,5,0.7034,price_history,,-0.366508,,39.1402,-0.292675,-0.073833,late,mid,NONE,drug_developer,pit_bundle,,,,0,0.5,,,,,0.7905,,103,0.1,0.290368,,,,
JAZZ,Jazz Pharmaceuticals plc,68,,C,low_opt,C,low_opt,,0.259207,,,0.156977,1,0.156977,91,1,specific_days,,neutral,,L,sponsor_confirmed,,,v1.3.0,34839213,1,,late|near_91_180|pos,0.1,,0.914706,0,1,1.119466,0.79653,5,9,buying,0.6823,,9.2226,7.8179,7.11,46,fresh,0,0,0,0,True,False,True,near,1.0,adequate,,,1.0,0,0,1.0,0,1.0,0,91,,specific_days,0.025919,price_history,,5,0.4962,price_history,,-0.069667,,66.7235,-0.292675,0.223008,late,large,NONE,drug_developer,pit_bundle,CTGOV,CLINICAL_PCD,,0,0.5,,,,,0.7905,,92,0.1,0.259207,,,,
MNKD,MannKind Corporation,69,,C,low_opt+no_catalyst_data,C,low_opt+no_catalyst_data,,0.293201,,,0.19186,1,0.19186,,0,no_upcoming,,tailwind,overbought_rsi,L,momentum_tailwind,,,v1.3.0,34839213,1,,late|none|pos,0.1,,0.914706,0,1,1.119466,0.79653,0,3,buying,-1.1683,,1.3938,0.0,0.0,46,fresh,0,0,0,0,True,False,False,missing,0.0,adequate,,,1.0,0,0,1.0,0,1.0,0,,,missing,0.276283,price_history,,0,1.1052,price_history,,-0.018868,,71.771,-0.292675,0.273807,late,small,NONE,drug_developer,pit_bundle,,,,0,0.5,,,,,0.7905,,104,0.1,0.293201,,,,
MCRB,"Seres Therapeutics, Inc.",70,,C,low_opt+no_catalyst_data,C,low_opt+no_catalyst_data,,0.284703,,,0.180233,1,0.180233,,0,no_upcoming,,tailwind,deep_drawdown,M,momentum_tailwind|runway_short,,,v1.3.0,34839213,1,,late|none|pos,0.1,,0.914706,0,1,1.119466,0.79653,,0,neutral,0.0,,0.0,0.0,0.0,,,0,0,0,0,False,False,False,missing,0.0,short,,,1.0,0,0,1.0,0,1.0,0,,,missing,0.168041,price_history,,,1.2723,price_history,,-0.431321,,43.3044,-0.292675,-0.138646,late,micro,SEV2,drug_developer,pit_bundle,,,sponsor,1,0.5,,,,,0.7905,,101,0.1,0.284703,,,,
LYRA,Healthcare,71,,C,low_opt+no_catalyst_data,C,low_opt+no_catalyst_data,,0.28187,,,0.176357,1,0.176357,,0,no_upcoming,,headwind,deep_drawdown,S,sponsor_confirmed|momentum_headwind|runway_short,,,v1.3.0,34839213,1,,late|none|pos,0.1,,0.914706,0,1,1.119466,0.79653,2,4,buying,-0.428,,5.4511,4.524,2.68,46,fresh,0,0,0,0,True,False,False,missing,0.0,short,,,1.0,0,0,1.0,0,1.0,0,,,missing,-0.429955,price_history,,2,0.1243,price_history,,-0.532623,,32.74,-0.292675,-0.239948,late,micro,SEV2,drug_developer,pit_bundle,,,,0,0.5,,,,,0.7905,,100,0.1,0.28187,,,,
IMTX,Healthcare,72,,C,low_opt+no_catalyst_data,C,low_opt+no_catalyst_data,,0.228045,,,0.145349,1,0.145349,,0,no_upcoming,,headwind,,M,sponsor_confirmed|momentum_headwind,,,v1.3.0,34839213,1,,late|none|pos,0.1,,0.914706,0,1,1.119466,0.79653,6,9,buying,1.0524,,6.2873,5.0778,0.94,46,fresh,0,0,0,0,True,False,False,missing,0.0,adequate,,,1.0,0,0,1.0,0,1.0,0,,,missing,-0.186654,price_history,,6,0.4521,price_history,,-0.215774,,51.3289,-0.292675,0.076901,late,small,NONE,drug_developer,pit_bundle,,,,0,0.5,,,,,0.7905,,81,0.1,0.228045,,,,
LQDA,Liquidia Corporation,73,,C,low_opt+no_catalyst_data,C,low_opt+no_catalyst_data,,0.279037,,,0.172481,1,0.172481,,0,no_upcoming,,headwind,deep_drawdown,S,momentum_headwind,,,v1.3.0,34839213,1,,late|none|pos,0.1,,0.914706,0,1,1.119466,0.79653,1,4,neutral,-0.7982,,2.5953,1.5749,1.02,46,fresh,0,0,0,0,True,False,False,missing,0.0,adequate,,,1.0,0,0,1.0,0,1.0,0,,,missing,-0.122585,price_history,,1,0.5645,price_history,,-0.401669,,51.9627,-0.292675,-0.108994,late,mid,NONE,drug_developer,pit_bundle,,,,0,0.5,,,,,0.7905,,99,0.1,0.279037,,,,
FOLD,"Amicus Therapeutics, Inc.",74,,C,low_opt+no_catalyst_data,C,low_opt+no_catalyst_data,,0.191218,,,0.118217,1,0.118217,,0,no_upcoming,,tailwind,,L,sponsor_confirmed|momentum_tailwind,,,v1.3.0,34839213,1,,late|none|pos,0.1,,0.914706,0,1,1.119466,0.79653,7,11,buying,1.4226,,17.7236,16.0246,9.22,46,fresh,0,0,0,0,True,False,False,missing,0.0,adequate,,,1.0,0,0,1.0,0,1.0,0,,,missing,0.055641,price_history,,7,0.9162,price_history,,-0.05098,,65.2582,-0.292675,0.241695,late,mid,NONE,drug_developer,pit_bundle,,,,0,0.5,,,,,0.7905,,68,0.1,0.191218,,,,
IONS,"Ionis Pharmaceuticals, Inc.",75,,C,low_opt+no_catalyst_data,C,low_opt+no_catalyst_data,,0.245042,,,0.153101,1,0.153101,,0,no_upcoming,,neutral,,L,sponsor_confirmed,,,v1.3.0,34839213,1,,late|none|pos,0.1,,0.914706,0,1,1.119466,0.79653,3,7,buying,-0.0579,,4.8151,2.9547,1.12,46,fresh,0,0,0,0,True,False,False,missing,0.0,adequate,,,1.0,0,0,1.0,0,1.0,0,,,missing,-0.03759,price_history,,3,0.6044,price_history,,-0.161734,,41.9485,-0.292675,0.130941,late,large,NONE,drug_developer,pit_bundle,,,,0,0.5,,,,,0.7905,,87,0.1,0.245042,,,,
COGT,"Cogent Biosciences, Inc.",76,,C,low_opt+no_catalyst_data,C,low_opt+no_catalyst_data,,0.140227,,,0.083333,1,0.083333,,0,no_upcoming,,headwind,,S,sponsor_confirmed|momentum_headwind|runway_short,,,v1.3.0,34839213,1,,late|none|pos,0.1,,0.914706,0,1,1.119466,0.79653,7,11,buying,1.4226,,11.3415,9.4811,7.05,46,fresh,0,0,0,0,True,False,False,missing,0.0,short,,,1.0,0,0,1.0,0,1.0,0,,,missing,-0.257789,price_history,,7,1.0211,price_history,,-0.259564,,53.436,-0.292675,0.033111,late,mid,SEV2,drug_developer,pit_bundle,,,,0,0.5,,,,,0.7905,,50,0.1,0.140227,,,,
GLPG,Galapagos NV,77,,C,low_opt,C,low_opt,,0.205382,,,0.129845,1,0.129845,32,1,specific_days,,headwind,deep_drawdown,M,sponsor_confirmed|momentum_headwind,,,v1.3.0,34839213,1,,late|near_31_90|pos,0.1,,0.914706,0,1,1.119466,0.79653,3,6,selling,-0.0579,,6.9205,5.7135,6.16,46,fresh,0,0,0,0,True,False,True,near,1.0,adequate,,,1.0,0,0,1.0,0,1.0,0,32,,specific_days,-0.197088,price_history,,3,0.5855,price_history,,-0.444475,,36.1654,-0.292675,-0.1518,late,mid,NONE,drug_developer,pit_bundle,CTGOV,CLINICAL_PCD,,0,0.5,,,,,0.7905,,73,0.1,0.205382,,,,
BMRN,BioMarin Pharmaceutical Inc.,78,,C,low_opt+no_catalyst_data,C,low_opt+no_catalyst_data,,0.103399,,,0.052326,1,0.052326,,0,no_upcoming,,tailwind,overbought_rsi,L,sponsor_confirmed|momentum_tailwind,,,v1.3.0,34839213,1,,late|none|pos,0.1,,0.914706,0,1,1.119466,0.79653,9,14,buying,2.1628,,21.5892,18.4371,14.89,46,fresh,0,0,0,0,True,False,False,missing,0.0,adequate,,,1.0,0,0,1.0,0,1.0,0,,,missing,0.122625,price_history,,9,0.4958,price_history,,0.0,,73.0892,-0.292675,0.292675,late,large,NONE,drug_developer,pit_bundle,,,,0,0.5,,,,,0.7905,,37,0.1,0.103399,,,,
GERN,Geron Corporation,79,,C,low_opt+no_catalyst_data,C,low_opt+no_catalyst_data,,0.196884,,,0.125969,1,0.125969,,0,no_upcoming,,headwind,,S,sponsor_confirmed|momentum_headwind|runway_short,,,v1.3.0,34839213,1,,late|none|pos,0.1,,0.914706,0,1,1.119466,0.79653,3,7,buying,-0.0579,,5.545,4.1784,1.25,46,fresh,0,0,0,0,True,False,False,missing,0.0,short,,,1.0,0,0,1.0,0,1.0,0,,,missing,-0.114048,price_history,,3,0.9787,price_history,,-0.210884,,53.9354,-0.292675,0.081791,late,small,SEV2,drug_developer,pit_bundle,,,,0,0.5,,,,,0.7905,,70,0.1,0.196884,,,,
CRMD,CorMedix Inc.,80,,C,low_opt+no_catalyst_data,C,low_opt+no_catalyst_data,,0.145892,,,0.087209,1,0.087209,,0,no_upcoming,,tailwind,deep_drawdown,L,momentum_tailwind,,,v1.3.0,34839213,1,,late|none|pos,0.1,,0.914706,0,1,1.119466,0.79653,0,2,neutral,-1.1683,,0.7467,0.0,0.0,46,fresh,0,0,0,0,True,False,False,missing,0.0,adequate,,,1.0,0,0,1.0,0,1.0,0,,,missing,0.204241,price_history,,0,0.9464,price_history,,-0.446809,,67.4627,-0.292675,-0.154134,late,small,NONE,drug_developer,pit_bundle,,,,0,0.5,,,,,0.7905,,52,0.1,0.145892,,,,
CELC,Healthcare,81,,C,low_opt+no_catalyst_data,C,low_opt+no_catalyst_data,,0.117564,,,0.063953,1,0.063953,,0,no_upcoming,,neutral,deep_drawdown,S,runway_short,,,v1.3.0,34839213,1,,late|none|pos,0.1,,0.914706,0,1,1.119466,0.79653,0,3,buying,-1.1683,,1.2071,0.0,0.0,46,fresh,0,0,0,0,True,False,False,missing,0.0,short,,,1.0,0,0,1.0,0,1.0,0,,,missing,-0.015642,price_history,,0,0.1338,price_history,,-0.367036,,41.0221,-0.292675,-0.074361,late,mid,SEV2,drug_developer,pit_bundle,,,,0,0.5,,,,,0.7905,,42,0.1,0.117564,,,,
ARQT,"Arcutis Biotherapeutics, Inc.",82,,C,low_opt+no_catalyst_data,C,low_opt+no_catalyst_data,,0.066572,,,0.025194,1,0.025194,,0,no_upcoming,,headwind,deep_drawdown,M,sponsor_confirmed|momentum_headwind,,,v1.3.0,34839213,1,,late|none|pos,0.1,,0.914706,0,1,1.119466,0.79653,5,6,selling,0.6823,,7.7973,7.3369,7.5,46,fresh,0,0,0,0,True,False,False,missing,0.0,adequate,,,1.0,0,0,1.0,0,1.0,0,,,missing,-0.20067,price_history,,5,0.6433,price_history,,-0.360668,,40.2628,-0.292675,-0.067993,late,mid,SEV1,drug_developer,pit_bundle,,,,0,0.5,,,,,0.7905,,24,0.1,0.066572,,,,
BLTE,Healthcare,83,,C,low_opt+no_catalyst_data,C,low_opt+no_catalyst_data,,0.100567,,,0.04845,1,0.04845,,0,no_upcoming,,headwind,,S,momentum_headwind,,,v1.3.0,34839213,1,,late|none|pos,0.1,,0.914706,0,1,1.119466,0.79653,0,1,buying,-1.1683,,0.4667,0.0,0.0,46,fresh,0,0,0,0,True,False,False,missing,0.0,adequate,,,1.0,0,0,1.0,0,1.0,0,,,missing,-0.132407,price_history,,0,-0.2752,price_history,,-0.255227,,64.3208,-0.292675,0.037448,late,mid,NONE,drug_developer,pit_bundle,,,,0,0.5,,,,,0.7905,,36,0.1,0.100567,,,,
AVIR,"Atea Pharmaceuticals, Inc.",84,,C,low_opt+no_catalyst_data,C,low_opt+no_catalyst_data,,0.083569,,,0.032946,1,0.032946,,0,no_upcoming,,headwind,deep_drawdown,S,sponsor_confirmed|momentum_headwind|runway_short,,,v1.3.0,34839213,1,,late|none|pos,0.1,,0.914706,0,1,1.119466,0.79653,3,5,neutral,-0.0579,,5.2187,4.4757,2.07,46,fresh,0,0,0,0,True,False,False,missing,0.0,short,,,1.0,0,0,1.0,0,1.0,0,,,missing,-0.401753,price_history,,3,1.0559,price_history,,-0.502651,,38.4544,-0.292675,-0.209976,late,small,SEV2,drug_developer,pit_bundle,,,,0,0.5,,,,,0.7905,,30,0.1,0.083569,,,,
ARDX,"Ardelyx, Inc.",85,,C,low_opt+no_catalyst_data,C,low_opt+no_catalyst_data,,0.063739,,,0.021318,1,0.021318,,0,no_upcoming,,tailwind,,M,momentum_tailwind|runway_short,,,v1.3.0,34839213,1,,late|none|pos,0.1,,0.914706,0,1,1.119466,0.79653,0,4,selling,-1.1683,,1.3962,0.0,0.0,46,fresh,0,0,0,0,True,False,False,missing,0.0,short,,,1.0,0,0,1.0,0,1.0,0,,,missing,0.506295,price_history,,0,0.5647,price_history,,-0.173077,,56.3179,-0.292675,0.119598,late,small,SEV2,drug_developer,pit_bundle,,,,0,0.5,,,,,0.7905,,23,0.1,0.063739,,,,
ABVX,Abivax SA,86,,C,low_opt,C,low_opt,,0.015581,,,0.005814,1,0.005814,212,1,specific_days,,neutral,drawdown_data_missing,L,catalyst_far_lift,,,v1.3.0,34839213,1,,late|near_181_270|pos,0.1,,0.914706,0,1,1.119466,0.79653,,0,neutral,0.0,,0.0,0.0,0.0,,,0,0,0,0,False,False,True,far,0.3,adequate,,,1.0,0,0,1.0,0,1.0,0,212,,specific_days,,,series_too_short,,,,series_too_short,,series_too_short,,,,late,mid,NONE,drug_developer,pit_bundle,CTGOV,CLINICAL_CD,sponsor|drawdown,2,0.5,,,,,0.7905,,6,0.1,0.015581,,,,
MAZE,"Maze Therapeutics, Inc.",87,,C,mod_opt+no_catalyst_data,C,mod_opt+no_catalyst_data,,0.749292,,,0.52907,1,0.52907,,0,no_upcoming,,neutral,drawdown_data_missing,M,,,,v1.3.0,34839213,1,,early|none|nonpos,0.06969944897959185,,-0.323403,21,1,0.021485,-1.712245,,0,neutral,0.0,,0.0,0.0,0.0,,,0,0,0,0,False,False,False,missing,0.0,adequate,,,1.0,0,0,1.0,0,1.0,0,,,missing,,,series_too_short,,,,series_too_short,,series_too_short,,,,early,mid,NONE,drug_developer,pit_bundle,,,sponsor|drawdown,2,0.5,,,,,0.486661,,265,0.06969944897959185,0.749292,,,,
LCTX,"Lineage Cell Therapeutics, Inc.",88,,C,mod_opt+no_catalyst_data,C,mod_opt+no_catalyst_data,,0.73796,,,0.478682,1,0.478682,,0,no_upcoming,,tailwind,deep_drawdown,L,momentum_tailwind,,,v1.3.0,34839213,1,,early|none|nonpos,0.06969944897959185,,-0.026592,0,1,0.284703,-1.110819,,0,neutral,0.0,,0.0,0.0,0.0,,,0,0,0,0,False,False,False,missing,0.0,adequate,,,1.0,0,0,1.0,0,1.0,0,,,missing,0.099699,price_history,,,0.5596,price_history,,-0.458955,,58.7039,-0.292675,-0.16628,early,small,NONE,drug_developer,pit_bundle,,,sponsor,1,0.5,,,,,0.5595,,261,0.06969944897959185,0.73796,,,,
LBRX,Healthcare,89,,C,mod_opt+no_catalyst_data,C,mod_opt+no_catalyst_data,,0.735127,,,0.474806,1,0.474806,,0,no_upcoming,,neutral,drawdown_data_missing,M,,,,v1.3.0,34839213,1,,early|none|nonpos,0.06969944897959185,,-0.026592,0,1,0.284703,-1.110819,,0,neutral,0.0,,0.0,0.0,0.0,,,0,0,0,0,False,False,False,missing,0.0,adequate,,,1.0,0,0,1.0,0,1.0,0,,,missing,,,series_too_short,,,,series_too_short,,series_too_short,,,,early,small,NONE,drug_developer,pit_bundle,,,sponsor|drawdown,2,0.5,,,,,0.5595,,260,0.06969944897959185,0.735127,,,,
CTNM,"Contineum Therapeutics, Inc.",90,,C,mod_opt+no_catalyst_data,C,mod_opt+no_catalyst_data,,0.669972,,,0.463178,1,0.463178,,0,no_upcoming,,neutral,drawdown_data_missing,M,,,,v1.3.0,34839213,1,,early|none|nonpos,0.06969944897959185,,-0.026592,0,1,0.284703,-1.110819,,0,neutral,0.0,,0.0,0.0,0.0,,,0,0,0,0,False,False,False,missing,0.0,adequate,,,1.0,0,0,1.0,0,1.0,0,,,missing,,,series_too_short,,,,series_too_short,,series_too_short,,,,early,small,SEV1,drug_developer,pit_bundle,,,sponsor|drawdown,2,0.5,,,,,0.5595,,237,0.06969944897959185,0.669972,,,,
VRDN,Healthcare,91,,C,mod_opt+no_catalyst_data,C,mod_opt+no_catalyst_data,,0.446176,,,0.552326,1,0.552326,,0,no_upcoming,,tailwind,overbought_rsi,L,sponsor_confirmed|momentum_tailwind|runway_short,,,v1.3.0,34839213,1,,late|none|nonpos,0.1,,-0.509544,593,1,-0.143588,-2.089421,7,9,selling,1.4226,,8.8917,8.3317,5.23,46,fresh,0,0,0,0,True,False,False,missing,0.0,short,,,1.0,0,0,1.0,0,1.0,0,,,missing,0.140121,price_history,,7,0.6229,price_history,,-0.00902,,73.9354,-0.292675,0.283655,late,mid,SEV2,drug_developer,pit_bundle,,,,0,0.5,,,,,0.440981,,158,0.1,0.446176,,,,
ZVRA,"Zevra Therapeutics, Inc.",92,,C,mod_opt+no_catalyst_data,C,mod_opt+no_catalyst_data,,0.454674,,,0.591085,1,0.591085,,0,no_upcoming,,headwind,deep_drawdown,S,momentum_headwind,,,v1.3.0,34839213,1,,late|none|nonpos,0.1,,-0.511504,,1,-0.145326,-2.093393,0,2,selling,-1.1683,,0.6496,0.0,0.0,46,fresh,0,0,0,0,True,False,False,missing,0.0,adequate,,,1.0,0,0,1.0,0,1.0,0,,,missing,-0.158021,price_history,,0,0.5043,price_history,,-0.488722,,41.2959,-0.292675,-0.196047,late,small,NONE,drug_developer,pit_bundle,,,,0,0.5,,,,,0.4405,,161,0.1,0.454674,,,,
WVE,Wave Life Sciences Ltd.,93,,C,mod_opt+no_catalyst_data,C,mod_opt+no_catalyst_data,,0.449008,,,0.428295,1,0.428295,,0,no_upcoming,,tailwind,,L,momentum_tailwind,,,v1.3.0,34839213,1,,mid|none|nonpos,0.1,,0.444057,0,1,0.702085,-0.157145,1,4,buying,-0.7982,,3.293,1.8992,1.49,46,fresh,0,0,0,0,True,False,False,missing,0.0,adequate,,,1.0,0,0,1.0,0,1.0,0,,,missing,0.455124,price_history,,1,0.0685,price_history,,-0.184615,,51.8653,-0.292675,0.10806,mid,mid,SEV1,drug_developer,pit_bundle,,,,0,0.5,,,,,0.675,,159,0.1,0.449008,,,,
VKTX,Healthcare,94,,C,mod_opt+no_catalyst_data,C,mod_opt+no_catalyst_data,,0.437677,,,0.424419,1,0.424419,,0,no_upcoming,,tailwind,,L,sponsor_confirmed|momentum_tailwind|runway_short,,,v1.3.0,34839213,1,,mid|none|nonpos,0.1,,0.444057,0,1,0.702085,-0.157145,2,6,buying,-0.428,,6.0965,4.4227,4.46,46,fresh,0,0,0,0,True,False,False,missing,0.0,short,,,1.0,0,0,1.0,0,1.0,0,,,missing,0.287078,price_history,,2,0.842,price_history,,-0.224138,,51.9447,-0.292675,0.068537,mid,mid,SEV2,drug_developer,pit_bundle,,,,0,0.5,,,,,0.675,,155,0.1,0.437677,,,,
SLN,Silence Therapeutics Plc - Amer,95,,C,mod_opt+no_catalyst_data,C,mod_opt+no_catalyst_data,,0.38102,,,0.408915,1,0.408915,,0,no_upcoming,,tailwind,deep_drawdown,L,sponsor_confirmed|momentum_tailwind,,,v1.3.0,34839213,1,,mid|none|nonpos,0.1,,0.444057,0,1,0.702085,-0.157145,2,2,selling,-0.428,,1.7897,1.7897,1.14,46,fresh,0,0,0,0,True,False,False,missing,0.0,adequate,,,1.0,0,0,1.0,0,1.0,0,,,missing,0.41552,price_history,,2,0.4007,price_history,,-0.390121,,67.4985,-0.292675,-0.097446,mid,micro,NONE,drug_developer,pit_bundle,,,,0,0.5,,,,,0.675,,135,0.1,0.38102,,,,
SGMT,Sagimet Biosciences Inc. - Seri,96,,C,mod_opt+no_catalyst_data,C,mod_opt+no_catalyst_data,,0.375354,,,0.405039,1,0.405039,,0,no_upcoming,,neutral,drawdown_data_missing,S,runway_short,,,v1.3.0,34839213,1,,mid|none|nonpos,0.1,,0.444057,0,1,0.702085,-0.157145,,0,neutral,0.0,,0.0,0.0,0.0,,,0,0,0,0,False,False,False,missing,0.0,short,,,1.0,0,0,1.0,0,1.0,0,,,missing,,,series_too_short,,,,series_too_short,,series_too_short,,,,mid,micro,SEV2,drug_developer,pit_bundle,,,sponsor|drawdown,2,0.5,,,,,0.675,,133,0.1,0.375354,,,,
PCVX,"Vaxcyte, Inc.",97,,C,mod_opt+no_catalyst_data,C,mod_opt+no_catalyst_data,,0.332861,,,0.501938,1,0.501938,,0,no_upcoming,,tailwind,overbought_rsi,L,sponsor_confirmed|momentum_tailwind|runway_short,,,v1.3.0,34839213,1,,mid|none|nonpos,0.1,,-0.077802,41,1,0.23929,-1.214584,5,7,buying,0.6823,,10.0686,9.1416,5.14,46,fresh,0,0,0,0,True,False,False,missing,0.0,short,,,1.0,0,0,1.0,0,1.0,0,,,missing,0.764975,price_history,,5,0.5763,price_history,,0.0,,70.18,-0.292675,0.292675,mid,mid,SEV2,drug_developer,pit_bundle,,,,0,0.5,,,,,0.546933,,118,0.1,0.332861,,,,
RGNX,REGENXBIO Inc.,98,,C,mod_opt+no_catalyst_data,C,mod_opt+no_catalyst_data,,0.366856,,,0.447674,1,0.447674,,0,no_upcoming,,headwind,,S,sponsor_confirmed|momentum_headwind|runway_short,,,v1.3.0,34839213,1,,late|none|nonpos,0.1,,0.007372,91,1,0.314823,-1.041998,3,3,selling,-0.0579,,3.8691,3.8691,1.89,46,fresh,0,0,0,0,True,False,False,missing,0.0,short,,,1.0,0,0,1.0,0,1.0,0,,,missing,-0.139287,price_history,,3,0.9669,price_history,,-0.317922,,59.876,-0.292675,-0.025247,late,small,SEV2,drug_developer,pit_bundle,,,,0,0.5,,,,,0.567835,,130,0.1,0.366856,,,,
QURE,uniQure N.V.,99,,C,mod_opt+no_catalyst_data,C,mod_opt+no_catalyst_data,,0.358357,,,0.381783,1,0.381783,,0,no_upcoming,,tailwind,,L,momentum_tailwind,,,v1.3.0,34839213,1,,mid|none|nonpos,0.1,,0.444057,0,1,0.702085,-0.157145,1,4,buying,-0.7982,,1.8898,0.6765,0.3,46,fresh,0,0,0,0,True,False,False,missing,0.0,adequate,,,1.0,0,0,1.0,0,1.0,0,,,missing,0.325921,price_history,,1,1.106,price_history,,-0.098467,,68.5193,-0.292675,0.194208,mid,small,NONE,drug_developer,pit_bundle,,,,0,0.5,,,,,0.675,,127,0.1,0.358357,,,,
MRUS,Merus N.V.,100,,C,mod_opt+no_catalyst_data,C,mod_opt+no_catalyst_data,,0.3017,,,0.370155,1,0.370155,,0,no_upcoming,,headwind,deep_drawdown,M,sponsor_confirmed|momentum_headwind,,,v1.3.0,34839213,1,,mid|none|nonpos,0.1,,0.444057,0,1,0.702085,-0.157145,6,7,selling,1.0524,,8.6086,8.1419,3.45,46,fresh,0,0,0,0,True,False,False,missing,0.0,adequate,,,1.0,0,0,1.0,0,1.0,0,,,missing,-0.367075,price_history,,6,0.6341,price_history,,-0.524621,,34.2389,-0.292675,-0.231946,mid,mid,NONE,drug_developer,pit_bundle,,,,0,0.5,,,,,0.675,,107,0.1,0.3017,,,,
ACRS,"Aclaris Therapeutics, Inc.",101,,C,low_opt+no_catalyst_data,C,low_opt+no_catalyst_data,,0.021246,,,0.292636,1,0.292636,,0,no_upcoming,,neutral,,M,sponsor_confirmed|runway_short,,,v1.3.0,34839213,1,,late|none|pos,0.1,,0.593075,23,1,0.834237,0.144811,7,9,selling,1.4226,,10.5869,9.844,3.63,46,fresh,0,0,0,0,True,False,False,missing,0.0,short,,,1.0,0,0,1.0,0,1.0,0,,,missing,-0.048467,price_history,,7,0.6604,price_history,,-0.171475,,37.0738,-0.292675,0.1212,late,small,SEV2,drug_developer,pit_bundle,,,,0,0.5,,,,,0.71157,,8,0.1,0.021246,,,,
KURA,"Kura Oncology, Inc.",102,,C,mod_opt+no_catalyst_data,C,mod_opt+no_catalyst_data,,0.273371,,,0.358527,1,0.358527,,0,no_upcoming,,tailwind,,L,sponsor_confirmed|momentum_tailwind|runway_short,,,v1.3.0,34839213,1,,mid|none|nonpos,0.1,,0.444057,0,1,0.702085,-0.157145,5,9,buying,0.6823,,14.3143,12.8247,5.48,46,fresh,0,0,0,0,True,False,False,missing,0.0,short,,,1.0,0,0,1.0,0,1.0,0,,,missing,0.052224,price_history,,5,0.8643,price_history,,-0.189203,,57.1199,-0.292675,0.103472,mid,small,SEV2,drug_developer,pit_bundle,,,,0,0.5,,,,,0.675,,97,0.1,0.273371,,,,
NAMS,NewAmsterdam Pharma Company N.V,103,,C,mod_opt+no_catalyst_data,C,mod_opt+no_catalyst_data,,0.304533,,,0.505814,1,0.505814,,0,no_upcoming,,headwind,,S,momentum_headwind,,,v1.3.0,34839213,1,,late|none|nonpos,0.1,,-0.109643,114,1,0.211053,-1.279103,,0,neutral,0.0,,0.0,0.0,0.0,,,0,0,0,0,False,False,False,missing,0.0,adequate,,,1.0,0,0,1.0,0,1.0,0,,,missing,-0.193015,price_history,,,0.2236,price_history,,-0.217391,,29.0921,-0.292675,0.075284,late,mid,NONE,drug_developer,pit_bundle,,,sponsor,1,0.5,,,,,0.539119,,108,0.1,0.304533,,,,
IMCR,Immunocore Holdings plc,104,,C,mod_opt+no_catalyst_data,C,mod_opt+no_catalyst_data,,0.22238,,,0.532946,1,0.532946,,0,no_upcoming,,tailwind,,L,sponsor_confirmed|momentum_tailwind,,,v1.3.0,34839213,1,,late|none|nonpos,0.1,,-0.358655,201,1,-0.009777,-1.783676,7,9,buying,1.4226,,14.483,13.5559,3.85,46,fresh,0,0,0,0,True,False,False,missing,0.0,adequate,,,1.0,0,0,1.0,0,1.0,0,,,missing,0.267884,price_history,,7,0.4791,price_history,,-0.03488,,59.807,-0.292675,0.257795,late,small,NONE,drug_developer,pit_bundle,,,,0,0.5,,,,,0.47801,,79,0.1,0.22238,,,,
IRON,"Disc Medicine, Inc.",105,,C,mod_opt+no_catalyst_data,C,mod_opt+no_catalyst_data,,0.250708,,,0.354651,1,0.354651,,0,no_upcoming,,tailwind,deep_drawdown,L,momentum_tailwind,,,v1.3.0,34839213,1,,mid|none|nonpos,0.1,,0.444057,0,1,0.702085,-0.157145,,0,neutral,0.0,,0.0,0.0,0.0,,,0,0,0,0,False,False,False,missing,0.0,adequate,,,1.0,0,0,1.0,0,1.0,0,,,missing,0.212447,price_history,,,0.2644,price_history,,-0.441558,,51.8994,-0.292675,-0.148883,mid,mid,SEV1,drug_developer,pit_bundle,,,sponsor,1,0.5,,,,,0.675,,89,0.1,0.250708,,,,
INVA,"Innoviva, Inc.",106,,C,mod_opt+no_catalyst_data,C,mod_opt+no_catalyst_data,,0.24221,,,0.583333,1,0.583333,,0,no_upcoming,,neutral,deep_drawdown,M,,,,v1.3.0,34839213,1,,late|none|nonpos,0.1,,-0.511504,,1,-0.145326,-2.093393,0,3,selling,-1.1683,,0.8362,0.0,0.0,46,fresh,0,0,0,0,True,False,False,missing,0.0,adequate,,,1.0,0,0,1.0,0,1.0,0,,,missing,-0.04361,price_history,,0,0.4245,price_history,,-0.351605,,49.3878,-0.292675,-0.05893,late,small,NONE,drug_developer,pit_bundle,,,,0,0.5,,,,,0.4405,,86,0.1,0.24221,,,,
INBX,"Inhibrx Biosciences, Inc.",107,,C,mod_opt+no_catalyst_data,C,mod_opt+no_catalyst_data,,0.233711,,,0.346899,1,0.346899,,0,no_upcoming,,neutral,drawdown_data_missing,M,,,,v1.3.0,34839213,1,,mid|none|nonpos,0.1,,0.444057,0,1,0.702085,-0.157145,,0,neutral,0.0,,0.0,0.0,0.0,,,0,0,0,0,False,False,False,missing,0.0,adequate,,,1.0,0,0,1.0,0,1.0,0,,,missing,,,series_too_short,,,,series_too_short,,series_too_short,,,,mid,small,NONE,drug_developer,pit_bundle,,,sponsor|drawdown,2,0.5,,,,,0.675,,83,0.1,0.233711,,,,
IMVT,"Immunovant, Inc.",108,,C,mod_opt+no_catalyst_data,C,mod_opt+no_catalyst_data,,0.230878,,,0.563953,1,0.563953,,0,no_upcoming,,tailwind,,L,momentum_tailwind,,,v1.3.0,34839213,1,,late|none|nonpos,0.1,,-0.511349,822,1,-0.145189,-2.093079,1,5,buying,-0.7982,,3.5853,1.9116,2.42,46,fresh,0,0,0,0,True,False,False,missing,0.0,adequate,,,1.0,0,0,1.0,0,1.0,0,,,missing,1.675109,price_history,,1,0.6023,price_history,,-0.021642,,61.466,-0.292675,0.271033,late,mid,NONE,drug_developer,pit_bundle,,,,0,0.5,,,,,0.440538,,82,0.1,0.230878,,,,
IMMP,Immutep Limited,109,,C,mod_opt+no_catalyst_data,C,mod_opt+no_catalyst_data,,0.225212,,,0.343023,1,0.343023,,0,no_upcoming,,tailwind,,L,momentum_tailwind,,,v1.3.0,34839213,1,,mid|none|nonpos,0.1,,0.444057,0,1,0.702085,-0.157145,0,1,selling,-1.1683,,0.28,0.0,0.0,46,fresh,0,0,0,0,True,False,False,missing,0.0,adequate,,,1.0,0,0,1.0,0,1.0,0,,,missing,0.277541,price_history,,0,0.7048,price_history,,-0.33518,,63.9701,-0.292675,-0.042505,mid,small,NONE,drug_developer,pit_bundle,,,,0,0.5,,,,,0.675,,80,0.1,0.225212,,,,
ENTA,"Enanta Pharmaceuticals, Inc.",110,,C,mod_opt+no_catalyst_data,C,mod_opt+no_catalyst_data,,0.171388,,,0.323643,1,0.323643,,0,no_upcoming,,headwind,deep_drawdown,M,sponsor_confirmed|momentum_headwind,,,v1.3.0,34839213,1,,mid|none|nonpos,0.1,,0.444057,0,1,0.702085,-0.157145,4,7,selling,0.3122,,6.4507,5.4278,9.76,45,fresh,0,0,0,0,True,False,False,missing,0.0,adequate,,,1.0,0,0,1.0,0,1.0,0,,,missing,-0.31068,price_history,,4,0.9098,price_history,,-0.480176,,45.3971,-0.292675,-0.187501,mid,small,NONE,drug_developer,pit_bundle,,,,0,0.5,,,,,0.675,,61,0.1,0.171388,,,,
EPRX,Eupraxia Pharmaceuticals Inc.,111,,C,mod_opt+no_catalyst_data,C,mod_opt+no_catalyst_data,,0.177054,,,0.327519,1,0.327519,,0,no_upcoming,,neutral,drawdown_data_missing,M,,,,v1.3.0,34839213,1,,mid|none|nonpos,0.1,,0.444057,0,1,0.702085,-0.157145,,0,neutral,0.0,,0.0,0.0,0.0,,,0,0,0,0,False,False,False,missing,0.0,adequate,,,1.0,0,0,1.0,0,1.0,0,,,missing,,,series_too_short,,,,series_too_short,,series_too_short,,,,mid,small,NONE,drug_developer,pit_bundle,,,sponsor|drawdown,2,0.5,,,,,0.675,,63,0.1,0.177054,,,,
CRSP,CRISPR Therapeutics AG,112,,C,mod_opt+no_catalyst_data,C,mod_opt+no_catalyst_data,,0.151558,,,0.439922,1,0.439922,,0,no_upcoming,,headwind,,S,momentum_headwind,,,v1.3.0,34839213,1,,late|none|nonpos,0.1,,0.30679,50,1,0.580354,-0.435287,1,4,selling,-0.7982,,1.3029,0.4667,0.03,46,fresh,0,0,0,0,True,False,False,missing,0.0,adequate,,,1.0,0,0,1.0,0,1.0,0,,,missing,-0.161332,price_history,,1,1.2251,price_history,,-0.346025,,47.686,-0.292675,-0.05335,late,mid,SEV1,drug_developer,pit_bundle,,,,0,0.5,,,,,0.641314,,54,0.1,0.151558,,,,
AVBP,"ArriVent BioPharma, Inc.",113,,C,mod_opt+no_catalyst_data,C,mod_opt+no_catalyst_data,,0.080737,,,0.571705,1,0.571705,,0,no_upcoming,,neutral,drawdown_data_missing,S,runway_short,,,v1.3.0,34839213,1,,late|none|nonpos,0.1,,-0.511451,916,1,-0.145279,-2.093285,,0,neutral,0.0,,0.0,0.0,0.0,,,0,0,0,0,False,False,False,missing,0.0,short,,,1.0,0,0,1.0,0,1.0,0,,,missing,,,series_too_short,,,,series_too_short,,series_too_short,,,,late,small,SEV2,drug_developer,pit_bundle,,,sponsor|drawdown,2,0.5,,,,,0.440513,,29,0.1,0.080737,,,,
ANRO,"Alto Neuroscience, Inc.",114,,C,mod_opt+no_catalyst_data,C,mod_opt+no_catalyst_data,,0.055241,,,0.436047,1,0.436047,,0,no_upcoming,,neutral,drawdown_data_missing,M,,,,v1.3.0,34839213,1,,mid|none|nonpos,0.1,,0.428299,1,1,0.688111,-0.189074,,0,neutral,0.0,,0.0,0.0,0.0,,,0,0,0,0,False,False,False,missing,0.0,adequate,,,1.0,0,0,1.0,0,1.0,0,,,missing,,,series_too_short,,,,series_too_short,,series_too_short,,,,mid,small,NONE,drug_developer,pit_bundle,,,sponsor|drawdown,2,0.5,,,,,0.671133,,20,0.1,0.055241,,,,
ALDX,Healthcare,115,,C,mod_opt+no_catalyst_data,C,mod_opt+no_catalyst_data,,0.029745,,,0.513566,1,0.513566,,0,no_upcoming,,headwind,,M,sponsor_confirmed|momentum_headwind,,,v1.3.0,34839213,1,,late|none|nonpos,0.1,,-0.189718,134,1,0.14004,-1.44136,2,5,neutral,-0.428,,2.8054,1.505,1.24,46,fresh,0,0,0,0,True,False,False,missing,0.0,adequate,,,1.0,0,0,1.0,0,1.0,0,,,missing,-0.135812,price_history,,2,0.8812,price_history,,-0.276486,,54.2027,-0.292675,0.016189,late,small,NONE,drug_developer,pit_bundle,,,,0,0.5,,,,,0.519468,,11,0.1,0.029745,,,,
ADMA,ADMA Biologics Inc,116,,C,mod_opt+no_catalyst_data,C,mod_opt+no_catalyst_data,,0.024079,,,0.579457,1,0.579457,,0,no_upcoming,,tailwind,,L,momentum_tailwind,,,v1.3.0,34839213,1,,late|none|nonpos,0.1,,-0.511504,,1,-0.145326,-2.093393,1,4,buying,-0.7982,,2.4456,1.0519,0.71,46,fresh,0,0,0,0,True,False,False,missing,0.0,adequate,,,1.0,0,0,1.0,0,1.0,0,,,missing,0.253955,price_history,,1,1.4491,price_history,,0.0,,66.0134,-0.292675,0.292675,late,mid,NONE,drug_developer,pit_bundle,,,,0,0.5,,,,,0.4405,,9,0.1,0.024079,,,,
ABUS,Arbutus Biopharma Corporation,117,,C,low_opt+no_catalyst_data,C,low_opt+no_catalyst_data,,0.012748,,,0.296512,1,0.296512,,0,no_upcoming,,tailwind,deep_drawdown,M,momentum_tailwind|runway_short,,,v1.3.0,34839213,1,,mid|none|nonpos,0.1,,0.444057,0,1,0.702085,-0.157145,0,1,buying,-1.1683,,0.4667,0.0,0.0,46,fresh,0,0,0,0,True,False,False,missing,0.0,short,,,1.0,0,0,1.0,0,1.0,0,,,missing,0.096791,price_history,,0,0.6048,price_history,,-0.490239,,42.783,-0.292675,-0.197564,mid,small,SEV2,drug_developer,pit_bundle,,,,0,0.5,,,,,0.675,,5,0.1,0.012748,,,,
ABCL,AbCellera Biologics Inc.,118,,C,mod_opt+no_catalyst_data,C,mod_opt+no_catalyst_data,,0.004249,,,0.443798,1,0.443798,,0,no_upcoming,,tailwind,,L,sponsor_confirmed|momentum_tailwind|runway_short,,,v1.3.0,34839213,1,,late|none|nonpos,0.1,,0.055606,83,1,0.357599,-0.94426,3,6,buying,-0.0579,,5.0994,3.7056,0.86,46,fresh,0,0,0,0,True,False,False,missing,0.0,short,,,1.0,0,0,1.0,0,1.0,0,,,missing,0.205482,price_history,,3,0.889,price_history,,-0.182338,,50.2163,-0.292675,0.110337,late,small,SEV2,drug_developer,pit_bundle,,,,0,0.5,,,,,0.579672,,2,0.1,0.004249,,,,
AARD,"Aardvark Therapeutics, Inc.",119,,C,mod_opt+no_catalyst_data,C,mod_opt+no_catalyst_data,,0.001416,,,0.521318,1,0.521318,,0,no_upcoming,,neutral,drawdown_data_missing,M,,,,v1.3.0,34839213,1,,mid|none|nonpos,0.1,,-0.289484,65,1,0.051566,-1.643514,,0,neutral,0.0,,0.0,0.0,0.0,,,0,0,0,0,False,False,False,missing,0.0,adequate,,,1.0,0,0,1.0,0,1.0,0,,,missing,,,series_too_short,,,,series_too_short,,series_too_short,,,,mid,small,SEV1,drug_developer,pit_bundle,,,sponsor|drawdown,2,0.5,,,,,0.494985,,1,0.1,0.001416,,,,
CRL,Charles River Laboratories Inte,120,,C,no_quality_data,,,C,0.474504,,,,,,1371,1,specific_days,,tailwind,deep_drawdown,L,catalyst_far_lift|momentum_tailwind,,,v1.3.0,34839213,1,,late|far_271_540|pos,0.0961064745762712,,0.914706,0,1,1.311117,1.322157,,0,neutral,0.0,,0.0,0.0,0.0,,,0,0,0,0,False,False,True,far,0.3,adequate,,,1.0,0,0,1.0,0,1.0,0,1371,,specific_days,0.124516,price_history,,,0.6215,price_history,,-0.393359,,49.1122,-0.292675,-0.100684,late,large,NONE,platform_diagnostics,pit_bundle,CTGOV,CLINICAL_CD,sponsor,1,0.5,,,,,0.7905,,168,0.0961064745762712,0.474504,,,,
NVCR,NovoCure Limited,121,,C,no_quality_data,,,C,0.315864,,,,,,,0,no_upcoming,,headwind,,M,sponsor_confirmed|momentum_headwind,,,v1.3.0,34839213,1,,late|none|pos,0.1,,0.914706,0,1,1.311117,1.369672,3,7,selling,-0.0579,,5.7054,4.4025,6.13,46,fresh,0,0,0,0,True,False,False,missing,0.0,adequate,,,1.0,0,0,1.0,0,1.0,0,,,missing,-0.062004,price_history,,3,1.1315,price_history,,-0.171447,,52.5315,-0.292675,0.121228,late,small,NONE,platform_devices,pit_bundle,,,,0,0.5,,,,,0.7905,,112,0.1,0.315864,,,,
GH,"Guardant Health, Inc.",122,,C,no_quality_data,,,C,0.199717,,,,,,183,1,specific_days,,neutral,deep_drawdown,L,catalyst_far_lift|sponsor_confirmed,,,v1.3.0,34839213,1,,late|near_181_270|pos,0.1,,0.914706,0,1,1.311117,1.322157,8,12,selling,1.7927,,9.2421,7.7968,5.88,46,fresh,0,0,0,0,True,False,True,far,0.3,adequate,,,1.0,0,0,1.0,0,1.0,0,183,,specific_days,-0.018709,price_history,,8,1.4903,price_history,,-0.492338,,55.9119,-0.292675,-0.199663,late,large,NONE,platform_diagnostics,pit_bundle,CTGOV,CLINICAL_PCD,,0,0.5,,,,,0.7905,,71,0.1,0.199717,,,,
CERS,Healthcare,123,,C,no_quality_data,,,C,0.120397,,,,,,,0,no_upcoming,,neutral,deep_drawdown,M,,,,v1.3.0,34839213,1,,late|none|pos,0.1,,0.914706,0,1,1.311117,1.369672,1,4,selling,-0.7982,,2.0098,1.0802,0.48,46,fresh,0,0,0,0,True,False,False,missing,0.0,adequate,,,1.0,0,0,1.0,0,1.0,0,,,missing,-0.014048,price_history,,1,1.1366,price_history,,-0.433428,,56.2627,-0.292675,-0.140753,late,small,NONE,platform_devices,pit_bundle,,,,0,0.5,,,,,0.7905,,43,0.1,0.120397,,,,
TEM,"Tempus AI, Inc.",124,,C,no_quality_data,,,C,0.409348,,,,,,63,1,specific_days,,neutral,drawdown_data_missing,M,,,,v1.3.0,34839213,1,,late|near_31_90|pos,0.1,,0.914706,0,1,1.311117,1.152944,,0,neutral,0.0,,0.0,0.0,0.0,,,0,0,0,0,False,False,True,near,1.0,adequate,,,1.0,0,0,1.0,0,1.0,0,63,,specific_days,,,series_too_short,,,,series_too_short,,series_too_short,,,,late,large,NONE,platform_services,pit_bundle,CTGOV,CLINICAL_PCD,sponsor|drawdown,2,0.5,,,,,0.7905,,145,0.1,0.409348,,,,
UTHR,United Therapeutics Corporation,125,,C,no_quality_data,,,C,0.528329,,,,,,1,1,specific_days,,tailwind,overbought_rsi,L,sponsor_confirmed|momentum_tailwind,,,v1.3.0,34839213,1,,late|near_0_30|pos,0.09254273684210526,,0.914706,0,1,0.635638,0.624667,6,10,buying,1.0524,,15.6674,13.4763,15.68,45,fresh,0,0,0,0,True,False,True,near,1.0,adequate,,,1.0,0,0,1.0,0,1.0,0,1,,specific_days,0.253554,price_history,,6,0.1865,price_history,,0.0,,75.7812,-0.292675,0.292675,late,large,NONE,commercial_pharma,pit_bundle,CTGOV,CLINICAL_CD,,0,0.5,,,,,0.7905,,187,0.09254273684210526,0.528329,,,,
BIIB,Biogen Inc.,126,,C,no_quality_data,,,C,0.468839,,,,,,1493,1,specific_days,,tailwind,,L,catalyst_far_lift|sponsor_confirmed|momentum_tailwind,,,v1.3.0,34839213,1,,late|far_271_540|pos,0.0961064745762712,,0.914706,0,1,0.635638,0.624667,7,11,buying,1.4226,,15.2339,13.4477,7.9,45,fresh,0,0,0,0,True,False,True,far,0.3,adequate,,,1.0,0,0,1.0,0,1.0,0,1493,,specific_days,0.538132,price_history,,7,1.0465,price_history,,-0.005053,,64.012,-0.292675,0.287622,late,large,NONE,commercial_pharma,pit_bundle,CTGOV,CLINICAL_PCD,,0,0.5,,,,,0.7905,,166,0.0961064745762712,0.468839,,,,
AZN,Astrazeneca PLC,127,,C,no_quality_data,,,C,0.511331,,,,,,1,1,specific_days,,tailwind,overbought_rsi,L,sponsor_confirmed|momentum_tailwind,,,v1.3.0,34839213,1,,late|near_0_30|pos,0.09254273684210526,,0.914706,0,1,0.635638,0.624667,3,7,buying,-0.0579,,6.3348,4.4981,5.31,46,fresh,0,0,0,0,True,False,True,near,1.0,adequate,,,1.0,0,0,1.0,0,1.0,0,1,,specific_days,0.112596,price_history,,3,0.4477,price_history,,-0.037812,,77.682,-0.292675,0.254863,late,large,NONE,commercial_pharma,pit_bundle,CTGOV,CLINICAL_PCD,,0,0.5,,,,,0.7905,,181,0.09254273684210526,0.511331,,,,
AMRX,"Amneal Pharmaceuticals, Inc.",128,,C,no_quality_data,,,C,0.508499,,,,,,1,1,specific_days,,tailwind,deep_drawdown,L,momentum_tailwind,,,v1.3.0,34839213,1,,late|near_0_30|pos,0.09254273684210526,,0.914706,0,1,0.635638,0.624667,1,5,buying,-0.7982,,2.8882,1.2144,1.69,46,fresh,0,0,0,0,True,False,True,near,1.0,adequate,,,1.0,0,0,1.0,0,1.0,0,1,,specific_days,0.121341,price_history,,1,0.5864,price_history,,-0.497053,,61.7559,-0.292675,-0.204378,late,mid,NONE,commercial_pharma,pit_bundle,CTGOV,CLINICAL_PCD,,0,0.5,,,,,0.7905,,180,0.09254273684210526,0.508499,,,,
SUPN,"Supernus Pharmaceuticals, Inc.",129,,C,no_quality_data,,,C,0.5,,,,,,1491,1,specific_days,,tailwind,,L,catalyst_far_lift|momentum_tailwind,,,v1.3.0,34839213,1,,late|far_271_540|pos,0.0961064745762712,,0.914706,0,1,0.635638,0.624667,0,4,buying,-1.1683,,1.5817,0.0,0.0,46,fresh,0,0,0,0,True,False,True,far,0.3,adequate,,,1.0,0,0,1.0,0,1.0,0,1491,,specific_days,0.062735,price_history,,0,0.4917,price_history,,0.0,,66.7862,-0.292675,0.292675,late,mid,NONE,commercial_pharma,pit_bundle,CTGOV,CLINICAL_PCD,,0,0.5,,,,,0.7905,,177,0.0961064745762712,0.5,,,,
NBIX,"Neurocrine Biosciences, Inc.",130,,C,no_quality_data,,,C,0.310198,,,,,,,0,no_upcoming,,tailwind,,L,sponsor_confirmed|momentum_tailwind,,,v1.3.0,34839213,1,,late|none|pos,0.1,,0.914706,0,1,0.635638,0.624667,8,11,buying,1.7927,,16.8649,15.7512,5.37,46,fresh,0,0,0,0,True,False,False,missing,0.0,adequate,,,1.0,0,0,1.0,0,1.0,0,,,missing,0.219898,price_history,,8,0.48,price_history,,0.0,,64.9664,-0.292675,0.292675,late,large,NONE,commercial_pharma,pit_bundle,,,,0,0.5,,,,,0.7905,,110,0.1,0.310198,,,,
SNY,Sanofi,131,,C,no_quality_data,,,C,0.386686,,,,,,121,1,specific_days,,tailwind,,L,sponsor_confirmed|momentum_tailwind,,,v1.3.0,34839213,1,,late|near_91_180|pos,0.1,,0.914706,0,1,0.635638,0.624667,2,3,buying,-0.428,,2.7445,2.4645,1.18,46,fresh,0,0,0,0,True,False,True,mid,0.7,adequate,,,1.0,0,0,1.0,0,1.0,0,121,,specific_days,0.137388,price_history,,2,0.2891,price_history,,-0.190044,,66.0602,-0.292675,0.102631,late,large,NONE,commercial_pharma,pit_bundle,CTGOV,CLINICAL_PCD,,0,0.5,,,,,0.7905,,137,0.1,0.386686,,,,
ARGX,argenx SE,132,,C,no_quality_data,,,C,0.466006,,,,,,790,1,specific_days,,tailwind,,L,catalyst_far_lift|sponsor_confirmed|momentum_tailwind,,,v1.3.0,34839213,1,,late|far_271_540|pos,0.0961064745762712,,0.914706,0,1,0.408005,0.44694,10,13,buying,2.5329,,23.701,22.301,13.59,46,fresh,0,0,0,0,True,False,True,far,0.3,adequate,,,1.0,0,0,1.0,0,1.0,0,790,,specific_days,0.059842,price_history,,10,0.5133,price_history,,0.0,,66.171,-0.292675,0.292675,late,large,NONE,commercial_biotech,pit_bundle,CTGOV,CLINICAL_CD,,0,0.5,,,,,0.7905,,165,0.0961064745762712,0.466006,,,,
ALNY,"Alnylam Pharmaceuticals, Inc.",133,,C,no_quality_data,,,C,0.463173,,,,,,397,1,specific_days,,tailwind,,L,catalyst_far_lift|sponsor_confirmed|momentum_tailwind,,,v1.3.0,34839213,1,,late|far_271_540|pos,0.0961064745762712,,0.914706,0,1,0.408005,0.44694,8,11,selling,1.7927,,14.0613,12.9413,9.93,46,fresh,0,0,0,0,True,False,True,far,0.3,adequate,,,1.0,0,0,1.0,0,1.0,0,397,,specific_days,0.072295,price_history,,8,0.8473,price_history,,-0.056703,,58.969,-0.292675,0.235972,late,large,NONE,commercial_biotech,pit_bundle,CTGOV,CLINICAL_PCD,,0,0.5,,,,,0.7905,,164,0.0961064745762712,0.463173,,,,
KNSA,"Kiniksa Pharmaceuticals, Ltd.",134,,C,no_quality_data,,,C,0.267705,,,,,,,0,no_upcoming,,tailwind,overbought_rsi,L,momentum_tailwind,,,v1.3.0,34839213,1,,late|none|pos,0.1,,0.914706,0,1,0.635638,0.624667,,0,neutral,0.0,,0.0,0.0,0.0,,,0,0,0,0,False,False,False,missing,0.0,adequate,,,1.0,0,0,1.0,0,1.0,0,,,missing,0.510297,price_history,,,0.4068,price_history,,0.0,,72.3509,-0.292675,0.292675,late,mid,NONE,commercial_pharma,pit_bundle,,,sponsor,1,0.5,,,,,0.7905,,95,0.1,0.267705,,,,
KMDA,Kamada Ltd.,135,,C,no_quality_data,,,C,0.264873,,,,,,,0,no_upcoming,,neutral,,M,,,,v1.3.0,34839213,1,,late|none|pos,0.1,,0.914706,0,1,0.635638,0.624667,0,1,selling,-1.1683,,0.2762,0.0,0.0,49,fresh,0,0,0,0,True,False,False,missing,0.0,adequate,,,1.0,0,0,1.0,0,1.0,0,,,missing,-0.022379,price_history,,0,0.3487,price_history,,-0.31085,,59.6126,-0.292675,-0.018175,late,small,NONE,commercial_pharma,pit_bundle,,,,0,0.5,,,,,0.7905,,94,0.1,0.264873,,,,
REGN,"Regeneron Pharmaceuticals, Inc.",136,,C,no_quality_data,,,C,0.525496,,,,,,20,1,specific_days,,tailwind,,L,sponsor_confirmed|momentum_tailwind,,,v1.3.0,34839213,1,,late|near_0_30|pos,0.09254273684210526,,0.914706,0,1,0.408005,0.44694,3,7,selling,-0.0579,,4.8448,3.23,11.8,45,fresh,0,0,0,0,True,False,True,near,1.0,adequate,,,1.0,0,0,1.0,0,1.0,0,20,,specific_days,0.297493,price_history,,3,0.4337,price_history,,-0.010804,,57.0528,-0.292675,0.281871,late,large,NONE,commercial_biotech,pit_bundle,CTGOV,CLINICAL_PCD,,0,0.5,,,,,0.7905,,186,0.09254273684210526,0.525496,,,,
IRWD,"Ironwood Pharmaceuticals, Inc.",137,,C,no_quality_data,,,C,0.253541,,,,,,,0,no_upcoming,,tailwind,,L,sponsor_confirmed|momentum_tailwind,,,v1.3.0,34839213,1,,late|none|pos,0.1,,0.914706,0,1,0.635638,0.624667,2,6,buying,-0.428,,5.2131,3.5393,3.23,46,fresh,0,0,0,0,True,False,False,missing,0.0,adequate,,,1.0,0,0,1.0,0,1.0,0,,,missing,0.139112,price_history,,2,0.4682,price_history,,-0.059783,,68.7783,-0.292675,0.232892,late,small,NONE,commercial_pharma,pit_bundle,,,,0,0.5,,,,,0.7905,,90,0.1,0.253541,,,,
VRTX,Vertex Pharmaceuticals Incorporated,138,,C,no_quality_data,,,C,0.502833,,,,,,701,1,specific_days,,tailwind,,L,catalyst_far_lift|sponsor_confirmed|momentum_tailwind,,,v1.3.0,34839213,1,,late|far_271_540|pos,0.0961064745762712,,0.914706,0,1,0.408005,0.44694,4,8,buying,0.3122,,8.8873,7.1533,5.13,46,fresh,0,0,0,0,True,False,True,far,0.3,adequate,,,1.0,0,0,1.0,0,1.0,0,701,,specific_days,0.121546,price_history,,4,0.42,price_history,,-0.015802,,57.2697,-0.292675,0.276873,late,large,NONE,commercial_biotech,pit_bundle,CTGOV,CLINICAL_PCD,,0,0.5,,,,,0.7905,,178,0.0961064745762712,0.502833,,,,
INDV,Indivior PLC,139,,C,no_quality_data,,,C,0.236544,,,,,,,0,no_upcoming,,tailwind,high_vol,M,momentum_tailwind|high_risk,,,v1.3.0,34839213,1,,late|none|pos,0.1,,0.914706,0,1,0.635638,0.624667,,0,neutral,0.0,,0.0,0.0,0.0,,,0,0,0,0,False,False,False,missing,0.0,adequate,,,1.0,0,0,1.0,0,1.0,0,,,missing,0.339111,price_history,,,-2.3034,price_history,,-0.027514,,56.4728,-0.292675,0.265161,late,mid,NONE,commercial_pharma,pit_bundle,,,sponsor,1,0.5,,,,,0.7905,,84,0.1,0.236544,,,,
ONC,BeOne Medicines Ltd.,140,,C,no_quality_data,,,C,0.522663,,,,,,1,1,specific_days,,tailwind,deep_drawdown,L,momentum_tailwind,,,v1.3.0,34839213,1,,late|near_0_30|pos,0.09254273684210526,,0.898948,1,1,0.391118,0.431084,,0,neutral,0.0,,0.0,0.0,0.0,,,0,0,0,0,False,False,True,near,1.0,adequate,,,1.0,0,0,1.0,0,1.0,0,1,,specific_days,0.145861,price_history,,,0.9427,price_history,,-0.455622,,55.6927,-0.292675,-0.162947,late,large,NONE,commercial_biotech,pit_bundle,CTGOV,CLINICAL_PCD,sponsor,1,0.5,,,,,0.786633,,185,0.09254273684210526,0.522663,,,,
SRPT,"Sarepta Therapeutics, Inc.",141,,C,no_quality_data,,,C,0.389518,,,,,,,0,no_upcoming,,tailwind,,L,sponsor_confirmed|momentum_tailwind,,,v1.3.0,34839213,1,,late|none|pos,0.1,,0.914706,0,1,0.408005,0.44694,10,14,buying,2.5329,,21.0555,19.475,7.42,46,fresh,0,0,0,0,True,False,False,missing,0.0,adequate,,,1.0,0,0,1.0,0,1.0,0,,,missing,0.111215,price_history,,10,0.6707,price_history,,0.0,,69.2038,-0.292675,0.292675,late,mid,NONE,commercial_biotech,pit_bundle,,,,0,0.5,,,,,0.7905,,138,0.1,0.389518,,,,
INCY,Incyte Corporation,142,,C,no_quality_data,,,C,0.483003,,,,,,365,1,specific_days,,tailwind,,L,catalyst_far_lift|sponsor_confirmed|momentum_tailwind,,,v1.3.0,34839213,1,,late|far_271_540|pos,0.0961064745762712,,0.914706,0,1,0.408005,0.44694,3,7,selling,-0.0579,,5.6846,4.3436,15.58,46,fresh,0,0,0,0,True,False,True,far,0.3,adequate,,,1.0,0,0,1.0,0,1.0,0,365,,specific_days,0.14348,price_history,,3,0.3325,price_history,,-0.042198,,68.5097,-0.292675,0.250477,late,large,NONE,commercial_biotech,pit_bundle,CTGOV,CLINICAL_PCD,,0,0.5,,,,,0.7905,,171,0.0961064745762712,0.483003,,,,
GRFS,"Grifols, S.A.",143,,C,no_quality_data,,,C,0.211048,,,,,,90,1,specific_days,,tailwind,deep_drawdown,L,momentum_tailwind,,,v1.3.0,34839213,1,,late|near_31_90|pos,0.1,,0.914706,0,1,0.635638,0.624667,0,1,buying,-1.1683,,0.4667,0.0,0.0,46,fresh,0,0,0,0,True,False,True,near,1.0,adequate,,,1.0,0,0,1.0,0,1.0,0,90,,specific_days,0.052907,price_history,,0,0.6943,price_history,,-0.386295,,62.3699,-0.292675,-0.09362,late,mid,NONE,commercial_pharma,pit_bundle,CTGOV,CLINICAL_PCD,,0,0.5,,,,,0.7905,,75,0.1,0.211048,,,,
GILD,"Gilead Sciences, Inc.",144,,C,no_quality_data,,,C,0.20255,,,,,,90,1,specific_days,,tailwind,overbought_rsi,L,sponsor_confirmed|momentum_tailwind,,,v1.3.0,34839213,1,,late|near_31_90|pos,0.1,,0.914706,0,1,0.635638,0.624667,3,7,neutral,-0.0579,,5.5162,3.9422,1.98,46,fresh,0,0,0,0,True,False,True,near,1.0,adequate,,,1.0,0,0,1.0,0,1.0,0,90,,specific_days,0.389087,price_history,,3,0.4344,price_history,,0.0,,80.6324,-0.292675,0.292675,late,large,NONE,commercial_pharma,pit_bundle,CTGOV,CLINICAL_PCD,,0,0.5,,,,,0.7905,,72,0.1,0.20255,,,,
ESPR,"Esperion Therapeutics, Inc.",145,,C,no_quality_data,,,C,0.179887,,,,,,,0,no_upcoming,,headwind,,S,momentum_headwind,,,v1.3.0,34839213,1,,late|none|pos,0.1,,0.914706,0,1,0.635638,0.624667,1,5,buying,-0.7982,,4.2911,2.4307,2.51,46,fresh,0,0,0,0,True,False,False,missing,0.0,adequate,,,1.0,0,0,1.0,0,1.0,0,,,missing,-0.118279,price_history,,1,0.3295,price_history,,-0.253066,,38.2528,-0.292675,0.039609,late,small,NONE,commercial_pharma,pit_bundle,,,,0,0.5,,,,,0.7905,,64,0.1,0.179887,,,,
DVAX,Dynavax Technologies Corporation,146,,C,no_quality_data,,,C,0.165722,,,,,,,0,no_upcoming,,tailwind,,L,sponsor_confirmed|momentum_tailwind,,,v1.3.0,34839213,1,,late|none|pos,0.1,,0.914706,0,1,0.635638,0.624667,2,6,selling,-0.428,,5.5417,4.3321,12.42,46,fresh,0,0,0,0,True,False,False,missing,0.0,adequate,,,1.0,0,0,1.0,0,1.0,0,,,missing,0.131134,price_history,,2,0.8307,price_history,,-0.288417,,52.669,-0.292675,0.004258,late,small,NONE,commercial_pharma,pit_bundle,,,,0,0.5,,,,,0.7905,,59,0.1,0.165722,,,,
TECH,Bio-Techne Corporation,147,,C,no_quality_data,,,C,0.406516,,,,,,31,1,specific_days,,neutral,,M,,,,v1.3.0,34839213,1,,late|near_31_90|pos,0.1,,0.914706,0,1,0.408005,0.44694,0,4,buying,-1.1683,,1.6738,0.0,0.0,46,fresh,0,0,0,0,True,False,True,near,1.0,adequate,,,1.0,0,0,1.0,0,1.0,0,31,,specific_days,0.013191,price_history,,0,0.7511,price_history,,-0.340532,,58.9879,-0.292675,-0.047857,late,large,NONE,commercial_biotech,pit_bundle,CTGOV,CLINICAL_PCD,,0,0.5,,,,,0.7905,,144,0.1,0.406516,,,,
LEGN,Legend Biotech Corporation,148,,C,no_quality_data,,,C,0.995751,,,,,,32,1,specific_days,,tailwind,,L,sponsor_confirmed|momentum_tailwind,,,v1.3.0,34839213,1,,mid|near_31_90|nonpos,-0.00679275,,0.444057,0,1,-0.096376,-0.026642,5,8,buying,0.6823,,6.2133,5.1866,1.26,46,fresh,0,0,0,0,True,False,True,near,1.0,adequate,,,1.0,0,0,1.0,0,1.0,0,32,,specific_days,0.156994,price_history,,5,0.5073,price_history,,-0.097898,,60.102,-0.292675,0.194777,mid,mid,NONE,commercial_biotech,pit_bundle,CTGOV,CLINICAL_PCD,,0,0.5,,,,,0.675,,352,-0.00679275,0.995751,,,,
PTCT,"PTC Therapeutics, Inc.",149,,C,no_quality_data,,,C,0.347025,,,,,,,0,no_upcoming,,headwind,,M,sponsor_confirmed|momentum_headwind,,,v1.3.0,34839213,1,,late|none|pos,0.1,,0.914706,0,1,0.408005,0.44694,2,5,buying,-0.428,,5.5211,4.2207,5.22,46,fresh,0,0,0,0,True,False,False,missing,0.0,adequate,,,1.0,0,0,1.0,0,1.0,0,,,missing,-0.206987,price_history,,2,0.6129,price_history,,-0.242745,,53.4701,-0.292675,0.04993,late,mid,NONE,commercial_biotech,pit_bundle,,,,0,0.5,,,,,0.7905,,123,0.1,0.347025,,,,
AMLX,"Amylyx Pharmaceuticals, Inc.",150,,C,no_quality_data,,,C,0.041076,,,,,,,0,no_upcoming,,tailwind,,L,sponsor_confirmed|momentum_tailwind,,,v1.3.0,34839213,1,,late|none|pos,0.1,,0.914706,0,1,0.635638,0.624667,5,7,buying,0.6823,,10.5211,9.3127,4.4,46,fresh,0,0,0,0,True,False,False,missing,0.0,adequate,,,1.0,0,0,1.0,0,1.0,0,,,missing,1.21394,price_history,,5,0.834,price_history,,-0.009806,,61.3933,-0.292675,0.282869,late,small,NONE,commercial_pharma,pit_bundle,,,,0,0.5,,,,,0.7905,,15,0.1,0.041076,,,,
ALKS,Alkermes plc,151,,C,no_quality_data,,,C,0.032578,,,,,,,0,no_upcoming,,neutral,,L,sponsor_confirmed,,,v1.3.0,34839213,1,,late|none|pos,0.1,,0.914706,0,1,0.635638,0.624667,5,8,buying,0.6823,,11.0197,9.626,13.77,45,fresh,0,0,0,0,True,False,False,missing,0.0,adequate,,,1.0,0,0,1.0,0,1.0,0,,,missing,0.022406,price_history,,5,0.437,price_history,,-0.222466,,61.6239,-0.292675,0.070209,late,mid,NONE,commercial_pharma,pit_bundle,,,,0,0.5,,,,,0.7905,,12,0.1,0.032578,,,,
AMPH,"Amphastar Pharmaceuticals, Inc.",152,,C,no_quality_data,,,C,0.043909,,,,,,,0,no_upcoming,,neutral,,M,,,,v1.3.0,34839213,1,,late|none|pos,0.1,,0.914706,0,1,0.635638,0.624667,0,3,neutral,-1.1683,,1.1138,0.0,0.0,46,fresh,0,0,0,0,True,False,False,missing,0.0,adequate,,,1.0,0,0,1.0,0,1.0,0,,,missing,0.034104,price_history,,0,0.2048,price_history,,-0.302672,,54.7554,-0.292675,-0.009997,late,small,NONE,commercial_pharma,pit_bundle,,,,0,0.5,,,,,0.7905,,16,0.1,0.043909,,,,
AMGN,Amgen Inc.,153,,C,no_quality_data,,,C,0.038244,,,,,,67,1,specific_days,,tailwind,,L,sponsor_confirmed|momentum_tailwind,,,v1.3.0,34839213,1,,late|near_31_90|pos,0.1,,0.914706,0,1,0.635638,0.624667,2,6,buying,-0.428,,3.7927,2.0144,0.8,46,fresh,0,0,0,0,True,False,True,near,1.0,adequate,,,1.0,0,0,1.0,0,1.0,0,67,,specific_days,0.183847,price_history,,2,0.2388,price_history,,-0.01374,,64.6218,-0.292675,0.278935,late,large,NONE,commercial_pharma,pit_bundle,CTGOV,CLINICAL_CD,,0,0.5,,,,,0.7905,,14,0.1,0.038244,,,,
MDGL,"Madrigal Pharmaceuticals, Inc.",154,,C,no_quality_data,,,C,0.287535,,,,,,,0,no_upcoming,,neutral,,L,sponsor_confirmed,,,v1.3.0,34839213,1,,late|none|pos,0.1,,0.914706,0,1,0.408005,0.44694,4,6,selling,0.3122,,5.2052,4.4585,4.26,46,fresh,0,0,0,0,True,False,False,missing,0.0,adequate,,,1.0,0,0,1.0,0,1.0,0,,,missing,0.026645,price_history,,4,1.0314,price_history,,-0.311905,,52.8284,-0.292675,-0.01923,late,large,NONE,commercial_biotech,pit_bundle,,,,0,0.5,,,,,0.7905,,102,0.1,0.287535,,,,
ALVO,Alvotech,155,,C,no_quality_data,,,C,0.035411,,,,,,,0,no_upcoming,,neutral,drawdown_data_missing,M,,,,v1.3.0,34839213,1,,late|none|pos,0.1,,0.914706,0,1,0.635638,0.624667,1,2,buying,-0.7982,,1.3358,0.8692,0.31,46,fresh,0,0,0,0,True,False,False,missing,0.0,adequate,,,1.0,0,0,1.0,0,1.0,0,,,missing,,,series_too_short,1,,,series_too_short,,series_too_short,,,,late,small,NONE,commercial_pharma,pit_bundle,,,drawdown,1,0.5,,,,,0.7905,,13,0.1,0.035411,,,,
VTRS,Viatris Inc.,156,,C,no_quality_data,,,C,0.893768,,,,,,,0,no_upcoming,,tailwind,,L,momentum_tailwind,,,v1.3.0,34839213,1,,early|none|nonpos,0.06969944897959185,,,,,-2.0127,-2.041011,,0,neutral,0.0,,0.0,0.0,0.0,,,0,0,0,0,False,False,False,missing,0.0,adequate,,,1.0,0,0,1.0,0,1.0,0,,,missing,0.169714,price_history,,,0.5446,price_history,,-0.253757,,59.4409,-0.292675,0.038918,early,large,NONE,commercial_pharma,pit_bundle,,,sponsor,1,0.5,,,,,0.0,,316,0.06969944897959185,0.893768,,,,
VCYT,"Veracyte, Inc.",157,,C,no_quality_data,,,C,0.890935,,,,,,,0,no_upcoming,,tailwind,deep_drawdown,L,momentum_tailwind,,,v1.3.0,34839213,1,,early|none|nonpos,0.06969944897959185,,,,,-0.905356,-0.923957,,0,neutral,0.0,,0.0,0.0,0.0,,,0,0,0,0,False,False,False,missing,0.0,adequate,,,1.0,0,0,1.0,0,1.0,0,,,missing,0.440157,price_history,,,1.5435,price_history,,-0.383419,,63.5932,-0.292675,-0.090744,early,mid,NONE,platform_diagnostics,pit_bundle,,,sponsor,1,0.5,,,,,0.0,,315,0.06969944897959185,0.890935,,,,
HALO,"Halozyme Therapeutics, Inc.",158,,C,no_quality_data,,,C,0.213881,,,,,,,0,no_upcoming,,tailwind,overbought_rsi,L,momentum_tailwind,,,v1.3.0,34839213,1,,late|none|pos,0.1,,0.914706,0,1,0.408005,0.44694,1,4,buying,-0.7982,,2.8797,1.6726,1.16,46,fresh,0,0,0,0,True,False,False,missing,0.0,adequate,,,1.0,0,0,1.0,0,1.0,0,,,missing,0.472893,price_history,,1,0.4717,price_history,,0.0,,80.6748,-0.292675,0.292675,late,mid,NONE,commercial_biotech,pit_bundle,,,,0,0.5,,,,,0.7905,,76,0.1,0.213881,,,,
GMAB,Genmab A/S,159,,C,no_quality_data,,,C,0.208215,,,,,,,0,no_upcoming,,tailwind,overbought_rsi,L,momentum_tailwind,,,v1.3.0,34839213,1,,late|none|pos,0.1,,0.914706,0,1,0.408005,0.44694,0,1,selling,-1.1683,,0.2762,0.0,0.0,49,fresh,0,0,0,0,True,False,False,missing,0.0,adequate,,,1.0,0,0,1.0,0,1.0,0,,,missing,0.291093,price_history,,0,0.5683,price_history,,0.0,,75.8835,-0.292675,0.292675,late,large,NONE,commercial_biotech,pit_bundle,,,,0,0.5,,,,,0.7905,,74,0.1,0.208215,,,,
EXEL,"Exelixis, Inc.",160,,C,no_quality_data,,,C,0.18272,,,,,,,0,no_upcoming,,neutral,,L,sponsor_confirmed,,,v1.3.0,34839213,1,,late|none|pos,0.1,,0.914706,0,1,0.408005,0.44694,3,6,buying,-0.0579,,6.1883,4.7673,10.37,45,fresh,0,0,0,0,True,False,False,missing,0.0,adequate,,,1.0,0,0,1.0,0,1.0,0,,,missing,-0.030097,price_history,,3,0.4781,price_history,,-0.262522,,55.9953,-0.292675,0.030153,late,large,NONE,commercial_biotech,pit_bundle,,,,0,0.5,,,,,0.7905,,65,0.1,0.18272,,,,
ASND,Ascendis Pharma A/S,161,,C,no_quality_data,,,C,0.075071,,,,,,,0,no_upcoming,,tailwind,,L,sponsor_confirmed|momentum_tailwind,,,v1.3.0,34839213,1,,late|none|pos,0.1,,0.914706,0,1,0.408005,0.44694,8,10,selling,1.7927,,10.5543,9.9943,18.76,46,fresh,0,0,0,0,True,False,False,missing,0.0,adequate,,,1.0,0,0,1.0,0,1.0,0,,,missing,0.376459,price_history,,8,0.7208,price_history,,-0.157296,,57.4512,-0.292675,0.135379,late,large,NONE,commercial_biotech,pit_bundle,,,,0,0.5,,,,,0.7905,,27,0.1,0.075071,,,,
RPRX,Royalty Pharma plc,162,,C,no_quality_data,,,C,0.831445,,,,,,,0,no_upcoming,,neutral,,L,sponsor_confirmed,,,v1.3.0,34839213,1,,early|none|nonpos,0.06969944897959185,,,,,-3.04406,-2.794332,2,5,buying,-0.428,,6.2617,3.8889,4.92,46,fresh,0,0,0,0,True,False,False,missing,0.0,adequate,,,1.0,0,0,1.0,0,1.0,0,,,missing,0.044417,price_history,,2,0.3458,price_history,,-0.006585,,64.0522,-0.292675,0.28609,early,large,NONE,commercial_biotech,pit_bundle,,,,0,0.5,,,,,0.0,,294,0.06969944897959185,0.831445,,,,
APLS,"Apellis Pharmaceuticals, Inc.",163,,C,no_quality_data,,,C,0.058074,,,,,,,0,no_upcoming,,headwind,,M,sponsor_confirmed|momentum_headwind,,,v1.3.0,34839213,1,,late|none|pos,0.1,,0.914706,0,1,0.408005,0.44694,9,11,selling,2.1628,,16.0334,15.2867,13.96,46,fresh,0,0,0,0,True,False,False,missing,0.0,adequate,,,1.0,0,0,1.0,0,1.0,0,,,missing,-0.158961,price_history,,9,0.7019,price_history,,-0.272899,,46.5665,-0.292675,0.019776,late,mid,NONE,commercial_biotech,pit_bundle,,,,0,0.5,,,,,0.7905,,21,0.1,0.058074,,,,
RGEN,Repligen Corporation,164,,C,no_quality_data,,,C,0.825779,,,,,,,0,no_upcoming,,headwind,deep_drawdown,S,momentum_headwind,,,v1.3.0,34839213,1,,early|none|nonpos,0.06969944897959185,,,,,-0.905356,-0.827898,0,3,buying,-1.1683,,1.2083,0.0,0.0,46,fresh,0,0,0,0,True,False,False,missing,0.0,adequate,,,1.0,0,0,1.0,0,1.0,0,,,missing,-0.192163,price_history,,0,1.1664,price_history,,-0.353995,,48.2271,-0.292675,-0.06132,early,mid,NONE,platform_devices,pit_bundle,,,,0,0.5,,,,,0.0,,292,0.06969944897959185,0.825779,,,,
PCRX,"Pacira BioSciences, Inc.",165,,C,no_quality_data,,,C,0.803116,,,,,,,0,no_upcoming,,headwind,deep_drawdown,M,sponsor_confirmed|momentum_headwind,,,v1.3.0,34839213,1,,early|none|nonpos,0.06969944897959185,,-1.695257,,1,-1.510169,-1.53519,2,4,neutral,-0.428,,2.891,2.1481,1.73,46,fresh,0,0,0,0,True,False,False,missing,0.0,adequate,,,1.0,0,0,1.0,0,1.0,0,,,missing,-0.073677,price_history,,2,0.5467,price_history,,-0.408991,,42.1367,-0.292675,-0.116316,early,small,NONE,commercial_pharma,pit_bundle,,,,0,0.5,,,,,0.15,,284,0.06969944897959185,0.803116,,,,
PAHC,Phibro Animal Health Corporatio,166,,C,no_quality_data,,,C,0.800283,,,,,,,0,no_upcoming,,headwind,deep_drawdown,S,momentum_headwind,,,v1.3.0,34839213,1,,early|none|nonpos,0.06969944897959185,,,,,-2.0127,-2.041011,0,3,selling,-1.1683,,0.9283,0.0,0.0,46,fresh,0,0,0,0,True,False,False,missing,0.0,adequate,,,1.0,0,0,1.0,0,1.0,0,,,missing,-0.164893,price_history,,0,0.3816,price_history,,-0.419456,,36.0194,-0.292675,-0.126781,early,small,NONE,commercial_pharma,pit_bundle,,,,0,0.5,,,,,0.0,,283,0.06969944897959185,0.800283,,,,
PACB,Pacific Biosciences of Californ,167,,C,no_quality_data,,,C,0.79745,,,,,,,0,no_upcoming,,tailwind,high_beta|deep_drawdown,S,momentum_tailwind|runway_short|high_risk,,,v1.3.0,34839213,1,,early|none|nonpos,0.06969944897959185,,,,,-0.905356,-0.827898,1,5,selling,-0.7982,,1.9563,0.4667,0.14,46,fresh,0,0,0,0,True,False,False,missing,0.0,short,,,1.0,0,0,1.0,0,1.0,0,,,missing,0.899395,price_history,,1,2.222,price_history,,-0.530568,,61.5565,-0.292675,-0.237893,early,small,SEV2,platform_devices,pit_bundle,,,,0,0.5,,,,,0.0,,282,0.06969944897959185,0.79745,,,,
OPCH,"Option Care Health, Inc.",168,,C,no_quality_data,,,C,0.791785,,,,,,,0,no_upcoming,,headwind,,S,momentum_headwind,,,v1.3.0,34839213,1,,early|none|nonpos,0.06969944897959185,,,,,-0.905356,-1.076598,0,3,buying,-1.1683,,1.2133,0.0,0.0,46,fresh,0,0,0,0,True,False,False,missing,0.0,adequate,,,1.0,0,0,1.0,0,1.0,0,,,missing,-0.067385,price_history,,0,0.5719,price_history,,-0.143142,,50.0796,-0.292675,0.149533,early,mid,NONE,platform_services,pit_bundle,,,,0,0.5,,,,,0.0,,280,0.06969944897959185,0.791785,,,,
ACAD,ACADIA Pharmaceuticals Inc.,169,,C,no_quality_data,,,C,0.018414,,,,,,,0,no_upcoming,,headwind,deep_drawdown,M,sponsor_confirmed|momentum_headwind,,,v1.3.0,34839213,1,,late|none|pos,0.1,,0.914706,0,1,0.408005,0.44694,9,13,selling,2.1628,,15.5379,14.2375,3.35,46,fresh,0,0,0,0,True,False,False,missing,0.0,adequate,,,1.0,0,0,1.0,0,1.0,0,,,missing,-0.064357,price_history,,9,1.0795,price_history,,-0.433455,,51.6536,-0.292675,-0.14078,late,mid,NONE,commercial_biotech,pit_bundle,,,,0,0.5,,,,,0.7905,,7,0.1,0.018414,,,,
CAI,"Caris Life Sciences, Inc.",170,,C,no_quality_data,,,C,0.111898,,,,,,91,1,specific_days,,neutral,drawdown_data_missing,M,,,,v1.3.0,34839213,1,,late|near_91_180|pos,0.1,,0.914706,0,1,0.408005,0.44694,,0,neutral,0.0,,0.0,0.0,0.0,,,0,0,0,0,False,False,True,near,1.0,adequate,,,1.0,0,0,1.0,0,1.0,0,91,,specific_days,,,series_too_short,,,,series_too_short,,series_too_short,,,,late,mid,NONE,commercial_biotech,pit_bundle,CTGOV,CLINICAL_PCD,sponsor|drawdown,2,0.5,,,,,0.7905,,40,0.1,0.111898,,,,
BNTX,BioNTech SE,171,,C,no_quality_data,,,C,0.106232,,,,,,,0,no_upcoming,,tailwind,deep_drawdown,L,sponsor_confirmed|momentum_tailwind,,,v1.3.0,34839213,1,,late|none|pos,0.1,,0.914706,0,1,0.408005,0.44694,2,6,selling,-0.428,,2.6575,1.3545,0.9,46,fresh,0,0,0,0,True,False,False,missing,0.0,adequate,,,1.0,0,0,1.0,0,1.0,0,,,missing,0.191024,price_history,,2,0.5066,price_history,,-0.508132,,64.661,-0.292675,-0.215457,late,large,NONE,commercial_biotech,pit_bundle,,,,0,0.5,,,,,0.7905,,38,0.1,0.106232,,,,
MYGN,"Myriad Genetics, Inc.",172,,C,no_quality_data,,,C,0.766289,,,,,,,0,no_upcoming,,headwind,,S,momentum_headwind,,,v1.3.0,34839213,1,,early|none|nonpos,0.06969944897959185,,,,,-0.905356,-0.923957,0,4,selling,-1.1683,,1.1162,0.0,0.0,46,fresh,0,0,0,0,True,False,False,missing,0.0,adequate,,,1.0,0,0,1.0,0,1.0,0,,,missing,-0.080382,price_history,,0,1.0463,price_history,,-0.276687,,55.0741,-0.292675,0.015988,early,small,NONE,platform_diagnostics,pit_bundle,,,,0,0.5,,,,,0.0,,271,0.06969944897959185,0.766289,,,,
AXSM,"Axsome Therapeutics, Inc.",173,,C,no_quality_data,,,C,0.089235,,,,,,,0,no_upcoming,,tailwind,,L,sponsor_confirmed|momentum_tailwind,,,v1.3.0,34839213,1,,late|none|pos,0.1,,0.914706,0,1,0.408005,0.44694,3,6,buying,-0.0579,,5.8536,4.6403,4.49,46,fresh,0,0,0,0,True,False,False,missing,0.0,adequate,,,1.0,0,0,1.0,0,1.0,0,,,missing,0.176736,price_history,,3,0.4438,price_history,,-0.03278,,68.9026,-0.292675,0.259895,late,mid,NONE,commercial_biotech,pit_bundle,,,,0,0.5,,,,,0.7905,,32,0.1,0.089235,,,,
MEDP,"Medpace Holdings, Inc.",174,,C,no_quality_data,,,C,0.752125,,,,,,,0,no_upcoming,,tailwind,,L,momentum_tailwind,,,v1.3.0,34839213,1,,early|none|nonpos,0.06969944897959185,,-1.695257,,1,-0.484773,-0.49775,1,4,buying,-0.7982,,1.894,0.7778,0.03,46,fresh,0,0,0,0,True,False,False,missing,0.0,adequate,,,1.0,0,0,1.0,0,1.0,0,,,missing,0.417621,price_history,,1,1.0203,price_history,,-0.079026,,51.6888,-0.292675,0.213649,early,large,NONE,platform_diagnostics,pit_bundle,,,,0,0.5,,,,,0.15,,266,0.06969944897959185,0.752125,,,,
LFCR,"Lifecore Biomedical, Inc.",175,,C,no_quality_data,,,C,0.740793,,,,,,,0,no_upcoming,,headwind,,S,momentum_headwind,,,v1.3.0,34839213,1,,early|none|nonpos,0.06969944897959185,,,,,-2.0127,-2.041011,0,3,selling,-1.1683,,0.9283,0.0,0.0,46,fresh,0,0,0,0,True,False,False,missing,0.0,adequate,,,1.0,0,0,1.0,0,1.0,0,,,missing,-0.154716,price_history,,0,0.6038,price_history,,-0.286672,,45.0635,-0.292675,0.006003,early,small,NONE,commercial_pharma,pit_bundle,,,,0,0.5,,,,,0.0,,262,0.06969944897959185,0.740793,,,,
ILMN,"Illumina, Inc.",176,,C,no_quality_data,,,C,0.71813,,,,,,,0,no_upcoming,,tailwind,deep_drawdown,L,sponsor_confirmed|momentum_tailwind,,,v1.3.0,34839213,1,,early|none|nonpos,0.06969944897959185,,-1.695257,,1,-0.484773,-0.49775,2,5,selling,-0.428,,3.1754,2.1525,2.69,46,fresh,0,0,0,0,True,False,False,missing,0.0,adequate,,,1.0,0,0,1.0,0,1.0,0,,,missing,0.059407,price_history,,2,0.9083,price_history,,-0.485418,,48.347,-0.292675,-0.192743,early,large,NONE,platform_diagnostics,pit_bundle,,,,0,0.5,,,,,0.15,,254,0.06969944897959185,0.71813,,,,
HROW,"Harrow, Inc.",177,,C,no_quality_data,,,C,0.712465,,,,,,,0,no_upcoming,,tailwind,,L,momentum_tailwind,,,v1.3.0,34839213,1,,early|none|nonpos,0.06969944897959185,,-1.695257,,1,-1.510169,-1.53519,1,3,buying,-0.7982,,3.3226,2.4889,10.94,46,fresh,0,0,0,0,True,False,False,missing,0.0,adequate,,,1.0,0,0,1.0,0,1.0,0,,,missing,0.254249,price_history,,1,0.4052,price_history,,-0.130265,,51.63,-0.292675,0.16241,early,small,NONE,commercial_pharma,pit_bundle,,,,0,0.5,,,,,0.15,,252,0.06969944897959185,0.712465,,,,
GRAL,"GRAIL, Inc.",178,,C,no_quality_data,,,C,0.706799,,,,,,,0,no_upcoming,,neutral,drawdown_data_missing,S,runway_short,,,v1.3.0,34839213,1,,early|none|nonpos,0.06969944897959185,,-1.695257,,1,-0.484773,-0.49775,,0,neutral,0.0,,0.0,0.0,0.0,,,0,0,0,0,False,False,False,missing,0.0,short,,,1.0,0,0,1.0,0,1.0,0,,,missing,,,series_too_short,,,,series_too_short,,series_too_short,,,,early,mid,SEV2,platform_diagnostics,pit_bundle,,,sponsor|drawdown,2,0.5,,,,,0.15,,250,0.06969944897959185,0.706799,,,,
FTRE,Fortrea Holdings Inc.,179,,C,no_quality_data,,,C,0.695467,,,,,,,0,no_upcoming,,neutral,drawdown_data_missing,M,,,,v1.3.0,34839213,1,,early|none|nonpos,0.06969944897959185,,,,,-3.04406,-2.794332,,0,neutral,0.0,,0.0,0.0,0.0,,,0,0,0,0,False,False,False,missing,0.0,adequate,,,1.0,0,0,1.0,0,1.0,0,,,missing,,,series_too_short,,,,series_too_short,,series_too_short,,,,early,small,NONE,commercial_biotech,pit_bundle,,,sponsor|drawdown,2,0.5,,,,,0.0,,246,0.06969944897959185,0.695467,,,,
ETON,"Eton Pharmaceuticals, Inc.",180,,C,no_quality_data,,,C,0.684136,,,,,,,0,no_upcoming,,tailwind,deep_drawdown,L,momentum_tailwind,,,v1.3.0,34839213,1,,early|none|nonpos,0.06969944897959185,,,,,-2.0127,-2.041011,1,1,selling,-0.7982,,1.5917,1.5917,2.91,46,fresh,0,0,0,0,True,False,False,missing,0.0,adequate,,,1.0,0,0,1.0,0,1.0,0,,,missing,0.324428,price_history,,1,0.6348,price_history,,-0.356077,,62.1496,-0.292675,-0.063402,early,small,NONE,commercial_pharma,pit_bundle,,,,0,0.5,,,,,0.0,,242,0.06969944897959185,0.684136,,,,
BMEA,Healthcare,181,,C,no_quality_data,,,C,0.644476,,,,,,,0,no_upcoming,,headwind,deep_drawdown,S,sponsor_confirmed|momentum_headwind|runway_short,,,v1.3.0,34839213,1,,early|none|nonpos,0.06969944897959185,,-1.452549,777,1,-2.128915,-1.935069,5,8,buying,0.6823,,8.0198,6.626,2.87,46,fresh,0,0,0,0,True,False,False,missing,0.0,short,,,1.0,0,0,1.0,0,1.0,0,,,missing,-0.426829,price_history,,5,0.4741,price_history,,-0.471712,,31.8679,-0.292675,-0.179037,early,micro,SEV2,commercial_biotech,pit_bundle,,,,0,0.5,,,,,0.209562,,228,0.06969944897959185,0.644476,,,,
CTKB,"Cytek Biosciences, Inc.",182,,C,no_quality_data,,,C,0.667139,,,,,,,0,no_upcoming,,neutral,deep_drawdown,L,sponsor_confirmed,,,v1.3.0,34839213,1,,early|none|nonpos,0.06969944897959185,,,,,-0.905356,-0.827898,2,5,buying,-0.428,,4.4262,3.2191,3.83,46,fresh,0,0,0,0,True,False,False,missing,0.0,adequate,,,1.0,0,0,1.0,0,1.0,0,,,missing,0.006685,price_history,,2,0.9631,price_history,,-0.356144,,37.6066,-0.292675,-0.063469,early,small,NONE,platform_devices,pit_bundle,,,,0,0.5,,,,,0.0,,236,0.06969944897959185,0.667139,,,,
CSTL,"Castle Biosciences, Inc.",183,,C,no_quality_data,,,C,0.664306,,,,,,,0,no_upcoming,,headwind,deep_drawdown,S,momentum_headwind,,,v1.3.0,34839213,1,,early|none|nonpos,0.06969944897959185,,,,,-0.905356,-0.923957,1,3,neutral,-0.7982,,1.6388,0.8959,0.52,46,fresh,0,0,0,0,True,False,False,missing,0.0,adequate,,,1.0,0,0,1.0,0,1.0,0,,,missing,-0.151423,price_history,,1,1.6048,price_history,,-0.497871,,55.5638,-0.292675,-0.205196,early,small,NONE,platform_diagnostics,pit_bundle,,,,0,0.5,,,,,0.0,,235,0.06969944897959185,0.664306,,,,
BRKR,Bruker Corporation,184,,C,no_quality_data,,,C,0.647309,,,,,,,0,no_upcoming,,tailwind,,L,momentum_tailwind,,,v1.3.0,34839213,1,,early|none|nonpos,0.06969944897959185,,,,,-0.905356,-0.827898,0,3,selling,-1.1683,,1.0204,0.0,0.0,46,fresh,0,0,0,0,True,False,False,missing,0.0,adequate,,,1.0,0,0,1.0,0,1.0,0,,,missing,0.199535,price_history,,0,0.6802,price_history,,-0.204267,,57.709,-0.292675,0.088408,early,mid,NONE,platform_devices,pit_bundle,,,,0,0.5,,,,,0.0,,229,0.06969944897959185,0.647309,,,,
AVTR,"Avantor, Inc.",185,,C,no_quality_data,,,C,0.633144,,,,,,,0,no_upcoming,,headwind,deep_drawdown,S,momentum_headwind,,,v1.3.0,34839213,1,,early|none|nonpos,0.06969944897959185,,,,,-0.905356,-0.827898,1,6,buying,-0.7982,,4.8503,2.4889,4.75,46,fresh,0,0,0,0,True,False,False,missing,0.0,adequate,,,1.0,0,0,1.0,0,1.0,0,,,missing,-0.108603,price_history,,1,0.6949,price_history,,-0.471286,,61.3918,-0.292675,-0.178611,early,mid,NONE,platform_devices,pit_bundle,,,,0,0.5,,,,,0.0,,224,0.06969944897959185,0.633144,,,,
BIOA,"BioAge Labs, Inc.",186,,C,no_quality_data,,,C,0.097734,,,,,,122,1,specific_days,,neutral,drawdown_data_missing,M,,,,v1.3.0,34839213,1,,mid|near_91_180|pos,0.1,,0.444057,0,1,0.248689,0.235185,,0,neutral,0.0,,0.0,0.0,0.0,,,0,0,0,0,False,False,True,mid,0.7,adequate,,,1.0,0,0,1.0,0,1.0,0,122,,specific_days,,,series_too_short,,,,series_too_short,,series_too_short,,,,mid,small,NONE,commercial_pharma,pit_bundle,CTGOV,CLINICAL_PCD,sponsor|drawdown,2,0.5,,,,,0.675,,35,0.1,0.097734,,,,
HRMY,"Harmony Biosciences Holdings, I",187,,C,no_quality_data,,,C,0.216714,,,,,,,0,no_upcoming,,tailwind,,L,sponsor_confirmed|momentum_tailwind,,,v1.3.0,34839213,1,,late|none|nonpos,0.1,,-0.449362,282,1,-1.053827,-0.925629,5,7,buying,0.6823,,7.9039,6.9768,20.12,46,fresh,0,0,0,0,True,False,False,missing,0.0,adequate,,,1.0,0,0,1.0,0,1.0,0,,,missing,0.330428,price_history,,5,0.4322,price_history,,-0.002836,,63.3793,-0.292675,0.289839,late,mid,NONE,commercial_biotech,pit_bundle,,,,0,0.5,,,,,0.45575,,77,0.1,0.216714,,,,
EOLS,"Evolus, Inc. Common Stock",188,,C,no_quality_data,,,C,0.174221,,,,,,,0,no_upcoming,,headwind,deep_drawdown,XS,momentum_headwind|runway_short,,,v1.3.0,34839213,1,,late|none|nonpos,0.1,,-0.302874,173,1,-0.365407,-0.382932,1,5,buying,-0.7982,,2.9373,1.4502,0.87,46,fresh,0,0,0,0,True,False,False,missing,0.0,short,,,1.0,0,0,1.0,0,1.0,0,,,missing,-0.220876,price_history,,1,0.9033,price_history,,-0.480631,,39.3343,-0.292675,-0.187956,late,small,SEV2,commercial_pharma,pit_bundle,,,,0,0.5,,,,,0.491699,,62,0.1,0.174221,,,,
COLL,"Collegium Pharmaceutical, Inc.",189,,C,no_quality_data,,,C,0.143059,,,,,,,0,no_upcoming,,tailwind,,L,momentum_tailwind,,,v1.3.0,34839213,1,,late|none|nonpos,0.1,,-0.511504,,1,-0.536934,-0.555583,1,4,selling,-0.7982,,1.6857,0.5707,0.37,46,fresh,0,0,0,0,True,False,False,missing,0.0,adequate,,,1.0,0,0,1.0,0,1.0,0,,,missing,0.285456,price_history,,1,0.4998,price_history,,-0.028,,64.7821,-0.292675,0.264675,late,small,NONE,commercial_pharma,pit_bundle,,,,0,0.5,,,,,0.4405,,51,0.1,0.143059,,,,
ANIP,"ANI Pharmaceuticals, Inc.",190,,C,no_quality_data,,,C,0.049575,,,,,,,0,no_upcoming,,tailwind,,L,momentum_tailwind,,,v1.3.0,34839213,1,,late|none|nonpos,0.1,,-0.511504,1309,1,-0.536934,-0.555583,1,2,selling,-0.7982,,1.115,0.835,0.45,46,fresh,0,0,0,0,True,False,False,missing,0.0,adequate,,,1.0,0,0,1.0,0,1.0,0,,,missing,0.180364,price_history,,1,0.723,price_history,,-0.175835,,64.2202,-0.292675,0.11684,late,small,NONE,commercial_pharma,pit_bundle,,,,0,0.5,,,,,0.4405,,18,0.1,0.049575,,,,
NUVB,Nuvation Bio Inc.,,,D,ineligible,D,ineligible,,0.494334,,,0.199612,1,0.199612,763,1,specific_days,,headwind,deep_drawdown|deep_drawdown_rel_xbi,XS,ineligible,,,v1.3.0,34839213,0,deep_drawdown,late|far_271_540|pos,0.0961064745762712,,0.914706,0,1,1.119466,1.136003,12,15,selling,3.2731,,11.6893,10.4797,3.36,46,fresh,0,0,0,0,True,False,True,far,0.3,short,,,1.0,0,0,1.0,0,1.0,0,763,,specific_days,-0.329925,price_history,,12,0.873,price_history,,-0.809571,,44.0162,-0.292675,-0.516896,late,small,SEV2,drug_developer,pit_bundle,CTGOV,CLINICAL_PCD,,0,0.5,,,,,0.7905,,175,0.0961064745762712,0.494334,,,,
HRTX,"Heron Therapeutics, Inc.",,,D,ineligible,D,ineligible,,0.51983,,,0.133721,1,0.133721,1,1,specific_days,,headwind,deep_drawdown|deep_drawdown_rel_xbi,XS,ineligible,,,v1.3.0,34839213,0,deep_drawdown,late|near_0_30|pos,0.09254273684210526,,0.914706,0,1,1.119466,1.136003,3,6,selling,-0.0579,,3.2127,2.1861,1.57,46,fresh,0,0,0,0,True,False,True,near,1.0,adequate,,,1.0,0,0,1.0,0,1.0,0,1,,specific_days,-0.395398,price_history,,3,1.6153,price_history,,-0.735352,,34.2041,-0.292675,-0.442677,late,micro,NONE,drug_developer,pit_bundle,CTGOV,CLINICAL_CD,,0,0.5,,,,,0.7905,,184,0.09254273684210526,0.51983,,,,
DNA,"Ginkgo Bioworks Holdings, Inc.",,,D,ineligible,D,ineligible,,0.516997,,,0.106589,1,0.106589,1,1,specific_days,,headwind,high_beta|deep_drawdown|deep_drawdown_rel_xbi,XS,ineligible,,,v1.3.0,34839213,0,deep_drawdown,late|near_0_30|pos,0.09254273684210526,,0.914706,0,1,1.119466,1.136003,,0,neutral,0.0,,0.0,0.0,0.0,,,0,0,0,0,False,False,True,near,1.0,short,,,1.0,0,0,1.0,0,1.0,0,1,,specific_days,-0.23103,price_history,,,2.0248,price_history,,-0.825285,,38.4567,-0.292675,-0.53261,late,small,SEV2,drug_developer,pit_bundle,CTGOV,CLINICAL_CD,sponsor,1,0.5,,,,,0.7905,,183,0.09254273684210526,0.516997,,,,
BBIO,"BridgeBio Pharma, Inc.",,,D,ineligible,D,ineligible,,0.514164,,,0.040698,1,0.040698,1,1,specific_days,,headwind,high_beta|deep_drawdown|deep_drawdown_rel_xbi,XS,ineligible,,,v1.3.0,34839213,0,deep_drawdown,late|near_0_30|pos,0.09254273684210526,,0.914706,0,1,1.119466,1.136003,2,6,selling,-0.428,,3.195,1.5858,1.01,46,fresh,0,0,0,0,True,False,True,near,1.0,adequate,,,1.0,0,0,1.0,0,1.0,0,1,,specific_days,-0.103206,price_history,,2,2.0818,price_history,,-0.780305,,48.4974,-0.292675,-0.48763,late,large,NONE,drug_developer,pit_bundle,CTGOV,CLINICAL_PCD,,0,0.5,,,,,0.7905,,182,0.09254273684210526,0.514164,,,,
RIGL,"Rigel Pharmaceuticals, Inc.",,,D,ineligible,D,ineligible,,0.497167,,,0.238372,1,0.238372,488,1,specific_days,,headwind,deep_drawdown|deep_drawdown_rel_xbi,XS,ineligible,,,v1.3.0,34839213,0,deep_drawdown,late|far_271_540|pos,0.0961064745762712,,0.914706,0,1,1.119466,1.136003,,0,neutral,0.0,,0.0,0.0,0.0,,,0,0,0,0,False,False,True,far,0.3,adequate,,,1.0,0,0,1.0,0,1.0,0,488,,specific_days,-0.514552,price_history,,,0.7894,price_history,,-0.805797,,32.5687,-0.292675,-0.513122,late,small,NONE,drug_developer,pit_bundle,CTGOV,CLINICAL_PCD,sponsor,1,0.5,,,,,0.7905,,176,0.0961064745762712,0.497167,,,,
IBRX,"ImmunityBio, Inc.",,,D,ineligible,D,ineligible,,0.48017,,,0.141473,1,0.141473,517,1,specific_days,,tailwind,high_beta,XS,ineligible,,,v1.3.0,34839213,0,fundamental_red_flag|sev3,late|far_271_540|pos,0.0961064745762712,,0.914706,0,1,1.119466,1.136003,,0,neutral,0.0,,0.0,0.0,0.0,,,0,0,0,0,False,False,True,far,0.3,critical,,,1.0,0,0,1.0,0,1.0,0,517,,specific_days,0.233453,price_history,,,1.924,price_history,,-0.26826,,53.0444,-0.292675,0.024415,late,mid,SEV3,drug_developer,pit_bundle,CTGOV,CLINICAL_PCD,sponsor,1,0.5,,,,,0.7905,,170,0.0961064745762712,0.48017,,,,
ADCT,ADC Therapeutics SA,,,D,ineligible,D,ineligible,,0.46034,,,0.00969,1,0.00969,467,1,specific_days,,headwind,deep_drawdown|deep_drawdown_rel_xbi,XS,ineligible,,,v1.3.0,34839213,0,deep_drawdown,late|far_271_540|pos,0.0961064745762712,,0.914706,0,1,1.119466,1.136003,1,4,buying,-0.7982,,2.8032,1.4094,2.28,46,fresh,0,0,0,0,True,False,True,far,0.3,adequate,,,1.0,0,0,1.0,0,1.0,0,467,,specific_days,-0.419922,price_history,,1,0.9592,price_history,,-0.836753,,38.3635,-0.292675,-0.544078,late,small,NONE,drug_developer,pit_bundle,CTGOV,CLINICAL_PCD,,0,0.5,,,,,0.7905,,163,0.0961064745762712,0.46034,,,,
VIR,"Vir Biotechnology, Inc.",,,D,ineligible,D,ineligible,,0.434844,,,0.277132,1,0.277132,,0,no_upcoming,,tailwind,deep_drawdown,XS,ineligible,,,v1.3.0,34839213,0,fundamental_red_flag|sev3,late|none|pos,0.1,,0.914706,0,1,1.119466,1.136003,2,6,buying,-0.428,,3.0935,1.6064,0.44,46,fresh,0,0,0,0,True,False,False,missing,0.0,critical,,,1.0,0,0,1.0,0,1.0,0,,,missing,0.256758,price_history,,2,0.6782,price_history,,-0.477698,,67.8697,-0.292675,-0.185023,late,small,SEV3,drug_developer,pit_bundle,,,,0,0.5,,,,,0.7905,,154,0.1,0.434844,,,,
RARE,Ultragenyx Pharmaceutical Inc.,,,D,ineligible,D,ineligible,,0.36119,,,0.23062,1,0.23062,91,1,specific_days,,headwind,deep_drawdown|deep_drawdown_rel_xbi,XS,ineligible,,,v1.3.0,34839213,0,deep_drawdown,late|near_91_180|pos,0.1,,0.914706,0,1,1.119466,1.136003,6,8,selling,1.0524,,7.6791,6.9324,2.12,46,fresh,0,0,0,0,True,False,True,near,1.0,short,,,1.0,0,0,1.0,0,1.0,0,91,,specific_days,-0.255219,price_history,,6,0.9832,price_history,,-0.586843,,48.2015,-0.292675,-0.294168,late,mid,SEV2,drug_developer,pit_bundle,CTGOV,CLINICAL_CD,,0,0.5,,,,,0.7905,,128,0.1,0.36119,,,,
TENX,Healthcare,,,D,ineligible,D,ineligible,,0.412181,,,0.261628,1,0.261628,,0,no_upcoming,,headwind,high_vol|deep_drawdown|deep_drawdown_rel_xbi,XS,ineligible,,,v1.3.0,34839213,0,deep_drawdown,late|none|pos,0.1,,0.914706,0,1,1.119466,1.136003,,0,neutral,0.0,,0.0,0.0,0.0,,,0,0,0,0,False,False,False,missing,0.0,adequate,,,1.0,0,0,1.0,0,1.0,0,,,missing,-0.31699,price_history,,,0.776,price_history,,-0.879675,,55.2474,-0.292675,-0.587,late,micro,NONE,drug_developer,pit_bundle,,,sponsor,1,0.5,,,,,0.7905,,146,0.1,0.412181,,,,
SVRA,"Savara, Inc.",,,D,ineligible,D,ineligible,,0.398017,,,0.25,1,0.25,,0,no_upcoming,,tailwind,overbought_rsi,XS,ineligible,,,v1.3.0,34839213,0,fundamental_red_flag|sev3,late|none|pos,0.1,,0.914706,0,1,1.119466,1.136003,1,3,buying,-0.7982,,3.1661,2.239,2.07,46,fresh,0,0,0,0,True,False,False,missing,0.0,critical,,,1.0,0,0,1.0,0,1.0,0,,,missing,0.125728,price_history,,1,0.3911,price_history,,-0.159574,,70.3839,-0.292675,0.133101,late,small,SEV3,drug_developer,pit_bundle,,,,0,0.5,,,,,0.7905,,141,0.1,0.398017,,,,
SMMT,Summit Therapeutics Inc.,,,D,ineligible,D,ineligible,,0.383853,,,0.246124,1,0.246124,,0,no_upcoming,,headwind,deep_drawdown|deep_drawdown_rel_xbi,XS,ineligible,,,v1.3.0,34839213,0,deep_drawdown,late|none|pos,0.1,,0.914706,0,1,1.119466,1.136003,0,2,buying,-1.1683,,0.9271,0.0,0.0,46,fresh,0,0,0,0,True,False,False,missing,0.0,adequate,,,1.0,0,0,1.0,0,1.0,0,,,missing,-0.289292,price_history,,0,0.3572,price_history,,-0.847328,,30.3722,-0.292675,-0.554653,late,large,SEV1,drug_developer,pit_bundle,,,,0,0.5,,,,,0.7905,,136,0.1,0.383853,,,,
PTGX,"Protagonist Therapeutics, Inc.",,,D,ineligible,D,ineligible,,0.349858,,,0.222868,1,0.222868,,0,no_upcoming,,headwind,deep_drawdown|deep_drawdown_rel_xbi,XS,ineligible,,,v1.3.0,34839213,0,deep_drawdown,late|none|pos,0.1,,0.914706,0,1,1.119466,1.136003,4,6,selling,0.3122,,4.844,4.1036,2.1,46,fresh,0,0,0,0,True,False,False,missing,0.0,short,,,1.0,0,0,1.0,0,1.0,0,,,missing,-0.08548,price_history,,4,1.0085,price_history,,-0.780765,,48.6793,-0.292675,-0.48809,late,mid,SEV2,drug_developer,pit_bundle,,,,0,0.5,,,,,0.7905,,124,0.1,0.349858,,,,
PVLA,Healthcare,,,D,ineligible,D,ineligible,,0.352691,,,0.226744,1,0.226744,,0,no_upcoming,,headwind,deep_drawdown|deep_drawdown_rel_xbi,XS,ineligible,,,v1.3.0,34839213,0,deep_drawdown,late|none|pos,0.1,,0.914706,0,1,1.119466,1.136003,,0,neutral,0.0,,0.0,0.0,0.0,,,0,0,0,0,False,False,False,missing,0.0,adequate,,,1.0,0,0,1.0,0,1.0,0,,,missing,-0.307203,price_history,,,0.5155,price_history,,-0.752284,,43.5265,-0.292675,-0.459609,late,small,NONE,drug_developer,pit_bundle,,,sponsor,1,0.5,,,,,0.7905,,125,0.1,0.352691,,,,
OMER,Omeros Corporation,,,D,ineligible,D,ineligible,,0.324363,,,0.207364,1,0.207364,,0,no_upcoming,,headwind,deep_drawdown|deep_drawdown_rel_xbi,XS,ineligible,,,v1.3.0,34839213,0,fundamental_red_flag|sev3|deep_drawdown,late|none|pos,0.1,,0.914706,0,1,1.119466,1.136003,0,4,neutral,-1.1683,,1.4896,0.0,0.0,46,fresh,0,0,0,0,True,False,False,missing,0.0,critical,,,1.0,0,0,1.0,0,1.0,0,,,missing,-0.565537,price_history,,0,0.7787,price_history,,-0.737101,,33.3688,-0.292675,-0.444426,late,small,SEV3,drug_developer,pit_bundle,,,,0,0.5,,,,,0.7905,,115,0.1,0.324363,,,,
OCUL,"Ocular Therapeutix, Inc.",,,D,ineligible,D,ineligible,,0.32153,,,0.203488,1,0.203488,,0,no_upcoming,,headwind,deep_drawdown|deep_drawdown_rel_xbi,XS,ineligible,,,v1.3.0,34839213,0,deep_drawdown,late|none|pos,0.1,,0.914706,0,1,1.119466,1.136003,2,6,selling,-0.428,,4.0407,2.6444,10.83,46,fresh,0,0,0,0,True,False,False,missing,0.0,adequate,,,1.0,0,0,1.0,0,1.0,0,,,missing,-0.47211,price_history,,2,0.7525,price_history,,-0.595918,,38.3103,-0.292675,-0.303243,late,mid,NONE,drug_developer,pit_bundle,,,,0,0.5,,,,,0.7905,,114,0.1,0.32153,,,,
KALV,"KalVista Pharmaceuticals, Inc.",,,D,ineligible,D,ineligible,,0.26204,,,0.160853,1,0.160853,,0,no_upcoming,,headwind,high_vol|deep_drawdown|deep_drawdown_rel_xbi,XS,ineligible,,,v1.3.0,34839213,0,deep_drawdown,late|none|pos,0.1,,0.914706,0,1,1.119466,1.136003,5,8,buying,0.6823,,9.4705,8.0767,3.61,46,fresh,0,0,0,0,True,False,False,missing,0.0,adequate,,,1.0,0,0,1.0,0,1.0,0,,,missing,-0.651512,price_history,,5,-0.0106,price_history,,-0.682381,,44.9092,-0.292675,-0.389706,late,small,NONE,drug_developer,pit_bundle,,,,0,0.5,,,,,0.7905,,93,0.1,0.26204,,,,
INSM,Insmed Incorporated,,,D,ineligible,D,ineligible,,0.239377,,,0.149225,1,0.149225,,0,no_upcoming,,headwind,deep_drawdown,XS,ineligible,,,v1.3.0,34839213,0,fundamental_red_flag|sev3,late|none|pos,0.1,,0.914706,0,1,1.119466,1.136003,6,9,selling,1.0524,,8.388,7.3613,10.04,46,fresh,0,0,0,0,True,False,False,missing,0.0,critical,,,1.0,0,0,1.0,0,1.0,0,,,missing,-0.25453,price_history,,6,0.9244,price_history,,-0.351,,46.3538,-0.292675,-0.058325,late,large,SEV3,drug_developer,pit_bundle,,,,0,0.5,,,,,0.7905,,85,0.1,0.239377,,,,
KOD,Kodiak Sciences Inc,,,D,ineligible,D,ineligible,,0.270538,,,0.164729,1,0.164729,,0,no_upcoming,,headwind,deep_drawdown|deep_drawdown_rel_xbi,XS,ineligible,,,v1.3.0,34839213,0,deep_drawdown,late|none|pos,0.1,,0.914706,0,1,1.119466,1.136003,2,6,buying,-0.428,,4.4136,2.9265,1.4,45,fresh,0,0,0,0,True,False,False,missing,0.0,short,,,1.0,0,0,1.0,0,1.0,0,,,missing,-0.24652,price_history,,2,1.1283,price_history,,-0.922242,,50.0724,-0.292675,-0.629567,late,small,SEV2,drug_developer,pit_bundle,,,,0,0.5,,,,,0.7905,,96,0.1,0.270538,,,,
FULC,"Fulcrum Therapeutics, Inc.",,,D,ineligible,D,ineligible,,0.194051,,,0.122093,1,0.122093,,0,no_upcoming,,headwind,deep_drawdown|deep_drawdown_rel_xbi,XS,ineligible,,,v1.3.0,34839213,0,deep_drawdown,late|none|pos,0.1,,0.914706,0,1,1.119466,1.136003,7,11,selling,1.4226,,6.2674,4.7803,1.75,46,fresh,0,0,0,0,True,False,False,missing,0.0,adequate,,,1.0,0,0,1.0,0,1.0,0,,,missing,-0.101513,price_history,,7,0.6605,price_history,,-0.714583,,52.4147,-0.292675,-0.421908,late,small,SEV1,drug_developer,pit_bundle,,,,0,0.5,,,,,0.7905,,69,0.1,0.194051,,,,
CRNX,"Crinetics Pharmaceuticals, Inc.",,,D,ineligible,D,ineligible,,0.148725,,,0.091085,1,0.091085,,0,no_upcoming,,headwind,deep_drawdown,XS,ineligible,,,v1.3.0,34839213,0,fundamental_red_flag|sev3,late|none|pos,0.1,,0.914706,0,1,1.119466,1.136003,8,11,neutral,1.7927,,12.7068,11.313,5.64,46,fresh,0,0,0,0,True,False,False,missing,0.0,critical,,,1.0,0,0,1.0,0,1.0,0,,,missing,-0.133472,price_history,,8,0.9782,price_history,,-0.370996,,48.9917,-0.292675,-0.078321,late,mid,SEV3,drug_developer,pit_bundle,,,,0,0.5,,,,,0.7905,,53,0.1,0.148725,,,,
CLDX,"Celldex Therapeutics, Inc.",,,D,ineligible,D,ineligible,,0.128895,,,0.075581,1,0.075581,,0,no_upcoming,,tailwind,,XS,ineligible,,,v1.3.0,34839213,0,fundamental_red_flag|sev3,late|none|pos,0.1,,0.914706,0,1,1.119466,1.136003,12,15,neutral,3.2731,,15.2104,13.9695,5.62,46,fresh,0,0,0,0,True,False,False,missing,0.0,critical,,,1.0,0,0,1.0,0,1.0,0,,,missing,0.265448,price_history,,12,1.1204,price_history,,-0.116905,,61.0253,-0.292675,0.17577,late,small,SEV3,drug_developer,pit_bundle,,,,0,0.5,,,,,0.7905,,46,0.1,0.128895,,,,
EYPT,"EyePoint, Inc.",,,D,ineligible,D,ineligible,,0.185552,,,0.114341,1,0.114341,,0,no_upcoming,,headwind,deep_drawdown|deep_drawdown_rel_xbi,XS,ineligible,,,v1.3.0,34839213,0,fundamental_red_flag|sev3|deep_drawdown,late|none|pos,0.1,,0.914706,0,1,1.119466,1.136003,5,7,selling,0.6823,,5.2022,4.4555,1.33,46,fresh,0,0,0,0,True,False,False,missing,0.0,critical,,,1.0,0,0,1.0,0,1.0,0,,,missing,-0.665622,price_history,,5,0.5886,price_history,,-0.794872,,15.6074,-0.292675,-0.502197,late,small,SEV3,drug_developer,pit_bundle,,,,0,0.5,,,,,0.7905,,66,0.1,0.185552,,,,
HUMA,"Humacyte, Inc.",,,D,ineligible,D,ineligible,,0.219547,,,0.137597,1,0.137597,,0,no_upcoming,,headwind,deep_drawdown|deep_drawdown_rel_xbi,XS,ineligible,,,v1.3.0,34839213,0,fundamental_red_flag|sev3|deep_drawdown,late|none|pos,0.1,,0.914706,0,1,1.119466,1.136003,0,3,selling,-1.1683,,0.9296,0.0,0.0,46,fresh,0,0,0,0,True,False,False,missing,0.0,critical,,,1.0,0,0,1.0,0,1.0,0,,,missing,-0.241238,price_history,,0,0.8975,price_history,,-0.717902,,46.0492,-0.292675,-0.425227,late,micro,SEV3,drug_developer,pit_bundle,,,,0,0.5,,,,,0.7905,,78,0.1,0.219547,,,,
CNTA,Centessa Pharmaceuticals plc,,,D,ineligible,D,ineligible,,0.134561,,,0.079457,1,0.079457,,0,no_upcoming,,headwind,deep_drawdown|deep_drawdown_rel_xbi,XS,ineligible,,,v1.3.0,34839213,0,fundamental_red_flag|sev3|deep_drawdown,late|none|pos,0.1,,0.914706,0,1,1.119466,1.136003,6,6,selling,1.0524,,4.4239,4.4239,2.2,46,fresh,0,0,0,0,True,False,False,missing,0.0,critical,,,1.0,0,0,1.0,0,1.0,0,,,missing,-0.165878,price_history,,6,0.3482,price_history,,-0.694656,,56.5873,-0.292675,-0.401981,late,mid,SEV3,drug_developer,pit_bundle,,,,0,0.5,,,,,0.7905,,48,0.1,0.134561,,,,
DNLI,Denali Therapeutics Inc.,,,D,ineligible,D,ineligible,,0.16289,,,0.110465,1,0.110465,,0,no_upcoming,,tailwind,,XS,ineligible,,,v1.3.0,34839213,0,fundamental_red_flag|sev3,late|none|pos,0.1,,0.914706,0,1,1.119466,1.136003,3,6,buying,-0.0579,,5.5975,4.2038,3.73,46,fresh,0,0,0,0,True,False,False,missing,0.0,critical,,,1.0,0,0,1.0,0,1.0,0,,,missing,0.129395,price_history,,3,1.6076,price_history,,-0.327503,,57.375,-0.292675,-0.034828,late,mid,SEV3,drug_developer,pit_bundle,,,,0,0.5,,,,,0.7905,,58,0.1,0.16289,,,,
CVAC,CureVac N.V.,,,D,ineligible,D,ineligible,,0.157224,,,0.098837,1,0.098837,63,1,specific_days,,headwind,deep_drawdown|deep_drawdown_rel_xbi,XS,ineligible,,,v1.3.0,34839213,0,deep_drawdown,late|near_31_90|pos,0.1,,0.914706,0,1,1.119466,1.136003,0,2,neutral,-1.1683,,0.7467,0.0,0.0,46,fresh,0,0,0,0,True,False,True,near,1.0,adequate,,,1.0,0,0,1.0,0,1.0,0,63,,specific_days,-0.256223,price_history,,0,0.7201,price_history,,-0.838889,,43.5295,-0.292675,-0.546214,late,small,NONE,drug_developer,pit_bundle,CTGOV,CLINICAL_CD,,0,0.5,,,,,0.7905,,56,0.1,0.157224,,,,
CRVS,"Corvus Pharmaceuticals, Inc.",,,D,ineligible,D,ineligible,,0.154391,,,0.094961,1,0.094961,,0,no_upcoming,,neutral,deep_drawdown|deep_drawdown_rel_xbi,XS,ineligible,,,v1.3.0,34839213,0,fundamental_red_flag|sev3|deep_drawdown,late|none|pos,0.1,,0.914706,0,1,1.119466,1.136003,2,4,selling,-0.428,,1.6803,1.124,0.5,46,fresh,0,0,0,0,True,False,False,missing,0.0,critical,,,1.0,0,0,1.0,0,1.0,0,,,missing,0.003004,price_history,,2,0.7553,price_history,,-0.720958,,56.88,-0.292675,-0.428283,late,small,SEV3,drug_developer,pit_bundle,,,,0,0.5,,,,,0.7905,,55,0.1,0.154391,,,,
CHRS,"Coherus Oncology, Inc.",,,D,ineligible,D,ineligible,,0.126062,,,0.071705,1,0.071705,,0,no_upcoming,,headwind,deep_drawdown|deep_drawdown_rel_xbi,XS,ineligible,,,v1.3.0,34839213,0,deep_drawdown,late|none|pos,0.1,,0.914706,0,1,1.119466,1.136003,2,6,selling,-0.428,,3.092,1.6958,0.83,46,fresh,0,0,0,0,True,False,False,missing,0.0,short,,,1.0,0,0,1.0,0,1.0,0,,,missing,-0.354478,price_history,,2,1.3223,price_history,,-0.62183,,39.3824,-0.292675,-0.329155,late,micro,SEV2,drug_developer,pit_bundle,,,,0,0.5,,,,,0.7905,,45,0.1,0.126062,,,,
CGON,"CG Oncology, Inc.",,,D,ineligible,D,ineligible,,0.123229,,,0.067829,1,0.067829,,0,no_upcoming,,neutral,drawdown_data_missing,XS,ineligible,,,v1.3.0,34839213,0,fundamental_red_flag|sev3,late|none|pos,0.1,,0.914706,0,1,1.119466,1.136003,,0,neutral,0.0,,0.0,0.0,0.0,,,0,0,0,0,False,False,False,missing,0.0,critical,,,1.0,0,0,1.0,0,1.0,0,,,missing,,,series_too_short,,,,series_too_short,,series_too_short,,,,late,mid,SEV3,drug_developer,pit_bundle,,,sponsor|drawdown,2,0.5,,,,,0.7905,,44,0.1,0.123229,,,,
CDTX,"Cidara Therapeutics, Inc.",,,D,ineligible,D,ineligible,,0.114731,,,0.060078,1,0.060078,,0,no_upcoming,,headwind,deep_drawdown|deep_drawdown_rel_xbi,XS,ineligible,,,v1.3.0,34839213,0,deep_drawdown,late|none|pos,0.1,,0.914706,0,1,1.119466,1.136003,,0,neutral,0.0,,0.0,0.0,0.0,,,0,0,0,0,False,False,False,missing,0.0,adequate,,,1.0,0,0,1.0,0,1.0,0,,,missing,-0.063777,price_history,,,0.2463,price_history,,-0.616707,,51.741,-0.292675,-0.324032,late,mid,NONE,drug_developer,pit_bundle,,,sponsor,1,0.5,,,,,0.7905,,41,0.1,0.114731,,,,
CADL,"Candel Therapeutics, Inc.",,,D,ineligible,D,ineligible,,0.109065,,,0.056202,1,0.056202,,0,no_upcoming,,headwind,deep_drawdown|deep_drawdown_rel_xbi,XS,ineligible,,,v1.3.0,34839213,0,deep_drawdown,late|none|pos,0.1,,0.914706,0,1,1.119466,1.136003,,0,neutral,0.0,,0.0,0.0,0.0,,,0,0,0,0,False,False,False,missing,0.0,adequate,,,1.0,0,0,1.0,0,1.0,0,,,missing,-0.503402,price_history,,,0.8646,price_history,,-0.824649,,43.9076,-0.292675,-0.531974,late,small,NONE,drug_developer,pit_bundle,,,sponsor,1,0.5,,,,,0.7905,,39,0.1,0.109065,,,,
BHVN,Biohaven Ltd.,,,D,ineligible,D,ineligible,,0.094901,,,0.044574,1,0.044574,,0,no_upcoming,,neutral,drawdown_data_missing,XS,ineligible,,,v1.3.0,34839213,0,fundamental_red_flag|sev3,late|none|pos,0.1,,0.914706,0,1,1.119466,1.136003,,0,neutral,0.0,,0.0,0.0,0.0,,,0,0,0,0,False,False,False,missing,0.0,critical,,,1.0,0,0,1.0,0,1.0,0,,,missing,,,series_too_short,,,,series_too_short,,series_too_short,,,,late,small,SEV3,drug_developer,pit_bundle,,,sponsor|drawdown,2,0.5,,,,,0.7905,,34,0.1,0.094901,,,,
AVXL,Anavex Life Sciences Corp.,,,D,ineligible,D,ineligible,,0.086402,,,0.036822,1,0.036822,,0,no_upcoming,,headwind,deep_drawdown|deep_drawdown_rel_xbi,XS,ineligible,,,v1.3.0,34839213,0,deep_drawdown,late|none|pos,0.1,,0.914706,0,1,1.119466,1.136003,0,3,buying,-1.1683,,1.3004,0.0,0.0,46,fresh,0,0,0,0,True,False,False,missing,0.0,adequate,,,1.0,0,0,1.0,0,1.0,0,,,missing,-0.062163,price_history,,0,1.6211,price_history,,-0.558116,,31.4764,-0.292675,-0.265441,late,small,NONE,drug_developer,pit_bundle,,,,0,0.5,,,,,0.7905,,31,0.1,0.086402,,,,
AUPH,Aurinia Pharmaceuticals Inc,,,D,ineligible,D,ineligible,,0.077904,,,0.02907,1,0.02907,,0,no_upcoming,,headwind,deep_drawdown|deep_drawdown_rel_xbi,XS,ineligible,,,v1.3.0,34839213,0,deep_drawdown,late|none|pos,0.1,,0.914706,0,1,1.119466,1.136003,1,5,selling,-0.7982,,1.7696,0.4667,0.24,46,fresh,0,0,0,0,True,False,False,missing,0.0,adequate,,,1.0,0,0,1.0,0,1.0,0,,,missing,-0.269865,price_history,,1,0.6307,price_history,,-0.785445,,40.7377,-0.292675,-0.49277,late,small,NONE,drug_developer,pit_bundle,,,,0,0.5,,,,,0.7905,,28,0.1,0.077904,,,,
ANNX,"Annexon, Inc.",,,D,ineligible,D,ineligible,,0.052408,,,0.017442,1,0.017442,,0,no_upcoming,,headwind,deep_drawdown|deep_drawdown_rel_xbi,XS,ineligible,,,v1.3.0,34839213,0,deep_drawdown,late|none|pos,0.1,,0.914706,0,1,1.119466,1.136003,3,6,buying,-0.0579,,4.7676,3.7447,1.43,46,fresh,0,0,0,0,True,False,False,missing,0.0,short,,,1.0,0,0,1.0,0,1.0,0,,,missing,-0.063844,price_history,,3,0.4721,price_history,,-0.677343,,46.738,-0.292675,-0.384668,late,small,SEV2,drug_developer,pit_bundle,,,,0,0.5,,,,,0.7905,,19,0.1,0.052408,,,,
AGIO,"Agios Pharmaceuticals, Inc.",,,D,ineligible,D,ineligible,,0.026912,,,0.013566,1,0.013566,,0,no_upcoming,,headwind,,XS,ineligible,,,v1.3.0,34839213,0,fundamental_red_flag|sev3,late|none|pos,0.1,,0.914706,0,1,1.119466,1.136003,3,6,buying,-0.0579,,5.9852,4.5914,1.96,46,fresh,0,0,0,0,True,False,False,missing,0.0,critical,,,1.0,0,0,1.0,0,1.0,0,,,missing,-0.068323,price_history,,3,1.0277,price_history,,-0.158806,,59.5627,-0.292675,0.133869,late,small,SEV3,drug_developer,pit_bundle,,,,0,0.5,,,,,0.7905,,10,0.1,0.026912,,,,
ABEO,Healthcare,,,D,ineligible,D,ineligible,,0.007082,,,0.001938,1,0.001938,,0,no_upcoming,,neutral,deep_drawdown|deep_drawdown_rel_xbi,XS,ineligible,,,v1.3.0,34839213,0,deep_drawdown,late|none|pos,0.1,,0.914706,0,1,1.119466,1.136003,,0,neutral,0.0,,0.0,0.0,0.0,,,0,0,0,0,False,False,False,missing,0.0,adequate,,,1.0,0,0,1.0,0,1.0,0,,,missing,-0.002059,price_history,,,0.3604,price_history,,-0.768615,,43.5366,-0.292675,-0.47594,late,micro,SEV1,drug_developer,pit_bundle,,,sponsor,1,0.5,,,,,0.7905,,3,0.1,0.007082,,,,
SNDX,"Syndax Pharmaceuticals, Inc.",,,D,ineligible,D,ineligible,,0.59915,,,0.412791,1,0.412791,,0,no_upcoming,,neutral,,XS,ineligible,,,v1.3.0,34839213,0,fundamental_red_flag|sev3,mid|none|pos,0.08701244092219021,,0.444057,0,1,0.702085,0.717408,8,9,buying,1.7927,,12.8821,12.6021,2.41,46,fresh,0,0,0,0,True,False,False,missing,0.0,critical,,,1.0,0,0,1.0,0,1.0,0,,,missing,0.027699,price_history,,8,0.6306,price_history,,-0.08689,,59.9867,-0.292675,0.205785,mid,small,SEV3,drug_developer,pit_bundle,,,,0,0.5,,,,,0.675,,212,0.08701244092219021,0.59915,,,,
RCKT,"Rocket Pharmaceuticals, Inc.",,,D,ineligible,D,ineligible,,0.584986,,,0.389535,1,0.389535,,0,no_upcoming,,tailwind,,XS,ineligible,,,v1.3.0,34839213,0,fundamental_red_flag|sev3,mid|none|pos,0.08701244092219021,,0.444057,0,1,0.702085,0.717408,7,10,selling,1.4226,,8.8245,7.6174,5.62,46,fresh,0,0,0,0,True,False,False,missing,0.0,critical,,,1.0,0,0,1.0,0,1.0,0,,,missing,0.242065,price_history,,7,1.6337,price_history,,-0.2564,,55.3714,-0.292675,0.036275,mid,small,SEV3,drug_developer,pit_bundle,,,,0,0.5,,,,,0.675,,207,0.08701244092219021,0.584986,,,,
FATE,"Fate Therapeutics, Inc.",,,D,ineligible,D,ineligible,,0.55949,,,0.335271,1,0.335271,,0,no_upcoming,,headwind,deep_drawdown|deep_drawdown_rel_xbi,XS,ineligible,,,v1.3.0,34839213,0,fundamental_red_flag|sev3|deep_drawdown,mid|none|pos,0.08701244092219021,,0.444057,0,1,0.702085,0.717408,7,8,selling,1.4226,,9.9218,9.4552,12.26,46,fresh,0,0,0,0,True,False,False,missing,0.0,critical,,,1.0,0,0,1.0,0,1.0,0,,,missing,-0.2211,price_history,,7,1.5706,price_history,,-0.676407,,51.6806,-0.292675,-0.383732,mid,micro,SEV3,drug_developer,pit_bundle,,,,0,0.5,,,,,0.675,,198,0.08701244092219021,0.55949,,,,
EWTX,"Edgewise Therapeutics, Inc.",,,D,ineligible,D,ineligible,,0.556657,,,0.331395,1,0.331395,,0,no_upcoming,,headwind,deep_drawdown|deep_drawdown_rel_xbi,XS,ineligible,,,v1.3.0,34839213,0,fundamental_red_flag|sev3|deep_drawdown,mid|none|pos,0.08701244092219021,,0.444057,0,1,0.702085,0.717408,7,10,selling,1.4226,,8.2792,7.1654,2.32,46,fresh,0,0,0,0,True,False,False,missing,0.0,critical,,,1.0,0,0,1.0,0,1.0,0,,,missing,-0.18391,price_history,,7,1.3237,price_history,,-0.568467,,39.1711,-0.292675,-0.275792,mid,mid,SEV3,drug_developer,pit_bundle,,,,0,0.5,,,,,0.675,,197,0.08701244092219021,0.556657,,,,
CTMX,"CytomX Therapeutics, Inc.",,,D,ineligible,D,ineligible,,0.610482,,,0.315891,1,0.315891,1,1,specific_days,,tailwind,deep_drawdown|deep_drawdown_rel_xbi,XS,ineligible,,,v1.3.0,34839213,0,deep_drawdown,mid|near_0_30|pos,0.07679787341772153,,0.444057,0,1,0.702085,0.717408,3,7,neutral,-0.0579,,3.3556,1.7751,0.29,46,fresh,0,0,0,0,True,False,True,near,1.0,short,,,1.0,0,0,1.0,0,1.0,0,1,,specific_days,0.064855,price_history,,3,0.5669,price_history,,-0.747826,,63.0079,-0.292675,-0.455151,mid,small,SEV2,drug_developer,pit_bundle,CTGOV,CLINICAL_CD,,0,0.5,,,,,0.675,,216,0.07679787341772153,0.610482,,,,
XNCR,"Xencor, Inc.",,,D,ineligible,D,ineligible,,0.607649,,,0.432171,1,0.432171,,0,no_upcoming,,tailwind,,XS,ineligible,,,v1.3.0,34839213,0,fundamental_red_flag|sev3,mid|none|pos,0.08701244092219021,,0.444057,0,1,0.702085,0.717408,2,5,selling,-0.428,,4.1655,3.0493,4.99,46,fresh,0,0,0,0,True,False,False,missing,0.0,critical,,,1.0,0,0,1.0,0,1.0,0,,,missing,0.172069,price_history,,2,0.7501,price_history,,-0.286092,,57.6488,-0.292675,0.006583,mid,small,SEV3,drug_developer,pit_bundle,,,,0,0.5,,,,,0.675,,215,0.08701244092219021,0.607649,,,,
TRVI,"Trevi Therapeutics, Inc.",,,D,ineligible,D,ineligible,,0.604816,,,0.420543,1,0.420543,,0,no_upcoming,,headwind,deep_drawdown|deep_drawdown_rel_xbi,XS,ineligible,,,v1.3.0,34839213,0,deep_drawdown,mid|none|pos,0.08701244092219021,,0.444057,0,1,0.702085,0.717408,1,3,buying,-0.7982,,1.6115,0.7778,0.05,46,fresh,0,0,0,0,True,False,False,missing,0.0,adequate,,,1.0,0,0,1.0,0,1.0,0,,,missing,-0.418714,price_history,,1,0.3535,price_history,,-0.560748,,43.0289,-0.292675,-0.268073,mid,small,NONE,drug_developer,pit_bundle,,,,0,0.5,,,,,0.675,,214,0.08701244092219021,0.604816,,,,
SPRY,"ARS Pharmaceuticals, Inc.",,,D,ineligible,D,ineligible,,0.601983,,,0.416667,1,0.416667,,0,no_upcoming,,tailwind,,XS,ineligible,,,v1.3.0,34839213,0,fundamental_red_flag|sev3,mid|none|pos,0.08701244092219021,,0.444057,0,1,0.702085,0.717408,2,5,buying,-0.428,,3.1675,2.0525,0.67,46,fresh,0,0,0,0,True,False,False,missing,0.0,critical,,,1.0,0,0,1.0,0,1.0,0,,,missing,0.2061,price_history,,2,0.4819,price_history,,-0.138504,,54.4555,-0.292675,0.154171,mid,small,SEV3,drug_developer,pit_bundle,,,,0,0.5,,,,,0.675,,213,0.08701244092219021,0.601983,,,,
GOSS,"Gossamer Bio, Inc.",,,D,ineligible,D,ineligible,,0.562323,,,0.339147,1,0.339147,,0,no_upcoming,,headwind,deep_drawdown,XS,ineligible,,,v1.3.0,34839213,0,fundamental_red_flag|sev3,mid|none|pos,0.08701244092219021,,0.444057,0,1,0.702085,0.717408,5,8,buying,0.6823,,8.3622,7.3393,5.34,46,fresh,0,0,0,0,True,False,False,missing,0.0,critical,,,1.0,0,0,1.0,0,1.0,0,,,missing,-0.385743,price_history,,5,0.4584,price_history,,-0.424731,,28.2419,-0.292675,-0.132056,mid,small,SEV3,drug_developer,pit_bundle,,,,0,0.5,,,,,0.675,,199,0.08701244092219021,0.562323,,,,
SGMO,"Sangamo Therapeutics, Inc.",,,D,ineligible,D,ineligible,,0.596317,,,0.401163,1,0.401163,,0,no_upcoming,,headwind,deep_drawdown|deep_drawdown_rel_xbi,XS,ineligible,,,v1.3.0,34839213,0,fundamental_red_flag|sev3|deep_drawdown,mid|none|pos,0.08701244092219021,,0.444057,0,1,0.702085,0.717408,1,5,buying,-0.7982,,2.5941,0.9203,0.35,46,fresh,0,0,0,0,True,False,False,missing,0.0,critical,,,1.0,0,0,1.0,0,1.0,0,,,missing,-0.353152,price_history,,1,1.421,price_history,,-0.580275,,41.5614,-0.292675,-0.2876,mid,micro,SEV3,drug_developer,pit_bundle,,,,0,0.5,,,,,0.675,,211,0.08701244092219021,0.596317,,,,
SABS,Healthcare,,,D,ineligible,D,ineligible,,0.593484,,,0.397287,1,0.397287,,0,no_upcoming,,tailwind,deep_drawdown|deep_drawdown_rel_xbi,XS,ineligible,,,v1.3.0,34839213,0,deep_drawdown,mid|none|pos,0.08701244092219021,,0.444057,0,1,0.702085,0.717408,,0,neutral,0.0,,0.0,0.0,0.0,,,0,0,0,0,False,False,False,missing,0.0,adequate,,,1.0,0,0,1.0,0,1.0,0,,,missing,0.608274,price_history,,,0.1308,price_history,,-0.903915,,55.1671,-0.292675,-0.61124,mid,micro,SEV1,drug_developer,pit_bundle,,,sponsor,1,0.5,,,,,0.675,,210,0.08701244092219021,0.593484,,,,
ROIV,Roivant Sciences Ltd.,,,D,ineligible,D,ineligible,,0.590652,,,0.393411,1,0.393411,,0,no_upcoming,,tailwind,deep_drawdown|deep_drawdown_rel_xbi,XS,ineligible,,,v1.3.0,34839213,0,deep_drawdown,mid|none|pos,0.08701244092219021,,0.444057,0,1,0.702085,0.717408,3,6,neutral,-0.0579,,3.3559,1.7111,0.11,46,fresh,0,0,0,0,True,False,False,missing,0.0,adequate,,,1.0,0,0,1.0,0,1.0,0,,,missing,0.611957,price_history,,3,0.7916,price_history,,-0.60355,,58.6097,-0.292675,-0.310875,mid,large,NONE,drug_developer,pit_bundle,,,,0,0.5,,,,,0.675,,209,0.08701244092219021,0.590652,,,,
RAPT,"RAPT Therapeutics, Inc.",,,D,ineligible,D,ineligible,,0.582153,,,0.385659,1,0.385659,,0,no_upcoming,,headwind,deep_drawdown|deep_drawdown_rel_xbi,XS,ineligible,,,v1.3.0,34839213,0,fundamental_red_flag|sev3|deep_drawdown,mid|none|pos,0.08701244092219021,,0.444057,0,1,0.702085,0.717408,,0,neutral,0.0,,0.0,0.0,0.0,,,0,0,0,0,False,False,False,missing,0.0,critical,,,1.0,0,0,1.0,0,1.0,0,,,missing,-0.281336,price_history,,,1.773,price_history,,-0.560418,,40.2948,-0.292675,-0.267743,mid,small,SEV3,drug_developer,pit_bundle,,,sponsor,1,0.5,,,,,0.675,,206,0.08701244092219021,0.582153,,,,
ALT,"Altimmune, Inc.",,,D,ineligible,D,ineligible,,0.545326,,,0.30814,1,0.30814,,0,no_upcoming,,headwind,deep_drawdown|deep_drawdown_rel_xbi,XS,ineligible,,,v1.3.0,34839213,0,deep_drawdown,mid|none|pos,0.08701244092219021,,0.444057,0,1,0.702085,0.717408,5,9,buying,0.6823,,10.4138,8.74,6.39,46,fresh,0,0,0,0,True,False,False,missing,0.0,adequate,,,1.0,0,0,1.0,0,1.0,0,,,missing,-0.559772,price_history,,5,1.102,price_history,,-0.556002,,46.5132,-0.292675,-0.263327,mid,small,SEV1,drug_developer,pit_bundle,,,,0,0.5,,,,,0.675,,193,0.08701244092219021,0.545326,,,,
PRAX,"Praxis Precision Medicines, Inc",,,D,ineligible,D,ineligible,,0.57932,,,0.374031,1,0.374031,,0,no_upcoming,,headwind,deep_drawdown|deep_drawdown_rel_xbi,XS,ineligible,,,v1.3.0,34839213,0,deep_drawdown,mid|none|pos,0.08701244092219021,,0.444057,0,1,0.702085,0.717408,1,5,buying,-0.7982,,2.2674,0.7778,0.02,46,fresh,0,0,0,0,True,False,False,missing,0.0,short,,,1.0,0,0,1.0,0,1.0,0,,,missing,-0.262943,price_history,,1,0.8923,price_history,,-0.89277,,56.8461,-0.292675,-0.600095,mid,mid,SEV2,drug_developer,pit_bundle,,,,0,0.5,,,,,0.675,,205,0.08701244092219021,0.57932,,,,
LRMR,"Larimar Therapeutics, Inc.",,,D,ineligible,D,ineligible,,0.567989,,,0.366279,1,0.366279,,0,no_upcoming,,tailwind,deep_drawdown|deep_drawdown_rel_xbi,XS,ineligible,,,v1.3.0,34839213,0,deep_drawdown,mid|none|pos,0.08701244092219021,,0.444057,0,1,0.702085,0.717408,3,4,selling,-0.0579,,2.0568,1.7805,0.82,46,fresh,0,0,0,0,True,False,False,missing,0.0,adequate,,,1.0,0,0,1.0,0,1.0,0,,,missing,0.221191,price_history,,3,0.6097,price_history,,-0.711818,,54.4748,-0.292675,-0.419143,mid,small,NONE,drug_developer,pit_bundle,,,,0,0.5,,,,,0.675,,201,0.08701244092219021,0.567989,,,,
LENZ,"LENZ Therapeutics, Inc.",,,D,ineligible,D,ineligible,,0.565156,,,0.362403,1,0.362403,,0,no_upcoming,,tailwind,deep_drawdown|deep_drawdown_rel_xbi,XS,ineligible,,,v1.3.0,34839213,0,deep_drawdown,mid|none|pos,0.08701244092219021,,0.444057,0,1,0.702085,0.717408,,0,neutral,0.0,,0.0,0.0,0.0,,,0,0,0,0,False,False,False,missing,0.0,short,,,1.0,0,0,1.0,0,1.0,0,,,missing,0.076812,price_history,,,0.6943,price_history,,-0.729709,,55.4724,-0.292675,-0.437034,mid,small,SEV2,drug_developer,pit_bundle,,,sponsor,1,0.5,,,,,0.675,,200,0.08701244092219021,0.565156,,,,
DRMA,"Dermata Therapeutics, Inc.",,,D,ineligible,D,ineligible,,0.553824,,,0.319767,1,0.319767,,0,no_upcoming,,headwind,deep_drawdown|deep_drawdown_rel_xbi,XS,ineligible,,,v1.3.0,34839213,0,deep_drawdown,mid|none|pos,0.08701244092219021,,0.444057,0,1,0.702085,0.717408,,0,neutral,0.0,,0.0,0.0,0.0,,,0,0,0,0,False,False,False,missing,0.0,short,,,1.0,0,0,1.0,0,1.0,0,,,missing,-0.093728,price_history,,,0.5407,price_history,,-0.746063,,48.1064,-0.292675,-0.453388,mid,micro,SEV2,drug_developer,pit_bundle,,,sponsor,1,0.5,,,,,0.675,,196,0.08701244092219021,0.553824,,,,
ASMB,Healthcare,,,D,ineligible,D,ineligible,,0.548159,,,0.312016,1,0.312016,,0,no_upcoming,,headwind,deep_drawdown,XS,ineligible,,,v1.3.0,34839213,0,fundamental_red_flag|sev3,mid|none|pos,0.08701244092219021,,0.444057,0,1,0.702085,0.717408,,0,neutral,0.0,,0.0,0.0,0.0,,,0,0,0,0,False,False,False,missing,0.0,critical,,,1.0,0,0,1.0,0,1.0,0,,,missing,-0.306297,price_history,,,0.5139,price_history,,-0.465306,,37.8915,-0.292675,-0.172631,mid,small,SEV3,drug_developer,pit_bundle,,,sponsor,1,0.5,,,,,0.675,,194,0.08701244092219021,0.548159,,,,
ALMS,Alumis Inc.,,,D,ineligible,D,ineligible,,0.542493,,,0.304264,1,0.304264,,0,no_upcoming,,neutral,drawdown_data_missing,XS,ineligible,,,v1.3.0,34839213,0,fundamental_red_flag|sev3,mid|none|pos,0.08701244092219021,,0.444057,0,1,0.702085,0.717408,,0,neutral,0.0,,0.0,0.0,0.0,,,0,0,0,0,False,False,False,missing,0.0,critical,,,1.0,0,0,1.0,0,1.0,0,,,missing,,,series_too_short,,,,series_too_short,,series_too_short,,,,mid,mid,SEV3,drug_developer,pit_bundle,,,sponsor|drawdown,2,0.5,,,,,0.675,,192,0.08701244092219021,0.542493,,,,
AKTX,Healthcare,,,D,ineligible,D,ineligible,,0.53966,,,0.300388,1,0.300388,,0,no_upcoming,,headwind,deep_drawdown|deep_drawdown_rel_xbi,XS,ineligible,,,v1.3.0,34839213,0,fundamental_red_flag|sev3|deep_drawdown,mid|none|pos,0.08701244092219021,,0.444057,0,1,0.702085,0.717408,,0,neutral,0.0,,0.0,0.0,0.0,,,0,0,0,0,False,False,False,missing,0.0,critical,,,1.0,0,0,1.0,0,1.0,0,,,missing,-0.532902,price_history,,,0.4913,price_history,,-0.666867,,49.5491,-0.292675,-0.374192,mid,micro,SEV3,drug_developer,pit_bundle,,,sponsor,1,0.5,,,,,0.675,,191,0.08701244092219021,0.53966,,,,
PRQR,Healthcare,,,D,ineligible,D,ineligible,,0.34136,,,0.377907,1,0.377907,91,1,specific_days,,tailwind,deep_drawdown|deep_drawdown_rel_xbi,XS,ineligible,,,v1.3.0,34839213,0,fundamental_red_flag|sev3|deep_drawdown,mid|near_91_180|pos,0.1,,0.444057,0,1,0.702085,0.717408,1,4,buying,-0.7982,,2.4267,1.2196,0.96,46,fresh,0,0,0,0,True,False,True,near,1.0,critical,,,1.0,0,0,1.0,0,1.0,0,91,,specific_days,0.605614,price_history,,1,0.4569,price_history,,-0.853397,,64.7145,-0.292675,-0.560722,mid,micro,SEV3,drug_developer,pit_bundle,CTGOV,CLINICAL_CD,,0,0.5,,,,,0.675,,121,0.1,0.34136,,,,
GHRS,GH Research PLC,,,D,ineligible,D,ineligible,,0.944759,,,0.467054,1,0.467054,,0,no_upcoming,,headwind,deep_drawdown|deep_drawdown_rel_xbi,XS,ineligible,,,v1.3.0,34839213,0,deep_drawdown,early|none|pos,0.023322922839506172,,-0.026592,0,1,0.284703,0.298813,7,7,selling,1.4226,,5.2609,5.2609,1.35,46,fresh,0,0,0,0,True,False,False,missing,0.0,adequate,,,1.0,0,0,1.0,0,1.0,0,,,missing,-0.235966,price_history,,7,0.9225,price_history,,-0.570644,,49.1031,-0.292675,-0.277969,early,small,NONE,drug_developer,pit_bundle,,,,0,0.5,,,,,0.5595,,334,0.023322922839506172,0.944759,,,,
DSGN,"Design Therapeutics, Inc.",,,D,ineligible,D,ineligible,,0.936261,,,0.525194,1,0.525194,,0,no_upcoming,,headwind,deep_drawdown,XS,ineligible,,,v1.3.0,34839213,0,fundamental_red_flag|sev3,early|none|pos,0.023322922839506172,,-0.298025,19,1,0.043992,0.057402,7,7,selling,1.4226,,10.0501,10.0501,7.19,46,fresh,0,0,0,0,True,False,False,missing,0.0,critical,,,1.0,0,0,1.0,0,1.0,0,,,missing,-0.395135,price_history,,7,1.2274,price_history,,-0.452483,,43.1725,-0.292675,-0.159808,early,small,SEV3,drug_developer,pit_bundle,,,,0,0.5,,,,,0.492889,,331,0.023322922839506172,0.936261,,,,
ORIC,"Oric Pharmaceuticals, Inc.",,,D,ineligible,D,ineligible,,0.967422,,,0.482558,1,0.482558,,0,no_upcoming,,neutral,deep_drawdown|deep_drawdown_rel_xbi,XS,ineligible,,,v1.3.0,34839213,0,deep_drawdown,early|none|pos,0.023322922839506172,,-0.026592,0,1,0.284703,0.298813,5,9,selling,0.6823,,4.5738,2.9001,0.53,46,fresh,0,0,0,0,True,False,False,missing,0.0,short,,,1.0,0,0,1.0,0,1.0,0,,,missing,0.01216,price_history,,5,0.3793,price_history,,-0.786817,,55.2423,-0.292675,-0.494142,early,small,SEV2,drug_developer,pit_bundle,,,,0,0.5,,,,,0.5595,,342,0.023322922839506172,0.967422,,,,
IOVA,"Iovance Biotherapeutics, Inc.",,,D,ineligible,D,ineligible,,0.247875,,,0.350775,1,0.350775,152,1,specific_days,,headwind,deep_drawdown|deep_drawdown_rel_xbi,XS,ineligible,,,v1.3.0,34839213,0,deep_drawdown,mid|near_91_180|pos,0.1,,0.444057,0,1,0.702085,0.717408,5,8,selling,0.6823,,6.1411,5.1145,4.09,46,fresh,0,0,0,0,True,False,True,mid,0.7,short,,,1.0,0,0,1.0,0,1.0,0,152,,specific_days,-0.400335,price_history,,5,1.3934,price_history,,-0.68254,,34.0178,-0.292675,-0.389865,mid,small,SEV2,drug_developer,pit_bundle,CTGOV,CLINICAL_CD,,0,0.5,,,,,0.675,,88,0.1,0.247875,,,,
ELDN,Healthcare,,,D,ineligible,D,ineligible,,0.998584,,,0.610465,1,0.610465,549,1,specific_days,,headwind,deep_drawdown,XS,ineligible,,,v1.3.0,34839213,0,fundamental_red_flag|sev3,mid|far_271_540|nonpos,-0.012862136363636364,,-0.886303,243,1,-0.477706,-0.465813,1,2,selling,-0.7982,,0.835,0.4667,0.24,46,fresh,0,0,0,0,True,False,True,far,0.3,critical,,,1.0,0,0,1.0,0,1.0,0,549,,specific_days,-0.340567,price_history,,1,0.0647,price_history,,-0.501022,,45.6122,-0.292675,-0.208347,mid,micro,SEV3,drug_developer,pit_bundle,CTGOV,CLINICAL_PCD,,0,0.5,,,,,0.348522,,353,-0.012862136363636364,0.998584,,,,
VYGR,"Voyager Therapeutics, Inc.",,,D,ineligible,D,ineligible,,0.992918,,,0.498062,1,0.498062,761,1,specific_days,,headwind,deep_drawdown,XS,ineligible,,,v1.3.0,34839213,0,fundamental_red_flag|sev3,early|far_271_540|pos,0.0,,-0.026592,0,1,0.284703,0.298813,1,4,buying,-0.7982,,2.4326,1.2255,0.97,46,fresh,0,0,0,0,True,False,True,far,0.3,critical,,,1.0,0,0,1.0,0,1.0,0,761,,specific_days,-0.107652,price_history,,1,1.2247,price_history,,-0.411298,,59.6688,-0.292675,-0.118623,early,micro,SEV3,drug_developer,pit_bundle,CTGOV,CLINICAL_PCD,,0,0.5,,,,,0.5595,,351,0.0,0.992918,,,,
VTYX,"Ventyx Biosciences, Inc.",,,D,ineligible,D,ineligible,,0.896601,,,0.908915,1,0.908915,,0,no_upcoming,,tailwind,high_vol,XS,ineligible,,,v1.3.0,34839213,0,fundamental_red_flag|sev3,early|none|nonpos,0.06969944897959185,,-1.695257,,1,-1.195104,-1.185296,8,9,neutral,1.7927,,10.8215,10.3549,17.45,46,fresh,0,0,0,0,True,False,False,missing,0.0,critical,,,1.0,0,0,1.0,0,1.0,0,,,missing,0.175441,price_history,,8,1.069,price_history,,-0.250904,,54.7662,-0.292675,0.041771,early,small,SEV3,drug_developer,pit_bundle,,,,0,0.5,,,,,0.15,,317,0.06969944897959185,0.896601,,,,
RVMD,"Revolution Medicines, Inc.",,,D,ineligible,D,ineligible,,0.905099,,,0.594961,1,0.594961,121,1,specific_days,,tailwind,,XS,ineligible,,,v1.3.0,34839213,0,fundamental_red_flag|sev3,mid|near_91_180|nonpos,0.0646411489361702,,-0.61036,121,1,-0.232994,-0.22039,7,8,selling,1.4226,,10.6403,10.1737,4.3,46,fresh,0,0,0,0,True,False,True,mid,0.7,critical,,,1.0,0,0,1.0,0,1.0,0,121,,specific_days,0.142804,price_history,,7,1.2881,price_history,,-0.146835,,66.9867,-0.292675,0.14584,mid,large,SEV3,drug_developer,pit_bundle,CTGOV,CLINICAL_PCD,,0,0.5,,,,,0.41624,,320,0.0646411489361702,0.905099,,,,
RANI,"Rani Therapeutics Holdings, Inc",,,D,ineligible,D,ineligible,,0.975921,,,0.494186,1,0.494186,,0,no_upcoming,,headwind,deep_drawdown|deep_drawdown_rel_xbi,XS,ineligible,,,v1.3.0,34839213,0,deep_drawdown,early|none|pos,0.023322922839506172,,-0.026592,0,1,0.284703,0.298813,0,1,buying,-1.1683,,0.4667,0.0,0.0,46,fresh,0,0,0,0,True,False,False,missing,0.0,adequate,,,1.0,0,0,1.0,0,1.0,0,,,missing,-0.152019,price_history,,0,0.5822,price_history,,-0.689306,,60.3702,-0.292675,-0.396631,early,micro,NONE,drug_developer,pit_bundle,,,,0,0.5,,,,,0.5595,,345,0.023322922839506172,0.975921,,,,
PRLD,Healthcare,,,D,ineligible,D,ineligible,,0.973088,,,0.49031,1,0.49031,,0,no_upcoming,,headwind,deep_drawdown|deep_drawdown_rel_xbi,XS,ineligible,,,v1.3.0,34839213,0,deep_drawdown,early|none|pos,0.023322922839506172,,-0.026592,0,1,0.284703,0.298813,3,6,neutral,-0.0579,,3.281,1.8872,0.95,46,fresh,0,0,0,0,True,False,False,missing,0.0,short,,,1.0,0,0,1.0,0,1.0,0,,,missing,-0.102534,price_history,,3,0.8039,price_history,,-0.548103,,45.6976,-0.292675,-0.255428,early,micro,SEV2,drug_developer,pit_bundle,,,,0,0.5,,,,,0.5595,,344,0.023322922839506172,0.973088,,,,
PGEN,"Precigen, Inc.",,,D,ineligible,D,ineligible,,0.970255,,,0.486434,1,0.486434,,0,no_upcoming,,headwind,deep_drawdown|deep_drawdown_rel_xbi,XS,ineligible,,,v1.3.0,34839213,0,fundamental_red_flag|sev3|deep_drawdown,early|none|pos,0.023322922839506172,,-0.026592,0,1,0.284703,0.298813,0,3,selling,-1.1683,,0.8362,0.0,0.0,46,fresh,0,0,0,0,True,False,False,missing,0.0,critical,,,1.0,0,0,1.0,0,1.0,0,,,missing,-0.247265,price_history,,0,1.6236,price_history,,-0.5625,,49.4594,-0.292675,-0.269825,early,small,SEV3,drug_developer,pit_bundle,,,,0,0.5,,,,,0.5595,,343,0.023322922839506172,0.970255,,,,
NGNE,Neurogene Inc.,,,D,ineligible,D,ineligible,,0.961756,,,0.517442,1,0.517442,,0,no_upcoming,,headwind,deep_drawdown|deep_drawdown_rel_xbi,XS,ineligible,,,v1.3.0,34839213,0,deep_drawdown,early|none|pos,0.023322922839506172,,-0.24554,15,1,0.090536,0.104081,,0,neutral,0.0,,0.0,0.0,0.0,,,0,0,0,0,False,False,False,missing,0.0,adequate,,,1.0,0,0,1.0,0,1.0,0,,,missing,-0.514508,price_history,,,0.7838,price_history,,-0.907609,,48.641,-0.292675,-0.614934,early,micro,SEV1,drug_developer,pit_bundle,,,sponsor,1,0.5,,,,,0.505769,,340,0.023322922839506172,0.961756,,,,
KYMR,"Kymera Therapeutics, Inc.",,,D,ineligible,D,ineligible,,0.953258,,,0.47093,1,0.47093,,0,no_upcoming,,tailwind,deep_drawdown|deep_drawdown_rel_xbi,XS,ineligible,,,v1.3.0,34839213,0,deep_drawdown,early|none|pos,0.023322922839506172,,-0.026592,0,1,0.284703,0.298813,3,3,selling,-0.0579,,2.4584,2.4584,1.96,46,fresh,0,0,0,0,True,False,False,missing,0.0,short,,,1.0,0,0,1.0,0,1.0,0,,,missing,0.075923,price_history,,3,1.5185,price_history,,-0.551948,,53.983,-0.292675,-0.259273,early,mid,SEV2,drug_developer,pit_bundle,,,,0,0.5,,,,,0.5595,,337,0.023322922839506172,0.953258,,,,
CLLS,Cellectis S.A.,,,D,ineligible,D,ineligible,,0.933428,,,0.459302,1,0.459302,,0,no_upcoming,,headwind,deep_drawdown|deep_drawdown_rel_xbi,XS,ineligible,,,v1.3.0,34839213,0,deep_drawdown,early|none|pos,0.023322922839506172,,-0.026592,0,1,0.284703,0.298813,0,2,selling,-1.1683,,0.56,0.0,0.0,46,fresh,0,0,0,0,True,False,False,missing,0.0,adequate,,,1.0,0,0,1.0,0,1.0,0,,,missing,-0.324065,price_history,,0,1.0415,price_history,,-0.764201,,45.1262,-0.292675,-0.471526,early,small,NONE,drug_developer,pit_bundle,,,,0,0.5,,,,,0.5595,,330,0.023322922839506172,0.933428,,,,
TYRA,"Tyra Biosciences, Inc.",,,D,ineligible,D,ineligible,,0.888102,,,0.823643,1,0.823643,,0,no_upcoming,,neutral,deep_drawdown|deep_drawdown_rel_xbi,XS,ineligible,,,v1.3.0,34839213,0,deep_drawdown,early|none|nonpos,0.06969944897959185,,-1.452802,1432,1,-0.980089,-0.969656,5,6,selling,0.6823,,4.4964,4.2164,2.92,46,fresh,0,0,0,0,True,False,False,missing,0.0,short,,,1.0,0,0,1.0,0,1.0,0,,,missing,-0.036278,price_history,,5,0.6447,price_history,,-0.66619,,48.9422,-0.292675,-0.373515,early,small,SEV2,drug_developer,pit_bundle,,,,0,0.5,,,,,0.2095,,314,0.06969944897959185,0.888102,,,,
ALLO,"Allogene Therapeutics, Inc.",,,D,ineligible,D,ineligible,,0.913598,,,0.455426,1,0.455426,,0,no_upcoming,,headwind,deep_drawdown,XS,ineligible,,,v1.3.0,34839213,0,fundamental_red_flag|sev3,early|none|pos,0.023322922839506172,,-0.026592,0,1,0.284703,0.298813,1,3,buying,-0.7982,,2.8139,2.0673,1.77,46,fresh,0,0,0,0,True,False,False,missing,0.0,critical,,,1.0,0,0,1.0,0,1.0,0,,,missing,-0.320388,price_history,,1,1.1707,price_history,,-0.483499,,46.9555,-0.292675,-0.190824,early,small,SEV3,drug_developer,pit_bundle,,,,0,0.5,,,,,0.5595,,323,0.023322922839506172,0.913598,,,,
ALGS,Healthcare,,,D,ineligible,D,ineligible,,0.910765,,,0.45155,1,0.45155,,0,no_upcoming,,headwind,deep_drawdown|deep_drawdown_rel_xbi,XS,ineligible,,,v1.3.0,34839213,0,deep_drawdown,early|none|pos,0.023322922839506172,,-0.026592,0,1,0.284703,0.298813,,0,neutral,0.0,,0.0,0.0,0.0,,,0,0,0,0,False,False,False,missing,0.0,short,,,1.0,0,0,1.0,0,1.0,0,,,missing,-0.192595,price_history,,,0.6793,price_history,,-0.927007,,48.7201,-0.292675,-0.634332,early,micro,SEV2,drug_developer,pit_bundle,,,sponsor,1,0.5,,,,,0.5595,,322,0.023322922839506172,0.910765,,,,
SRZN,"Surrozen, Inc.",,,D,ineligible,D,ineligible,,0.854108,,,0.986434,1,0.986434,,0,no_upcoming,,headwind,high_vol|deep_drawdown|deep_drawdown_rel_xbi,XS,ineligible,,,v1.3.0,34839213,0,deep_drawdown,early|none|nonpos,0.06969944897959185,,,,,-1.737158,-1.728926,6,7,selling,1.0524,,3.5467,3.2667,0.01,46,fresh,0,0,0,0,True,False,False,missing,0.0,adequate,,,1.0,0,0,1.0,0,1.0,0,,,missing,-0.756541,price_history,,6,-0.089,price_history,,-0.935897,,13.967,-0.292675,-0.643222,early,micro,NONE,drug_developer,pit_bundle,,,,0,0.5,,,,,0.0,,302,0.06969944897959185,0.854108,,,,
TARA,Healthcare,,,D,ineligible,D,ineligible,,0.865439,,,0.73062,1,0.73062,,0,no_upcoming,,neutral,deep_drawdown,XS,ineligible,,,v1.3.0,34839213,0,fundamental_red_flag|sev3,early|none|nonpos,0.06969944897959185,,-1.451677,643,1,-0.979092,-0.968656,5,7,selling,0.6823,,4.2896,3.7333,4.0,46,fresh,0,0,0,0,True,False,False,missing,0.0,critical,,,1.0,0,0,1.0,0,1.0,0,,,missing,0.040909,price_history,,5,0.57,price_history,,-0.492086,,59.3312,-0.292675,-0.199411,early,small,SEV3,drug_developer,pit_bundle,,,,0,0.5,,,,,0.209776,,306,0.06969944897959185,0.865439,,,,
TNYA,"Tenaya Therapeutics, Inc.",,,D,ineligible,D,ineligible,,0.879603,,,0.901163,1,0.901163,,0,no_upcoming,,headwind,high_vol|deep_drawdown|deep_drawdown_rel_xbi,XS,ineligible,,,v1.3.0,34839213,0,deep_drawdown,early|none|nonpos,0.06969944897959185,,-1.695257,,1,-1.195104,-1.185296,4,6,selling,0.3122,,3.6663,2.9196,1.71,46,fresh,0,0,0,0,True,False,False,missing,0.0,adequate,,,1.0,0,0,1.0,0,1.0,0,,,missing,-0.405601,price_history,,4,1.1444,price_history,,-0.877428,,51.0788,-0.292675,-0.584753,early,micro,SEV1,drug_developer,pit_bundle,,,,0,0.5,,,,,0.15,,311,0.06969944897959185,0.879603,,,,
PYXS,"Pyxis Oncology, Inc.",,,D,ineligible,D,ineligible,,0.81728,,,0.69186,1,0.69186,,0,no_upcoming,,headwind,deep_drawdown|deep_drawdown_rel_xbi,XS,ineligible,,,v1.3.0,34839213,0,fundamental_red_flag|sev3|deep_drawdown,early|none|nonpos,0.06969944897959185,,-1.404135,304,1,-0.936931,-0.926372,7,9,selling,1.4226,,5.7967,4.8696,0.86,46,fresh,0,0,0,0,True,False,False,missing,0.0,critical,,,1.0,0,0,1.0,0,1.0,0,,,missing,-0.46777,price_history,,7,0.1715,price_history,,-0.881922,,41.4548,-0.292675,-0.589247,early,micro,SEV3,drug_developer,pit_bundle,,,,0,0.5,,,,,0.221443,,289,0.06969944897959185,0.81728,,,,
RLAY,"Relay Therapeutics, Inc.",,,D,ineligible,D,ineligible,,0.828612,,,0.815891,1,0.815891,,0,no_upcoming,,headwind,deep_drawdown,XS,ineligible,,,v1.3.0,34839213,0,fundamental_red_flag|sev3,early|none|nonpos,0.06969944897959185,,-1.452802,1612,1,-0.980089,-0.969656,6,8,selling,1.0524,,7.9274,7.1845,5.76,46,fresh,0,0,0,0,True,False,False,missing,0.0,critical,,,1.0,0,0,1.0,0,1.0,0,,,missing,-0.238829,price_history,,6,1.453,price_history,,-0.467317,,41.0985,-0.292675,-0.174642,early,small,SEV3,drug_developer,pit_bundle,,,,0,0.5,,,,,0.2095,,293,0.06969944897959185,0.828612,,,,
TECX,"Tectonic Therapeutic, Inc.",,,D,ineligible,D,ineligible,,0.871105,,,0.897287,1,0.897287,,0,no_upcoming,,neutral,deep_drawdown|deep_drawdown_rel_xbi|overbought_rsi,XS,ineligible,,,v1.3.0,34839213,0,deep_drawdown,early|none|nonpos,0.06969944897959185,,-1.695257,,1,-1.195104,-1.185296,,0,neutral,0.0,,0.0,0.0,0.0,,,0,0,0,0,False,False,False,missing,0.0,adequate,,,1.0,0,0,1.0,0,1.0,0,,,missing,0.037175,price_history,,,0.314,price_history,,-0.777506,,73.3921,-0.292675,-0.484831,early,small,NONE,drug_developer,pit_bundle,,,sponsor,1,0.5,,,,,0.15,,308,0.06969944897959185,0.871105,,,,
TCRX,Healthcare,,,D,ineligible,D,ineligible,,0.868272,,,0.765504,1,0.765504,,0,no_upcoming,,headwind,deep_drawdown|deep_drawdown_rel_xbi,XS,ineligible,,,v1.3.0,34839213,0,deep_drawdown,early|none|nonpos,0.06969944897959185,,-1.452793,1097,1,-0.980082,-0.969649,2,2,buying,-0.428,,1.7071,1.7071,0.36,46,fresh,0,0,0,0,True,False,False,missing,0.0,adequate,,,1.0,0,0,1.0,0,1.0,0,,,missing,-0.372351,price_history,,2,0.1073,price_history,,-0.692308,,38.6586,-0.292675,-0.399633,early,micro,NONE,drug_developer,pit_bundle,,,,0,0.5,,,,,0.209502,,307,0.06969944897959185,0.868272,,,,
SYRE,"Spyre Therapeutics, Inc.",,,D,ineligible,D,ineligible,,0.862606,,,0.893411,1,0.893411,,0,no_upcoming,,headwind,high_vol|deep_drawdown|deep_drawdown_rel_xbi,XS,ineligible,,,v1.3.0,34839213,0,deep_drawdown,early|none|nonpos,0.06969944897959185,,-1.695257,,1,-1.195104,-1.185296,,0,neutral,0.0,,0.0,0.0,0.0,,,0,0,0,0,False,False,False,missing,0.0,short,,,1.0,0,0,1.0,0,1.0,0,,,missing,-0.156725,price_history,,,0.1307,price_history,,-0.932739,,27.5467,-0.292675,-0.640064,early,mid,SEV2,drug_developer,pit_bundle,,,sponsor,1,0.5,,,,,0.15,,305,0.06969944897959185,0.862606,,,,
NKTX,Healthcare,,,D,ineligible,D,ineligible,,0.771955,,,0.734496,1,0.734496,,0,no_upcoming,,headwind,deep_drawdown|deep_drawdown_rel_xbi,XS,ineligible,,,v1.3.0,34839213,0,deep_drawdown,early|none|nonpos,0.06969944897959185,,-1.451987,672,1,-0.979366,-0.968931,8,11,buying,1.7927,,13.7015,12.4944,9.42,46,fresh,0,0,0,0,True,False,False,missing,0.0,short,,,1.0,0,0,1.0,0,1.0,0,,,missing,-0.41572,price_history,,8,0.8577,price_history,,-0.563786,,26.5315,-0.292675,-0.271111,early,micro,SEV2,drug_developer,pit_bundle,,,,0,0.5,,,,,0.2097,,273,0.06969944897959185,0.771955,,,,
STRO,"Sutro Biopharma, Inc.",,,D,ineligible,D,ineligible,,0.856941,,,0.71124,1,0.71124,,0,no_upcoming,,tailwind,deep_drawdown,XS,ineligible,,,v1.3.0,34839213,0,fundamental_red_flag|sev3,early|none|nonpos,0.06969944897959185,,-1.442297,442,1,-0.970773,-0.960313,2,5,buying,-0.428,,3.7129,2.3191,2.33,46,fresh,0,0,0,0,True,False,False,missing,0.0,critical,,,1.0,0,0,1.0,0,1.0,0,,,missing,0.332774,price_history,,2,0.5119,price_history,,-0.538793,,54.7075,-0.292675,-0.246118,early,micro,SEV3,drug_developer,pit_bundle,,,,0,0.5,,,,,0.212078,,303,0.06969944897959185,0.856941,,,,
SLDB,Solid Biosciences Inc.,,,D,ineligible,D,ineligible,,0.851275,,,0.819767,1,0.819767,,0,no_upcoming,,headwind,deep_drawdown|deep_drawdown_rel_xbi,XS,ineligible,,,v1.3.0,34839213,0,deep_drawdown,early|none|nonpos,0.06969944897959185,,-1.452802,1415,1,-0.980089,-0.969656,,0,neutral,0.0,,0.0,0.0,0.0,,,0,0,0,0,False,False,False,missing,0.0,short,,,1.0,0,0,1.0,0,1.0,0,,,missing,-0.351438,price_history,,,0.2274,price_history,,-0.773266,,48.2707,-0.292675,-0.480591,early,small,SEV2,drug_developer,pit_bundle,,,sponsor,1,0.5,,,,,0.2095,,301,0.06969944897959185,0.851275,,,,
SKYE,Healthcare,,,D,ineligible,D,ineligible,,0.848442,,,0.889535,1,0.889535,,0,no_upcoming,,headwind,high_vol|deep_drawdown|deep_drawdown_rel_xbi,XS,ineligible,,,v1.3.0,34839213,0,deep_drawdown,early|none|nonpos,0.06969944897959185,,-1.695257,,1,-1.195104,-1.185296,,0,neutral,0.0,,0.0,0.0,0.0,,,0,0,0,0,False,False,False,missing,0.0,short,,,1.0,0,0,1.0,0,1.0,0,,,missing,-0.275851,price_history,,,-0.148,price_history,,-0.769231,,41.6485,-0.292675,-0.476556,early,micro,SEV2,drug_developer,pit_bundle,,,sponsor,1,0.5,,,,,0.15,,300,0.06969944897959185,0.848442,,,,
SANA,"Sana Biotechnology, Inc.",,,D,ineligible,D,ineligible,,0.83711,,,0.877907,1,0.877907,,0,no_upcoming,,headwind,deep_drawdown|deep_drawdown_rel_xbi,XS,ineligible,,,v1.3.0,34839213,0,deep_drawdown,early|none|nonpos,0.06969944897959185,,-1.695257,,1,-1.195104,-1.185296,0,3,buying,-1.1683,,1.2096,0.0,0.0,46,fresh,0,0,0,0,True,False,False,missing,0.0,short,,,1.0,0,0,1.0,0,1.0,0,,,missing,-0.248875,price_history,,0,1.778,price_history,,-0.728361,,47.304,-0.292675,-0.435686,early,small,SEV2,drug_developer,pit_bundle,,,,0,0.5,,,,,0.15,,296,0.06969944897959185,0.83711,,,,
RXRX,"Recursion Pharmaceuticals, Inc.",,,D,ineligible,D,ineligible,,0.834278,,,0.982558,1,0.982558,,0,no_upcoming,,headwind,deep_drawdown|deep_drawdown_rel_xbi,XS,ineligible,,,v1.3.0,34839213,0,deep_drawdown,early|none|nonpos,0.06969944897959185,,,,,-1.737158,-1.728926,1,3,selling,-0.7982,,1.4521,0.7116,0.58,46,fresh,0,0,0,0,True,False,False,missing,0.0,adequate,,,1.0,0,0,1.0,0,1.0,0,,,missing,-0.181195,price_history,,1,1.4984,price_history,,-0.546332,,44.2914,-0.292675,-0.253657,early,mid,NONE,drug_developer,pit_bundle,,,,0,0.5,,,,,0.0,,295,0.06969944897959185,0.834278,,,,
OLMA,"Olema Pharmaceuticals, Inc.",,,D,ineligible,D,ineligible,,0.788952,,,0.722868,1,0.722868,,0,no_upcoming,,headwind,deep_drawdown|deep_drawdown_rel_xbi,XS,ineligible,,,v1.3.0,34839213,0,fundamental_red_flag|sev3|deep_drawdown,early|none|nonpos,0.06969944897959185,,-1.451139,608,1,-0.978615,-0.968178,5,8,buying,0.6823,,6.3061,5.0991,2.8,46,fresh,0,0,0,0,True,False,False,missing,0.0,critical,,,1.0,0,0,1.0,0,1.0,0,,,missing,-0.235955,price_history,,5,1.1836,price_history,,-0.753012,,46.0471,-0.292675,-0.460337,early,mid,SEV3,drug_developer,pit_bundle,,,,0,0.5,,,,,0.209908,,279,0.06969944897959185,0.788952,,,,
NRIX,"Nurix Therapeutics, Inc.",,,D,ineligible,D,ineligible,,0.774788,,,0.676357,1,0.676357,,0,no_upcoming,,headwind,deep_drawdown|deep_drawdown_rel_xbi,XS,ineligible,,,v1.3.0,34839213,0,deep_drawdown,early|none|nonpos,0.06969944897959185,,-1.211752,160,1,-0.766321,-0.755267,5,7,buying,0.6823,,9.2297,8.3026,2.71,46,fresh,0,0,0,0,True,False,False,missing,0.0,adequate,,,1.0,0,0,1.0,0,1.0,0,,,missing,-0.22684,price_history,,5,1.3073,price_history,,-0.594037,,48.0961,-0.292675,-0.301362,early,small,SEV1,drug_developer,pit_bundle,,,,0,0.5,,,,,0.268655,,274,0.06969944897959185,0.774788,,,,
OABI,"OmniAb, Inc.",,,D,ineligible,D,ineligible,,0.780453,,,0.858527,1,0.858527,,0,no_upcoming,,headwind,high_vol|deep_drawdown|deep_drawdown_rel_xbi,XS,ineligible,,,v1.3.0,34839213,0,deep_drawdown,early|none|nonpos,0.06969944897959185,,-1.695257,,1,-1.195104,-1.185296,,0,neutral,0.0,,0.0,0.0,0.0,,,0,0,0,0,False,False,False,missing,0.0,short,,,1.0,0,0,1.0,0,1.0,0,,,missing,-0.669585,price_history,,,0.6303,price_history,,-0.656644,,41.1934,-0.292675,-0.363969,early,micro,SEV2,drug_developer,pit_bundle,,,sponsor,1,0.5,,,,,0.15,,276,0.06969944897959185,0.780453,,,,
NTLA,"Intellia Therapeutics, Inc.",,,D,ineligible,D,ineligible,,0.77762,,,0.715116,1,0.715116,,0,no_upcoming,,headwind,deep_drawdown|deep_drawdown_rel_xbi,XS,ineligible,,,v1.3.0,34839213,0,deep_drawdown,early|none|nonpos,0.06969944897959185,,-1.44671,491,1,-0.974687,-0.964238,2,6,neutral,-0.428,,4.2179,2.604,1.34,46,fresh,0,0,0,0,True,False,False,missing,0.0,short,,,1.0,0,0,1.0,0,1.0,0,,,missing,-0.108821,price_history,,2,1.363,price_history,,-0.598784,,51.0404,-0.292675,-0.306109,early,small,SEV2,drug_developer,pit_bundle,,,,0,0.5,,,,,0.210995,,275,0.06969944897959185,0.77762,,,,
NBP,NovaBridge Biosciences,,,D,ineligible,D,ineligible,,0.769122,,,0.97093,1,0.97093,,0,no_upcoming,,headwind,deep_drawdown|deep_drawdown_rel_xbi,XS,ineligible,,,v1.3.0,34839213,0,deep_drawdown,early|none|nonpos,0.06969944897959185,,,,,-1.737158,-1.728926,,0,neutral,0.0,,0.0,0.0,0.0,,,0,0,0,0,False,False,False,missing,0.0,adequate,,,1.0,0,0,1.0,0,1.0,0,,,missing,-0.36744,price_history,,,1.0466,price_history,,-0.937982,,45.2479,-0.292675,-0.645307,early,small,NONE,drug_developer,pit_bundle,,,sponsor,1,0.5,,,,,0.0,,272,0.06969944897959185,0.769122,,,,
MRVI,"Maravai LifeSciences Holdings, Inc.",,,D,ineligible,D,ineligible,,0.763456,,,0.967054,1,0.967054,,0,no_upcoming,,headwind,deep_drawdown|deep_drawdown_rel_xbi,XS,ineligible,,,v1.3.0,34839213,0,deep_drawdown,early|none|nonpos,0.06969944897959185,,,,,-1.737158,-1.728926,1,5,neutral,-0.7982,,2.2476,0.6672,0.51,46,fresh,0,0,0,0,True,False,False,missing,0.0,adequate,,,1.0,0,0,1.0,0,1.0,0,,,missing,-0.297145,price_history,,1,0.6948,price_history,,-0.657459,,44.2253,-0.292675,-0.364784,early,small,NONE,drug_developer,pit_bundle,,,,0,0.5,,,,,0.0,,270,0.06969944897959185,0.763456,,,,
MNMD,Mind Medicine (MindMed) Inc.,,,D,ineligible,D,ineligible,,0.760623,,,0.963178,1,0.963178,,0,no_upcoming,,headwind,high_vol|deep_drawdown|deep_drawdown_rel_xbi,XS,ineligible,,,v1.3.0,34839213,0,fundamental_red_flag|sev3|deep_drawdown,early|none|nonpos,0.06969944897959185,,,,,-1.737158,-1.728926,,0,neutral,0.0,,0.0,0.0,0.0,,,0,0,0,0,False,False,False,missing,0.0,critical,,,1.0,0,0,1.0,0,1.0,0,,,missing,-0.722113,price_history,,,0.1163,price_history,,-0.915423,,34.3571,-0.292675,-0.622748,early,small,SEV3,drug_developer,pit_bundle,,,sponsor,1,0.5,,,,,0.0,,269,0.06969944897959185,0.760623,,,,
MGTX,MeiraGTx Holdings plc,,,D,ineligible,D,ineligible,,0.75779,,,0.959302,1,0.959302,,0,no_upcoming,,headwind,deep_drawdown|deep_drawdown_rel_xbi,XS,ineligible,,,v1.3.0,34839213,0,fundamental_red_flag|sev3|deep_drawdown,early|none|nonpos,0.06969944897959185,,,,,-1.737158,-1.728926,3,5,selling,-0.0579,,2.953,2.2126,1.65,46,fresh,0,0,0,0,True,False,False,missing,0.0,critical,,,1.0,0,0,1.0,0,1.0,0,,,missing,-0.328162,price_history,,3,0.7241,price_history,,-0.740522,,36.3615,-0.292675,-0.447847,early,small,SEV3,drug_developer,pit_bundle,,,,0,0.5,,,,,0.0,,268,0.06969944897959185,0.75779,,,,
LYEL,"Lyell Immunopharma, Inc.",,,D,ineligible,D,ineligible,,0.746459,,,0.742248,1,0.742248,,0,no_upcoming,,headwind,deep_drawdown|deep_drawdown_rel_xbi,XS,ineligible,,,v1.3.0,34839213,0,deep_drawdown,early|none|nonpos,0.06969944897959185,,-1.452366,728,1,-0.979702,-0.969268,,0,neutral,0.0,,0.0,0.0,0.0,,,0,0,0,0,False,False,False,missing,0.0,adequate,,,1.0,0,0,1.0,0,1.0,0,,,missing,-0.43772,price_history,,,1.489,price_history,,-0.579421,,31.6963,-0.292675,-0.286746,early,small,SEV1,drug_developer,pit_bundle,,,sponsor,1,0.5,,,,,0.209607,,264,0.06969944897959185,0.746459,,,,
KYTX,"Kyverna Therapeutics, Inc.",,,D,ineligible,D,ineligible,,0.732295,,,0.854651,1,0.854651,,0,no_upcoming,,neutral,drawdown_data_missing,XS,ineligible,,,v1.3.0,34839213,0,fundamental_red_flag|sev3,early|none|nonpos,0.06969944897959185,,-1.695257,,1,-1.195104,-1.185296,,0,neutral,0.0,,0.0,0.0,0.0,,,0,0,0,0,False,False,False,missing,0.0,critical,,,1.0,0,0,1.0,0,1.0,0,,,missing,,,series_too_short,,,,series_too_short,,series_too_short,,,,early,small,SEV3,drug_developer,pit_bundle,,,sponsor|drawdown,2,0.5,,,,,0.15,,259,0.06969944897959185,0.732295,,,,
KALA,"KALA BIO, Inc.",,,D,ineligible,D,ineligible,,0.726629,,,0.947674,1,0.947674,,0,no_upcoming,,headwind,deep_drawdown|deep_drawdown_rel_xbi,XS,ineligible,,,v1.3.0,34839213,0,deep_drawdown,early|none|nonpos,0.06969944897959185,,,,,-1.737158,-1.728926,,0,neutral,0.0,,0.0,0.0,0.0,,,0,0,0,0,False,False,False,missing,0.0,short,,,1.0,0,0,1.0,0,1.0,0,,,missing,-0.685985,price_history,,,0.2699,price_history,,-0.9425,,30.703,-0.292675,-0.649825,early,micro,SEV2,drug_developer,pit_bundle,,,sponsor,1,0.5,,,,,0.0,,257,0.06969944897959185,0.726629,,,,
IMRX,Immuneering Corporation,,,D,ineligible,D,ineligible,,0.720963,,,0.804264,1,0.804264,,0,no_upcoming,,headwind,deep_drawdown|deep_drawdown_rel_xbi,XS,ineligible,,,v1.3.0,34839213,0,deep_drawdown,early|none|nonpos,0.06969944897959185,,-1.452802,1279,1,-0.980089,-0.969656,2,4,selling,-0.428,,2.1121,1.3692,0.94,46,fresh,0,0,0,0,True,False,False,missing,0.0,adequate,,,1.0,0,0,1.0,0,1.0,0,,,missing,-0.221439,price_history,,2,0.2213,price_history,,-0.718194,,25.9506,-0.292675,-0.425519,early,small,NONE,drug_developer,pit_bundle,,,,0,0.5,,,,,0.2095,,255,0.06969944897959185,0.720963,,,,
IKT,Healthcare,,,D,ineligible,D,ineligible,,0.715297,,,0.718992,1,0.718992,,0,no_upcoming,,headwind,high_vol|deep_drawdown|deep_drawdown_rel_xbi,XS,ineligible,,,v1.3.0,34839213,0,deep_drawdown,early|none|nonpos,0.06969944897959185,,-1.450483,578,1,-0.978033,-0.967594,0,1,selling,-1.1683,,0.2762,0.0,0.0,49,fresh,0,0,0,0,True,False,False,missing,0.0,adequate,,,1.0,0,0,1.0,0,1.0,0,,,missing,-0.347351,price_history,,0,0.5658,price_history,,-0.672973,,42.007,-0.292675,-0.380298,early,micro,NONE,drug_developer,pit_bundle,,,,0,0.5,,,,,0.210069,,253,0.06969944897959185,0.715297,,,,
HOWL,Healthcare,,,D,ineligible,D,ineligible,,0.709632,,,0.796512,1,0.796512,,0,no_upcoming,,headwind,deep_drawdown|deep_drawdown_rel_xbi,XS,ineligible,,,v1.3.0,34839213,0,deep_drawdown,early|none|nonpos,0.06969944897959185,,-1.452802,1309,1,-0.980089,-0.969656,2,4,buying,-0.428,,2.4007,1.4736,0.47,46,fresh,0,0,0,0,True,False,False,missing,0.0,adequate,,,1.0,0,0,1.0,0,1.0,0,,,missing,-0.772141,price_history,,2,0.8389,price_history,,-0.882239,,24.9881,-0.292675,-0.589564,early,micro,SEV1,drug_developer,pit_bundle,,,,0,0.5,,,,,0.2095,,251,0.06969944897959185,0.709632,,,,
GLUE,"Monte Rosa Therapeutics, Inc.",,,D,ineligible,D,ineligible,,0.701133,,,0.792636,1,0.792636,,0,no_upcoming,,neutral,deep_drawdown|deep_drawdown_rel_xbi,XS,ineligible,,,v1.3.0,34839213,0,deep_drawdown,early|none|nonpos,0.06969944897959185,,-1.452802,1248,1,-0.980089,-0.969656,3,4,selling,-0.0579,,2.9649,2.4982,2.19,46,fresh,0,0,0,0,True,False,False,missing,0.0,adequate,,,1.0,0,0,1.0,0,1.0,0,,,missing,0.002798,price_history,,3,1.2992,price_history,,-0.595033,,49.9748,-0.292675,-0.302358,early,small,NONE,drug_developer,pit_bundle,,,,0,0.5,,,,,0.2095,,248,0.06969944897959185,0.701133,,,,
GBIO,Healthcare,,,D,ineligible,D,ineligible,,0.6983,,,0.943798,1,0.943798,,0,no_upcoming,,neutral,deep_drawdown|deep_drawdown_rel_xbi,XS,ineligible,,,v1.3.0,34839213,0,deep_drawdown,early|none|nonpos,0.06969944897959185,,,,,-1.737158,-1.728926,0,3,buying,-1.1683,,1.3938,0.0,0.0,46,fresh,0,0,0,0,True,False,False,missing,0.0,adequate,,,1.0,0,0,1.0,0,1.0,0,,,missing,0.010252,price_history,,0,1.1702,price_history,,-0.664358,,45.1743,-0.292675,-0.371683,early,micro,NONE,drug_developer,pit_bundle,,,,0,0.5,,,,,0.0,,247,0.06969944897959185,0.6983,,,,
FHTX,Foghorn Therapeutics Inc.,,,D,ineligible,D,ineligible,,0.689802,,,0.703488,1,0.703488,,0,no_upcoming,,headwind,deep_drawdown|deep_drawdown_rel_xbi,XS,ineligible,,,v1.3.0,34839213,0,deep_drawdown,early|none|nonpos,0.06969944897959185,,-1.428092,365,1,-0.958176,-0.947679,2,3,selling,-0.428,,1.5244,1.2444,0.22,46,fresh,0,0,0,0,True,False,False,missing,0.0,adequate,,,1.0,0,0,1.0,0,1.0,0,,,missing,-0.334357,price_history,,2,1.0275,price_history,,-0.704854,,30.5973,-0.292675,-0.412179,early,small,SEV1,drug_developer,pit_bundle,,,,0,0.5,,,,,0.215564,,244,0.06969944897959185,0.689802,,,,
CABA,"Cabaletta Bio, Inc.",,,D,ineligible,D,ineligible,,0.650142,,,0.753876,1,0.753876,,0,no_upcoming,,tailwind,high_vol|deep_drawdown|deep_drawdown_rel_xbi|overbought_rsi,XS,ineligible,,,v1.3.0,34839213,0,deep_drawdown,early|none|nonpos,0.06969944897959185,,-1.452769,967,1,-0.98006,-0.969627,5,7,selling,0.6823,,2.8896,2.3333,0.09,46,fresh,0,0,0,0,True,False,False,missing,0.0,short,,,1.0,0,0,1.0,0,1.0,0,,,missing,3.520043,price_history,,5,0.3491,price_history,,-0.646966,,76.1379,-0.292675,-0.354291,early,small,SEV2,drug_developer,pit_bundle,,,,0,0.5,,,,,0.209508,,230,0.06969944897959185,0.650142,,,,
EDIT,"Editas Medicine, Inc.",,,D,ineligible,D,ineligible,,0.67847,,,0.75,1,0.75,,0,no_upcoming,,headwind,deep_drawdown|deep_drawdown_rel_xbi,XS,ineligible,,,v1.3.0,34839213,0,deep_drawdown,early|none|nonpos,0.06969944897959185,,-1.45274,905,1,-0.980035,-0.969602,0,3,selling,-1.1683,,1.0267,0.0,0.0,46,fresh,0,0,0,0,True,False,False,missing,0.0,adequate,,,1.0,0,0,1.0,0,1.0,0,,,missing,-0.30729,price_history,,0,1.732,price_history,,-0.667712,,43.3499,-0.292675,-0.375037,early,micro,SEV1,drug_developer,pit_bundle,,,,0,0.5,,,,,0.209515,,240,0.06969944897959185,0.67847,,,,
DRUG,Healthcare,,,D,ineligible,D,ineligible,,0.675637,,,0.672481,1,0.672481,,0,no_upcoming,,headwind,deep_drawdown|deep_drawdown_rel_xbi,XS,ineligible,,,v1.3.0,34839213,0,deep_drawdown,early|none|nonpos,0.06969944897959185,,-1.197983,155,1,-0.75411,-0.743021,,0,neutral,0.0,,0.0,0.0,0.0,,,0,0,0,0,False,False,False,missing,0.0,adequate,,,1.0,0,0,1.0,0,1.0,0,,,missing,-0.42115,price_history,,,0.4831,price_history,,-0.7275,,54.0699,-0.292675,-0.434825,early,small,NONE,drug_developer,pit_bundle,,,sponsor,1,0.5,,,,,0.272034,,239,0.06969944897959185,0.675637,,,,
DNTH,Healthcare,,,D,ineligible,D,ineligible,,0.672805,,,0.839147,1,0.839147,,0,no_upcoming,,headwind,deep_drawdown|deep_drawdown_rel_xbi,XS,ineligible,,,v1.3.0,34839213,0,deep_drawdown,early|none|nonpos,0.06969944897959185,,-1.695257,,1,-1.195104,-1.185296,,0,neutral,0.0,,0.0,0.0,0.0,,,0,0,0,0,False,False,False,missing,0.0,short,,,1.0,0,0,1.0,0,1.0,0,,,missing,-0.367984,price_history,,,0.8964,price_history,,-0.79646,,43.5364,-0.292675,-0.503785,early,mid,SEV2,drug_developer,pit_bundle,,,sponsor,1,0.5,,,,,0.15,,238,0.06969944897959185,0.672805,,,,
CRBU,"Caribou Biosciences, Inc.",,,D,ineligible,D,ineligible,,0.661473,,,0.757752,1,0.757752,,0,no_upcoming,,headwind,deep_drawdown,XS,ineligible,,,v1.3.0,34839213,0,fundamental_red_flag|sev3,early|none|nonpos,0.06969944897959185,,-1.452773,975,1,-0.980064,-0.969631,1,4,selling,-0.7982,,1.4943,0.566,0.37,46,fresh,0,0,0,0,True,False,False,missing,0.0,critical,,,1.0,0,0,1.0,0,1.0,0,,,missing,-0.133842,price_history,,1,1.3772,price_history,,-0.50426,,50.214,-0.292675,-0.211585,early,micro,SEV3,drug_developer,pit_bundle,,,,0,0.5,,,,,0.209507,,234,0.06969944897959185,0.661473,,,,
CLYM,Healthcare,,,D,ineligible,D,ineligible,,0.65864,,,0.835271,1,0.835271,,0,no_upcoming,,headwind,deep_drawdown|deep_drawdown_rel_xbi,XS,ineligible,,,v1.3.0,34839213,0,deep_drawdown,early|none|nonpos,0.06969944897959185,,-1.695257,,1,-1.195104,-1.185296,1,2,neutral,-0.7982,,1.4271,0.9604,1.06,46,fresh,0,0,0,0,True,False,False,missing,0.0,short,,,1.0,0,0,1.0,0,1.0,0,,,missing,-0.178517,price_history,,1,0.0595,price_history,,-0.819591,,39.5396,-0.292675,-0.526916,early,small,SEV2,drug_developer,pit_bundle,,,,0,0.5,,,,,0.15,,233,0.06969944897959185,0.65864,,,,
CDXS,"Codexis, Inc.",,,D,ineligible,D,ineligible,,0.655807,,,0.932171,1,0.932171,,0,no_upcoming,,headwind,deep_drawdown|deep_drawdown_rel_xbi,XS,ineligible,,,v1.3.0,34839213,0,deep_drawdown,early|none|nonpos,0.06969944897959185,,,,,-1.737158,-1.728926,2,4,neutral,-0.428,,3.3911,2.6444,6.07,46,fresh,0,0,0,0,True,False,False,missing,0.0,short,,,1.0,0,0,1.0,0,1.0,0,,,missing,-0.21018,price_history,,2,1.5705,price_history,,-0.840432,,47.7013,-0.292675,-0.547757,early,micro,SEV2,drug_developer,pit_bundle,,,,0,0.5,,,,,0.0,,232,0.06969944897959185,0.655807,,,,
CCCC,"C4 Therapeutics, Inc.",,,D,ineligible,D,ineligible,,0.652975,,,0.707364,1,0.707364,,0,no_upcoming,,headwind,deep_drawdown|deep_drawdown_rel_xbi,XS,ineligible,,,v1.3.0,34839213,0,deep_drawdown,early|none|nonpos,0.06969944897959185,,-1.432794,384,1,-0.962346,-0.951861,3,6,selling,-0.0579,,3.5232,2.3161,1.45,46,fresh,0,0,0,0,True,False,False,missing,0.0,short,,,1.0,0,0,1.0,0,1.0,0,,,missing,-0.169339,price_history,,3,1.4684,price_history,,-0.77358,,46.6353,-0.292675,-0.480905,early,micro,SEV2,drug_developer,pit_bundle,,,,0,0.5,,,,,0.21441,,231,0.06969944897959185,0.652975,,,,
BDTX,"Black Diamond Therapeutics, Inc.",,,D,ineligible,D,ineligible,,0.63881,,,0.761628,1,0.761628,,0,no_upcoming,,headwind,deep_drawdown|deep_drawdown_rel_xbi,XS,ineligible,,,v1.3.0,34839213,0,deep_drawdown,early|none|nonpos,0.06969944897959185,,-1.452793,1069,1,-0.980082,-0.969649,2,4,selling,-0.428,,1.8246,0.9896,0.31,46,fresh,0,0,0,0,True,False,False,missing,0.0,short,,,1.0,0,0,1.0,0,1.0,0,,,missing,-0.288718,price_history,,2,0.853,price_history,,-0.660772,,49.2743,-0.292675,-0.368097,early,micro,SEV2,drug_developer,pit_bundle,,,,0,0.5,,,,,0.209502,,226,0.06969944897959185,0.63881,,,,
AUTL,Autolus Therapeutics plc,,,D,ineligible,D,ineligible,,0.630312,,,0.924419,1,0.924419,,0,no_upcoming,,headwind,deep_drawdown|deep_drawdown_rel_xbi,XS,ineligible,,,v1.3.0,34839213,0,fundamental_red_flag|sev3|deep_drawdown,early|none|nonpos,0.06969944897959185,,,,,-1.737158,-1.728926,1,5,buying,-0.7982,,2.3271,0.4667,0.08,46,fresh,0,0,0,0,True,False,False,missing,0.0,critical,,,1.0,0,0,1.0,0,1.0,0,,,missing,-0.168868,price_history,,1,0.829,price_history,,-0.615721,,56.612,-0.292675,-0.323046,early,small,SEV3,drug_developer,pit_bundle,,,,0,0.5,,,,,0.0,,223,0.06969944897959185,0.630312,,,,
ABOS,Healthcare,,,D,ineligible,D,ineligible,,0.613314,,,0.680233,1,0.680233,,0,no_upcoming,,headwind,high_vol|high_beta|deep_drawdown,XS,ineligible,,,v1.3.0,34839213,0,fundamental_red_flag|sev3,early|none|nonpos,0.06969944897959185,,-1.28759,194,1,-0.833576,-0.822717,4,6,buying,0.3122,,6.625,5.8783,1.71,46,fresh,0,0,0,0,True,False,False,missing,0.0,critical,,,1.0,0,0,1.0,0,1.0,0,,,missing,-0.122504,price_history,,4,2.0233,price_history,,-0.458015,,37.7182,-0.292675,-0.16534,early,micro,SEV3,drug_developer,pit_bundle,,,,0,0.5,,,,,0.250044,,217,0.06969944897959185,0.613314,,,,
ATAI,AtaiBeckley Inc.,,,D,ineligible,D,ineligible,,0.627479,,,0.920543,1,0.920543,,0,no_upcoming,,headwind,deep_drawdown|deep_drawdown_rel_xbi,XS,ineligible,,,v1.3.0,34839213,0,deep_drawdown,early|none|nonpos,0.06969944897959185,,,,,-1.737158,-1.728926,1,4,buying,-0.7982,,1.894,0.7778,0.17,46,fresh,0,0,0,0,True,False,False,missing,0.0,short,,,1.0,0,0,1.0,0,1.0,0,,,missing,-0.190504,price_history,,1,1.034,price_history,,-0.689807,,62.9459,-0.292675,-0.397132,early,small,SEV2,drug_developer,pit_bundle,,,,0,0.5,,,,,0.0,,222,0.06969944897959185,0.627479,,,,
ARTV,Healthcare,,,D,ineligible,D,ineligible,,0.624646,,,0.726744,1,0.726744,,0,no_upcoming,,neutral,drawdown_data_missing,XS,ineligible,,,v1.3.0,34839213,0,fundamental_red_flag|sev3,early|none|nonpos,0.06969944897959185,,-1.451636,640,1,-0.979056,-0.96862,,0,neutral,0.0,,0.0,0.0,0.0,,,0,0,0,0,False,False,False,missing,0.0,critical,,,1.0,0,0,1.0,0,1.0,0,,,missing,,,series_too_short,,,,series_too_short,,series_too_short,,,,early,micro,SEV3,drug_developer,pit_bundle,,,sponsor|drawdown,2,0.5,,,,,0.209786,,221,0.06969944897959185,0.624646,,,,
ARCT,Arcturus Therapeutics Holdings Inc.,,,D,ineligible,D,ineligible,,0.621813,,,0.916667,1,0.916667,,0,no_upcoming,,tailwind,deep_drawdown|deep_drawdown_rel_xbi,XS,ineligible,,,v1.3.0,34839213,0,deep_drawdown,early|none|nonpos,0.06969944897959185,,,,,-1.737158,-1.728926,0,2,buying,-1.1683,,0.9333,0.0,0.0,46,fresh,0,0,0,0,True,False,False,missing,0.0,adequate,,,1.0,0,0,1.0,0,1.0,0,,,missing,0.308668,price_history,,0,1.1567,price_history,,-0.612279,,54.7592,-0.292675,-0.319604,early,micro,NONE,drug_developer,pit_bundle,,,,0,0.5,,,,,0.0,,220,0.06969944897959185,0.621813,,,,
ADPT,Adaptive Biotechnologies Corpor,,,D,ineligible,D,ineligible,,0.616147,,,0.912791,1,0.912791,,0,no_upcoming,,neutral,high_beta|deep_drawdown|deep_drawdown_rel_xbi,XS,ineligible,,,v1.3.0,34839213,0,deep_drawdown,early|none|nonpos,0.06969944897959185,,,,,-1.737158,-1.728926,1,6,selling,-0.7982,,2.875,0.7954,0.73,46,fresh,0,0,0,0,True,False,False,missing,0.0,adequate,,,1.0,0,0,1.0,0,1.0,0,,,missing,-0.005946,price_history,,1,1.915,price_history,,-0.700852,,56.4836,-0.292675,-0.408177,early,mid,SEV1,drug_developer,pit_bundle,,,,0,0.5,,,,,0.0,,218,0.06969944897959185,0.616147,,,,
ZYME,Zymeworks Inc.,,,D,ineligible,D,ineligible,,0.457507,,,0.544574,1,0.544574,,0,no_upcoming,,tailwind,deep_drawdown|deep_drawdown_rel_xbi,XS,ineligible,,,v1.3.0,34839213,0,deep_drawdown,late|none|nonpos,0.1,,-0.503276,464,1,-0.13803,-0.125149,,0,neutral,0.0,,0.0,0.0,0.0,,,0,0,0,0,False,False,False,missing,0.0,adequate,,,1.0,0,0,1.0,0,1.0,0,,,missing,0.621111,price_history,,,0.0263,price_history,,-0.618577,,53.8584,-0.292675,-0.325902,late,small,NONE,drug_developer,pit_bundle,,,sponsor,1,0.5,,,,,0.442519,,162,0.1,0.457507,,,,
VOR,Vor Biopharma Inc.,,,D,ineligible,D,ineligible,,0.443343,,,0.560078,1,0.560078,,0,no_upcoming,,headwind,deep_drawdown|deep_drawdown_rel_xbi,XS,ineligible,,,v1.3.0,34839213,0,deep_drawdown,late|none|nonpos,0.1,,-0.511222,768,1,-0.145077,-0.132216,3,5,buying,-0.0579,,3.3046,2.3775,1.47,46,fresh,0,0,0,0,True,False,False,missing,0.0,adequate,,,1.0,0,0,1.0,0,1.0,0,,,missing,-0.139334,price_history,,3,0.7335,price_history,,-0.670723,,57.1682,-0.292675,-0.378048,late,small,SEV1,drug_developer,pit_bundle,,,,0,0.5,,,,,0.440569,,157,0.1,0.443343,,,,
RNA,"Avidity Biosciences, Inc.",,,D,ineligible,D,ineligible,,0.369688,,,0.536822,1,0.536822,,0,no_upcoming,,headwind,deep_drawdown|deep_drawdown_rel_xbi,XS,ineligible,,,v1.3.0,34839213,0,deep_drawdown,mid|none|nonpos,0.1,,-0.369172,76,1,-0.019104,-0.005877,7,9,selling,1.4226,,8.4778,7.5507,2.21,46,fresh,0,0,0,0,True,False,False,missing,0.0,short,,,1.0,0,0,1.0,0,1.0,0,,,missing,-0.443483,price_history,,7,0.512,price_history,,-0.550232,,32.6126,-0.292675,-0.257557,mid,large,SEV2,drug_developer,pit_bundle,,,,0,0.5,,,,,0.475429,,131,0.1,0.369688,,,,
VERA,"Vera Therapeutics, Inc.",,,D,ineligible,D,ineligible,,0.432011,,,0.567829,1,0.567829,,0,no_upcoming,,headwind,deep_drawdown,XS,ineligible,,,v1.3.0,34839213,0,fundamental_red_flag|sev3,late|none|nonpos,0.1,,-0.511438,897,1,-0.145268,-0.132409,3,4,selling,-0.0579,,3.4121,2.9455,3.61,46,fresh,0,0,0,0,True,False,False,missing,0.0,critical,,,1.0,0,0,1.0,0,1.0,0,,,missing,-0.142401,price_history,,3,0.6465,price_history,,-0.498197,,47.1475,-0.292675,-0.205522,late,mid,SEV3,drug_developer,pit_bundle,,,,0,0.5,,,,,0.440516,,153,0.1,0.432011,,,,
TSHA,"Taysha Gene Therapies, Inc.",,,D,ineligible,D,ineligible,,0.417847,,,0.587209,1,0.587209,,0,no_upcoming,,headwind,high_vol|deep_drawdown|deep_drawdown_rel_xbi,XS,ineligible,,,v1.3.0,34839213,0,deep_drawdown,late|none|nonpos,0.1,,-0.511504,1563,1,-0.145326,-0.132467,0,4,buying,-1.1683,,1.9234,0.0,0.0,46,fresh,0,0,0,0,True,False,False,missing,0.0,adequate,,,1.0,0,0,1.0,0,1.0,0,,,missing,-0.328367,price_history,,0,1.6375,price_history,,-0.852863,,51.8769,-0.292675,-0.560188,late,small,NONE,drug_developer,pit_bundle,,,,0,0.5,,,,,0.4405,,148,0.1,0.417847,,,,
STOK,"Stoke Therapeutics, Inc.",,,D,ineligible,D,ineligible,,0.395184,,,0.622093,1,0.622093,,0,no_upcoming,,headwind,deep_drawdown|deep_drawdown_rel_xbi,XS,ineligible,,,v1.3.0,34839213,0,deep_drawdown,mid|none|nonpos,0.1,,-0.952634,349,1,-0.53653,-0.524808,4,6,selling,0.3122,,5.2326,4.3055,2.11,46,fresh,0,0,0,0,True,False,False,missing,0.0,adequate,,,1.0,0,0,1.0,0,1.0,0,,,missing,-0.507688,price_history,,4,1.1166,price_history,,-0.711111,,31.2073,-0.292675,-0.418436,mid,small,NONE,drug_developer,pit_bundle,,,,0,0.5,,,,,0.332244,,140,0.1,0.395184,,,,
SRRK,Scholar Rock Holding Corporatio,,,D,ineligible,D,ineligible,,0.392351,,,0.556202,1,0.556202,,0,no_upcoming,,headwind,deep_drawdown|deep_drawdown_rel_xbi,XS,ineligible,,,v1.3.0,34839213,0,deep_drawdown,late|none|nonpos,0.1,,-0.511157,749,1,-0.145019,-0.132158,3,7,buying,-0.0579,,6.4444,4.6773,6.73,46,fresh,0,0,0,0,True,False,False,missing,0.0,adequate,,,1.0,0,0,1.0,0,1.0,0,,,missing,-0.136714,price_history,,3,1.174,price_history,,-0.708552,,45.081,-0.292675,-0.415877,late,mid,SEV1,drug_developer,pit_bundle,,,,0,0.5,,,,,0.440585,,139,0.1,0.392351,,,,
PHVS,Pharvaris N.V.,,,D,ineligible,D,ineligible,,0.338527,,,0.633721,1,0.633721,,0,no_upcoming,,headwind,deep_drawdown|deep_drawdown_rel_xbi,XS,ineligible,,,v1.3.0,34839213,0,deep_drawdown,mid|none|nonpos,0.1,,-0.982112,943,1,-0.562672,-0.551025,5,7,buying,0.6823,,11.3371,10.5887,14.48,46,fresh,0,0,0,0,True,False,False,missing,0.0,adequate,,,1.0,0,0,1.0,0,1.0,0,,,missing,-0.774855,price_history,,5,0.1322,price_history,,-0.923273,,23.3948,-0.292675,-0.630598,mid,small,NONE,drug_developer,pit_bundle,,,,0,0.5,,,,,0.32501,,120,0.1,0.338527,,,,
NAUT,Healthcare,,,D,ineligible,D,ineligible,,0.307365,,,0.656977,1,0.656977,,0,no_upcoming,,headwind,deep_drawdown|deep_drawdown_rel_xbi,XS,ineligible,,,v1.3.0,34839213,0,fundamental_red_flag|sev3|deep_drawdown,mid|none|nonpos,0.1,,-0.982153,1371,1,-0.562708,-0.551061,4,6,selling,0.3122,,4.2853,3.5449,2.65,46,fresh,0,0,0,0,True,False,False,missing,0.0,critical,,,1.0,0,0,1.0,0,1.0,0,,,missing,-0.189891,price_history,,4,0.9937,price_history,,-0.700331,,39.9443,-0.292675,-0.407656,mid,micro,SEV3,drug_developer,pit_bundle,,,,0,0.5,,,,,0.325,,109,0.1,0.307365,,,,
OCGN,"Ocugen, Inc.",,,D,ineligible,D,ineligible,,0.318697,,,0.540698,1,0.540698,,0,no_upcoming,,headwind,high_beta|deep_drawdown|deep_drawdown_rel_xbi,XS,ineligible,,,v1.3.0,34839213,0,deep_drawdown,late|none|nonpos,0.1,,-0.444333,275,1,-0.085758,-0.072725,0,3,buying,-1.1683,,1.3938,0.0,0.0,46,fresh,0,0,0,0,True,False,False,missing,0.0,short,,,1.0,0,0,1.0,0,1.0,0,,,missing,-0.34473,price_history,,0,1.8056,price_history,,-0.752773,,45.5767,-0.292675,-0.460098,late,small,SEV2,drug_developer,pit_bundle,,,,0,0.5,,,,,0.456984,,113,0.1,0.318697,,,,
IVVD,"Invivyd, Inc.",,,D,ineligible,D,ineligible,,0.256374,,,0.649225,1,0.649225,,0,no_upcoming,,headwind,deep_drawdown|deep_drawdown_rel_xbi,XS,ineligible,,,v1.3.0,34839213,0,deep_drawdown,mid|none|nonpos,0.1,,-0.982153,,1,-0.562708,-0.551061,3,4,selling,-0.0579,,2.2506,1.784,0.75,46,fresh,0,0,0,0,True,False,False,missing,0.0,adequate,,,1.0,0,0,1.0,0,1.0,0,,,missing,-0.528446,price_history,,3,0.8972,price_history,,-0.951387,,29.4359,-0.292675,-0.658712,mid,small,NONE,drug_developer,pit_bundle,,,,0,0.5,,,,,0.325,,91,0.1,0.256374,,,,
DAWN,"Day One Biopharmaceuticals, Inc.",,,D,ineligible,D,ineligible,,0.160057,,,0.54845,1,0.54845,,0,no_upcoming,,headwind,,XS,ineligible,,,v1.3.0,34839213,0,fundamental_red_flag|sev3,late|none|nonpos,0.1,,-0.509385,586,1,-0.143447,-0.130582,5,9,buying,0.6823,,10.4778,8.804,3.36,46,fresh,0,0,0,0,True,False,False,missing,0.0,critical,,,1.0,0,0,1.0,0,1.0,0,,,missing,-0.126746,price_history,,5,0.9799,price_history,,-0.200979,,53.3792,-0.292675,0.091696,late,small,SEV3,drug_developer,pit_bundle,,,,0,0.5,,,,,0.44102,,57,0.1,0.160057,,,,
FDMT,"4D Molecular Therapeutics, Inc.",,,D,ineligible,D,ineligible,,0.188385,,,0.641473,1,0.641473,,0,no_upcoming,,tailwind,overbought_rsi,XS,ineligible,,,v1.3.0,34839213,0,fundamental_red_flag|sev3,mid|none|nonpos,0.1,,-0.982149,1128,1,-0.562704,-0.551058,3,7,selling,-0.0579,,4.2573,2.5835,1.44,46,fresh,0,0,0,0,True,False,False,missing,0.0,critical,,,1.0,0,0,1.0,0,1.0,0,,,missing,1.886345,price_history,,3,1.0423,price_history,,0.0,,80.3887,-0.292675,0.292675,mid,small,SEV3,drug_developer,pit_bundle,,,,0,0.5,,,,,0.325001,,67,0.1,0.188385,,,,
CNTX,Context Therapeutics Inc.,,,D,ineligible,D,ineligible,,0.137394,,,0.598837,1,0.598837,,0,no_upcoming,,headwind,deep_drawdown|deep_drawdown_rel_xbi,XS,ineligible,,,v1.3.0,34839213,0,deep_drawdown,mid|none|nonpos,0.1,,-0.622552,124,1,-0.243807,-0.231233,,0,neutral,0.0,,0.0,0.0,0.0,,,0,0,0,0,False,False,False,missing,0.0,adequate,,,1.0,0,0,1.0,0,1.0,0,,,missing,-0.285109,price_history,,,0.4076,price_history,,-0.807263,,63.3475,-0.292675,-0.514588,mid,micro,NONE,drug_developer,pit_bundle,,,sponsor,1,0.5,,,,,0.413248,,49,0.1,0.137394,,,,
ARVN,"Arvinas, Inc.",,,D,ineligible,D,ineligible,,0.069405,,,0.602713,1,0.602713,,0,no_upcoming,,headwind,deep_drawdown,XS,ineligible,,,v1.3.0,34839213,0,fundamental_red_flag|sev3,mid|none|nonpos,0.1,,-0.697388,145,1,-0.310172,-0.297792,5,8,selling,0.6823,,9.4967,8.6605,4.54,46,fresh,0,0,0,0,True,False,False,missing,0.0,critical,,,1.0,0,0,1.0,0,1.0,0,,,missing,-0.082942,price_history,,5,1.468,price_history,,-0.500365,,43.7751,-0.292675,-0.20769,mid,small,SEV3,drug_developer,pit_bundle,,,,0,0.5,,,,,0.394883,,25,0.1,0.069405,,,,
ABSI,Absci Corporation,,,D,ineligible,D,ineligible,,0.009915,,,0.575581,1,0.575581,,0,no_upcoming,,headwind,deep_drawdown|deep_drawdown_rel_xbi,XS,ineligible,,,v1.3.0,34839213,0,fundamental_red_flag|sev3|deep_drawdown,late|none|nonpos,0.1,,-0.511504,,1,-0.145326,-0.132467,3,7,buying,-0.0579,,4.6427,2.7823,2.17,46,fresh,0,0,0,0,True,False,False,missing,0.0,critical,,,1.0,0,0,1.0,0,1.0,0,,,missing,-0.334254,price_history,,3,1.3022,price_history,,-0.782419,,44.1157,-0.292675,-0.489744,late,small,SEV3,drug_developer,pit_bundle,,,,0,0.5,,,,,0.4405,,4,0.1,0.009915,,,,
NTRA,"Natera, Inc.",,,D,ineligible,,,D,0.491501,,,,,,1371,1,specific_days,,headwind,deep_drawdown|deep_drawdown_rel_xbi,XS,ineligible,,,v1.3.0,34839213,0,deep_drawdown,late|far_271_540|pos,0.0961064745762712,,0.914706,0,1,1.311117,1.322157,6,9,neutral,1.0524,,9.2867,8.0733,9.16,46,fresh,0,0,0,0,True,False,True,far,0.3,adequate,,,1.0,0,0,1.0,0,1.0,0,1371,,specific_days,-0.172274,price_history,,6,1.1989,price_history,,-0.574283,,54.0305,-0.292675,-0.281608,late,large,NONE,platform_diagnostics,pit_bundle,CTGOV,CLINICAL_CD,,0,0.5,,,,,0.7905,,174,0.0961064745762712,0.491501,,,,
CDNA,"CareDx, Inc.",,,D,ineligible,,,D,0.471671,,,,,,1036,1,specific_days,,headwind,deep_drawdown|deep_drawdown_rel_xbi,XS,ineligible,,,v1.3.0,34839213,0,deep_drawdown,late|far_271_540|pos,0.0961064745762712,,0.914706,0,1,1.311117,1.322157,0,3,selling,-1.1683,,1.0204,0.0,0.0,46,fresh,0,0,0,0,True,False,True,far,0.3,adequate,,,1.0,0,0,1.0,0,1.0,0,1036,,specific_days,-0.283794,price_history,,0,0.9549,price_history,,-0.722103,,40.354,-0.292675,-0.429428,late,small,NONE,platform_diagnostics,pit_bundle,CTGOV,CLINICAL_PCD,,0,0.5,,,,,0.7905,,167,0.0961064745762712,0.471671,,,,
QSI,Quantum-Si Incorporated,,,D,ineligible,,,D,0.355524,,,,,,,0,no_upcoming,,headwind,deep_drawdown|deep_drawdown_rel_xbi,XS,ineligible,,,v1.3.0,34839213,0,fundamental_red_flag|sev3|deep_drawdown,late|none|pos,0.1,,0.914706,0,1,1.311117,1.369672,,0,neutral,0.0,,0.0,0.0,0.0,,,0,0,0,0,False,False,False,missing,0.0,critical,,,1.0,0,0,1.0,0,1.0,0,,,missing,-0.267128,price_history,,,1.693,price_history,,-0.710462,,36.9193,-0.292675,-0.417787,late,micro,SEV3,platform_devices,pit_bundle,,,sponsor,1,0.5,,,,,0.7905,,126,0.1,0.355524,,,,
LAB,Standard BioTools Inc.,,,D,ineligible,,,D,0.276204,,,,,,152,1,specific_days,,neutral,deep_drawdown|deep_drawdown_rel_xbi,XS,ineligible,,,v1.3.0,34839213,0,deep_drawdown,late|near_91_180|pos,0.1,,0.914706,0,1,1.311117,1.369672,,0,neutral,0.0,,0.0,0.0,0.0,,,0,0,0,0,False,False,True,mid,0.7,adequate,,,1.0,0,0,1.0,0,1.0,0,152,,specific_days,-0.048877,price_history,,,0.99,price_history,,-0.689732,,56.6027,-0.292675,-0.397057,late,small,NONE,platform_devices,pit_bundle,CTGOV,CLINICAL_CD,sponsor,1,0.5,,,,,0.7905,,98,0.1,0.276204,,,,
OPK,"Opko Health, Inc.",,,D,ineligible,,,D,0.327195,,,,,,,0,no_upcoming,,headwind,deep_drawdown|deep_drawdown_rel_xbi,XS,ineligible,,,v1.3.0,34839213,0,deep_drawdown,late|none|pos,0.1,,0.914706,0,1,1.311117,1.322157,0,3,buying,-1.1683,,1.2071,0.0,0.0,46,fresh,0,0,0,0,True,False,False,missing,0.0,adequate,,,1.0,0,0,1.0,0,1.0,0,,,missing,-0.317677,price_history,,0,0.8999,price_history,,-0.708738,,39.8475,-0.292675,-0.416063,late,small,NONE,platform_diagnostics,pit_bundle,,,,0,0.5,,,,,0.7905,,116,0.1,0.327195,,,,
CMPS,COMPASS Pathways Plc - American,,,D,ineligible,,,D,0.131728,,,,,,46,1,specific_days,,headwind,deep_drawdown|deep_drawdown_rel_xbi,XS,ineligible,,,v1.3.0,34839213,0,deep_drawdown,late|near_31_90|pos,0.1,,0.914706,0,1,1.311117,1.152944,0,2,selling,-1.1683,,0.5562,0.0,0.0,46,fresh,0,0,0,0,True,False,True,near,1.0,adequate,,,1.0,0,0,1.0,0,1.0,0,46,,specific_days,-0.373095,price_history,,0,1.3265,price_history,,-0.678125,,50.4658,-0.292675,-0.38545,late,small,NONE,platform_services,pit_bundle,CTGOV,CLINICAL_PCD,,0,0.5,,,,,0.7905,,47,0.1,0.131728,,,,
EBS,Emergent BioSolutions Inc.,,,D,ineligible,,,D,0.168555,,,,,,,0,no_upcoming,,headwind,deep_drawdown|deep_drawdown_rel_xbi,XS,ineligible,,,v1.3.0,34839213,0,deep_drawdown,late|none|pos,0.1,,0.914706,0,1,0.635638,0.702254,0,3,selling,-1.1683,,0.8362,0.0,0.0,46,fresh,0,0,0,0,True,False,False,missing,0.0,adequate,,,1.0,0,0,1.0,0,1.0,0,,,missing,-0.492083,price_history,,0,1.5485,price_history,,-0.764458,,34.3868,-0.292675,-0.471783,late,small,NONE,commercial_pharma,pit_bundle,,,,0,0.5,,,,,0.7905,,60,0.1,0.168555,,,,
BCRX,"BioCryst Pharmaceuticals, Inc.",,,D,ineligible,,,D,0.092068,,,,,,,0,no_upcoming,,neutral,,XS,ineligible,,,v1.3.0,34839213,0,fundamental_red_flag|sev3,late|none|pos,0.1,,0.914706,0,1,0.635638,0.702254,4,7,buying,0.3122,,6.4764,5.2668,1.93,46,fresh,0,0,0,0,True,False,False,missing,0.0,critical,,,1.0,0,0,1.0,0,1.0,0,,,missing,-0.042422,price_history,,4,0.8324,price_history,,-0.323887,,55.8719,-0.292675,-0.031212,late,small,SEV3,commercial_pharma,pit_bundle,,,,0,0.5,,,,,0.7905,,33,0.1,0.092068,,,,
AQST,"Aquestive Therapeutics, Inc.",,,D,ineligible,,,D,0.060907,,,,,,,0,no_upcoming,,headwind,deep_drawdown|deep_drawdown_rel_xbi,XS,ineligible,,,v1.3.0,34839213,0,deep_drawdown,late|none|pos,0.1,,0.914706,0,1,0.635638,0.702254,0,3,neutral,-1.1683,,1.1138,0.0,0.0,46,fresh,0,0,0,0,True,False,False,missing,0.0,adequate,,,1.0,0,0,1.0,0,1.0,0,,,missing,-0.282544,price_history,,0,0.8899,price_history,,-0.850804,,47.1239,-0.292675,-0.558129,late,small,NONE,commercial_pharma,pit_bundle,,,,0,0.5,,,,,0.7905,,22,0.1,0.060907,,,,
CATX,"Perspective Therapeutics, Inc.",,,D,ineligible,,,D,0.927762,,,,,,,0,no_upcoming,,tailwind,,XS,ineligible,,,v1.3.0,34839213,0,fundamental_red_flag|sev3,early|none|pos,0.023322922839506172,,-0.026592,0,1,0.663419,0.727498,,0,neutral,0.0,,0.0,0.0,0.0,,,0,0,0,0,False,False,False,missing,0.0,critical,,,1.0,0,0,1.0,0,1.0,0,,,missing,0.164692,price_history,,,0.4202,price_history,,-0.148936,,63.6156,-0.292675,0.143739,early,micro,SEV3,platform_devices,pit_bundle,,,sponsor,1,0.5,,,,,0.5595,,328,0.023322922839506172,0.927762,,,,
TWST,Twist Bioscience Corporation,,,D,ineligible,,,D,0.885269,,,,,,,0,no_upcoming,,headwind,high_beta|deep_drawdown|deep_drawdown_rel_xbi,XS,ineligible,,,v1.3.0,34839213,0,deep_drawdown,early|none|nonpos,0.06969944897959185,,-1.695257,,1,-0.484773,-0.49775,2,5,buying,-0.428,,3.1258,1.9124,1.48,46,fresh,0,0,0,0,True,False,False,missing,0.0,adequate,,,1.0,0,0,1.0,0,1.0,0,,,missing,-0.338474,price_history,,2,2.0026,price_history,,-0.699682,,45.2227,-0.292675,-0.407007,early,mid,NONE,platform_diagnostics,pit_bundle,,,,0,0.5,,,,,0.15,,313,0.06969944897959185,0.885269,,,,
TKNO,"Alpha Teknova, Inc.",,,D,ineligible,,,D,0.876771,,,,,,,0,no_upcoming,,tailwind,deep_drawdown|deep_drawdown_rel_xbi,XS,ineligible,,,v1.3.0,34839213,0,fundamental_red_flag|sev3|deep_drawdown,early|none|nonpos,0.06969944897959185,,,,,-2.0127,-1.860008,,0,neutral,0.0,,0.0,0.0,0.0,,,0,0,0,0,False,False,False,missing,0.0,critical,,,1.0,0,0,1.0,0,1.0,0,,,missing,0.062824,price_history,,,1.4263,price_history,,-0.781885,,52.9847,-0.292675,-0.48921,early,micro,SEV3,commercial_pharma,pit_bundle,,,sponsor,1,0.5,,,,,0.0,,310,0.06969944897959185,0.876771,,,,
STVN,Stevanato Group S.p.A.,,,D,ineligible,,,D,0.859773,,,,,,,0,no_upcoming,,headwind,deep_drawdown,XS,ineligible,,,v1.3.0,34839213,0,fundamental_red_flag|sev3,early|none|nonpos,0.06969944897959185,,,,,-0.905356,-0.827898,1,2,selling,-0.7982,,1.046,0.766,0.67,46,fresh,0,0,0,0,True,False,False,missing,0.0,critical,,,1.0,0,0,1.0,0,1.0,0,,,missing,-0.092348,price_history,,1,0.7216,price_history,,-0.363467,,48.632,-0.292675,-0.070792,early,mid,SEV3,platform_devices,pit_bundle,,,,0,0.5,,,,,0.0,,304,0.06969944897959185,0.859773,,,,
SERA,Healthcare,,,D,ineligible,,,D,0.842776,,,,,,,0,no_upcoming,,headwind,deep_drawdown|deep_drawdown_rel_xbi,XS,ineligible,,,v1.3.0,34839213,0,fundamental_red_flag|sev3|deep_drawdown,early|none|nonpos,0.06969944897959185,,-1.695257,,1,-0.484773,-0.410902,1,3,buying,-0.7982,,1.3938,0.4667,0.0,46,fresh,0,0,0,0,True,False,False,missing,0.0,critical,,,1.0,0,0,1.0,0,1.0,0,,,missing,-0.228048,price_history,,1,0.7473,price_history,,-0.871401,,46.9534,-0.292675,-0.578726,early,micro,SEV3,platform_devices,pit_bundle,,,,0,0.5,,,,,0.15,,298,0.06969944897959185,0.842776,,,,
QTRX,Quanterix Corporation,,,D,ineligible,,,D,0.820113,,,,,,,0,no_upcoming,,tailwind,high_beta|deep_drawdown|deep_drawdown_rel_xbi,XS,ineligible,,,v1.3.0,34839213,0,deep_drawdown,early|none|nonpos,0.06969944897959185,,,,,-0.905356,-0.827898,1,3,selling,-0.7982,,1.3704,0.8142,0.76,46,fresh,0,0,0,0,True,False,False,missing,0.0,short,,,1.0,0,0,1.0,0,1.0,0,,,missing,0.483655,price_history,,1,1.8602,price_history,,-0.69759,,66.4527,-0.292675,-0.404915,early,small,SEV2,platform_devices,pit_bundle,,,,0,0.5,,,,,0.0,,290,0.06969944897959185,0.820113,,,,
PSNL,"Personalis, Inc.",,,D,ineligible,,,D,0.814448,,,,,,,0,no_upcoming,,headwind,deep_drawdown|deep_drawdown_rel_xbi,XS,ineligible,,,v1.3.0,34839213,0,deep_drawdown,early|none|nonpos,0.06969944897959185,,,,,-0.905356,-0.923957,0,3,buying,-1.1683,,1.2071,0.0,0.0,46,fresh,0,0,0,0,True,False,False,missing,0.0,short,,,1.0,0,0,1.0,0,1.0,0,,,missing,-0.210029,price_history,,0,1.6252,price_history,,-0.82861,,49.3545,-0.292675,-0.535935,early,small,SEV2,platform_diagnostics,pit_bundle,,,,0,0.5,,,,,0.0,,288,0.06969944897959185,0.814448,,,,
PRVA,"Privia Health Group, Inc.",,,D,ineligible,,,D,0.811615,,,,,,,0,no_upcoming,,headwind,deep_drawdown,XS,ineligible,,,v1.3.0,34839213,0,fundamental_red_flag|sev3,early|none|nonpos,0.06969944897959185,,,,,-0.905356,-1.076598,3,6,neutral,-0.0579,,3.8084,2.788,1.74,46,fresh,0,0,0,0,True,False,False,missing,0.0,critical,,,1.0,0,0,1.0,0,1.0,0,,,missing,-0.40716,price_history,,3,1.0303,price_history,,-0.4431,,36.3064,-0.292675,-0.150425,early,mid,SEV3,platform_services,pit_bundle,,,,0,0.5,,,,,0.0,,287,0.06969944897959185,0.811615,,,,
FLGT,"Fulgent Genetics, Inc.",,,D,ineligible,,,D,0.692635,,,,,,,0,no_upcoming,,headwind,deep_drawdown|deep_drawdown_rel_xbi,XS,ineligible,,,v1.3.0,34839213,0,deep_drawdown,early|none|nonpos,0.06969944897959185,,,,,-0.905356,-0.923957,1,5,selling,-0.7982,,1.9538,0.4667,0.06,46,fresh,0,0,0,0,True,False,False,missing,0.0,adequate,,,1.0,0,0,1.0,0,1.0,0,,,missing,-0.163594,price_history,,1,0.7001,price_history,,-0.654571,,47.0628,-0.292675,-0.361896,early,small,NONE,platform_diagnostics,pit_bundle,,,,0,0.5,,,,,0.0,,245,0.06969944897959185,0.692635,,,,
TXG,"10x Genomics, Inc.",,,D,ineligible,,,D,0.423513,,,,,,,0,no_upcoming,,tailwind,high_beta|deep_drawdown|deep_drawdown_rel_xbi,XS,ineligible,,,v1.3.0,34839213,0,deep_drawdown,mid|none|nonpos,0.1,,-0.971648,442,1,0.013136,-0.152691,1,3,selling,-0.7982,,1.7352,0.9885,1.12,46,fresh,0,0,0,0,True,False,False,missing,0.0,adequate,,,1.0,0,0,1.0,0,1.0,0,,,missing,0.187248,price_history,,1,1.8641,price_history,,-0.745842,,61.0795,-0.292675,-0.453167,mid,mid,NONE,platform_services,pit_bundle,,,,0,0.5,,,,,0.327578,,150,0.1,0.423513,,,,
TGTX,"TG Therapeutics, Inc.",,,D,ineligible,,,D,0.415014,,,,,,,0,no_upcoming,,tailwind,high_vol|high_beta|deep_drawdown|deep_drawdown_rel_xbi,XS,ineligible,,,v1.3.0,34839213,0,deep_drawdown,late|none|nonpos,0.1,,0.914706,0,1,0.408005,,1,4,buying,-0.7982,,2.0782,0.7778,0.23,46,fresh,0,0,0,0,True,False,False,missing,0.0,adequate,,,1.0,0,0,1.0,0,1.0,0,,,missing,0.431406,price_history,,1,2.9988,price_history,,-0.568704,,64.9739,-0.292675,-0.276029,late,mid,NONE,commercial_biotech,pit_bundle,,,,0,0.5,,,,,0.7905,,147,0.1,0.415014,,,,
SIGA,SIGA Technologies Inc.,,,D,ineligible,,,D,0.378187,,,,,,,0,no_upcoming,,headwind,deep_drawdown|deep_drawdown_rel_xbi,XS,ineligible,,,v1.3.0,34839213,0,deep_drawdown,late|none|nonpos,0.1,,-0.278359,163,1,-0.345252,-0.246755,2,7,buying,-0.428,,4.2399,2.0995,1.34,46,fresh,0,0,0,0,True,False,False,missing,0.0,adequate,,,1.0,0,0,1.0,0,1.0,0,,,missing,-0.335015,price_history,,2,0.6803,price_history,,-0.648948,,47.3405,-0.292675,-0.356273,late,small,NONE,commercial_pharma,pit_bundle,,,,0,0.5,,,,,0.497715,,134,0.1,0.378187,,,,
NVAX,"Novavax, Inc.",,,D,ineligible,,,D,0.313031,,,,,,,0,no_upcoming,,headwind,deep_drawdown|deep_drawdown_rel_xbi,XS,ineligible,,,v1.3.0,34839213,0,deep_drawdown,late|none|nonpos,0.1,,0.914706,0,1,0.408005,,5,7,selling,0.6823,,4.0814,3.4281,0.71,46,fresh,0,0,0,0,True,False,False,missing,0.0,adequate,,,1.0,0,0,1.0,0,1.0,0,,,missing,-0.466816,price_history,,5,1.5984,price_history,,-0.924121,,36.6385,-0.292675,-0.631446,late,small,SEV1,commercial_biotech,pit_bundle,,,,0,0.5,,,,,0.7905,,111,0.1,0.313031,,,,
MRNA,"Moderna, Inc.",,,D,ineligible,,,D,0.296034,,,,,,,0,no_upcoming,,tailwind,deep_drawdown,XS,ineligible,,,v1.3.0,34839213,0,fundamental_red_flag|sev3,late|none|nonpos,0.1,,0.914706,0,1,0.408005,,1,5,selling,-0.7982,,2.1294,0.6736,0.52,46,fresh,0,0,0,0,True,False,False,missing,0.0,critical,,,1.0,0,0,1.0,0,1.0,0,,,missing,0.330909,price_history,,1,0.7639,price_history,,-0.433663,,61.9239,-0.292675,-0.140988,late,large,SEV3,commercial_biotech,pit_bundle,,,,0,0.5,,,,,0.7905,,105,0.1,0.296034,,,,
ARWR,"Arrowhead Pharmaceuticals, Inc.",,,D,ineligible,,,D,0.072238,,,,,,,0,no_upcoming,,headwind,deep_drawdown|deep_drawdown_rel_xbi,XS,ineligible,,,v1.3.0,34839213,0,deep_drawdown,late|none|nonpos,0.1,,0.914706,0,1,0.408005,,3,7,selling,-0.0579,,5.0455,3.5559,1.21,46,fresh,0,0,0,0,True,False,False,missing,0.0,adequate,,,1.0,0,0,1.0,0,1.0,0,,,missing,-0.175874,price_history,,3,1.4627,price_history,,-0.56463,,51.1901,-0.292675,-0.271955,late,mid,NONE,commercial_biotech,pit_bundle,,,,0,0.5,,,,,0.7905,,26,0.1,0.072238,,,,
